label,format,games,username,game_id,color,ply,rtt_ms,applied_bytes,warmup
e2-blocking-50,binary,50,bot_1,3831,w,1,32.1,25,67.1,68,0.9,0
e2-blocking-50,binary,50,bot_1,3831,w,3,17.59,25,58.58,71,12.42,0
e2-blocking-50,binary,50,bot_1,3831,w,5,4.99,25,68.16,71,2.84,0
e2-blocking-50,binary,50,bot_1,3831,w,7,2.04,25,58.88,55,-3.88,0
e2-blocking-50,binary,50,bot_1,3831,w,9,4.31,25,67.07,64,-3.07,0
e2-blocking-50,binary,50,bot_1,3831,w,11,4.86,25,80.72,78,-2.72,0
e2-blocking-50,binary,50,bot_1,3831,w,13,3.99,25,86.31,83,-3.31,0
e2-blocking-50,binary,50,bot_1,3831,w,15,13.21,25,85.17,86,0.83,0
e2-blocking-50,binary,50,bot_1,3831,w,17,8.98,25,76.23,76,-0.23,0
e2-blocking-50,binary,50,bot_1,3831,w,19,25.69,25,104.26,113,8.74,0
e2-blocking-50,binary,50,bot_1,3831,w,21,22.89,25,111.13,113,1.87,0
e2-blocking-50,binary,50,bot_1,3831,w,23,11.07,25,77.83,94,16.17,0
e2-blocking-50,binary,50,bot_1,3831,w,25,15.28,25,94.35,101,6.65,0
e2-blocking-50,binary,50,bot_1,3831,w,27,18.91,25,114.38,127,12.62,0
e2-blocking-50,binary,50,bot_1,3831,w,29,19.77,25,134.9,146,11.1,0
e2-blocking-50,binary,50,bot_1,3831,w,31,11.06,25,126.84,135,8.16,0
e2-blocking-50,binary,50,bot_1,3831,w,33,48.99,25,64.16,153,88.84,0
e2-blocking-50,binary,50,bot_1,3831,w,35,58.45,25,100.84,164,63.16,0
e2-blocking-50,binary,50,bot_1,3831,w,37,55.9,25,112.72,160,47.28,0
e2-blocking-50,binary,50,bot_1,3831,w,39,48.33,25,125.5,167,41.5,0
e2-blocking-50,binary,50,bot_1,3831,w,41,39.82,25,135.78,175,39.22,0
e2-blocking-50,binary,50,bot_1,3831,w,43,36.87,25,138.54,171,32.46,0
e2-blocking-50,binary,50,bot_1,3831,w,45,41.01,25,152.61,182,29.39,0
e2-blocking-50,binary,50,bot_1,3831,w,47,31.6,25,148.29,174,25.71,0
e2-blocking-50,binary,50,bot_1,3831,w,49,30.1,25,155.04,174,18.96,0
e2-blocking-50,binary,50,bot_1,3831,w,51,23.42,25,173.68,185,11.32,0
e2-blocking-50,binary,50,bot_1,3831,w,53,12.97,25,179.77,191,11.23,0
e2-blocking-50,binary,50,bot_1,3831,w,55,80.57,25,109.23,199,89.77,0
e2-blocking-50,binary,50,bot_1,3831,w,57,76.56,25,108.2,176,67.8,0
e2-blocking-50,binary,50,bot_1,3831,w,59,64.79,25,130.87,197,66.13,0
e2-blocking-50,binary,50,bot_2,3827,b,2,10.02,25,70.22,78,7.78,0
e2-blocking-50,binary,50,bot_2,3827,b,4,16.96,25,59.95,66,6.05,0
e2-blocking-50,binary,50,bot_2,3827,b,6,2.47,25,53.04,71,17.96,0
e2-blocking-50,binary,50,bot_2,3827,b,8,9.45,25,60.62,67,6.38,0
e2-blocking-50,binary,50,bot_2,3827,b,10,7.4,25,54.14,51,-3.14,0
e2-blocking-50,binary,50,bot_2,3827,b,12,9.55,25,74.38,77,2.62,0
e2-blocking-50,binary,50,bot_2,3827,b,14,9.16,25,70.2,68,-2.2,0
e2-blocking-50,binary,50,bot_2,3827,b,16,28.08,25,68.07,80,11.93,0
e2-blocking-50,binary,50,bot_2,3827,b,18,43.39,25,64.52,91,26.48,0
e2-blocking-50,binary,50,bot_2,3827,b,20,42.53,25,76.41,89,12.59,0
e2-blocking-50,binary,50,bot_2,3827,b,22,32.69,25,70.59,102,31.41,0
e2-blocking-50,binary,50,bot_2,3827,b,24,8.98,25,72.04,77,4.96,0
e2-blocking-50,binary,50,bot_2,3827,b,26,45.38,25,118.89,121,2.11,0
e2-blocking-50,binary,50,bot_2,3827,b,28,39.26,25,95.59,129,33.41,0
e2-blocking-50,binary,50,bot_2,3827,b,30,39.6,25,93.57,130,36.43,0
e2-blocking-50,binary,50,bot_2,3827,b,32,40.88,25,128.44,154,25.56,0
e2-blocking-50,binary,50,bot_2,3827,b,34,19,25,151.19,163,11.81,0
e2-blocking-50,binary,50,bot_2,3827,b,36,84.53,25,149.26,156,6.74,0
e2-blocking-50,binary,50,bot_2,3827,b,38,69.84,25,94.19,154,59.81,0
e2-blocking-50,binary,50,bot_2,3827,b,40,76.61,25,107.43,159,51.57,0
e2-blocking-50,binary,50,bot_2,3827,b,42,65.16,25,111.77,169,57.23,0
e2-blocking-50,binary,50,bot_2,3827,b,44,56.89,25,126.37,161,34.63,0
e2-blocking-50,binary,50,bot_2,3827,b,46,50.39,25,122.21,166,43.79,0
e2-blocking-50,binary,50,bot_2,3827,b,48,46.78,25,139.6,177,37.4,0
e2-blocking-50,binary,50,bot_2,3827,b,50,39.81,25,144.64,170,25.36,0
e2-blocking-50,binary,50,bot_2,3827,b,52,33.82,25,157.76,176,18.24,0
e2-blocking-50,binary,50,bot_2,3827,b,54,30.6,25,150.48,168,17.52,0
e2-blocking-50,binary,50,bot_2,3827,b,56,22.38,25,168.06,178,9.94,0
e2-blocking-50,binary,50,bot_2,3827,b,58,12.71,25,170.77,175,4.23,0
e2-blocking-50,binary,50,bot_2,3827,b,60,86.57,25,105.96,188,82.04,0
e2-blocking-50,binary,50,bot_3,3822,b,2,21.59,25,58.35,75,16.65,0
e2-blocking-50,binary,50,bot_3,3822,b,4,11.37,25,61.36,73,11.64,0
e2-blocking-50,binary,50,bot_3,3822,b,6,3.45,25,57.2,56,-1.2,0
e2-blocking-50,binary,50,bot_3,3822,b,8,5.48,25,68.45,63,-5.45,0
e2-blocking-50,binary,50,bot_3,3822,b,10,4.95,25,57.88,55,-2.88,0
e2-blocking-50,binary,50,bot_3,3822,b,12,4.6,25,56.62,58,1.38,0
e2-blocking-50,binary,50,bot_3,3822,b,14,7.53,25,74.47,74,-0.47,0
e2-blocking-50,binary,50,bot_3,3822,b,16,8.33,25,53.2,66,12.8,0
e2-blocking-50,binary,50,bot_3,3822,b,18,17.71,25,87.57,92,4.43,0
e2-blocking-50,binary,50,bot_3,3822,b,20,12,25,58.96,82,23.04,0
e2-blocking-50,binary,50,bot_3,3822,b,22,28.87,25,82.02,105,22.98,0
e2-blocking-50,binary,50,bot_3,3822,b,24,16.3,25,69.01,78,8.99,0
e2-blocking-50,binary,50,bot_3,3822,b,26,24.91,25,100.48,115,14.52,0
e2-blocking-50,binary,50,bot_3,3822,b,28,24.33,25,105.36,126,20.64,0
e2-blocking-50,binary,50,bot_3,3822,b,30,21.13,25,113.54,134,20.46,0
e2-blocking-50,binary,50,bot_3,3822,b,32,17.45,25,128.94,141,12.06,0
e2-blocking-50,binary,50,bot_3,3822,b,34,14.28,25,134.95,137,2.05,0
e2-blocking-50,binary,50,bot_3,3822,b,36,62.63,25,98.35,170,71.65,0
e2-blocking-50,binary,50,bot_3,3822,b,38,59.61,25,97.05,157,59.95,0
e2-blocking-50,binary,50,bot_3,3822,b,40,56.41,25,106.14,161,54.86,0
e2-blocking-50,binary,50,bot_3,3822,b,42,51.02,25,121.45,166,44.55,0
e2-blocking-50,binary,50,bot_3,3822,b,44,51.4,25,101.03,145,43.97,0
e2-blocking-50,binary,50,bot_3,3822,b,46,43.96,25,122.74,169,46.26,0
e2-blocking-50,binary,50,bot_3,3822,b,48,40.31,25,135.52,174,38.48,0
e2-blocking-50,binary,50,bot_3,3822,b,50,30.39,25,140.58,172,31.42,0
e2-blocking-50,binary,50,bot_3,3822,b,52,34.53,25,143.6,174,30.4,0
e2-blocking-50,binary,50,bot_3,3822,b,54,18.28,25,144.59,164,19.41,0
e2-blocking-50,binary,50,bot_3,3822,b,56,20.23,25,171.45,185,13.55,0
e2-blocking-50,binary,50,bot_3,3822,b,58,17.45,25,166.91,175,8.09,0
e2-blocking-50,binary,50,bot_3,3822,b,60,80.65,25,104.66,188,83.34,0
e2-blocking-50,binary,50,bot_4,3826,b,2,23.15,25,57.17,74,16.83,0
e2-blocking-50,binary,50,bot_4,3826,b,4,15.37,25,57.77,70,12.23,0
e2-blocking-50,binary,50,bot_4,3826,b,6,8.13,25,52.05,56,3.95,0
e2-blocking-50,binary,50,bot_4,3826,b,8,8.49,25,65.76,65,-0.76,0
e2-blocking-50,binary,50,bot_4,3826,b,10,6.36,25,56.52,57,0.48,0
e2-blocking-50,binary,50,bot_4,3826,b,12,6.69,25,54.44,62,7.56,0
e2-blocking-50,binary,50,bot_4,3826,b,14,7.87,25,74.3,75,0.7,0
e2-blocking-50,binary,50,bot_4,3826,b,16,9.54,25,52.45,73,20.55,0
e2-blocking-50,binary,50,bot_4,3826,b,18,18.91,25,86.28,91,4.72,0
e2-blocking-50,binary,50,bot_4,3826,b,20,12.63,25,58.51,84,25.49,0
e2-blocking-50,binary,50,bot_4,3826,b,22,32.05,25,78.76,109,30.24,0
e2-blocking-50,binary,50,bot_4,3826,b,24,17.93,25,67.28,77,9.72,0
e2-blocking-50,binary,50,bot_4,3826,b,26,28.69,25,96.67,114,17.33,0
e2-blocking-50,binary,50,bot_4,3826,b,28,27.53,25,101.94,124,22.06,0
e2-blocking-50,binary,50,bot_4,3826,b,30,23.03,25,111.64,135,23.36,0
e2-blocking-50,binary,50,bot_4,3826,b,32,20.1,25,126.41,140,13.59,0
e2-blocking-50,binary,50,bot_4,3826,b,34,17.67,25,131.2,135,3.8,0
e2-blocking-50,binary,50,bot_4,3826,b,36,78.6,25,151.06,156,4.94,0
e2-blocking-50,binary,50,bot_4,3826,b,38,61.42,25,95.48,157,61.52,0
e2-blocking-50,binary,50,bot_4,3826,b,40,58.83,25,103.71,161,57.29,0
e2-blocking-50,binary,50,bot_4,3826,b,42,54.63,25,117.85,164,46.15,0
e2-blocking-50,binary,50,bot_4,3826,b,44,56.62,25,95.8,141,45.2,0
e2-blocking-50,binary,50,bot_4,3826,b,46,47.53,25,119.33,169,49.67,0
e2-blocking-50,binary,50,bot_4,3826,b,48,43.2,25,132.45,175,42.55,0
e2-blocking-50,binary,50,bot_4,3826,b,50,33.59,25,137.31,172,34.69,0
e2-blocking-50,binary,50,bot_4,3826,b,52,38.17,25,139.65,174,34.35,0
e2-blocking-50,binary,50,bot_4,3826,b,54,20.98,25,141.8,167,25.2,0
e2-blocking-50,binary,50,bot_4,3826,b,56,23.15,25,168.51,185,16.49,0
e2-blocking-50,binary,50,bot_4,3826,b,58,20.88,25,163.64,174,10.36,0
e2-blocking-50,binary,50,bot_4,3826,b,60,94.79,25,172.77,179,6.23,0
e2-blocking-50,binary,50,bot_5,3822,w,1,39.16,25,59.37,59,-0.37,0
e2-blocking-50,binary,50,bot_5,3822,w,3,19.67,25,55.71,72,16.29,0
e2-blocking-50,binary,50,bot_5,3822,w,5,7.31,25,65.79,72,6.21,0
e2-blocking-50,binary,50,bot_5,3822,w,7,3.19,25,58.62,56,-2.62,0
e2-blocking-50,binary,50,bot_5,3822,w,9,5.35,25,66.39,67,0.61,0
e2-blocking-50,binary,50,bot_5,3822,w,11,9.23,25,76.35,76,-0.35,0
e2-blocking-50,binary,50,bot_5,3822,w,13,7.07,25,83.02,83,-0.02,0
e2-blocking-50,binary,50,bot_5,3822,w,15,21.03,25,80.1,82,1.9,0
e2-blocking-50,binary,50,bot_5,3822,w,17,11.91,25,72.94,76,3.06,0
e2-blocking-50,binary,50,bot_5,3822,w,19,31.54,25,98.39,111,12.61,0
e2-blocking-50,binary,50,bot_5,3822,w,21,32.27,25,101.63,107,5.37,0
e2-blocking-50,binary,50,bot_5,3822,w,23,16.4,25,71.75,95,23.25,0
e2-blocking-50,binary,50,bot_5,3822,w,25,22.94,25,86.67,98,11.33,0
e2-blocking-50,binary,50,bot_5,3822,w,27,27.93,25,104.81,125,20.19,0
e2-blocking-50,binary,50,bot_5,3822,w,29,29.67,25,124.51,144,19.49,0
e2-blocking-50,binary,50,bot_5,3822,w,31,19.25,25,118.68,134,15.32,0
e2-blocking-50,binary,50,bot_5,3822,w,33,10.07,25,135.37,148,12.63,0
e2-blocking-50,binary,50,bot_5,3822,w,35,79.99,25,151.67,161,9.33,0
e2-blocking-50,binary,50,bot_5,3822,w,37,67.69,25,100.9,158,57.1,0
e2-blocking-50,binary,50,bot_5,3822,w,39,62,25,111.37,167,55.63,0
e2-blocking-50,binary,50,bot_5,3822,w,41,52.15,25,123.15,174,50.85,0
e2-blocking-50,binary,50,bot_5,3822,w,43,50.81,25,124.29,171,46.71,0
e2-blocking-50,binary,50,bot_5,3822,w,45,55.93,25,138.41,183,44.59,0
e2-blocking-50,binary,50,bot_5,3822,w,47,48.97,25,131.64,169,37.36,0
e2-blocking-50,binary,50,bot_5,3822,w,49,40.86,25,144.68,178,33.32,0
e2-blocking-50,binary,50,bot_5,3822,w,51,41.09,25,155.54,178,22.46,0
e2-blocking-50,binary,50,bot_5,3822,w,53,29.9,25,164.02,191,26.98,0
e2-blocking-50,binary,50,bot_5,3822,w,55,23.06,25,170,181,11,0
e2-blocking-50,binary,50,bot_5,3822,w,57,17.32,25,166.64,181,14.36,0
e2-blocking-50,binary,50,bot_5,3822,w,59,93.27,25,184.35,194,9.65,0
e2-blocking-50,binary,50,bot_6,3833,w,1,5.3,25,92.58,90,-2.58,0
e2-blocking-50,binary,50,bot_6,3833,w,3,8.87,25,79.12,77,-2.12,0
e2-blocking-50,binary,50,bot_6,3833,w,5,19.3,25,68.7,71,2.3,0
e2-blocking-50,binary,50,bot_6,3833,w,7,21.44,25,60.67,62,1.33,0
e2-blocking-50,binary,50,bot_6,3833,w,9,5.38,25,53.06,51,-2.06,0
e2-blocking-50,binary,50,bot_6,3833,w,11,9.98,25,75.02,73,-2.02,0
e2-blocking-50,binary,50,bot_6,3833,w,13,12.02,25,74.51,78,3.49,0
e2-blocking-50,binary,50,bot_6,3833,w,15,9.67,25,69.66,68,-1.66,0
e2-blocking-50,binary,50,bot_6,3833,w,17,19.46,25,81.33,93,11.67,0
e2-blocking-50,binary,50,bot_6,3833,w,19,6.56,25,71.43,92,20.57,0
e2-blocking-50,binary,50,bot_6,3833,w,21,23.71,25,84.19,105,20.81,0
e2-blocking-50,binary,50,bot_6,3833,w,23,25.78,25,75.09,86,10.91,0
e2-blocking-50,binary,50,bot_6,3833,w,25,29.01,25,89.35,110,20.65,0
e2-blocking-50,binary,50,bot_6,3833,w,27,28.07,25,101.52,124,22.48,0
e2-blocking-50,binary,50,bot_6,3833,w,29,24.4,25,136.09,152,15.91,0
e2-blocking-50,binary,50,bot_6,3833,w,31,17.15,25,118.01,132,13.99,0
e2-blocking-50,binary,50,bot_6,3833,w,33,68.95,25,120.73,130,9.27,0
e2-blocking-50,binary,50,bot_6,3833,w,35,59.28,25,102.92,149,46.08,0
e2-blocking-50,binary,50,bot_6,3833,w,37,50.26,25,113.23,158,44.77,0
e2-blocking-50,binary,50,bot_6,3833,w,39,43.11,25,122.15,164,41.85,0
e2-blocking-50,binary,50,bot_6,3833,w,41,42.08,25,124.51,174,49.49,0
e2-blocking-50,binary,50,bot_6,3833,w,43,28.52,25,121.31,156,34.69,0
e2-blocking-50,binary,50,bot_6,3833,w,45,29.85,25,147.15,174,26.85,0
e2-blocking-50,binary,50,bot_6,3833,w,47,24.1,25,149.81,171,21.19,0
e2-blocking-50,binary,50,bot_6,3833,w,49,16.88,25,154.98,170,15.02,0
e2-blocking-50,binary,50,bot_6,3833,w,51,96.95,25,173.93,181,7.07,0
e2-blocking-50,binary,50,bot_6,3833,w,53,69.16,25,92.04,170,77.96,0
e2-blocking-50,binary,50,bot_6,3833,w,55,76.3,25,115.29,183,67.71,0
e2-blocking-50,binary,50,bot_6,3833,w,57,70.61,25,114.54,175,60.46,0
e2-blocking-50,binary,50,bot_6,3833,w,59,64.06,25,120.38,182,61.63,0
e2-blocking-50,binary,50,bot_7,3831,b,2,19.67,25,60.2,75,14.8,0
e2-blocking-50,binary,50,bot_7,3831,b,4,9.99,25,62.61,72,9.39,0
e2-blocking-50,binary,50,bot_7,3831,b,6,2.97,25,58.62,55,-3.62,0
e2-blocking-50,binary,50,bot_7,3831,b,8,4.36,25,70.1,64,-6.1,0
e2-blocking-50,binary,50,bot_7,3831,b,10,2.95,25,59.88,55,-4.88,0
e2-blocking-50,binary,50,bot_7,3831,b,12,2.49,25,58.86,56,-2.86,0
e2-blocking-50,binary,50,bot_7,3831,b,14,7.92,25,77.22,73,-4.22,0
e2-blocking-50,binary,50,bot_7,3831,b,16,6.54,25,55.02,60,4.98,0
e2-blocking-50,binary,50,bot_7,3831,b,18,14.13,25,90.64,92,1.36,0
e2-blocking-50,binary,50,bot_7,3831,b,20,8.39,25,62.31,80,17.69,0
e2-blocking-50,binary,50,bot_7,3831,b,22,22.52,25,87.73,102,14.27,0
e2-blocking-50,binary,50,bot_7,3831,b,24,12.95,25,72.1,75,2.9,0
e2-blocking-50,binary,50,bot_7,3831,b,26,18.92,25,106.53,114,7.47,0
e2-blocking-50,binary,50,bot_7,3831,b,28,17.95,25,112.66,124,11.34,0
e2-blocking-50,binary,50,bot_7,3831,b,30,13.64,25,120.77,132,11.23,0
e2-blocking-50,binary,50,bot_7,3831,b,32,95.25,25,136.8,140,3.2,0
e2-blocking-50,binary,50,bot_7,3831,b,34,68.85,25,101.64,143,41.36,0
e2-blocking-50,binary,50,bot_7,3831,b,36,52.53,25,107.56,157,49.44,0
e2-blocking-50,binary,50,bot_7,3831,b,38,48.41,25,107.81,156,48.19,0
e2-blocking-50,binary,50,bot_7,3831,b,40,45,25,117.29,157,39.71,0
e2-blocking-50,binary,50,bot_7,3831,b,42,38.46,25,133.31,164,30.69,0
e2-blocking-50,binary,50,bot_7,3831,b,44,37.13,25,116.54,146,29.46,0
e2-blocking-50,binary,50,bot_7,3831,b,46,32.16,25,134.78,166,31.22,0
e2-blocking-50,binary,50,bot_7,3831,b,48,26.23,25,150.29,172,21.71,0
e2-blocking-50,binary,50,bot_7,3831,b,50,19.84,25,151.02,172,20.98,0
e2-blocking-50,binary,50,bot_7,3831,b,52,19.45,25,158,172,14,0
e2-blocking-50,binary,50,bot_7,3831,b,54,97.97,25,153.18,156,2.82,0
e2-blocking-50,binary,50,bot_7,3831,b,56,76.75,25,114.01,185,70.99,0
e2-blocking-50,binary,50,bot_7,3831,b,58,73.24,25,109.7,176,66.3,0
e2-blocking-50,binary,50,bot_7,3831,b,60,62.85,25,122.41,178,55.59,0
e2-blocking-50,binary,50,bot_8,3824,w,1,18.51,25,80.56,83,2.44,0
e2-blocking-50,binary,50,bot_8,3824,w,3,21.81,25,72.46,79,6.54,0
e2-blocking-50,binary,50,bot_8,3824,w,5,6.27,25,58.78,73,14.22,0
e2-blocking-50,binary,50,bot_8,3824,w,7,4.87,25,67.13,65,-2.13,0
e2-blocking-50,binary,50,bot_8,3824,w,9,2.96,25,58.11,57,-1.11,0
e2-blocking-50,binary,50,bot_8,3824,w,11,14.13,25,64.1,71,6.9,0
e2-blocking-50,binary,50,bot_8,3824,w,13,8.64,25,70.52,81,10.48,0
e2-blocking-50,binary,50,bot_8,3824,w,15,20.59,25,78.82,83,4.18,0
e2-blocking-50,binary,50,bot_8,3824,w,17,5.23,25,57.32,60,2.68,0
e2-blocking-50,binary,50,bot_8,3824,w,19,13.23,25,117.11,119,1.89,0
e2-blocking-50,binary,50,bot_8,3824,w,21,10.12,25,103.44,110,6.56,0
e2-blocking-50,binary,50,bot_8,3824,w,23,21.82,25,52.88,93,40.12,0
e2-blocking-50,binary,50,bot_8,3824,w,25,17.51,25,96.35,108,11.65,0
e2-blocking-50,binary,50,bot_8,3824,w,27,49.49,25,80.4,133,52.6,0
e2-blocking-50,binary,50,bot_8,3824,w,29,53.7,25,106.69,152,45.31,0
e2-blocking-50,binary,50,bot_8,3824,w,31,38.39,25,97.3,141,43.7,0
e2-blocking-50,binary,50,bot_8,3824,w,33,25.38,25,88.02,135,46.98,0
e2-blocking-50,binary,50,bot_8,3824,w,35,25.11,25,133.7,160,26.3,0
e2-blocking-50,binary,50,bot_8,3824,w,37,20.98,25,148.42,165,16.58,0
e2-blocking-50,binary,50,bot_8,3824,w,39,13.28,25,161,170,9,0
e2-blocking-50,binary,50,bot_8,3824,w,41,78.1,25,88.59,183,94.41,0
e2-blocking-50,binary,50,bot_8,3824,w,43,60.08,25,92.34,166,73.66,0
e2-blocking-50,binary,50,bot_8,3824,w,45,69.01,25,108,177,69,0
e2-blocking-50,binary,50,bot_8,3824,w,47,64.57,25,108.64,170,61.36,0
e2-blocking-50,binary,50,bot_8,3824,w,49,55.18,25,116.84,175,58.16,0
e2-blocking-50,binary,50,bot_8,3824,w,51,47.25,25,136.99,190,53.01,0
e2-blocking-50,binary,50,bot_8,3824,w,53,44.92,25,133.22,181,47.78,0
e2-blocking-50,binary,50,bot_8,3824,w,55,38.76,25,151.62,194,42.38,0
e2-blocking-50,binary,50,bot_8,3824,w,57,33.56,25,150.88,186,35.13,0
e2-blocking-50,binary,50,bot_8,3824,w,59,29.14,25,167.1,194,26.9,0
e2-blocking-50,binary,50,bot_9,3824,b,2,11.53,25,68.19,78,9.81,0
e2-blocking-50,binary,50,bot_9,3824,b,4,19.5,25,58.06,70,11.94,0
e2-blocking-50,binary,50,bot_9,3824,b,6,2.51,25,67.68,64,-3.68,0
e2-blocking-50,binary,50,bot_9,3824,b,8,4.49,25,68.06,65,-3.06,0
e2-blocking-50,binary,50,bot_9,3824,b,10,2.8,25,59.16,54,-5.16,0
e2-blocking-50,binary,50,bot_9,3824,b,12,15.41,25,68.55,75,6.45,0
e2-blocking-50,binary,50,bot_9,3824,b,14,10.61,25,62.98,64,1.02,0
e2-blocking-50,binary,50,bot_9,3824,b,16,8.42,25,61.29,73,11.71,0
e2-blocking-50,binary,50,bot_9,3824,b,18,6.98,25,90.01,86,-4.01,0
e2-blocking-50,binary,50,bot_9,3824,b,20,14.35,25,79.29,83,3.71,0
e2-blocking-50,binary,50,bot_9,3824,b,22,45.29,25,103.34,104,0.66,0
e2-blocking-50,binary,50,bot_9,3824,b,24,16.78,25,64.6,78,13.4,0
e2-blocking-50,binary,50,bot_9,3824,b,26,57.29,25,106.8,116,9.2,0
e2-blocking-50,binary,50,bot_9,3824,b,28,51.31,25,83.5,125,41.5,0
e2-blocking-50,binary,50,bot_9,3824,b,30,48.75,25,83.88,130,46.12,0
e2-blocking-50,binary,50,bot_9,3824,b,32,52.48,25,116.85,147,30.15,0
e2-blocking-50,binary,50,bot_9,3824,b,34,30.47,25,139.35,157,17.65,0
e2-blocking-50,binary,50,bot_9,3824,b,36,21.69,25,138.28,156,17.72,0
e2-blocking-50,binary,50,bot_9,3824,b,38,13.66,25,141.95,155,13.05,0
e2-blocking-50,binary,50,bot_9,3824,b,40,99.51,25,151.65,158,6.35,0
e2-blocking-50,binary,50,bot_9,3824,b,42,79.58,25,97.32,168,70.68,0
e2-blocking-50,binary,50,bot_9,3824,b,44,77.34,25,104.63,156,51.37,0
e2-blocking-50,binary,50,bot_9,3824,b,46,69.7,25,102.6,161,58.4,0
e2-blocking-50,binary,50,bot_9,3824,b,48,65.54,25,120.26,175,54.74,0
e2-blocking-50,binary,50,bot_9,3824,b,50,60.22,25,124.4,169,44.6,0
e2-blocking-50,binary,50,bot_9,3824,b,52,55.03,25,136.45,173,36.55,0
e2-blocking-50,binary,50,bot_9,3824,b,54,51.44,25,129.21,164,34.79,0
e2-blocking-50,binary,50,bot_9,3824,b,56,43.63,25,146.84,176,29.16,0
e2-blocking-50,binary,50,bot_9,3824,b,58,34.67,25,148.95,172,23.05,0
e2-blocking-50,binary,50,bot_9,3824,b,60,28.89,25,156.13,174,17.87,0
e2-blocking-50,binary,50,bot_10,3830,b,2,8.02,25,71.84,73,1.16,0
e2-blocking-50,binary,50,bot_10,3830,b,4,15.26,25,61.42,66,4.58,0
e2-blocking-50,binary,50,bot_10,3830,b,6,13.5,25,56.82,71,14.18,0
e2-blocking-50,binary,50,bot_10,3830,b,8,5.28,25,64.75,67,2.25,0
e2-blocking-50,binary,50,bot_10,3830,b,10,3.21,25,58.49,53,-5.49,0
e2-blocking-50,binary,50,bot_10,3830,b,12,14.27,25,67.08,82,14.92,0
e2-blocking-50,binary,50,bot_10,3830,b,14,12.43,25,56.73,69,12.27,0
e2-blocking-50,binary,50,bot_10,3830,b,16,22.05,25,74.62,83,8.38,0
e2-blocking-50,binary,50,bot_10,3830,b,18,34.45,25,74.46,95,20.54,0
e2-blocking-50,binary,50,bot_10,3830,b,20,33.46,25,86.16,94,7.84,0
e2-blocking-50,binary,50,bot_10,3830,b,22,24.78,25,78.22,104,25.78,0
e2-blocking-50,binary,50,bot_10,3830,b,24,41.09,25,77.25,75,-2.25,0
e2-blocking-50,binary,50,bot_10,3830,b,26,37.59,25,85.91,115,29.09,0
e2-blocking-50,binary,50,bot_10,3830,b,28,31.57,25,103.34,128,24.66,0
e2-blocking-50,binary,50,bot_10,3830,b,30,31.66,25,101.27,129,27.73,0
e2-blocking-50,binary,50,bot_10,3830,b,32,27.96,25,141.38,157,15.62,0
e2-blocking-50,binary,50,bot_10,3830,b,34,64.7,25,97.93,176,78.07,0
e2-blocking-50,binary,50,bot_10,3830,b,36,64.56,25,97.78,155,57.22,0
e2-blocking-50,binary,50,bot_10,3830,b,38,56.76,25,107.55,156,48.45,0
e2-blocking-50,binary,50,bot_10,3830,b,40,64.95,25,119.38,161,41.62,0
e2-blocking-50,binary,50,bot_10,3830,b,42,50.02,25,126.82,168,41.18,0
e2-blocking-50,binary,50,bot_10,3830,b,44,41.04,25,143.32,169,25.68,0
e2-blocking-50,binary,50,bot_10,3830,b,46,38.14,25,134.29,163,28.71,0
e2-blocking-50,binary,50,bot_10,3830,b,48,32.09,25,154.18,177,22.82,0
e2-blocking-50,binary,50,bot_10,3830,b,50,24.63,25,160.11,175,14.89,0
e2-blocking-50,binary,50,bot_10,3830,b,52,15.76,25,175.89,185,9.11,0
e2-blocking-50,binary,50,bot_10,3830,b,54,96.47,25,170.5,175,4.5,0
e2-blocking-50,binary,50,bot_10,3830,b,56,75.19,25,108.81,183,74.19,0
e2-blocking-50,binary,50,bot_10,3830,b,58,77.67,25,117.25,185,67.75,0
e2-blocking-50,binary,50,bot_10,3830,b,60,69.33,25,122.32,183,60.68,0
e2-blocking-50,binary,50,bot_11,3825,w,1,35.77,25,63.06,64,0.94,0
e2-blocking-50,binary,50,bot_11,3825,w,3,12.81,25,63.64,75,11.36,0
e2-blocking-50,binary,50,bot_11,3825,w,5,15.72,25,69.53,71,1.47,0
e2-blocking-50,binary,50,bot_11,3825,w,7,10.06,25,60.95,61,0.05,0
e2-blocking-50,binary,50,bot_11,3825,w,9,7.8,25,53.83,56,2.17,0
e2-blocking-50,binary,50,bot_11,3825,w,11,19.42,25,67.19,70,2.81,0
e2-blocking-50,binary,50,bot_11,3825,w,13,18.6,25,60.29,73,12.71,0
e2-blocking-50,binary,50,bot_11,3825,w,15,6.81,25,70.56,84,13.44,0
e2-blocking-50,binary,50,bot_11,3825,w,17,10.76,25,81.4,80,-1.4,0
e2-blocking-50,binary,50,bot_11,3825,w,19,21.51,25,108.73,116,7.27,0
e2-blocking-50,binary,50,bot_11,3825,w,21,16.07,25,118.41,120,1.59,0
e2-blocking-50,binary,50,bot_11,3825,w,23,7.65,25,80.88,92,11.12,0
e2-blocking-50,binary,50,bot_11,3825,w,25,10.88,25,98.71,104,5.29,0
e2-blocking-50,binary,50,bot_11,3825,w,27,12.78,25,120.33,128,7.67,0
e2-blocking-50,binary,50,bot_11,3825,w,29,12.69,25,141.83,149,7.17,0
e2-blocking-50,binary,50,bot_11,3825,w,31,60.37,25,75.77,146,70.23,0
e2-blocking-50,binary,50,bot_11,3825,w,33,41.85,25,70.95,144,73.05,0
e2-blocking-50,binary,50,bot_11,3825,w,35,48.26,25,111,166,55,0
e2-blocking-50,binary,50,bot_11,3825,w,37,49.72,25,119.08,159,39.92,0
e2-blocking-50,binary,50,bot_11,3825,w,39,39.49,25,134.86,168,33.14,0
e2-blocking-50,binary,50,bot_11,3825,w,41,32.03,25,143.54,174,30.46,0
e2-blocking-50,binary,50,bot_11,3825,w,43,25.94,25,149.45,172,22.55,0
e2-blocking-50,binary,50,bot_11,3825,w,45,31.83,25,161.29,183,21.71,0
e2-blocking-50,binary,50,bot_11,3825,w,47,23.19,25,156.64,176,19.36,0
e2-blocking-50,binary,50,bot_11,3825,w,49,23.25,25,161.94,175,13.06,0
e2-blocking-50,binary,50,bot_11,3825,w,51,14.92,25,182.07,190,7.93,0
e2-blocking-50,binary,50,bot_11,3825,w,53,69.1,25,108.64,198,89.36,0
e2-blocking-50,binary,50,bot_11,3825,w,55,69.54,25,120.47,196,75.53,0
e2-blocking-50,binary,50,bot_11,3825,w,57,65.53,25,119.1,183,63.9,0
e2-blocking-50,binary,50,bot_11,3825,w,59,54.52,25,141.49,201,59.51,0
e2-blocking-50,binary,50,bot_12,3823,w,1,12.96,25,86.8,86,-0.8,0
e2-blocking-50,binary,50,bot_12,3823,w,3,11.7,25,76.17,83,6.83,0
e2-blocking-50,binary,50,bot_12,3823,w,5,20.74,25,67.03,76,8.97,0
e2-blocking-50,binary,50,bot_12,3823,w,7,8.97,25,55.02,62,6.98,0
e2-blocking-50,binary,50,bot_12,3823,w,9,5.21,25,56.27,55,-1.27,0
e2-blocking-50,binary,50,bot_12,3823,w,11,13.91,25,71.35,76,4.65,0
e2-blocking-50,binary,50,bot_12,3823,w,13,15.48,25,71.24,79,7.76,0
e2-blocking-50,binary,50,bot_12,3823,w,15,12.75,25,67.06,72,4.94,0
e2-blocking-50,binary,50,bot_12,3823,w,17,23.07,25,77.98,94,16.02,0
e2-blocking-50,binary,50,bot_12,3823,w,19,11.91,25,66.64,95,28.36,0
e2-blocking-50,binary,50,bot_12,3823,w,21,29.15,25,78.87,105,26.13,0
e2-blocking-50,binary,50,bot_12,3823,w,23,30.88,25,69.93,88,18.07,0
e2-blocking-50,binary,50,bot_12,3823,w,25,32.34,25,85.79,114,28.21,0
e2-blocking-50,binary,50,bot_12,3823,w,27,32.5,25,97.1,127,29.9,0
e2-blocking-50,binary,50,bot_12,3823,w,29,30.92,25,129.7,150,20.3,0
e2-blocking-50,binary,50,bot_12,3823,w,31,19.71,25,115.39,136,20.61,0
e2-blocking-50,binary,50,bot_12,3823,w,33,71.81,25,117.68,136,18.32,0
e2-blocking-50,binary,50,bot_12,3823,w,35,62.28,25,100.19,156,55.81,0
e2-blocking-50,binary,50,bot_12,3823,w,37,53.45,25,110.49,167,56.51,0
e2-blocking-50,binary,50,bot_12,3823,w,39,46.28,25,119.23,171,51.77,0
e2-blocking-50,binary,50,bot_12,3823,w,41,45.64,25,120.99,179,58.01,0
e2-blocking-50,binary,50,bot_12,3823,w,43,31.5,25,118.67,163,44.33,0
e2-blocking-50,binary,50,bot_12,3823,w,45,34.43,25,142.87,176,33.13,0
e2-blocking-50,binary,50,bot_12,3823,w,47,28.68,25,145.17,173,27.83,0
e2-blocking-50,binary,50,bot_12,3823,w,49,21.69,25,150.26,172,21.74,0
e2-blocking-50,binary,50,bot_12,3823,w,51,14.87,25,169.39,183,13.61,0
e2-blocking-50,binary,50,bot_12,3823,w,53,84.39,25,166.73,170,3.27,0
e2-blocking-50,binary,50,bot_12,3823,w,55,80.19,25,111.09,186,74.91,0
e2-blocking-50,binary,50,bot_12,3823,w,57,73.47,25,111.61,176,64.39,0
e2-blocking-50,binary,50,bot_12,3823,w,59,68.08,25,116.39,184,67.61,0
e2-blocking-50,binary,50,bot_13,3829,b,2,10.75,25,75.11,75,-0.11,0
e2-blocking-50,binary,50,bot_13,3829,b,4,11.01,25,66.23,68,1.77,0
e2-blocking-50,binary,50,bot_13,3829,b,6,9.76,25,60.16,71,10.84,0
e2-blocking-50,binary,50,bot_13,3829,b,8,9.64,25,67.17,66,-1.17,0
e2-blocking-50,binary,50,bot_13,3829,b,10,6.67,25,62.55,58,-4.55,0
e2-blocking-50,binary,50,bot_13,3829,b,12,10.6,25,70.91,75,4.09,0
e2-blocking-50,binary,50,bot_13,3829,b,14,8.31,25,60.79,66,5.21,0
e2-blocking-50,binary,50,bot_13,3829,b,16,19.82,25,77.46,80,2.54,0
e2-blocking-50,binary,50,bot_13,3829,b,18,29.35,25,79.36,92,12.64,0
e2-blocking-50,binary,50,bot_13,3829,b,20,29.23,25,90.36,92,1.64,0
e2-blocking-50,binary,50,bot_13,3829,b,22,18.96,25,83.92,102,18.08,0
e2-blocking-50,binary,50,bot_13,3829,b,24,30.89,25,60.28,79,18.72,0
e2-blocking-50,binary,50,bot_13,3829,b,26,31.43,25,91.83,114,22.17,0
e2-blocking-50,binary,50,bot_13,3829,b,28,25.61,25,109.25,131,21.75,0
e2-blocking-50,binary,50,bot_13,3829,b,30,23.06,25,109.96,130,20.04,0
e2-blocking-50,binary,50,bot_13,3829,b,32,18.33,25,150.81,162,11.19,0
e2-blocking-50,binary,50,bot_13,3829,b,34,55.8,25,106.71,170,63.29,0
e2-blocking-50,binary,50,bot_13,3829,b,36,55.45,25,106.85,160,53.15,0
e2-blocking-50,binary,50,bot_13,3829,b,38,53.21,25,110.78,155,44.22,0
e2-blocking-50,binary,50,bot_13,3829,b,40,59.41,25,124.74,161,36.26,0
e2-blocking-50,binary,50,bot_13,3829,b,42,46.39,25,130.34,166,35.66,0
e2-blocking-50,binary,50,bot_13,3829,b,44,38.95,25,145.34,166,20.66,0
e2-blocking-50,binary,50,bot_13,3829,b,46,33.19,25,139.29,160,20.71,0
e2-blocking-50,binary,50,bot_13,3829,b,48,27.43,25,158.39,174,15.61,0
e2-blocking-50,binary,50,bot_13,3829,b,50,20.16,25,164.65,173,8.35,0
e2-blocking-50,binary,50,bot_13,3829,b,52,99.32,25,181.41,183,1.59,0
e2-blocking-50,binary,50,bot_13,3829,b,54,79.79,25,114.05,174,59.95,0
e2-blocking-50,binary,50,bot_13,3829,b,56,71.79,25,112.01,179,66.99,0
e2-blocking-50,binary,50,bot_13,3829,b,58,73.98,25,120.9,182,61.1,0
e2-blocking-50,binary,50,bot_13,3829,b,60,66.83,25,124.73,179,54.27,0
e2-blocking-50,binary,50,bot_14,3828,w,1,29.71,25,69.82,70,0.18,0
e2-blocking-50,binary,50,bot_14,3828,w,3,7.46,25,69.57,77,7.43,0
e2-blocking-50,binary,50,bot_14,3828,w,5,7.54,25,56.93,75,18.07,0
e2-blocking-50,binary,50,bot_14,3828,w,7,8.33,25,63.28,61,-2.28,0
e2-blocking-50,binary,50,bot_14,3828,w,9,6.38,25,54.65,56,1.35,0
e2-blocking-50,binary,50,bot_14,3828,w,11,18.25,25,68.59,70,1.41,0
e2-blocking-50,binary,50,bot_14,3828,w,13,15.88,25,63.54,76,12.46,0
e2-blocking-50,binary,50,bot_14,3828,w,15,4.98,25,72.24,85,12.76,0
e2-blocking-50,binary,50,bot_14,3828,w,17,11.22,25,81.46,78,-3.46,0
e2-blocking-50,binary,50,bot_14,3828,w,19,19.27,25,111.02,119,7.98,0
e2-blocking-50,binary,50,bot_14,3828,w,21,12.83,25,101.62,121,19.38,0
e2-blocking-50,binary,50,bot_14,3828,w,23,5.8,25,82.59,91,8.41,0
e2-blocking-50,binary,50,bot_14,3828,w,25,31.16,25,101.77,105,3.23,0
e2-blocking-50,binary,50,bot_14,3828,w,27,10.34,25,122.79,128,5.21,0
e2-blocking-50,binary,50,bot_14,3828,w,29,77.88,25,144.86,151,6.14,0
e2-blocking-50,binary,50,bot_14,3828,w,31,55.55,25,80.22,141,60.78,0
e2-blocking-50,binary,50,bot_14,3828,w,33,36.77,25,76.05,146,69.95,0
e2-blocking-50,binary,50,bot_14,3828,w,35,41.77,25,117.31,168,50.69,0
e2-blocking-50,binary,50,bot_14,3828,w,37,42.11,25,127.44,163,35.56,0
e2-blocking-50,binary,50,bot_14,3828,w,39,32.33,25,141.64,171,29.36,0
e2-blocking-50,binary,50,bot_14,3828,w,41,26.99,25,149.05,174,24.95,0
e2-blocking-50,binary,50,bot_14,3828,w,43,20.1,25,154.94,173,18.06,0
e2-blocking-50,binary,50,bot_14,3828,w,45,28.03,25,164.98,178,13.02,0
e2-blocking-50,binary,50,bot_14,3828,w,47,19.2,25,160.34,176,15.66,0
e2-blocking-50,binary,50,bot_14,3828,w,49,20.06,25,165.22,176,10.78,0
e2-blocking-50,binary,50,bot_14,3828,w,51,81.99,25,185.8,193,7.2,0
e2-blocking-50,binary,50,bot_14,3828,w,53,66.77,25,110.87,187,76.13,0
e2-blocking-50,binary,50,bot_14,3828,w,55,66.79,25,123.5,197,73.5,0
e2-blocking-50,binary,50,bot_14,3828,w,57,61.97,25,122.63,184,61.38,0
e2-blocking-50,binary,50,bot_14,3828,w,59,51.64,25,144.52,202,57.48,0
e2-blocking-50,binary,50,bot_15,3826,w,1,40.98,25,57.16,59,1.84,0
e2-blocking-50,binary,50,bot_15,3826,w,3,21.78,25,53.82,72,18.18,0
e2-blocking-50,binary,50,bot_15,3826,w,5,11.51,25,61.81,72,10.19,0
e2-blocking-50,binary,50,bot_15,3826,w,7,7,25,54.92,59,4.08,0
e2-blocking-50,binary,50,bot_15,3826,w,9,8.55,25,63.21,67,3.79,0
e2-blocking-50,binary,50,bot_15,3826,w,11,15.28,25,70.27,73,2.73,0
e2-blocking-50,binary,50,bot_15,3826,w,13,9.64,25,80.57,84,3.43,0
e2-blocking-50,binary,50,bot_15,3826,w,15,30.98,25,69.97,73,3.03,0
e2-blocking-50,binary,50,bot_15,3826,w,17,12.96,25,72.13,77,4.87,0
e2-blocking-50,binary,50,bot_15,3826,w,19,33.94,25,95.7,110,14.3,0
e2-blocking-50,binary,50,bot_15,3826,w,21,38.44,25,95.02,102,6.98,0
e2-blocking-50,binary,50,bot_15,3826,w,23,17.73,25,70.25,98,27.75,0
e2-blocking-50,binary,50,bot_15,3826,w,25,25.64,25,83.79,97,13.21,0
e2-blocking-50,binary,50,bot_15,3826,w,27,30.11,25,103.16,127,23.84,0
e2-blocking-50,binary,50,bot_15,3826,w,29,32.11,25,122.22,147,24.78,0
e2-blocking-50,binary,50,bot_15,3826,w,31,21.23,25,116.88,136,19.12,0
e2-blocking-50,binary,50,bot_15,3826,w,33,12.45,25,133.17,149,15.83,0
e2-blocking-50,binary,50,bot_15,3826,w,35,12.86,25,149.81,164,14.19,0
e2-blocking-50,binary,50,bot_15,3826,w,37,70.38,25,99.2,173,73.8,0
e2-blocking-50,binary,50,bot_15,3826,w,39,65.05,25,108.28,165,56.72,0
e2-blocking-50,binary,50,bot_15,3826,w,41,54.16,25,121.26,175,53.74,0
e2-blocking-50,binary,50,bot_15,3826,w,43,52.67,25,122.55,173,50.45,0
e2-blocking-50,binary,50,bot_15,3826,w,45,58.46,25,136.61,186,49.39,0
e2-blocking-50,binary,50,bot_15,3826,w,47,51.66,25,129.12,170,40.88,0
e2-blocking-50,binary,50,bot_15,3826,w,49,44.21,25,141.34,177,35.66,0
e2-blocking-50,binary,50,bot_15,3826,w,51,43.6,25,153.09,180,26.91,0
e2-blocking-50,binary,50,bot_15,3826,w,53,33.41,25,160.38,191,30.62,0
e2-blocking-50,binary,50,bot_15,3826,w,55,25.77,25,167.5,182,14.5,0
e2-blocking-50,binary,50,bot_15,3826,w,57,19.72,25,164.2,181,16.8,0
e2-blocking-50,binary,50,bot_15,3826,w,59,13.93,25,181.8,196,14.2,0
e2-blocking-50,binary,50,bot_16,3828,b,2,13.69,25,66.22,79,12.78,0
e2-blocking-50,binary,50,bot_16,3828,b,4,25.13,25,68.44,68,-0.44,0
e2-blocking-50,binary,50,bot_16,3828,b,6,3.13,25,66.71,65,-1.71,0
e2-blocking-50,binary,50,bot_16,3828,b,8,6.13,25,66.33,66,-0.33,0
e2-blocking-50,binary,50,bot_16,3828,b,10,6.25,25,55.67,54,-1.67,0
e2-blocking-50,binary,50,bot_16,3828,b,12,18.14,25,65.77,77,11.23,0
e2-blocking-50,binary,50,bot_16,3828,b,14,17.65,25,56.1,63,6.9,0
e2-blocking-50,binary,50,bot_16,3828,b,16,3.09,25,58.42,56,-2.42,0
e2-blocking-50,binary,50,bot_16,3828,b,18,11.8,25,85.31,88,2.69,0
e2-blocking-50,binary,50,bot_16,3828,b,20,24.5,25,66.67,78,11.33,0
e2-blocking-50,binary,50,bot_16,3828,b,22,13.64,25,96.18,99,2.82,0
e2-blocking-50,binary,50,bot_16,3828,b,24,9.66,25,75.55,74,-1.55,0
e2-blocking-50,binary,50,bot_16,3828,b,26,11.15,25,90.62,115,24.38,0
e2-blocking-50,binary,50,bot_16,3828,b,28,10.91,25,119.24,122,2.76,0
e2-blocking-50,binary,50,bot_16,3828,b,30,64.91,25,67.7,137,69.3,0
e2-blocking-50,binary,50,bot_16,3828,b,32,75.22,25,93.51,141,47.49,0
e2-blocking-50,binary,50,bot_16,3828,b,34,55.15,25,114.86,144,29.14,0
e2-blocking-50,binary,50,bot_16,3828,b,36,40.22,25,119.71,153,33.29,0
e2-blocking-50,binary,50,bot_16,3828,b,38,34.31,25,121.61,155,33.39,0
e2-blocking-50,binary,50,bot_16,3828,b,40,30.38,25,132,157,25,0
e2-blocking-50,binary,50,bot_16,3828,b,42,22.76,25,148.32,167,18.68,0
e2-blocking-50,binary,50,bot_16,3828,b,44,20.62,25,133.59,146,12.41,0
e2-blocking-50,binary,50,bot_16,3828,b,46,23.65,25,142.96,161,18.04,0
e2-blocking-50,binary,50,bot_16,3828,b,48,18.24,25,158.78,168,9.22,0
e2-blocking-50,binary,50,bot_16,3828,b,50,14.02,25,156.64,166,9.36,0
e2-blocking-50,binary,50,bot_16,3828,b,52,84.03,25,107.71,179,71.29,0
e2-blocking-50,binary,50,bot_16,3828,b,54,80.86,25,100.24,157,56.76,0
e2-blocking-50,binary,50,bot_16,3828,b,56,69.62,25,121.04,177,55.96,0
e2-blocking-50,binary,50,bot_16,3828,b,58,64.93,25,118.4,171,52.6,0
e2-blocking-50,binary,50,bot_16,3828,b,60,54.6,25,130.52,174,43.48,0
e2-blocking-50,binary,50,bot_17,3832,w,1,25.24,25,73.36,73,-0.36,0
e2-blocking-50,binary,50,bot_17,3832,w,3,9.84,25,67.05,74,6.95,0
e2-blocking-50,binary,50,bot_17,3832,w,5,9.94,25,54.15,72,17.85,0
e2-blocking-50,binary,50,bot_17,3832,w,7,6.19,25,65.71,62,-3.71,0
e2-blocking-50,binary,50,bot_17,3832,w,9,4.77,25,56.55,54,-2.55,0
e2-blocking-50,binary,50,bot_17,3832,w,11,16.42,25,70.36,68,-2.36,0
e2-blocking-50,binary,50,bot_17,3832,w,13,13.35,25,65.85,75,9.15,0
e2-blocking-50,binary,50,bot_17,3832,w,15,25.53,25,73.16,79,5.84,0
e2-blocking-50,binary,50,bot_17,3832,w,17,6.74,25,55.64,62,6.36,0
e2-blocking-50,binary,50,bot_17,3832,w,19,16.6,25,113.73,116,2.27,0
e2-blocking-50,binary,50,bot_17,3832,w,21,10.3,25,103.05,115,11.95,0
e2-blocking-50,binary,50,bot_17,3832,w,23,7.55,25,84.38,87,2.63,0
e2-blocking-50,binary,50,bot_17,3832,w,25,21.04,25,93.06,113,19.94,0
e2-blocking-50,binary,50,bot_17,3832,w,27,53.3,25,76.61,129,52.39,0
e2-blocking-50,binary,50,bot_17,3832,w,29,57.44,25,103.2,150,46.8,0
e2-blocking-50,binary,50,bot_17,3832,w,31,42.76,25,92.55,138,45.45,0
e2-blocking-50,binary,50,bot_17,3832,w,33,26.66,25,86.86,136,49.14,0
e2-blocking-50,binary,50,bot_17,3832,w,35,26.99,25,132.07,160,27.93,0
e2-blocking-50,binary,50,bot_17,3832,w,37,23.07,25,146.41,165,18.59,0
e2-blocking-50,binary,50,bot_17,3832,w,39,15.46,25,159.06,168,8.94,0
e2-blocking-50,binary,50,bot_17,3832,w,41,90.98,25,163.96,172,8.04,0
e2-blocking-50,binary,50,bot_17,3832,w,43,60.93,25,92.09,168,75.91,0
e2-blocking-50,binary,50,bot_17,3832,w,45,68.7,25,108.4,173,64.6,0
e2-blocking-50,binary,50,bot_17,3832,w,47,60.01,25,113.48,173,59.52,0
e2-blocking-50,binary,50,bot_17,3832,w,49,52.96,25,119.27,175,55.73,0
e2-blocking-50,binary,50,bot_17,3832,w,51,45.55,25,138.85,189,50.15,0
e2-blocking-50,binary,50,bot_17,3832,w,53,43.08,25,135.01,180,44.99,0
e2-blocking-50,binary,50,bot_17,3832,w,55,36.74,25,153.72,195,41.28,0
e2-blocking-50,binary,50,bot_17,3832,w,57,30.89,25,153.63,187,33.37,0
e2-blocking-50,binary,50,bot_17,3832,w,59,27,25,169.43,194,24.57,0
e2-blocking-50,binary,50,bot_18,3823,b,2,11.58,25,74.04,78,3.96,0
e2-blocking-50,binary,50,bot_18,3823,b,4,13.94,25,62.76,66,3.24,0
e2-blocking-50,binary,50,bot_18,3823,b,6,12.6,25,57.51,70,12.49,0
e2-blocking-50,binary,50,bot_18,3823,b,8,4.41,25,65.54,66,0.46,0
e2-blocking-50,binary,50,bot_18,3823,b,10,9.98,25,59.15,57,-2.15,0
e2-blocking-50,binary,50,bot_18,3823,b,12,12.96,25,68.37,74,5.63,0
e2-blocking-50,binary,50,bot_18,3823,b,14,11.24,25,57.51,65,7.49,0
e2-blocking-50,binary,50,bot_18,3823,b,16,21.28,25,75.94,80,4.06,0
e2-blocking-50,binary,50,bot_18,3823,b,18,32.92,25,76.01,91,14.99,0
e2-blocking-50,binary,50,bot_18,3823,b,20,31.48,25,87.91,92,4.09,0
e2-blocking-50,binary,50,bot_18,3823,b,22,22.83,25,79.86,101,21.14,0
e2-blocking-50,binary,50,bot_18,3823,b,24,34.21,25,56.73,80,23.27,0
e2-blocking-50,binary,50,bot_18,3823,b,26,33.8,25,89.13,113,23.87,0
e2-blocking-50,binary,50,bot_18,3823,b,28,27.53,25,107.64,132,24.36,0
e2-blocking-50,binary,50,bot_18,3823,b,30,26.22,25,106.94,129,22.06,0
e2-blocking-50,binary,50,bot_18,3823,b,32,23.34,25,145.57,158,12.43,0
e2-blocking-50,binary,50,bot_18,3823,b,34,60.29,25,102.06,165,62.94,0
e2-blocking-50,binary,50,bot_18,3823,b,36,61.02,25,101.34,156,54.66,0
e2-blocking-50,binary,50,bot_18,3823,b,38,56.68,25,107.73,153,45.27,0
e2-blocking-50,binary,50,bot_18,3823,b,40,62.38,25,122.18,159,36.82,0
e2-blocking-50,binary,50,bot_18,3823,b,42,48.5,25,128.38,165,36.62,0
e2-blocking-50,binary,50,bot_18,3823,b,44,40.9,25,143.42,165,21.58,0
e2-blocking-50,binary,50,bot_18,3823,b,46,35.03,25,137.74,161,23.26,0
e2-blocking-50,binary,50,bot_18,3823,b,48,29.53,25,156.34,176,19.66,0
e2-blocking-50,binary,50,bot_18,3823,b,50,22.21,25,162.67,174,11.33,0
e2-blocking-50,binary,50,bot_18,3823,b,52,12.14,25,179.52,185,5.48,0
e2-blocking-50,binary,50,bot_18,3823,b,54,82.74,25,110.83,185,74.17,0
e2-blocking-50,binary,50,bot_18,3823,b,56,72.16,25,112,181,69,0
e2-blocking-50,binary,50,bot_18,3823,b,58,74.96,25,119.86,184,64.14,0
e2-blocking-50,binary,50,bot_18,3823,b,60,67.02,25,124.77,182,57.23,0
e2-blocking-50,binary,50,bot_19,3825,b,2,17.44,25,62.58,79,16.42,0
e2-blocking-50,binary,50,bot_19,3825,b,4,7.68,25,64.73,70,5.27,0
e2-blocking-50,binary,50,bot_19,3825,b,6,4.98,25,66.68,73,6.32,0
e2-blocking-50,binary,50,bot_19,3825,b,8,7.43,25,65.46,68,2.54,0
e2-blocking-50,binary,50,bot_19,3825,b,10,7.22,25,54.4,53,-1.4,0
e2-blocking-50,binary,50,bot_19,3825,b,12,19.47,25,64.22,76,11.78,0
e2-blocking-50,binary,50,bot_19,3825,b,14,19.21,25,54.41,66,11.59,0
e2-blocking-50,binary,50,bot_19,3825,b,16,4.47,25,56.93,56,-0.93,0
e2-blocking-50,binary,50,bot_19,3825,b,18,12.74,25,84.87,88,3.13,0
e2-blocking-50,binary,50,bot_19,3825,b,20,5.33,25,65.28,78,12.72,0
e2-blocking-50,binary,50,bot_19,3825,b,22,16.3,25,93.65,102,8.35,0
e2-blocking-50,binary,50,bot_19,3825,b,24,9.76,25,75.56,74,-1.56,0
e2-blocking-50,binary,50,bot_19,3825,b,26,12.18,25,112.82,116,3.18,0
e2-blocking-50,binary,50,bot_19,3825,b,28,12.32,25,118.26,123,4.74,0
e2-blocking-50,binary,50,bot_19,3825,b,30,74.97,25,125.59,130,4.41,0
e2-blocking-50,binary,50,bot_19,3825,b,32,78.82,25,89.82,143,53.18,0
e2-blocking-50,binary,50,bot_19,3825,b,34,60.6,25,109.91,144,34.09,0
e2-blocking-50,binary,50,bot_19,3825,b,36,45.21,25,114.76,155,40.24,0
e2-blocking-50,binary,50,bot_19,3825,b,38,39.24,25,116.73,160,43.27,0
e2-blocking-50,binary,50,bot_19,3825,b,40,35.44,25,127.13,159,31.87,0
e2-blocking-50,binary,50,bot_19,3825,b,42,27.15,25,144.61,168,23.39,0
e2-blocking-50,binary,50,bot_19,3825,b,44,29.05,25,126.36,145,18.64,0
e2-blocking-50,binary,50,bot_19,3825,b,46,25.64,25,141.24,162,20.76,0
e2-blocking-50,binary,50,bot_19,3825,b,48,19.4,25,157.62,170,12.38,0
e2-blocking-50,binary,50,bot_19,3825,b,50,14.51,25,156.11,168,11.89,0
e2-blocking-50,binary,50,bot_19,3825,b,52,95.49,25,166.89,172,5.11,0
e2-blocking-50,binary,50,bot_19,3825,b,54,81.91,25,99.54,159,59.46,0
e2-blocking-50,binary,50,bot_19,3825,b,56,70.75,25,119.8,180,60.2,0
e2-blocking-50,binary,50,bot_19,3825,b,58,65.98,25,117.06,172,54.94,0
e2-blocking-50,binary,50,bot_19,3825,b,60,55.58,25,129.46,174,44.54,0
e2-blocking-50,binary,50,bot_20,3830,w,1,11.51,25,88.85,87,-1.85,0
e2-blocking-50,binary,50,bot_20,3830,w,3,13.6,25,80.38,82,1.62,0
e2-blocking-50,binary,50,bot_20,3830,w,5,22.16,25,65.79,75,9.21,0
e2-blocking-50,binary,50,bot_20,3830,w,7,10.21,25,53.62,61,7.38,0
e2-blocking-50,binary,50,bot_20,3830,w,9,3.38,25,54.28,54,-0.28,0
e2-blocking-50,binary,50,bot_20,3830,w,11,22.46,25,73.76,71,-2.76,0
e2-blocking-50,binary,50,bot_20,3830,w,13,20.21,25,66.11,74,7.89,0
e2-blocking-50,binary,50,bot_20,3830,w,15,16.51,25,63.64,68,4.36,0
e2-blocking-50,binary,50,bot_20,3830,w,17,28.17,25,72.91,89,16.09,0
e2-blocking-50,binary,50,bot_20,3830,w,19,15.53,25,63.22,91,27.78,0
e2-blocking-50,binary,50,bot_20,3830,w,21,33.35,25,74.68,101,26.32,0
e2-blocking-50,binary,50,bot_20,3830,w,23,6.24,25,67.49,86,18.51,0
e2-blocking-50,binary,50,bot_20,3830,w,25,38.18,25,80.45,116,35.55,0
e2-blocking-50,binary,50,bot_20,3830,w,27,32.74,25,97.27,128,30.73,0
e2-blocking-50,binary,50,bot_20,3830,w,29,35.79,25,124.39,149,24.61,0
e2-blocking-50,binary,50,bot_20,3830,w,31,24.18,25,110.63,137,26.38,0
e2-blocking-50,binary,50,bot_20,3830,w,33,87.1,25,102.15,125,22.85,0
e2-blocking-50,binary,50,bot_20,3830,w,35,65.23,25,97.27,156,58.73,0
e2-blocking-50,binary,50,bot_20,3830,w,37,56.59,25,107,164,57,0
e2-blocking-50,binary,50,bot_20,3830,w,39,49.53,25,115.62,167,51.38,0
e2-blocking-50,binary,50,bot_20,3830,w,41,49.57,25,117.3,176,58.7,0
e2-blocking-50,binary,50,bot_20,3830,w,43,34.46,25,115.69,160,44.31,0
e2-blocking-50,binary,50,bot_20,3830,w,45,38.95,25,138.03,169,30.97,0
e2-blocking-50,binary,50,bot_20,3830,w,47,32.53,25,140.71,170,29.29,0
e2-blocking-50,binary,50,bot_20,3830,w,49,24.86,25,147.19,170,22.81,0
e2-blocking-50,binary,50,bot_20,3830,w,51,18.71,25,165.34,181,15.66,0
e2-blocking-50,binary,50,bot_20,3830,w,53,14.51,25,163.08,170,6.92,0
e2-blocking-50,binary,50,bot_20,3830,w,55,85.18,25,106.28,194,87.72,0
e2-blocking-50,binary,50,bot_20,3830,w,57,78.02,25,106.86,173,66.14,0
e2-blocking-50,binary,50,bot_20,3830,w,59,70.92,25,113.38,182,68.62,0
e2-blocking-50,binary,50,bot_21,3832,b,2,15.5,25,64.23,79,14.77,0
e2-blocking-50,binary,50,bot_21,3832,b,4,26.21,25,67.29,69,1.71,0
e2-blocking-50,binary,50,bot_21,3832,b,6,4.36,25,66.75,69,2.25,0
e2-blocking-50,binary,50,bot_21,3832,b,8,5.33,25,67.28,66,-1.28,0
e2-blocking-50,binary,50,bot_21,3832,b,10,4.48,25,57.76,54,-3.76,0
e2-blocking-50,binary,50,bot_21,3832,b,12,16.47,25,67.32,76,8.68,0
e2-blocking-50,binary,50,bot_21,3832,b,14,13.78,25,59.61,65,5.39,0
e2-blocking-50,binary,50,bot_21,3832,b,16,14.27,25,55.73,74,18.27,0
e2-blocking-50,binary,50,bot_21,3832,b,18,10.16,25,86.66,85,-1.66,0
e2-blocking-50,binary,50,bot_21,3832,b,20,19.56,25,71.9,80,8.1,0
e2-blocking-50,binary,50,bot_21,3832,b,22,10.27,25,99.76,102,2.24,0
e2-blocking-50,binary,50,bot_21,3832,b,24,27.38,25,74.73,75,0.27,0
e2-blocking-50,binary,50,bot_21,3832,b,26,60.56,25,103.76,117,13.24,0
e2-blocking-50,binary,50,bot_21,3832,b,28,54.42,25,80.17,126,45.83,0
e2-blocking-50,binary,50,bot_21,3832,b,30,52.5,25,80.13,129,48.87,0
e2-blocking-50,binary,50,bot_21,3832,b,32,57.05,25,111.75,148,36.25,0
e2-blocking-50,binary,50,bot_21,3832,b,34,35.53,25,134.42,152,17.58,0
e2-blocking-50,binary,50,bot_21,3832,b,36,24.97,25,134.73,154,19.27,0
e2-blocking-50,binary,50,bot_21,3832,b,38,16.8,25,139.02,154,14.98,0
e2-blocking-50,binary,50,bot_21,3832,b,40,15.07,25,148.09,156,7.91,0
e2-blocking-50,binary,50,bot_21,3832,b,42,82.98,25,93.36,177,83.64,0
e2-blocking-50,binary,50,bot_21,3832,b,44,73.74,25,108.72,160,51.28,0
e2-blocking-50,binary,50,bot_21,3832,b,46,69.19,25,103.14,161,57.86,0
e2-blocking-50,binary,50,bot_21,3832,b,48,64.06,25,121.86,172,50.14,0
e2-blocking-50,binary,50,bot_21,3832,b,50,58.33,25,126.37,169,42.63,0
e2-blocking-50,binary,50,bot_21,3832,b,52,53.2,25,138.26,173,34.74,0
e2-blocking-50,binary,50,bot_21,3832,b,54,49.9,25,130.78,164,33.22,0
e2-blocking-50,binary,50,bot_21,3832,b,56,42.21,25,148.04,176,27.96,0
e2-blocking-50,binary,50,bot_21,3832,b,58,33.28,25,150.4,171,20.6,0
e2-blocking-50,binary,50,bot_21,3832,b,60,27.85,25,157.32,174,16.68,0
e2-blocking-50,binary,50,bot_22,3829,w,1,8.66,25,90.52,90,-0.52,0
e2-blocking-50,binary,50,bot_22,3829,w,3,10.76,25,77.41,83,5.59,0
e2-blocking-50,binary,50,bot_22,3829,w,5,21.28,25,66.7,72,5.3,0
e2-blocking-50,binary,50,bot_22,3829,w,7,6.37,25,57.57,62,4.43,0
e2-blocking-50,binary,50,bot_22,3829,w,9,3.16,25,51.23,55,3.77,0
e2-blocking-50,binary,50,bot_22,3829,w,11,11.52,25,73.4,74,0.6,0
e2-blocking-50,binary,50,bot_22,3829,w,13,13.2,25,73.09,79,5.91,0
e2-blocking-50,binary,50,bot_22,3829,w,15,10.75,25,68.93,71,2.07,0
e2-blocking-50,binary,50,bot_22,3829,w,17,20.89,25,80.35,95,14.65,0
e2-blocking-50,binary,50,bot_22,3829,w,19,9.21,25,68.76,93,24.24,0
e2-blocking-50,binary,50,bot_22,3829,w,21,26.35,25,81.91,106,24.09,0
e2-blocking-50,binary,50,bot_22,3829,w,23,26.74,25,74.16,88,13.84,0
e2-blocking-50,binary,50,bot_22,3829,w,25,30.23,25,88.41,113,24.59,0
e2-blocking-50,binary,50,bot_22,3829,w,27,29.94,25,99.46,125,25.54,0
e2-blocking-50,binary,50,bot_22,3829,w,29,27.83,25,132.59,153,20.41,0
e2-blocking-50,binary,50,bot_22,3829,w,31,19.53,25,115.46,133,17.54,0
e2-blocking-50,binary,50,bot_22,3829,w,33,70.52,25,118.82,132,13.18,0
e2-blocking-50,binary,50,bot_22,3829,w,35,60.94,25,101.37,151,49.63,0
e2-blocking-50,binary,50,bot_22,3829,w,37,51.76,25,111.68,162,50.32,0
e2-blocking-50,binary,50,bot_22,3829,w,39,44.59,25,120.57,169,48.43,0
e2-blocking-50,binary,50,bot_22,3829,w,41,43.36,25,122.99,177,54.01,0
e2-blocking-50,binary,50,bot_22,3829,w,43,30.19,25,119.71,161,41.29,0
e2-blocking-50,binary,50,bot_22,3829,w,45,31.28,25,145.75,177,31.25,0
e2-blocking-50,binary,50,bot_22,3829,w,47,25.45,25,148.46,174,25.54,0
e2-blocking-50,binary,50,bot_22,3829,w,49,18.88,25,153.08,173,19.92,0
e2-blocking-50,binary,50,bot_22,3829,w,51,11.48,25,172.83,185,12.17,0
e2-blocking-50,binary,50,bot_22,3829,w,53,70.3,25,92.03,183,90.97,0
e2-blocking-50,binary,50,bot_22,3829,w,55,77.35,25,114.24,187,72.76,0
e2-blocking-50,binary,50,bot_22,3829,w,57,71.95,25,112.94,177,64.06,0
e2-blocking-50,binary,50,bot_22,3829,w,59,65.62,25,118.79,186,67.21,0
e2-blocking-50,binary,50,bot_23,3827,w,1,15.55,25,83.57,86,2.43,0
e2-blocking-50,binary,50,bot_23,3827,w,3,14.88,25,78.97,83,4.03,0
e2-blocking-50,binary,50,bot_23,3827,w,5,26.58,25,60.79,71,10.21,0
e2-blocking-50,binary,50,bot_23,3827,w,7,2.17,25,64.04,60,-4.04,0
e2-blocking-50,binary,50,bot_23,3827,w,9,5.36,25,52.75,56,3.25,0
e2-blocking-50,binary,50,bot_23,3827,w,11,9.66,25,68.47,69,0.53,0
e2-blocking-50,binary,50,bot_23,3827,w,13,5.22,25,73.94,77,3.06,0
e2-blocking-50,binary,50,bot_23,3827,w,15,19.85,25,73.44,75,1.56,0
e2-blocking-50,binary,50,bot_23,3827,w,17,34.82,25,66.45,89,22.55,0
e2-blocking-50,binary,50,bot_23,3827,w,19,22,25,56.83,94,37.17,0
e2-blocking-50,binary,50,bot_23,3827,w,21,39.78,25,68.52,104,35.48,0
e2-blocking-50,binary,50,bot_23,3827,w,23,13.07,25,61.25,87,25.75,0
e2-blocking-50,binary,50,bot_23,3827,w,25,10.84,25,103.39,106,2.61,0
e2-blocking-50,binary,50,bot_23,3827,w,27,41.88,25,87.85,127,39.15,0
e2-blocking-50,binary,50,bot_23,3827,w,29,44.78,25,115.6,150,34.4,0
e2-blocking-50,binary,50,bot_23,3827,w,31,33.18,25,102.06,136,33.94,0
e2-blocking-50,binary,50,bot_23,3827,w,33,19.81,25,93.47,128,34.53,0
e2-blocking-50,binary,50,bot_23,3827,w,35,14.09,25,144.94,158,13.06,0
e2-blocking-50,binary,50,bot_23,3827,w,37,68.31,25,95.72,173,77.28,0
e2-blocking-50,binary,50,bot_23,3827,w,39,58.9,25,106.68,169,62.32,0
e2-blocking-50,binary,50,bot_23,3827,w,41,64.66,25,102.15,172,69.85,0
e2-blocking-50,binary,50,bot_23,3827,w,43,43.93,25,107.66,166,58.34,0
e2-blocking-50,binary,50,bot_23,3827,w,45,53.04,25,123.79,172,48.21,0
e2-blocking-50,binary,50,bot_23,3827,w,47,47.52,25,125.83,168,42.17,0
e2-blocking-50,binary,50,bot_23,3827,w,49,36.75,25,135.11,174,38.89,0
e2-blocking-50,binary,50,bot_23,3827,w,51,28.53,25,155.66,189,33.34,0
e2-blocking-50,binary,50,bot_23,3827,w,53,27.76,25,150.26,176,25.74,0
e2-blocking-50,binary,50,bot_23,3827,w,55,20.04,25,170.38,192,21.62,0
e2-blocking-50,binary,50,bot_23,3827,w,57,14.19,25,170.28,185,14.72,0
e2-blocking-50,binary,50,bot_23,3827,w,59,91.37,25,185.4,190,4.6,0
e2-blocking-50,binary,50,bot_24,3833,b,2,6.28,25,79.49,84,4.51,0
e2-blocking-50,binary,50,bot_24,3833,b,4,9.51,25,67.63,72,4.37,0
e2-blocking-50,binary,50,bot_24,3833,b,6,9.01,25,60.3,76,15.7,0
e2-blocking-50,binary,50,bot_24,3833,b,8,6.45,25,52.45,70,17.55,0
e2-blocking-50,binary,50,bot_24,3833,b,10,5.76,25,59.21,61,1.79,0
e2-blocking-50,binary,50,bot_24,3833,b,12,10.27,25,71.67,78,6.33,0
e2-blocking-50,binary,50,bot_24,3833,b,14,7.34,25,61.53,69,7.47,0
e2-blocking-50,binary,50,bot_24,3833,b,16,18.96,25,78.28,84,5.72,0
e2-blocking-50,binary,50,bot_24,3833,b,18,27.57,25,81.71,98,16.29,0
e2-blocking-50,binary,50,bot_24,3833,b,20,26.89,25,92.67,96,3.33,0
e2-blocking-50,binary,50,bot_24,3833,b,22,17.12,25,85.77,105,19.23,0
e2-blocking-50,binary,50,bot_24,3833,b,24,28.44,25,62.62,84,21.38,0
e2-blocking-50,binary,50,bot_24,3833,b,26,29.13,25,94.34,120,25.66,0
e2-blocking-50,binary,50,bot_24,3833,b,28,22.66,25,112.02,136,23.98,0
e2-blocking-50,binary,50,bot_24,3833,b,30,21.18,25,112.26,132,19.74,0
e2-blocking-50,binary,50,bot_24,3833,b,32,16.29,25,153.13,167,13.87,0
e2-blocking-50,binary,50,bot_24,3833,b,34,52.64,25,110.16,175,64.84,0
e2-blocking-50,binary,50,bot_24,3833,b,36,51.75,25,110.67,166,55.33,0
e2-blocking-50,binary,50,bot_24,3833,b,38,49.66,25,114.83,161,46.17,0
e2-blocking-50,binary,50,bot_24,3833,b,40,55.92,25,128.55,167,38.45,0
e2-blocking-50,binary,50,bot_24,3833,b,42,41.88,25,135.34,172,36.66,0
e2-blocking-50,binary,50,bot_24,3833,b,44,35.55,25,148.93,172,23.07,0
e2-blocking-50,binary,50,bot_24,3833,b,46,30.21,25,142.34,165,22.66,0
e2-blocking-50,binary,50,bot_24,3833,b,48,24.83,25,161.07,179,17.93,0
e2-blocking-50,binary,50,bot_24,3833,b,50,16.56,25,168.32,178,9.68,0
e2-blocking-50,binary,50,bot_24,3833,b,52,87.12,25,107.54,198,90.46,0
e2-blocking-50,binary,50,bot_24,3833,b,54,76.68,25,117.29,180,62.71,0
e2-blocking-50,binary,50,bot_24,3833,b,56,69.7,25,114.41,183,68.59,0
e2-blocking-50,binary,50,bot_24,3833,b,58,71.28,25,123.77,187,63.23,0
e2-blocking-50,binary,50,bot_24,3833,b,60,63.93,25,127.67,184,56.33,0
e2-blocking-50,binary,50,bot_25,3834,w,1,0.75,25,52.66,69,16.34,0
e2-blocking-50,binary,50,bot_25,3834,w,3,8.24,25,80.22,81,0.78,0
e2-blocking-50,binary,50,bot_25,3834,w,5,18.05,25,70.38,76,5.62,0
e2-blocking-50,binary,50,bot_25,3834,w,7,16.01,25,66.83,71,4.17,0
e2-blocking-50,binary,50,bot_25,3834,w,9,3.37,25,55.35,57,1.65,0
e2-blocking-50,binary,50,bot_25,3834,w,11,7.5,25,77.52,79,1.48,0
e2-blocking-50,binary,50,bot_25,3834,w,13,10.01,25,76.38,83,6.63,0
e2-blocking-50,binary,50,bot_25,3834,w,15,7.67,25,71.79,74,2.21,0
e2-blocking-50,binary,50,bot_25,3834,w,17,17.76,25,83.25,98,14.75,0
e2-blocking-50,binary,50,bot_25,3834,w,19,14.8,25,74.39,96,21.61,0
e2-blocking-50,binary,50,bot_25,3834,w,21,20.32,25,87.35,108,20.65,0
e2-blocking-50,binary,50,bot_25,3834,w,23,23.93,25,76.96,88,11.04,0
e2-blocking-50,binary,50,bot_25,3834,w,25,25.33,25,92.83,114,21.17,0
e2-blocking-50,binary,50,bot_25,3834,w,27,25.52,25,104.25,126,21.75,0
e2-blocking-50,binary,50,bot_25,3834,w,29,21.7,25,138.74,156,17.26,0
e2-blocking-50,binary,50,bot_25,3834,w,31,14.1,25,120.89,136,15.11,0
e2-blocking-50,binary,50,bot_25,3834,w,33,65.06,25,124.52,136,11.48,0
e2-blocking-50,binary,50,bot_25,3834,w,35,56.07,25,106.18,153,46.82,0
e2-blocking-50,binary,50,bot_25,3834,w,37,47.03,25,116.42,162,45.58,0
e2-blocking-50,binary,50,bot_25,3834,w,39,39.63,25,125.59,168,42.41,0
e2-blocking-50,binary,50,bot_25,3834,w,41,38.62,25,127.39,175,47.61,0
e2-blocking-50,binary,50,bot_25,3834,w,43,25.18,25,124.51,157,32.49,0
e2-blocking-50,binary,50,bot_25,3834,w,45,26.63,25,150.23,173,22.77,0
e2-blocking-50,binary,50,bot_25,3834,w,47,20.05,25,153.58,171,17.42,0
e2-blocking-50,binary,50,bot_25,3834,w,49,13.67,25,157.99,169,11.01,0
e2-blocking-50,binary,50,bot_25,3834,w,51,83.39,25,94.72,192,97.28,0
e2-blocking-50,binary,50,bot_25,3834,w,53,65.67,25,95.3,170,74.7,0
e2-blocking-50,binary,50,bot_25,3834,w,55,73.84,25,117.64,182,64.36,0
e2-blocking-50,binary,50,bot_25,3834,w,57,67.97,25,116.67,173,56.33,0
e2-blocking-50,binary,50,bot_25,3834,w,59,62.17,25,122.1,179,56.9,0
e2-blocking-50,binary,50,bot_26,3834,b,2,4.96,25,59.49,59,-0.49,0
e2-blocking-50,binary,50,bot_26,3834,b,4,8.78,25,67.95,71,3.05,0
e2-blocking-50,binary,50,bot_26,3834,b,6,7.84,25,61.21,76,14.79,0
e2-blocking-50,binary,50,bot_26,3834,b,8,5.44,25,52.88,65,12.12,0
e2-blocking-50,binary,50,bot_26,3834,b,10,4.42,25,60.73,60,-0.73,0
e2-blocking-50,binary,50,bot_26,3834,b,12,9.35,25,72.64,76,3.36,0
e2-blocking-50,binary,50,bot_26,3834,b,14,6.78,25,61.98,68,6.02,0
e2-blocking-50,binary,50,bot_26,3834,b,16,17.95,25,79.63,84,4.37,0
e2-blocking-50,binary,50,bot_26,3834,b,18,24.86,25,84.78,99,14.22,0
e2-blocking-50,binary,50,bot_26,3834,b,20,24.18,25,84.56,94,9.44,0
e2-blocking-50,binary,50,bot_26,3834,b,22,14.42,25,88.28,104,15.72,0
e2-blocking-50,binary,50,bot_26,3834,b,24,24.83,25,66.52,87,20.48,0
e2-blocking-50,binary,50,bot_26,3834,b,26,25.85,25,97.35,119,21.65,0
e2-blocking-50,binary,50,bot_26,3834,b,28,20.14,25,114.74,136,21.26,0
e2-blocking-50,binary,50,bot_26,3834,b,30,18.92,25,114.29,132,17.71,0
e2-blocking-50,binary,50,bot_26,3834,b,32,14.11,25,155.05,166,10.95,0
e2-blocking-50,binary,50,bot_26,3834,b,34,49.75,25,113.06,174,60.94,0
e2-blocking-50,binary,50,bot_26,3834,b,36,48.52,25,113.78,166,52.22,0
e2-blocking-50,binary,50,bot_26,3834,b,38,46.18,25,118.37,161,42.63,0
e2-blocking-50,binary,50,bot_26,3834,b,40,50.23,25,134.04,168,33.96,0
e2-blocking-50,binary,50,bot_26,3834,b,42,37.29,25,139.84,175,35.16,0
e2-blocking-50,binary,50,bot_26,3834,b,44,29.68,25,155.14,174,18.86,0
e2-blocking-50,binary,50,bot_26,3834,b,46,24.13,25,148.26,168,19.74,0
e2-blocking-50,binary,50,bot_26,3834,b,48,18.72,25,167.24,180,12.76,0
e2-blocking-50,binary,50,bot_26,3834,b,50,103.13,25,174.06,180,5.94,0
e2-blocking-50,binary,50,bot_26,3834,b,52,82.53,25,112.09,188,75.91,0
e2-blocking-50,binary,50,bot_26,3834,b,54,72.34,25,121.82,180,58.18,0
e2-blocking-50,binary,50,bot_26,3834,b,56,64.21,25,119.77,188,68.23,0
e2-blocking-50,binary,50,bot_26,3834,b,58,65.41,25,130.29,191,60.71,0
e2-blocking-50,binary,50,bot_26,3834,b,60,56.7,25,135.03,190,54.97,0
e2-blocking-50,binary,50,bot_27,3835,w,1,3.46,25,56.52,57,0.48,0
e2-blocking-50,binary,50,bot_27,3835,w,3,7.38,25,69.16,74,4.84,0
e2-blocking-50,binary,50,bot_27,3835,w,5,7.19,25,61.59,73,11.41,0
e2-blocking-50,binary,50,bot_27,3835,w,7,4.01,25,54.45,66,11.55,0
e2-blocking-50,binary,50,bot_27,3835,w,9,11.7,25,61.71,62,0.29,0
e2-blocking-50,binary,50,bot_27,3835,w,11,7.9,25,74.2,78,3.8,0
e2-blocking-50,binary,50,bot_27,3835,w,13,6.3,25,62.28,68,5.72,0
e2-blocking-50,binary,50,bot_27,3835,w,15,16.74,25,80.92,85,4.08,0
e2-blocking-50,binary,50,bot_27,3835,w,17,22.9,25,86.59,102,15.41,0
e2-blocking-50,binary,50,bot_27,3835,w,19,22.27,25,86.12,95,8.88,0
e2-blocking-50,binary,50,bot_27,3835,w,21,13.45,25,90.01,107,16.99,0
e2-blocking-50,binary,50,bot_27,3835,w,23,22.71,25,68.7,89,20.3,0
e2-blocking-50,binary,50,bot_27,3835,w,25,23.76,25,99.64,122,22.36,0
e2-blocking-50,binary,50,bot_27,3835,w,27,18.04,25,116.85,138,21.15,0
e2-blocking-50,binary,50,bot_27,3835,w,29,16.82,25,116.57,135,18.43,0
e2-blocking-50,binary,50,bot_27,3835,w,31,52.69,25,157.4,167,9.6,0
e2-blocking-50,binary,50,bot_27,3835,w,33,47.5,25,115.03,174,58.97,0
e2-blocking-50,binary,50,bot_27,3835,w,35,46.39,25,116.1,168,51.9,0
e2-blocking-50,binary,50,bot_27,3835,w,37,43.65,25,120.45,163,42.55,0
e2-blocking-50,binary,50,bot_27,3835,w,39,47.9,25,136.67,171,34.33,0
e2-blocking-50,binary,50,bot_27,3835,w,41,33.84,25,143.1,177,33.9,0
e2-blocking-50,binary,50,bot_27,3835,w,43,26.43,25,158.62,175,16.38,0
e2-blocking-50,binary,50,bot_27,3835,w,45,20.66,25,152.09,171,18.91,0
e2-blocking-50,binary,50,bot_27,3835,w,47,13.94,25,172.31,183,10.69,0
e2-blocking-50,binary,50,bot_27,3835,w,49,89.42,25,106.89,192,85.11,0
e2-blocking-50,binary,50,bot_27,3835,w,51,79.61,25,115.23,191,75.77,0
e2-blocking-50,binary,50,bot_27,3835,w,53,68.26,25,125.93,183,57.07,0
e2-blocking-50,binary,50,bot_27,3835,w,55,60.89,25,123.11,189,65.89,0
e2-blocking-50,binary,50,bot_27,3835,w,57,61.6,25,133.89,192,58.11,0
e2-blocking-50,binary,50,bot_27,3835,w,59,53.4,25,138.64,190,51.36,0
e2-blocking-50,binary,50,bot_28,3835,b,2,7.23,25,80.83,82,1.17,0
e2-blocking-50,binary,50,bot_28,3835,b,4,13.61,25,75.04,81,5.96,0
e2-blocking-50,binary,50,bot_28,3835,b,6,13.89,25,69.11,75,5.89,0
e2-blocking-50,binary,50,bot_28,3835,b,8,2.31,25,57.29,58,0.71,0
e2-blocking-50,binary,50,bot_28,3835,b,10,5.45,25,69.67,79,9.33,0
e2-blocking-50,binary,50,bot_28,3835,b,12,8.03,25,78.83,85,6.17,0
e2-blocking-50,binary,50,bot_28,3835,b,14,6.49,25,72.96,77,4.04,0
e2-blocking-50,binary,50,bot_28,3835,b,16,16.32,25,84.22,99,14.78,0
e2-blocking-50,binary,50,bot_28,3835,b,18,11.14,25,78.08,99,20.92,0
e2-blocking-50,binary,50,bot_28,3835,b,20,18.85,25,88.8,109,20.2,0
e2-blocking-50,binary,50,bot_28,3835,b,22,23.04,25,77.78,87,9.22,0
e2-blocking-50,binary,50,bot_28,3835,b,24,23.84,25,94.55,114,19.45,0
e2-blocking-50,binary,50,bot_28,3835,b,26,23.23,25,106.53,128,21.47,0
e2-blocking-50,binary,50,bot_28,3835,b,28,20.04,25,140.36,156,15.64,0
e2-blocking-50,binary,50,bot_28,3835,b,30,12.58,25,122.88,137,14.12,0
e2-blocking-50,binary,50,bot_28,3835,b,32,61.9,25,87.13,137,49.87,0
e2-blocking-50,binary,50,bot_28,3835,b,34,54.15,25,108.39,155,46.61,0
e2-blocking-50,binary,50,bot_28,3835,b,36,44.19,25,119.1,163,43.9,0
e2-blocking-50,binary,50,bot_28,3835,b,38,37.23,25,127.87,170,42.13,0
e2-blocking-50,binary,50,bot_28,3835,b,40,36.14,25,130.11,177,46.89,0
e2-blocking-50,binary,50,bot_28,3835,b,42,22.55,25,126.68,158,31.32,0
e2-blocking-50,binary,50,bot_28,3835,b,44,24.12,25,152.75,173,20.25,0
e2-blocking-50,binary,50,bot_28,3835,b,46,17.66,25,156.37,172,15.63,0
e2-blocking-50,binary,50,bot_28,3835,b,48,91.35,25,160.82,169,8.18,0
e2-blocking-50,binary,50,bot_28,3835,b,50,81.18,25,97.07,180,82.93,0
e2-blocking-50,binary,50,bot_28,3835,b,52,63.5,25,98.2,171,72.8,0
e2-blocking-50,binary,50,bot_28,3835,b,54,70.28,25,120.97,183,62.03,0
e2-blocking-50,binary,50,bot_28,3835,b,56,63.98,25,120.64,175,54.36,0
e2-blocking-50,binary,50,bot_28,3835,b,58,58.48,25,125.42,180,54.58,0
e2-blocking-50,binary,50,bot_28,3835,b,60,50.75,25,92.98,139,46.02,0
e2-blocking-50,binary,50,bot_29,3836,w,1,6.03,25,77.08,73,-4.08,0
e2-blocking-50,binary,50,bot_29,3836,w,3,10.73,25,75.95,78,2.05,0
e2-blocking-50,binary,50,bot_29,3836,w,5,12.34,25,70.6,70,-0.6,0
e2-blocking-50,binary,50,bot_29,3836,w,7,4.67,25,51.85,60,8.15,0
e2-blocking-50,binary,50,bot_29,3836,w,9,9.83,25,51.17,74,22.83,0
e2-blocking-50,binary,50,bot_29,3836,w,11,14.14,25,67.77,88,20.23,0
e2-blocking-50,binary,50,bot_29,3836,w,13,6.01,25,62.72,77,14.28,0
e2-blocking-50,binary,50,bot_29,3836,w,15,10.57,25,89.59,96,6.41,0
e2-blocking-50,binary,50,bot_29,3836,w,17,5.95,25,82.73,91,8.27,0
e2-blocking-50,binary,50,bot_29,3836,w,19,59.28,25,99.31,105,5.69,0
e2-blocking-50,binary,50,bot_29,3836,w,21,14.07,25,69.68,77,7.32,0
e2-blocking-50,binary,50,bot_29,3836,w,23,9.14,25,109.36,115,5.64,0
e2-blocking-50,binary,50,bot_29,3836,w,25,50.03,25,79.21,137,57.79,0
e2-blocking-50,binary,50,bot_29,3836,w,27,40.19,25,95.47,157,61.53,0
e2-blocking-50,binary,50,bot_29,3836,w,29,46.44,25,98.9,136,37.1,0
e2-blocking-50,binary,50,bot_29,3836,w,31,42.07,25,106.69,130,23.31,0
e2-blocking-50,binary,50,bot_29,3836,w,33,33.77,25,128.96,157,28.04,0
e2-blocking-50,binary,50,bot_29,3836,w,35,27.56,25,135.84,156,20.16,0
e2-blocking-50,binary,50,bot_29,3836,w,37,20.12,25,145.32,166,20.68,0
e2-blocking-50,binary,50,bot_29,3836,w,39,18.32,25,147.42,166,18.58,0
e2-blocking-50,binary,50,bot_29,3836,w,41,78.76,25,141.48,151,9.52,0
e2-blocking-50,binary,50,bot_29,3836,w,43,68.76,25,97.89,169,71.11,0
e2-blocking-50,binary,50,bot_29,3836,w,45,69.53,25,104.82,171,66.18,0
e2-blocking-50,binary,50,bot_29,3836,w,47,59.2,25,111.46,171,59.54,0
e2-blocking-50,binary,50,bot_29,3836,w,49,64.76,25,113.23,175,61.77,0
e2-blocking-50,binary,50,bot_29,3836,w,51,43.78,25,118.2,171,52.8,0
e2-blocking-50,binary,50,bot_29,3836,w,53,50.41,25,141.36,183,41.64,0
e2-blocking-50,binary,50,bot_29,3836,w,55,47.77,25,137.14,174,36.86,0
e2-blocking-50,binary,50,bot_29,3836,w,57,39.83,25,143.94,177,33.06,0
e2-blocking-50,binary,50,bot_29,3836,w,59,32.46,25,111.48,135,23.52,0
e2-blocking-50,binary,50,bot_30,3836,b,2,8.04,25,71,75,4,0
e2-blocking-50,binary,50,bot_30,3836,b,4,5.87,25,63.15,71,7.85,0
e2-blocking-50,binary,50,bot_30,3836,b,6,15.33,25,56.07,66,9.93,0
e2-blocking-50,binary,50,bot_30,3836,b,8,30.47,25,62.56,65,2.44,0
e2-blocking-50,binary,50,bot_30,3836,b,10,25.63,25,64.02,72,7.98,0
e2-blocking-50,binary,50,bot_30,3836,b,12,20.62,25,54.43,67,12.57,0
e2-blocking-50,binary,50,bot_30,3836,b,14,12.77,25,73.66,77,3.34,0
e2-blocking-50,binary,50,bot_30,3836,b,16,14.7,25,95.7,105,9.3,0
e2-blocking-50,binary,50,bot_30,3836,b,18,11.9,25,96.51,100,3.49,0
e2-blocking-50,binary,50,bot_30,3836,b,20,12.86,25,55.77,112,56.23,0
e2-blocking-50,binary,50,bot_30,3836,b,22,11.01,25,81.63,94,12.37,0
e2-blocking-50,binary,50,bot_30,3836,b,24,64.38,25,112.28,119,6.72,0
e2-blocking-50,binary,50,bot_30,3836,b,26,68.03,25,87.25,135,47.75,0
e2-blocking-50,binary,50,bot_30,3836,b,28,43.65,25,95.03,133,37.97,0
e2-blocking-50,binary,50,bot_30,3836,b,30,29.45,25,116.45,161,44.55,0
e2-blocking-50,binary,50,bot_30,3836,b,32,33.91,25,128.61,169,40.39,0
e2-blocking-50,binary,50,bot_30,3836,b,34,26.86,25,134.96,166,31.04,0
e2-blocking-50,binary,50,bot_30,3836,b,36,26.65,25,137.67,164,26.33,0
e2-blocking-50,binary,50,bot_30,3836,b,38,24.96,25,160.17,178,17.83,0
e2-blocking-50,binary,50,bot_30,3836,b,40,15.36,25,161.91,179,17.09,0
e2-blocking-50,binary,50,bot_30,3836,b,42,78.47,25,117.71,193,75.29,0
e2-blocking-50,binary,50,bot_30,3836,b,44,73.1,25,109.1,174,64.9,0
e2-blocking-50,binary,50,bot_30,3836,b,46,66.63,25,118.86,185,66.14,0
e2-blocking-50,binary,50,bot_30,3836,b,48,69.43,25,127.18,183,55.82,0
e2-blocking-50,binary,50,bot_30,3836,b,50,61.33,25,133.17,195,61.83,0
e2-blocking-50,binary,50,bot_30,3836,b,52,49.16,25,144.58,185,40.42,0
e2-blocking-50,binary,50,bot_30,3836,b,54,44.75,25,139.03,186,46.97,0
e2-blocking-50,binary,50,bot_30,3836,b,56,40.18,25,155.75,200,44.25,0
e2-blocking-50,binary,50,bot_30,3836,b,58,31.5,25,160.36,196,35.64,0
e2-blocking-50,binary,50,bot_30,3836,b,60,21.52,25,126.88,156,29.12,0
e2-blocking-50,binary,50,bot_31,3837,w,1,3.16,25,71.44,72,0.56,0
e2-blocking-50,binary,50,bot_31,3837,w,3,13.13,25,63.95,71,7.05,0
e2-blocking-50,binary,50,bot_31,3837,w,5,10.54,25,60.82,69,8.18,0
e2-blocking-50,binary,50,bot_31,3837,w,7,19.56,25,66.09,73,6.91,0
e2-blocking-50,binary,50,bot_31,3837,w,9,14.3,25,75.75,83,7.25,0
e2-blocking-50,binary,50,bot_31,3837,w,11,12.74,25,64.2,73,8.8,0
e2-blocking-50,binary,50,bot_31,3837,w,13,8.41,25,78.74,80,1.26,0
e2-blocking-50,binary,50,bot_31,3837,w,15,37.05,25,92.91,120,27.09,0
e2-blocking-50,binary,50,bot_31,3837,w,17,44.63,25,89.37,106,16.63,0
e2-blocking-50,binary,50,bot_31,3837,w,19,4.83,25,62.83,103,40.17,0
e2-blocking-50,binary,50,bot_31,3837,w,21,31.03,25,78.27,105,26.73,0
e2-blocking-50,binary,50,bot_31,3837,w,23,38.48,25,94.62,130,35.38,0
e2-blocking-50,binary,50,bot_31,3837,w,25,45.16,25,110.31,146,35.69,0
e2-blocking-50,binary,50,bot_31,3837,w,27,29.18,25,109.3,138,28.7,0
e2-blocking-50,binary,50,bot_31,3837,w,29,16.21,25,129.71,160,30.29,0
e2-blocking-50,binary,50,bot_31,3837,w,31,18.23,25,144.5,172,27.5,0
e2-blocking-50,binary,50,bot_31,3837,w,33,17.43,25,143.89,164,20.11,0
e2-blocking-50,binary,50,bot_31,3837,w,35,88.26,25,153.02,167,13.98,0
e2-blocking-50,binary,50,bot_31,3837,w,37,61.31,25,113.58,179,65.42,0
e2-blocking-50,binary,50,bot_31,3837,w,39,62.14,25,113.16,172,58.84,0
e2-blocking-50,binary,50,bot_31,3837,w,41,67.85,25,127.43,181,53.57,0
e2-blocking-50,binary,50,bot_31,3837,w,43,61.85,25,119.22,169,49.78,0
e2-blocking-50,binary,50,bot_31,3837,w,45,55.29,25,129.84,175,45.16,0
e2-blocking-50,binary,50,bot_31,3837,w,47,55.97,25,140.5,177,36.5,0
e2-blocking-50,binary,50,bot_31,3837,w,49,46,25,148.09,191,42.91,0
e2-blocking-50,binary,50,bot_31,3837,w,51,34.8,25,158.48,179,20.52,0
e2-blocking-50,binary,50,bot_31,3837,w,53,29.96,25,153.46,181,27.54,0
e2-blocking-50,binary,50,bot_31,3837,w,55,25.25,25,170.35,194,23.65,0
e2-blocking-50,binary,50,bot_31,3837,w,57,18.67,25,172.81,187,14.19,0
e2-blocking-50,binary,50,bot_31,3837,w,59,64.6,25,139.86,149,9.14,0
e2-blocking-50,binary,50,bot_32,3837,b,2,8.43,25,77.2,78,0.8,0
e2-blocking-50,binary,50,bot_32,3837,b,4,9.81,25,64.57,76,11.43,0
e2-blocking-50,binary,50,bot_32,3837,b,6,8.96,25,54.21,62,7.79,0
e2-blocking-50,binary,50,bot_32,3837,b,8,7.44,25,53.45,70,16.55,0
e2-blocking-50,binary,50,bot_32,3837,b,10,9.36,25,72.76,85,12.24,0
e2-blocking-50,binary,50,bot_32,3837,b,12,2.39,25,64.32,74,9.68,0
e2-blocking-50,binary,50,bot_32,3837,b,14,28.06,25,93.97,100,6.03,0
e2-blocking-50,binary,50,bot_32,3837,b,16,18.44,25,52.34,88,35.66,0
e2-blocking-50,binary,50,bot_32,3837,b,18,40.18,25,70.37,113,42.63,0
e2-blocking-50,binary,50,bot_32,3837,b,20,26.56,25,77.88,81,3.12,0
e2-blocking-50,binary,50,bot_32,3837,b,22,36.48,25,88.69,117,28.31,0
e2-blocking-50,binary,50,bot_32,3837,b,24,36.53,25,92.26,128,35.74,0
e2-blocking-50,binary,50,bot_32,3837,b,26,30.75,25,104.3,147,42.7,0
e2-blocking-50,binary,50,bot_32,3837,b,28,31.49,25,114.24,142,27.76,0
e2-blocking-50,binary,50,bot_32,3837,b,30,28.4,25,120.22,134,13.78,0
e2-blocking-50,binary,50,bot_32,3837,b,32,21.28,25,142.73,158,15.27,0
e2-blocking-50,binary,50,bot_32,3837,b,34,13.61,25,149.4,165,15.6,0
e2-blocking-50,binary,50,bot_32,3837,b,36,67.43,25,95.02,181,85.98,0
e2-blocking-50,binary,50,bot_32,3837,b,38,60.19,25,112.78,172,59.22,0
e2-blocking-50,binary,50,bot_32,3837,b,40,59.27,25,93.12,153,59.88,0
e2-blocking-50,binary,50,bot_32,3837,b,42,53.63,25,113.15,178,64.85,0
e2-blocking-50,binary,50,bot_32,3837,b,44,49.71,25,125.58,184,58.42,0
e2-blocking-50,binary,50,bot_32,3837,b,46,40.79,25,130.41,182,51.59,0
e2-blocking-50,binary,50,bot_32,3837,b,48,46.38,25,131.61,183,51.39,0
e2-blocking-50,binary,50,bot_32,3837,b,50,24.73,25,137.86,180,42.14,0
e2-blocking-50,binary,50,bot_32,3837,b,52,31.67,25,160,190,30,0
e2-blocking-50,binary,50,bot_32,3837,b,54,27.88,25,156.99,185,28.01,0
e2-blocking-50,binary,50,bot_32,3837,b,56,18.97,25,165.36,187,21.64,0
e2-blocking-50,binary,50,bot_32,3837,b,58,13.79,25,130.46,145,14.54,0
e2-blocking-50,binary,50,bot_32,3837,b,60,59.12,25,73.36,134,60.64,0
e2-blocking-50,binary,50,bot_33,3838,w,1,6.71,25,77.82,78,0.18,0
e2-blocking-50,binary,50,bot_33,3838,w,3,11.38,25,63.11,73,9.89,0
e2-blocking-50,binary,50,bot_33,3838,w,5,10.63,25,52.41,62,9.59,0
e2-blocking-50,binary,50,bot_33,3838,w,7,8.96,25,52.04,74,21.96,0
e2-blocking-50,binary,50,bot_33,3838,w,9,10.89,25,71.2,87,15.8,0
e2-blocking-50,binary,50,bot_33,3838,w,11,3.9,25,63.03,78,14.97,0
e2-blocking-50,binary,50,bot_33,3838,w,13,7.85,25,91.73,99,7.27,0
e2-blocking-50,binary,50,bot_33,3838,w,15,3,25,50.6,97,46.4,0
e2-blocking-50,binary,50,bot_33,3838,w,17,43.16,25,67.81,111,43.19,0
e2-blocking-50,binary,50,bot_33,3838,w,19,7.55,25,76.04,81,4.96,0
e2-blocking-50,binary,50,bot_33,3838,w,21,36.7,25,89.08,121,31.92,0
e2-blocking-50,binary,50,bot_33,3838,w,23,40.37,25,88,128,40,0
e2-blocking-50,binary,50,bot_33,3838,w,25,30.93,25,104.47,155,50.53,0
e2-blocking-50,binary,50,bot_33,3838,w,27,36.67,25,108.73,138,29.27,0
e2-blocking-50,binary,50,bot_33,3838,w,29,34.2,25,114.42,129,14.58,0
e2-blocking-50,binary,50,bot_33,3838,w,31,26.05,25,137.61,153,15.39,0
e2-blocking-50,binary,50,bot_33,3838,w,33,17.85,25,145.21,162,16.79,0
e2-blocking-50,binary,50,bot_33,3838,w,35,84.07,25,154.12,165,10.88,0
e2-blocking-50,binary,50,bot_33,3838,w,37,65.93,25,106.75,167,60.25,0
e2-blocking-50,binary,50,bot_33,3838,w,39,63.36,25,88.99,150,61.01,0
e2-blocking-50,binary,50,bot_33,3838,w,41,59.15,25,107.97,173,65.03,0
e2-blocking-50,binary,50,bot_33,3838,w,43,56.34,25,118.57,178,59.43,0
e2-blocking-50,binary,50,bot_33,3838,w,45,46.64,25,124.49,176,51.51,0
e2-blocking-50,binary,50,bot_33,3838,w,47,52.62,25,125.19,178,52.81,0
e2-blocking-50,binary,50,bot_33,3838,w,49,29.84,25,132.4,175,42.6,0
e2-blocking-50,binary,50,bot_33,3838,w,51,36.77,25,155.29,187,31.71,0
e2-blocking-50,binary,50,bot_33,3838,w,53,32.95,25,151.74,179,27.26,0
e2-blocking-50,binary,50,bot_33,3838,w,55,24.15,25,159.83,183,23.17,0
e2-blocking-50,binary,50,bot_33,3838,w,57,17.71,25,126.32,142,15.68,0
e2-blocking-50,binary,50,bot_33,3838,w,59,67.84,25,121.18,126,4.82,0
e2-blocking-50,binary,50,bot_34,3838,b,2,12.26,25,63.88,68,4.13,0
e2-blocking-50,binary,50,bot_34,3838,b,4,12.05,25,59.41,67,7.59,0
e2-blocking-50,binary,50,bot_34,3838,b,6,24.67,25,61.17,66,4.83,0
e2-blocking-50,binary,50,bot_34,3838,b,8,18.26,25,71.98,76,4.02,0
e2-blocking-50,binary,50,bot_34,3838,b,10,17.32,25,58.66,64,5.34,0
e2-blocking-50,binary,50,bot_34,3838,b,12,9.85,25,76.86,76,-0.86,0
e2-blocking-50,binary,50,bot_34,3838,b,14,49.02,25,102.33,107,4.67,0
e2-blocking-50,binary,50,bot_34,3838,b,16,46.36,25,105.09,103,-2.09,0
e2-blocking-50,binary,50,bot_34,3838,b,18,7.04,25,61.17,101,39.83,0
e2-blocking-50,binary,50,bot_34,3838,b,20,34.19,25,96,100,4,0
e2-blocking-50,binary,50,bot_34,3838,b,22,42.42,25,90.41,123,32.59,0
e2-blocking-50,binary,50,bot_34,3838,b,24,53,25,102.36,139,36.64,0
e2-blocking-50,binary,50,bot_34,3838,b,26,30.86,25,107.55,134,26.45,0
e2-blocking-50,binary,50,bot_34,3838,b,28,17.48,25,128.63,162,33.37,0
e2-blocking-50,binary,50,bot_34,3838,b,30,18.22,25,144.78,175,30.22,0
e2-blocking-50,binary,50,bot_34,3838,b,32,19.06,25,142.53,165,22.47,0
e2-blocking-50,binary,50,bot_34,3838,b,34,13.35,25,151.68,166,14.32,0
e2-blocking-50,binary,50,bot_34,3838,b,36,63,25,112.27,193,80.73,0
e2-blocking-50,binary,50,bot_34,3838,b,38,62.96,25,112.15,174,61.85,0
e2-blocking-50,binary,50,bot_34,3838,b,40,69.45,25,126.26,183,56.74,0
e2-blocking-50,binary,50,bot_34,3838,b,42,63.44,25,118.01,170,51.99,0
e2-blocking-50,binary,50,bot_34,3838,b,44,56.73,25,128.8,178,49.2,0
e2-blocking-50,binary,50,bot_34,3838,b,46,57.39,25,139.18,179,39.82,0
e2-blocking-50,binary,50,bot_34,3838,b,48,48.04,25,146.47,193,46.53,0
e2-blocking-50,binary,50,bot_34,3838,b,50,37.01,25,156.35,180,23.65,0
e2-blocking-50,binary,50,bot_34,3838,b,52,31.35,25,152.39,184,31.61,0
e2-blocking-50,binary,50,bot_34,3838,b,54,26.81,25,168.69,195,26.31,0
e2-blocking-50,binary,50,bot_34,3838,b,56,20.23,25,171.61,189,17.39,0
e2-blocking-50,binary,50,bot_34,3838,b,58,9.01,25,138.33,150,11.67,0
e2-blocking-50,binary,50,bot_34,3838,b,60,59.34,25,82.72,145,62.28,0
e2-blocking-50,binary,50,bot_35,3839,w,1,15.76,25,54.32,77,22.68,0
e2-blocking-50,binary,50,bot_35,3839,w,3,6.13,25,63.86,74,10.14,0
e2-blocking-50,binary,50,bot_35,3839,w,5,4.21,25,57.43,59,1.57,0
e2-blocking-50,binary,50,bot_35,3839,w,7,20.29,25,78.95,84,5.05,0
e2-blocking-50,binary,50,bot_35,3839,w,9,14.05,25,55.16,73,17.84,0
e2-blocking-50,binary,50,bot_35,3839,w,11,23.71,25,72.94,89,16.06,0
e2-blocking-50,binary,50,bot_35,3839,w,13,36.67,25,71.94,100,28.06,0
e2-blocking-50,binary,50,bot_35,3839,w,15,36.49,25,82.84,98,15.16,0
e2-blocking-50,binary,50,bot_35,3839,w,17,27.43,25,75.6,108,32.4,0
e2-blocking-50,binary,50,bot_35,3839,w,19,5.65,25,75.37,81,5.63,0
e2-blocking-50,binary,50,bot_35,3839,w,21,41.07,25,82.36,126,43.64,0
e2-blocking-50,binary,50,bot_35,3839,w,23,35.44,25,99.55,132,32.45,0
e2-blocking-50,binary,50,bot_35,3839,w,25,34.84,25,98.27,133,34.73,0
e2-blocking-50,binary,50,bot_35,3839,w,27,31.75,25,137.77,162,24.23,0
e2-blocking-50,binary,50,bot_35,3839,w,29,79.18,25,159.07,170,10.93,0
e2-blocking-50,binary,50,bot_35,3839,w,31,64.5,25,97.77,163,65.23,0
e2-blocking-50,binary,50,bot_35,3839,w,33,59.75,25,104.28,162,57.72,0
e2-blocking-50,binary,50,bot_35,3839,w,35,67.77,25,116.74,167,50.26,0
e2-blocking-50,binary,50,bot_35,3839,w,37,52.81,25,123.71,174,50.29,0
e2-blocking-50,binary,50,bot_35,3839,w,39,43.89,25,140.37,171,30.63,0
e2-blocking-50,binary,50,bot_35,3839,w,41,41.04,25,131.59,167,35.41,0
e2-blocking-50,binary,50,bot_35,3839,w,43,34.13,25,152.2,181,28.8,0
e2-blocking-50,binary,50,bot_35,3839,w,45,26.78,25,157.79,178,20.21,0
e2-blocking-50,binary,50,bot_35,3839,w,47,18.73,25,173.25,189,15.75,0
e2-blocking-50,binary,50,bot_35,3839,w,49,13.4,25,167.67,179,11.33,0
e2-blocking-50,binary,50,bot_35,3839,w,51,77.65,25,106.51,199,92.49,0
e2-blocking-50,binary,50,bot_35,3839,w,53,79.86,25,115.22,187,71.78,0
e2-blocking-50,binary,50,bot_35,3839,w,55,71.22,25,120.67,189,68.33,0
e2-blocking-50,binary,50,bot_35,3839,w,57,45.23,25,104.28,153,48.72,0
e2-blocking-50,binary,50,bot_35,3839,w,59,37.21,25,105.4,141,35.6,0
e2-blocking-50,binary,50,bot_36,3839,b,2,11.7,25,52.53,62,9.47,0
e2-blocking-50,binary,50,bot_36,3839,b,4,4.35,25,53.32,53,-0.32,0
e2-blocking-50,binary,50,bot_36,3839,b,6,6.32,25,71.56,69,-2.56,0
e2-blocking-50,binary,50,bot_36,3839,b,8,21.11,25,65.69,79,13.31,0
e2-blocking-50,binary,50,bot_36,3839,b,10,18.09,25,62.27,67,4.73,0
e2-blocking-50,binary,50,bot_36,3839,b,12,31.44,25,69.76,87,17.24,0
e2-blocking-50,binary,50,bot_36,3839,b,14,17.3,25,61.24,91,29.76,0
e2-blocking-50,binary,50,bot_36,3839,b,16,35.25,25,72.83,101,28.17,0
e2-blocking-50,binary,50,bot_36,3839,b,18,8.27,25,65.39,86,20.61,0
e2-blocking-50,binary,50,bot_36,3839,b,20,46.44,25,109.15,108,-1.15,0
e2-blocking-50,binary,50,bot_36,3839,b,22,35,25,94.84,129,34.16,0
e2-blocking-50,binary,50,bot_36,3839,b,24,37.91,25,122.56,151,28.44,0
e2-blocking-50,binary,50,bot_36,3839,b,26,26.99,25,107.81,136,28.19,0
e2-blocking-50,binary,50,bot_36,3839,b,28,13.75,25,99.75,124,24.25,0
e2-blocking-50,binary,50,bot_36,3839,b,30,67.79,25,94.88,167,72.12,0
e2-blocking-50,binary,50,bot_36,3839,b,32,59.26,25,104.08,163,58.92,0
e2-blocking-50,binary,50,bot_36,3839,b,34,52.71,25,112.39,165,52.61,0
e2-blocking-50,binary,50,bot_36,3839,b,36,52.13,25,114.78,175,60.22,0
e2-blocking-50,binary,50,bot_36,3839,b,38,35.78,25,114.88,161,46.12,0
e2-blocking-50,binary,50,bot_36,3839,b,40,41.78,25,135.25,169,33.75,0
e2-blocking-50,binary,50,bot_36,3839,b,42,35.43,25,137.88,170,32.12,0
e2-blocking-50,binary,50,bot_36,3839,b,44,26.36,25,145.32,170,24.68,0
e2-blocking-50,binary,50,bot_36,3839,b,46,21.32,25,162.89,180,17.11,0
e2-blocking-50,binary,50,bot_36,3839,b,48,16.99,25,160.84,170,9.16,0
e2-blocking-50,binary,50,bot_36,3839,b,50,97.88,25,179.01,183,3.99,0
e2-blocking-50,binary,50,bot_36,3839,b,52,78.35,25,107.04,176,68.96,0
e2-blocking-50,binary,50,bot_36,3839,b,54,74.09,25,110.07,181,70.93,0
e2-blocking-50,binary,50,bot_36,3839,b,56,55.05,25,90.17,151,60.83,0
e2-blocking-50,binary,50,bot_36,3839,b,58,40.88,25,86.94,123,36.06,0
e2-blocking-50,binary,50,bot_36,3839,b,60,29.74,25,94.75,123,28.25,0
e2-blocking-50,binary,50,bot_37,3840,w,1,4.4,25,64.87,66,1.13,0
e2-blocking-50,binary,50,bot_37,3840,w,3,2.46,25,59.01,61,1.99,0
e2-blocking-50,binary,50,bot_37,3840,w,5,10.57,25,67.41,77,9.59,0
e2-blocking-50,binary,50,bot_37,3840,w,7,6.26,25,72.96,84,11.04,0
e2-blocking-50,binary,50,bot_37,3840,w,9,20.32,25,78.69,83,4.31,0
e2-blocking-50,binary,50,bot_37,3840,w,11,3.68,25,58.91,63,4.09,0
e2-blocking-50,binary,50,bot_37,3840,w,13,8.17,25,121.4,126,4.6,0
e2-blocking-50,binary,50,bot_37,3840,w,15,42.8,25,65.87,118,52.13,0
e2-blocking-50,binary,50,bot_37,3840,w,17,16.59,25,57.35,91,33.65,0
e2-blocking-50,binary,50,bot_37,3840,w,19,13.2,25,100.97,113,12.03,0
e2-blocking-50,binary,50,bot_37,3840,w,21,44.71,25,84.95,135,50.05,0
e2-blocking-50,binary,50,bot_37,3840,w,23,47.95,25,112.48,159,46.52,0
e2-blocking-50,binary,50,bot_37,3840,w,25,36.52,25,98.75,140,41.25,0
e2-blocking-50,binary,50,bot_37,3840,w,27,21.85,25,91.51,137,45.49,0
e2-blocking-50,binary,50,bot_37,3840,w,29,19.27,25,139.82,163,23.18,0
e2-blocking-50,binary,50,bot_37,3840,w,31,14.91,25,154.66,171,16.34,0
e2-blocking-50,binary,50,bot_37,3840,w,33,65.89,25,100.38,185,84.62,0
e2-blocking-50,binary,50,bot_37,3840,w,35,70.79,25,95.98,178,82.02,0
e2-blocking-50,binary,50,bot_37,3840,w,37,51.78,25,100.31,172,71.69,0
e2-blocking-50,binary,50,bot_37,3840,w,39,61.16,25,115.95,177,61.05,0
e2-blocking-50,binary,50,bot_37,3840,w,41,55.57,25,117.9,174,56.1,0
e2-blocking-50,binary,50,bot_37,3840,w,43,45.41,25,126.71,180,53.29,0
e2-blocking-50,binary,50,bot_37,3840,w,45,38.33,25,146.33,193,46.67,0
e2-blocking-50,binary,50,bot_37,3840,w,47,37.67,25,140.46,183,42.54,0
e2-blocking-50,binary,50,bot_37,3840,w,49,30.68,25,159.87,199,39.13,0
e2-blocking-50,binary,50,bot_37,3840,w,51,24.57,25,160.05,192,31.95,0
e2-blocking-50,binary,50,bot_37,3840,w,53,21.63,25,174.98,198,23.02,0
e2-blocking-50,binary,50,bot_37,3840,w,55,17.99,25,153.11,169,15.89,0
e2-blocking-50,binary,50,bot_37,3840,w,57,65.35,25,134.85,141,6.15,0
e2-blocking-50,binary,50,bot_37,3840,w,59,46.24,25,79.42,138,58.58,0
e2-blocking-50,binary,50,bot_38,3840,b,2,3.34,25,68.04,71,2.96,0
e2-blocking-50,binary,50,bot_38,3840,b,4,11.03,25,59.26,59,-0.26,0
e2-blocking-50,binary,50,bot_38,3840,b,6,12.66,25,71.12,79,7.88,0
e2-blocking-50,binary,50,bot_38,3840,b,8,8.44,25,65.31,69,3.69,0
e2-blocking-50,binary,50,bot_38,3840,b,10,5.54,25,64.06,82,17.94,0
e2-blocking-50,binary,50,bot_38,3840,b,12,6.56,25,90.77,92,1.23,0
e2-blocking-50,binary,50,bot_38,3840,b,14,54.67,25,87.92,94,6.08,0
e2-blocking-50,binary,50,bot_38,3840,b,16,35.62,25,67.51,108,40.49,0
e2-blocking-50,binary,50,bot_38,3840,b,18,14.58,25,66.2,82,15.8,0
e2-blocking-50,binary,50,bot_38,3840,b,20,52.67,25,111.2,123,11.8,0
e2-blocking-50,binary,50,bot_38,3840,b,22,46.82,25,87.73,131,43.27,0
e2-blocking-50,binary,50,bot_38,3840,b,24,43.63,25,88.86,135,46.14,0
e2-blocking-50,binary,50,bot_38,3840,b,26,47.32,25,122.07,157,34.93,0
e2-blocking-50,binary,50,bot_38,3840,b,28,25.13,25,144.53,165,20.47,0
e2-blocking-50,binary,50,bot_38,3840,b,30,17.14,25,142.73,159,16.27,0
e2-blocking-50,binary,50,bot_38,3840,b,32,86.74,25,145.66,158,12.34,0
e2-blocking-50,binary,50,bot_38,3840,b,34,84.27,25,99.4,164,64.6,0
e2-blocking-50,binary,50,bot_38,3840,b,36,73.48,25,102.96,173,70.04,0
e2-blocking-50,binary,50,bot_38,3840,b,38,67.48,25,114.98,161,46.02,0
e2-blocking-50,binary,50,bot_38,3840,b,40,62.6,25,110.03,164,53.97,0
e2-blocking-50,binary,50,bot_38,3840,b,42,59.16,25,127.13,176,48.87,0
e2-blocking-50,binary,50,bot_38,3840,b,44,53.22,25,131.27,171,39.73,0
e2-blocking-50,binary,50,bot_38,3840,b,46,48.23,25,143.37,175,31.63,0
e2-blocking-50,binary,50,bot_38,3840,b,48,45.32,25,135.19,167,31.81,0
e2-blocking-50,binary,50,bot_38,3840,b,50,36.73,25,153.45,177,23.55,0
e2-blocking-50,binary,50,bot_38,3840,b,52,27.23,25,156.24,174,17.76,0
e2-blocking-50,binary,50,bot_38,3840,b,54,21.89,25,162.65,177,14.35,0
e2-blocking-50,binary,50,bot_38,3840,b,56,11.7,25,128.35,140,11.65,0
e2-blocking-50,binary,50,bot_38,3840,b,58,64.69,25,77.26,136,58.74,0
e2-blocking-50,binary,50,bot_38,3840,b,60,57.96,25,77.84,118,40.16,0
e2-blocking-50,binary,50,bot_39,3841,w,1,8.05,25,62.03,74,11.97,0
e2-blocking-50,binary,50,bot_39,3841,w,3,6.09,25,55.61,58,2.39,0
e2-blocking-50,binary,50,bot_39,3841,w,5,6.57,25,77.46,84,6.54,0
e2-blocking-50,binary,50,bot_39,3841,w,7,15.3,25,54.28,79,24.72,0
e2-blocking-50,binary,50,bot_39,3841,w,9,24.81,25,71.8,90,18.2,0
e2-blocking-50,binary,50,bot_39,3841,w,11,40.22,25,68.11,100,31.89,0
e2-blocking-50,binary,50,bot_39,3841,w,13,39.86,25,79.22,99,19.78,0
e2-blocking-50,binary,50,bot_39,3841,w,15,30.98,25,72.37,109,36.63,0
e2-blocking-50,binary,50,bot_39,3841,w,17,7.18,25,73.83,84,10.17,0
e2-blocking-50,binary,50,bot_39,3841,w,19,42.52,25,121.78,131,9.22,0
e2-blocking-50,binary,50,bot_39,3841,w,21,35.88,25,99.45,137,37.55,0
e2-blocking-50,binary,50,bot_39,3841,w,23,37.43,25,95.67,136,40.33,0
e2-blocking-50,binary,50,bot_39,3841,w,25,35.96,25,133.72,163,29.28,0
e2-blocking-50,binary,50,bot_39,3841,w,27,15.47,25,154.26,172,17.74,0
e2-blocking-50,binary,50,bot_39,3841,w,29,70.37,25,92.48,173,80.52,0
e2-blocking-50,binary,50,bot_39,3841,w,31,65.63,25,98.9,163,64.1,0
e2-blocking-50,binary,50,bot_39,3841,w,33,72.98,25,111.25,169,57.75,0
e2-blocking-50,binary,50,bot_39,3841,w,35,58.7,25,118.16,175,56.84,0
e2-blocking-50,binary,50,bot_39,3841,w,37,51.44,25,132.14,168,35.86,0
e2-blocking-50,binary,50,bot_39,3841,w,39,45.63,25,126.95,169,42.05,0
e2-blocking-50,binary,50,bot_39,3841,w,41,41.49,25,144.8,181,36.2,0
e2-blocking-50,binary,50,bot_39,3841,w,43,33.52,25,151.18,178,26.82,0
e2-blocking-50,binary,50,bot_39,3841,w,45,26.48,25,165.2,184,18.8,0
e2-blocking-50,binary,50,bot_39,3841,w,47,23.03,25,158.11,176,17.89,0
e2-blocking-50,binary,50,bot_39,3841,w,49,15.61,25,175.49,185,9.51,0
e2-blocking-50,binary,50,bot_39,3841,w,51,88.27,25,106.24,193,86.76,0
e2-blocking-50,binary,50,bot_39,3841,w,53,77.98,25,113.79,187,73.21,0
e2-blocking-50,binary,50,bot_39,3841,w,55,55.64,25,93.89,146,52.11,0
e2-blocking-50,binary,50,bot_39,3841,w,57,47.57,25,94.43,136,41.57,0
e2-blocking-50,binary,50,bot_39,3841,w,59,37.79,25,97.98,125,27.02,0
e2-blocking-50,binary,50,bot_40,3841,b,2,4.96,25,52.83,60,7.17,0
e2-blocking-50,binary,50,bot_40,3841,b,4,8.09,25,70.11,73,2.89,0
e2-blocking-50,binary,50,bot_40,3841,b,6,26.54,25,75.23,79,3.77,0
e2-blocking-50,binary,50,bot_40,3841,b,8,19.17,25,61.27,73,11.73,0
e2-blocking-50,binary,50,bot_40,3841,b,10,33.65,25,67.55,89,21.45,0
e2-blocking-50,binary,50,bot_40,3841,b,12,21.17,25,57.51,95,37.49,0
e2-blocking-50,binary,50,bot_40,3841,b,14,38.17,25,69.8,107,37.2,0
e2-blocking-50,binary,50,bot_40,3841,b,16,11.36,25,62.85,91,28.15,0
e2-blocking-50,binary,50,bot_40,3841,b,18,9.41,25,104.95,109,4.05,0
e2-blocking-50,binary,50,bot_40,3841,b,20,39.62,25,89.98,130,40.02,0
e2-blocking-50,binary,50,bot_40,3841,b,22,42.22,25,118.33,150,31.67,0
e2-blocking-50,binary,50,bot_40,3841,b,24,30.55,25,104.43,139,34.57,0
e2-blocking-50,binary,50,bot_40,3841,b,26,18.02,25,95.45,127,31.55,0
e2-blocking-50,binary,50,bot_40,3841,b,28,82.68,25,148.02,161,12.98,0
e2-blocking-50,binary,50,bot_40,3841,b,30,65.21,25,98.49,166,67.51,0
e2-blocking-50,binary,50,bot_40,3841,b,32,57.67,25,107.59,169,61.41,0
e2-blocking-50,binary,50,bot_40,3841,b,34,58.52,25,108.27,178,69.73,0
e2-blocking-50,binary,50,bot_40,3841,b,36,40,25,110.92,166,55.08,0
e2-blocking-50,binary,50,bot_40,3841,b,38,47.47,25,129.6,173,43.4,0
e2-blocking-50,binary,50,bot_40,3841,b,40,41.21,25,131.9,172,40.1,0
e2-blocking-50,binary,50,bot_40,3841,b,42,31.68,25,140.12,175,34.88,0
e2-blocking-50,binary,50,bot_40,3841,b,44,24.03,25,160.32,186,25.68,0
e2-blocking-50,binary,50,bot_40,3841,b,46,22.91,25,155.23,173,17.77,0
e2-blocking-50,binary,50,bot_40,3841,b,48,14.88,25,175.23,192,16.77,0
e2-blocking-50,binary,50,bot_40,3841,b,50,92.23,25,173.64,182,8.36,0
e2-blocking-50,binary,50,bot_40,3841,b,52,79.19,25,105.39,189,83.61,0
e2-blocking-50,binary,50,bot_40,3841,b,54,56.6,25,87.37,160,72.63,0
e2-blocking-50,binary,50,bot_40,3841,b,56,46.3,25,82.38,131,48.62,0
e2-blocking-50,binary,50,bot_40,3841,b,58,32.63,25,92.01,135,42.99,0
e2-blocking-50,binary,50,bot_40,3841,b,60,15.84,25,103.91,136,32.09,0
e2-blocking-50,binary,50,bot_41,3842,w,1,3.25,25,62.24,54,-8.24,0
e2-blocking-50,binary,50,bot_41,3842,w,3,7.91,25,77.66,73,-4.66,0
e2-blocking-50,binary,50,bot_41,3842,w,5,6.15,25,83.89,78,-5.89,0
e2-blocking-50,binary,50,bot_41,3842,w,7,16.98,25,84.26,80,-4.26,0
e2-blocking-50,binary,50,bot_41,3842,w,9,11.16,25,73.85,71,-2.85,0
e2-blocking-50,binary,50,bot_41,3842,w,11,29.14,25,100.91,107,6.09,0
e2-blocking-50,binary,50,bot_41,3842,w,13,28.71,25,105.15,105,-0.15,0
e2-blocking-50,binary,50,bot_41,3842,w,15,15.18,25,73.34,90,16.66,0
e2-blocking-50,binary,50,bot_41,3842,w,17,20.1,25,89.33,94,4.67,0
e2-blocking-50,binary,50,bot_41,3842,w,19,25.38,25,107.55,119,11.45,0
e2-blocking-50,binary,50,bot_41,3842,w,21,25.54,25,128.5,141,12.5,0
e2-blocking-50,binary,50,bot_41,3842,w,23,16.69,25,121.41,129,7.59,0
e2-blocking-50,binary,50,bot_41,3842,w,25,9.05,25,136.36,141,4.64,0
e2-blocking-50,binary,50,bot_41,3842,w,27,65.92,25,92.95,169,76.05,0
e2-blocking-50,binary,50,bot_41,3842,w,29,63.8,25,104.81,156,51.19,0
e2-blocking-50,binary,50,bot_41,3842,w,31,58.11,25,115.66,162,46.34,0
e2-blocking-50,binary,50,bot_41,3842,w,33,48.81,25,126.16,169,42.84,0
e2-blocking-50,binary,50,bot_41,3842,w,35,46.97,25,128.5,165,36.5,0
e2-blocking-50,binary,50,bot_41,3842,w,37,51.14,25,143.52,180,36.48,0
e2-blocking-50,binary,50,bot_41,3842,w,39,43.1,25,137.52,167,29.48,0
e2-blocking-50,binary,50,bot_41,3842,w,41,40.24,25,144.93,171,26.07,0
e2-blocking-50,binary,50,bot_41,3842,w,43,36.92,25,160.25,178,17.75,0
e2-blocking-50,binary,50,bot_41,3842,w,45,24.78,25,168.7,190,21.3,0
e2-blocking-50,binary,50,bot_41,3842,w,47,17.56,25,175.79,183,7.21,0
e2-blocking-50,binary,50,bot_41,3842,w,49,13.04,25,170.87,175,4.13,0
e2-blocking-50,binary,50,bot_41,3842,w,51,76.88,25,119.05,200,80.95,0
e2-blocking-50,binary,50,bot_41,3842,w,53,57.67,25,111.18,174,62.82,0
e2-blocking-50,binary,50,bot_41,3842,w,55,47.81,25,95.49,135,39.51,0
e2-blocking-50,binary,50,bot_41,3842,w,57,46.99,25,94.18,130,35.82,0
e2-blocking-50,binary,50,bot_41,3842,w,59,49.24,25,95.76,124,28.24,0
e2-blocking-50,binary,50,bot_42,3842,b,2,4.22,25,58.52,61,2.48,0
e2-blocking-50,binary,50,bot_42,3842,b,4,3.61,25,57.78,63,5.22,0
e2-blocking-50,binary,50,bot_42,3842,b,6,6.04,25,76.16,81,4.84,0
e2-blocking-50,binary,50,bot_42,3842,b,8,7.5,25,54.14,68,13.86,0
e2-blocking-50,binary,50,bot_42,3842,b,10,16.11,25,88.91,99,10.09,0
e2-blocking-50,binary,50,bot_42,3842,b,12,10.89,25,60.04,88,27.96,0
e2-blocking-50,binary,50,bot_42,3842,b,14,26.61,25,83.88,111,27.12,0
e2-blocking-50,binary,50,bot_42,3842,b,16,15.25,25,69.98,83,13.02,0
e2-blocking-50,binary,50,bot_42,3842,b,18,22.5,25,103.13,120,16.87,0
e2-blocking-50,binary,50,bot_42,3842,b,20,22.6,25,107.63,131,23.37,0
e2-blocking-50,binary,50,bot_42,3842,b,22,18.63,25,115.75,138,22.25,0
e2-blocking-50,binary,50,bot_42,3842,b,24,15.37,25,131.6,146,14.4,0
e2-blocking-50,binary,50,bot_42,3842,b,26,84.71,25,137.85,145,7.15,0
e2-blocking-50,binary,50,bot_42,3842,b,28,60.27,25,99.69,164,64.31,0
e2-blocking-50,binary,50,bot_42,3842,b,30,56.98,25,99.5,161,61.5,0
e2-blocking-50,binary,50,bot_42,3842,b,32,53.48,25,109.03,164,54.97,0
e2-blocking-50,binary,50,bot_42,3842,b,34,47.43,25,125.06,171,45.94,0
e2-blocking-50,binary,50,bot_42,3842,b,36,47.98,25,105.2,151,45.8,0
e2-blocking-50,binary,50,bot_42,3842,b,38,40.91,25,125.97,171,45.03,0
e2-blocking-50,binary,50,bot_42,3842,b,40,36.58,25,139.39,176,36.61,0
e2-blocking-50,binary,50,bot_42,3842,b,42,28.65,25,142.21,177,34.79,0
e2-blocking-50,binary,50,bot_42,3842,b,44,32.07,25,145.74,177,31.26,0
e2-blocking-50,binary,50,bot_42,3842,b,46,16.75,25,146.14,166,19.86,0
e2-blocking-50,binary,50,bot_42,3842,b,48,15.68,25,176.17,188,11.83,0
e2-blocking-50,binary,50,bot_42,3842,b,50,92.22,25,174.33,182,7.67,0
e2-blocking-50,binary,50,bot_42,3842,b,52,74.16,25,111.12,183,71.88,0
e2-blocking-50,binary,50,bot_42,3842,b,54,50.87,25,92.35,145,52.65,0
e2-blocking-50,binary,50,bot_42,3842,b,56,47.14,25,84.23,126,41.77,0
e2-blocking-50,binary,50,bot_42,3842,b,58,39.33,25,80.83,122,41.17,0
e2-blocking-50,binary,50,bot_42,3842,b,60,14.02,25,68.84,112,43.16,0
e2-blocking-50,binary,50,bot_43,3843,w,1,2.16,25,56.04,51,-5.04,0
e2-blocking-50,binary,50,bot_43,3843,w,3,19.99,25,64.34,81,16.66,0
e2-blocking-50,binary,50,bot_43,3843,w,5,21.43,25,52.26,66,13.74,0
e2-blocking-50,binary,50,bot_43,3843,w,7,4.98,25,56.37,58,1.63,0
e2-blocking-50,binary,50,bot_43,3843,w,9,12.71,25,91.95,91,-0.95,0
e2-blocking-50,binary,50,bot_43,3843,w,11,6.42,25,64.37,80,15.63,0
e2-blocking-50,binary,50,bot_43,3843,w,13,18.79,25,91.49,103,11.51,0
e2-blocking-50,binary,50,bot_43,3843,w,15,11.21,25,74.16,77,2.84,0
e2-blocking-50,binary,50,bot_43,3843,w,17,15.37,25,109.81,116,6.19,0
e2-blocking-50,binary,50,bot_43,3843,w,19,14.21,25,116.18,125,8.82,0
e2-blocking-50,binary,50,bot_43,3843,w,21,10.63,25,123.43,131,7.57,0
e2-blocking-50,binary,50,bot_43,3843,w,23,82.41,25,86.99,151,64.01,0
e2-blocking-50,binary,50,bot_43,3843,w,25,64.45,25,105.89,145,39.11,0
e2-blocking-50,binary,50,bot_43,3843,w,27,48.56,25,111.4,157,45.6,0
e2-blocking-50,binary,50,bot_43,3843,w,29,43.73,25,112.69,157,44.31,0
e2-blocking-50,binary,50,bot_43,3843,w,31,39.68,25,122.67,160,37.33,0
e2-blocking-50,binary,50,bot_43,3843,w,33,31.95,25,139.64,169,29.36,0
e2-blocking-50,binary,50,bot_43,3843,w,35,32.24,25,121.73,144,22.27,0
e2-blocking-50,binary,50,bot_43,3843,w,37,27.47,25,139.3,164,24.7,0
e2-blocking-50,binary,50,bot_43,3843,w,39,20.86,25,156.07,172,15.93,0
e2-blocking-50,binary,50,bot_43,3843,w,41,15.77,25,155.06,168,12.94,0
e2-blocking-50,binary,50,bot_43,3843,w,43,12.89,25,165.01,172,6.99,0
e2-blocking-50,binary,50,bot_43,3843,w,45,83.46,25,97.7,168,70.3,0
e2-blocking-50,binary,50,bot_43,3843,w,47,72.69,25,117.9,182,64.1,0
e2-blocking-50,binary,50,bot_43,3843,w,49,69.17,25,113.67,172,58.33,0
e2-blocking-50,binary,50,bot_43,3843,w,51,58.13,25,127.23,175,47.77,0
e2-blocking-50,binary,50,bot_43,3843,w,53,37.66,25,103.28,138,34.72,0
e2-blocking-50,binary,50,bot_43,3843,w,55,33.61,25,97.83,122,24.17,0
e2-blocking-50,binary,50,bot_43,3843,w,57,27.29,25,92.62,115,22.38,0
e2-blocking-50,binary,50,bot_43,3843,w,59,16.06,25,87.23,107,19.77,0
e2-blocking-50,binary,50,bot_44,3843,b,2,23.82,25,82.42,84,1.58,0
e2-blocking-50,binary,50,bot_44,3843,b,4,20.58,25,58.44,77,18.56,0
e2-blocking-50,binary,50,bot_44,3843,b,6,8.78,25,68.65,87,18.35,0
e2-blocking-50,binary,50,bot_44,3843,b,8,6.4,25,78.73,81,2.27,0
e2-blocking-50,binary,50,bot_44,3843,b,10,23.65,25,106.55,118,11.45,0
e2-blocking-50,binary,50,bot_44,3843,b,12,19.05,25,115.44,121,5.56,0
e2-blocking-50,binary,50,bot_44,3843,b,14,9.2,25,79.45,96,16.55,0
e2-blocking-50,binary,50,bot_44,3843,b,16,13.57,25,96.25,105,8.75,0
e2-blocking-50,binary,50,bot_44,3843,b,18,15.77,25,117.31,130,12.69,0
e2-blocking-50,binary,50,bot_44,3843,b,20,15.69,25,138.55,151,12.45,0
e2-blocking-50,binary,50,bot_44,3843,b,22,71.57,25,130.03,140,9.97,0
e2-blocking-50,binary,50,bot_44,3843,b,24,46.03,25,66.78,147,80.22,0
e2-blocking-50,binary,50,bot_44,3843,b,26,53.38,25,105.56,169,63.44,0
e2-blocking-50,binary,50,bot_44,3843,b,28,51.81,25,117.22,164,46.78,0
e2-blocking-50,binary,50,bot_44,3843,b,30,43.51,25,130.44,172,41.56,0
e2-blocking-50,binary,50,bot_44,3843,b,32,36.89,25,138.69,178,39.31,0
e2-blocking-50,binary,50,bot_44,3843,b,34,30.64,25,144.61,175,30.39,0
e2-blocking-50,binary,50,bot_44,3843,b,36,35.18,25,158.29,187,28.71,0
e2-blocking-50,binary,50,bot_44,3843,b,38,25.6,25,154.03,177,22.97,0
e2-blocking-50,binary,50,bot_44,3843,b,40,23.9,25,161.74,177,15.26,0
e2-blocking-50,binary,50,bot_44,3843,b,42,17.34,25,179.59,192,12.41,0
e2-blocking-50,binary,50,bot_44,3843,b,44,78.95,25,183.52,190,6.48,0
e2-blocking-50,binary,50,bot_44,3843,b,46,72.49,25,117.27,197,79.73,0
e2-blocking-50,binary,50,bot_44,3843,b,48,68.14,25,116.44,184,67.56,0
e2-blocking-50,binary,50,bot_44,3843,b,50,57.22,25,138.93,204,65.07,0
e2-blocking-50,binary,50,bot_44,3843,b,52,43.83,25,127.85,181,53.15,0
e2-blocking-50,binary,50,bot_44,3843,b,54,33.04,25,110.51,142,31.49,0
e2-blocking-50,binary,50,bot_44,3843,b,56,30.57,25,110.51,139,28.49,0
e2-blocking-50,binary,50,bot_44,3843,b,58,29.33,25,115.7,138,22.3,0
e2-blocking-50,binary,50,bot_44,3843,b,60,24.57,25,104.69,117,12.31,0
e2-blocking-50,binary,50,bot_45,3844,w,1,8.94,25,56.23,61,4.77,0
e2-blocking-50,binary,50,bot_45,3844,w,3,7.01,25,75.3,77,1.7,0
e2-blocking-50,binary,50,bot_45,3844,w,5,25.19,25,64.64,69,4.36,0
e2-blocking-50,binary,50,bot_45,3844,w,7,15.51,25,70.17,77,6.83,0
e2-blocking-50,binary,50,bot_45,3844,w,9,21.27,25,88.37,101,12.63,0
e2-blocking-50,binary,50,bot_45,3844,w,11,20.18,25,88.16,96,7.84,0
e2-blocking-50,binary,50,bot_45,3844,w,13,12.07,25,91.75,107,15.25,0
e2-blocking-50,binary,50,bot_45,3844,w,15,21.43,25,70.42,90,19.58,0
e2-blocking-50,binary,50,bot_45,3844,w,17,21.12,25,102.12,123,20.88,0
e2-blocking-50,binary,50,bot_45,3844,w,19,14.95,25,119.99,139,19.01,0
e2-blocking-50,binary,50,bot_45,3844,w,21,13.49,25,119.81,137,17.19,0
e2-blocking-50,binary,50,bot_45,3844,w,23,37.55,25,109.62,182,72.38,0
e2-blocking-50,binary,50,bot_45,3844,w,25,44.46,25,118.27,177,58.73,0
e2-blocking-50,binary,50,bot_45,3844,w,27,42.49,25,119.79,170,50.21,0
e2-blocking-50,binary,50,bot_45,3844,w,29,39.69,25,124.64,166,41.36,0
e2-blocking-50,binary,50,bot_45,3844,w,31,44.62,25,140.18,171,30.82,0
e2-blocking-50,binary,50,bot_45,3844,w,33,30.7,25,146.05,179,32.95,0
e2-blocking-50,binary,50,bot_45,3844,w,35,23.86,25,161.27,174,12.73,0
e2-blocking-50,binary,50,bot_45,3844,w,37,17.3,25,155.49,170,14.51,0
e2-blocking-50,binary,50,bot_45,3844,w,39,92.78,25,174.78,185,10.22,0
e2-blocking-50,binary,50,bot_45,3844,w,41,86.12,25,110.22,182,71.78,0
e2-blocking-50,binary,50,bot_45,3844,w,43,76.32,25,118.56,192,73.44,0
e2-blocking-50,binary,50,bot_45,3844,w,45,64.43,25,129.35,184,54.65,0
e2-blocking-50,binary,50,bot_45,3844,w,47,57.1,25,127.17,189,61.83,0
e2-blocking-50,binary,50,bot_45,3844,w,49,57.34,25,138.27,194,55.73,0
e2-blocking-50,binary,50,bot_45,3844,w,51,49.21,25,142.5,193,50.5,0
e2-blocking-50,binary,50,bot_45,3844,w,53,40.02,25,108.6,151,42.4,0
e2-blocking-50,binary,50,bot_45,3844,w,55,32.88,25,109.74,140,30.26,0
e2-blocking-50,binary,50,bot_45,3844,w,57,28.73,25,107.8,127,19.2,0
e2-blocking-50,binary,50,bot_45,3844,w,59,17.76,25,95.31,103,7.69,0
e2-blocking-50,binary,50,bot_46,3844,b,2,3.65,25,71.46,77,5.54,0
e2-blocking-50,binary,50,bot_46,3844,b,4,6.74,25,80.33,86,5.67,0
e2-blocking-50,binary,50,bot_46,3844,b,6,9.32,25,60.81,84,23.19,0
e2-blocking-50,binary,50,bot_46,3844,b,8,14.61,25,85.87,100,14.13,0
e2-blocking-50,binary,50,bot_46,3844,b,10,10.31,25,78.87,99,20.13,0
e2-blocking-50,binary,50,bot_46,3844,b,12,17.18,25,90.65,109,18.35,0
e2-blocking-50,binary,50,bot_46,3844,b,14,22.14,25,78.02,88,9.98,0
e2-blocking-50,binary,50,bot_46,3844,b,16,22.03,25,96.37,115,18.63,0
e2-blocking-50,binary,50,bot_46,3844,b,18,21.4,25,108.13,126,17.87,0
e2-blocking-50,binary,50,bot_46,3844,b,20,18.19,25,142.15,154,11.85,0
e2-blocking-50,binary,50,bot_46,3844,b,22,74.56,25,124.04,134,9.96,0
e2-blocking-50,binary,50,bot_46,3844,b,24,60.09,25,88.66,125,36.34,0
e2-blocking-50,binary,50,bot_46,3844,b,26,51.75,25,110.57,154,43.43,0
e2-blocking-50,binary,50,bot_46,3844,b,28,42.35,25,121.06,161,39.94,0
e2-blocking-50,binary,50,bot_46,3844,b,30,34.75,25,130.44,168,37.56,0
e2-blocking-50,binary,50,bot_46,3844,b,32,33.97,25,132.34,175,42.66,0
e2-blocking-50,binary,50,bot_46,3844,b,34,19.63,25,129.26,158,28.74,0
e2-blocking-50,binary,50,bot_46,3844,b,36,21.52,25,155.36,174,18.64,0
e2-blocking-50,binary,50,bot_46,3844,b,38,14.9,25,159.04,170,10.96,0
e2-blocking-50,binary,50,bot_46,3844,b,40,78.16,25,92.63,178,85.37,0
e2-blocking-50,binary,50,bot_46,3844,b,42,79.05,25,99.12,180,80.88,0
e2-blocking-50,binary,50,bot_46,3844,b,44,60.29,25,101.51,171,69.49,0
e2-blocking-50,binary,50,bot_46,3844,b,46,67.64,25,123.77,181,57.23,0
e2-blocking-50,binary,50,bot_46,3844,b,48,61.74,25,123.05,175,51.95,0
e2-blocking-50,binary,50,bot_46,3844,b,50,56.15,25,127.44,178,50.56,0
e2-blocking-50,binary,50,bot_46,3844,b,52,48.99,25,94.46,138,43.54,0
e2-blocking-50,binary,50,bot_46,3844,b,54,36.38,25,91.37,125,33.63,0
e2-blocking-50,binary,50,bot_46,3844,b,56,25.31,25,99.18,125,25.82,0
e2-blocking-50,binary,50,bot_46,3844,b,58,13.05,25,106.29,128,21.71,0
e2-blocking-50,binary,50,bot_46,3844,b,60,9.92,25,110.14,121,10.86,0
e2-blocking-50,binary,50,bot_47,3845,w,1,4.54,25,70.43,80,9.57,0
e2-blocking-50,binary,50,bot_47,3845,w,3,7.43,25,79.63,86,6.37,0
e2-blocking-50,binary,50,bot_47,3845,w,5,16.4,25,74.54,77,2.46,0
e2-blocking-50,binary,50,bot_47,3845,w,7,13.49,25,86.94,101,14.06,0
e2-blocking-50,binary,50,bot_47,3845,w,9,8.06,25,81.04,99,17.96,0
e2-blocking-50,binary,50,bot_47,3845,w,11,13.27,25,94.96,112,17.04,0
e2-blocking-50,binary,50,bot_47,3845,w,13,19.16,25,80.63,89,8.37,0
e2-blocking-50,binary,50,bot_47,3845,w,15,18.71,25,99.97,118,18.03,0
e2-blocking-50,binary,50,bot_47,3845,w,17,16.88,25,112.76,130,17.24,0
e2-blocking-50,binary,50,bot_47,3845,w,19,14.28,25,146.28,157,10.72,0
e2-blocking-50,binary,50,bot_47,3845,w,21,59.75,25,86.29,149,62.71,0
e2-blocking-50,binary,50,bot_47,3845,w,23,56.15,25,92.94,127,34.06,0
e2-blocking-50,binary,50,bot_47,3845,w,25,47.1,25,115.61,158,42.39,0
e2-blocking-50,binary,50,bot_47,3845,w,27,37.91,25,125.32,164,38.68,0
e2-blocking-50,binary,50,bot_47,3845,w,29,30.38,25,134.88,172,37.12,0
e2-blocking-50,binary,50,bot_47,3845,w,31,29.93,25,136.38,178,41.62,0
e2-blocking-50,binary,50,bot_47,3845,w,33,15.66,25,132.66,160,27.34,0
e2-blocking-50,binary,50,bot_47,3845,w,35,17.79,25,159.57,175,15.43,0
e2-blocking-50,binary,50,bot_47,3845,w,37,93.36,25,162.41,170,7.59,0
e2-blocking-50,binary,50,bot_47,3845,w,39,75.11,25,95.62,169,73.38,0
e2-blocking-50,binary,50,bot_47,3845,w,41,75.71,25,102.17,178,75.83,0
e2-blocking-50,binary,50,bot_47,3845,w,43,57.31,25,104.52,171,66.48,0
e2-blocking-50,binary,50,bot_47,3845,w,45,64.02,25,127.19,183,55.81,0
e2-blocking-50,binary,50,bot_47,3845,w,47,58.5,25,126.5,174,47.5,0
e2-blocking-50,binary,50,bot_47,3845,w,49,50.95,25,132.64,181,48.36,0
e2-blocking-50,binary,50,bot_47,3845,w,51,44.07,25,99.6,139,39.4,0
e2-blocking-50,binary,50,bot_47,3845,w,53,32.41,25,95.49,125,29.51,0
e2-blocking-50,binary,50,bot_47,3845,w,55,22.25,25,102.15,122,19.85,0
e2-blocking-50,binary,50,bot_47,3845,w,57,12.77,25,105.81,122,16.19,0
e2-blocking-50,binary,50,bot_47,3845,w,59,37.89,25,113.8,119,5.2,0
e2-blocking-50,binary,50,bot_48,3845,b,2,7.5,25,74.8,74,-0.8,0
e2-blocking-50,binary,50,bot_48,3845,b,4,5.01,25,63.5,64,0.5,0
e2-blocking-50,binary,50,bot_48,3845,b,6,16.53,25,69.81,80,10.19,0
e2-blocking-50,binary,50,bot_48,3845,b,8,19.63,25,90.19,98,7.81,0
e2-blocking-50,binary,50,bot_48,3845,b,10,18.24,25,90.36,92,1.64,0
e2-blocking-50,binary,50,bot_48,3845,b,12,10.38,25,93.54,101,7.46,0
e2-blocking-50,binary,50,bot_48,3845,b,14,19.46,25,72.34,86,13.66,0
e2-blocking-50,binary,50,bot_48,3845,b,16,18.74,25,104.66,117,12.34,0
e2-blocking-50,binary,50,bot_48,3845,b,18,13.05,25,121.54,132,10.46,0
e2-blocking-50,binary,50,bot_48,3845,b,20,64.72,25,121.82,131,9.18,0
e2-blocking-50,binary,50,bot_48,3845,b,22,35.02,25,111.04,164,52.96,0
e2-blocking-50,binary,50,bot_48,3845,b,24,42.52,25,120.16,170,49.84,0
e2-blocking-50,binary,50,bot_48,3845,b,26,40.16,25,122.27,163,40.73,0
e2-blocking-50,binary,50,bot_48,3845,b,28,37.59,25,126.65,159,32.35,0
e2-blocking-50,binary,50,bot_48,3845,b,30,41.97,25,142.38,166,23.62,0
e2-blocking-50,binary,50,bot_48,3845,b,32,27.99,25,149.08,173,23.92,0
e2-blocking-50,binary,50,bot_48,3845,b,34,20.51,25,164.82,172,7.18,0
e2-blocking-50,binary,50,bot_48,3845,b,36,13.43,25,159.33,168,8.67,0
e2-blocking-50,binary,50,bot_48,3845,b,38,78.46,25,107.05,193,85.95,0
e2-blocking-50,binary,50,bot_48,3845,b,40,81.55,25,115.04,180,64.96,0
e2-blocking-50,binary,50,bot_48,3845,b,42,72.88,25,121.81,188,66.19,0
e2-blocking-50,binary,50,bot_48,3845,b,44,61.09,25,132.45,180,47.55,0
e2-blocking-50,binary,50,bot_48,3845,b,46,52.74,25,131.52,188,56.48,0
e2-blocking-50,binary,50,bot_48,3845,b,48,52.8,25,143.03,192,48.97,0
e2-blocking-50,binary,50,bot_48,3845,b,50,44.02,25,147.86,189,41.14,0
e2-blocking-50,binary,50,bot_48,3845,b,52,35.2,25,113.23,148,34.77,0
e2-blocking-50,binary,50,bot_48,3845,b,54,26.01,25,116.66,141,24.34,0
e2-blocking-50,binary,50,bot_48,3845,b,56,21.27,25,115.24,128,12.76,0
e2-blocking-50,binary,50,bot_48,3845,b,58,10.11,25,102.78,108,5.22,0
e2-blocking-50,binary,50,bot_48,3845,b,60,33.09,25,75.33,103,27.67,0
e2-blocking-50,binary,50,bot_49,3846,w,1,6.27,25,71.54,62,-9.54,0
e2-blocking-50,binary,50,bot_49,3846,w,3,21.66,25,52.84,62,9.16,0
e2-blocking-50,binary,50,bot_49,3846,w,5,13.91,25,72.23,67,-5.23,0
e2-blocking-50,binary,50,bot_49,3846,w,7,17.36,25,93.13,95,1.87,0
e2-blocking-50,binary,50,bot_49,3846,w,9,14.29,25,94.25,91,-3.25,0
e2-blocking-50,binary,50,bot_49,3846,w,11,14.47,25,54.39,102,47.61,0
e2-blocking-50,binary,50,bot_49,3846,w,13,13.71,25,78.37,82,3.63,0
e2-blocking-50,binary,50,bot_49,3846,w,15,13.16,25,109.94,111,1.06,0
e2-blocking-50,binary,50,bot_49,3846,w,17,70.6,25,84.59,136,51.41,0
e2-blocking-50,binary,50,bot_49,3846,w,19,47.97,25,91.02,124,32.98,0
e2-blocking-50,binary,50,bot_49,3846,w,21,31.98,25,114.18,153,38.82,0
e2-blocking-50,binary,50,bot_49,3846,w,23,36.16,25,126.56,160,33.44,0
e2-blocking-50,binary,50,bot_49,3846,w,25,31.34,25,130.49,156,25.51,0
e2-blocking-50,binary,50,bot_49,3846,w,27,30.45,25,133.56,151,17.44,0
e2-blocking-50,binary,50,bot_49,3846,w,29,31.41,25,153.54,162,8.46,0
e2-blocking-50,binary,50,bot_49,3846,w,31,20.42,25,156.69,166,9.31,0
e2-blocking-50,binary,50,bot_49,3846,w,33,92.45,25,175.41,171,-4.41,0
e2-blocking-50,binary,50,bot_49,3846,w,35,76.93,25,105.13,163,57.88,0
e2-blocking-50,binary,50,bot_49,3846,w,37,70.6,25,114.79,175,60.21,0
e2-blocking-50,binary,50,bot_49,3846,w,39,72.5,25,123.89,174,50.11,0
e2-blocking-50,binary,50,bot_49,3846,w,41,64.57,25,130.1,186,55.9,0
e2-blocking-50,binary,50,bot_49,3846,w,43,52.42,25,141.07,176,34.93,0
e2-blocking-50,binary,50,bot_49,3846,w,45,47.84,25,135.86,175,39.14,0
e2-blocking-50,binary,50,bot_49,3846,w,47,43.71,25,151.94,190,38.06,0
e2-blocking-50,binary,50,bot_49,3846,w,49,34.45,25,157.39,187,29.61,0
e2-blocking-50,binary,50,bot_49,3846,w,51,24.86,25,123.28,148,24.72,0
e2-blocking-50,binary,50,bot_49,3846,w,53,14.52,25,127.6,138,10.4,0
e2-blocking-50,binary,50,bot_49,3846,w,55,10,25,127.05,129,1.95,0
e2-blocking-50,binary,50,bot_49,3846,w,57,57.31,25,93.36,116,22.64,0
e2-blocking-50,binary,50,bot_49,3846,w,59,21.99,25,86.2,97,10.8,0
e2-blocking-50,binary,50,bot_50,3846,b,2,20.61,25,81.63,87,5.37,0
e2-blocking-50,binary,50,bot_50,3846,b,4,7.22,25,61.81,81,19.19,0
e2-blocking-50,binary,50,bot_50,3846,b,6,11.67,25,88.59,101,12.41,0
e2-blocking-50,binary,50,bot_50,3846,b,8,6.75,25,82.45,97,14.55,0
e2-blocking-50,binary,50,bot_50,3846,b,10,60.41,25,98.38,110,11.62,0
e2-blocking-50,binary,50,bot_50,3846,b,12,15.38,25,68.31,81,12.69,0
e2-blocking-50,binary,50,bot_50,3846,b,14,11.95,25,106.34,118,11.66,0
e2-blocking-50,binary,50,bot_50,3846,b,16,62.64,25,120.21,131,10.79,0
e2-blocking-50,binary,50,bot_50,3846,b,18,44.23,25,91.44,160,68.56,0
e2-blocking-50,binary,50,bot_50,3846,b,20,50.26,25,95.18,141,45.82,0
e2-blocking-50,binary,50,bot_50,3846,b,22,44.58,25,104.15,133,28.85,0
e2-blocking-50,binary,50,bot_50,3846,b,24,36.71,25,126.27,161,34.73,0
e2-blocking-50,binary,50,bot_50,3846,b,26,28.59,25,135.04,164,28.96,0
e2-blocking-50,binary,50,bot_50,3846,b,28,20.31,25,145.11,174,28.89,0
e2-blocking-50,binary,50,bot_50,3846,b,30,19.9,25,146.22,175,28.78,0
e2-blocking-50,binary,50,bot_50,3846,b,32,7.68,25,140.22,159,18.78,0
e2-blocking-50,binary,50,bot_50,3846,b,34,70.42,25,96.4,183,86.6,0
e2-blocking-50,binary,50,bot_50,3846,b,36,71.27,25,102.89,174,71.11,0
e2-blocking-50,binary,50,bot_50,3846,b,38,62.58,25,108.12,173,64.88,0
e2-blocking-50,binary,50,bot_50,3846,b,40,67.14,25,110.7,177,66.3,0
e2-blocking-50,binary,50,bot_50,3846,b,42,45.61,25,116.45,174,57.55,0
e2-blocking-50,binary,50,bot_50,3846,b,44,52.51,25,139.55,185,45.45,0
e2-blocking-50,binary,50,bot_50,3846,b,46,50.05,25,134.69,176,41.31,0
e2-blocking-50,binary,50,bot_50,3846,b,48,42.44,25,141.36,180,38.64,0
e2-blocking-50,binary,50,bot_50,3846,b,50,34.92,25,108.64,137,28.36,0
e2-blocking-50,binary,50,bot_50,3846,b,52,23.2,25,105.75,125,19.25,0
e2-blocking-50,binary,50,bot_50,3846,b,54,14.07,25,109.92,118,8.08,0
e2-blocking-50,binary,50,bot_50,3846,b,56,34.47,25,112,115,3,0
e2-blocking-50,binary,50,bot_50,3846,b,58,22.27,25,64.35,114,49.65,0
e2-blocking-50,binary,50,bot_50,3846,b,60,13.3,25,85.48,102,16.52,0
e2-blocking-50,binary,50,bot_51,3847,w,1,13.05,25,68.84,92,23.16,0
e2-blocking-50,binary,50,bot_51,3847,w,3,5.33,25,62.34,80,17.66,0
e2-blocking-50,binary,50,bot_51,3847,w,5,9.2,25,90.63,102,11.38,0
e2-blocking-50,binary,50,bot_51,3847,w,7,4.47,25,84.68,95,10.32,0
e2-blocking-50,binary,50,bot_51,3847,w,9,48.05,25,63.03,119,55.97,0
e2-blocking-50,binary,50,bot_51,3847,w,11,12.83,25,70.62,81,10.38,0
e2-blocking-50,binary,50,bot_51,3847,w,13,51.59,25,110.94,118,7.06,0
e2-blocking-50,binary,50,bot_51,3847,w,15,47.86,25,80.46,129,48.54,0
e2-blocking-50,binary,50,bot_51,3847,w,17,38.38,25,97.38,159,61.62,0
e2-blocking-50,binary,50,bot_51,3847,w,19,44.21,25,101.21,138,36.79,0
e2-blocking-50,binary,50,bot_51,3847,w,21,39.55,25,109.33,132,22.67,0
e2-blocking-50,binary,50,bot_51,3847,w,23,31,25,131.97,160,28.03,0
e2-blocking-50,binary,50,bot_51,3847,w,25,25.82,25,137.72,163,25.28,0
e2-blocking-50,binary,50,bot_51,3847,w,27,18.15,25,147.52,170,22.48,0
e2-blocking-50,binary,50,bot_51,3847,w,29,15.56,25,150.3,170,19.7,0
e2-blocking-50,binary,50,bot_51,3847,w,31,72.55,25,79.42,158,78.58,0
e2-blocking-50,binary,50,bot_51,3847,w,33,65.56,25,101.31,174,72.69,0
e2-blocking-50,binary,50,bot_51,3847,w,35,65.78,25,108.65,178,69.35,0
e2-blocking-50,binary,50,bot_51,3847,w,37,55.05,25,115.67,177,61.33,0
e2-blocking-50,binary,50,bot_51,3847,w,39,60.94,25,117.07,178,60.93,0
e2-blocking-50,binary,50,bot_51,3847,w,41,40.26,25,121.77,177,55.23,0
e2-blocking-50,binary,50,bot_51,3847,w,43,47.46,25,144.31,187,42.69,0
e2-blocking-50,binary,50,bot_51,3847,w,45,44.11,25,140.85,179,38.15,0
e2-blocking-50,binary,50,bot_51,3847,w,47,35.75,25,148.19,184,35.81,0
e2-blocking-50,binary,50,bot_51,3847,w,49,29.05,25,114.89,141,26.11,0
e2-blocking-50,binary,50,bot_51,3847,w,51,19.67,25,109.05,125,15.95,0
e2-blocking-50,binary,50,bot_51,3847,w,53,10.83,25,113.21,122,8.79,0
e2-blocking-50,binary,50,bot_51,3847,w,55,29.04,25,53.84,122,68.16,0
e2-blocking-50,binary,50,bot_51,3847,w,57,20.76,25,65.52,116,50.48,0
e2-blocking-50,binary,50,bot_51,3847,w,59,12.91,25,85.94,101,15.06,0
e2-blocking-50,binary,50,bot_52,3847,b,2,19.87,25,55.12,62,6.88,0
e2-blocking-50,binary,50,bot_52,3847,b,4,11.83,25,74.58,72,-2.58,0
e2-blocking-50,binary,50,bot_52,3847,b,6,12.18,25,98.68,100,1.32,0
e2-blocking-50,binary,50,bot_52,3847,b,8,57.29,25,99.19,97,-2.19,0
e2-blocking-50,binary,50,bot_52,3847,b,10,10.69,25,57.57,96,38.43,0
e2-blocking-50,binary,50,bot_52,3847,b,12,6.99,25,85.58,89,3.42,0
e2-blocking-50,binary,50,bot_52,3847,b,14,50.08,25,83.4,126,42.6,0
e2-blocking-50,binary,50,bot_52,3847,b,16,63.2,25,92.05,133,40.95,0
e2-blocking-50,binary,50,bot_52,3847,b,18,38.82,25,99.99,130,30.01,0
e2-blocking-50,binary,50,bot_52,3847,b,20,23.91,25,122.31,159,36.69,0
e2-blocking-50,binary,50,bot_52,3847,b,22,29.05,25,133.82,164,30.18,0
e2-blocking-50,binary,50,bot_52,3847,b,24,26.38,25,135.21,159,23.79,0
e2-blocking-50,binary,50,bot_52,3847,b,26,22.75,25,141.62,160,18.38,0
e2-blocking-50,binary,50,bot_52,3847,b,28,21.51,25,163.93,174,10.07,0
e2-blocking-50,binary,50,bot_52,3847,b,30,79.95,25,165.3,174,8.7,0
e2-blocking-50,binary,50,bot_52,3847,b,32,76.89,25,118.99,183,64.01,0
e2-blocking-50,binary,50,bot_52,3847,b,34,71.76,25,110.16,168,57.84,0
e2-blocking-50,binary,50,bot_52,3847,b,36,64.71,25,120.72,177,56.28,0
e2-blocking-50,binary,50,bot_52,3847,b,38,67.34,25,129.2,175,45.8,0
e2-blocking-50,binary,50,bot_52,3847,b,40,59.75,25,134.78,188,53.22,0
e2-blocking-50,binary,50,bot_52,3847,b,42,46.79,25,146.7,179,32.3,0
e2-blocking-50,binary,50,bot_52,3847,b,44,43.43,25,140.22,179,38.78,0
e2-blocking-50,binary,50,bot_52,3847,b,46,38.75,25,156.89,193,36.11,0
e2-blocking-50,binary,50,bot_52,3847,b,48,30.2,25,161.55,188,26.45,0
e2-blocking-50,binary,50,bot_52,3847,b,50,19.88,25,128.3,148,19.7,0
e2-blocking-50,binary,50,bot_52,3847,b,52,13.12,25,129.09,140,10.91,0
e2-blocking-50,binary,50,bot_52,3847,b,54,72.48,25,128.3,130,1.7,0
e2-blocking-50,binary,50,bot_52,3847,b,56,55.52,25,94.45,116,21.55,0
e2-blocking-50,binary,50,bot_52,3847,b,58,20.1,25,88.36,101,12.64,0
e2-blocking-50,binary,50,bot_52,3847,b,60,10.63,25,83.1,89,5.9,0
e2-blocking-50,binary,50,bot_53,3848,w,1,11.58,25,85.88,91,5.13,0
e2-blocking-50,binary,50,bot_53,3848,w,3,10.35,25,74.7,80,5.3,0
e2-blocking-50,binary,50,bot_53,3848,w,5,28.49,25,101.63,116,14.38,0
e2-blocking-50,binary,50,bot_53,3848,w,7,27.65,25,106.39,115,8.61,0
e2-blocking-50,binary,50,bot_53,3848,w,9,14.13,25,74.27,99,24.73,0
e2-blocking-50,binary,50,bot_53,3848,w,11,17.73,25,91.57,105,13.43,0
e2-blocking-50,binary,50,bot_53,3848,w,13,23.4,25,109.4,131,21.6,0
e2-blocking-50,binary,50,bot_53,3848,w,15,23.51,25,130.9,150,19.1,0
e2-blocking-50,binary,50,bot_53,3848,w,17,14.71,25,123.35,138,14.65,0
e2-blocking-50,binary,50,bot_53,3848,w,19,60.45,25,137.45,149,11.55,0
e2-blocking-50,binary,50,bot_53,3848,w,21,63.22,25,95.77,167,71.23,0
e2-blocking-50,binary,50,bot_53,3848,w,23,60.85,25,107.94,165,57.06,0
e2-blocking-50,binary,50,bot_53,3848,w,25,53.78,25,120.39,171,50.61,0
e2-blocking-50,binary,50,bot_53,3848,w,27,44.38,25,130.93,178,47.07,0
e2-blocking-50,binary,50,bot_53,3848,w,29,41.6,25,133.66,176,42.34,0
e2-blocking-50,binary,50,bot_53,3848,w,31,46.24,25,147.8,185,37.2,0
e2-blocking-50,binary,50,bot_53,3848,w,33,37.4,25,143.02,175,31.98,0
e2-blocking-50,binary,50,bot_53,3848,w,35,35.83,25,149.41,177,27.59,0
e2-blocking-50,binary,50,bot_53,3848,w,37,31.2,25,165.89,188,22.11,0
e2-blocking-50,binary,50,bot_53,3848,w,39,19.84,25,173.38,196,22.62,0
e2-blocking-50,binary,50,bot_53,3848,w,41,12.73,25,180.56,192,11.44,0
e2-blocking-50,binary,50,bot_53,3848,w,43,82.3,25,102.57,192,89.43,0
e2-blocking-50,binary,50,bot_53,3848,w,45,72.22,25,123.67,200,76.33,0
e2-blocking-50,binary,50,bot_53,3848,w,47,52.64,25,116.24,181,64.76,0
e2-blocking-50,binary,50,bot_53,3848,w,49,43.73,25,99.78,140,40.22,0
e2-blocking-50,binary,50,bot_53,3848,w,51,41.82,25,99.55,136,36.45,0
e2-blocking-50,binary,50,bot_53,3848,w,53,44.38,25,100.39,129,28.61,0
e2-blocking-50,binary,50,bot_53,3848,w,55,38.34,25,111.61,115,3.39,0
e2-blocking-50,binary,50,bot_53,3848,w,57,19.44,25,94.63,110,15.38,0
e2-blocking-50,binary,50,bot_53,3848,w,59,13.18,25,88.45,95,6.55,0
e2-blocking-50,binary,50,bot_54,3848,b,2,6.41,25,54.98,57,2.02,0
e2-blocking-50,binary,50,bot_54,3848,b,4,15.36,25,89.6,90,0.4,0
e2-blocking-50,binary,50,bot_54,3848,b,6,9.88,25,61.04,78,16.96,0
e2-blocking-50,binary,50,bot_54,3848,b,8,25.18,25,85.27,101,15.73,0
e2-blocking-50,binary,50,bot_54,3848,b,10,14.24,25,70.68,74,3.32,0
e2-blocking-50,binary,50,bot_54,3848,b,12,21.04,25,104.13,111,6.87,0
e2-blocking-50,binary,50,bot_54,3848,b,14,20.55,25,109.7,122,12.3,0
e2-blocking-50,binary,50,bot_54,3848,b,16,16,25,118.68,131,12.32,0
e2-blocking-50,binary,50,bot_54,3848,b,18,12.39,25,134.46,139,4.54,0
e2-blocking-50,binary,50,bot_54,3848,b,20,72.3,25,98.9,148,49.1,0
e2-blocking-50,binary,50,bot_54,3848,b,22,56.94,25,102.97,155,52.03,0
e2-blocking-50,binary,50,bot_54,3848,b,24,52.77,25,103.8,154,50.2,0
e2-blocking-50,binary,50,bot_54,3848,b,26,48.7,25,113.81,157,43.19,0
e2-blocking-50,binary,50,bot_54,3848,b,28,43.36,25,128.69,163,34.31,0
e2-blocking-50,binary,50,bot_54,3848,b,30,42.25,25,111.09,142,30.91,0
e2-blocking-50,binary,50,bot_54,3848,b,32,36.53,25,130.36,165,34.64,0
e2-blocking-50,binary,50,bot_54,3848,b,34,31.99,25,144.25,170,25.75,0
e2-blocking-50,binary,50,bot_54,3848,b,36,25.02,25,145.83,170,24.17,0
e2-blocking-50,binary,50,bot_54,3848,b,38,27.43,25,150.03,170,19.97,0
e2-blocking-50,binary,50,bot_54,3848,b,40,13.9,25,149.33,157,7.67,0
e2-blocking-50,binary,50,bot_54,3848,b,42,93.76,25,181.21,182,0.79,0
e2-blocking-50,binary,50,bot_54,3848,b,44,79.48,25,103.38,174,70.62,0
e2-blocking-50,binary,50,bot_54,3848,b,46,68.34,25,117.08,177,59.92,0
e2-blocking-50,binary,50,bot_54,3848,b,48,45.13,25,98.5,140,41.5,0
e2-blocking-50,binary,50,bot_54,3848,b,50,40.86,25,90.92,123,32.08,0
e2-blocking-50,binary,50,bot_54,3848,b,52,33.01,25,87.26,117,29.74,0
e2-blocking-50,binary,50,bot_54,3848,b,54,7.61,25,74.94,108,33.06,0
e2-blocking-50,binary,50,bot_54,3848,b,56,19.52,25,81.15,107,25.85,0
e2-blocking-50,binary,50,bot_54,3848,b,58,11.48,25,82.33,90,7.67,0
e2-blocking-50,binary,50,bot_54,3848,b,60,3.65,25,87.54,90,2.46,0
e2-blocking-50,binary,50,bot_55,3849,w,1,8.05,25,61.79,83,21.21,0
e2-blocking-50,binary,50,bot_55,3849,w,3,12.52,25,87.97,102,14.03,0
e2-blocking-50,binary,50,bot_55,3849,w,5,7.14,25,81.94,98,16.06,0
e2-blocking-50,binary,50,bot_55,3849,w,7,11.82,25,96.22,111,14.78,0
e2-blocking-50,binary,50,bot_55,3849,w,9,18.34,25,65.79,88,22.21,0
e2-blocking-50,binary,50,bot_55,3849,w,11,15.97,25,102.78,118,15.22,0
e2-blocking-50,binary,50,bot_55,3849,w,13,13.49,25,116.41,131,14.59,0
e2-blocking-50,binary,50,bot_55,3849,w,15,58.03,25,149.95,160,10.05,0
e2-blocking-50,binary,50,bot_55,3849,w,17,55.88,25,90.02,140,49.98,0
e2-blocking-50,binary,50,bot_55,3849,w,19,50.4,25,98.71,131,32.29,0
e2-blocking-50,binary,50,bot_55,3849,w,21,42.24,25,120.54,159,38.46,0
e2-blocking-50,binary,50,bot_55,3849,w,23,31.77,25,131.78,167,35.22,0
e2-blocking-50,binary,50,bot_55,3849,w,25,24.34,25,141.06,174,32.94,0
e2-blocking-50,binary,50,bot_55,3849,w,27,25.41,25,141.51,178,36.49,0
e2-blocking-50,binary,50,bot_55,3849,w,29,11.79,25,136.66,162,25.34,0
e2-blocking-50,binary,50,bot_55,3849,w,31,12.71,25,164.48,175,10.52,0
e2-blocking-50,binary,50,bot_55,3849,w,33,77.03,25,96.94,183,86.06,0
e2-blocking-50,binary,50,bot_55,3849,w,35,69.97,25,100.85,170,69.15,0
e2-blocking-50,binary,50,bot_55,3849,w,37,69.54,25,108.39,181,72.61,0
e2-blocking-50,binary,50,bot_55,3849,w,39,52.28,25,109.58,174,64.42,0
e2-blocking-50,binary,50,bot_55,3849,w,41,60.56,25,131.09,183,51.91,0
e2-blocking-50,binary,50,bot_55,3849,w,43,55.28,25,129.63,176,46.38,0
e2-blocking-50,binary,50,bot_55,3849,w,45,47.54,25,136.34,181,44.66,0
e2-blocking-50,binary,50,bot_55,3849,w,47,40.26,25,103.49,139,35.51,0
e2-blocking-50,binary,50,bot_55,3849,w,49,28.24,25,100.17,126,25.83,0
e2-blocking-50,binary,50,bot_55,3849,w,51,18.21,25,105.67,120,14.33,0
e2-blocking-50,binary,50,bot_55,3849,w,53,8.8,25,109.52,123,13.48,0
e2-blocking-50,binary,50,bot_55,3849,w,55,26.7,25,59.94,125,65.06,0
e2-blocking-50,binary,50,bot_55,3849,w,57,17.76,25,81.58,105,23.42,0
e2-blocking-50,binary,50,bot_55,3849,w,59,16.25,25,92.71,104,11.29,0
e2-blocking-50,binary,50,bot_56,3849,b,2,15.41,25,70.75,72,1.25,0
e2-blocking-50,binary,50,bot_56,3849,b,4,18.66,25,91.52,97,5.48,0
e2-blocking-50,binary,50,bot_56,3849,b,6,16.48,25,91.8,90,-1.8,0
e2-blocking-50,binary,50,bot_56,3849,b,8,23.98,25,94.73,99,4.27,0
e2-blocking-50,binary,50,bot_56,3849,b,10,17.52,25,74.44,85,10.56,0
e2-blocking-50,binary,50,bot_56,3849,b,12,16.66,25,106.65,115,8.35,0
e2-blocking-50,binary,50,bot_56,3849,b,14,11.36,25,122.96,129,6.04,0
e2-blocking-50,binary,50,bot_56,3849,b,16,51.42,25,87.36,137,49.64,0
e2-blocking-50,binary,50,bot_56,3849,b,18,33.97,25,112.14,159,46.86,0
e2-blocking-50,binary,50,bot_56,3849,b,20,39.79,25,122.71,165,42.29,0
e2-blocking-50,binary,50,bot_56,3849,b,22,37.69,25,124.49,159,34.51,0
e2-blocking-50,binary,50,bot_56,3849,b,24,34.99,25,129.09,153,23.91,0
e2-blocking-50,binary,50,bot_56,3849,b,26,38.57,25,145.87,161,15.13,0
e2-blocking-50,binary,50,bot_56,3849,b,28,27.53,25,149.63,167,17.37,0
e2-blocking-50,binary,50,bot_56,3849,b,30,17.54,25,167.86,169,1.14,0
e2-blocking-50,binary,50,bot_56,3849,b,32,92.5,25,162.18,165,2.82,0
e2-blocking-50,binary,50,bot_56,3849,b,34,76.02,25,109.64,176,66.36,0
e2-blocking-50,binary,50,bot_56,3849,b,36,78.83,25,117.73,177,59.27,0
e2-blocking-50,binary,50,bot_56,3849,b,38,70.87,25,123.87,184,60.13,0
e2-blocking-50,binary,50,bot_56,3849,b,40,58.8,25,134.49,177,42.51,0
e2-blocking-50,binary,50,bot_56,3849,b,42,52.22,25,131.91,181,49.09,0
e2-blocking-50,binary,50,bot_56,3849,b,44,51.02,25,144.93,190,45.07,0
e2-blocking-50,binary,50,bot_56,3849,b,46,41.79,25,149.99,188,38.01,0
e2-blocking-50,binary,50,bot_56,3849,b,48,31.7,25,116.82,147,30.18,0
e2-blocking-50,binary,50,bot_56,3849,b,50,21.35,25,121.33,139,17.67,0
e2-blocking-50,binary,50,bot_56,3849,b,52,18.24,25,118.2,127,8.8,0
e2-blocking-50,binary,50,bot_56,3849,b,54,71.31,25,106.82,105,-1.82,0
e2-blocking-50,binary,50,bot_56,3849,b,56,29.46,25,78.65,95,16.35,0
e2-blocking-50,binary,50,bot_56,3849,b,58,17.63,25,76.17,83,6.83,0
e2-blocking-50,binary,50,bot_56,3849,b,60,21.74,25,81.54,89,7.46,0
e2-blocking-50,binary,50,bot_57,3850,w,1,23.95,25,79.64,70,-9.64,0
e2-blocking-50,binary,50,bot_57,3850,w,3,35.47,25,94.37,104,9.63,0
e2-blocking-50,binary,50,bot_57,3850,w,5,44.16,25,89.28,95,5.72,0
e2-blocking-50,binary,50,bot_57,3850,w,7,3.85,25,63.96,92,28.04,0
e2-blocking-50,binary,50,bot_57,3850,w,9,30.72,25,78.94,94,15.06,0
e2-blocking-50,binary,50,bot_57,3850,w,11,37.34,25,95.69,118,22.31,0
e2-blocking-50,binary,50,bot_57,3850,w,13,43.55,25,112.2,133,20.8,0
e2-blocking-50,binary,50,bot_57,3850,w,15,27.18,25,110.89,126,15.11,0
e2-blocking-50,binary,50,bot_57,3850,w,17,14.26,25,131.64,149,17.36,0
e2-blocking-50,binary,50,bot_57,3850,w,19,15.67,25,147.03,161,13.97,0
e2-blocking-50,binary,50,bot_57,3850,w,21,13.84,25,147.21,153,5.79,0
e2-blocking-50,binary,50,bot_57,3850,w,23,72.42,25,101.42,169,67.58,0
e2-blocking-50,binary,50,bot_57,3850,w,25,57.73,25,117.44,169,51.56,0
e2-blocking-50,binary,50,bot_57,3850,w,27,58.6,25,116.4,164,47.6,0
e2-blocking-50,binary,50,bot_57,3850,w,29,61.64,25,133.52,180,46.48,0
e2-blocking-50,binary,50,bot_57,3850,w,31,54.84,25,126.14,164,37.86,0
e2-blocking-50,binary,50,bot_57,3850,w,33,47.33,25,138.34,172,33.66,0
e2-blocking-50,binary,50,bot_57,3850,w,35,46.32,25,150.24,175,24.76,0
e2-blocking-50,binary,50,bot_57,3850,w,37,36.71,25,157.42,188,30.58,0
e2-blocking-50,binary,50,bot_57,3850,w,39,29.31,25,163.9,175,11.1,0
e2-blocking-50,binary,50,bot_57,3850,w,41,25.01,25,159.05,174,14.95,0
e2-blocking-50,binary,50,bot_57,3850,w,43,18.54,25,177.08,189,11.92,0
e2-blocking-50,binary,50,bot_57,3850,w,45,71.51,25,181.31,183,1.69,0
e2-blocking-50,binary,50,bot_57,3850,w,47,51.83,25,91.72,139,47.28,0
e2-blocking-50,binary,50,bot_57,3850,w,49,50.29,25,91.27,136,44.73,0
e2-blocking-50,binary,50,bot_57,3850,w,51,52.68,25,92.3,130,37.7,0
e2-blocking-50,binary,50,bot_57,3850,w,53,42.91,25,107.59,116,8.41,0
e2-blocking-50,binary,50,bot_57,3850,w,55,8.79,25,99.35,97,-2.35,0
e2-blocking-50,binary,50,bot_57,3850,w,57,17.88,25,83.34,93,9.66,0
e2-blocking-50,binary,50,bot_57,3850,w,59,61.66,25,97.96,93,-4.96,0
e2-blocking-50,binary,50,bot_58,3850,b,2,22.19,25,83.3,103,19.7,0
e2-blocking-50,binary,50,bot_58,3850,b,4,17.72,25,53.1,84,30.9,0
e2-blocking-50,binary,50,bot_58,3850,b,6,39.83,25,71.18,110,38.82,0
e2-blocking-50,binary,50,bot_58,3850,b,8,27.09,25,77.83,77,-0.83,0
e2-blocking-50,binary,50,bot_58,3850,b,10,34.33,25,91.16,116,24.84,0
e2-blocking-50,binary,50,bot_58,3850,b,12,33.37,25,95.34,127,31.66,0
e2-blocking-50,binary,50,bot_58,3850,b,14,27.4,25,107.26,146,38.74,0
e2-blocking-50,binary,50,bot_58,3850,b,16,29.13,25,117.05,140,22.95,0
e2-blocking-50,binary,50,bot_58,3850,b,18,25.74,25,122.9,133,10.1,0
e2-blocking-50,binary,50,bot_58,3850,b,20,18.32,25,145.53,156,10.47,0
e2-blocking-50,binary,50,bot_58,3850,b,22,78.11,25,152.15,161,8.85,0
e2-blocking-50,binary,50,bot_58,3850,b,24,64.38,25,97.85,166,68.15,0
e2-blocking-50,binary,50,bot_58,3850,b,26,59.08,25,113.75,166,52.25,0
e2-blocking-50,binary,50,bot_58,3850,b,28,59.34,25,93.44,147,53.56,0
e2-blocking-50,binary,50,bot_58,3850,b,30,50.32,25,116.63,170,53.37,0
e2-blocking-50,binary,50,bot_58,3850,b,32,45.96,25,129.84,178,48.16,0
e2-blocking-50,binary,50,bot_58,3850,b,34,37.07,25,134.05,174,39.95,0
e2-blocking-50,binary,50,bot_58,3850,b,36,42.48,25,135.53,175,39.47,0
e2-blocking-50,binary,50,bot_58,3850,b,38,23.44,25,139.2,169,29.8,0
e2-blocking-50,binary,50,bot_58,3850,b,40,26.23,25,165.53,188,22.47,0
e2-blocking-50,binary,50,bot_58,3850,b,42,24.26,25,160.52,178,17.48,0
e2-blocking-50,binary,50,bot_58,3850,b,44,14.28,25,169.84,182,12.16,0
e2-blocking-50,binary,50,bot_58,3850,b,46,58.98,25,84.46,149,64.54,0
e2-blocking-50,binary,50,bot_58,3850,b,48,57.38,25,74.07,118,43.93,0
e2-blocking-50,binary,50,bot_58,3850,b,50,49.26,25,70.72,113,42.28,0
e2-blocking-50,binary,50,bot_58,3850,b,52,21.29,25,61.2,107,45.8,0
e2-blocking-50,binary,50,bot_58,3850,b,54,9.6,25,76.01,112,35.99,0
e2-blocking-50,binary,50,bot_58,3850,b,56,20.14,25,94,95,1,0
e2-blocking-50,binary,50,bot_58,3850,b,58,6.44,25,78.36,89,10.64,0
e2-blocking-50,binary,50,bot_58,3850,b,60,30.14,25,57.82,113,55.18,0
e2-blocking-50,binary,50,bot_59,3851,w,1,21.6,25,84.09,106,21.91,0
e2-blocking-50,binary,50,bot_59,3851,w,3,15.87,25,54.97,89,34.03,0
e2-blocking-50,binary,50,bot_59,3851,w,5,37.07,25,74.08,115,40.92,0
e2-blocking-50,binary,50,bot_59,3851,w,7,20.55,25,64.73,87,22.27,0
e2-blocking-50,binary,50,bot_59,3851,w,9,32.2,25,93.46,122,28.54,0
e2-blocking-50,binary,50,bot_59,3851,w,11,29.67,25,98.91,134,35.09,0
e2-blocking-50,binary,50,bot_59,3851,w,13,24.69,25,110.04,150,39.96,0
e2-blocking-50,binary,50,bot_59,3851,w,15,22.74,25,123.59,148,24.41,0
e2-blocking-50,binary,50,bot_59,3851,w,17,20.71,25,128.04,139,10.96,0
e2-blocking-50,binary,50,bot_59,3851,w,19,15.98,25,147.24,161,13.76,0
e2-blocking-50,binary,50,bot_59,3851,w,21,66.04,25,91.43,175,83.57,0
e2-blocking-50,binary,50,bot_59,3851,w,23,62.02,25,100.17,168,67.83,0
e2-blocking-50,binary,50,bot_59,3851,w,25,56.77,25,115.6,169,53.4,0
e2-blocking-50,binary,50,bot_59,3851,w,27,58.07,25,93.48,149,55.52,0
e2-blocking-50,binary,50,bot_59,3851,w,29,51.24,25,115.6,177,61.4,0
e2-blocking-50,binary,50,bot_59,3851,w,31,46.89,25,128.55,184,55.45,0
e2-blocking-50,binary,50,bot_59,3851,w,33,38.45,25,132.63,181,48.38,0
e2-blocking-50,binary,50,bot_59,3851,w,35,43.88,25,134.35,181,46.65,0
e2-blocking-50,binary,50,bot_59,3851,w,37,24.45,25,138.15,175,36.85,0
e2-blocking-50,binary,50,bot_59,3851,w,39,27.61,25,164.38,193,28.62,0
e2-blocking-50,binary,50,bot_59,3851,w,41,25.27,25,159.23,183,23.77,0
e2-blocking-50,binary,50,bot_59,3851,w,43,15.91,25,168.52,187,18.48,0
e2-blocking-50,binary,50,bot_59,3851,w,45,70.61,25,134.03,145,10.97,0
e2-blocking-50,binary,50,bot_59,3851,w,47,57.76,25,73.84,124,50.16,0
e2-blocking-50,binary,50,bot_59,3851,w,49,52.5,25,67.35,118,50.65,0
e2-blocking-50,binary,50,bot_59,3851,w,51,21.43,25,61.13,114,52.87,0
e2-blocking-50,binary,50,bot_59,3851,w,53,12.53,25,74.13,120,45.87,0
e2-blocking-50,binary,50,bot_59,3851,w,55,6.29,25,92.79,103,10.21,0
e2-blocking-50,binary,50,bot_59,3851,w,57,8.55,25,76.72,100,23.28,0
e2-blocking-50,binary,50,bot_59,3851,w,59,4.76,25,98.13,105,6.87,0
e2-blocking-50,binary,50,bot_60,3851,b,2,34.38,25,95.27,102,6.73,0
e2-blocking-50,binary,50,bot_60,3851,b,4,42.61,25,90.89,91,0.11,0
e2-blocking-50,binary,50,bot_60,3851,b,6,23.1,25,64.55,86,21.45,0
e2-blocking-50,binary,50,bot_60,3851,b,8,29.56,25,79.88,86,6.12,0
e2-blocking-50,binary,50,bot_60,3851,b,10,34.73,25,98.25,115,16.75,0
e2-blocking-50,binary,50,bot_60,3851,b,12,40.9,25,114.13,129,14.87,0
e2-blocking-50,binary,50,bot_60,3851,b,14,24.88,25,113.11,123,9.89,0
e2-blocking-50,binary,50,bot_60,3851,b,16,12.73,25,132.77,140,7.23,0
e2-blocking-50,binary,50,bot_60,3851,b,18,15.73,25,146.95,153,6.05,0
e2-blocking-50,binary,50,bot_60,3851,b,20,85.1,25,149.92,151,1.08,0
e2-blocking-50,binary,50,bot_60,3851,b,22,68.54,25,104.7,155,50.3,0
e2-blocking-50,binary,50,bot_60,3851,b,24,53.89,25,121.12,168,46.88,0
e2-blocking-50,binary,50,bot_60,3851,b,26,56.14,25,118.97,160,41.03,0
e2-blocking-50,binary,50,bot_60,3851,b,28,64.43,25,130.37,174,43.63,0
e2-blocking-50,binary,50,bot_60,3851,b,30,58.46,25,122.35,160,37.65,0
e2-blocking-50,binary,50,bot_60,3851,b,32,51.1,25,134.01,166,31.99,0
e2-blocking-50,binary,50,bot_60,3851,b,34,51,25,145.64,170,24.36,0
e2-blocking-50,binary,50,bot_60,3851,b,36,41.41,25,152.74,183,30.26,0
e2-blocking-50,binary,50,bot_60,3851,b,38,32.02,25,160.96,171,10.04,0
e2-blocking-50,binary,50,bot_60,3851,b,40,26.77,25,156.75,170,13.25,0
e2-blocking-50,binary,50,bot_60,3851,b,42,22.8,25,172.73,183,10.27,0
e2-blocking-50,binary,50,bot_60,3851,b,44,15.3,25,176.25,178,1.75,0
e2-blocking-50,binary,50,bot_60,3851,b,46,55.74,25,88.36,145,56.64,0
e2-blocking-50,binary,50,bot_60,3851,b,48,55.08,25,85.94,131,45.06,0
e2-blocking-50,binary,50,bot_60,3851,b,50,56.98,25,87.91,126,38.09,0
e2-blocking-50,binary,50,bot_60,3851,b,52,49.23,25,100.69,108,7.31,0
e2-blocking-50,binary,50,bot_60,3851,b,54,15.18,25,93.24,92,-1.24,0
e2-blocking-50,binary,50,bot_60,3851,b,56,28.03,25,89.15,83,-6.15,0
e2-blocking-50,binary,50,bot_60,3851,b,58,10.81,25,92.09,87,-5.09,0
e2-blocking-50,binary,50,bot_60,3851,b,60,53.26,25,97.37,90,-7.37,0
e2-blocking-50,binary,50,bot_61,3852,w,1,5.2,25,87.68,83,-4.68,0
e2-blocking-50,binary,50,bot_61,3852,w,3,11.36,25,82.51,89,6.49,0
e2-blocking-50,binary,50,bot_61,3852,w,5,37.5,25,66.56,114,47.44,0
e2-blocking-50,binary,50,bot_61,3852,w,7,15.26,25,65.85,80,14.15,0
e2-blocking-50,binary,50,bot_61,3852,w,9,56.01,25,108.2,119,10.8,0
e2-blocking-50,binary,50,bot_61,3852,w,11,49.84,25,85,128,43,0
e2-blocking-50,binary,50,bot_61,3852,w,13,47.51,25,84.96,131,46.04,0
e2-blocking-50,binary,50,bot_61,3852,w,15,50.92,25,118.03,150,31.97,0
e2-blocking-50,binary,50,bot_61,3852,w,17,29.49,25,140.31,159,18.69,0
e2-blocking-50,binary,50,bot_61,3852,w,19,20.21,25,139.7,156,16.3,0
e2-blocking-50,binary,50,bot_61,3852,w,21,12.4,25,143.18,155,11.82,0
e2-blocking-50,binary,50,bot_61,3852,w,23,86.41,25,96.84,170,73.16,0
e2-blocking-50,binary,50,bot_61,3852,w,25,76.81,25,100.3,168,67.7,0
e2-blocking-50,binary,50,bot_61,3852,w,27,70.81,25,111.76,160,48.24,0
e2-blocking-50,binary,50,bot_61,3852,w,29,66.45,25,105.94,163,57.06,0
e2-blocking-50,binary,50,bot_61,3852,w,31,61.36,25,124.56,175,50.44,0
e2-blocking-50,binary,50,bot_61,3852,w,33,54.84,25,129.79,170,40.21,0
e2-blocking-50,binary,50,bot_61,3852,w,35,50.5,25,140.96,175,34.04,0
e2-blocking-50,binary,50,bot_61,3852,w,37,47.53,25,133.14,166,32.86,0
e2-blocking-50,binary,50,bot_61,3852,w,39,39.33,25,150.89,176,25.11,0
e2-blocking-50,binary,50,bot_61,3852,w,41,29.39,25,154.13,173,18.87,0
e2-blocking-50,binary,50,bot_61,3852,w,43,24.18,25,160.95,176,15.05,0
e2-blocking-50,binary,50,bot_61,3852,w,45,13.37,25,126.89,139,12.11,0
e2-blocking-50,binary,50,bot_61,3852,w,47,74.82,25,123.11,127,3.89,0
e2-blocking-50,binary,50,bot_61,3852,w,49,61,25,74.43,116,41.57,0
e2-blocking-50,binary,50,bot_61,3852,w,51,41.6,25,71.14,93,21.86,0
e2-blocking-50,binary,50,bot_61,3852,w,53,27.95,25,72.16,89,16.84,0
e2-blocking-50,binary,50,bot_61,3852,w,55,17.56,25,75.81,82,6.19,0
e2-blocking-50,binary,50,bot_61,3852,w,57,5.66,25,80.6,81,0.4,0
e2-blocking-50,binary,50,bot_61,3852,w,59,37.44,25,65.67,98,32.33,0
e2-blocking-50,binary,50,bot_62,3852,b,2,11.86,25,117.69,123,5.31,0
e2-blocking-50,binary,50,bot_62,3852,b,4,53.73,25,102.89,113,10.11,0
e2-blocking-50,binary,50,bot_62,3852,b,6,19.39,25,54.71,90,35.29,0
e2-blocking-50,binary,50,bot_62,3852,b,8,16.36,25,97.94,110,12.06,0
e2-blocking-50,binary,50,bot_62,3852,b,10,48,25,81.88,136,54.12,0
e2-blocking-50,binary,50,bot_62,3852,b,12,51.74,25,108.73,157,48.27,0
e2-blocking-50,binary,50,bot_62,3852,b,14,36.78,25,98.57,146,47.43,0
e2-blocking-50,binary,50,bot_62,3852,b,16,24.09,25,89.04,138,48.96,0
e2-blocking-50,binary,50,bot_62,3852,b,18,22.96,25,136.12,165,28.88,0
e2-blocking-50,binary,50,bot_62,3852,b,20,18.35,25,150.89,170,19.11,0
e2-blocking-50,binary,50,bot_62,3852,b,22,78.65,25,163.97,175,11.03,0
e2-blocking-50,binary,50,bot_62,3852,b,24,74.37,25,92.76,177,84.24,0
e2-blocking-50,binary,50,bot_62,3852,b,26,57.43,25,95.03,170,74.97,0
e2-blocking-50,binary,50,bot_62,3852,b,28,66.41,25,110.79,176,65.21,0
e2-blocking-50,binary,50,bot_62,3852,b,30,59.86,25,113.42,174,60.58,0
e2-blocking-50,binary,50,bot_62,3852,b,32,50.33,25,121.85,178,56.15,0
e2-blocking-50,binary,50,bot_62,3852,b,34,43.29,25,140.9,189,48.1,0
e2-blocking-50,binary,50,bot_62,3852,b,36,41.44,25,136.64,181,44.36,0
e2-blocking-50,binary,50,bot_62,3852,b,38,34.56,25,155.9,197,41.1,0
e2-blocking-50,binary,50,bot_62,3852,b,40,28.23,25,156.09,190,33.91,0
e2-blocking-50,binary,50,bot_62,3852,b,42,24.41,25,171.84,195,23.16,0
e2-blocking-50,binary,50,bot_62,3852,b,44,20.33,25,150.94,169,18.06,0
e2-blocking-50,binary,50,bot_62,3852,b,46,12.37,25,130.95,138,7.05,0
e2-blocking-50,binary,50,bot_62,3852,b,48,51.05,25,74.36,144,69.64,0
e2-blocking-50,binary,50,bot_62,3852,b,50,30.95,25,89.54,146,56.46,0
e2-blocking-50,binary,50,bot_62,3852,b,52,26.4,25,94.24,130,35.76,0
e2-blocking-50,binary,50,bot_62,3852,b,54,15.53,25,95.34,117,21.66,0
e2-blocking-50,binary,50,bot_62,3852,b,56,10.05,25,96.51,109,12.49,0
e2-blocking-50,binary,50,bot_62,3852,b,58,42.28,25,108.32,108,-0.32,0
e2-blocking-50,binary,50,bot_62,3852,b,60,32.22,25,63.97,96,32.03,0
e2-blocking-50,binary,50,bot_63,3853,w,1,31.43,25,119.17,109,-10.17,0
e2-blocking-50,binary,50,bot_63,3853,w,3,40.68,25,67.81,104,36.19,0
e2-blocking-50,binary,50,bot_63,3853,w,5,14.13,25,59.8,83,23.2,0
e2-blocking-50,binary,50,bot_63,3853,w,7,11.62,25,102.73,103,0.27,0
e2-blocking-50,binary,50,bot_63,3853,w,9,42.43,25,87.66,124,36.34,0
e2-blocking-50,binary,50,bot_63,3853,w,11,45.13,25,115.48,146,30.52,0
e2-blocking-50,binary,50,bot_63,3853,w,13,34.2,25,100.94,129,28.06,0
e2-blocking-50,binary,50,bot_63,3853,w,15,20.83,25,92.75,124,31.25,0
e2-blocking-50,binary,50,bot_63,3853,w,17,15.82,25,143.5,154,10.5,0
e2-blocking-50,binary,50,bot_63,3853,w,19,79.32,25,158.19,160,1.81,0
e2-blocking-50,binary,50,bot_63,3853,w,21,59.8,25,105.92,167,61.08,0
e2-blocking-50,binary,50,bot_63,3853,w,23,65.68,25,100.97,168,67.03,0
e2-blocking-50,binary,50,bot_63,3853,w,25,45.29,25,106.5,163,56.5,0
e2-blocking-50,binary,50,bot_63,3853,w,27,54.65,25,122.18,168,45.82,0
e2-blocking-50,binary,50,bot_63,3853,w,29,48.85,25,124.52,165,40.48,0
e2-blocking-50,binary,50,bot_63,3853,w,31,38.11,25,133.95,170,36.05,0
e2-blocking-50,binary,50,bot_63,3853,w,33,30.09,25,154.54,186,31.46,0
e2-blocking-50,binary,50,bot_63,3853,w,35,29.02,25,148.84,173,24.16,0
e2-blocking-50,binary,50,bot_63,3853,w,37,20.17,25,170.48,190,19.52,0
e2-blocking-50,binary,50,bot_63,3853,w,39,15.96,25,168.5,179,10.5,0
e2-blocking-50,binary,50,bot_63,3853,w,41,12.7,25,183.75,184,0.25,0
e2-blocking-50,binary,50,bot_63,3853,w,43,59.68,25,84.71,171,86.29,0
e2-blocking-50,binary,50,bot_63,3853,w,45,50.17,25,79.19,131,51.81,0
e2-blocking-50,binary,50,bot_63,3853,w,47,37.74,25,87.38,132,44.62,0
e2-blocking-50,binary,50,bot_63,3853,w,49,20.84,25,99.07,133,33.93,0
e2-blocking-50,binary,50,bot_63,3853,w,51,20,25,100.12,119,18.88,0
e2-blocking-50,binary,50,bot_63,3853,w,53,7.59,25,103.13,105,1.87,0
e2-blocking-50,binary,50,bot_63,3853,w,55,27.21,25,81.64,101,19.36,0
e2-blocking-50,binary,50,bot_63,3853,w,57,25.34,25,77.78,103,25.22,0
e2-blocking-50,binary,50,bot_63,3853,w,59,23.92,25,72.55,87,14.45,0
e2-blocking-50,binary,50,bot_64,3853,b,2,47.85,25,70.74,101,30.26,0
e2-blocking-50,binary,50,bot_64,3853,b,4,34.5,25,68.53,108,39.47,0
e2-blocking-50,binary,50,bot_64,3853,b,6,13.16,25,68.18,82,13.82,0
e2-blocking-50,binary,50,bot_64,3853,b,8,49.36,25,114.97,126,11.03,0
e2-blocking-50,binary,50,bot_64,3853,b,10,42.52,25,92.55,134,41.45,0
e2-blocking-50,binary,50,bot_64,3853,b,12,40.46,25,92.22,136,43.78,0
e2-blocking-50,binary,50,bot_64,3853,b,14,43.4,25,126.06,159,32.94,0
e2-blocking-50,binary,50,bot_64,3853,b,16,22.27,25,147.86,167,19.14,0
e2-blocking-50,binary,50,bot_64,3853,b,18,14.08,25,145.74,160,14.26,0
e2-blocking-50,binary,50,bot_64,3853,b,20,74.11,25,89.94,168,78.06,0
e2-blocking-50,binary,50,bot_64,3853,b,22,78.83,25,104.77,164,59.23,0
e2-blocking-50,binary,50,bot_64,3853,b,24,68.5,25,108.3,173,64.7,0
e2-blocking-50,binary,50,bot_64,3853,b,26,59.94,25,123.07,163,39.93,0
e2-blocking-50,binary,50,bot_64,3853,b,28,52.85,25,119.49,170,50.51,0
e2-blocking-50,binary,50,bot_64,3853,b,30,49.34,25,137.37,180,42.63,0
e2-blocking-50,binary,50,bot_64,3853,b,32,43.78,25,140.79,174,33.21,0
e2-blocking-50,binary,50,bot_64,3853,b,34,37.23,25,154.26,178,23.74,0
e2-blocking-50,binary,50,bot_64,3853,b,36,33.66,25,147.22,171,23.78,0
e2-blocking-50,binary,50,bot_64,3853,b,38,23.49,25,166.78,181,14.22,0
e2-blocking-50,binary,50,bot_64,3853,b,40,13.82,25,169.64,181,11.36,0
e2-blocking-50,binary,50,bot_64,3853,b,42,98.41,25,174.07,182,7.93,0
e2-blocking-50,binary,50,bot_64,3853,b,44,65.13,25,84.49,138,53.51,0
e2-blocking-50,binary,50,bot_64,3853,b,46,57.79,25,84.46,130,45.54,0
e2-blocking-50,binary,50,bot_64,3853,b,48,46.86,25,88.69,121,32.31,0
e2-blocking-50,binary,50,bot_64,3853,b,50,31.75,25,81.26,96,14.74,0
e2-blocking-50,binary,50,bot_64,3853,b,52,14.75,25,85.71,101,15.29,0
e2-blocking-50,binary,50,bot_64,3853,b,54,32.69,25,88.73,91,2.27,0
e2-blocking-50,binary,50,bot_64,3853,b,56,37.88,25,65.32,87,21.68,0
e2-blocking-50,binary,50,bot_64,3853,b,58,26.63,25,76.72,95,18.28,0
e2-blocking-50,binary,50,bot_64,3853,b,60,18.02,25,75.59,93,17.41,0
e2-blocking-50,binary,50,bot_65,3854,w,1,55.69,25,99.9,80,-19.9,0
e2-blocking-50,binary,50,bot_65,3854,w,3,9.92,25,58.42,84,25.58,0
e2-blocking-50,binary,50,bot_65,3854,w,5,42.52,25,86.91,77,-9.91,0
e2-blocking-50,binary,50,bot_65,3854,w,7,48.13,25,85.07,107,21.93,0
e2-blocking-50,binary,50,bot_65,3854,w,9,62.03,25,93.2,118,24.8,0
e2-blocking-50,binary,50,bot_65,3854,w,11,36.5,25,101.89,117,15.11,0
e2-blocking-50,binary,50,bot_65,3854,w,13,20.41,25,125.95,148,22.05,0
e2-blocking-50,binary,50,bot_65,3854,w,15,25.13,25,137.48,155,17.52,0
e2-blocking-50,binary,50,bot_65,3854,w,17,24.7,25,136.45,145,8.55,0
e2-blocking-50,binary,50,bot_65,3854,w,19,20.98,25,143.37,147,3.63,0
e2-blocking-50,binary,50,bot_65,3854,w,21,19.43,25,165.04,160,-5.04,0
e2-blocking-50,binary,50,bot_65,3854,w,23,67.1,25,107.05,168,60.95,0
e2-blocking-50,binary,50,bot_65,3854,w,25,74.94,25,120.51,171,50.49,0
e2-blocking-50,binary,50,bot_65,3854,w,27,69.8,25,111.79,155,43.21,0
e2-blocking-50,binary,50,bot_65,3854,w,29,63.01,25,122.5,166,43.5,0
e2-blocking-50,binary,50,bot_65,3854,w,31,65.35,25,131,165,34,0
e2-blocking-50,binary,50,bot_65,3854,w,33,57.32,25,137.15,179,41.85,0
e2-blocking-50,binary,50,bot_65,3854,w,35,45.24,25,147.98,168,20.02,0
e2-blocking-50,binary,50,bot_65,3854,w,37,41.74,25,141.57,166,24.43,0
e2-blocking-50,binary,50,bot_65,3854,w,39,37.21,25,158.49,180,21.51,0
e2-blocking-50,binary,50,bot_65,3854,w,41,28.79,25,162.72,176,13.28,0
e2-blocking-50,binary,50,bot_65,3854,w,43,17.91,25,129.71,135,5.29,0
e2-blocking-50,binary,50,bot_65,3854,w,45,10.72,25,131.54,129,-2.54,0
e2-blocking-50,binary,50,bot_65,3854,w,47,62.43,25,82.98,128,45.02,0
e2-blocking-50,binary,50,bot_65,3854,w,49,54.36,25,95.31,103,7.69,0
e2-blocking-50,binary,50,bot_65,3854,w,51,19.71,25,88.28,85,-3.28,0
e2-blocking-50,binary,50,bot_65,3854,w,53,9.59,25,83.99,75,-8.99,0
e2-blocking-50,binary,50,bot_65,3854,w,55,15.75,25,87.11,79,-8.11,0
e2-blocking-50,binary,50,bot_65,3854,w,57,10.05,25,92.59,86,-6.59,0
e2-blocking-50,binary,50,bot_65,3854,w,59,7.04,25,86.19,75,-11.19,0
e2-blocking-50,binary,50,bot_66,3854,b,2,46.98,25,64.17,114,49.83,0
e2-blocking-50,binary,50,bot_66,3854,b,4,10.95,25,72.64,75,2.36,0
e2-blocking-50,binary,50,bot_66,3854,b,6,42.56,25,83.58,118,34.42,0
e2-blocking-50,binary,50,bot_66,3854,b,8,46.29,25,82.23,122,39.77,0
e2-blocking-50,binary,50,bot_66,3854,b,10,36.2,25,99.07,154,54.93,0
e2-blocking-50,binary,50,bot_66,3854,b,12,43.08,25,102.3,131,28.7,0
e2-blocking-50,binary,50,bot_66,3854,b,14,38.3,25,110.24,123,12.76,0
e2-blocking-50,binary,50,bot_66,3854,b,16,29.98,25,133.19,151,17.81,0
e2-blocking-50,binary,50,bot_66,3854,b,18,23.34,25,140.04,157,16.96,0
e2-blocking-50,binary,50,bot_66,3854,b,20,16.29,25,149.4,163,13.6,0
e2-blocking-50,binary,50,bot_66,3854,b,22,82.22,25,154.8,166,11.2,0
e2-blocking-50,binary,50,bot_66,3854,b,24,68.42,25,83.81,142,58.19,0
e2-blocking-50,binary,50,bot_66,3854,b,26,61.93,25,104.9,171,66.1,0
e2-blocking-50,binary,50,bot_66,3854,b,28,62.05,25,112.53,174,61.47,0
e2-blocking-50,binary,50,bot_66,3854,b,30,52.71,25,118.23,173,54.77,0
e2-blocking-50,binary,50,bot_66,3854,b,32,59.16,25,118.74,175,56.26,0
e2-blocking-50,binary,50,bot_66,3854,b,34,36.55,25,125.59,173,47.41,0
e2-blocking-50,binary,50,bot_66,3854,b,36,42.5,25,149.25,185,35.75,0
e2-blocking-50,binary,50,bot_66,3854,b,38,39.45,25,145.72,179,33.28,0
e2-blocking-50,binary,50,bot_66,3854,b,40,30.96,25,152.91,180,27.09,0
e2-blocking-50,binary,50,bot_66,3854,b,42,24.93,25,119.09,139,19.91,0
e2-blocking-50,binary,50,bot_66,3854,b,44,16.7,25,112.12,122,9.88,0
e2-blocking-50,binary,50,bot_66,3854,b,46,62.18,25,116.9,119,2.1,0
e2-blocking-50,binary,50,bot_66,3854,b,48,24.53,25,58.17,111,52.83,0
e2-blocking-50,binary,50,bot_66,3854,b,50,15.03,25,71.25,118,46.75,0
e2-blocking-50,binary,50,bot_66,3854,b,52,8.58,25,90.14,100,9.86,0
e2-blocking-50,binary,50,bot_66,3854,b,54,9.96,25,98.14,99,0.86,0
e2-blocking-50,binary,50,bot_66,3854,b,56,9.07,25,93.74,101,7.26,0
e2-blocking-50,binary,50,bot_66,3854,b,58,6.26,25,90.15,91,0.85,0
e2-blocking-50,binary,50,bot_66,3854,b,60,32.72,25,91.77,90,-1.77,0
e2-blocking-50,binary,50,bot_67,3855,w,1,45.41,25,65.7,119,53.3,0
e2-blocking-50,binary,50,bot_67,3855,w,3,8.71,25,74.89,82,7.11,0
e2-blocking-50,binary,50,bot_67,3855,w,5,39.33,25,86.5,121,34.5,0
e2-blocking-50,binary,50,bot_67,3855,w,7,43.12,25,85.33,130,44.67,0
e2-blocking-50,binary,50,bot_67,3855,w,9,33.99,25,101.65,162,60.35,0
e2-blocking-50,binary,50,bot_67,3855,w,11,40.28,25,105.24,140,34.76,0
e2-blocking-50,binary,50,bot_67,3855,w,13,35.66,25,112.62,130,17.38,0
e2-blocking-50,binary,50,bot_67,3855,w,15,27,25,136.2,157,20.8,0
e2-blocking-50,binary,50,bot_67,3855,w,17,20.47,25,143.05,163,19.95,0
e2-blocking-50,binary,50,bot_67,3855,w,19,13.56,25,151.85,165,13.15,0
e2-blocking-50,binary,50,bot_67,3855,w,21,69.43,25,103.39,179,75.61,0
e2-blocking-50,binary,50,bot_67,3855,w,23,66.2,25,86.61,148,61.39,0
e2-blocking-50,binary,50,bot_67,3855,w,25,59.26,25,107.75,168,60.25,0
e2-blocking-50,binary,50,bot_67,3855,w,27,59.35,25,115.38,170,54.62,0
e2-blocking-50,binary,50,bot_67,3855,w,29,49.99,25,120.95,168,47.05,0
e2-blocking-50,binary,50,bot_67,3855,w,31,56.49,25,121.58,171,49.42,0
e2-blocking-50,binary,50,bot_67,3855,w,33,34.72,25,127.5,169,41.5,0
e2-blocking-50,binary,50,bot_67,3855,w,35,41.6,25,150.34,182,31.66,0
e2-blocking-50,binary,50,bot_67,3855,w,37,38.14,25,146.73,172,25.27,0
e2-blocking-50,binary,50,bot_67,3855,w,39,29.45,25,154.6,176,21.4,0
e2-blocking-50,binary,50,bot_67,3855,w,41,23.45,25,120.45,134,13.55,0
e2-blocking-50,binary,50,bot_67,3855,w,43,14.84,25,113.81,118,4.19,0
e2-blocking-50,binary,50,bot_67,3855,w,45,55,25,66.17,121,54.83,0
e2-blocking-50,binary,50,bot_67,3855,w,47,23.63,25,59.23,107,47.77,0
e2-blocking-50,binary,50,bot_67,3855,w,49,14.02,25,72.37,113,40.63,0
e2-blocking-50,binary,50,bot_67,3855,w,51,7.81,25,91.09,97,5.91,0
e2-blocking-50,binary,50,bot_67,3855,w,53,8.79,25,99.35,94,-5.35,0
e2-blocking-50,binary,50,bot_67,3855,w,55,7.33,25,95.53,97,1.47,0
e2-blocking-50,binary,50,bot_67,3855,w,57,5.04,25,91.16,86,-5.16,0
e2-blocking-50,binary,50,bot_67,3855,w,59,27.82,25,61.96,89,27.04,0
e2-blocking-50,binary,50,bot_68,3855,b,2,9.37,25,58.84,81,22.16,0
e2-blocking-50,binary,50,bot_68,3855,b,4,36.63,25,93.55,78,-15.55,0
e2-blocking-50,binary,50,bot_68,3855,b,6,46.03,25,86.89,101,14.11,0
e2-blocking-50,binary,50,bot_68,3855,b,8,61.07,25,94.12,113,18.88,0
e2-blocking-50,binary,50,bot_68,3855,b,10,35.32,25,103.25,112,8.75,0
e2-blocking-50,binary,50,bot_68,3855,b,12,17.72,25,128.61,144,15.39,0
e2-blocking-50,binary,50,bot_68,3855,b,14,21.79,25,140.88,152,11.12,0
e2-blocking-50,binary,50,bot_68,3855,b,16,21.83,25,139.49,142,2.51,0
e2-blocking-50,binary,50,bot_68,3855,b,18,16.19,25,148.9,145,-3.9,0
e2-blocking-50,binary,50,bot_68,3855,b,20,76.77,25,172.16,160,-12.16,0
e2-blocking-50,binary,50,bot_68,3855,b,22,63.84,25,110.78,155,44.22,0
e2-blocking-50,binary,50,bot_68,3855,b,24,71.61,25,124.15,170,45.85,0
e2-blocking-50,binary,50,bot_68,3855,b,26,65.82,25,115.61,153,37.39,0
e2-blocking-50,binary,50,bot_68,3855,b,28,59.54,25,126.01,164,37.99,0
e2-blocking-50,binary,50,bot_68,3855,b,30,61.95,25,134.37,163,28.63,0
e2-blocking-50,binary,50,bot_68,3855,b,32,54.15,25,140.34,175,34.66,0
e2-blocking-50,binary,50,bot_68,3855,b,34,44.61,25,148.84,164,15.16,0
e2-blocking-50,binary,50,bot_68,3855,b,36,37.98,25,145.48,167,21.52,0
e2-blocking-50,binary,50,bot_68,3855,b,38,34.26,25,161.45,179,17.55,0
e2-blocking-50,binary,50,bot_68,3855,b,40,26.27,25,165.13,174,8.87,0
e2-blocking-50,binary,50,bot_68,3855,b,42,15.68,25,131.88,135,3.13,0
e2-blocking-50,binary,50,bot_68,3855,b,44,67.38,25,133.85,128,-5.85,0
e2-blocking-50,binary,50,bot_68,3855,b,46,59.82,25,85.23,120,34.77,0
e2-blocking-50,binary,50,bot_68,3855,b,48,52.22,25,97.52,100,2.48,0
e2-blocking-50,binary,50,bot_68,3855,b,50,17.79,25,90.24,84,-6.24,0
e2-blocking-50,binary,50,bot_68,3855,b,52,7.99,25,86.32,74,-12.32,0
e2-blocking-50,binary,50,bot_68,3855,b,54,13.43,25,89.45,78,-11.45,0
e2-blocking-50,binary,50,bot_68,3855,b,56,7.3,25,95.37,85,-10.37,0
e2-blocking-50,binary,50,bot_68,3855,b,58,39.25,25,88.38,76,-12.38,0
e2-blocking-50,binary,50,bot_68,3855,b,60,39.94,25,64.28,75,10.72,0
e2-blocking-50,binary,50,bot_69,3856,w,1,17.21,25,66.8,67,0.2,0
e2-blocking-50,binary,50,bot_69,3856,w,3,14.8,25,103.59,97,-6.59,0
e2-blocking-50,binary,50,bot_69,3856,w,5,12.33,25,117.52,110,-7.52,0
e2-blocking-50,binary,50,bot_69,3856,w,7,46.51,25,89.51,149,59.49,0
e2-blocking-50,binary,50,bot_69,3856,w,9,53.42,25,92.1,119,26.9,0
e2-blocking-50,binary,50,bot_69,3856,w,11,47.58,25,101.41,110,8.59,0
e2-blocking-50,binary,50,bot_69,3856,w,13,39.81,25,123.07,138,14.93,0
e2-blocking-50,binary,50,bot_69,3856,w,15,30.09,25,133.55,146,12.45,0
e2-blocking-50,binary,50,bot_69,3856,w,17,22.67,25,142.8,153,10.2,0
e2-blocking-50,binary,50,bot_69,3856,w,19,21.92,25,144.57,157,12.43,0
e2-blocking-50,binary,50,bot_69,3856,w,21,9.85,25,138.71,142,3.29,0
e2-blocking-50,binary,50,bot_69,3856,w,23,82.41,25,167.39,161,-6.39,0
e2-blocking-50,binary,50,bot_69,3856,w,25,73.41,25,100.56,161,60.44,0
e2-blocking-50,binary,50,bot_69,3856,w,27,65.22,25,105.47,158,52.53,0
e2-blocking-50,binary,50,bot_69,3856,w,29,69.18,25,108.64,163,54.36,0
e2-blocking-50,binary,50,bot_69,3856,w,31,47.46,25,114.55,161,46.45,0
e2-blocking-50,binary,50,bot_69,3856,w,33,55.68,25,136.41,172,35.59,0
e2-blocking-50,binary,50,bot_69,3856,w,35,52.7,25,132.25,164,31.75,0
e2-blocking-50,binary,50,bot_69,3856,w,37,45.17,25,138.47,165,26.53,0
e2-blocking-50,binary,50,bot_69,3856,w,39,37.8,25,105.76,123,17.24,0
e2-blocking-50,binary,50,bot_69,3856,w,41,25.62,25,102.64,110,7.36,0
e2-blocking-50,binary,50,bot_69,3856,w,43,15.59,25,108.31,105,-3.31,0
e2-blocking-50,binary,50,bot_69,3856,w,45,35.12,25,111.52,105,-6.52,0
e2-blocking-50,binary,50,bot_69,3856,w,47,23.17,25,63.19,103,39.81,0
e2-blocking-50,binary,50,bot_69,3856,w,49,14.91,25,83.93,88,4.07,0
e2-blocking-50,binary,50,bot_69,3856,w,51,16.43,25,92.02,83,-9.02,0
e2-blocking-50,binary,50,bot_69,3856,w,53,15.49,25,87.16,83,-4.16,0
e2-blocking-50,binary,50,bot_69,3856,w,55,12.47,25,83.77,77,-6.77,0
e2-blocking-50,binary,50,bot_69,3856,w,57,10.65,25,85.09,76,-9.09,0
e2-blocking-50,binary,50,bot_69,3856,w,59,34.26,25,66.95,94,27.05,0
e2-blocking-50,binary,50,bot_70,3856,b,2,16.31,25,75.63,72,-3.63,0
e2-blocking-50,binary,50,bot_70,3856,b,4,15.27,25,107.68,101,-6.68,0
e2-blocking-50,binary,50,bot_70,3856,b,6,82.74,25,124.55,115,-9.55,0
e2-blocking-50,binary,50,bot_70,3856,b,8,49.88,25,89.61,114,24.39,0
e2-blocking-50,binary,50,bot_70,3856,b,10,32.22,25,114.12,145,30.88,0
e2-blocking-50,binary,50,bot_70,3856,b,12,38.15,25,124.33,150,25.67,0
e2-blocking-50,binary,50,bot_70,3856,b,14,35.6,25,126.47,144,17.53,0
e2-blocking-50,binary,50,bot_70,3856,b,16,33.39,25,130.63,140,9.37,0
e2-blocking-50,binary,50,bot_70,3856,b,18,35.92,25,148.36,149,0.64,0
e2-blocking-50,binary,50,bot_70,3856,b,20,25.44,25,151.27,152,0.73,0
e2-blocking-50,binary,50,bot_70,3856,b,22,15.45,25,169.97,158,-11.97,0
e2-blocking-50,binary,50,bot_70,3856,b,24,80.64,25,101.78,163,61.22,0
e2-blocking-50,binary,50,bot_70,3856,b,26,73.73,25,111.6,164,52.4,0
e2-blocking-50,binary,50,bot_70,3856,b,28,75.54,25,120.76,165,44.24,0
e2-blocking-50,binary,50,bot_70,3856,b,30,68.51,25,126.1,175,48.9,0
e2-blocking-50,binary,50,bot_70,3856,b,32,56.56,25,136.78,163,26.22,0
e2-blocking-50,binary,50,bot_70,3856,b,34,52.09,25,131.9,166,34.1,0
e2-blocking-50,binary,50,bot_70,3856,b,36,47.33,25,148.25,182,33.75,0
e2-blocking-50,binary,50,bot_70,3856,b,38,37.48,25,154.15,178,23.85,0
e2-blocking-50,binary,50,bot_70,3856,b,40,28.39,25,120.03,137,16.97,0
e2-blocking-50,binary,50,bot_70,3856,b,42,18.3,25,124.21,129,4.79,0
e2-blocking-50,binary,50,bot_70,3856,b,44,14.52,25,122.21,117,-5.21,0
e2-blocking-50,binary,50,bot_70,3856,b,46,61.38,25,88.88,103,14.12,0
e2-blocking-50,binary,50,bot_70,3856,b,48,25.12,25,82.76,86,3.24,0
e2-blocking-50,binary,50,bot_70,3856,b,50,13.04,25,80.82,75,-5.82,0
e2-blocking-50,binary,50,bot_70,3856,b,52,16.65,25,86.29,82,-4.29,0
e2-blocking-50,binary,50,bot_70,3856,b,54,11.56,25,91.45,89,-2.45,0
e2-blocking-50,binary,50,bot_70,3856,b,56,8.17,25,84.93,79,-5.93,0
e2-blocking-50,binary,50,bot_70,3856,b,58,45.24,25,87.2,80,-7.2,0
e2-blocking-50,binary,50,bot_70,3856,b,60,46.73,25,64.29,80,15.71,0
e2-blocking-50,binary,50,bot_71,3857,w,1,26,25,75.67,71,-4.67,0
e2-blocking-50,binary,50,bot_71,3857,w,3,8.85,25,92.67,104,11.33,0
e2-blocking-50,binary,50,bot_71,3857,w,5,62.17,25,72.97,128,55.03,0
e2-blocking-50,binary,50,bot_71,3857,w,7,60.6,25,72.02,123,50.98,0
e2-blocking-50,binary,50,bot_71,3857,w,9,66.66,25,102.16,138,35.84,0
e2-blocking-50,binary,50,bot_71,3857,w,11,44.06,25,125.68,146,20.32,0
e2-blocking-50,binary,50,bot_71,3857,w,13,28.7,25,131.47,152,20.53,0
e2-blocking-50,binary,50,bot_71,3857,w,15,22.96,25,132.93,153,20.07,0
e2-blocking-50,binary,50,bot_71,3857,w,17,21.4,25,141.89,152,10.11,0
e2-blocking-50,binary,50,bot_71,3857,w,19,14.08,25,157,162,5,0
e2-blocking-50,binary,50,bot_71,3857,w,21,14.4,25,141.51,142,0.49,0
e2-blocking-50,binary,50,bot_71,3857,w,23,23.29,25,142.9,153,10.1,0
e2-blocking-50,binary,50,bot_71,3857,w,25,16.23,25,160.97,161,0.03,0
e2-blocking-50,binary,50,bot_71,3857,w,27,94.07,25,159.87,159,-0.87,0
e2-blocking-50,binary,50,bot_71,3857,w,29,78.91,25,112.91,164,51.09,0
e2-blocking-50,binary,50,bot_71,3857,w,31,76.98,25,104.07,151,46.93,0
e2-blocking-50,binary,50,bot_71,3857,w,33,69.47,25,120.85,167,46.15,0
e2-blocking-50,binary,50,bot_71,3857,w,35,60.3,25,122.98,165,42.02,0
e2-blocking-50,binary,50,bot_71,3857,w,37,49.96,25,135.2,169,33.8,0
e2-blocking-50,binary,50,bot_71,3857,w,39,33.83,25,106.67,131,24.33,0
e2-blocking-50,binary,50,bot_71,3857,w,41,30.97,25,100.69,119,18.31,0
e2-blocking-50,binary,50,bot_71,3857,w,43,23.71,25,96.38,113,16.62,0
e2-blocking-50,binary,50,bot_71,3857,w,45,13.48,25,90.11,99,8.89,0
e2-blocking-50,binary,50,bot_71,3857,w,47,6.49,25,94.04,99,4.96,0
e2-blocking-50,binary,50,bot_71,3857,w,49,41.85,25,90.58,82,-8.58,0
e2-blocking-50,binary,50,bot_71,3857,w,51,15.34,25,55.64,81,25.36,0
e2-blocking-50,binary,50,bot_71,3857,w,53,20.64,25,67.19,92,24.81,0
e2-blocking-50,binary,50,bot_71,3857,w,55,16.55,25,66.95,82,15.05,0
e2-blocking-50,binary,50,bot_71,3857,w,57,15.96,25,73.36,77,3.64,0
e2-blocking-50,binary,50,bot_71,3857,w,59,20.1,25,80.07,88,7.93,0
e2-blocking-50,binary,50,bot_72,3857,b,2,22.55,25,91.12,105,13.88,0
e2-blocking-50,binary,50,bot_72,3857,b,4,67.06,25,125.11,121,-4.11,0
e2-blocking-50,binary,50,bot_72,3857,b,6,63.45,25,97.24,148,50.76,0
e2-blocking-50,binary,50,bot_72,3857,b,8,47.86,25,87.66,137,49.34,0
e2-blocking-50,binary,50,bot_72,3857,b,10,31.06,25,81.72,137,55.28,0
e2-blocking-50,binary,50,bot_72,3857,b,12,33.73,25,125.46,157,31.54,0
e2-blocking-50,binary,50,bot_72,3857,b,14,31.62,25,137.42,154,16.58,0
e2-blocking-50,binary,50,bot_72,3857,b,16,22.63,25,151.81,163,11.19,0
e2-blocking-50,binary,50,bot_72,3857,b,18,17.41,25,157.84,167,9.16,0
e2-blocking-50,binary,50,bot_72,3857,b,20,12.55,25,162.68,164,1.32,0
e2-blocking-50,binary,50,bot_72,3857,b,22,23.77,25,166.16,167,0.84,0
e2-blocking-50,binary,50,bot_72,3857,b,24,14.69,25,164.76,174,9.24,0
e2-blocking-50,binary,50,bot_72,3857,b,26,14.53,25,171.18,174,2.82,0
e2-blocking-50,binary,50,bot_72,3857,b,28,64.83,25,119.78,201,81.22,0
e2-blocking-50,binary,50,bot_72,3857,b,30,62.38,25,115.53,180,64.47,0
e2-blocking-50,binary,50,bot_72,3857,b,32,60.57,25,129.53,193,63.47,0
e2-blocking-50,binary,50,bot_72,3857,b,34,54.97,25,129.71,185,55.29,0
e2-blocking-50,binary,50,bot_72,3857,b,36,47.3,25,148.67,195,46.33,0
e2-blocking-50,binary,50,bot_72,3857,b,38,38.8,25,132.7,168,35.3,0
e2-blocking-50,binary,50,bot_72,3857,b,40,32.73,25,110.7,130,19.3,0
e2-blocking-50,binary,50,bot_72,3857,b,42,30.17,25,111.06,128,16.94,0
e2-blocking-50,binary,50,bot_72,3857,b,44,22.8,25,122.62,132,9.38,0
e2-blocking-50,binary,50,bot_72,3857,b,46,18.54,25,111.09,110,-1.09,0
e2-blocking-50,binary,50,bot_72,3857,b,48,5.69,25,107.9,101,-6.9,0
e2-blocking-50,binary,50,bot_72,3857,b,50,38.71,25,67.52,95,27.48,0
e2-blocking-50,binary,50,bot_72,3857,b,52,38.93,25,90.59,92,1.41,0
e2-blocking-50,binary,50,bot_72,3857,b,54,28.24,25,80.77,88,7.23,0
e2-blocking-50,binary,50,bot_72,3857,b,56,16.9,25,74.2,78,3.8,0
e2-blocking-50,binary,50,bot_72,3857,b,58,19.89,25,85,88,3,0
e2-blocking-50,binary,50,bot_72,3857,b,60,24.56,25,87.05,94,6.95,0
e2-blocking-50,binary,50,bot_73,3858,w,1,19.75,25,93.68,107,13.32,0
e2-blocking-50,binary,50,bot_73,3858,w,3,57.59,25,72.5,131,58.5,0
e2-blocking-50,binary,50,bot_73,3858,w,5,61.89,25,98.74,145,46.26,0
e2-blocking-50,binary,50,bot_73,3858,w,7,46.75,25,88.88,134,45.12,0
e2-blocking-50,binary,50,bot_73,3858,w,9,30.97,25,82.42,133,50.58,0
e2-blocking-50,binary,50,bot_73,3858,w,11,33.38,25,125.41,155,29.59,0
e2-blocking-50,binary,50,bot_73,3858,w,13,29.78,25,139.52,155,15.48,0
e2-blocking-50,binary,50,bot_73,3858,w,15,20.63,25,153.91,164,10.09,0
e2-blocking-50,binary,50,bot_73,3858,w,17,16.16,25,159.4,168,8.6,0
e2-blocking-50,binary,50,bot_73,3858,w,19,74.29,25,164.25,165,0.75,0
e2-blocking-50,binary,50,bot_73,3858,w,21,73.24,25,104.08,175,70.92,0
e2-blocking-50,binary,50,bot_73,3858,w,23,68.95,25,104.42,168,63.58,0
e2-blocking-50,binary,50,bot_73,3858,w,25,59.76,25,112.5,174,61.5,0
e2-blocking-50,binary,50,bot_73,3858,w,27,51.01,25,132.87,187,54.13,0
e2-blocking-50,binary,50,bot_73,3858,w,29,49.07,25,129.14,179,49.86,0
e2-blocking-50,binary,50,bot_73,3858,w,31,43.06,25,147.41,194,46.59,0
e2-blocking-50,binary,50,bot_73,3858,w,33,37.86,25,146.61,186,39.39,0
e2-blocking-50,binary,50,bot_73,3858,w,35,34.06,25,161.63,193,31.37,0
e2-blocking-50,binary,50,bot_73,3858,w,37,25.36,25,145.79,167,21.21,0
e2-blocking-50,binary,50,bot_73,3858,w,39,18.25,25,125.17,132,6.83,0
e2-blocking-50,binary,50,bot_73,3858,w,41,11.96,25,129.74,133,3.26,0
e2-blocking-50,binary,50,bot_73,3858,w,43,37.19,25,83.33,145,61.67,0
e2-blocking-50,binary,50,bot_73,3858,w,45,33.98,25,86.72,120,33.28,0
e2-blocking-50,binary,50,bot_73,3858,w,47,21.43,25,89.49,110,20.51,0
e2-blocking-50,binary,50,bot_73,3858,w,49,16.51,25,90.13,104,13.87,0
e2-blocking-50,binary,50,bot_73,3858,w,51,14.25,25,100.99,101,0.01,0
e2-blocking-50,binary,50,bot_73,3858,w,53,25.09,25,82.78,77,-5.78,0
e2-blocking-50,binary,50,bot_73,3858,w,55,14.13,25,77.18,80,2.82,0
e2-blocking-50,binary,50,bot_73,3858,w,57,16.46,25,88.16,91,2.84,0
e2-blocking-50,binary,50,bot_73,3858,w,59,19.75,25,91.91,98,6.09,0
e2-blocking-50,binary,50,bot_74,3858,b,2,69.6,25,93.74,103,9.26,0
e2-blocking-50,binary,50,bot_74,3858,b,4,59.15,25,75.81,123,47.19,0
e2-blocking-50,binary,50,bot_74,3858,b,6,56.78,25,75.91,127,51.09,0
e2-blocking-50,binary,50,bot_74,3858,b,8,62.25,25,106.75,143,36.25,0
e2-blocking-50,binary,50,bot_74,3858,b,10,39.66,25,129.95,151,21.05,0
e2-blocking-50,binary,50,bot_74,3858,b,12,26.91,25,133.2,156,22.8,0
e2-blocking-50,binary,50,bot_74,3858,b,14,21,25,134.87,154,19.13,0
e2-blocking-50,binary,50,bot_74,3858,b,16,19.76,25,143.67,153,9.33,0
e2-blocking-50,binary,50,bot_74,3858,b,18,12.57,25,158.67,164,5.33,0
e2-blocking-50,binary,50,bot_74,3858,b,20,84.18,25,97.64,160,62.36,0
e2-blocking-50,binary,50,bot_74,3858,b,22,76.2,25,95.99,156,60.01,0
e2-blocking-50,binary,50,bot_74,3858,b,24,73.2,25,112.71,169,56.29,0
e2-blocking-50,binary,50,bot_74,3858,b,26,67.09,25,117.48,165,47.52,0
e2-blocking-50,binary,50,bot_74,3858,b,28,62.23,25,129.59,168,38.41,0
e2-blocking-50,binary,50,bot_74,3858,b,30,59.95,25,120.68,157,36.32,0
e2-blocking-50,binary,50,bot_74,3858,b,32,51.49,25,138.5,169,30.5,0
e2-blocking-50,binary,50,bot_74,3858,b,34,42.41,25,141.3,166,24.7,0
e2-blocking-50,binary,50,bot_74,3858,b,36,34.75,25,150.61,172,21.39,0
e2-blocking-50,binary,50,bot_74,3858,b,38,19.76,25,120.88,134,13.12,0
e2-blocking-50,binary,50,bot_74,3858,b,40,15.83,25,115.96,120,4.04,0
e2-blocking-50,binary,50,bot_74,3858,b,42,74,25,112.34,111,-1.34,0
e2-blocking-50,binary,50,bot_74,3858,b,44,46.3,25,67.2,91,23.8,0
e2-blocking-50,binary,50,bot_74,3858,b,46,33.65,25,66.96,87,20.04,0
e2-blocking-50,binary,50,bot_74,3858,b,48,26.38,25,66.96,75,8.04,0
e2-blocking-50,binary,50,bot_74,3858,b,50,14.03,25,71.56,76,4.44,0
e2-blocking-50,binary,50,bot_74,3858,b,52,4.31,25,81.9,83,1.1,0
e2-blocking-50,binary,50,bot_74,3858,b,54,14.67,25,68.68,82,13.32,0
e2-blocking-50,binary,50,bot_74,3858,b,56,14.15,25,74.91,77,2.09,0
e2-blocking-50,binary,50,bot_74,3858,b,58,17.95,25,81.71,87,5.29,0
e2-blocking-50,binary,50,bot_74,3858,b,60,11.68,25,65.86,74,8.14,0
e2-blocking-50,binary,50,bot_75,3859,w,1,9.85,25,91.78,102,10.22,0
e2-blocking-50,binary,50,bot_75,3859,w,3,72.88,25,120.52,110,-10.52,0
e2-blocking-50,binary,50,bot_75,3859,w,5,62.14,25,69.95,117,47.05,0
e2-blocking-50,binary,50,bot_75,3859,w,7,71.1,25,97.57,131,33.43,0
e2-blocking-50,binary,50,bot_75,3859,w,9,50.96,25,119.34,135,15.66,0
e2-blocking-50,binary,50,bot_75,3859,w,11,35.14,25,124.94,144,19.06,0
e2-blocking-50,binary,50,bot_75,3859,w,13,29.62,25,126.28,146,19.72,0
e2-blocking-50,binary,50,bot_75,3859,w,15,25.82,25,137.4,146,8.6,0
e2-blocking-50,binary,50,bot_75,3859,w,17,18.59,25,152.48,155,2.52,0
e2-blocking-50,binary,50,bot_75,3859,w,19,20.58,25,136.67,134,-2.67,0
e2-blocking-50,binary,50,bot_75,3859,w,21,22.2,25,144.23,145,0.77,0
e2-blocking-50,binary,50,bot_75,3859,w,23,14.86,25,162.16,154,-8.16,0
e2-blocking-50,binary,50,bot_75,3859,w,25,81.89,25,102.63,163,60.37,0
e2-blocking-50,binary,50,bot_75,3859,w,27,77.35,25,114.22,157,42.78,0
e2-blocking-50,binary,50,bot_75,3859,w,29,75.22,25,105.44,146,40.56,0
e2-blocking-50,binary,50,bot_75,3859,w,31,66.89,25,123.26,161,37.74,0
e2-blocking-50,binary,50,bot_75,3859,w,33,57.52,25,125.93,160,34.07,0
e2-blocking-50,binary,50,bot_75,3859,w,35,47.64,25,137.58,162,24.42,0
e2-blocking-50,binary,50,bot_75,3859,w,37,31.32,25,109.27,126,16.73,0
e2-blocking-50,binary,50,bot_75,3859,w,39,28.5,25,103.24,114,10.76,0
e2-blocking-50,binary,50,bot_75,3859,w,41,19.96,25,99.95,109,9.05,0
e2-blocking-50,binary,50,bot_75,3859,w,43,10.38,25,92.92,94,1.08,0
e2-blocking-50,binary,50,bot_75,3859,w,45,4.2,25,96.75,91,-5.75,0
e2-blocking-50,binary,50,bot_75,3859,w,47,37.09,25,57.1,79,21.9,0
e2-blocking-50,binary,50,bot_75,3859,w,49,12.74,25,58.28,75,16.72,0
e2-blocking-50,binary,50,bot_75,3859,w,51,18.53,25,70.54,85,14.46,0
e2-blocking-50,binary,50,bot_75,3859,w,53,7.41,25,75.98,77,1.02,0
e2-blocking-50,binary,50,bot_75,3859,w,55,8.16,25,81.12,77,-4.12,0
e2-blocking-50,binary,50,bot_75,3859,w,57,11.39,25,87.97,82,-5.97,0
e2-blocking-50,binary,50,bot_75,3859,w,59,5.46,25,71.91,67,-4.91,0
e2-blocking-50,binary,50,bot_76,3859,b,2,9.41,25,123.73,112,-11.73,0
e2-blocking-50,binary,50,bot_76,3859,b,4,67.44,25,93.51,144,50.49,0
e2-blocking-50,binary,50,bot_76,3859,b,6,52.75,25,83.05,123,39.95,0
e2-blocking-50,binary,50,bot_76,3859,b,8,35.57,25,77.18,126,48.82,0
e2-blocking-50,binary,50,bot_76,3859,b,10,39.17,25,120.07,149,28.93,0
e2-blocking-50,binary,50,bot_76,3859,b,12,38.55,25,130.52,145,14.48,0
e2-blocking-50,binary,50,bot_76,3859,b,14,28.21,25,146.29,153,6.71,0
e2-blocking-50,binary,50,bot_76,3859,b,16,22.78,25,153.78,157,3.22,0
e2-blocking-50,binary,50,bot_76,3859,b,18,17.72,25,157.36,154,-3.36,0
e2-blocking-50,binary,50,bot_76,3859,b,20,20.81,25,169.19,170,0.81,0
e2-blocking-50,binary,50,bot_76,3859,b,22,10.83,25,168.66,170,1.34,0
e2-blocking-50,binary,50,bot_76,3859,b,24,80,25,174.79,168,-6.79,0
e2-blocking-50,binary,50,bot_76,3859,b,26,61.75,25,122.66,183,60.34,0
e2-blocking-50,binary,50,bot_76,3859,b,28,60.91,25,117.5,174,56.5,0
e2-blocking-50,binary,50,bot_76,3859,b,30,58.78,25,131.67,187,55.33,0
e2-blocking-50,binary,50,bot_76,3859,b,32,52.7,25,131.63,178,46.38,0
e2-blocking-50,binary,50,bot_76,3859,b,34,44.82,25,151.37,189,37.63,0
e2-blocking-50,binary,50,bot_76,3859,b,36,37.04,25,134.21,161,26.79,0
e2-blocking-50,binary,50,bot_76,3859,b,38,30.62,25,112.74,124,11.26,0
e2-blocking-50,binary,50,bot_76,3859,b,40,27.9,25,113.15,122,8.85,0
e2-blocking-50,binary,50,bot_76,3859,b,42,19.51,25,125.7,123,-2.7,0
e2-blocking-50,binary,50,bot_76,3859,b,44,14.25,25,115.11,104,-11.11,0
e2-blocking-50,binary,50,bot_76,3859,b,46,41.77,25,110.52,93,-17.52,0
e2-blocking-50,binary,50,bot_76,3859,b,48,35.66,25,70.82,87,16.18,0
e2-blocking-50,binary,50,bot_76,3859,b,50,35.18,25,94.41,86,-8.41,0
e2-blocking-50,binary,50,bot_76,3859,b,52,18,25,89.41,92,2.59,0
e2-blocking-50,binary,50,bot_76,3859,b,54,11.94,25,79.09,68,-11.09,0
e2-blocking-50,binary,50,bot_76,3859,b,56,11.07,25,93.8,84,-9.8,0
e2-blocking-50,binary,50,bot_76,3859,b,58,11.61,25,100.58,93,-7.58,0
e2-blocking-50,binary,50,bot_76,3859,b,60,33.27,25,77.87,65,-12.87,0
e2-blocking-50,binary,50,bot_77,3860,w,1,56.47,25,73.74,130,56.26,0
e2-blocking-50,binary,50,bot_77,3860,w,3,60.58,25,99.88,145,45.12,0
e2-blocking-50,binary,50,bot_77,3860,w,5,45.36,25,90.18,135,44.82,0
e2-blocking-50,binary,50,bot_77,3860,w,7,29.94,25,83.61,132,48.39,0
e2-blocking-50,binary,50,bot_77,3860,w,9,32.06,25,126.88,154,27.12,0
e2-blocking-50,binary,50,bot_77,3860,w,11,27.69,25,141.48,156,14.52,0
e2-blocking-50,binary,50,bot_77,3860,w,13,17.92,25,156.46,163,6.54,0
e2-blocking-50,binary,50,bot_77,3860,w,15,13.99,25,161.22,166,4.78,0
e2-blocking-50,binary,50,bot_77,3860,w,17,61.24,25,91.91,174,82.09,0
e2-blocking-50,binary,50,bot_77,3860,w,19,70.79,25,106.38,175,68.62,0
e2-blocking-50,binary,50,bot_77,3860,w,21,66.65,25,106.86,167,60.14,0
e2-blocking-50,binary,50,bot_77,3860,w,23,58.16,25,114.11,172,57.89,0
e2-blocking-50,binary,50,bot_77,3860,w,25,49.18,25,135.43,186,50.57,0
e2-blocking-50,binary,50,bot_77,3860,w,27,46.71,25,131.52,177,45.48,0
e2-blocking-50,binary,50,bot_77,3860,w,29,40.48,25,149.89,193,43.11,0
e2-blocking-50,binary,50,bot_77,3860,w,31,35.13,25,149.15,184,34.85,0
e2-blocking-50,binary,50,bot_77,3860,w,33,31.23,25,164.75,190,25.25,0
e2-blocking-50,binary,50,bot_77,3860,w,35,23.31,25,148.77,168,19.23,0
e2-blocking-50,binary,50,bot_77,3860,w,37,15.18,25,128.2,132,3.8,0
e2-blocking-50,binary,50,bot_77,3860,w,39,58.93,25,133.25,132,-1.25,0
e2-blocking-50,binary,50,bot_77,3860,w,41,34.65,25,85.47,136,50.53,0
e2-blocking-50,binary,50,bot_77,3860,w,43,30.04,25,90.59,122,31.41,0
e2-blocking-50,binary,50,bot_77,3860,w,45,18.76,25,92.5,111,18.5,0
e2-blocking-50,binary,50,bot_77,3860,w,47,13.39,25,93.27,102,8.73,0
e2-blocking-50,binary,50,bot_77,3860,w,49,10.05,25,105.44,102,-3.44,0
e2-blocking-50,binary,50,bot_77,3860,w,51,34.36,25,62.21,93,30.79,0
e2-blocking-50,binary,50,bot_77,3860,w,53,25.73,25,70.31,85,14.69,0
e2-blocking-50,binary,50,bot_77,3860,w,55,17.85,25,57.94,71,13.06,0
e2-blocking-50,binary,50,bot_77,3860,w,57,20.27,25,103.36,105,1.64,0
e2-blocking-50,binary,50,bot_77,3860,w,59,21.08,25,65.12,70,4.88,0
e2-blocking-50,binary,50,bot_78,3860,b,2,57.83,25,76.86,112,35.14,0
e2-blocking-50,binary,50,bot_78,3860,b,4,55.55,25,76.95,115,38.05,0
e2-blocking-50,binary,50,bot_78,3860,b,6,61.04,25,108.09,130,21.91,0
e2-blocking-50,binary,50,bot_78,3860,b,8,38.39,25,131.32,139,7.68,0
e2-blocking-50,binary,50,bot_78,3860,b,10,25.1,25,134.86,144,9.14,0
e2-blocking-50,binary,50,bot_78,3860,b,12,19.08,25,136.8,142,5.2,0
e2-blocking-50,binary,50,bot_78,3860,b,14,16.82,25,146.23,141,-5.23,0
e2-blocking-50,binary,50,bot_78,3860,b,16,94.88,25,161.08,152,-9.08,0
e2-blocking-50,binary,50,bot_78,3860,b,18,82.05,25,99.7,139,39.3,0
e2-blocking-50,binary,50,bot_78,3860,b,20,74.12,25,98.23,146,47.77,0
e2-blocking-50,binary,50,bot_78,3860,b,22,70.79,25,114.95,160,45.05,0
e2-blocking-50,binary,50,bot_78,3860,b,24,64.31,25,120.65,156,35.35,0
e2-blocking-50,binary,50,bot_78,3860,b,26,59.18,25,132.45,159,26.55,0
e2-blocking-50,binary,50,bot_78,3860,b,28,56.75,25,123.91,148,24.09,0
e2-blocking-50,binary,50,bot_78,3860,b,30,48.35,25,141.58,160,18.42,0
e2-blocking-50,binary,50,bot_78,3860,b,32,38.84,25,144.49,157,12.51,0
e2-blocking-50,binary,50,bot_78,3860,b,34,32.79,25,152.24,161,8.76,0
e2-blocking-50,binary,50,bot_78,3860,b,36,16.98,25,122.99,123,0.01,0
e2-blocking-50,binary,50,bot_78,3860,b,38,12.91,25,118.77,112,-6.77,0
e2-blocking-50,binary,50,bot_78,3860,b,40,64.11,25,71.11,108,36.89,0
e2-blocking-50,binary,50,bot_78,3860,b,42,44.93,25,68.14,81,12.86,0
e2-blocking-50,binary,50,bot_78,3860,b,44,31.7,25,68.83,76,7.17,0
e2-blocking-50,binary,50,bot_78,3860,b,46,23.44,25,70.08,66,-4.08,0
e2-blocking-50,binary,50,bot_78,3860,b,48,10.67,25,75.07,67,-8.07,0
e2-blocking-50,binary,50,bot_78,3860,b,50,44.6,25,93.76,85,-8.76,0
e2-blocking-50,binary,50,bot_78,3860,b,52,27.61,25,66.05,81,14.95,0
e2-blocking-50,binary,50,bot_78,3860,b,54,26.3,25,64.68,71,6.32,0
e2-blocking-50,binary,50,bot_78,3860,b,56,13.97,25,75.03,73,-2.03,0
e2-blocking-50,binary,50,bot_78,3860,b,58,18.05,25,58.57,59,0.43,0
e2-blocking-50,binary,50,bot_78,3860,b,60,4.99,25,65.2,67,1.8,0
e2-blocking-50,binary,50,bot_79,3861,w,1,66.51,25,94.25,139,44.75,0
e2-blocking-50,binary,50,bot_79,3861,w,3,50.69,25,84.88,120,35.12,0
e2-blocking-50,binary,50,bot_79,3861,w,5,34.35,25,78.38,120,41.62,0
e2-blocking-50,binary,50,bot_79,3861,w,7,37.15,25,121.75,140,18.25,0
e2-blocking-50,binary,50,bot_79,3861,w,9,36.41,25,132.74,137,4.26,0
e2-blocking-50,binary,50,bot_79,3861,w,11,25.96,25,148.32,146,-2.32,0
e2-blocking-50,binary,50,bot_79,3861,w,13,20.71,25,154.73,152,-2.73,0
e2-blocking-50,binary,50,bot_79,3861,w,15,15.53,25,159.5,147,-12.5,0
e2-blocking-50,binary,50,bot_79,3861,w,17,18.83,25,171.05,164,-7.05,0
e2-blocking-50,binary,50,bot_79,3861,w,19,8.87,25,170.82,162,-8.82,0
e2-blocking-50,binary,50,bot_79,3861,w,21,67.33,25,104.68,174,69.32,0
e2-blocking-50,binary,50,bot_79,3861,w,23,59.52,25,124.73,179,54.27,0
e2-blocking-50,binary,50,bot_79,3861,w,25,59.12,25,119.45,168,48.55,0
e2-blocking-50,binary,50,bot_79,3861,w,27,55.68,25,134.79,182,47.21,0
e2-blocking-50,binary,50,bot_79,3861,w,29,48.55,25,135.59,175,39.41,0
e2-blocking-50,binary,50,bot_79,3861,w,31,44.33,25,151.77,182,30.23,0
e2-blocking-50,binary,50,bot_79,3861,w,33,36.69,25,134.53,154,19.47,0
e2-blocking-50,binary,50,bot_79,3861,w,35,27.24,25,116.2,122,5.8,0
e2-blocking-50,binary,50,bot_79,3861,w,37,24.3,25,117,119,2,0
e2-blocking-50,binary,50,bot_79,3861,w,39,16.25,25,129.24,123,-6.24,0
e2-blocking-50,binary,50,bot_79,3861,w,41,10.7,25,118.6,104,-14.6,0
e2-blocking-50,binary,50,bot_79,3861,w,43,35.82,25,74.92,95,20.08,0
e2-blocking-50,binary,50,bot_79,3861,w,45,32.58,25,73.83,85,11.17,0
e2-blocking-50,binary,50,bot_79,3861,w,47,31.64,25,98.09,85,-13.09,0
e2-blocking-50,binary,50,bot_79,3861,w,49,14.54,25,93.06,91,-2.06,0
e2-blocking-50,binary,50,bot_79,3861,w,51,9.37,25,81.75,67,-14.75,0
e2-blocking-50,binary,50,bot_79,3861,w,53,9.39,25,95.58,81,-14.58,0
e2-blocking-50,binary,50,bot_79,3861,w,55,9.04,25,103.53,92,-11.53,0
e2-blocking-50,binary,50,bot_79,3861,w,57,30.24,25,71.79,64,-7.79,0
e2-blocking-50,binary,50,bot_79,3861,w,59,9.37,25,62.88,58,-4.88,0
e2-blocking-50,binary,50,bot_80,3861,b,2,61.66,25,71.16,105,33.84,0
e2-blocking-50,binary,50,bot_80,3861,b,4,68.99,25,99.87,119,19.13,0
e2-blocking-50,binary,50,bot_80,3861,b,6,45.54,25,124.7,128,3.3,0
e2-blocking-50,binary,50,bot_80,3861,b,8,30.77,25,129.2,134,4.8,0
e2-blocking-50,binary,50,bot_80,3861,b,10,24.93,25,131.27,136,4.73,0
e2-blocking-50,binary,50,bot_80,3861,b,12,23.01,25,140.02,134,-6.02,0
e2-blocking-50,binary,50,bot_80,3861,b,14,15.57,25,155.79,145,-10.79,0
e2-blocking-50,binary,50,bot_80,3861,b,16,18.23,25,139.52,125,-14.52,0
e2-blocking-50,binary,50,bot_80,3861,b,18,17.93,25,148.56,138,-10.56,0
e2-blocking-50,binary,50,bot_80,3861,b,20,94.39,25,166.07,146,-20.07,0
e2-blocking-50,binary,50,bot_80,3861,b,22,78.61,25,105.92,145,39.08,0
e2-blocking-50,binary,50,bot_80,3861,b,24,74.56,25,117.14,149,31.86,0
e2-blocking-50,binary,50,bot_80,3861,b,26,72.52,25,108.17,139,30.83,0
e2-blocking-50,binary,50,bot_80,3861,b,28,64.45,25,125.64,153,27.36,0
e2-blocking-50,binary,50,bot_80,3861,b,30,54.87,25,128.83,150,21.17,0
e2-blocking-50,binary,50,bot_80,3861,b,32,45.49,25,139.93,155,15.07,0
e2-blocking-50,binary,50,bot_80,3861,b,34,30.48,25,109.95,120,10.05,0
e2-blocking-50,binary,50,bot_80,3861,b,36,27.64,25,104.01,103,-1.01,0
e2-blocking-50,binary,50,bot_80,3861,b,38,19.18,25,100.79,97,-3.79,0
e2-blocking-50,binary,50,bot_80,3861,b,40,9.47,25,93.55,83,-10.55,0
e2-blocking-50,binary,50,bot_80,3861,b,42,45.16,25,97.72,80,-17.72,0
e2-blocking-50,binary,50,bot_80,3861,b,44,36.18,25,57.5,65,7.5,0
e2-blocking-50,binary,50,bot_80,3861,b,46,11.28,25,59.72,65,5.28,0
e2-blocking-50,binary,50,bot_80,3861,b,48,18.56,25,71.57,74,2.43,0
e2-blocking-50,binary,50,bot_80,3861,b,50,6.09,25,77.35,68,-9.35,0
e2-blocking-50,binary,50,bot_80,3861,b,52,6.68,25,82.53,68,-14.53,0
e2-blocking-50,binary,50,bot_80,3861,b,54,9.36,25,89.7,76,-13.7,0
e2-blocking-50,binary,50,bot_80,3861,b,56,12.79,25,74.16,60,-14.16,0
e2-blocking-50,binary,50,bot_80,3861,b,58,16.35,25,54.21,61,6.79,0
e2-blocking-50,binary,50,bot_80,3861,b,60,13.37,25,68.11,55,-13.11,0
e2-blocking-50,binary,50,bot_81,3862,w,1,63.74,25,69.02,108,38.98,0
e2-blocking-50,binary,50,bot_81,3862,w,3,72.92,25,95.69,115,19.31,0
e2-blocking-50,binary,50,bot_81,3862,w,5,52.72,25,117.39,117,-0.39,0
e2-blocking-50,binary,50,bot_81,3862,w,7,37.08,25,122.98,127,4.02,0
e2-blocking-50,binary,50,bot_81,3862,w,9,31.64,25,124.44,128,3.56,0
e2-blocking-50,binary,50,bot_81,3862,w,11,27.36,25,135.03,129,-6.03,0
e2-blocking-50,binary,50,bot_81,3862,w,13,20.25,25,150.59,138,-12.59,0
e2-blocking-50,binary,50,bot_81,3862,w,15,23.24,25,135.54,117,-18.54,0
e2-blocking-50,binary,50,bot_81,3862,w,17,15.29,25,150.84,134,-16.84,0
e2-blocking-50,binary,50,bot_81,3862,w,19,80.66,25,105.03,155,49.97,0
e2-blocking-50,binary,50,bot_81,3862,w,21,76.01,25,108.87,141,32.13,0
e2-blocking-50,binary,50,bot_81,3862,w,23,72.22,25,119.49,145,25.51,0
e2-blocking-50,binary,50,bot_81,3862,w,25,70.33,25,110.21,137,26.79,0
e2-blocking-50,binary,50,bot_81,3862,w,27,62.45,25,127.63,148,20.37,0
e2-blocking-50,binary,50,bot_81,3862,w,29,52.83,25,130.7,145,14.3,0
e2-blocking-50,binary,50,bot_81,3862,w,31,43.83,25,141.58,152,10.42,0
e2-blocking-50,binary,50,bot_81,3862,w,33,28.12,25,112.49,116,3.51,0
e2-blocking-50,binary,50,bot_81,3862,w,35,26.13,25,105.49,99,-6.49,0
e2-blocking-50,binary,50,bot_81,3862,w,37,17.14,25,102.8,92,-10.8,0
e2-blocking-50,binary,50,bot_81,3862,w,39,7.01,25,95.89,77,-18.89,0
e2-blocking-50,binary,50,bot_81,3862,w,41,40.14,25,61.31,79,17.69,0
e2-blocking-50,binary,50,bot_81,3862,w,43,33.96,25,59.83,61,1.17,0
e2-blocking-50,binary,50,bot_81,3862,w,45,8.78,25,62.57,61,-1.57,0
e2-blocking-50,binary,50,bot_81,3862,w,47,14.59,25,75.66,72,-3.66,0
e2-blocking-50,binary,50,bot_81,3862,w,49,11.08,25,72.47,68,-4.47,0
e2-blocking-50,binary,50,bot_81,3862,w,51,11.03,25,78.06,64,-14.06,0
e2-blocking-50,binary,50,bot_81,3862,w,53,14.92,25,84.57,72,-12.57,0
e2-blocking-50,binary,50,bot_81,3862,w,55,8.28,25,69.47,61,-8.47,0
e2-blocking-50,binary,50,bot_81,3862,w,57,1.63,25,62.18,44,-18.18,0
e2-blocking-50,binary,50,bot_81,3862,w,59,2.98,25,71.98,48,-23.98,0
e2-blocking-50,binary,50,bot_82,3862,b,2,54.03,25,81.81,105,23.19,0
e2-blocking-50,binary,50,bot_82,3862,b,4,36.31,25,76.35,107,30.65,0
e2-blocking-50,binary,50,bot_82,3862,b,6,40.51,25,118.6,129,10.4,0
e2-blocking-50,binary,50,bot_82,3862,b,8,40.58,25,128.89,123,-5.89,0
e2-blocking-50,binary,50,bot_82,3862,b,10,30.07,25,144.25,134,-10.25,0
e2-blocking-50,binary,50,bot_82,3862,b,12,24.86,25,151.51,136,-15.51,0
e2-blocking-50,binary,50,bot_82,3862,b,14,17.85,25,157.38,136,-21.38,0
e2-blocking-50,binary,50,bot_82,3862,b,16,15.77,25,173.55,162,-11.55,0
e2-blocking-50,binary,50,bot_82,3862,b,18,81.36,25,172.17,152,-20.17,0
e2-blocking-50,binary,50,bot_82,3862,b,20,64.91,25,107.04,152,44.96,0
e2-blocking-50,binary,50,bot_82,3862,b,22,57.67,25,126.72,167,40.28,0
e2-blocking-50,binary,50,bot_82,3862,b,24,58.08,25,120.25,157,36.75,0
e2-blocking-50,binary,50,bot_82,3862,b,26,53.28,25,137.06,173,35.94,0
e2-blocking-50,binary,50,bot_82,3862,b,28,46.64,25,137.53,165,27.47,0
e2-blocking-50,binary,50,bot_82,3862,b,30,42.37,25,153.49,171,17.51,0
e2-blocking-50,binary,50,bot_82,3862,b,32,35.23,25,135.98,143,7.02,0
e2-blocking-50,binary,50,bot_82,3862,b,34,25.21,25,118.3,110,-8.3,0
e2-blocking-50,binary,50,bot_82,3862,b,36,21.96,25,119.65,110,-9.65,0
e2-blocking-50,binary,50,bot_82,3862,b,38,13,25,132.44,113,-19.44,0
e2-blocking-50,binary,50,bot_82,3862,b,40,49.55,25,121.25,92,-29.25,0
e2-blocking-50,binary,50,bot_82,3862,b,42,33.71,25,77.24,81,3.76,0
e2-blocking-50,binary,50,bot_82,3862,b,44,30.05,25,76.54,74,-2.54,0
e2-blocking-50,binary,50,bot_82,3862,b,46,29.52,25,100.59,73,-27.59,0
e2-blocking-50,binary,50,bot_82,3862,b,48,23.11,25,84.41,69,-15.41,0
e2-blocking-50,binary,50,bot_82,3862,b,50,12.39,25,78.87,61,-17.87,0
e2-blocking-50,binary,50,bot_82,3862,b,52,14.11,25,90.51,73,-17.51,0
e2-blocking-50,binary,50,bot_82,3862,b,54,17.22,25,94.79,80,-14.79,0
e2-blocking-50,binary,50,bot_82,3862,b,56,8.42,25,72.23,52,-20.23,0
e2-blocking-50,binary,50,bot_82,3862,b,58,2.79,25,66.71,40,-26.71,0
e2-blocking-50,binary,50,bot_82,3862,b,60,2.06,25,71.98,46,-25.98,0
e2-blocking-50,binary,50,bot_83,3863,w,1,59.34,25,76.86,112,35.14,0
e2-blocking-50,binary,50,bot_83,3863,w,3,40.3,25,72.35,112,39.65,0
e2-blocking-50,binary,50,bot_83,3863,w,5,47.34,25,112.06,132,19.94,0
e2-blocking-50,binary,50,bot_83,3863,w,7,48.95,25,120.42,124,3.58,0
e2-blocking-50,binary,50,bot_83,3863,w,9,37.97,25,136.16,134,-2.16,0
e2-blocking-50,binary,50,bot_83,3863,w,11,30.2,25,145.37,139,-6.37,0
e2-blocking-50,binary,50,bot_83,3863,w,13,23.79,25,151.21,137,-14.21,0
e2-blocking-50,binary,50,bot_83,3863,w,15,12.98,25,176.38,172,-4.38,0
e2-blocking-50,binary,50,bot_83,3863,w,17,72.27,25,101.11,158,56.89,0
e2-blocking-50,binary,50,bot_83,3863,w,19,63.05,25,109,152,43,0
e2-blocking-50,binary,50,bot_83,3863,w,21,55.32,25,129.01,168,38.99,0
e2-blocking-50,binary,50,bot_83,3863,w,23,54.19,25,124.14,158,33.86,0
e2-blocking-50,binary,50,bot_83,3863,w,25,49.8,25,140.51,173,32.49,0
e2-blocking-50,binary,50,bot_83,3863,w,27,43.4,25,140.83,165,24.17,0
e2-blocking-50,binary,50,bot_83,3863,w,29,40.26,25,155.69,171,15.31,0
e2-blocking-50,binary,50,bot_83,3863,w,31,33.3,25,137.95,146,8.05,0
e2-blocking-50,binary,50,bot_83,3863,w,33,22.59,25,120.9,112,-8.9,0
e2-blocking-50,binary,50,bot_83,3863,w,35,19.38,25,122.06,111,-11.06,0
e2-blocking-50,binary,50,bot_83,3863,w,37,10.69,25,134.93,115,-19.93,0
e2-blocking-50,binary,50,bot_83,3863,w,39,40.08,25,79.56,100,20.44,0
e2-blocking-50,binary,50,bot_83,3863,w,41,29.25,25,81.57,88,6.43,0
e2-blocking-50,binary,50,bot_83,3863,w,43,25.46,25,81.18,80,-1.18,0
e2-blocking-50,binary,50,bot_83,3863,w,45,24.78,25,105.42,79,-26.42,0
e2-blocking-50,binary,50,bot_83,3863,w,47,11.72,25,95.69,81,-14.69,0
e2-blocking-50,binary,50,bot_83,3863,w,49,4.45,25,86.91,63,-23.91,0
e2-blocking-50,binary,50,bot_83,3863,w,51,5.53,25,99.37,76,-23.37,0
e2-blocking-50,binary,50,bot_83,3863,w,53,31.04,25,107.74,86,-21.74,0
e2-blocking-50,binary,50,bot_83,3863,w,55,26.34,25,75.62,53,-22.62,0
e2-blocking-50,binary,50,bot_83,3863,w,57,5.08,25,67.49,52,-15.49,0
e2-blocking-50,binary,50,bot_83,3863,w,59,24.8,25,67,48,-19,0
e2-blocking-50,binary,50,bot_84,3863,b,2,77.7,25,90.93,123,32.07,0
e2-blocking-50,binary,50,bot_84,3863,b,4,58.4,25,111.92,124,12.08,0
e2-blocking-50,binary,50,bot_84,3863,b,6,42.8,25,117.41,136,18.59,0
e2-blocking-50,binary,50,bot_84,3863,b,8,37.05,25,119.13,139,19.87,0
e2-blocking-50,binary,50,bot_84,3863,b,10,32.77,25,129.64,139,9.36,0
e2-blocking-50,binary,50,bot_84,3863,b,12,24.53,25,147.08,148,0.92,0
e2-blocking-50,binary,50,bot_84,3863,b,14,29.5,25,130.79,126,-4.79,0
e2-blocking-50,binary,50,bot_84,3863,b,16,90.62,25,155.86,143,-12.86,0
e2-blocking-50,binary,50,bot_84,3863,b,18,77.23,25,108.64,155,46.36,0
e2-blocking-50,binary,50,bot_84,3863,b,20,73.2,25,112,148,36,0
e2-blocking-50,binary,50,bot_84,3863,b,22,68.56,25,123.21,153,29.79,0
e2-blocking-50,binary,50,bot_84,3863,b,24,65.92,25,114.43,143,28.57,0
e2-blocking-50,binary,50,bot_84,3863,b,26,57.66,25,132.39,156,23.61,0
e2-blocking-50,binary,50,bot_84,3863,b,28,48.87,25,135.1,151,15.9,0
e2-blocking-50,binary,50,bot_84,3863,b,30,41.81,25,143.6,158,14.4,0
e2-blocking-50,binary,50,bot_84,3863,b,32,25.82,25,114.87,122,7.13,0
e2-blocking-50,binary,50,bot_84,3863,b,34,23.41,25,108.22,105,-3.22,0
e2-blocking-50,binary,50,bot_84,3863,b,36,14.64,25,105.3,99,-6.3,0
e2-blocking-50,binary,50,bot_84,3863,b,38,54.06,25,99.82,86,-13.82,0
e2-blocking-50,binary,50,bot_84,3863,b,40,39.96,25,60.56,76,15.44,0
e2-blocking-50,binary,50,bot_84,3863,b,42,32.15,25,61.53,64,2.47,0
e2-blocking-50,binary,50,bot_84,3863,b,44,6.89,25,64.16,65,0.84,0
e2-blocking-50,binary,50,bot_84,3863,b,46,12.98,25,77.41,75,-2.41,0
e2-blocking-50,binary,50,bot_84,3863,b,48,4.27,25,79.48,69,-10.48,0
e2-blocking-50,binary,50,bot_84,3863,b,50,4.27,25,84.65,67,-17.65,0
e2-blocking-50,binary,50,bot_84,3863,b,52,6.7,25,92.16,76,-16.16,0
e2-blocking-50,binary,50,bot_84,3863,b,54,6.32,25,54.31,63,8.69,0
e2-blocking-50,binary,50,bot_84,3863,b,56,12.86,25,57.77,62,4.23,0
e2-blocking-50,binary,50,bot_84,3863,b,58,9.23,25,72.22,56,-16.22,0
e2-blocking-50,binary,50,bot_84,3863,b,60,31.87,25,66.47,69,2.53,0
e2-blocking-50,binary,50,bot_85,3864,w,1,81.39,25,87.97,120,32.03,0
e2-blocking-50,binary,50,bot_85,3864,w,3,63.58,25,106.75,114,7.25,0
e2-blocking-50,binary,50,bot_85,3864,w,5,47.49,25,112.58,125,12.42,0
e2-blocking-50,binary,50,bot_85,3864,w,7,41.61,25,114.67,128,13.33,0
e2-blocking-50,binary,50,bot_85,3864,w,9,37.53,25,125.07,131,5.93,0
e2-blocking-50,binary,50,bot_85,3864,w,11,29.32,25,142.34,140,-2.34,0
e2-blocking-50,binary,50,bot_85,3864,w,13,38.04,25,123.48,114,-9.48,0
e2-blocking-50,binary,50,bot_85,3864,w,15,77.89,25,94.27,147,52.73,0
e2-blocking-50,binary,50,bot_85,3864,w,17,74.73,25,111.38,148,36.62,0
e2-blocking-50,binary,50,bot_85,3864,w,19,70.24,25,114.48,143,28.52,0
e2-blocking-50,binary,50,bot_85,3864,w,21,63.85,25,127.96,150,22.04,0
e2-blocking-50,binary,50,bot_85,3864,w,23,61.81,25,118.67,138,19.33,0
e2-blocking-50,binary,50,bot_85,3864,w,25,52.92,25,137.4,151,13.6,0
e2-blocking-50,binary,50,bot_85,3864,w,27,43.57,25,140.2,148,7.8,0
e2-blocking-50,binary,50,bot_85,3864,w,29,35.75,25,149.59,155,5.41,0
e2-blocking-50,binary,50,bot_85,3864,w,31,21.09,25,119.93,117,-2.93,0
e2-blocking-50,binary,50,bot_85,3864,w,33,17.88,25,113.61,103,-10.61,0
e2-blocking-50,binary,50,bot_85,3864,w,35,9.08,25,110.73,95,-15.73,0
e2-blocking-50,binary,50,bot_85,3864,w,37,46.89,25,66.39,82,15.61,0
e2-blocking-50,binary,50,bot_85,3864,w,39,34.75,25,65.59,71,5.41,0
e2-blocking-50,binary,50,bot_85,3864,w,41,27.81,25,65.65,58,-7.65,0
e2-blocking-50,binary,50,bot_85,3864,w,43,17.58,25,68.3,56,-12.3,0
e2-blocking-50,binary,50,bot_85,3864,w,45,9.2,25,80.67,65,-15.67,0
e2-blocking-50,binary,50,bot_85,3864,w,47,29.57,25,63.71,80,16.29,0
e2-blocking-50,binary,50,bot_85,3864,w,49,28.16,25,62.58,63,0.42,0
e2-blocking-50,binary,50,bot_85,3864,w,51,19.31,25,85.65,62,-23.65,0
e2-blocking-50,binary,50,bot_85,3864,w,53,6.02,25,54.66,49,-5.66,0
e2-blocking-50,binary,50,bot_85,3864,w,55,9.53,25,61.12,54,-7.12,0
e2-blocking-50,binary,50,bot_85,3864,w,57,6.26,25,64.07,49,-15.07,0
e2-blocking-50,binary,50,bot_85,3864,w,59,28.67,25,69.88,63,-6.88,0
e2-blocking-50,binary,50,bot_86,3864,b,2,45.05,25,67.55,116,48.45,0
e2-blocking-50,binary,50,bot_86,3864,b,4,51.12,25,108.28,139,30.72,0
e2-blocking-50,binary,50,bot_86,3864,b,6,50.2,25,118.63,133,14.37,0
e2-blocking-50,binary,50,bot_86,3864,b,8,42.13,25,131.99,140,8.01,0
e2-blocking-50,binary,50,bot_86,3864,b,10,35.34,25,140.22,144,3.78,0
e2-blocking-50,binary,50,bot_86,3864,b,12,28.52,25,146.5,143,-3.5,0
e2-blocking-50,binary,50,bot_86,3864,b,14,85.58,25,177.99,186,8.01,0
e2-blocking-50,binary,50,bot_86,3864,b,16,70.6,25,102.93,152,49.07,0
e2-blocking-50,binary,50,bot_86,3864,b,18,61.61,25,110.67,156,45.33,0
e2-blocking-50,binary,50,bot_86,3864,b,20,53.89,25,130.45,172,41.55,0
e2-blocking-50,binary,50,bot_86,3864,b,22,52.64,25,125.38,160,34.62,0
e2-blocking-50,binary,50,bot_86,3864,b,24,47.12,25,143.31,177,33.69,0
e2-blocking-50,binary,50,bot_86,3864,b,26,41.05,25,143.2,167,23.8,0
e2-blocking-50,binary,50,bot_86,3864,b,28,38.09,25,157.48,173,15.52,0
e2-blocking-50,binary,50,bot_86,3864,b,30,30.54,25,140.44,147,6.56,0
e2-blocking-50,binary,50,bot_86,3864,b,32,22.44,25,120.93,112,-8.93,0
e2-blocking-50,binary,50,bot_86,3864,b,34,16.7,25,124.46,112,-12.46,0
e2-blocking-50,binary,50,bot_86,3864,b,36,48.7,25,137.72,118,-19.72,0
e2-blocking-50,binary,50,bot_86,3864,b,38,37.55,25,82.62,100,17.38,0
e2-blocking-50,binary,50,bot_86,3864,b,40,25.28,25,85.32,91,5.68,0
e2-blocking-50,binary,50,bot_86,3864,b,42,20.79,25,85.95,85,-0.95,0
e2-blocking-50,binary,50,bot_86,3864,b,44,17.54,25,97.46,86,-11.46,0
e2-blocking-50,binary,50,bot_86,3864,b,46,44.15,25,100.67,86,-14.67,0
e2-blocking-50,binary,50,bot_86,3864,b,48,28.59,25,67.81,72,4.19,0
e2-blocking-50,binary,50,bot_86,3864,b,50,3.93,25,55.16,58,2.84,0
e2-blocking-50,binary,50,bot_86,3864,b,52,22.73,25,100.94,95,-5.94,0
e2-blocking-50,binary,50,bot_86,3864,b,54,21.67,25,80.64,61,-19.64,0
e2-blocking-50,binary,50,bot_86,3864,b,56,13.05,25,71.27,55,-16.27,0
e2-blocking-50,binary,50,bot_86,3864,b,58,21.8,25,70.03,52,-18.03,0
e2-blocking-50,binary,50,bot_86,3864,b,60,28.9,25,62.42,67,4.58,0
e2-blocking-50,binary,50,bot_87,3865,w,1,47.53,25,65.69,124,58.31,0
e2-blocking-50,binary,50,bot_87,3865,w,3,56.54,25,102.73,135,32.27,0
e2-blocking-50,binary,50,bot_87,3865,w,5,53.9,25,114.95,132,17.05,0
e2-blocking-50,binary,50,bot_87,3865,w,7,45.81,25,128.15,138,9.85,0
e2-blocking-50,binary,50,bot_87,3865,w,9,39.71,25,136.08,142,5.92,0
e2-blocking-50,binary,50,bot_87,3865,w,11,34.16,25,141.09,140,-1.09,0
e2-blocking-50,binary,50,bot_87,3865,w,13,37.92,25,155.61,158,2.39,0
e2-blocking-50,binary,50,bot_87,3865,w,15,28.78,25,151.14,151,-0.14,0
e2-blocking-50,binary,50,bot_87,3865,w,17,27.36,25,158.23,151,-7.23,0
e2-blocking-50,binary,50,bot_87,3865,w,19,20.82,25,176.32,164,-12.32,0
e2-blocking-50,binary,50,bot_87,3865,w,21,79.39,25,183.18,168,-15.18,0
e2-blocking-50,binary,50,bot_87,3865,w,23,77.34,25,112.53,167,54.47,0
e2-blocking-50,binary,50,bot_87,3865,w,25,73.18,25,111.75,154,42.25,0
e2-blocking-50,binary,50,bot_87,3865,w,27,62.21,25,133.68,174,40.32,0
e2-blocking-50,binary,50,bot_87,3865,w,29,47.04,25,123.55,154,30.45,0
e2-blocking-50,binary,50,bot_87,3865,w,31,37.08,25,106.23,114,7.77,0
e2-blocking-50,binary,50,bot_87,3865,w,33,35.28,25,105.92,111,5.08,0
e2-blocking-50,binary,50,bot_87,3865,w,35,34.79,25,110.31,109,-1.31,0
e2-blocking-50,binary,50,bot_87,3865,w,37,29.58,25,99.69,88,-11.69,0
e2-blocking-50,binary,50,bot_87,3865,w,39,12.2,25,101.62,80,-21.62,0
e2-blocking-50,binary,50,bot_87,3865,w,41,46.92,25,98.83,76,-22.83,0
e2-blocking-50,binary,50,bot_87,3865,w,43,44.04,25,85.66,73,-12.66,0
e2-blocking-50,binary,50,bot_87,3865,w,45,35.81,25,72.75,71,-1.75,0
e2-blocking-50,binary,50,bot_87,3865,w,47,24.4,25,66.53,61,-5.53,0
e2-blocking-50,binary,50,bot_87,3865,w,49,26.9,25,77.65,72,-5.65,0
e2-blocking-50,binary,50,bot_87,3865,w,51,32.63,25,78.66,78,-0.66,0
e2-blocking-50,binary,50,bot_87,3865,w,53,11,25,69.9,59,-10.9,0
e2-blocking-50,binary,50,bot_87,3865,w,55,4.9,25,64.07,46,-18.07,0
e2-blocking-50,binary,50,bot_87,3865,w,57,5.29,25,68.66,50,-18.66,0
e2-blocking-50,binary,50,bot_87,3865,w,59,4.48,25,86.25,65,-21.25,0
e2-blocking-50,binary,50,bot_88,3865,b,2,67.67,25,102.7,113,10.3,0
e2-blocking-50,binary,50,bot_88,3865,b,4,51.55,25,108.6,127,18.4,0
e2-blocking-50,binary,50,bot_88,3865,b,6,46.67,25,109.58,126,16.42,0
e2-blocking-50,binary,50,bot_88,3865,b,8,42.59,25,119.7,128,8.3,0
e2-blocking-50,binary,50,bot_88,3865,b,10,34.94,25,136.82,139,2.18,0
e2-blocking-50,binary,50,bot_88,3865,b,12,34.27,25,119.82,115,-4.82,0
e2-blocking-50,binary,50,bot_88,3865,b,14,30.04,25,136.66,143,6.34,0
e2-blocking-50,binary,50,bot_88,3865,b,16,24.05,25,152.86,149,-3.86,0
e2-blocking-50,binary,50,bot_88,3865,b,18,17.73,25,153.33,148,-5.33,0
e2-blocking-50,binary,50,bot_88,3865,b,20,16.53,25,160.97,150,-10.97,0
e2-blocking-50,binary,50,bot_88,3865,b,22,85.26,25,96.22,143,46.78,0
e2-blocking-50,binary,50,bot_88,3865,b,24,74.74,25,116.36,161,44.64,0
e2-blocking-50,binary,50,bot_88,3865,b,26,71.05,25,112.05,152,39.95,0
e2-blocking-50,binary,50,bot_88,3865,b,28,60.41,25,124.85,155,30.15,0
e2-blocking-50,binary,50,bot_88,3865,b,30,39.88,25,101.45,117,15.55,0
e2-blocking-50,binary,50,bot_88,3865,b,32,35.9,25,95.59,101,5.41,0
e2-blocking-50,binary,50,bot_88,3865,b,34,29.77,25,90.65,93,2.35,0
e2-blocking-50,binary,50,bot_88,3865,b,36,18.98,25,84.64,87,2.36,0
e2-blocking-50,binary,50,bot_88,3865,b,38,10.57,25,90.46,89,-1.46,0
e2-blocking-50,binary,50,bot_88,3865,b,40,7.38,25,85.9,67,-18.9,0
e2-blocking-50,binary,50,bot_88,3865,b,42,18.57,25,52.69,68,15.31,0
e2-blocking-50,binary,50,bot_88,3865,b,44,23.56,25,64.19,76,11.81,0
e2-blocking-50,binary,50,bot_88,3865,b,46,18.88,25,65.34,75,9.66,0
e2-blocking-50,binary,50,bot_88,3865,b,48,19.66,25,69.7,68,-1.7,0
e2-blocking-50,binary,50,bot_88,3865,b,50,24.14,25,76.33,77,0.67,0
e2-blocking-50,binary,50,bot_88,3865,b,52,13.97,25,64.5,71,6.5,0
e2-blocking-50,binary,50,bot_88,3865,b,54,6.66,25,57.14,43,-14.14,0
e2-blocking-50,binary,50,bot_88,3865,b,56,6.2,25,69.32,49,-20.32,0
e2-blocking-50,binary,50,bot_88,3865,b,58,2.76,25,74.7,54,-20.7,0
e2-blocking-50,binary,50,bot_88,3865,b,60,4.14,25,87.52,65,-22.52,0
e2-blocking-50,binary,50,bot_89,3866,w,1,70.99,25,99.98,112,12.02,0
e2-blocking-50,binary,50,bot_89,3866,w,3,54.05,25,105.94,121,15.06,0
e2-blocking-50,binary,50,bot_89,3866,w,5,50.35,25,105.96,119,13.04,0
e2-blocking-50,binary,50,bot_89,3866,w,7,46.77,25,115.63,121,5.37,0
e2-blocking-50,binary,50,bot_89,3866,w,9,40.3,25,131.7,130,-1.7,0
e2-blocking-50,binary,50,bot_89,3866,w,11,39.11,25,114.21,109,-5.21,0
e2-blocking-50,binary,50,bot_89,3866,w,13,34.21,25,132.56,138,5.44,0
e2-blocking-50,binary,50,bot_89,3866,w,15,29.39,25,147,144,-3,0
e2-blocking-50,binary,50,bot_89,3866,w,17,23,25,147.87,143,-4.87,0
e2-blocking-50,binary,50,bot_89,3866,w,19,23.56,25,154.21,146,-8.21,0
e2-blocking-50,binary,50,bot_89,3866,w,21,12.31,25,151.35,129,-22.35,0
e2-blocking-50,binary,50,bot_89,3866,w,23,79.58,25,111.23,165,53.77,0
e2-blocking-50,binary,50,bot_89,3866,w,25,76.75,25,106.35,148,41.65,0
e2-blocking-50,binary,50,bot_89,3866,w,27,66.26,25,119.33,149,29.67,0
e2-blocking-50,binary,50,bot_89,3866,w,29,42.54,25,99.47,112,12.53,0
e2-blocking-50,binary,50,bot_89,3866,w,31,38.7,25,92.8,94,1.2,0
e2-blocking-50,binary,50,bot_89,3866,w,33,31.87,25,88.43,89,0.57,0
e2-blocking-50,binary,50,bot_89,3866,w,35,26.04,25,77.4,77,-0.4,0
e2-blocking-50,binary,50,bot_89,3866,w,37,12.49,25,88.19,82,-6.19,0
e2-blocking-50,binary,50,bot_89,3866,w,39,8.27,25,85.3,59,-26.3,0
e2-blocking-50,binary,50,bot_89,3866,w,41,1.37,25,89.67,60,-29.67,0
e2-blocking-50,binary,50,bot_89,3866,w,43,24.43,25,62.95,72,9.05,0
e2-blocking-50,binary,50,bot_89,3866,w,45,20.39,25,63.97,71,7.03,0
e2-blocking-50,binary,50,bot_89,3866,w,47,20.92,25,68.6,66,-2.6,0
e2-blocking-50,binary,50,bot_89,3866,w,49,25.86,25,74.85,74,-0.85,0
e2-blocking-50,binary,50,bot_89,3866,w,51,16.02,25,62.29,68,5.71,0
e2-blocking-50,binary,50,bot_89,3866,w,53,6.64,25,57.8,44,-13.8,0
e2-blocking-50,binary,50,bot_89,3866,w,55,7.58,25,68.16,47,-21.16,0
e2-blocking-50,binary,50,bot_89,3866,w,57,3.7,25,73.37,54,-19.37,0
e2-blocking-50,binary,50,bot_89,3866,w,59,6.4,25,85.1,64,-21.1,0
e2-blocking-50,binary,50,bot_90,3866,b,2,62.15,25,96.67,142,45.33,0
e2-blocking-50,binary,50,bot_90,3866,b,4,59.45,25,109.11,136,26.89,0
e2-blocking-50,binary,50,bot_90,3866,b,6,52.46,25,121.35,145,23.65,0
e2-blocking-50,binary,50,bot_90,3866,b,8,43.45,25,132.24,152,19.76,0
e2-blocking-50,binary,50,bot_90,3866,b,10,40.08,25,134.94,149,14.06,0
e2-blocking-50,binary,50,bot_90,3866,b,12,44.63,25,148.91,164,15.09,0
e2-blocking-50,binary,50,bot_90,3866,b,14,35.85,25,144.18,155,10.82,0
e2-blocking-50,binary,50,bot_90,3866,b,16,34.54,25,150.77,156,5.23,0
e2-blocking-50,binary,50,bot_90,3866,b,18,29.65,25,167.25,166,-1.25,0
e2-blocking-50,binary,50,bot_90,3866,b,20,17.28,25,175.9,175,-0.9,0
e2-blocking-50,binary,50,bot_90,3866,b,22,93.99,25,183.1,172,-11.1,0
e2-blocking-50,binary,50,bot_90,3866,b,24,80.12,25,104.61,159,54.39,0
e2-blocking-50,binary,50,bot_90,3866,b,26,68.89,25,127.16,180,52.84,0
e2-blocking-50,binary,50,bot_90,3866,b,28,50.49,25,120.26,162,41.74,0
e2-blocking-50,binary,50,bot_90,3866,b,30,39.89,25,103.41,122,18.59,0
e2-blocking-50,binary,50,bot_90,3866,b,32,38.47,25,102.76,117,14.24,0
e2-blocking-50,binary,50,bot_90,3866,b,34,38.91,25,105.9,113,7.1,0
e2-blocking-50,binary,50,bot_90,3866,b,36,33.64,25,95.57,98,2.43,0
e2-blocking-50,binary,50,bot_90,3866,b,38,12.68,25,101.55,89,-12.55,0
e2-blocking-50,binary,50,bot_90,3866,b,40,8.2,25,93.27,77,-16.27,0
e2-blocking-50,binary,50,bot_90,3866,b,42,48.05,25,105.48,82,-23.48,0
e2-blocking-50,binary,50,bot_90,3866,b,44,40.34,25,67.97,73,5.03,0
e2-blocking-50,binary,50,bot_90,3866,b,46,29.57,25,61.2,62,0.8,0
e2-blocking-50,binary,50,bot_90,3866,b,48,31.6,25,72.73,75,2.27,0
e2-blocking-50,binary,50,bot_90,3866,b,50,37.78,25,73.19,79,5.81,0
e2-blocking-50,binary,50,bot_90,3866,b,52,17.33,25,63.29,58,-5.29,0
e2-blocking-50,binary,50,bot_90,3866,b,54,11.09,25,57.71,44,-13.71,0
e2-blocking-50,binary,50,bot_90,3866,b,56,12.35,25,61.44,49,-12.44,0
e2-blocking-50,binary,50,bot_90,3866,b,58,10.24,25,80.29,64,-16.29,0
e2-blocking-50,binary,50,bot_90,3866,b,60,4.2,25,80.8,68,-12.8,0
e2-blocking-50,binary,50,bot_91,3867,w,1,64.92,25,94.24,148,53.76,0
e2-blocking-50,binary,50,bot_91,3867,w,3,62.73,25,105.97,136,30.03,0
e2-blocking-50,binary,50,bot_91,3867,w,5,55.55,25,118.31,143,24.69,0
e2-blocking-50,binary,50,bot_91,3867,w,7,46.21,25,129.15,150,20.85,0
e2-blocking-50,binary,50,bot_91,3867,w,9,44.36,25,130.89,146,15.11,0
e2-blocking-50,binary,50,bot_91,3867,w,11,48.28,25,145.72,165,19.28,0
e2-blocking-50,binary,50,bot_91,3867,w,13,38.84,25,141.73,155,13.27,0
e2-blocking-50,binary,50,bot_91,3867,w,15,37.38,25,148.23,156,7.77,0
e2-blocking-50,binary,50,bot_91,3867,w,17,33.05,25,164.06,165,0.94,0
e2-blocking-50,binary,50,bot_91,3867,w,19,21.54,25,171.95,176,4.05,0
e2-blocking-50,binary,50,bot_91,3867,w,21,14.41,25,178.98,169,-9.98,0
e2-blocking-50,binary,50,bot_91,3867,w,23,94.08,25,173.13,161,-12.13,0
e2-blocking-50,binary,50,bot_91,3867,w,25,73.69,25,122.25,176,53.75,0
e2-blocking-50,binary,50,bot_91,3867,w,27,54.37,25,114.81,162,47.19,0
e2-blocking-50,binary,50,bot_91,3867,w,29,45.29,25,98.1,121,22.9,0
e2-blocking-50,binary,50,bot_91,3867,w,31,43.6,25,97.63,117,19.37,0
e2-blocking-50,binary,50,bot_91,3867,w,33,45.93,25,99.34,111,11.66,0
e2-blocking-50,binary,50,bot_91,3867,w,35,38.31,25,111.79,97,-14.79,0
e2-blocking-50,binary,50,bot_91,3867,w,37,26.71,25,102.33,86,-16.33,0
e2-blocking-50,binary,50,bot_91,3867,w,39,14.75,25,86.87,75,-11.87,0
e2-blocking-50,binary,50,bot_91,3867,w,41,54.48,25,99.58,85,-14.58,0
e2-blocking-50,binary,50,bot_91,3867,w,43,45.12,25,63.61,70,6.39,0
e2-blocking-50,binary,50,bot_91,3867,w,45,34.5,25,56.21,58,1.79,0
e2-blocking-50,binary,50,bot_91,3867,w,47,36.88,25,67.59,70,2.41,0
e2-blocking-50,binary,50,bot_91,3867,w,49,42.6,25,68.08,76,7.92,0
e2-blocking-50,binary,50,bot_91,3867,w,51,21.98,25,58.57,57,-1.57,0
e2-blocking-50,binary,50,bot_91,3867,w,53,15.57,25,53.26,41,-12.26,0
e2-blocking-50,binary,50,bot_91,3867,w,55,17.1,25,56.79,45,-11.79,0
e2-blocking-50,binary,50,bot_91,3867,w,57,14.64,25,76.03,61,-15.03,0
e2-blocking-50,binary,50,bot_91,3867,w,59,9.27,25,74.97,64,-10.97,0
e2-blocking-50,binary,50,bot_92,3867,b,2,59.16,25,100.75,122,21.25,0
e2-blocking-50,binary,50,bot_92,3867,b,4,55.55,25,100.96,121,20.04,0
e2-blocking-50,binary,50,bot_92,3867,b,6,51.13,25,111.16,123,11.84,0
e2-blocking-50,binary,50,bot_92,3867,b,8,45.12,25,127.42,130,2.58,0
e2-blocking-50,binary,50,bot_92,3867,b,10,44.42,25,108.61,109,0.39,0
e2-blocking-50,binary,50,bot_92,3867,b,12,38.94,25,127.91,140,12.09,0
e2-blocking-50,binary,50,bot_92,3867,b,14,33.93,25,142.36,145,2.64,0
e2-blocking-50,binary,50,bot_92,3867,b,16,26.18,25,144.64,145,0.36,0
e2-blocking-50,binary,50,bot_92,3867,b,18,29.97,25,147.69,144,-3.69,0
e2-blocking-50,binary,50,bot_92,3867,b,20,15.91,25,147.4,133,-14.4,0
e2-blocking-50,binary,50,bot_92,3867,b,22,13.55,25,178.04,157,-21.04,0
e2-blocking-50,binary,50,bot_92,3867,b,24,80.12,25,103.39,161,57.61,0
e2-blocking-50,binary,50,bot_92,3867,b,26,72.57,25,112.94,150,37.06,0
e2-blocking-50,binary,50,bot_92,3867,b,28,49.32,25,94.16,113,18.84,0
e2-blocking-50,binary,50,bot_92,3867,b,30,45.22,25,86.41,96,9.59,0
e2-blocking-50,binary,50,bot_92,3867,b,32,37.48,25,82.7,91,8.3,0
e2-blocking-50,binary,50,bot_92,3867,b,34,12.33,25,70.43,80,9.57,0
e2-blocking-50,binary,50,bot_92,3867,b,36,8.43,25,76.96,81,4.04,0
e2-blocking-50,binary,50,bot_92,3867,b,38,14.97,25,78.56,70,-8.56,0
e2-blocking-50,binary,50,bot_92,3867,b,40,11.2,25,79.74,59,-20.74,0
e2-blocking-50,binary,50,bot_92,3867,b,42,28.23,25,59.37,78,18.63,0
e2-blocking-50,binary,50,bot_92,3867,b,44,23.4,25,60.95,77,16.05,0
e2-blocking-50,binary,50,bot_92,3867,b,46,24.33,25,65.48,71,5.52,0
e2-blocking-50,binary,50,bot_92,3867,b,48,30.79,25,70.24,78,7.76,0
e2-blocking-50,binary,50,bot_92,3867,b,50,20.2,25,57.98,71,13.02,0
e2-blocking-50,binary,50,bot_92,3867,b,52,9.87,25,54.63,48,-6.63,0
e2-blocking-50,binary,50,bot_92,3867,b,54,10.13,25,65.88,54,-11.88,0
e2-blocking-50,binary,50,bot_92,3867,b,56,7.09,25,70.2,58,-12.2,0
e2-blocking-50,binary,50,bot_92,3867,b,58,10.77,25,80.81,67,-13.81,0
e2-blocking-50,binary,50,bot_92,3867,b,60,4.52,25,71.02,52,-19.02,0
e2-blocking-50,binary,50,bot_93,3868,w,1,69.38,25,93.61,138,44.39,0
e2-blocking-50,binary,50,bot_93,3868,w,3,64.19,25,99.96,128,28.04,0
e2-blocking-50,binary,50,bot_93,3868,w,5,71.67,25,112.64,131,18.36,0
e2-blocking-50,binary,50,bot_93,3868,w,7,56.61,25,120.08,137,16.92,0
e2-blocking-50,binary,50,bot_93,3868,w,9,48.09,25,135.84,141,5.16,0
e2-blocking-50,binary,50,bot_93,3868,w,11,44.19,25,128.55,140,11.45,0
e2-blocking-50,binary,50,bot_93,3868,w,13,37.66,25,148.67,154,5.33,0
e2-blocking-50,binary,50,bot_93,3868,w,15,29.58,25,154.91,151,-3.91,0
e2-blocking-50,binary,50,bot_93,3868,w,17,21.87,25,169.81,159,-10.81,0
e2-blocking-50,binary,50,bot_93,3868,w,19,17.59,25,163.61,151,-12.61,0
e2-blocking-50,binary,50,bot_93,3868,w,21,91.01,25,180.15,160,-20.15,0
e2-blocking-50,binary,50,bot_93,3868,w,23,82.98,25,112.02,158,45.98,0
e2-blocking-50,binary,50,bot_93,3868,w,25,71.44,25,120.29,163,42.71,0
e2-blocking-50,binary,50,bot_93,3868,w,27,48.78,25,100.94,123,22.06,0
e2-blocking-50,binary,50,bot_93,3868,w,29,41.43,25,100.8,111,10.2,0
e2-blocking-50,binary,50,bot_93,3868,w,31,32.53,25,103.95,103,-0.95,0
e2-blocking-50,binary,50,bot_93,3868,w,33,20.98,25,92.07,72,-20.07,0
e2-blocking-50,binary,50,bot_93,3868,w,35,43.93,25,95.37,76,-19.37,0
e2-blocking-50,binary,50,bot_93,3868,w,37,18.2,25,75.54,67,-8.54,0
e2-blocking-50,binary,50,bot_93,3868,w,39,26.53,25,76.99,63,-13.99,0
e2-blocking-50,binary,50,bot_93,3868,w,41,16.83,25,86.01,76,-10.01,0
e2-blocking-50,binary,50,bot_93,3868,w,43,12.12,25,80.84,68,-12.84,0
e2-blocking-50,binary,50,bot_93,3868,w,45,9.15,25,81.67,66,-15.67,0
e2-blocking-50,binary,50,bot_93,3868,w,47,2.83,25,86.39,61,-25.39,0
e2-blocking-50,binary,50,bot_93,3868,w,49,2.35,25,74.02,50,-24.02,0
e2-blocking-50,binary,50,bot_93,3868,w,51,19.31,25,77.61,55,-22.61,0
e2-blocking-50,binary,50,bot_93,3868,w,53,4.49,25,54.08,38,-16.08,0
e2-blocking-50,binary,50,bot_93,3868,w,55,17.79,25,73.46,57,-16.46,0
e2-blocking-50,binary,50,bot_93,3868,w,57,13.55,25,70.64,56,-14.64,0
e2-blocking-50,binary,50,bot_93,3868,w,59,2.93,25,69.96,49,-20.96,0
e2-blocking-50,binary,50,bot_94,3868,b,2,64.01,25,99.49,129,29.51,0
e2-blocking-50,binary,50,bot_94,3868,b,4,55.45,25,109.61,134,24.39,0
e2-blocking-50,binary,50,bot_94,3868,b,6,54.49,25,112.13,142,29.87,0
e2-blocking-50,binary,50,bot_94,3868,b,8,37.41,25,113.55,128,14.45,0
e2-blocking-50,binary,50,bot_94,3868,b,10,45,25,132.27,145,12.73,0
e2-blocking-50,binary,50,bot_94,3868,b,12,38.64,25,134.7,145,10.3,0
e2-blocking-50,binary,50,bot_94,3868,b,14,28.62,25,143.17,146,2.83,0
e2-blocking-50,binary,50,bot_94,3868,b,16,22.29,25,162.01,157,-5.01,0
e2-blocking-50,binary,50,bot_94,3868,b,18,19.4,25,158.27,144,-14.27,0
e2-blocking-50,binary,50,bot_94,3868,b,20,12.99,25,177.23,158,-19.23,0
e2-blocking-50,binary,50,bot_94,3868,b,22,79.99,25,105.3,162,56.7,0
e2-blocking-50,binary,50,bot_94,3868,b,24,75.84,25,108.27,156,47.73,0
e2-blocking-50,binary,50,bot_94,3868,b,26,55.27,25,88.54,125,36.46,0
e2-blocking-50,binary,50,bot_94,3868,b,28,43.41,25,85.09,99,13.91,0
e2-blocking-50,binary,50,bot_94,3868,b,30,32.22,25,92.09,99,6.91,0
e2-blocking-50,binary,50,bot_94,3868,b,32,13.48,25,105.79,104,-1.79,0
e2-blocking-50,binary,50,bot_94,3868,b,34,13.45,25,106.09,91,-15.09,0
e2-blocking-50,binary,50,bot_94,3868,b,36,23.5,25,76.23,85,8.77,0
e2-blocking-50,binary,50,bot_94,3868,b,38,20.43,25,88.77,71,-17.77,0
e2-blocking-50,binary,50,bot_94,3868,b,40,17.84,25,85.58,78,-7.58,0
e2-blocking-50,binary,50,bot_94,3868,b,42,14.61,25,81.45,70,-11.45,0
e2-blocking-50,binary,50,bot_94,3868,b,44,12.91,25,83.16,67,-16.16,0
e2-blocking-50,binary,50,bot_94,3868,b,46,2.61,25,72.84,53,-19.84,0
e2-blocking-50,binary,50,bot_94,3868,b,48,3.63,25,120.24,93,-27.24,0
e2-blocking-50,binary,50,bot_94,3868,b,50,4.1,25,81.68,55,-26.68,0
e2-blocking-50,binary,50,bot_94,3868,b,52,11.38,25,64.65,56,-8.65,0
e2-blocking-50,binary,50,bot_94,3868,b,54,11.26,25,81.59,57,-24.59,0
e2-blocking-50,binary,50,bot_94,3868,b,56,12.32,25,79.31,68,-11.31,0
e2-blocking-50,binary,50,bot_94,3868,b,58,5.03,25,69.39,55,-14.39,0
e2-blocking-50,binary,50,bot_94,3868,b,60,2.28,25,71.77,46,-25.77,0
e2-blocking-50,binary,50,bot_95,3869,w,1,67.03,25,96.91,140,43.09,0
e2-blocking-50,binary,50,bot_95,3869,w,3,57.83,25,107.38,136,28.62,0
e2-blocking-50,binary,50,bot_95,3869,w,5,62.82,25,103.76,138,34.24,0
e2-blocking-50,binary,50,bot_95,3869,w,7,41.28,25,109.91,132,22.09,0
e2-blocking-50,binary,50,bot_95,3869,w,9,51.11,25,125.74,144,18.26,0
e2-blocking-50,binary,50,bot_95,3869,w,11,45.17,25,128.15,141,12.85,0
e2-blocking-50,binary,50,bot_95,3869,w,13,34.81,25,137.04,147,9.96,0
e2-blocking-50,binary,50,bot_95,3869,w,15,26.44,25,157.75,160,2.25,0
e2-blocking-50,binary,50,bot_95,3869,w,17,25.58,25,152.37,147,-5.37,0
e2-blocking-50,binary,50,bot_95,3869,w,19,17.4,25,172.78,165,-7.78,0
e2-blocking-50,binary,50,bot_95,3869,w,21,12.32,25,172.17,156,-16.17,0
e2-blocking-50,binary,50,bot_95,3869,w,23,80.46,25,104.38,172,67.62,0
e2-blocking-50,binary,50,bot_95,3869,w,25,58.06,25,86.07,135,48.93,0
e2-blocking-50,binary,50,bot_95,3869,w,27,48.11,25,80.99,107,26.01,0
e2-blocking-50,binary,50,bot_95,3869,w,29,34.46,25,90.21,109,18.79,0
e2-blocking-50,binary,50,bot_95,3869,w,31,17.71,25,102.41,110,7.59,0
e2-blocking-50,binary,50,bot_95,3869,w,33,16.67,25,102.83,94,-8.83,0
e2-blocking-50,binary,50,bot_95,3869,w,35,32.86,25,105.43,80,-25.43,0
e2-blocking-50,binary,50,bot_95,3869,w,37,26.89,25,82.06,70,-12.06,0
e2-blocking-50,binary,50,bot_95,3869,w,39,22.21,25,80.86,78,-2.86,0
e2-blocking-50,binary,50,bot_95,3869,w,41,21.08,25,75.23,67,-8.23,0
e2-blocking-50,binary,50,bot_95,3869,w,43,17.89,25,78.09,66,-12.09,0
e2-blocking-50,binary,50,bot_95,3869,w,45,8.61,25,66.59,50,-16.59,0
e2-blocking-50,binary,50,bot_95,3869,w,47,10.42,25,113.05,85,-28.05,0
e2-blocking-50,binary,50,bot_95,3869,w,49,11.61,25,74.59,51,-23.59,0
e2-blocking-50,binary,50,bot_95,3869,w,51,20.8,25,72.42,47,-25.42,0
e2-blocking-50,binary,50,bot_95,3869,w,53,12.62,25,72.05,49,-23.05,0
e2-blocking-50,binary,50,bot_95,3869,w,55,20.17,25,71.09,61,-10.09,0
e2-blocking-50,binary,50,bot_95,3869,w,57,11.15,25,63.14,48,-15.14,0
e2-blocking-50,binary,50,bot_95,3869,w,59,4.65,25,69.61,46,-23.61,0
e2-blocking-50,binary,50,bot_96,3869,b,2,68.52,25,95.39,123,27.61,0
e2-blocking-50,binary,50,bot_96,3869,b,4,75.34,25,108.64,128,19.36,0
e2-blocking-50,binary,50,bot_96,3869,b,6,63.07,25,113.69,136,22.31,0
e2-blocking-50,binary,50,bot_96,3869,b,8,55.17,25,128.24,135,6.76,0
e2-blocking-50,binary,50,bot_96,3869,b,10,48.46,25,124.13,141,16.87,0
e2-blocking-50,binary,50,bot_96,3869,b,12,45.03,25,141.34,152,10.66,0
e2-blocking-50,binary,50,bot_96,3869,b,14,38.05,25,146.43,146,-0.43,0
e2-blocking-50,binary,50,bot_96,3869,b,16,31.53,25,160.06,152,-8.06,0
e2-blocking-50,binary,50,bot_96,3869,b,18,28.04,25,153.06,144,-9.06,0
e2-blocking-50,binary,50,bot_96,3869,b,20,20,25,170.11,153,-17.11,0
e2-blocking-50,binary,50,bot_96,3869,b,22,103.14,25,173.02,151,-22.02,0
e2-blocking-50,binary,50,bot_96,3869,b,24,84.16,25,107.75,152,44.25,0
e2-blocking-50,binary,50,bot_96,3869,b,26,62.19,25,87.45,110,22.55,0
e2-blocking-50,binary,50,bot_96,3869,b,28,54.34,25,87.54,101,13.46,0
e2-blocking-50,binary,50,bot_96,3869,b,30,44,25,91.66,92,0.34,0
e2-blocking-50,binary,50,bot_96,3869,b,32,27.19,25,85.94,68,-17.94,0
e2-blocking-50,binary,50,bot_96,3869,b,34,10.9,25,89.73,73,-16.73,0
e2-blocking-50,binary,50,bot_96,3869,b,36,24.58,25,69.73,68,-1.73,0
e2-blocking-50,binary,50,bot_96,3869,b,38,33.24,25,70.32,62,-8.32,0
e2-blocking-50,binary,50,bot_96,3869,b,40,22.05,25,80.92,74,-6.92,0
e2-blocking-50,binary,50,bot_96,3869,b,42,17.75,25,75.76,67,-8.76,0
e2-blocking-50,binary,50,bot_96,3869,b,44,14.23,25,76.34,66,-10.34,0
e2-blocking-50,binary,50,bot_96,3869,b,46,2.72,25,86.38,66,-20.38,0
e2-blocking-50,binary,50,bot_96,3869,b,48,6.81,25,69.92,50,-19.92,0
e2-blocking-50,binary,50,bot_96,3869,b,50,4.75,25,75.09,58,-17.09,0
e2-blocking-50,binary,50,bot_96,3869,b,52,7.54,25,51.08,43,-8.08,0
e2-blocking-50,binary,50,bot_96,3869,b,54,18.94,25,79.58,63,-16.58,0
e2-blocking-50,binary,50,bot_96,3869,b,56,13.57,25,70.91,62,-8.91,0
e2-blocking-50,binary,50,bot_96,3869,b,58,5.33,25,67.44,49,-18.44,0
e2-blocking-50,binary,50,bot_96,3869,b,60,1.93,25,75.21,51,-24.21,0
e2-blocking-50,binary,50,bot_97,3870,w,1,73.14,25,91.27,127,35.73,0
e2-blocking-50,binary,50,bot_97,3870,w,3,81.95,25,101.65,123,21.35,0
e2-blocking-50,binary,50,bot_97,3870,w,5,70.9,25,105.83,132,26.17,0
e2-blocking-50,binary,50,bot_97,3870,w,7,63.19,25,119.66,132,12.34,0
e2-blocking-50,binary,50,bot_97,3870,w,9,56.96,25,115.59,138,22.41,0
e2-blocking-50,binary,50,bot_97,3870,w,11,52.51,25,133.94,149,15.06,0
e2-blocking-50,binary,50,bot_97,3870,w,13,46.58,25,137.96,143,5.04,0
e2-blocking-50,binary,50,bot_97,3870,w,15,41.91,25,149.56,148,-1.56,0
e2-blocking-50,binary,50,bot_97,3870,w,17,38.06,25,142.54,139,-3.54,0
e2-blocking-50,binary,50,bot_97,3870,w,19,28.19,25,162.04,150,-12.04,0
e2-blocking-50,binary,50,bot_97,3870,w,21,18.77,25,164.68,147,-17.68,0
e2-blocking-50,binary,50,bot_97,3870,w,23,13.81,25,170.8,150,-20.8,0
e2-blocking-50,binary,50,bot_97,3870,w,25,68.95,25,80.89,117,36.11,0
e2-blocking-50,binary,50,bot_97,3870,w,27,61.5,25,80.76,97,16.24,0
e2-blocking-50,binary,50,bot_97,3870,w,29,51.75,25,83.58,89,5.42,0
e2-blocking-50,binary,50,bot_97,3870,w,31,35.87,25,77.03,65,-12.03,0
e2-blocking-50,binary,50,bot_97,3870,w,33,20.7,25,79.61,67,-12.61,0
e2-blocking-50,binary,50,bot_97,3870,w,35,11,25,82.9,57,-25.9,0
e2-blocking-50,binary,50,bot_97,3870,w,37,44.19,25,58.97,58,-0.97,0
e2-blocking-50,binary,50,bot_97,3870,w,39,30.82,25,72.27,72,-0.27,0
e2-blocking-50,binary,50,bot_97,3870,w,41,21.05,25,72.15,70,-2.15,0
e2-blocking-50,binary,50,bot_97,3870,w,43,19.34,25,71.5,63,-8.5,0
e2-blocking-50,binary,50,bot_97,3870,w,45,6.9,25,81.96,63,-18.96,0
e2-blocking-50,binary,50,bot_97,3870,w,47,10.75,25,65.55,50,-15.55,0
e2-blocking-50,binary,50,bot_97,3870,w,49,8.15,25,71.29,58,-13.29,0
e2-blocking-50,binary,50,bot_97,3870,w,51,9.34,25,68.19,45,-23.19,0
e2-blocking-50,binary,50,bot_97,3870,w,53,23.15,25,75.5,61,-14.5,0
e2-blocking-50,binary,50,bot_97,3870,w,55,18.74,25,65.8,58,-7.8,0
e2-blocking-50,binary,50,bot_97,3870,w,57,9.86,25,62.71,47,-15.71,0
e2-blocking-50,binary,50,bot_97,3870,w,59,5.75,25,70.9,48,-22.9,0
e2-blocking-50,binary,50,bot_98,3870,b,2,62.67,25,102.94,133,30.06,0
e2-blocking-50,binary,50,bot_98,3870,b,4,68.34,25,98.58,138,39.42,0
e2-blocking-50,binary,50,bot_98,3870,b,6,48.45,25,103.35,131,27.65,0
e2-blocking-50,binary,50,bot_98,3870,b,8,58.05,25,118.86,146,27.14,0
e2-blocking-50,binary,50,bot_98,3870,b,10,52.02,25,121.54,141,19.46,0
e2-blocking-50,binary,50,bot_98,3870,b,12,40.87,25,131.2,147,15.8,0
e2-blocking-50,binary,50,bot_98,3870,b,14,33.33,25,150.87,160,9.13,0
e2-blocking-50,binary,50,bot_98,3870,b,16,32.79,25,145.31,150,4.69,0
e2-blocking-50,binary,50,bot_98,3870,b,18,23.83,25,166.67,167,0.33,0
e2-blocking-50,binary,50,bot_98,3870,b,20,18.39,25,166.18,157,-9.18,0
e2-blocking-50,binary,50,bot_98,3870,b,22,15.64,25,180.92,163,-17.92,0
e2-blocking-50,binary,50,bot_98,3870,b,24,73.19,25,158.85,134,-24.85,0
e2-blocking-50,binary,50,bot_98,3870,b,26,52.22,25,76.95,109,32.05,0
e2-blocking-50,binary,50,bot_98,3870,b,28,40.19,25,84.75,109,24.25,0
e2-blocking-50,binary,50,bot_98,3870,b,30,24.48,25,95.67,110,14.33,0
e2-blocking-50,binary,50,bot_98,3870,b,32,22.65,25,97.91,96,-1.91,0
e2-blocking-50,binary,50,bot_98,3870,b,34,10.88,25,100,84,-16,0
e2-blocking-50,binary,50,bot_98,3870,b,36,35.46,25,101.41,76,-25.41,0
e2-blocking-50,binary,50,bot_98,3870,b,38,29.1,25,74.13,80,5.87,0
e2-blocking-50,binary,50,bot_98,3870,b,40,27.91,25,68.16,69,0.84,0
e2-blocking-50,binary,50,bot_98,3870,b,42,21.04,25,75.31,65,-10.31,0
e2-blocking-50,binary,50,bot_98,3870,b,44,11.35,25,63.79,52,-11.79,0
e2-blocking-50,binary,50,bot_98,3870,b,46,14.49,25,108.81,85,-23.81,0
e2-blocking-50,binary,50,bot_98,3870,b,48,16.04,25,69.71,50,-19.71,0
e2-blocking-50,binary,50,bot_98,3870,b,50,7.02,25,67.68,45,-22.68,0
e2-blocking-50,binary,50,bot_98,3870,b,52,14.73,25,69.95,48,-21.95,0
e2-blocking-50,binary,50,bot_98,3870,b,54,22.35,25,69.18,62,-7.18,0
e2-blocking-50,binary,50,bot_98,3870,b,56,13.59,25,61.09,48,-13.09,0
e2-blocking-50,binary,50,bot_98,3870,b,58,7.32,25,67.14,47,-20.14,0
e2-blocking-50,binary,50,bot_98,3870,b,60,1.74,25,58.32,33,-25.32,0
e2-blocking-50,binary,50,bot_99,3871,w,1,63.96,25,101.88,148,46.12,0
e2-blocking-50,binary,50,bot_99,3871,w,3,69.25,25,97.55,140,42.45,0
e2-blocking-50,binary,50,bot_99,3871,w,5,49.65,25,102.48,135,32.52,0
e2-blocking-50,binary,50,bot_99,3871,w,7,59.53,25,117.73,148,30.27,0
e2-blocking-50,binary,50,bot_99,3871,w,9,54.21,25,119.17,143,23.83,0
e2-blocking-50,binary,50,bot_99,3871,w,11,44.02,25,128.27,149,20.73,0
e2-blocking-50,binary,50,bot_99,3871,w,13,36.41,25,147.86,163,15.14,0
e2-blocking-50,binary,50,bot_99,3871,w,15,36.39,25,141.76,151,9.24,0
e2-blocking-50,binary,50,bot_99,3871,w,17,28.81,25,161.67,169,7.33,0
e2-blocking-50,binary,50,bot_99,3871,w,19,22.8,25,161.75,160,-1.75,0
e2-blocking-50,binary,50,bot_99,3871,w,21,19.85,25,176.7,165,-11.7,0
e2-blocking-50,binary,50,bot_99,3871,w,23,15.84,25,155.22,138,-17.22,0
e2-blocking-50,binary,50,bot_99,3871,w,25,55.14,25,74,119,45,0
e2-blocking-50,binary,50,bot_99,3871,w,27,43.77,25,81.19,111,29.81,0
e2-blocking-50,binary,50,bot_99,3871,w,29,27.76,25,92.09,111,18.91,0
e2-blocking-50,binary,50,bot_99,3871,w,31,24.02,25,96.39,100,3.61,0
e2-blocking-50,binary,50,bot_99,3871,w,33,12.46,25,98.8,89,-9.8,0
e2-blocking-50,binary,50,bot_99,3871,w,35,6.82,25,99.96,81,-18.96,0
e2-blocking-50,binary,50,bot_99,3871,w,37,30.98,25,72.06,88,15.94,0
e2-blocking-50,binary,50,bot_99,3871,w,39,30.15,25,65.96,71,5.04,0
e2-blocking-50,binary,50,bot_99,3871,w,41,23.43,25,72.57,69,-3.57,0
e2-blocking-50,binary,50,bot_99,3871,w,43,14.24,25,60.94,54,-6.94,0
e2-blocking-50,binary,50,bot_99,3871,w,45,17.43,25,105.91,88,-17.91,0
e2-blocking-50,binary,50,bot_99,3871,w,47,18.61,25,67.35,51,-16.35,0
e2-blocking-50,binary,50,bot_99,3871,w,49,9.28,25,65.16,48,-17.16,0
e2-blocking-50,binary,50,bot_99,3871,w,51,17.41,25,74.5,49,-25.5,0
e2-blocking-50,binary,50,bot_99,3871,w,53,25.19,25,66.51,64,-2.51,0
e2-blocking-50,binary,50,bot_99,3871,w,55,15.62,25,59.13,52,-7.13,0
e2-blocking-50,binary,50,bot_99,3871,w,57,8.99,25,65.74,50,-15.74,0
e2-blocking-50,binary,50,bot_99,3871,w,59,2.48,25,57.18,37,-20.18,0
e2-blocking-50,binary,50,bot_100,3871,b,2,82.98,25,100.54,127,26.46,0
e2-blocking-50,binary,50,bot_100,3871,b,4,72.68,25,104.01,135,30.99,0
e2-blocking-50,binary,50,bot_100,3871,b,6,65.5,25,117.33,133,15.67,0
e2-blocking-50,binary,50,bot_100,3871,b,8,59.1,25,113.34,139,25.66,0
e2-blocking-50,binary,50,bot_100,3871,b,10,56.19,25,130.37,150,19.63,0
e2-blocking-50,binary,50,bot_100,3871,b,12,50.06,25,134.45,144,9.55,0
e2-blocking-50,binary,50,bot_100,3871,b,14,45.22,25,146.23,149,2.77,0
e2-blocking-50,binary,50,bot_100,3871,b,16,42.15,25,138.67,141,2.33,0
e2-blocking-50,binary,50,bot_100,3871,b,18,32.74,25,157.29,152,-5.29,0
e2-blocking-50,binary,50,bot_100,3871,b,20,22.32,25,161.12,150,-11.12,0
e2-blocking-50,binary,50,bot_100,3871,b,22,17.16,25,167.5,153,-14.5,0
e2-blocking-50,binary,50,bot_100,3871,b,24,80.13,25,131.05,113,-18.05,0
e2-blocking-50,binary,50,bot_100,3871,b,26,64.74,25,77.31,99,21.69,0
e2-blocking-50,binary,50,bot_100,3871,b,28,53.85,25,81.54,92,10.46,0
e2-blocking-50,binary,50,bot_100,3871,b,30,38.45,25,74.08,67,-7.08,0
e2-blocking-50,binary,50,bot_100,3871,b,32,25.21,25,75.16,66,-9.16,0
e2-blocking-50,binary,50,bot_100,3871,b,34,15.19,25,78.61,56,-22.61,0
e2-blocking-50,binary,50,bot_100,3871,b,36,49.67,25,83.56,55,-28.56,0
e2-blocking-50,binary,50,bot_100,3871,b,38,34.38,25,68.46,71,2.54,0
e2-blocking-50,binary,50,bot_100,3871,b,40,24.41,25,68.93,70,1.07,0
e2-blocking-50,binary,50,bot_100,3871,b,42,21.76,25,69.13,63,-6.13,0
e2-blocking-50,binary,50,bot_100,3871,b,44,9.89,25,78.93,64,-14.93,0
e2-blocking-50,binary,50,bot_100,3871,b,46,13.15,25,63.14,51,-12.14,0
e2-blocking-50,binary,50,bot_100,3871,b,48,11.45,25,68.14,59,-9.14,0
e2-blocking-50,binary,50,bot_100,3871,b,50,4.03,25,66.05,47,-19.05,0
e2-blocking-50,binary,50,bot_100,3871,b,52,26.27,25,72.39,61,-11.39,0
e2-blocking-50,binary,50,bot_100,3871,b,54,21.35,25,63.18,59,-4.18,0
e2-blocking-50,binary,50,bot_100,3871,b,56,12.53,25,59.73,46,-13.73,0
e2-blocking-50,binary,50,bot_100,3871,b,58,8.49,25,68.02,48,-20.02,0
e2-blocking-50,binary,50,bot_100,3871,b,60,1.93,25,57.89,31,-26.89,0
