label,format,games,username,game_id,color,ply,rtt_ms,applied_bytes,warmup
e2-nio-50,binary,50,bot_1,3342,w,1,29.17,25,59.79,58,-1.79,0
e2-nio-50,binary,50,bot_1,3342,w,3,9.25,25,70.82,68,-2.82,0
e2-nio-50,binary,50,bot_1,3342,w,5,15.5,25,65.18,78,12.82,0
e2-nio-50,binary,50,bot_1,3342,w,7,13.06,25,58.69,73,14.31,0
e2-nio-50,binary,50,bot_1,3342,w,9,9.97,25,52.84,54,1.16,0
e2-nio-50,binary,50,bot_1,3342,w,11,7.34,25,79.26,81,1.74,0
e2-nio-50,binary,50,bot_1,3342,w,13,14.09,25,61.46,74,12.54,0
e2-nio-50,binary,50,bot_1,3342,w,15,12.86,25,59.75,63,3.25,0
e2-nio-50,binary,50,bot_1,3342,w,17,14.17,25,72.62,77,4.38,0
e2-nio-50,binary,50,bot_1,3342,w,19,10.12,25,61.69,60,-1.69,0
e2-nio-50,binary,50,bot_1,3342,w,21,25.31,25,61.12,111,49.88,0
e2-nio-50,binary,50,bot_1,3342,w,23,27.92,25,66.75,89,22.25,0
e2-nio-50,binary,50,bot_1,3342,w,25,38.14,25,89.58,124,34.42,0
e2-nio-50,binary,50,bot_1,3342,w,27,18.92,25,101.8,118,16.2,0
e2-nio-50,binary,50,bot_1,3342,w,29,16.69,25,103.76,109,5.24,0
e2-nio-50,binary,50,bot_1,3342,w,31,9.75,25,104.48,116,11.52,0
e2-nio-50,binary,50,bot_1,3342,w,33,64.2,25,103.49,109,5.51,0
e2-nio-50,binary,50,bot_1,3342,w,35,54.75,25,67.21,116,48.79,0
e2-nio-50,binary,50,bot_1,3342,w,37,63.07,25,78.36,119,40.64,0
e2-nio-50,binary,50,bot_1,3342,w,39,40.77,25,111.89,151,39.11,0
e2-nio-50,binary,50,bot_1,3342,w,41,36.76,25,116.21,148,31.79,0
e2-nio-50,binary,50,bot_1,3342,w,43,39.07,25,117.72,146,28.28,0
e2-nio-50,binary,50,bot_1,3342,w,45,33.27,25,112.7,136,23.3,0
e2-nio-50,binary,50,bot_1,3342,w,47,27.94,25,153.91,174,20.09,0
e2-nio-50,binary,50,bot_1,3342,w,49,11.88,25,133.57,151,17.43,0
e2-nio-50,binary,50,bot_1,3342,w,51,14.17,25,147.36,156,8.64,0
e2-nio-50,binary,50,bot_1,3342,w,53,93.84,25,158.08,164,5.92,0
e2-nio-50,binary,50,bot_1,3342,w,55,64.59,25,99.94,184,84.06,0
e2-nio-50,binary,50,bot_1,3342,w,57,75.14,25,94.88,142,47.12,0
e2-nio-50,binary,50,bot_1,3342,w,59,74.91,25,110.15,169,58.85,0
e2-nio-50,binary,50,bot_2,3342,b,2,189.47,25,57.38,238,180.62,0
e2-nio-50,binary,50,bot_2,3342,b,4,20.05,25,64.27,64,-0.27,0
e2-nio-50,binary,50,bot_2,3342,b,6,21.62,25,57.72,64,6.28,0
e2-nio-50,binary,50,bot_2,3342,b,8,8.34,25,66.08,71,4.92,0
e2-nio-50,binary,50,bot_2,3342,b,10,9.41,25,52.37,54,1.63,0
e2-nio-50,binary,50,bot_2,3342,b,12,20.93,25,77.88,78,0.12,0
e2-nio-50,binary,50,bot_2,3342,b,14,9.84,25,57.62,64,6.38,0
e2-nio-50,binary,50,bot_2,3342,b,16,9.52,25,74.02,79,4.98,0
e2-nio-50,binary,50,bot_2,3342,b,18,4.83,25,56.37,62,5.63,0
e2-nio-50,binary,50,bot_2,3342,b,20,55.3,25,95.5,97,1.5,0
e2-nio-50,binary,50,bot_2,3342,b,22,28.48,25,65.91,83,17.09,0
e2-nio-50,binary,50,bot_2,3342,b,24,40.19,25,85.66,105,19.34,0
e2-nio-50,binary,50,bot_2,3342,b,26,23.66,25,74.88,105,30.12,0
e2-nio-50,binary,50,bot_2,3342,b,28,13.94,25,93.09,105,11.91,0
e2-nio-50,binary,50,bot_2,3342,b,30,17,25,101.17,109,7.83,0
e2-nio-50,binary,50,bot_2,3342,b,32,12.34,25,113.25,115,1.75,0
e2-nio-50,binary,50,bot_2,3342,b,34,55.98,25,86.4,143,56.6,0
e2-nio-50,binary,50,bot_2,3342,b,36,47.32,25,73.68,122,48.32,0
e2-nio-50,binary,50,bot_2,3342,b,38,45.05,25,96.23,151,54.77,0
e2-nio-50,binary,50,bot_2,3342,b,40,38.77,25,104.05,136,31.95,0
e2-nio-50,binary,50,bot_2,3342,b,42,34.55,25,118.95,147,28.05,0
e2-nio-50,binary,50,bot_2,3342,b,44,30.76,25,109.51,141,31.49,0
e2-nio-50,binary,50,bot_2,3342,b,46,25.53,25,152.32,178,25.68,0
e2-nio-50,binary,50,bot_2,3342,b,48,25.36,25,166.93,186,19.07,0
e2-nio-50,binary,50,bot_2,3342,b,50,17.32,25,113.48,118,4.52,0
e2-nio-50,binary,50,bot_2,3342,b,52,14.89,25,154.43,160,5.57,0
e2-nio-50,binary,50,bot_2,3342,b,54,93.31,25,89.97,176,86.03,0
e2-nio-50,binary,50,bot_2,3342,b,56,54.3,25,64.92,115,50.08,0
e2-nio-50,binary,50,bot_2,3342,b,58,66.88,25,95.79,161,65.21,0
e2-nio-50,binary,50,bot_2,3342,b,60,64.76,25,117.92,184,66.08,0
e2-nio-50,binary,50,bot_3,3343,w,1,23.52,25,53.21,48,-5.21,0
e2-nio-50,binary,50,bot_3,3343,w,3,12.4,25,73.4,66,-7.4,0
e2-nio-50,binary,50,bot_3,3343,w,5,13.45,25,66.66,69,2.34,0
e2-nio-50,binary,50,bot_3,3343,w,7,11.54,25,60.32,72,11.68,0
e2-nio-50,binary,50,bot_3,3343,w,9,7.59,25,55.16,53,-2.16,0
e2-nio-50,binary,50,bot_3,3343,w,11,13.97,25,80.57,79,-1.57,0
e2-nio-50,binary,50,bot_3,3343,w,13,9.74,25,64.61,72,7.39,0
e2-nio-50,binary,50,bot_3,3343,w,15,8.71,25,63.67,62,-1.67,0
e2-nio-50,binary,50,bot_3,3343,w,17,10.57,25,76.61,76,-0.61,0
e2-nio-50,binary,50,bot_3,3343,w,19,5.45,25,62.38,62,-0.38,0
e2-nio-50,binary,50,bot_3,3343,w,21,20.13,25,66.28,111,44.72,0
e2-nio-50,binary,50,bot_3,3343,w,23,23.53,25,71.2,88,16.8,0
e2-nio-50,binary,50,bot_3,3343,w,25,33.06,25,94.65,120,25.35,0
e2-nio-50,binary,50,bot_3,3343,w,27,13.58,25,107.06,116,8.94,0
e2-nio-50,binary,50,bot_3,3343,w,29,11.06,25,109.51,111,1.49,0
e2-nio-50,binary,50,bot_3,3343,w,31,58.35,25,107.26,111,3.74,0
e2-nio-50,binary,50,bot_3,3343,w,33,47.62,25,73.49,109,35.51,0
e2-nio-50,binary,50,bot_3,3343,w,35,48.43,25,73.18,118,44.82,0
e2-nio-50,binary,50,bot_3,3343,w,37,54.71,25,86.61,123,36.39,0
e2-nio-50,binary,50,bot_3,3343,w,39,32.47,25,120.13,151,30.87,0
e2-nio-50,binary,50,bot_3,3343,w,41,32.38,25,120.55,144,23.45,0
e2-nio-50,binary,50,bot_3,3343,w,43,32.93,25,123.83,146,22.17,0
e2-nio-50,binary,50,bot_3,3343,w,45,27.08,25,118.84,138,19.16,0
e2-nio-50,binary,50,bot_3,3343,w,47,21.93,25,160.13,173,12.87,0
e2-nio-50,binary,50,bot_3,3343,w,49,7.73,25,137.36,147,9.64,0
e2-nio-50,binary,50,bot_3,3343,w,51,78.95,25,154.34,156,1.66,0
e2-nio-50,binary,50,bot_3,3343,w,53,78.22,25,90.29,161,70.71,0
e2-nio-50,binary,50,bot_3,3343,w,55,57.14,25,106.9,180,73.1,0
e2-nio-50,binary,50,bot_3,3343,w,57,66.23,25,104.46,143,38.54,0
e2-nio-50,binary,50,bot_3,3343,w,59,70.82,25,114.23,167,52.77,0
e2-nio-50,binary,50,bot_4,3343,b,2,195.22,25,54.13,243,188.88,0
e2-nio-50,binary,50,bot_4,3343,b,4,14.64,25,62.53,70,7.47,0
e2-nio-50,binary,50,bot_4,3343,b,6,20.18,25,59.29,68,8.71,0
e2-nio-50,binary,50,bot_4,3343,b,8,7.03,25,67.2,75,7.8,0
e2-nio-50,binary,50,bot_4,3343,b,10,6.47,25,55.48,60,4.52,0
e2-nio-50,binary,50,bot_4,3343,b,12,16.03,25,76.16,85,8.84,0
e2-nio-50,binary,50,bot_4,3343,b,14,6.35,25,61.1,67,5.9,0
e2-nio-50,binary,50,bot_4,3343,b,16,7.11,25,76.33,81,4.67,0
e2-nio-50,binary,50,bot_4,3343,b,18,6.84,25,58.5,66,7.5,0
e2-nio-50,binary,50,bot_4,3343,b,20,52.76,25,97.54,99,1.46,0
e2-nio-50,binary,50,bot_4,3343,b,22,25,25,69.84,85,15.16,0
e2-nio-50,binary,50,bot_4,3343,b,24,33.72,25,91.91,112,20.09,0
e2-nio-50,binary,50,bot_4,3343,b,26,16.61,25,82.1,111,28.9,0
e2-nio-50,binary,50,bot_4,3343,b,28,9.25,25,97.14,107,9.86,0
e2-nio-50,binary,50,bot_4,3343,b,30,11.62,25,106.74,114,7.26,0
e2-nio-50,binary,50,bot_4,3343,b,32,44.59,25,76.09,131,54.91,0
e2-nio-50,binary,50,bot_4,3343,b,34,52.72,25,89.24,134,44.76,0
e2-nio-50,binary,50,bot_4,3343,b,36,44.11,25,77.14,123,45.86,0
e2-nio-50,binary,50,bot_4,3343,b,38,39.36,25,101.73,153,51.27,0
e2-nio-50,binary,50,bot_4,3343,b,40,31.02,25,111.96,140,28.04,0
e2-nio-50,binary,50,bot_4,3343,b,42,29.54,25,124,153,29,0
e2-nio-50,binary,50,bot_4,3343,b,44,27.22,25,112.91,142,29.09,0
e2-nio-50,binary,50,bot_4,3343,b,46,20.43,25,157,180,23,0
e2-nio-50,binary,50,bot_4,3343,b,48,19.02,25,173.27,191,17.73,0
e2-nio-50,binary,50,bot_4,3343,b,50,12.02,25,119.49,120,0.51,0
e2-nio-50,binary,50,bot_4,3343,b,52,80.45,25,99.93,171,71.07,0
e2-nio-50,binary,50,bot_4,3343,b,54,83.2,25,100.21,171,70.79,0
e2-nio-50,binary,50,bot_4,3343,b,56,48.5,25,70.76,121,50.24,0
e2-nio-50,binary,50,bot_4,3343,b,58,62.54,25,99.58,159,59.42,0
e2-nio-50,binary,50,bot_4,3343,b,60,57.66,25,125.05,190,64.95,0
e2-nio-50,binary,50,bot_5,3344,w,1,8.89,25,64.45,63,-1.45,0
e2-nio-50,binary,50,bot_5,3344,w,3,13.93,25,66.26,68,1.74,0
e2-nio-50,binary,50,bot_5,3344,w,5,3.76,25,58.51,60,1.49,0
e2-nio-50,binary,50,bot_5,3344,w,7,4.05,25,60.71,61,0.29,0
e2-nio-50,binary,50,bot_5,3344,w,9,5.96,25,65.59,72,6.41,0
e2-nio-50,binary,50,bot_5,3344,w,11,25.51,25,73.01,86,12.99,0
e2-nio-50,binary,50,bot_5,3344,w,13,16.3,25,57.95,71,13.05,0
e2-nio-50,binary,50,bot_5,3344,w,15,10.84,25,68.05,69,0.95,0
e2-nio-50,binary,50,bot_5,3344,w,17,21.3,25,59.31,67,7.69,0
e2-nio-50,binary,50,bot_5,3344,w,19,8.99,25,57.75,59,1.25,0
e2-nio-50,binary,50,bot_5,3344,w,21,15.48,25,75.81,98,22.19,0
e2-nio-50,binary,50,bot_5,3344,w,23,27.07,25,85.25,98,12.75,0
e2-nio-50,binary,50,bot_5,3344,w,25,4.22,25,96.5,108,11.5,0
e2-nio-50,binary,50,bot_5,3344,w,27,11.33,25,110.79,114,3.21,0
e2-nio-50,binary,50,bot_5,3344,w,29,6.65,25,109.8,118,8.2,0
e2-nio-50,binary,50,bot_5,3344,w,31,40.84,25,75.46,121,45.54,0
e2-nio-50,binary,50,bot_5,3344,w,33,43.8,25,69.93,114,44.07,0
e2-nio-50,binary,50,bot_5,3344,w,35,30.47,25,87.75,127,39.25,0
e2-nio-50,binary,50,bot_5,3344,w,37,37.91,25,86.94,119,32.06,0
e2-nio-50,binary,50,bot_5,3344,w,39,35.1,25,106.7,135,28.3,0
e2-nio-50,binary,50,bot_5,3344,w,41,22.29,25,138.82,161,22.18,0
e2-nio-50,binary,50,bot_5,3344,w,43,21.57,25,122.13,145,22.87,0
e2-nio-50,binary,50,bot_5,3344,w,45,9.83,25,128.93,141,12.07,0
e2-nio-50,binary,50,bot_5,3344,w,47,78.43,25,103.34,182,78.66,0
e2-nio-50,binary,50,bot_5,3344,w,49,43.92,25,103.33,166,62.67,0
e2-nio-50,binary,50,bot_5,3344,w,51,56.47,25,105.42,146,40.58,0
e2-nio-50,binary,50,bot_5,3344,w,53,55.09,25,112.29,160,47.71,0
e2-nio-50,binary,50,bot_5,3344,w,55,49.02,25,141.12,177,35.88,0
e2-nio-50,binary,50,bot_5,3344,w,57,30.72,25,109.32,123,13.68,0
e2-nio-50,binary,50,bot_5,3344,w,59,29.54,25,141.96,168,26.04,0
e2-nio-50,binary,50,bot_6,3344,b,2,184.43,25,59.95,236,176.05,0
e2-nio-50,binary,50,bot_6,3344,b,4,9.62,25,58.37,67,8.63,0
e2-nio-50,binary,50,bot_6,3344,b,6,4.01,25,66.2,65,-1.2,0
e2-nio-50,binary,50,bot_6,3344,b,8,10.71,25,69.91,69,-0.91,0
e2-nio-50,binary,50,bot_6,3344,b,10,17.44,25,66.54,69,2.46,0
e2-nio-50,binary,50,bot_6,3344,b,12,18.19,25,64.41,85,20.59,0
e2-nio-50,binary,50,bot_6,3344,b,14,4.98,25,56.72,70,13.28,0
e2-nio-50,binary,50,bot_6,3344,b,16,11.79,25,76.06,82,5.94,0
e2-nio-50,binary,50,bot_6,3344,b,18,5.76,25,59.63,77,17.37,0
e2-nio-50,binary,50,bot_6,3344,b,20,26.48,25,84.31,90,5.69,0
e2-nio-50,binary,50,bot_6,3344,b,22,16.74,25,81.05,93,11.95,0
e2-nio-50,binary,50,bot_6,3344,b,24,15.38,25,81.99,105,23.01,0
e2-nio-50,binary,50,bot_6,3344,b,26,7.82,25,128.67,128,-0.67,0
e2-nio-50,binary,50,bot_6,3344,b,28,12.72,25,107.29,116,8.71,0
e2-nio-50,binary,50,bot_6,3344,b,30,50.17,25,105.79,108,2.21,0
e2-nio-50,binary,50,bot_6,3344,b,32,48.15,25,74.64,111,36.36,0
e2-nio-50,binary,50,bot_6,3344,b,34,44.08,25,91.56,132,40.44,0
e2-nio-50,binary,50,bot_6,3344,b,36,36.57,25,95.68,123,27.32,0
e2-nio-50,binary,50,bot_6,3344,b,38,32.56,25,124.9,159,34.1,0
e2-nio-50,binary,50,bot_6,3344,b,40,25.95,25,120.17,152,31.83,0
e2-nio-50,binary,50,bot_6,3344,b,42,26.78,25,121.33,140,18.67,0
e2-nio-50,binary,50,bot_6,3344,b,44,17.04,25,142.46,161,18.54,0
e2-nio-50,binary,50,bot_6,3344,b,46,82.62,25,154.64,161,6.36,0
e2-nio-50,binary,50,bot_6,3344,b,48,69.74,25,123.17,199,75.83,0
e2-nio-50,binary,50,bot_6,3344,b,50,48.05,25,82.27,120,37.73,0
e2-nio-50,binary,50,bot_6,3344,b,52,55.68,25,111.88,162,50.12,0
e2-nio-50,binary,50,bot_6,3344,b,54,42.68,25,127.78,176,48.22,0
e2-nio-50,binary,50,bot_6,3344,b,56,21.21,25,112.29,155,42.71,0
e2-nio-50,binary,50,bot_6,3344,b,58,32.02,25,138.18,162,23.82,0
e2-nio-50,binary,50,bot_6,3344,b,60,33.85,25,159.71,182,22.29,0
e2-nio-50,binary,50,bot_7,3345,w,1,10.28,25,62.45,61,-1.45,0
e2-nio-50,binary,50,bot_7,3345,w,3,11.48,25,68.77,69,0.23,0
e2-nio-50,binary,50,bot_7,3345,w,5,2.7,25,60.19,61,0.81,0
e2-nio-50,binary,50,bot_7,3345,w,7,3.96,25,59.47,61,1.53,0
e2-nio-50,binary,50,bot_7,3345,w,9,8.15,25,74.13,76,1.87,0
e2-nio-50,binary,50,bot_7,3345,w,11,18.81,25,79.52,84,4.48,0
e2-nio-50,binary,50,bot_7,3345,w,13,11.9,25,62.17,71,8.83,0
e2-nio-50,binary,50,bot_7,3345,w,15,8.23,25,60.72,64,3.28,0
e2-nio-50,binary,50,bot_7,3345,w,17,16.25,25,63.9,68,4.1,0
e2-nio-50,binary,50,bot_7,3345,w,19,4.68,25,61.01,62,0.99,0
e2-nio-50,binary,50,bot_7,3345,w,21,12.04,25,78.57,96,17.43,0
e2-nio-50,binary,50,bot_7,3345,w,23,20.97,25,91.63,100,8.37,0
e2-nio-50,binary,50,bot_7,3345,w,25,58.81,25,70.98,123,52.02,0
e2-nio-50,binary,50,bot_7,3345,w,27,39.11,25,82.01,120,37.99,0
e2-nio-50,binary,50,bot_7,3345,w,29,36.86,25,83.84,110,26.16,0
e2-nio-50,binary,50,bot_7,3345,w,31,31.27,25,84.64,122,37.36,0
e2-nio-50,binary,50,bot_7,3345,w,33,36.08,25,77.74,114,36.26,0
e2-nio-50,binary,50,bot_7,3345,w,35,24.05,25,94.95,122,27.05,0
e2-nio-50,binary,50,bot_7,3345,w,37,28.68,25,97.25,122,24.75,0
e2-nio-50,binary,50,bot_7,3345,w,39,20.87,25,122.09,143,20.91,0
e2-nio-50,binary,50,bot_7,3345,w,41,12.11,25,149.05,160,10.95,0
e2-nio-50,binary,50,bot_7,3345,w,43,80.66,25,133.86,145,11.14,0
e2-nio-50,binary,50,bot_7,3345,w,45,59.16,25,87.07,134,46.93,0
e2-nio-50,binary,50,bot_7,3345,w,47,62.72,25,118.98,176,57.02,0
e2-nio-50,binary,50,bot_7,3345,w,49,34.64,25,112.15,160,47.85,0
e2-nio-50,binary,50,bot_7,3345,w,51,47.3,25,114.49,148,33.51,0
e2-nio-50,binary,50,bot_7,3345,w,53,37.56,25,129.56,165,35.44,0
e2-nio-50,binary,50,bot_7,3345,w,55,34.03,25,156.92,183,26.08,0
e2-nio-50,binary,50,bot_7,3345,w,57,16.02,25,124.08,132,7.92,0
e2-nio-50,binary,50,bot_7,3345,w,59,16.32,25,155.21,171,15.79,0
e2-nio-50,binary,50,bot_8,3345,b,2,182.36,25,56.97,233,176.03,0
e2-nio-50,binary,50,bot_8,3345,b,4,7.15,25,60.8,68,7.2,0
e2-nio-50,binary,50,bot_8,3345,b,6,6.21,25,66.36,66,-0.36,0
e2-nio-50,binary,50,bot_8,3345,b,8,5.83,25,73.55,73,-0.55,0
e2-nio-50,binary,50,bot_8,3345,b,10,9.2,25,64.23,69,4.77,0
e2-nio-50,binary,50,bot_8,3345,b,12,14.09,25,68.85,84,15.15,0
e2-nio-50,binary,50,bot_8,3345,b,14,7.82,25,63.65,72,8.35,0
e2-nio-50,binary,50,bot_8,3345,b,16,8.63,25,79.49,85,5.51,0
e2-nio-50,binary,50,bot_8,3345,b,18,3.74,25,62.76,76,13.24,0
e2-nio-50,binary,50,bot_8,3345,b,20,21.14,25,90.62,92,1.38,0
e2-nio-50,binary,50,bot_8,3345,b,22,12.88,25,84.56,95,10.44,0
e2-nio-50,binary,50,bot_8,3345,b,24,56.29,25,99.35,117,17.65,0
e2-nio-50,binary,50,bot_8,3345,b,26,42.94,25,55.24,112,56.76,0
e2-nio-50,binary,50,bot_8,3345,b,28,29.82,25,77.35,113,35.65,0
e2-nio-50,binary,50,bot_8,3345,b,30,41.29,25,76.65,111,34.35,0
e2-nio-50,binary,50,bot_8,3345,b,32,40.4,25,82.38,110,27.62,0
e2-nio-50,binary,50,bot_8,3345,b,34,32.53,25,102.99,137,34.01,0
e2-nio-50,binary,50,bot_8,3345,b,36,29.43,25,101.41,123,21.59,0
e2-nio-50,binary,50,bot_8,3345,b,38,25.35,25,131.16,157,25.84,0
e2-nio-50,binary,50,bot_8,3345,b,40,15.96,25,129.52,149,19.48,0
e2-nio-50,binary,50,bot_8,3345,b,42,15.09,25,133.5,143,9.5,0
e2-nio-50,binary,50,bot_8,3345,b,44,51.86,25,88.82,166,77.18,0
e2-nio-50,binary,50,bot_8,3345,b,46,60.18,25,117.51,174,56.49,0
e2-nio-50,binary,50,bot_8,3345,b,48,55.73,25,136.99,197,60.01,0
e2-nio-50,binary,50,bot_8,3345,b,50,39.04,25,91.66,120,28.34,0
e2-nio-50,binary,50,bot_8,3345,b,52,42.22,25,125.53,166,40.47,0
e2-nio-50,binary,50,bot_8,3345,b,54,33.08,25,137.55,169,31.45,0
e2-nio-50,binary,50,bot_8,3345,b,56,14.44,25,117.63,147,29.37,0
e2-nio-50,binary,50,bot_8,3345,b,58,22.32,25,148.59,158,9.41,0
e2-nio-50,binary,50,bot_8,3345,b,60,16.88,25,176.78,186,9.22,0
e2-nio-50,binary,50,bot_9,3346,w,1,239.02,25,66.07,297,230.93,0
e2-nio-50,binary,50,bot_9,3346,w,3,11.71,25,56.44,74,17.56,0
e2-nio-50,binary,50,bot_9,3346,w,5,1.93,25,52.94,53,0.06,0
e2-nio-50,binary,50,bot_9,3346,w,7,15.52,25,65.38,71,5.62,0
e2-nio-50,binary,50,bot_9,3346,w,9,5.46,25,64.46,73,8.54,0
e2-nio-50,binary,50,bot_9,3346,w,11,2.68,25,65.98,70,4.02,0
e2-nio-50,binary,50,bot_9,3346,w,13,7.09,25,70.07,73,2.93,0
e2-nio-50,binary,50,bot_9,3346,w,15,7.91,25,76.18,82,5.82,0
e2-nio-50,binary,50,bot_9,3346,w,17,3.88,25,52.21,78,25.79,0
e2-nio-50,binary,50,bot_9,3346,w,19,7.77,25,69.83,74,4.17,0
e2-nio-50,binary,50,bot_9,3346,w,21,30.54,25,88.19,97,8.81,0
e2-nio-50,binary,50,bot_9,3346,w,23,34.87,25,60.86,97,36.14,0
e2-nio-50,binary,50,bot_9,3346,w,25,22.43,25,113.35,124,10.65,0
e2-nio-50,binary,50,bot_9,3346,w,27,27.13,25,92.45,117,24.55,0
e2-nio-50,binary,50,bot_9,3346,w,29,14.35,25,96.29,118,21.71,0
e2-nio-50,binary,50,bot_9,3346,w,31,17.96,25,95.06,116,20.94,0
e2-nio-50,binary,50,bot_9,3346,w,33,15.02,25,108.39,119,10.61,0
e2-nio-50,binary,50,bot_9,3346,w,35,58.53,25,113.37,124,10.63,0
e2-nio-50,binary,50,bot_9,3346,w,37,60.43,25,97.9,148,50.1,0
e2-nio-50,binary,50,bot_9,3346,w,39,48.72,25,97.95,155,57.05,0
e2-nio-50,binary,50,bot_9,3346,w,41,51.37,25,96.12,146,49.88,0
e2-nio-50,binary,50,bot_9,3346,w,43,41.25,25,119.5,159,39.5,0
e2-nio-50,binary,50,bot_9,3346,w,45,44.5,25,119.5,153,33.5,0
e2-nio-50,binary,50,bot_9,3346,w,47,40.36,25,159.04,192,32.96,0
e2-nio-50,binary,50,bot_9,3346,w,49,22.55,25,107.36,130,22.64,0
e2-nio-50,binary,50,bot_9,3346,w,51,25.82,25,131.33,153,21.67,0
e2-nio-50,binary,50,bot_9,3346,w,53,20.76,25,151.23,163,11.77,0
e2-nio-50,binary,50,bot_9,3346,w,55,55.31,25,152.8,166,13.2,0
e2-nio-50,binary,50,bot_9,3346,w,57,57.06,25,110.84,171,60.16,0
e2-nio-50,binary,50,bot_9,3346,w,59,73.52,25,119.58,176,56.42,0
e2-nio-50,binary,50,bot_10,3346,b,2,21.74,25,57.79,64,6.21,0
e2-nio-50,binary,50,bot_10,3346,b,4,3.18,25,53.13,63,9.87,0
e2-nio-50,binary,50,bot_10,3346,b,6,8.86,25,78.03,78,-0.03,0
e2-nio-50,binary,50,bot_10,3346,b,8,11.72,25,59.64,73,13.36,0
e2-nio-50,binary,50,bot_10,3346,b,10,6.05,25,78.1,81,2.9,0
e2-nio-50,binary,50,bot_10,3346,b,12,5.43,25,82.99,83,0.01,0
e2-nio-50,binary,50,bot_10,3346,b,14,7.42,25,68.87,73,4.13,0
e2-nio-50,binary,50,bot_10,3346,b,16,28.94,25,68.53,75,6.47,0
e2-nio-50,binary,50,bot_10,3346,b,18,6.79,25,58.51,61,2.49,0
e2-nio-50,binary,50,bot_10,3346,b,20,9.89,25,105,110,5,0
e2-nio-50,binary,50,bot_10,3346,b,22,37,25,75.6,103,27.4,0
e2-nio-50,binary,50,bot_10,3346,b,24,12.14,25,90.02,122,31.98,0
e2-nio-50,binary,50,bot_10,3346,b,26,26.24,25,95.79,116,20.21,0
e2-nio-50,binary,50,bot_10,3346,b,28,24.85,25,91.86,118,26.14,0
e2-nio-50,binary,50,bot_10,3346,b,30,22.4,25,93.74,106,12.26,0
e2-nio-50,binary,50,bot_10,3346,b,32,12.8,25,105.43,121,15.57,0
e2-nio-50,binary,50,bot_10,3346,b,34,14.08,25,126.18,140,13.82,0
e2-nio-50,binary,50,bot_10,3346,b,36,52.32,25,73.22,130,56.78,0
e2-nio-50,binary,50,bot_10,3346,b,38,58.18,25,82.71,142,59.29,0
e2-nio-50,binary,50,bot_10,3346,b,40,52.27,25,109.04,154,44.96,0
e2-nio-50,binary,50,bot_10,3346,b,42,40.83,25,102.2,152,49.8,0
e2-nio-50,binary,50,bot_10,3346,b,44,35.43,25,103.6,143,39.4,0
e2-nio-50,binary,50,bot_10,3346,b,46,35.04,25,135.32,177,41.68,0
e2-nio-50,binary,50,bot_10,3346,b,48,27.72,25,144.2,182,37.8,0
e2-nio-50,binary,50,bot_10,3346,b,50,26.46,25,120.7,138,17.3,0
e2-nio-50,binary,50,bot_10,3346,b,52,16.78,25,160.23,181,20.77,0
e2-nio-50,binary,50,bot_10,3346,b,54,19.95,25,163.1,179,15.9,0
e2-nio-50,binary,50,bot_10,3346,b,56,65.32,25,74.94,126,51.06,0
e2-nio-50,binary,50,bot_10,3346,b,58,62.04,25,109.89,162,52.11,0
e2-nio-50,binary,50,bot_10,3346,b,60,52.44,25,114.11,183,68.89,0
e2-nio-50,binary,50,bot_11,3347,w,1,19.92,25,59.72,65,5.28,0
e2-nio-50,binary,50,bot_11,3347,w,3,7.16,25,55.01,64,8.99,0
e2-nio-50,binary,50,bot_11,3347,w,5,7.98,25,57.38,62,4.62,0
e2-nio-50,binary,50,bot_11,3347,w,7,9.61,25,61.79,73,11.21,0
e2-nio-50,binary,50,bot_11,3347,w,9,31.69,25,80.99,86,5.01,0
e2-nio-50,binary,50,bot_11,3347,w,11,17.96,25,56.63,75,18.37,0
e2-nio-50,binary,50,bot_11,3347,w,13,13.28,25,65.46,73,7.54,0
e2-nio-50,binary,50,bot_11,3347,w,15,22.51,25,57.47,72,14.53,0
e2-nio-50,binary,50,bot_11,3347,w,17,11.21,25,55.61,65,9.39,0
e2-nio-50,binary,50,bot_11,3347,w,19,16.63,25,75.14,110,34.86,0
e2-nio-50,binary,50,bot_11,3347,w,21,29.44,25,82.87,104,21.13,0
e2-nio-50,binary,50,bot_11,3347,w,23,4.76,25,95.59,115,19.41,0
e2-nio-50,binary,50,bot_11,3347,w,25,13.69,25,108.56,120,11.44,0
e2-nio-50,binary,50,bot_11,3347,w,27,9.8,25,106.71,122,15.29,0
e2-nio-50,binary,50,bot_11,3347,w,29,42.96,25,73.41,121,47.59,0
e2-nio-50,binary,50,bot_11,3347,w,31,44.89,25,68.85,119,50.15,0
e2-nio-50,binary,50,bot_11,3347,w,33,32.32,25,85.94,132,46.06,0
e2-nio-50,binary,50,bot_11,3347,w,35,41.11,25,83.69,120,36.31,0
e2-nio-50,binary,50,bot_11,3347,w,37,39.78,25,101.98,137,35.02,0
e2-nio-50,binary,50,bot_11,3347,w,39,25.97,25,135.2,161,25.8,0
e2-nio-50,binary,50,bot_11,3347,w,41,23.99,25,119.84,149,29.16,0
e2-nio-50,binary,50,bot_11,3347,w,43,11.18,25,127.64,148,20.36,0
e2-nio-50,binary,50,bot_11,3347,w,45,93.85,25,159.22,172,12.78,0
e2-nio-50,binary,50,bot_11,3347,w,47,46.78,25,100.65,169,68.35,0
e2-nio-50,binary,50,bot_11,3347,w,49,58.94,25,103,149,46,0
e2-nio-50,binary,50,bot_11,3347,w,51,58.85,25,108.2,162,53.8,0
e2-nio-50,binary,50,bot_11,3347,w,53,53.73,25,136.36,177,40.64,0
e2-nio-50,binary,50,bot_11,3347,w,55,35.63,25,104.38,123,18.62,0
e2-nio-50,binary,50,bot_11,3347,w,57,33.46,25,138.09,169,30.91,0
e2-nio-50,binary,50,bot_11,3347,w,59,24.37,25,142.03,175,32.97,0
e2-nio-50,binary,50,bot_12,3347,b,2,11.03,25,57.22,73,15.78,0
e2-nio-50,binary,50,bot_12,3347,b,4,5.86,25,64.41,68,3.59,0
e2-nio-50,binary,50,bot_12,3347,b,6,13.23,25,67.4,73,5.6,0
e2-nio-50,binary,50,bot_12,3347,b,8,4.76,25,65.02,72,6.98,0
e2-nio-50,binary,50,bot_12,3347,b,10,20.43,25,61.86,87,25.14,0
e2-nio-50,binary,50,bot_12,3347,b,12,8.32,25,53.43,68,14.57,0
e2-nio-50,binary,50,bot_12,3347,b,14,14.49,25,73.55,83,9.45,0
e2-nio-50,binary,50,bot_12,3347,b,16,9.08,25,56.75,77,20.25,0
e2-nio-50,binary,50,bot_12,3347,b,18,35.37,25,74.93,82,7.07,0
e2-nio-50,binary,50,bot_12,3347,b,20,23.1,25,74.71,89,14.29,0
e2-nio-50,binary,50,bot_12,3347,b,22,21.07,25,75.92,102,26.08,0
e2-nio-50,binary,50,bot_12,3347,b,24,13.14,25,123.88,126,2.12,0
e2-nio-50,binary,50,bot_12,3347,b,26,16.57,25,103.42,115,11.58,0
e2-nio-50,binary,50,bot_12,3347,b,28,50.32,25,105.76,112,6.24,0
e2-nio-50,binary,50,bot_12,3347,b,30,50.51,25,72.14,112,39.86,0
e2-nio-50,binary,50,bot_12,3347,b,32,47.55,25,88,131,43,0
e2-nio-50,binary,50,bot_12,3347,b,34,38.58,25,93.88,124,30.13,0
e2-nio-50,binary,50,bot_12,3347,b,36,35.44,25,122.16,160,37.84,0
e2-nio-50,binary,50,bot_12,3347,b,38,27.68,25,118.61,156,37.39,0
e2-nio-50,binary,50,bot_12,3347,b,40,30.03,25,117.86,142,24.14,0
e2-nio-50,binary,50,bot_12,3347,b,42,21.42,25,138.19,159,20.81,0
e2-nio-50,binary,50,bot_12,3347,b,44,13.7,25,151.99,161,9.01,0
e2-nio-50,binary,50,bot_12,3347,b,46,72.24,25,120.77,212,91.23,0
e2-nio-50,binary,50,bot_12,3347,b,48,49.8,25,80.38,123,42.62,0
e2-nio-50,binary,50,bot_12,3347,b,50,58.25,25,109.32,164,54.68,0
e2-nio-50,binary,50,bot_12,3347,b,52,44.83,25,126.16,181,54.84,0
e2-nio-50,binary,50,bot_12,3347,b,54,22.52,25,111.26,161,49.74,0
e2-nio-50,binary,50,bot_12,3347,b,56,33.73,25,136.3,166,29.7,0
e2-nio-50,binary,50,bot_12,3347,b,58,36.93,25,156.61,185,28.39,0
e2-nio-50,binary,50,bot_12,3347,b,60,17.09,25,148.41,168,19.59,0
e2-nio-50,binary,50,bot_13,3348,w,1,6.14,25,70.34,71,0.66,0
e2-nio-50,binary,50,bot_13,3348,w,3,11.15,25,68.66,76,7.34,0
e2-nio-50,binary,50,bot_13,3348,w,5,9.89,25,62.07,75,12.93,0
e2-nio-50,binary,50,bot_13,3348,w,7,3.59,25,59.05,59,-0.05,0
e2-nio-50,binary,50,bot_13,3348,w,9,6.3,25,84.51,88,3.49,0
e2-nio-50,binary,50,bot_13,3348,w,11,4.82,25,69.33,75,5.67,0
e2-nio-50,binary,50,bot_13,3348,w,13,4.27,25,67.96,66,-1.96,0
e2-nio-50,binary,50,bot_13,3348,w,15,8.03,25,79.36,81,1.64,0
e2-nio-50,binary,50,bot_13,3348,w,17,3.17,25,64.71,64,-0.71,0
e2-nio-50,binary,50,bot_13,3348,w,19,18.43,25,67.97,115,47.03,0
e2-nio-50,binary,50,bot_13,3348,w,21,20.74,25,73.99,94,20.01,0
e2-nio-50,binary,50,bot_13,3348,w,23,30.42,25,97.26,124,26.74,0
e2-nio-50,binary,50,bot_13,3348,w,25,11.23,25,109.98,118,8.02,0
e2-nio-50,binary,50,bot_13,3348,w,27,8.3,25,108.32,116,7.68,0
e2-nio-50,binary,50,bot_13,3348,w,29,50.22,25,63.09,121,57.91,0
e2-nio-50,binary,50,bot_13,3348,w,31,43.93,25,77.16,116,38.84,0
e2-nio-50,binary,50,bot_13,3348,w,33,46.73,25,74.58,121,46.42,0
e2-nio-50,binary,50,bot_13,3348,w,35,51.38,25,90,129,39,0
e2-nio-50,binary,50,bot_13,3348,w,37,28.64,25,123.96,157,33.04,0
e2-nio-50,binary,50,bot_13,3348,w,39,31.97,25,120.93,145,24.07,0
e2-nio-50,binary,50,bot_13,3348,w,41,31.53,25,125.1,150,24.9,0
e2-nio-50,binary,50,bot_13,3348,w,43,25.64,25,120.21,141,20.79,0
e2-nio-50,binary,50,bot_13,3348,w,45,20.22,25,162.01,175,12.99,0
e2-nio-50,binary,50,bot_13,3348,w,47,6.83,25,138.1,148,9.9,0
e2-nio-50,binary,50,bot_13,3348,w,49,72.09,25,81.77,164,82.23,0
e2-nio-50,binary,50,bot_13,3348,w,51,76.5,25,91.64,162,70.36,0
e2-nio-50,binary,50,bot_13,3348,w,53,55.4,25,108.42,182,73.58,0
e2-nio-50,binary,50,bot_13,3348,w,55,64.85,25,105.95,147,41.05,0
e2-nio-50,binary,50,bot_13,3348,w,57,69.11,25,115.88,168,52.12,0
e2-nio-50,binary,50,bot_13,3348,w,59,47.17,25,114.92,163,48.08,0
e2-nio-50,binary,50,bot_14,3348,b,2,12.03,25,64.1,65,0.9,0
e2-nio-50,binary,50,bot_14,3348,b,4,18.2,25,61.44,68,6.56,0
e2-nio-50,binary,50,bot_14,3348,b,6,4.88,25,68.74,74,5.26,0
e2-nio-50,binary,50,bot_14,3348,b,8,8.5,25,58.74,57,-1.74,0
e2-nio-50,binary,50,bot_14,3348,b,10,11.07,25,80.14,81,0.86,0
e2-nio-50,binary,50,bot_14,3348,b,12,3.26,25,64.14,64,-0.14,0
e2-nio-50,binary,50,bot_14,3348,b,14,5.31,25,78.11,77,-1.11,0
e2-nio-50,binary,50,bot_14,3348,b,16,3,25,62.18,65,2.82,0
e2-nio-50,binary,50,bot_14,3348,b,18,51.03,25,99.17,97,-2.17,0
e2-nio-50,binary,50,bot_14,3348,b,20,23.54,25,71.48,84,12.52,0
e2-nio-50,binary,50,bot_14,3348,b,22,31.12,25,94.44,111,16.56,0
e2-nio-50,binary,50,bot_14,3348,b,24,12.77,25,86.01,112,25.99,0
e2-nio-50,binary,50,bot_14,3348,b,26,11.51,25,98.62,104,5.38,0
e2-nio-50,binary,50,bot_14,3348,b,28,62.99,25,108.18,112,3.82,0
e2-nio-50,binary,50,bot_14,3348,b,30,44.36,25,75.54,122,46.46,0
e2-nio-50,binary,50,bot_14,3348,b,32,50.61,25,91.38,131,39.63,0
e2-nio-50,binary,50,bot_14,3348,b,34,42.96,25,78.38,121,42.62,0
e2-nio-50,binary,50,bot_14,3348,b,36,37.15,25,103.89,150,46.11,0
e2-nio-50,binary,50,bot_14,3348,b,38,28.09,25,114.98,138,23.02,0
e2-nio-50,binary,50,bot_14,3348,b,40,27.67,25,126.08,153,26.92,0
e2-nio-50,binary,50,bot_14,3348,b,42,25.23,25,115.16,142,26.84,0
e2-nio-50,binary,50,bot_14,3348,b,44,16.77,25,160.6,181,20.4,0
e2-nio-50,binary,50,bot_14,3348,b,46,15.51,25,176.91,192,15.09,0
e2-nio-50,binary,50,bot_14,3348,b,48,87.6,25,123.55,125,1.45,0
e2-nio-50,binary,50,bot_14,3348,b,50,76.59,25,104.21,169,64.79,0
e2-nio-50,binary,50,bot_14,3348,b,52,79.59,25,103.91,173,69.09,0
e2-nio-50,binary,50,bot_14,3348,b,54,46.66,25,72.65,121,48.35,0
e2-nio-50,binary,50,bot_14,3348,b,56,58.68,25,103.39,161,57.61,0
e2-nio-50,binary,50,bot_14,3348,b,58,55.38,25,127.35,191,63.65,0
e2-nio-50,binary,50,bot_14,3348,b,60,51.45,25,104.24,145,40.76,0
e2-nio-50,binary,50,bot_15,3349,w,1,6.2,25,60.75,61,0.25,0
e2-nio-50,binary,50,bot_15,3349,w,3,10.01,25,68.79,73,4.21,0
e2-nio-50,binary,50,bot_15,3349,w,5,9.25,25,62.73,73,10.27,0
e2-nio-50,binary,50,bot_15,3349,w,7,6.27,25,61.01,60,-1.01,0
e2-nio-50,binary,50,bot_15,3349,w,9,5.31,25,85.12,84,-1.12,0
e2-nio-50,binary,50,bot_15,3349,w,11,25.8,25,71.28,76,4.72,0
e2-nio-50,binary,50,bot_15,3349,w,13,19.85,25,64.54,76,11.46,0
e2-nio-50,binary,50,bot_15,3349,w,15,9.45,25,56.65,68,11.35,0
e2-nio-50,binary,50,bot_15,3349,w,17,11.24,25,60.25,69,8.75,0
e2-nio-50,binary,50,bot_15,3349,w,19,13.45,25,72.83,112,39.17,0
e2-nio-50,binary,50,bot_15,3349,w,21,13.4,25,81.31,94,12.69,0
e2-nio-50,binary,50,bot_15,3349,w,23,19.3,25,108.45,126,17.55,0
e2-nio-50,binary,50,bot_15,3349,w,25,47.53,25,72.29,120,47.71,0
e2-nio-50,binary,50,bot_15,3349,w,27,23.75,25,95.28,121,25.72,0
e2-nio-50,binary,50,bot_15,3349,w,29,38.58,25,74.13,120,45.87,0
e2-nio-50,binary,50,bot_15,3349,w,31,31.42,25,90.23,118,27.77,0
e2-nio-50,binary,50,bot_15,3349,w,33,37.38,25,83.23,121,37.77,0
e2-nio-50,binary,50,bot_15,3349,w,35,37.51,25,103.93,133,29.07,0
e2-nio-50,binary,50,bot_15,3349,w,37,18.23,25,133.75,156,22.25,0
e2-nio-50,binary,50,bot_15,3349,w,39,23.57,25,129.3,145,15.7,0
e2-nio-50,binary,50,bot_15,3349,w,41,17.96,25,138.55,153,14.45,0
e2-nio-50,binary,50,bot_15,3349,w,43,95.64,25,136.32,144,7.68,0
e2-nio-50,binary,50,bot_15,3349,w,45,90.24,25,108.95,185,76.05,0
e2-nio-50,binary,50,bot_15,3349,w,47,56.02,25,75.74,143,67.26,0
e2-nio-50,binary,50,bot_15,3349,w,49,64.93,25,89.52,150,60.48,0
e2-nio-50,binary,50,bot_15,3349,w,51,63.67,25,105.05,165,59.95,0
e2-nio-50,binary,50,bot_15,3349,w,53,47.99,25,114.72,174,59.28,0
e2-nio-50,binary,50,bot_15,3349,w,55,58.87,25,112.17,145,32.83,0
e2-nio-50,binary,50,bot_15,3349,w,57,54.09,25,129.82,170,40.18,0
e2-nio-50,binary,50,bot_15,3349,w,59,31.68,25,130.88,164,33.12,0
e2-nio-50,binary,50,bot_16,3349,b,2,10.49,25,63.83,61,-2.83,0
e2-nio-50,binary,50,bot_16,3349,b,4,16.03,25,64.18,69,4.82,0
e2-nio-50,binary,50,bot_16,3349,b,6,3.73,25,69.86,74,4.14,0
e2-nio-50,binary,50,bot_16,3349,b,8,3.95,25,58.93,61,2.07,0
e2-nio-50,binary,50,bot_16,3349,b,10,9.13,25,82.24,82,-0.24,0
e2-nio-50,binary,50,bot_16,3349,b,12,15.79,25,60.71,81,20.29,0
e2-nio-50,binary,50,bot_16,3349,b,14,16.5,25,56.82,71,14.18,0
e2-nio-50,binary,50,bot_16,3349,b,16,12.44,25,55.38,60,4.63,0
e2-nio-50,binary,50,bot_16,3349,b,18,43.9,25,87.87,96,8.13,0
e2-nio-50,binary,50,bot_16,3349,b,20,17.86,25,78.04,86,7.96,0
e2-nio-50,binary,50,bot_16,3349,b,22,21.73,25,103.87,113,9.13,0
e2-nio-50,binary,50,bot_16,3349,b,24,51.95,25,103.66,119,15.34,0
e2-nio-50,binary,50,bot_16,3349,b,26,29.93,25,58.99,102,43.01,0
e2-nio-50,binary,50,bot_16,3349,b,28,48.31,25,87.35,106,18.65,0
e2-nio-50,binary,50,bot_16,3349,b,30,32.87,25,86.54,120,33.46,0
e2-nio-50,binary,50,bot_16,3349,b,32,42.17,25,99.71,127,27.29,0
e2-nio-50,binary,50,bot_16,3349,b,34,34.88,25,86.96,120,33.04,0
e2-nio-50,binary,50,bot_16,3349,b,36,26.1,25,114.79,147,32.21,0
e2-nio-50,binary,50,bot_16,3349,b,38,19.79,25,123.93,137,13.07,0
e2-nio-50,binary,50,bot_16,3349,b,40,18.33,25,135.64,155,19.36,0
e2-nio-50,binary,50,bot_16,3349,b,42,11.26,25,129.06,142,12.94,0
e2-nio-50,binary,50,bot_16,3349,b,44,79.48,25,90.75,181,90.25,0
e2-nio-50,binary,50,bot_16,3349,b,46,72.76,25,99.7,184,84.3,0
e2-nio-50,binary,50,bot_16,3349,b,48,65.69,25,81.31,131,49.69,0
e2-nio-50,binary,50,bot_16,3349,b,50,64.68,25,115.43,175,59.57,0
e2-nio-50,binary,50,bot_16,3349,b,52,65.09,25,118.65,177,58.35,0
e2-nio-50,binary,50,bot_16,3349,b,54,37.46,25,82.07,124,41.93,0
e2-nio-50,binary,50,bot_16,3349,b,56,46.54,25,116.1,170,53.9,0
e2-nio-50,binary,50,bot_16,3349,b,58,39.39,25,143.29,192,48.71,0
e2-nio-50,binary,50,bot_16,3349,b,60,42,25,114.13,140,25.87,0
e2-nio-50,binary,50,bot_17,3350,w,1,2.69,25,57.66,54,-3.66,0
e2-nio-50,binary,50,bot_17,3350,w,3,7.66,25,71.08,71,-0.08,0
e2-nio-50,binary,50,bot_17,3350,w,5,5.94,25,65.43,72,6.57,0
e2-nio-50,binary,50,bot_17,3350,w,7,3,25,62.63,61,-1.63,0
e2-nio-50,binary,50,bot_17,3350,w,9,2.99,25,86.91,83,-3.91,0
e2-nio-50,binary,50,bot_17,3350,w,11,19.86,25,58.6,77,18.4,0
e2-nio-50,binary,50,bot_17,3350,w,13,17.53,25,66.68,77,10.32,0
e2-nio-50,binary,50,bot_17,3350,w,15,8.39,25,57.64,67,9.36,0
e2-nio-50,binary,50,bot_17,3350,w,17,8.59,25,63.06,69,5.94,0
e2-nio-50,binary,50,bot_17,3350,w,19,11.31,25,74.92,112,37.08,0
e2-nio-50,binary,50,bot_17,3350,w,21,11.25,25,83.45,95,11.55,0
e2-nio-50,binary,50,bot_17,3350,w,23,17.53,25,110.24,124,13.76,0
e2-nio-50,binary,50,bot_17,3350,w,25,46.02,25,73.77,118,44.23,0
e2-nio-50,binary,50,bot_17,3350,w,27,21.63,25,97.34,120,22.66,0
e2-nio-50,binary,50,bot_17,3350,w,29,37.12,25,75.59,117,41.41,0
e2-nio-50,binary,50,bot_17,3350,w,31,31.36,25,90.45,116,25.55,0
e2-nio-50,binary,50,bot_17,3350,w,33,35.75,25,84.76,120,35.24,0
e2-nio-50,binary,50,bot_17,3350,w,35,34.12,25,107.41,134,26.59,0
e2-nio-50,binary,50,bot_17,3350,w,37,15.33,25,136.57,155,18.43,0
e2-nio-50,binary,50,bot_17,3350,w,39,23.42,25,129.43,142,12.57,0
e2-nio-50,binary,50,bot_17,3350,w,41,13.01,25,143.55,153,9.45,0
e2-nio-50,binary,50,bot_17,3350,w,43,81.21,25,80.59,156,75.41,0
e2-nio-50,binary,50,bot_17,3350,w,45,85.69,25,113.62,187,73.38,0
e2-nio-50,binary,50,bot_17,3350,w,47,53.75,25,77.99,142,64.01,0
e2-nio-50,binary,50,bot_17,3350,w,49,62.61,25,92.04,149,56.96,0
e2-nio-50,binary,50,bot_17,3350,w,51,61.91,25,106.98,164,57.02,0
e2-nio-50,binary,50,bot_17,3350,w,53,45.48,25,117.1,172,54.9,0
e2-nio-50,binary,50,bot_17,3350,w,55,56.74,25,114.47,144,29.53,0
e2-nio-50,binary,50,bot_17,3350,w,57,51.03,25,132.77,168,35.23,0
e2-nio-50,binary,50,bot_17,3350,w,59,29.39,25,133.22,162,28.78,0
e2-nio-50,binary,50,bot_18,3350,b,2,7.85,25,66.04,61,-5.04,0
e2-nio-50,binary,50,bot_18,3350,b,4,13.74,25,66.74,67,0.26,0
e2-nio-50,binary,50,bot_18,3350,b,6,4.88,25,71.2,71,-0.2,0
e2-nio-50,binary,50,bot_18,3350,b,8,2.52,25,60.47,58,-2.47,0
e2-nio-50,binary,50,bot_18,3350,b,10,24.68,25,85.84,82,-3.84,0
e2-nio-50,binary,50,bot_18,3350,b,12,14.47,25,61.73,75,13.27,0
e2-nio-50,binary,50,bot_18,3350,b,14,14.84,25,58.64,71,12.36,0
e2-nio-50,binary,50,bot_18,3350,b,16,11.12,25,56.51,58,1.49,0
e2-nio-50,binary,50,bot_18,3350,b,18,41.55,25,90.01,93,2.99,0
e2-nio-50,binary,50,bot_18,3350,b,20,16.61,25,79.36,84,4.64,0
e2-nio-50,binary,50,bot_18,3350,b,22,19.69,25,105.64,111,5.36,0
e2-nio-50,binary,50,bot_18,3350,b,24,49.63,25,106.02,118,11.98,0
e2-nio-50,binary,50,bot_18,3350,b,26,26.82,25,62.04,101,38.96,0
e2-nio-50,binary,50,bot_18,3350,b,28,46.36,25,89.41,106,16.59,0
e2-nio-50,binary,50,bot_18,3350,b,30,30.82,25,88.53,120,31.47,0
e2-nio-50,binary,50,bot_18,3350,b,32,40.98,25,100.84,126,25.16,0
e2-nio-50,binary,50,bot_18,3350,b,34,32.66,25,89.29,121,31.71,0
e2-nio-50,binary,50,bot_18,3350,b,36,23.62,25,117.23,145,27.77,0
e2-nio-50,binary,50,bot_18,3350,b,38,18.16,25,125.91,135,9.09,0
e2-nio-50,binary,50,bot_18,3350,b,40,15.73,25,138.2,157,18.8,0
e2-nio-50,binary,50,bot_18,3350,b,42,79.95,25,130.35,138,7.65,0
e2-nio-50,binary,50,bot_18,3350,b,44,78.58,25,91.49,167,75.51,0
e2-nio-50,binary,50,bot_18,3350,b,46,70.88,25,101.41,181,79.59,0
e2-nio-50,binary,50,bot_18,3350,b,48,63.27,25,83.72,130,46.28,0
e2-nio-50,binary,50,bot_18,3350,b,50,62.88,25,117.06,172,54.94,0
e2-nio-50,binary,50,bot_18,3350,b,52,62.04,25,121.75,178,56.25,0
e2-nio-50,binary,50,bot_18,3350,b,54,35.12,25,84.41,123,38.59,0
e2-nio-50,binary,50,bot_18,3350,b,56,42.54,25,120.13,170,49.87,0
e2-nio-50,binary,50,bot_18,3350,b,58,35.4,25,147.28,192,44.72,0
e2-nio-50,binary,50,bot_18,3350,b,60,38.7,25,117.63,141,23.38,0
e2-nio-50,binary,50,bot_19,3351,b,2,10.51,25,68.06,63,-5.06,0
e2-nio-50,binary,50,bot_19,3351,b,4,9.37,25,71.24,71,-0.24,0
e2-nio-50,binary,50,bot_19,3351,b,6,19.7,25,51.5,73,21.5,0
e2-nio-50,binary,50,bot_19,3351,b,8,15.27,25,68.46,73,4.54,0
e2-nio-50,binary,50,bot_19,3351,b,10,14.85,25,73.02,75,1.98,0
e2-nio-50,binary,50,bot_19,3351,b,12,12.46,25,63.83,76,12.17,0
e2-nio-50,binary,50,bot_19,3351,b,14,13.63,25,59.92,70,10.08,0
e2-nio-50,binary,50,bot_19,3351,b,16,9.57,25,57.91,59,1.09,0
e2-nio-50,binary,50,bot_19,3351,b,18,37.61,25,93.93,95,1.07,0
e2-nio-50,binary,50,bot_19,3351,b,20,15.62,25,80.52,85,4.48,0
e2-nio-50,binary,50,bot_19,3351,b,22,17.89,25,106.54,108,1.46,0
e2-nio-50,binary,50,bot_19,3351,b,24,47.65,25,107.95,117,9.05,0
e2-nio-50,binary,50,bot_19,3351,b,26,25.09,25,63.68,100,36.32,0
e2-nio-50,binary,50,bot_19,3351,b,28,44.47,25,91.42,105,13.58,0
e2-nio-50,binary,50,bot_19,3351,b,30,28.46,25,90.78,120,29.22,0
e2-nio-50,binary,50,bot_19,3351,b,32,39.01,25,102.88,129,26.12,0
e2-nio-50,binary,50,bot_19,3351,b,34,29.87,25,92.27,120,27.73,0
e2-nio-50,binary,50,bot_19,3351,b,36,21.34,25,119.61,145,25.39,0
e2-nio-50,binary,50,bot_19,3351,b,38,16.27,25,127.96,136,8.04,0
e2-nio-50,binary,50,bot_19,3351,b,40,13.01,25,140.89,156,15.11,0
e2-nio-50,binary,50,bot_19,3351,b,42,67.68,25,73.45,147,73.55,0
e2-nio-50,binary,50,bot_19,3351,b,44,75.42,25,94.64,166,71.36,0
e2-nio-50,binary,50,bot_19,3351,b,46,68.11,25,104.17,180,75.83,0
e2-nio-50,binary,50,bot_19,3351,b,48,59.97,25,86.98,132,45.02,0
e2-nio-50,binary,50,bot_19,3351,b,50,60.07,25,119.68,175,55.32,0
e2-nio-50,binary,50,bot_19,3351,b,52,60.29,25,123.38,174,50.62,0
e2-nio-50,binary,50,bot_19,3351,b,54,33.61,25,85.84,119,33.16,0
e2-nio-50,binary,50,bot_19,3351,b,56,40.33,25,122.24,170,47.76,0
e2-nio-50,binary,50,bot_19,3351,b,58,34.03,25,148.53,188,39.47,0
e2-nio-50,binary,50,bot_19,3351,b,60,36.68,25,119.67,139,19.33,0
e2-nio-50,binary,50,bot_20,3351,w,1,2.52,25,53.15,54,0.85,0
e2-nio-50,binary,50,bot_20,3351,w,3,5.65,25,67.52,73,5.48,0
e2-nio-50,binary,50,bot_20,3351,w,5,27.1,25,67.14,71,3.86,0
e2-nio-50,binary,50,bot_20,3351,w,7,10.92,25,59.31,74,14.69,0
e2-nio-50,binary,50,bot_20,3351,w,9,8.81,25,59.87,70,10.13,0
e2-nio-50,binary,50,bot_20,3351,w,11,17.66,25,60.39,70,9.61,0
e2-nio-50,binary,50,bot_20,3351,w,13,15.76,25,68.26,76,7.74,0
e2-nio-50,binary,50,bot_20,3351,w,15,7.23,25,58.79,69,10.21,0
e2-nio-50,binary,50,bot_20,3351,w,17,6.71,25,65.05,70,4.95,0
e2-nio-50,binary,50,bot_20,3351,w,19,9.92,25,76.34,110,33.66,0
e2-nio-50,binary,50,bot_20,3351,w,21,8.22,25,87.56,98,10.44,0
e2-nio-50,binary,50,bot_20,3351,w,23,14.77,25,113.03,127,13.97,0
e2-nio-50,binary,50,bot_20,3351,w,25,43.05,25,76.87,121,44.13,0
e2-nio-50,binary,50,bot_20,3351,w,27,19.15,25,99.64,121,21.36,0
e2-nio-50,binary,50,bot_20,3351,w,29,35.05,25,77.71,118,40.29,0
e2-nio-50,binary,50,bot_20,3351,w,31,31.32,25,90.54,114,23.46,0
e2-nio-50,binary,50,bot_20,3351,w,33,33.21,25,87.15,122,34.85,0
e2-nio-50,binary,50,bot_20,3351,w,35,31.71,25,109.85,134,24.15,0
e2-nio-50,binary,50,bot_20,3351,w,37,15.11,25,136.64,154,17.36,0
e2-nio-50,binary,50,bot_20,3351,w,39,20.31,25,132.42,145,12.58,0
e2-nio-50,binary,50,bot_20,3351,w,41,78.96,25,146.79,155,8.21,0
e2-nio-50,binary,50,bot_20,3351,w,43,77.61,25,84.37,148,63.63,0
e2-nio-50,binary,50,bot_20,3351,w,45,81.66,25,117.75,189,71.25,0
e2-nio-50,binary,50,bot_20,3351,w,47,51.08,25,80.6,143,62.4,0
e2-nio-50,binary,50,bot_20,3351,w,49,60.85,25,93.96,148,54.04,0
e2-nio-50,binary,50,bot_20,3351,w,51,57.85,25,111.17,166,54.83,0
e2-nio-50,binary,50,bot_20,3351,w,53,40.35,25,122.11,177,54.89,0
e2-nio-50,binary,50,bot_20,3351,w,55,54.4,25,117.01,146,28.99,0
e2-nio-50,binary,50,bot_20,3351,w,57,46.27,25,137.43,173,35.57,0
e2-nio-50,binary,50,bot_20,3351,w,59,25.89,25,136.79,166,29.21,0
e2-nio-50,binary,50,bot_21,3352,w,1,3.4,25,50.86,52,1.14,0
e2-nio-50,binary,50,bot_21,3352,w,3,8.28,25,68.55,70,1.45,0
e2-nio-50,binary,50,bot_21,3352,w,5,22.57,25,64.15,74,9.85,0
e2-nio-50,binary,50,bot_21,3352,w,7,9.76,25,60.39,73,12.61,0
e2-nio-50,binary,50,bot_21,3352,w,9,7.73,25,61.19,71,9.81,0
e2-nio-50,binary,50,bot_21,3352,w,11,15.23,25,62.36,70,7.64,0
e2-nio-50,binary,50,bot_21,3352,w,13,13.31,25,70.73,79,8.27,0
e2-nio-50,binary,50,bot_21,3352,w,15,5.32,25,60.72,70,9.28,0
e2-nio-50,binary,50,bot_21,3352,w,17,20.76,25,68.23,72,3.77,0
e2-nio-50,binary,50,bot_21,3352,w,19,8.42,25,77.8,109,31.2,0
e2-nio-50,binary,50,bot_21,3352,w,21,7.91,25,87.85,98,10.15,0
e2-nio-50,binary,50,bot_21,3352,w,23,12.14,25,115.68,126,10.32,0
e2-nio-50,binary,50,bot_21,3352,w,25,40.05,25,79.95,119,39.05,0
e2-nio-50,binary,50,bot_21,3352,w,27,16.12,25,102.49,120,17.51,0
e2-nio-50,binary,50,bot_21,3352,w,29,32.22,25,80.57,118,37.43,0
e2-nio-50,binary,50,bot_21,3352,w,31,29,25,92.99,115,22.01,0
e2-nio-50,binary,50,bot_21,3352,w,33,30.96,25,89.2,123,33.8,0
e2-nio-50,binary,50,bot_21,3352,w,35,27.74,25,113.87,139,25.13,0
e2-nio-50,binary,50,bot_21,3352,w,37,12.6,25,138.99,156,17.01,0
e2-nio-50,binary,50,bot_21,3352,w,39,16.68,25,136.09,146,9.91,0
e2-nio-50,binary,50,bot_21,3352,w,41,66.15,25,93.13,167,73.87,0
e2-nio-50,binary,50,bot_21,3352,w,43,75.36,25,86.77,149,62.23,0
e2-nio-50,binary,50,bot_21,3352,w,45,76.8,25,122.68,195,72.32,0
e2-nio-50,binary,50,bot_21,3352,w,47,50.77,25,80.72,141,60.28,0
e2-nio-50,binary,50,bot_21,3352,w,49,58.26,25,96.77,149,52.23,0
e2-nio-50,binary,50,bot_21,3352,w,51,55.51,25,113.88,168,54.12,0
e2-nio-50,binary,50,bot_21,3352,w,53,36.35,25,126.04,179,52.96,0
e2-nio-50,binary,50,bot_21,3352,w,55,52.36,25,119.31,148,28.69,0
e2-nio-50,binary,50,bot_21,3352,w,57,41.61,25,142.11,176,33.89,0
e2-nio-50,binary,50,bot_21,3352,w,59,23.93,25,138.84,167,28.16,0
e2-nio-50,binary,50,bot_22,3352,b,2,5.52,25,67.95,68,0.05,0
e2-nio-50,binary,50,bot_22,3352,b,4,14.28,25,69.63,75,5.37,0
e2-nio-50,binary,50,bot_22,3352,b,6,17.34,25,53.68,73,19.32,0
e2-nio-50,binary,50,bot_22,3352,b,8,13,25,70.77,76,5.23,0
e2-nio-50,binary,50,bot_22,3352,b,10,11.44,25,76.71,81,4.29,0
e2-nio-50,binary,50,bot_22,3352,b,12,11.64,25,64.62,77,12.38,0
e2-nio-50,binary,50,bot_22,3352,b,14,12.6,25,60.91,72,11.09,0
e2-nio-50,binary,50,bot_22,3352,b,16,7.52,25,59.83,62,2.17,0
e2-nio-50,binary,50,bot_22,3352,b,18,33.76,25,80.51,98,17.49,0
e2-nio-50,binary,50,bot_22,3352,b,20,13.6,25,82.62,88,5.38,0
e2-nio-50,binary,50,bot_22,3352,b,22,14.72,25,109.69,116,6.31,0
e2-nio-50,binary,50,bot_22,3352,b,24,44.53,25,111.21,120,8.79,0
e2-nio-50,binary,50,bot_22,3352,b,26,21.54,25,67.23,104,36.77,0
e2-nio-50,binary,50,bot_22,3352,b,28,41.56,25,94.59,108,13.41,0
e2-nio-50,binary,50,bot_22,3352,b,30,25.6,25,93.47,123,29.53,0
e2-nio-50,binary,50,bot_22,3352,b,32,37.61,25,104.26,131,26.74,0
e2-nio-50,binary,50,bot_22,3352,b,34,28.07,25,94.21,123,28.79,0
e2-nio-50,binary,50,bot_22,3352,b,36,19.59,25,121.19,146,24.81,0
e2-nio-50,binary,50,bot_22,3352,b,38,13.68,25,130.69,141,10.31,0
e2-nio-50,binary,50,bot_22,3352,b,40,76.52,25,143.81,157,13.19,0
e2-nio-50,binary,50,bot_22,3352,b,42,64.69,25,76.24,139,62.76,0
e2-nio-50,binary,50,bot_22,3352,b,44,74.13,25,95.84,167,71.16,0
e2-nio-50,binary,50,bot_22,3352,b,46,65.67,25,106.59,180,73.41,0
e2-nio-50,binary,50,bot_22,3352,b,48,57.74,25,89.15,135,45.85,0
e2-nio-50,binary,50,bot_22,3352,b,50,58.06,25,121.41,175,53.59,0
e2-nio-50,binary,50,bot_22,3352,b,52,58.11,25,125.05,176,50.95,0
e2-nio-50,binary,50,bot_22,3352,b,54,32.76,25,86.6,117,30.4,0
e2-nio-50,binary,50,bot_22,3352,b,56,38.78,25,123.67,171,47.33,0
e2-nio-50,binary,50,bot_22,3352,b,58,32.8,25,149.61,187,37.39,0
e2-nio-50,binary,50,bot_22,3352,b,60,35.69,25,120.69,140,19.31,0
e2-nio-50,binary,50,bot_23,3353,w,1,4.17,25,70.56,68,-2.56,0
e2-nio-50,binary,50,bot_23,3353,w,3,5.27,25,76.83,77,0.17,0
e2-nio-50,binary,50,bot_23,3353,w,5,14.83,25,56.25,72,15.75,0
e2-nio-50,binary,50,bot_23,3353,w,7,10.38,25,73.47,75,1.53,0
e2-nio-50,binary,50,bot_23,3353,w,9,8.38,25,79.76,79,-0.76,0
e2-nio-50,binary,50,bot_23,3353,w,11,10.11,25,66.13,72,5.87,0
e2-nio-50,binary,50,bot_23,3353,w,13,10.37,25,63.28,69,5.72,0
e2-nio-50,binary,50,bot_23,3353,w,15,10.93,25,64.26,66,1.74,0
e2-nio-50,binary,50,bot_23,3353,w,17,20.83,25,93.18,101,7.82,0
e2-nio-50,binary,50,bot_23,3353,w,19,54.69,25,89.55,91,1.45,0
e2-nio-50,binary,50,bot_23,3353,w,21,18.79,25,87.29,121,33.71,0
e2-nio-50,binary,50,bot_23,3353,w,23,34.7,25,87.73,111,23.27,0
e2-nio-50,binary,50,bot_23,3353,w,25,11.21,25,77.57,109,31.43,0
e2-nio-50,binary,50,bot_23,3353,w,27,34.05,25,102.39,103,0.61,0
e2-nio-50,binary,50,bot_23,3353,w,29,18.15,25,100.4,121,20.6,0
e2-nio-50,binary,50,bot_23,3353,w,31,29.82,25,111.5,132,20.5,0
e2-nio-50,binary,50,bot_23,3353,w,33,20.33,25,102.36,118,15.64,0
e2-nio-50,binary,50,bot_23,3353,w,35,11.24,25,129.31,142,12.69,0
e2-nio-50,binary,50,bot_23,3353,w,37,76.21,25,85.7,154,68.3,0
e2-nio-50,binary,50,bot_23,3353,w,39,60.69,25,83.88,148,64.12,0
e2-nio-50,binary,50,bot_23,3353,w,41,52.91,25,87.3,143,55.7,0
e2-nio-50,binary,50,bot_23,3353,w,43,62.79,25,107.19,170,62.81,0
e2-nio-50,binary,50,bot_23,3353,w,45,54.81,25,117.24,179,61.76,0
e2-nio-50,binary,50,bot_23,3353,w,47,49.42,25,97.36,129,31.64,0
e2-nio-50,binary,50,bot_23,3353,w,49,45,25,133.55,170,36.45,0
e2-nio-50,binary,50,bot_23,3353,w,51,48.52,25,134.28,170,35.72,0
e2-nio-50,binary,50,bot_23,3353,w,53,23.29,25,95.86,114,18.14,0
e2-nio-50,binary,50,bot_23,3353,w,55,25.57,25,136.47,170,33.53,0
e2-nio-50,binary,50,bot_23,3353,w,57,19.26,25,163.19,185,21.81,0
e2-nio-50,binary,50,bot_23,3353,w,59,20.5,25,136.53,144,7.47,0
e2-nio-50,binary,50,bot_24,3353,b,2,5.68,25,72.59,76,3.41,0
e2-nio-50,binary,50,bot_24,3353,b,4,20.3,25,65.91,67,1.09,0
e2-nio-50,binary,50,bot_24,3353,b,6,7.52,25,62.54,75,12.46,0
e2-nio-50,binary,50,bot_24,3353,b,8,4.53,25,64.18,72,7.82,0
e2-nio-50,binary,50,bot_24,3353,b,10,10.83,25,66.9,72,5.1,0
e2-nio-50,binary,50,bot_24,3353,b,12,10.37,25,73.66,82,8.34,0
e2-nio-50,binary,50,bot_24,3353,b,14,5.12,25,60.66,69,8.34,0
e2-nio-50,binary,50,bot_24,3353,b,16,13.08,25,68.3,76,7.7,0
e2-nio-50,binary,50,bot_24,3353,b,18,6.23,25,79.61,98,18.39,0
e2-nio-50,binary,50,bot_24,3353,b,20,39.73,25,54.38,106,51.62,0
e2-nio-50,binary,50,bot_24,3353,b,22,28.3,25,106.84,123,16.16,0
e2-nio-50,binary,50,bot_24,3353,b,24,36.76,25,82.81,115,32.19,0
e2-nio-50,binary,50,bot_24,3353,b,26,6.01,25,112.06,122,9.94,0
e2-nio-50,binary,50,bot_24,3353,b,28,25.55,25,87.38,119,31.62,0
e2-nio-50,binary,50,bot_24,3353,b,30,23.48,25,99.62,114,14.38,0
e2-nio-50,binary,50,bot_24,3353,b,32,19.56,25,100.72,128,27.28,0
e2-nio-50,binary,50,bot_24,3353,b,34,17.46,25,123.91,141,17.09,0
e2-nio-50,binary,50,bot_24,3353,b,36,72.75,25,143.61,152,8.39,0
e2-nio-50,binary,50,bot_24,3353,b,38,68.92,25,77.53,151,73.47,0
e2-nio-50,binary,50,bot_24,3353,b,40,59.82,25,100.17,159,58.83,0
e2-nio-50,binary,50,bot_24,3353,b,42,66.7,25,96.13,146,49.87,0
e2-nio-50,binary,50,bot_24,3353,b,44,65.11,25,134.52,194,59.48,0
e2-nio-50,binary,50,bot_24,3353,b,46,38.24,25,92.72,143,50.28,0
e2-nio-50,binary,50,bot_24,3353,b,48,42.47,25,113.69,158,44.31,0
e2-nio-50,binary,50,bot_24,3353,b,50,41.89,25,128.99,170,41.01,0
e2-nio-50,binary,50,bot_24,3353,b,52,23.84,25,138.01,181,42.99,0
e2-nio-50,binary,50,bot_24,3353,b,54,39.65,25,133.32,153,19.68,0
e2-nio-50,binary,50,bot_24,3353,b,56,27.09,25,156,177,21,0
e2-nio-50,binary,50,bot_24,3353,b,58,13.39,25,149.52,164,14.48,0
e2-nio-50,binary,50,bot_24,3353,b,60,13.22,25,123.98,140,16.02,0
e2-nio-50,binary,50,bot_25,3354,w,1,3.85,25,74.4,75,0.6,0
e2-nio-50,binary,50,bot_25,3354,w,3,18.47,25,67.67,69,1.33,0
e2-nio-50,binary,50,bot_25,3354,w,5,6.79,25,63.19,75,11.81,0
e2-nio-50,binary,50,bot_25,3354,w,7,3.36,25,65.3,72,6.7,0
e2-nio-50,binary,50,bot_25,3354,w,9,9.38,25,68.42,74,5.58,0
e2-nio-50,binary,50,bot_25,3354,w,11,9.49,25,74.62,82,7.38,0
e2-nio-50,binary,50,bot_25,3354,w,13,3.78,25,62.69,70,7.31,0
e2-nio-50,binary,50,bot_25,3354,w,15,11.52,25,69.03,74,4.97,0
e2-nio-50,binary,50,bot_25,3354,w,17,5.37,25,80.47,95,14.53,0
e2-nio-50,binary,50,bot_25,3354,w,19,40.45,25,54.7,97,42.3,0
e2-nio-50,binary,50,bot_25,3354,w,21,26.82,25,108.46,122,13.54,0
e2-nio-50,binary,50,bot_25,3354,w,23,34.13,25,85.38,115,29.62,0
e2-nio-50,binary,50,bot_25,3354,w,25,24.78,25,113.67,119,5.33,0
e2-nio-50,binary,50,bot_25,3354,w,27,24.01,25,88.86,116,27.14,0
e2-nio-50,binary,50,bot_25,3354,w,29,22.07,25,101.11,116,14.89,0
e2-nio-50,binary,50,bot_25,3354,w,31,16.46,25,103.89,126,22.11,0
e2-nio-50,binary,50,bot_25,3354,w,33,14.37,25,127.08,142,14.92,0
e2-nio-50,binary,50,bot_25,3354,w,35,63.85,25,83.25,161,77.75,0
e2-nio-50,binary,50,bot_25,3354,w,37,65.41,25,80.86,153,72.14,0
e2-nio-50,binary,50,bot_25,3354,w,39,57.88,25,102.76,158,55.24,0
e2-nio-50,binary,50,bot_25,3354,w,41,62.21,25,100.82,149,48.18,0
e2-nio-50,binary,50,bot_25,3354,w,43,59.52,25,140.05,193,52.95,0
e2-nio-50,binary,50,bot_25,3354,w,45,33.76,25,97.01,141,43.99,0
e2-nio-50,binary,50,bot_25,3354,w,47,38.29,25,118.03,158,39.97,0
e2-nio-50,binary,50,bot_25,3354,w,49,35.65,25,135.4,165,29.6,0
e2-nio-50,binary,50,bot_25,3354,w,51,19.83,25,141.66,177,35.34,0
e2-nio-50,binary,50,bot_25,3354,w,53,32.67,25,140.54,154,13.46,0
e2-nio-50,binary,50,bot_25,3354,w,55,20.98,25,161.79,174,12.21,0
e2-nio-50,binary,50,bot_25,3354,w,57,10.26,25,152.64,158,5.36,0
e2-nio-50,binary,50,bot_25,3354,w,59,55.13,25,87.31,147,59.69,0
e2-nio-50,binary,50,bot_26,3354,b,2,5.03,25,77.15,74,-3.15,0
e2-nio-50,binary,50,bot_26,3354,b,4,14.21,25,57.01,70,12.99,0
e2-nio-50,binary,50,bot_26,3354,b,6,9.23,25,74.82,74,-0.82,0
e2-nio-50,binary,50,bot_26,3354,b,8,7.08,25,81,78,-3,0
e2-nio-50,binary,50,bot_26,3354,b,10,9.06,25,67.17,70,2.83,0
e2-nio-50,binary,50,bot_26,3354,b,12,9.04,25,64.54,69,4.46,0
e2-nio-50,binary,50,bot_26,3354,b,14,7.09,25,68.46,66,-2.46,0
e2-nio-50,binary,50,bot_26,3354,b,16,16.05,25,98.82,105,6.18,0
e2-nio-50,binary,50,bot_26,3354,b,18,44.93,25,68.13,100,31.87,0
e2-nio-50,binary,50,bot_26,3354,b,20,14.87,25,88.3,122,33.7,0
e2-nio-50,binary,50,bot_26,3354,b,22,31.07,25,91.07,111,19.93,0
e2-nio-50,binary,50,bot_26,3354,b,24,7.14,25,81.84,109,27.16,0
e2-nio-50,binary,50,bot_26,3354,b,26,29.89,25,86.34,106,19.66,0
e2-nio-50,binary,50,bot_26,3354,b,28,16.88,25,101.4,119,17.6,0
e2-nio-50,binary,50,bot_26,3354,b,30,26.01,25,115.04,132,16.96,0
e2-nio-50,binary,50,bot_26,3354,b,32,16.75,25,105.69,117,11.31,0
e2-nio-50,binary,50,bot_26,3354,b,34,79.02,25,131.28,139,7.72,0
e2-nio-50,binary,50,bot_26,3354,b,36,72.84,25,89.12,146,56.88,0
e2-nio-50,binary,50,bot_26,3354,b,38,56.34,25,87.78,147,59.22,0
e2-nio-50,binary,50,bot_26,3354,b,40,49.46,25,89.97,143,53.03,0
e2-nio-50,binary,50,bot_26,3354,b,42,55.74,25,114.44,171,56.56,0
e2-nio-50,binary,50,bot_26,3354,b,44,49.42,25,122.63,177,54.37,0
e2-nio-50,binary,50,bot_26,3354,b,46,44.93,25,101.8,127,25.2,0
e2-nio-50,binary,50,bot_26,3354,b,48,35.86,25,142.28,172,29.72,0
e2-nio-50,binary,50,bot_26,3354,b,50,40.5,25,142.39,170,27.61,0
e2-nio-50,binary,50,bot_26,3354,b,52,17.62,25,101.58,113,11.42,0
e2-nio-50,binary,50,bot_26,3354,b,54,17.69,25,144.48,169,24.52,0
e2-nio-50,binary,50,bot_26,3354,b,56,11.28,25,171.21,184,12.79,0
e2-nio-50,binary,50,bot_26,3354,b,58,64.79,25,145.82,148,2.18,0
e2-nio-50,binary,50,bot_26,3354,b,60,46.64,25,85.21,133,47.79,0
e2-nio-50,binary,50,bot_27,3355,w,1,6.88,25,65.74,71,5.26,0
e2-nio-50,binary,50,bot_27,3355,w,3,7.9,25,70.91,73,2.09,0
e2-nio-50,binary,50,bot_27,3355,w,5,11.37,25,62.03,75,12.97,0
e2-nio-50,binary,50,bot_27,3355,w,7,15.63,25,67.13,86,18.87,0
e2-nio-50,binary,50,bot_27,3355,w,9,11.51,25,59.94,72,12.06,0
e2-nio-50,binary,50,bot_27,3355,w,11,9.54,25,78.27,86,7.73,0
e2-nio-50,binary,50,bot_27,3355,w,13,3.89,25,61.49,78,16.51,0
e2-nio-50,binary,50,bot_27,3355,w,15,22.33,25,88.66,92,3.34,0
e2-nio-50,binary,50,bot_27,3355,w,17,13.79,25,83.88,95,11.12,0
e2-nio-50,binary,50,bot_27,3355,w,19,67.99,25,87.42,109,21.58,0
e2-nio-50,binary,50,bot_27,3355,w,21,3.04,25,53.59,112,58.41,0
e2-nio-50,binary,50,bot_27,3355,w,23,31.13,25,75.91,114,38.09,0
e2-nio-50,binary,50,bot_27,3355,w,25,43.41,25,74.48,110,35.52,0
e2-nio-50,binary,50,bot_27,3355,w,27,44.14,25,78.43,109,30.57,0
e2-nio-50,binary,50,bot_27,3355,w,29,35.24,25,100.34,136,35.66,0
e2-nio-50,binary,50,bot_27,3355,w,31,30.56,25,100.47,125,24.53,0
e2-nio-50,binary,50,bot_27,3355,w,33,26.86,25,129.81,160,30.19,0
e2-nio-50,binary,50,bot_27,3355,w,35,16.97,25,128.24,151,22.76,0
e2-nio-50,binary,50,bot_27,3355,w,37,18.15,25,130.32,142,11.68,0
e2-nio-50,binary,50,bot_27,3355,w,39,62.16,25,149.29,158,8.71,0
e2-nio-50,binary,50,bot_27,3355,w,41,63.29,25,114.43,173,58.57,0
e2-nio-50,binary,50,bot_27,3355,w,43,60.06,25,132.66,197,64.34,0
e2-nio-50,binary,50,bot_27,3355,w,45,40.67,25,89.95,122,32.05,0
e2-nio-50,binary,50,bot_27,3355,w,47,45.13,25,122.58,164,41.42,0
e2-nio-50,binary,50,bot_27,3355,w,49,35.34,25,135.47,172,36.53,0
e2-nio-50,binary,50,bot_27,3355,w,51,15.74,25,116.76,148,31.24,0
e2-nio-50,binary,50,bot_27,3355,w,53,24.85,25,145.82,160,14.18,0
e2-nio-50,binary,50,bot_27,3355,w,55,20.04,25,173.57,189,15.43,0
e2-nio-50,binary,50,bot_27,3355,w,57,76.91,25,157.59,165,7.41,0
e2-nio-50,binary,50,bot_27,3355,w,59,58.34,25,77.6,134,56.4,0
e2-nio-50,binary,50,bot_28,3355,b,2,5.34,25,59.26,64,4.74,0
e2-nio-50,binary,50,bot_28,3355,b,4,14.9,25,67.65,73,5.35,0
e2-nio-50,binary,50,bot_28,3355,b,6,22.41,25,75.93,83,7.07,0
e2-nio-50,binary,50,bot_28,3355,b,8,14.65,25,59.42,72,12.58,0
e2-nio-50,binary,50,bot_28,3355,b,10,9.56,25,59.43,68,8.57,0
e2-nio-50,binary,50,bot_28,3355,b,12,19.07,25,61.24,68,6.76,0
e2-nio-50,binary,50,bot_28,3355,b,14,6.56,25,60.2,62,1.8,0
e2-nio-50,binary,50,bot_28,3355,b,16,14,25,77.04,97,19.96,0
e2-nio-50,binary,50,bot_28,3355,b,18,23.52,25,89,101,12,0
e2-nio-50,binary,50,bot_28,3355,b,20,60.64,25,69.22,133,63.78,0
e2-nio-50,binary,50,bot_28,3355,b,22,41.93,25,120.71,121,0.29,0
e2-nio-50,binary,50,bot_28,3355,b,24,38.83,25,81.84,110,28.16,0
e2-nio-50,binary,50,bot_28,3355,b,26,33.56,25,82.47,123,40.53,0
e2-nio-50,binary,50,bot_28,3355,b,28,38.12,25,75.74,118,42.26,0
e2-nio-50,binary,50,bot_28,3355,b,30,25.72,25,93.31,125,31.69,0
e2-nio-50,binary,50,bot_28,3355,b,32,32.15,25,93.7,121,27.3,0
e2-nio-50,binary,50,bot_28,3355,b,34,24.65,25,118.27,142,23.73,0
e2-nio-50,binary,50,bot_28,3355,b,36,13.55,25,147.68,160,12.32,0
e2-nio-50,binary,50,bot_28,3355,b,38,12.05,25,131.79,146,14.21,0
e2-nio-50,binary,50,bot_28,3355,b,40,60.78,25,85.45,145,59.55,0
e2-nio-50,binary,50,bot_28,3355,b,42,66.57,25,115.14,177,61.86,0
e2-nio-50,binary,50,bot_28,3355,b,44,37.13,25,109.75,163,53.25,0
e2-nio-50,binary,50,bot_28,3355,b,46,47.74,25,114.07,148,33.93,0
e2-nio-50,binary,50,bot_28,3355,b,48,41.44,25,125.74,165,39.26,0
e2-nio-50,binary,50,bot_28,3355,b,50,36.75,25,154.21,184,29.79,0
e2-nio-50,binary,50,bot_28,3355,b,52,19.37,25,120.73,130,9.27,0
e2-nio-50,binary,50,bot_28,3355,b,54,19.75,25,151.79,171,19.21,0
e2-nio-50,binary,50,bot_28,3355,b,56,12.45,25,153.39,167,13.61,0
e2-nio-50,binary,50,bot_28,3355,b,58,62,25,76.36,146,69.64,0
e2-nio-50,binary,50,bot_28,3355,b,60,41.95,25,74.69,128,53.31,0
e2-nio-50,binary,50,bot_29,3356,w,1,3.97,25,56.31,56,-0.31,0
e2-nio-50,binary,50,bot_29,3356,w,3,6.56,25,73.23,78,4.77,0
e2-nio-50,binary,50,bot_29,3356,w,5,16.61,25,81.55,86,4.45,0
e2-nio-50,binary,50,bot_29,3356,w,7,9.15,25,64.98,75,10.02,0
e2-nio-50,binary,50,bot_29,3356,w,9,5.99,25,62.99,67,4.01,0
e2-nio-50,binary,50,bot_29,3356,w,11,9.78,25,70.21,74,3.79,0
e2-nio-50,binary,50,bot_29,3356,w,13,14.08,25,63.66,64,0.34,0
e2-nio-50,binary,50,bot_29,3356,w,15,9.64,25,80.85,97,16.15,0
e2-nio-50,binary,50,bot_29,3356,w,17,17.13,25,95.68,104,8.32,0
e2-nio-50,binary,50,bot_29,3356,w,19,56.29,25,73.4,122,48.6,0
e2-nio-50,binary,50,bot_29,3356,w,21,34.21,25,86.92,123,36.08,0
e2-nio-50,binary,50,bot_29,3356,w,23,31.71,25,88.61,113,24.39,0
e2-nio-50,binary,50,bot_29,3356,w,25,25.93,25,89.68,126,36.32,0
e2-nio-50,binary,50,bot_29,3356,w,27,30.13,25,83.74,118,34.26,0
e2-nio-50,binary,50,bot_29,3356,w,29,20.95,25,97.95,123,25.05,0
e2-nio-50,binary,50,bot_29,3356,w,31,23.8,25,102.4,125,22.6,0
e2-nio-50,binary,50,bot_29,3356,w,33,15.62,25,127.5,144,16.5,0
e2-nio-50,binary,50,bot_29,3356,w,35,61.47,25,152.06,161,8.94,0
e2-nio-50,binary,50,bot_29,3356,w,37,65.78,25,91,145,54,0
e2-nio-50,binary,50,bot_29,3356,w,39,53.6,25,92.59,137,44.41,0
e2-nio-50,binary,50,bot_29,3356,w,41,56.74,25,124.98,175,50.02,0
e2-nio-50,binary,50,bot_29,3356,w,43,30.55,25,116,160,44,0
e2-nio-50,binary,50,bot_29,3356,w,45,42.45,25,119.3,149,29.7,0
e2-nio-50,binary,50,bot_29,3356,w,47,32.57,25,134.82,167,32.18,0
e2-nio-50,binary,50,bot_29,3356,w,49,27.94,25,162.98,183,20.02,0
e2-nio-50,binary,50,bot_29,3356,w,51,10.19,25,129.93,135,5.07,0
e2-nio-50,binary,50,bot_29,3356,w,53,11.65,25,159.82,170,10.18,0
e2-nio-50,binary,50,bot_29,3356,w,55,76.7,25,84.5,173,88.5,0
e2-nio-50,binary,50,bot_29,3356,w,57,59.64,25,78.39,135,56.61,0
e2-nio-50,binary,50,bot_29,3356,w,59,39.77,25,76.43,123,46.57,0
e2-nio-50,binary,50,bot_30,3356,b,2,7.32,25,72.17,73,0.83,0
e2-nio-50,binary,50,bot_30,3356,b,4,7.36,25,66.03,72,5.97,0
e2-nio-50,binary,50,bot_30,3356,b,6,13.13,25,69.9,84,14.1,0
e2-nio-50,binary,50,bot_30,3356,b,8,6.97,25,64.44,70,5.56,0
e2-nio-50,binary,50,bot_30,3356,b,10,7.73,25,80.28,84,3.72,0
e2-nio-50,binary,50,bot_30,3356,b,12,3.22,25,63.16,71,7.84,0
e2-nio-50,binary,50,bot_30,3356,b,14,19.48,25,81,93,12,0
e2-nio-50,binary,50,bot_30,3356,b,16,11.56,25,85.59,93,7.41,0
e2-nio-50,binary,50,bot_30,3356,b,18,52.91,25,102.79,118,15.21,0
e2-nio-50,binary,50,bot_30,3356,b,20,40.05,25,58.38,113,54.63,0
e2-nio-50,binary,50,bot_30,3356,b,22,27.38,25,79.78,112,32.22,0
e2-nio-50,binary,50,bot_30,3356,b,24,38.93,25,79.04,109,29.96,0
e2-nio-50,binary,50,bot_30,3356,b,26,37,25,86,109,23,0
e2-nio-50,binary,50,bot_30,3356,b,28,28.66,25,106.79,135,28.21,0
e2-nio-50,binary,50,bot_30,3356,b,30,25.46,25,105.23,125,19.77,0
e2-nio-50,binary,50,bot_30,3356,b,32,19.92,25,136.42,158,21.58,0
e2-nio-50,binary,50,bot_30,3356,b,34,12.25,25,133.06,148,14.94,0
e2-nio-50,binary,50,bot_30,3356,b,36,55.85,25,98.21,158,59.79,0
e2-nio-50,binary,50,bot_30,3356,b,38,48.35,25,92.05,156,63.95,0
e2-nio-50,binary,50,bot_30,3356,b,40,53.59,25,124.16,177,52.84,0
e2-nio-50,binary,50,bot_30,3356,b,42,49.33,25,143.34,199,55.66,0
e2-nio-50,binary,50,bot_30,3356,b,44,35.65,25,95.03,121,25.97,0
e2-nio-50,binary,50,bot_30,3356,b,46,38.96,25,128.94,166,37.06,0
e2-nio-50,binary,50,bot_30,3356,b,48,26.48,25,144.21,173,28.79,0
e2-nio-50,binary,50,bot_30,3356,b,50,10.85,25,120.94,145,24.06,0
e2-nio-50,binary,50,bot_30,3356,b,52,15.93,25,155.3,161,5.7,0
e2-nio-50,binary,50,bot_30,3356,b,54,93.65,25,183.91,191,7.09,0
e2-nio-50,binary,50,bot_30,3356,b,56,64.13,25,91.24,163,71.76,0
e2-nio-50,binary,50,bot_30,3356,b,58,53.08,25,83.21,139,55.79,0
e2-nio-50,binary,50,bot_30,3356,b,60,42.22,25,75.15,111,35.85,0
e2-nio-50,binary,50,bot_31,3357,w,1,1.04,25,75.61,74,-1.61,0
e2-nio-50,binary,50,bot_31,3357,w,3,5.52,25,67.86,68,0.14,0
e2-nio-50,binary,50,bot_31,3357,w,5,10.98,25,72.08,81,8.92,0
e2-nio-50,binary,50,bot_31,3357,w,7,5.28,25,66.17,70,3.83,0
e2-nio-50,binary,50,bot_31,3357,w,9,5.95,25,82.13,83,0.87,0
e2-nio-50,binary,50,bot_31,3357,w,11,9.71,25,52.44,73,20.56,0
e2-nio-50,binary,50,bot_31,3357,w,13,14.73,25,85.69,92,6.31,0
e2-nio-50,binary,50,bot_31,3357,w,15,9.18,25,87.89,92,4.11,0
e2-nio-50,binary,50,bot_31,3357,w,17,49.65,25,106.09,118,11.91,0
e2-nio-50,binary,50,bot_31,3357,w,19,37.67,25,60.72,110,49.28,0
e2-nio-50,binary,50,bot_31,3357,w,21,25.11,25,81.96,109,27.04,0
e2-nio-50,binary,50,bot_31,3357,w,23,37.71,25,80.21,104,23.79,0
e2-nio-50,binary,50,bot_31,3357,w,25,34.39,25,88.69,108,19.31,0
e2-nio-50,binary,50,bot_31,3357,w,27,25.04,25,110.42,134,23.58,0
e2-nio-50,binary,50,bot_31,3357,w,29,20.41,25,110.09,128,17.91,0
e2-nio-50,binary,50,bot_31,3357,w,31,15.93,25,140.41,157,16.59,0
e2-nio-50,binary,50,bot_31,3357,w,33,70.06,25,135.96,144,8.04,0
e2-nio-50,binary,50,bot_31,3357,w,35,49.98,25,103.88,151,47.12,0
e2-nio-50,binary,50,bot_31,3357,w,37,45.03,25,95.38,155,59.62,0
e2-nio-50,binary,50,bot_31,3357,w,39,47.51,25,130.28,178,47.72,0
e2-nio-50,binary,50,bot_31,3357,w,41,46.65,25,146.02,196,49.98,0
e2-nio-50,binary,50,bot_31,3357,w,43,33.51,25,97.16,119,21.84,0
e2-nio-50,binary,50,bot_31,3357,w,45,34.78,25,133.21,167,33.79,0
e2-nio-50,binary,50,bot_31,3357,w,47,22.25,25,148.46,173,24.54,0
e2-nio-50,binary,50,bot_31,3357,w,49,8.2,25,123.53,143,19.47,0
e2-nio-50,binary,50,bot_31,3357,w,51,12.05,25,159.28,162,2.72,0
e2-nio-50,binary,50,bot_31,3357,w,53,80.69,25,102.79,200,97.21,0
e2-nio-50,binary,50,bot_31,3357,w,55,62.11,25,93.42,161,67.58,0
e2-nio-50,binary,50,bot_31,3357,w,57,49.58,25,86.73,140,53.27,0
e2-nio-50,binary,50,bot_31,3357,w,59,40.11,25,77.34,109,31.66,0
e2-nio-50,binary,50,bot_32,3357,b,2,5.03,25,74.55,74,-0.55,0
e2-nio-50,binary,50,bot_32,3357,b,4,14.13,25,84.07,87,2.93,0
e2-nio-50,binary,50,bot_32,3357,b,6,8.45,25,65.59,75,9.41,0
e2-nio-50,binary,50,bot_32,3357,b,8,5.62,25,63.3,68,4.7,0
e2-nio-50,binary,50,bot_32,3357,b,10,25.15,25,73.05,77,3.95,0
e2-nio-50,binary,50,bot_32,3357,b,12,10.54,25,53.36,61,7.64,0
e2-nio-50,binary,50,bot_32,3357,b,14,7.99,25,81.88,94,12.12,0
e2-nio-50,binary,50,bot_32,3357,b,16,15.61,25,97.46,104,6.54,0
e2-nio-50,binary,50,bot_32,3357,b,18,53.99,25,75.59,123,47.41,0
e2-nio-50,binary,50,bot_32,3357,b,20,30.99,25,90.28,126,35.72,0
e2-nio-50,binary,50,bot_32,3357,b,22,28.52,25,91.97,115,23.03,0
e2-nio-50,binary,50,bot_32,3357,b,24,23.65,25,91.81,128,36.19,0
e2-nio-50,binary,50,bot_32,3357,b,26,27.03,25,86.68,119,32.32,0
e2-nio-50,binary,50,bot_32,3357,b,28,20.06,25,99.11,122,22.89,0
e2-nio-50,binary,50,bot_32,3357,b,30,21.37,25,104.67,124,19.33,0
e2-nio-50,binary,50,bot_32,3357,b,32,12.7,25,130.58,144,13.42,0
e2-nio-50,binary,50,bot_32,3357,b,34,52.28,25,100.83,170,69.17,0
e2-nio-50,binary,50,bot_32,3357,b,36,63.76,25,92.94,142,49.06,0
e2-nio-50,binary,50,bot_32,3357,b,38,51.93,25,94.18,136,41.82,0
e2-nio-50,binary,50,bot_32,3357,b,40,54.62,25,127.01,173,45.99,0
e2-nio-50,binary,50,bot_32,3357,b,42,28.56,25,117.75,160,42.25,0
e2-nio-50,binary,50,bot_32,3357,b,44,40.81,25,120.95,149,28.05,0
e2-nio-50,binary,50,bot_32,3357,b,46,29.92,25,137.44,168,30.56,0
e2-nio-50,binary,50,bot_32,3357,b,48,25.79,25,165.02,181,15.98,0
e2-nio-50,binary,50,bot_32,3357,b,50,8.86,25,131.22,135,3.78,0
e2-nio-50,binary,50,bot_32,3357,b,52,103.22,25,162.09,169,6.91,0
e2-nio-50,binary,50,bot_32,3357,b,54,73.55,25,87.63,163,75.37,0
e2-nio-50,binary,50,bot_32,3357,b,56,59.45,25,78.18,135,56.82,0
e2-nio-50,binary,50,bot_32,3357,b,58,37.54,25,78.34,123,44.66,0
e2-nio-50,binary,50,bot_32,3357,b,60,28.36,25,81.24,116,34.76,0
e2-nio-50,binary,50,bot_33,3358,w,1,3.68,25,72.48,59,-13.48,0
e2-nio-50,binary,50,bot_33,3358,w,3,12.5,25,85.74,76,-9.74,0
e2-nio-50,binary,50,bot_33,3358,w,5,6.76,25,67.26,62,-5.26,0
e2-nio-50,binary,50,bot_33,3358,w,7,20.96,25,64.14,55,-9.14,0
e2-nio-50,binary,50,bot_33,3358,w,9,23.85,25,74.36,65,-9.36,0
e2-nio-50,binary,50,bot_33,3358,w,11,9.32,25,54.58,49,-5.58,0
e2-nio-50,binary,50,bot_33,3358,w,13,6.88,25,83.05,82,-1.05,0
e2-nio-50,binary,50,bot_33,3358,w,15,13.26,25,99.9,93,-6.9,0
e2-nio-50,binary,50,bot_33,3358,w,17,51.84,25,75.47,109,33.53,0
e2-nio-50,binary,50,bot_33,3358,w,19,29.07,25,92.14,114,21.86,0
e2-nio-50,binary,50,bot_33,3358,w,21,26.16,25,94.36,103,8.64,0
e2-nio-50,binary,50,bot_33,3358,w,23,22.58,25,92.79,115,22.21,0
e2-nio-50,binary,50,bot_33,3358,w,25,25.19,25,88.36,106,17.64,0
e2-nio-50,binary,50,bot_33,3358,w,27,19.11,25,99.99,108,8.01,0
e2-nio-50,binary,50,bot_33,3358,w,29,19.53,25,106.5,110,3.5,0
e2-nio-50,binary,50,bot_33,3358,w,31,74.38,25,132.63,132,-0.63,0
e2-nio-50,binary,50,bot_33,3358,w,33,50.53,25,102.21,147,44.79,0
e2-nio-50,binary,50,bot_33,3358,w,35,58.75,25,97.91,132,34.09,0
e2-nio-50,binary,50,bot_33,3358,w,37,49.74,25,96.33,124,27.67,0
e2-nio-50,binary,50,bot_33,3358,w,39,51.26,25,130.38,161,30.62,0
e2-nio-50,binary,50,bot_33,3358,w,41,25.85,25,120.4,149,28.6,0
e2-nio-50,binary,50,bot_33,3358,w,43,38.15,25,123.56,142,18.44,0
e2-nio-50,binary,50,bot_33,3358,w,45,29.39,25,137.9,156,18.1,0
e2-nio-50,binary,50,bot_33,3358,w,47,21.6,25,169.28,175,5.72,0
e2-nio-50,binary,50,bot_33,3358,w,49,7.07,25,133.06,127,-6.06,0
e2-nio-50,binary,50,bot_33,3358,w,51,90.27,25,94.5,170,75.5,0
e2-nio-50,binary,50,bot_33,3358,w,53,69.12,25,92.11,157,64.89,0
e2-nio-50,binary,50,bot_33,3358,w,55,56.88,25,80.77,129,48.23,0
e2-nio-50,binary,50,bot_33,3358,w,57,34.62,25,81.21,114,32.79,0
e2-nio-50,binary,50,bot_33,3358,w,59,26.32,25,83.29,108,24.71,0
e2-nio-50,binary,50,bot_34,3358,b,2,4,25,68.9,73,4.1,0
e2-nio-50,binary,50,bot_34,3358,b,4,9.39,25,73.69,83,9.31,0
e2-nio-50,binary,50,bot_34,3358,b,6,4.47,25,67.06,71,3.94,0
e2-nio-50,binary,50,bot_34,3358,b,8,17.47,25,66.46,85,18.54,0
e2-nio-50,binary,50,bot_34,3358,b,10,9.17,25,52.84,74,21.16,0
e2-nio-50,binary,50,bot_34,3358,b,12,12.86,25,87.55,96,8.45,0
e2-nio-50,binary,50,bot_34,3358,b,14,8.39,25,88.44,94,5.56,0
e2-nio-50,binary,50,bot_34,3358,b,16,49.19,25,109.09,120,10.91,0
e2-nio-50,binary,50,bot_34,3358,b,18,35.58,25,62.88,114,51.12,0
e2-nio-50,binary,50,bot_34,3358,b,20,23.21,25,83.79,111,27.21,0
e2-nio-50,binary,50,bot_34,3358,b,22,36.59,25,81.26,107,25.74,0
e2-nio-50,binary,50,bot_34,3358,b,24,32.66,25,90.99,112,21.01,0
e2-nio-50,binary,50,bot_34,3358,b,26,22.41,25,113.16,137,23.84,0
e2-nio-50,binary,50,bot_34,3358,b,28,17.43,25,112.93,132,19.07,0
e2-nio-50,binary,50,bot_34,3358,b,30,12.92,25,143.44,161,17.56,0
e2-nio-50,binary,50,bot_34,3358,b,32,58.97,25,83.98,158,74.02,0
e2-nio-50,binary,50,bot_34,3358,b,34,47.83,25,106.06,155,48.94,0
e2-nio-50,binary,50,bot_34,3358,b,36,42.25,25,98.22,155,56.78,0
e2-nio-50,binary,50,bot_34,3358,b,38,44.74,25,133.1,181,47.9,0
e2-nio-50,binary,50,bot_34,3358,b,40,43.54,25,149.1,199,49.9,0
e2-nio-50,binary,50,bot_34,3358,b,42,32.31,25,98.49,120,21.51,0
e2-nio-50,binary,50,bot_34,3358,b,44,32.94,25,135.39,168,32.61,0
e2-nio-50,binary,50,bot_34,3358,b,46,20.35,25,150.35,175,24.65,0
e2-nio-50,binary,50,bot_34,3358,b,48,7.09,25,124.28,142,17.72,0
e2-nio-50,binary,50,bot_34,3358,b,50,90.25,25,161.82,164,2.18,0
e2-nio-50,binary,50,bot_34,3358,b,52,78.33,25,105.01,190,84.99,0
e2-nio-50,binary,50,bot_34,3358,b,54,61.36,25,94.39,159,64.61,0
e2-nio-50,binary,50,bot_34,3358,b,56,47.33,25,88.93,142,53.07,0
e2-nio-50,binary,50,bot_34,3358,b,58,38.97,25,78.69,109,30.31,0
e2-nio-50,binary,50,bot_34,3358,b,60,23.18,25,81.9,103,21.1,0
e2-nio-50,binary,50,bot_35,3359,w,1,2.93,25,65.6,64,-1.6,0
e2-nio-50,binary,50,bot_35,3359,w,3,7.89,25,75.25,82,6.75,0
e2-nio-50,binary,50,bot_35,3359,w,5,15.01,25,68.86,72,3.14,0
e2-nio-50,binary,50,bot_35,3359,w,7,16.35,25,67.3,80,12.7,0
e2-nio-50,binary,50,bot_35,3359,w,9,8.3,25,53.4,68,14.6,0
e2-nio-50,binary,50,bot_35,3359,w,11,9.91,25,90.43,96,5.57,0
e2-nio-50,binary,50,bot_35,3359,w,13,6.75,25,89.07,93,3.93,0
e2-nio-50,binary,50,bot_35,3359,w,15,45.87,25,112.4,121,8.6,0
e2-nio-50,binary,50,bot_35,3359,w,17,33.79,25,64.65,111,46.35,0
e2-nio-50,binary,50,bot_35,3359,w,19,20.29,25,86.83,111,24.17,0
e2-nio-50,binary,50,bot_35,3359,w,21,30.36,25,87.61,111,23.39,0
e2-nio-50,binary,50,bot_35,3359,w,23,25.24,25,98.57,117,18.43,0
e2-nio-50,binary,50,bot_35,3359,w,25,18.85,25,116.79,136,19.21,0
e2-nio-50,binary,50,bot_35,3359,w,27,13.35,25,116.97,132,15.03,0
e2-nio-50,binary,50,bot_35,3359,w,29,62.92,25,147.79,160,12.21,0
e2-nio-50,binary,50,bot_35,3359,w,31,56.76,25,85.78,144,58.22,0
e2-nio-50,binary,50,bot_35,3359,w,33,46.2,25,107.65,152,44.35,0
e2-nio-50,binary,50,bot_35,3359,w,35,40.28,25,100.11,152,51.89,0
e2-nio-50,binary,50,bot_35,3359,w,37,41.81,25,136.12,181,44.88,0
e2-nio-50,binary,50,bot_35,3359,w,39,40.88,25,151.72,197,45.28,0
e2-nio-50,binary,50,bot_35,3359,w,41,31.05,25,99.77,118,18.23,0
e2-nio-50,binary,50,bot_35,3359,w,43,31.48,25,136.86,165,28.14,0
e2-nio-50,binary,50,bot_35,3359,w,45,19.08,25,151.54,172,20.46,0
e2-nio-50,binary,50,bot_35,3359,w,47,6.18,25,125.07,138,12.93,0
e2-nio-50,binary,50,bot_35,3359,w,49,79.26,25,84.49,172,87.51,0
e2-nio-50,binary,50,bot_35,3359,w,51,76.81,25,106.44,191,84.56,0
e2-nio-50,binary,50,bot_35,3359,w,53,60.3,25,95.48,157,61.52,0
e2-nio-50,binary,50,bot_35,3359,w,55,44.48,25,91.77,140,48.23,0
e2-nio-50,binary,50,bot_35,3359,w,57,36.97,25,80.79,107,26.21,0
e2-nio-50,binary,50,bot_35,3359,w,59,20.05,25,84.99,104,19.01,0
e2-nio-50,binary,50,bot_36,3359,b,2,11.04,25,87.32,90,2.68,0
e2-nio-50,binary,50,bot_36,3359,b,4,5.71,25,68.21,75,6.79,0
e2-nio-50,binary,50,bot_36,3359,b,6,15.83,25,57.19,70,12.81,0
e2-nio-50,binary,50,bot_36,3359,b,8,18.1,25,68.43,83,14.57,0
e2-nio-50,binary,50,bot_36,3359,b,10,7.84,25,56.16,63,6.84,0
e2-nio-50,binary,50,bot_36,3359,b,12,6.81,25,84.31,92,7.69,0
e2-nio-50,binary,50,bot_36,3359,b,14,11.08,25,102.39,107,4.61,0
e2-nio-50,binary,50,bot_36,3359,b,16,50.32,25,77.14,121,43.86,0
e2-nio-50,binary,50,bot_36,3359,b,18,27.37,25,93.68,126,32.32,0
e2-nio-50,binary,50,bot_36,3359,b,20,26.19,25,94.07,112,17.93,0
e2-nio-50,binary,50,bot_36,3359,b,22,21.47,25,93.54,122,28.46,0
e2-nio-50,binary,50,bot_36,3359,b,24,22.59,25,90.73,115,24.27,0
e2-nio-50,binary,50,bot_36,3359,b,26,17.58,25,101.23,118,16.77,0
e2-nio-50,binary,50,bot_36,3359,b,28,15.39,25,110.76,122,11.24,0
e2-nio-50,binary,50,bot_36,3359,b,30,60.84,25,92.36,153,60.64,0
e2-nio-50,binary,50,bot_36,3359,b,32,48.84,25,103.82,159,55.18,0
e2-nio-50,binary,50,bot_36,3359,b,34,55.14,25,101.58,146,44.42,0
e2-nio-50,binary,50,bot_36,3359,b,36,48.05,25,98.09,137,38.91,0
e2-nio-50,binary,50,bot_36,3359,b,38,48.2,25,133.29,173,39.71,0
e2-nio-50,binary,50,bot_36,3359,b,40,24.13,25,121.96,157,35.04,0
e2-nio-50,binary,50,bot_36,3359,b,42,34.85,25,126.78,153,26.22,0
e2-nio-50,binary,50,bot_36,3359,b,44,25.53,25,141.88,168,26.12,0
e2-nio-50,binary,50,bot_36,3359,b,46,18.77,25,172.3,185,12.7,0
e2-nio-50,binary,50,bot_36,3359,b,48,93.91,25,134.81,137,2.19,0
e2-nio-50,binary,50,bot_36,3359,b,50,90,25,94.87,170,75.13,0
e2-nio-50,binary,50,bot_36,3359,b,52,66.67,25,94.73,167,72.27,0
e2-nio-50,binary,50,bot_36,3359,b,54,54.98,25,82.77,138,55.23,0
e2-nio-50,binary,50,bot_36,3359,b,56,32.81,25,82.8,122,39.2,0
e2-nio-50,binary,50,bot_36,3359,b,58,24.99,25,84.61,117,32.39,0
e2-nio-50,binary,50,bot_36,3359,b,60,27.6,25,83.52,99,15.48,0
e2-nio-50,binary,50,bot_37,3360,w,1,9.49,25,85.53,87,1.47,0
e2-nio-50,binary,50,bot_37,3360,w,3,20.84,25,69.89,76,6.11,0
e2-nio-50,binary,50,bot_37,3360,w,5,14.89,25,58.2,68,9.8,0
e2-nio-50,binary,50,bot_37,3360,w,7,15.67,25,71,81,10,0
e2-nio-50,binary,50,bot_37,3360,w,9,4.12,25,60.15,67,6.85,0
e2-nio-50,binary,50,bot_37,3360,w,11,28.58,25,57.87,115,57.13,0
e2-nio-50,binary,50,bot_37,3360,w,13,28.12,25,66.52,96,29.48,0
e2-nio-50,binary,50,bot_37,3360,w,15,41.31,25,86.41,128,41.59,0
e2-nio-50,binary,50,bot_37,3360,w,17,20.99,25,99.92,126,26.08,0
e2-nio-50,binary,50,bot_37,3360,w,19,19.64,25,100.82,116,15.18,0
e2-nio-50,binary,50,bot_37,3360,w,21,13.38,25,101.07,120,18.93,0
e2-nio-50,binary,50,bot_37,3360,w,23,12.7,25,100.48,115,14.52,0
e2-nio-50,binary,50,bot_37,3360,w,25,59.54,25,63.23,132,68.77,0
e2-nio-50,binary,50,bot_37,3360,w,27,63.48,25,78.05,128,49.95,0
e2-nio-50,binary,50,bot_37,3360,w,29,43.22,25,109.4,157,47.6,0
e2-nio-50,binary,50,bot_37,3360,w,31,37.68,25,115.23,160,44.77,0
e2-nio-50,binary,50,bot_37,3360,w,33,40.82,25,115.99,150,34.01,0
e2-nio-50,binary,50,bot_37,3360,w,35,35.58,25,110.46,142,31.54,0
e2-nio-50,binary,50,bot_37,3360,w,37,30.74,25,150.99,181,30.01,0
e2-nio-50,binary,50,bot_37,3360,w,39,13.39,25,132.16,147,14.84,0
e2-nio-50,binary,50,bot_37,3360,w,41,16.82,25,144.73,148,3.27,0
e2-nio-50,binary,50,bot_37,3360,w,43,94.05,25,157.93,162,4.07,0
e2-nio-50,binary,50,bot_37,3360,w,45,65.15,25,99.54,180,80.46,0
e2-nio-50,binary,50,bot_37,3360,w,47,79.3,25,90.44,131,40.56,0
e2-nio-50,binary,50,bot_37,3360,w,49,77.82,25,107.14,159,51.86,0
e2-nio-50,binary,50,bot_37,3360,w,51,51.04,25,111,162,51,0
e2-nio-50,binary,50,bot_37,3360,w,53,43.33,25,94.59,136,41.41,0
e2-nio-50,binary,50,bot_37,3360,w,55,24.04,25,91.16,112,20.84,0
e2-nio-50,binary,50,bot_37,3360,w,57,17.28,25,92.08,109,16.92,0
e2-nio-50,binary,50,bot_37,3360,w,59,14.19,25,97.69,98,0.31,0
e2-nio-50,binary,50,bot_38,3360,b,2,6.92,25,76.32,85,8.68,0
e2-nio-50,binary,50,bot_38,3360,b,4,11.09,25,56.19,75,18.81,0
e2-nio-50,binary,50,bot_38,3360,b,6,11.09,25,72.44,85,12.56,0
e2-nio-50,binary,50,bot_38,3360,b,8,6.45,25,54.89,68,13.11,0
e2-nio-50,binary,50,bot_38,3360,b,10,58.04,25,100.29,102,1.71,0
e2-nio-50,binary,50,bot_38,3360,b,12,30.19,25,63.8,90,26.2,0
e2-nio-50,binary,50,bot_38,3360,b,14,41.78,25,84.11,110,25.89,0
e2-nio-50,binary,50,bot_38,3360,b,16,27.4,25,71.1,111,39.9,0
e2-nio-50,binary,50,bot_38,3360,b,18,15.76,25,91.25,111,19.75,0
e2-nio-50,binary,50,bot_38,3360,b,20,20.57,25,97.59,116,18.41,0
e2-nio-50,binary,50,bot_38,3360,b,22,15.73,25,109.18,120,10.82,0
e2-nio-50,binary,50,bot_38,3360,b,24,70.78,25,125.53,137,11.47,0
e2-nio-50,binary,50,bot_38,3360,b,26,50.9,25,69.69,128,58.31,0
e2-nio-50,binary,50,bot_38,3360,b,28,47.8,25,93.43,154,60.57,0
e2-nio-50,binary,50,bot_38,3360,b,30,45.39,25,97.22,137,39.78,0
e2-nio-50,binary,50,bot_38,3360,b,32,35.45,25,118.14,154,35.86,0
e2-nio-50,binary,50,bot_38,3360,b,34,32.89,25,107.3,147,39.7,0
e2-nio-50,binary,50,bot_38,3360,b,36,30.06,25,147.78,181,33.22,0
e2-nio-50,binary,50,bot_38,3360,b,38,30.2,25,161.96,191,29.04,0
e2-nio-50,binary,50,bot_38,3360,b,40,17.79,25,113.1,122,8.9,0
e2-nio-50,binary,50,bot_38,3360,b,42,19.12,25,149.85,161,11.15,0
e2-nio-50,binary,50,bot_38,3360,b,44,94.62,25,88.6,178,89.4,0
e2-nio-50,binary,50,bot_38,3360,b,46,54.81,25,64.53,125,60.47,0
e2-nio-50,binary,50,bot_38,3360,b,48,67.83,25,95.17,170,74.83,0
e2-nio-50,binary,50,bot_38,3360,b,50,65.47,25,117.37,190,72.63,0
e2-nio-50,binary,50,bot_38,3360,b,52,56.5,25,99.16,145,45.84,0
e2-nio-50,binary,50,bot_38,3360,b,54,35.17,25,100.89,140,39.11,0
e2-nio-50,binary,50,bot_38,3360,b,56,32.29,25,86.38,106,19.62,0
e2-nio-50,binary,50,bot_38,3360,b,58,14.31,25,89.89,102,12.11,0
e2-nio-50,binary,50,bot_38,3360,b,60,14.87,25,116.03,125,8.97,0
e2-nio-50,binary,50,bot_39,3361,w,1,13.33,25,77.31,86,8.69,0
e2-nio-50,binary,50,bot_39,3361,w,3,8.19,25,59.29,70,10.71,0
e2-nio-50,binary,50,bot_39,3361,w,5,8.21,25,75.3,84,8.7,0
e2-nio-50,binary,50,bot_39,3361,w,7,3.72,25,57.36,66,8.64,0
e2-nio-50,binary,50,bot_39,3361,w,9,54.17,25,96.34,100,3.66,0
e2-nio-50,binary,50,bot_39,3361,w,11,26.39,25,68.09,87,18.91,0
e2-nio-50,binary,50,bot_39,3361,w,13,37,25,88.82,111,22.18,0
e2-nio-50,binary,50,bot_39,3361,w,15,19.45,25,79.12,111,31.88,0
e2-nio-50,binary,50,bot_39,3361,w,17,12.18,25,94.78,109,14.22,0
e2-nio-50,binary,50,bot_39,3361,w,19,13.95,25,104.28,114,9.72,0
e2-nio-50,binary,50,bot_39,3361,w,21,56.36,25,115.61,121,5.39,0
e2-nio-50,binary,50,bot_39,3361,w,23,54.34,25,87.55,135,47.45,0
e2-nio-50,binary,50,bot_39,3361,w,25,45.21,25,75.86,124,48.14,0
e2-nio-50,binary,50,bot_39,3361,w,27,41.23,25,100.02,156,55.98,0
e2-nio-50,binary,50,bot_39,3361,w,29,32.96,25,109.94,143,33.06,0
e2-nio-50,binary,50,bot_39,3361,w,31,30.4,25,123.14,154,30.86,0
e2-nio-50,binary,50,bot_39,3361,w,33,28.12,25,112.11,145,32.89,0
e2-nio-50,binary,50,bot_39,3361,w,35,21.92,25,155.82,183,27.18,0
e2-nio-50,binary,50,bot_39,3361,w,37,20.71,25,171.62,193,21.38,0
e2-nio-50,binary,50,bot_39,3361,w,39,13.18,25,117.67,123,5.33,0
e2-nio-50,binary,50,bot_39,3361,w,41,92.79,25,160.05,166,5.95,0
e2-nio-50,binary,50,bot_39,3361,w,43,88.08,25,95.23,170,74.77,0
e2-nio-50,binary,50,bot_39,3361,w,45,51.41,25,67.81,120,52.19,0
e2-nio-50,binary,50,bot_39,3361,w,47,66.01,25,96.44,159,62.56,0
e2-nio-50,binary,50,bot_39,3361,w,49,61.14,25,121.55,189,67.45,0
e2-nio-50,binary,50,bot_39,3361,w,51,54,25,101.77,145,43.23,0
e2-nio-50,binary,50,bot_39,3361,w,53,31.63,25,104.08,141,36.92,0
e2-nio-50,binary,50,bot_39,3361,w,55,29.52,25,89.27,106,16.73,0
e2-nio-50,binary,50,bot_39,3361,w,57,12.18,25,91.98,102,10.02,0
e2-nio-50,binary,50,bot_39,3361,w,59,11.79,25,119.17,125,5.83,0
e2-nio-50,binary,50,bot_40,3361,b,2,12.76,25,62.1,61,-1.1,0
e2-nio-50,binary,50,bot_40,3361,b,4,11.61,25,60.83,53,-7.83,0
e2-nio-50,binary,50,bot_40,3361,b,6,12.47,25,74.6,68,-6.6,0
e2-nio-50,binary,50,bot_40,3361,b,8,7.02,25,65.25,53,-12.25,0
e2-nio-50,binary,50,bot_40,3361,b,10,22.8,25,63.62,103,39.38,0
e2-nio-50,binary,50,bot_40,3361,b,12,25.52,25,69.1,80,10.9,0
e2-nio-50,binary,50,bot_40,3361,b,14,35.16,25,92.58,114,21.42,0
e2-nio-50,binary,50,bot_40,3361,b,16,15.57,25,105.11,108,2.89,0
e2-nio-50,binary,50,bot_40,3361,b,18,13.81,25,106.76,102,-4.76,0
e2-nio-50,binary,50,bot_40,3361,b,20,9.09,25,104.69,103,-1.69,0
e2-nio-50,binary,50,bot_40,3361,b,22,50.45,25,71.07,111,39.93,0
e2-nio-50,binary,50,bot_40,3361,b,24,50.48,25,71.22,109,37.78,0
e2-nio-50,binary,50,bot_40,3361,b,26,59.26,25,82.04,111,28.96,0
e2-nio-50,binary,50,bot_40,3361,b,28,36.49,25,116.12,142,25.88,0
e2-nio-50,binary,50,bot_40,3361,b,30,34.69,25,118.2,135,16.8,0
e2-nio-50,binary,50,bot_40,3361,b,32,36.15,25,120.59,135,14.41,0
e2-nio-50,binary,50,bot_40,3361,b,34,30.26,25,115.64,127,11.36,0
e2-nio-50,binary,50,bot_40,3361,b,36,25.59,25,156.36,164,7.64,0
e2-nio-50,binary,50,bot_40,3361,b,38,10.69,25,134.43,139,4.57,0
e2-nio-50,binary,50,bot_40,3361,b,40,12.44,25,148.54,146,-2.54,0
e2-nio-50,binary,50,bot_40,3361,b,42,81.67,25,86.78,163,76.22,0
e2-nio-50,binary,50,bot_40,3361,b,44,61.7,25,102.46,178,75.54,0
e2-nio-50,binary,50,bot_40,3361,b,46,70.21,25,100.41,137,36.59,0
e2-nio-50,binary,50,bot_40,3361,b,48,73.26,25,111.8,162,50.2,0
e2-nio-50,binary,50,bot_40,3361,b,50,48.94,25,113.04,158,44.96,0
e2-nio-50,binary,50,bot_40,3361,b,52,42.62,25,95.62,134,38.38,0
e2-nio-50,binary,50,bot_40,3361,b,54,22.78,25,92.13,107,14.87,0
e2-nio-50,binary,50,bot_40,3361,b,56,15.91,25,93.28,107,13.72,0
e2-nio-50,binary,50,bot_40,3361,b,58,12.53,25,99.54,97,-2.54,0
e2-nio-50,binary,50,bot_40,3361,b,60,57.69,25,108.23,104,-4.23,0
e2-nio-50,binary,50,bot_41,3362,w,1,4.05,25,82.89,80,-2.89,0
e2-nio-50,binary,50,bot_41,3362,w,3,6.41,25,69.9,71,1.1,0
e2-nio-50,binary,50,bot_41,3362,w,5,27.65,25,69.87,70,0.13,0
e2-nio-50,binary,50,bot_41,3362,w,7,5.57,25,59.7,57,-2.7,0
e2-nio-50,binary,50,bot_41,3362,w,9,8.66,25,106.09,107,0.91,0
e2-nio-50,binary,50,bot_41,3362,w,11,35.96,25,76.69,100,23.31,0
e2-nio-50,binary,50,bot_41,3362,w,13,10.91,25,91.07,119,27.93,0
e2-nio-50,binary,50,bot_41,3362,w,15,21.72,25,100.34,115,14.66,0
e2-nio-50,binary,50,bot_41,3362,w,17,20.88,25,95.82,117,21.18,0
e2-nio-50,binary,50,bot_41,3362,w,19,17.76,25,98.42,105,6.58,0
e2-nio-50,binary,50,bot_41,3362,w,21,10.13,25,108.18,119,10.82,0
e2-nio-50,binary,50,bot_41,3362,w,23,47.65,25,131.06,138,6.94,0
e2-nio-50,binary,50,bot_41,3362,w,25,49.52,25,75.58,121,45.42,0
e2-nio-50,binary,50,bot_41,3362,w,27,54.49,25,86.45,139,52.55,0
e2-nio-50,binary,50,bot_41,3362,w,29,47.18,25,114.15,154,39.85,0
e2-nio-50,binary,50,bot_41,3362,w,31,40.32,25,102.69,149,46.31,0
e2-nio-50,binary,50,bot_41,3362,w,33,29.15,25,109.91,145,35.09,0
e2-nio-50,binary,50,bot_41,3362,w,35,29.05,25,141.4,179,37.6,0
e2-nio-50,binary,50,bot_41,3362,w,37,23.71,25,149.83,185,35.17,0
e2-nio-50,binary,50,bot_41,3362,w,39,20.86,25,126.33,141,14.67,0
e2-nio-50,binary,50,bot_41,3362,w,41,12.92,25,164.06,180,15.94,0
e2-nio-50,binary,50,bot_41,3362,w,43,15.94,25,167.18,179,11.82,0
e2-nio-50,binary,50,bot_41,3362,w,45,62.02,25,78.26,127,48.74,0
e2-nio-50,binary,50,bot_41,3362,w,47,58.94,25,112.98,160,47.02,0
e2-nio-50,binary,50,bot_41,3362,w,49,49.24,25,117.34,182,64.66,0
e2-nio-50,binary,50,bot_41,3362,w,51,29.23,25,111.63,155,43.37,0
e2-nio-50,binary,50,bot_41,3362,w,53,30.44,25,100.68,126,25.32,0
e2-nio-50,binary,50,bot_41,3362,w,55,25.85,25,95.55,115,19.45,0
e2-nio-50,binary,50,bot_41,3362,w,57,14.44,25,87.86,104,16.14,0
e2-nio-50,binary,50,bot_41,3362,w,59,14.21,25,109.44,122,12.56,0
e2-nio-50,binary,50,bot_42,3362,b,2,5.86,25,71.49,74,2.51,0
e2-nio-50,binary,50,bot_42,3362,b,4,5.95,25,78.22,84,5.78,0
e2-nio-50,binary,50,bot_42,3362,b,6,2.46,25,53.26,79,25.74,0
e2-nio-50,binary,50,bot_42,3362,b,8,5.14,25,72.55,76,3.45,0
e2-nio-50,binary,50,bot_42,3362,b,10,29.85,25,88.75,97,8.25,0
e2-nio-50,binary,50,bot_42,3362,b,12,33.34,25,62.61,99,36.39,0
e2-nio-50,binary,50,bot_42,3362,b,14,21.05,25,115,125,10,0
e2-nio-50,binary,50,bot_42,3362,b,16,25.74,25,94.26,114,19.74,0
e2-nio-50,binary,50,bot_42,3362,b,18,12.44,25,97.97,117,19.03,0
e2-nio-50,binary,50,bot_42,3362,b,20,16.16,25,96.74,113,16.26,0
e2-nio-50,binary,50,bot_42,3362,b,22,12.15,25,111.35,120,8.65,0
e2-nio-50,binary,50,bot_42,3362,b,24,50.29,25,83.59,128,44.41,0
e2-nio-50,binary,50,bot_42,3362,b,26,58.23,25,99.81,148,48.19,0
e2-nio-50,binary,50,bot_42,3362,b,28,45.84,25,100.74,154,53.26,0
e2-nio-50,binary,50,bot_42,3362,b,30,50.39,25,97.19,142,44.81,0
e2-nio-50,binary,50,bot_42,3362,b,32,40.17,25,120.51,160,39.49,0
e2-nio-50,binary,50,bot_42,3362,b,34,42.38,25,121.73,149,27.27,0
e2-nio-50,binary,50,bot_42,3362,b,36,38.74,25,160.48,187,26.52,0
e2-nio-50,binary,50,bot_42,3362,b,38,21.56,25,106.52,124,17.48,0
e2-nio-50,binary,50,bot_42,3362,b,40,23.29,25,134.02,150,15.98,0
e2-nio-50,binary,50,bot_42,3362,b,42,19.44,25,152.8,161,8.2,0
e2-nio-50,binary,50,bot_42,3362,b,44,55.29,25,152.38,164,11.62,0
e2-nio-50,binary,50,bot_42,3362,b,46,54.32,25,113.78,171,57.22,0
e2-nio-50,binary,50,bot_42,3362,b,48,70.49,25,122.55,177,54.45,0
e2-nio-50,binary,50,bot_42,3362,b,50,50.26,25,116.25,162,45.75,0
e2-nio-50,binary,50,bot_42,3362,b,52,32.15,25,108.99,133,24.01,0
e2-nio-50,binary,50,bot_42,3362,b,54,26.81,25,80.56,107,26.44,0
e2-nio-50,binary,50,bot_42,3362,b,56,23.35,25,85.14,106,20.86,0
e2-nio-50,binary,50,bot_42,3362,b,58,19.81,25,109.57,119,9.43,0
e2-nio-50,binary,50,bot_42,3362,b,60,53.55,25,100.05,110,9.95,0
e2-nio-50,binary,50,bot_43,3363,w,1,4.82,25,73.45,65,-8.45,0
e2-nio-50,binary,50,bot_43,3363,w,3,4.97,25,79.49,75,-4.49,0
e2-nio-50,binary,50,bot_43,3363,w,5,12.22,25,54.32,66,11.68,0
e2-nio-50,binary,50,bot_43,3363,w,7,41.8,25,67.67,70,2.33,0
e2-nio-50,binary,50,bot_43,3363,w,9,27.7,25,70.06,79,8.94,0
e2-nio-50,binary,50,bot_43,3363,w,11,28.18,25,68.16,90,21.84,0
e2-nio-50,binary,50,bot_43,3363,w,13,16.77,25,119.69,117,-2.69,0
e2-nio-50,binary,50,bot_43,3363,w,15,22.22,25,97.56,105,7.44,0
e2-nio-50,binary,50,bot_43,3363,w,17,8,25,102.14,107,4.86,0
e2-nio-50,binary,50,bot_43,3363,w,19,64.49,25,103.21,105,1.79,0
e2-nio-50,binary,50,bot_43,3363,w,21,55.25,25,80.46,118,37.54,0
e2-nio-50,binary,50,bot_43,3363,w,23,44.03,25,89.15,113,23.85,0
e2-nio-50,binary,50,bot_43,3363,w,25,45.26,25,112.41,145,32.59,0
e2-nio-50,binary,50,bot_43,3363,w,27,33.86,25,112.66,146,33.34,0
e2-nio-50,binary,50,bot_43,3363,w,29,38.88,25,108.34,131,22.66,0
e2-nio-50,binary,50,bot_43,3363,w,31,30.22,25,129.91,148,18.09,0
e2-nio-50,binary,50,bot_43,3363,w,33,23.53,25,141.49,146,4.51,0
e2-nio-50,binary,50,bot_43,3363,w,35,18.21,25,180.22,187,6.78,0
e2-nio-50,binary,50,bot_43,3363,w,37,19.41,25,108.6,110,1.4,0
e2-nio-50,binary,50,bot_43,3363,w,39,20.35,25,137.04,142,4.96,0
e2-nio-50,binary,50,bot_43,3363,w,41,16.17,25,156.15,156,-0.15,0
e2-nio-50,binary,50,bot_43,3363,w,43,46.43,25,88.39,162,73.61,0
e2-nio-50,binary,50,bot_43,3363,w,45,50.47,25,117.77,165,47.23,0
e2-nio-50,binary,50,bot_43,3363,w,47,65.86,25,127.19,171,43.81,0
e2-nio-50,binary,50,bot_43,3363,w,49,45.67,25,120.76,154,33.24,0
e2-nio-50,binary,50,bot_43,3363,w,51,30.4,25,110.64,127,16.36,0
e2-nio-50,binary,50,bot_43,3363,w,53,25.87,25,81.49,97,15.51,0
e2-nio-50,binary,50,bot_43,3363,w,55,21.93,25,86.58,96,9.42,0
e2-nio-50,binary,50,bot_43,3363,w,57,17.91,25,111.41,110,-1.41,0
e2-nio-50,binary,50,bot_43,3363,w,59,52.29,25,101.3,100,-1.3,0
e2-nio-50,binary,50,bot_44,3363,b,2,6,25,69.41,65,-4.41,0
e2-nio-50,binary,50,bot_44,3363,b,4,23.9,25,56.27,68,11.73,0
e2-nio-50,binary,50,bot_44,3363,b,6,15.62,25,51.27,55,3.73,0
e2-nio-50,binary,50,bot_44,3363,b,8,19.56,25,72.41,105,32.59,0
e2-nio-50,binary,50,bot_44,3363,b,10,32.69,25,79.66,96,16.34,0
e2-nio-50,binary,50,bot_44,3363,b,12,7.86,25,93.11,112,18.89,0
e2-nio-50,binary,50,bot_44,3363,b,14,17.5,25,104.86,111,6.14,0
e2-nio-50,binary,50,bot_44,3363,b,16,15.78,25,100.8,113,12.2,0
e2-nio-50,binary,50,bot_44,3363,b,18,13.33,25,103.28,102,-1.28,0
e2-nio-50,binary,50,bot_44,3363,b,20,48.93,25,64.92,120,55.08,0
e2-nio-50,binary,50,bot_44,3363,b,22,34.74,25,83.35,128,44.65,0
e2-nio-50,binary,50,bot_44,3363,b,24,44.42,25,80.25,115,34.75,0
e2-nio-50,binary,50,bot_44,3363,b,26,43.79,25,97.85,133,35.15,0
e2-nio-50,binary,50,bot_44,3363,b,28,32.85,25,128.4,153,24.6,0
e2-nio-50,binary,50,bot_44,3363,b,30,30.68,25,113.24,142,28.76,0
e2-nio-50,binary,50,bot_44,3363,b,32,14.86,25,124.08,144,19.92,0
e2-nio-50,binary,50,bot_44,3363,b,34,18.96,25,152.53,166,13.47,0
e2-nio-50,binary,50,bot_44,3363,b,36,12.05,25,159.37,168,8.63,0
e2-nio-50,binary,50,bot_44,3363,b,38,17.26,25,129.98,138,8.02,0
e2-nio-50,binary,50,bot_44,3363,b,40,10.74,25,166.05,175,8.95,0
e2-nio-50,binary,50,bot_44,3363,b,42,85.59,25,170.44,176,5.56,0
e2-nio-50,binary,50,bot_44,3363,b,44,58.63,25,81.7,117,35.3,0
e2-nio-50,binary,50,bot_44,3363,b,46,55.33,25,116.5,155,38.5,0
e2-nio-50,binary,50,bot_44,3363,b,48,45.84,25,120.88,176,55.12,0
e2-nio-50,binary,50,bot_44,3363,b,50,28.97,25,112.01,146,33.99,0
e2-nio-50,binary,50,bot_44,3363,b,52,26.71,25,104.3,124,19.7,0
e2-nio-50,binary,50,bot_44,3363,b,54,21.7,25,99.77,114,14.23,0
e2-nio-50,binary,50,bot_44,3363,b,56,11.07,25,91.36,103,11.64,0
e2-nio-50,binary,50,bot_44,3363,b,58,11.13,25,112.47,121,8.53,0
e2-nio-50,binary,50,bot_44,3363,b,60,45.39,25,58.8,101,42.2,0
e2-nio-50,binary,50,bot_45,3364,w,1,18.1,25,71.04,74,2.96,0
e2-nio-50,binary,50,bot_45,3364,w,3,23.33,25,56.5,71,14.5,0
e2-nio-50,binary,50,bot_45,3364,w,5,14.28,25,52.59,64,11.41,0
e2-nio-50,binary,50,bot_45,3364,w,7,18.07,25,73.86,111,37.14,0
e2-nio-50,binary,50,bot_45,3364,w,9,31.18,25,81.1,107,25.9,0
e2-nio-50,binary,50,bot_45,3364,w,11,5.85,25,94.93,120,25.07,0
e2-nio-50,binary,50,bot_45,3364,w,13,15.72,25,106.59,121,14.41,0
e2-nio-50,binary,50,bot_45,3364,w,15,12.13,25,104.43,122,17.57,0
e2-nio-50,binary,50,bot_45,3364,w,17,55.03,25,107.14,113,5.86,0
e2-nio-50,binary,50,bot_45,3364,w,19,46.27,25,67.39,119,51.61,0
e2-nio-50,binary,50,bot_45,3364,w,21,33.09,25,85.12,136,50.88,0
e2-nio-50,binary,50,bot_45,3364,w,23,42.03,25,82.73,124,41.27,0
e2-nio-50,binary,50,bot_45,3364,w,25,40.46,25,101.34,140,38.66,0
e2-nio-50,binary,50,bot_45,3364,w,27,27.24,25,133.99,163,29.01,0
e2-nio-50,binary,50,bot_45,3364,w,29,25.51,25,118.6,151,32.4,0
e2-nio-50,binary,50,bot_45,3364,w,31,11.97,25,126.92,152,25.08,0
e2-nio-50,binary,50,bot_45,3364,w,33,14.78,25,156.69,174,17.31,0
e2-nio-50,binary,50,bot_45,3364,w,35,48.08,25,99.6,183,83.4,0
e2-nio-50,binary,50,bot_45,3364,w,37,61.11,25,100.9,147,46.1,0
e2-nio-50,binary,50,bot_45,3364,w,39,59.14,25,108.07,163,54.93,0
e2-nio-50,binary,50,bot_45,3364,w,41,55.48,25,134.63,175,40.38,0
e2-nio-50,binary,50,bot_45,3364,w,43,37.53,25,102.5,122,19.5,0
e2-nio-50,binary,50,bot_45,3364,w,45,35.85,25,135.75,167,31.25,0
e2-nio-50,binary,50,bot_45,3364,w,47,26.26,25,140.21,176,35.79,0
e2-nio-50,binary,50,bot_45,3364,w,49,16.43,25,125.66,142,16.34,0
e2-nio-50,binary,50,bot_45,3364,w,51,53.77,25,125.25,128,2.75,0
e2-nio-50,binary,50,bot_45,3364,w,53,41.01,25,69.69,118,48.31,0
e2-nio-50,binary,50,bot_45,3364,w,55,38.32,25,72.62,102,29.38,0
e2-nio-50,binary,50,bot_45,3364,w,57,24.97,25,90.81,120,29.19,0
e2-nio-50,binary,50,bot_45,3364,w,59,24.14,25,79.74,96,16.26,0
e2-nio-50,binary,50,bot_46,3364,b,2,17.05,25,71.66,79,7.34,0
e2-nio-50,binary,50,bot_46,3364,b,4,10.96,25,55.29,65,9.71,0
e2-nio-50,binary,50,bot_46,3364,b,6,38.84,25,70.88,71,0.12,0
e2-nio-50,binary,50,bot_46,3364,b,8,26.66,25,71.2,77,5.8,0
e2-nio-50,binary,50,bot_46,3364,b,10,26.02,25,70.59,89,18.41,0
e2-nio-50,binary,50,bot_46,3364,b,12,15.26,25,121.5,114,-7.5,0
e2-nio-50,binary,50,bot_46,3364,b,14,20.27,25,99.6,104,4.4,0
e2-nio-50,binary,50,bot_46,3364,b,16,6.6,25,103.25,102,-1.25,0
e2-nio-50,binary,50,bot_46,3364,b,18,52.65,25,70.17,112,41.83,0
e2-nio-50,binary,50,bot_46,3364,b,20,51.93,25,83.62,117,33.38,0
e2-nio-50,binary,50,bot_46,3364,b,22,41.3,25,91.29,113,21.71,0
e2-nio-50,binary,50,bot_46,3364,b,24,39.75,25,117.79,147,29.21,0
e2-nio-50,binary,50,bot_46,3364,b,26,30.5,25,115.77,143,27.23,0
e2-nio-50,binary,50,bot_46,3364,b,28,33.92,25,113.59,129,15.41,0
e2-nio-50,binary,50,bot_46,3364,b,30,26.22,25,133.39,146,12.61,0
e2-nio-50,binary,50,bot_46,3364,b,32,18.31,25,147.18,147,-0.18,0
e2-nio-50,binary,50,bot_46,3364,b,34,88.17,25,186.43,188,1.57,0
e2-nio-50,binary,50,bot_46,3364,b,36,51.86,25,78.18,112,33.82,0
e2-nio-50,binary,50,bot_46,3364,b,38,61.21,25,106.13,153,46.87,0
e2-nio-50,binary,50,bot_46,3364,b,40,46.45,25,124.54,170,45.46,0
e2-nio-50,binary,50,bot_46,3364,b,42,24.69,25,109.19,151,41.81,0
e2-nio-50,binary,50,bot_46,3364,b,44,35.38,25,134.47,159,24.53,0
e2-nio-50,binary,50,bot_46,3364,b,46,39.34,25,154.1,175,20.9,0
e2-nio-50,binary,50,bot_46,3364,b,48,20.75,25,144.86,156,11.14,0
e2-nio-50,binary,50,bot_46,3364,b,50,9.34,25,130.12,133,2.88,0
e2-nio-50,binary,50,bot_46,3364,b,52,54.13,25,61.31,103,41.69,0
e2-nio-50,binary,50,bot_46,3364,b,54,33.84,25,72.56,100,27.44,0
e2-nio-50,binary,50,bot_46,3364,b,56,34.26,25,96.38,121,24.62,0
e2-nio-50,binary,50,bot_46,3364,b,58,21.44,25,88.01,99,10.99,0
e2-nio-50,binary,50,bot_46,3364,b,60,24.62,25,89.44,100,10.56,0
e2-nio-50,binary,50,bot_47,3365,w,1,3.73,25,66.11,61,-5.11,0
e2-nio-50,binary,50,bot_47,3365,w,3,6.8,25,80.76,79,-1.76,0
e2-nio-50,binary,50,bot_47,3365,w,5,19.2,25,65.9,63,-2.9,0
e2-nio-50,binary,50,bot_47,3365,w,7,17.13,25,69.31,114,44.69,0
e2-nio-50,binary,50,bot_47,3365,w,9,18.87,25,75.91,92,16.09,0
e2-nio-50,binary,50,bot_47,3365,w,11,26.16,25,101.56,124,22.44,0
e2-nio-50,binary,50,bot_47,3365,w,13,63.15,25,113.27,117,3.73,0
e2-nio-50,binary,50,bot_47,3365,w,15,33.26,25,86.4,116,29.6,0
e2-nio-50,binary,50,bot_47,3365,w,17,44.27,25,68.98,113,44.02,0
e2-nio-50,binary,50,bot_47,3365,w,19,38.79,25,82.69,117,34.31,0
e2-nio-50,binary,50,bot_47,3365,w,21,42.36,25,78.65,117,38.35,0
e2-nio-50,binary,50,bot_47,3365,w,23,46.63,25,94.76,129,34.24,0
e2-nio-50,binary,50,bot_47,3365,w,25,23.82,25,128.39,154,25.61,0
e2-nio-50,binary,50,bot_47,3365,w,27,29.83,25,122.88,139,16.12,0
e2-nio-50,binary,50,bot_47,3365,w,29,27.59,25,128.74,148,19.26,0
e2-nio-50,binary,50,bot_47,3365,w,31,21.48,25,124.12,136,11.88,0
e2-nio-50,binary,50,bot_47,3365,w,33,15.91,25,166.53,175,8.47,0
e2-nio-50,binary,50,bot_47,3365,w,35,63.03,25,69.26,147,77.74,0
e2-nio-50,binary,50,bot_47,3365,w,37,69.12,25,85,152,67,0
e2-nio-50,binary,50,bot_47,3365,w,39,71.61,25,96.66,159,62.34,0
e2-nio-50,binary,50,bot_47,3365,w,41,50.82,25,112.52,177,64.48,0
e2-nio-50,binary,50,bot_47,3365,w,43,62.79,25,108.03,145,36.97,0
e2-nio-50,binary,50,bot_47,3365,w,45,64.38,25,120.25,167,46.75,0
e2-nio-50,binary,50,bot_47,3365,w,47,41.84,25,120.3,163,42.7,0
e2-nio-50,binary,50,bot_47,3365,w,49,37.99,25,99.8,140,40.2,0
e2-nio-50,binary,50,bot_47,3365,w,51,19.63,25,95.25,117,21.75,0
e2-nio-50,binary,50,bot_47,3365,w,53,11.98,25,97.4,114,16.6,0
e2-nio-50,binary,50,bot_47,3365,w,55,70.66,25,105.3,108,2.7,0
e2-nio-50,binary,50,bot_47,3365,w,57,45.48,25,64.6,110,45.4,0
e2-nio-50,binary,50,bot_47,3365,w,59,43.98,25,67.48,100,32.52,0
e2-nio-50,binary,50,bot_48,3365,b,2,4.55,25,78.14,80,1.86,0
e2-nio-50,binary,50,bot_48,3365,b,4,2.32,25,62.73,67,4.27,0
e2-nio-50,binary,50,bot_48,3365,b,6,50.29,25,82.44,99,16.56,0
e2-nio-50,binary,50,bot_48,3365,b,8,22.74,25,72.52,86,13.48,0
e2-nio-50,binary,50,bot_48,3365,b,10,28.63,25,96.94,114,17.06,0
e2-nio-50,binary,50,bot_48,3365,b,12,10.24,25,88.66,112,23.34,0
e2-nio-50,binary,50,bot_48,3365,b,14,35.25,25,53.65,114,60.35,0
e2-nio-50,binary,50,bot_48,3365,b,16,52.03,25,82.83,113,30.17,0
e2-nio-50,binary,50,bot_48,3365,b,18,39.85,25,79.77,121,41.23,0
e2-nio-50,binary,50,bot_48,3365,b,20,45.24,25,96.8,133,36.2,0
e2-nio-50,binary,50,bot_48,3365,b,22,41.53,25,79.97,120,40.03,0
e2-nio-50,binary,50,bot_48,3365,b,24,31.56,25,109.62,154,44.38,0
e2-nio-50,binary,50,bot_48,3365,b,26,22.74,25,120.69,141,20.31,0
e2-nio-50,binary,50,bot_48,3365,b,28,24.5,25,129.49,157,27.51,0
e2-nio-50,binary,50,bot_48,3365,b,30,17.68,25,123.02,148,24.98,0
e2-nio-50,binary,50,bot_48,3365,b,32,14.3,25,162.61,182,19.39,0
e2-nio-50,binary,50,bot_48,3365,b,34,85.71,25,183.16,196,12.84,0
e2-nio-50,binary,50,bot_48,3365,b,36,74.05,25,73.05,133,59.95,0
e2-nio-50,binary,50,bot_48,3365,b,38,69.96,25,110.61,176,65.39,0
e2-nio-50,binary,50,bot_48,3365,b,40,72.35,25,111.26,179,67.74,0
e2-nio-50,binary,50,bot_48,3365,b,42,42.87,25,76.61,123,46.39,0
e2-nio-50,binary,50,bot_48,3365,b,44,53.77,25,108.58,168,59.42,0
e2-nio-50,binary,50,bot_48,3365,b,46,49.8,25,132.97,194,61.03,0
e2-nio-50,binary,50,bot_48,3365,b,48,48.06,25,107.98,147,39.02,0
e2-nio-50,binary,50,bot_48,3365,b,50,28.4,25,107.36,142,34.64,0
e2-nio-50,binary,50,bot_48,3365,b,52,23.76,25,94.91,110,15.09,0
e2-nio-50,binary,50,bot_48,3365,b,54,8.53,25,95.28,103,7.72,0
e2-nio-50,binary,50,bot_48,3365,b,56,52.46,25,71.35,138,66.65,0
e2-nio-50,binary,50,bot_48,3365,b,58,39.91,25,63.04,105,41.96,0
e2-nio-50,binary,50,bot_48,3365,b,60,37.61,25,76.71,117,40.29,0
e2-nio-50,binary,50,bot_49,3366,w,1,3.54,25,79.38,73,-6.38,0
e2-nio-50,binary,50,bot_49,3366,w,3,15.86,25,63.85,61,-2.85,0
e2-nio-50,binary,50,bot_49,3366,w,5,48.87,25,83.5,91,7.5,0
e2-nio-50,binary,50,bot_49,3366,w,7,21.29,25,74.09,81,6.91,0
e2-nio-50,binary,50,bot_49,3366,w,9,26.09,25,99.47,107,7.53,0
e2-nio-50,binary,50,bot_49,3366,w,11,64.35,25,91.27,105,13.73,0
e2-nio-50,binary,50,bot_49,3366,w,13,33.18,25,55.78,98,42.22,0
e2-nio-50,binary,50,bot_49,3366,w,15,49.75,25,85.18,107,21.82,0
e2-nio-50,binary,50,bot_49,3366,w,17,37.24,25,82.27,113,30.73,0
e2-nio-50,binary,50,bot_49,3366,w,19,43.61,25,98.38,125,26.62,0
e2-nio-50,binary,50,bot_49,3366,w,21,38.84,25,82.69,114,31.31,0
e2-nio-50,binary,50,bot_49,3366,w,23,29.52,25,111.59,145,33.41,0
e2-nio-50,binary,50,bot_49,3366,w,25,21.32,25,122.15,133,10.85,0
e2-nio-50,binary,50,bot_49,3366,w,27,21.95,25,132.01,151,18.99,0
e2-nio-50,binary,50,bot_49,3366,w,29,14.57,25,125.96,140,14.04,0
e2-nio-50,binary,50,bot_49,3366,w,31,10.98,25,165.65,171,5.35,0
e2-nio-50,binary,50,bot_49,3366,w,33,76.33,25,96.32,192,95.68,0
e2-nio-50,binary,50,bot_49,3366,w,35,70.38,25,76.69,128,51.31,0
e2-nio-50,binary,50,bot_49,3366,w,37,68,25,112.53,170,57.47,0
e2-nio-50,binary,50,bot_49,3366,w,39,69.32,25,114.27,174,59.73,0
e2-nio-50,binary,50,bot_49,3366,w,41,41.03,25,78.47,118,39.53,0
e2-nio-50,binary,50,bot_49,3366,w,43,50.38,25,112.15,164,51.85,0
e2-nio-50,binary,50,bot_49,3366,w,45,43.92,25,138.89,192,53.11,0
e2-nio-50,binary,50,bot_49,3366,w,47,45.04,25,111.1,140,28.9,0
e2-nio-50,binary,50,bot_49,3366,w,49,22.73,25,112.89,140,27.11,0
e2-nio-50,binary,50,bot_49,3366,w,51,18.03,25,100.58,109,8.42,0
e2-nio-50,binary,50,bot_49,3366,w,53,35.97,25,98.44,99,0.56,0
e2-nio-50,binary,50,bot_49,3366,w,55,51.94,25,71.75,124,52.25,0
e2-nio-50,binary,50,bot_49,3366,w,57,36.78,25,66.05,100,33.95,0
e2-nio-50,binary,50,bot_49,3366,w,59,33.27,25,81.15,114,32.85,0
e2-nio-50,binary,50,bot_50,3366,b,2,5.83,25,81.62,77,-4.62,0
e2-nio-50,binary,50,bot_50,3366,b,4,16.7,25,54.42,62,7.58,0
e2-nio-50,binary,50,bot_50,3366,b,6,16.12,25,70.28,110,39.72,0
e2-nio-50,binary,50,bot_50,3366,b,8,16.53,25,78.22,90,11.78,0
e2-nio-50,binary,50,bot_50,3366,b,10,23.35,25,104.46,123,18.54,0
e2-nio-50,binary,50,bot_50,3366,b,12,52.23,25,67.6,122,54.4,0
e2-nio-50,binary,50,bot_50,3366,b,14,29.87,25,89.24,113,23.76,0
e2-nio-50,binary,50,bot_50,3366,b,16,41.44,25,71.83,112,40.17,0
e2-nio-50,binary,50,bot_50,3366,b,18,34.99,25,86.67,115,28.33,0
e2-nio-50,binary,50,bot_50,3366,b,20,40.08,25,80.78,115,34.22,0
e2-nio-50,binary,50,bot_50,3366,b,22,42.75,25,98.69,129,30.31,0
e2-nio-50,binary,50,bot_50,3366,b,24,21.29,25,130.85,152,21.15,0
e2-nio-50,binary,50,bot_50,3366,b,26,28.01,25,124.76,138,13.24,0
e2-nio-50,binary,50,bot_50,3366,b,28,23.42,25,133.08,147,13.92,0
e2-nio-50,binary,50,bot_50,3366,b,30,15.97,25,129.98,135,5.02,0
e2-nio-50,binary,50,bot_50,3366,b,32,106.08,25,173,175,2,0
e2-nio-50,binary,50,bot_50,3366,b,34,60.33,25,71.62,139,67.38,0
e2-nio-50,binary,50,bot_50,3366,b,36,67.74,25,86.52,148,61.48,0
e2-nio-50,binary,50,bot_50,3366,b,38,68.63,25,99.84,159,59.16,0
e2-nio-50,binary,50,bot_50,3366,b,40,48.65,25,114.41,175,60.59,0
e2-nio-50,binary,50,bot_50,3366,b,42,61.07,25,109.94,143,33.06,0
e2-nio-50,binary,50,bot_50,3366,b,44,62.19,25,121.8,162,40.2,0
e2-nio-50,binary,50,bot_50,3366,b,46,37.97,25,124.26,159,34.74,0
e2-nio-50,binary,50,bot_50,3366,b,48,35.46,25,102.52,138,35.48,0
e2-nio-50,binary,50,bot_50,3366,b,50,17.89,25,96.9,110,13.1,0
e2-nio-50,binary,50,bot_50,3366,b,52,10.39,25,99.18,109,9.82,0
e2-nio-50,binary,50,bot_50,3366,b,54,62.39,25,83.21,111,27.79,0
e2-nio-50,binary,50,bot_50,3366,b,56,43.24,25,66.91,110,43.09,0
e2-nio-50,binary,50,bot_50,3366,b,58,41.9,25,69.57,97,27.43,0
e2-nio-50,binary,50,bot_50,3366,b,60,28.66,25,72.24,97,24.76,0
e2-nio-50,binary,50,bot_51,3367,w,1,17.39,25,69.18,84,14.82,0
e2-nio-50,binary,50,bot_51,3367,w,3,6.07,25,57.94,65,7.06,0
e2-nio-50,binary,50,bot_51,3367,w,5,30.75,25,55.76,120,64.24,0
e2-nio-50,binary,50,bot_51,3367,w,7,30.28,25,64.29,94,29.71,0
e2-nio-50,binary,50,bot_51,3367,w,9,43.64,25,84,127,43,0
e2-nio-50,binary,50,bot_51,3367,w,11,22.35,25,98.74,128,29.26,0
e2-nio-50,binary,50,bot_51,3367,w,13,20.48,25,99.93,118,18.07,0
e2-nio-50,binary,50,bot_51,3367,w,15,15.8,25,98.84,121,22.16,0
e2-nio-50,binary,50,bot_51,3367,w,17,14.86,25,98.29,116,17.71,0
e2-nio-50,binary,50,bot_51,3367,w,19,75.43,25,107.61,119,11.39,0
e2-nio-50,binary,50,bot_51,3367,w,21,65.77,25,75.83,127,51.17,0
e2-nio-50,binary,50,bot_51,3367,w,23,47.19,25,105.32,155,49.68,0
e2-nio-50,binary,50,bot_51,3367,w,25,41.04,25,111.8,159,47.2,0
e2-nio-50,binary,50,bot_51,3367,w,27,43.83,25,113,150,37,0
e2-nio-50,binary,50,bot_51,3367,w,29,40.04,25,106.04,138,31.96,0
e2-nio-50,binary,50,bot_51,3367,w,31,33.36,25,148.26,181,32.74,0
e2-nio-50,binary,50,bot_51,3367,w,33,16.43,25,129.3,154,24.7,0
e2-nio-50,binary,50,bot_51,3367,w,35,20.54,25,141.03,157,15.97,0
e2-nio-50,binary,50,bot_51,3367,w,37,13.07,25,154.54,171,16.46,0
e2-nio-50,binary,50,bot_51,3367,w,39,69.19,25,95.7,197,101.3,0
e2-nio-50,binary,50,bot_51,3367,w,41,81.99,25,87.6,140,52.4,0
e2-nio-50,binary,50,bot_51,3367,w,43,80.65,25,104.34,169,64.66,0
e2-nio-50,binary,50,bot_51,3367,w,45,55.48,25,106.13,170,63.87,0
e2-nio-50,binary,50,bot_51,3367,w,47,44.94,25,93.09,144,50.91,0
e2-nio-50,binary,50,bot_51,3367,w,49,25.3,25,90.11,121,30.89,0
e2-nio-50,binary,50,bot_51,3367,w,51,18.87,25,90.69,119,28.31,0
e2-nio-50,binary,50,bot_51,3367,w,53,16.7,25,95.04,107,11.96,0
e2-nio-50,binary,50,bot_51,3367,w,55,8.38,25,106.89,118,11.11,0
e2-nio-50,binary,50,bot_51,3367,w,57,51.44,25,60.52,108,47.48,0
e2-nio-50,binary,50,bot_51,3367,w,59,33.57,25,67.56,106,38.44,0
e2-nio-50,binary,50,bot_52,3367,b,2,7.46,25,54.05,60,5.95,0
e2-nio-50,binary,50,bot_52,3367,b,4,66.21,25,92.38,89,-3.38,0
e2-nio-50,binary,50,bot_52,3367,b,6,31.79,25,62.1,83,20.9,0
e2-nio-50,binary,50,bot_52,3367,b,8,43.26,25,82.85,104,21.15,0
e2-nio-50,binary,50,bot_52,3367,b,10,29.43,25,68.76,103,34.24,0
e2-nio-50,binary,50,bot_52,3367,b,12,17.18,25,89.86,102,12.14,0
e2-nio-50,binary,50,bot_52,3367,b,14,23.72,25,94.37,106,11.63,0
e2-nio-50,binary,50,bot_52,3367,b,16,18.74,25,105.94,112,6.06,0
e2-nio-50,binary,50,bot_52,3367,b,18,13.1,25,122.7,128,5.3,0
e2-nio-50,binary,50,bot_52,3367,b,20,52.81,25,67.89,134,66.11,0
e2-nio-50,binary,50,bot_52,3367,b,22,49.39,25,91.95,147,55.05,0
e2-nio-50,binary,50,bot_52,3367,b,24,49.07,25,93.58,130,36.42,0
e2-nio-50,binary,50,bot_52,3367,b,26,38.56,25,115.09,146,30.91,0
e2-nio-50,binary,50,bot_52,3367,b,28,34.76,25,105.5,139,33.5,0
e2-nio-50,binary,50,bot_52,3367,b,30,33.43,25,144.5,175,30.5,0
e2-nio-50,binary,50,bot_52,3367,b,32,30.5,25,161.88,185,23.12,0
e2-nio-50,binary,50,bot_52,3367,b,34,20.63,25,110.29,116,5.71,0
e2-nio-50,binary,50,bot_52,3367,b,36,22.02,25,146.78,156,9.22,0
e2-nio-50,binary,50,bot_52,3367,b,38,106.74,25,160.87,163,2.13,0
e2-nio-50,binary,50,bot_52,3367,b,40,56.46,25,62.98,122,59.02,0
e2-nio-50,binary,50,bot_52,3367,b,42,70.85,25,92.33,164,71.67,0
e2-nio-50,binary,50,bot_52,3367,b,44,68.17,25,114.75,186,71.25,0
e2-nio-50,binary,50,bot_52,3367,b,46,56.42,25,99.55,145,45.45,0
e2-nio-50,binary,50,bot_52,3367,b,48,37.04,25,98.99,133,34.01,0
e2-nio-50,binary,50,bot_52,3367,b,50,33.52,25,84.96,100,15.04,0
e2-nio-50,binary,50,bot_52,3367,b,52,15.6,25,88.75,97,8.25,0
e2-nio-50,binary,50,bot_52,3367,b,54,17.13,25,113.78,120,6.22,0
e2-nio-50,binary,50,bot_52,3367,b,56,53.01,25,102,100,-2,0
e2-nio-50,binary,50,bot_52,3367,b,58,44.38,25,69.72,111,41.28,0
e2-nio-50,binary,50,bot_52,3367,b,60,24.18,25,80.42,104,23.58,0
e2-nio-50,binary,50,bot_53,3368,w,1,14.36,25,53.9,68,14.1,0
e2-nio-50,binary,50,bot_53,3368,w,3,47.96,25,84.25,99,14.75,0
e2-nio-50,binary,50,bot_53,3368,w,5,19.87,25,75.71,89,13.29,0
e2-nio-50,binary,50,bot_53,3368,w,7,23.25,25,102.29,117,14.71,0
e2-nio-50,binary,50,bot_53,3368,w,9,55.31,25,100.3,120,19.7,0
e2-nio-50,binary,50,bot_53,3368,w,11,31.16,25,57.83,106,48.17,0
e2-nio-50,binary,50,bot_53,3368,w,13,49.63,25,85.39,112,26.61,0
e2-nio-50,binary,50,bot_53,3368,w,15,34.79,25,84.78,125,40.22,0
e2-nio-50,binary,50,bot_53,3368,w,17,42.62,25,99.35,133,33.65,0
e2-nio-50,binary,50,bot_53,3368,w,19,36.98,25,84.66,125,40.34,0
e2-nio-50,binary,50,bot_53,3368,w,21,27.76,25,113.28,154,40.72,0
e2-nio-50,binary,50,bot_53,3368,w,23,19.99,25,123.59,143,19.41,0
e2-nio-50,binary,50,bot_53,3368,w,25,19.39,25,134.6,160,25.4,0
e2-nio-50,binary,50,bot_53,3368,w,27,12.16,25,128.35,149,20.65,0
e2-nio-50,binary,50,bot_53,3368,w,29,88.36,25,167.87,180,12.13,0
e2-nio-50,binary,50,bot_53,3368,w,31,73.88,25,98.68,191,92.32,0
e2-nio-50,binary,50,bot_53,3368,w,33,67.8,25,79.33,135,55.67,0
e2-nio-50,binary,50,bot_53,3368,w,35,66.01,25,114.4,178,63.6,0
e2-nio-50,binary,50,bot_53,3368,w,37,66.68,25,116.95,182,65.05,0
e2-nio-50,binary,50,bot_53,3368,w,39,39.11,25,80.46,126,45.54,0
e2-nio-50,binary,50,bot_53,3368,w,41,48.86,25,113.79,171,57.21,0
e2-nio-50,binary,50,bot_53,3368,w,43,42.41,25,140.39,196,55.61,0
e2-nio-50,binary,50,bot_53,3368,w,45,44.33,25,111.79,145,33.21,0
e2-nio-50,binary,50,bot_53,3368,w,47,21.56,25,113.6,140,26.4,0
e2-nio-50,binary,50,bot_53,3368,w,49,16.29,25,102.13,114,11.87,0
e2-nio-50,binary,50,bot_53,3368,w,51,30.23,25,55.61,110,54.39,0
e2-nio-50,binary,50,bot_53,3368,w,53,50.23,25,73.29,128,54.71,0
e2-nio-50,binary,50,bot_53,3368,w,55,35.44,25,67.37,103,35.63,0
e2-nio-50,binary,50,bot_53,3368,w,57,31.38,25,83.2,120,36.8,0
e2-nio-50,binary,50,bot_53,3368,w,59,18.7,25,85.5,109,23.5,0
e2-nio-50,binary,50,bot_54,3368,b,2,15.5,25,55.81,59,3.19,0
e2-nio-50,binary,50,bot_54,3368,b,4,15.02,25,71.3,108,36.7,0
e2-nio-50,binary,50,bot_54,3368,b,6,15.23,25,79.52,88,8.48,0
e2-nio-50,binary,50,bot_54,3368,b,8,21.43,25,106.36,118,11.64,0
e2-nio-50,binary,50,bot_54,3368,b,10,49.76,25,70.07,113,42.93,0
e2-nio-50,binary,50,bot_54,3368,b,12,27.09,25,91.91,112,20.09,0
e2-nio-50,binary,50,bot_54,3368,b,14,40.7,25,72.5,110,37.5,0
e2-nio-50,binary,50,bot_54,3368,b,16,33.72,25,87.84,111,23.16,0
e2-nio-50,binary,50,bot_54,3368,b,18,39.3,25,81.35,112,30.65,0
e2-nio-50,binary,50,bot_54,3368,b,20,41.6,25,99.79,125,25.21,0
e2-nio-50,binary,50,bot_54,3368,b,22,20.59,25,131.42,147,15.58,0
e2-nio-50,binary,50,bot_54,3368,b,24,27.03,25,125.78,134,8.22,0
e2-nio-50,binary,50,bot_54,3368,b,26,21.48,25,134.99,142,7.01,0
e2-nio-50,binary,50,bot_54,3368,b,28,13.58,25,132.4,133,0.6,0
e2-nio-50,binary,50,bot_54,3368,b,30,93.84,25,105.34,182,76.66,0
e2-nio-50,binary,50,bot_54,3368,b,32,58.45,25,73.29,136,62.71,0
e2-nio-50,binary,50,bot_54,3368,b,34,66.87,25,87.47,144,56.53,0
e2-nio-50,binary,50,bot_54,3368,b,36,66.43,25,102.18,157,54.82,0
e2-nio-50,binary,50,bot_54,3368,b,38,48.31,25,114.47,169,54.53,0
e2-nio-50,binary,50,bot_54,3368,b,40,60.96,25,110,139,29,0
e2-nio-50,binary,50,bot_54,3368,b,42,59.38,25,124.57,163,38.43,0
e2-nio-50,binary,50,bot_54,3368,b,44,35.94,25,126.55,158,31.45,0
e2-nio-50,binary,50,bot_54,3368,b,46,30.4,25,108.19,141,32.81,0
e2-nio-50,binary,50,bot_54,3368,b,48,15.43,25,99.52,110,10.48,0
e2-nio-50,binary,50,bot_54,3368,b,50,57.37,25,101.04,107,5.96,0
e2-nio-50,binary,50,bot_54,3368,b,52,58.13,25,87.52,107,19.48,0
e2-nio-50,binary,50,bot_54,3368,b,54,40.16,25,69.91,111,41.09,0
e2-nio-50,binary,50,bot_54,3368,b,56,38.75,25,72.77,97,24.23,0
e2-nio-50,binary,50,bot_54,3368,b,58,25.84,25,75.17,96,20.83,0
e2-nio-50,binary,50,bot_54,3368,b,60,18.41,25,81.9,89,7.1,0
e2-nio-50,binary,50,bot_55,3369,w,1,5.97,25,66.14,62,-4.14,0
e2-nio-50,binary,50,bot_55,3369,w,3,14.32,25,100.55,104,3.45,0
e2-nio-50,binary,50,bot_55,3369,w,5,44.19,25,68.31,94,25.69,0
e2-nio-50,binary,50,bot_55,3369,w,7,14.07,25,88.88,120,31.12,0
e2-nio-50,binary,50,bot_55,3369,w,9,29.43,25,92.62,110,17.38,0
e2-nio-50,binary,50,bot_55,3369,w,11,33.38,25,83.39,107,23.61,0
e2-nio-50,binary,50,bot_55,3369,w,13,27.06,25,88.99,101,12.01,0
e2-nio-50,binary,50,bot_55,3369,w,15,15.16,25,102.92,118,15.08,0
e2-nio-50,binary,50,bot_55,3369,w,17,22.12,25,118.77,133,14.23,0
e2-nio-50,binary,50,bot_55,3369,w,19,11.87,25,110.62,117,6.38,0
e2-nio-50,binary,50,bot_55,3369,w,21,67.24,25,75,148,73,0
e2-nio-50,binary,50,bot_55,3369,w,23,63.51,25,98.07,149,50.93,0
e2-nio-50,binary,50,bot_55,3369,w,25,48.61,25,95.29,148,52.71,0
e2-nio-50,binary,50,bot_55,3369,w,27,45.18,25,93.99,140,46.01,0
e2-nio-50,binary,50,bot_55,3369,w,29,46.7,25,123.41,171,47.59,0
e2-nio-50,binary,50,bot_55,3369,w,31,41.36,25,130.52,175,44.48,0
e2-nio-50,binary,50,bot_55,3369,w,33,39.2,25,107.62,128,20.38,0
e2-nio-50,binary,50,bot_55,3369,w,35,25.93,25,151.71,178,26.29,0
e2-nio-50,binary,50,bot_55,3369,w,37,30.31,25,152.59,173,20.41,0
e2-nio-50,binary,50,bot_55,3369,w,39,12.1,25,107.75,112,4.25,0
e2-nio-50,binary,50,bot_55,3369,w,41,12.63,25,149.34,161,11.66,0
e2-nio-50,binary,50,bot_55,3369,w,43,63.97,25,102.18,185,82.82,0
e2-nio-50,binary,50,bot_55,3369,w,45,40.9,25,100.39,153,52.61,0
e2-nio-50,binary,50,bot_55,3369,w,47,38.55,25,93.11,126,32.89,0
e2-nio-50,binary,50,bot_55,3369,w,49,35.26,25,86,111,25,0
e2-nio-50,binary,50,bot_55,3369,w,51,11.52,25,73.86,94,20.14,0
e2-nio-50,binary,50,bot_55,3369,w,53,22.62,25,101.03,124,22.97,0
e2-nio-50,binary,50,bot_55,3369,w,55,11.32,25,90.26,99,8.74,0
e2-nio-50,binary,50,bot_55,3369,w,57,50.39,25,108.08,109,0.92,0
e2-nio-50,binary,50,bot_55,3369,w,59,34.12,25,63.46,95,31.54,0
e2-nio-50,binary,50,bot_56,3369,b,2,10.04,25,70.27,75,4.73,0
e2-nio-50,binary,50,bot_56,3369,b,4,32.31,25,86.32,100,13.68,0
e2-nio-50,binary,50,bot_56,3369,b,6,37.34,25,58.22,101,42.78,0
e2-nio-50,binary,50,bot_56,3369,b,8,24.1,25,111.62,123,11.38,0
e2-nio-50,binary,50,bot_56,3369,b,10,30.54,25,89.06,117,27.94,0
e2-nio-50,binary,50,bot_56,3369,b,12,17.87,25,92.81,124,31.19,0
e2-nio-50,binary,50,bot_56,3369,b,14,21.58,25,91.44,116,24.56,0
e2-nio-50,binary,50,bot_56,3369,b,16,20.11,25,103.16,117,13.84,0
e2-nio-50,binary,50,bot_56,3369,b,18,12.43,25,108.02,127,18.98,0
e2-nio-50,binary,50,bot_56,3369,b,20,79.77,25,131.05,141,9.95,0
e2-nio-50,binary,50,bot_56,3369,b,22,58.03,25,88.7,155,66.3,0
e2-nio-50,binary,50,bot_56,3369,b,24,59.47,25,87.17,149,61.83,0
e2-nio-50,binary,50,bot_56,3369,b,26,50.77,25,109.97,157,47.03,0
e2-nio-50,binary,50,bot_56,3369,b,28,53.67,25,109.93,153,43.07,0
e2-nio-50,binary,50,bot_56,3369,b,30,49.81,25,149.83,195,45.17,0
e2-nio-50,binary,50,bot_56,3369,b,32,28.94,25,101.48,139,37.52,0
e2-nio-50,binary,50,bot_56,3369,b,34,33.5,25,123.32,158,34.68,0
e2-nio-50,binary,50,bot_56,3369,b,36,28.07,25,143.55,166,22.45,0
e2-nio-50,binary,50,bot_56,3369,b,38,13.59,25,147.23,175,27.77,0
e2-nio-50,binary,50,bot_56,3369,b,40,20.34,25,153.08,162,8.92,0
e2-nio-50,binary,50,bot_56,3369,b,42,90.87,25,174.24,184,9.76,0
e2-nio-50,binary,50,bot_56,3369,b,44,59.87,25,106.94,167,60.06,0
e2-nio-50,binary,50,bot_56,3369,b,46,41.26,25,99.79,137,37.21,0
e2-nio-50,binary,50,bot_56,3369,b,48,32.89,25,74.54,109,34.46,0
e2-nio-50,binary,50,bot_56,3369,b,50,29.33,25,78.72,110,31.28,0
e2-nio-50,binary,50,bot_56,3369,b,52,30.87,25,114.87,123,8.13,0
e2-nio-50,binary,50,bot_56,3369,b,54,17.03,25,92.89,111,18.11,0
e2-nio-50,binary,50,bot_56,3369,b,56,8.61,25,102.81,112,9.19,0
e2-nio-50,binary,50,bot_56,3369,b,58,40.61,25,72.57,120,47.43,0
e2-nio-50,binary,50,bot_56,3369,b,60,31.71,25,67.38,98,30.62,0
e2-nio-50,binary,50,bot_57,3370,w,1,3.64,25,74.02,77,2.98,0
e2-nio-50,binary,50,bot_57,3370,w,3,28.63,25,89.81,97,7.19,0
e2-nio-50,binary,50,bot_57,3370,w,5,31.78,25,64.23,100,35.77,0
e2-nio-50,binary,50,bot_57,3370,w,7,19.85,25,116.23,126,9.77,0
e2-nio-50,binary,50,bot_57,3370,w,9,25.01,25,94.99,115,20.01,0
e2-nio-50,binary,50,bot_57,3370,w,11,11.59,25,98.76,117,18.24,0
e2-nio-50,binary,50,bot_57,3370,w,13,14.3,25,98.57,115,16.43,0
e2-nio-50,binary,50,bot_57,3370,w,15,71.71,25,113.09,121,7.91,0
e2-nio-50,binary,50,bot_57,3370,w,17,48.37,25,85.25,121,35.75,0
e2-nio-50,binary,50,bot_57,3370,w,19,55.17,25,102.72,150,47.28,0
e2-nio-50,binary,50,bot_57,3370,w,21,43.14,25,103.35,154,50.65,0
e2-nio-50,binary,50,bot_57,3370,w,23,47.84,25,99.72,141,41.28,0
e2-nio-50,binary,50,bot_57,3370,w,25,37.71,25,122.95,160,37.05,0
e2-nio-50,binary,50,bot_57,3370,w,27,37.58,25,126.66,148,21.34,0
e2-nio-50,binary,50,bot_57,3370,w,29,33.79,25,164.62,189,24.38,0
e2-nio-50,binary,50,bot_57,3370,w,31,17.71,25,109.98,124,14.02,0
e2-nio-50,binary,50,bot_57,3370,w,33,17.15,25,140.41,151,10.59,0
e2-nio-50,binary,50,bot_57,3370,w,35,77.25,25,160.09,164,3.91,0
e2-nio-50,binary,50,bot_57,3370,w,37,42.84,25,91.8,158,66.2,0
e2-nio-50,binary,50,bot_57,3370,w,39,48.22,25,120.26,171,50.74,0
e2-nio-50,binary,50,bot_57,3370,w,41,61.57,25,131.49,180,48.51,0
e2-nio-50,binary,50,bot_57,3370,w,43,40.19,25,126,165,39,0
e2-nio-50,binary,50,bot_57,3370,w,45,23.4,25,117.46,138,20.54,0
e2-nio-50,binary,50,bot_57,3370,w,47,19.35,25,88,106,18,0
e2-nio-50,binary,50,bot_57,3370,w,49,19.22,25,89.45,102,12.55,0
e2-nio-50,binary,50,bot_57,3370,w,51,12.05,25,117.07,120,2.93,0
e2-nio-50,binary,50,bot_57,3370,w,53,38.92,25,70.36,118,47.64,0
e2-nio-50,binary,50,bot_57,3370,w,55,44.51,25,69.24,107,37.76,0
e2-nio-50,binary,50,bot_57,3370,w,57,32.13,25,80.71,107,26.29,0
e2-nio-50,binary,50,bot_57,3370,w,59,21.18,25,77.27,95,17.73,0
e2-nio-50,binary,50,bot_58,3370,b,2,27.74,25,107.04,107,-0.04,0
e2-nio-50,binary,50,bot_58,3370,b,4,35.22,25,77.37,101,23.63,0
e2-nio-50,binary,50,bot_58,3370,b,6,10.48,25,91.16,118,26.84,0
e2-nio-50,binary,50,bot_58,3370,b,8,20.59,25,101.48,116,14.52,0
e2-nio-50,binary,50,bot_58,3370,b,10,19.91,25,96.77,117,20.23,0
e2-nio-50,binary,50,bot_58,3370,b,12,16.77,25,99.61,107,7.39,0
e2-nio-50,binary,50,bot_58,3370,b,14,8.68,25,109.58,119,9.42,0
e2-nio-50,binary,50,bot_58,3370,b,16,37.62,25,80.28,147,66.72,0
e2-nio-50,binary,50,bot_58,3370,b,18,48.44,25,76.7,121,44.3,0
e2-nio-50,binary,50,bot_58,3370,b,20,50.39,25,90.86,142,51.14,0
e2-nio-50,binary,50,bot_58,3370,b,22,42.64,25,118.57,156,37.43,0
e2-nio-50,binary,50,bot_58,3370,b,24,37.84,25,105.2,149,43.8,0
e2-nio-50,binary,50,bot_58,3370,b,26,22.55,25,116.58,149,32.42,0
e2-nio-50,binary,50,bot_58,3370,b,28,26.89,25,144.83,178,33.17,0
e2-nio-50,binary,50,bot_58,3370,b,30,19.66,25,154.11,184,29.89,0
e2-nio-50,binary,50,bot_58,3370,b,32,14.81,25,132.45,142,9.55,0
e2-nio-50,binary,50,bot_58,3370,b,34,9.3,25,167.25,176,8.75,0
e2-nio-50,binary,50,bot_58,3370,b,36,71.17,25,119.95,190,70.05,0
e2-nio-50,binary,50,bot_58,3370,b,38,55.18,25,85.07,119,33.93,0
e2-nio-50,binary,50,bot_58,3370,b,40,52.68,25,119.15,159,39.85,0
e2-nio-50,binary,50,bot_58,3370,b,42,43.12,25,123.62,176,52.38,0
e2-nio-50,binary,50,bot_58,3370,b,44,25.22,25,115.94,147,31.06,0
e2-nio-50,binary,50,bot_58,3370,b,46,22.75,25,108.19,123,14.81,0
e2-nio-50,binary,50,bot_58,3370,b,48,17.46,25,103.98,115,11.02,0
e2-nio-50,binary,50,bot_58,3370,b,50,7.84,25,94.89,106,11.11,0
e2-nio-50,binary,50,bot_58,3370,b,52,52.81,25,115.09,119,3.91,0
e2-nio-50,binary,50,bot_58,3370,b,54,42.51,25,61.64,92,30.36,0
e2-nio-50,binary,50,bot_58,3370,b,56,32.85,25,75.93,113,37.07,0
e2-nio-50,binary,50,bot_58,3370,b,58,23.6,25,74.8,98,23.2,0
e2-nio-50,binary,50,bot_58,3370,b,60,12.08,25,65.17,78,12.83,0
e2-nio-50,binary,50,bot_59,3371,w,1,20.24,25,72.68,113,40.32,0
e2-nio-50,binary,50,bot_59,3371,w,3,34.1,25,78.41,101,22.59,0
e2-nio-50,binary,50,bot_59,3371,w,5,9.81,25,91.68,116,24.32,0
e2-nio-50,binary,50,bot_59,3371,w,7,19.52,25,102.62,115,12.38,0
e2-nio-50,binary,50,bot_59,3371,w,9,18.54,25,98.08,117,18.92,0
e2-nio-50,binary,50,bot_59,3371,w,11,15.39,25,101.02,106,4.98,0
e2-nio-50,binary,50,bot_59,3371,w,13,57.15,25,110.63,118,7.37,0
e2-nio-50,binary,50,bot_59,3371,w,15,35.83,25,82.14,136,53.86,0
e2-nio-50,binary,50,bot_59,3371,w,17,46.15,25,78.79,121,42.21,0
e2-nio-50,binary,50,bot_59,3371,w,19,46.82,25,94.56,141,46.44,0
e2-nio-50,binary,50,bot_59,3371,w,21,38.63,25,122.6,157,34.4,0
e2-nio-50,binary,50,bot_59,3371,w,23,34.89,25,108.14,147,38.86,0
e2-nio-50,binary,50,bot_59,3371,w,25,19,25,120.05,150,29.95,0
e2-nio-50,binary,50,bot_59,3371,w,27,23.67,25,148.05,177,28.95,0
e2-nio-50,binary,50,bot_59,3371,w,29,16.18,25,157.18,182,24.82,0
e2-nio-50,binary,50,bot_59,3371,w,31,12.79,25,134.44,142,7.56,0
e2-nio-50,binary,50,bot_59,3371,w,33,74.94,25,168.87,176,7.13,0
e2-nio-50,binary,50,bot_59,3371,w,35,67.54,25,123.56,177,53.44,0
e2-nio-50,binary,50,bot_59,3371,w,37,52.06,25,88.18,121,32.82,0
e2-nio-50,binary,50,bot_59,3371,w,39,49.55,25,122.29,161,38.71,0
e2-nio-50,binary,50,bot_59,3371,w,41,39.67,25,127.1,178,50.9,0
e2-nio-50,binary,50,bot_59,3371,w,43,23.2,25,118.05,147,28.95,0
e2-nio-50,binary,50,bot_59,3371,w,45,19.42,25,111.56,123,11.44,0
e2-nio-50,binary,50,bot_59,3371,w,47,14.28,25,107.15,117,9.85,0
e2-nio-50,binary,50,bot_59,3371,w,49,6.31,25,96.44,104,7.56,0
e2-nio-50,binary,50,bot_59,3371,w,51,42.2,25,73.91,125,51.09,0
e2-nio-50,binary,50,bot_59,3371,w,53,40.2,25,63.89,90,26.11,0
e2-nio-50,binary,50,bot_59,3371,w,55,30.36,25,78.4,112,33.6,0
e2-nio-50,binary,50,bot_59,3371,w,57,21.23,25,77.12,99,21.88,0
e2-nio-50,binary,50,bot_59,3371,w,59,10.44,25,66.71,76,9.29,0
e2-nio-50,binary,50,bot_60,3371,b,2,28.44,25,69.22,78,8.78,0
e2-nio-50,binary,50,bot_60,3371,b,4,30.35,25,65.86,90,24.14,0
e2-nio-50,binary,50,bot_60,3371,b,6,18.51,25,117.87,117,-0.87,0
e2-nio-50,binary,50,bot_60,3371,b,8,23.69,25,96.12,106,9.88,0
e2-nio-50,binary,50,bot_60,3371,b,10,10.06,25,100.15,108,7.85,0
e2-nio-50,binary,50,bot_60,3371,b,12,12.4,25,100.49,105,4.51,0
e2-nio-50,binary,50,bot_60,3371,b,14,59.66,25,76.52,123,46.48,0
e2-nio-50,binary,50,bot_60,3371,b,16,46.79,25,86.5,112,25.5,0
e2-nio-50,binary,50,bot_60,3371,b,18,51.05,25,106.73,142,35.27,0
e2-nio-50,binary,50,bot_60,3371,b,20,39.27,25,107.4,144,36.6,0
e2-nio-50,binary,50,bot_60,3371,b,22,44.87,25,102.35,129,26.65,0
e2-nio-50,binary,50,bot_60,3371,b,24,35.54,25,125.15,150,24.85,0
e2-nio-50,binary,50,bot_60,3371,b,26,33.78,25,130.81,140,9.19,0
e2-nio-50,binary,50,bot_60,3371,b,28,29.49,25,168.69,180,11.31,0
e2-nio-50,binary,50,bot_60,3371,b,30,16.36,25,111.21,117,5.79,0
e2-nio-50,binary,50,bot_60,3371,b,32,14.84,25,143.03,144,0.97,0
e2-nio-50,binary,50,bot_60,3371,b,34,62.16,25,108.09,171,62.91,0
e2-nio-50,binary,50,bot_60,3371,b,36,41.24,25,93.25,149,55.75,0
e2-nio-50,binary,50,bot_60,3371,b,38,46.66,25,122.09,162,39.91,0
e2-nio-50,binary,50,bot_60,3371,b,40,58.97,25,134.09,173,38.91,0
e2-nio-50,binary,50,bot_60,3371,b,42,38.16,25,127.76,156,28.24,0
e2-nio-50,binary,50,bot_60,3371,b,44,20.67,25,119.95,131,11.05,0
e2-nio-50,binary,50,bot_60,3371,b,46,18.88,25,88.39,96,7.61,0
e2-nio-50,binary,50,bot_60,3371,b,48,15.69,25,93.38,96,2.62,0
e2-nio-50,binary,50,bot_60,3371,b,50,60.55,25,120.14,115,-5.14,0
e2-nio-50,binary,50,bot_60,3371,b,52,35.73,25,73.62,103,29.38,0
e2-nio-50,binary,50,bot_60,3371,b,54,42.45,25,71.33,100,28.67,0
e2-nio-50,binary,50,bot_60,3371,b,56,28.74,25,84.12,103,18.88,0
e2-nio-50,binary,50,bot_60,3371,b,58,17.38,25,81.2,90,8.8,0
e2-nio-50,binary,50,bot_60,3371,b,60,11.22,25,69.93,69,-0.93,0
e2-nio-50,binary,50,bot_61,3372,w,1,6.84,25,89.59,72,-17.59,0
e2-nio-50,binary,50,bot_61,3372,w,3,45.18,25,113.04,101,-12.04,0
e2-nio-50,binary,50,bot_61,3372,w,5,31.5,25,66.73,89,22.27,0
e2-nio-50,binary,50,bot_61,3372,w,7,19.07,25,88.09,90,1.91,0
e2-nio-50,binary,50,bot_61,3372,w,9,28.03,25,90.02,90,-0.02,0
e2-nio-50,binary,50,bot_61,3372,w,11,22.9,25,101.17,97,-4.17,0
e2-nio-50,binary,50,bot_61,3372,w,13,17.55,25,118.19,113,-5.19,0
e2-nio-50,binary,50,bot_61,3372,w,15,10.56,25,119.65,112,-7.65,0
e2-nio-50,binary,50,bot_61,3372,w,17,53.37,25,89.08,145,55.92,0
e2-nio-50,binary,50,bot_61,3372,w,19,55.64,25,86.95,120,33.05,0
e2-nio-50,binary,50,bot_61,3372,w,21,44.42,25,109.34,131,21.66,0
e2-nio-50,binary,50,bot_61,3372,w,23,38.09,25,102.19,130,27.81,0
e2-nio-50,binary,50,bot_61,3372,w,25,39.93,25,138.04,161,22.96,0
e2-nio-50,binary,50,bot_61,3372,w,27,39.07,25,153.41,174,20.59,0
e2-nio-50,binary,50,bot_61,3372,w,29,29.33,25,101.52,102,0.48,0
e2-nio-50,binary,50,bot_61,3372,w,31,29.73,25,138.67,149,10.33,0
e2-nio-50,binary,50,bot_61,3372,w,33,17.34,25,153.14,155,1.86,0
e2-nio-50,binary,50,bot_61,3372,w,35,64.92,25,125.78,121,-4.78,0
e2-nio-50,binary,50,bot_61,3372,w,37,77.79,25,85.74,152,66.26,0
e2-nio-50,binary,50,bot_61,3372,w,39,74.06,25,108.98,175,66.02,0
e2-nio-50,binary,50,bot_61,3372,w,41,59.49,25,96.33,138,41.67,0
e2-nio-50,binary,50,bot_61,3372,w,43,42.56,25,93.63,124,30.38,0
e2-nio-50,binary,50,bot_61,3372,w,45,36.01,25,81.9,92,10.1,0
e2-nio-50,binary,50,bot_61,3372,w,47,19.09,25,85.75,87,1.25,0
e2-nio-50,binary,50,bot_61,3372,w,49,24.16,25,106.78,110,3.22,0
e2-nio-50,binary,50,bot_61,3372,w,51,12.14,25,97.31,93,-4.31,0
e2-nio-50,binary,50,bot_61,3372,w,53,59.13,25,107.85,100,-7.85,0
e2-nio-50,binary,50,bot_61,3372,w,55,31.92,25,72.89,95,22.11,0
e2-nio-50,binary,50,bot_61,3372,w,57,21.54,25,71.94,77,5.06,0
e2-nio-50,binary,50,bot_61,3372,w,59,12.95,25,67.75,58,-9.75,0
e2-nio-50,binary,50,bot_62,3372,b,2,9.93,25,102.9,100,-2.9,0
e2-nio-50,binary,50,bot_62,3372,b,4,46.51,25,81.08,115,33.92,0
e2-nio-50,binary,50,bot_62,3372,b,6,24.38,25,96.71,117,20.29,0
e2-nio-50,binary,50,bot_62,3372,b,8,23.06,25,97.34,106,8.66,0
e2-nio-50,binary,50,bot_62,3372,b,10,19.19,25,95.7,113,17.3,0
e2-nio-50,binary,50,bot_62,3372,b,12,19.13,25,94.19,105,10.81,0
e2-nio-50,binary,50,bot_62,3372,b,14,14.91,25,104,110,6,0
e2-nio-50,binary,50,bot_62,3372,b,16,79.37,25,116.11,116,-0.11,0
e2-nio-50,binary,50,bot_62,3372,b,18,55.5,25,96.98,139,42.02,0
e2-nio-50,binary,50,bot_62,3372,b,20,45.68,25,107.08,152,44.92,0
e2-nio-50,binary,50,bot_62,3372,b,22,51.93,25,104.82,140,35.18,0
e2-nio-50,binary,50,bot_62,3372,b,24,46.23,25,99.85,126,26.15,0
e2-nio-50,binary,50,bot_62,3372,b,26,43.56,25,137.98,168,30.02,0
e2-nio-50,binary,50,bot_62,3372,b,28,22.08,25,123.91,151,27.09,0
e2-nio-50,binary,50,bot_62,3372,b,30,30.85,25,130.73,149,18.27,0
e2-nio-50,binary,50,bot_62,3372,b,32,22.18,25,145.33,163,17.67,0
e2-nio-50,binary,50,bot_62,3372,b,34,15.8,25,175.33,181,5.67,0
e2-nio-50,binary,50,bot_62,3372,b,36,87.02,25,82.25,136,53.75,0
e2-nio-50,binary,50,bot_62,3372,b,38,86.73,25,98.29,164,65.71,0
e2-nio-50,binary,50,bot_62,3372,b,40,62.38,25,99.03,161,61.97,0
e2-nio-50,binary,50,bot_62,3372,b,42,51.7,25,86.19,134,47.81,0
e2-nio-50,binary,50,bot_62,3372,b,44,30.72,25,84.81,115,30.19,0
e2-nio-50,binary,50,bot_62,3372,b,46,22.65,25,87.07,111,23.93,0
e2-nio-50,binary,50,bot_62,3372,b,48,24.56,25,86.83,95,8.17,0
e2-nio-50,binary,50,bot_62,3372,b,50,16.95,25,97.82,110,12.18,0
e2-nio-50,binary,50,bot_62,3372,b,52,12.99,25,91.13,92,0.87,0
e2-nio-50,binary,50,bot_62,3372,b,54,43.11,25,57.96,106,48.04,0
e2-nio-50,binary,50,bot_62,3372,b,56,26.13,25,74.45,94,19.55,0
e2-nio-50,binary,50,bot_62,3372,b,58,11.09,25,73.41,84,10.59,0
e2-nio-50,binary,50,bot_62,3372,b,60,11.59,25,75.7,76,0.3,0
e2-nio-50,binary,50,bot_63,3373,w,1,40.21,25,104.21,109,4.79,0
e2-nio-50,binary,50,bot_63,3373,w,3,45.24,25,82.36,126,43.64,0
e2-nio-50,binary,50,bot_63,3373,w,5,23.6,25,97.48,127,29.52,0
e2-nio-50,binary,50,bot_63,3373,w,7,21.67,25,98.73,116,17.27,0
e2-nio-50,binary,50,bot_63,3373,w,9,17.94,25,96.86,121,24.14,0
e2-nio-50,binary,50,bot_63,3373,w,11,16.89,25,96.4,116,19.6,0
e2-nio-50,binary,50,bot_63,3373,w,13,13.64,25,105.47,121,15.53,0
e2-nio-50,binary,50,bot_63,3373,w,15,67.14,25,74.86,137,62.14,0
e2-nio-50,binary,50,bot_63,3373,w,17,50.97,25,101.53,153,51.47,0
e2-nio-50,binary,50,bot_63,3373,w,19,43.17,25,109.62,161,51.38,0
e2-nio-50,binary,50,bot_63,3373,w,21,46.7,25,110.09,152,41.91,0
e2-nio-50,binary,50,bot_63,3373,w,23,42.63,25,103.51,138,34.49,0
e2-nio-50,binary,50,bot_63,3373,w,25,36.5,25,145.06,182,36.94,0
e2-nio-50,binary,50,bot_63,3373,w,27,18.53,25,127.41,158,30.59,0
e2-nio-50,binary,50,bot_63,3373,w,29,24.77,25,136.81,157,20.19,0
e2-nio-50,binary,50,bot_63,3373,w,31,16.32,25,151.24,172,20.76,0
e2-nio-50,binary,50,bot_63,3373,w,33,80.29,25,181.87,191,9.13,0
e2-nio-50,binary,50,bot_63,3373,w,35,83.71,25,85.65,138,52.35,0
e2-nio-50,binary,50,bot_63,3373,w,37,82.26,25,102.77,172,69.23,0
e2-nio-50,binary,50,bot_63,3373,w,39,57.74,25,103.77,171,67.23,0
e2-nio-50,binary,50,bot_63,3373,w,41,47.38,25,90.57,144,53.43,0
e2-nio-50,binary,50,bot_63,3373,w,43,27.21,25,88.32,124,35.68,0
e2-nio-50,binary,50,bot_63,3373,w,45,19.8,25,89.98,120,30.02,0
e2-nio-50,binary,50,bot_63,3373,w,47,19.28,25,92.25,105,12.75,0
e2-nio-50,binary,50,bot_63,3373,w,49,10.82,25,104.02,120,15.98,0
e2-nio-50,binary,50,bot_63,3373,w,51,60.34,25,97.74,102,4.26,0
e2-nio-50,binary,50,bot_63,3373,w,53,37,25,64.13,108,43.87,0
e2-nio-50,binary,50,bot_63,3373,w,55,21.93,25,79.03,102,22.97,0
e2-nio-50,binary,50,bot_63,3373,w,57,6.53,25,77.92,91,13.08,0
e2-nio-50,binary,50,bot_63,3373,w,59,5.92,25,81.42,86,4.58,0
e2-nio-50,binary,50,bot_64,3373,b,2,44.09,25,82.52,108,25.48,0
e2-nio-50,binary,50,bot_64,3373,b,4,30.34,25,67.9,96,28.1,0
e2-nio-50,binary,50,bot_64,3373,b,6,18.13,25,88.93,96,7.07,0
e2-nio-50,binary,50,bot_64,3373,b,8,25.85,25,92.26,97,4.74,0
e2-nio-50,binary,50,bot_64,3373,b,10,20.71,25,103.78,105,1.22,0
e2-nio-50,binary,50,bot_64,3373,b,12,16.27,25,119.49,120,0.51,0
e2-nio-50,binary,50,bot_64,3373,b,14,62.84,25,121.36,118,-3.36,0
e2-nio-50,binary,50,bot_64,3373,b,16,51.4,25,89.95,140,50.05,0
e2-nio-50,binary,50,bot_64,3373,b,18,52.54,25,90.15,123,32.85,0
e2-nio-50,binary,50,bot_64,3373,b,20,42.96,25,110.7,137,26.3,0
e2-nio-50,binary,50,bot_64,3373,b,22,36.84,25,103.35,134,30.65,0
e2-nio-50,binary,50,bot_64,3373,b,24,37.33,25,140.58,167,26.42,0
e2-nio-50,binary,50,bot_64,3373,b,26,35.96,25,156.31,177,20.69,0
e2-nio-50,binary,50,bot_64,3373,b,28,25.28,25,105.58,108,2.42,0
e2-nio-50,binary,50,bot_64,3373,b,30,26.62,25,141.95,150,8.05,0
e2-nio-50,binary,50,bot_64,3373,b,32,14.52,25,155.8,157,1.2,0
e2-nio-50,binary,50,bot_64,3373,b,34,58.49,25,61,124,63,0
e2-nio-50,binary,50,bot_64,3373,b,36,74.77,25,88.39,156,67.61,0
e2-nio-50,binary,50,bot_64,3373,b,38,71.71,25,111.23,178,66.77,0
e2-nio-50,binary,50,bot_64,3373,b,40,58.18,25,97.58,139,41.42,0
e2-nio-50,binary,50,bot_64,3373,b,42,40.91,25,95.05,127,31.95,0
e2-nio-50,binary,50,bot_64,3373,b,44,34.9,25,83.06,94,10.94,0
e2-nio-50,binary,50,bot_64,3373,b,46,17.43,25,87,91,4,0
e2-nio-50,binary,50,bot_64,3373,b,48,21.49,25,109.3,113,3.7,0
e2-nio-50,binary,50,bot_64,3373,b,50,9.51,25,99.78,94,-5.78,0
e2-nio-50,binary,50,bot_64,3373,b,52,49.96,25,63.9,109,45.1,0
e2-nio-50,binary,50,bot_64,3373,b,54,28.45,25,76.1,97,20.9,0
e2-nio-50,binary,50,bot_64,3373,b,56,17.67,25,75.29,81,5.71,0
e2-nio-50,binary,50,bot_64,3373,b,58,10.47,25,70.34,61,-9.34,0
e2-nio-50,binary,50,bot_64,3373,b,60,24.23,25,78.97,68,-10.97,0
e2-nio-50,binary,50,bot_65,3374,w,1,13.34,25,111.06,118,6.94,0
e2-nio-50,binary,50,bot_65,3374,w,3,42.99,25,112.8,124,11.2,0
e2-nio-50,binary,50,bot_65,3374,w,5,19.76,25,69,107,38,0
e2-nio-50,binary,50,bot_65,3374,w,7,39.82,25,96.37,110,13.63,0
e2-nio-50,binary,50,bot_65,3374,w,9,23.59,25,95.43,126,30.57,0
e2-nio-50,binary,50,bot_65,3374,w,11,36.14,25,105.39,134,28.61,0
e2-nio-50,binary,50,bot_65,3374,w,13,26.45,25,95.87,124,28.13,0
e2-nio-50,binary,50,bot_65,3374,w,15,17.75,25,122.99,148,25.01,0
e2-nio-50,binary,50,bot_65,3374,w,17,11.24,25,133.17,143,9.83,0
e2-nio-50,binary,50,bot_65,3374,w,19,63.9,25,81.55,164,82.45,0
e2-nio-50,binary,50,bot_65,3374,w,21,62.55,25,78.3,143,64.7,0
e2-nio-50,binary,50,bot_65,3374,w,23,71.76,25,98.19,172,73.81,0
e2-nio-50,binary,50,bot_65,3374,w,25,63.06,25,109.13,181,71.87,0
e2-nio-50,binary,50,bot_65,3374,w,27,55.9,25,90.94,133,42.06,0
e2-nio-50,binary,50,bot_65,3374,w,29,55.35,25,123.96,173,49.04,0
e2-nio-50,binary,50,bot_65,3374,w,31,55.59,25,127.34,175,47.66,0
e2-nio-50,binary,50,bot_65,3374,w,33,31.19,25,88.06,114,25.94,0
e2-nio-50,binary,50,bot_65,3374,w,35,35.59,25,126.77,172,45.23,0
e2-nio-50,binary,50,bot_65,3374,w,37,32.35,25,149.93,181,31.07,0
e2-nio-50,binary,50,bot_65,3374,w,39,31.68,25,124.75,141,16.25,0
e2-nio-50,binary,50,bot_65,3374,w,41,17.82,25,116.31,137,20.69,0
e2-nio-50,binary,50,bot_65,3374,w,43,11.89,25,106.28,112,5.72,0
e2-nio-50,binary,50,bot_65,3374,w,45,28.39,25,57.56,111,53.44,0
e2-nio-50,binary,50,bot_65,3374,w,47,46.46,25,76.95,125,48.05,0
e2-nio-50,binary,50,bot_65,3374,w,49,30.71,25,72.1,106,33.9,0
e2-nio-50,binary,50,bot_65,3374,w,51,26.68,25,88,122,34,0
e2-nio-50,binary,50,bot_65,3374,w,53,14.49,25,89.66,107,17.34,0
e2-nio-50,binary,50,bot_65,3374,w,55,11.09,25,81.77,94,12.23,0
e2-nio-50,binary,50,bot_65,3374,w,57,16.04,25,77.58,78,0.42,0
e2-nio-50,binary,50,bot_65,3374,w,59,16.11,25,68.36,83,14.64,0
e2-nio-50,binary,50,bot_66,3374,b,2,11.21,25,116.6,111,-5.6,0
e2-nio-50,binary,50,bot_66,3374,b,4,39,25,80.8,103,22.2,0
e2-nio-50,binary,50,bot_66,3374,b,6,14,25,104.44,105,0.56,0
e2-nio-50,binary,50,bot_66,3374,b,8,31.72,25,81.04,101,19.96,0
e2-nio-50,binary,50,bot_66,3374,b,10,28.79,25,93.74,97,3.26,0
e2-nio-50,binary,50,bot_66,3374,b,12,29.03,25,90.88,108,17.12,0
e2-nio-50,binary,50,bot_66,3374,b,14,25.19,25,116.01,124,7.99,0
e2-nio-50,binary,50,bot_66,3374,b,16,10.98,25,140.55,139,-1.55,0
e2-nio-50,binary,50,bot_66,3374,b,18,85.18,25,142.62,135,-7.62,0
e2-nio-50,binary,50,bot_66,3374,b,20,65.8,25,93.59,138,44.41,0
e2-nio-50,binary,50,bot_66,3374,b,22,75,25,87.32,131,43.68,0
e2-nio-50,binary,50,bot_66,3374,b,24,72.91,25,126.78,179,52.22,0
e2-nio-50,binary,50,bot_66,3374,b,26,47.74,25,83.66,128,44.34,0
e2-nio-50,binary,50,bot_66,3374,b,28,53.54,25,101.93,140,38.07,0
e2-nio-50,binary,50,bot_66,3374,b,30,51.94,25,118.2,156,37.8,0
e2-nio-50,binary,50,bot_66,3374,b,32,30.53,25,131.85,170,38.15,0
e2-nio-50,binary,50,bot_66,3374,b,34,49.61,25,122.56,137,14.44,0
e2-nio-50,binary,50,bot_66,3374,b,36,35.42,25,148.36,166,17.64,0
e2-nio-50,binary,50,bot_66,3374,b,38,20.27,25,142.58,157,14.42,0
e2-nio-50,binary,50,bot_66,3374,b,40,24.6,25,113.48,125,11.52,0
e2-nio-50,binary,50,bot_66,3374,b,42,11.09,25,104.01,104,-0.01,0
e2-nio-50,binary,50,bot_66,3374,b,44,57.18,25,101.15,96,-5.15,0
e2-nio-50,binary,50,bot_66,3374,b,46,52.1,25,93.68,104,10.32,0
e2-nio-50,binary,50,bot_66,3374,b,48,37.62,25,72.3,101,28.7,0
e2-nio-50,binary,50,bot_66,3374,b,50,38.3,25,73.08,85,11.92,0
e2-nio-50,binary,50,bot_66,3374,b,52,21.08,25,79.98,89,9.02,0
e2-nio-50,binary,50,bot_66,3374,b,54,15.99,25,84.39,81,-3.39,0
e2-nio-50,binary,50,bot_66,3374,b,56,5.13,25,78.42,72,-6.42,0
e2-nio-50,binary,50,bot_66,3374,b,58,19.11,25,74.41,73,-1.41,0
e2-nio-50,binary,50,bot_66,3374,b,60,9.2,25,57.5,56,-1.5,0
e2-nio-50,binary,50,bot_67,3375,w,1,25.23,25,118.45,120,1.55,0
e2-nio-50,binary,50,bot_67,3375,w,3,41.89,25,80.44,108,27.56,0
e2-nio-50,binary,50,bot_67,3375,w,5,18.32,25,70.43,103,32.57,0
e2-nio-50,binary,50,bot_67,3375,w,7,39.13,25,97.15,105,7.85,0
e2-nio-50,binary,50,bot_67,3375,w,9,22.75,25,96.1,121,24.9,0
e2-nio-50,binary,50,bot_67,3375,w,11,35.09,25,106.39,131,24.61,0
e2-nio-50,binary,50,bot_67,3375,w,13,25.77,25,97.21,119,21.79,0
e2-nio-50,binary,50,bot_67,3375,w,15,16.76,25,123.87,142,18.13,0
e2-nio-50,binary,50,bot_67,3375,w,17,91.92,25,134.49,140,5.51,0
e2-nio-50,binary,50,bot_67,3375,w,19,62.36,25,82.7,152,69.3,0
e2-nio-50,binary,50,bot_67,3375,w,21,58.93,25,81.67,140,58.33,0
e2-nio-50,binary,50,bot_67,3375,w,23,68.4,25,101.57,168,66.43,0
e2-nio-50,binary,50,bot_67,3375,w,25,59.13,25,112.96,176,63.04,0
e2-nio-50,binary,50,bot_67,3375,w,27,51.84,25,95,131,36,0
e2-nio-50,binary,50,bot_67,3375,w,29,50.43,25,128.47,169,40.53,0
e2-nio-50,binary,50,bot_67,3375,w,31,51.23,25,131.7,174,42.3,0
e2-nio-50,binary,50,bot_67,3375,w,33,27.84,25,91.36,111,19.64,0
e2-nio-50,binary,50,bot_67,3375,w,35,30.81,25,131.38,170,38.62,0
e2-nio-50,binary,50,bot_67,3375,w,37,24.5,25,157.99,185,27.01,0
e2-nio-50,binary,50,bot_67,3375,w,39,25.29,25,131.59,143,11.41,0
e2-nio-50,binary,50,bot_67,3375,w,41,11.52,25,122.79,137,14.21,0
e2-nio-50,binary,50,bot_67,3375,w,43,51.07,25,71.89,120,48.11,0
e2-nio-50,binary,50,bot_67,3375,w,45,24.93,25,61.39,102,40.61,0
e2-nio-50,binary,50,bot_67,3375,w,47,40.69,25,82.41,120,37.59,0
e2-nio-50,binary,50,bot_67,3375,w,49,24.97,25,77.88,105,27.12,0
e2-nio-50,binary,50,bot_67,3375,w,51,21.09,25,93.89,119,25.11,0
e2-nio-50,binary,50,bot_67,3375,w,53,9.39,25,94.6,100,5.4,0
e2-nio-50,binary,50,bot_67,3375,w,55,17.79,25,87.77,91,3.23,0
e2-nio-50,binary,50,bot_67,3375,w,57,8.4,25,79.13,78,-1.13,0
e2-nio-50,binary,50,bot_67,3375,w,59,11.5,25,72.87,80,7.13,0
e2-nio-50,binary,50,bot_68,3375,b,2,32.2,25,102.45,127,24.55,0
e2-nio-50,binary,50,bot_68,3375,b,4,37.05,25,82.82,123,40.18,0
e2-nio-50,binary,50,bot_68,3375,b,6,11.58,25,106.75,124,17.25,0
e2-nio-50,binary,50,bot_68,3375,b,8,29.51,25,83.36,121,37.64,0
e2-nio-50,binary,50,bot_68,3375,b,10,27.57,25,95.21,116,20.79,0
e2-nio-50,binary,50,bot_68,3375,b,12,26.13,25,93.89,127,33.11,0
e2-nio-50,binary,50,bot_68,3375,b,14,22.21,25,119.05,143,23.95,0
e2-nio-50,binary,50,bot_68,3375,b,16,9.64,25,141.82,157,15.18,0
e2-nio-50,binary,50,bot_68,3375,b,18,73.65,25,72.78,164,91.22,0
e2-nio-50,binary,50,bot_68,3375,b,20,62.72,25,97.09,158,60.91,0
e2-nio-50,binary,50,bot_68,3375,b,22,71.47,25,91.1,149,57.9,0
e2-nio-50,binary,50,bot_68,3375,b,24,67.18,25,132.6,201,68.4,0
e2-nio-50,binary,50,bot_68,3375,b,26,42.72,25,88.47,144,55.53,0
e2-nio-50,binary,50,bot_68,3375,b,28,47.72,25,108.09,157,48.91,0
e2-nio-50,binary,50,bot_68,3375,b,30,48.03,25,122.49,169,46.51,0
e2-nio-50,binary,50,bot_68,3375,b,32,27.1,25,135.01,182,46.99,0
e2-nio-50,binary,50,bot_68,3375,b,34,45.61,25,126.99,152,25.01,0
e2-nio-50,binary,50,bot_68,3375,b,36,32.67,25,150.73,178,27.27,0
e2-nio-50,binary,50,bot_68,3375,b,38,17.98,25,144.69,165,20.31,0
e2-nio-50,binary,50,bot_68,3375,b,40,19.66,25,118.43,140,21.57,0
e2-nio-50,binary,50,bot_68,3375,b,42,53.95,25,107.95,117,9.05,0
e2-nio-50,binary,50,bot_68,3375,b,44,46.32,25,59.84,107,47.16,0
e2-nio-50,binary,50,bot_68,3375,b,46,45.24,25,100.73,123,22.27,0
e2-nio-50,binary,50,bot_68,3375,b,48,33.34,25,76.25,113,36.75,0
e2-nio-50,binary,50,bot_68,3375,b,50,29.89,25,81.55,102,20.45,0
e2-nio-50,binary,50,bot_68,3375,b,52,12.41,25,88.77,106,17.23,0
e2-nio-50,binary,50,bot_68,3375,b,54,9.07,25,91.36,97,5.64,0
e2-nio-50,binary,50,bot_68,3375,b,56,5.16,25,71.99,86,14.01,0
e2-nio-50,binary,50,bot_68,3375,b,58,12.94,25,80.73,85,4.27,0
e2-nio-50,binary,50,bot_68,3375,b,60,3.67,25,62.64,70,7.36,0
e2-nio-50,binary,50,bot_69,3376,w,1,7.46,25,127.02,116,-11.02,0
e2-nio-50,binary,50,bot_69,3376,w,3,44.08,25,109.9,107,-2.9,0
e2-nio-50,binary,50,bot_69,3376,w,5,45.97,25,72.13,104,31.87,0
e2-nio-50,binary,50,bot_69,3376,w,7,44.3,25,78.22,105,26.78,0
e2-nio-50,binary,50,bot_69,3376,w,9,39.38,25,96.24,125,28.76,0
e2-nio-50,binary,50,bot_69,3376,w,11,33.48,25,97.87,115,17.13,0
e2-nio-50,binary,50,bot_69,3376,w,13,29.44,25,127.37,150,22.63,0
e2-nio-50,binary,50,bot_69,3376,w,15,20.27,25,125.62,145,19.38,0
e2-nio-50,binary,50,bot_69,3376,w,17,22.35,25,126.04,132,5.96,0
e2-nio-50,binary,50,bot_69,3376,w,19,13.3,25,145.72,149,3.28,0
e2-nio-50,binary,50,bot_69,3376,w,21,67.49,25,109.88,165,55.12,0
e2-nio-50,binary,50,bot_69,3376,w,23,65.98,25,126.66,186,59.34,0
e2-nio-50,binary,50,bot_69,3376,w,25,44.03,25,86.51,113,26.49,0
e2-nio-50,binary,50,bot_69,3376,w,27,50.09,25,117.58,156,38.42,0
e2-nio-50,binary,50,bot_69,3376,w,29,35.94,25,134.79,172,37.21,0
e2-nio-50,binary,50,bot_69,3376,w,31,16.07,25,117.27,147,29.73,0
e2-nio-50,binary,50,bot_69,3376,w,33,27.45,25,143.12,154,10.88,0
e2-nio-50,binary,50,bot_69,3376,w,35,25.3,25,168.38,180,11.62,0
e2-nio-50,binary,50,bot_69,3376,w,37,10.54,25,154.77,158,3.23,0
e2-nio-50,binary,50,bot_69,3376,w,39,60.11,25,75.92,135,59.08,0
e2-nio-50,binary,50,bot_69,3376,w,41,48.3,25,68.08,100,31.92,0
e2-nio-50,binary,50,bot_69,3376,w,43,27.63,25,78.4,100,21.6,0
e2-nio-50,binary,50,bot_69,3376,w,45,29.13,25,101.89,121,19.11,0
e2-nio-50,binary,50,bot_69,3376,w,47,16.43,25,92.95,103,10.05,0
e2-nio-50,binary,50,bot_69,3376,w,49,15.33,25,98.86,104,5.14,0
e2-nio-50,binary,50,bot_69,3376,w,51,44.92,25,105.43,100,-5.43,0
e2-nio-50,binary,50,bot_69,3376,w,53,27.2,25,66.37,89,22.63,0
e2-nio-50,binary,50,bot_69,3376,w,55,17.65,25,62.78,65,2.22,0
e2-nio-50,binary,50,bot_69,3376,w,57,10.28,25,71.89,79,7.11,0
e2-nio-50,binary,50,bot_69,3376,w,59,9.04,25,73.1,63,-10.1,0
e2-nio-50,binary,50,bot_70,3376,b,2,10.17,25,111,118,7,0
e2-nio-50,binary,50,bot_70,3376,b,4,44.58,25,76.54,121,44.46,0
e2-nio-50,binary,50,bot_70,3376,b,6,39.25,25,76.79,122,45.21,0
e2-nio-50,binary,50,bot_70,3376,b,8,41.37,25,72.3,116,43.7,0
e2-nio-50,binary,50,bot_70,3376,b,10,29.52,25,89.42,127,37.58,0
e2-nio-50,binary,50,bot_70,3376,b,12,35.83,25,89.78,122,32.22,0
e2-nio-50,binary,50,bot_70,3376,b,14,31.2,25,110.88,140,29.12,0
e2-nio-50,binary,50,bot_70,3376,b,16,18.33,25,142.81,162,19.19,0
e2-nio-50,binary,50,bot_70,3376,b,18,16.21,25,127.51,149,21.49,0
e2-nio-50,binary,50,bot_70,3376,b,20,67.17,25,131.76,144,12.24,0
e2-nio-50,binary,50,bot_70,3376,b,22,72.48,25,109.52,177,67.48,0
e2-nio-50,binary,50,bot_70,3376,b,24,41.06,25,105.89,167,61.11,0
e2-nio-50,binary,50,bot_70,3376,b,26,52.57,25,109.17,149,39.83,0
e2-nio-50,binary,50,bot_70,3376,b,28,50.1,25,117.04,162,44.96,0
e2-nio-50,binary,50,bot_70,3376,b,30,44.39,25,145.89,177,31.11,0
e2-nio-50,binary,50,bot_70,3376,b,32,24.83,25,115.23,126,10.77,0
e2-nio-50,binary,50,bot_70,3376,b,34,25.21,25,146.23,169,22.77,0
e2-nio-50,binary,50,bot_70,3376,b,36,17.38,25,148.52,169,20.48,0
e2-nio-50,binary,50,bot_70,3376,b,38,74.78,25,132.91,138,5.09,0
e2-nio-50,binary,50,bot_70,3376,b,40,44.54,25,72.27,127,54.73,0
e2-nio-50,binary,50,bot_70,3376,b,42,35.65,25,74.77,118,43.23,0
e2-nio-50,binary,50,bot_70,3376,b,44,32.94,25,78.16,100,21.84,0
e2-nio-50,binary,50,bot_70,3376,b,46,23.69,25,91.59,116,24.41,0
e2-nio-50,binary,50,bot_70,3376,b,48,19.56,25,84.6,96,11.4,0
e2-nio-50,binary,50,bot_70,3376,b,50,9.54,25,99.33,110,10.67,0
e2-nio-50,binary,50,bot_70,3376,b,52,36.54,25,63.96,103,39.04,0
e2-nio-50,binary,50,bot_70,3376,b,54,16.38,25,68.41,91,22.59,0
e2-nio-50,binary,50,bot_70,3376,b,56,20.92,25,66.24,79,12.76,0
e2-nio-50,binary,50,bot_70,3376,b,58,3.7,25,60.42,65,4.58,0
e2-nio-50,binary,50,bot_70,3376,b,60,10.37,25,62.17,66,3.83,0
e2-nio-50,binary,50,bot_71,3377,w,1,38,25,83.07,110,26.93,0
e2-nio-50,binary,50,bot_71,3377,w,3,35.27,25,85.15,99,13.85,0
e2-nio-50,binary,50,bot_71,3377,w,5,28.59,25,87.15,112,24.85,0
e2-nio-50,binary,50,bot_71,3377,w,7,34.55,25,79.29,102,22.71,0
e2-nio-50,binary,50,bot_71,3377,w,9,23.13,25,95.78,110,14.22,0
e2-nio-50,binary,50,bot_71,3377,w,11,26.59,25,99.5,111,11.5,0
e2-nio-50,binary,50,bot_71,3377,w,13,19.2,25,123.84,130,6.16,0
e2-nio-50,binary,50,bot_71,3377,w,15,11.12,25,149.69,147,-2.69,0
e2-nio-50,binary,50,bot_71,3377,w,17,68.94,25,87.77,142,54.23,0
e2-nio-50,binary,50,bot_71,3377,w,19,56.29,25,89.92,125,35.08,0
e2-nio-50,binary,50,bot_71,3377,w,21,59.62,25,122.1,163,40.9,0
e2-nio-50,binary,50,bot_71,3377,w,23,32.49,25,114.18,151,36.82,0
e2-nio-50,binary,50,bot_71,3377,w,25,44.5,25,117.23,140,22.77,0
e2-nio-50,binary,50,bot_71,3377,w,27,33.66,25,133.7,156,22.3,0
e2-nio-50,binary,50,bot_71,3377,w,29,29.58,25,161.38,174,12.62,0
e2-nio-50,binary,50,bot_71,3377,w,31,11.27,25,128.83,125,-3.83,0
e2-nio-50,binary,50,bot_71,3377,w,33,13.07,25,158.45,161,2.55,0
e2-nio-50,binary,50,bot_71,3377,w,35,88.75,25,156.4,155,-1.4,0
e2-nio-50,binary,50,bot_71,3377,w,37,59.76,25,78.52,129,50.48,0
e2-nio-50,binary,50,bot_71,3377,w,39,40.71,25,75.79,115,39.21,0
e2-nio-50,binary,50,bot_71,3377,w,41,33.34,25,76.91,105,28.09,0
e2-nio-50,binary,50,bot_71,3377,w,43,29.21,25,81.99,90,8.01,0
e2-nio-50,binary,50,bot_71,3377,w,45,21.26,25,93.48,103,9.52,0
e2-nio-50,binary,50,bot_71,3377,w,47,16.74,25,87.45,84,-3.45,0
e2-nio-50,binary,50,bot_71,3377,w,49,52.12,25,102.22,95,-7.22,0
e2-nio-50,binary,50,bot_71,3377,w,51,29.96,25,70.55,89,18.45,0
e2-nio-50,binary,50,bot_71,3377,w,53,13.81,25,70.9,80,9.1,0
e2-nio-50,binary,50,bot_71,3377,w,55,16.63,25,70.52,70,-0.52,0
e2-nio-50,binary,50,bot_71,3377,w,57,1.06,25,62.91,53,-9.91,0
e2-nio-50,binary,50,bot_71,3377,w,59,6.39,25,56.44,51,-5.44,0
e2-nio-50,binary,50,bot_72,3377,b,2,29.24,25,77.93,112,34.07,0
e2-nio-50,binary,50,bot_72,3377,b,4,40.53,25,77.48,110,32.52,0
e2-nio-50,binary,50,bot_72,3377,b,6,39.24,25,83.62,108,24.38,0
e2-nio-50,binary,50,bot_72,3377,b,8,31.16,25,104.31,135,30.69,0
e2-nio-50,binary,50,bot_72,3377,b,10,28.33,25,102.41,123,20.59,0
e2-nio-50,binary,50,bot_72,3377,b,12,22.53,25,133.89,156,22.11,0
e2-nio-50,binary,50,bot_72,3377,b,14,14.11,25,131.36,147,15.64,0
e2-nio-50,binary,50,bot_72,3377,b,16,70.09,25,136.63,144,7.38,0
e2-nio-50,binary,50,bot_72,3377,b,18,50.22,25,90.33,156,65.67,0
e2-nio-50,binary,50,bot_72,3377,b,20,56.8,25,120.91,173,52.09,0
e2-nio-50,binary,50,bot_72,3377,b,22,52.57,25,140.12,195,54.88,0
e2-nio-50,binary,50,bot_72,3377,b,24,37.49,25,93.19,119,25.81,0
e2-nio-50,binary,50,bot_72,3377,b,26,39.1,25,128.81,167,38.19,0
e2-nio-50,binary,50,bot_72,3377,b,28,28.91,25,141.7,170,28.3,0
e2-nio-50,binary,50,bot_72,3377,b,30,12.15,25,119.73,144,24.27,0
e2-nio-50,binary,50,bot_72,3377,b,32,19.26,25,151.78,156,4.22,0
e2-nio-50,binary,50,bot_72,3377,b,34,13.5,25,180.17,187,6.83,0
e2-nio-50,binary,50,bot_72,3377,b,36,67.89,25,87.05,170,82.95,0
e2-nio-50,binary,50,bot_72,3377,b,38,55.82,25,80.24,135,54.76,0
e2-nio-50,binary,50,bot_72,3377,b,40,45.23,25,71.74,107,35.26,0
e2-nio-50,binary,50,bot_72,3377,b,42,24.79,25,81.04,108,26.96,0
e2-nio-50,binary,50,bot_72,3377,b,44,26.53,25,104.81,128,23.19,0
e2-nio-50,binary,50,bot_72,3377,b,46,12.94,25,96.37,112,15.63,0
e2-nio-50,binary,50,bot_72,3377,b,48,9.43,25,104.99,116,11.01,0
e2-nio-50,binary,50,bot_72,3377,b,50,34.6,25,70.27,118,47.73,0
e2-nio-50,binary,50,bot_72,3377,b,52,24.86,25,68.59,92,23.41,0
e2-nio-50,binary,50,bot_72,3377,b,54,15.21,25,65.48,73,7.52,0
e2-nio-50,binary,50,bot_72,3377,b,56,7.79,25,74.78,86,11.22,0
e2-nio-50,binary,50,bot_72,3377,b,58,12.58,25,78.95,75,-3.95,0
e2-nio-50,binary,50,bot_72,3377,b,60,9.55,25,67.76,68,0.24,0
e2-nio-50,binary,50,bot_73,3378,w,1,43.98,25,109.5,97,-12.5,0
e2-nio-50,binary,50,bot_73,3378,w,3,48.47,25,64.72,92,27.28,0
e2-nio-50,binary,50,bot_73,3378,w,5,41.56,25,79.76,98,18.24,0
e2-nio-50,binary,50,bot_73,3378,w,7,45.13,25,76.01,99,22.99,0
e2-nio-50,binary,50,bot_73,3378,w,9,48.24,25,93.16,110,16.84,0
e2-nio-50,binary,50,bot_73,3378,w,11,26.49,25,125.94,134,8.06,0
e2-nio-50,binary,50,bot_73,3378,w,13,30.76,25,122.02,122,-0.02,0
e2-nio-50,binary,50,bot_73,3378,w,15,29.22,25,127.21,129,1.79,0
e2-nio-50,binary,50,bot_73,3378,w,17,23.13,25,122.61,117,-5.61,0
e2-nio-50,binary,50,bot_73,3378,w,19,17.89,25,164.42,156,-8.42,0
e2-nio-50,binary,50,bot_73,3378,w,21,69.6,25,139.03,129,-10.03,0
e2-nio-50,binary,50,bot_73,3378,w,23,71.04,25,82.94,137,54.06,0
e2-nio-50,binary,50,bot_73,3378,w,25,73.78,25,94.41,144,49.59,0
e2-nio-50,binary,50,bot_73,3378,w,27,53.26,25,110.3,163,52.7,0
e2-nio-50,binary,50,bot_73,3378,w,29,64.62,25,106.17,128,21.83,0
e2-nio-50,binary,50,bot_73,3378,w,31,67.28,25,117.67,151,33.33,0
e2-nio-50,binary,50,bot_73,3378,w,33,45.04,25,117.07,148,30.93,0
e2-nio-50,binary,50,bot_73,3378,w,35,40.42,25,97.39,125,27.61,0
e2-nio-50,binary,50,bot_73,3378,w,37,21.35,25,93.48,102,8.52,0
e2-nio-50,binary,50,bot_73,3378,w,39,14.67,25,94.57,98,3.43,0
e2-nio-50,binary,50,bot_73,3378,w,41,10.74,25,101.36,90,-11.36,0
e2-nio-50,binary,50,bot_73,3378,w,43,49.42,25,60.31,103,42.69,0
e2-nio-50,binary,50,bot_73,3378,w,45,49.03,25,62.37,82,19.63,0
e2-nio-50,binary,50,bot_73,3378,w,47,30.38,25,71.05,90,18.95,0
e2-nio-50,binary,50,bot_73,3378,w,49,19.68,25,80.58,79,-1.58,0
e2-nio-50,binary,50,bot_73,3378,w,51,5.22,25,78.78,72,-6.78,0
e2-nio-50,binary,50,bot_73,3378,w,53,21.95,25,84.13,69,-15.13,0
e2-nio-50,binary,50,bot_73,3378,w,55,14.66,25,52.13,49,-3.13,0
e2-nio-50,binary,50,bot_73,3378,w,57,4.77,25,57.47,42,-15.47,0
e2-nio-50,binary,50,bot_73,3378,w,59,6.76,25,62.22,47,-15.22,0
e2-nio-50,binary,50,bot_74,3378,b,2,52.16,25,82.56,105,22.44,0
e2-nio-50,binary,50,bot_74,3378,b,4,43.07,25,76.72,102,25.28,0
e2-nio-50,binary,50,bot_74,3378,b,6,47.94,25,94.02,113,18.98,0
e2-nio-50,binary,50,bot_74,3378,b,8,41.53,25,79.92,103,23.08,0
e2-nio-50,binary,50,bot_74,3378,b,10,33.31,25,107.82,133,25.18,0
e2-nio-50,binary,50,bot_74,3378,b,12,24.07,25,119.2,123,3.8,0
e2-nio-50,binary,50,bot_74,3378,b,14,25.58,25,128.37,136,7.63,0
e2-nio-50,binary,50,bot_74,3378,b,16,19.74,25,120.88,127,6.12,0
e2-nio-50,binary,50,bot_74,3378,b,18,16.03,25,161.01,161,-0.01,0
e2-nio-50,binary,50,bot_74,3378,b,20,11.75,25,180.83,176,-4.83,0
e2-nio-50,binary,50,bot_74,3378,b,22,75.91,25,71.23,121,49.77,0
e2-nio-50,binary,50,bot_74,3378,b,24,71.27,25,109.39,160,50.61,0
e2-nio-50,binary,50,bot_74,3378,b,26,74.2,25,109.41,163,53.59,0
e2-nio-50,binary,50,bot_74,3378,b,28,44.04,25,75.43,107,31.57,0
e2-nio-50,binary,50,bot_74,3378,b,30,55.92,25,106.18,150,43.82,0
e2-nio-50,binary,50,bot_74,3378,b,32,52.67,25,130.09,177,46.91,0
e2-nio-50,binary,50,bot_74,3378,b,34,49.66,25,106.26,131,24.74,0
e2-nio-50,binary,50,bot_74,3378,b,36,29.89,25,105.87,125,19.13,0
e2-nio-50,binary,50,bot_74,3378,b,38,26.39,25,92.53,94,1.47,0
e2-nio-50,binary,50,bot_74,3378,b,40,10,25,94.02,88,-6.02,0
e2-nio-50,binary,50,bot_74,3378,b,42,64.34,25,123.19,113,-10.19,0
e2-nio-50,binary,50,bot_74,3378,b,44,42.85,25,60.81,90,29.19,0
e2-nio-50,binary,50,bot_74,3378,b,46,41.19,25,73.06,102,28.94,0
e2-nio-50,binary,50,bot_74,3378,b,48,21.03,25,83.57,93,9.43,0
e2-nio-50,binary,50,bot_74,3378,b,50,15.37,25,77.85,78,0.15,0
e2-nio-50,binary,50,bot_74,3378,b,52,7.89,25,73.09,58,-15.09,0
e2-nio-50,binary,50,bot_74,3378,b,54,19.04,25,65.49,67,1.51,0
e2-nio-50,binary,50,bot_74,3378,b,56,7.25,25,60.13,54,-6.13,0
e2-nio-50,binary,50,bot_74,3378,b,58,6.48,25,71.18,55,-16.18,0
e2-nio-50,binary,50,bot_74,3378,b,60,11.77,25,74.5,61,-13.5,0
e2-nio-50,binary,50,bot_75,3379,w,1,16.63,25,94.04,120,25.96,0
e2-nio-50,binary,50,bot_75,3379,w,3,20.79,25,92.24,112,19.76,0
e2-nio-50,binary,50,bot_75,3379,w,5,18.29,25,105.04,115,9.96,0
e2-nio-50,binary,50,bot_75,3379,w,7,10.02,25,110.42,123,12.58,0
e2-nio-50,binary,50,bot_75,3379,w,9,66.8,25,91.71,148,56.29,0
e2-nio-50,binary,50,bot_75,3379,w,11,55.12,25,91.67,149,57.33,0
e2-nio-50,binary,50,bot_75,3379,w,13,56.3,25,90.37,144,53.63,0
e2-nio-50,binary,50,bot_75,3379,w,15,48.3,25,112.4,152,39.6,0
e2-nio-50,binary,50,bot_75,3379,w,17,51.66,25,111.95,147,35.05,0
e2-nio-50,binary,50,bot_75,3379,w,19,47.95,25,151.6,187,35.4,0
e2-nio-50,binary,50,bot_75,3379,w,21,27.54,25,102.76,131,28.24,0
e2-nio-50,binary,50,bot_75,3379,w,23,32.16,25,124.7,152,27.3,0
e2-nio-50,binary,50,bot_75,3379,w,25,26.69,25,144.93,161,16.07,0
e2-nio-50,binary,50,bot_75,3379,w,27,12.7,25,147.97,168,20.03,0
e2-nio-50,binary,50,bot_75,3379,w,29,16.76,25,156.64,161,4.36,0
e2-nio-50,binary,50,bot_75,3379,w,31,82.26,25,111.01,187,75.99,0
e2-nio-50,binary,50,bot_75,3379,w,33,59.53,25,107.07,162,54.93,0
e2-nio-50,binary,50,bot_75,3379,w,35,39.64,25,101.32,133,31.68,0
e2-nio-50,binary,50,bot_75,3379,w,37,32.05,25,75.38,105,29.62,0
e2-nio-50,binary,50,bot_75,3379,w,39,27.82,25,80.27,107,26.73,0
e2-nio-50,binary,50,bot_75,3379,w,41,29.14,25,116.59,121,4.41,0
e2-nio-50,binary,50,bot_75,3379,w,43,15.8,25,94.13,107,12.88,0
e2-nio-50,binary,50,bot_75,3379,w,45,7.57,25,103.86,107,3.14,0
e2-nio-50,binary,50,bot_75,3379,w,47,39.97,25,73.13,116,42.87,0
e2-nio-50,binary,50,bot_75,3379,w,49,31.24,25,67.78,94,26.22,0
e2-nio-50,binary,50,bot_75,3379,w,51,18.39,25,62.64,75,12.36,0
e2-nio-50,binary,50,bot_75,3379,w,53,18.33,25,73.14,80,6.86,0
e2-nio-50,binary,50,bot_75,3379,w,55,8.08,25,67.81,78,10.19,0
e2-nio-50,binary,50,bot_75,3379,w,57,4.83,25,62.43,65,2.57,0
e2-nio-50,binary,50,bot_75,3379,w,59,1.21,25,55.63,53,-2.63,0
e2-nio-50,binary,50,bot_76,3379,b,2,25.98,25,90.05,89,-1.05,0
e2-nio-50,binary,50,bot_76,3379,b,4,15.18,25,103.21,107,3.79,0
e2-nio-50,binary,50,bot_76,3379,b,6,19.86,25,120.57,122,1.43,0
e2-nio-50,binary,50,bot_76,3379,b,8,62.98,25,112.81,106,-6.81,0
e2-nio-50,binary,50,bot_76,3379,b,10,62.59,25,78.58,128,49.42,0
e2-nio-50,binary,50,bot_76,3379,b,12,59.31,25,102.12,139,36.88,0
e2-nio-50,binary,50,bot_76,3379,b,14,44.89,25,98.82,137,38.18,0
e2-nio-50,binary,50,bot_76,3379,b,16,41.88,25,97.38,128,30.62,0
e2-nio-50,binary,50,bot_76,3379,b,18,42.29,25,128.03,162,33.97,0
e2-nio-50,binary,50,bot_76,3379,b,20,35.68,25,136.32,167,30.68,0
e2-nio-50,binary,50,bot_76,3379,b,22,34.92,25,112.03,123,10.97,0
e2-nio-50,binary,50,bot_76,3379,b,24,22.51,25,155.04,170,14.96,0
e2-nio-50,binary,50,bot_76,3379,b,26,27.54,25,155.56,166,10.44,0
e2-nio-50,binary,50,bot_76,3379,b,28,10.89,25,109.39,104,-5.39,0
e2-nio-50,binary,50,bot_76,3379,b,30,82.52,25,151.26,150,-1.26,0
e2-nio-50,binary,50,bot_76,3379,b,32,62.07,25,104.37,169,64.63,0
e2-nio-50,binary,50,bot_76,3379,b,34,38.95,25,102.59,145,42.41,0
e2-nio-50,binary,50,bot_76,3379,b,36,36.22,25,95.56,119,23.44,0
e2-nio-50,binary,50,bot_76,3379,b,38,33.28,25,87.98,104,16.02,0
e2-nio-50,binary,50,bot_76,3379,b,40,10.86,25,74.57,86,11.43,0
e2-nio-50,binary,50,bot_76,3379,b,42,20.65,25,102.84,115,12.16,0
e2-nio-50,binary,50,bot_76,3379,b,44,9.9,25,91.64,91,-0.64,0
e2-nio-50,binary,50,bot_76,3379,b,46,50.49,25,108.25,100,-8.25,0
e2-nio-50,binary,50,bot_76,3379,b,48,32.17,25,65.54,88,22.46,0
e2-nio-50,binary,50,bot_76,3379,b,50,18.64,25,59.08,72,12.92,0
e2-nio-50,binary,50,bot_76,3379,b,52,14,25,71.57,74,2.43,0
e2-nio-50,binary,50,bot_76,3379,b,54,16.8,25,68.93,71,2.07,0
e2-nio-50,binary,50,bot_76,3379,b,56,9.08,25,61.35,52,-9.35,0
e2-nio-50,binary,50,bot_76,3379,b,58,4.01,25,68.56,57,-11.56,0
e2-nio-50,binary,50,bot_76,3379,b,60,1.86,25,61.7,47,-14.7,0
e2-nio-50,binary,50,bot_77,3380,w,1,39.77,25,76.46,105,28.54,0
e2-nio-50,binary,50,bot_77,3380,w,3,42.74,25,70.86,99,28.14,0
e2-nio-50,binary,50,bot_77,3380,w,5,29.67,25,88.66,111,22.34,0
e2-nio-50,binary,50,bot_77,3380,w,7,37.02,25,88.42,103,14.58,0
e2-nio-50,binary,50,bot_77,3380,w,9,32.57,25,109.39,121,11.61,0
e2-nio-50,binary,50,bot_77,3380,w,11,19.88,25,141.26,145,3.74,0
e2-nio-50,binary,50,bot_77,3380,w,13,17.72,25,125.99,132,6.01,0
e2-nio-50,binary,50,bot_77,3380,w,15,67.53,25,131.08,128,-3.08,0
e2-nio-50,binary,50,bot_77,3380,w,17,74.03,25,107.87,159,51.13,0
e2-nio-50,binary,50,bot_77,3380,w,19,42.43,25,104.73,154,49.27,0
e2-nio-50,binary,50,bot_77,3380,w,21,54.54,25,107.32,135,27.68,0
e2-nio-50,binary,50,bot_77,3380,w,23,52.23,25,115.15,149,33.85,0
e2-nio-50,binary,50,bot_77,3380,w,25,47.15,25,143.01,163,19.99,0
e2-nio-50,binary,50,bot_77,3380,w,27,28.47,25,111.55,110,-1.55,0
e2-nio-50,binary,50,bot_77,3380,w,29,27.68,25,143.71,155,11.29,0
e2-nio-50,binary,50,bot_77,3380,w,31,21.68,25,144.22,153,8.78,0
e2-nio-50,binary,50,bot_77,3380,w,33,14.58,25,127.38,121,-6.37,0
e2-nio-50,binary,50,bot_77,3380,w,35,47.5,25,69.7,118,48.3,0
e2-nio-50,binary,50,bot_77,3380,w,37,39.7,25,71.11,103,31.89,0
e2-nio-50,binary,50,bot_77,3380,w,39,37.43,25,73.53,85,11.47,0
e2-nio-50,binary,50,bot_77,3380,w,41,23.79,25,91.85,104,12.15,0
e2-nio-50,binary,50,bot_77,3380,w,43,22.63,25,81.36,81,-0.36,0
e2-nio-50,binary,50,bot_77,3380,w,45,13.49,25,95.32,97,1.68,0
e2-nio-50,binary,50,bot_77,3380,w,47,46.66,25,92.16,84,-8.16,0
e2-nio-50,binary,50,bot_77,3380,w,49,18.74,25,66.45,79,12.55,0
e2-nio-50,binary,50,bot_77,3380,w,51,25.75,25,61.4,63,1.6,0
e2-nio-50,binary,50,bot_77,3380,w,53,5.88,25,56.7,52,-4.7,0
e2-nio-50,binary,50,bot_77,3380,w,55,3.55,25,60.14,54,-6.14,0
e2-nio-50,binary,50,bot_77,3380,w,57,7.29,25,62.76,63,0.24,0
e2-nio-50,binary,50,bot_77,3380,w,59,4.7,25,82.76,70,-12.76,0
e2-nio-50,binary,50,bot_78,3380,b,2,47.52,25,75.25,105,29.75,0
e2-nio-50,binary,50,bot_78,3380,b,4,42.8,25,92.85,126,33.15,0
e2-nio-50,binary,50,bot_78,3380,b,6,35.75,25,96.16,116,19.84,0
e2-nio-50,binary,50,bot_78,3380,b,8,31.78,25,125.03,151,25.97,0
e2-nio-50,binary,50,bot_78,3380,b,10,24.05,25,121.87,144,22.13,0
e2-nio-50,binary,50,bot_78,3380,b,12,25.4,25,122.85,133,10.15,0
e2-nio-50,binary,50,bot_78,3380,b,14,15.9,25,143.27,150,6.73,0
e2-nio-50,binary,50,bot_78,3380,b,16,70.7,25,106.67,164,57.33,0
e2-nio-50,binary,50,bot_78,3380,b,18,69.61,25,123,186,63,0
e2-nio-50,binary,50,bot_78,3380,b,20,47.07,25,83.38,115,31.62,0
e2-nio-50,binary,50,bot_78,3380,b,22,53.38,25,114.24,157,42.76,0
e2-nio-50,binary,50,bot_78,3380,b,24,39.28,25,131.38,173,41.62,0
e2-nio-50,binary,50,bot_78,3380,b,26,18.3,25,115.14,150,34.86,0
e2-nio-50,binary,50,bot_78,3380,b,28,29.65,25,140.87,157,16.13,0
e2-nio-50,binary,50,bot_78,3380,b,30,28.68,25,165.03,181,15.97,0
e2-nio-50,binary,50,bot_78,3380,b,32,12.83,25,152.59,162,9.41,0
e2-nio-50,binary,50,bot_78,3380,b,34,68.18,25,133.25,136,2.75,0
e2-nio-50,binary,50,bot_78,3380,b,36,51.03,25,64.89,101,36.11,0
e2-nio-50,binary,50,bot_78,3380,b,38,30.5,25,75.64,103,27.36,0
e2-nio-50,binary,50,bot_78,3380,b,40,31.28,25,99.67,126,26.33,0
e2-nio-50,binary,50,bot_78,3380,b,42,19.22,25,90.2,103,12.8,0
e2-nio-50,binary,50,bot_78,3380,b,44,20.77,25,93.41,105,11.59,0
e2-nio-50,binary,50,bot_78,3380,b,46,11.2,25,100.78,103,2.22,0
e2-nio-50,binary,50,bot_78,3380,b,48,32.14,25,61.44,96,34.56,0
e2-nio-50,binary,50,bot_78,3380,b,50,20.37,25,60,67,7,0
e2-nio-50,binary,50,bot_78,3380,b,52,13.42,25,68.75,83,14.25,0
e2-nio-50,binary,50,bot_78,3380,b,54,12.85,25,70.87,65,-5.87,0
e2-nio-50,binary,50,bot_78,3380,b,56,19.56,25,66.27,58,-8.27,0
e2-nio-50,binary,50,bot_78,3380,b,58,6.34,25,71.31,67,-4.31,0
e2-nio-50,binary,50,bot_78,3380,b,60,6.87,25,70.81,65,-5.81,0
e2-nio-50,binary,50,bot_79,3381,w,1,47.46,25,65.74,103,37.26,0
e2-nio-50,binary,50,bot_79,3381,w,3,34.12,25,83.99,112,28.01,0
e2-nio-50,binary,50,bot_79,3381,w,5,43.64,25,81.05,98,16.95,0
e2-nio-50,binary,50,bot_79,3381,w,7,42.29,25,99.41,117,17.59,0
e2-nio-50,binary,50,bot_79,3381,w,9,30.89,25,130.36,136,5.64,0
e2-nio-50,binary,50,bot_79,3381,w,11,28.89,25,115.09,124,8.91,0
e2-nio-50,binary,50,bot_79,3381,w,13,13.55,25,125.36,128,2.64,0
e2-nio-50,binary,50,bot_79,3381,w,15,16.8,25,154.69,150,-4.69,0
e2-nio-50,binary,50,bot_79,3381,w,17,12.03,25,160.94,148,-12.94,0
e2-nio-50,binary,50,bot_79,3381,w,19,9.61,25,137.61,128,-9.61,0
e2-nio-50,binary,50,bot_79,3381,w,21,66.3,25,100.97,165,64.03,0
e2-nio-50,binary,50,bot_79,3381,w,23,65.14,25,125.25,160,34.75,0
e2-nio-50,binary,50,bot_79,3381,w,25,49.43,25,90.77,104,13.23,0
e2-nio-50,binary,50,bot_79,3381,w,27,46.99,25,124.81,144,19.19,0
e2-nio-50,binary,50,bot_79,3381,w,29,37,25,129.78,161,31.22,0
e2-nio-50,binary,50,bot_79,3381,w,31,23.32,25,117.98,130,12.02,0
e2-nio-50,binary,50,bot_79,3381,w,33,16.2,25,114.8,110,-4.8,0
e2-nio-50,binary,50,bot_79,3381,w,35,9.85,25,111.64,105,-6.64,0
e2-nio-50,binary,50,bot_79,3381,w,37,53.41,25,99.68,90,-9.68,0
e2-nio-50,binary,50,bot_79,3381,w,39,36.97,25,79.11,105,25.89,0
e2-nio-50,binary,50,bot_79,3381,w,41,35.62,25,68.56,77,8.44,0
e2-nio-50,binary,50,bot_79,3381,w,43,24.43,25,84.37,99,14.63,0
e2-nio-50,binary,50,bot_79,3381,w,45,16.21,25,82.13,85,2.88,0
e2-nio-50,binary,50,bot_79,3381,w,47,8,25,69.05,60,-9.05,0
e2-nio-50,binary,50,bot_79,3381,w,49,6.37,25,79.42,67,-12.42,0
e2-nio-50,binary,50,bot_79,3381,w,51,9.35,25,77.42,63,-14.42,0
e2-nio-50,binary,50,bot_79,3381,w,53,2.23,25,68.58,49,-19.58,0
e2-nio-50,binary,50,bot_79,3381,w,55,8.93,25,67.68,58,-9.68,0
e2-nio-50,binary,50,bot_79,3381,w,57,17.08,25,69.55,64,-5.55,0
e2-nio-50,binary,50,bot_79,3381,w,59,12.72,25,77.16,73,-4.16,0
e2-nio-50,binary,50,bot_80,3381,b,2,54.31,25,81.46,99,17.54,0
e2-nio-50,binary,50,bot_80,3381,b,4,43.44,25,89.42,93,3.58,0
e2-nio-50,binary,50,bot_80,3381,b,6,43.96,25,113.62,127,13.38,0
e2-nio-50,binary,50,bot_80,3381,b,8,32.85,25,113.52,126,12.48,0
e2-nio-50,binary,50,bot_80,3381,b,10,36.25,25,111.01,112,0.99,0
e2-nio-50,binary,50,bot_80,3381,b,12,29.03,25,130.78,129,-1.78,0
e2-nio-50,binary,50,bot_80,3381,b,14,21.44,25,143.87,128,-15.87,0
e2-nio-50,binary,50,bot_80,3381,b,16,15.53,25,182.99,169,-13.99,0
e2-nio-50,binary,50,bot_80,3381,b,18,14.51,25,112.25,98,-14.25,0
e2-nio-50,binary,50,bot_80,3381,b,20,88.7,25,145.98,129,-16.98,0
e2-nio-50,binary,50,bot_80,3381,b,22,58.78,25,112.17,152,39.83,0
e2-nio-50,binary,50,bot_80,3381,b,24,38.48,25,95.89,134,38.11,0
e2-nio-50,binary,50,bot_80,3381,b,26,44.52,25,124.45,148,23.55,0
e2-nio-50,binary,50,bot_80,3381,b,28,56,25,137.11,159,21.89,0
e2-nio-50,binary,50,bot_80,3381,b,30,36.49,25,129.48,139,9.52,0
e2-nio-50,binary,50,bot_80,3381,b,32,19.19,25,121.28,117,-4.28,0
e2-nio-50,binary,50,bot_80,3381,b,34,16.97,25,90.29,80,-10.29,0
e2-nio-50,binary,50,bot_80,3381,b,36,14.11,25,95.04,78,-17.04,0
e2-nio-50,binary,50,bot_80,3381,b,38,50.15,25,80.12,106,25.88,0
e2-nio-50,binary,50,bot_80,3381,b,40,33.2,25,76.06,86,9.94,0
e2-nio-50,binary,50,bot_80,3381,b,42,39.87,25,73.79,83,9.21,0
e2-nio-50,binary,50,bot_80,3381,b,44,26.8,25,85.89,84,-1.89,0
e2-nio-50,binary,50,bot_80,3381,b,46,15.73,25,82.67,71,-11.67,0
e2-nio-50,binary,50,bot_80,3381,b,48,10.73,25,70.23,52,-18.23,0
e2-nio-50,binary,50,bot_80,3381,b,50,10.96,25,79.82,59,-20.82,0
e2-nio-50,binary,50,bot_80,3381,b,52,5.7,25,69.01,52,-17.01,0
e2-nio-50,binary,50,bot_80,3381,b,54,13.48,25,68.57,44,-24.57,0
e2-nio-50,binary,50,bot_80,3381,b,56,17.53,25,70.79,52,-18.79,0
e2-nio-50,binary,50,bot_80,3381,b,58,13.6,25,64.98,61,-3.98,0
e2-nio-50,binary,50,bot_80,3381,b,60,5.98,25,58.45,50,-8.45,0
e2-nio-50,binary,50,bot_81,3382,w,1,58.24,25,77.95,102,24.05,0
e2-nio-50,binary,50,bot_81,3382,w,3,46,25,87.27,91,3.73,0
e2-nio-50,binary,50,bot_81,3382,w,5,50.16,25,107.57,121,13.43,0
e2-nio-50,binary,50,bot_81,3382,w,7,37.92,25,108.71,123,14.29,0
e2-nio-50,binary,50,bot_81,3382,w,9,42.48,25,104.73,110,5.27,0
e2-nio-50,binary,50,bot_81,3382,w,11,33.23,25,127.5,129,1.5,0
e2-nio-50,binary,50,bot_81,3382,w,13,27.76,25,136.98,122,-14.98,0
e2-nio-50,binary,50,bot_81,3382,w,15,22.55,25,175.73,165,-10.73,0
e2-nio-50,binary,50,bot_81,3382,w,17,10.55,25,116.21,106,-10.21,0
e2-nio-50,binary,50,bot_81,3382,w,19,70.45,25,96.51,144,47.49,0
e2-nio-50,binary,50,bot_81,3382,w,21,52.6,25,118.35,155,36.65,0
e2-nio-50,binary,50,bot_81,3382,w,23,34.04,25,100.21,136,35.79,0
e2-nio-50,binary,50,bot_81,3382,w,25,40.62,25,128.51,148,19.49,0
e2-nio-50,binary,50,bot_81,3382,w,27,48.25,25,144.98,162,17.02,0
e2-nio-50,binary,50,bot_81,3382,w,29,32.34,25,133.62,140,6.38,0
e2-nio-50,binary,50,bot_81,3382,w,31,14.97,25,125.49,120,-5.49,0
e2-nio-50,binary,50,bot_81,3382,w,33,10.85,25,96.48,83,-13.48,0
e2-nio-50,binary,50,bot_81,3382,w,35,50.26,25,101.29,80,-21.29,0
e2-nio-50,binary,50,bot_81,3382,w,37,43.08,25,87.25,107,19.75,0
e2-nio-50,binary,50,bot_81,3382,w,39,27,25,82.69,89,6.31,0
e2-nio-50,binary,50,bot_81,3382,w,41,33.16,25,80.59,87,6.41,0
e2-nio-50,binary,50,bot_81,3382,w,43,21.16,25,91.61,85,-6.61,0
e2-nio-50,binary,50,bot_81,3382,w,45,10.74,25,87.79,74,-13.79,0
e2-nio-50,binary,50,bot_81,3382,w,47,7.61,25,73.38,53,-20.37,0
e2-nio-50,binary,50,bot_81,3382,w,49,7.34,25,83.47,60,-23.47,0
e2-nio-50,binary,50,bot_81,3382,w,51,23.18,25,71.66,51,-20.66,0
e2-nio-50,binary,50,bot_81,3382,w,53,10.74,25,64.66,41,-23.66,0
e2-nio-50,binary,50,bot_81,3382,w,55,15.18,25,73.3,51,-22.3,0
e2-nio-50,binary,50,bot_81,3382,w,57,11.79,25,66.72,57,-9.72,0
e2-nio-50,binary,50,bot_81,3382,w,59,1.77,25,62.85,51,-11.85,0
e2-nio-50,binary,50,bot_82,3382,b,2,35.66,25,82.42,113,30.58,0
e2-nio-50,binary,50,bot_82,3382,b,4,45.55,25,79.14,96,16.86,0
e2-nio-50,binary,50,bot_82,3382,b,6,45.78,25,95.74,117,21.26,0
e2-nio-50,binary,50,bot_82,3382,b,8,36.5,25,124.75,135,10.25,0
e2-nio-50,binary,50,bot_82,3382,b,10,33.5,25,109.54,123,13.46,0
e2-nio-50,binary,50,bot_82,3382,b,12,17.21,25,121.8,126,4.2,0
e2-nio-50,binary,50,bot_82,3382,b,14,21.85,25,149.67,148,-1.67,0
e2-nio-50,binary,50,bot_82,3382,b,16,16.5,25,157.7,152,-5.7,0
e2-nio-50,binary,50,bot_82,3382,b,18,75.45,25,139.59,124,-15.59,0
e2-nio-50,binary,50,bot_82,3382,b,20,65.01,25,102.19,146,43.81,0
e2-nio-50,binary,50,bot_82,3382,b,22,62.93,25,127.32,154,26.68,0
e2-nio-50,binary,50,bot_82,3382,b,24,47.34,25,92.74,100,7.26,0
e2-nio-50,binary,50,bot_82,3382,b,26,44.88,25,126.68,140,13.32,0
e2-nio-50,binary,50,bot_82,3382,b,28,34.84,25,131.64,154,22.36,0
e2-nio-50,binary,50,bot_82,3382,b,30,22.24,25,119.03,126,6.97,0
e2-nio-50,binary,50,bot_82,3382,b,32,14.34,25,116.56,104,-12.56,0
e2-nio-50,binary,50,bot_82,3382,b,34,7.37,25,114.03,99,-15.03,0
e2-nio-50,binary,50,bot_82,3382,b,36,47.29,25,63.64,88,24.36,0
e2-nio-50,binary,50,bot_82,3382,b,38,34.43,25,81.45,99,17.55,0
e2-nio-50,binary,50,bot_82,3382,b,40,33.81,25,69.75,70,0.25,0
e2-nio-50,binary,50,bot_82,3382,b,42,22.16,25,86.52,93,6.48,0
e2-nio-50,binary,50,bot_82,3382,b,44,14.22,25,84.04,79,-5.04,0
e2-nio-50,binary,50,bot_82,3382,b,46,7.75,25,68.86,54,-14.86,0
e2-nio-50,binary,50,bot_82,3382,b,48,4.76,25,81.39,62,-19.39,0
e2-nio-50,binary,50,bot_82,3382,b,50,7.41,25,79.43,60,-19.43,0
e2-nio-50,binary,50,bot_82,3382,b,52,4.75,25,52.54,50,-2.54,0
e2-nio-50,binary,50,bot_82,3382,b,54,6.23,25,70.56,56,-14.56,0
e2-nio-50,binary,50,bot_82,3382,b,56,14.06,25,72.8,63,-9.8,0
e2-nio-50,binary,50,bot_82,3382,b,58,9.43,25,80.55,73,-7.55,0
e2-nio-50,binary,50,bot_82,3382,b,60,2.08,25,75.35,57,-18.35,0
e2-nio-50,binary,50,bot_83,3383,w,1,36.4,25,81.46,124,42.54,0
e2-nio-50,binary,50,bot_83,3383,w,3,47.62,25,77.46,98,20.54,0
e2-nio-50,binary,50,bot_83,3383,w,5,48.5,25,92.78,118,25.22,0
e2-nio-50,binary,50,bot_83,3383,w,7,40.14,25,120.94,134,13.06,0
e2-nio-50,binary,50,bot_83,3383,w,9,35.97,25,107.07,125,17.93,0
e2-nio-50,binary,50,bot_83,3383,w,11,20.4,25,118.69,126,7.31,0
e2-nio-50,binary,50,bot_83,3383,w,13,25.13,25,146.56,152,5.44,0
e2-nio-50,binary,50,bot_83,3383,w,15,19.04,25,156.42,159,2.58,0
e2-nio-50,binary,50,bot_83,3383,w,17,65.94,25,96.25,134,37.75,0
e2-nio-50,binary,50,bot_83,3383,w,19,63.34,25,103.81,145,41.19,0
e2-nio-50,binary,50,bot_83,3383,w,21,60.58,25,129.61,154,24.39,0
e2-nio-50,binary,50,bot_83,3383,w,23,44.65,25,95.4,102,6.6,0
e2-nio-50,binary,50,bot_83,3383,w,25,42.85,25,128.68,142,13.32,0
e2-nio-50,binary,50,bot_83,3383,w,27,32.78,25,133.65,153,19.35,0
e2-nio-50,binary,50,bot_83,3383,w,29,20.78,25,120.51,124,3.49,0
e2-nio-50,binary,50,bot_83,3383,w,31,12.14,25,118.76,107,-11.76,0
e2-nio-50,binary,50,bot_83,3383,w,33,49.64,25,116.79,100,-16.79,0
e2-nio-50,binary,50,bot_83,3383,w,35,44.3,25,66.34,81,14.66,0
e2-nio-50,binary,50,bot_83,3383,w,37,31.33,25,84.5,100,15.5,0
e2-nio-50,binary,50,bot_83,3383,w,39,30.64,25,72.94,74,1.06,0
e2-nio-50,binary,50,bot_83,3383,w,41,17.07,25,91.61,97,5.39,0
e2-nio-50,binary,50,bot_83,3383,w,43,10.14,25,88.25,82,-6.25,0
e2-nio-50,binary,50,bot_83,3383,w,45,2.96,25,73.58,57,-16.58,0
e2-nio-50,binary,50,bot_83,3383,w,47,4.38,25,81.78,59,-22.78,0
e2-nio-50,binary,50,bot_83,3383,w,49,15.09,25,82.86,62,-20.86,0
e2-nio-50,binary,50,bot_83,3383,w,51,7.61,25,56.38,47,-9.38,0
e2-nio-50,binary,50,bot_83,3383,w,53,5.68,25,71.14,53,-18.14,0
e2-nio-50,binary,50,bot_83,3383,w,55,8.94,25,78.09,65,-13.09,0
e2-nio-50,binary,50,bot_83,3383,w,57,19.07,25,86.94,75,-11.94,0
e2-nio-50,binary,50,bot_83,3383,w,59,13.57,25,65.52,65,-0.52,0
e2-nio-50,binary,50,bot_84,3383,b,2,47.7,25,85.75,90,4.25,0
e2-nio-50,binary,50,bot_84,3383,b,4,53.15,25,104.69,120,15.31,0
e2-nio-50,binary,50,bot_84,3383,b,6,41.28,25,105.42,121,15.58,0
e2-nio-50,binary,50,bot_84,3383,b,8,46.3,25,101.28,107,5.72,0
e2-nio-50,binary,50,bot_84,3383,b,10,36.43,25,124.28,129,4.72,0
e2-nio-50,binary,50,bot_84,3383,b,12,35.04,25,129.45,117,-12.45,0
e2-nio-50,binary,50,bot_84,3383,b,14,30.84,25,167.38,159,-8.38,0
e2-nio-50,binary,50,bot_84,3383,b,16,61.43,25,118.25,108,-10.25,0
e2-nio-50,binary,50,bot_84,3383,b,18,66.88,25,100.27,138,37.73,0
e2-nio-50,binary,50,bot_84,3383,b,20,50.4,25,120.63,155,34.38,0
e2-nio-50,binary,50,bot_84,3383,b,22,31.46,25,102.67,136,33.33,0
e2-nio-50,binary,50,bot_84,3383,b,24,39.39,25,130.11,147,16.89,0
e2-nio-50,binary,50,bot_84,3383,b,26,44.52,25,148.98,164,15.02,0
e2-nio-50,binary,50,bot_84,3383,b,28,28.76,25,137.17,142,4.83,0
e2-nio-50,binary,50,bot_84,3383,b,30,13.68,25,126.63,120,-6.63,0
e2-nio-50,binary,50,bot_84,3383,b,32,8.86,25,98.55,83,-15.55,0
e2-nio-50,binary,50,bot_84,3383,b,34,40.63,25,66.29,88,21.71,0
e2-nio-50,binary,50,bot_84,3383,b,36,40.81,25,89.75,106,16.25,0
e2-nio-50,binary,50,bot_84,3383,b,38,25.83,25,83.91,86,2.09,0
e2-nio-50,binary,50,bot_84,3383,b,40,30.46,25,83.4,85,1.6,0
e2-nio-50,binary,50,bot_84,3383,b,42,18.61,25,94.15,83,-11.15,0
e2-nio-50,binary,50,bot_84,3383,b,44,7.33,25,91.24,72,-19.24,0
e2-nio-50,binary,50,bot_84,3383,b,46,4.09,25,77.01,52,-25.01,0
e2-nio-50,binary,50,bot_84,3383,b,48,3.62,25,87.48,63,-24.48,0
e2-nio-50,binary,50,bot_84,3383,b,50,16.48,25,67.34,54,-13.34,0
e2-nio-50,binary,50,bot_84,3383,b,52,7.68,25,61.19,40,-21.19,0
e2-nio-50,binary,50,bot_84,3383,b,54,11.88,25,76.1,53,-23.1,0
e2-nio-50,binary,50,bot_84,3383,b,56,8.46,25,69.74,57,-12.74,0
e2-nio-50,binary,50,bot_84,3383,b,58,19.69,25,64.44,62,-2.44,0
e2-nio-50,binary,50,bot_84,3383,b,60,18.19,25,59.15,50,-9.15,0
e2-nio-50,binary,50,bot_85,3384,w,1,49.13,25,84.72,94,9.28,0
e2-nio-50,binary,50,bot_85,3384,w,3,56.93,25,101.05,114,12.95,0
e2-nio-50,binary,50,bot_85,3384,w,5,44.86,25,101.63,117,15.37,0
e2-nio-50,binary,50,bot_85,3384,w,7,49.55,25,98.01,105,6.99,0
e2-nio-50,binary,50,bot_85,3384,w,9,39.28,25,121.38,124,2.62,0
e2-nio-50,binary,50,bot_85,3384,w,11,40.54,25,123.59,113,-10.59,0
e2-nio-50,binary,50,bot_85,3384,w,13,37.25,25,161.77,151,-10.77,0
e2-nio-50,binary,50,bot_85,3384,w,15,60.63,25,119.04,111,-8.04,0
e2-nio-50,binary,50,bot_85,3384,w,17,64.78,25,102.39,135,32.61,0
e2-nio-50,binary,50,bot_85,3384,w,19,48.77,25,122.24,153,30.76,0
e2-nio-50,binary,50,bot_85,3384,w,21,29.3,25,104.77,132,27.23,0
e2-nio-50,binary,50,bot_85,3384,w,23,38.14,25,131.43,141,9.57,0
e2-nio-50,binary,50,bot_85,3384,w,25,41.96,25,151.49,157,5.51,0
e2-nio-50,binary,50,bot_85,3384,w,27,26.38,25,139.44,135,-4.44,0
e2-nio-50,binary,50,bot_85,3384,w,29,12.45,25,127.75,115,-12.75,0
e2-nio-50,binary,50,bot_85,3384,w,31,62.03,25,101.25,77,-24.25,0
e2-nio-50,binary,50,bot_85,3384,w,33,36.92,25,69.96,81,11.04,0
e2-nio-50,binary,50,bot_85,3384,w,35,37.85,25,92.69,102,9.31,0
e2-nio-50,binary,50,bot_85,3384,w,37,23.19,25,86.48,83,-3.48,0
e2-nio-50,binary,50,bot_85,3384,w,39,27.77,25,86.1,82,-4.1,0
e2-nio-50,binary,50,bot_85,3384,w,41,15.16,25,97.18,81,-16.18,0
e2-nio-50,binary,50,bot_85,3384,w,43,39.57,25,94.21,70,-24.21,0
e2-nio-50,binary,50,bot_85,3384,w,45,21.14,25,58.98,46,-12.98,0
e2-nio-50,binary,50,bot_85,3384,w,47,15.28,25,66.74,62,-4.74,0
e2-nio-50,binary,50,bot_85,3384,w,49,13.13,25,70.68,46,-24.68,0
e2-nio-50,binary,50,bot_85,3384,w,51,4.01,25,64.97,38,-26.97,0
e2-nio-50,binary,50,bot_85,3384,w,53,7.71,25,70.65,50,-20.65,0
e2-nio-50,binary,50,bot_85,3384,w,55,16.95,25,74.64,56,-18.64,0
e2-nio-50,binary,50,bot_85,3384,w,57,14.74,25,69.52,60,-9.52,0
e2-nio-50,binary,50,bot_85,3384,w,59,14.8,25,62.64,51,-11.64,0
e2-nio-50,binary,50,bot_86,3384,b,2,49.12,25,76.09,90,13.91,0
e2-nio-50,binary,50,bot_86,3384,b,4,51.68,25,89.52,111,21.48,0
e2-nio-50,binary,50,bot_86,3384,b,6,44.81,25,116.53,125,8.47,0
e2-nio-50,binary,50,bot_86,3384,b,8,39.23,25,103.79,118,14.21,0
e2-nio-50,binary,50,bot_86,3384,b,10,25.84,25,113.32,117,3.68,0
e2-nio-50,binary,50,bot_86,3384,b,12,27.61,25,143.45,148,4.55,0
e2-nio-50,binary,50,bot_86,3384,b,14,24.62,25,151.95,154,2.05,0
e2-nio-50,binary,50,bot_86,3384,b,16,64.35,25,97.72,128,30.28,0
e2-nio-50,binary,50,bot_86,3384,b,18,62.25,25,104.94,139,34.06,0
e2-nio-50,binary,50,bot_86,3384,b,20,58.95,25,131.17,149,17.83,0
e2-nio-50,binary,50,bot_86,3384,b,22,41.92,25,98.13,96,-2.13,0
e2-nio-50,binary,50,bot_86,3384,b,24,39.01,25,132.62,141,8.38,0
e2-nio-50,binary,50,bot_86,3384,b,26,29.05,25,137.42,149,11.58,0
e2-nio-50,binary,50,bot_86,3384,b,28,19.19,25,122.38,118,-4.38,0
e2-nio-50,binary,50,bot_86,3384,b,30,8.83,25,122.09,103,-19.09,0
e2-nio-50,binary,50,bot_86,3384,b,32,43.61,25,67.04,98,30.96,0
e2-nio-50,binary,50,bot_86,3384,b,34,41.63,25,69.24,75,5.76,0
e2-nio-50,binary,50,bot_86,3384,b,36,28.81,25,87.01,95,7.99,0
e2-nio-50,binary,50,bot_86,3384,b,38,27.82,25,75.99,68,-7.99,0
e2-nio-50,binary,50,bot_86,3384,b,40,15.71,25,93.46,91,-2.46,0
e2-nio-50,binary,50,bot_86,3384,b,42,8.23,25,90.2,75,-15.2,0
e2-nio-50,binary,50,bot_86,3384,b,44,19.09,25,66.29,76,9.71,0
e2-nio-50,binary,50,bot_86,3384,b,46,27.73,25,59.43,50,-9.43,0
e2-nio-50,binary,50,bot_86,3384,b,48,7.44,25,55.17,40,-15.17,0
e2-nio-50,binary,50,bot_86,3384,b,50,4.98,25,58.75,40,-18.75,0
e2-nio-50,binary,50,bot_86,3384,b,52,12.48,25,73.84,47,-26.84,0
e2-nio-50,binary,50,bot_86,3384,b,54,7.21,25,81.13,57,-24.13,0
e2-nio-50,binary,50,bot_86,3384,b,56,15.46,25,76.34,69,-7.34,0
e2-nio-50,binary,50,bot_86,3384,b,58,13.61,25,65.25,56,-9.25,0
e2-nio-50,binary,50,bot_86,3384,b,60,9.04,25,59.71,51,-8.71,0
e2-nio-50,binary,50,bot_87,3385,w,1,50.76,25,73.97,110,36.03,0
e2-nio-50,binary,50,bot_87,3385,w,3,60.34,25,80.61,122,41.39,0
e2-nio-50,binary,50,bot_87,3385,w,5,56.27,25,105.11,135,29.89,0
e2-nio-50,binary,50,bot_87,3385,w,7,42.64,25,100.32,132,31.68,0
e2-nio-50,binary,50,bot_87,3385,w,9,38.58,25,100.61,123,22.39,0
e2-nio-50,binary,50,bot_87,3385,w,11,38.22,25,132.14,159,26.86,0
e2-nio-50,binary,50,bot_87,3385,w,13,30.31,25,141.7,163,21.3,0
e2-nio-50,binary,50,bot_87,3385,w,15,29.03,25,118.11,122,3.89,0
e2-nio-50,binary,50,bot_87,3385,w,17,18.42,25,158.9,168,9.1,0
e2-nio-50,binary,50,bot_87,3385,w,19,22.61,25,160.48,163,2.52,0
e2-nio-50,binary,50,bot_87,3385,w,21,75.76,25,112.37,101,-11.37,0
e2-nio-50,binary,50,bot_87,3385,w,23,65.09,25,106.81,145,38.19,0
e2-nio-50,binary,50,bot_87,3385,w,25,56.26,25,110.2,166,55.8,0
e2-nio-50,binary,50,bot_87,3385,w,27,32.41,25,108.33,140,31.67,0
e2-nio-50,binary,50,bot_87,3385,w,29,30.77,25,100.81,113,12.19,0
e2-nio-50,binary,50,bot_87,3385,w,31,27.58,25,93.76,102,8.24,0
e2-nio-50,binary,50,bot_87,3385,w,33,22.54,25,79.66,84,4.34,0
e2-nio-50,binary,50,bot_87,3385,w,35,16.9,25,106.98,110,3.02,0
e2-nio-50,binary,50,bot_87,3385,w,37,51.98,25,96.39,87,-9.39,0
e2-nio-50,binary,50,bot_87,3385,w,39,37.72,25,71.07,99,27.93,0
e2-nio-50,binary,50,bot_87,3385,w,41,27.19,25,71.08,85,13.92,0
e2-nio-50,binary,50,bot_87,3385,w,43,14.97,25,62.48,66,3.52,0
e2-nio-50,binary,50,bot_87,3385,w,45,10.55,25,75.15,69,-6.15,0
e2-nio-50,binary,50,bot_87,3385,w,47,12.67,25,73.8,65,-8.8,0
e2-nio-50,binary,50,bot_87,3385,w,49,4.89,25,65.41,50,-15.41,0
e2-nio-50,binary,50,bot_87,3385,w,51,16.6,25,60.17,56,-4.17,0
e2-nio-50,binary,50,bot_87,3385,w,53,25.89,25,60.29,60,-0.29,0
e2-nio-50,binary,50,bot_87,3385,w,55,20.91,25,68.9,69,0.1,0
e2-nio-50,binary,50,bot_87,3385,w,57,5.86,25,72.1,65,-7.1,0
e2-nio-50,binary,50,bot_87,3385,w,59,1.48,25,70.07,56,-14.07,0
e2-nio-50,binary,50,bot_88,3385,b,2,65.08,25,93.3,105,11.7,0
e2-nio-50,binary,50,bot_88,3385,b,4,52.72,25,93.98,116,22.02,0
e2-nio-50,binary,50,bot_88,3385,b,6,54.11,25,93.36,111,17.64,0
e2-nio-50,binary,50,bot_88,3385,b,8,45.05,25,115.7,121,5.3,0
e2-nio-50,binary,50,bot_88,3385,b,10,48.93,25,114.96,115,0.04,0
e2-nio-50,binary,50,bot_88,3385,b,12,45.01,25,154.38,154,-0.38,0
e2-nio-50,binary,50,bot_88,3385,b,14,25.05,25,104.91,104,-0.91,0
e2-nio-50,binary,50,bot_88,3385,b,16,29.49,25,127.52,125,-2.52,0
e2-nio-50,binary,50,bot_88,3385,b,18,23.54,25,148.33,136,-12.33,0
e2-nio-50,binary,50,bot_88,3385,b,20,9.6,25,150.68,141,-9.68,0
e2-nio-50,binary,50,bot_88,3385,b,22,59.91,25,107.94,153,45.06,0
e2-nio-50,binary,50,bot_88,3385,b,24,76.54,25,116.59,150,33.41,0
e2-nio-50,binary,50,bot_88,3385,b,26,53.2,25,113.95,138,24.05,0
e2-nio-50,binary,50,bot_88,3385,b,28,34.53,25,106.38,107,0.62,0
e2-nio-50,binary,50,bot_88,3385,b,30,29.33,25,78.01,77,-1.01,0
e2-nio-50,binary,50,bot_88,3385,b,32,25.78,25,82.55,78,-4.55,0
e2-nio-50,binary,50,bot_88,3385,b,34,23.65,25,105.29,97,-8.29,0
e2-nio-50,binary,50,bot_88,3385,b,36,12.08,25,97.31,83,-14.31,0
e2-nio-50,binary,50,bot_88,3385,b,38,49.6,25,64.96,86,21.04,0
e2-nio-50,binary,50,bot_88,3385,b,40,35.09,25,77.81,84,6.19,0
e2-nio-50,binary,50,bot_88,3385,b,42,23.96,25,74.53,70,-4.53,0
e2-nio-50,binary,50,bot_88,3385,b,44,15.29,25,66.13,50,-16.13,0
e2-nio-50,binary,50,bot_88,3385,b,46,12.85,25,78.25,57,-21.25,0
e2-nio-50,binary,50,bot_88,3385,b,48,5.81,25,69.2,51,-18.2,0
e2-nio-50,binary,50,bot_88,3385,b,50,18.07,25,64.38,38,-26.38,0
e2-nio-50,binary,50,bot_88,3385,b,52,19.93,25,68.47,53,-15.47,0
e2-nio-50,binary,50,bot_88,3385,b,54,15.65,25,63.3,64,0.7,0
e2-nio-50,binary,50,bot_88,3385,b,56,8.75,25,55.91,52,-3.91,0
e2-nio-50,binary,50,bot_88,3385,b,58,1.62,25,54.86,35,-19.86,0
e2-nio-50,binary,50,bot_88,3385,b,60,1.88,25,68.12,45,-23.12,0
e2-nio-50,binary,50,bot_89,3386,w,1,66.01,25,92.73,124,31.27,0
e2-nio-50,binary,50,bot_89,3386,w,3,53.79,25,92.96,125,32.04,0
e2-nio-50,binary,50,bot_89,3386,w,5,54.17,25,92.63,120,27.37,0
e2-nio-50,binary,50,bot_89,3386,w,7,46.36,25,114.35,129,14.65,0
e2-nio-50,binary,50,bot_89,3386,w,9,50.02,25,113.7,124,10.3,0
e2-nio-50,binary,50,bot_89,3386,w,11,45.93,25,153.53,164,10.47,0
e2-nio-50,binary,50,bot_89,3386,w,13,25.93,25,104.22,112,7.78,0
e2-nio-50,binary,50,bot_89,3386,w,15,30.25,25,126.73,133,6.27,0
e2-nio-50,binary,50,bot_89,3386,w,17,24.8,25,146.88,142,-4.88,0
e2-nio-50,binary,50,bot_89,3386,w,19,11.11,25,149.39,149,-0.39,0
e2-nio-50,binary,50,bot_89,3386,w,21,74.41,25,160.89,145,-15.89,0
e2-nio-50,binary,50,bot_89,3386,w,23,78.91,25,114.22,156,41.78,0
e2-nio-50,binary,50,bot_89,3386,w,25,55.08,25,111.32,142,30.68,0
e2-nio-50,binary,50,bot_89,3386,w,27,36.43,25,104.32,113,8.68,0
e2-nio-50,binary,50,bot_89,3386,w,29,30.62,25,76.76,84,7.24,0
e2-nio-50,binary,50,bot_89,3386,w,31,25.7,25,82.52,87,4.48,0
e2-nio-50,binary,50,bot_89,3386,w,33,25.02,25,120.73,104,-16.73,0
e2-nio-50,binary,50,bot_89,3386,w,35,12.65,25,97.22,89,-8.22,0
e2-nio-50,binary,50,bot_89,3386,w,37,54.17,25,106.88,88,-18.88,0
e2-nio-50,binary,50,bot_89,3386,w,39,36.57,25,76.44,89,12.56,0
e2-nio-50,binary,50,bot_89,3386,w,41,25.7,25,73.13,76,2.87,0
e2-nio-50,binary,50,bot_89,3386,w,43,16.09,25,65.02,55,-10.02,0
e2-nio-50,binary,50,bot_89,3386,w,45,14.96,25,76.49,62,-14.49,0
e2-nio-50,binary,50,bot_89,3386,w,47,7.77,25,68.11,57,-11.11,0
e2-nio-50,binary,50,bot_89,3386,w,49,4.6,25,62.75,43,-19.75,0
e2-nio-50,binary,50,bot_89,3386,w,51,22.38,25,66.05,61,-5.05,0
e2-nio-50,binary,50,bot_89,3386,w,53,15.92,25,63.59,71,7.41,0
e2-nio-50,binary,50,bot_89,3386,w,55,11.31,25,53.95,56,2.05,0
e2-nio-50,binary,50,bot_89,3386,w,57,3.17,25,53.3,40,-13.3,0
e2-nio-50,binary,50,bot_89,3386,w,59,4.22,25,65.87,50,-15.87,0
e2-nio-50,binary,50,bot_90,3386,b,2,61.56,25,79.46,114,34.54,0
e2-nio-50,binary,50,bot_90,3386,b,4,57.84,25,103.55,125,21.45,0
e2-nio-50,binary,50,bot_90,3386,b,6,43.92,25,99.13,122,22.87,0
e2-nio-50,binary,50,bot_90,3386,b,8,39.75,25,99.47,114,14.53,0
e2-nio-50,binary,50,bot_90,3386,b,10,40.62,25,129.71,148,18.29,0
e2-nio-50,binary,50,bot_90,3386,b,12,34.02,25,137.96,152,14.04,0
e2-nio-50,binary,50,bot_90,3386,b,14,32.08,25,114.96,114,-0.96,0
e2-nio-50,binary,50,bot_90,3386,b,16,20.68,25,156.7,160,3.3,0
e2-nio-50,binary,50,bot_90,3386,b,18,25.08,25,157.98,157,-0.98,0
e2-nio-50,binary,50,bot_90,3386,b,20,9.46,25,110.98,95,-15.98,0
e2-nio-50,binary,50,bot_90,3386,b,22,68.38,25,103.53,151,47.47,0
e2-nio-50,binary,50,bot_90,3386,b,24,58.8,25,107.66,160,52.34,0
e2-nio-50,binary,50,bot_90,3386,b,26,34.85,25,106.65,135,28.35,0
e2-nio-50,binary,50,bot_90,3386,b,28,32.92,25,98.85,109,10.15,0
e2-nio-50,binary,50,bot_90,3386,b,30,29.99,25,91.32,96,4.68,0
e2-nio-50,binary,50,bot_90,3386,b,32,8.23,25,77.17,75,-2.17,0
e2-nio-50,binary,50,bot_90,3386,b,34,18.4,25,105.31,103,-2.31,0
e2-nio-50,binary,50,bot_90,3386,b,36,6.88,25,94.5,80,-14.5,0
e2-nio-50,binary,50,bot_90,3386,b,38,39.8,25,69.35,97,27.65,0
e2-nio-50,binary,50,bot_90,3386,b,40,29.21,25,68.93,79,10.07,0
e2-nio-50,binary,50,bot_90,3386,b,42,16.5,25,61.05,60,-1.05,0
e2-nio-50,binary,50,bot_90,3386,b,44,11.87,25,73.7,63,-10.7,0
e2-nio-50,binary,50,bot_90,3386,b,46,14.22,25,71.67,59,-12.67,0
e2-nio-50,binary,50,bot_90,3386,b,48,7.05,25,63.31,44,-19.31,0
e2-nio-50,binary,50,bot_90,3386,b,50,20.99,25,70.8,49,-21.8,0
e2-nio-50,binary,50,bot_90,3386,b,52,28.43,25,57.51,53,-4.51,0
e2-nio-50,binary,50,bot_90,3386,b,54,22.95,25,66.85,63,-3.85,0
e2-nio-50,binary,50,bot_90,3386,b,56,8.61,25,68.96,60,-8.96,0
e2-nio-50,binary,50,bot_90,3386,b,58,3.85,25,68.12,51,-17.12,0
e2-nio-50,binary,50,bot_90,3386,b,60,2.62,25,65.2,49,-16.2,0
e2-nio-50,binary,50,bot_91,3387,w,1,65.83,25,75.48,123,47.52,0
e2-nio-50,binary,50,bot_91,3387,w,3,69.4,25,92.36,123,30.64,0
e2-nio-50,binary,50,bot_91,3387,w,5,52.21,25,91.69,122,30.31,0
e2-nio-50,binary,50,bot_91,3387,w,7,47.32,25,91.93,115,23.07,0
e2-nio-50,binary,50,bot_91,3387,w,9,51.72,25,118.37,143,24.63,0
e2-nio-50,binary,50,bot_91,3387,w,11,45.65,25,126.27,147,20.73,0
e2-nio-50,binary,50,bot_91,3387,w,13,42.09,25,104.68,109,4.32,0
e2-nio-50,binary,50,bot_91,3387,w,15,30.55,25,147.26,156,8.74,0
e2-nio-50,binary,50,bot_91,3387,w,17,34.56,25,148.31,151,2.69,0
e2-nio-50,binary,50,bot_91,3387,w,19,14.17,25,105.01,93,-12.01,0
e2-nio-50,binary,50,bot_91,3387,w,21,12.82,25,149.29,147,-2.29,0
e2-nio-50,binary,50,bot_91,3387,w,23,72.99,25,175.75,159,-16.75,0
e2-nio-50,binary,50,bot_91,3387,w,25,45.36,25,95.77,134,38.23,0
e2-nio-50,binary,50,bot_91,3387,w,27,42.6,25,89.13,106,16.87,0
e2-nio-50,binary,50,bot_91,3387,w,29,39.03,25,82.45,91,8.55,0
e2-nio-50,binary,50,bot_91,3387,w,31,13.79,25,71.64,77,5.36,0
e2-nio-50,binary,50,bot_91,3387,w,33,27.14,25,96.74,107,10.26,0
e2-nio-50,binary,50,bot_91,3387,w,35,13.89,25,87.9,82,-5.9,0
e2-nio-50,binary,50,bot_91,3387,w,37,10.78,25,104.88,91,-13.88,0
e2-nio-50,binary,50,bot_91,3387,w,39,38.9,25,58.7,77,18.3,0
e2-nio-50,binary,50,bot_91,3387,w,41,21.25,25,84.95,66,-18.95,0
e2-nio-50,binary,50,bot_91,3387,w,43,16.17,25,69.3,62,-7.3,0
e2-nio-50,binary,50,bot_91,3387,w,45,17.9,25,68.19,63,-5.19,0
e2-nio-50,binary,50,bot_91,3387,w,47,9.57,25,61.26,44,-17.26,0
e2-nio-50,binary,50,bot_91,3387,w,49,4.74,25,68.69,47,-21.69,0
e2-nio-50,binary,50,bot_91,3387,w,51,2.49,25,61.35,38,-23.35,0
e2-nio-50,binary,50,bot_91,3387,w,53,2.99,25,74.13,56,-18.13,0
e2-nio-50,binary,50,bot_91,3387,w,55,3.43,25,81.48,64,-17.48,0
e2-nio-50,binary,50,bot_91,3387,w,57,11.81,25,74.95,56,-18.95,0
e2-nio-50,binary,50,bot_91,3387,w,59,7.05,25,59.42,45,-14.42,0
e2-nio-50,binary,50,bot_92,3387,b,2,62.4,25,84.35,112,27.65,0
e2-nio-50,binary,50,bot_92,3387,b,4,61.78,25,84.75,115,30.25,0
e2-nio-50,binary,50,bot_92,3387,b,6,54.15,25,106.69,119,12.31,0
e2-nio-50,binary,50,bot_92,3387,b,8,56.08,25,107.43,115,7.57,0
e2-nio-50,binary,50,bot_92,3387,b,10,52.06,25,147.71,159,11.29,0
e2-nio-50,binary,50,bot_92,3387,b,12,30.23,25,100.37,113,12.63,0
e2-nio-50,binary,50,bot_92,3387,b,14,34.74,25,122.06,131,8.94,0
e2-nio-50,binary,50,bot_92,3387,b,16,29.89,25,141.69,139,-2.69,0
e2-nio-50,binary,50,bot_92,3387,b,18,15.08,25,145.99,148,2.01,0
e2-nio-50,binary,50,bot_92,3387,b,20,23.74,25,150.12,132,-18.12,0
e2-nio-50,binary,50,bot_92,3387,b,22,11.47,25,170.84,152,-18.84,0
e2-nio-50,binary,50,bot_92,3387,b,24,64.16,25,102.93,144,41.07,0
e2-nio-50,binary,50,bot_92,3387,b,26,43.51,25,97.77,111,13.23,0
e2-nio-50,binary,50,bot_92,3387,b,28,34.57,25,72.78,82,9.22,0
e2-nio-50,binary,50,bot_92,3387,b,30,31.83,25,76.11,82,5.89,0
e2-nio-50,binary,50,bot_92,3387,b,32,35.14,25,110.61,92,-18.61,0
e2-nio-50,binary,50,bot_92,3387,b,34,20.9,25,88.93,84,-4.93,0
e2-nio-50,binary,50,bot_92,3387,b,36,13.14,25,98.35,80,-18.35,0
e2-nio-50,binary,50,bot_92,3387,b,38,45.26,25,110.61,88,-22.61,0
e2-nio-50,binary,50,bot_92,3387,b,40,6.75,25,64.12,70,5.88,0
e2-nio-50,binary,50,bot_92,3387,b,42,19.21,25,62.2,50,-12.2,0
e2-nio-50,binary,50,bot_92,3387,b,44,22.99,25,68.5,52,-16.5,0
e2-nio-50,binary,50,bot_92,3387,b,46,9.51,25,66.32,52,-14.32,0
e2-nio-50,binary,50,bot_92,3387,b,48,5.53,25,60.87,38,-22.87,0
e2-nio-50,binary,50,bot_92,3387,b,50,2.68,25,54.12,26,-28.12,0
e2-nio-50,binary,50,bot_92,3387,b,52,3.13,25,92,69,-23,0
e2-nio-50,binary,50,bot_92,3387,b,54,3.75,25,87.45,64,-23.45,0
e2-nio-50,binary,50,bot_92,3387,b,56,2.52,25,75.46,53,-22.46,0
e2-nio-50,binary,50,bot_92,3387,b,58,7.57,25,62.54,49,-13.54,0
e2-nio-50,binary,50,bot_92,3387,b,60,1.89,25,59.78,42,-17.78,0
e2-nio-50,binary,50,bot_93,3388,w,1,62.97,25,84.07,123,38.93,0
e2-nio-50,binary,50,bot_93,3388,w,3,64.06,25,82.24,115,32.76,0
e2-nio-50,binary,50,bot_93,3388,w,5,56.62,25,104.12,119,14.88,0
e2-nio-50,binary,50,bot_93,3388,w,7,59.97,25,103.21,113,9.79,0
e2-nio-50,binary,50,bot_93,3388,w,9,56.22,25,143.42,158,14.58,0
e2-nio-50,binary,50,bot_93,3388,w,11,32.24,25,98.45,114,15.55,0
e2-nio-50,binary,50,bot_93,3388,w,13,36.82,25,119.76,131,11.24,0
e2-nio-50,binary,50,bot_93,3388,w,15,32.86,25,138.36,137,-1.36,0
e2-nio-50,binary,50,bot_93,3388,w,17,17.73,25,143.56,148,4.44,0
e2-nio-50,binary,50,bot_93,3388,w,19,28.87,25,144.53,129,-15.53,0
e2-nio-50,binary,50,bot_93,3388,w,21,16.96,25,165.57,148,-17.57,0
e2-nio-50,binary,50,bot_93,3388,w,23,78.9,25,154.43,130,-24.43,0
e2-nio-50,binary,50,bot_93,3388,w,25,49.22,25,92.27,109,16.73,0
e2-nio-50,binary,50,bot_93,3388,w,27,38.37,25,68.65,78,9.35,0
e2-nio-50,binary,50,bot_93,3388,w,29,35.83,25,71.32,81,9.68,0
e2-nio-50,binary,50,bot_93,3388,w,31,38.3,25,107.3,90,-17.3,0
e2-nio-50,binary,50,bot_93,3388,w,33,27.78,25,81.85,80,-1.85,0
e2-nio-50,binary,50,bot_93,3388,w,35,20.4,25,90.95,74,-16.95,0
e2-nio-50,binary,50,bot_93,3388,w,37,51.49,25,104.1,82,-22.1,0
e2-nio-50,binary,50,bot_93,3388,w,39,12.96,25,57.8,67,9.2,0
e2-nio-50,binary,50,bot_93,3388,w,41,24.54,25,75.6,46,-29.6,0
e2-nio-50,binary,50,bot_93,3388,w,43,9.18,25,63.07,49,-14.07,0
e2-nio-50,binary,50,bot_93,3388,w,45,16.46,25,58.76,51,-7.76,0
e2-nio-50,binary,50,bot_93,3388,w,47,12.32,25,53.68,31,-22.68,0
e2-nio-50,binary,50,bot_93,3388,w,49,2.57,25,54.21,28,-26.21,0
e2-nio-50,binary,50,bot_93,3388,w,51,8.34,25,85.98,65,-20.98,0
e2-nio-50,binary,50,bot_93,3388,w,53,9.5,25,81.56,60,-21.56,0
e2-nio-50,binary,50,bot_93,3388,w,55,6.58,25,72.1,53,-19.1,0
e2-nio-50,binary,50,bot_93,3388,w,57,12.52,25,66.31,48,-18.31,0
e2-nio-50,binary,50,bot_93,3388,w,59,4.76,25,61.63,43,-18.63,0
e2-nio-50,binary,50,bot_94,3388,b,2,71.6,25,90.21,123,32.79,0
e2-nio-50,binary,50,bot_94,3388,b,4,54.84,25,89.15,122,32.85,0
e2-nio-50,binary,50,bot_94,3388,b,6,48.71,25,90.61,118,27.39,0
e2-nio-50,binary,50,bot_94,3388,b,8,54.18,25,115.96,145,29.04,0
e2-nio-50,binary,50,bot_94,3388,b,10,47.96,25,124.02,151,26.98,0
e2-nio-50,binary,50,bot_94,3388,b,12,43.29,25,103.45,110,6.55,0
e2-nio-50,binary,50,bot_94,3388,b,14,32.77,25,145.17,156,10.83,0
e2-nio-50,binary,50,bot_94,3388,b,16,37.11,25,145.8,152,6.2,0
e2-nio-50,binary,50,bot_94,3388,b,18,15.67,25,103.53,95,-8.53,0
e2-nio-50,binary,50,bot_94,3388,b,20,15.44,25,146.74,149,2.26,0
e2-nio-50,binary,50,bot_94,3388,b,22,9.11,25,173.37,164,-9.37,0
e2-nio-50,binary,50,bot_94,3388,b,24,50.55,25,90.5,143,52.5,0
e2-nio-50,binary,50,bot_94,3388,b,26,43.17,25,88.65,113,24.35,0
e2-nio-50,binary,50,bot_94,3388,b,28,42.77,25,78.85,92,13.15,0
e2-nio-50,binary,50,bot_94,3388,b,30,15.92,25,69.78,80,10.22,0
e2-nio-50,binary,50,bot_94,3388,b,32,30.8,25,93.15,106,12.85,0
e2-nio-50,binary,50,bot_94,3388,b,34,15.78,25,86.18,88,1.82,0
e2-nio-50,binary,50,bot_94,3388,b,36,11.02,25,104.67,98,-6.67,0
e2-nio-50,binary,50,bot_94,3388,b,38,41.84,25,55.86,81,25.14,0
e2-nio-50,binary,50,bot_94,3388,b,40,4.24,25,82.41,70,-12.41,0
e2-nio-50,binary,50,bot_94,3388,b,42,19.39,25,66.72,65,-1.72,0
e2-nio-50,binary,50,bot_94,3388,b,44,24.49,25,80.79,63,-17.79,0
e2-nio-50,binary,50,bot_94,3388,b,46,9.99,25,61.16,51,-10.16,0
e2-nio-50,binary,50,bot_94,3388,b,48,6.96,25,66.53,53,-13.53,0
e2-nio-50,binary,50,bot_94,3388,b,50,4.09,25,59.88,36,-23.88,0
e2-nio-50,binary,50,bot_94,3388,b,52,3.19,25,74.44,63,-11.44,0
e2-nio-50,binary,50,bot_94,3388,b,54,5.68,25,78.82,68,-10.82,0
e2-nio-50,binary,50,bot_94,3388,b,56,6.2,25,71.81,57,-14.81,0
e2-nio-50,binary,50,bot_94,3388,b,58,6.75,25,54.16,47,-7.16,0
e2-nio-50,binary,50,bot_94,3388,b,60,1.75,25,56.99,40,-16.99,0
e2-nio-50,binary,50,bot_95,3389,w,1,75.15,25,86.94,120,33.06,0
e2-nio-50,binary,50,bot_95,3389,w,3,58.8,25,85.52,113,27.48,0
e2-nio-50,binary,50,bot_95,3389,w,5,50.91,25,89.18,109,19.82,0
e2-nio-50,binary,50,bot_95,3389,w,7,58.69,25,111.41,137,25.59,0
e2-nio-50,binary,50,bot_95,3389,w,9,51.72,25,120.35,144,23.65,0
e2-nio-50,binary,50,bot_95,3389,w,11,46.95,25,99.81,104,4.19,0
e2-nio-50,binary,50,bot_95,3389,w,13,40.04,25,138.37,147,8.63,0
e2-nio-50,binary,50,bot_95,3389,w,15,44.54,25,138.29,146,7.71,0
e2-nio-50,binary,50,bot_95,3389,w,17,20.65,25,98.52,88,-10.52,0
e2-nio-50,binary,50,bot_95,3389,w,19,22.27,25,139.83,144,4.17,0
e2-nio-50,binary,50,bot_95,3389,w,21,16.33,25,166.11,158,-8.11,0
e2-nio-50,binary,50,bot_95,3389,w,23,18.05,25,140.13,120,-20.13,0
e2-nio-50,binary,50,bot_95,3389,w,25,52.68,25,79.45,116,36.55,0
e2-nio-50,binary,50,bot_95,3389,w,27,46.04,25,75.79,87,11.21,0
e2-nio-50,binary,50,bot_95,3389,w,29,19.57,25,66.96,75,8.04,0
e2-nio-50,binary,50,bot_95,3389,w,31,33.87,25,89.62,97,7.38,0
e2-nio-50,binary,50,bot_95,3389,w,33,18.96,25,83.58,81,-2.58,0
e2-nio-50,binary,50,bot_95,3389,w,35,13.52,25,101.95,95,-6.95,0
e2-nio-50,binary,50,bot_95,3389,w,37,3.51,25,53.48,83,29.52,0
e2-nio-50,binary,50,bot_95,3389,w,39,6.72,25,80.14,65,-15.14,0
e2-nio-50,binary,50,bot_95,3389,w,41,23.46,25,84.95,56,-28.95,0
e2-nio-50,binary,50,bot_95,3389,w,43,7.17,25,77.3,55,-22.3,0
e2-nio-50,binary,50,bot_95,3389,w,45,2.33,25,64.98,34,-30.98,0
e2-nio-50,binary,50,bot_95,3389,w,47,2.93,25,75.2,46,-29.2,0
e2-nio-50,binary,50,bot_95,3389,w,49,6.79,25,78.65,50,-28.65,0
e2-nio-50,binary,50,bot_95,3389,w,51,7.51,25,69.54,55,-14.54,0
e2-nio-50,binary,50,bot_95,3389,w,53,9.74,25,74.66,60,-14.66,0
e2-nio-50,binary,50,bot_95,3389,w,55,9.7,25,68.15,51,-17.15,0
e2-nio-50,binary,50,bot_95,3389,w,57,12.21,25,58.97,39,-19.97,0
e2-nio-50,binary,50,bot_95,3389,w,59,3.24,25,58.09,35,-23.09,0
e2-nio-50,binary,50,bot_96,3389,b,2,67.71,25,78.65,117,38.35,0
e2-nio-50,binary,50,bot_96,3389,b,4,59.2,25,100.92,123,22.08,0
e2-nio-50,binary,50,bot_96,3389,b,6,64.67,25,98.3,111,12.7,0
e2-nio-50,binary,50,bot_96,3389,b,8,63.21,25,136.36,157,20.64,0
e2-nio-50,binary,50,bot_96,3389,b,10,36.79,25,93.99,114,20.01,0
e2-nio-50,binary,50,bot_96,3389,b,12,41.47,25,114.74,130,15.26,0
e2-nio-50,binary,50,bot_96,3389,b,14,39.66,25,131.31,139,7.69,0
e2-nio-50,binary,50,bot_96,3389,b,16,22.43,25,139.17,151,11.83,0
e2-nio-50,binary,50,bot_96,3389,b,18,36.95,25,136.18,126,-10.18,0
e2-nio-50,binary,50,bot_96,3389,b,20,24.19,25,158.72,149,-9.72,0
e2-nio-50,binary,50,bot_96,3389,b,22,12,25,150.92,136,-14.92,0
e2-nio-50,binary,50,bot_96,3389,b,24,68.52,25,125.68,112,-13.68,0
e2-nio-50,binary,50,bot_96,3389,b,26,42.61,25,64.64,85,20.36,0
e2-nio-50,binary,50,bot_96,3389,b,28,40.32,25,66.4,80,13.6,0
e2-nio-50,binary,50,bot_96,3389,b,30,40.44,25,105.25,92,-13.25,0
e2-nio-50,binary,50,bot_96,3389,b,32,30.35,25,79.17,82,2.83,0
e2-nio-50,binary,50,bot_96,3389,b,34,25.12,25,86.22,73,-13.22,0
e2-nio-50,binary,50,bot_96,3389,b,36,60.57,25,94.99,77,-17.99,0
e2-nio-50,binary,50,bot_96,3389,b,38,16.43,25,94.99,66,-28.99,0
e2-nio-50,binary,50,bot_96,3389,b,40,3.84,25,73.8,49,-24.8,0
e2-nio-50,binary,50,bot_96,3389,b,42,10.85,25,61.46,54,-7.46,0
e2-nio-50,binary,50,bot_96,3389,b,44,1.61,25,64.31,39,-25.31,0
e2-nio-50,binary,50,bot_96,3389,b,46,1.5,25,60.12,30,-30.12,0
e2-nio-50,binary,50,bot_96,3389,b,48,3.26,25,66,38,-28,0
e2-nio-50,binary,50,bot_96,3389,b,50,10.3,25,83.99,66,-17.99,0
e2-nio-50,binary,50,bot_96,3389,b,52,11.26,25,80.36,63,-17.36,0
e2-nio-50,binary,50,bot_96,3389,b,54,8.11,25,70.68,56,-14.68,0
e2-nio-50,binary,50,bot_96,3389,b,56,4.62,25,63.96,49,-14.96,0
e2-nio-50,binary,50,bot_96,3389,b,58,3.11,25,59.9,47,-12.9,0
e2-nio-50,binary,50,bot_96,3389,b,60,1.88,25,60.12,39,-21.12,0
e2-nio-50,binary,50,bot_97,3390,w,1,72.27,25,74.18,129,54.82,0
e2-nio-50,binary,50,bot_97,3390,w,3,61.26,25,98.6,125,26.4,0
e2-nio-50,binary,50,bot_97,3390,w,5,68.82,25,93.82,116,22.18,0
e2-nio-50,binary,50,bot_97,3390,w,7,64.98,25,134.81,167,32.19,0
e2-nio-50,binary,50,bot_97,3390,w,9,40.15,25,90.98,117,26.02,0
e2-nio-50,binary,50,bot_97,3390,w,11,44.95,25,110.94,132,21.06,0
e2-nio-50,binary,50,bot_97,3390,w,13,45.12,25,125.48,142,16.52,0
e2-nio-50,binary,50,bot_97,3390,w,15,25.27,25,136.78,157,20.22,0
e2-nio-50,binary,50,bot_97,3390,w,17,41.18,25,131.54,129,-2.54,0
e2-nio-50,binary,50,bot_97,3390,w,19,29.13,25,154.19,152,-2.19,0
e2-nio-50,binary,50,bot_97,3390,w,21,14.61,25,148.18,141,-7.18,0
e2-nio-50,binary,50,bot_97,3390,w,23,13.14,25,125.06,118,-7.06,0
e2-nio-50,binary,50,bot_97,3390,w,25,43.45,25,63.95,97,33.05,0
e2-nio-50,binary,50,bot_97,3390,w,27,40.97,25,65.23,85,19.77,0
e2-nio-50,binary,50,bot_97,3390,w,29,40.85,25,105.12,99,-6.12,0
e2-nio-50,binary,50,bot_97,3390,w,31,30.72,25,78.77,87,8.23,0
e2-nio-50,binary,50,bot_97,3390,w,33,27.33,25,84.04,75,-9.04,0
e2-nio-50,binary,50,bot_97,3390,w,35,8.05,25,93.08,79,-14.08,0
e2-nio-50,binary,50,bot_97,3390,w,37,24.02,25,94.68,70,-24.68,0
e2-nio-50,binary,50,bot_97,3390,w,39,4.45,25,72.68,52,-20.68,0
e2-nio-50,binary,50,bot_97,3390,w,41,12.35,25,81.2,55,-26.2,0
e2-nio-50,binary,50,bot_97,3390,w,43,2.7,25,63.44,42,-21.44,0
e2-nio-50,binary,50,bot_97,3390,w,45,3.15,25,58.45,30,-28.45,0
e2-nio-50,binary,50,bot_97,3390,w,47,4.31,25,64.54,38,-26.54,0
e2-nio-50,binary,50,bot_97,3390,w,49,11.87,25,82.28,65,-17.28,0
e2-nio-50,binary,50,bot_97,3390,w,51,13.14,25,78.61,63,-15.61,0
e2-nio-50,binary,50,bot_97,3390,w,53,10.43,25,68.32,56,-12.32,0
e2-nio-50,binary,50,bot_97,3390,w,55,7.37,25,61.16,49,-12.16,0
e2-nio-50,binary,50,bot_97,3390,w,57,1.01,25,55.21,36,-19.21,0
e2-nio-50,binary,50,bot_97,3390,w,59,1.08,25,59.87,39,-20.87,0
e2-nio-50,binary,50,bot_98,3390,b,2,61.21,25,83.54,121,37.46,0
e2-nio-50,binary,50,bot_98,3390,b,4,57.46,25,82.81,108,25.19,0
e2-nio-50,binary,50,bot_98,3390,b,6,67.04,25,102.86,136,33.14,0
e2-nio-50,binary,50,bot_98,3390,b,8,56.56,25,115.5,145,29.5,0
e2-nio-50,binary,50,bot_98,3390,b,10,50.51,25,96.3,106,9.7,0
e2-nio-50,binary,50,bot_98,3390,b,12,46.99,25,131.65,147,15.35,0
e2-nio-50,binary,50,bot_98,3390,b,14,50.18,25,132.64,149,16.36,0
e2-nio-50,binary,50,bot_98,3390,b,16,26.11,25,93.04,87,-6.04,0
e2-nio-50,binary,50,bot_98,3390,b,18,28.52,25,133.51,144,10.49,0
e2-nio-50,binary,50,bot_98,3390,b,20,22.26,25,160.2,160,-0.2,0
e2-nio-50,binary,50,bot_98,3390,b,22,23.39,25,133.53,118,-15.53,0
e2-nio-50,binary,50,bot_98,3390,b,24,64.69,25,124.43,108,-16.43,0
e2-nio-50,binary,50,bot_98,3390,b,26,49.84,25,72.3,87,14.7,0
e2-nio-50,binary,50,bot_98,3390,b,28,23.93,25,62.52,73,10.48,0
e2-nio-50,binary,50,bot_98,3390,b,30,37.58,25,85.62,96,10.38,0
e2-nio-50,binary,50,bot_98,3390,b,32,22.03,25,80.86,81,0.14,0
e2-nio-50,binary,50,bot_98,3390,b,34,17.1,25,98.26,97,-1.26,0
e2-nio-50,binary,50,bot_98,3390,b,36,5.66,25,98.47,77,-21.47,0
e2-nio-50,binary,50,bot_98,3390,b,38,9.44,25,77.52,73,-4.52,0
e2-nio-50,binary,50,bot_98,3390,b,40,4.19,25,83.63,58,-25.63,0
e2-nio-50,binary,50,bot_98,3390,b,42,8.2,25,76.34,59,-17.34,0
e2-nio-50,binary,50,bot_98,3390,b,44,2.9,25,64.44,37,-27.44,0
e2-nio-50,binary,50,bot_98,3390,b,46,3.63,25,74.48,47,-27.48,0
e2-nio-50,binary,50,bot_98,3390,b,48,7.22,25,78.83,54,-24.83,0
e2-nio-50,binary,50,bot_98,3390,b,50,8.37,25,68.66,58,-10.66,0
e2-nio-50,binary,50,bot_98,3390,b,52,10.88,25,73.56,64,-9.56,0
e2-nio-50,binary,50,bot_98,3390,b,54,9.99,25,67.98,56,-11.98,0
e2-nio-50,binary,50,bot_98,3390,b,56,13.35,25,57.87,42,-15.87,0
e2-nio-50,binary,50,bot_98,3390,b,58,1.37,25,62.89,41,-21.89,0
e2-nio-50,binary,50,bot_98,3390,b,60,2.13,25,64.85,44,-20.85,0
e2-nio-50,binary,50,bot_99,3391,w,1,62.66,25,82.6,120,37.4,0
e2-nio-50,binary,50,bot_99,3391,w,3,60.04,25,80.73,100,19.27,0
e2-nio-50,binary,50,bot_99,3391,w,5,69.54,25,100.43,128,27.57,0
e2-nio-50,binary,50,bot_99,3391,w,7,60.34,25,111.82,138,26.18,0
e2-nio-50,binary,50,bot_99,3391,w,9,52.8,25,94.06,103,8.94,0
e2-nio-50,binary,50,bot_99,3391,w,11,52.03,25,127.07,142,14.93,0
e2-nio-50,binary,50,bot_99,3391,w,13,53.21,25,129.81,144,14.19,0
e2-nio-50,binary,50,bot_99,3391,w,15,29.37,25,89.84,82,-7.84,0
e2-nio-50,binary,50,bot_99,3391,w,17,32.46,25,129.74,141,11.26,0
e2-nio-50,binary,50,bot_99,3391,w,19,26.67,25,155.7,153,-2.7,0
e2-nio-50,binary,50,bot_99,3391,w,21,27.04,25,129.6,111,-18.6,0
e2-nio-50,binary,50,bot_99,3391,w,23,13.32,25,120.87,105,-15.87,0
e2-nio-50,binary,50,bot_99,3391,w,25,61.52,25,108.5,79,-29.5,0
e2-nio-50,binary,50,bot_99,3391,w,27,26.47,25,59.64,72,12.36,0
e2-nio-50,binary,50,bot_99,3391,w,29,43.48,25,79.81,90,10.19,0
e2-nio-50,binary,50,bot_99,3391,w,31,27.72,25,75.13,74,-1.13,0
e2-nio-50,binary,50,bot_99,3391,w,33,24.06,25,90.8,88,-2.8,0
e2-nio-50,binary,50,bot_99,3391,w,35,11.76,25,92.31,71,-21.31,0
e2-nio-50,binary,50,bot_99,3391,w,37,8.14,25,84.77,59,-25.77,0
e2-nio-50,binary,50,bot_99,3391,w,39,11.69,25,75.77,47,-28.77,0
e2-nio-50,binary,50,bot_99,3391,w,41,14.68,25,69.73,50,-19.73,0
e2-nio-50,binary,50,bot_99,3391,w,43,5.62,25,61.37,32,-29.37,0
e2-nio-50,binary,50,bot_99,3391,w,45,5.12,25,72.63,41,-31.63,0
e2-nio-50,binary,50,bot_99,3391,w,47,11.48,25,74.68,44,-30.68,0
e2-nio-50,binary,50,bot_99,3391,w,49,12.02,25,64.76,49,-15.76,0
e2-nio-50,binary,50,bot_99,3391,w,51,14.61,25,69.74,55,-14.74,0
e2-nio-50,binary,50,bot_99,3391,w,53,12.84,25,64.75,48,-16.75,0
e2-nio-50,binary,50,bot_99,3391,w,55,7.02,25,53.34,32,-21.34,0
e2-nio-50,binary,50,bot_99,3391,w,57,4,25,59.87,33,-26.87,0
e2-nio-50,binary,50,bot_99,3391,w,59,5.8,25,60.34,33,-27.34,0
e2-nio-50,binary,50,bot_100,3391,b,2,64.76,25,94.74,127,32.26,0
e2-nio-50,binary,50,bot_100,3391,b,4,74.07,25,88.27,117,28.73,0
e2-nio-50,binary,50,bot_100,3391,b,6,71.38,25,128.25,166,37.75,0
e2-nio-50,binary,50,bot_100,3391,b,8,46.6,25,84.65,118,33.35,0
e2-nio-50,binary,50,bot_100,3391,b,10,51.47,25,104.08,131,26.92,0
e2-nio-50,binary,50,bot_100,3391,b,12,50.78,25,119.43,146,26.57,0
e2-nio-50,binary,50,bot_100,3391,b,14,29.54,25,132.65,159,26.35,0
e2-nio-50,binary,50,bot_100,3391,b,16,48.14,25,124.26,127,2.74,0
e2-nio-50,binary,50,bot_100,3391,b,18,33.88,25,149.65,155,5.35,0
e2-nio-50,binary,50,bot_100,3391,b,20,19.46,25,143.17,143,-0.17,0
e2-nio-50,binary,50,bot_100,3391,b,22,21.96,25,116.13,117,0.87,0
e2-nio-50,binary,50,bot_100,3391,b,24,8.41,25,106.54,94,-12.54,0
e2-nio-50,binary,50,bot_100,3391,b,26,48.93,25,57.23,92,34.77,0
e2-nio-50,binary,50,bot_100,3391,b,28,47.62,25,98.3,97,-1.3,0
e2-nio-50,binary,50,bot_100,3391,b,30,35.55,25,74.21,92,17.79,0
e2-nio-50,binary,50,bot_100,3391,b,32,34.12,25,77.3,78,0.7,0
e2-nio-50,binary,50,bot_100,3391,b,34,16.65,25,84.51,82,-2.51,0
e2-nio-50,binary,50,bot_100,3391,b,36,11.54,25,88.88,75,-13.88,0
e2-nio-50,binary,50,bot_100,3391,b,38,9.22,25,80.67,62,-18.67,0
e2-nio-50,binary,50,bot_100,3391,b,40,16.81,25,76.8,62,-14.8,0
e2-nio-50,binary,50,bot_100,3391,b,42,7.27,25,59.3,47,-12.3,0
e2-nio-50,binary,50,bot_100,3391,b,44,3.77,25,58.3,37,-21.3,0
e2-nio-50,binary,50,bot_100,3391,b,46,5.45,25,63.51,42,-21.51,0
e2-nio-50,binary,50,bot_100,3391,b,48,13.09,25,81.03,71,-10.03,0
e2-nio-50,binary,50,bot_100,3391,b,50,14.43,25,77.39,68,-9.39,0
e2-nio-50,binary,50,bot_100,3391,b,52,11.65,25,67.2,60,-7.2,0
e2-nio-50,binary,50,bot_100,3391,b,54,8.58,25,60.01,52,-8.01,0
e2-nio-50,binary,50,bot_100,3391,b,56,2.25,25,54.41,41,-13.41,0
e2-nio-50,binary,50,bot_100,3391,b,58,2.04,25,59.16,43,-16.16,0
e2-nio-50,binary,50,bot_100,3391,b,60,1.59,25,56.96,42,-14.96,0
