label,format,games,username,game_id,color,ply,rtt_ms,applied_bytes,warmup
e2-nio-50,binary,50,bot_1,3292,w,1,23.33,25,59.7,58,-1.7,0
e2-nio-50,binary,50,bot_1,3292,w,3,15.63,25,62.31,65,2.69,0
e2-nio-50,binary,50,bot_1,3292,w,5,8.13,25,55.72,54,-1.72,0
e2-nio-50,binary,50,bot_1,3292,w,7,4.34,25,50.47,48,-2.47,0
e2-nio-50,binary,50,bot_1,3292,w,9,12.5,25,68.54,68,-0.54,0
e2-nio-50,binary,50,bot_1,3292,w,11,17.54,25,57.88,61,3.12,0
e2-nio-50,binary,50,bot_1,3292,w,13,31.29,25,84.84,88,3.16,0
e2-nio-50,binary,50,bot_1,3292,w,15,17.59,25,63.64,75,11.36,0
e2-nio-50,binary,50,bot_1,3292,w,17,28,25,65.09,81,15.91,0
e2-nio-50,binary,50,bot_1,3292,w,19,16.24,25,84.28,92,7.72,0
e2-nio-50,binary,50,bot_1,3292,w,21,13.85,25,84.31,95,10.69,0
e2-nio-50,binary,50,bot_1,3292,w,23,5.71,25,86.97,89,2.03,0
e2-nio-50,binary,50,bot_1,3292,w,25,46.85,25,115.39,122,6.61,0
e2-nio-50,binary,50,bot_1,3292,w,27,16.22,25,77.99,83,5.01,0
e2-nio-50,binary,50,bot_1,3292,w,29,18.35,25,81.82,94,12.18,0
e2-nio-50,binary,50,bot_1,3292,w,31,16.87,25,75.23,87,11.77,0
e2-nio-50,binary,50,bot_1,3292,w,33,13.04,25,94.4,102,7.6,0
e2-nio-50,binary,50,bot_1,3292,w,35,19.28,25,108,117,9,0
e2-nio-50,binary,50,bot_1,3292,w,37,33.81,25,91.73,118,26.27,0
e2-nio-50,binary,50,bot_1,3292,w,39,28.77,25,96.52,115,18.48,0
e2-nio-50,binary,50,bot_1,3292,w,41,30.91,25,103.05,116,12.95,0
e2-nio-50,binary,50,bot_1,3292,w,43,20.62,25,108.8,132,23.2,0
e2-nio-50,binary,50,bot_1,3292,w,45,21.9,25,125.54,144,18.46,0
e2-nio-50,binary,50,bot_1,3292,w,47,13.58,25,105.33,111,5.67,0
e2-nio-50,binary,50,bot_1,3292,w,49,76.09,25,156.63,158,1.37,0
e2-nio-50,binary,50,bot_1,3292,w,51,57.25,25,95.84,168,72.16,0
e2-nio-50,binary,50,bot_1,3292,w,53,52.71,25,120.2,175,54.8,0
e2-nio-50,binary,50,bot_1,3292,w,55,39.45,25,86.23,123,36.77,0
e2-nio-50,binary,50,bot_1,3292,w,57,31.79,25,109.66,137,27.34,0
e2-nio-50,binary,50,bot_1,3292,w,59,33.2,25,125.34,148,22.66,0
e2-nio-50,binary,50,bot_2,3292,b,2,91.69,25,61.8,138,76.2,0
e2-nio-50,binary,50,bot_2,3292,b,4,7.37,25,51.43,57,5.57,0
e2-nio-50,binary,50,bot_2,3292,b,6,5.05,25,51.39,50,-1.39,0
e2-nio-50,binary,50,bot_2,3292,b,8,7.85,25,72.46,67,-5.46,0
e2-nio-50,binary,50,bot_2,3292,b,10,11.13,25,56.7,60,3.3,0
e2-nio-50,binary,50,bot_2,3292,b,12,9.62,25,54.25,62,7.75,0
e2-nio-50,binary,50,bot_2,3292,b,14,19.11,25,65.65,86,20.35,0
e2-nio-50,binary,50,bot_2,3292,b,16,23.43,25,54.34,63,8.66,0
e2-nio-50,binary,50,bot_2,3292,b,18,14.51,25,60.15,78,17.85,0
e2-nio-50,binary,50,bot_2,3292,b,20,17.67,25,78.83,87,8.17,0
e2-nio-50,binary,50,bot_2,3292,b,22,9.71,25,85.07,90,4.93,0
e2-nio-50,binary,50,bot_2,3292,b,24,14.09,25,84.11,81,-3.11,0
e2-nio-50,binary,50,bot_2,3292,b,26,11.7,25,74.28,111,36.72,0
e2-nio-50,binary,50,bot_2,3292,b,28,18.78,25,119.88,128,8.12,0
e2-nio-50,binary,50,bot_2,3292,b,30,19.32,25,101.05,111,9.95,0
e2-nio-50,binary,50,bot_2,3292,b,32,14.7,25,109.12,118,8.88,0
e2-nio-50,binary,50,bot_2,3292,b,34,15.04,25,127.3,131,3.7,0
e2-nio-50,binary,50,bot_2,3292,b,36,34.36,25,113.6,125,11.4,0
e2-nio-50,binary,50,bot_2,3292,b,38,25.03,25,88.82,114,25.18,0
e2-nio-50,binary,50,bot_2,3292,b,40,21.28,25,91.46,111,19.54,0
e2-nio-50,binary,50,bot_2,3292,b,42,29.63,25,123.5,147,23.5,0
e2-nio-50,binary,50,bot_2,3292,b,44,24.7,25,129.75,141,11.25,0
e2-nio-50,binary,50,bot_2,3292,b,46,12.93,25,125.69,139,13.31,0
e2-nio-50,binary,50,bot_2,3292,b,48,8.57,25,127.34,132,4.66,0
e2-nio-50,binary,50,bot_2,3292,b,50,79.71,25,88.88,156,67.12,0
e2-nio-50,binary,50,bot_2,3292,b,52,67.95,25,105.64,147,41.36,0
e2-nio-50,binary,50,bot_2,3292,b,54,50.37,25,96.55,132,35.45,0
e2-nio-50,binary,50,bot_2,3292,b,56,41.33,25,70.57,95,24.43,0
e2-nio-50,binary,50,bot_2,3292,b,58,37.8,25,87.46,104,16.54,0
e2-nio-50,binary,50,bot_2,3292,b,60,49.21,25,115.19,133,17.81,0
e2-nio-50,binary,50,bot_3,3293,w,1,15.92,25,55.51,50,-5.51,0
e2-nio-50,binary,50,bot_3,3293,w,3,8.09,25,71.82,68,-3.82,0
e2-nio-50,binary,50,bot_3,3293,w,5,8.28,25,56.15,58,1.85,0
e2-nio-50,binary,50,bot_3,3293,w,7,16.23,25,65.41,66,0.59,0
e2-nio-50,binary,50,bot_3,3293,w,9,9.37,25,60.26,66,5.74,0
e2-nio-50,binary,50,bot_3,3293,w,11,12.85,25,53.5,53,-0.5,0
e2-nio-50,binary,50,bot_3,3293,w,13,20.02,25,55.43,76,20.57,0
e2-nio-50,binary,50,bot_3,3293,w,15,17.12,25,68.7,73,4.3,0
e2-nio-50,binary,50,bot_3,3293,w,17,28.65,25,91.31,88,-3.31,0
e2-nio-50,binary,50,bot_3,3293,w,19,5.19,25,67.77,68,0.23,0
e2-nio-50,binary,50,bot_3,3293,w,21,10.65,25,92.28,92,-0.28,0
e2-nio-50,binary,50,bot_3,3293,w,23,35.21,25,78.18,79,0.82,0
e2-nio-50,binary,50,bot_3,3293,w,25,17.08,25,83.03,106,22.97,0
e2-nio-50,binary,50,bot_3,3293,w,27,26.21,25,89.94,108,18.06,0
e2-nio-50,binary,50,bot_3,3293,w,29,17.64,25,82.95,86,3.05,0
e2-nio-50,binary,50,bot_3,3293,w,31,70.7,25,95.71,98,2.29,0
e2-nio-50,binary,50,bot_3,3293,w,33,75.26,25,98.1,106,7.9,0
e2-nio-50,binary,50,bot_3,3293,w,35,33.24,25,66.67,115,48.33,0
e2-nio-50,binary,50,bot_3,3293,w,37,33.75,25,88.11,110,21.89,0
e2-nio-50,binary,50,bot_3,3293,w,39,21.08,25,104.48,128,23.52,0
e2-nio-50,binary,50,bot_3,3293,w,41,20.85,25,116.21,127,10.79,0
e2-nio-50,binary,50,bot_3,3293,w,43,19.73,25,120.01,124,3.99,0
e2-nio-50,binary,50,bot_3,3293,w,45,13.46,25,114.98,115,0.02,0
e2-nio-50,binary,50,bot_3,3293,w,47,65.45,25,72.78,129,56.22,0
e2-nio-50,binary,50,bot_3,3293,w,49,61.31,25,87.41,149,61.59,0
e2-nio-50,binary,50,bot_3,3293,w,51,53.77,25,100.95,151,50.05,0
e2-nio-50,binary,50,bot_3,3293,w,53,65.13,25,88.14,154,65.86,0
e2-nio-50,binary,50,bot_3,3293,w,55,35.57,25,73.93,110,36.07,0
e2-nio-50,binary,50,bot_3,3293,w,57,36.64,25,84.13,129,44.87,0
e2-nio-50,binary,50,bot_3,3293,w,59,51.55,25,103.7,152,48.3,0
e2-nio-50,binary,50,bot_4,3293,b,2,85.9,25,67.9,142,74.1,0
e2-nio-50,binary,50,bot_4,3293,b,4,13.42,25,59.03,60,0.97,0
e2-nio-50,binary,50,bot_4,3293,b,6,12.39,25,63.12,64,0.88,0
e2-nio-50,binary,50,bot_4,3293,b,8,15.38,25,63.76,72,8.24,0
e2-nio-50,binary,50,bot_4,3293,b,10,9.22,25,55.59,59,3.41,0
e2-nio-50,binary,50,bot_4,3293,b,12,31.16,25,68.11,74,5.89,0
e2-nio-50,binary,50,bot_4,3293,b,14,13.86,25,65.34,79,13.66,0
e2-nio-50,binary,50,bot_4,3293,b,16,6.12,25,63.36,75,11.64,0
e2-nio-50,binary,50,bot_4,3293,b,18,10.21,25,78.67,101,22.33,0
e2-nio-50,binary,50,bot_4,3293,b,20,10.77,25,90.44,89,-1.44,0
e2-nio-50,binary,50,bot_4,3293,b,22,11.09,25,87.03,92,4.97,0
e2-nio-50,binary,50,bot_4,3293,b,24,34.74,25,84.37,113,28.63,0
e2-nio-50,binary,50,bot_4,3293,b,26,28.16,25,92.09,103,10.91,0
e2-nio-50,binary,50,bot_4,3293,b,28,14.67,25,100.32,121,20.68,0
e2-nio-50,binary,50,bot_4,3293,b,30,13.92,25,91.19,103,11.81,0
e2-nio-50,binary,50,bot_4,3293,b,32,19.06,25,55.78,121,65.22,0
e2-nio-50,binary,50,bot_4,3293,b,34,58.51,25,66.98,137,70.02,0
e2-nio-50,binary,50,bot_4,3293,b,36,32.54,25,91.98,120,28.02,0
e2-nio-50,binary,50,bot_4,3293,b,38,33.95,25,78.99,107,28.01,0
e2-nio-50,binary,50,bot_4,3293,b,40,22.76,25,95.84,111,15.16,0
e2-nio-50,binary,50,bot_4,3293,b,42,13.13,25,127.91,144,16.09,0
e2-nio-50,binary,50,bot_4,3293,b,44,9.45,25,156.69,170,13.31,0
e2-nio-50,binary,50,bot_4,3293,b,46,66.41,25,120.73,128,7.27,0
e2-nio-50,binary,50,bot_4,3293,b,48,71.37,25,92.57,151,58.43,0
e2-nio-50,binary,50,bot_4,3293,b,50,61.53,25,108.16,165,56.84,0
e2-nio-50,binary,50,bot_4,3293,b,52,82.18,25,113.27,155,41.73,0
e2-nio-50,binary,50,bot_4,3293,b,54,52.4,25,81.63,134,52.37,0
e2-nio-50,binary,50,bot_4,3293,b,56,61.45,25,81.29,104,22.71,0
e2-nio-50,binary,50,bot_4,3293,b,58,63.38,25,89.43,113,23.57,0
e2-nio-50,binary,50,bot_4,3293,b,60,43.22,25,124.94,163,38.06,0
e2-nio-50,binary,50,bot_5,3294,w,1,9.91,25,55.42,55,-0.42,0
e2-nio-50,binary,50,bot_5,3294,w,3,13.49,25,54.4,59,4.6,0
e2-nio-50,binary,50,bot_5,3294,w,5,6.12,25,60.79,58,-2.79,0
e2-nio-50,binary,50,bot_5,3294,w,7,2.45,25,52.38,52,-0.38,0
e2-nio-50,binary,50,bot_5,3294,w,9,11.27,25,69.23,75,5.77,0
e2-nio-50,binary,50,bot_5,3294,w,11,15.58,25,60,64,4,0
e2-nio-50,binary,50,bot_5,3294,w,13,29.01,25,87.61,88,0.39,0
e2-nio-50,binary,50,bot_5,3294,w,15,14.76,25,66.61,76,9.39,0
e2-nio-50,binary,50,bot_5,3294,w,17,20.3,25,72.44,84,11.56,0
e2-nio-50,binary,50,bot_5,3294,w,19,14.41,25,86.16,91,4.84,0
e2-nio-50,binary,50,bot_5,3294,w,21,9.53,25,88.69,98,9.31,0
e2-nio-50,binary,50,bot_5,3294,w,23,4.66,25,88.04,90,1.96,0
e2-nio-50,binary,50,bot_5,3294,w,25,43.33,25,118.9,126,7.1,0
e2-nio-50,binary,50,bot_5,3294,w,27,13.77,25,80.43,86,5.57,0
e2-nio-50,binary,50,bot_5,3294,w,29,14.34,25,85.68,95,9.32,0
e2-nio-50,binary,50,bot_5,3294,w,31,15.39,25,76.89,86,9.11,0
e2-nio-50,binary,50,bot_5,3294,w,33,10.81,25,96.69,103,6.31,0
e2-nio-50,binary,50,bot_5,3294,w,35,16.25,25,111.15,119,7.85,0
e2-nio-50,binary,50,bot_5,3294,w,37,30.69,25,94.88,120,25.12,0
e2-nio-50,binary,50,bot_5,3294,w,39,27.01,25,98.46,117,18.54,0
e2-nio-50,binary,50,bot_5,3294,w,41,28.76,25,105,117,12,0
e2-nio-50,binary,50,bot_5,3294,w,43,18.5,25,110.83,132,21.17,0
e2-nio-50,binary,50,bot_5,3294,w,45,21.24,25,126.65,144,17.35,0
e2-nio-50,binary,50,bot_5,3294,w,47,12.72,25,106.46,113,6.54,0
e2-nio-50,binary,50,bot_5,3294,w,49,62.86,25,99.85,172,72.15,0
e2-nio-50,binary,50,bot_5,3294,w,51,54.36,25,98.83,171,72.17,0
e2-nio-50,binary,50,bot_5,3294,w,53,49.38,25,123.33,176,52.67,0
e2-nio-50,binary,50,bot_5,3294,w,55,37.72,25,87.98,124,36.02,0
e2-nio-50,binary,50,bot_5,3294,w,57,30.4,25,111.06,138,26.94,0
e2-nio-50,binary,50,bot_5,3294,w,59,31.54,25,127,150,23,0
e2-nio-50,binary,50,bot_6,3294,b,2,87.03,25,65.55,142,76.45,0
e2-nio-50,binary,50,bot_6,3294,b,4,2.91,25,56.3,64,7.7,0
e2-nio-50,binary,50,bot_6,3294,b,6,6.8,25,53.71,54,0.29,0
e2-nio-50,binary,50,bot_6,3294,b,8,11.74,25,73.97,73,-0.97,0
e2-nio-50,binary,50,bot_6,3294,b,10,9.5,25,58.28,65,6.72,0
e2-nio-50,binary,50,bot_6,3294,b,12,6.28,25,57.48,68,10.52,0
e2-nio-50,binary,50,bot_6,3294,b,14,15.39,25,68.86,93,24.14,0
e2-nio-50,binary,50,bot_6,3294,b,16,17.76,25,60.51,71,10.49,0
e2-nio-50,binary,50,bot_6,3294,b,18,11.04,25,63.23,78,14.77,0
e2-nio-50,binary,50,bot_6,3294,b,20,14.85,25,81.81,92,10.19,0
e2-nio-50,binary,50,bot_6,3294,b,22,5.98,25,88.73,94,5.27,0
e2-nio-50,binary,50,bot_6,3294,b,24,11.17,25,87.1,87,-0.1,0
e2-nio-50,binary,50,bot_6,3294,b,26,9.78,25,76.1,114,37.9,0
e2-nio-50,binary,50,bot_6,3294,b,28,14.83,25,124.06,134,9.94,0
e2-nio-50,binary,50,bot_6,3294,b,30,15.46,25,104.94,115,10.06,0
e2-nio-50,binary,50,bot_6,3294,b,32,12.47,25,111.15,123,11.85,0
e2-nio-50,binary,50,bot_6,3294,b,34,12.48,25,129.87,134,4.13,0
e2-nio-50,binary,50,bot_6,3294,b,36,30.49,25,117.23,129,11.77,0
e2-nio-50,binary,50,bot_6,3294,b,38,22.98,25,90.86,118,27.14,0
e2-nio-50,binary,50,bot_6,3294,b,40,18.55,25,94.19,118,23.81,0
e2-nio-50,binary,50,bot_6,3294,b,42,26.93,25,126.38,151,24.62,0
e2-nio-50,binary,50,bot_6,3294,b,44,22.63,25,131.95,146,14.05,0
e2-nio-50,binary,50,bot_6,3294,b,46,11.65,25,126.62,143,16.38,0
e2-nio-50,binary,50,bot_6,3294,b,48,76.88,25,128.98,137,8.02,0
e2-nio-50,binary,50,bot_6,3294,b,50,76.6,25,91.99,150,58.01,0
e2-nio-50,binary,50,bot_6,3294,b,52,65.14,25,108.39,149,40.61,0
e2-nio-50,binary,50,bot_6,3294,b,54,48.23,25,98.7,136,37.3,0
e2-nio-50,binary,50,bot_6,3294,b,56,38.3,25,73.58,99,25.42,0
e2-nio-50,binary,50,bot_6,3294,b,58,35.5,25,89.77,107,17.23,0
e2-nio-50,binary,50,bot_6,3294,b,60,45.68,25,119.07,138,18.93,0
e2-nio-50,binary,50,bot_7,3295,w,1,7.15,25,57.57,56,-1.57,0
e2-nio-50,binary,50,bot_7,3295,w,3,13.46,25,65.32,69,3.68,0
e2-nio-50,binary,50,bot_7,3295,w,5,6.16,25,54.56,60,5.44,0
e2-nio-50,binary,50,bot_7,3295,w,7,2.56,25,52.92,51,-1.92,0
e2-nio-50,binary,50,bot_7,3295,w,9,9.52,25,70.67,70,-0.67,0
e2-nio-50,binary,50,bot_7,3295,w,11,14,25,61.74,65,3.26,0
e2-nio-50,binary,50,bot_7,3295,w,13,26.16,25,90.64,92,1.36,0
e2-nio-50,binary,50,bot_7,3295,w,15,12.95,25,68.57,77,8.43,0
e2-nio-50,binary,50,bot_7,3295,w,17,18.45,25,74.41,85,10.59,0
e2-nio-50,binary,50,bot_7,3295,w,19,13.19,25,87.39,91,3.61,0
e2-nio-50,binary,50,bot_7,3295,w,21,8.07,25,90.17,100,9.83,0
e2-nio-50,binary,50,bot_7,3295,w,23,5.99,25,53.63,95,41.37,0
e2-nio-50,binary,50,bot_7,3295,w,25,38.01,25,123.97,129,5.03,0
e2-nio-50,binary,50,bot_7,3295,w,27,8.91,25,85.34,89,3.66,0
e2-nio-50,binary,50,bot_7,3295,w,29,9.83,25,89.93,97,7.07,0
e2-nio-50,binary,50,bot_7,3295,w,31,12.07,25,80.64,87,6.36,0
e2-nio-50,binary,50,bot_7,3295,w,33,50.8,25,101.24,106,4.76,0
e2-nio-50,binary,50,bot_7,3295,w,35,36.18,25,98.01,123,24.99,0
e2-nio-50,binary,50,bot_7,3295,w,37,24.02,25,102.06,123,20.94,0
e2-nio-50,binary,50,bot_7,3295,w,39,23.52,25,102.4,119,16.6,0
e2-nio-50,binary,50,bot_7,3295,w,41,22.77,25,111.59,122,10.41,0
e2-nio-50,binary,50,bot_7,3295,w,43,14.31,25,114.75,132,17.25,0
e2-nio-50,binary,50,bot_7,3295,w,45,14.82,25,132.9,145,12.1,0
e2-nio-50,binary,50,bot_7,3295,w,47,47.01,25,79.04,126,46.96,0
e2-nio-50,binary,50,bot_7,3295,w,49,54.2,25,108.12,170,61.88,0
e2-nio-50,binary,50,bot_7,3295,w,51,45.78,25,107.24,169,61.76,0
e2-nio-50,binary,50,bot_7,3295,w,53,40.91,25,131.52,175,43.48,0
e2-nio-50,binary,50,bot_7,3295,w,55,33.67,25,92.03,123,30.97,0
e2-nio-50,binary,50,bot_7,3295,w,57,24.88,25,116.73,137,20.27,0
e2-nio-50,binary,50,bot_7,3295,w,59,25.3,25,133.3,150,16.7,0
e2-nio-50,binary,50,bot_8,3295,b,2,82.04,25,70.03,143,72.97,0
e2-nio-50,binary,50,bot_8,3295,b,4,10.79,25,53.87,62,8.13,0
e2-nio-50,binary,50,bot_8,3295,b,6,2.1,25,51.89,55,3.11,0
e2-nio-50,binary,50,bot_8,3295,b,8,4.98,25,75.01,74,-1.01,0
e2-nio-50,binary,50,bot_8,3295,b,10,7.25,25,60.45,66,5.55,0
e2-nio-50,binary,50,bot_8,3295,b,12,5.02,25,58.51,67,8.49,0
e2-nio-50,binary,50,bot_8,3295,b,14,12.99,25,71.07,93,21.93,0
e2-nio-50,binary,50,bot_8,3295,b,16,14.54,25,63.65,72,8.35,0
e2-nio-50,binary,50,bot_8,3295,b,18,8.4,25,65.68,80,14.32,0
e2-nio-50,binary,50,bot_8,3295,b,20,13.37,25,83.41,93,9.59,0
e2-nio-50,binary,50,bot_8,3295,b,22,46.12,25,89.93,95,5.07,0
e2-nio-50,binary,50,bot_8,3295,b,24,8.15,25,82.21,85,2.79,0
e2-nio-50,binary,50,bot_8,3295,b,26,7.57,25,78.31,111,32.69,0
e2-nio-50,binary,50,bot_8,3295,b,28,11.45,25,127.75,133,5.25,0
e2-nio-50,binary,50,bot_8,3295,b,30,10.73,25,109.62,115,5.38,0
e2-nio-50,binary,50,bot_8,3295,b,32,8.7,25,114.57,124,9.43,0
e2-nio-50,binary,50,bot_8,3295,b,34,29.54,25,100.79,148,47.21,0
e2-nio-50,binary,50,bot_8,3295,b,36,25.56,25,82.54,115,32.46,0
e2-nio-50,binary,50,bot_8,3295,b,38,20.29,25,92.94,113,20.06,0
e2-nio-50,binary,50,bot_8,3295,b,40,15.61,25,96.75,117,20.25,0
e2-nio-50,binary,50,bot_8,3295,b,42,21.5,25,131.28,151,19.72,0
e2-nio-50,binary,50,bot_8,3295,b,44,16.62,25,138.39,149,10.61,0
e2-nio-50,binary,50,bot_8,3295,b,46,52.22,25,130.33,142,11.67,0
e2-nio-50,binary,50,bot_8,3295,b,48,65.87,25,89.24,132,42.76,0
e2-nio-50,binary,50,bot_8,3295,b,50,66.96,25,101.77,152,50.23,0
e2-nio-50,binary,50,bot_8,3295,b,52,56.08,25,117.85,153,35.15,0
e2-nio-50,binary,50,bot_8,3295,b,54,43.82,25,102.99,132,29.01,0
e2-nio-50,binary,50,bot_8,3295,b,56,32.2,25,79.62,101,21.38,0
e2-nio-50,binary,50,bot_8,3295,b,58,30.05,25,95.06,108,12.94,0
e2-nio-50,binary,50,bot_8,3295,b,60,38.29,25,126.74,141,14.26,0
e2-nio-50,binary,50,bot_9,3296,w,1,96.37,25,58.06,158,99.94,0
e2-nio-50,binary,50,bot_9,3296,w,3,4.44,25,56.63,58,1.37,0
e2-nio-50,binary,50,bot_9,3296,w,5,1.95,25,51.23,51,-0.23,0
e2-nio-50,binary,50,bot_9,3296,w,7,7.27,25,71.41,76,4.59,0
e2-nio-50,binary,50,bot_9,3296,w,9,17.58,25,66.62,69,2.38,0
e2-nio-50,binary,50,bot_9,3296,w,11,3.8,25,63.56,65,1.44,0
e2-nio-50,binary,50,bot_9,3296,w,13,3.89,25,70.05,80,9.95,0
e2-nio-50,binary,50,bot_9,3296,w,15,8.23,25,78.74,81,2.26,0
e2-nio-50,binary,50,bot_9,3296,w,17,12.95,25,88.2,98,9.8,0
e2-nio-50,binary,50,bot_9,3296,w,19,27.87,25,67.91,93,25.09,0
e2-nio-50,binary,50,bot_9,3296,w,21,27.25,25,99.03,101,1.97,0
e2-nio-50,binary,50,bot_9,3296,w,23,10.37,25,78.91,86,7.09,0
e2-nio-50,binary,50,bot_9,3296,w,25,5.08,25,94.56,99,4.44,0
e2-nio-50,binary,50,bot_9,3296,w,27,40.75,25,96.46,128,31.54,0
e2-nio-50,binary,50,bot_9,3296,w,29,43.8,25,76,105,29,0
e2-nio-50,binary,50,bot_9,3296,w,31,37.92,25,87.18,112,24.82,0
e2-nio-50,binary,50,bot_9,3296,w,33,42.58,25,98.33,122,23.67,0
e2-nio-50,binary,50,bot_9,3296,w,35,11.89,25,85.43,121,35.57,0
e2-nio-50,binary,50,bot_9,3296,w,37,13.32,25,108.18,120,11.82,0
e2-nio-50,binary,50,bot_9,3296,w,39,41.28,25,72.97,119,46.03,0
e2-nio-50,binary,50,bot_9,3296,w,41,61.56,25,89.44,138,48.56,0
e2-nio-50,binary,50,bot_9,3296,w,43,55.48,25,96.81,138,41.19,0
e2-nio-50,binary,50,bot_9,3296,w,45,42.51,25,98.81,134,35.19,0
e2-nio-50,binary,50,bot_9,3296,w,47,32.1,25,105.18,138,32.82,0
e2-nio-50,binary,50,bot_9,3296,w,49,23.41,25,124.72,155,30.28,0
e2-nio-50,binary,50,bot_9,3296,w,51,15.51,25,134.29,161,26.71,0
e2-nio-50,binary,50,bot_9,3296,w,53,61.19,25,91.5,159,67.5,0
e2-nio-50,binary,50,bot_9,3296,w,55,35.24,25,74.17,113,38.83,0
e2-nio-50,binary,50,bot_9,3296,w,57,35.44,25,85.39,135,49.61,0
e2-nio-50,binary,50,bot_9,3296,w,59,49.1,25,106.02,158,51.98,0
e2-nio-50,binary,50,bot_10,3296,b,2,20.59,25,54.9,50,-4.9,0
e2-nio-50,binary,50,bot_10,3296,b,4,3,25,58.41,54,-4.41,0
e2-nio-50,binary,50,bot_10,3296,b,6,7.01,25,66.56,61,-5.56,0
e2-nio-50,binary,50,bot_10,3296,b,8,5.53,25,73.22,72,-1.22,0
e2-nio-50,binary,50,bot_10,3296,b,10,4.49,25,51.63,61,9.37,0
e2-nio-50,binary,50,bot_10,3296,b,12,15.46,25,79,76,-3,0
e2-nio-50,binary,50,bot_10,3296,b,14,4.86,25,72.77,68,-4.77,0
e2-nio-50,binary,50,bot_10,3296,b,16,12.27,25,75.96,76,0.04,0
e2-nio-50,binary,50,bot_10,3296,b,18,28.7,25,92.15,97,4.85,0
e2-nio-50,binary,50,bot_10,3296,b,20,4.27,25,62.13,82,19.87,0
e2-nio-50,binary,50,bot_10,3296,b,22,10.03,25,68.79,88,19.21,0
e2-nio-50,binary,50,bot_10,3296,b,24,7.98,25,111.1,113,1.9,0
e2-nio-50,binary,50,bot_10,3296,b,26,36.13,25,111.48,109,-2.48,0
e2-nio-50,binary,50,bot_10,3296,b,28,31.48,25,70.36,104,33.64,0
e2-nio-50,binary,50,bot_10,3296,b,30,28.6,25,62.28,98,35.72,0
e2-nio-50,binary,50,bot_10,3296,b,32,27.01,25,80.63,111,30.37,0
e2-nio-50,binary,50,bot_10,3296,b,34,39.94,25,87.27,122,34.73,0
e2-nio-50,binary,50,bot_10,3296,b,36,16.2,25,110.08,114,3.92,0
e2-nio-50,binary,50,bot_10,3296,b,38,49.41,25,117.99,124,6.01,0
e2-nio-50,binary,50,bot_10,3296,b,40,50.57,25,83.31,117,33.69,0
e2-nio-50,binary,50,bot_10,3296,b,42,44.48,25,87.29,141,53.71,0
e2-nio-50,binary,50,bot_10,3296,b,44,38.73,25,108.04,156,47.96,0
e2-nio-50,binary,50,bot_10,3296,b,46,35.1,25,82.94,117,34.06,0
e2-nio-50,binary,50,bot_10,3296,b,48,33.65,25,132.84,158,25.16,0
e2-nio-50,binary,50,bot_10,3296,b,50,29.46,25,140.85,157,16.15,0
e2-nio-50,binary,50,bot_10,3296,b,52,79.24,25,115.82,116,0.18,0
e2-nio-50,binary,50,bot_10,3296,b,54,50.54,25,83.55,130,46.45,0
e2-nio-50,binary,50,bot_10,3296,b,56,60.62,25,82.08,103,20.92,0
e2-nio-50,binary,50,bot_10,3296,b,58,62.81,25,89.96,111,21.04,0
e2-nio-50,binary,50,bot_10,3296,b,60,42.71,25,125.52,160,34.48,0
e2-nio-50,binary,50,bot_11,3297,w,1,9.43,25,69.63,76,6.37,0
e2-nio-50,binary,50,bot_11,3297,w,3,13.95,25,58.79,65,6.21,0
e2-nio-50,binary,50,bot_11,3297,w,5,16.64,25,65.23,77,11.77,0
e2-nio-50,binary,50,bot_11,3297,w,7,9.94,25,59.91,75,15.09,0
e2-nio-50,binary,50,bot_11,3297,w,9,13.46,25,53.13,61,7.87,0
e2-nio-50,binary,50,bot_11,3297,w,11,21.01,25,55.04,85,29.96,0
e2-nio-50,binary,50,bot_11,3297,w,13,18.82,25,66.96,82,15.04,0
e2-nio-50,binary,50,bot_11,3297,w,15,30.51,25,89.43,98,8.57,0
e2-nio-50,binary,50,bot_11,3297,w,17,6.29,25,66.76,80,13.24,0
e2-nio-50,binary,50,bot_11,3297,w,19,12.55,25,90.35,105,14.65,0
e2-nio-50,binary,50,bot_11,3297,w,21,7.1,25,76.56,88,11.44,0
e2-nio-50,binary,50,bot_11,3297,w,23,18.61,25,82.18,129,46.82,0
e2-nio-50,binary,50,bot_11,3297,w,25,28.14,25,87.91,119,31.09,0
e2-nio-50,binary,50,bot_11,3297,w,27,21.31,25,79.54,95,15.46,0
e2-nio-50,binary,50,bot_11,3297,w,29,70.94,25,95.26,109,13.74,0
e2-nio-50,binary,50,bot_11,3297,w,31,75.94,25,97.61,113,15.39,0
e2-nio-50,binary,50,bot_11,3297,w,33,33.78,25,66.13,127,60.88,0
e2-nio-50,binary,50,bot_11,3297,w,35,34.93,25,87.08,120,32.92,0
e2-nio-50,binary,50,bot_11,3297,w,37,23.19,25,102.65,137,34.35,0
e2-nio-50,binary,50,bot_11,3297,w,39,22.57,25,114.06,140,25.94,0
e2-nio-50,binary,50,bot_11,3297,w,41,22.19,25,117.29,130,12.71,0
e2-nio-50,binary,50,bot_11,3297,w,43,16.82,25,111.4,121,9.6,0
e2-nio-50,binary,50,bot_11,3297,w,45,78.92,25,119.47,124,4.53,0
e2-nio-50,binary,50,bot_11,3297,w,47,63.19,25,85.22,157,71.78,0
e2-nio-50,binary,50,bot_11,3297,w,49,60.89,25,96.01,157,60.99,0
e2-nio-50,binary,50,bot_11,3297,w,51,55.65,25,97.3,163,65.7,0
e2-nio-50,binary,50,bot_11,3297,w,53,31.36,25,78.03,116,37.97,0
e2-nio-50,binary,50,bot_11,3297,w,55,33.03,25,87.93,136,48.07,0
e2-nio-50,binary,50,bot_11,3297,w,57,44.48,25,110.57,161,50.43,0
e2-nio-50,binary,50,bot_11,3297,w,59,40.06,25,111.68,141,29.32,0
e2-nio-50,binary,50,bot_12,3297,b,2,9.04,25,55.45,63,7.55,0
e2-nio-50,binary,50,bot_12,3297,b,4,13.76,25,61.72,70,8.28,0
e2-nio-50,binary,50,bot_12,3297,b,6,17.56,25,61.35,71,9.65,0
e2-nio-50,binary,50,bot_12,3297,b,8,11.98,25,52.5,59,6.5,0
e2-nio-50,binary,50,bot_12,3297,b,10,34.43,25,63.67,71,7.33,0
e2-nio-50,binary,50,bot_12,3297,b,12,18.49,25,60.55,76,15.45,0
e2-nio-50,binary,50,bot_12,3297,b,14,10.71,25,58.56,73,14.44,0
e2-nio-50,binary,50,bot_12,3297,b,16,16.25,25,72.71,97,24.29,0
e2-nio-50,binary,50,bot_12,3297,b,18,17.27,25,83.61,85,1.39,0
e2-nio-50,binary,50,bot_12,3297,b,20,15.05,25,82.99,90,7.01,0
e2-nio-50,binary,50,bot_12,3297,b,22,50.25,25,98.12,101,2.88,0
e2-nio-50,binary,50,bot_12,3297,b,24,34.05,25,86.2,100,13.8,0
e2-nio-50,binary,50,bot_12,3297,b,26,19.91,25,94.92,119,24.08,0
e2-nio-50,binary,50,bot_12,3297,b,28,17.54,25,87.22,104,16.78,0
e2-nio-50,binary,50,bot_12,3297,b,30,19.11,25,55.04,121,65.96,0
e2-nio-50,binary,50,bot_12,3297,b,32,63.98,25,61,132,71,0
e2-nio-50,binary,50,bot_12,3297,b,34,36.18,25,88.26,118,29.74,0
e2-nio-50,binary,50,bot_12,3297,b,36,36.91,25,75.7,106,30.3,0
e2-nio-50,binary,50,bot_12,3297,b,38,28.77,25,89.67,107,17.33,0
e2-nio-50,binary,50,bot_12,3297,b,40,15.96,25,125.13,143,17.87,0
e2-nio-50,binary,50,bot_12,3297,b,42,12.5,25,153.93,172,18.07,0
e2-nio-50,binary,50,bot_12,3297,b,44,8.19,25,118.83,130,11.17,0
e2-nio-50,binary,50,bot_12,3297,b,46,75.97,25,87.72,161,73.28,0
e2-nio-50,binary,50,bot_12,3297,b,48,63.39,25,106.52,165,58.48,0
e2-nio-50,binary,50,bot_12,3297,b,50,77.08,25,117.54,166,48.46,0
e2-nio-50,binary,50,bot_12,3297,b,52,49.5,25,84.08,128,43.92,0
e2-nio-50,binary,50,bot_12,3297,b,54,59.62,25,83.13,104,20.87,0
e2-nio-50,binary,50,bot_12,3297,b,56,61.57,25,91.13,111,19.87,0
e2-nio-50,binary,50,bot_12,3297,b,58,41.47,25,126.84,160,33.16,0
e2-nio-50,binary,50,bot_12,3297,b,60,38.01,25,114.48,143,28.52,0
e2-nio-50,binary,50,bot_13,3298,w,1,7.57,25,62.7,64,1.3,0
e2-nio-50,binary,50,bot_13,3298,w,3,5.56,25,58.78,64,5.22,0
e2-nio-50,binary,50,bot_13,3298,w,5,14.07,25,67.43,73,5.57,0
e2-nio-50,binary,50,bot_13,3298,w,7,7.64,25,61.78,70,8.22,0
e2-nio-50,binary,50,bot_13,3298,w,9,9.29,25,56.99,61,4.01,0
e2-nio-50,binary,50,bot_13,3298,w,11,16.63,25,57.93,83,25.07,0
e2-nio-50,binary,50,bot_13,3298,w,13,16.17,25,69.71,77,7.29,0
e2-nio-50,binary,50,bot_13,3298,w,15,25.99,25,74.37,93,18.63,0
e2-nio-50,binary,50,bot_13,3298,w,17,3.18,25,70,74,4,0
e2-nio-50,binary,50,bot_13,3298,w,19,7.75,25,94.83,95,0.17,0
e2-nio-50,binary,50,bot_13,3298,w,21,27.06,25,62.66,88,25.34,0
e2-nio-50,binary,50,bot_13,3298,w,23,15.27,25,84.58,106,21.42,0
e2-nio-50,binary,50,bot_13,3298,w,25,24.13,25,92.12,111,18.88,0
e2-nio-50,binary,50,bot_13,3298,w,27,14.91,25,85.5,94,8.5,0
e2-nio-50,binary,50,bot_13,3298,w,29,62.23,25,104.16,111,6.84,0
e2-nio-50,binary,50,bot_13,3298,w,31,72.2,25,100.4,109,8.6,0
e2-nio-50,binary,50,bot_13,3298,w,33,30.64,25,67.93,117,49.07,0
e2-nio-50,binary,50,bot_13,3298,w,35,31.45,25,90.27,115,24.73,0
e2-nio-50,binary,50,bot_13,3298,w,37,17.58,25,107.5,131,23.5,0
e2-nio-50,binary,50,bot_13,3298,w,39,16.37,25,120.88,133,12.12,0
e2-nio-50,binary,50,bot_13,3298,w,41,15.41,25,125.35,131,5.65,0
e2-nio-50,binary,50,bot_13,3298,w,43,67.75,25,75.47,132,56.53,0
e2-nio-50,binary,50,bot_13,3298,w,45,59.48,25,78.34,131,52.66,0
e2-nio-50,binary,50,bot_13,3298,w,47,53.13,25,95.3,157,61.7,0
e2-nio-50,binary,50,bot_13,3298,w,49,48.73,25,107.67,161,53.33,0
e2-nio-50,binary,50,bot_13,3298,w,51,51.75,25,101.07,161,59.93,0
e2-nio-50,binary,50,bot_13,3298,w,53,29.68,25,79.75,111,31.25,0
e2-nio-50,binary,50,bot_13,3298,w,55,32.88,25,88.03,132,43.97,0
e2-nio-50,binary,50,bot_13,3298,w,57,39.3,25,115.66,162,46.34,0
e2-nio-50,binary,50,bot_13,3298,w,59,38.76,25,113.11,140,26.89,0
e2-nio-50,binary,50,bot_14,3298,b,2,11.47,25,58,62,4,0
e2-nio-50,binary,50,bot_14,3298,b,4,11.63,25,63.96,64,0.04,0
e2-nio-50,binary,50,bot_14,3298,b,6,13.98,25,65.08,74,8.92,0
e2-nio-50,binary,50,bot_14,3298,b,8,8.69,25,56.2,59,2.8,0
e2-nio-50,binary,50,bot_14,3298,b,10,29.93,25,69.46,74,4.54,0
e2-nio-50,binary,50,bot_14,3298,b,12,11.96,25,67.02,78,10.98,0
e2-nio-50,binary,50,bot_14,3298,b,14,23.27,25,65.77,77,11.23,0
e2-nio-50,binary,50,bot_14,3298,b,16,6.86,25,81.86,102,20.14,0
e2-nio-50,binary,50,bot_14,3298,b,18,6.68,25,94.61,93,-1.61,0
e2-nio-50,binary,50,bot_14,3298,b,20,30.92,25,91.09,95,3.91,0
e2-nio-50,binary,50,bot_14,3298,b,22,28.05,25,90.92,113,22.08,0
e2-nio-50,binary,50,bot_14,3298,b,24,23.96,25,96.19,107,10.81,0
e2-nio-50,binary,50,bot_14,3298,b,26,12.97,25,101.72,120,18.28,0
e2-nio-50,binary,50,bot_14,3298,b,28,12.26,25,93.08,103,9.92,0
e2-nio-50,binary,50,bot_14,3298,b,30,15.18,25,60.08,116,55.92,0
e2-nio-50,binary,50,bot_14,3298,b,32,54.42,25,72.08,140,67.92,0
e2-nio-50,binary,50,bot_14,3298,b,34,30.03,25,94.78,121,26.22,0
e2-nio-50,binary,50,bot_14,3298,b,36,28.19,25,84.86,112,27.14,0
e2-nio-50,binary,50,bot_14,3298,b,38,17.45,25,101.23,115,13.77,0
e2-nio-50,binary,50,bot_14,3298,b,40,10.48,25,130.26,143,12.74,0
e2-nio-50,binary,50,bot_14,3298,b,42,61.65,25,158.45,169,10.55,0
e2-nio-50,binary,50,bot_14,3298,b,44,57.7,25,60.43,123,62.57,0
e2-nio-50,binary,50,bot_14,3298,b,46,68.08,25,96.2,152,55.8,0
e2-nio-50,binary,50,bot_14,3298,b,48,58.48,25,111.31,160,48.69,0
e2-nio-50,binary,50,bot_14,3298,b,50,73.57,25,120.88,157,36.12,0
e2-nio-50,binary,50,bot_14,3298,b,52,45.32,25,88.29,128,39.71,0
e2-nio-50,binary,50,bot_14,3298,b,54,57.66,25,85.41,103,17.59,0
e2-nio-50,binary,50,bot_14,3298,b,56,59.04,25,93.71,112,18.29,0
e2-nio-50,binary,50,bot_14,3298,b,58,41.34,25,126.99,153,26.01,0
e2-nio-50,binary,50,bot_14,3298,b,60,37.59,25,114.87,141,26.13,0
e2-nio-50,binary,50,bot_15,3299,w,1,5.09,25,61.85,59,-2.85,0
e2-nio-50,binary,50,bot_15,3299,w,3,4.7,25,61.41,60,-1.41,0
e2-nio-50,binary,50,bot_15,3299,w,5,13.21,25,68.16,72,3.84,0
e2-nio-50,binary,50,bot_15,3299,w,7,6.57,25,62.74,69,6.26,0
e2-nio-50,binary,50,bot_15,3299,w,9,7.05,25,59.31,60,0.69,0
e2-nio-50,binary,50,bot_15,3299,w,11,12.72,25,61.59,84,22.41,0
e2-nio-50,binary,50,bot_15,3299,w,13,15.03,25,71.05,75,3.95,0
e2-nio-50,binary,50,bot_15,3299,w,15,22.72,25,77.32,91,13.68,0
e2-nio-50,binary,50,bot_15,3299,w,17,37.73,25,57.39,88,30.61,0
e2-nio-50,binary,50,bot_15,3299,w,19,17.57,25,85.03,91,5.97,0
e2-nio-50,binary,50,bot_15,3299,w,21,22.8,25,66.57,80,13.43,0
e2-nio-50,binary,50,bot_15,3299,w,23,13.12,25,86.44,100,13.56,0
e2-nio-50,binary,50,bot_15,3299,w,25,17.98,25,98.58,115,16.42,0
e2-nio-50,binary,50,bot_15,3299,w,27,8.36,25,91.57,97,5.43,0
e2-nio-50,binary,50,bot_15,3299,w,29,54.63,25,101.1,115,13.9,0
e2-nio-50,binary,50,bot_15,3299,w,31,64.74,25,107.7,112,4.3,0
e2-nio-50,binary,50,bot_15,3299,w,33,23.5,25,74.72,117,42.28,0
e2-nio-50,binary,50,bot_15,3299,w,35,26.7,25,94.93,114,19.07,0
e2-nio-50,binary,50,bot_16,3299,b,2,6.17,25,58.12,58,-0.12,0
e2-nio-50,binary,50,bot_16,3299,b,4,10.55,25,63.47,62,-1.47,0
e2-nio-50,binary,50,bot_16,3299,b,6,12.81,25,65.93,75,9.07,0
e2-nio-50,binary,50,bot_16,3299,b,8,7.37,25,57.69,59,1.31,0
e2-nio-50,binary,50,bot_16,3299,b,10,28.13,25,71.37,73,1.63,0
e2-nio-50,binary,50,bot_16,3299,b,12,10.22,25,68.69,76,7.31,0
e2-nio-50,binary,50,bot_16,3299,b,14,18.96,25,70.28,81,10.72,0
e2-nio-50,binary,50,bot_16,3299,b,16,36.66,25,84.58,102,17.42,0
e2-nio-50,binary,50,bot_16,3299,b,18,11.58,25,55.32,88,32.68,0
e2-nio-50,binary,50,bot_16,3299,b,20,20.57,25,81.82,94,12.18,0
e2-nio-50,binary,50,bot_16,3299,b,22,20.17,25,98.88,117,18.13,0
e2-nio-50,binary,50,bot_16,3299,b,24,22.13,25,97.82,106,8.18,0
e2-nio-50,binary,50,bot_16,3299,b,26,10.73,25,104.32,116,11.68,0
e2-nio-50,binary,50,bot_16,3299,b,28,19.77,25,96.16,99,2.84,0
e2-nio-50,binary,50,bot_16,3299,b,30,11.18,25,64.41,114,49.59,0
e2-nio-50,binary,50,bot_16,3299,b,32,48.47,25,78.19,138,59.81,0
e2-nio-50,binary,50,bot_16,3299,b,34,24.35,25,100.7,119,18.3,0
e2-nio-50,binary,50,bot_16,3299,b,36,24.65,25,89.77,111,21.23,0
e2-nio-50,binary,50,bot_17,3300,w,1,3.49,25,51.68,52,0.32,0
e2-nio-50,binary,50,bot_17,3300,w,3,4.15,25,61.04,62,0.96,0
e2-nio-50,binary,50,bot_17,3300,w,5,12.29,25,68.95,73,4.05,0
e2-nio-50,binary,50,bot_17,3300,w,7,5.43,25,63.71,68,4.29,0
e2-nio-50,binary,50,bot_17,3300,w,9,5.17,25,60.84,61,0.16,0
e2-nio-50,binary,50,bot_17,3300,w,11,9.98,25,64.04,83,18.96,0
e2-nio-50,binary,50,bot_17,3300,w,13,13.19,25,73.16,78,4.84,0
e2-nio-50,binary,50,bot_17,3300,w,15,21.79,25,78.85,93,14.15,0
e2-nio-50,binary,50,bot_17,3300,w,17,34.23,25,60.85,90,29.15,0
e2-nio-50,binary,50,bot_17,3300,w,19,11.83,25,90.69,96,5.31,0
e2-nio-50,binary,50,bot_17,3300,w,21,17.36,25,72.11,85,12.89,0
e2-nio-50,binary,50,bot_17,3300,w,23,9.7,25,89.76,103,13.24,0
e2-nio-50,binary,50,bot_17,3300,w,25,12.01,25,104.19,120,15.81,0
e2-nio-50,binary,50,bot_17,3300,w,27,60.29,25,94.94,100,5.06,0
e2-nio-50,binary,50,bot_17,3300,w,29,50.16,25,105.22,109,3.78,0
e2-nio-50,binary,50,bot_17,3300,w,31,58.27,25,113.89,119,5.11,0
e2-nio-50,binary,50,bot_17,3300,w,33,20.86,25,77.27,119,41.73,0
e2-nio-50,binary,50,bot_17,3300,w,35,23.19,25,98.45,115,16.55,0
e2-nio-50,binary,50,bot_17,3300,w,37,11.3,25,111.08,126,14.92,0
e2-nio-50,binary,50,bot_17,3300,w,39,82.07,25,127.35,133,5.65,0
e2-nio-50,binary,50,bot_17,3300,w,41,65.93,25,85.2,143,57.8,0
e2-nio-50,binary,50,bot_17,3300,w,43,55.21,25,86.85,133,46.15,0
e2-nio-50,binary,50,bot_17,3300,w,45,47.07,25,90.52,134,43.48,0
e2-nio-50,binary,50,bot_17,3300,w,47,35.39,25,112.91,163,50.09,0
e2-nio-50,binary,50,bot_17,3300,w,49,32.97,25,121.59,166,44.41,0
e2-nio-50,binary,50,bot_17,3300,w,51,48.04,25,104.63,162,57.37,0
e2-nio-50,binary,50,bot_17,3300,w,53,27.31,25,82.06,111,28.94,0
e2-nio-50,binary,50,bot_17,3300,w,55,30.44,25,90.46,133,42.54,0
e2-nio-50,binary,50,bot_17,3300,w,57,34.58,25,120.24,163,42.76,0
e2-nio-50,binary,50,bot_17,3300,w,59,35.46,25,116.45,143,26.55,0
e2-nio-50,binary,50,bot_18,3300,b,2,5.24,25,56.84,57,0.16,0
e2-nio-50,binary,50,bot_18,3300,b,4,9.08,25,65.01,65,-0.01,0
e2-nio-50,binary,50,bot_18,3300,b,6,9.76,25,69.09,78,8.91,0
e2-nio-50,binary,50,bot_18,3300,b,8,5.67,25,59.9,62,2.1,0
e2-nio-50,binary,50,bot_18,3300,b,10,23.45,25,76.26,78,1.74,0
e2-nio-50,binary,50,bot_18,3300,b,12,8.47,25,70.47,75,4.53,0
e2-nio-50,binary,50,bot_18,3300,b,14,18.72,25,70.22,79,8.78,0
e2-nio-50,binary,50,bot_18,3300,b,16,33.6,25,87.59,106,18.41,0
e2-nio-50,binary,50,bot_18,3300,b,18,9.04,25,57.93,88,30.07,0
e2-nio-50,binary,50,bot_18,3300,b,20,17.92,25,84.33,93,8.67,0
e2-nio-50,binary,50,bot_18,3300,b,22,17.68,25,101.22,115,13.78,0
e2-nio-50,binary,50,bot_18,3300,b,24,19.64,25,100.73,107,6.27,0
e2-nio-50,binary,50,bot_18,3300,b,26,9.18,25,105.89,113,7.11,0
e2-nio-50,binary,50,bot_18,3300,b,28,8.35,25,52.71,109,56.29,0
e2-nio-50,binary,50,bot_18,3300,b,30,8.58,25,67.68,114,46.32,0
e2-nio-50,binary,50,bot_18,3300,b,32,46.44,25,80.32,134,53.68,0
e2-nio-50,binary,50,bot_18,3300,b,34,20.8,25,104.45,122,17.55,0
e2-nio-50,binary,50,bot_18,3300,b,36,21.21,25,94.02,113,18.98,0
e2-nio-50,binary,50,bot_18,3300,b,38,11.34,25,107.53,115,7.47,0
e2-nio-50,binary,50,bot_18,3300,b,40,61.88,25,71.01,150,78.99,0
e2-nio-50,binary,50,bot_18,3300,b,42,49.58,25,97.45,160,62.55,0
e2-nio-50,binary,50,bot_18,3300,b,44,48.27,25,70,121,51,0
e2-nio-50,binary,50,bot_18,3300,b,46,55.11,25,110.15,153,42.85,0
e2-nio-50,binary,50,bot_18,3300,b,48,48.65,25,121.46,154,32.54,0
e2-nio-50,binary,50,bot_18,3300,b,50,69.74,25,124.56,145,20.44,0
e2-nio-50,binary,50,bot_18,3300,b,52,41.53,25,92.1,129,36.9,0
e2-nio-50,binary,50,bot_18,3300,b,54,55.18,25,87.95,104,16.05,0
e2-nio-50,binary,50,bot_18,3300,b,56,54.3,25,98.52,117,18.48,0
e2-nio-50,binary,50,bot_18,3300,b,58,38.73,25,129.77,152,22.23,0
e2-nio-50,binary,50,bot_18,3300,b,60,35.1,25,117.35,141,23.65,0
e2-nio-50,binary,50,bot_19,3301,w,1,3.43,25,58.68,55,-3.68,0
e2-nio-50,binary,50,bot_19,3301,w,3,7.04,25,64.88,62,-2.88,0
e2-nio-50,binary,50,bot_19,3301,w,5,8.05,25,70.77,73,2.23,0
e2-nio-50,binary,50,bot_19,3301,w,7,3.39,25,62.24,59,-3.24,0
e2-nio-50,binary,50,bot_19,3301,w,9,19.89,25,73.44,77,3.56,0
e2-nio-50,binary,50,bot_19,3301,w,11,7.28,25,71.62,70,-1.62,0
e2-nio-50,binary,50,bot_19,3301,w,13,16.71,25,72.17,77,4.83,0
e2-nio-50,binary,50,bot_19,3301,w,15,32.01,25,89.16,102,12.84,0
e2-nio-50,binary,50,bot_19,3301,w,17,6.19,25,60.79,85,24.21,0
e2-nio-50,binary,50,bot_19,3301,w,19,13.17,25,89.07,93,3.93,0
e2-nio-50,binary,50,bot_19,3301,w,21,13.15,25,105.82,115,9.18,0
e2-nio-50,binary,50,bot_19,3301,w,23,16.79,25,103.6,105,1.4,0
e2-nio-50,binary,50,bot_19,3301,w,25,41.15,25,108.17,112,3.83,0
e2-nio-50,binary,50,bot_19,3301,w,27,4.62,25,56.32,104,47.68,0
e2-nio-50,binary,50,bot_19,3301,w,29,36.11,25,70.23,113,42.77,0
e2-nio-50,binary,50,bot_19,3301,w,31,44.33,25,82.53,131,48.47,0
e2-nio-50,binary,50,bot_19,3301,w,33,18.95,25,106.38,119,12.62,0
e2-nio-50,binary,50,bot_19,3301,w,35,17.34,25,97.98,111,13.02,0
e2-nio-50,binary,50,bot_19,3301,w,37,67.15,25,110.37,112,1.63,0
e2-nio-50,binary,50,bot_19,3301,w,39,57.02,25,75.27,137,61.73,0
e2-nio-50,binary,50,bot_19,3301,w,41,45.6,25,101.52,156,54.48,0
e2-nio-50,binary,50,bot_19,3301,w,43,43.09,25,74.81,118,43.19,0
e2-nio-50,binary,50,bot_19,3301,w,45,46.36,25,119.24,155,35.76,0
e2-nio-50,binary,50,bot_19,3301,w,47,41.3,25,129.1,154,24.9,0
e2-nio-50,binary,50,bot_19,3301,w,49,65.44,25,128.83,144,15.17,0
e2-nio-50,binary,50,bot_19,3301,w,51,39.14,25,94.54,127,32.46,0
e2-nio-50,binary,50,bot_19,3301,w,53,52.66,25,90.49,104,13.51,0
e2-nio-50,binary,50,bot_19,3301,w,55,49.92,25,103.02,117,13.98,0
e2-nio-50,binary,50,bot_19,3301,w,57,36.3,25,132.29,150,17.71,0
e2-nio-50,binary,50,bot_19,3301,w,59,32.86,25,119.6,140,20.4,0
e2-nio-50,binary,50,bot_20,3301,b,2,3.61,25,63.58,63,-0.58,0
e2-nio-50,binary,50,bot_20,3301,b,4,10.24,25,70.97,74,3.03,0
e2-nio-50,binary,50,bot_20,3301,b,6,4.08,25,64.82,69,4.18,0
e2-nio-50,binary,50,bot_20,3301,b,8,10.01,25,63.02,63,-0.02,0
e2-nio-50,binary,50,bot_20,3301,b,10,6.96,25,66.08,82,15.92,0
e2-nio-50,binary,50,bot_20,3301,b,12,12.46,25,74.18,78,3.82,0
e2-nio-50,binary,50,bot_20,3301,b,14,21,25,79.92,94,14.08,0
e2-nio-50,binary,50,bot_20,3301,b,16,32.55,25,62.82,91,28.18,0
e2-nio-50,binary,50,bot_20,3301,b,18,10.69,25,91.78,95,3.22,0
e2-nio-50,binary,50,bot_20,3301,b,20,15.3,25,74.23,82,7.77,0
e2-nio-50,binary,50,bot_20,3301,b,22,8.46,25,90.71,101,10.29,0
e2-nio-50,binary,50,bot_20,3301,b,24,10.49,25,105.68,119,13.32,0
e2-nio-50,binary,50,bot_20,3301,b,26,54.4,25,66.68,104,37.32,0
e2-nio-50,binary,50,bot_20,3301,b,28,48.86,25,106.27,106,-0.27,0
e2-nio-50,binary,50,bot_20,3301,b,30,56.6,25,85.21,118,32.79,0
e2-nio-50,binary,50,bot_20,3301,b,32,19.2,25,78.63,119,40.37,0
e2-nio-50,binary,50,bot_20,3301,b,34,21,25,100.59,116,15.41,0
e2-nio-50,binary,50,bot_20,3301,b,36,8.33,25,113.18,128,14.82,0
e2-nio-50,binary,50,bot_20,3301,b,38,69.85,25,81.91,145,63.09,0
e2-nio-50,binary,50,bot_20,3301,b,40,62.5,25,89.13,142,52.88,0
e2-nio-50,binary,50,bot_20,3301,b,42,50.94,25,91,132,41,0
e2-nio-50,binary,50,bot_20,3301,b,44,42.32,25,95.21,134,38.79,0
e2-nio-50,binary,50,bot_20,3301,b,46,32.73,25,115.37,157,41.63,0
e2-nio-50,binary,50,bot_20,3301,b,48,29.66,25,124.36,163,38.64,0
e2-nio-50,binary,50,bot_20,3301,b,50,45.7,25,106.62,160,53.38,0
e2-nio-50,binary,50,bot_20,3301,b,52,27.14,25,82.07,108,25.93,0
e2-nio-50,binary,50,bot_20,3301,b,54,29.11,25,91.77,133,41.23,0
e2-nio-50,binary,50,bot_20,3301,b,56,32.5,25,121.96,160,38.04,0
e2-nio-50,binary,50,bot_20,3301,b,58,33.77,25,118.06,143,24.94,0
e2-nio-50,binary,50,bot_20,3301,b,60,23.58,25,140.8,162,21.2,0
e2-nio-50,binary,50,bot_21,3302,w,1,5.34,25,55.66,62,6.34,0
e2-nio-50,binary,50,bot_21,3302,w,3,1.7,25,54.23,54,-0.23,0
e2-nio-50,binary,50,bot_21,3302,w,5,8.68,25,69.77,71,1.23,0
e2-nio-50,binary,50,bot_21,3302,w,7,11.41,25,64.59,66,1.41,0
e2-nio-50,binary,50,bot_21,3302,w,9,22.94,25,94.61,96,1.39,0
e2-nio-50,binary,50,bot_21,3302,w,11,11.31,25,70.38,79,8.62,0
e2-nio-50,binary,50,bot_21,3302,w,13,15.55,25,77.46,85,7.54,0
e2-nio-50,binary,50,bot_21,3302,w,15,11.2,25,89.37,93,3.63,0
e2-nio-50,binary,50,bot_21,3302,w,17,43.89,25,92.3,98,5.7,0
e2-nio-50,binary,50,bot_21,3302,w,19,25.93,25,57.55,93,35.45,0
e2-nio-50,binary,50,bot_21,3302,w,21,28.32,25,95.53,125,29.47,0
e2-nio-50,binary,50,bot_21,3302,w,23,49.87,25,64.78,115,50.22,0
e2-nio-50,binary,50,bot_21,3302,w,25,5.57,25,54.06,99,44.94,0
e2-nio-50,binary,50,bot_21,3302,w,27,40.87,25,62.38,93,30.62,0
e2-nio-50,binary,50,bot_21,3302,w,29,33.79,25,81.57,109,27.43,0
e2-nio-50,binary,50,bot_21,3302,w,31,28.01,25,106.4,122,15.6,0
e2-nio-50,binary,50,bot_21,3302,w,33,12.93,25,113.9,122,8.1,0
e2-nio-50,binary,50,bot_21,3302,w,35,65.04,25,115.92,123,7.08,0
e2-nio-50,binary,50,bot_21,3302,w,37,54.75,25,81.14,132,50.86,0
e2-nio-50,binary,50,bot_21,3302,w,39,51.75,25,84.98,124,39.02,0
e2-nio-50,binary,50,bot_21,3302,w,41,42.59,25,83.66,135,51.34,0
e2-nio-50,binary,50,bot_21,3302,w,43,34.59,25,92.47,120,27.53,0
e2-nio-50,binary,50,bot_21,3302,w,45,38.73,25,122.29,164,41.71,0
e2-nio-50,binary,50,bot_21,3302,w,47,28.13,25,125.33,164,38.67,0
e2-nio-50,binary,50,bot_21,3302,w,49,23.11,25,148.76,168,19.24,0
e2-nio-50,binary,50,bot_21,3302,w,51,15.4,25,110.22,126,15.78,0
e2-nio-50,binary,50,bot_21,3302,w,53,11.01,25,130.61,132,1.39,0
e2-nio-50,binary,50,bot_21,3302,w,55,8.75,25,149.7,145,-4.7,0
e2-nio-50,binary,50,bot_21,3302,w,57,65.1,25,87.47,164,76.53,0
e2-nio-50,binary,50,bot_21,3302,w,59,62.02,25,103.85,160,56.15,0
e2-nio-50,binary,50,bot_22,3302,b,2,1.51,25,52.56,54,1.44,0
e2-nio-50,binary,50,bot_22,3302,b,4,5.28,25,75.34,74,-1.34,0
e2-nio-50,binary,50,bot_22,3302,b,6,4.91,25,62.78,67,4.22,0
e2-nio-50,binary,50,bot_22,3302,b,8,3.45,25,59.86,66,6.14,0
e2-nio-50,binary,50,bot_22,3302,b,10,11.18,25,71.99,90,18.01,0
e2-nio-50,binary,50,bot_22,3302,b,12,11.8,25,66.55,72,5.45,0
e2-nio-50,binary,50,bot_22,3302,b,14,6.11,25,67.64,77,9.36,0
e2-nio-50,binary,50,bot_22,3302,b,16,9.52,25,87.82,93,5.18,0
e2-nio-50,binary,50,bot_22,3302,b,18,38.28,25,60.06,99,38.94,0
e2-nio-50,binary,50,bot_22,3302,b,20,32.87,25,71.47,93,21.53,0
e2-nio-50,binary,50,bot_22,3302,b,22,53.33,25,89.23,112,22.77,0
e2-nio-50,binary,50,bot_22,3302,b,24,48.36,25,67.72,113,45.28,0
e2-nio-50,binary,50,bot_22,3302,b,26,33.23,25,111.34,112,0.66,0
e2-nio-50,binary,50,bot_22,3302,b,28,32.17,25,81.6,117,35.4,0
e2-nio-50,binary,50,bot_22,3302,b,30,19.24,25,111.06,139,27.94,0
e2-nio-50,binary,50,bot_22,3302,b,32,11.85,25,95.5,119,23.5,0
e2-nio-50,binary,50,bot_22,3302,b,34,9.32,25,103.22,111,7.78,0
e2-nio-50,binary,50,bot_22,3302,b,36,54.77,25,62.67,123,60.33,0
e2-nio-50,binary,50,bot_22,3302,b,38,42.1,25,101.52,152,50.48,0
e2-nio-50,binary,50,bot_22,3302,b,40,55.63,25,113.95,159,45.05,0
e2-nio-50,binary,50,bot_22,3302,b,42,30.96,25,98.19,135,36.81,0
e2-nio-50,binary,50,bot_22,3302,b,44,46.19,25,108.96,139,30.04,0
e2-nio-50,binary,50,bot_22,3302,b,46,41.78,25,126.91,161,34.09,0
e2-nio-50,binary,50,bot_22,3302,b,48,30.64,25,143.73,159,15.27,0
e2-nio-50,binary,50,bot_22,3302,b,50,26.59,25,120.03,131,10.97,0
e2-nio-50,binary,50,bot_22,3302,b,52,12.89,25,98.98,102,3.02,0
e2-nio-50,binary,50,bot_22,3302,b,54,7.93,25,117.17,116,-1.17,0
e2-nio-50,binary,50,bot_22,3302,b,56,88.39,25,156.2,153,-3.2,0
e2-nio-50,binary,50,bot_22,3302,b,58,67.01,25,86.25,139,52.75,0
e2-nio-50,binary,50,bot_22,3302,b,60,54.29,25,72.2,122,49.8,0
e2-nio-50,binary,50,bot_23,3303,w,1,3.44,25,52.44,57,4.56,0
e2-nio-50,binary,50,bot_23,3303,w,3,10.05,25,73.88,75,1.12,0
e2-nio-50,binary,50,bot_23,3303,w,5,3.65,25,64,66,2,0
e2-nio-50,binary,50,bot_23,3303,w,7,7.55,25,60.96,64,3.04,0
e2-nio-50,binary,50,bot_23,3303,w,9,10.77,25,72,87,15,0
e2-nio-50,binary,50,bot_23,3303,w,11,10.26,25,67.97,75,7.03,0
e2-nio-50,binary,50,bot_23,3303,w,13,5.08,25,68.48,77,8.52,0
e2-nio-50,binary,50,bot_23,3303,w,15,41.66,25,89.42,95,5.58,0
e2-nio-50,binary,50,bot_23,3303,w,17,37.48,25,60.51,91,30.49,0
e2-nio-50,binary,50,bot_23,3303,w,19,31.4,25,72.91,91,18.09,0
e2-nio-50,binary,50,bot_23,3303,w,21,52.53,25,90.07,109,18.93,0
e2-nio-50,binary,50,bot_23,3303,w,23,46.61,25,69.33,114,44.67,0
e2-nio-50,binary,50,bot_23,3303,w,25,31.67,25,112.91,115,2.09,0
e2-nio-50,binary,50,bot_23,3303,w,27,31.48,25,82.29,117,34.71,0
e2-nio-50,binary,50,bot_23,3303,w,29,17.81,25,112.47,140,27.53,0
e2-nio-50,binary,50,bot_23,3303,w,31,10.52,25,96.72,120,23.28,0
e2-nio-50,binary,50,bot_23,3303,w,33,60.2,25,105.45,113,7.55,0
e2-nio-50,binary,50,bot_23,3303,w,35,50.98,25,66.5,115,48.5,0
e2-nio-50,binary,50,bot_23,3303,w,37,39.01,25,104.21,150,45.79,0
e2-nio-50,binary,50,bot_23,3303,w,39,51.96,25,117.45,161,43.55,0
e2-nio-50,binary,50,bot_23,3303,w,41,28.94,25,100.05,138,37.95,0
e2-nio-50,binary,50,bot_23,3303,w,43,43.97,25,111.1,140,28.9,0
e2-nio-50,binary,50,bot_23,3303,w,45,38.15,25,130.61,165,34.39,0
e2-nio-50,binary,50,bot_23,3303,w,47,27.75,25,146.66,161,14.34,0
e2-nio-50,binary,50,bot_23,3303,w,49,24.74,25,121.84,132,10.16,0
e2-nio-50,binary,50,bot_23,3303,w,51,11.65,25,100.19,102,1.81,0
e2-nio-50,binary,50,bot_23,3303,w,53,7.19,25,117.87,116,-1.87,0
e2-nio-50,binary,50,bot_23,3303,w,55,78.78,25,87.64,162,74.36,0
e2-nio-50,binary,50,bot_23,3303,w,57,66.41,25,86.78,138,51.22,0
e2-nio-50,binary,50,bot_23,3303,w,59,53.8,25,72.64,120,47.36,0
e2-nio-50,binary,50,bot_24,3303,b,2,3.37,25,52.16,53,0.84,0
e2-nio-50,binary,50,bot_24,3303,b,4,6.16,25,71.91,78,6.09,0
e2-nio-50,binary,50,bot_24,3303,b,6,7.45,25,68.89,69,0.11,0
e2-nio-50,binary,50,bot_24,3303,b,8,20.14,25,93.13,96,2.87,0
e2-nio-50,binary,50,bot_24,3303,b,10,10.2,25,71.74,76,4.26,0
e2-nio-50,binary,50,bot_24,3303,b,12,12.34,25,81,86,5,0
e2-nio-50,binary,50,bot_24,3303,b,14,9.15,25,91.5,92,0.5,0
e2-nio-50,binary,50,bot_24,3303,b,16,33.89,25,69.04,106,36.96,0
e2-nio-50,binary,50,bot_24,3303,b,18,21.62,25,61.95,94,32.05,0
e2-nio-50,binary,50,bot_24,3303,b,20,21.92,25,101.55,127,25.45,0
e2-nio-50,binary,50,bot_24,3303,b,22,48.04,25,66.65,115,48.35,0
e2-nio-50,binary,50,bot_24,3303,b,24,4.06,25,55.56,96,40.44,0
e2-nio-50,binary,50,bot_24,3303,b,26,37.74,25,65.56,92,26.44,0
e2-nio-50,binary,50,bot_24,3303,b,28,30.87,25,84.39,111,26.61,0
e2-nio-50,binary,50,bot_24,3303,b,30,26.49,25,107.98,121,13.02,0
e2-nio-50,binary,50,bot_24,3303,b,32,11.12,25,116.27,122,5.73,0
e2-nio-50,binary,50,bot_24,3303,b,34,52.54,25,75.56,132,56.44,0
e2-nio-50,binary,50,bot_24,3303,b,36,50,25,86.02,132,45.98,0
e2-nio-50,binary,50,bot_24,3303,b,38,45.78,25,91.02,125,33.98,0
e2-nio-50,binary,50,bot_24,3303,b,40,40.62,25,86.14,133,46.86,0
e2-nio-50,binary,50,bot_24,3303,b,42,32.62,25,94.7,119,24.3,0
e2-nio-50,binary,50,bot_24,3303,b,44,36.46,25,124.36,163,38.64,0
e2-nio-50,binary,50,bot_24,3303,b,46,26.35,25,127.12,161,33.88,0
e2-nio-50,binary,50,bot_24,3303,b,48,20.89,25,150.76,165,14.24,0
e2-nio-50,binary,50,bot_24,3303,b,50,13.53,25,112.11,125,12.89,0
e2-nio-50,binary,50,bot_24,3303,b,52,9.23,25,132.44,131,-1.44,0
e2-nio-50,binary,50,bot_24,3303,b,54,85.08,25,152.35,146,-6.35,0
e2-nio-50,binary,50,bot_24,3303,b,56,61.98,25,90.02,155,64.98,0
e2-nio-50,binary,50,bot_24,3303,b,58,58.45,25,107.41,161,53.59,0
e2-nio-50,binary,50,bot_24,3303,b,60,50.37,25,74.74,114,39.26,0
e2-nio-50,binary,50,bot_25,3304,w,1,2.77,25,65.89,67,1.11,0
e2-nio-50,binary,50,bot_25,3304,w,3,20.2,25,74.86,76,1.14,0
e2-nio-50,binary,50,bot_25,3304,w,5,2.27,25,53.63,63,9.37,0
e2-nio-50,binary,50,bot_25,3304,w,7,45.45,25,85.71,83,-2.71,0
e2-nio-50,binary,50,bot_25,3304,w,9,23,25,58.39,77,18.61,0
e2-nio-50,binary,50,bot_25,3304,w,11,6.43,25,72.64,72,-0.64,0
e2-nio-50,binary,50,bot_25,3304,w,13,22.05,25,78.34,94,15.66,0
e2-nio-50,binary,50,bot_25,3304,w,15,22.06,25,76.05,93,16.95,0
e2-nio-50,binary,50,bot_25,3304,w,17,11.57,25,80.75,90,9.25,0
e2-nio-50,binary,50,bot_25,3304,w,19,59.41,25,103.07,118,14.93,0
e2-nio-50,binary,50,bot_25,3304,w,21,22.46,25,71.79,88,16.21,0
e2-nio-50,binary,50,bot_25,3304,w,23,23.51,25,77.37,102,24.63,0
e2-nio-50,binary,50,bot_25,3304,w,25,21.51,25,70.19,96,25.81,0
e2-nio-50,binary,50,bot_25,3304,w,27,17.56,25,90.2,112,21.8,0
e2-nio-50,binary,50,bot_25,3304,w,29,24.6,25,102.69,127,24.31,0
e2-nio-50,binary,50,bot_25,3304,w,31,42.16,25,83.2,127,43.8,0
e2-nio-50,binary,50,bot_25,3304,w,33,33.74,25,91.29,123,31.71,0
e2-nio-50,binary,50,bot_25,3304,w,35,35.39,25,98.5,126,27.5,0
e2-nio-50,binary,50,bot_25,3304,w,37,29.63,25,100.54,140,39.46,0
e2-nio-50,binary,50,bot_25,3304,w,39,27.68,25,120.01,153,32.99,0
e2-nio-50,binary,50,bot_25,3304,w,41,20.92,25,96.91,113,16.09,0
e2-nio-50,binary,50,bot_25,3304,w,43,19.01,25,148.64,159,10.36,0
e2-nio-50,binary,50,bot_25,3304,w,45,79.33,25,159.13,169,9.87,0
e2-nio-50,binary,50,bot_25,3304,w,47,60.84,25,112.21,177,64.79,0
e2-nio-50,binary,50,bot_25,3304,w,49,47.18,25,79.43,124,44.57,0
e2-nio-50,binary,50,bot_25,3304,w,51,39.36,25,102.07,138,35.93,0
e2-nio-50,binary,50,bot_25,3304,w,53,38.88,25,119.8,153,33.2,0
e2-nio-50,binary,50,bot_25,3304,w,55,39.09,25,123.7,168,44.3,0
e2-nio-50,binary,50,bot_25,3304,w,57,36.41,25,130.17,159,28.83,0
e2-nio-50,binary,50,bot_25,3304,w,59,20.03,25,101.83,109,7.17,0
e2-nio-50,binary,50,bot_26,3304,b,2,6.26,25,70.93,71,0.07,0
e2-nio-50,binary,50,bot_26,3304,b,4,14.45,25,53.58,70,16.42,0
e2-nio-50,binary,50,bot_26,3304,b,6,2.13,25,65.29,64,-1.29,0
e2-nio-50,binary,50,bot_26,3304,b,8,23,25,62.38,104,41.62,0
e2-nio-50,binary,50,bot_26,3304,b,10,4.02,25,51.87,72,20.13,0
e2-nio-50,binary,50,bot_26,3304,b,12,20.68,25,89.71,92,2.29,0
e2-nio-50,binary,50,bot_26,3304,b,14,21.46,25,74.71,94,19.29,0
e2-nio-50,binary,50,bot_26,3304,b,16,13.99,25,80.89,99,18.11,0
e2-nio-50,binary,50,bot_26,3304,b,18,18.02,25,80.31,87,6.69,0
e2-nio-50,binary,50,bot_26,3304,b,20,20.08,25,66.26,122,55.74,0
e2-nio-50,binary,50,bot_26,3304,b,22,28.09,25,109.85,128,18.15,0
e2-nio-50,binary,50,bot_26,3304,b,24,30.41,25,89.83,111,21.17,0
e2-nio-50,binary,50,bot_26,3304,b,26,25.68,25,98.27,116,17.73,0
e2-nio-50,binary,50,bot_26,3304,b,28,27.91,25,113.88,127,13.12,0
e2-nio-50,binary,50,bot_26,3304,b,30,48.18,25,100.02,121,20.98,0
e2-nio-50,binary,50,bot_26,3304,b,32,34.71,25,79.04,117,37.96,0
e2-nio-50,binary,50,bot_26,3304,b,34,31.52,25,81.43,111,29.57,0
e2-nio-50,binary,50,bot_26,3304,b,36,43.47,25,109.2,141,31.8,0
e2-nio-50,binary,50,bot_26,3304,b,38,36.74,25,116.99,142,25.01,0
e2-nio-50,binary,50,bot_26,3304,b,40,19.4,25,119.96,144,24.04,0
e2-nio-50,binary,50,bot_26,3304,b,42,15.03,25,121.93,139,17.07,0
e2-nio-50,binary,50,bot_26,3304,b,44,13.54,25,134.89,150,15.11,0
e2-nio-50,binary,50,bot_26,3304,b,46,76.94,25,96.31,164,67.69,0
e2-nio-50,binary,50,bot_26,3304,b,48,55.63,25,90.97,139,48.03,0
e2-nio-50,binary,50,bot_26,3304,b,50,47.77,25,64.05,99,34.95,0
e2-nio-50,binary,50,bot_26,3304,b,52,44.75,25,80.52,108,27.48,0
e2-nio-50,binary,50,bot_26,3304,b,54,55.83,25,107.95,134,26.05,0
e2-nio-50,binary,50,bot_26,3304,b,56,41.11,25,108.59,136,27.41,0
e2-nio-50,binary,50,bot_26,3304,b,58,18.29,25,119.17,143,23.83,0
e2-nio-50,binary,50,bot_26,3304,b,60,23.32,25,117.51,126,8.49,0
e2-nio-50,binary,50,bot_27,3305,w,1,18.41,25,71.1,69,-2.1,0
e2-nio-50,binary,50,bot_27,3305,w,3,13.46,25,54.36,67,12.64,0
e2-nio-50,binary,50,bot_27,3305,w,5,4.2,25,51.28,69,17.72,0
e2-nio-50,binary,50,bot_27,3305,w,7,21.59,25,63.26,95,31.74,0
e2-nio-50,binary,50,bot_27,3305,w,9,3.28,25,52.59,72,19.41,0
e2-nio-50,binary,50,bot_27,3305,w,11,18.69,25,56.87,90,33.13,0
e2-nio-50,binary,50,bot_27,3305,w,13,19.59,25,76.66,95,18.34,0
e2-nio-50,binary,50,bot_27,3305,w,15,11.92,25,82.97,99,16.03,0
e2-nio-50,binary,50,bot_27,3305,w,17,17.42,25,80.88,87,6.13,0
e2-nio-50,binary,50,bot_27,3305,w,19,16.2,25,70.12,124,53.88,0
e2-nio-50,binary,50,bot_27,3305,w,21,22.66,25,115.44,133,17.56,0
e2-nio-50,binary,50,bot_27,3305,w,23,25.49,25,94.8,115,20.2,0
e2-nio-50,binary,50,bot_27,3305,w,25,20.21,25,103.84,121,17.16,0
e2-nio-50,binary,50,bot_27,3305,w,27,20.82,25,121.13,135,13.88,0
e2-nio-50,binary,50,bot_27,3305,w,29,41.24,25,107.01,128,20.99,0
e2-nio-50,binary,50,bot_27,3305,w,31,29.42,25,84.27,122,37.73,0
e2-nio-50,binary,50,bot_27,3305,w,33,27.15,25,85.78,115,29.22,0
e2-nio-50,binary,50,bot_27,3305,w,35,35.7,25,117.02,150,32.98,0
e2-nio-50,binary,50,bot_27,3305,w,37,29.85,25,124.08,149,24.92,0
e2-nio-50,binary,50,bot_27,3305,w,39,16.14,25,123.21,148,24.79,0
e2-nio-50,binary,50,bot_27,3305,w,41,11.73,25,125.01,142,16.99,0
e2-nio-50,binary,50,bot_27,3305,w,43,95.73,25,137.89,152,14.11,0
e2-nio-50,binary,50,bot_27,3305,w,45,73.36,25,99.9,154,54.1,0
e2-nio-50,binary,50,bot_27,3305,w,47,52.61,25,94.1,140,45.9,0
e2-nio-50,binary,50,bot_27,3305,w,49,45.09,25,66.78,100,33.22,0
e2-nio-50,binary,50,bot_27,3305,w,51,41.65,25,83.62,108,24.38,0
e2-nio-50,binary,50,bot_27,3305,w,53,53.38,25,110.49,136,25.51,0
e2-nio-50,binary,50,bot_27,3305,w,55,37.63,25,112.1,137,24.9,0
e2-nio-50,binary,50,bot_27,3305,w,57,17.77,25,119.55,140,20.45,0
e2-nio-50,binary,50,bot_27,3305,w,59,17.12,25,123.8,130,6.2,0
e2-nio-50,binary,50,bot_28,3305,b,2,15.86,25,65.73,80,14.27,0
e2-nio-50,binary,50,bot_28,3305,b,4,20.54,25,54.76,63,8.24,0
e2-nio-50,binary,50,bot_28,3305,b,6,35.56,25,88.97,89,0.03,0
e2-nio-50,binary,50,bot_28,3305,b,8,21.45,25,60.04,77,16.96,0
e2-nio-50,binary,50,bot_28,3305,b,10,36.93,25,77.01,76,-1.01,0
e2-nio-50,binary,50,bot_28,3305,b,12,20.19,25,80.31,95,14.69,0
e2-nio-50,binary,50,bot_28,3305,b,14,19.85,25,78.25,94,15.75,0
e2-nio-50,binary,50,bot_28,3305,b,16,9.85,25,82.76,90,7.24,0
e2-nio-50,binary,50,bot_28,3305,b,18,56.97,25,105.27,118,12.73,0
e2-nio-50,binary,50,bot_28,3305,b,20,21.44,25,72.81,84,11.19,0
e2-nio-50,binary,50,bot_28,3305,b,22,22.9,25,77.52,95,17.48,0
e2-nio-50,binary,50,bot_28,3305,b,24,21.35,25,70.54,92,21.46,0
e2-nio-50,binary,50,bot_28,3305,b,26,17.52,25,89.94,105,15.06,0
e2-nio-50,binary,50,bot_28,3305,b,28,23.92,25,103.26,119,15.74,0
e2-nio-50,binary,50,bot_28,3305,b,30,40.73,25,84.83,121,36.17,0
e2-nio-50,binary,50,bot_28,3305,b,32,32.56,25,92.6,117,24.4,0
e2-nio-50,binary,50,bot_28,3305,b,34,35.16,25,98.85,121,22.15,0
e2-nio-50,binary,50,bot_28,3305,b,36,28.27,25,101.42,132,30.58,0
e2-nio-50,binary,50,bot_28,3305,b,38,27.07,25,120.26,146,25.74,0
e2-nio-50,binary,50,bot_28,3305,b,40,20.26,25,98.11,109,10.89,0
e2-nio-50,binary,50,bot_28,3305,b,42,17.42,25,150.34,157,6.66,0
e2-nio-50,binary,50,bot_28,3305,b,44,66.55,25,86.45,178,91.55,0
e2-nio-50,binary,50,bot_28,3305,b,46,58.11,25,114.59,175,60.41,0
e2-nio-50,binary,50,bot_28,3305,b,48,44.82,25,81.35,122,40.65,0
e2-nio-50,binary,50,bot_28,3305,b,50,36.67,25,104.74,137,32.26,0
e2-nio-50,binary,50,bot_28,3305,b,52,37.46,25,121.14,150,28.86,0
e2-nio-50,binary,50,bot_28,3305,b,54,37.52,25,125.17,167,41.83,0
e2-nio-50,binary,50,bot_28,3305,b,56,34.49,25,132.16,158,25.84,0
e2-nio-50,binary,50,bot_28,3305,b,58,18.58,25,103.37,108,4.63,0
e2-nio-50,binary,50,bot_28,3305,b,60,14,25,114.74,119,4.26,0
e2-nio-50,binary,50,bot_29,3306,w,1,1.59,25,67.19,67,-0.19,0
e2-nio-50,binary,50,bot_29,3306,w,3,5.26,25,64.8,67,2.2,0
e2-nio-50,binary,50,bot_29,3306,w,5,7.28,25,61.29,63,1.71,0
e2-nio-50,binary,50,bot_29,3306,w,7,9.51,25,72.61,86,13.39,0
e2-nio-50,binary,50,bot_29,3306,w,9,9.47,25,68.5,74,5.5,0
e2-nio-50,binary,50,bot_29,3306,w,11,3.52,25,69.84,73,3.16,0
e2-nio-50,binary,50,bot_29,3306,w,13,31.75,25,99.52,101,1.48,0
e2-nio-50,binary,50,bot_29,3306,w,15,33.25,25,64.54,90,25.46,0
e2-nio-50,binary,50,bot_29,3306,w,17,25.84,25,78.49,93,14.51,0
e2-nio-50,binary,50,bot_29,3306,w,19,48.7,25,94.13,108,13.87,0
e2-nio-50,binary,50,bot_29,3306,w,21,40.63,25,75.19,116,40.81,0
e2-nio-50,binary,50,bot_29,3306,w,23,27.36,25,76.65,113,36.35,0
e2-nio-50,binary,50,bot_29,3306,w,25,27,25,86.62,114,27.38,0
e2-nio-50,binary,50,bot_29,3306,w,27,14.06,25,116.52,138,21.48,0
e2-nio-50,binary,50,bot_29,3306,w,29,66.65,25,98.89,117,18.11,0
e2-nio-50,binary,50,bot_29,3306,w,31,50.15,25,62.24,108,45.76,0
e2-nio-50,binary,50,bot_29,3306,w,33,47.32,25,70.69,112,41.31,0
e2-nio-50,binary,50,bot_29,3306,w,35,34.17,25,108.58,148,39.42,0
e2-nio-50,binary,50,bot_29,3306,w,37,41.81,25,126.79,165,38.21,0
e2-nio-50,binary,50,bot_29,3306,w,39,23.42,25,104.85,140,35.15,0
e2-nio-50,binary,50,bot_29,3306,w,41,35.16,25,120.04,147,26.96,0
e2-nio-50,binary,50,bot_29,3306,w,43,27.6,25,141.72,168,26.28,0
e2-nio-50,binary,50,bot_29,3306,w,45,19.16,25,155.75,167,11.25,0
e2-nio-50,binary,50,bot_29,3306,w,47,14.81,25,131.63,135,3.37,0
e2-nio-50,binary,50,bot_29,3306,w,49,80.31,25,106.04,103,-3.04,0
e2-nio-50,binary,50,bot_29,3306,w,51,77.58,25,73.89,115,41.11,0
e2-nio-50,binary,50,bot_29,3306,w,53,69.87,25,96.81,158,61.19,0
e2-nio-50,binary,50,bot_29,3306,w,55,60.48,25,92.59,136,43.41,0
e2-nio-50,binary,50,bot_29,3306,w,57,44.94,25,81.39,117,35.61,0
e2-nio-50,binary,50,bot_29,3306,w,59,29.61,25,103.71,135,31.29,0
e2-nio-50,binary,50,bot_30,3306,b,2,4.88,25,69.47,68,-1.47,0
e2-nio-50,binary,50,bot_30,3306,b,4,6.06,25,67.96,71,3.04,0
e2-nio-50,binary,50,bot_30,3306,b,6,17.49,25,95.98,100,4.02,0
e2-nio-50,binary,50,bot_30,3306,b,8,9.6,25,72.58,79,6.42,0
e2-nio-50,binary,50,bot_30,3306,b,10,7.81,25,85.89,94,8.11,0
e2-nio-50,binary,50,bot_30,3306,b,12,8.76,25,92.12,93,0.88,0
e2-nio-50,binary,50,bot_30,3306,b,14,28.85,25,74.1,102,27.9,0
e2-nio-50,binary,50,bot_30,3306,b,16,16.9,25,66.84,97,30.16,0
e2-nio-50,binary,50,bot_30,3306,b,18,16.59,25,106.39,129,22.61,0
e2-nio-50,binary,50,bot_30,3306,b,20,44.37,25,70.61,116,45.39,0
e2-nio-50,binary,50,bot_30,3306,b,22,39.54,25,61,99,38,0
e2-nio-50,binary,50,bot_30,3306,b,24,30.47,25,72.65,98,25.35,0
e2-nio-50,binary,50,bot_30,3306,b,26,24.62,25,90.81,115,24.19,0
e2-nio-50,binary,50,bot_30,3306,b,28,21.86,25,112.47,124,11.53,0
e2-nio-50,binary,50,bot_30,3306,b,30,48.86,25,73.9,138,64.1,0
e2-nio-50,binary,50,bot_30,3306,b,32,44.76,25,82.56,131,48.44,0
e2-nio-50,binary,50,bot_30,3306,b,34,42.3,25,93.53,138,44.47,0
e2-nio-50,binary,50,bot_30,3306,b,36,41.17,25,96.45,127,30.55,0
e2-nio-50,binary,50,bot_30,3306,b,38,36.82,25,90.48,129,38.52,0
e2-nio-50,binary,50,bot_30,3306,b,40,28.99,25,98.74,120,21.26,0
e2-nio-50,binary,50,bot_30,3306,b,42,29.04,25,131.1,164,32.9,0
e2-nio-50,binary,50,bot_30,3306,b,44,23.21,25,129.86,155,25.14,0
e2-nio-50,binary,50,bot_30,3306,b,46,15.13,25,156.2,164,7.8,0
e2-nio-50,binary,50,bot_30,3306,b,48,9.71,25,115.88,119,3.12,0
e2-nio-50,binary,50,bot_30,3306,b,50,53.58,25,67.94,137,69.06,0
e2-nio-50,binary,50,bot_30,3306,b,52,73.16,25,83.43,150,66.57,0
e2-nio-50,binary,50,bot_30,3306,b,54,55.82,25,96.24,154,57.76,0
e2-nio-50,binary,50,bot_30,3306,b,56,46.84,25,118.54,167,48.46,0
e2-nio-50,binary,50,bot_30,3306,b,58,44.07,25,81.57,114,32.43,0
e2-nio-50,binary,50,bot_30,3306,b,60,29.41,25,99.05,116,16.95,0
e2-nio-50,binary,50,bot_31,3307,w,1,3.76,25,66.11,61,-5.11,0
e2-nio-50,binary,50,bot_31,3307,w,3,8.58,25,68.05,64,-4.05,0
e2-nio-50,binary,50,bot_31,3307,w,5,14.78,25,98.64,96,-2.64,0
e2-nio-50,binary,50,bot_31,3307,w,7,8.56,25,73.61,74,0.39,0
e2-nio-50,binary,50,bot_31,3307,w,9,47.44,25,88.6,89,0.4,0
e2-nio-50,binary,50,bot_31,3307,w,11,12.79,25,60.74,86,25.26,0
e2-nio-50,binary,50,bot_31,3307,w,13,25.15,25,77.76,99,21.24,0
e2-nio-50,binary,50,bot_31,3307,w,15,13.56,25,70.17,91,20.83,0
e2-nio-50,binary,50,bot_31,3307,w,17,11.59,25,110.74,125,14.26,0
e2-nio-50,binary,50,bot_31,3307,w,19,40.82,25,74.46,113,38.54,0
e2-nio-50,binary,50,bot_31,3307,w,21,33.43,25,67.31,96,28.69,0
e2-nio-50,binary,50,bot_31,3307,w,23,23.65,25,79.42,98,18.58,0
e2-nio-50,binary,50,bot_31,3307,w,25,15.38,25,98.86,114,15.14,0
e2-nio-50,binary,50,bot_31,3307,w,27,17.27,25,117.06,121,3.94,0
e2-nio-50,binary,50,bot_31,3307,w,29,44.4,25,78.05,125,46.95,0
e2-nio-50,binary,50,bot_31,3307,w,31,40.73,25,86.23,125,38.77,0
e2-nio-50,binary,50,bot_31,3307,w,33,36.86,25,98.93,135,36.07,0
e2-nio-50,binary,50,bot_31,3307,w,35,35.63,25,102.37,124,21.63,0
e2-nio-50,binary,50,bot_31,3307,w,37,33.62,25,93.96,119,25.04,0
e2-nio-50,binary,50,bot_31,3307,w,39,24.67,25,103.3,116,12.7,0
e2-nio-50,binary,50,bot_31,3307,w,41,21.26,25,138.54,159,20.46,0
e2-nio-50,binary,50,bot_31,3307,w,43,16.74,25,136.57,149,12.43,0
e2-nio-50,binary,50,bot_31,3307,w,45,8.64,25,162.52,162,-0.52,0
e2-nio-50,binary,50,bot_31,3307,w,47,42.42,25,67.11,121,53.89,0
e2-nio-50,binary,50,bot_31,3307,w,49,46.89,25,73.9,132,58.1,0
e2-nio-50,binary,50,bot_31,3307,w,51,67.12,25,89.11,148,58.89,0
e2-nio-50,binary,50,bot_31,3307,w,53,50.66,25,101.37,146,44.63,0
e2-nio-50,binary,50,bot_31,3307,w,55,36.89,25,128.48,166,37.52,0
e2-nio-50,binary,50,bot_31,3307,w,57,32.67,25,93.31,115,21.69,0
e2-nio-50,binary,50,bot_31,3307,w,59,20.1,25,108.11,115,6.89,0
e2-nio-50,binary,50,bot_32,3307,b,2,3,25,68.58,71,2.42,0
e2-nio-50,binary,50,bot_32,3307,b,4,4.77,25,59.98,66,6.02,0
e2-nio-50,binary,50,bot_32,3307,b,6,7.42,25,74.56,88,13.44,0
e2-nio-50,binary,50,bot_32,3307,b,8,6.55,25,71.21,77,5.79,0
e2-nio-50,binary,50,bot_32,3307,b,10,32.55,25,57.4,102,44.6,0
e2-nio-50,binary,50,bot_32,3307,b,12,28.73,25,71.39,82,10.61,0
e2-nio-50,binary,50,bot_32,3307,b,14,28.38,25,69.47,93,23.53,0
e2-nio-50,binary,50,bot_32,3307,b,16,21.06,25,83.73,95,11.27,0
e2-nio-50,binary,50,bot_32,3307,b,18,46.12,25,96.75,106,9.25,0
e2-nio-50,binary,50,bot_32,3307,b,20,36.26,25,79.3,117,37.7,0
e2-nio-50,binary,50,bot_32,3307,b,22,26.57,25,77.37,109,31.63,0
e2-nio-50,binary,50,bot_32,3307,b,24,23.45,25,91.57,114,22.43,0
e2-nio-50,binary,50,bot_32,3307,b,26,10.98,25,119.38,132,12.63,0
e2-nio-50,binary,50,bot_32,3307,b,28,54,25,111.73,127,15.27,0
e2-nio-50,binary,50,bot_32,3307,b,30,46.78,25,65.68,109,43.32,0
e2-nio-50,binary,50,bot_32,3307,b,32,43.41,25,75.03,115,39.97,0
e2-nio-50,binary,50,bot_32,3307,b,34,28.61,25,113.84,149,35.16,0
e2-nio-50,binary,50,bot_32,3307,b,36,33.42,25,134.54,168,33.46,0
e2-nio-50,binary,50,bot_32,3307,b,38,19.88,25,108.03,140,31.97,0
e2-nio-50,binary,50,bot_32,3307,b,40,28.04,25,127.16,151,23.84,0
e2-nio-50,binary,50,bot_32,3307,b,42,19.78,25,149.57,169,19.43,0
e2-nio-50,binary,50,bot_32,3307,b,44,13.39,25,161.71,168,6.29,0
e2-nio-50,binary,50,bot_32,3307,b,46,68.34,25,138.57,137,-1.57,0
e2-nio-50,binary,50,bot_32,3307,b,48,71.73,25,71,101,30,0
e2-nio-50,binary,50,bot_32,3307,b,50,73.79,25,78.14,114,35.86,0
e2-nio-50,binary,50,bot_32,3307,b,52,59.77,25,107.42,163,55.58,0
e2-nio-50,binary,50,bot_32,3307,b,54,51.52,25,101.61,141,39.39,0
e2-nio-50,binary,50,bot_32,3307,b,56,35.91,25,90.22,116,25.78,0
e2-nio-50,binary,50,bot_32,3307,b,58,21.81,25,111.5,134,22.5,0
e2-nio-50,binary,50,bot_32,3307,b,60,20.03,25,93.57,102,8.43,0
e2-nio-50,binary,50,bot_33,3308,w,1,2.56,25,65.15,56,-9.15,0
e2-nio-50,binary,50,bot_33,3308,w,3,2.85,25,62.18,54,-8.18,0
e2-nio-50,binary,50,bot_33,3308,w,5,4.88,25,76.74,77,0.26,0
e2-nio-50,binary,50,bot_33,3308,w,7,14.86,25,54.82,73,18.18,0
e2-nio-50,binary,50,bot_33,3308,w,9,24.67,25,64.97,92,27.03,0
e2-nio-50,binary,50,bot_33,3308,w,11,24.79,25,75.63,75,-0.63,0
e2-nio-50,binary,50,bot_33,3308,w,13,23.17,25,74.78,86,11.22,0
e2-nio-50,binary,50,bot_33,3308,w,15,11.46,25,93.46,93,-0.46,0
e2-nio-50,binary,50,bot_33,3308,w,17,38.48,25,81.93,93,11.07,0
e2-nio-50,binary,50,bot_33,3308,w,19,27.47,25,87.62,111,23.38,0
e2-nio-50,binary,50,bot_33,3308,w,21,20.84,25,83.47,101,17.53,0
e2-nio-50,binary,50,bot_33,3308,w,23,15.03,25,100.2,103,2.8,0
e2-nio-50,binary,50,bot_33,3308,w,25,5.79,25,53.97,133,79.03,0
e2-nio-50,binary,50,bot_33,3308,w,27,42.4,25,82.51,122,39.49,0
e2-nio-50,binary,50,bot_33,3308,w,29,38.99,25,73.53,101,27.47,0
e2-nio-50,binary,50,bot_33,3308,w,31,32.26,25,86.15,106,19.85,0
e2-nio-50,binary,50,bot_33,3308,w,33,18.19,25,123.7,142,18.3,0
e2-nio-50,binary,50,bot_33,3308,w,35,16.52,25,150.59,167,16.41,0
e2-nio-50,binary,50,bot_33,3308,w,37,10.02,25,117.73,131,13.27,0
e2-nio-50,binary,50,bot_33,3308,w,39,11.73,25,143.47,150,6.53,0
e2-nio-50,binary,50,bot_33,3308,w,41,65.46,25,104.25,167,62.75,0
e2-nio-50,binary,50,bot_33,3308,w,43,62.98,25,130.19,185,54.81,0
e2-nio-50,binary,50,bot_33,3308,w,45,38.04,25,95.68,123,27.32,0
e2-nio-50,binary,50,bot_33,3308,w,47,50.7,25,92.47,100,7.53,0
e2-nio-50,binary,50,bot_33,3308,w,49,47.28,25,105.85,115,9.15,0
e2-nio-50,binary,50,bot_33,3308,w,51,34.29,25,134.51,146,11.49,0
e2-nio-50,binary,50,bot_33,3308,w,53,31.66,25,120.92,134,13.08,0
e2-nio-50,binary,50,bot_33,3308,w,55,25.23,25,99.54,106,6.46,0
e2-nio-50,binary,50,bot_33,3308,w,57,16.39,25,116.59,120,3.41,0
e2-nio-50,binary,50,bot_33,3308,w,59,5.77,25,107.86,99,-8.86,0
e2-nio-50,binary,50,bot_34,3308,b,2,3.34,25,73.89,76,2.11,0
e2-nio-50,binary,50,bot_34,3308,b,4,10.41,25,102.39,103,0.61,0
e2-nio-50,binary,50,bot_34,3308,b,6,30.12,25,76.98,80,3.02,0
e2-nio-50,binary,50,bot_34,3308,b,8,37.71,25,82.24,95,12.76,0
e2-nio-50,binary,50,bot_34,3308,b,10,10.44,25,62.59,86,23.41,0
e2-nio-50,binary,50,bot_34,3308,b,12,20.68,25,82.15,105,22.85,0
e2-nio-50,binary,50,bot_34,3308,b,14,13.85,25,70.28,93,22.72,0
e2-nio-50,binary,50,bot_34,3308,b,16,20.55,25,123.78,134,10.22,0
e2-nio-50,binary,50,bot_34,3308,b,18,34.31,25,81.51,118,36.49,0
e2-nio-50,binary,50,bot_34,3308,b,20,26.95,25,74.04,98,23.96,0
e2-nio-50,binary,50,bot_34,3308,b,22,13.36,25,90.07,109,18.93,0
e2-nio-50,binary,50,bot_34,3308,b,24,89.31,25,106.12,120,13.88,0
e2-nio-50,binary,50,bot_34,3308,b,26,49.55,25,114.92,118,3.08,0
e2-nio-50,binary,50,bot_34,3308,b,28,38.13,25,84.17,125,40.83,0
e2-nio-50,binary,50,bot_34,3308,b,30,30.26,25,95.82,133,37.18,0
e2-nio-50,binary,50,bot_34,3308,b,32,27.98,25,108.41,139,30.59,0
e2-nio-50,binary,50,bot_34,3308,b,34,26.16,25,112.85,129,16.15,0
e2-nio-50,binary,50,bot_34,3308,b,36,23.78,25,103.9,118,14.1,0
e2-nio-50,binary,50,bot_34,3308,b,38,16.48,25,112.47,120,7.53,0
e2-nio-50,binary,50,bot_34,3308,b,40,73.57,25,152.6,163,10.4,0
e2-nio-50,binary,50,bot_34,3308,b,42,74.36,25,86.77,154,67.23,0
e2-nio-50,binary,50,bot_34,3308,b,44,44.3,25,107.84,160,52.16,0
e2-nio-50,binary,50,bot_34,3308,b,46,25.55,25,83.69,110,26.31,0
e2-nio-50,binary,50,bot_34,3308,b,48,26.66,25,94.24,135,40.76,0
e2-nio-50,binary,50,bot_34,3308,b,50,29.46,25,124.85,161,36.15,0
e2-nio-50,binary,50,bot_34,3308,b,52,30.22,25,121.65,146,24.35,0
e2-nio-50,binary,50,bot_34,3308,b,54,23.22,25,141.13,163,21.87,0
e2-nio-50,binary,50,bot_34,3308,b,56,21.13,25,105.69,119,13.31,0
e2-nio-50,binary,50,bot_34,3308,b,58,8.17,25,119.24,124,4.76,0
e2-nio-50,binary,50,bot_34,3308,b,60,46.5,25,99.15,94,-5.15,0
e2-nio-50,binary,50,bot_35,3309,w,1,1.01,25,75.15,75,-0.15,0
e2-nio-50,binary,50,bot_35,3309,w,3,12.6,25,101.2,103,1.8,0
e2-nio-50,binary,50,bot_35,3309,w,5,7.31,25,74.82,80,5.18,0
e2-nio-50,binary,50,bot_35,3309,w,7,39.03,25,81.13,101,19.87,0
e2-nio-50,binary,50,bot_35,3309,w,9,12.07,25,61.25,91,29.75,0
e2-nio-50,binary,50,bot_35,3309,w,11,23.13,25,79.72,107,27.28,0
e2-nio-50,binary,50,bot_35,3309,w,13,12.96,25,70.76,95,24.24,0
e2-nio-50,binary,50,bot_35,3309,w,15,9.96,25,112.15,128,15.85,0
e2-nio-50,binary,50,bot_35,3309,w,17,40.12,25,75.3,118,42.7,0
e2-nio-50,binary,50,bot_35,3309,w,19,31.1,25,69.74,102,32.26,0
e2-nio-50,binary,50,bot_35,3309,w,21,19.58,25,83.53,106,22.47,0
e2-nio-50,binary,50,bot_35,3309,w,23,13.72,25,100.45,119,18.55,0
e2-nio-50,binary,50,bot_35,3309,w,25,15.21,25,119.14,128,8.86,0
e2-nio-50,binary,50,bot_35,3309,w,27,43.22,25,79.15,130,50.85,0
e2-nio-50,binary,50,bot_35,3309,w,29,39.11,25,87.63,131,43.37,0
e2-nio-50,binary,50,bot_35,3309,w,31,34.76,25,101.14,141,39.86,0
e2-nio-50,binary,50,bot_35,3309,w,33,31.27,25,106.98,132,25.02,0
e2-nio-50,binary,50,bot_35,3309,w,35,30.41,25,97.3,126,28.7,0
e2-nio-50,binary,50,bot_35,3309,w,37,22.19,25,106.06,125,18.94,0
e2-nio-50,binary,50,bot_35,3309,w,39,16.26,25,143.49,170,26.51,0
e2-nio-50,binary,50,bot_35,3309,w,41,14.56,25,138.79,156,17.21,0
e2-nio-50,binary,50,bot_35,3309,w,43,79.78,25,164.14,164,-0.14,0
e2-nio-50,binary,50,bot_35,3309,w,45,41.32,25,68.23,116,47.77,0
e2-nio-50,binary,50,bot_35,3309,w,47,45.11,25,75.65,136,60.35,0
e2-nio-50,binary,50,bot_35,3309,w,49,64.1,25,91.74,151,59.26,0
e2-nio-50,binary,50,bot_35,3309,w,51,50.43,25,101.32,142,40.68,0
e2-nio-50,binary,50,bot_35,3309,w,53,34.25,25,130.82,168,37.18,0
e2-nio-50,binary,50,bot_35,3309,w,55,30.22,25,95.89,116,20.11,0
e2-nio-50,binary,50,bot_35,3309,w,57,18.52,25,109.44,117,7.56,0
e2-nio-50,binary,50,bot_35,3309,w,59,14.49,25,89.91,94,4.09,0
e2-nio-50,binary,50,bot_36,3309,b,2,4.34,25,60.97,61,0.03,0
e2-nio-50,binary,50,bot_36,3309,b,4,6.32,25,75.3,85,9.7,0
e2-nio-50,binary,50,bot_36,3309,b,6,21.13,25,73.06,78,4.94,0
e2-nio-50,binary,50,bot_36,3309,b,8,30.59,25,59.05,95,35.95,0
e2-nio-50,binary,50,bot_36,3309,b,10,27.13,25,73.18,81,7.82,0
e2-nio-50,binary,50,bot_36,3309,b,12,26.21,25,71.67,93,21.33,0
e2-nio-50,binary,50,bot_36,3309,b,14,17.68,25,87.1,97,9.9,0
e2-nio-50,binary,50,bot_36,3309,b,16,43.9,25,99.03,106,6.97,0
e2-nio-50,binary,50,bot_36,3309,b,18,33.37,25,82.1,119,36.9,0
e2-nio-50,binary,50,bot_36,3309,b,20,24.04,25,80.06,109,28.94,0
e2-nio-50,binary,50,bot_36,3309,b,22,19.88,25,95.23,112,16.77,0
e2-nio-50,binary,50,bot_36,3309,b,24,9.55,25,120.78,131,10.22,0
e2-nio-50,binary,50,bot_36,3309,b,26,51.12,25,114.66,128,13.34,0
e2-nio-50,binary,50,bot_36,3309,b,28,44.86,25,67.61,109,41.39,0
e2-nio-50,binary,50,bot_36,3309,b,30,42.22,25,76.24,113,36.76,0
e2-nio-50,binary,50,bot_36,3309,b,32,26.5,25,115.75,149,33.25,0
e2-nio-50,binary,50,bot_36,3309,b,34,29.93,25,137.66,166,28.34,0
e2-nio-50,binary,50,bot_36,3309,b,36,19.62,25,108.03,136,27.97,0
e2-nio-50,binary,50,bot_36,3309,b,38,27.96,25,126.96,146,19.04,0
e2-nio-50,binary,50,bot_36,3309,b,40,19.41,25,149.79,165,15.21,0
e2-nio-50,binary,50,bot_36,3309,b,42,10.93,25,164.36,167,2.64,0
e2-nio-50,binary,50,bot_36,3309,b,44,57.48,25,76.58,144,67.42,0
e2-nio-50,binary,50,bot_36,3309,b,46,70.8,25,71.9,101,29.1,0
e2-nio-50,binary,50,bot_36,3309,b,48,69.23,25,83.07,116,32.93,0
e2-nio-50,binary,50,bot_36,3309,b,50,51.22,25,116.47,169,52.53,0
e2-nio-50,binary,50,bot_36,3309,b,52,47.14,25,106.23,144,37.77,0
e2-nio-50,binary,50,bot_36,3309,b,54,30.04,25,96.14,119,22.86,0
e2-nio-50,binary,50,bot_36,3309,b,56,18.81,25,114.65,133,18.35,0
e2-nio-50,binary,50,bot_36,3309,b,58,14.73,25,98.95,107,8.05,0
e2-nio-50,binary,50,bot_36,3309,b,60,43.8,25,104.44,108,3.56,0
e2-nio-50,binary,50,bot_37,3310,w,1,6.13,25,66.83,68,1.17,0
e2-nio-50,binary,50,bot_37,3310,w,3,4.49,25,68.51,86,17.49,0
e2-nio-50,binary,50,bot_37,3310,w,5,8.57,25,78.25,84,5.75,0
e2-nio-50,binary,50,bot_37,3310,w,7,14.91,25,86.14,100,13.86,0
e2-nio-50,binary,50,bot_37,3310,w,9,28.39,25,67.15,97,29.85,0
e2-nio-50,binary,50,bot_37,3310,w,11,5.76,25,96.87,101,4.13,0
e2-nio-50,binary,50,bot_37,3310,w,13,13.13,25,76.44,86,9.56,0
e2-nio-50,binary,50,bot_37,3310,w,15,6.94,25,92.15,102,9.85,0
e2-nio-50,binary,50,bot_37,3310,w,17,8.83,25,107.56,119,11.44,0
e2-nio-50,binary,50,bot_37,3310,w,19,52.8,25,67.13,99,31.87,0
e2-nio-50,binary,50,bot_37,3310,w,21,46.43,25,78.99,109,30.01,0
e2-nio-50,binary,50,bot_37,3310,w,23,52.91,25,88.44,116,27.56,0
e2-nio-50,binary,50,bot_37,3310,w,25,18.29,25,79.37,121,41.63,0
e2-nio-50,binary,50,bot_37,3310,w,27,18.42,25,103.13,120,16.87,0
e2-nio-50,binary,50,bot_37,3310,w,29,50.37,25,115.14,130,14.86,0
e2-nio-50,binary,50,bot_37,3310,w,31,66.6,25,84.24,139,54.76,0
e2-nio-50,binary,50,bot_37,3310,w,33,60.08,25,91.98,141,49.02,0
e2-nio-50,binary,50,bot_37,3310,w,35,47.42,25,94.28,135,40.72,0
e2-nio-50,binary,50,bot_37,3310,w,37,37.34,25,100.08,138,37.92,0
e2-nio-50,binary,50,bot_37,3310,w,39,29.75,25,118.4,156,37.6,0
e2-nio-50,binary,50,bot_37,3310,w,41,28.43,25,127.19,161,33.81,0
e2-nio-50,binary,50,bot_37,3310,w,43,43.73,25,108.68,157,48.32,0
e2-nio-50,binary,50,bot_37,3310,w,45,24.84,25,84.34,109,24.66,0
e2-nio-50,binary,50,bot_37,3310,w,47,26.01,25,94.84,133,38.16,0
e2-nio-50,binary,50,bot_37,3310,w,49,28.12,25,125.99,160,34.01,0
e2-nio-50,binary,50,bot_37,3310,w,51,29.89,25,121.85,144,22.15,0
e2-nio-50,binary,50,bot_37,3310,w,53,21.46,25,142.81,163,20.19,0
e2-nio-50,binary,50,bot_37,3310,w,55,18.69,25,108.2,120,11.8,0
e2-nio-50,binary,50,bot_37,3310,w,57,7.03,25,120.31,125,4.69,0
e2-nio-50,binary,50,bot_37,3310,w,59,40.3,25,56.6,100,43.4,0
e2-nio-50,binary,50,bot_38,3310,b,2,17.94,25,75.81,77,1.19,0
e2-nio-50,binary,50,bot_38,3310,b,4,5.96,25,72.75,70,-2.75,0
e2-nio-50,binary,50,bot_38,3310,b,6,15.5,25,73.1,75,1.9,0
e2-nio-50,binary,50,bot_38,3310,b,8,30.61,25,90.16,97,6.84,0
e2-nio-50,binary,50,bot_38,3310,b,10,4.78,25,61.82,83,21.18,0
e2-nio-50,binary,50,bot_38,3310,b,12,13.15,25,88.78,88,-0.78,0
e2-nio-50,binary,50,bot_38,3310,b,14,11.47,25,107.62,114,6.38,0
e2-nio-50,binary,50,bot_38,3310,b,16,13.58,25,106.89,108,1.11,0
e2-nio-50,binary,50,bot_38,3310,b,18,33.49,25,69.3,119,49.7,0
e2-nio-50,binary,50,bot_38,3310,b,20,31.77,25,59.09,105,45.91,0
e2-nio-50,binary,50,bot_38,3310,b,22,28.96,25,78.21,118,39.79,0
e2-nio-50,binary,50,bot_38,3310,b,24,42.87,25,84.34,130,45.66,0
e2-nio-50,binary,50,bot_38,3310,b,26,17.44,25,108.25,119,10.75,0
e2-nio-50,binary,50,bot_38,3310,b,28,15.83,25,99.65,112,12.35,0
e2-nio-50,binary,50,bot_38,3310,b,30,55.92,25,78.9,122,43.1,0
e2-nio-50,binary,50,bot_38,3310,b,32,51.49,25,80.58,141,60.42,0
e2-nio-50,binary,50,bot_38,3310,b,34,42.39,25,104.33,158,53.67,0
e2-nio-50,binary,50,bot_38,3310,b,36,38.86,25,79.16,120,40.84,0
e2-nio-50,binary,50,bot_38,3310,b,38,40.29,25,125.81,157,31.19,0
e2-nio-50,binary,50,bot_38,3310,b,40,35.56,25,134.84,159,24.16,0
e2-nio-50,binary,50,bot_38,3310,b,42,58.78,25,134.02,148,13.98,0
e2-nio-50,binary,50,bot_38,3310,b,44,35.3,25,97.99,127,29.01,0
e2-nio-50,binary,50,bot_38,3310,b,46,48.01,25,95.26,106,10.74,0
e2-nio-50,binary,50,bot_38,3310,b,48,44.14,25,109.41,120,10.59,0
e2-nio-50,binary,50,bot_38,3310,b,50,31.65,25,137.59,150,12.41,0
e2-nio-50,binary,50,bot_38,3310,b,52,30.54,25,122.14,137,14.86,0
e2-nio-50,binary,50,bot_38,3310,b,54,22.81,25,101.86,108,6.14,0
e2-nio-50,binary,50,bot_38,3310,b,56,14.79,25,118.12,122,3.88,0
e2-nio-50,binary,50,bot_38,3310,b,58,53.65,25,108.89,102,-6.89,0
e2-nio-50,binary,50,bot_38,3310,b,60,36.81,25,70.89,97,26.11,0
e2-nio-50,binary,50,bot_39,3311,w,1,35.22,25,62.42,73,10.58,0
e2-nio-50,binary,50,bot_39,3311,w,3,20.6,25,76.43,80,3.57,0
e2-nio-50,binary,50,bot_39,3311,w,5,12.03,25,57.29,77,19.71,0
e2-nio-50,binary,50,bot_39,3311,w,7,18.62,25,70.64,104,33.36,0
e2-nio-50,binary,50,bot_39,3311,w,9,19.03,25,81.73,88,6.27,0
e2-nio-50,binary,50,bot_39,3311,w,11,17.47,25,80.65,96,15.35,0
e2-nio-50,binary,50,bot_39,3311,w,13,8.68,25,96.16,105,8.84,0
e2-nio-50,binary,50,bot_39,3311,w,15,36.31,25,83.95,102,18.05,0
e2-nio-50,binary,50,bot_39,3311,w,17,23.6,25,91.29,120,28.71,0
e2-nio-50,binary,50,bot_39,3311,w,19,18.69,25,85.78,108,22.22,0
e2-nio-50,binary,50,bot_39,3311,w,21,31.78,25,104.87,113,8.13,0
e2-nio-50,binary,50,bot_39,3311,w,23,66.55,25,58.35,134,75.65,0
e2-nio-50,binary,50,bot_39,3311,w,25,37.8,25,86.6,121,34.4,0
e2-nio-50,binary,50,bot_39,3311,w,27,38.16,25,74.44,110,35.56,0
e2-nio-50,binary,50,bot_39,3311,w,29,30.28,25,88.17,112,23.83,0
e2-nio-50,binary,50,bot_39,3311,w,31,17.18,25,124.58,148,23.42,0
e2-nio-50,binary,50,bot_39,3311,w,33,14.71,25,152.16,174,21.84,0
e2-nio-50,binary,50,bot_39,3311,w,35,9.1,25,118.39,139,20.61,0
e2-nio-50,binary,50,bot_39,3311,w,37,87.32,25,145.41,159,13.59,0
e2-nio-50,binary,50,bot_39,3311,w,39,64.22,25,105.7,170,64.3,0
e2-nio-50,binary,50,bot_39,3311,w,41,56.86,25,135.84,198,62.16,0
e2-nio-50,binary,50,bot_39,3311,w,43,34.03,25,99.18,131,31.82,0
e2-nio-50,binary,50,bot_39,3311,w,45,47.72,25,95.49,109,13.51,0
e2-nio-50,binary,50,bot_39,3311,w,47,42.25,25,111.42,126,14.58,0
e2-nio-50,binary,50,bot_39,3311,w,49,29.79,25,139.53,157,17.47,0
e2-nio-50,binary,50,bot_39,3311,w,51,29.22,25,123.45,140,16.55,0
e2-nio-50,binary,50,bot_39,3311,w,53,19.92,25,104.74,113,8.26,0
e2-nio-50,binary,50,bot_39,3311,w,55,13.11,25,119.79,125,5.21,0
e2-nio-50,binary,50,bot_39,3311,w,57,48.25,25,63.09,107,43.91,0
e2-nio-50,binary,50,bot_39,3311,w,59,34.25,25,73.45,99,25.55,0
e2-nio-50,binary,50,bot_40,3311,b,2,5.79,25,52.49,88,35.51,0
e2-nio-50,binary,50,bot_40,3311,b,4,22.41,25,63.34,81,17.66,0
e2-nio-50,binary,50,bot_40,3311,b,6,34.71,25,85.1,96,10.9,0
e2-nio-50,binary,50,bot_40,3311,b,8,8.07,25,64.97,82,17.03,0
e2-nio-50,binary,50,bot_40,3311,b,10,16.73,25,86.11,103,16.89,0
e2-nio-50,binary,50,bot_40,3311,b,12,10.08,25,73.59,89,15.41,0
e2-nio-50,binary,50,bot_40,3311,b,14,20.36,25,123.8,129,5.2,0
e2-nio-50,binary,50,bot_40,3311,b,16,31.38,25,84.61,120,35.39,0
e2-nio-50,binary,50,bot_40,3311,b,18,24.31,25,76.66,97,20.34,0
e2-nio-50,binary,50,bot_40,3311,b,20,10.54,25,92.85,109,16.15,0
e2-nio-50,binary,50,bot_40,3311,b,22,78.43,25,95.55,125,29.45,0
e2-nio-50,binary,50,bot_40,3311,b,24,37.47,25,62.47,128,65.53,0
e2-nio-50,binary,50,bot_40,3311,b,26,37.54,25,84.49,120,35.51,0
e2-nio-50,binary,50,bot_40,3311,b,28,26.75,25,99.17,136,36.83,0
e2-nio-50,binary,50,bot_40,3311,b,30,25.62,25,110.92,140,29.08,0
e2-nio-50,binary,50,bot_40,3311,b,32,24.92,25,114.41,130,15.59,0
e2-nio-50,binary,50,bot_40,3311,b,34,22.37,25,105.7,119,13.3,0
e2-nio-50,binary,50,bot_40,3311,b,36,15.57,25,113.58,121,7.42,0
e2-nio-50,binary,50,bot_40,3311,b,38,66.73,25,81.76,168,86.24,0
e2-nio-50,binary,50,bot_40,3311,b,40,73.14,25,88.92,153,64.08,0
e2-nio-50,binary,50,bot_40,3311,b,42,42.77,25,109.79,156,46.21,0
e2-nio-50,binary,50,bot_40,3311,b,44,23.77,25,85.45,108,22.55,0
e2-nio-50,binary,50,bot_40,3311,b,46,24.79,25,96.09,133,36.91,0
e2-nio-50,binary,50,bot_40,3311,b,48,27.84,25,125.8,157,31.2,0
e2-nio-50,binary,50,bot_40,3311,b,50,27.81,25,123.86,143,19.14,0
e2-nio-50,binary,50,bot_40,3311,b,52,18.81,25,145.27,164,18.73,0
e2-nio-50,binary,50,bot_40,3311,b,54,16.36,25,110.75,120,9.25,0
e2-nio-50,binary,50,bot_40,3311,b,56,56.46,25,121.92,124,2.08,0
e2-nio-50,binary,50,bot_40,3311,b,58,37.59,25,59.48,97,37.52,0
e2-nio-50,binary,50,bot_40,3311,b,60,20.65,25,99.06,123,23.94,0
e2-nio-50,binary,50,bot_41,3312,w,1,14.19,25,100.95,102,1.05,0
e2-nio-50,binary,50,bot_41,3312,w,3,23.33,25,62.5,81,18.5,0
e2-nio-50,binary,50,bot_41,3312,w,5,35.75,25,84.11,97,12.89,0
e2-nio-50,binary,50,bot_41,3312,w,7,9.33,25,63.66,83,19.34,0
e2-nio-50,binary,50,bot_41,3312,w,9,19.45,25,83.34,104,20.66,0
e2-nio-50,binary,50,bot_41,3312,w,11,11.69,25,71.39,91,19.61,0
e2-nio-50,binary,50,bot_41,3312,w,13,8.55,25,113.37,128,14.63,0
e2-nio-50,binary,50,bot_41,3312,w,15,38.41,25,77.1,118,40.9,0
e2-nio-50,binary,50,bot_41,3312,w,17,29.88,25,70.99,102,31.01,0
e2-nio-50,binary,50,bot_41,3312,w,19,18.1,25,85.03,107,21.97,0
e2-nio-50,binary,50,bot_41,3312,w,21,12.22,25,101.89,118,16.11,0
e2-nio-50,binary,50,bot_41,3312,w,23,12.92,25,121.47,129,7.53,0
e2-nio-50,binary,50,bot_41,3312,w,25,41.61,25,80.69,128,47.31,0
e2-nio-50,binary,50,bot_41,3312,w,27,36.47,25,90.14,133,42.86,0
e2-nio-50,binary,50,bot_41,3312,w,29,33.59,25,102.39,141,38.61,0
e2-nio-50,binary,50,bot_41,3312,w,31,30.24,25,108.28,131,22.72,0
e2-nio-50,binary,50,bot_41,3312,w,33,28.49,25,99.32,126,26.68,0
e2-nio-50,binary,50,bot_41,3312,w,35,20.07,25,108.47,125,16.53,0
e2-nio-50,binary,50,bot_41,3312,w,37,13.17,25,146.48,170,23.52,0
e2-nio-50,binary,50,bot_41,3312,w,39,11.15,25,142.29,158,15.71,0
e2-nio-50,binary,50,bot_41,3312,w,41,71.79,25,81.8,172,90.2,0
e2-nio-50,binary,50,bot_41,3312,w,43,39.21,25,70.36,117,46.64,0
e2-nio-50,binary,50,bot_41,3312,w,45,42.18,25,78.53,135,56.47,0
e2-nio-50,binary,50,bot_41,3312,w,47,59,25,96.62,155,58.38,0
e2-nio-50,binary,50,bot_41,3312,w,49,46.92,25,104.66,143,38.34,0
e2-nio-50,binary,50,bot_41,3312,w,51,27.93,25,136.92,171,34.08,0
e2-nio-50,binary,50,bot_41,3312,w,53,23.34,25,103.06,120,16.94,0
e2-nio-50,binary,50,bot_41,3312,w,55,13.82,25,113.97,122,8.03,0
e2-nio-50,binary,50,bot_41,3312,w,57,9.64,25,94.77,95,0.23,0
e2-nio-50,binary,50,bot_41,3312,w,59,27,25,93.49,125,31.51,0
e2-nio-50,binary,50,bot_42,3312,b,2,21.34,25,76.1,92,15.9,0
e2-nio-50,binary,50,bot_42,3312,b,4,14.13,25,55.18,77,21.82,0
e2-nio-50,binary,50,bot_42,3312,b,6,20.92,25,68.39,103,34.61,0
e2-nio-50,binary,50,bot_42,3312,b,8,21.74,25,78.97,88,9.03,0
e2-nio-50,binary,50,bot_42,3312,b,10,20.91,25,77.16,97,19.84,0
e2-nio-50,binary,50,bot_42,3312,b,12,14.86,25,89.99,101,11.01,0
e2-nio-50,binary,50,bot_42,3312,b,14,42.07,25,100.51,108,7.49,0
e2-nio-50,binary,50,bot_42,3312,b,16,31.83,25,83.5,121,37.5,0
e2-nio-50,binary,50,bot_42,3312,b,18,22.81,25,81.43,111,29.57,0
e2-nio-50,binary,50,bot_42,3312,b,20,17.45,25,97.78,114,16.22,0
e2-nio-50,binary,50,bot_42,3312,b,22,8.61,25,121.68,133,11.32,0
e2-nio-50,binary,50,bot_42,3312,b,24,48.8,25,116.98,129,12.02,0
e2-nio-50,binary,50,bot_42,3312,b,26,43.58,25,68.93,110,41.07,0
e2-nio-50,binary,50,bot_42,3312,b,28,39.91,25,78.54,114,35.46,0
e2-nio-50,binary,50,bot_42,3312,b,30,24.91,25,117.26,151,33.74,0
e2-nio-50,binary,50,bot_42,3312,b,32,27.13,25,140.36,170,29.64,0
e2-nio-50,binary,50,bot_42,3312,b,34,17.75,25,109.92,137,27.08,0
e2-nio-50,binary,50,bot_42,3312,b,36,24.89,25,130.05,150,19.95,0
e2-nio-50,binary,50,bot_42,3312,b,38,16.34,25,152.85,165,12.15,0
e2-nio-50,binary,50,bot_42,3312,b,40,99.67,25,165.87,166,0.13,0
e2-nio-50,binary,50,bot_42,3312,b,42,57.13,25,76.81,139,62.19,0
e2-nio-50,binary,50,bot_42,3312,b,44,67.46,25,75.23,104,28.77,0
e2-nio-50,binary,50,bot_42,3312,b,46,67.57,25,84.89,117,32.11,0
e2-nio-50,binary,50,bot_42,3312,b,48,48.39,25,119.43,169,49.57,0
e2-nio-50,binary,50,bot_42,3312,b,50,44.88,25,108.4,144,35.6,0
e2-nio-50,binary,50,bot_42,3312,b,52,27.86,25,98.24,117,18.76,0
e2-nio-50,binary,50,bot_42,3312,b,54,18.76,25,114.25,128,13.75,0
e2-nio-50,binary,50,bot_42,3312,b,56,11.2,25,102.39,106,3.61,0
e2-nio-50,binary,50,bot_42,3312,b,58,41.55,25,106.96,107,0.04,0
e2-nio-50,binary,50,bot_42,3312,b,60,27.17,25,86.6,104,17.4,0
e2-nio-50,binary,50,bot_43,3313,w,1,4.31,25,73.83,58,-15.83,0
e2-nio-50,binary,50,bot_43,3313,w,3,8.88,25,79.31,68,-11.31,0
e2-nio-50,binary,50,bot_43,3313,w,5,27.39,25,93.48,86,-7.48,0
e2-nio-50,binary,50,bot_43,3313,w,7,34.32,25,63.67,72,8.33,0
e2-nio-50,binary,50,bot_43,3313,w,9,8.29,25,70.3,74,3.7,0
e2-nio-50,binary,50,bot_43,3313,w,11,72.63,25,111.96,102,-9.96,0
e2-nio-50,binary,50,bot_43,3313,w,13,27.09,25,67.39,80,12.61,0
e2-nio-50,binary,50,bot_43,3313,w,15,30.25,25,71.47,91,19.53,0
e2-nio-50,binary,50,bot_43,3313,w,17,27.59,25,63.14,85,21.86,0
e2-nio-50,binary,50,bot_43,3313,w,19,25.78,25,81.83,98,16.17,0
e2-nio-50,binary,50,bot_43,3313,w,21,38.46,25,88.29,109,20.71,0
e2-nio-50,binary,50,bot_43,3313,w,23,14.32,25,112,102,-10,0
e2-nio-50,binary,50,bot_43,3313,w,25,47.2,25,77.7,111,33.3,0
e2-nio-50,binary,50,bot_43,3313,w,27,47.41,25,86.43,107,20.57,0
e2-nio-50,binary,50,bot_43,3313,w,29,42.51,25,89.15,128,38.85,0
e2-nio-50,binary,50,bot_43,3313,w,31,37.12,25,109.63,143,33.37,0
e2-nio-50,binary,50,bot_43,3313,w,33,32.94,25,85.08,104,18.92,0
e2-nio-50,binary,50,bot_43,3313,w,35,29.8,25,136.79,147,10.21,0
e2-nio-50,binary,50,bot_43,3313,w,37,24.85,25,145.48,149,3.52,0
e2-nio-50,binary,50,bot_43,3313,w,39,51.25,25,141.13,136,-5.13,0
e2-nio-50,binary,50,bot_43,3313,w,41,30.81,25,102.04,119,16.96,0
e2-nio-50,binary,50,bot_43,3313,w,43,41.54,25,101.65,100,-1.65,0
e2-nio-50,binary,50,bot_43,3313,w,45,34.62,25,119.34,117,-2.34,0
e2-nio-50,binary,50,bot_43,3313,w,47,23.74,25,145.84,147,1.16,0
e2-nio-50,binary,50,bot_43,3313,w,49,26.06,25,126.66,127,0.34,0
e2-nio-50,binary,50,bot_43,3313,w,51,13.15,25,111.56,105,-6.56,0
e2-nio-50,binary,50,bot_43,3313,w,53,64.6,25,124.09,113,-11.09,0
e2-nio-50,binary,50,bot_43,3313,w,55,43.72,25,67.64,93,25.36,0
e2-nio-50,binary,50,bot_43,3313,w,57,27.44,25,80.95,92,11.05,0
e2-nio-50,binary,50,bot_43,3313,w,59,19.28,25,94.28,89,-5.28,0
e2-nio-50,binary,50,bot_44,3313,b,2,7.75,25,79.1,74,-5.1,0
e2-nio-50,binary,50,bot_44,3313,b,4,11.9,25,89.32,89,-0.32,0
e2-nio-50,binary,50,bot_44,3313,b,6,27.35,25,68.48,86,17.52,0
e2-nio-50,binary,50,bot_44,3313,b,8,23.02,25,71.91,97,25.09,0
e2-nio-50,binary,50,bot_44,3313,b,10,9.96,25,79.28,77,-2.28,0
e2-nio-50,binary,50,bot_44,3313,b,12,31.49,25,55.97,118,62.03,0
e2-nio-50,binary,50,bot_44,3313,b,14,38.56,25,98.64,115,16.36,0
e2-nio-50,binary,50,bot_44,3313,b,16,41.35,25,78.85,100,21.15,0
e2-nio-50,binary,50,bot_44,3313,b,18,35.24,25,89.91,107,17.09,0
e2-nio-50,binary,50,bot_44,3313,b,20,39.53,25,102.07,117,14.93,0
e2-nio-50,binary,50,bot_44,3313,b,22,9.37,25,87.91,117,29.09,0
e2-nio-50,binary,50,bot_44,3313,b,24,52.53,25,111.13,115,3.87,0
e2-nio-50,binary,50,bot_44,3313,b,26,39.82,25,74.32,112,37.68,0
e2-nio-50,binary,50,bot_44,3313,b,28,57.71,25,93.58,131,37.42,0
e2-nio-50,binary,50,bot_44,3313,b,30,52.55,25,100.02,132,31.98,0
e2-nio-50,binary,50,bot_44,3313,b,32,38.79,25,102.28,129,26.72,0
e2-nio-50,binary,50,bot_44,3313,b,34,28.61,25,108.66,132,23.34,0
e2-nio-50,binary,50,bot_44,3313,b,36,22.15,25,125.99,146,20.01,0
e2-nio-50,binary,50,bot_44,3313,b,38,19.02,25,136.67,151,14.33,0
e2-nio-50,binary,50,bot_44,3313,b,40,41.15,25,111.32,146,34.68,0
e2-nio-50,binary,50,bot_44,3313,b,42,22.1,25,87.07,100,12.93,0
e2-nio-50,binary,50,bot_44,3313,b,44,22.93,25,97.88,122,24.12,0
e2-nio-50,binary,50,bot_44,3313,b,46,25.14,25,128.09,146,17.91,0
e2-nio-50,binary,50,bot_44,3313,b,48,24.34,25,127.15,134,6.85,0
e2-nio-50,binary,50,bot_44,3313,b,50,16.51,25,147.29,156,8.71,0
e2-nio-50,binary,50,bot_44,3313,b,52,14.12,25,113.44,110,-3.44,0
e2-nio-50,binary,50,bot_44,3313,b,54,49.57,25,72.75,121,48.25,0
e2-nio-50,binary,50,bot_44,3313,b,56,35.94,25,61.14,88,26.86,0
e2-nio-50,binary,50,bot_44,3313,b,58,18.36,25,100.21,111,10.79,0
e2-nio-50,binary,50,bot_44,3313,b,60,17.38,25,114.88,118,3.12,0
e2-nio-50,binary,50,bot_45,3314,w,1,7.44,25,80.42,83,2.58,0
e2-nio-50,binary,50,bot_45,3314,w,3,10.53,25,90.73,97,6.27,0
e2-nio-50,binary,50,bot_45,3314,w,5,25.78,25,70.04,96,25.96,0
e2-nio-50,binary,50,bot_45,3314,w,7,21.42,25,73.5,104,30.5,0
e2-nio-50,binary,50,bot_45,3314,w,9,7.27,25,82.03,89,6.97,0
e2-nio-50,binary,50,bot_45,3314,w,11,27.65,25,59.8,131,71.2,0
e2-nio-50,binary,50,bot_45,3314,w,13,35.77,25,101.5,125,23.5,0
e2-nio-50,binary,50,bot_45,3314,w,15,38.38,25,81.8,109,27.2,0
e2-nio-50,binary,50,bot_45,3314,w,17,32.82,25,92.28,117,24.72,0
e2-nio-50,binary,50,bot_45,3314,w,19,36.78,25,104.87,127,22.13,0
e2-nio-50,binary,50,bot_45,3314,w,21,7.49,25,89.7,125,35.3,0
e2-nio-50,binary,50,bot_45,3314,w,23,39.92,25,74.62,133,58.38,0
e2-nio-50,binary,50,bot_45,3314,w,25,38.52,25,75.51,120,44.49,0
e2-nio-50,binary,50,bot_45,3314,w,27,53.96,25,97.42,141,43.58,0
e2-nio-50,binary,50,bot_45,3314,w,29,49.64,25,102.96,144,41.04,0
e2-nio-50,binary,50,bot_45,3314,w,31,35.29,25,105.67,138,32.33,0
e2-nio-50,binary,50,bot_45,3314,w,33,24.99,25,112.25,141,28.75,0
e2-nio-50,binary,50,bot_45,3314,w,35,21.28,25,127.12,155,27.88,0
e2-nio-50,binary,50,bot_45,3314,w,37,17.29,25,137.98,157,19.02,0
e2-nio-50,binary,50,bot_45,3314,w,39,38.82,25,113.57,123,9.43,0
e2-nio-50,binary,50,bot_45,3314,w,41,20.09,25,89.09,79,-10.09,0
e2-nio-50,binary,50,bot_45,3314,w,43,21.01,25,99.81,100,0.19,0
e2-nio-50,binary,50,bot_45,3314,w,45,22.33,25,130.81,125,-5.81,0
e2-nio-50,binary,50,bot_45,3314,w,47,20.69,25,130.85,114,-16.85,0
e2-nio-50,binary,50,bot_45,3314,w,49,12.59,25,151.18,136,-15.18,0
e2-nio-50,binary,50,bot_45,3314,w,51,69.28,25,118.03,91,-27.03,0
e2-nio-50,binary,50,bot_45,3314,w,53,45.49,25,76.86,92,15.14,0
e2-nio-50,binary,50,bot_45,3314,w,55,33.43,25,63.72,67,3.28,0
e2-nio-50,binary,50,bot_45,3314,w,57,11.69,25,106.98,95,-11.98,0
e2-nio-50,binary,50,bot_45,3314,w,59,12.48,25,119.86,98,-21.86,0
e2-nio-50,binary,50,bot_46,3314,b,2,7.55,25,79.55,78,-1.55,0
e2-nio-50,binary,50,bot_46,3314,b,4,26.38,25,94.49,94,-0.49,0
e2-nio-50,binary,50,bot_46,3314,b,6,30.79,25,67.28,82,14.72,0
e2-nio-50,binary,50,bot_46,3314,b,8,7.42,25,71.16,82,10.84,0
e2-nio-50,binary,50,bot_46,3314,b,10,71.89,25,112.73,109,-3.73,0
e2-nio-50,binary,50,bot_46,3314,b,12,25.77,25,68.56,86,17.44,0
e2-nio-50,binary,50,bot_46,3314,b,14,28.13,25,73.29,98,24.71,0
e2-nio-50,binary,50,bot_46,3314,b,16,26.2,25,64.55,92,27.45,0
e2-nio-50,binary,50,bot_46,3314,b,18,24.01,25,83.58,106,22.42,0
e2-nio-50,binary,50,bot_46,3314,b,20,35.98,25,90.79,117,26.21,0
e2-nio-50,binary,50,bot_46,3314,b,22,60.59,25,115.44,112,-3.44,0
e2-nio-50,binary,50,bot_46,3314,b,24,44.58,25,80.03,109,28.97,0
e2-nio-50,binary,50,bot_46,3314,b,26,44.39,25,89.43,117,27.57,0
e2-nio-50,binary,50,bot_46,3314,b,28,41.24,25,90.16,133,42.84,0
e2-nio-50,binary,50,bot_46,3314,b,30,35.25,25,111.58,150,38.42,0
e2-nio-50,binary,50,bot_46,3314,b,32,30.11,25,87.95,113,25.05,0
e2-nio-50,binary,50,bot_46,3314,b,34,27.62,25,139.29,154,14.71,0
e2-nio-50,binary,50,bot_46,3314,b,36,20.74,25,149.93,160,10.07,0
e2-nio-50,binary,50,bot_46,3314,b,38,48.89,25,143.32,143,-0.32,0
e2-nio-50,binary,50,bot_46,3314,b,40,29.26,25,103.52,125,21.48,0
e2-nio-50,binary,50,bot_46,3314,b,42,39.35,25,103.86,106,2.14,0
e2-nio-50,binary,50,bot_46,3314,b,44,32.69,25,121.63,124,2.38,0
e2-nio-50,binary,50,bot_46,3314,b,46,23.14,25,146.71,151,4.29,0
e2-nio-50,binary,50,bot_46,3314,b,48,25.07,25,127.61,132,4.39,0
e2-nio-50,binary,50,bot_46,3314,b,50,11.43,25,113.31,109,-4.31,0
e2-nio-50,binary,50,bot_46,3314,b,52,54.59,25,74.09,126,51.91,0
e2-nio-50,binary,50,bot_46,3314,b,54,41.84,25,69.43,97,27.57,0
e2-nio-50,binary,50,bot_46,3314,b,56,26.47,25,82.43,98,15.57,0
e2-nio-50,binary,50,bot_46,3314,b,58,17.75,25,95.71,90,-5.71,0
e2-nio-50,binary,50,bot_46,3314,b,60,15.71,25,78.15,74,-4.15,0
e2-nio-50,binary,50,bot_47,3315,w,1,5.85,25,81.2,86,4.8,0
e2-nio-50,binary,50,bot_47,3315,w,3,24.48,25,96.35,104,7.65,0
e2-nio-50,binary,50,bot_47,3315,w,5,27.99,25,70.08,93,22.92,0
e2-nio-50,binary,50,bot_47,3315,w,7,5.91,25,72.6,89,16.4,0
e2-nio-50,binary,50,bot_47,3315,w,9,64.81,25,98.23,125,26.77,0
e2-nio-50,binary,50,bot_47,3315,w,11,24.87,25,69.41,94,24.59,0
e2-nio-50,binary,50,bot_47,3315,w,13,27.31,25,73.99,107,33.01,0
e2-nio-50,binary,50,bot_47,3315,w,15,24.92,25,66.37,102,35.63,0
e2-nio-50,binary,50,bot_47,3315,w,17,22.01,25,85.58,115,29.42,0
e2-nio-50,binary,50,bot_47,3315,w,19,33.5,25,93.44,128,34.56,0
e2-nio-50,binary,50,bot_47,3315,w,21,48.26,25,78.32,134,55.68,0
e2-nio-50,binary,50,bot_47,3315,w,23,39.82,25,85.17,123,37.83,0
e2-nio-50,binary,50,bot_47,3315,w,25,39.13,25,94.73,130,35.27,0
e2-nio-50,binary,50,bot_47,3315,w,27,36.86,25,94.19,141,46.81,0
e2-nio-50,binary,50,bot_47,3315,w,29,30.72,25,116.34,158,41.66,0
e2-nio-50,binary,50,bot_47,3315,w,31,25.21,25,92.67,118,25.33,0
e2-nio-50,binary,50,bot_47,3315,w,33,21.6,25,145.87,167,21.13,0
e2-nio-50,binary,50,bot_47,3315,w,35,17.31,25,153.35,171,17.65,0
e2-nio-50,binary,50,bot_47,3315,w,37,47.24,25,144.86,150,5.14,0
e2-nio-50,binary,50,bot_47,3315,w,39,27.25,25,105.53,130,24.47,0
e2-nio-50,binary,50,bot_47,3315,w,41,35.65,25,107.58,116,8.42,0
e2-nio-50,binary,50,bot_47,3315,w,43,29.79,25,124.66,134,9.34,0
e2-nio-50,binary,50,bot_47,3315,w,45,20.94,25,149.02,159,9.98,0
e2-nio-50,binary,50,bot_47,3315,w,47,20.22,25,132.54,141,8.46,0
e2-nio-50,binary,50,bot_47,3315,w,49,52.2,25,118.52,119,0.48,0
e2-nio-50,binary,50,bot_47,3315,w,51,50.67,25,78.05,127,48.95,0
e2-nio-50,binary,50,bot_47,3315,w,53,39.32,25,71.9,105,33.1,0
e2-nio-50,binary,50,bot_47,3315,w,55,22.29,25,86.66,108,21.34,0
e2-nio-50,binary,50,bot_47,3315,w,57,13.81,25,99.71,99,-0.71,0
e2-nio-50,binary,50,bot_47,3315,w,59,12.08,25,81.76,82,0.24,0
e2-nio-50,binary,50,bot_48,3315,b,2,9.56,25,91.85,82,-9.85,0
e2-nio-50,binary,50,bot_48,3315,b,4,24.36,25,71.6,81,9.4,0
e2-nio-50,binary,50,bot_48,3315,b,6,17.81,25,77.14,90,12.86,0
e2-nio-50,binary,50,bot_48,3315,b,8,27.15,25,84.2,74,-10.2,0
e2-nio-50,binary,50,bot_48,3315,b,10,25.6,25,61.27,110,48.73,0
e2-nio-50,binary,50,bot_48,3315,b,12,34.36,25,103.2,112,8.8,0
e2-nio-50,binary,50,bot_48,3315,b,14,36.51,25,83.68,95,11.32,0
e2-nio-50,binary,50,bot_48,3315,b,16,30.51,25,93.94,102,8.06,0
e2-nio-50,binary,50,bot_48,3315,b,18,34.74,25,107.03,112,4.97,0
e2-nio-50,binary,50,bot_48,3315,b,20,56.97,25,90.39,108,17.61,0
e2-nio-50,binary,50,bot_48,3315,b,22,37.41,25,76.56,107,30.44,0
e2-nio-50,binary,50,bot_48,3315,b,24,36.02,25,77.32,101,23.68,0
e2-nio-50,binary,50,bot_48,3315,b,26,48.27,25,103.62,127,23.38,0
e2-nio-50,binary,50,bot_48,3315,b,28,42.78,25,110.51,132,21.49,0
e2-nio-50,binary,50,bot_48,3315,b,30,27.4,25,113.02,128,14.98,0
e2-nio-50,binary,50,bot_48,3315,b,32,21.02,25,116.21,125,8.79,0
e2-nio-50,binary,50,bot_48,3315,b,34,18.92,25,128.91,136,7.09,0
e2-nio-50,binary,50,bot_48,3315,b,36,15.24,25,139.8,141,1.2,0
e2-nio-50,binary,50,bot_48,3315,b,38,35.92,25,116.31,142,25.69,0
e2-nio-50,binary,50,bot_48,3315,b,40,18.6,25,90.58,97,6.42,0
e2-nio-50,binary,50,bot_48,3315,b,42,20,25,100.77,115,14.23,0
e2-nio-50,binary,50,bot_48,3315,b,44,20.18,25,132.59,141,8.41,0
e2-nio-50,binary,50,bot_48,3315,b,46,19.09,25,132.49,131,-1.49,0
e2-nio-50,binary,50,bot_48,3315,b,48,10.84,25,152.61,151,-1.61,0
e2-nio-50,binary,50,bot_48,3315,b,50,58.54,25,82.89,113,30.11,0
e2-nio-50,binary,50,bot_48,3315,b,52,43.5,25,78.8,108,29.2,0
e2-nio-50,binary,50,bot_48,3315,b,54,32.54,25,64.81,82,17.19,0
e2-nio-50,binary,50,bot_48,3315,b,56,10.57,25,108.08,109,0.92,0
e2-nio-50,binary,50,bot_48,3315,b,58,10.88,25,121.4,113,-8.4,0
e2-nio-50,binary,50,bot_48,3315,b,60,5.64,25,66.76,56,-10.76,0
e2-nio-50,binary,50,bot_49,3316,w,1,4.36,25,78.61,77,-1.61,0
e2-nio-50,binary,50,bot_49,3316,w,3,23.86,25,76.67,100,23.33,0
e2-nio-50,binary,50,bot_49,3316,w,5,26.99,25,71.08,91,19.92,0
e2-nio-50,binary,50,bot_49,3316,w,7,18.56,25,73.45,86,12.55,0
e2-nio-50,binary,50,bot_49,3316,w,9,62.93,25,99.61,117,17.39,0
e2-nio-50,binary,50,bot_49,3316,w,11,23.93,25,70.32,88,17.68,0
e2-nio-50,binary,50,bot_49,3316,w,13,25.45,25,75.62,102,26.38,0
e2-nio-50,binary,50,bot_49,3316,w,15,23.48,25,67.97,96,28.03,0
e2-nio-50,binary,50,bot_49,3316,w,17,19.93,25,87.68,111,23.32,0
e2-nio-50,binary,50,bot_49,3316,w,19,29.73,25,97.41,123,25.59,0
e2-nio-50,binary,50,bot_49,3316,w,21,45.02,25,80.39,125,44.61,0
e2-nio-50,binary,50,bot_49,3316,w,23,36.7,25,88.26,119,30.74,0
e2-nio-50,binary,50,bot_49,3316,w,25,36.94,25,96.93,127,30.07,0
e2-nio-50,binary,50,bot_49,3316,w,27,32.65,25,98.22,139,40.78,0
e2-nio-50,binary,50,bot_49,3316,w,29,28.57,25,119.09,154,34.91,0
e2-nio-50,binary,50,bot_49,3316,w,31,22,25,95.64,115,19.36,0
e2-nio-50,binary,50,bot_49,3316,w,33,20.95,25,146.63,161,14.37,0
e2-nio-50,binary,50,bot_49,3316,w,35,13.1,25,157.45,170,12.55,0
e2-nio-50,binary,50,bot_49,3316,w,37,42.62,25,149.25,147,-2.25,0
e2-nio-50,binary,50,bot_49,3316,w,39,24.73,25,108.04,125,16.96,0
e2-nio-50,binary,50,bot_49,3316,w,41,30.35,25,112.91,115,2.09,0
e2-nio-50,binary,50,bot_49,3316,w,43,26.05,25,128.71,133,4.29,0
e2-nio-50,binary,50,bot_49,3316,w,45,17.09,25,153.13,157,3.87,0
e2-nio-50,binary,50,bot_49,3316,w,47,13.45,25,139.38,142,2.62,0
e2-nio-50,binary,50,bot_49,3316,w,49,43.67,25,75.85,122,46.15,0
e2-nio-50,binary,50,bot_49,3316,w,51,46.79,25,82.02,125,42.98,0
e2-nio-50,binary,50,bot_49,3316,w,53,36.03,25,75.25,103,27.75,0
e2-nio-50,binary,50,bot_49,3316,w,55,17.23,25,91.82,109,17.18,0
e2-nio-50,binary,50,bot_49,3316,w,57,8.33,25,105.32,100,-5.32,0
e2-nio-50,binary,50,bot_49,3316,w,59,7.66,25,86.07,82,-4.07,0
e2-nio-50,binary,50,bot_50,3316,b,2,28.66,25,93.06,98,4.94,0
e2-nio-50,binary,50,bot_50,3316,b,4,23.72,25,72.35,96,23.65,0
e2-nio-50,binary,50,bot_50,3316,b,6,16.46,25,78.53,106,27.47,0
e2-nio-50,binary,50,bot_50,3316,b,8,20.31,25,78.25,97,18.75,0
e2-nio-50,binary,50,bot_50,3316,b,10,22.17,25,64.44,127,62.56,0
e2-nio-50,binary,50,bot_50,3316,b,12,31,25,106.8,130,23.2,0
e2-nio-50,binary,50,bot_50,3316,b,14,32.66,25,87.62,113,25.38,0
e2-nio-50,binary,50,bot_50,3316,b,16,27.49,25,96.77,119,22.23,0
e2-nio-50,binary,50,bot_50,3316,b,18,30.12,25,111.68,131,19.32,0
e2-nio-50,binary,50,bot_50,3316,b,20,49.51,25,98.9,127,28.1,0
e2-nio-50,binary,50,bot_50,3316,b,22,34.91,25,79.29,124,44.71,0
e2-nio-50,binary,50,bot_50,3316,b,24,33.15,25,79.99,116,36.01,0
e2-nio-50,binary,50,bot_50,3316,b,26,44.84,25,107.76,144,36.24,0
e2-nio-50,binary,50,bot_50,3316,b,28,38.84,25,114.68,147,32.32,0
e2-nio-50,binary,50,bot_50,3316,b,30,23.35,25,116.15,144,27.85,0
e2-nio-50,binary,50,bot_50,3316,b,32,18.47,25,118.82,140,21.18,0
e2-nio-50,binary,50,bot_50,3316,b,34,15.95,25,132.05,152,19.95,0
e2-nio-50,binary,50,bot_50,3316,b,36,11.13,25,144.19,156,11.81,0
e2-nio-50,binary,50,bot_50,3316,b,38,30.9,25,121.12,153,31.88,0
e2-nio-50,binary,50,bot_50,3316,b,40,15.96,25,93.19,107,13.81,0
e2-nio-50,binary,50,bot_50,3316,b,42,17.62,25,103.12,122,18.88,0
e2-nio-50,binary,50,bot_50,3316,b,44,16.48,25,135.93,151,15.07,0
e2-nio-50,binary,50,bot_50,3316,b,46,16.07,25,135.32,141,5.68,0
e2-nio-50,binary,50,bot_50,3316,b,48,59.78,25,155.12,158,2.88,0
e2-nio-50,binary,50,bot_50,3316,b,50,55.7,25,85.33,119,33.67,0
e2-nio-50,binary,50,bot_50,3316,b,52,40.69,25,81.36,117,35.64,0
e2-nio-50,binary,50,bot_50,3316,b,54,30.97,25,66.47,93,26.53,0
e2-nio-50,binary,50,bot_50,3316,b,56,7.34,25,111.2,118,6.8,0
e2-nio-50,binary,50,bot_50,3316,b,58,8.39,25,123.79,121,-2.79,0
e2-nio-50,binary,50,bot_50,3316,b,60,16.86,25,68.73,65,-3.73,0
e2-nio-50,binary,50,bot_51,3317,w,1,17.46,25,57.72,85,27.28,0
e2-nio-50,binary,50,bot_51,3317,w,3,19.02,25,77.36,89,11.64,0
e2-nio-50,binary,50,bot_51,3317,w,5,10.95,25,83.98,93,9.02,0
e2-nio-50,binary,50,bot_51,3317,w,7,16.44,25,81.8,81,-0.8,0
e2-nio-50,binary,50,bot_51,3317,w,9,13.2,25,73.05,117,43.95,0
e2-nio-50,binary,50,bot_51,3317,w,11,20.47,25,117.9,128,10.1,0
e2-nio-50,binary,50,bot_51,3317,w,13,21.91,25,98.45,111,12.55,0
e2-nio-50,binary,50,bot_51,3317,w,15,16.46,25,107.6,118,10.4,0
e2-nio-50,binary,50,bot_51,3317,w,17,17.46,25,124.69,131,6.31,0
e2-nio-50,binary,50,bot_51,3317,w,19,37.49,25,110.79,123,12.21,0
e2-nio-50,binary,50,bot_51,3317,w,21,26.68,25,87.07,116,28.93,0
e2-nio-50,binary,50,bot_51,3317,w,23,23.59,25,89.25,112,22.75,0
e2-nio-50,binary,50,bot_51,3317,w,25,31.51,25,121.44,146,24.56,0
e2-nio-50,binary,50,bot_51,3317,w,27,26.71,25,127.6,143,15.4,0
e2-nio-50,binary,50,bot_51,3317,w,29,14.08,25,125.13,140,14.87,0
e2-nio-50,binary,50,bot_51,3317,w,31,9.45,25,126.86,135,8.14,0
e2-nio-50,binary,50,bot_51,3317,w,33,82.08,25,86.63,154,67.37,0
e2-nio-50,binary,50,bot_51,3317,w,35,69.86,25,103.56,149,45.44,0
e2-nio-50,binary,50,bot_51,3317,w,37,51.21,25,95.72,132,36.28,0
e2-nio-50,binary,50,bot_51,3317,w,39,42.65,25,69.27,94,24.73,0
e2-nio-50,binary,50,bot_51,3317,w,41,38.84,25,86.44,104,17.56,0
e2-nio-50,binary,50,bot_51,3317,w,43,50.99,25,113.16,132,18.84,0
e2-nio-50,binary,50,bot_51,3317,w,45,33.84,25,115.95,136,20.05,0
e2-nio-50,binary,50,bot_51,3317,w,47,15.04,25,121.98,136,14.02,0
e2-nio-50,binary,50,bot_51,3317,w,49,14.22,25,126.76,128,1.24,0
e2-nio-50,binary,50,bot_51,3317,w,51,58.3,25,114.68,109,-5.68,0
e2-nio-50,binary,50,bot_51,3317,w,53,35.49,25,59.15,86,26.85,0
e2-nio-50,binary,50,bot_51,3317,w,55,31.02,25,85.85,103,17.15,0
e2-nio-50,binary,50,bot_51,3317,w,57,19.4,25,78.26,91,12.74,0
e2-nio-50,binary,50,bot_51,3317,w,59,13.83,25,78.86,79,0.14,0
e2-nio-50,binary,50,bot_52,3317,b,2,19.54,25,80.94,93,12.06,0
e2-nio-50,binary,50,bot_52,3317,b,4,18.72,25,79.38,92,12.62,0
e2-nio-50,binary,50,bot_52,3317,b,6,8.12,25,84.51,90,5.49,0
e2-nio-50,binary,50,bot_52,3317,b,8,53.61,25,108.62,119,10.38,0
e2-nio-50,binary,50,bot_52,3317,b,10,19.34,25,74.88,82,7.12,0
e2-nio-50,binary,50,bot_52,3317,b,12,21.63,25,78.65,93,14.35,0
e2-nio-50,binary,50,bot_52,3317,b,14,19.62,25,72.42,89,16.58,0
e2-nio-50,binary,50,bot_52,3317,b,16,15.68,25,91.77,101,9.23,0
e2-nio-50,binary,50,bot_52,3317,b,18,21.66,25,105.54,118,12.46,0
e2-nio-50,binary,50,bot_52,3317,b,20,37.45,25,88.08,119,30.92,0
e2-nio-50,binary,50,bot_52,3317,b,22,31.17,25,94.05,115,20.95,0
e2-nio-50,binary,50,bot_52,3317,b,24,33.36,25,100.6,118,17.4,0
e2-nio-50,binary,50,bot_52,3317,b,26,25.02,25,104.46,131,26.54,0
e2-nio-50,binary,50,bot_52,3317,b,28,24.33,25,123.05,144,20.95,0
e2-nio-50,binary,50,bot_52,3317,b,30,16.64,25,102.11,110,7.89,0
e2-nio-50,binary,50,bot_52,3317,b,32,77.15,25,155.57,159,3.43,0
e2-nio-50,binary,50,bot_52,3317,b,34,61.45,25,91.61,169,77.39,0
e2-nio-50,binary,50,bot_52,3317,b,36,53.7,25,119.27,175,55.73,0
e2-nio-50,binary,50,bot_52,3317,b,38,41.24,25,84.45,122,37.55,0
e2-nio-50,binary,50,bot_52,3317,b,40,34.24,25,107.17,137,29.83,0
e2-nio-50,binary,50,bot_52,3317,b,42,35.71,25,122.79,148,25.21,0
e2-nio-50,binary,50,bot_52,3317,b,44,37.34,25,125.11,163,37.89,0
e2-nio-50,binary,50,bot_52,3317,b,46,30.23,25,136.44,157,20.56,0
e2-nio-50,binary,50,bot_52,3317,b,48,16.22,25,105.96,107,1.04,0
e2-nio-50,binary,50,bot_52,3317,b,50,10.32,25,118.25,119,0.75,0
e2-nio-50,binary,50,bot_52,3317,b,52,43.41,25,60.63,106,45.37,0
e2-nio-50,binary,50,bot_52,3317,b,54,34.07,25,101.39,123,21.61,0
e2-nio-50,binary,50,bot_52,3317,b,56,28.09,25,99.66,116,16.34,0
e2-nio-50,binary,50,bot_52,3317,b,58,16.45,25,72.43,78,5.57,0
e2-nio-50,binary,50,bot_52,3317,b,60,5.23,25,76.01,75,-1.01,0
e2-nio-50,binary,50,bot_53,3318,w,1,7,25,89.88,77,-12.88,0
e2-nio-50,binary,50,bot_53,3318,w,3,31.27,25,71.66,90,18.34,0
e2-nio-50,binary,50,bot_53,3318,w,5,18.26,25,65.37,88,22.63,0
e2-nio-50,binary,50,bot_53,3318,w,7,18.97,25,104.38,118,13.62,0
e2-nio-50,binary,50,bot_53,3318,w,9,46.32,25,68.39,105,36.61,0
e2-nio-50,binary,50,bot_53,3318,w,11,42.59,25,57.66,87,29.34,0
e2-nio-50,binary,50,bot_53,3318,w,13,34.5,25,68.74,85,16.26,0
e2-nio-50,binary,50,bot_53,3318,w,15,28.37,25,86.92,102,15.08,0
e2-nio-50,binary,50,bot_53,3318,w,17,24.51,25,109.95,112,2.05,0
e2-nio-50,binary,50,bot_53,3318,w,19,62.28,25,118.6,112,-6.6,0
e2-nio-50,binary,50,bot_53,3318,w,21,46.4,25,81.14,120,38.86,0
e2-nio-50,binary,50,bot_53,3318,w,23,45.43,25,90.49,124,33.51,0
e2-nio-50,binary,50,bot_53,3318,w,25,42.62,25,94.42,116,21.58,0
e2-nio-50,binary,50,bot_53,3318,w,27,38.28,25,88.74,119,30.26,0
e2-nio-50,binary,50,bot_53,3318,w,29,30.36,25,97.15,108,10.85,0
e2-nio-50,binary,50,bot_53,3318,w,31,31.29,25,129.16,151,21.84,0
e2-nio-50,binary,50,bot_53,3318,w,33,24.61,25,128.54,145,16.46,0
e2-nio-50,binary,50,bot_53,3318,w,35,17.4,25,153.95,154,0.05,0
e2-nio-50,binary,50,bot_53,3318,w,37,10.84,25,114.74,112,-2.74,0
e2-nio-50,binary,50,bot_53,3318,w,39,60.47,25,134.9,123,-11.9,0
e2-nio-50,binary,50,bot_53,3318,w,41,76.04,25,80.8,140,59.2,0
e2-nio-50,binary,50,bot_53,3318,w,43,57.51,25,94.54,148,53.46,0
e2-nio-50,binary,50,bot_53,3318,w,45,49.65,25,116.01,158,41.99,0
e2-nio-50,binary,50,bot_53,3318,w,47,45.77,25,79.6,106,26.4,0
e2-nio-50,binary,50,bot_53,3318,w,49,32.01,25,96.76,110,13.24,0
e2-nio-50,binary,50,bot_53,3318,w,51,21.65,25,82.52,88,5.48,0
e2-nio-50,binary,50,bot_53,3318,w,53,31.08,25,90.11,126,35.89,0
e2-nio-50,binary,50,bot_53,3318,w,55,28.74,25,104.14,115,10.86,0
e2-nio-50,binary,50,bot_53,3318,w,57,12.06,25,60.1,65,4.9,0
e2-nio-50,binary,50,bot_53,3318,w,59,10.17,25,71.79,69,-2.79,0
e2-nio-50,binary,50,bot_54,3318,b,2,33.74,25,97.61,104,6.39,0
e2-nio-50,binary,50,bot_54,3318,b,4,35.78,25,62.01,93,30.99,0
e2-nio-50,binary,50,bot_54,3318,b,6,29.1,25,75.24,92,16.76,0
e2-nio-50,binary,50,bot_54,3318,b,8,50.88,25,91.93,107,15.07,0
e2-nio-50,binary,50,bot_54,3318,b,10,43.82,25,72.04,117,44.96,0
e2-nio-50,binary,50,bot_54,3318,b,12,30.13,25,73.91,115,41.09,0
e2-nio-50,binary,50,bot_54,3318,b,14,29.67,25,84.02,116,31.98,0
e2-nio-50,binary,50,bot_54,3318,b,16,16.42,25,114.19,140,25.81,0
e2-nio-50,binary,50,bot_54,3318,b,18,8.13,25,98.81,122,23.19,0
e2-nio-50,binary,50,bot_54,3318,b,20,51.99,25,60.88,120,59.12,0
e2-nio-50,binary,50,bot_54,3318,b,22,48.62,25,69.32,114,44.68,0
e2-nio-50,binary,50,bot_54,3318,b,24,36.18,25,106.69,150,43.31,0
e2-nio-50,binary,50,bot_54,3318,b,26,44.86,25,123.98,165,41.02,0
e2-nio-50,binary,50,bot_54,3318,b,28,24.74,25,103.67,140,36.33,0
e2-nio-50,binary,50,bot_54,3318,b,30,37.04,25,118.18,147,28.82,0
e2-nio-50,binary,50,bot_54,3318,b,32,30.39,25,138.92,169,30.08,0
e2-nio-50,binary,50,bot_54,3318,b,34,21.8,25,153.03,167,13.97,0
e2-nio-50,binary,50,bot_54,3318,b,36,17.44,25,129.07,135,5.93,0
e2-nio-50,binary,50,bot_54,3318,b,38,8.23,25,104.14,104,-0.14,0
e2-nio-50,binary,50,bot_54,3318,b,40,79.82,25,71.65,120,48.35,0
e2-nio-50,binary,50,bot_54,3318,b,42,74.74,25,91.85,158,66.15,0
e2-nio-50,binary,50,bot_54,3318,b,44,63.63,25,89.42,137,47.58,0
e2-nio-50,binary,50,bot_54,3318,b,46,48.23,25,78.1,117,38.9,0
e2-nio-50,binary,50,bot_54,3318,b,48,33.88,25,99.38,135,35.62,0
e2-nio-50,binary,50,bot_54,3318,b,50,27.06,25,86.87,108,21.13,0
e2-nio-50,binary,50,bot_54,3318,b,52,57.73,25,90.38,101,10.62,0
e2-nio-50,binary,50,bot_54,3318,b,54,32.23,25,82.08,103,20.92,0
e2-nio-50,binary,50,bot_54,3318,b,56,26.01,25,68.71,86,17.29,0
e2-nio-50,binary,50,bot_54,3318,b,58,17.42,25,87.38,89,1.62,0
e2-nio-50,binary,50,bot_54,3318,b,60,16.56,25,83.78,83,-0.78,0
e2-nio-50,binary,50,bot_55,3319,w,1,31.1,25,97.24,80,-17.24,0
e2-nio-50,binary,50,bot_55,3319,w,3,31.9,25,65.88,75,9.12,0
e2-nio-50,binary,50,bot_55,3319,w,5,24.77,25,79.92,78,-1.92,0
e2-nio-50,binary,50,bot_55,3319,w,7,48.05,25,94.8,92,-2.8,0
e2-nio-50,binary,50,bot_55,3319,w,9,38.88,25,76.89,101,24.11,0
e2-nio-50,binary,50,bot_55,3319,w,11,26.41,25,77.62,98,20.38,0
e2-nio-50,binary,50,bot_55,3319,w,13,26.08,25,87.44,97,9.56,0
e2-nio-50,binary,50,bot_55,3319,w,15,12.56,25,117.98,120,2.02,0
e2-nio-50,binary,50,bot_55,3319,w,17,56.23,25,109.56,110,0.44,0
e2-nio-50,binary,50,bot_55,3319,w,19,48.67,25,63.69,92,28.31,0
e2-nio-50,binary,50,bot_55,3319,w,21,45.98,25,72.26,96,23.74,0
e2-nio-50,binary,50,bot_55,3319,w,23,31.03,25,111.53,130,18.47,0
e2-nio-50,binary,50,bot_55,3319,w,25,38.04,25,130.3,149,18.7,0
e2-nio-50,binary,50,bot_55,3319,w,27,21.61,25,106.42,123,16.58,0
e2-nio-50,binary,50,bot_55,3319,w,29,30.57,25,124.63,133,8.37,0
e2-nio-50,binary,50,bot_55,3319,w,31,22.82,25,146.52,152,5.48,0
e2-nio-50,binary,50,bot_55,3319,w,33,15.36,25,159.67,154,-5.67,0
e2-nio-50,binary,50,bot_55,3319,w,35,11.12,25,135.11,123,-12.11,0
e2-nio-50,binary,50,bot_55,3319,w,37,73.3,25,69.61,96,26.39,0
e2-nio-50,binary,50,bot_55,3319,w,39,76.2,25,75.28,100,24.72,0
e2-nio-50,binary,50,bot_55,3319,w,41,65.97,25,100.84,145,44.16,0
e2-nio-50,binary,50,bot_55,3319,w,43,57.11,25,95.96,124,28.04,0
e2-nio-50,binary,50,bot_55,3319,w,45,40.64,25,85.65,103,17.35,0
e2-nio-50,binary,50,bot_55,3319,w,47,26.77,25,106.55,120,13.45,0
e2-nio-50,binary,50,bot_55,3319,w,49,24.06,25,89.6,90,0.4,0
e2-nio-50,binary,50,bot_55,3319,w,51,49.79,25,98.03,91,-7.03,0
e2-nio-50,binary,50,bot_55,3319,w,53,29.08,25,84.85,89,4.15,0
e2-nio-50,binary,50,bot_55,3319,w,55,22.94,25,71.36,71,-0.36,0
e2-nio-50,binary,50,bot_55,3319,w,57,15.32,25,89.41,74,-15.41,0
e2-nio-50,binary,50,bot_55,3319,w,59,13.34,25,86.97,71,-15.97,0
e2-nio-50,binary,50,bot_56,3319,b,2,27.67,25,75.27,105,29.73,0
e2-nio-50,binary,50,bot_56,3319,b,4,16.07,25,67.68,99,31.32,0
e2-nio-50,binary,50,bot_56,3319,b,6,15.06,25,107.41,132,24.59,0
e2-nio-50,binary,50,bot_56,3319,b,8,43.21,25,71.98,119,47.02,0
e2-nio-50,binary,50,bot_56,3319,b,10,38.17,25,62.46,101,38.54,0
e2-nio-50,binary,50,bot_56,3319,b,12,27.68,25,75.38,101,25.62,0
e2-nio-50,binary,50,bot_56,3319,b,14,21.34,25,93.13,118,24.87,0
e2-nio-50,binary,50,bot_56,3319,b,16,20.06,25,114.29,126,11.71,0
e2-nio-50,binary,50,bot_56,3319,b,18,46.83,25,75.64,130,54.36,0
e2-nio-50,binary,50,bot_56,3319,b,20,42.37,25,84.73,132,47.27,0
e2-nio-50,binary,50,bot_56,3319,b,22,38.3,25,97.53,143,45.47,0
e2-nio-50,binary,50,bot_56,3319,b,24,38.15,25,99.77,130,30.23,0
e2-nio-50,binary,50,bot_56,3319,b,26,34.79,25,92.73,129,36.27,0
e2-nio-50,binary,50,bot_56,3319,b,28,26.65,25,101.27,123,21.73,0
e2-nio-50,binary,50,bot_56,3319,b,30,24.86,25,135.05,164,28.95,0
e2-nio-50,binary,50,bot_56,3319,b,32,19.52,25,133.72,156,22.28,0
e2-nio-50,binary,50,bot_56,3319,b,34,11.77,25,159.47,164,4.53,0
e2-nio-50,binary,50,bot_56,3319,b,36,50.68,25,119.41,119,-0.41,0
e2-nio-50,binary,50,bot_56,3319,b,38,50.01,25,70.76,134,63.24,0
e2-nio-50,binary,50,bot_56,3319,b,40,68.1,25,88.35,154,65.65,0
e2-nio-50,binary,50,bot_56,3319,b,42,52.84,25,99.28,154,54.72,0
e2-nio-50,binary,50,bot_56,3319,b,44,41.3,25,124.13,170,45.87,0
e2-nio-50,binary,50,bot_56,3319,b,46,37.76,25,88.11,117,28.89,0
e2-nio-50,binary,50,bot_56,3319,b,48,23.72,25,104.62,120,15.38,0
e2-nio-50,binary,50,bot_56,3319,b,50,17.04,25,87.65,100,12.35,0
e2-nio-50,binary,50,bot_56,3319,b,52,28.29,25,92.83,132,39.17,0
e2-nio-50,binary,50,bot_56,3319,b,54,23.8,25,109.44,128,18.56,0
e2-nio-50,binary,50,bot_56,3319,b,56,9.35,25,63.05,75,11.95,0
e2-nio-50,binary,50,bot_56,3319,b,58,7.74,25,74.28,80,5.72,0
e2-nio-50,binary,50,bot_56,3319,b,60,16.2,25,79.3,82,2.7,0
e2-nio-50,binary,50,bot_57,3320,w,1,26.33,25,93.25,94,0.75,0
e2-nio-50,binary,50,bot_57,3320,w,3,26.12,25,63.28,86,22.72,0
e2-nio-50,binary,50,bot_57,3320,w,5,14.72,25,84.95,108,23.05,0
e2-nio-50,binary,50,bot_57,3320,w,7,22.89,25,93.61,115,21.39,0
e2-nio-50,binary,50,bot_57,3320,w,9,12.56,25,87.38,99,11.62,0
e2-nio-50,binary,50,bot_57,3320,w,11,59.77,25,106.42,116,9.58,0
e2-nio-50,binary,50,bot_57,3320,w,13,69.49,25,103.01,115,11.99,0
e2-nio-50,binary,50,bot_57,3320,w,15,28.47,25,69.89,120,50.11,0
e2-nio-50,binary,50,bot_57,3320,w,17,29.94,25,91.71,118,26.29,0
e2-nio-50,binary,50,bot_57,3320,w,19,15.3,25,109.52,135,25.48,0
e2-nio-50,binary,50,bot_57,3320,w,21,14.67,25,122.66,137,14.34,0
e2-nio-50,binary,50,bot_57,3320,w,23,85.55,25,128.69,136,7.31,0
e2-nio-50,binary,50,bot_57,3320,w,25,63.17,25,79.46,132,52.54,0
e2-nio-50,binary,50,bot_57,3320,w,27,54.31,25,83.51,138,54.49,0
e2-nio-50,binary,50,bot_57,3320,w,29,44.77,25,103.77,165,61.23,0
e2-nio-50,binary,50,bot_57,3320,w,31,51.54,25,111.37,165,53.63,0
e2-nio-50,binary,50,bot_57,3320,w,33,29.18,25,122.73,152,29.27,0
e2-nio-50,binary,50,bot_57,3320,w,35,15.05,25,94.09,107,12.91,0
e2-nio-50,binary,50,bot_57,3320,w,37,16.03,25,104.59,122,17.41,0
e2-nio-50,binary,50,bot_57,3320,w,39,14.61,25,137.66,149,11.34,0
e2-nio-50,binary,50,bot_57,3320,w,41,14.39,25,136.97,142,5.03,0
e2-nio-50,binary,50,bot_57,3320,w,43,50.22,25,89.39,165,75.61,0
e2-nio-50,binary,50,bot_57,3320,w,45,53.89,25,87.1,119,31.9,0
e2-nio-50,binary,50,bot_57,3320,w,47,38.54,25,83.42,115,31.58,0
e2-nio-50,binary,50,bot_57,3320,w,49,29.78,25,67.72,91,23.28,0
e2-nio-50,binary,50,bot_57,3320,w,51,12.19,25,113.09,117,3.91,0
e2-nio-50,binary,50,bot_57,3320,w,53,6.41,25,125.69,121,-4.69,0
e2-nio-50,binary,50,bot_57,3320,w,55,12.8,25,64.52,66,1.48,0
e2-nio-50,binary,50,bot_57,3320,w,57,10.73,25,78.43,79,0.57,0
e2-nio-50,binary,50,bot_57,3320,w,59,9.83,25,85.66,84,-1.66,0
e2-nio-50,binary,50,bot_58,3320,b,2,22.95,25,79.53,106,26.47,0
e2-nio-50,binary,50,bot_58,3320,b,4,25.61,25,93.43,119,25.57,0
e2-nio-50,binary,50,bot_58,3320,b,6,22.4,25,97.67,112,14.33,0
e2-nio-50,binary,50,bot_58,3320,b,8,12.04,25,103.12,125,21.88,0
e2-nio-50,binary,50,bot_58,3320,b,10,10.47,25,95.1,107,11.9,0
e2-nio-50,binary,50,bot_58,3320,b,12,13.41,25,62.01,121,58.99,0
e2-nio-50,binary,50,bot_58,3320,b,14,51.26,25,75.37,144,68.63,0
e2-nio-50,binary,50,bot_58,3320,b,16,27.08,25,97.88,127,29.12,0
e2-nio-50,binary,50,bot_58,3320,b,18,25.36,25,87.79,116,28.21,0
e2-nio-50,binary,50,bot_58,3320,b,20,16.18,25,102.55,117,14.45,0
e2-nio-50,binary,50,bot_58,3320,b,22,8.83,25,131.82,147,15.18,0
e2-nio-50,binary,50,bot_58,3320,b,24,54.67,25,92.89,178,85.11,0
e2-nio-50,binary,50,bot_58,3320,b,26,54.65,25,63.36,126,62.64,0
e2-nio-50,binary,50,bot_58,3320,b,28,61.69,25,103.02,157,53.98,0
e2-nio-50,binary,50,bot_58,3320,b,30,54.39,25,115.55,160,44.45,0
e2-nio-50,binary,50,bot_58,3320,b,32,40.37,25,150.75,192,41.25,0
e2-nio-50,binary,50,bot_58,3320,b,34,23.46,25,109.32,128,18.68,0
e2-nio-50,binary,50,bot_58,3320,b,36,27.79,25,115.64,120,4.36,0
e2-nio-50,binary,50,bot_58,3320,b,38,23.94,25,131.26,136,4.74,0
e2-nio-50,binary,50,bot_58,3320,b,40,15.73,25,154.88,159,4.12,0
e2-nio-50,binary,50,bot_58,3320,b,42,85.77,25,142.47,147,4.53,0
e2-nio-50,binary,50,bot_58,3320,b,44,42.61,25,77.26,117,39.74,0
e2-nio-50,binary,50,bot_58,3320,b,46,43.7,25,85.23,129,43.77,0
e2-nio-50,binary,50,bot_58,3320,b,48,33.71,25,77.64,106,28.36,0
e2-nio-50,binary,50,bot_58,3320,b,50,14.4,25,94.78,114,19.22,0
e2-nio-50,binary,50,bot_58,3320,b,52,6.29,25,100.72,103,2.28,0
e2-nio-50,binary,50,bot_58,3320,b,54,12.95,25,89.07,86,-3.07,0
e2-nio-50,binary,50,bot_58,3320,b,56,10.85,25,79.88,82,2.13,0
e2-nio-50,binary,50,bot_58,3320,b,58,9.11,25,83.63,83,-0.63,0
e2-nio-50,binary,50,bot_58,3320,b,60,4.98,25,81.34,81,-0.34,0
e2-nio-50,binary,50,bot_59,3321,w,1,4.91,25,54.69,81,26.31,0
e2-nio-50,binary,50,bot_59,3321,w,3,35.48,25,126.32,114,-12.32,0
e2-nio-50,binary,50,bot_59,3321,w,5,7.56,25,86.69,75,-11.69,0
e2-nio-50,binary,50,bot_59,3321,w,7,7.78,25,91.84,84,-7.84,0
e2-nio-50,binary,50,bot_59,3321,w,9,10.35,25,82.54,72,-10.54,0
e2-nio-50,binary,50,bot_59,3321,w,11,43.33,25,74.04,97,22.96,0
e2-nio-50,binary,50,bot_59,3321,w,13,34.07,25,100.38,109,8.62,0
e2-nio-50,binary,50,bot_59,3321,w,15,21.45,25,104.73,109,4.27,0
e2-nio-50,binary,50,bot_59,3321,w,17,19.07,25,107.17,107,-0.17,0
e2-nio-50,binary,50,bot_59,3321,w,19,17.48,25,117.48,110,-7.48,0
e2-nio-50,binary,50,bot_59,3321,w,21,9.48,25,119.2,117,-2.2,0
e2-nio-50,binary,50,bot_59,3321,w,23,50.12,25,75.36,143,67.64,0
e2-nio-50,binary,50,bot_59,3321,w,25,43.06,25,83.18,105,21.82,0
e2-nio-50,binary,50,bot_59,3321,w,27,50.73,25,111.15,154,42.85,0
e2-nio-50,binary,50,bot_59,3321,w,29,41.69,25,111.19,152,40.81,0
e2-nio-50,binary,50,bot_59,3321,w,31,36,25,136.53,162,25.47,0
e2-nio-50,binary,50,bot_59,3321,w,33,29.23,25,96.36,113,16.64,0
e2-nio-50,binary,50,bot_59,3321,w,35,20.82,25,120.76,124,3.24,0
e2-nio-50,binary,50,bot_59,3321,w,37,21.63,25,136.91,138,1.09,0
e2-nio-50,binary,50,bot_59,3321,w,39,23.3,25,139.08,144,4.92,0
e2-nio-50,binary,50,bot_59,3321,w,41,16.82,25,149.82,149,-0.82,0
e2-nio-50,binary,50,bot_59,3321,w,43,73.33,25,113.58,98,-15.58,0
e2-nio-50,binary,50,bot_59,3321,w,45,55.56,25,74.74,104,29.26,0
e2-nio-50,binary,50,bot_59,3321,w,47,37.33,25,66.69,90,23.31,0
e2-nio-50,binary,50,bot_59,3321,w,49,26.24,25,109.06,110,0.94,0
e2-nio-50,binary,50,bot_59,3321,w,51,18.38,25,109.54,106,-3.54,0
e2-nio-50,binary,50,bot_59,3321,w,53,6.46,25,82.1,69,-13.1,0
e2-nio-50,binary,50,bot_59,3321,w,55,24.03,25,58.11,73,14.89,0
e2-nio-50,binary,50,bot_59,3321,w,57,31.89,25,63.63,72,8.37,0
e2-nio-50,binary,50,bot_59,3321,w,59,23.74,25,65.58,66,0.42,0
e2-nio-50,binary,50,bot_60,3321,b,2,7.02,25,83.39,77,-6.39,0
e2-nio-50,binary,50,bot_60,3321,b,4,6.47,25,79.37,102,22.63,0
e2-nio-50,binary,50,bot_60,3321,b,6,10.36,25,128.95,125,-3.95,0
e2-nio-50,binary,50,bot_60,3321,b,8,9.52,25,110.79,107,-3.79,0
e2-nio-50,binary,50,bot_60,3321,b,10,43.81,25,115.01,114,-1.01,0
e2-nio-50,binary,50,bot_60,3321,b,12,27.58,25,102.45,134,31.55,0
e2-nio-50,binary,50,bot_60,3321,b,14,23.1,25,84.95,107,22.05,0
e2-nio-50,binary,50,bot_60,3321,b,16,18.07,25,94.9,104,9.1,0
e2-nio-50,binary,50,bot_60,3321,b,18,12.27,25,99.74,107,7.26,0
e2-nio-50,binary,50,bot_60,3321,b,20,15.76,25,136.84,142,5.16,0
e2-nio-50,binary,50,bot_60,3321,b,22,85.9,25,143.12,140,-3.12,0
e2-nio-50,binary,50,bot_60,3321,b,24,41.41,25,89.24,127,37.76,0
e2-nio-50,binary,50,bot_60,3321,b,26,62.56,25,92.59,124,31.41,0
e2-nio-50,binary,50,bot_60,3321,b,28,58.99,25,109.79,149,39.21,0
e2-nio-50,binary,50,bot_60,3321,b,30,49.34,25,124.67,147,22.33,0
e2-nio-50,binary,50,bot_60,3321,b,32,40.09,25,106.72,125,18.28,0
e2-nio-50,binary,50,bot_60,3321,b,34,26.7,25,85.15,95,9.85,0
e2-nio-50,binary,50,bot_60,3321,b,36,24.54,25,100.59,102,1.41,0
e2-nio-50,binary,50,bot_60,3321,b,38,30.25,25,135.24,139,3.76,0
e2-nio-50,binary,50,bot_60,3321,b,40,23.9,25,124.7,130,5.3,0
e2-nio-50,binary,50,bot_60,3321,b,42,8.87,25,127.37,126,-1.37,0
e2-nio-50,binary,50,bot_60,3321,b,44,54.45,25,79.1,134,54.9,0
e2-nio-50,binary,50,bot_60,3321,b,46,47.75,25,66.04,102,35.96,0
e2-nio-50,binary,50,bot_60,3321,b,48,25.13,25,70.14,88,17.86,0
e2-nio-50,binary,50,bot_60,3321,b,50,21.44,25,94.84,102,7.16,0
e2-nio-50,binary,50,bot_60,3321,b,52,10.6,25,86.93,87,0.07,0
e2-nio-50,binary,50,bot_60,3321,b,54,38.69,25,88.19,75,-13.19,0
e2-nio-50,binary,50,bot_60,3321,b,56,31.86,25,67.77,72,4.23,0
e2-nio-50,binary,50,bot_60,3321,b,58,25.29,25,61.61,74,12.39,0
e2-nio-50,binary,50,bot_60,3321,b,60,22.66,25,63.56,69,5.44,0
e2-nio-50,binary,50,bot_61,3322,w,1,9.84,25,80.83,75,-5.83,0
e2-nio-50,binary,50,bot_61,3322,w,3,9.03,25,76.84,101,24.16,0
e2-nio-50,binary,50,bot_61,3322,w,5,13.79,25,125.14,120,-5.14,0
e2-nio-50,binary,50,bot_61,3322,w,7,14.06,25,106.28,102,-4.28,0
e2-nio-50,binary,50,bot_61,3322,w,9,10.46,25,113.06,111,-2.06,0
e2-nio-50,binary,50,bot_61,3322,w,11,10.35,25,132.03,124,-8.03,0
e2-nio-50,binary,50,bot_61,3322,w,13,28.97,25,79.84,115,35.16,0
e2-nio-50,binary,50,bot_61,3322,w,15,22.02,25,91.58,101,9.42,0
e2-nio-50,binary,50,bot_61,3322,w,17,17.36,25,95.25,105,9.75,0
e2-nio-50,binary,50,bot_61,3322,w,19,24.69,25,128.66,138,9.34,0
e2-nio-50,binary,50,bot_61,3322,w,21,19.58,25,135.07,135,-0.07,0
e2-nio-50,binary,50,bot_61,3322,w,23,11.05,25,127.12,129,1.88,0
e2-nio-50,binary,50,bot_61,3322,w,25,68.58,25,86.53,131,44.47,0
e2-nio-50,binary,50,bot_61,3322,w,27,72.69,25,95.83,139,43.17,0
e2-nio-50,binary,50,bot_61,3322,w,29,62.27,25,111.62,139,27.38,0
e2-nio-50,binary,50,bot_61,3322,w,31,46,25,100.89,123,22.11,0
e2-nio-50,binary,50,bot_61,3322,w,33,35.26,25,76.58,88,11.42,0
e2-nio-50,binary,50,bot_61,3322,w,35,33.94,25,91.25,96,4.75,0
e2-nio-50,binary,50,bot_61,3322,w,37,43.04,25,121.75,129,7.25,0
e2-nio-50,binary,50,bot_61,3322,w,39,30.91,25,117.74,128,10.26,0
e2-nio-50,binary,50,bot_61,3322,w,41,13.73,25,123.01,125,1.99,0
e2-nio-50,binary,50,bot_61,3322,w,43,11.75,25,129.42,121,-8.42,0
e2-nio-50,binary,50,bot_61,3322,w,45,51.36,25,62.73,107,44.27,0
e2-nio-50,binary,50,bot_61,3322,w,47,31.72,25,63.13,83,19.87,0
e2-nio-50,binary,50,bot_61,3322,w,49,28.03,25,88.82,99,10.18,0
e2-nio-50,binary,50,bot_61,3322,w,51,16.75,25,80.85,86,5.15,0
e2-nio-50,binary,50,bot_61,3322,w,53,11.57,25,81.37,73,-8.37,0
e2-nio-50,binary,50,bot_61,3322,w,55,4.69,25,72.04,56,-16.04,0
e2-nio-50,binary,50,bot_61,3322,w,57,6.08,25,92.96,78,-14.96,0
e2-nio-50,binary,50,bot_61,3322,w,59,10.84,25,102.64,89,-13.64,0
e2-nio-50,binary,50,bot_62,3322,b,2,41.36,25,120.71,123,2.29,0
e2-nio-50,binary,50,bot_62,3322,b,4,10.98,25,83.29,84,0.71,0
e2-nio-50,binary,50,bot_62,3322,b,6,11.5,25,88.37,95,6.63,0
e2-nio-50,binary,50,bot_62,3322,b,8,13.21,25,79.48,84,4.52,0
e2-nio-50,binary,50,bot_62,3322,b,10,8.1,25,99.43,101,1.57,0
e2-nio-50,binary,50,bot_62,3322,b,12,50.71,25,115.38,117,1.62,0
e2-nio-50,binary,50,bot_62,3322,b,14,25.38,25,100.63,121,20.38,0
e2-nio-50,binary,50,bot_62,3322,b,16,24.95,25,100.93,114,13.07,0
e2-nio-50,binary,50,bot_62,3322,b,18,25.07,25,108.68,116,7.32,0
e2-nio-50,binary,50,bot_62,3322,b,20,15.94,25,113.24,128,14.76,0
e2-nio-50,binary,50,bot_62,3322,b,22,18.38,25,129.48,141,11.52,0
e2-nio-50,binary,50,bot_62,3322,b,24,60.28,25,110.04,112,1.96,0
e2-nio-50,binary,50,bot_62,3322,b,26,58.89,25,103.57,164,60.43,0
e2-nio-50,binary,50,bot_62,3322,b,28,49.34,25,103.87,167,63.13,0
e2-nio-50,binary,50,bot_62,3322,b,30,44.65,25,127.72,173,45.28,0
e2-nio-50,binary,50,bot_62,3322,b,32,34.09,25,91.68,121,29.32,0
e2-nio-50,binary,50,bot_62,3322,b,34,27.69,25,113.91,133,19.09,0
e2-nio-50,binary,50,bot_62,3322,b,36,28.6,25,130.01,148,17.99,0
e2-nio-50,binary,50,bot_62,3322,b,38,32.59,25,130.3,156,25.7,0
e2-nio-50,binary,50,bot_62,3322,b,40,24.72,25,142.03,156,13.97,0
e2-nio-50,binary,50,bot_62,3322,b,42,14.16,25,108.25,105,-3.25,0
e2-nio-50,binary,50,bot_62,3322,b,44,66.97,25,120.13,114,-6.13,0
e2-nio-50,binary,50,bot_62,3322,b,46,41.93,25,62.1,97,34.9,0
e2-nio-50,binary,50,bot_62,3322,b,48,31.79,25,103.55,119,15.45,0
e2-nio-50,binary,50,bot_62,3322,b,50,26.16,25,101.62,113,11.38,0
e2-nio-50,binary,50,bot_62,3322,b,52,13.77,25,74.95,76,1.05,0
e2-nio-50,binary,50,bot_62,3322,b,54,4.31,25,76.74,72,-4.74,0
e2-nio-50,binary,50,bot_62,3322,b,56,5.98,25,80.93,68,-12.93,0
e2-nio-50,binary,50,bot_62,3322,b,58,7.04,25,83.88,72,-11.88,0
e2-nio-50,binary,50,bot_62,3322,b,60,28.34,25,95.64,89,-6.64,0
e2-nio-50,binary,50,bot_63,3323,w,1,33.29,25,91.22,128,36.78,0
e2-nio-50,binary,50,bot_63,3323,w,3,5.94,25,89.09,89,-0.09,0
e2-nio-50,binary,50,bot_63,3323,w,5,6.86,25,93.58,98,4.42,0
e2-nio-50,binary,50,bot_63,3323,w,7,54.33,25,85.23,87,1.77,0
e2-nio-50,binary,50,bot_63,3323,w,9,40.09,25,76.24,106,29.76,0
e2-nio-50,binary,50,bot_63,3323,w,11,32.4,25,102.11,123,20.89,0
e2-nio-50,binary,50,bot_63,3323,w,13,19.1,25,107.14,124,16.86,0
e2-nio-50,binary,50,bot_63,3323,w,15,16.82,25,109.65,122,12.35,0
e2-nio-50,binary,50,bot_63,3323,w,17,14.45,25,120.75,126,5.25,0
e2-nio-50,binary,50,bot_63,3323,w,19,65.59,25,121.32,130,8.68,0
e2-nio-50,binary,50,bot_63,3323,w,21,48.91,25,76.39,143,66.61,0
e2-nio-50,binary,50,bot_63,3323,w,23,41.74,25,84.64,119,34.36,0
e2-nio-50,binary,50,bot_63,3323,w,25,48.24,25,113.51,168,54.49,0
e2-nio-50,binary,50,bot_63,3323,w,27,39.15,25,113.76,165,51.24,0
e2-nio-50,binary,50,bot_63,3323,w,29,32.54,25,140.04,171,30.96,0
e2-nio-50,binary,50,bot_63,3323,w,31,25.66,25,99.91,124,24.09,0
e2-nio-50,binary,50,bot_63,3323,w,33,19.19,25,122.39,133,10.61,0
e2-nio-50,binary,50,bot_63,3323,w,35,19.79,25,138.73,148,9.27,0
e2-nio-50,binary,50,bot_63,3323,w,37,19.85,25,142.57,154,11.43,0
e2-nio-50,binary,50,bot_63,3323,w,39,11.94,25,154.78,162,7.22,0
e2-nio-50,binary,50,bot_63,3323,w,41,73.28,25,113.85,107,-6.85,0
e2-nio-50,binary,50,bot_63,3323,w,43,51.55,25,78.71,116,37.29,0
e2-nio-50,binary,50,bot_63,3323,w,45,34.57,25,69.67,103,33.33,0
e2-nio-50,binary,50,bot_63,3323,w,47,23.88,25,112.04,122,9.96,0
e2-nio-50,binary,50,bot_63,3323,w,49,14.88,25,113.27,119,5.73,0
e2-nio-50,binary,50,bot_63,3323,w,51,9.9,25,84.9,80,-4.9,0
e2-nio-50,binary,50,bot_63,3323,w,53,18.73,25,63.49,82,18.51,0
e2-nio-50,binary,50,bot_63,3323,w,55,27.95,25,67.61,84,16.39,0
e2-nio-50,binary,50,bot_63,3323,w,57,18.34,25,71.22,80,8.78,0
e2-nio-50,binary,50,bot_63,3323,w,59,16.57,25,82.6,89,6.4,0
e2-nio-50,binary,50,bot_64,3323,b,2,5.42,25,80.68,101,20.32,0
e2-nio-50,binary,50,bot_64,3323,b,4,9.13,25,129.52,122,-7.52,0
e2-nio-50,binary,50,bot_64,3323,b,6,7.27,25,112.04,105,-7.04,0
e2-nio-50,binary,50,bot_64,3323,b,8,35.57,25,77.63,118,40.37,0
e2-nio-50,binary,50,bot_64,3323,b,10,25.98,25,104.03,130,25.97,0
e2-nio-50,binary,50,bot_64,3323,b,12,21.31,25,86.51,105,18.49,0
e2-nio-50,binary,50,bot_64,3323,b,14,16.81,25,96.06,100,3.94,0
e2-nio-50,binary,50,bot_64,3323,b,16,10.91,25,100.97,105,4.03,0
e2-nio-50,binary,50,bot_64,3323,b,18,13.26,25,139.32,140,0.68,0
e2-nio-50,binary,50,bot_64,3323,b,20,71.83,25,98.89,151,52.11,0
e2-nio-50,binary,50,bot_64,3323,b,22,39.83,25,90.65,126,35.35,0
e2-nio-50,binary,50,bot_64,3323,b,24,60.88,25,94.26,122,27.74,0
e2-nio-50,binary,50,bot_64,3323,b,26,55.87,25,112.87,147,34.13,0
e2-nio-50,binary,50,bot_64,3323,b,28,45.93,25,128.1,147,18.9,0
e2-nio-50,binary,50,bot_64,3323,b,30,38.17,25,108.61,121,12.39,0
e2-nio-50,binary,50,bot_64,3323,b,32,24.06,25,87.81,92,4.19,0
e2-nio-50,binary,50,bot_64,3323,b,34,22.79,25,102.33,101,-1.33,0
e2-nio-50,binary,50,bot_64,3323,b,36,26.94,25,138.74,137,-1.74,0
e2-nio-50,binary,50,bot_64,3323,b,38,20.82,25,127.76,127,-0.76,0
e2-nio-50,binary,50,bot_64,3323,b,40,7.55,25,128.54,120,-8.54,0
e2-nio-50,binary,50,bot_64,3323,b,42,51.74,25,81.85,134,52.15,0
e2-nio-50,binary,50,bot_64,3323,b,44,46.54,25,67.02,98,30.98,0
e2-nio-50,binary,50,bot_64,3323,b,46,24.2,25,70.93,85,14.07,0
e2-nio-50,binary,50,bot_64,3323,b,48,19.95,25,95.79,99,3.21,0
e2-nio-50,binary,50,bot_64,3323,b,50,9.32,25,88.03,82,-6.03,0
e2-nio-50,binary,50,bot_64,3323,b,52,32.45,25,87.93,78,-9.93,0
e2-nio-50,binary,50,bot_64,3323,b,54,30.38,25,69.16,67,-2.16,0
e2-nio-50,binary,50,bot_64,3323,b,56,22,25,64.87,72,7.13,0
e2-nio-50,binary,50,bot_64,3323,b,58,20.26,25,65.76,63,-2.76,0
e2-nio-50,binary,50,bot_64,3323,b,60,20.6,25,81.29,77,-4.29,0
e2-nio-50,binary,50,bot_65,3324,w,1,41.29,25,79.45,88,8.55,0
e2-nio-50,binary,50,bot_65,3324,w,3,30.56,25,84.7,104,19.3,0
e2-nio-50,binary,50,bot_65,3324,w,5,22.13,25,82.1,93,10.9,0
e2-nio-50,binary,50,bot_65,3324,w,7,15.77,25,99.46,97,-2.46,0
e2-nio-50,binary,50,bot_65,3324,w,9,8.06,25,123.03,113,-10.03,0
e2-nio-50,binary,50,bot_65,3324,w,11,45.66,25,120.1,112,-8.1,0
e2-nio-50,binary,50,bot_65,3324,w,13,41.32,25,71.18,90,18.82,0
e2-nio-50,binary,50,bot_65,3324,w,15,36.63,25,81.81,94,12.19,0
e2-nio-50,binary,50,bot_65,3324,w,17,20.37,25,121.63,134,12.37,0
e2-nio-50,binary,50,bot_65,3324,w,19,20.53,25,146.68,155,8.32,0
e2-nio-50,binary,50,bot_65,3324,w,21,12.43,25,115.29,121,5.71,0
e2-nio-50,binary,50,bot_65,3324,w,23,16.47,25,138.6,138,-0.6,0
e2-nio-50,binary,50,bot_65,3324,w,25,74.2,25,162.52,152,-10.52,0
e2-nio-50,binary,50,bot_65,3324,w,27,34.89,25,155.74,213,57.26,0
e2-nio-50,binary,50,bot_65,3324,w,29,19.68,25,113.16,115,1.84,0
e2-nio-50,binary,50,bot_65,3324,w,31,23.46,25,120.06,111,-9.06,0
e2-nio-50,binary,50,bot_65,3324,w,33,21.04,25,134.25,123,-11.25,0
e2-nio-50,binary,50,bot_65,3324,w,35,14.83,25,155.81,141,-14.81,0
e2-nio-50,binary,50,bot_65,3324,w,37,71.06,25,96.04,144,47.96,0
e2-nio-50,binary,50,bot_65,3324,w,39,40.01,25,79.97,101,21.03,0
e2-nio-50,binary,50,bot_65,3324,w,41,38.35,25,90.62,120,29.38,0
e2-nio-50,binary,50,bot_65,3324,w,43,29.43,25,81.99,92,10.01,0
e2-nio-50,binary,50,bot_65,3324,w,45,75.43,25,101.07,105,3.93,0
e2-nio-50,binary,50,bot_65,3324,w,47,5.69,25,101.28,83,-18.28,0
e2-nio-50,binary,50,bot_65,3324,w,49,8.29,25,84.28,76,-8.28,0
e2-nio-50,binary,50,bot_65,3324,w,51,8.72,25,81.93,69,-12.93,0
e2-nio-50,binary,50,bot_65,3324,w,53,6.61,25,86.07,68,-18.07,0
e2-nio-50,binary,50,bot_65,3324,w,55,33.17,25,82.42,65,-17.42,0
e2-nio-50,binary,50,bot_65,3324,w,57,33.12,25,68.29,95,26.71,0
e2-nio-50,binary,50,bot_65,3324,w,59,1.85,25,71.13,53,-18.13,0
e2-nio-50,binary,50,bot_66,3324,b,2,37.38,25,78.32,85,6.68,0
e2-nio-50,binary,50,bot_66,3324,b,4,28.95,25,72.02,66,-6.02,0
e2-nio-50,binary,50,bot_66,3324,b,6,16.3,25,86.89,72,-14.89,0
e2-nio-50,binary,50,bot_66,3324,b,8,9.76,25,104.31,85,-19.31,0
e2-nio-50,binary,50,bot_66,3324,b,10,10.96,25,122.99,96,-26.99,0
e2-nio-50,binary,50,bot_66,3324,b,12,39.17,25,83.28,92,8.72,0
e2-nio-50,binary,50,bot_66,3324,b,14,31.9,25,94.45,100,5.55,0
e2-nio-50,binary,50,bot_66,3324,b,16,29.87,25,106.46,108,1.54,0
e2-nio-50,binary,50,bot_66,3324,b,18,27.1,25,111.79,96,-15.79,0
e2-nio-50,binary,50,bot_66,3324,b,20,24.82,25,102.96,88,-14.96,0
e2-nio-50,binary,50,bot_66,3324,b,22,17.76,25,111.06,88,-23.06,0
e2-nio-50,binary,50,bot_66,3324,b,24,8.11,25,150.86,131,-19.86,0
e2-nio-50,binary,50,bot_66,3324,b,26,81.4,25,86.67,125,38.33,0
e2-nio-50,binary,50,bot_66,3324,b,28,26.3,25,125.24,123,-2.24,0
e2-nio-50,binary,50,bot_66,3324,b,30,14.99,25,93.95,77,-16.95,0
e2-nio-50,binary,50,bot_66,3324,b,32,13.31,25,107.24,94,-13.24,0
e2-nio-50,binary,50,bot_66,3324,b,34,10.35,25,141.73,127,-14.73,0
e2-nio-50,binary,50,bot_66,3324,b,36,71.97,25,140.48,118,-22.48,0
e2-nio-50,binary,50,bot_66,3324,b,38,46.58,25,92.63,128,35.37,0
e2-nio-50,binary,50,bot_66,3324,b,40,52.14,25,88.82,91,2.18,0
e2-nio-50,binary,50,bot_66,3324,b,42,34.08,25,87.51,88,0.49,0
e2-nio-50,binary,50,bot_66,3324,b,44,28.34,25,69.2,61,-8.2,0
e2-nio-50,binary,50,bot_66,3324,b,46,5.32,25,52.68,92,39.32,0
e2-nio-50,binary,50,bot_66,3324,b,48,14.91,25,126.6,95,-31.6,0
e2-nio-50,binary,50,bot_66,3324,b,50,10.7,25,66.41,38,-28.41,0
e2-nio-50,binary,50,bot_66,3324,b,52,5.95,25,83.23,55,-28.23,0
e2-nio-50,binary,50,bot_66,3324,b,54,6.72,25,88.91,60,-28.91,0
e2-nio-50,binary,50,bot_66,3324,b,56,50.08,25,62.73,58,-4.73,0
e2-nio-50,binary,50,bot_66,3324,b,58,5.85,25,63.08,59,-4.08,0
e2-nio-50,binary,50,bot_66,3324,b,60,4.69,25,84.6,49,-35.6,0
e2-nio-50,binary,50,bot_67,3325,w,1,34.03,25,109.03,99,-10.03,0
e2-nio-50,binary,50,bot_67,3325,w,3,31.95,25,70.45,106,35.55,0
e2-nio-50,binary,50,bot_67,3325,w,5,29.12,25,61.84,102,40.16,0
e2-nio-50,binary,50,bot_67,3325,w,7,27.99,25,79.22,111,31.78,0
e2-nio-50,binary,50,bot_67,3325,w,9,41.49,25,85.74,125,39.26,0
e2-nio-50,binary,50,bot_67,3325,w,11,15.61,25,110.17,115,4.83,0
e2-nio-50,binary,50,bot_67,3325,w,13,64.44,25,102.48,108,5.52,0
e2-nio-50,binary,50,bot_67,3325,w,15,52.88,25,81.36,112,30.64,0
e2-nio-50,binary,50,bot_67,3325,w,17,48.61,25,83.4,135,51.6,0
e2-nio-50,binary,50,bot_67,3325,w,19,40.84,25,105.9,153,47.1,0
e2-nio-50,binary,50,bot_67,3325,w,21,37.2,25,80.85,115,34.15,0
e2-nio-50,binary,50,bot_67,3325,w,23,37.24,25,128.96,153,24.04,0
e2-nio-50,binary,50,bot_67,3325,w,25,32.86,25,137.54,155,17.46,0
e2-nio-50,binary,50,bot_67,3325,w,27,32.11,25,158.08,170,11.92,0
e2-nio-50,binary,50,bot_67,3325,w,29,17.99,25,114.91,119,4.09,0
e2-nio-50,binary,50,bot_67,3325,w,31,20.41,25,123.14,117,-6.14,0
e2-nio-50,binary,50,bot_67,3325,w,33,19.69,25,135.75,128,-7.75,0
e2-nio-50,binary,50,bot_67,3325,w,35,74.78,25,158.91,148,-10.91,0
e2-nio-50,binary,50,bot_67,3325,w,37,68.23,25,98.81,138,39.19,0
e2-nio-50,binary,50,bot_67,3325,w,39,38.34,25,81.82,105,23.18,0
e2-nio-50,binary,50,bot_67,3325,w,41,35.38,25,93.58,125,31.42,0
e2-nio-50,binary,50,bot_67,3325,w,43,27.53,25,83.95,96,12.05,0
e2-nio-50,binary,50,bot_67,3325,w,45,65.17,25,111.54,118,6.46,0
e2-nio-50,binary,50,bot_67,3325,w,47,63.73,25,63.75,105,41.25,0
e2-nio-50,binary,50,bot_67,3325,w,49,5.7,25,86.75,76,-10.75,0
e2-nio-50,binary,50,bot_67,3325,w,51,6.13,25,84.38,72,-12.38,0
e2-nio-50,binary,50,bot_67,3325,w,53,6.34,25,86.27,70,-16.27,0
e2-nio-50,binary,50,bot_67,3325,w,55,28.93,25,60.8,73,12.2,0
e2-nio-50,binary,50,bot_67,3325,w,57,31.81,25,69.59,97,27.41,0
e2-nio-50,binary,50,bot_67,3325,w,59,32.24,25,61.41,75,13.59,0
e2-nio-50,binary,50,bot_68,3325,b,2,47.14,25,90.02,124,33.98,0
e2-nio-50,binary,50,bot_68,3325,b,4,51.16,25,68.64,99,30.36,0
e2-nio-50,binary,50,bot_68,3325,b,6,44.7,25,80.43,109,28.57,0
e2-nio-50,binary,50,bot_68,3325,b,8,51.32,25,89.93,117,27.07,0
e2-nio-50,binary,50,bot_68,3325,b,10,17.16,25,80.17,122,41.83,0
e2-nio-50,binary,50,bot_68,3325,b,12,17.34,25,104.13,119,14.88,0
e2-nio-50,binary,50,bot_68,3325,b,14,43.48,25,71.04,135,63.96,0
e2-nio-50,binary,50,bot_68,3325,b,16,64.7,25,86.23,139,52.77,0
e2-nio-50,binary,50,bot_68,3325,b,18,58.84,25,93.36,141,47.64,0
e2-nio-50,binary,50,bot_68,3325,b,20,46.11,25,95.27,135,39.73,0
e2-nio-50,binary,50,bot_68,3325,b,22,36.17,25,101.11,137,35.89,0
e2-nio-50,binary,50,bot_68,3325,b,24,27.99,25,120.1,157,36.9,0
e2-nio-50,binary,50,bot_68,3325,b,26,31.09,25,130.16,162,31.84,0
e2-nio-50,binary,50,bot_68,3325,b,28,23.31,25,128.06,149,20.94,0
e2-nio-50,binary,50,bot_68,3325,b,30,12.67,25,96.3,104,7.7,0
e2-nio-50,binary,50,bot_68,3325,b,32,11.06,25,109.53,120,10.47,0
e2-nio-50,binary,50,bot_68,3325,b,34,8.4,25,143.52,154,10.48,0
e2-nio-50,binary,50,bot_68,3325,b,36,57.92,25,91.66,156,64.34,0
e2-nio-50,binary,50,bot_68,3325,b,38,42.45,25,96.64,153,56.36,0
e2-nio-50,binary,50,bot_68,3325,b,40,50.27,25,90.73,119,28.27,0
e2-nio-50,binary,50,bot_68,3325,b,42,30.3,25,91.19,115,23.81,0
e2-nio-50,binary,50,bot_68,3325,b,44,25.89,25,71.89,89,17.11,0
e2-nio-50,binary,50,bot_68,3325,b,46,60.73,25,56.32,111,54.68,0
e2-nio-50,binary,50,bot_68,3325,b,48,7.97,25,53.93,106,52.07,0
e2-nio-50,binary,50,bot_68,3325,b,50,7.17,25,70.09,64,-6.09,0
e2-nio-50,binary,50,bot_68,3325,b,52,3.66,25,85.62,80,-5.62,0
e2-nio-50,binary,50,bot_68,3325,b,54,30.13,25,91.53,87,-4.53,0
e2-nio-50,binary,50,bot_68,3325,b,56,46.24,25,66.66,85,18.34,0
e2-nio-50,binary,50,bot_68,3325,b,58,32.2,25,67.19,89,21.81,0
e2-nio-50,binary,50,bot_68,3325,b,60,21.06,25,60.57,82,21.43,0
e2-nio-50,binary,50,bot_69,3326,w,1,60.72,25,127.73,102,-25.73,0
e2-nio-50,binary,50,bot_69,3326,w,3,34.89,25,109.38,90,-19.38,0
e2-nio-50,binary,50,bot_69,3326,w,5,34.05,25,79.53,94,14.47,0
e2-nio-50,binary,50,bot_69,3326,w,7,21.73,25,108.36,117,8.64,0
e2-nio-50,binary,50,bot_69,3326,w,9,14.98,25,92.57,95,2.43,0
e2-nio-50,binary,50,bot_69,3326,w,11,11.09,25,101.72,88,-13.72,0
e2-nio-50,binary,50,bot_69,3326,w,13,66.71,25,104.2,91,-13.2,0
e2-nio-50,binary,50,bot_69,3326,w,15,46.35,25,97.52,128,30.48,0
e2-nio-50,binary,50,bot_69,3326,w,17,62.58,25,107.37,130,22.63,0
e2-nio-50,binary,50,bot_69,3326,w,19,35.3,25,94.35,112,17.65,0
e2-nio-50,binary,50,bot_69,3326,w,21,53.48,25,101.66,111,9.34,0
e2-nio-50,binary,50,bot_69,3326,w,23,48.39,25,120.26,134,13.74,0
e2-nio-50,binary,50,bot_69,3326,w,25,38.16,25,135.97,136,0.03,0
e2-nio-50,binary,50,bot_69,3326,w,27,33.75,25,112.87,109,-3.87,0
e2-nio-50,binary,50,bot_69,3326,w,29,17.3,25,94.58,82,-12.58,0
e2-nio-50,binary,50,bot_69,3326,w,31,14.78,25,110.36,95,-15.36,0
e2-nio-50,binary,50,bot_69,3326,w,33,16.85,25,149.4,133,-16.4,0
e2-nio-50,binary,50,bot_69,3326,w,35,82.19,25,139.24,122,-17.24,0
e2-nio-50,binary,50,bot_69,3326,w,37,59.04,25,67.97,104,36.03,0
e2-nio-50,binary,50,bot_69,3326,w,39,41.23,25,92.55,119,26.45,0
e2-nio-50,binary,50,bot_69,3326,w,41,35.75,25,77.86,91,13.14,0
e2-nio-50,binary,50,bot_69,3326,w,43,13.92,25,81.46,80,-1.46,0
e2-nio-50,binary,50,bot_69,3326,w,45,9.47,25,105.88,91,-14.88,0
e2-nio-50,binary,50,bot_69,3326,w,47,34.54,25,59.97,76,16.03,0
e2-nio-50,binary,50,bot_69,3326,w,49,23.37,25,96.72,70,-26.72,0
e2-nio-50,binary,50,bot_69,3326,w,51,24.78,25,74.91,60,-14.91,0
e2-nio-50,binary,50,bot_69,3326,w,53,14.58,25,71.75,64,-7.75,0
e2-nio-50,binary,50,bot_69,3326,w,55,10.16,25,75.97,56,-19.97,0
e2-nio-50,binary,50,bot_69,3326,w,57,9.56,25,92.37,71,-21.37,0
e2-nio-50,binary,50,bot_69,3326,w,59,10.99,25,67.66,54,-13.66,0
e2-nio-50,binary,50,bot_70,3326,b,2,8.55,25,51.47,110,58.53,0
e2-nio-50,binary,50,bot_70,3326,b,4,43.71,25,59.61,91,31.39,0
e2-nio-50,binary,50,bot_70,3326,b,6,36.81,25,78.61,109,30.39,0
e2-nio-50,binary,50,bot_70,3326,b,8,30.74,25,103.76,122,18.24,0
e2-nio-50,binary,50,bot_70,3326,b,10,15.2,25,111.52,123,11.48,0
e2-nio-50,binary,50,bot_70,3326,b,12,13.94,25,112.75,120,7.25,0
e2-nio-50,binary,50,bot_70,3326,b,14,58.52,25,77.9,141,63.1,0
e2-nio-50,binary,50,bot_70,3326,b,16,54.98,25,81.3,128,46.7,0
e2-nio-50,binary,50,bot_70,3326,b,18,45.76,25,80.3,139,58.7,0
e2-nio-50,binary,50,bot_70,3326,b,20,37.94,25,88.85,121,32.15,0
e2-nio-50,binary,50,bot_70,3326,b,22,42.2,25,119.07,169,49.93,0
e2-nio-50,binary,50,bot_70,3326,b,24,32.63,25,120.7,165,44.3,0
e2-nio-50,binary,50,bot_70,3326,b,26,27,25,145.12,168,22.88,0
e2-nio-50,binary,50,bot_70,3326,b,28,19.86,25,105.75,128,22.25,0
e2-nio-50,binary,50,bot_70,3326,b,30,15.46,25,126.12,130,3.88,0
e2-nio-50,binary,50,bot_70,3326,b,32,14.3,25,144.12,145,0.88,0
e2-nio-50,binary,50,bot_70,3326,b,34,13.51,25,148.75,153,4.25,0
e2-nio-50,binary,50,bot_70,3326,b,36,68.27,25,97.2,167,69.8,0
e2-nio-50,binary,50,bot_70,3326,b,38,58.38,25,66.31,113,46.69,0
e2-nio-50,binary,50,bot_70,3326,b,40,44.63,25,85,114,29,0
e2-nio-50,binary,50,bot_70,3326,b,42,29.13,25,75.37,98,22.63,0
e2-nio-50,binary,50,bot_70,3326,b,44,16.72,25,119.29,120,0.71,0
e2-nio-50,binary,50,bot_70,3326,b,46,47.77,25,120.97,118,-2.97,0
e2-nio-50,binary,50,bot_70,3326,b,48,4.05,25,53.7,76,22.3,0
e2-nio-50,binary,50,bot_70,3326,b,50,15.78,25,66.29,78,11.71,0
e2-nio-50,binary,50,bot_70,3326,b,52,23.33,25,72.7,84,11.3,0
e2-nio-50,binary,50,bot_70,3326,b,54,10.88,25,79.21,81,1.79,0
e2-nio-50,binary,50,bot_70,3326,b,56,9.54,25,89.52,87,-2.52,0
e2-nio-50,binary,50,bot_70,3326,b,58,18.34,25,78.96,75,-3.96,0
e2-nio-50,binary,50,bot_70,3326,b,60,11.05,25,56.13,54,-2.12,0
e2-nio-50,binary,50,bot_71,3327,w,1,7.14,25,52.29,112,59.71,0
e2-nio-50,binary,50,bot_71,3327,w,3,44.62,25,59.13,94,34.87,0
e2-nio-50,binary,50,bot_71,3327,w,5,37.79,25,78.1,111,32.9,0
e2-nio-50,binary,50,bot_71,3327,w,7,31.29,25,103.26,127,23.74,0
e2-nio-50,binary,50,bot_71,3327,w,9,15.8,25,110.7,128,17.3,0
e2-nio-50,binary,50,bot_71,3327,w,11,14.24,25,112.26,125,12.74,0
e2-nio-50,binary,50,bot_71,3327,w,13,69.32,25,125.97,133,7.03,0
e2-nio-50,binary,50,bot_71,3327,w,15,55.74,25,80.38,129,48.62,0
e2-nio-50,binary,50,bot_71,3327,w,17,47.39,25,78.45,144,65.55,0
e2-nio-50,binary,50,bot_71,3327,w,19,39.14,25,87.46,123,35.54,0
e2-nio-50,binary,50,bot_71,3327,w,21,44.36,25,117.18,173,55.82,0
e2-nio-50,binary,50,bot_71,3327,w,23,34.63,25,118.62,171,52.38,0
e2-nio-50,binary,50,bot_71,3327,w,25,28.64,25,143.61,173,29.39,0
e2-nio-50,binary,50,bot_71,3327,w,27,21.56,25,103.99,129,25.01,0
e2-nio-50,binary,50,bot_71,3327,w,29,17.2,25,124.37,134,9.63,0
e2-nio-50,binary,50,bot_71,3327,w,31,17.09,25,141.37,149,7.63,0
e2-nio-50,binary,50,bot_71,3327,w,33,16.54,25,145.83,155,9.17,0
e2-nio-50,binary,50,bot_71,3327,w,35,80.71,25,157.57,161,3.43,0
e2-nio-50,binary,50,bot_71,3327,w,37,61.69,25,62.82,113,50.18,0
e2-nio-50,binary,50,bot_71,3327,w,39,47.58,25,82.33,115,32.67,0
e2-nio-50,binary,50,bot_71,3327,w,41,30.8,25,73.73,102,28.27,0
e2-nio-50,binary,50,bot_71,3327,w,43,20.3,25,115.74,123,7.26,0
e2-nio-50,binary,50,bot_71,3327,w,45,10.18,25,118.32,121,2.68,0
e2-nio-50,binary,50,bot_71,3327,w,47,5.62,25,52.24,85,32.76,0
e2-nio-50,binary,50,bot_71,3327,w,49,16.59,25,65.59,81,15.41,0
e2-nio-50,binary,50,bot_71,3327,w,51,24.47,25,71.75,88,16.25,0
e2-nio-50,binary,50,bot_71,3327,w,53,13.22,25,76.72,84,7.28,0
e2-nio-50,binary,50,bot_71,3327,w,55,10.93,25,88.3,92,3.7,0
e2-nio-50,binary,50,bot_71,3327,w,57,20.2,25,77.29,82,4.71,0
e2-nio-50,binary,50,bot_71,3327,w,59,14.13,25,53.85,59,5.15,0
e2-nio-50,binary,50,bot_72,3327,b,2,36.21,25,107.63,92,-15.62,0
e2-nio-50,binary,50,bot_72,3327,b,4,34.79,25,78.46,99,20.54,0
e2-nio-50,binary,50,bot_72,3327,b,6,23.97,25,106.08,121,14.92,0
e2-nio-50,binary,50,bot_72,3327,b,8,17.4,25,90.2,97,6.8,0
e2-nio-50,binary,50,bot_72,3327,b,10,13.06,25,99.81,91,-8.81,0
e2-nio-50,binary,50,bot_72,3327,b,12,8.37,25,103.14,95,-8.14,0
e2-nio-50,binary,50,bot_72,3327,b,14,49.3,25,94.91,141,46.09,0
e2-nio-50,binary,50,bot_72,3327,b,16,66.55,25,103.49,130,26.51,0
e2-nio-50,binary,50,bot_72,3327,b,18,37.03,25,92.74,116,23.26,0
e2-nio-50,binary,50,bot_72,3327,b,20,56.78,25,98.35,114,15.65,0
e2-nio-50,binary,50,bot_72,3327,b,22,52.29,25,116.35,137,20.65,0
e2-nio-50,binary,50,bot_72,3327,b,24,41.31,25,132.75,138,5.25,0
e2-nio-50,binary,50,bot_72,3327,b,26,36.55,25,110.1,112,1.9,0
e2-nio-50,binary,50,bot_72,3327,b,28,20.49,25,91.42,85,-6.42,0
e2-nio-50,binary,50,bot_72,3327,b,30,19.23,25,105.91,96,-9.91,0
e2-nio-50,binary,50,bot_72,3327,b,32,20.9,25,145.25,134,-11.25,0
e2-nio-50,binary,50,bot_72,3327,b,34,14.85,25,133.8,123,-10.8,0
e2-nio-50,binary,50,bot_72,3327,b,36,62.01,25,65.07,117,51.93,0
e2-nio-50,binary,50,bot_72,3327,b,38,45.26,25,88.51,123,34.49,0
e2-nio-50,binary,50,bot_72,3327,b,40,39.75,25,73.84,95,21.16,0
e2-nio-50,binary,50,bot_72,3327,b,42,17.87,25,77.41,80,2.59,0
e2-nio-50,binary,50,bot_72,3327,b,44,13.62,25,101.82,95,-6.82,0
e2-nio-50,binary,50,bot_72,3327,b,46,42.06,25,92.45,75,-17.45,0
e2-nio-50,binary,50,bot_72,3327,b,48,26.38,25,93.71,72,-21.71,0
e2-nio-50,binary,50,bot_72,3327,b,50,27.06,25,72.52,61,-11.52,0
e2-nio-50,binary,50,bot_72,3327,b,52,16.88,25,69.41,65,-4.41,0
e2-nio-50,binary,50,bot_72,3327,b,54,14.18,25,71.89,57,-14.89,0
e2-nio-50,binary,50,bot_72,3327,b,56,15.15,25,86.66,69,-17.66,0
e2-nio-50,binary,50,bot_72,3327,b,58,15.05,25,63.46,57,-6.46,0
e2-nio-50,binary,50,bot_72,3327,b,60,15.93,25,66.82,52,-14.82,0
e2-nio-50,binary,50,bot_73,3328,w,1,42.12,25,110.35,93,-17.35,0
e2-nio-50,binary,50,bot_73,3328,w,3,34.94,25,78.03,102,23.97,0
e2-nio-50,binary,50,bot_73,3328,w,5,24.88,25,105.17,123,17.83,0
e2-nio-50,binary,50,bot_73,3328,w,7,19.02,25,88.75,100,11.25,0
e2-nio-50,binary,50,bot_73,3328,w,9,14.15,25,98.72,95,-3.72,0
e2-nio-50,binary,50,bot_73,3328,w,11,9.43,25,102.33,98,-4.33,0
e2-nio-50,binary,50,bot_73,3328,w,13,62.38,25,141.36,133,-8.36,0
e2-nio-50,binary,50,bot_73,3328,w,15,69.17,25,100.93,136,35.07,0
e2-nio-50,binary,50,bot_73,3328,w,17,38.63,25,91.78,118,26.22,0
e2-nio-50,binary,50,bot_73,3328,w,19,58.72,25,96.41,117,20.59,0
e2-nio-50,binary,50,bot_73,3328,w,21,54.04,25,114.68,140,25.32,0
e2-nio-50,binary,50,bot_73,3328,w,23,42.94,25,131.16,143,11.84,0
e2-nio-50,binary,50,bot_73,3328,w,25,36.63,25,110.15,115,4.85,0
e2-nio-50,binary,50,bot_73,3328,w,27,21.88,25,90,86,-4,0
e2-nio-50,binary,50,bot_73,3328,w,29,20.79,25,104.34,97,-7.34,0
e2-nio-50,binary,50,bot_73,3328,w,31,22.65,25,143.16,135,-8.16,0
e2-nio-50,binary,50,bot_73,3328,w,33,17.06,25,131.52,123,-8.52,0
e2-nio-50,binary,50,bot_73,3328,w,35,67.88,25,130.93,116,-14.93,0
e2-nio-50,binary,50,bot_73,3328,w,37,47.15,25,86.5,124,37.5,0
e2-nio-50,binary,50,bot_73,3328,w,39,42.65,25,70.91,94,23.09,0
e2-nio-50,binary,50,bot_73,3328,w,41,20.33,25,74.85,81,6.15,0
e2-nio-50,binary,50,bot_73,3328,w,43,16.31,25,99.34,96,-3.34,0
e2-nio-50,binary,50,bot_73,3328,w,45,6.25,25,91.15,77,-14.15,0
e2-nio-50,binary,50,bot_73,3328,w,47,29.28,25,91.06,74,-17.06,0
e2-nio-50,binary,50,bot_73,3328,w,49,28.61,25,70.93,64,-6.93,0
e2-nio-50,binary,50,bot_73,3328,w,51,18.46,25,67.83,67,-0.83,0
e2-nio-50,binary,50,bot_73,3328,w,53,16.63,25,69.41,58,-11.41,0
e2-nio-50,binary,50,bot_73,3328,w,55,17.49,25,84.38,73,-11.38,0
e2-nio-50,binary,50,bot_73,3328,w,57,16.97,25,60.87,57,-3.87,0
e2-nio-50,binary,50,bot_73,3328,w,59,18.17,25,65.55,56,-9.55,0
e2-nio-50,binary,50,bot_74,3328,b,2,46.06,25,57.81,97,39.19,0
e2-nio-50,binary,50,bot_74,3328,b,4,39.27,25,76.73,108,31.27,0
e2-nio-50,binary,50,bot_74,3328,b,6,32.07,25,102.47,124,21.53,0
e2-nio-50,binary,50,bot_74,3328,b,8,17.93,25,108.44,124,15.56,0
e2-nio-50,binary,50,bot_74,3328,b,10,15.78,25,110.99,122,11.01,0
e2-nio-50,binary,50,bot_74,3328,b,12,12.03,25,123.42,128,4.58,0
e2-nio-50,binary,50,bot_74,3328,b,14,57.32,25,79.13,139,59.87,0
e2-nio-50,binary,50,bot_74,3328,b,16,48.22,25,77.19,144,66.81,0
e2-nio-50,binary,50,bot_74,3328,b,18,40.52,25,86.05,121,34.95,0
e2-nio-50,binary,50,bot_74,3328,b,20,45.87,25,115.71,171,55.29,0
e2-nio-50,binary,50,bot_74,3328,b,22,37.87,25,115.26,166,50.74,0
e2-nio-50,binary,50,bot_74,3328,b,24,30.78,25,141.5,171,29.5,0
e2-nio-50,binary,50,bot_74,3328,b,26,23.36,25,102.21,127,24.79,0
e2-nio-50,binary,50,bot_74,3328,b,28,18.25,25,123.32,132,8.68,0
e2-nio-50,binary,50,bot_74,3328,b,30,18.78,25,139.69,148,8.31,0
e2-nio-50,binary,50,bot_74,3328,b,32,18,25,144.4,154,9.6,0
e2-nio-50,binary,50,bot_74,3328,b,34,10.67,25,155.97,160,4.03,0
e2-nio-50,binary,50,bot_74,3328,b,36,63.75,25,60.72,116,55.28,0
e2-nio-50,binary,50,bot_74,3328,b,38,49.07,25,80.92,114,33.08,0
e2-nio-50,binary,50,bot_74,3328,b,40,32.01,25,72.46,102,29.54,0
e2-nio-50,binary,50,bot_74,3328,b,42,22.19,25,113.86,122,8.14,0
e2-nio-50,binary,50,bot_74,3328,b,44,12.22,25,116.22,119,2.78,0
e2-nio-50,binary,50,bot_74,3328,b,46,10.13,25,84.71,79,-5.71,0
e2-nio-50,binary,50,bot_74,3328,b,48,18.69,25,63.5,81,17.5,0
e2-nio-50,binary,50,bot_74,3328,b,50,26.42,25,69.81,87,17.19,0
e2-nio-50,binary,50,bot_74,3328,b,52,15.87,25,74,80,6,0
e2-nio-50,binary,50,bot_74,3328,b,54,14.1,25,85.1,90,4.9,0
e2-nio-50,binary,50,bot_74,3328,b,56,23.05,25,74.42,78,3.58,0
e2-nio-50,binary,50,bot_74,3328,b,58,16.34,25,51.39,56,4.61,0
e2-nio-50,binary,50,bot_74,3328,b,60,13.99,25,70.73,76,5.27,0
e2-nio-50,binary,50,bot_75,3329,w,1,53.46,25,102.17,115,12.83,0
e2-nio-50,binary,50,bot_75,3329,w,3,63.03,25,109.37,113,3.63,0
e2-nio-50,binary,50,bot_75,3329,w,5,23.04,25,75.18,117,41.82,0
e2-nio-50,binary,50,bot_75,3329,w,7,26.17,25,95.48,114,18.52,0
e2-nio-50,binary,50,bot_75,3329,w,9,13.77,25,108.84,127,18.16,0
e2-nio-50,binary,50,bot_75,3329,w,11,13.15,25,124.22,132,7.78,0
e2-nio-50,binary,50,bot_75,3329,w,13,70.83,25,80.49,145,64.51,0
e2-nio-50,binary,50,bot_75,3329,w,15,61.02,25,81.34,128,46.66,0
e2-nio-50,binary,50,bot_75,3329,w,17,52.83,25,84.96,132,47.04,0
e2-nio-50,binary,50,bot_75,3329,w,19,42.69,25,105.8,157,51.2,0
e2-nio-50,binary,50,bot_75,3329,w,21,50.39,25,114.73,161,46.27,0
e2-nio-50,binary,50,bot_75,3329,w,23,19.98,25,131.3,145,13.7,0
e2-nio-50,binary,50,bot_75,3329,w,25,10.91,25,98.06,100,1.94,0
e2-nio-50,binary,50,bot_75,3329,w,27,9.21,25,111.36,115,3.64,0
e2-nio-50,binary,50,bot_75,3329,w,29,78.08,25,145.25,148,2.75,0
e2-nio-50,binary,50,bot_75,3329,w,31,57.26,25,92.25,138,45.75,0
e2-nio-50,binary,50,bot_75,3329,w,33,37.89,25,101.12,152,50.88,0
e2-nio-50,binary,50,bot_75,3329,w,35,45.98,25,95.05,117,21.95,0
e2-nio-50,binary,50,bot_75,3329,w,37,26.36,25,95.06,112,16.94,0
e2-nio-50,binary,50,bot_75,3329,w,39,21.21,25,76.72,85,8.28,0
e2-nio-50,binary,50,bot_75,3329,w,41,54.79,25,62.27,108,45.73,0
e2-nio-50,binary,50,bot_75,3329,w,43,7.82,25,54.04,98,43.96,0
e2-nio-50,binary,50,bot_75,3329,w,45,2.01,25,75.35,64,-11.35,0
e2-nio-50,binary,50,bot_75,3329,w,47,1.44,25,87.83,77,-10.83,0
e2-nio-50,binary,50,bot_75,3329,w,49,23.88,25,76.06,87,10.94,0
e2-nio-50,binary,50,bot_75,3329,w,51,41.93,25,70.95,82,11.05,0
e2-nio-50,binary,50,bot_75,3329,w,53,27.24,25,72.13,83,10.87,0
e2-nio-50,binary,50,bot_75,3329,w,55,16.22,25,65.48,76,10.52,0
e2-nio-50,binary,50,bot_75,3329,w,57,18.01,25,64.6,61,-3.6,0
e2-nio-50,binary,50,bot_75,3329,w,59,12.7,25,66.27,72,5.73,0
e2-nio-50,binary,50,bot_76,3329,b,2,10.2,25,65.54,98,32.46,0
e2-nio-50,binary,50,bot_76,3329,b,4,47.9,25,78.79,120,41.21,0
e2-nio-50,binary,50,bot_76,3329,b,6,23.76,25,101.32,102,0.68,0
e2-nio-50,binary,50,bot_76,3329,b,8,24.26,25,90.46,94,3.54,0
e2-nio-50,binary,50,bot_76,3329,b,10,14.78,25,103.96,96,-7.96,0
e2-nio-50,binary,50,bot_76,3329,b,12,70.61,25,133.8,126,-7.8,0
e2-nio-50,binary,50,bot_76,3329,b,14,52.44,25,94.53,143,48.47,0
e2-nio-50,binary,50,bot_76,3329,b,16,52.96,25,65.07,105,39.93,0
e2-nio-50,binary,50,bot_76,3329,b,18,58.03,25,106.84,139,32.16,0
e2-nio-50,binary,50,bot_76,3329,b,20,52.76,25,117.25,139,21.75,0
e2-nio-50,binary,50,bot_76,3329,b,22,28.93,25,160.93,185,24.07,0
e2-nio-50,binary,50,bot_76,3329,b,24,16.11,25,116.78,109,-7.78,0
e2-nio-50,binary,50,bot_76,3329,b,26,17.72,25,125.85,110,-15.85,0
e2-nio-50,binary,50,bot_76,3329,b,28,17.58,25,138.1,121,-17.1,0
e2-nio-50,binary,50,bot_76,3329,b,30,60.91,25,101.67,153,51.33,0
e2-nio-50,binary,50,bot_76,3329,b,32,65.3,25,101.59,132,30.41,0
e2-nio-50,binary,50,bot_76,3329,b,34,36.96,25,83.4,94,10.6,0
e2-nio-50,binary,50,bot_76,3329,b,36,34.15,25,95.17,115,19.83,0
e2-nio-50,binary,50,bot_76,3329,b,38,24.26,25,87.27,87,-0.27,0
e2-nio-50,binary,50,bot_76,3329,b,40,61.2,25,115.39,110,-5.39,0
e2-nio-50,binary,50,bot_76,3329,b,42,60.06,25,67.44,96,28.56,0
e2-nio-50,binary,50,bot_76,3329,b,44,3.6,25,88.58,70,-18.58,0
e2-nio-50,binary,50,bot_76,3329,b,46,4.18,25,86.04,61,-25.04,0
e2-nio-50,binary,50,bot_76,3329,b,48,26.1,25,88.27,62,-26.27,0
e2-nio-50,binary,50,bot_76,3329,b,50,27.1,25,62.84,60,-2.84,0
e2-nio-50,binary,50,bot_76,3329,b,52,26.92,25,74.6,91,16.4,0
e2-nio-50,binary,50,bot_76,3329,b,54,25.05,25,68.67,71,2.33,0
e2-nio-50,binary,50,bot_76,3329,b,56,11.56,25,58.1,47,-11.1,0
e2-nio-50,binary,50,bot_76,3329,b,58,21.09,25,65.72,57,-8.72,0
e2-nio-50,binary,50,bot_76,3329,b,60,18.67,25,70.05,56,-14.05,0
e2-nio-50,binary,50,bot_77,3330,w,1,17.65,25,57.24,121,63.76,0
e2-nio-50,binary,50,bot_77,3330,w,3,57.11,25,68.62,137,68.38,0
e2-nio-50,binary,50,bot_77,3330,w,5,31.73,25,92.8,121,28.2,0
e2-nio-50,binary,50,bot_77,3330,w,7,31.67,25,81.29,108,26.71,0
e2-nio-50,binary,50,bot_77,3330,w,9,21.15,25,97.47,112,14.53,0
e2-nio-50,binary,50,bot_77,3330,w,11,12,25,128.93,142,13.07,0
e2-nio-50,binary,50,bot_77,3330,w,13,8.43,25,157.61,167,9.39,0
e2-nio-50,binary,50,bot_77,3330,w,15,59.82,25,58.32,132,73.68,0
e2-nio-50,binary,50,bot_77,3330,w,17,69.99,25,94.01,149,54.99,0
e2-nio-50,binary,50,bot_77,3330,w,19,60.35,25,109.37,161,51.63,0
e2-nio-50,binary,50,bot_77,3330,w,21,26.67,25,163.14,212,48.86,0
e2-nio-50,binary,50,bot_77,3330,w,23,13.2,25,119.71,124,4.29,0
e2-nio-50,binary,50,bot_77,3330,w,25,14.16,25,129.64,124,-5.64,0
e2-nio-50,binary,50,bot_77,3330,w,27,72.53,25,143.92,138,-5.92,0
e2-nio-50,binary,50,bot_77,3330,w,29,56.46,25,106.15,161,54.85,0
e2-nio-50,binary,50,bot_77,3330,w,31,61.01,25,105.86,146,40.14,0
e2-nio-50,binary,50,bot_77,3330,w,33,34.08,25,86.37,105,18.63,0
e2-nio-50,binary,50,bot_77,3330,w,35,31.74,25,97.57,125,27.43,0
e2-nio-50,binary,50,bot_77,3330,w,37,21.73,25,89.84,97,7.16,0
e2-nio-50,binary,50,bot_77,3330,w,39,57.95,25,118.64,122,3.36,0
e2-nio-50,binary,50,bot_77,3330,w,41,57.41,25,69.99,106,36.01,0
e2-nio-50,binary,50,bot_77,3330,w,43,35.91,25,90.22,79,-11.22,0
e2-nio-50,binary,50,bot_77,3330,w,45,20.26,25,62.52,78,15.48,0
e2-nio-50,binary,50,bot_77,3330,w,47,20.95,25,65.45,69,3.55,0
e2-nio-50,binary,50,bot_77,3330,w,49,25.58,25,64.38,71,6.62,0
e2-nio-50,binary,50,bot_77,3330,w,51,24.07,25,77.45,102,24.55,0
e2-nio-50,binary,50,bot_77,3330,w,53,21.1,25,72.66,84,11.34,0
e2-nio-50,binary,50,bot_77,3330,w,55,9.93,25,59.71,58,-1.71,0
e2-nio-50,binary,50,bot_77,3330,w,57,17.75,25,68.99,71,2.01,0
e2-nio-50,binary,50,bot_77,3330,w,59,15.82,25,72.85,70,-2.85,0
e2-nio-50,binary,50,bot_78,3330,b,2,74.54,25,98.11,94,-4.11,0
e2-nio-50,binary,50,bot_78,3330,b,4,32.63,25,66.32,101,34.68,0
e2-nio-50,binary,50,bot_78,3330,b,6,32.79,25,88.97,97,8.03,0
e2-nio-50,binary,50,bot_78,3330,b,8,19.71,25,105.47,114,8.53,0
e2-nio-50,binary,50,bot_78,3330,b,10,19.19,25,118.04,115,-3.04,0
e2-nio-50,binary,50,bot_78,3330,b,12,17.21,25,122.91,111,-11.91,0
e2-nio-50,binary,50,bot_78,3330,b,14,79.66,25,118.3,103,-15.3,0
e2-nio-50,binary,50,bot_78,3330,b,16,61.84,25,76.02,111,34.98,0
e2-nio-50,binary,50,bot_78,3330,b,18,58.1,25,90.38,136,45.62,0
e2-nio-50,binary,50,bot_78,3330,b,20,63.14,25,104.44,140,35.56,0
e2-nio-50,binary,50,bot_78,3330,b,22,18.06,25,132.96,132,-0.96,0
e2-nio-50,binary,50,bot_78,3330,b,24,9.79,25,99.15,85,-14.15,0
e2-nio-50,binary,50,bot_78,3330,b,26,8.24,25,111.76,98,-13.76,0
e2-nio-50,binary,50,bot_78,3330,b,28,70.49,25,92.24,137,44.76,0
e2-nio-50,binary,50,bot_78,3330,b,30,55.46,25,94.04,123,28.96,0
e2-nio-50,binary,50,bot_78,3330,b,32,34.53,25,104.19,138,33.81,0
e2-nio-50,binary,50,bot_78,3330,b,34,42.2,25,98.87,105,6.13,0
e2-nio-50,binary,50,bot_78,3330,b,36,21.48,25,99.26,103,3.74,0
e2-nio-50,binary,50,bot_78,3330,b,38,17.41,25,80.75,75,-5.75,0
e2-nio-50,binary,50,bot_78,3330,b,40,50.28,25,66.85,98,31.15,0
e2-nio-50,binary,50,bot_78,3330,b,42,4.45,25,57.47,87,29.53,0
e2-nio-50,binary,50,bot_78,3330,b,44,30.64,25,60.88,69,8.12,0
e2-nio-50,binary,50,bot_78,3330,b,46,18.61,25,58.09,50,-8.09,0
e2-nio-50,binary,50,bot_78,3330,b,48,21.47,25,78.34,71,-7.34,0
e2-nio-50,binary,50,bot_78,3330,b,50,38.62,25,74.32,72,-2.32,0
e2-nio-50,binary,50,bot_78,3330,b,52,25.86,25,73.37,69,-4.37,0
e2-nio-50,binary,50,bot_78,3330,b,54,14.51,25,67.18,61,-6.18,0
e2-nio-50,binary,50,bot_78,3330,b,56,16.89,25,65.67,49,-16.67,0
e2-nio-50,binary,50,bot_78,3330,b,58,11.79,25,67.41,58,-9.41,0
e2-nio-50,binary,50,bot_78,3330,b,60,8.84,25,56.61,46,-10.61,0
e2-nio-50,binary,50,bot_79,3331,w,1,28.41,25,101.91,133,31.09,0
e2-nio-50,binary,50,bot_79,3331,w,3,24.06,25,83.93,100,16.07,0
e2-nio-50,binary,50,bot_79,3331,w,5,19.27,25,93.86,98,4.14,0
e2-nio-50,binary,50,bot_79,3331,w,7,13.59,25,98.72,102,3.28,0
e2-nio-50,binary,50,bot_79,3331,w,9,18.64,25,134.02,136,1.98,0
e2-nio-50,binary,50,bot_79,3331,w,11,14.52,25,140.56,134,-6.56,0
e2-nio-50,binary,50,bot_79,3331,w,13,42.9,25,88.03,134,45.97,0
e2-nio-50,binary,50,bot_79,3331,w,15,63.69,25,91.46,118,26.54,0
e2-nio-50,binary,50,bot_79,3331,w,17,62.86,25,105.91,140,34.09,0
e2-nio-50,binary,50,bot_79,3331,w,19,52.41,25,121.57,142,20.43,0
e2-nio-50,binary,50,bot_79,3331,w,21,41.49,25,105.3,120,14.7,0
e2-nio-50,binary,50,bot_79,3331,w,23,29.57,25,82.28,90,7.72,0
e2-nio-50,binary,50,bot_79,3331,w,25,27.26,25,97.87,97,-0.87,0
e2-nio-50,binary,50,bot_79,3331,w,27,34.12,25,131.01,131,-0.01,0
e2-nio-50,binary,50,bot_79,3331,w,29,27.04,25,121.6,128,6.4,0
e2-nio-50,binary,50,bot_79,3331,w,31,11.15,25,125.41,124,-1.41,0
e2-nio-50,binary,50,bot_79,3331,w,33,64.53,25,132.93,122,-10.93,0
e2-nio-50,binary,50,bot_79,3331,w,35,49.6,25,64.44,98,33.56,0
e2-nio-50,binary,50,bot_79,3331,w,37,28.61,25,66.48,83,16.52,0
e2-nio-50,binary,50,bot_79,3331,w,39,25.79,25,91.06,97,5.94,0
e2-nio-50,binary,50,bot_79,3331,w,41,14.59,25,83.01,83,-0.01,0
e2-nio-50,binary,50,bot_79,3331,w,43,8.5,25,84.62,71,-13.62,0
e2-nio-50,binary,50,bot_79,3331,w,45,3.2,25,74.09,54,-20.09,0
e2-nio-50,binary,50,bot_79,3331,w,47,3.07,25,95.95,76,-19.95,0
e2-nio-50,binary,50,bot_79,3331,w,49,31.46,25,107.28,88,-19.28,0
e2-nio-50,binary,50,bot_79,3331,w,51,22.02,25,80.37,77,-3.37,0
e2-nio-50,binary,50,bot_79,3331,w,53,4.05,25,58.53,61,2.47,0
e2-nio-50,binary,50,bot_79,3331,w,55,21.38,25,77.23,57,-20.23,0
e2-nio-50,binary,50,bot_79,3331,w,57,11,25,67.54,61,-6.54,0
e2-nio-50,binary,50,bot_79,3331,w,59,11.66,25,79.13,67,-12.13,0
e2-nio-50,binary,50,bot_80,3331,b,2,36.05,25,98.36,109,10.64,0
e2-nio-50,binary,50,bot_80,3331,b,4,23.78,25,102.64,109,6.36,0
e2-nio-50,binary,50,bot_80,3331,b,6,22.58,25,103.54,105,1.46,0
e2-nio-50,binary,50,bot_80,3331,b,8,21.24,25,113.59,109,-4.59,0
e2-nio-50,binary,50,bot_80,3331,b,10,12.27,25,116.5,117,0.5,0
e2-nio-50,binary,50,bot_80,3331,b,12,64.66,25,134.49,131,-3.49,0
e2-nio-50,binary,50,bot_80,3331,b,14,44.99,25,81.24,106,24.76,0
e2-nio-50,binary,50,bot_80,3331,b,16,52.84,25,109.11,156,46.89,0
e2-nio-50,binary,50,bot_80,3331,b,18,44.27,25,108.61,153,44.39,0
e2-nio-50,binary,50,bot_80,3331,b,20,39.44,25,133.08,161,27.92,0
e2-nio-50,binary,50,bot_80,3331,b,22,32.15,25,93.38,111,17.62,0
e2-nio-50,binary,50,bot_80,3331,b,24,23.56,25,118.05,124,5.95,0
e2-nio-50,binary,50,bot_80,3331,b,26,23.67,25,134.89,138,3.11,0
e2-nio-50,binary,50,bot_80,3331,b,28,29.7,25,132.67,143,10.33,0
e2-nio-50,binary,50,bot_80,3331,b,30,22.87,25,143.7,147,3.3,0
e2-nio-50,binary,50,bot_80,3331,b,32,13.36,25,109.13,96,-13.13,0
e2-nio-50,binary,50,bot_80,3331,b,34,58.52,25,71.77,113,41.23,0
e2-nio-50,binary,50,bot_80,3331,b,36,40.82,25,63.16,90,26.84,0
e2-nio-50,binary,50,bot_80,3331,b,38,30.22,25,105.03,111,5.97,0
e2-nio-50,binary,50,bot_80,3331,b,40,23.59,25,104.22,106,1.78,0
e2-nio-50,binary,50,bot_80,3331,b,42,10.66,25,77.94,69,-8.94,0
e2-nio-50,binary,50,bot_80,3331,b,44,2.66,25,78.21,62,-16.21,0
e2-nio-50,binary,50,bot_80,3331,b,46,3.81,25,82.53,61,-21.53,0
e2-nio-50,binary,50,bot_80,3331,b,48,4.86,25,85.99,65,-20.99,0
e2-nio-50,binary,50,bot_80,3331,b,50,21.85,25,77.54,86,8.46,0
e2-nio-50,binary,50,bot_80,3331,b,52,26.36,25,71.37,71,-0.37,0
e2-nio-50,binary,50,bot_80,3331,b,54,3.74,25,63.73,44,-19.73,0
e2-nio-50,binary,50,bot_80,3331,b,56,16.23,25,68.12,65,-3.12,0
e2-nio-50,binary,50,bot_80,3331,b,58,12.04,25,72.77,59,-13.77,0
e2-nio-50,binary,50,bot_80,3331,b,60,16.2,25,68.14,56,-12.14,0
e2-nio-50,binary,50,bot_81,3332,w,1,9.5,25,123.74,109,-14.74,0
e2-nio-50,binary,50,bot_81,3332,w,3,40.95,25,81.38,106,24.62,0
e2-nio-50,binary,50,bot_81,3332,w,5,34.85,25,91.58,111,19.42,0
e2-nio-50,binary,50,bot_81,3332,w,7,31.88,25,104.21,118,13.79,0
e2-nio-50,binary,50,bot_81,3332,w,9,28.25,25,110.46,110,-0.46,0
e2-nio-50,binary,50,bot_81,3332,w,11,26.48,25,101.3,103,1.7,0
e2-nio-50,binary,50,bot_81,3332,w,13,18.92,25,109.75,102,-7.75,0
e2-nio-50,binary,50,bot_81,3332,w,15,10.1,25,149.32,147,-2.32,0
e2-nio-50,binary,50,bot_81,3332,w,17,77.03,25,146.11,135,-11.11,0
e2-nio-50,binary,50,bot_81,3332,w,19,69.27,25,84.25,144,59.75,0
e2-nio-50,binary,50,bot_81,3332,w,21,37.04,25,72.53,100,27.47,0
e2-nio-50,binary,50,bot_81,3332,w,23,39.24,25,81.5,118,36.5,0
e2-nio-50,binary,50,bot_81,3332,w,25,54.71,25,100.73,141,40.27,0
e2-nio-50,binary,50,bot_81,3332,w,27,44.65,25,107.7,125,17.3,0
e2-nio-50,binary,50,bot_81,3332,w,29,26.35,25,139.32,152,12.68,0
e2-nio-50,binary,50,bot_81,3332,w,31,21.02,25,105.51,104,-1.51,0
e2-nio-50,binary,50,bot_81,3332,w,33,11.69,25,115.95,106,-9.95,0
e2-nio-50,binary,50,bot_81,3332,w,35,8.05,25,96.4,78,-18.4,0
e2-nio-50,binary,50,bot_81,3332,w,37,23.5,25,96.77,109,12.23,0
e2-nio-50,binary,50,bot_81,3332,w,39,19.25,25,113.24,112,-1.24,0
e2-nio-50,binary,50,bot_81,3332,w,41,7.24,25,65.39,57,-8.39,0
e2-nio-50,binary,50,bot_81,3332,w,43,11.37,25,77.81,64,-13.81,0
e2-nio-50,binary,50,bot_81,3332,w,45,10.87,25,84.64,70,-14.64,0
e2-nio-50,binary,50,bot_81,3332,w,47,55.84,25,86.44,68,-18.44,0
e2-nio-50,binary,50,bot_81,3332,w,49,8.91,25,59.82,70,10.18,0
e2-nio-50,binary,50,bot_81,3332,w,51,7.85,25,81.45,60,-21.45,0
e2-nio-50,binary,50,bot_81,3332,w,53,1.57,25,68.83,46,-22.83,0
e2-nio-50,binary,50,bot_81,3332,w,55,3.22,25,81.5,58,-23.5,0
e2-nio-50,binary,50,bot_81,3332,w,57,3.26,25,81.93,58,-23.93,0
e2-nio-50,binary,50,bot_81,3332,w,59,11.34,25,81.4,58,-23.4,0
e2-nio-50,binary,50,bot_82,3332,b,2,47.45,25,118.32,113,-5.32,0
e2-nio-50,binary,50,bot_82,3332,b,4,42.59,25,69.95,95,25.05,0
e2-nio-50,binary,50,bot_82,3332,b,6,37.13,25,81.38,100,18.62,0
e2-nio-50,binary,50,bot_82,3332,b,8,22.49,25,119.52,136,16.48,0
e2-nio-50,binary,50,bot_82,3332,b,10,24.39,25,142.87,156,13.13,0
e2-nio-50,binary,50,bot_82,3332,b,12,14.88,25,112.81,124,11.19,0
e2-nio-50,binary,50,bot_82,3332,b,14,20.7,25,134.35,137,2.65,0
e2-nio-50,binary,50,bot_82,3332,b,16,11.98,25,157.27,152,-5.27,0
e2-nio-50,binary,50,bot_82,3332,b,18,85.48,25,110.1,166,55.9,0
e2-nio-50,binary,50,bot_82,3332,b,20,54.64,25,79.37,129,49.63,0
e2-nio-50,binary,50,bot_82,3332,b,22,63.33,25,79.39,96,16.61,0
e2-nio-50,binary,50,bot_82,3332,b,24,65.58,25,87.04,105,17.96,0
e2-nio-50,binary,50,bot_82,3332,b,26,44.73,25,123.29,158,34.71,0
e2-nio-50,binary,50,bot_82,3332,b,28,39.64,25,112.96,136,23.04,0
e2-nio-50,binary,50,bot_82,3332,b,30,25.65,25,99.63,105,5.37,0
e2-nio-50,binary,50,bot_82,3332,b,32,16.6,25,116.47,117,0.53,0
e2-nio-50,binary,50,bot_82,3332,b,34,7.5,25,106.14,97,-9.14,0
e2-nio-50,binary,50,bot_82,3332,b,36,38.68,25,110.56,97,-13.56,0
e2-nio-50,binary,50,bot_82,3332,b,38,25.81,25,88.05,91,2.95,0
e2-nio-50,binary,50,bot_82,3332,b,40,18.51,25,75.97,75,-0.97,0
e2-nio-50,binary,50,bot_82,3332,b,42,13.48,25,90.94,77,-13.94,0
e2-nio-50,binary,50,bot_82,3332,b,44,10.84,25,81.85,72,-9.85,0
e2-nio-50,binary,50,bot_82,3332,b,46,8.34,25,77.91,67,-10.91,0
e2-nio-50,binary,50,bot_82,3332,b,48,36.55,25,64.83,100,35.17,0
e2-nio-50,binary,50,bot_82,3332,b,50,4.81,25,68.21,57,-11.21,0
e2-nio-50,binary,50,bot_82,3332,b,52,3.34,25,75.18,62,-13.18,0
e2-nio-50,binary,50,bot_82,3332,b,54,2.34,25,76.34,57,-19.34,0
e2-nio-50,binary,50,bot_82,3332,b,56,2.6,25,74.72,57,-17.72,0
e2-nio-50,binary,50,bot_82,3332,b,58,2.47,25,87.9,70,-17.9,0
e2-nio-50,binary,50,bot_82,3332,b,60,13.94,25,80.88,71,-9.88,0
e2-nio-50,binary,50,bot_83,3333,w,1,46.87,25,78.89,130,51.11,0
e2-nio-50,binary,50,bot_83,3333,w,3,42.46,25,82.41,117,34.59,0
e2-nio-50,binary,50,bot_83,3333,w,5,40.63,25,93.21,126,32.79,0
e2-nio-50,binary,50,bot_83,3333,w,7,38.7,25,92.51,136,43.49,0
e2-nio-50,binary,50,bot_83,3333,w,9,32.12,25,114.72,156,41.28,0
e2-nio-50,binary,50,bot_83,3333,w,11,26.65,25,91.29,117,25.71,0
e2-nio-50,binary,50,bot_83,3333,w,13,23.65,25,143.62,161,17.38,0
e2-nio-50,binary,50,bot_83,3333,w,15,18.9,25,151.79,167,15.21,0
e2-nio-50,binary,50,bot_83,3333,w,17,24.69,25,164.93,175,10.07,0
e2-nio-50,binary,50,bot_83,3333,w,19,12.27,25,120.67,124,3.33,0
e2-nio-50,binary,50,bot_83,3333,w,21,12.5,25,131.77,126,-5.77,0
e2-nio-50,binary,50,bot_83,3333,w,23,58.44,25,100,152,52,0
e2-nio-50,binary,50,bot_83,3333,w,25,54.42,25,108.26,163,54.74,0
e2-nio-50,binary,50,bot_83,3333,w,27,59.44,25,107.43,149,41.57,0
e2-nio-50,binary,50,bot_83,3333,w,29,33.48,25,87.14,106,18.86,0
e2-nio-50,binary,50,bot_83,3333,w,31,30.98,25,98.34,125,26.66,0
e2-nio-50,binary,50,bot_83,3333,w,33,20.31,25,91.22,97,5.78,0
e2-nio-50,binary,50,bot_83,3333,w,35,56.72,25,119.83,121,1.17,0
e2-nio-50,binary,50,bot_83,3333,w,37,54.65,25,72.73,107,34.27,0
e2-nio-50,binary,50,bot_83,3333,w,39,32.68,25,56.97,81,24.03,0
e2-nio-50,binary,50,bot_83,3333,w,41,17.28,25,65.36,82,16.64,0
e2-nio-50,binary,50,bot_83,3333,w,43,18.32,25,68.2,72,3.8,0
e2-nio-50,binary,50,bot_83,3333,w,45,23.17,25,66.99,72,5.01,0
e2-nio-50,binary,50,bot_83,3333,w,47,18.91,25,82.69,107,24.31,0
e2-nio-50,binary,50,bot_83,3333,w,49,15.54,25,78.29,90,11.71,0
e2-nio-50,binary,50,bot_83,3333,w,51,6.57,25,63.04,61,-2.04,0
e2-nio-50,binary,50,bot_83,3333,w,53,11.1,25,75.57,78,2.43,0
e2-nio-50,binary,50,bot_83,3333,w,55,10.13,25,78.61,75,-3.61,0
e2-nio-50,binary,50,bot_83,3333,w,57,4.95,25,56.36,49,-7.36,0
e2-nio-50,binary,50,bot_83,3333,w,59,8.65,25,86.29,77,-9.29,0
e2-nio-50,binary,50,bot_84,3333,b,2,38.37,25,75.55,97,21.45,0
e2-nio-50,binary,50,bot_84,3333,b,4,37.27,25,76.32,94,17.68,0
e2-nio-50,binary,50,bot_84,3333,b,6,50.04,25,101.69,117,15.31,0
e2-nio-50,binary,50,bot_84,3333,b,8,45.61,25,107.37,121,13.63,0
e2-nio-50,binary,50,bot_84,3333,b,10,30.96,25,109.42,115,5.58,0
e2-nio-50,binary,50,bot_84,3333,b,12,22.35,25,114.87,116,1.13,0
e2-nio-50,binary,50,bot_84,3333,b,14,20.16,25,127.64,126,-1.64,0
e2-nio-50,binary,50,bot_84,3333,b,16,22.64,25,138.1,131,-7.1,0
e2-nio-50,binary,50,bot_84,3333,b,18,16.89,25,133.92,129,-4.92,0
e2-nio-50,binary,50,bot_84,3333,b,20,8.81,25,100.11,83,-17.11,0
e2-nio-50,binary,50,bot_84,3333,b,22,65.58,25,112.33,96,-16.33,0
e2-nio-50,binary,50,bot_84,3333,b,24,69.52,25,93.28,122,28.72,0
e2-nio-50,binary,50,bot_84,3333,b,26,54.75,25,94.7,120,25.3,0
e2-nio-50,binary,50,bot_84,3333,b,28,32.87,25,105.73,135,29.27,0
e2-nio-50,binary,50,bot_84,3333,b,30,40.21,25,100.9,106,5.1,0
e2-nio-50,binary,50,bot_84,3333,b,32,19.34,25,101.32,102,0.68,0
e2-nio-50,binary,50,bot_84,3333,b,34,15.5,25,82.72,73,-9.72,0
e2-nio-50,binary,50,bot_84,3333,b,36,47.94,25,69.25,96,26.75,0
e2-nio-50,binary,50,bot_84,3333,b,38,38.76,25,59.42,84,24.58,0
e2-nio-50,binary,50,bot_84,3333,b,40,29.98,25,61.55,65,3.45,0
e2-nio-50,binary,50,bot_84,3333,b,42,17.61,25,59.03,46,-13.03,0
e2-nio-50,binary,50,bot_84,3333,b,44,20.76,25,78.8,68,-10.8,0
e2-nio-50,binary,50,bot_84,3333,b,46,37.49,25,75.26,68,-7.26,0
e2-nio-50,binary,50,bot_84,3333,b,48,24.8,25,74.29,63,-11.29,0
e2-nio-50,binary,50,bot_84,3333,b,50,13.04,25,68.52,54,-14.52,0
e2-nio-50,binary,50,bot_84,3333,b,52,16.43,25,65.79,43,-22.79,0
e2-nio-50,binary,50,bot_84,3333,b,54,10.77,25,68.38,50,-18.38,0
e2-nio-50,binary,50,bot_84,3333,b,56,6.96,25,58.19,38,-20.19,0
e2-nio-50,binary,50,bot_84,3333,b,58,5.7,25,73.38,49,-24.37,0
e2-nio-50,binary,50,bot_84,3333,b,60,7.09,25,79.21,64,-15.21,0
e2-nio-50,binary,50,bot_85,3334,w,1,39.18,25,75.28,106,30.72,0
e2-nio-50,binary,50,bot_85,3334,w,3,37.82,25,75.95,92,16.05,0
e2-nio-50,binary,50,bot_85,3334,w,5,52.67,25,98.86,115,16.14,0
e2-nio-50,binary,50,bot_85,3334,w,7,47.55,25,105.19,118,12.81,0
e2-nio-50,binary,50,bot_85,3334,w,9,32.85,25,107.95,114,6.05,0
e2-nio-50,binary,50,bot_85,3334,w,11,23.32,25,113.94,115,1.06,0
e2-nio-50,binary,50,bot_85,3334,w,13,20.48,25,127.1,126,-1.1,0
e2-nio-50,binary,50,bot_85,3334,w,15,24,25,138.13,134,-4.13,0
e2-nio-50,binary,50,bot_85,3334,w,17,15.13,25,135.57,128,-7.57,0
e2-nio-50,binary,50,bot_85,3334,w,19,7.13,25,101.71,81,-20.71,0
e2-nio-50,binary,50,bot_85,3334,w,21,57.23,25,68.09,99,30.91,0
e2-nio-50,binary,50,bot_85,3334,w,23,68.02,25,94.84,120,25.16,0
e2-nio-50,binary,50,bot_85,3334,w,25,53.18,25,96.26,118,21.74,0
e2-nio-50,binary,50,bot_85,3334,w,27,30.47,25,108.01,132,23.99,0
e2-nio-50,binary,50,bot_85,3334,w,29,37.81,25,103.27,104,0.73,0
e2-nio-50,binary,50,bot_85,3334,w,31,17,25,103.5,100,-3.5,0
e2-nio-50,binary,50,bot_85,3334,w,33,13.47,25,84.8,71,-13.8,0
e2-nio-50,binary,50,bot_85,3334,w,35,45.22,25,71.93,95,23.07,0
e2-nio-50,binary,50,bot_85,3334,w,37,33.76,25,64.32,83,18.68,0
e2-nio-50,binary,50,bot_85,3334,w,39,27.71,25,63.87,63,-0.87,0
e2-nio-50,binary,50,bot_85,3334,w,41,15.51,25,61.12,43,-18.12,0
e2-nio-50,binary,50,bot_85,3334,w,43,18.75,25,80.75,66,-14.75,0
e2-nio-50,binary,50,bot_85,3334,w,45,34.04,25,78.73,70,-8.73,0
e2-nio-50,binary,50,bot_85,3334,w,47,22.05,25,77.07,61,-16.07,0
e2-nio-50,binary,50,bot_85,3334,w,49,9.32,25,72.33,53,-19.33,0
e2-nio-50,binary,50,bot_85,3334,w,51,15.06,25,67.19,43,-24.19,0
e2-nio-50,binary,50,bot_85,3334,w,53,9.23,25,69.85,46,-23.85,0
e2-nio-50,binary,50,bot_85,3334,w,55,4.38,25,60.72,36,-24.72,0
e2-nio-50,binary,50,bot_85,3334,w,57,3.22,25,75.68,47,-28.68,0
e2-nio-50,binary,50,bot_85,3334,w,59,5.39,25,78.98,60,-18.98,0
e2-nio-50,binary,50,bot_86,3334,b,2,43.73,25,81.07,89,7.93,0
e2-nio-50,binary,50,bot_86,3334,b,4,43.08,25,90.74,99,8.26,0
e2-nio-50,binary,50,bot_86,3334,b,6,40.42,25,90.87,113,22.13,0
e2-nio-50,binary,50,bot_86,3334,b,8,34.29,25,112.52,131,18.48,0
e2-nio-50,binary,50,bot_86,3334,b,10,29.04,25,88.93,92,3.07,0
e2-nio-50,binary,50,bot_86,3334,b,12,26.08,25,141.1,136,-5.1,0
e2-nio-50,binary,50,bot_86,3334,b,14,22.89,25,147.48,138,-9.48,0
e2-nio-50,binary,50,bot_86,3334,b,16,22.31,25,167.3,159,-8.3,0
e2-nio-50,binary,50,bot_86,3334,b,18,9.52,25,123.57,106,-17.57,0
e2-nio-50,binary,50,bot_86,3334,b,20,61.73,25,135.31,111,-24.31,0
e2-nio-50,binary,50,bot_86,3334,b,22,55.06,25,103.49,127,23.51,0
e2-nio-50,binary,50,bot_86,3334,b,24,52.05,25,110.73,146,35.27,0
e2-nio-50,binary,50,bot_86,3334,b,26,56.13,25,110.77,131,20.23,0
e2-nio-50,binary,50,bot_86,3334,b,28,31.75,25,89.13,87,-2.13,0
e2-nio-50,binary,50,bot_86,3334,b,30,28.62,25,100.86,106,5.14,0
e2-nio-50,binary,50,bot_86,3334,b,32,17.66,25,93.96,79,-14.96,0
e2-nio-50,binary,50,bot_86,3334,b,34,53.56,25,123.1,103,-20.1,0
e2-nio-50,binary,50,bot_86,3334,b,36,50.24,25,77.22,89,11.78,0
e2-nio-50,binary,50,bot_86,3334,b,38,30.38,25,59.25,60,0.75,0
e2-nio-50,binary,50,bot_86,3334,b,40,13.57,25,68.87,64,-4.87,0
e2-nio-50,binary,50,bot_86,3334,b,42,16.72,25,70.03,53,-17.03,0
e2-nio-50,binary,50,bot_86,3334,b,44,21.91,25,68.57,55,-13.57,0
e2-nio-50,binary,50,bot_86,3334,b,46,15.88,25,85.77,88,2.23,0
e2-nio-50,binary,50,bot_86,3334,b,48,12.44,25,81.48,72,-9.48,0
e2-nio-50,binary,50,bot_86,3334,b,50,6.57,25,63.04,39,-24.04,0
e2-nio-50,binary,50,bot_86,3334,b,52,6.7,25,80.14,62,-18.14,0
e2-nio-50,binary,50,bot_86,3334,b,54,5.81,25,83.11,60,-23.11,0
e2-nio-50,binary,50,bot_86,3334,b,56,2.75,25,58.82,30,-28.82,0
e2-nio-50,binary,50,bot_86,3334,b,58,7.37,25,90.56,61,-29.56,0
e2-nio-50,binary,50,bot_86,3334,b,60,2.56,25,71.1,52,-19.1,0
e2-nio-50,binary,50,bot_87,3335,w,1,51.16,25,76.87,106,29.13,0
e2-nio-50,binary,50,bot_87,3335,w,3,48.54,25,87.47,107,19.53,0
e2-nio-50,binary,50,bot_87,3335,w,5,44.44,25,92.43,100,7.57,0
e2-nio-50,binary,50,bot_87,3335,w,7,39.79,25,87.08,107,19.92,0
e2-nio-50,binary,50,bot_87,3335,w,9,31.66,25,95.73,93,-2.73,0
e2-nio-50,binary,50,bot_87,3335,w,11,35.13,25,125.59,135,9.41,0
e2-nio-50,binary,50,bot_87,3335,w,13,25.17,25,128.23,133,4.77,0
e2-nio-50,binary,50,bot_87,3335,w,15,19.54,25,152,144,-8,0
e2-nio-50,binary,50,bot_87,3335,w,17,12.65,25,112.97,102,-10.97,0
e2-nio-50,binary,50,bot_87,3335,w,19,8.46,25,133.21,111,-22.21,0
e2-nio-50,binary,50,bot_87,3335,w,21,78.35,25,78.56,132,53.44,0
e2-nio-50,binary,50,bot_87,3335,w,23,59.77,25,92.24,136,43.76,0
e2-nio-50,binary,50,bot_87,3335,w,25,55.42,25,110.36,142,31.64,0
e2-nio-50,binary,50,bot_87,3335,w,27,48.9,25,76.26,94,17.74,0
e2-nio-50,binary,50,bot_87,3335,w,29,38.14,25,90.79,94,3.21,0
e2-nio-50,binary,50,bot_87,3335,w,31,25.69,25,78.78,74,-4.78,0
e2-nio-50,binary,50,bot_87,3335,w,33,46.3,25,126.39,99,-27.39,0
e2-nio-50,binary,50,bot_87,3335,w,35,33.88,25,98.99,99,0.01,0
e2-nio-50,binary,50,bot_87,3335,w,37,14.31,25,57.72,52,-5.72,0
e2-nio-50,binary,50,bot_87,3335,w,39,12.92,25,69.05,55,-14.05,0
e2-nio-50,binary,50,bot_87,3335,w,41,19.51,25,76.22,61,-15.22,0
e2-nio-50,binary,50,bot_87,3335,w,43,7.93,25,81.99,60,-21.99,0
e2-nio-50,binary,50,bot_87,3335,w,45,3.9,25,95.09,65,-30.09,0
e2-nio-50,binary,50,bot_87,3335,w,47,10.1,25,79.83,57,-22.83,0
e2-nio-50,binary,50,bot_87,3335,w,49,5.39,25,64.37,37,-27.37,0
e2-nio-50,binary,50,bot_87,3335,w,51,5.6,25,79.01,52,-27.01,0
e2-nio-50,binary,50,bot_87,3335,w,53,5.1,25,80.01,51,-29.01,0
e2-nio-50,binary,50,bot_87,3335,w,55,5.39,25,79.29,52,-27.29,0
e2-nio-50,binary,50,bot_87,3335,w,57,9.07,25,77.85,71,-6.85,0
e2-nio-50,binary,50,bot_87,3335,w,59,2.96,25,61.36,42,-19.36,0
e2-nio-50,binary,50,bot_88,3335,b,2,50.67,25,67.04,91,23.96,0
e2-nio-50,binary,50,bot_88,3335,b,4,38.43,25,104.56,125,20.44,0
e2-nio-50,binary,50,bot_88,3335,b,6,49.93,25,119.17,135,15.83,0
e2-nio-50,binary,50,bot_88,3335,b,8,28.21,25,100.34,113,12.66,0
e2-nio-50,binary,50,bot_88,3335,b,10,42.17,25,112.9,117,4.1,0
e2-nio-50,binary,50,bot_88,3335,b,12,35.71,25,133.28,141,7.72,0
e2-nio-50,binary,50,bot_88,3335,b,14,25.89,25,148.77,142,-6.77,0
e2-nio-50,binary,50,bot_88,3335,b,16,22.8,25,123.79,114,-9.79,0
e2-nio-50,binary,50,bot_88,3335,b,18,10.75,25,101.07,83,-18.07,0
e2-nio-50,binary,50,bot_88,3335,b,20,86.61,25,119.04,98,-21.04,0
e2-nio-50,binary,50,bot_88,3335,b,22,76.89,25,89.6,137,47.4,0
e2-nio-50,binary,50,bot_88,3335,b,24,65.47,25,87.62,116,28.38,0
e2-nio-50,binary,50,bot_88,3335,b,26,51.48,25,74.91,100,25.09,0
e2-nio-50,binary,50,bot_88,3335,b,28,37.46,25,95.87,114,18.13,0
e2-nio-50,binary,50,bot_88,3335,b,30,29.68,25,84.01,91,6.99,0
e2-nio-50,binary,50,bot_88,3335,b,32,7.75,25,88.15,84,-4.15,0
e2-nio-50,binary,50,bot_88,3335,b,34,34.63,25,79.84,95,15.16,0
e2-nio-50,binary,50,bot_88,3335,b,36,29.24,25,65.72,69,3.28,0
e2-nio-50,binary,50,bot_88,3335,b,38,19.15,25,85.89,70,-15.89,0
e2-nio-50,binary,50,bot_88,3335,b,40,19.23,25,81.17,63,-18.17,0
e2-nio-50,binary,50,bot_88,3335,b,42,11.08,25,75.44,63,-12.44,0
e2-nio-50,binary,50,bot_88,3335,b,44,3.75,25,82.63,60,-22.63,0
e2-nio-50,binary,50,bot_88,3335,b,46,11.42,25,98.19,71,-27.19,0
e2-nio-50,binary,50,bot_88,3335,b,48,6.54,25,71.72,50,-21.72,0
e2-nio-50,binary,50,bot_88,3335,b,50,7.76,25,71.88,47,-24.88,0
e2-nio-50,binary,50,bot_88,3335,b,52,5.69,25,71.73,47,-24.73,0
e2-nio-50,binary,50,bot_88,3335,b,54,6.69,25,83.69,58,-25.69,0
e2-nio-50,binary,50,bot_88,3335,b,56,19.96,25,82.63,57,-25.63,0
e2-nio-50,binary,50,bot_88,3335,b,58,8.46,25,66.31,50,-16.31,0
e2-nio-50,binary,50,bot_88,3335,b,60,2.64,25,76.63,54,-22.63,0
e2-nio-50,binary,50,bot_89,3336,w,1,53.53,25,63.97,99,35.03,0
e2-nio-50,binary,50,bot_89,3336,w,3,41.37,25,102.17,126,23.83,0
e2-nio-50,binary,50,bot_89,3336,w,5,60.6,25,109.22,129,19.78,0
e2-nio-50,binary,50,bot_89,3336,w,7,34.48,25,94.96,111,16.04,0
e2-nio-50,binary,50,bot_89,3336,w,9,52.04,25,103.07,109,5.93,0
e2-nio-50,binary,50,bot_89,3336,w,11,46.53,25,122.13,134,11.87,0
e2-nio-50,binary,50,bot_89,3336,w,13,35,25,139.31,138,-1.31,0
e2-nio-50,binary,50,bot_89,3336,w,15,31.16,25,115.45,108,-7.45,0
e2-nio-50,binary,50,bot_89,3336,w,17,15.68,25,96.18,82,-14.18,0
e2-nio-50,binary,50,bot_89,3336,w,19,11.48,25,113.64,94,-19.64,0
e2-nio-50,binary,50,bot_89,3336,w,21,14.1,25,152.35,134,-18.35,0
e2-nio-50,binary,50,bot_89,3336,w,23,70.32,25,82.95,129,46.05,0
e2-nio-50,binary,50,bot_89,3336,w,25,56.85,25,69.98,102,32.02,0
e2-nio-50,binary,50,bot_89,3336,w,27,39.44,25,94.36,116,21.64,0
e2-nio-50,binary,50,bot_89,3336,w,29,33.22,25,80.38,89,8.62,0
e2-nio-50,binary,50,bot_89,3336,w,31,11.62,25,83.96,79,-4.96,0
e2-nio-50,binary,50,bot_89,3336,w,33,42.6,25,108.4,88,-20.4,0
e2-nio-50,binary,50,bot_89,3336,w,35,31.82,25,62.66,65,2.34,0
e2-nio-50,binary,50,bot_89,3336,w,37,20.84,25,84.79,70,-14.79,0
e2-nio-50,binary,50,bot_89,3336,w,39,21.9,25,77.87,59,-18.87,0
e2-nio-50,binary,50,bot_89,3336,w,41,12.88,25,73.46,62,-11.46,0
e2-nio-50,binary,50,bot_89,3336,w,43,7.7,25,78.53,55,-23.53,0
e2-nio-50,binary,50,bot_89,3336,w,45,7.22,25,94.8,70,-24.8,0
e2-nio-50,binary,50,bot_89,3336,w,47,9.18,25,69.42,51,-18.42,0
e2-nio-50,binary,50,bot_89,3336,w,49,12.18,25,70.07,44,-26.07,0
e2-nio-50,binary,50,bot_89,3336,w,51,8.17,25,69.48,47,-22.48,0
e2-nio-50,binary,50,bot_89,3336,w,53,9.34,25,81.25,57,-24.25,0
e2-nio-50,binary,50,bot_89,3336,w,55,22.87,25,79.83,58,-21.83,0
e2-nio-50,binary,50,bot_89,3336,w,57,6.93,25,62.11,48,-14.11,0
e2-nio-50,binary,50,bot_89,3336,w,59,5.31,25,74.18,54,-20.18,0
e2-nio-50,binary,50,bot_90,3336,b,2,53.91,25,81.94,102,20.06,0
e2-nio-50,binary,50,bot_90,3336,b,4,49.75,25,86.37,94,7.63,0
e2-nio-50,binary,50,bot_90,3336,b,6,44.84,25,81.38,108,26.62,0
e2-nio-50,binary,50,bot_90,3336,b,8,36.27,25,90.75,92,1.25,0
e2-nio-50,binary,50,bot_90,3336,b,10,40.68,25,120.48,140,19.52,0
e2-nio-50,binary,50,bot_90,3336,b,12,31.29,25,122.08,137,14.92,0
e2-nio-50,binary,50,bot_90,3336,b,14,24.68,25,147.31,147,-0.31,0
e2-nio-50,binary,50,bot_90,3336,b,16,17.46,25,108.17,105,-3.17,0
e2-nio-50,binary,50,bot_90,3336,b,18,13.4,25,128.23,110,-18.23,0
e2-nio-50,binary,50,bot_90,3336,b,20,12.13,25,146.31,123,-23.31,0
e2-nio-50,binary,50,bot_90,3336,b,22,78.56,25,151.9,130,-21.9,0
e2-nio-50,binary,50,bot_90,3336,b,24,65.02,25,100.5,137,36.5,0
e2-nio-50,binary,50,bot_90,3336,b,26,54.66,25,70.58,93,22.42,0
e2-nio-50,binary,50,bot_90,3336,b,28,39.97,25,89.04,93,3.96,0
e2-nio-50,binary,50,bot_90,3336,b,30,26.81,25,77.7,75,-2.7,0
e2-nio-50,binary,50,bot_90,3336,b,32,11.85,25,124.29,101,-23.29,0
e2-nio-50,binary,50,bot_90,3336,b,34,35.94,25,97.04,106,8.96,0
e2-nio-50,binary,50,bot_90,3336,b,36,16.78,25,55.6,53,-2.6,0
e2-nio-50,binary,50,bot_90,3336,b,38,13.89,25,68.11,54,-14.11,0
e2-nio-50,binary,50,bot_90,3336,b,40,20.59,25,75.43,62,-13.43,0
e2-nio-50,binary,50,bot_90,3336,b,42,9.27,25,80.93,60,-20.93,0
e2-nio-50,binary,50,bot_90,3336,b,44,6.91,25,92.11,66,-26.11,0
e2-nio-50,binary,50,bot_90,3336,b,46,14.51,25,82.9,56,-26.9,0
e2-nio-50,binary,50,bot_90,3336,b,48,6.57,25,60.81,35,-25.81,0
e2-nio-50,binary,50,bot_90,3336,b,50,8.97,25,75.57,53,-22.57,0
e2-nio-50,binary,50,bot_90,3336,b,52,8.13,25,76.92,50,-26.92,0
e2-nio-50,binary,50,bot_90,3336,b,54,10.23,25,74.37,49,-25.37,0
e2-nio-50,binary,50,bot_90,3336,b,56,12.65,25,73.92,69,-4.92,0
e2-nio-50,binary,50,bot_90,3336,b,58,6.29,25,63.9,44,-19.9,0
e2-nio-50,binary,50,bot_90,3336,b,60,4.52,25,65.77,43,-22.77,0
e2-nio-50,binary,50,bot_91,3337,w,1,68.52,25,83.2,123,39.8,0
e2-nio-50,binary,50,bot_91,3337,w,3,61.3,25,90.5,120,29.5,0
e2-nio-50,binary,50,bot_91,3337,w,5,49.4,25,92.54,110,17.46,0
e2-nio-50,binary,50,bot_91,3337,w,7,39.46,25,98.08,113,14.92,0
e2-nio-50,binary,50,bot_91,3337,w,9,31.34,25,116.8,134,17.2,0
e2-nio-50,binary,50,bot_91,3337,w,11,39.24,25,125.65,140,14.35,0
e2-nio-50,binary,50,bot_91,3337,w,13,13.4,25,137.11,127,-10.11,0
e2-nio-50,binary,50,bot_91,3337,w,15,62.07,25,102.43,81,-21.43,0
e2-nio-50,binary,50,bot_91,3337,w,17,55.85,25,69.43,90,20.57,0
e2-nio-50,binary,50,bot_91,3337,w,19,65.99,25,96.89,120,23.11,0
e2-nio-50,binary,50,bot_91,3337,w,21,51.01,25,98.47,118,19.53,0
e2-nio-50,binary,50,bot_91,3337,w,23,27.55,25,110.77,135,24.23,0
e2-nio-50,binary,50,bot_91,3337,w,25,35.3,25,105.8,106,0.2,0
e2-nio-50,binary,50,bot_91,3337,w,27,15.56,25,104.71,100,-4.71,0
e2-nio-50,binary,50,bot_91,3337,w,29,12.21,25,86.12,71,-15.12,0
e2-nio-50,binary,50,bot_91,3337,w,31,43.75,25,73.32,93,19.68,0
e2-nio-50,binary,50,bot_91,3337,w,33,32.66,25,65.39,83,17.61,0
e2-nio-50,binary,50,bot_91,3337,w,35,27.03,25,64.67,63,-1.67,0
e2-nio-50,binary,50,bot_91,3337,w,37,14.2,25,62.41,44,-18.41,0
e2-nio-50,binary,50,bot_91,3337,w,39,17.49,25,81.87,65,-16.87,0
e2-nio-50,binary,50,bot_91,3337,w,41,31.67,25,81.07,67,-14.07,0
e2-nio-50,binary,50,bot_91,3337,w,43,20.3,25,78.87,61,-17.87,0
e2-nio-50,binary,50,bot_91,3337,w,45,8.32,25,73.48,54,-19.48,0
e2-nio-50,binary,50,bot_91,3337,w,47,13.95,25,68.44,44,-24.44,0
e2-nio-50,binary,50,bot_91,3337,w,49,7.81,25,71.28,47,-24.28,0
e2-nio-50,binary,50,bot_91,3337,w,51,1.74,25,63.36,38,-25.36,0
e2-nio-50,binary,50,bot_91,3337,w,53,1.53,25,77.75,49,-28.75,0
e2-nio-50,binary,50,bot_91,3337,w,55,3.78,25,80.23,57,-23.23,0
e2-nio-50,binary,50,bot_91,3337,w,57,1.35,25,62.41,40,-22.41,0
e2-nio-50,binary,50,bot_91,3337,w,59,5.83,25,68.27,46,-22.27,0
e2-nio-50,binary,50,bot_92,3337,b,2,55.89,25,76.23,112,35.77,0
e2-nio-50,binary,50,bot_92,3337,b,4,45.19,25,101.48,129,27.52,0
e2-nio-50,binary,50,bot_92,3337,b,6,41.64,25,76.26,92,15.74,0
e2-nio-50,binary,50,bot_92,3337,b,8,45.28,25,120.55,126,5.45,0
e2-nio-50,binary,50,bot_92,3337,b,10,40.38,25,129.95,128,-1.95,0
e2-nio-50,binary,50,bot_92,3337,b,12,20.64,25,168.62,172,3.38,0
e2-nio-50,binary,50,bot_92,3337,b,14,8.39,25,124.72,103,-21.72,0
e2-nio-50,binary,50,bot_92,3337,b,16,51.28,25,90.05,117,26.95,0
e2-nio-50,binary,50,bot_92,3337,b,18,52.92,25,105.66,126,20.34,0
e2-nio-50,binary,50,bot_92,3337,b,20,51.3,25,111.4,141,29.6,0
e2-nio-50,binary,50,bot_92,3337,b,22,54.77,25,111.96,128,16.04,0
e2-nio-50,binary,50,bot_92,3337,b,24,30.6,25,90.38,82,-8.37,0
e2-nio-50,binary,50,bot_92,3337,b,26,27.19,25,102.24,102,-0.24,0
e2-nio-50,binary,50,bot_92,3337,b,28,15.4,25,96.29,77,-19.29,0
e2-nio-50,binary,50,bot_92,3337,b,30,50.75,25,125.97,102,-23.97,0
e2-nio-50,binary,50,bot_92,3337,b,32,47.85,25,79.68,89,9.32,0
e2-nio-50,binary,50,bot_92,3337,b,34,28.54,25,60.95,58,-2.95,0
e2-nio-50,binary,50,bot_92,3337,b,36,11.53,25,70.8,61,-9.8,0
e2-nio-50,binary,50,bot_92,3337,b,38,14.03,25,72.9,52,-20.9,0
e2-nio-50,binary,50,bot_92,3337,b,40,17.61,25,73.13,54,-19.13,0
e2-nio-50,binary,50,bot_92,3337,b,42,14.09,25,87.51,84,-3.51,0
e2-nio-50,binary,50,bot_92,3337,b,44,10.15,25,83.75,69,-14.75,0
e2-nio-50,binary,50,bot_92,3337,b,46,5.02,25,64.39,37,-27.39,0
e2-nio-50,binary,50,bot_92,3337,b,48,5.86,25,80.95,59,-21.95,0
e2-nio-50,binary,50,bot_92,3337,b,50,4.9,25,83.9,56,-27.9,0
e2-nio-50,binary,50,bot_92,3337,b,52,1.84,25,59.65,25,-34.65,0
e2-nio-50,binary,50,bot_92,3337,b,54,1.75,25,96.34,63,-33.34,0
e2-nio-50,binary,50,bot_92,3337,b,56,1.63,25,71.8,47,-24.8,0
e2-nio-50,binary,50,bot_92,3337,b,58,1.72,25,77.53,50,-27.53,0
e2-nio-50,binary,50,bot_92,3337,b,60,6.78,25,74.35,51,-23.35,0
e2-nio-50,binary,50,bot_93,3338,w,1,60.62,25,72.14,121,48.86,0
e2-nio-50,binary,50,bot_93,3338,w,3,48.02,25,99.04,131,31.96,0
e2-nio-50,binary,50,bot_93,3338,w,5,45.91,25,72.39,93,20.61,0
e2-nio-50,binary,50,bot_93,3338,w,7,51.12,25,114.23,127,12.77,0
e2-nio-50,binary,50,bot_93,3338,w,9,46.49,25,123.85,126,2.15,0
e2-nio-50,binary,50,bot_93,3338,w,11,18.67,25,170.6,179,8.4,0
e2-nio-50,binary,50,bot_93,3338,w,13,59.41,25,126.29,102,-24.29,0
e2-nio-50,binary,50,bot_93,3338,w,15,48.04,25,93.29,114,20.71,0
e2-nio-50,binary,50,bot_93,3338,w,17,49.79,25,108.74,128,19.26,0
e2-nio-50,binary,50,bot_93,3338,w,19,48.81,25,113.96,144,30.04,0
e2-nio-50,binary,50,bot_93,3338,w,21,51.29,25,115.44,130,14.56,0
e2-nio-50,binary,50,bot_93,3338,w,23,28.17,25,92.94,84,-8.94,0
e2-nio-50,binary,50,bot_93,3338,w,25,24.97,25,104.43,104,-0.43,0
e2-nio-50,binary,50,bot_93,3338,w,27,13.36,25,98.34,78,-20.34,0
e2-nio-50,binary,50,bot_93,3338,w,29,46.8,25,129.94,104,-25.94,0
e2-nio-50,binary,50,bot_93,3338,w,31,44.47,25,83.05,88,4.95,0
e2-nio-50,binary,50,bot_93,3338,w,33,26.66,25,62.76,57,-5.76,0
e2-nio-50,binary,50,bot_93,3338,w,35,9.95,25,72.29,63,-9.29,0
e2-nio-50,binary,50,bot_93,3338,w,37,12,25,74.95,52,-22.95,0
e2-nio-50,binary,50,bot_93,3338,w,39,14.74,25,76.07,55,-21.07,0
e2-nio-50,binary,50,bot_93,3338,w,41,13.24,25,88.25,82,-6.25,0
e2-nio-50,binary,50,bot_93,3338,w,43,6.39,25,87.52,70,-17.52,0
e2-nio-50,binary,50,bot_93,3338,w,45,10.69,25,66.51,37,-29.51,0
e2-nio-50,binary,50,bot_93,3338,w,47,4.06,25,82.75,60,-22.75,0
e2-nio-50,binary,50,bot_93,3338,w,49,20.84,25,86.34,57,-29.34,0
e2-nio-50,binary,50,bot_93,3338,w,51,26.92,25,56.94,45,-11.94,0
e2-nio-50,binary,50,bot_93,3338,w,53,9.87,25,55.86,58,2.14,0
e2-nio-50,binary,50,bot_93,3338,w,55,1.79,25,55.97,36,-19.97,0
e2-nio-50,binary,50,bot_93,3338,w,57,3.27,25,56.72,33,-23.72,0
e2-nio-50,binary,50,bot_93,3338,w,59,4.82,25,76.41,51,-25.41,0
e2-nio-50,binary,50,bot_94,3338,b,2,65.07,25,86.27,113,26.73,0
e2-nio-50,binary,50,bot_94,3338,b,4,54.15,25,87.52,101,13.48,0
e2-nio-50,binary,50,bot_94,3338,b,6,46.5,25,91.11,102,10.89,0
e2-nio-50,binary,50,bot_94,3338,b,8,34.67,25,113.54,129,15.46,0
e2-nio-50,binary,50,bot_94,3338,b,10,43.79,25,122.27,134,11.73,0
e2-nio-50,binary,50,bot_94,3338,b,12,11.26,25,139.03,121,-18.03,0
e2-nio-50,binary,50,bot_94,3338,b,14,55.24,25,56.63,80,23.37,0
e2-nio-50,binary,50,bot_94,3338,b,16,54.68,25,70.72,80,9.28,0
e2-nio-50,binary,50,bot_94,3338,b,18,65.09,25,97.9,112,14.1,0
e2-nio-50,binary,50,bot_94,3338,b,20,49.71,25,99.82,112,12.18,0
e2-nio-50,binary,50,bot_94,3338,b,22,26.67,25,111.38,126,14.62,0
e2-nio-50,binary,50,bot_94,3338,b,24,33.98,25,107,99,-8,0
e2-nio-50,binary,50,bot_94,3338,b,26,13.15,25,107.06,95,-12.06,0
e2-nio-50,binary,50,bot_94,3338,b,28,9.83,25,88.66,65,-23.66,0
e2-nio-50,binary,50,bot_94,3338,b,30,40.55,25,76.45,87,10.55,0
e2-nio-50,binary,50,bot_94,3338,b,32,29.89,25,68.11,76,7.89,0
e2-nio-50,binary,50,bot_94,3338,b,34,25.64,25,66.3,56,-10.3,0
e2-nio-50,binary,50,bot_94,3338,b,36,12.29,25,64.34,38,-26.34,0
e2-nio-50,binary,50,bot_94,3338,b,38,15.08,25,84.12,60,-24.12,0
e2-nio-50,binary,50,bot_94,3338,b,40,28.01,25,84.91,63,-21.91,0
e2-nio-50,binary,50,bot_94,3338,b,42,17.03,25,82.21,60,-22.21,0
e2-nio-50,binary,50,bot_94,3338,b,44,6.79,25,75.03,45,-30.03,0
e2-nio-50,binary,50,bot_94,3338,b,46,12.53,25,62.19,37,-25.19,0
e2-nio-50,binary,50,bot_94,3338,b,48,6.12,25,73.03,40,-33.03,0
e2-nio-50,binary,50,bot_94,3338,b,50,23.31,25,67.78,52,-15.78,0
e2-nio-50,binary,50,bot_94,3338,b,52,38.1,25,64.32,54,-10.32,0
e2-nio-50,binary,50,bot_94,3338,b,54,8.54,25,66.2,47,-19.2,0
e2-nio-50,binary,50,bot_94,3338,b,56,4.42,25,59.43,32,-27.43,0
e2-nio-50,binary,50,bot_94,3338,b,58,2.65,25,57.72,32,-25.72,0
e2-nio-50,binary,50,bot_94,3338,b,60,6.04,25,63.56,40,-23.56,0
e2-nio-50,binary,50,bot_95,3339,w,1,69.79,25,81.66,111,29.34,0
e2-nio-50,binary,50,bot_95,3339,w,3,58.95,25,83.26,95,11.74,0
e2-nio-50,binary,50,bot_95,3339,w,5,51.08,25,86.6,99,12.4,0
e2-nio-50,binary,50,bot_95,3339,w,7,40.45,25,107.96,122,14.04,0
e2-nio-50,binary,50,bot_95,3339,w,9,49.51,25,118.09,130,11.91,0
e2-nio-50,binary,50,bot_95,3339,w,11,67.14,25,141.72,117,-24.72,0
e2-nio-50,binary,50,bot_95,3339,w,13,52.47,25,59.4,69,9.6,0
e2-nio-50,binary,50,bot_95,3339,w,15,50.41,25,75,79,4,0
e2-nio-50,binary,50,bot_95,3339,w,17,61.45,25,101.68,108,6.32,0
e2-nio-50,binary,50,bot_95,3339,w,19,46.96,25,102.62,107,4.38,0
e2-nio-50,binary,50,bot_95,3339,w,21,23.45,25,114.53,119,4.47,0
e2-nio-50,binary,50,bot_95,3339,w,23,30.9,25,110.06,95,-15.06,0
e2-nio-50,binary,50,bot_95,3339,w,25,10.96,25,109.21,91,-18.21,0
e2-nio-50,binary,50,bot_95,3339,w,27,9.48,25,89.01,59,-30.01,0
e2-nio-50,binary,50,bot_95,3339,w,29,38.36,25,78.61,81,2.39,0
e2-nio-50,binary,50,bot_95,3339,w,31,27.43,25,70.51,70,-0.51,0
e2-nio-50,binary,50,bot_95,3339,w,33,23.97,25,68.02,51,-17.02,0
e2-nio-50,binary,50,bot_95,3339,w,35,10.38,25,66.25,33,-33.25,0
e2-nio-50,binary,50,bot_95,3339,w,37,13.16,25,86.03,57,-29.03,0
e2-nio-50,binary,50,bot_95,3339,w,39,23.62,25,89.41,61,-28.41,0
e2-nio-50,binary,50,bot_95,3339,w,41,13.07,25,86.28,58,-28.28,0
e2-nio-50,binary,50,bot_95,3339,w,43,15.24,25,78.22,44,-34.22,0
e2-nio-50,binary,50,bot_95,3339,w,45,11.05,25,63.79,30,-33.79,0
e2-nio-50,binary,50,bot_95,3339,w,47,25.28,25,76.26,39,-37.26,0
e2-nio-50,binary,50,bot_95,3339,w,49,20.14,25,70.92,48,-22.92,0
e2-nio-50,binary,50,bot_95,3339,w,51,35.08,25,67.37,52,-15.37,0
e2-nio-50,binary,50,bot_95,3339,w,53,5.19,25,69.53,44,-25.53,0
e2-nio-50,binary,50,bot_95,3339,w,55,3.29,25,62.91,32,-30.91,0
e2-nio-50,binary,50,bot_95,3339,w,57,1.34,25,58.79,29,-29.79,0
e2-nio-50,binary,50,bot_95,3339,w,59,2.34,25,67.31,38,-29.31,0
e2-nio-50,binary,50,bot_96,3339,b,2,51.92,25,94.99,134,39.01,0
e2-nio-50,binary,50,bot_96,3339,b,4,51.99,25,66.15,94,27.85,0
e2-nio-50,binary,50,bot_96,3339,b,6,55.39,25,109.65,130,20.35,0
e2-nio-50,binary,50,bot_96,3339,b,8,51.64,25,118.42,127,8.58,0
e2-nio-50,binary,50,bot_96,3339,b,10,15.93,25,173.29,187,13.71,0
e2-nio-50,binary,50,bot_96,3339,b,12,51.65,25,75.34,108,32.66,0
e2-nio-50,binary,50,bot_96,3339,b,14,44.85,25,96.52,115,18.48,0
e2-nio-50,binary,50,bot_96,3339,b,16,46.33,25,112.22,127,14.78,0
e2-nio-50,binary,50,bot_96,3339,b,18,46.48,25,116.21,144,27.79,0
e2-nio-50,binary,50,bot_96,3339,b,20,46.93,25,119.7,132,12.3,0
e2-nio-50,binary,50,bot_96,3339,b,22,25.34,25,96.12,84,-12.12,0
e2-nio-50,binary,50,bot_96,3339,b,24,22.14,25,107.13,104,-3.13,0
e2-nio-50,binary,50,bot_96,3339,b,26,11.01,25,100.83,77,-23.83,0
e2-nio-50,binary,50,bot_96,3339,b,28,43.7,25,133.13,107,-26.13,0
e2-nio-50,binary,50,bot_96,3339,b,30,41.06,25,86.52,90,3.48,0
e2-nio-50,binary,50,bot_96,3339,b,32,24.51,25,64.75,58,-6.75,0
e2-nio-50,binary,50,bot_96,3339,b,34,8.17,25,73.86,63,-10.86,0
e2-nio-50,binary,50,bot_96,3339,b,36,11.2,25,75.81,51,-24.81,0
e2-nio-50,binary,50,bot_96,3339,b,38,12.64,25,78.21,56,-22.21,0
e2-nio-50,binary,50,bot_96,3339,b,40,11.76,25,89.45,78,-11.45,0
e2-nio-50,binary,50,bot_96,3339,b,42,6.44,25,87.2,65,-22.2,0
e2-nio-50,binary,50,bot_96,3339,b,44,7.41,25,58.01,38,-20.01,0
e2-nio-50,binary,50,bot_96,3339,b,46,4.24,25,82.37,59,-23.37,0
e2-nio-50,binary,50,bot_96,3339,b,48,18.35,25,66.48,57,-9.48,0
e2-nio-50,binary,50,bot_96,3339,b,50,25.79,25,58.28,44,-14.28,0
e2-nio-50,binary,50,bot_96,3339,b,52,7.21,25,58.73,60,1.27,0
e2-nio-50,binary,50,bot_96,3339,b,54,1.62,25,55.89,35,-20.89,0
e2-nio-50,binary,50,bot_96,3339,b,56,1.68,25,56.69,31,-25.69,0
e2-nio-50,binary,50,bot_96,3339,b,58,2.75,25,77.86,52,-25.86,0
e2-nio-50,binary,50,bot_96,3339,b,60,1.52,25,58.59,33,-25.59,0
e2-nio-50,binary,50,bot_97,3340,w,1,53.09,25,93.63,143,49.37,0
e2-nio-50,binary,50,bot_97,3340,w,3,55.99,25,62.02,91,28.98,0
e2-nio-50,binary,50,bot_97,3340,w,5,64.18,25,100.27,121,20.73,0
e2-nio-50,binary,50,bot_97,3340,w,7,55.92,25,113.74,126,12.26,0
e2-nio-50,binary,50,bot_97,3340,w,9,12.6,25,176.63,197,20.37,0
e2-nio-50,binary,50,bot_97,3340,w,11,49.22,25,77.74,107,29.26,0
e2-nio-50,binary,50,bot_97,3340,w,13,41.66,25,99.77,114,14.23,0
e2-nio-50,binary,50,bot_97,3340,w,15,41.36,25,117.24,130,12.76,0
e2-nio-50,binary,50,bot_97,3340,w,17,43.3,25,119.48,144,24.52,0
e2-nio-50,binary,50,bot_97,3340,w,19,42.34,25,124.35,134,9.65,0
e2-nio-50,binary,50,bot_97,3340,w,21,23.14,25,98.46,84,-14.46,0
e2-nio-50,binary,50,bot_97,3340,w,23,18.2,25,111.06,103,-8.06,0
e2-nio-50,binary,50,bot_97,3340,w,25,8.42,25,103.42,75,-28.42,0
e2-nio-50,binary,50,bot_97,3340,w,27,40.95,25,94.62,106,11.38,0
e2-nio-50,binary,50,bot_97,3340,w,29,35.88,25,91.73,91,-0.73,0
e2-nio-50,binary,50,bot_97,3340,w,31,22.54,25,66.65,54,-12.65,0
e2-nio-50,binary,50,bot_97,3340,w,33,6.85,25,75.04,58,-17.04,0
e2-nio-50,binary,50,bot_97,3340,w,35,9.98,25,77.05,48,-29.05,0
e2-nio-50,binary,50,bot_97,3340,w,37,10.38,25,80.49,53,-27.49,0
e2-nio-50,binary,50,bot_97,3340,w,39,9.54,25,91.59,73,-18.59,0
e2-nio-50,binary,50,bot_97,3340,w,41,34.06,25,89.83,61,-28.83,0
e2-nio-50,binary,50,bot_97,3340,w,43,6.21,25,59.18,29,-30.18,0
e2-nio-50,binary,50,bot_97,3340,w,45,25.93,25,83.71,55,-28.71,0
e2-nio-50,binary,50,bot_97,3340,w,47,16.29,25,68.58,49,-19.58,0
e2-nio-50,binary,50,bot_97,3340,w,49,20.58,25,63.58,42,-21.58,0
e2-nio-50,binary,50,bot_97,3340,w,51,2.53,25,63.4,57,-6.4,0
e2-nio-50,binary,50,bot_97,3340,w,53,8.77,25,56.85,44,-12.85,0
e2-nio-50,binary,50,bot_97,3340,w,55,10.41,25,59.48,47,-12.48,0
e2-nio-50,binary,50,bot_97,3340,w,57,8.45,25,61.41,48,-13.41,0
e2-nio-50,binary,50,bot_97,3340,w,59,1.76,25,54.46,33,-21.46,0
e2-nio-50,binary,50,bot_98,3340,b,2,65.21,25,77.52,98,20.48,0
e2-nio-50,binary,50,bot_98,3340,b,4,55.96,25,81.89,105,23.11,0
e2-nio-50,binary,50,bot_98,3340,b,6,48.64,25,99.96,132,32.04,0
e2-nio-50,binary,50,bot_98,3340,b,8,58.1,25,111.27,134,22.73,0
e2-nio-50,binary,50,bot_98,3340,b,10,66.79,25,142.03,120,-22.03,0
e2-nio-50,binary,50,bot_98,3340,b,12,51.68,25,60.1,74,13.9,0
e2-nio-50,binary,50,bot_98,3340,b,14,48.85,25,76.44,83,6.56,0
e2-nio-50,binary,50,bot_98,3340,b,16,60.72,25,102.58,108,5.42,0
e2-nio-50,binary,50,bot_98,3340,b,18,46.44,25,103.03,111,7.97,0
e2-nio-50,binary,50,bot_98,3340,b,20,22.74,25,114.9,122,7.1,0
e2-nio-50,binary,50,bot_98,3340,b,22,29.57,25,111.19,101,-10.19,0
e2-nio-50,binary,50,bot_98,3340,b,24,8.67,25,111.45,95,-16.45,0
e2-nio-50,binary,50,bot_98,3340,b,26,48.87,25,91.03,65,-26.03,0
e2-nio-50,binary,50,bot_98,3340,b,28,36.37,25,80.48,87,6.52,0
e2-nio-50,binary,50,bot_98,3340,b,30,24.85,25,72.97,74,1.03,0
e2-nio-50,binary,50,bot_98,3340,b,32,21.33,25,70.99,59,-11.99,0
e2-nio-50,binary,50,bot_98,3340,b,34,7.93,25,68.78,41,-27.78,0
e2-nio-50,binary,50,bot_98,3340,b,36,10.22,25,88.9,65,-23.9,0
e2-nio-50,binary,50,bot_98,3340,b,38,18.15,25,95.19,72,-23.19,0
e2-nio-50,binary,50,bot_98,3340,b,40,7.9,25,91.69,66,-25.69,0
e2-nio-50,binary,50,bot_98,3340,b,42,8.38,25,54.72,54,-0.72,0
e2-nio-50,binary,50,bot_98,3340,b,44,8.19,25,66.98,39,-27.98,0
e2-nio-50,binary,50,bot_98,3340,b,46,16.79,25,61.56,53,-8.56,0
e2-nio-50,binary,50,bot_98,3340,b,48,16.37,25,74.62,55,-19.62,0
e2-nio-50,binary,50,bot_98,3340,b,50,30.55,25,72.04,58,-14.04,0
e2-nio-50,binary,50,bot_98,3340,b,52,16.99,25,72.87,47,-25.87,0
e2-nio-50,binary,50,bot_98,3340,b,54,16.83,25,67.49,49,-18.49,0
e2-nio-50,binary,50,bot_98,3340,b,56,14.78,25,70.58,53,-17.58,0
e2-nio-50,binary,50,bot_98,3340,b,58,7.75,25,53.04,34,-19.04,0
e2-nio-50,binary,50,bot_98,3340,b,60,5.31,25,62.91,37,-25.91,0
e2-nio-50,binary,50,bot_99,3341,w,1,66.4,25,76.55,95,18.45,0
e2-nio-50,binary,50,bot_99,3341,w,3,57.38,25,80.44,95,14.56,0
e2-nio-50,binary,50,bot_99,3341,w,5,50.53,25,98.02,122,23.98,0
e2-nio-50,binary,50,bot_99,3341,w,7,60.19,25,109.95,124,14.05,0
e2-nio-50,binary,50,bot_99,3341,w,9,57.93,25,88.28,119,30.72,0
e2-nio-50,binary,50,bot_99,3341,w,11,50.1,25,61.66,68,6.34,0
e2-nio-50,binary,50,bot_99,3341,w,13,46.17,25,79.14,76,-3.14,0
e2-nio-50,binary,50,bot_99,3341,w,15,58.67,25,104.67,102,-2.67,0
e2-nio-50,binary,50,bot_99,3341,w,17,44.76,25,104.76,104,-0.76,0
e2-nio-50,binary,50,bot_99,3341,w,19,20.78,25,116.84,113,-3.84,0
e2-nio-50,binary,50,bot_99,3341,w,21,27.04,25,113.71,92,-21.71,0
e2-nio-50,binary,50,bot_99,3341,w,23,7.51,25,112.76,86,-26.76,0
e2-nio-50,binary,50,bot_99,3341,w,25,38.6,25,55.8,64,8.2,0
e2-nio-50,binary,50,bot_99,3341,w,27,33.52,25,83.35,79,-4.35,0
e2-nio-50,binary,50,bot_99,3341,w,29,22.15,25,75.64,64,-11.64,0
e2-nio-50,binary,50,bot_99,3341,w,31,17.59,25,74.8,51,-23.8,0
e2-nio-50,binary,50,bot_99,3341,w,33,6.38,25,70.6,32,-38.6,0
e2-nio-50,binary,50,bot_99,3341,w,35,7.65,25,91.42,57,-34.42,0
e2-nio-50,binary,50,bot_99,3341,w,37,13.91,25,99.47,64,-35.47,0
e2-nio-50,binary,50,bot_99,3341,w,39,30.31,25,95.29,60,-35.29,0
e2-nio-50,binary,50,bot_99,3341,w,41,6.42,25,56.6,42,-14.6,0
e2-nio-50,binary,50,bot_99,3341,w,43,29.22,25,71.44,33,-38.44,0
e2-nio-50,binary,50,bot_99,3341,w,45,13.19,25,65.06,42,-23.06,0
e2-nio-50,binary,50,bot_99,3341,w,47,13.84,25,77.07,48,-29.07,0
e2-nio-50,binary,50,bot_99,3341,w,49,26.35,25,76.63,52,-24.63,0
e2-nio-50,binary,50,bot_99,3341,w,51,10.94,25,58.12,43,-15.12,0
e2-nio-50,binary,50,bot_99,3341,w,53,10.53,25,73.75,46,-27.75,0
e2-nio-50,binary,50,bot_99,3341,w,55,9.06,25,76.62,52,-24.62,0
e2-nio-50,binary,50,bot_99,3341,w,57,4.32,25,56.42,30,-26.42,0
e2-nio-50,binary,50,bot_99,3341,w,59,1.78,25,66.77,34,-32.77,0
e2-nio-50,binary,50,bot_100,3341,b,2,56.93,25,61.1,85,23.9,0
e2-nio-50,binary,50,bot_100,3341,b,4,67.27,25,97.09,113,15.91,0
e2-nio-50,binary,50,bot_100,3341,b,6,57.38,25,112.28,120,7.72,0
e2-nio-50,binary,50,bot_100,3341,b,8,74.35,25,177.26,194,16.74,0
e2-nio-50,binary,50,bot_100,3341,b,10,48.82,25,77.95,93,15.05,0
e2-nio-50,binary,50,bot_100,3341,b,12,40.76,25,100.69,109,8.31,0
e2-nio-50,binary,50,bot_100,3341,b,14,40.59,25,118.11,122,3.89,0
e2-nio-50,binary,50,bot_100,3341,b,16,42.26,25,120.6,137,16.4,0
e2-nio-50,binary,50,bot_100,3341,b,18,39.73,25,126.93,129,2.07,0
e2-nio-50,binary,50,bot_100,3341,b,20,21.79,25,100.03,78,-22.03,0
e2-nio-50,binary,50,bot_100,3341,b,22,15.93,25,113.51,98,-15.51,0
e2-nio-50,binary,50,bot_100,3341,b,24,51.18,25,105.86,72,-33.86,0
e2-nio-50,binary,50,bot_100,3341,b,26,38.83,25,96.66,92,-4.66,0
e2-nio-50,binary,50,bot_100,3341,b,28,32.36,25,95.32,86,-9.32,0
e2-nio-50,binary,50,bot_100,3341,b,30,19.64,25,69.36,50,-19.36,0
e2-nio-50,binary,50,bot_100,3341,b,32,5.27,25,76.29,50,-26.29,0
e2-nio-50,binary,50,bot_100,3341,b,34,7.51,25,79.33,43,-36.33,0
e2-nio-50,binary,50,bot_100,3341,b,36,7.62,25,83.33,48,-35.33,0
e2-nio-50,binary,50,bot_100,3341,b,38,7.79,25,93.27,64,-29.27,0
e2-nio-50,binary,50,bot_100,3341,b,40,28.69,25,69.1,56,-13.1,0
e2-nio-50,binary,50,bot_100,3341,b,42,5.1,25,60.44,24,-36.44,0
e2-nio-50,binary,50,bot_100,3341,b,44,20.24,25,63.96,51,-12.96,0
e2-nio-50,binary,50,bot_100,3341,b,46,13.81,25,71.26,41,-30.26,0
e2-nio-50,binary,50,bot_100,3341,b,48,18.45,25,65.81,38,-27.81,0
e2-nio-50,binary,50,bot_100,3341,b,50,18.45,25,68.03,62,-6.03,0
e2-nio-50,binary,50,bot_100,3341,b,52,6.27,25,59.21,36,-23.21,0
e2-nio-50,binary,50,bot_100,3341,b,54,8.75,25,61.29,38,-23.29,0
e2-nio-50,binary,50,bot_100,3341,b,56,7.05,25,62.73,38,-24.73,0
e2-nio-50,binary,50,bot_100,3341,b,58,1.58,25,54.9,25,-29.9,0
e2-nio-50,binary,50,bot_100,3341,b,60,1.53,25,53.63,22,-31.63,0
