label,format,games,username,game_id,color,ply,rtt_ms,applied_bytes,warmup
e2-nio-50,binary,50,bot_1,3242,w,1,21.86,25,71.74,69,-2.74,0
e2-nio-50,binary,50,bot_1,3242,w,3,12.91,25,55.68,53,-2.68,0
e2-nio-50,binary,50,bot_1,3242,w,5,11.76,25,59.21,68,8.79,0
e2-nio-50,binary,50,bot_1,3242,w,7,7.93,25,55.58,53,-2.58,0
e2-nio-50,binary,50,bot_1,3242,w,9,10.16,25,67.47,71,3.53,0
e2-nio-50,binary,50,bot_1,3242,w,11,16.71,25,69.04,81,11.96,0
e2-nio-50,binary,50,bot_1,3242,w,13,26.45,25,67.27,88,20.73,0
e2-nio-50,binary,50,bot_1,3242,w,15,6.32,25,61.3,70,8.7,0
e2-nio-50,binary,50,bot_1,3242,w,17,8.74,25,67.57,71,3.43,0
e2-nio-50,binary,50,bot_1,3242,w,19,12.51,25,62.09,60,-2.09,0
e2-nio-50,binary,50,bot_1,3242,w,21,9.44,25,76.93,84,7.07,0
e2-nio-50,binary,50,bot_1,3242,w,23,4.94,25,91.83,93,1.17,0
e2-nio-50,binary,50,bot_1,3242,w,25,23.28,25,67.26,87,19.74,0
e2-nio-50,binary,50,bot_1,3242,w,27,13.71,25,96.45,110,13.55,0
e2-nio-50,binary,50,bot_1,3242,w,29,14.35,25,91.39,108,16.61,0
e2-nio-50,binary,50,bot_1,3242,w,31,8.19,25,91.68,98,6.32,0
e2-nio-50,binary,50,bot_1,3242,w,33,30.81,25,95.69,146,50.31,0
e2-nio-50,binary,50,bot_1,3242,w,35,36.05,25,90.09,128,37.91,0
e2-nio-50,binary,50,bot_1,3242,w,37,68.23,25,94.95,114,19.05,0
e2-nio-50,binary,50,bot_1,3242,w,39,57.94,25,100.91,98,-2.91,0
e2-nio-50,binary,50,bot_1,3242,w,41,58.68,25,80.84,126,45.16,0
e2-nio-50,binary,50,bot_1,3242,w,43,54.87,25,83.6,127,43.4,0
e2-nio-50,binary,50,bot_1,3242,w,45,50.9,25,104.83,152,47.17,0
e2-nio-50,binary,50,bot_1,3242,w,47,30.89,25,86.43,114,27.57,0
e2-nio-50,binary,50,bot_1,3242,w,49,35.15,25,131.99,153,21.01,0
e2-nio-50,binary,50,bot_1,3242,w,51,22.26,25,141.38,169,27.62,0
e2-nio-50,binary,50,bot_1,3242,w,53,24.48,25,117.64,138,20.36,0
e2-nio-50,binary,50,bot_1,3242,w,55,25.26,25,160.47,174,13.53,0
e2-nio-50,binary,50,bot_1,3242,w,57,13.45,25,112.61,121,8.39,0
e2-nio-50,binary,50,bot_1,3242,w,59,89.51,25,174.68,178,3.32,0
e2-nio-50,binary,50,bot_2,3242,b,2,59.9,25,62.91,113,50.09,0
e2-nio-50,binary,50,bot_2,3242,b,4,18.07,25,65.41,69,3.59,0
e2-nio-50,binary,50,bot_2,3242,b,6,7.69,25,50.53,56,5.47,0
e2-nio-50,binary,50,bot_2,3242,b,8,11.42,25,62.87,62,-0.87,0
e2-nio-50,binary,50,bot_2,3242,b,10,19.54,25,70.93,73,2.07,0
e2-nio-50,binary,50,bot_2,3242,b,12,28.52,25,59.59,68,8.41,0
e2-nio-50,binary,50,bot_2,3242,b,14,16.52,25,72.22,91,18.78,0
e2-nio-50,binary,50,bot_2,3242,b,16,10.11,25,65.18,64,-1.18,0
e2-nio-50,binary,50,bot_2,3242,b,18,5.75,25,60.61,60,-0.61,0
e2-nio-50,binary,50,bot_2,3242,b,20,14.67,25,62.56,67,4.44,0
e2-nio-50,binary,50,bot_2,3242,b,22,8.58,25,65.56,67,1.44,0
e2-nio-50,binary,50,bot_2,3242,b,24,27,25,60.07,81,20.93,0
e2-nio-50,binary,50,bot_2,3242,b,26,21.1,25,75.36,91,15.64,0
e2-nio-50,binary,50,bot_2,3242,b,28,24.47,25,72.49,78,5.51,0
e2-nio-50,binary,50,bot_2,3242,b,30,14.32,25,92.97,100,7.03,0
e2-nio-50,binary,50,bot_2,3242,b,32,56.92,25,90.36,90,-0.36,0
e2-nio-50,binary,50,bot_2,3242,b,34,46.78,25,88.01,111,22.99,0
e2-nio-50,binary,50,bot_2,3242,b,36,28.54,25,107.27,135,27.73,0
e2-nio-50,binary,50,bot_2,3242,b,38,3.11,25,52.31,112,59.69,0
e2-nio-50,binary,50,bot_2,3242,b,40,51.99,25,84.85,134,49.15,0
e2-nio-50,binary,50,bot_2,3242,b,42,51.21,25,98.34,149,50.66,0
e2-nio-50,binary,50,bot_2,3242,b,44,54.52,25,105.44,153,47.56,0
e2-nio-50,binary,50,bot_2,3242,b,46,36.18,25,112.75,157,44.25,0
e2-nio-50,binary,50,bot_2,3242,b,48,29.18,25,97.21,120,22.79,0
e2-nio-50,binary,50,bot_2,3242,b,50,34.11,25,136.11,164,27.89,0
e2-nio-50,binary,50,bot_2,3242,b,52,27.3,25,103.08,117,13.92,0
e2-nio-50,binary,50,bot_2,3242,b,54,20.45,25,151.8,168,16.2,0
e2-nio-50,binary,50,bot_2,3242,b,56,14.45,25,143.01,161,17.99,0
e2-nio-50,binary,50,bot_2,3242,b,58,10.49,25,159.18,164,4.82,0
e2-nio-50,binary,50,bot_2,3242,b,60,61.03,25,106.17,189,82.83,0
e2-nio-50,binary,50,bot_3,3243,w,1,15.71,25,64.1,59,-5.1,0
e2-nio-50,binary,50,bot_3,3243,w,3,10.06,25,63.75,57,-6.75,0
e2-nio-50,binary,50,bot_3,3243,w,5,5.91,25,65.16,64,-1.16,0
e2-nio-50,binary,50,bot_3,3243,w,7,2.97,25,61.1,52,-9.1,0
e2-nio-50,binary,50,bot_3,3243,w,9,4.95,25,72.01,68,-4.01,0
e2-nio-50,binary,50,bot_3,3243,w,11,9.92,25,75.46,78,2.54,0
e2-nio-50,binary,50,bot_3,3243,w,13,13.02,25,80,92,12,0
e2-nio-50,binary,50,bot_3,3243,w,15,3.19,25,73.68,74,0.32,0
e2-nio-50,binary,50,bot_3,3243,w,17,9.29,25,62.01,67,4.99,0
e2-nio-50,binary,50,bot_3,3243,w,19,5.31,25,59.12,57,-2.12,0
e2-nio-50,binary,50,bot_3,3243,w,21,18.44,25,75.68,83,7.32,0
e2-nio-50,binary,50,bot_3,3243,w,23,14.5,25,71.57,87,15.43,0
e2-nio-50,binary,50,bot_3,3243,w,25,12.72,25,77.68,81,3.32,0
e2-nio-50,binary,50,bot_3,3243,w,27,5.69,25,103.58,106,2.42,0
e2-nio-50,binary,50,bot_3,3243,w,29,44.14,25,69.15,106,36.85,0
e2-nio-50,binary,50,bot_3,3243,w,31,27,25,63.5,92,28.5,0
e2-nio-50,binary,50,bot_3,3243,w,33,19.83,25,106.3,128,21.7,0
e2-nio-50,binary,50,bot_3,3243,w,35,23.41,25,102.73,123,20.27,0
e2-nio-50,binary,50,bot_3,3243,w,37,48.05,25,113.87,117,3.13,0
e2-nio-50,binary,50,bot_3,3243,w,39,37.81,25,73.38,105,31.63,0
e2-nio-50,binary,50,bot_3,3243,w,41,40.76,25,99.26,133,33.74,0
e2-nio-50,binary,50,bot_3,3243,w,43,44.11,25,94.84,125,30.16,0
e2-nio-50,binary,50,bot_3,3243,w,45,31.99,25,123.53,154,30.47,0
e2-nio-50,binary,50,bot_3,3243,w,47,20.53,25,95.67,111,15.33,0
e2-nio-50,binary,50,bot_3,3243,w,49,23.5,25,143.72,154,10.28,0
e2-nio-50,binary,50,bot_3,3243,w,51,13.57,25,150.4,162,11.6,0
e2-nio-50,binary,50,bot_3,3243,w,53,12.73,25,129.76,140,10.24,0
e2-nio-50,binary,50,bot_3,3243,w,55,87.63,25,175.07,174,-1.07,0
e2-nio-50,binary,50,bot_3,3243,w,57,68.05,25,83.47,124,40.53,0
e2-nio-50,binary,50,bot_3,3243,w,59,63.62,25,129.17,183,53.83,0
e2-nio-50,binary,50,bot_4,3243,b,2,70.12,25,56.97,116,59.03,0
e2-nio-50,binary,50,bot_4,3243,b,4,8.91,25,68.21,72,3.79,0
e2-nio-50,binary,50,bot_4,3243,b,6,2.53,25,55.6,55,-0.6,0
e2-nio-50,binary,50,bot_4,3243,b,8,5.29,25,68.29,66,-2.29,0
e2-nio-50,binary,50,bot_4,3243,b,10,11.71,25,78.98,78,-0.98,0
e2-nio-50,binary,50,bot_4,3243,b,12,21.4,25,67.82,71,3.18,0
e2-nio-50,binary,50,bot_4,3243,b,14,9.9,25,78.7,85,6.3,0
e2-nio-50,binary,50,bot_4,3243,b,16,15,25,68.8,67,-1.8,0
e2-nio-50,binary,50,bot_4,3243,b,18,6.58,25,58.91,63,4.09,0
e2-nio-50,binary,50,bot_4,3243,b,20,16.6,25,71.01,70,-1.01,0
e2-nio-50,binary,50,bot_4,3243,b,22,24.64,25,64.95,77,12.05,0
e2-nio-50,binary,50,bot_4,3243,b,24,12.49,25,74.99,84,9.01,0
e2-nio-50,binary,50,bot_4,3243,b,26,10.54,25,86.09,94,7.91,0
e2-nio-50,binary,50,bot_4,3243,b,28,45.62,25,90.94,92,1.06,0
e2-nio-50,binary,50,bot_4,3243,b,30,36.75,25,68.65,107,38.35,0
e2-nio-50,binary,50,bot_4,3243,b,32,31.28,25,81.77,102,20.23,0
e2-nio-50,binary,50,bot_4,3243,b,34,28.41,25,106.29,120,13.71,0
e2-nio-50,binary,50,bot_4,3243,b,36,12.59,25,123.42,140,16.58,0
e2-nio-50,binary,50,bot_4,3243,b,38,40.32,25,63.69,106,42.31,0
e2-nio-50,binary,50,bot_4,3243,b,40,42.72,25,93.76,125,31.24,0
e2-nio-50,binary,50,bot_4,3243,b,42,38.4,25,110.36,146,35.64,0
e2-nio-50,binary,50,bot_4,3243,b,44,38.34,25,121.46,161,39.54,0
e2-nio-50,binary,50,bot_4,3243,b,46,24.86,25,124.47,151,26.53,0
e2-nio-50,binary,50,bot_4,3243,b,48,20.61,25,106.67,121,14.33,0
e2-nio-50,binary,50,bot_4,3243,b,50,21.2,25,148.23,167,18.77,0
e2-nio-50,binary,50,bot_4,3243,b,52,18.35,25,111.69,120,8.31,0
e2-nio-50,binary,50,bot_4,3243,b,54,8.16,25,163.34,168,4.66,0
e2-nio-50,binary,50,bot_4,3243,b,56,49.24,25,82.09,163,80.91,0
e2-nio-50,binary,50,bot_4,3243,b,58,63.96,25,101.56,163,61.44,0
e2-nio-50,binary,50,bot_4,3243,b,60,47.13,25,119.41,176,56.59,0
e2-nio-50,binary,50,bot_5,3244,w,1,9.53,25,65.8,64,-1.8,0
e2-nio-50,binary,50,bot_5,3244,w,3,8.2,25,59.37,59,-0.37,0
e2-nio-50,binary,50,bot_5,3244,w,5,9.53,25,61.48,70,8.52,0
e2-nio-50,binary,50,bot_5,3244,w,7,5.33,25,58.28,57,-1.28,0
e2-nio-50,binary,50,bot_5,3244,w,9,7.56,25,69.98,72,2.02,0
e2-nio-50,binary,50,bot_5,3244,w,11,13.33,25,72.31,81,8.69,0
e2-nio-50,binary,50,bot_5,3244,w,13,22.2,25,70.8,90,19.2,0
e2-nio-50,binary,50,bot_5,3244,w,15,11.42,25,64.41,72,7.59,0
e2-nio-50,binary,50,bot_5,3244,w,17,4.05,25,72.06,74,1.94,0
e2-nio-50,binary,50,bot_5,3244,w,19,9.74,25,55.2,63,7.8,0
e2-nio-50,binary,50,bot_5,3244,w,21,5.78,25,80.56,85,4.44,0
e2-nio-50,binary,50,bot_5,3244,w,23,21.99,25,65.35,98,32.65,0
e2-nio-50,binary,50,bot_5,3244,w,25,18.87,25,71.71,87,15.29,0
e2-nio-50,binary,50,bot_5,3244,w,27,10.71,25,99.11,109,9.89,0
e2-nio-50,binary,50,bot_5,3244,w,29,10.3,25,95.5,107,11.5,0
e2-nio-50,binary,50,bot_5,3244,w,31,32.24,25,58.9,103,44.1,0
e2-nio-50,binary,50,bot_5,3244,w,33,24.01,25,102.3,138,35.7,0
e2-nio-50,binary,50,bot_5,3244,w,35,29.49,25,96.68,129,32.32,0
e2-nio-50,binary,50,bot_5,3244,w,37,53.11,25,109.36,125,15.64,0
e2-nio-50,binary,50,bot_5,3244,w,39,45.71,25,65.35,106,40.65,0
e2-nio-50,binary,50,bot_5,3244,w,41,50.2,25,89.46,133,43.54,0
e2-nio-50,binary,50,bot_5,3244,w,43,49.92,25,88.93,130,41.07,0
e2-nio-50,binary,50,bot_5,3244,w,45,40.79,25,114.82,158,43.18,0
e2-nio-50,binary,50,bot_5,3244,w,47,23.13,25,93.95,120,26.05,0
e2-nio-50,binary,50,bot_5,3244,w,49,26.59,25,140.69,160,19.31,0
e2-nio-50,binary,50,bot_5,3244,w,51,16.82,25,147,169,22,0
e2-nio-50,binary,50,bot_5,3244,w,53,17.81,25,124.41,140,15.59,0
e2-nio-50,binary,50,bot_5,3244,w,55,19.23,25,166.73,173,6.27,0
e2-nio-50,binary,50,bot_5,3244,w,57,83.34,25,118.27,123,4.73,0
e2-nio-50,binary,50,bot_5,3244,w,59,72.87,25,119.76,184,64.24,0
e2-nio-50,binary,50,bot_6,3244,b,2,65.33,25,60.23,117,56.77,0
e2-nio-50,binary,50,bot_6,3244,b,4,15.11,25,68.2,70,1.8,0
e2-nio-50,binary,50,bot_6,3244,b,6,6.31,25,51.77,56,4.23,0
e2-nio-50,binary,50,bot_6,3244,b,8,9.33,25,64.84,66,1.16,0
e2-nio-50,binary,50,bot_6,3244,b,10,14.92,25,75.62,77,1.38,0
e2-nio-50,binary,50,bot_6,3244,b,12,25.71,25,62.92,71,8.08,0
e2-nio-50,binary,50,bot_6,3244,b,14,14.04,25,74.76,92,17.24,0
e2-nio-50,binary,50,bot_6,3244,b,16,7.24,25,59.89,67,7.11,0
e2-nio-50,binary,50,bot_6,3244,b,18,14.1,25,63.26,62,-1.26,0
e2-nio-50,binary,50,bot_6,3244,b,20,10.03,25,66.62,71,4.38,0
e2-nio-50,binary,50,bot_6,3244,b,22,37.21,25,70.7,71,0.3,0
e2-nio-50,binary,50,bot_6,3244,b,24,21.04,25,65.85,82,16.15,0
e2-nio-50,binary,50,bot_6,3244,b,26,16.25,25,80.25,95,14.75,0
e2-nio-50,binary,50,bot_6,3244,b,28,17.79,25,79.62,87,7.38,0
e2-nio-50,binary,50,bot_6,3244,b,30,50.34,25,100.54,106,5.46,0
e2-nio-50,binary,50,bot_6,3244,b,32,41.74,25,71.24,98,26.76,0
e2-nio-50,binary,50,bot_6,3244,b,34,38.99,25,95.64,116,20.36,0
e2-nio-50,binary,50,bot_6,3244,b,36,21.61,25,114.24,138,23.76,0
e2-nio-50,binary,50,bot_6,3244,b,38,45.79,25,57.92,107,49.08,0
e2-nio-50,binary,50,bot_6,3244,b,40,48.49,25,88,128,40,0
e2-nio-50,binary,50,bot_6,3244,b,42,46.28,25,102.77,149,46.23,0
e2-nio-50,binary,50,bot_6,3244,b,44,47.86,25,112.09,157,44.91,0
e2-nio-50,binary,50,bot_6,3244,b,46,32.22,25,116.78,152,35.22,0
e2-nio-50,binary,50,bot_6,3244,b,48,25.05,25,101.84,120,18.16,0
e2-nio-50,binary,50,bot_6,3244,b,50,27.61,25,141.95,163,21.05,0
e2-nio-50,binary,50,bot_6,3244,b,52,21.55,25,108.8,122,13.2,0
e2-nio-50,binary,50,bot_6,3244,b,54,13.4,25,158.55,170,11.45,0
e2-nio-50,binary,50,bot_6,3244,b,56,9.64,25,147.57,161,13.43,0
e2-nio-50,binary,50,bot_6,3244,b,58,70.49,25,95.39,173,77.61,0
e2-nio-50,binary,50,bot_6,3244,b,60,54.97,25,111.86,178,66.14,0
e2-nio-50,binary,50,bot_7,3245,w,1,8.15,25,66.46,65,-1.46,0
e2-nio-50,binary,50,bot_7,3245,w,3,5.87,25,61.57,63,1.43,0
e2-nio-50,binary,50,bot_7,3245,w,5,7.61,25,63.26,69,5.74,0
e2-nio-50,binary,50,bot_7,3245,w,7,3.75,25,59.75,58,-1.75,0
e2-nio-50,binary,50,bot_7,3245,w,9,6.17,25,71.51,72,0.49,0
e2-nio-50,binary,50,bot_7,3245,w,11,8.6,25,76.62,81,4.38,0
e2-nio-50,binary,50,bot_7,3245,w,13,11.04,25,81.58,94,12.42,0
e2-nio-50,binary,50,bot_7,3245,w,15,2.8,25,74.19,74,-0.19,0
e2-nio-50,binary,50,bot_7,3245,w,17,8.21,25,62.95,69,6.05,0
e2-nio-50,binary,50,bot_7,3245,w,19,9.64,25,60.5,61,0.5,0
e2-nio-50,binary,50,bot_7,3245,w,21,17.86,25,75.85,81,5.15,0
e2-nio-50,binary,50,bot_7,3245,w,23,12.97,25,72.84,89,16.16,0
e2-nio-50,binary,50,bot_7,3245,w,25,11.8,25,78.57,84,5.43,0
e2-nio-50,binary,50,bot_7,3245,w,27,21.48,25,105.1,109,3.9,0
e2-nio-50,binary,50,bot_7,3245,w,29,43.23,25,69.9,104,34.1,0
e2-nio-50,binary,50,bot_7,3245,w,31,25.79,25,64.61,96,31.39,0
e2-nio-50,binary,50,bot_7,3245,w,33,19.95,25,106,130,24,0
e2-nio-50,binary,50,bot_7,3245,w,35,17.95,25,108.3,131,22.7,0
e2-nio-50,binary,50,bot_7,3245,w,37,47.87,25,113.91,120,6.09,0
e2-nio-50,binary,50,bot_7,3245,w,39,33.09,25,78.3,113,34.7,0
e2-nio-50,binary,50,bot_7,3245,w,41,36.64,25,103.46,138,34.54,0
e2-nio-50,binary,50,bot_7,3245,w,43,41.27,25,97.62,125,27.38,0
e2-nio-50,binary,50,bot_7,3245,w,45,28.92,25,126.74,157,30.26,0
e2-nio-50,binary,50,bot_7,3245,w,47,17.57,25,98.88,118,19.12,0
e2-nio-50,binary,50,bot_7,3245,w,49,20.37,25,146.61,158,11.39,0
e2-nio-50,binary,50,bot_7,3245,w,51,10.43,25,153.43,165,11.57,0
e2-nio-50,binary,50,bot_7,3245,w,53,12.8,25,129.49,136,6.51,0
e2-nio-50,binary,50,bot_7,3245,w,55,74.21,25,103.11,190,86.89,0
e2-nio-50,binary,50,bot_7,3245,w,57,66.06,25,85.73,128,42.27,0
e2-nio-50,binary,50,bot_7,3245,w,59,61.65,25,131.08,186,54.92,0
e2-nio-50,binary,50,bot_8,3245,b,2,59.6,25,64.86,117,52.14,0
e2-nio-50,binary,50,bot_8,3245,b,4,11.92,25,71.68,74,2.32,0
e2-nio-50,binary,50,bot_8,3245,b,6,4.91,25,53.28,60,6.72,0
e2-nio-50,binary,50,bot_8,3245,b,8,6.21,25,68.01,70,1.99,0
e2-nio-50,binary,50,bot_8,3245,b,10,9.83,25,80.89,84,3.11,0
e2-nio-50,binary,50,bot_8,3245,b,12,18.92,25,70.59,75,4.41,0
e2-nio-50,binary,50,bot_8,3245,b,14,7.47,25,81.35,88,6.65,0
e2-nio-50,binary,50,bot_8,3245,b,16,12.07,25,71.72,72,0.28,0
e2-nio-50,binary,50,bot_8,3245,b,18,5.48,25,60.08,65,4.92,0
e2-nio-50,binary,50,bot_8,3245,b,20,10.24,25,72,78,6,0
e2-nio-50,binary,50,bot_8,3245,b,22,22.64,25,67.1,82,14.9,0
e2-nio-50,binary,50,bot_8,3245,b,24,11.15,25,76.49,86,9.51,0
e2-nio-50,binary,50,bot_8,3245,b,26,9.72,25,86.83,96,9.17,0
e2-nio-50,binary,50,bot_8,3245,b,28,37.79,25,81.48,100,18.52,0
e2-nio-50,binary,50,bot_8,3245,b,30,35.38,25,70.07,110,39.93,0
e2-nio-50,binary,50,bot_8,3245,b,32,29.28,25,84.03,106,21.97,0
e2-nio-50,binary,50,bot_8,3245,b,34,27.04,25,107.51,125,17.49,0
e2-nio-50,binary,50,bot_8,3245,b,36,11.5,25,124.59,139,14.41,0
e2-nio-50,binary,50,bot_8,3245,b,38,39.39,25,64.41,109,44.59,0
e2-nio-50,binary,50,bot_8,3245,b,40,39.81,25,96.56,127,30.44,0
e2-nio-50,binary,50,bot_8,3245,b,42,33.3,25,115.51,149,33.49,0
e2-nio-50,binary,50,bot_8,3245,b,44,35.51,25,124.32,163,38.68,0
e2-nio-50,binary,50,bot_8,3245,b,46,23.86,25,125.29,152,26.71,0
e2-nio-50,binary,50,bot_8,3245,b,48,17.09,25,110.3,125,14.7,0
e2-nio-50,binary,50,bot_8,3245,b,50,15.95,25,153.62,171,17.38,0
e2-nio-50,binary,50,bot_8,3245,b,52,14.26,25,115.96,125,9.04,0
e2-nio-50,binary,50,bot_8,3245,b,54,92.42,25,164.62,172,7.38,0
e2-nio-50,binary,50,bot_8,3245,b,56,48.5,25,82.81,152,69.19,0
e2-nio-50,binary,50,bot_8,3245,b,58,61.49,25,104.02,166,61.98,0
e2-nio-50,binary,50,bot_8,3245,b,60,45.22,25,121.21,178,56.79,0
e2-nio-50,binary,50,bot_9,3246,w,1,70.18,25,56,122,66,0
e2-nio-50,binary,50,bot_9,3246,w,3,2.69,25,53.13,55,1.87,0
e2-nio-50,binary,50,bot_9,3246,w,5,5.27,25,67.12,69,1.88,0
e2-nio-50,binary,50,bot_9,3246,w,7,6.16,25,76.04,80,3.96,0
e2-nio-50,binary,50,bot_9,3246,w,9,13.41,25,63.85,73,9.15,0
e2-nio-50,binary,50,bot_9,3246,w,11,3.22,25,53.98,55,1.02,0
e2-nio-50,binary,50,bot_9,3246,w,13,12.44,25,82.62,90,7.38,0
e2-nio-50,binary,50,bot_9,3246,w,15,11.69,25,63.09,76,12.91,0
e2-nio-50,binary,50,bot_9,3246,w,17,10.82,25,59.79,69,9.21,0
e2-nio-50,binary,50,bot_9,3246,w,19,4.34,25,67.05,72,4.95,0
e2-nio-50,binary,50,bot_9,3246,w,21,12.69,25,59.96,86,26.04,0
e2-nio-50,binary,50,bot_9,3246,w,23,11.6,25,59.59,84,24.41,0
e2-nio-50,binary,50,bot_9,3246,w,25,11.23,25,81.96,91,9.04,0
e2-nio-50,binary,50,bot_9,3246,w,27,28.35,25,96.08,103,6.92,0
e2-nio-50,binary,50,bot_9,3246,w,29,22.05,25,92.47,109,16.53,0
e2-nio-50,binary,50,bot_9,3246,w,31,13.44,25,76.89,94,17.11,0
e2-nio-50,binary,50,bot_9,3246,w,33,40.65,25,54.21,133,78.79,0
e2-nio-50,binary,50,bot_9,3246,w,35,41.07,25,100.06,135,34.94,0
e2-nio-50,binary,50,bot_9,3246,w,37,29.53,25,97.04,118,20.96,0
e2-nio-50,binary,50,bot_9,3246,w,39,18.14,25,94.76,115,20.24,0
e2-nio-50,binary,50,bot_9,3246,w,41,20.59,25,119.31,138,18.69,0
e2-nio-50,binary,50,bot_9,3246,w,43,16.78,25,122.84,137,14.16,0
e2-nio-50,binary,50,bot_9,3246,w,45,80.11,25,144.46,155,10.54,0
e2-nio-50,binary,50,bot_9,3246,w,47,55.31,25,71.5,115,43.5,0
e2-nio-50,binary,50,bot_9,3246,w,49,72.03,25,103.2,160,56.8,0
e2-nio-50,binary,50,bot_9,3246,w,51,37.73,25,102.04,170,67.96,0
e2-nio-50,binary,50,bot_9,3246,w,53,40.01,25,107.97,150,42.03,0
e2-nio-50,binary,50,bot_9,3246,w,55,36.43,25,140.32,189,48.68,0
e2-nio-50,binary,50,bot_9,3246,w,57,27.49,25,124.12,149,24.88,0
e2-nio-50,binary,50,bot_9,3246,w,59,23.51,25,169.58,199,29.42,0
e2-nio-50,binary,50,bot_10,3246,b,2,4.28,25,53.07,53,-0.07,0
e2-nio-50,binary,50,bot_10,3246,b,4,4.56,25,52.83,52,-0.83,0
e2-nio-50,binary,50,bot_10,3246,b,6,6.36,25,71.07,72,0.93,0
e2-nio-50,binary,50,bot_10,3246,b,8,14.84,25,63.71,64,0.29,0
e2-nio-50,binary,50,bot_10,3246,b,10,5.05,25,64.24,72,7.76,0
e2-nio-50,binary,50,bot_10,3246,b,12,11.5,25,86.41,85,-1.41,0
e2-nio-50,binary,50,bot_10,3246,b,14,16.77,25,83.01,90,6.99,0
e2-nio-50,binary,50,bot_10,3246,b,16,12.2,25,63.07,69,5.93,0
e2-nio-50,binary,50,bot_10,3246,b,18,8.76,25,60.94,67,6.06,0
e2-nio-50,binary,50,bot_10,3246,b,20,30.45,25,68.24,68,-0.24,0
e2-nio-50,binary,50,bot_10,3246,b,22,28.38,25,75.57,83,7.43,0
e2-nio-50,binary,50,bot_10,3246,b,24,11.87,25,80.72,87,6.28,0
e2-nio-50,binary,50,bot_10,3246,b,26,9.48,25,87.37,93,5.63,0
e2-nio-50,binary,50,bot_10,3246,b,28,19.81,25,74.31,97,22.69,0
e2-nio-50,binary,50,bot_10,3246,b,30,19.4,25,85.86,101,15.14,0
e2-nio-50,binary,50,bot_10,3246,b,32,82.87,25,106.3,115,8.7,0
e2-nio-50,binary,50,bot_10,3246,b,34,38.7,25,94.18,130,35.82,0
e2-nio-50,binary,50,bot_10,3246,b,36,24.06,25,88.63,124,35.37,0
e2-nio-50,binary,50,bot_10,3246,b,38,23.63,25,79.99,105,25.01,0
e2-nio-50,binary,50,bot_10,3246,b,40,22.06,25,114.39,128,13.61,0
e2-nio-50,binary,50,bot_10,3246,b,42,16.95,25,130.66,146,15.34,0
e2-nio-50,binary,50,bot_10,3246,b,44,14.31,25,146.03,158,11.97,0
e2-nio-50,binary,50,bot_10,3246,b,46,47.66,25,81.32,157,75.68,0
e2-nio-50,binary,50,bot_10,3246,b,48,59.41,25,79.42,130,50.58,0
e2-nio-50,binary,50,bot_10,3246,b,50,70.28,25,96.54,163,66.46,0
e2-nio-50,binary,50,bot_10,3246,b,52,45.4,25,99.48,131,31.52,0
e2-nio-50,binary,50,bot_10,3246,b,54,52.25,25,133.97,168,34.03,0
e2-nio-50,binary,50,bot_10,3246,b,56,29.18,25,103.22,133,29.78,0
e2-nio-50,binary,50,bot_10,3246,b,58,33.28,25,131.73,153,21.27,0
e2-nio-50,binary,50,bot_10,3246,b,60,15.5,25,148.41,167,18.59,0
e2-nio-50,binary,50,bot_11,3247,w,1,4.92,25,64.34,65,0.66,0
e2-nio-50,binary,50,bot_11,3247,w,3,16.4,25,67.77,71,3.23,0
e2-nio-50,binary,50,bot_11,3247,w,5,14.91,25,67.36,79,11.64,0
e2-nio-50,binary,50,bot_11,3247,w,7,16.84,25,60.61,73,12.39,0
e2-nio-50,binary,50,bot_11,3247,w,9,4.78,25,52.41,55,2.59,0
e2-nio-50,binary,50,bot_11,3247,w,11,16.5,25,78.91,88,9.09,0
e2-nio-50,binary,50,bot_11,3247,w,13,16.6,25,58.53,72,13.47,0
e2-nio-50,binary,50,bot_11,3247,w,15,15.46,25,54.93,65,10.07,0
e2-nio-50,binary,50,bot_11,3247,w,17,9.96,25,61.3,68,6.7,0
e2-nio-50,binary,50,bot_11,3247,w,19,23.2,25,75.9,77,1.1,0
e2-nio-50,binary,50,bot_11,3247,w,21,17.11,25,53.85,79,25.15,0
e2-nio-50,binary,50,bot_11,3247,w,23,15.73,25,77.43,90,12.57,0
e2-nio-50,binary,50,bot_11,3247,w,25,8.69,25,91.71,101,9.29,0
e2-nio-50,binary,50,bot_11,3247,w,27,23.77,25,90.48,109,18.52,0
e2-nio-50,binary,50,bot_11,3247,w,29,15.8,25,74.52,94,19.48,0
e2-nio-50,binary,50,bot_11,3247,w,31,12.1,25,118.87,126,7.13,0
e2-nio-50,binary,50,bot_11,3247,w,33,45.12,25,95.99,133,37.01,0
e2-nio-50,binary,50,bot_11,3247,w,35,32.4,25,93.79,116,22.21,0
e2-nio-50,binary,50,bot_11,3247,w,37,19.93,25,92.8,114,21.2,0
e2-nio-50,binary,50,bot_11,3247,w,39,22.35,25,117.93,139,21.07,0
e2-nio-50,binary,50,bot_11,3247,w,41,20.28,25,119.35,135,15.65,0
e2-nio-50,binary,50,bot_11,3247,w,43,15.66,25,140.24,155,14.76,0
e2-nio-50,binary,50,bot_11,3247,w,45,57.65,25,69.4,127,57.6,0
e2-nio-50,binary,50,bot_11,3247,w,47,74.25,25,101.07,162,60.93,0
e2-nio-50,binary,50,bot_11,3247,w,49,39.78,25,100.19,169,68.81,0
e2-nio-50,binary,50,bot_11,3247,w,51,40.15,25,107.74,151,43.26,0
e2-nio-50,binary,50,bot_11,3247,w,53,40.12,25,136.77,185,48.23,0
e2-nio-50,binary,50,bot_11,3247,w,55,29.77,25,121.66,147,25.34,0
e2-nio-50,binary,50,bot_11,3247,w,57,26.12,25,166.93,197,30.07,0
e2-nio-50,binary,50,bot_11,3247,w,59,25.43,25,120.48,131,10.52,0
e2-nio-50,binary,50,bot_12,3247,b,2,6.68,25,69.93,70,0.07,0
e2-nio-50,binary,50,bot_12,3247,b,4,13.98,25,65.28,75,9.72,0
e2-nio-50,binary,50,bot_12,3247,b,6,17.35,25,61.97,70,8.03,0
e2-nio-50,binary,50,bot_12,3247,b,8,6.61,25,62.75,73,10.25,0
e2-nio-50,binary,50,bot_12,3247,b,10,13.12,25,84.56,84,-0.56,0
e2-nio-50,binary,50,bot_12,3247,b,12,18.87,25,80.69,91,10.31,0
e2-nio-50,binary,50,bot_12,3247,b,14,13.68,25,61.93,73,11.07,0
e2-nio-50,binary,50,bot_12,3247,b,16,10.29,25,59.67,70,10.33,0
e2-nio-50,binary,50,bot_12,3247,b,18,4.47,25,67.06,72,4.94,0
e2-nio-50,binary,50,bot_12,3247,b,20,28.41,25,76.04,94,17.96,0
e2-nio-50,binary,50,bot_12,3247,b,22,14.8,25,77.89,89,11.11,0
e2-nio-50,binary,50,bot_12,3247,b,24,12.23,25,84.67,95,10.33,0
e2-nio-50,binary,50,bot_12,3247,b,26,21.28,25,97.22,100,2.78,0
e2-nio-50,binary,50,bot_12,3247,b,28,22.26,25,82.97,98,15.03,0
e2-nio-50,binary,50,bot_12,3247,b,30,10.6,25,102.9,113,10.1,0
e2-nio-50,binary,50,bot_12,3247,b,32,40.87,25,131.43,137,5.57,0
e2-nio-50,binary,50,bot_12,3247,b,34,25.72,25,87.01,127,39.99,0
e2-nio-50,binary,50,bot_12,3247,b,36,25.07,25,78.75,106,27.25,0
e2-nio-50,binary,50,bot_12,3247,b,38,24.86,25,111.17,126,14.83,0
e2-nio-50,binary,50,bot_12,3247,b,40,19.64,25,128.08,145,16.92,0
e2-nio-50,binary,50,bot_12,3247,b,42,17.47,25,142.65,157,14.35,0
e2-nio-50,binary,50,bot_12,3247,b,44,60.8,25,136.9,147,10.1,0
e2-nio-50,binary,50,bot_12,3247,b,46,63.11,25,75.65,128,52.35,0
e2-nio-50,binary,50,bot_12,3247,b,48,71.9,25,94.77,162,67.23,0
e2-nio-50,binary,50,bot_12,3247,b,50,47.66,25,97.09,131,33.91,0
e2-nio-50,binary,50,bot_12,3247,b,52,53.48,25,132.9,168,35.1,0
e2-nio-50,binary,50,bot_12,3247,b,54,29.98,25,102.5,136,33.5,0
e2-nio-50,binary,50,bot_12,3247,b,56,34.91,25,130.18,154,23.82,0
e2-nio-50,binary,50,bot_12,3247,b,58,16.42,25,147.74,168,20.26,0
e2-nio-50,binary,50,bot_12,3247,b,60,9.79,25,116.48,136,19.52,0
e2-nio-50,binary,50,bot_13,3248,w,1,3.09,25,62.08,62,-0.08,0
e2-nio-50,binary,50,bot_13,3248,w,3,10.98,25,70.89,73,2.11,0
e2-nio-50,binary,50,bot_13,3248,w,5,14.41,25,69.61,77,7.39,0
e2-nio-50,binary,50,bot_13,3248,w,7,10.21,25,66.82,74,7.18,0
e2-nio-50,binary,50,bot_13,3248,w,9,4.66,25,55.89,54,-1.89,0
e2-nio-50,binary,50,bot_13,3248,w,11,10.75,25,84.07,89,4.93,0
e2-nio-50,binary,50,bot_13,3248,w,13,10.55,25,64.15,74,9.85,0
e2-nio-50,binary,50,bot_13,3248,w,15,9.22,25,61.64,66,4.36,0
e2-nio-50,binary,50,bot_13,3248,w,17,19.41,25,68.59,69,0.41,0
e2-nio-50,binary,50,bot_13,3248,w,19,10.75,25,60.96,79,18.04,0
e2-nio-50,binary,50,bot_13,3248,w,21,7.31,25,63.91,81,17.09,0
e2-nio-50,binary,50,bot_13,3248,w,23,27.9,25,88.98,90,1.02,0
e2-nio-50,binary,50,bot_13,3248,w,25,21.11,25,64.87,93,28.13,0
e2-nio-50,binary,50,bot_13,3248,w,27,18.29,25,96.77,105,8.23,0
e2-nio-50,binary,50,bot_13,3248,w,29,9.23,25,92.03,102,9.97,0
e2-nio-50,binary,50,bot_13,3248,w,31,32.29,25,62.59,128,65.41,0
e2-nio-50,binary,50,bot_13,3248,w,33,35.95,25,105.27,134,28.73,0
e2-nio-50,binary,50,bot_13,3248,w,35,24.99,25,101.42,117,15.58,0
e2-nio-50,binary,50,bot_13,3248,w,37,14.96,25,97.84,113,15.16,0
e2-nio-50,binary,50,bot_13,3248,w,39,16.18,25,124.16,132,7.84,0
e2-nio-50,binary,50,bot_13,3248,w,41,78.13,25,129.63,135,5.38,0
e2-nio-50,binary,50,bot_13,3248,w,43,63.43,25,94.45,153,58.55,0
e2-nio-50,binary,50,bot_13,3248,w,45,52.71,25,73.96,112,38.04,0
e2-nio-50,binary,50,bot_13,3248,w,47,65.57,25,109.23,159,49.77,0
e2-nio-50,binary,50,bot_13,3248,w,49,32.58,25,107.17,170,62.83,0
e2-nio-50,binary,50,bot_13,3248,w,51,31.28,25,117.13,152,34.87,0
e2-nio-50,binary,50,bot_13,3248,w,53,27.91,25,148.6,187,38.4,0
e2-nio-50,binary,50,bot_13,3248,w,55,20.02,25,132.07,151,18.93,0
e2-nio-50,binary,50,bot_13,3248,w,57,18.27,25,175.06,195,19.94,0
e2-nio-50,binary,50,bot_13,3248,w,59,14.65,25,131.6,136,4.4,0
e2-nio-50,binary,50,bot_14,3248,b,2,8.12,25,71.38,70,-1.37,0
e2-nio-50,binary,50,bot_14,3248,b,4,12.36,25,65.23,71,5.77,0
e2-nio-50,binary,50,bot_14,3248,b,6,13.41,25,65.01,76,10.99,0
e2-nio-50,binary,50,bot_14,3248,b,8,3.87,25,65.44,71,5.56,0
e2-nio-50,binary,50,bot_14,3248,b,10,9.23,25,85.35,85,-0.35,0
e2-nio-50,binary,50,bot_14,3248,b,12,14.66,25,85.24,90,4.76,0
e2-nio-50,binary,50,bot_14,3248,b,14,10.08,25,65.19,71,5.81,0
e2-nio-50,binary,50,bot_14,3248,b,16,6.1,25,63.66,69,5.34,0
e2-nio-50,binary,50,bot_14,3248,b,18,24.62,25,59.02,74,14.98,0
e2-nio-50,binary,50,bot_14,3248,b,20,22.73,25,81.59,87,5.41,0
e2-nio-50,binary,50,bot_14,3248,b,22,6.35,25,86.34,89,2.66,0
e2-nio-50,binary,50,bot_14,3248,b,24,35.25,25,76.85,101,24.15,0
e2-nio-50,binary,50,bot_14,3248,b,26,13.57,25,79.89,98,18.11,0
e2-nio-50,binary,50,bot_14,3248,b,28,15.88,25,89.21,101,11.79,0
e2-nio-50,binary,50,bot_14,3248,b,30,70.54,25,107.71,112,4.29,0
e2-nio-50,binary,50,bot_14,3248,b,32,33.82,25,99.09,127,27.91,0
e2-nio-50,binary,50,bot_14,3248,b,34,21.11,25,91.39,123,31.61,0
e2-nio-50,binary,50,bot_14,3248,b,36,20.54,25,83.04,103,19.96,0
e2-nio-50,binary,50,bot_14,3248,b,38,13.62,25,122.57,134,11.43,0
e2-nio-50,binary,50,bot_14,3248,b,40,9.73,25,137.88,148,10.12,0
e2-nio-50,binary,50,bot_14,3248,b,42,64.86,25,93.98,167,73.02,0
e2-nio-50,binary,50,bot_14,3248,b,44,43.55,25,85.22,145,59.78,0
e2-nio-50,binary,50,bot_14,3248,b,46,54.81,25,84.57,132,47.43,0
e2-nio-50,binary,50,bot_14,3248,b,48,66.66,25,100.15,160,59.85,0
e2-nio-50,binary,50,bot_14,3248,b,50,42.15,25,102.34,130,27.66,0
e2-nio-50,binary,50,bot_14,3248,b,52,44.43,25,141.7,167,25.3,0
e2-nio-50,binary,50,bot_14,3248,b,54,23.21,25,109.08,131,21.92,0
e2-nio-50,binary,50,bot_14,3248,b,56,26.15,25,138.92,151,12.08,0
e2-nio-50,binary,50,bot_14,3248,b,58,10.16,25,153.03,165,11.97,0
e2-nio-50,binary,50,bot_14,3248,b,60,9.49,25,119.82,129,9.18,0
e2-nio-50,binary,50,bot_15,3249,w,1,2.96,25,58.24,60,1.76,0
e2-nio-50,binary,50,bot_15,3249,w,3,9.47,25,65.5,70,4.5,0
e2-nio-50,binary,50,bot_15,3249,w,5,13.03,25,71.58,78,6.42,0
e2-nio-50,binary,50,bot_15,3249,w,7,5.53,25,71.5,77,5.5,0
e2-nio-50,binary,50,bot_15,3249,w,9,2.06,25,58.13,57,-1.13,0
e2-nio-50,binary,50,bot_15,3249,w,11,8.64,25,86.03,90,3.97,0
e2-nio-50,binary,50,bot_15,3249,w,13,8.46,25,65.83,74,8.17,0
e2-nio-50,binary,50,bot_15,3249,w,15,6.92,25,64.1,68,3.9,0
e2-nio-50,binary,50,bot_15,3249,w,17,14.08,25,62.38,73,10.62,0
e2-nio-50,binary,50,bot_15,3249,w,19,8.76,25,61.97,79,17.03,0
e2-nio-50,binary,50,bot_15,3249,w,21,5.3,25,65.84,82,16.16,0
e2-nio-50,binary,50,bot_15,3249,w,23,21.49,25,71.79,98,26.21,0
e2-nio-50,binary,50,bot_15,3249,w,25,19.1,25,66.82,94,27.18,0
e2-nio-50,binary,50,bot_15,3249,w,27,15.68,25,99.59,108,8.41,0
e2-nio-50,binary,50,bot_15,3249,w,29,5.91,25,95.32,104,8.68,0
e2-nio-50,binary,50,bot_15,3249,w,31,27.18,25,67.7,131,63.3,0
e2-nio-50,binary,50,bot_15,3249,w,33,30.86,25,110.29,137,26.71,0
e2-nio-50,binary,50,bot_15,3249,w,35,21.5,25,104.82,120,15.18,0
e2-nio-50,binary,50,bot_15,3249,w,37,13,25,100.02,114,13.98,0
e2-nio-50,binary,50,bot_15,3249,w,39,12.39,25,128.16,136,7.84,0
e2-nio-50,binary,50,bot_15,3249,w,41,65.33,25,88.65,149,60.35,0
e2-nio-50,binary,50,bot_15,3249,w,43,58.97,25,98.87,159,60.13,0
e2-nio-50,binary,50,bot_15,3249,w,45,48.15,25,78.87,118,39.13,0
e2-nio-50,binary,50,bot_15,3249,w,47,61.78,25,113.05,163,49.95,0
e2-nio-50,binary,50,bot_15,3249,w,49,30.58,25,109.21,172,62.79,0
e2-nio-50,binary,50,bot_15,3249,w,51,26.22,25,122.46,158,35.54,0
e2-nio-50,binary,50,bot_15,3249,w,53,25.19,25,151.29,189,37.71,0
e2-nio-50,binary,50,bot_15,3249,w,55,16.82,25,135.56,154,18.44,0
e2-nio-50,binary,50,bot_15,3249,w,57,14.71,25,178.73,196,17.27,0
e2-nio-50,binary,50,bot_15,3249,w,59,85.42,25,136.51,141,4.49,0
e2-nio-50,binary,50,bot_16,3249,b,2,8.09,25,53.55,55,1.45,0
e2-nio-50,binary,50,bot_16,3249,b,4,9.9,25,67.91,74,6.09,0
e2-nio-50,binary,50,bot_16,3249,b,6,10.68,25,67.5,76,8.5,0
e2-nio-50,binary,50,bot_16,3249,b,8,2.32,25,67.17,68,0.83,0
e2-nio-50,binary,50,bot_16,3249,b,10,6.96,25,87.72,85,-2.72,0
e2-nio-50,binary,50,bot_16,3249,b,12,12.89,25,87.45,91,3.55,0
e2-nio-50,binary,50,bot_16,3249,b,14,7.2,25,68.1,73,4.9,0
e2-nio-50,binary,50,bot_16,3249,b,16,14.74,25,66.6,69,2.4,0
e2-nio-50,binary,50,bot_16,3249,b,18,21.11,25,62.66,73,10.34,0
e2-nio-50,binary,50,bot_16,3249,b,20,19.96,25,84.55,89,4.45,0
e2-nio-50,binary,50,bot_16,3249,b,22,28.14,25,88.46,89,0.54,0
e2-nio-50,binary,50,bot_16,3249,b,24,31.76,25,80.08,98,17.92,0
e2-nio-50,binary,50,bot_16,3249,b,26,11.73,25,81.49,98,16.51,0
e2-nio-50,binary,50,bot_16,3249,b,28,11.46,25,93.65,104,10.35,0
e2-nio-50,binary,50,bot_16,3249,b,30,66.65,25,111.47,113,1.53,0
e2-nio-50,binary,50,bot_16,3249,b,32,30.91,25,101.87,125,23.13,0
e2-nio-50,binary,50,bot_16,3249,b,34,19.19,25,93.2,120,26.8,0
e2-nio-50,binary,50,bot_16,3249,b,36,17.83,25,85.66,104,18.34,0
e2-nio-50,binary,50,bot_16,3249,b,38,11.72,25,124.23,135,10.77,0
e2-nio-50,binary,50,bot_16,3249,b,40,62.86,25,139.11,148,8.89,0
e2-nio-50,binary,50,bot_16,3249,b,42,64.23,25,93.64,156,62.36,0
e2-nio-50,binary,50,bot_16,3249,b,44,42.46,25,86.13,142,55.87,0
e2-nio-50,binary,50,bot_16,3249,b,46,53.17,25,85.93,130,44.07,0
e2-nio-50,binary,50,bot_16,3249,b,48,64.99,25,101.66,159,57.34,0
e2-nio-50,binary,50,bot_16,3249,b,50,40.76,25,103.58,129,25.42,0
e2-nio-50,binary,50,bot_16,3249,b,52,42.71,25,143.27,165,21.73,0
e2-nio-50,binary,50,bot_16,3249,b,54,23.01,25,109.11,129,19.89,0
e2-nio-50,binary,50,bot_16,3249,b,56,23.31,25,141.61,154,12.39,0
e2-nio-50,binary,50,bot_16,3249,b,58,8.79,25,154.06,164,9.94,0
e2-nio-50,binary,50,bot_16,3249,b,60,3.83,25,49.75,130,80.25,0
e2-nio-50,binary,50,bot_17,3250,w,1,4.38,25,54.69,55,0.31,0
e2-nio-50,binary,50,bot_17,3250,w,3,8.51,25,69.42,73,3.58,0
e2-nio-50,binary,50,bot_17,3250,w,5,7.9,25,70.13,78,7.87,0
e2-nio-50,binary,50,bot_17,3250,w,7,22.85,25,63.95,89,25.05,0
e2-nio-50,binary,50,bot_17,3250,w,9,31.33,25,63.04,89,25.96,0
e2-nio-50,binary,50,bot_17,3250,w,11,12.71,25,55.21,75,19.79,0
e2-nio-50,binary,50,bot_17,3250,w,13,19.94,25,56.81,67,10.19,0
e2-nio-50,binary,50,bot_17,3250,w,15,7.4,25,57.41,63,5.59,0
e2-nio-50,binary,50,bot_17,3250,w,17,17.83,25,68.62,83,14.38,0
e2-nio-50,binary,50,bot_17,3250,w,19,14.66,25,82.07,94,11.93,0
e2-nio-50,binary,50,bot_17,3250,w,21,35.75,25,86.42,90,3.58,0
e2-nio-50,binary,50,bot_17,3250,w,23,26.67,25,83.93,111,27.07,0
e2-nio-50,binary,50,bot_17,3250,w,25,29.42,25,76.4,110,33.6,0
e2-nio-50,binary,50,bot_17,3250,w,27,17.24,25,82.44,105,22.56,0
e2-nio-50,binary,50,bot_17,3250,w,29,18.99,25,121,138,17,0
e2-nio-50,binary,50,bot_17,3250,w,31,47.76,25,78.54,136,57.46,0
e2-nio-50,binary,50,bot_17,3250,w,33,24.42,25,79.64,117,37.36,0
e2-nio-50,binary,50,bot_17,3250,w,35,24.93,25,93.7,107,13.3,0
e2-nio-50,binary,50,bot_17,3250,w,37,21.55,25,114.79,136,21.21,0
e2-nio-50,binary,50,bot_17,3250,w,39,15.42,25,120.26,140,19.74,0
e2-nio-50,binary,50,bot_17,3250,w,41,14.03,25,142.81,154,11.19,0
e2-nio-50,binary,50,bot_17,3250,w,43,48.1,25,70.53,135,64.47,0
e2-nio-50,binary,50,bot_17,3250,w,45,62.54,25,103.89,148,44.11,0
e2-nio-50,binary,50,bot_17,3250,w,47,49.27,25,114.32,177,62.68,0
e2-nio-50,binary,50,bot_17,3250,w,49,44.93,25,99.46,142,42.54,0
e2-nio-50,binary,50,bot_17,3250,w,51,51.79,25,131.64,183,51.36,0
e2-nio-50,binary,50,bot_17,3250,w,53,38.08,25,88.03,128,39.97,0
e2-nio-50,binary,50,bot_17,3250,w,55,45.46,25,139.77,178,38.23,0
e2-nio-50,binary,50,bot_17,3250,w,57,23.53,25,113.36,145,31.64,0
e2-nio-50,binary,50,bot_17,3250,w,59,93.89,25,111.4,137,25.6,0
e2-nio-50,binary,50,bot_18,3250,b,2,7.66,25,66.34,67,0.66,0
e2-nio-50,binary,50,bot_18,3250,b,4,11.53,25,73.46,80,6.54,0
e2-nio-50,binary,50,bot_18,3250,b,6,29.25,25,74.06,77,2.94,0
e2-nio-50,binary,50,bot_18,3250,b,8,30.93,25,55.26,74,18.74,0
e2-nio-50,binary,50,bot_18,3250,b,10,24.11,25,64.91,92,27.09,0
e2-nio-50,binary,50,bot_18,3250,b,12,13.94,25,60.7,69,8.3,0
e2-nio-50,binary,50,bot_18,3250,b,14,10.55,25,55.33,72,16.67,0
e2-nio-50,binary,50,bot_18,3250,b,16,18.34,25,69.09,72,2.91,0
e2-nio-50,binary,50,bot_18,3250,b,18,16.17,25,57.75,71,13.25,0
e2-nio-50,binary,50,bot_18,3250,b,20,8.09,25,70.68,81,10.32,0
e2-nio-50,binary,50,bot_18,3250,b,22,31.27,25,65.77,98,32.23,0
e2-nio-50,binary,50,bot_18,3250,b,24,37.16,25,58.89,80,21.11,0
e2-nio-50,binary,50,bot_18,3250,b,26,26.32,25,81.97,108,26.03,0
e2-nio-50,binary,50,bot_18,3250,b,28,21.05,25,78.43,91,12.57,0
e2-nio-50,binary,50,bot_18,3250,b,30,62.47,25,105.66,120,14.34,0
e2-nio-50,binary,50,bot_18,3250,b,32,41.87,25,94.32,138,43.68,0
e2-nio-50,binary,50,bot_18,3250,b,34,18.37,25,86.49,107,20.51,0
e2-nio-50,binary,50,bot_18,3250,b,36,25.02,25,102.67,124,21.33,0
e2-nio-50,binary,50,bot_18,3250,b,38,23.86,25,123.23,140,16.77,0
e2-nio-50,binary,50,bot_18,3250,b,40,15.69,25,139.44,150,10.56,0
e2-nio-50,binary,50,bot_18,3250,b,42,69.17,25,146.6,157,10.4,0
e2-nio-50,binary,50,bot_18,3250,b,44,47.28,25,79.17,123,43.83,0
e2-nio-50,binary,50,bot_18,3250,b,46,66.33,25,105.7,164,58.3,0
e2-nio-50,binary,50,bot_18,3250,b,48,46.4,25,79.94,125,45.06,0
e2-nio-50,binary,50,bot_18,3250,b,50,56.02,25,118.13,159,40.87,0
e2-nio-50,binary,50,bot_18,3250,b,52,43.25,25,116.36,165,48.64,0
e2-nio-50,binary,50,bot_18,3250,b,54,42.47,25,126.34,161,34.66,0
e2-nio-50,binary,50,bot_18,3250,b,56,35.68,25,146.29,188,41.71,0
e2-nio-50,binary,50,bot_18,3250,b,58,29.92,25,132.42,152,19.58,0
e2-nio-50,binary,50,bot_18,3250,b,60,80.81,25,85.49,176,90.51,0
e2-nio-50,binary,50,bot_19,3251,w,1,4.43,25,67.62,66,-1.62,0
e2-nio-50,binary,50,bot_19,3251,w,3,6.38,25,78.33,80,1.67,0
e2-nio-50,binary,50,bot_19,3251,w,5,24.99,25,65.64,77,11.36,0
e2-nio-50,binary,50,bot_19,3251,w,7,29.18,25,57.19,71,13.81,0
e2-nio-50,binary,50,bot_19,3251,w,9,21.67,25,67.17,92,24.83,0
e2-nio-50,binary,50,bot_19,3251,w,11,12.27,25,62.49,69,6.51,0
e2-nio-50,binary,50,bot_19,3251,w,13,8.22,25,57.73,68,10.27,0
e2-nio-50,binary,50,bot_19,3251,w,15,17.15,25,70.29,72,1.71,0
e2-nio-50,binary,50,bot_19,3251,w,17,13.16,25,60.74,72,11.26,0
e2-nio-50,binary,50,bot_19,3251,w,19,37.43,25,73.34,82,8.66,0
e2-nio-50,binary,50,bot_19,3251,w,21,26.83,25,69.84,93,23.16,0
e2-nio-50,binary,50,bot_19,3251,w,23,32.56,25,63.75,81,17.25,0
e2-nio-50,binary,50,bot_19,3251,w,25,21.6,25,86.53,108,21.47,0
e2-nio-50,binary,50,bot_19,3251,w,27,17.21,25,82.42,92,9.58,0
e2-nio-50,binary,50,bot_19,3251,w,29,59.1,25,109.04,120,10.96,0
e2-nio-50,binary,50,bot_19,3251,w,31,40.02,25,95.94,137,41.06,0
e2-nio-50,binary,50,bot_19,3251,w,33,14.16,25,91.36,106,14.64,0
e2-nio-50,binary,50,bot_19,3251,w,35,20.54,25,107.36,122,14.64,0
e2-nio-50,binary,50,bot_19,3251,w,37,19.31,25,128.08,138,9.92,0
e2-nio-50,binary,50,bot_19,3251,w,39,81.61,25,142.47,150,7.53,0
e2-nio-50,binary,50,bot_19,3251,w,41,56.41,25,92.34,152,59.66,0
e2-nio-50,binary,50,bot_19,3251,w,43,42,25,84.36,121,36.64,0
e2-nio-50,binary,50,bot_19,3251,w,45,57.71,25,113.95,165,51.05,0
e2-nio-50,binary,50,bot_19,3251,w,47,40.83,25,86.48,121,34.52,0
e2-nio-50,binary,50,bot_19,3251,w,49,47.6,25,126.01,160,33.99,0
e2-nio-50,binary,50,bot_19,3251,w,51,36.18,25,122.83,164,41.17,0
e2-nio-50,binary,50,bot_19,3251,w,53,35.77,25,132.94,159,26.06,0
e2-nio-50,binary,50,bot_19,3251,w,55,25.55,25,155.85,186,30.15,0
e2-nio-50,binary,50,bot_19,3251,w,57,19.78,25,142.5,155,12.5,0
e2-nio-50,binary,50,bot_19,3251,w,59,73.21,25,93.21,177,83.79,0
e2-nio-50,binary,50,bot_20,3251,b,2,5.24,25,72.32,74,1.68,0
e2-nio-50,binary,50,bot_20,3251,b,4,18.22,25,72.96,74,1.04,0
e2-nio-50,binary,50,bot_20,3251,b,6,20.42,25,65.54,86,20.46,0
e2-nio-50,binary,50,bot_20,3251,b,8,30.64,25,63.57,88,24.43,0
e2-nio-50,binary,50,bot_20,3251,b,10,11.84,25,56.02,73,16.98,0
e2-nio-50,binary,50,bot_20,3251,b,12,16.15,25,60.56,68,7.44,0
e2-nio-50,binary,50,bot_20,3251,b,14,5.5,25,58.63,63,4.37,0
e2-nio-50,binary,50,bot_20,3251,b,16,17.41,25,69.11,82,12.89,0
e2-nio-50,binary,50,bot_20,3251,b,18,13.17,25,83.5,91,7.5,0
e2-nio-50,binary,50,bot_20,3251,b,20,28.81,25,61.99,95,33.01,0
e2-nio-50,binary,50,bot_20,3251,b,22,23.33,25,87.09,109,21.91,0
e2-nio-50,binary,50,bot_20,3251,b,24,26.53,25,79.1,107,27.9,0
e2-nio-50,binary,50,bot_20,3251,b,26,14.72,25,84.97,102,17.03,0
e2-nio-50,binary,50,bot_20,3251,b,28,15.91,25,124.12,136,11.88,0
e2-nio-50,binary,50,bot_20,3251,b,30,45.38,25,80.95,134,53.05,0
e2-nio-50,binary,50,bot_20,3251,b,32,19.8,25,84.22,119,34.78,0
e2-nio-50,binary,50,bot_20,3251,b,34,19.52,25,98.33,108,9.67,0
e2-nio-50,binary,50,bot_20,3251,b,36,16,25,120.07,136,15.93,0
e2-nio-50,binary,50,bot_20,3251,b,38,12.13,25,123.02,138,14.98,0
e2-nio-50,binary,50,bot_20,3251,b,40,64.93,25,91.13,167,75.87,0
e2-nio-50,binary,50,bot_20,3251,b,42,42.44,25,75.83,128,52.17,0
e2-nio-50,binary,50,bot_20,3251,b,44,55.88,25,110.8,148,37.2,0
e2-nio-50,binary,50,bot_20,3251,b,46,39.04,25,124.62,178,53.38,0
e2-nio-50,binary,50,bot_20,3251,b,48,38.63,25,105.13,141,35.88,0
e2-nio-50,binary,50,bot_20,3251,b,50,46.08,25,138.14,181,42.86,0
e2-nio-50,binary,50,bot_20,3251,b,52,31.88,25,94.46,126,31.54,0
e2-nio-50,binary,50,bot_20,3251,b,54,35.11,25,150.9,182,31.1,0
e2-nio-50,binary,50,bot_20,3251,b,56,17.41,25,119.63,141,21.37,0
e2-nio-50,binary,50,bot_20,3251,b,58,88.46,25,118.11,133,14.89,0
e2-nio-50,binary,50,bot_20,3251,b,60,49.57,25,80.66,149,68.34,0
e2-nio-50,binary,50,bot_21,3252,w,1,4.23,25,73.64,75,1.36,0
e2-nio-50,binary,50,bot_21,3252,w,3,17.12,25,73.93,78,4.07,0
e2-nio-50,binary,50,bot_21,3252,w,5,18.96,25,66.94,86,19.06,0
e2-nio-50,binary,50,bot_21,3252,w,7,29.53,25,64.37,90,25.63,0
e2-nio-50,binary,50,bot_21,3252,w,9,10.38,25,57.36,73,15.64,0
e2-nio-50,binary,50,bot_21,3252,w,11,13.29,25,63.29,71,7.71,0
e2-nio-50,binary,50,bot_21,3252,w,13,3.81,25,60.21,65,4.79,0
e2-nio-50,binary,50,bot_21,3252,w,15,15.2,25,71.41,84,12.59,0
e2-nio-50,binary,50,bot_21,3252,w,17,10.91,25,85.78,93,7.22,0
e2-nio-50,binary,50,bot_21,3252,w,19,27.48,25,63.03,89,25.97,0
e2-nio-50,binary,50,bot_21,3252,w,21,20.31,25,90.05,111,20.95,0
e2-nio-50,binary,50,bot_21,3252,w,23,24.78,25,80.82,106,25.18,0
e2-nio-50,binary,50,bot_21,3252,w,25,12.84,25,86.84,101,14.16,0
e2-nio-50,binary,50,bot_21,3252,w,27,13.66,25,126.36,137,10.64,0
e2-nio-50,binary,50,bot_21,3252,w,29,43.46,25,82.78,136,53.22,0
e2-nio-50,binary,50,bot_21,3252,w,31,17.5,25,86.51,120,33.49,0
e2-nio-50,binary,50,bot_21,3252,w,33,17.63,25,100.19,108,7.81,0
e2-nio-50,binary,50,bot_21,3252,w,35,14.2,25,121.75,136,14.25,0
e2-nio-50,binary,50,bot_21,3252,w,37,75.53,25,123.94,137,13.06,0
e2-nio-50,binary,50,bot_21,3252,w,39,62.08,25,93.52,156,62.48,0
e2-nio-50,binary,50,bot_21,3252,w,41,40.51,25,77.53,127,49.47,0
e2-nio-50,binary,50,bot_21,3252,w,43,53.78,25,112.97,149,36.03,0
e2-nio-50,binary,50,bot_21,3252,w,45,36.33,25,127.28,175,47.72,0
e2-nio-50,binary,50,bot_21,3252,w,47,37.11,25,106.14,138,31.86,0
e2-nio-50,binary,50,bot_21,3252,w,49,42.82,25,141.55,174,32.45,0
e2-nio-50,binary,50,bot_21,3252,w,51,29.99,25,96.18,123,26.82,0
e2-nio-50,binary,50,bot_22,3252,b,2,5.86,25,78.89,73,-5.89,0
e2-nio-50,binary,50,bot_22,3252,b,4,22.97,25,67.65,74,6.35,0
e2-nio-50,binary,50,bot_22,3252,b,6,29.47,25,57.87,68,10.13,0
e2-nio-50,binary,50,bot_22,3252,b,8,19.32,25,69.52,90,20.48,0
e2-nio-50,binary,50,bot_22,3252,b,10,11.01,25,64.14,65,0.86,0
e2-nio-50,binary,50,bot_22,3252,b,12,7.19,25,59.04,63,3.96,0
e2-nio-50,binary,50,bot_22,3252,b,14,15.98,25,71.69,67,-4.69,0
e2-nio-50,binary,50,bot_22,3252,b,16,10.66,25,63.23,70,6.77,0
e2-nio-50,binary,50,bot_22,3252,b,18,29.92,25,81.17,84,2.83,0
e2-nio-50,binary,50,bot_22,3252,b,20,24.42,25,72.18,90,17.82,0
e2-nio-50,binary,50,bot_22,3252,b,22,29.26,25,67.41,79,11.59,0
e2-nio-50,binary,50,bot_22,3252,b,24,18.76,25,89.1,105,15.9,0
e2-nio-50,binary,50,bot_22,3252,b,26,13.88,25,86.04,90,3.96,0
e2-nio-50,binary,50,bot_22,3252,b,28,56.29,25,111.97,117,5.03,0
e2-nio-50,binary,50,bot_22,3252,b,30,36.98,25,98.76,133,34.24,0
e2-nio-50,binary,50,bot_22,3252,b,32,10.88,25,94.71,104,9.29,0
e2-nio-50,binary,50,bot_22,3252,b,34,17.22,25,110.99,120,9.01,0
e2-nio-50,binary,50,bot_22,3252,b,36,16.57,25,132.28,137,4.72,0
e2-nio-50,binary,50,bot_22,3252,b,38,66.15,25,94.04,161,66.96,0
e2-nio-50,binary,50,bot_22,3252,b,40,52.23,25,96.55,150,53.45,0
e2-nio-50,binary,50,bot_22,3252,b,42,39.44,25,86.94,119,32.06,0
e2-nio-50,binary,50,bot_22,3252,b,44,50.89,25,120.67,166,45.33,0
e2-nio-50,binary,50,bot_22,3252,b,46,35.92,25,92.55,119,26.45,0
e2-nio-50,binary,50,bot_22,3252,b,48,37.97,25,135.47,164,28.53,0
e2-nio-50,binary,50,bot_22,3252,b,50,30.7,25,128.18,163,34.82,0
e2-nio-50,binary,50,bot_22,3252,b,52,24.86,25,144.59,166,21.41,0
e2-nio-50,binary,50,bot_23,3253,w,1,4.46,25,59.16,62,2.84,0
e2-nio-50,binary,50,bot_23,3253,w,3,6.37,25,71.06,75,3.94,0
e2-nio-50,binary,50,bot_23,3253,w,5,11.2,25,74.31,85,10.69,0
e2-nio-50,binary,50,bot_23,3253,w,7,15.75,25,77.36,99,21.64,0
e2-nio-50,binary,50,bot_23,3253,w,9,4.73,25,71.54,80,8.46,0
e2-nio-50,binary,50,bot_23,3253,w,11,10.81,25,60.64,78,17.36,0
e2-nio-50,binary,50,bot_23,3253,w,13,7.12,25,57.32,63,5.68,0
e2-nio-50,binary,50,bot_23,3253,w,15,23.28,25,81.73,85,3.27,0
e2-nio-50,binary,50,bot_23,3253,w,17,18.32,25,68.13,92,23.87,0
e2-nio-50,binary,50,bot_23,3253,w,19,14.95,25,75.59,87,11.41,0
e2-nio-50,binary,50,bot_23,3253,w,21,7.32,25,102.23,112,9.77,0
e2-nio-50,binary,50,bot_23,3253,w,23,53.47,25,98.11,106,7.89,0
e2-nio-50,binary,50,bot_23,3253,w,25,28.89,25,61.75,100,38.25,0
e2-nio-50,binary,50,bot_23,3253,w,27,21.49,25,104.77,137,32.23,0
e2-nio-50,binary,50,bot_23,3253,w,29,25.84,25,100.39,129,28.61,0
e2-nio-50,binary,50,bot_23,3253,w,31,49.39,25,112.74,123,10.26,0
e2-nio-50,binary,50,bot_23,3253,w,33,40.55,25,70.64,110,39.36,0
e2-nio-50,binary,50,bot_23,3253,w,35,44.65,25,95.39,136,40.61,0
e2-nio-50,binary,50,bot_23,3253,w,37,46.23,25,92.67,130,37.33,0
e2-nio-50,binary,50,bot_23,3253,w,39,35.78,25,119.7,157,37.3,0
e2-nio-50,binary,50,bot_23,3253,w,41,21.11,25,95.95,120,24.05,0
e2-nio-50,binary,50,bot_23,3253,w,43,22.67,25,144.4,160,15.6,0
e2-nio-50,binary,50,bot_23,3253,w,45,12.54,25,151.48,166,14.52,0
e2-nio-50,binary,50,bot_23,3253,w,47,80.99,25,130.18,139,8.82,0
e2-nio-50,binary,50,bot_23,3253,w,49,72.16,25,105.07,184,78.93,0
e2-nio-50,binary,50,bot_23,3253,w,51,64.3,25,87.47,129,41.53,0
e2-nio-50,binary,50,bot_23,3253,w,53,59.78,25,132.89,185,52.11,0
e2-nio-50,binary,50,bot_23,3253,w,55,60.4,25,83.22,122,38.78,0
e2-nio-50,binary,50,bot_23,3253,w,57,58.24,25,111.71,138,26.29,0
e2-nio-50,binary,50,bot_23,3253,w,59,31.76,25,96.55,128,31.45,0
e2-nio-50,binary,50,bot_24,3253,b,2,8.24,25,65.95,67,1.05,0
e2-nio-50,binary,50,bot_24,3253,b,4,13.28,25,77.36,79,1.64,0
e2-nio-50,binary,50,bot_24,3253,b,6,24.23,25,64.58,71,6.42,0
e2-nio-50,binary,50,bot_24,3253,b,8,12.43,25,76.01,86,9.99,0
e2-nio-50,binary,50,bot_24,3253,b,10,21.02,25,63.35,65,1.65,0
e2-nio-50,binary,50,bot_24,3253,b,12,8.33,25,57.02,64,6.98,0
e2-nio-50,binary,50,bot_24,3253,b,14,7.67,25,68.88,72,3.12,0
e2-nio-50,binary,50,bot_24,3253,b,16,27.59,25,62.14,83,20.86,0
e2-nio-50,binary,50,bot_24,3253,b,18,15.01,25,72.3,87,14.7,0
e2-nio-50,binary,50,bot_24,3253,b,20,12.89,25,83.67,95,11.33,0
e2-nio-50,binary,50,bot_24,3253,b,22,11.6,25,86.4,90,3.6,0
e2-nio-50,binary,50,bot_24,3253,b,24,41.01,25,64.57,114,49.43,0
e2-nio-50,binary,50,bot_24,3253,b,26,35.72,25,77.25,102,24.75,0
e2-nio-50,binary,50,bot_24,3253,b,28,31.58,25,103.14,121,17.86,0
e2-nio-50,binary,50,bot_24,3253,b,30,14.07,25,121.9,143,21.1,0
e2-nio-50,binary,50,bot_24,3253,b,32,41.71,25,62.2,108,45.8,0
e2-nio-50,binary,50,bot_24,3253,b,34,43.95,25,92.54,129,36.46,0
e2-nio-50,binary,50,bot_24,3253,b,36,41.24,25,107.55,149,41.45,0
e2-nio-50,binary,50,bot_24,3253,b,38,40.81,25,119.11,162,42.89,0
e2-nio-50,binary,50,bot_24,3253,b,40,27.17,25,122.08,154,31.92,0
e2-nio-50,binary,50,bot_24,3253,b,42,18.36,25,109.12,126,16.88,0
e2-nio-50,binary,50,bot_24,3253,b,44,17.53,25,152.08,171,18.92,0
e2-nio-50,binary,50,bot_24,3253,b,46,17.04,25,114.9,126,11.1,0
e2-nio-50,binary,50,bot_24,3253,b,48,84.25,25,102.76,179,76.24,0
e2-nio-50,binary,50,bot_24,3253,b,50,46.73,25,84.64,152,67.36,0
e2-nio-50,binary,50,bot_24,3253,b,52,58.41,25,107.14,168,60.86,0
e2-nio-50,binary,50,bot_24,3253,b,54,43.41,25,122.87,177,54.13,0
e2-nio-50,binary,50,bot_24,3253,b,56,30.31,25,97.67,153,55.33,0
e2-nio-50,binary,50,bot_24,3253,b,58,36.66,25,129.3,182,52.7,0
e2-nio-50,binary,50,bot_24,3253,b,60,22.01,25,115.35,143,27.65,0
e2-nio-50,binary,50,bot_25,3254,w,1,3.93,25,64.35,63,-1.35,0
e2-nio-50,binary,50,bot_25,3254,w,3,8.46,25,82.04,84,1.96,0
e2-nio-50,binary,50,bot_25,3254,w,5,14.33,25,75.39,79,3.61,0
e2-nio-50,binary,50,bot_25,3254,w,7,31.69,25,84.45,89,4.55,0
e2-nio-50,binary,50,bot_25,3254,w,9,8.8,25,66.67,69,2.33,0
e2-nio-50,binary,50,bot_25,3254,w,11,4,25,62.4,67,4.6,0
e2-nio-50,binary,50,bot_25,3254,w,13,6.09,25,75.94,76,0.06,0
e2-nio-50,binary,50,bot_25,3254,w,15,14.73,25,75.18,88,12.82,0
e2-nio-50,binary,50,bot_25,3254,w,17,8.76,25,78.98,87,8.02,0
e2-nio-50,binary,50,bot_25,3254,w,19,32.56,25,89.77,97,7.23,0
e2-nio-50,binary,50,bot_25,3254,w,21,33.86,25,85.33,99,13.67,0
e2-nio-50,binary,50,bot_25,3254,w,23,32.04,25,73.39,111,37.61,0
e2-nio-50,binary,50,bot_25,3254,w,25,25.41,25,87.93,110,22.07,0
e2-nio-50,binary,50,bot_25,3254,w,27,22.2,25,112.36,128,15.64,0
e2-nio-50,binary,50,bot_25,3254,w,29,43.37,25,127.01,140,12.99,0
e2-nio-50,binary,50,bot_25,3254,w,31,35.77,25,68.04,112,43.96,0
e2-nio-50,binary,50,bot_25,3254,w,33,35.97,25,100.43,129,28.57,0
e2-nio-50,binary,50,bot_25,3254,w,35,29.92,25,118.83,151,32.17,0
e2-nio-50,binary,50,bot_25,3254,w,37,31.97,25,127.92,163,35.08,0
e2-nio-50,binary,50,bot_25,3254,w,39,20.63,25,128.83,152,23.17,0
e2-nio-50,binary,50,bot_25,3254,w,41,15.22,25,112.18,125,12.82,0
e2-nio-50,binary,50,bot_25,3254,w,43,12.37,25,157.1,172,14.9,0
e2-nio-50,binary,50,bot_25,3254,w,45,60.69,25,84.47,139,54.53,0
e2-nio-50,binary,50,bot_25,3254,w,47,70.23,25,116.14,168,51.86,0
e2-nio-50,binary,50,bot_25,3254,w,49,38.58,25,93.28,144,50.72,0
e2-nio-50,binary,50,bot_25,3254,w,51,49.65,25,115.57,157,41.43,0
e2-nio-50,binary,50,bot_25,3254,w,53,31.55,25,133.57,169,35.43,0
e2-nio-50,binary,50,bot_25,3254,w,55,21.56,25,106,140,34,0
e2-nio-50,binary,50,bot_25,3254,w,57,24.98,25,141.38,171,29.62,0
e2-nio-50,binary,50,bot_25,3254,w,59,11.58,25,125.45,135,9.55,0
e2-nio-50,binary,50,bot_26,3254,b,2,4.42,25,72.7,72,-0.7,0
e2-nio-50,binary,50,bot_26,3254,b,4,7.5,25,77.53,82,4.47,0
e2-nio-50,binary,50,bot_26,3254,b,6,7.84,25,84.33,94,9.67,0
e2-nio-50,binary,50,bot_26,3254,b,8,5.54,25,52.25,79,26.75,0
e2-nio-50,binary,50,bot_26,3254,b,10,6.11,25,64.84,69,4.16,0
e2-nio-50,binary,50,bot_26,3254,b,12,3.98,25,65.8,66,0.2,0
e2-nio-50,binary,50,bot_26,3254,b,14,15.76,25,77.82,79,1.18,0
e2-nio-50,binary,50,bot_26,3254,b,16,10.89,25,74.36,86,11.64,0
e2-nio-50,binary,50,bot_26,3254,b,18,10.01,25,80.35,85,4.65,0
e2-nio-50,binary,50,bot_26,3254,b,20,16.91,25,83.91,112,28.09,0
e2-nio-50,binary,50,bot_26,3254,b,22,40.91,25,72.44,103,30.56,0
e2-nio-50,binary,50,bot_26,3254,b,24,24.66,25,65.68,94,28.32,0
e2-nio-50,binary,50,bot_26,3254,b,26,18.62,25,107.13,129,21.87,0
e2-nio-50,binary,50,bot_26,3254,b,28,15.6,25,110.76,130,19.24,0
e2-nio-50,binary,50,bot_26,3254,b,30,46.32,25,80.81,120,39.19,0
e2-nio-50,binary,50,bot_26,3254,b,32,32.07,25,79.55,111,31.45,0
e2-nio-50,binary,50,bot_26,3254,b,34,34.91,25,105.24,137,31.76,0
e2-nio-50,binary,50,bot_26,3254,b,36,38.69,25,100.16,126,25.84,0
e2-nio-50,binary,50,bot_26,3254,b,38,26.79,25,128.93,157,28.07,0
e2-nio-50,binary,50,bot_26,3254,b,40,16.24,25,99.75,116,16.25,0
e2-nio-50,binary,50,bot_26,3254,b,42,18.44,25,148.43,160,11.57,0
e2-nio-50,binary,50,bot_26,3254,b,44,60.75,25,156.14,165,8.86,0
e2-nio-50,binary,50,bot_26,3254,b,46,58.11,25,88.96,145,56.04,0
e2-nio-50,binary,50,bot_26,3254,b,48,56.33,25,120.93,186,65.07,0
e2-nio-50,binary,50,bot_26,3254,b,50,47.1,25,104.44,139,34.56,0
e2-nio-50,binary,50,bot_26,3254,b,52,41.26,25,151.87,197,45.13,0
e2-nio-50,binary,50,bot_26,3254,b,54,40.3,25,104.59,132,27.41,0
e2-nio-50,binary,50,bot_26,3254,b,56,34.77,25,135.25,153,17.75,0
e2-nio-50,binary,50,bot_26,3254,b,58,14.33,25,113.42,133,19.58,0
e2-nio-50,binary,50,bot_26,3254,b,60,16.44,25,125.87,132,6.13,0
e2-nio-50,binary,50,bot_27,3255,w,1,3.44,25,69.02,62,-7.02,0
e2-nio-50,binary,50,bot_27,3255,w,3,5.85,25,79.11,77,-2.11,0
e2-nio-50,binary,50,bot_27,3255,w,5,24.53,25,86.01,88,1.99,0
e2-nio-50,binary,50,bot_27,3255,w,7,4.13,25,52.64,69,16.36,0
e2-nio-50,binary,50,bot_27,3255,w,9,21.62,25,67.05,63,-4.05,0
e2-nio-50,binary,50,bot_27,3255,w,11,2.81,25,61.03,55,-6.03,0
e2-nio-50,binary,50,bot_27,3255,w,13,11.73,25,69.79,76,6.21,0
e2-nio-50,binary,50,bot_27,3255,w,15,7.36,25,77.78,80,2.22,0
e2-nio-50,binary,50,bot_27,3255,w,17,31.25,25,84.28,82,-2.28,0
e2-nio-50,binary,50,bot_27,3255,w,19,14.7,25,86.2,99,12.8,0
e2-nio-50,binary,50,bot_27,3255,w,21,36.31,25,77.14,98,20.86,0
e2-nio-50,binary,50,bot_27,3255,w,23,21.71,25,68.64,90,21.36,0
e2-nio-50,binary,50,bot_27,3255,w,25,16.36,25,109.38,123,13.62,0
e2-nio-50,binary,50,bot_27,3255,w,27,67.65,25,116.4,127,10.6,0
e2-nio-50,binary,50,bot_27,3255,w,29,42.73,25,84.13,107,22.87,0
e2-nio-50,binary,50,bot_27,3255,w,31,28.89,25,82.83,106,23.17,0
e2-nio-50,binary,50,bot_27,3255,w,33,30.73,25,109.42,132,22.58,0
e2-nio-50,binary,50,bot_27,3255,w,35,33.02,25,105.95,125,19.05,0
e2-nio-50,binary,50,bot_27,3255,w,37,23.98,25,131.65,150,18.35,0
e2-nio-50,binary,50,bot_27,3255,w,39,14.02,25,101.88,113,11.12,0
e2-nio-50,binary,50,bot_27,3255,w,41,15.47,25,151.43,155,3.57,0
e2-nio-50,binary,50,bot_27,3255,w,43,47.78,25,95.7,169,73.3,0
e2-nio-50,binary,50,bot_27,3255,w,45,50.83,25,96.36,144,47.64,0
e2-nio-50,binary,50,bot_27,3255,w,47,52.38,25,124.82,181,56.18,0
e2-nio-50,binary,50,bot_27,3255,w,49,42.97,25,108.54,135,26.46,0
e2-nio-50,binary,50,bot_27,3255,w,51,36.99,25,156.14,194,37.86,0
e2-nio-50,binary,50,bot_27,3255,w,53,37.02,25,107.97,126,18.03,0
e2-nio-50,binary,50,bot_27,3255,w,55,29.22,25,140.83,152,11.17,0
e2-nio-50,binary,50,bot_27,3255,w,57,10.78,25,116.89,129,12.11,0
e2-nio-50,binary,50,bot_27,3255,w,59,57.53,25,131.21,131,-0.21,0
e2-nio-50,binary,50,bot_28,3255,b,2,7.36,25,83.29,84,0.71,0
e2-nio-50,binary,50,bot_28,3255,b,4,12.23,25,78.11,82,3.89,0
e2-nio-50,binary,50,bot_28,3255,b,6,26.61,25,72.33,95,22.67,0
e2-nio-50,binary,50,bot_28,3255,b,8,6.13,25,69.59,73,3.41,0
e2-nio-50,binary,50,bot_28,3255,b,10,3.21,25,52.6,72,19.4,0
e2-nio-50,binary,50,bot_28,3255,b,12,15.67,25,77.31,78,0.69,0
e2-nio-50,binary,50,bot_28,3255,b,14,12.29,25,77.71,87,9.29,0
e2-nio-50,binary,50,bot_28,3255,b,16,7.27,25,80.73,86,5.27,0
e2-nio-50,binary,50,bot_28,3255,b,18,22.85,25,74.63,104,29.37,0
e2-nio-50,binary,50,bot_28,3255,b,20,30.33,25,88.31,101,12.69,0
e2-nio-50,binary,50,bot_28,3255,b,22,29.62,25,75.82,110,34.18,0
e2-nio-50,binary,50,bot_28,3255,b,24,22.87,25,90.51,110,19.49,0
e2-nio-50,binary,50,bot_28,3255,b,26,20.68,25,114.37,129,14.63,0
e2-nio-50,binary,50,bot_28,3255,b,28,32.82,25,80.15,146,65.85,0
e2-nio-50,binary,50,bot_28,3255,b,30,31.41,25,72.44,114,41.56,0
e2-nio-50,binary,50,bot_28,3255,b,32,32.43,25,104.03,132,27.97,0
e2-nio-50,binary,50,bot_28,3255,b,34,27.7,25,120.79,150,29.21,0
e2-nio-50,binary,50,bot_28,3255,b,36,27.86,25,132.03,163,30.97,0
e2-nio-50,binary,50,bot_28,3255,b,38,19.45,25,130.39,153,22.61,0
e2-nio-50,binary,50,bot_28,3255,b,40,13.21,25,114.33,127,12.67,0
e2-nio-50,binary,50,bot_28,3255,b,42,81.63,25,160.99,175,14.01,0
e2-nio-50,binary,50,bot_28,3255,b,44,56.23,25,88.59,132,43.41,0
e2-nio-50,binary,50,bot_28,3255,b,46,65.09,25,121.14,169,47.86,0
e2-nio-50,binary,50,bot_28,3255,b,48,36.21,25,95.67,143,47.33,0
e2-nio-50,binary,50,bot_28,3255,b,50,47.32,25,117.84,157,39.16,0
e2-nio-50,binary,50,bot_28,3255,b,52,26.67,25,138.16,171,32.84,0
e2-nio-50,binary,50,bot_28,3255,b,54,19.17,25,108.06,141,32.94,0
e2-nio-50,binary,50,bot_28,3255,b,56,21.61,25,144.89,169,24.11,0
e2-nio-50,binary,50,bot_28,3255,b,58,9.28,25,127.71,134,6.29,0
e2-nio-50,binary,50,bot_28,3255,b,60,43.27,25,84.55,138,53.45,0
e2-nio-50,binary,50,bot_29,3256,w,1,6.19,25,81.93,81,-0.93,0
e2-nio-50,binary,50,bot_29,3256,w,3,10.5,25,79.9,83,3.1,0
e2-nio-50,binary,50,bot_29,3256,w,5,25.17,25,73.87,94,20.13,0
e2-nio-50,binary,50,bot_29,3256,w,7,3.58,25,71.81,74,2.19,0
e2-nio-50,binary,50,bot_29,3256,w,9,15.49,25,54.51,74,19.49,0
e2-nio-50,binary,50,bot_29,3256,w,11,9.92,25,61.71,76,14.29,0
e2-nio-50,binary,50,bot_29,3256,w,13,8.03,25,82.02,88,5.98,0
e2-nio-50,binary,50,bot_29,3256,w,15,20.6,25,72,93,21,0
e2-nio-50,binary,50,bot_29,3256,w,17,17.94,25,79.05,97,17.95,0
e2-nio-50,binary,50,bot_29,3256,w,19,24.33,25,94.32,104,9.68,0
e2-nio-50,binary,50,bot_29,3256,w,21,26.07,25,79.31,108,28.69,0
e2-nio-50,binary,50,bot_29,3256,w,23,17.68,25,95.74,112,16.26,0
e2-nio-50,binary,50,bot_29,3256,w,25,16.01,25,119.16,132,12.84,0
e2-nio-50,binary,50,bot_29,3256,w,27,29.32,25,83.4,133,49.6,0
e2-nio-50,binary,50,bot_29,3256,w,29,28.75,25,75.07,112,36.93,0
e2-nio-50,binary,50,bot_29,3256,w,31,27.84,25,108.58,132,23.42,0
e2-nio-50,binary,50,bot_29,3256,w,33,24.73,25,123.48,149,25.52,0
e2-nio-50,binary,50,bot_29,3256,w,35,23.86,25,135.89,162,26.11,0
e2-nio-50,binary,50,bot_29,3256,w,37,16.84,25,132.62,152,19.38,0
e2-nio-50,binary,50,bot_29,3256,w,39,81.31,25,117.14,126,8.86,0
e2-nio-50,binary,50,bot_29,3256,w,41,75.44,25,91.02,167,75.98,0
e2-nio-50,binary,50,bot_29,3256,w,43,51.52,25,93.3,134,40.7,0
e2-nio-50,binary,50,bot_29,3256,w,45,59.61,25,126.62,170,43.38,0
e2-nio-50,binary,50,bot_29,3256,w,47,33.58,25,98.76,141,42.24,0
e2-nio-50,binary,50,bot_29,3256,w,49,42.37,25,122.67,157,34.33,0
e2-nio-50,binary,50,bot_29,3256,w,51,21.3,25,143.39,171,27.61,0
e2-nio-50,binary,50,bot_29,3256,w,53,15.17,25,111.87,142,30.13,0
e2-nio-50,binary,50,bot_29,3256,w,55,15.27,25,151.48,169,17.52,0
e2-nio-50,binary,50,bot_29,3256,w,57,48.55,25,93.21,144,50.79,0
e2-nio-50,binary,50,bot_29,3256,w,59,38.1,25,89.92,127,37.08,0
e2-nio-50,binary,50,bot_30,3256,b,2,5.06,25,79.34,84,4.66,0
e2-nio-50,binary,50,bot_30,3256,b,4,24.01,25,86.63,94,7.37,0
e2-nio-50,binary,50,bot_30,3256,b,6,3.9,25,52.79,75,22.21,0
e2-nio-50,binary,50,bot_30,3256,b,8,20.89,25,68.01,69,0.99,0
e2-nio-50,binary,50,bot_30,3256,b,10,17.09,25,54.44,68,13.56,0
e2-nio-50,binary,50,bot_30,3256,b,12,8.62,25,72.66,80,7.34,0
e2-nio-50,binary,50,bot_30,3256,b,14,22.81,25,80.22,86,5.78,0
e2-nio-50,binary,50,bot_30,3256,b,16,20.79,25,72.71,90,17.29,0
e2-nio-50,binary,50,bot_30,3256,b,18,11.42,25,89.16,103,13.84,0
e2-nio-50,binary,50,bot_30,3256,b,20,31.11,25,82.91,104,21.09,0
e2-nio-50,binary,50,bot_30,3256,b,22,19.32,25,71,94,23,0
e2-nio-50,binary,50,bot_30,3256,b,24,14.19,25,111.47,127,15.53,0
e2-nio-50,binary,50,bot_30,3256,b,26,53.28,25,130.4,144,13.6,0
e2-nio-50,binary,50,bot_30,3256,b,28,39.31,25,87.1,114,26.9,0
e2-nio-50,binary,50,bot_30,3256,b,30,26.38,25,85.72,112,26.28,0
e2-nio-50,binary,50,bot_30,3256,b,32,27.56,25,112.73,138,25.27,0
e2-nio-50,binary,50,bot_30,3256,b,34,28.26,25,111.25,133,21.75,0
e2-nio-50,binary,50,bot_30,3256,b,36,21.38,25,134.39,156,21.61,0
e2-nio-50,binary,50,bot_30,3256,b,38,11.35,25,104.8,119,14.2,0
e2-nio-50,binary,50,bot_30,3256,b,40,78.59,25,96.61,175,78.39,0
e2-nio-50,binary,50,bot_30,3256,b,42,44.83,25,95.36,169,73.64,0
e2-nio-50,binary,50,bot_30,3256,b,44,46.55,25,101.07,149,47.93,0
e2-nio-50,binary,50,bot_30,3256,b,46,46.75,25,130.38,185,54.62,0
e2-nio-50,binary,50,bot_30,3256,b,48,37.71,25,113.53,143,29.47,0
e2-nio-50,binary,50,bot_30,3256,b,50,31.86,25,161.11,199,37.89,0
e2-nio-50,binary,50,bot_30,3256,b,52,33.31,25,111.92,129,17.08,0
e2-nio-50,binary,50,bot_30,3256,b,54,22.8,25,147.31,159,11.69,0
e2-nio-50,binary,50,bot_30,3256,b,56,53.78,25,119.97,130,10.03,0
e2-nio-50,binary,50,bot_30,3256,b,58,41.47,25,96.46,140,43.54,0
e2-nio-50,binary,50,bot_30,3256,b,60,35.26,25,68.65,102,33.35,0
e2-nio-50,binary,50,bot_31,3257,w,1,3.88,25,79.75,83,3.25,0
e2-nio-50,binary,50,bot_31,3257,w,3,17.7,25,78.2,100,21.8,0
e2-nio-50,binary,50,bot_31,3257,w,5,20.49,25,54.91,77,22.09,0
e2-nio-50,binary,50,bot_31,3257,w,7,17.33,25,53.01,69,15.99,0
e2-nio-50,binary,50,bot_31,3257,w,9,13.31,25,58.23,70,11.77,0
e2-nio-50,binary,50,bot_31,3257,w,11,7.02,25,74.29,82,7.71,0
e2-nio-50,binary,50,bot_31,3257,w,13,18.58,25,53.22,90,36.78,0
e2-nio-50,binary,50,bot_31,3257,w,15,19.2,25,74.24,91,16.76,0
e2-nio-50,binary,50,bot_31,3257,w,17,10.33,25,90.16,104,13.84,0
e2-nio-50,binary,50,bot_31,3257,w,19,28.23,25,85.83,107,21.17,0
e2-nio-50,binary,50,bot_31,3257,w,21,17.8,25,72.52,96,23.48,0
e2-nio-50,binary,50,bot_31,3257,w,23,10.31,25,115.33,129,13.67,0
e2-nio-50,binary,50,bot_31,3257,w,25,47.54,25,93.84,147,53.16,0
e2-nio-50,binary,50,bot_31,3257,w,27,34.98,25,91.35,117,25.65,0
e2-nio-50,binary,50,bot_31,3257,w,29,22.19,25,90.01,115,24.99,0
e2-nio-50,binary,50,bot_31,3257,w,31,24.61,25,115.69,140,24.31,0
e2-nio-50,binary,50,bot_31,3257,w,33,24.17,25,115.44,137,21.56,0
e2-nio-50,binary,50,bot_31,3257,w,35,19.33,25,136.45,157,20.55,0
e2-nio-50,binary,50,bot_31,3257,w,37,68.82,25,106.9,122,15.1,0
e2-nio-50,binary,50,bot_31,3257,w,39,76.5,25,98.79,166,67.21,0
e2-nio-50,binary,50,bot_31,3257,w,41,42.56,25,97.58,172,74.42,0
e2-nio-50,binary,50,bot_31,3257,w,43,42.88,25,104.85,154,49.15,0
e2-nio-50,binary,50,bot_31,3257,w,45,42.88,25,134.2,188,53.8,0
e2-nio-50,binary,50,bot_31,3257,w,47,33.42,25,117.89,147,29.11,0
e2-nio-50,binary,50,bot_31,3257,w,49,28.75,25,164.24,199,34.76,0
e2-nio-50,binary,50,bot_31,3257,w,51,29.29,25,116.04,132,15.96,0
e2-nio-50,binary,50,bot_31,3257,w,53,19.64,25,151.06,159,7.94,0
e2-nio-50,binary,50,bot_31,3257,w,55,44.9,25,79.79,137,57.21,0
e2-nio-50,binary,50,bot_31,3257,w,57,37.77,25,100.16,140,39.84,0
e2-nio-50,binary,50,bot_31,3257,w,59,30.89,25,73.07,103,29.93,0
e2-nio-50,binary,50,bot_32,3257,b,2,23.26,25,82.6,72,-10.6,0
e2-nio-50,binary,50,bot_32,3257,b,4,23.6,25,75.24,76,0.76,0
e2-nio-50,binary,50,bot_32,3257,b,6,17.53,25,57.89,64,6.11,0
e2-nio-50,binary,50,bot_32,3257,b,8,13.52,25,56.11,58,1.89,0
e2-nio-50,binary,50,bot_32,3257,b,10,8.32,25,63.15,60,-3.15,0
e2-nio-50,binary,50,bot_32,3257,b,12,37.37,25,84.18,75,-9.18,0
e2-nio-50,binary,50,bot_32,3257,b,14,18.06,25,74.78,76,1.22,0
e2-nio-50,binary,50,bot_32,3257,b,16,14.98,25,81.98,85,3.02,0
e2-nio-50,binary,50,bot_32,3257,b,18,21.58,25,97.05,92,-5.05,0
e2-nio-50,binary,50,bot_32,3257,b,20,23.61,25,81.73,93,11.27,0
e2-nio-50,binary,50,bot_32,3257,b,22,13.77,25,99.77,102,2.23,0
e2-nio-50,binary,50,bot_32,3257,b,24,54.46,25,123.05,117,-6.05,0
e2-nio-50,binary,50,bot_32,3257,b,26,27.6,25,85.13,117,31.87,0
e2-nio-50,binary,50,bot_32,3257,b,28,26.91,25,76.91,96,19.09,0
e2-nio-50,binary,50,bot_32,3257,b,30,26.09,25,110.29,116,5.71,0
e2-nio-50,binary,50,bot_32,3257,b,32,22.72,25,125.18,134,8.82,0
e2-nio-50,binary,50,bot_32,3257,b,34,21.46,25,138.35,147,8.65,0
e2-nio-50,binary,50,bot_32,3257,b,36,15.75,25,133.34,137,3.66,0
e2-nio-50,binary,50,bot_32,3257,b,38,68.22,25,70.54,123,52.46,0
e2-nio-50,binary,50,bot_32,3257,b,40,74.26,25,92.2,153,60.8,0
e2-nio-50,binary,50,bot_32,3257,b,42,51.31,25,93.43,121,27.57,0
e2-nio-50,binary,50,bot_32,3257,b,44,56.72,25,129.58,159,29.42,0
e2-nio-50,binary,50,bot_32,3257,b,46,31.89,25,100.54,129,28.46,0
e2-nio-50,binary,50,bot_32,3257,b,48,38.28,25,126.76,146,19.24,0
e2-nio-50,binary,50,bot_32,3257,b,50,18.96,25,145.42,160,14.58,0
e2-nio-50,binary,50,bot_32,3257,b,52,12.78,25,113.98,130,16.02,0
e2-nio-50,binary,50,bot_32,3257,b,54,60.64,25,154.82,160,5.18,0
e2-nio-50,binary,50,bot_32,3257,b,56,42.72,25,99.13,130,30.87,0
e2-nio-50,binary,50,bot_32,3257,b,58,34.09,25,93.7,116,22.3,0
e2-nio-50,binary,50,bot_32,3257,b,60,35.82,25,102.85,120,17.15,0
e2-nio-50,binary,50,bot_33,3258,w,1,1.01,25,56.59,58,1.41,0
e2-nio-50,binary,50,bot_33,3258,w,3,6.15,25,88.38,94,5.62,0
e2-nio-50,binary,50,bot_33,3258,w,5,6.58,25,67.5,79,11.5,0
e2-nio-50,binary,50,bot_33,3258,w,7,18.98,25,66.99,74,7.01,0
e2-nio-50,binary,50,bot_33,3258,w,9,11.53,25,64.79,74,9.21,0
e2-nio-50,binary,50,bot_33,3258,w,11,7.5,25,63.13,81,17.87,0
e2-nio-50,binary,50,bot_33,3258,w,13,28.46,25,67.26,86,18.74,0
e2-nio-50,binary,50,bot_33,3258,w,15,19.19,25,74.04,97,22.96,0
e2-nio-50,binary,50,bot_33,3258,w,17,16.68,25,69.46,98,28.54,0
e2-nio-50,binary,50,bot_33,3258,w,19,9.65,25,106.03,115,8.97,0
e2-nio-50,binary,50,bot_33,3258,w,21,37.5,25,60.7,112,51.3,0
e2-nio-50,binary,50,bot_33,3258,w,23,18.45,25,76.1,135,58.9,0
e2-nio-50,binary,50,bot_33,3258,w,25,22.85,25,118.63,142,23.38,0
e2-nio-50,binary,50,bot_33,3258,w,27,16.55,25,109.3,123,13.7,0
e2-nio-50,binary,50,bot_33,3258,w,29,59.84,25,66.45,121,54.55,0
e2-nio-50,binary,50,bot_33,3258,w,31,59.76,25,84.51,140,55.49,0
e2-nio-50,binary,50,bot_33,3258,w,33,56.47,25,97.4,142,44.6,0
e2-nio-50,binary,50,bot_33,3258,w,35,47.84,25,110.49,166,55.51,0
e2-nio-50,binary,50,bot_33,3258,w,37,35.28,25,91.7,125,33.3,0
e2-nio-50,binary,50,bot_33,3258,w,39,48.64,25,125.83,164,38.17,0
e2-nio-50,binary,50,bot_33,3258,w,41,24.08,25,114.85,162,47.15,0
e2-nio-50,binary,50,bot_33,3258,w,43,20.21,25,128.88,154,25.12,0
e2-nio-50,binary,50,bot_33,3258,w,45,19.31,25,156.62,182,25.38,0
e2-nio-50,binary,50,bot_33,3258,w,47,13.56,25,139.22,151,11.78,0
e2-nio-50,binary,50,bot_33,3258,w,49,82.7,25,100.94,202,101.06,0
e2-nio-50,binary,50,bot_33,3258,w,51,68.27,25,93.96,144,50.04,0
e2-nio-50,binary,50,bot_33,3258,w,53,54.09,25,121.14,160,38.86,0
e2-nio-50,binary,50,bot_33,3258,w,55,37.66,25,86.6,119,32.4,0
e2-nio-50,binary,50,bot_33,3258,w,57,27.92,25,110.03,135,24.97,0
e2-nio-50,binary,50,bot_33,3258,w,59,19.51,25,85.96,104,18.04,0
e2-nio-50,binary,50,bot_34,3258,b,2,5.79,25,88.96,88,-0.96,0
e2-nio-50,binary,50,bot_34,3258,b,4,12.16,25,88.41,92,3.59,0
e2-nio-50,binary,50,bot_34,3258,b,6,6.45,25,68.81,73,4.19,0
e2-nio-50,binary,50,bot_34,3258,b,8,10.22,25,56.39,73,16.61,0
e2-nio-50,binary,50,bot_34,3258,b,10,19.14,25,64.58,74,9.42,0
e2-nio-50,binary,50,bot_34,3258,b,12,18.79,25,85.75,91,5.25,0
e2-nio-50,binary,50,bot_34,3258,b,14,23.11,25,69.29,95,25.71,0
e2-nio-50,binary,50,bot_34,3258,b,16,28.99,25,82.75,100,17.25,0
e2-nio-50,binary,50,bot_34,3258,b,18,8.91,25,83.85,98,14.15,0
e2-nio-50,binary,50,bot_34,3258,b,20,51.07,25,96.41,103,6.59,0
e2-nio-50,binary,50,bot_34,3258,b,22,59.33,25,80.12,115,34.88,0
e2-nio-50,binary,50,bot_34,3258,b,24,24,25,108.76,125,16.24,0
e2-nio-50,binary,50,bot_34,3258,b,26,15.74,25,96.32,117,20.68,0
e2-nio-50,binary,50,bot_34,3258,b,28,55.94,25,96.01,112,15.99,0
e2-nio-50,binary,50,bot_34,3258,b,30,56.09,25,81.88,139,57.12,0
e2-nio-50,binary,50,bot_34,3258,b,32,45.95,25,90.7,149,58.3,0
e2-nio-50,binary,50,bot_34,3258,b,34,56.86,25,100.93,156,55.07,0
e2-nio-50,binary,50,bot_34,3258,b,36,34.65,25,92.71,139,46.29,0
e2-nio-50,binary,50,bot_34,3258,b,38,39.16,25,100.89,135,34.11,0
e2-nio-50,binary,50,bot_34,3258,b,40,48.32,25,118.92,166,47.08,0
e2-nio-50,binary,50,bot_34,3258,b,42,29,25,115.06,135,19.94,0
e2-nio-50,binary,50,bot_34,3258,b,44,28.62,25,157.67,174,16.33,0
e2-nio-50,binary,50,bot_34,3258,b,46,14.42,25,117.88,134,16.12,0
e2-nio-50,binary,50,bot_34,3258,b,48,104.56,25,155.25,164,8.75,0
e2-nio-50,binary,50,bot_34,3258,b,50,53.98,25,84.1,163,78.9,0
e2-nio-50,binary,50,bot_34,3258,b,52,41.89,25,64.44,129,64.56,0
e2-nio-50,binary,50,bot_34,3258,b,54,35.96,25,119.07,169,49.93,0
e2-nio-50,binary,50,bot_34,3258,b,56,27.89,25,113.87,148,34.13,0
e2-nio-50,binary,50,bot_34,3258,b,58,22.43,25,104.79,130,25.21,0
e2-nio-50,binary,50,bot_34,3258,b,60,20.57,25,117.09,132,14.91,0
e2-nio-50,binary,50,bot_35,3259,w,1,5.16,25,78.62,78,-0.62,0
e2-nio-50,binary,50,bot_35,3259,w,3,10.79,25,89.88,93,3.12,0
e2-nio-50,binary,50,bot_35,3259,w,5,5.24,25,70.02,73,2.98,0
e2-nio-50,binary,50,bot_35,3259,w,7,8.8,25,57.81,71,13.19,0
e2-nio-50,binary,50,bot_35,3259,w,9,15.57,25,68.17,77,8.83,0
e2-nio-50,binary,50,bot_35,3259,w,11,17.15,25,87.44,92,4.56,0
e2-nio-50,binary,50,bot_35,3259,w,13,20.51,25,71.94,94,22.06,0
e2-nio-50,binary,50,bot_35,3259,w,15,25.88,25,85.9,102,16.1,0
e2-nio-50,binary,50,bot_35,3259,w,17,7.02,25,85.67,100,14.33,0
e2-nio-50,binary,50,bot_35,3259,w,19,38.98,25,60.85,115,54.15,0
e2-nio-50,binary,50,bot_35,3259,w,21,54.72,25,84.78,120,35.22,0
e2-nio-50,binary,50,bot_35,3259,w,23,19.72,25,113.14,129,15.86,0
e2-nio-50,binary,50,bot_35,3259,w,25,13.04,25,99.05,117,17.95,0
e2-nio-50,binary,50,bot_35,3259,w,27,55.28,25,96.75,111,14.25,0
e2-nio-50,binary,50,bot_35,3259,w,29,52.62,25,85.27,140,54.73,0
e2-nio-50,binary,50,bot_35,3259,w,31,43.15,25,93.51,148,54.49,0
e2-nio-50,binary,50,bot_35,3259,w,33,53,25,104.82,156,51.18,0
e2-nio-50,binary,50,bot_35,3259,w,35,31.63,25,95.67,141,45.33,0
e2-nio-50,binary,50,bot_35,3259,w,37,36.35,25,103.82,134,30.18,0
e2-nio-50,binary,50,bot_35,3259,w,39,43.97,25,123.41,165,41.59,0
e2-nio-50,binary,50,bot_35,3259,w,41,25.45,25,118.64,136,17.36,0
e2-nio-50,binary,50,bot_35,3259,w,43,21.26,25,165.08,182,16.92,0
e2-nio-50,binary,50,bot_35,3259,w,45,13.93,25,118.32,130,11.68,0
e2-nio-50,binary,50,bot_35,3259,w,47,87.49,25,96.2,180,83.8,0
e2-nio-50,binary,50,bot_35,3259,w,49,50.47,25,87.53,161,73.47,0
e2-nio-50,binary,50,bot_35,3259,w,51,41.07,25,65.13,127,61.87,0
e2-nio-50,binary,50,bot_35,3259,w,53,32.05,25,123.05,168,44.95,0
e2-nio-50,binary,50,bot_35,3259,w,55,21.8,25,119.98,150,30.02,0
e2-nio-50,binary,50,bot_35,3259,w,57,17.77,25,109.36,131,21.64,0
e2-nio-50,binary,50,bot_35,3259,w,59,15.54,25,122.15,135,12.85,0
e2-nio-50,binary,50,bot_36,3259,b,2,5.22,25,88.47,91,2.53,0
e2-nio-50,binary,50,bot_36,3259,b,4,5.96,25,67.68,76,8.32,0
e2-nio-50,binary,50,bot_36,3259,b,6,14.12,25,71.93,75,3.07,0
e2-nio-50,binary,50,bot_36,3259,b,8,10.39,25,65.95,73,7.05,0
e2-nio-50,binary,50,bot_36,3259,b,10,6.44,25,64.25,78,13.75,0
e2-nio-50,binary,50,bot_36,3259,b,12,23.97,25,72.11,87,14.89,0
e2-nio-50,binary,50,bot_36,3259,b,14,17.45,25,75.39,95,19.61,0
e2-nio-50,binary,50,bot_36,3259,b,16,16.25,25,69.91,94,24.09,0
e2-nio-50,binary,50,bot_36,3259,b,18,56.63,25,107.25,113,5.75,0
e2-nio-50,binary,50,bot_36,3259,b,20,36,25,61.84,100,38.16,0
e2-nio-50,binary,50,bot_36,3259,b,22,16.66,25,77.99,131,53.01,0
e2-nio-50,binary,50,bot_36,3259,b,24,20.17,25,121.33,139,17.67,0
e2-nio-50,binary,50,bot_36,3259,b,26,14.4,25,111.24,122,10.76,0
e2-nio-50,binary,50,bot_36,3259,b,28,56.7,25,69.42,123,53.58,0
e2-nio-50,binary,50,bot_36,3259,b,30,56.69,25,87.75,139,51.25,0
e2-nio-50,binary,50,bot_36,3259,b,32,52.03,25,101.75,142,40.25,0
e2-nio-50,binary,50,bot_36,3259,b,34,46.35,25,111.79,163,51.21,0
e2-nio-50,binary,50,bot_36,3259,b,36,31.23,25,95.66,125,29.34,0
e2-nio-50,binary,50,bot_36,3259,b,38,43.3,25,130.82,165,34.18,0
e2-nio-50,binary,50,bot_36,3259,b,40,21.57,25,116.89,159,42.11,0
e2-nio-50,binary,50,bot_36,3259,b,42,20.23,25,128.95,150,21.05,0
e2-nio-50,binary,50,bot_36,3259,b,44,14.8,25,160.73,178,17.27,0
e2-nio-50,binary,50,bot_36,3259,b,46,86.92,25,142.18,151,8.82,0
e2-nio-50,binary,50,bot_36,3259,b,48,76.83,25,106.02,190,83.98,0
e2-nio-50,binary,50,bot_36,3259,b,50,64.6,25,97.91,145,47.09,0
e2-nio-50,binary,50,bot_36,3259,b,52,49.46,25,125.79,162,36.21,0
e2-nio-50,binary,50,bot_36,3259,b,54,34.33,25,89.81,118,28.19,0
e2-nio-50,binary,50,bot_36,3259,b,56,25.04,25,112.81,130,17.19,0
e2-nio-50,binary,50,bot_36,3259,b,58,16.41,25,89.3,103,13.7,0
e2-nio-50,binary,50,bot_36,3259,b,60,15.81,25,126.94,138,11.06,0
e2-nio-50,binary,50,bot_37,3260,w,1,4.56,25,86.02,78,-8.02,0
e2-nio-50,binary,50,bot_37,3260,w,3,4.72,25,68.85,67,-1.85,0
e2-nio-50,binary,50,bot_37,3260,w,5,12.26,25,73.8,67,-6.8,0
e2-nio-50,binary,50,bot_37,3260,w,7,9.04,25,67.29,63,-4.29,0
e2-nio-50,binary,50,bot_37,3260,w,9,5.75,25,64.88,66,1.12,0
e2-nio-50,binary,50,bot_37,3260,w,11,22.24,25,73.83,78,4.17,0
e2-nio-50,binary,50,bot_37,3260,w,13,15.86,25,76.97,87,10.03,0
e2-nio-50,binary,50,bot_37,3260,w,15,15.05,25,71.11,84,12.89,0
e2-nio-50,binary,50,bot_37,3260,w,17,44.9,25,102.86,114,11.14,0
e2-nio-50,binary,50,bot_37,3260,w,19,33.99,25,63.94,90,26.06,0
e2-nio-50,binary,50,bot_37,3260,w,21,14.11,25,80.48,123,42.52,0
e2-nio-50,binary,50,bot_37,3260,w,23,16.88,25,124.63,132,7.38,0
e2-nio-50,binary,50,bot_37,3260,w,25,11.9,25,113.7,115,1.3,0
e2-nio-50,binary,50,bot_37,3260,w,27,52.52,25,73.65,111,37.35,0
e2-nio-50,binary,50,bot_37,3260,w,29,51.99,25,92.58,134,41.42,0
e2-nio-50,binary,50,bot_37,3260,w,31,44.87,25,108.98,138,29.02,0
e2-nio-50,binary,50,bot_37,3260,w,33,38.46,25,119.85,161,41.15,0
e2-nio-50,binary,50,bot_37,3260,w,35,27.13,25,99.82,120,20.18,0
e2-nio-50,binary,50,bot_37,3260,w,37,35.85,25,138.21,162,23.79,0
e2-nio-50,binary,50,bot_37,3260,w,39,18.1,25,120.23,148,27.77,0
e2-nio-50,binary,50,bot_37,3260,w,41,15.86,25,133.3,144,10.7,0
e2-nio-50,binary,50,bot_37,3260,w,43,9.23,25,166.18,172,5.82,0
e2-nio-50,binary,50,bot_37,3260,w,45,71.49,25,97.92,155,57.08,0
e2-nio-50,binary,50,bot_37,3260,w,47,70.68,25,112.09,183,70.91,0
e2-nio-50,binary,50,bot_37,3260,w,49,60.58,25,101.95,139,37.05,0
e2-nio-50,binary,50,bot_37,3260,w,51,42.18,25,133.13,158,24.87,0
e2-nio-50,binary,50,bot_37,3260,w,53,30.81,25,93.42,111,17.58,0
e2-nio-50,binary,50,bot_37,3260,w,55,20.76,25,117.15,127,9.85,0
e2-nio-50,binary,50,bot_37,3260,w,57,15.83,25,89.93,94,4.07,0
e2-nio-50,binary,50,bot_37,3260,w,59,79.95,25,135.57,137,1.43,0
e2-nio-50,binary,50,bot_38,3260,b,2,10.01,25,90.15,93,2.85,0
e2-nio-50,binary,50,bot_38,3260,b,4,4.56,25,70.69,73,2.31,0
e2-nio-50,binary,50,bot_38,3260,b,6,7.16,25,59.52,71,11.48,0
e2-nio-50,binary,50,bot_38,3260,b,8,12.49,25,71.52,78,6.48,0
e2-nio-50,binary,50,bot_38,3260,b,10,15.39,25,89.4,92,2.6,0
e2-nio-50,binary,50,bot_38,3260,b,12,19.63,25,72.94,93,20.06,0
e2-nio-50,binary,50,bot_38,3260,b,14,24.15,25,87.6,101,13.4,0
e2-nio-50,binary,50,bot_38,3260,b,16,21.89,25,86.93,100,13.07,0
e2-nio-50,binary,50,bot_38,3260,b,18,36.48,25,63.25,105,41.75,0
e2-nio-50,binary,50,bot_38,3260,b,20,52.78,25,86.7,118,31.3,0
e2-nio-50,binary,50,bot_38,3260,b,22,18.18,25,114.97,127,12.03,0
e2-nio-50,binary,50,bot_38,3260,b,24,12.09,25,99.99,114,14.01,0
e2-nio-50,binary,50,bot_38,3260,b,26,48.11,25,103.96,115,11.04,0
e2-nio-50,binary,50,bot_38,3260,b,28,50.9,25,86.72,137,50.28,0
e2-nio-50,binary,50,bot_38,3260,b,30,40.7,25,95.82,146,50.18,0
e2-nio-50,binary,50,bot_38,3260,b,32,51.55,25,106.11,149,42.89,0
e2-nio-50,binary,50,bot_38,3260,b,34,31.64,25,94.99,131,36.01,0
e2-nio-50,binary,50,bot_38,3260,b,36,34.57,25,105.87,130,24.13,0
e2-nio-50,binary,50,bot_38,3260,b,38,39.29,25,128.42,161,32.58,0
e2-nio-50,binary,50,bot_38,3260,b,40,21.43,25,122.8,137,14.2,0
e2-nio-50,binary,50,bot_38,3260,b,42,17.1,25,169.45,182,12.55,0
e2-nio-50,binary,50,bot_38,3260,b,44,68.95,25,123.12,128,4.88,0
e2-nio-50,binary,50,bot_38,3260,b,46,82.87,25,101.12,168,66.88,0
e2-nio-50,binary,50,bot_38,3260,b,48,47.69,25,90.19,156,65.81,0
e2-nio-50,binary,50,bot_38,3260,b,50,35.96,25,70.32,127,56.68,0
e2-nio-50,binary,50,bot_38,3260,b,52,28.61,25,126.43,164,37.57,0
e2-nio-50,binary,50,bot_38,3260,b,54,21.73,25,119.82,147,27.18,0
e2-nio-50,binary,50,bot_38,3260,b,56,14.4,25,112.53,130,17.47,0
e2-nio-50,binary,50,bot_38,3260,b,58,12,25,125.62,137,11.38,0
e2-nio-50,binary,50,bot_38,3260,b,60,22.02,25,59.6,136,76.4,0
e2-nio-50,binary,50,bot_39,3261,w,1,8.38,25,88.87,89,0.13,0
e2-nio-50,binary,50,bot_39,3261,w,3,5.42,25,70.56,74,3.44,0
e2-nio-50,binary,50,bot_39,3261,w,5,5.14,25,61.51,69,7.49,0
e2-nio-50,binary,50,bot_39,3261,w,7,7.66,25,76.38,81,4.62,0
e2-nio-50,binary,50,bot_39,3261,w,9,12.92,25,91.25,93,1.75,0
e2-nio-50,binary,50,bot_39,3261,w,11,17.25,25,75.37,92,16.63,0
e2-nio-50,binary,50,bot_39,3261,w,13,20.94,25,90.81,103,12.19,0
e2-nio-50,binary,50,bot_39,3261,w,15,12.55,25,96.58,108,11.42,0
e2-nio-50,binary,50,bot_39,3261,w,17,34.72,25,65,107,42,0
e2-nio-50,binary,50,bot_39,3261,w,19,49.22,25,90.28,122,31.72,0
e2-nio-50,binary,50,bot_39,3261,w,21,15.6,25,118.04,129,10.96,0
e2-nio-50,binary,50,bot_39,3261,w,23,8.92,25,103.18,116,12.82,0
e2-nio-50,binary,50,bot_39,3261,w,25,46.54,25,105.55,115,9.45,0
e2-nio-50,binary,50,bot_39,3261,w,27,50.61,25,86.87,136,49.13,0
e2-nio-50,binary,50,bot_39,3261,w,29,38.99,25,97.54,148,50.46,0
e2-nio-50,binary,50,bot_39,3261,w,31,49.81,25,107.93,150,42.07,0
e2-nio-50,binary,50,bot_39,3261,w,33,30.59,25,95.98,133,37.02,0
e2-nio-50,binary,50,bot_39,3261,w,35,33.08,25,107.44,132,24.56,0
e2-nio-50,binary,50,bot_39,3261,w,37,35.65,25,132.17,165,32.83,0
e2-nio-50,binary,50,bot_39,3261,w,39,19.79,25,124.46,139,14.54,0
e2-nio-50,binary,50,bot_39,3261,w,41,14.85,25,171.74,184,12.26,0
e2-nio-50,binary,50,bot_39,3261,w,43,59.28,25,66.26,138,71.74,0
e2-nio-50,binary,50,bot_39,3261,w,45,80.86,25,103.13,171,67.87,0
e2-nio-50,binary,50,bot_39,3261,w,47,45.91,25,91.9,158,66.1,0
e2-nio-50,binary,50,bot_39,3261,w,49,33.37,25,72.95,130,57.05,0
e2-nio-50,binary,50,bot_39,3261,w,51,26.5,25,128.55,164,35.45,0
e2-nio-50,binary,50,bot_39,3261,w,53,15.63,25,125.94,151,25.06,0
e2-nio-50,binary,50,bot_39,3261,w,55,10.79,25,116.09,133,16.91,0
e2-nio-50,binary,50,bot_39,3261,w,57,7.96,25,129.66,141,11.34,0
e2-nio-50,binary,50,bot_39,3261,w,59,17.52,25,64.22,140,75.78,0
e2-nio-50,binary,50,bot_40,3261,b,2,4.82,25,69.55,78,8.45,0
e2-nio-50,binary,50,bot_40,3261,b,4,9.47,25,74.91,78,3.09,0
e2-nio-50,binary,50,bot_40,3261,b,6,6.57,25,69.84,73,3.16,0
e2-nio-50,binary,50,bot_40,3261,b,8,4.32,25,66.61,71,4.39,0
e2-nio-50,binary,50,bot_40,3261,b,10,18.66,25,77.46,87,9.54,0
e2-nio-50,binary,50,bot_40,3261,b,12,14.28,25,78.8,93,14.2,0
e2-nio-50,binary,50,bot_40,3261,b,14,13.41,25,72.79,91,18.21,0
e2-nio-50,binary,50,bot_40,3261,b,16,43.74,25,103.44,114,10.56,0
e2-nio-50,binary,50,bot_40,3261,b,18,32.83,25,65.31,98,32.69,0
e2-nio-50,binary,50,bot_40,3261,b,20,11.82,25,82.52,128,45.48,0
e2-nio-50,binary,50,bot_40,3261,b,22,14.86,25,126.22,139,12.78,0
e2-nio-50,binary,50,bot_40,3261,b,24,10.16,25,115.19,121,5.81,0
e2-nio-50,binary,50,bot_40,3261,b,26,50.7,25,75.84,121,45.16,0
e2-nio-50,binary,50,bot_40,3261,b,28,50.97,25,93.77,142,48.23,0
e2-nio-50,binary,50,bot_40,3261,b,30,43.51,25,110.43,146,35.57,0
e2-nio-50,binary,50,bot_40,3261,b,32,38.66,25,119.63,167,47.37,0
e2-nio-50,binary,50,bot_40,3261,b,34,26.37,25,100.62,129,28.38,0
e2-nio-50,binary,50,bot_40,3261,b,36,33.93,25,139.93,171,31.07,0
e2-nio-50,binary,50,bot_40,3261,b,38,17.36,25,120.67,153,32.33,0
e2-nio-50,binary,50,bot_40,3261,b,40,15.02,25,134.31,149,14.69,0
e2-nio-50,binary,50,bot_40,3261,b,42,74.4,25,167.37,177,9.63,0
e2-nio-50,binary,50,bot_40,3261,b,44,70.4,25,98.85,153,54.15,0
e2-nio-50,binary,50,bot_40,3261,b,46,69.06,25,113.63,190,76.37,0
e2-nio-50,binary,50,bot_40,3261,b,48,59.37,25,103.19,144,40.81,0
e2-nio-50,binary,50,bot_40,3261,b,50,39.28,25,136.19,165,28.81,0
e2-nio-50,binary,50,bot_40,3261,b,52,29.4,25,95.02,117,21.98,0
e2-nio-50,binary,50,bot_40,3261,b,54,19.33,25,118.45,129,10.55,0
e2-nio-50,binary,50,bot_40,3261,b,56,14.03,25,91.88,98,6.12,0
e2-nio-50,binary,50,bot_40,3261,b,58,78.85,25,136.65,139,2.35,0
e2-nio-50,binary,50,bot_40,3261,b,60,28.86,25,94.05,107,12.95,0
e2-nio-50,binary,50,bot_41,3262,w,1,3.96,25,70.09,75,4.91,0
e2-nio-50,binary,50,bot_41,3262,w,3,6.46,25,77.93,82,4.07,0
e2-nio-50,binary,50,bot_41,3262,w,5,3.92,25,72.52,76,3.48,0
e2-nio-50,binary,50,bot_41,3262,w,7,5.96,25,53.53,81,27.47,0
e2-nio-50,binary,50,bot_41,3262,w,9,14.38,25,81.8,92,10.2,0
e2-nio-50,binary,50,bot_41,3262,w,11,10.76,25,82.36,96,13.64,0
e2-nio-50,binary,50,bot_41,3262,w,13,11.13,25,75.04,92,16.96,0
e2-nio-50,binary,50,bot_41,3262,w,15,40.1,25,106.78,114,7.22,0
e2-nio-50,binary,50,bot_41,3262,w,17,29.44,25,68.94,100,31.06,0
e2-nio-50,binary,50,bot_41,3262,w,19,7.84,25,86.34,128,41.66,0
e2-nio-50,binary,50,bot_41,3262,w,21,70.86,25,131.92,145,13.08,0
e2-nio-50,binary,50,bot_41,3262,w,23,30.49,25,77.19,124,46.81,0
e2-nio-50,binary,50,bot_41,3262,w,25,44.82,25,81.98,125,43.02,0
e2-nio-50,binary,50,bot_41,3262,w,27,46.03,25,99.15,145,45.85,0
e2-nio-50,binary,50,bot_41,3262,w,29,37.63,25,116.3,151,34.7,0
e2-nio-50,binary,50,bot_41,3262,w,31,33.77,25,124.35,171,46.65,0
e2-nio-50,binary,50,bot_41,3262,w,33,24.59,25,102.27,128,25.73,0
e2-nio-50,binary,50,bot_41,3262,w,35,28.57,25,144.94,170,25.06,0
e2-nio-50,binary,50,bot_41,3262,w,37,14.19,25,123.26,152,28.74,0
e2-nio-50,binary,50,bot_41,3262,w,39,95.03,25,139.48,150,10.52,0
e2-nio-50,binary,50,bot_41,3262,w,41,62.54,25,98.41,174,75.59,0
e2-nio-50,binary,50,bot_41,3262,w,43,64.05,25,104.88,156,51.12,0
e2-nio-50,binary,50,bot_41,3262,w,45,62.79,25,119.74,190,70.26,0
e2-nio-50,binary,50,bot_41,3262,w,47,55.9,25,106.6,145,38.4,0
e2-nio-50,binary,50,bot_41,3262,w,49,32.17,25,142.93,167,24.07,0
e2-nio-50,binary,50,bot_41,3262,w,51,22.49,25,101.97,120,18.03,0
e2-nio-50,binary,50,bot_41,3262,w,53,13.86,25,124.06,133,8.94,0
e2-nio-50,binary,50,bot_41,3262,w,55,77.08,25,99.15,105,5.85,0
e2-nio-50,binary,50,bot_41,3262,w,57,67.63,25,73.15,142,68.85,0
e2-nio-50,binary,50,bot_41,3262,w,59,18.25,25,105.24,116,10.76,0
e2-nio-50,binary,50,bot_42,3262,b,2,4.71,25,71.25,58,-13.25,0
e2-nio-50,binary,50,bot_42,3262,b,4,4.73,25,61.93,51,-10.93,0
e2-nio-50,binary,50,bot_42,3262,b,6,28.42,25,78.32,65,-13.32,0
e2-nio-50,binary,50,bot_42,3262,b,8,11.12,25,82.16,71,-11.16,0
e2-nio-50,binary,50,bot_42,3262,b,10,15.52,25,77.07,74,-3.07,0
e2-nio-50,binary,50,bot_42,3262,b,12,17.17,25,94.25,88,-6.25,0
e2-nio-50,binary,50,bot_42,3262,b,14,7.55,25,101.79,96,-5.79,0
e2-nio-50,binary,50,bot_42,3262,b,16,31.72,25,67.83,91,23.17,0
e2-nio-50,binary,50,bot_42,3262,b,18,43.37,25,96.15,108,11.85,0
e2-nio-50,binary,50,bot_42,3262,b,20,13.99,25,119.91,111,-8.91,0
e2-nio-50,binary,50,bot_42,3262,b,22,47.65,25,52.65,107,54.35,0
e2-nio-50,binary,50,bot_42,3262,b,24,43.63,25,75.82,90,14.18,0
e2-nio-50,binary,50,bot_42,3262,b,26,46.98,25,90.03,117,26.97,0
e2-nio-50,binary,50,bot_42,3262,b,28,34.99,25,101.3,131,29.7,0
e2-nio-50,binary,50,bot_42,3262,b,30,46.86,25,110.93,132,21.07,0
e2-nio-50,binary,50,bot_42,3262,b,32,26.96,25,99.52,116,16.48,0
e2-nio-50,binary,50,bot_42,3262,b,34,26.38,25,114.72,123,8.28,0
e2-nio-50,binary,50,bot_42,3262,b,36,30.23,25,138.47,151,12.53,0
e2-nio-50,binary,50,bot_42,3262,b,38,14.72,25,129.52,128,-1.52,0
e2-nio-50,binary,50,bot_42,3262,b,40,78.98,25,103.32,184,80.68,0
e2-nio-50,binary,50,bot_42,3262,b,42,55.05,25,70.83,119,48.17,0
e2-nio-50,binary,50,bot_42,3262,b,44,73.82,25,110.48,160,49.52,0
e2-nio-50,binary,50,bot_42,3262,b,46,42.18,25,95.35,143,47.65,0
e2-nio-50,binary,50,bot_42,3262,b,48,27.93,25,79.14,120,40.86,0
e2-nio-50,binary,50,bot_42,3262,b,50,22.4,25,132.65,150,17.35,0
e2-nio-50,binary,50,bot_42,3262,b,52,12.77,25,128.85,136,7.15,0
e2-nio-50,binary,50,bot_42,3262,b,54,9.01,25,117.23,116,-1.23,0
e2-nio-50,binary,50,bot_42,3262,b,56,73.74,25,68.75,132,63.25,0
e2-nio-50,binary,50,bot_42,3262,b,58,14.4,25,66.8,120,53.2,0
e2-nio-50,binary,50,bot_42,3262,b,60,12.96,25,97.71,101,3.29,0
e2-nio-50,binary,50,bot_43,3263,w,1,5.76,25,61.39,70,8.61,0
e2-nio-50,binary,50,bot_43,3263,w,3,10.69,25,54.73,68,13.27,0
e2-nio-50,binary,50,bot_43,3263,w,5,9.39,25,67.21,75,7.79,0
e2-nio-50,binary,50,bot_43,3263,w,7,32.79,25,56.62,79,22.38,0
e2-nio-50,binary,50,bot_43,3263,w,9,20.03,25,66.89,86,19.11,0
e2-nio-50,binary,50,bot_43,3263,w,11,15.51,25,80.93,96,15.07,0
e2-nio-50,binary,50,bot_43,3263,w,13,16.52,25,80.91,89,8.09,0
e2-nio-50,binary,50,bot_43,3263,w,15,44.1,25,61.5,114,52.5,0
e2-nio-50,binary,50,bot_43,3263,w,17,40.33,25,72.6,101,28.4,0
e2-nio-50,binary,50,bot_43,3263,w,19,36.44,25,98.16,120,21.84,0
e2-nio-50,binary,50,bot_43,3263,w,21,18.66,25,117.18,143,25.82,0
e2-nio-50,binary,50,bot_43,3263,w,23,44.28,25,59.46,109,49.54,0
e2-nio-50,binary,50,bot_43,3263,w,25,46.77,25,89.67,130,40.33,0
e2-nio-50,binary,50,bot_43,3263,w,27,45.76,25,103.1,148,44.9,0
e2-nio-50,binary,50,bot_43,3263,w,29,45.17,25,114.75,162,47.25,0
e2-nio-50,binary,50,bot_43,3263,w,31,29.84,25,119.22,156,36.78,0
e2-nio-50,binary,50,bot_43,3263,w,33,23.15,25,103.83,123,19.17,0
e2-nio-50,binary,50,bot_43,3263,w,35,24.74,25,144.8,168,23.2,0
e2-nio-50,binary,50,bot_43,3263,w,37,19.95,25,110.21,125,14.79,0
e2-nio-50,binary,50,bot_43,3263,w,39,10.08,25,161.73,172,10.27,0
e2-nio-50,binary,50,bot_43,3263,w,41,57.37,25,150.19,161,10.81,0
e2-nio-50,binary,50,bot_43,3263,w,43,67.5,25,98.33,167,68.67,0
e2-nio-50,binary,50,bot_43,3263,w,45,52.22,25,114.53,178,63.47,0
e2-nio-50,binary,50,bot_43,3263,w,47,31.41,25,96.73,158,61.27,0
e2-nio-50,binary,50,bot_43,3263,w,49,37.84,25,128.5,187,58.5,0
e2-nio-50,binary,50,bot_43,3263,w,51,23.41,25,114,144,30,0
e2-nio-50,binary,50,bot_43,3263,w,53,16.49,25,114.29,150,35.71,0
e2-nio-50,binary,50,bot_43,3263,w,55,13.83,25,115.89,128,12.11,0
e2-nio-50,binary,50,bot_43,3263,w,57,30.12,25,90.57,151,60.43,0
e2-nio-50,binary,50,bot_43,3263,w,59,35.44,25,75.66,125,49.34,0
e2-nio-50,binary,50,bot_44,3263,b,2,14.92,25,73.4,71,-2.4,0
e2-nio-50,binary,50,bot_44,3263,b,4,8.44,25,56.14,58,1.86,0
e2-nio-50,binary,50,bot_44,3263,b,6,24.07,25,80.97,81,0.03,0
e2-nio-50,binary,50,bot_44,3263,b,8,19.69,25,67.01,92,24.99,0
e2-nio-50,binary,50,bot_44,3263,b,10,16.26,25,74.42,85,10.58,0
e2-nio-50,binary,50,bot_44,3263,b,12,8.37,25,101.3,108,6.7,0
e2-nio-50,binary,50,bot_44,3263,b,14,53.67,25,98.02,106,7.98,0
e2-nio-50,binary,50,bot_44,3263,b,16,30.77,25,59.98,94,34.02,0
e2-nio-50,binary,50,bot_44,3263,b,18,22.66,25,103.67,135,31.33,0
e2-nio-50,binary,50,bot_44,3263,b,20,26.59,25,99.71,128,28.29,0
e2-nio-50,binary,50,bot_44,3263,b,22,50.6,25,111.65,120,8.35,0
e2-nio-50,binary,50,bot_44,3263,b,24,42.77,25,68.39,104,35.61,0
e2-nio-50,binary,50,bot_44,3263,b,26,46.84,25,93.26,130,36.74,0
e2-nio-50,binary,50,bot_44,3263,b,28,48.26,25,90.68,127,36.32,0
e2-nio-50,binary,50,bot_44,3263,b,30,37.26,25,118.24,155,36.76,0
e2-nio-50,binary,50,bot_44,3263,b,32,21.05,25,95.92,118,22.08,0
e2-nio-50,binary,50,bot_44,3263,b,34,25.24,25,142.03,156,13.97,0
e2-nio-50,binary,50,bot_44,3263,b,36,15.06,25,148.93,165,16.07,0
e2-nio-50,binary,50,bot_44,3263,b,38,14.51,25,127.94,140,12.06,0
e2-nio-50,binary,50,bot_44,3263,b,40,14.16,25,172.21,173,0.79,0
e2-nio-50,binary,50,bot_44,3263,b,42,71.3,25,80.18,130,49.82,0
e2-nio-50,binary,50,bot_44,3263,b,44,67.67,25,125.13,184,58.88,0
e2-nio-50,binary,50,bot_44,3263,b,46,64.11,25,79.95,124,44.05,0
e2-nio-50,binary,50,bot_44,3263,b,48,61.91,25,107.98,132,24.02,0
e2-nio-50,binary,50,bot_44,3263,b,50,33.23,25,95.12,124,28.88,0
e2-nio-50,binary,50,bot_44,3263,b,52,39.04,25,101.91,117,15.09,0
e2-nio-50,binary,50,bot_44,3263,b,54,15.38,25,90.98,98,7.02,0
e2-nio-50,binary,50,bot_44,3263,b,56,62.64,25,131.97,137,5.03,0
e2-nio-50,binary,50,bot_44,3263,b,58,52.03,25,105.88,126,20.12,0
e2-nio-50,binary,50,bot_44,3263,b,60,43.56,25,77.14,103,25.86,0
e2-nio-50,binary,50,bot_45,3264,w,1,1.57,25,70.68,72,1.32,0
e2-nio-50,binary,50,bot_45,3264,w,3,3.32,25,63.33,67,3.67,0
e2-nio-50,binary,50,bot_45,3264,w,5,20.91,25,66.01,88,21.99,0
e2-nio-50,binary,50,bot_45,3264,w,7,8.75,25,84.59,89,4.41,0
e2-nio-50,binary,50,bot_45,3264,w,9,12.95,25,79.69,92,12.31,0
e2-nio-50,binary,50,bot_45,3264,w,11,10.93,25,100.58,109,8.42,0
e2-nio-50,binary,50,bot_45,3264,w,13,4.57,25,104.87,114,9.13,0
e2-nio-50,binary,50,bot_45,3264,w,15,28.79,25,70.8,108,37.2,0
e2-nio-50,binary,50,bot_45,3264,w,17,36.05,25,103.6,131,27.4,0
e2-nio-50,binary,50,bot_45,3264,w,19,73.3,25,126.66,132,5.34,0
e2-nio-50,binary,50,bot_45,3264,w,21,41.27,25,59.82,119,59.18,0
e2-nio-50,binary,50,bot_45,3264,w,23,37.97,25,81.1,109,27.9,0
e2-nio-50,binary,50,bot_45,3264,w,25,40.51,25,96.34,137,40.66,0
e2-nio-50,binary,50,bot_45,3264,w,27,31.34,25,104.87,144,39.13,0
e2-nio-50,binary,50,bot_45,3264,w,29,36.49,25,121.42,152,30.58,0
e2-nio-50,binary,50,bot_45,3264,w,31,19.78,25,106.18,131,24.82,0
e2-nio-50,binary,50,bot_45,3264,w,33,20.11,25,121.29,140,18.71,0
e2-nio-50,binary,50,bot_45,3264,w,35,20.14,25,149.03,168,18.97,0
e2-nio-50,binary,50,bot_45,3264,w,37,65.56,25,137.03,143,5.97,0
e2-nio-50,binary,50,bot_45,3264,w,39,73.96,25,108.46,186,77.54,0
e2-nio-50,binary,50,bot_45,3264,w,41,52.85,25,73.09,129,55.91,0
e2-nio-50,binary,50,bot_45,3264,w,43,70.33,25,114.03,171,56.97,0
e2-nio-50,binary,50,bot_45,3264,w,45,39.53,25,97.99,155,57.01,0
e2-nio-50,binary,50,bot_45,3264,w,47,22.62,25,84.56,135,50.44,0
e2-nio-50,binary,50,bot_45,3264,w,49,16.43,25,138.68,163,24.32,0
e2-nio-50,binary,50,bot_45,3264,w,51,9.91,25,131.75,146,14.25,0
e2-nio-50,binary,50,bot_45,3264,w,53,56.05,25,121,126,5,0
e2-nio-50,binary,50,bot_45,3264,w,55,67.28,25,75.29,138,62.71,0
e2-nio-50,binary,50,bot_45,3264,w,57,8.31,25,72.83,134,61.17,0
e2-nio-50,binary,50,bot_45,3264,w,59,8.55,25,102.14,113,10.86,0
e2-nio-50,binary,50,bot_46,3264,b,2,4.7,25,79.56,81,1.44,0
e2-nio-50,binary,50,bot_46,3264,b,4,23.56,25,73.08,77,3.92,0
e2-nio-50,binary,50,bot_46,3264,b,6,5.13,25,54.23,76,21.77,0
e2-nio-50,binary,50,bot_46,3264,b,8,12.82,25,83.34,92,8.66,0
e2-nio-50,binary,50,bot_46,3264,b,10,9.36,25,83.65,96,12.35,0
e2-nio-50,binary,50,bot_46,3264,b,12,9.55,25,76.35,87,10.65,0
e2-nio-50,binary,50,bot_46,3264,b,14,39.13,25,107.43,111,3.57,0
e2-nio-50,binary,50,bot_46,3264,b,16,28.85,25,69.59,98,28.41,0
e2-nio-50,binary,50,bot_46,3264,b,18,6.3,25,87.41,123,35.59,0
e2-nio-50,binary,50,bot_46,3264,b,20,60.85,25,76.32,148,71.68,0
e2-nio-50,binary,50,bot_46,3264,b,22,28.49,25,78.7,119,40.3,0
e2-nio-50,binary,50,bot_46,3264,b,24,41.99,25,85.12,122,36.88,0
e2-nio-50,binary,50,bot_46,3264,b,26,40.65,25,105.27,145,39.73,0
e2-nio-50,binary,50,bot_46,3264,b,28,32.1,25,122.27,153,30.73,0
e2-nio-50,binary,50,bot_46,3264,b,30,26.03,25,131.88,168,36.12,0
e2-nio-50,binary,50,bot_46,3264,b,32,19.33,25,107.99,126,18.01,0
e2-nio-50,binary,50,bot_46,3264,b,34,19.55,25,153.24,173,19.76,0
e2-nio-50,binary,50,bot_46,3264,b,36,10.29,25,126.8,146,19.2,0
e2-nio-50,binary,50,bot_46,3264,b,38,82.29,25,92.96,155,62.04,0
e2-nio-50,binary,50,bot_46,3264,b,40,60.65,25,100.07,171,70.93,0
e2-nio-50,binary,50,bot_46,3264,b,42,60.98,25,107.88,157,49.12,0
e2-nio-50,binary,50,bot_46,3264,b,44,61.23,25,121.22,188,66.78,0
e2-nio-50,binary,50,bot_46,3264,b,46,53.74,25,108.73,144,35.27,0
e2-nio-50,binary,50,bot_46,3264,b,48,29.32,25,145.77,165,19.23,0
e2-nio-50,binary,50,bot_46,3264,b,50,19.38,25,104.92,117,12.08,0
e2-nio-50,binary,50,bot_46,3264,b,52,9.61,25,128.36,135,6.64,0
e2-nio-50,binary,50,bot_46,3264,b,54,67.47,25,58.1,109,50.9,0
e2-nio-50,binary,50,bot_46,3264,b,56,65.79,25,75.4,139,63.6,0
e2-nio-50,binary,50,bot_46,3264,b,58,14.95,25,108.77,113,4.23,0
e2-nio-50,binary,50,bot_46,3264,b,60,58.49,25,113,116,3,0
e2-nio-50,binary,50,bot_47,3265,w,1,2.53,25,78.66,71,-7.66,0
e2-nio-50,binary,50,bot_47,3265,w,3,19.85,25,67.64,72,4.36,0
e2-nio-50,binary,50,bot_47,3265,w,5,3.94,25,55.43,68,12.57,0
e2-nio-50,binary,50,bot_47,3265,w,7,11.3,25,67.95,84,16.05,0
e2-nio-50,binary,50,bot_47,3265,w,9,7.58,25,85.38,87,1.62,0
e2-nio-50,binary,50,bot_47,3265,w,11,7.88,25,78.04,77,-1.04,0
e2-nio-50,binary,50,bot_47,3265,w,13,37.64,25,71.63,104,32.37,0
e2-nio-50,binary,50,bot_47,3265,w,15,28.59,25,69.84,87,17.16,0
e2-nio-50,binary,50,bot_47,3265,w,17,79.2,25,88.56,114,25.44,0
e2-nio-50,binary,50,bot_47,3265,w,19,60.57,25,76.26,130,53.74,0
e2-nio-50,binary,50,bot_48,3265,b,2,11.85,25,64.34,67,2.66,0
e2-nio-50,binary,50,bot_48,3265,b,4,20.23,25,66.31,83,16.69,0
e2-nio-50,binary,50,bot_48,3265,b,6,24.55,25,85.96,88,2.04,0
e2-nio-50,binary,50,bot_48,3265,b,8,11.22,25,81.56,91,9.44,0
e2-nio-50,binary,50,bot_48,3265,b,10,8.29,25,103.35,110,6.65,0
e2-nio-50,binary,50,bot_48,3265,b,12,40.7,25,106.11,113,6.89,0
e2-nio-50,binary,50,bot_48,3265,b,14,26.8,25,72.94,108,35.06,0
e2-nio-50,binary,50,bot_48,3265,b,16,34.25,25,105.58,131,25.42,0
e2-nio-50,binary,50,bot_48,3265,b,18,64.19,25,62.29,140,77.71,0
e2-nio-50,binary,50,bot_48,3265,b,20,40.78,25,61.99,120,58.01,0
e2-nio-50,binary,50,bot_49,3266,w,1,8.39,25,55.53,59,3.47,0
e2-nio-50,binary,50,bot_49,3266,w,3,8.08,25,78.22,80,1.78,0
e2-nio-50,binary,50,bot_49,3266,w,5,27.75,25,93.02,90,-3.02,0
e2-nio-50,binary,50,bot_49,3266,w,7,21.8,25,68.79,85,16.21,0
e2-nio-50,binary,50,bot_49,3266,w,9,12.8,25,97.2,106,8.8,0
e2-nio-50,binary,50,bot_49,3266,w,11,13.05,25,92.78,105,12.22,0
e2-nio-50,binary,50,bot_49,3266,w,13,40.21,25,93.97,94,0.03,0
e2-nio-50,binary,50,bot_49,3266,w,15,26.5,25,99.82,135,35.18,0
e2-nio-50,binary,50,bot_49,3266,w,17,32.41,25,93.72,125,31.28,0
e2-nio-50,binary,50,bot_49,3266,w,19,56.36,25,106.22,120,13.78,0
e2-nio-50,binary,50,bot_49,3266,w,21,48.7,25,62.48,102,39.52,0
e2-nio-50,binary,50,bot_49,3266,w,23,55.09,25,84.42,125,40.58,0
e2-nio-50,binary,50,bot_49,3266,w,25,52.7,25,85.94,125,39.06,0
e2-nio-50,binary,50,bot_49,3266,w,27,47.86,25,107.86,150,42.14,0
e2-nio-50,binary,50,bot_49,3266,w,29,28.32,25,88.87,114,25.13,0
e2-nio-50,binary,50,bot_49,3266,w,31,31.39,25,135.75,153,17.25,0
e2-nio-50,binary,50,bot_49,3266,w,33,20.09,25,143.57,165,21.43,0
e2-nio-50,binary,50,bot_49,3266,w,35,21.64,25,120.55,138,17.45,0
e2-nio-50,binary,50,bot_49,3266,w,37,23.68,25,162.19,170,7.81,0
e2-nio-50,binary,50,bot_49,3266,w,39,11.95,25,114.4,117,2.6,0
e2-nio-50,binary,50,bot_49,3266,w,41,76.53,25,116.14,187,70.86,0
e2-nio-50,binary,50,bot_49,3266,w,43,68.86,25,74.47,123,48.53,0
e2-nio-50,binary,50,bot_49,3266,w,45,65.96,25,103.93,129,25.07,0
e2-nio-50,binary,50,bot_49,3266,w,47,35.54,25,93.05,126,32.95,0
e2-nio-50,binary,50,bot_49,3266,w,49,41.41,25,98.87,115,16.13,0
e2-nio-50,binary,50,bot_49,3266,w,51,17.34,25,89.09,100,10.91,0
e2-nio-50,binary,50,bot_49,3266,w,53,14.2,25,128.91,137,8.09,0
e2-nio-50,binary,50,bot_49,3266,w,55,55.91,25,102.1,136,33.9,0
e2-nio-50,binary,50,bot_49,3266,w,57,47.77,25,72.96,101,28.04,0
e2-nio-50,binary,50,bot_49,3266,w,59,23.67,25,69.88,90,20.12,0
e2-nio-50,binary,50,bot_50,3266,b,2,13.13,25,63.45,66,2.55,0
e2-nio-50,binary,50,bot_50,3266,b,4,7.89,25,66.01,68,1.99,0
e2-nio-50,binary,50,bot_50,3266,b,6,25.75,25,61.25,83,21.75,0
e2-nio-50,binary,50,bot_50,3266,b,8,19.24,25,77.22,92,14.78,0
e2-nio-50,binary,50,bot_50,3266,b,10,22.73,25,74.41,80,5.59,0
e2-nio-50,binary,50,bot_50,3266,b,12,11.52,25,95.61,102,6.39,0
e2-nio-50,binary,50,bot_50,3266,b,14,44.58,25,68.83,103,34.17,0
e2-nio-50,binary,50,bot_50,3266,b,16,42.18,25,92.51,112,19.49,0
e2-nio-50,binary,50,bot_50,3266,b,18,24.59,25,111.24,138,26.76,0
e2-nio-50,binary,50,bot_50,3266,b,20,49.2,25,54.26,102,47.74,0
e2-nio-50,binary,50,bot_50,3266,b,22,50.26,25,86.3,127,40.7,0
e2-nio-50,binary,50,bot_50,3266,b,24,49.45,25,99.81,148,48.19,0
e2-nio-50,binary,50,bot_50,3266,b,26,52.15,25,107.8,155,47.2,0
e2-nio-50,binary,50,bot_50,3266,b,28,34.55,25,114.38,155,40.62,0
e2-nio-50,binary,50,bot_50,3266,b,30,27.29,25,99.45,120,20.55,0
e2-nio-50,binary,50,bot_50,3266,b,32,31.01,25,138.72,163,24.28,0
e2-nio-50,binary,50,bot_50,3266,b,34,25.56,25,104.74,118,13.26,0
e2-nio-50,binary,50,bot_50,3266,b,36,16.82,25,155.28,169,13.72,0
e2-nio-50,binary,50,bot_50,3266,b,38,11.44,25,145.94,163,17.06,0
e2-nio-50,binary,50,bot_50,3266,b,40,79.92,25,161.26,166,4.74,0
e2-nio-50,binary,50,bot_50,3266,b,42,57.07,25,109.99,180,70.01,0
e2-nio-50,binary,50,bot_50,3266,b,44,33.38,25,95.49,156,60.51,0
e2-nio-50,binary,50,bot_50,3266,b,46,41.58,25,124.82,183,58.18,0
e2-nio-50,binary,50,bot_50,3266,b,48,26.75,25,110.68,140,29.32,0
e2-nio-50,binary,50,bot_50,3266,b,50,19.26,25,112.07,147,34.93,0
e2-nio-50,binary,50,bot_50,3266,b,52,17.52,25,112.11,122,9.89,0
e2-nio-50,binary,50,bot_50,3266,b,54,43.19,25,129,136,7,0
e2-nio-50,binary,50,bot_50,3266,b,56,37.07,25,74.03,123,48.97,0
e2-nio-50,binary,50,bot_50,3266,b,58,30.34,25,75.67,117,41.33,0
e2-nio-50,binary,50,bot_50,3266,b,60,27.34,25,79.41,98,18.59,0
e2-nio-50,binary,50,bot_51,3267,w,1,13.2,25,63.22,73,9.78,0
e2-nio-50,binary,50,bot_51,3267,w,3,9.7,25,64.26,76,11.74,0
e2-nio-50,binary,50,bot_51,3267,w,5,28.84,25,82.23,90,7.77,0
e2-nio-50,binary,50,bot_51,3267,w,7,22.85,25,73.67,98,24.33,0
e2-nio-50,binary,50,bot_51,3267,w,9,26.29,25,70.47,87,16.53,0
e2-nio-50,binary,50,bot_51,3267,w,11,16.21,25,91.52,109,17.48,0
e2-nio-50,binary,50,bot_51,3267,w,13,10.86,25,89.16,98,8.84,0
e2-nio-50,binary,50,bot_51,3267,w,15,52.88,25,82.13,124,41.87,0
e2-nio-50,binary,50,bot_51,3267,w,17,33.52,25,102.13,141,38.87,0
e2-nio-50,binary,50,bot_51,3267,w,19,8.91,25,97.43,110,12.57,0
e2-nio-50,binary,50,bot_51,3267,w,21,13.35,25,115,127,12,0
e2-nio-50,binary,50,bot_51,3267,w,23,74.48,25,135.82,143,7.18,0
e2-nio-50,binary,50,bot_51,3267,w,25,62.7,25,96.97,156,59.03,0
e2-nio-50,binary,50,bot_51,3267,w,27,46.94,25,101.39,156,54.61,0
e2-nio-50,binary,50,bot_51,3267,w,29,35.79,25,90.49,126,35.51,0
e2-nio-50,binary,50,bot_51,3267,w,31,45.73,25,125.57,172,46.43,0
e2-nio-50,binary,50,bot_51,3267,w,33,32.38,25,96.55,125,28.45,0
e2-nio-50,binary,50,bot_51,3267,w,35,33.04,25,140.11,170,29.89,0
e2-nio-50,binary,50,bot_51,3267,w,37,27.11,25,131.33,166,34.67,0
e2-nio-50,binary,50,bot_51,3267,w,39,19.43,25,150.16,173,22.84,0
e2-nio-50,binary,50,bot_51,3267,w,41,16.5,25,164.43,189,24.57,0
e2-nio-50,binary,50,bot_51,3267,w,43,13.57,25,148.75,158,9.25,0
e2-nio-50,binary,50,bot_51,3267,w,45,63.94,25,102.36,178,75.64,0
e2-nio-50,binary,50,bot_51,3267,w,47,44.62,25,92.48,135,42.52,0
e2-nio-50,binary,50,bot_51,3267,w,49,34.81,25,97.4,152,54.6,0
e2-nio-50,binary,50,bot_51,3267,w,51,35.5,25,92.71,118,25.29,0
e2-nio-50,binary,50,bot_51,3267,w,53,24.55,25,115.08,140,24.92,0
e2-nio-50,binary,50,bot_51,3267,w,55,16.9,25,105.97,120,14.03,0
e2-nio-50,binary,50,bot_51,3267,w,57,9.68,25,110.2,118,7.8,0
e2-nio-50,binary,50,bot_51,3267,w,59,4.79,25,90.64,91,0.36,0
e2-nio-50,binary,50,bot_52,3267,b,2,13.39,25,73.04,81,7.96,0
e2-nio-50,binary,50,bot_52,3267,b,4,9.03,25,87.71,92,4.29,0
e2-nio-50,binary,50,bot_52,3267,b,6,26.46,25,64.06,85,20.94,0
e2-nio-50,binary,50,bot_52,3267,b,8,18.05,25,92.2,109,16.8,0
e2-nio-50,binary,50,bot_52,3267,b,10,19.91,25,85.77,105,19.23,0
e2-nio-50,binary,50,bot_52,3267,b,12,11.29,25,88.38,96,7.62,0
e2-nio-50,binary,50,bot_52,3267,b,14,44.93,25,128.36,133,4.64,0
e2-nio-50,binary,50,bot_52,3267,b,16,41.01,25,85.19,130,44.81,0
e2-nio-50,binary,50,bot_52,3267,b,18,13.98,25,90.17,116,25.83,0
e2-nio-50,binary,50,bot_52,3267,b,20,13.96,25,103.02,105,1.98,0
e2-nio-50,binary,50,bot_52,3267,b,22,9.97,25,125.64,132,6.36,0
e2-nio-50,binary,50,bot_52,3267,b,24,61.45,25,77.33,144,66.67,0
e2-nio-50,binary,50,bot_52,3267,b,26,57.46,25,98.49,155,56.51,0
e2-nio-50,binary,50,bot_52,3267,b,28,38.15,25,79.61,119,39.39,0
e2-nio-50,binary,50,bot_52,3267,b,30,48.29,25,118.73,148,29.27,0
e2-nio-50,binary,50,bot_52,3267,b,32,31.34,25,132.29,172,39.71,0
e2-nio-50,binary,50,bot_52,3267,b,34,33.81,25,108.89,135,26.11,0
e2-nio-50,binary,50,bot_52,3267,b,36,38.32,25,146.65,173,26.35,0
e2-nio-50,binary,50,bot_52,3267,b,38,26.19,25,99.84,121,21.16,0
e2-nio-50,binary,50,bot_52,3267,b,40,27.89,25,157.6,170,12.4,0
e2-nio-50,binary,50,bot_52,3267,b,42,12.25,25,124.89,135,10.11,0
e2-nio-50,binary,50,bot_52,3267,b,44,79.35,25,128.09,136,7.91,0
e2-nio-50,binary,50,bot_52,3267,b,46,45.02,25,84.61,141,56.39,0
e2-nio-50,binary,50,bot_52,3267,b,48,56.39,25,83.21,120,36.79,0
e2-nio-50,binary,50,bot_52,3267,b,50,27.42,25,79.19,107,27.81,0
e2-nio-50,binary,50,bot_52,3267,b,52,27.48,25,115.83,144,28.17,0
e2-nio-50,binary,50,bot_52,3267,b,54,17.58,25,116.42,134,17.58,0
e2-nio-50,binary,50,bot_52,3267,b,56,10.24,25,99.24,108,8.76,0
e2-nio-50,binary,50,bot_52,3267,b,58,5.21,25,80.13,84,3.87,0
e2-nio-50,binary,50,bot_52,3267,b,60,37.25,25,107.91,107,-0.91,0
e2-nio-50,binary,50,bot_53,3268,w,1,11.55,25,60.16,75,14.84,0
e2-nio-50,binary,50,bot_53,3268,w,3,10.29,25,79.73,85,5.27,0
e2-nio-50,binary,50,bot_53,3268,w,5,28.27,25,82.24,84,1.76,0
e2-nio-50,binary,50,bot_53,3268,w,7,20.85,25,76.15,95,18.85,0
e2-nio-50,binary,50,bot_53,3268,w,9,27.71,25,90.95,100,9.05,0
e2-nio-50,binary,50,bot_53,3268,w,11,26.23,25,79.24,107,27.76,0
e2-nio-50,binary,50,bot_53,3268,w,13,19.72,25,93.66,109,15.34,0
e2-nio-50,binary,50,bot_53,3268,w,15,17.84,25,117.32,127,9.68,0
e2-nio-50,binary,50,bot_53,3268,w,17,30.62,25,82.11,132,49.89,0
e2-nio-50,binary,50,bot_53,3268,w,19,29.7,25,74.13,109,34.87,0
e2-nio-50,binary,50,bot_53,3268,w,21,29.56,25,106.89,129,22.11,0
e2-nio-50,binary,50,bot_53,3268,w,23,25.84,25,122.53,146,23.47,0
e2-nio-50,binary,50,bot_53,3268,w,25,25.51,25,134.3,158,23.7,0
e2-nio-50,binary,50,bot_53,3268,w,27,17.81,25,131.88,149,17.12,0
e2-nio-50,binary,50,bot_53,3268,w,29,11.36,25,116.22,123,6.78,0
e2-nio-50,binary,50,bot_53,3268,w,31,73.63,25,90.1,175,84.9,0
e2-nio-50,binary,50,bot_53,3268,w,33,53.65,25,91.17,130,38.83,0
e2-nio-50,binary,50,bot_53,3268,w,35,62.02,25,124.18,165,40.82,0
e2-nio-50,binary,50,bot_53,3268,w,37,34.58,25,97.33,138,40.67,0
e2-nio-50,binary,50,bot_53,3268,w,39,45.3,25,119.84,152,32.16,0
e2-nio-50,binary,50,bot_53,3268,w,41,23.27,25,141.52,168,26.48,0
e2-nio-50,binary,50,bot_53,3268,w,43,16.82,25,110.34,138,27.66,0
e2-nio-50,binary,50,bot_53,3268,w,45,18.38,25,148.2,165,16.8,0
e2-nio-50,binary,50,bot_53,3268,w,47,57.76,25,130.15,133,2.85,0
e2-nio-50,binary,50,bot_53,3268,w,49,40.37,25,87.37,122,34.63,0
e2-nio-50,binary,50,bot_53,3268,w,51,41.17,25,97.27,127,29.73,0
e2-nio-50,binary,50,bot_53,3268,w,53,16,25,104.3,129,24.7,0
e2-nio-50,binary,50,bot_53,3268,w,55,25.06,25,85.97,115,29.03,0
e2-nio-50,binary,50,bot_53,3268,w,57,11.39,25,93.22,110,16.78,0
e2-nio-50,binary,50,bot_53,3268,w,59,13.5,25,93.45,97,3.55,0
e2-nio-50,binary,50,bot_54,3268,b,2,10.98,25,70.24,81,10.76,0
e2-nio-50,binary,50,bot_54,3268,b,4,6.74,25,78.08,87,8.92,0
e2-nio-50,binary,50,bot_54,3268,b,6,24.09,25,69.61,97,27.39,0
e2-nio-50,binary,50,bot_54,3268,b,8,13.83,25,86.87,106,19.13,0
e2-nio-50,binary,50,bot_54,3268,b,10,34.02,25,79.7,106,26.3,0
e2-nio-50,binary,50,bot_54,3268,b,12,20.35,25,69.99,95,25.01,0
e2-nio-50,binary,50,bot_54,3268,b,14,15.08,25,110.61,129,18.39,0
e2-nio-50,binary,50,bot_54,3268,b,16,55.12,25,128.6,145,16.4,0
e2-nio-50,binary,50,bot_54,3268,b,18,40.21,25,86.43,114,27.57,0
e2-nio-50,binary,50,bot_54,3268,b,20,27.11,25,84.86,112,27.14,0
e2-nio-50,binary,50,bot_54,3268,b,22,28.29,25,111.93,140,28.07,0
e2-nio-50,binary,50,bot_54,3268,b,24,29.47,25,109.91,135,25.09,0
e2-nio-50,binary,50,bot_54,3268,b,26,22.2,25,133.54,158,24.46,0
e2-nio-50,binary,50,bot_54,3268,b,28,12.47,25,103.55,120,16.45,0
e2-nio-50,binary,50,bot_54,3268,b,30,90.55,25,155.18,165,9.82,0
e2-nio-50,binary,50,bot_54,3268,b,32,45.75,25,94.79,170,75.21,0
e2-nio-50,binary,50,bot_54,3268,b,34,47.81,25,99.71,150,50.29,0
e2-nio-50,binary,50,bot_54,3268,b,36,48.9,25,128.31,186,57.69,0
e2-nio-50,binary,50,bot_54,3268,b,38,39.96,25,111.5,143,31.5,0
e2-nio-50,binary,50,bot_54,3268,b,40,33.98,25,159.08,201,41.92,0
e2-nio-50,binary,50,bot_54,3268,b,42,34.5,25,110.66,130,19.34,0
e2-nio-50,binary,50,bot_54,3268,b,44,24.49,25,145.61,159,13.39,0
e2-nio-50,binary,50,bot_54,3268,b,46,8.33,25,119.09,134,14.91,0
e2-nio-50,binary,50,bot_54,3268,b,48,42.93,25,95.16,149,53.84,0
e2-nio-50,binary,50,bot_54,3268,b,50,36.68,25,67.68,105,37.32,0
e2-nio-50,binary,50,bot_54,3268,b,52,31.94,25,111.64,148,36.36,0
e2-nio-50,binary,50,bot_54,3268,b,54,36.9,25,121.27,133,11.73,0
e2-nio-50,binary,50,bot_54,3268,b,56,23.8,25,96.79,118,21.21,0
e2-nio-50,binary,50,bot_54,3268,b,58,10.32,25,83.37,90,6.63,0
e2-nio-50,binary,50,bot_54,3268,b,60,4.92,25,89.07,99,9.93,0
e2-nio-50,binary,50,bot_55,3269,w,1,12.09,25,59.98,79,19.02,0
e2-nio-50,binary,50,bot_55,3269,w,3,9.25,25,62.04,80,17.96,0
e2-nio-50,binary,50,bot_55,3269,w,5,6.27,25,87.02,89,1.98,0
e2-nio-50,binary,50,bot_55,3269,w,7,22.12,25,64.09,100,35.91,0
e2-nio-50,binary,50,bot_55,3269,w,9,19.09,25,95.71,103,7.29,0
e2-nio-50,binary,50,bot_55,3269,w,11,17.18,25,83.5,90,6.5,0
e2-nio-50,binary,50,bot_55,3269,w,13,34.87,25,60.08,123,62.92,0
e2-nio-50,binary,50,bot_55,3269,w,15,35.98,25,105.22,131,25.78,0
e2-nio-50,binary,50,bot_55,3269,w,17,27.33,25,99.16,111,11.84,0
e2-nio-50,binary,50,bot_55,3269,w,19,16.99,25,95.65,108,12.35,0
e2-nio-50,binary,50,bot_55,3269,w,21,18.45,25,121.72,129,7.28,0
e2-nio-50,binary,50,bot_55,3269,w,23,12.56,25,126.91,131,4.09,0
e2-nio-50,binary,50,bot_55,3269,w,25,66.48,25,92.07,159,66.93,0
e2-nio-50,binary,50,bot_55,3269,w,27,52.73,25,74.05,109,34.95,0
e2-nio-50,binary,50,bot_55,3269,w,29,69.08,25,106.18,153,46.82,0
e2-nio-50,binary,50,bot_55,3269,w,31,34.91,25,104.83,164,59.17,0
e2-nio-50,binary,50,bot_55,3269,w,33,34.88,25,113.27,146,32.73,0
e2-nio-50,binary,50,bot_55,3269,w,35,31.23,25,145.43,183,37.57,0
e2-nio-50,binary,50,bot_55,3269,w,37,22.33,25,129.53,144,14.47,0
e2-nio-50,binary,50,bot_55,3269,w,39,18.43,25,174.83,193,18.17,0
e2-nio-50,binary,50,bot_55,3269,w,41,17.85,25,128.14,130,1.86,0
e2-nio-50,binary,50,bot_55,3269,w,43,72.98,25,158.39,156,-2.39,0
e2-nio-50,binary,50,bot_55,3269,w,45,41.72,25,83.08,121,37.92,0
e2-nio-50,binary,50,bot_55,3269,w,47,33.31,25,104.79,137,32.21,0
e2-nio-50,binary,50,bot_55,3269,w,49,25.79,25,79.26,102,22.74,0
e2-nio-50,binary,50,bot_55,3269,w,51,26.12,25,117.89,143,25.11,0
e2-nio-50,binary,50,bot_55,3269,w,53,33.53,25,124.69,129,4.31,0
e2-nio-50,binary,50,bot_55,3269,w,55,19.35,25,101.27,114,12.73,0
e2-nio-50,binary,50,bot_55,3269,w,57,6.65,25,87.06,86,-1.06,0
e2-nio-50,binary,50,bot_55,3269,w,59,24.85,25,92.73,93,0.27,0
e2-nio-50,binary,50,bot_56,3269,b,2,27.35,25,76.71,81,4.29,0
e2-nio-50,binary,50,bot_56,3269,b,4,10.86,25,81.64,85,3.36,0
e2-nio-50,binary,50,bot_56,3269,b,6,46.32,25,89.05,88,-1.05,0
e2-nio-50,binary,50,bot_56,3269,b,8,16.95,25,76.66,93,16.34,0
e2-nio-50,binary,50,bot_56,3269,b,10,16.17,25,89,100,11,0
e2-nio-50,binary,50,bot_56,3269,b,12,73.67,25,105.04,116,10.96,0
e2-nio-50,binary,50,bot_56,3269,b,14,36.77,25,95.81,123,27.19,0
e2-nio-50,binary,50,bot_56,3269,b,16,22.25,25,90.26,119,28.74,0
e2-nio-50,binary,50,bot_56,3269,b,18,21.79,25,81.84,103,21.16,0
e2-nio-50,binary,50,bot_56,3269,b,20,17.7,25,118.65,129,10.35,0
e2-nio-50,binary,50,bot_56,3269,b,22,14.13,25,133.37,145,11.63,0
e2-nio-50,binary,50,bot_56,3269,b,24,77.21,25,149.51,155,5.49,0
e2-nio-50,binary,50,bot_56,3269,b,26,45.32,25,83.49,143,59.51,0
e2-nio-50,binary,50,bot_56,3269,b,28,57.12,25,81.65,128,46.35,0
e2-nio-50,binary,50,bot_56,3269,b,30,69.07,25,97.79,160,62.21,0
e2-nio-50,binary,50,bot_56,3269,b,32,43.74,25,100.93,128,27.07,0
e2-nio-50,binary,50,bot_56,3269,b,34,47.52,25,138.64,166,27.36,0
e2-nio-50,binary,50,bot_56,3269,b,36,25.66,25,106.69,130,23.31,0
e2-nio-50,binary,50,bot_56,3269,b,38,28.94,25,136,151,15,0
e2-nio-50,binary,50,bot_56,3269,b,40,12.01,25,151.52,163,11.48,0
e2-nio-50,binary,50,bot_56,3269,b,42,7.75,25,118.16,128,9.84,0
e2-nio-50,binary,50,bot_56,3269,b,44,48.31,25,106.09,172,65.91,0
e2-nio-50,binary,50,bot_56,3269,b,46,42.55,25,98.92,133,34.08,0
e2-nio-50,binary,50,bot_56,3269,b,48,32.73,25,94.65,119,24.35,0
e2-nio-50,binary,50,bot_56,3269,b,50,35.13,25,101.83,120,18.17,0
e2-nio-50,binary,50,bot_56,3269,b,52,13.54,25,106.37,124,17.63,0
e2-nio-50,binary,50,bot_56,3269,b,54,22.33,25,88.67,114,25.33,0
e2-nio-50,binary,50,bot_56,3269,b,56,9.7,25,94.61,106,11.39,0
e2-nio-50,binary,50,bot_56,3269,b,58,10.59,25,96.59,95,-1.59,0
e2-nio-50,binary,50,bot_56,3269,b,60,11.95,25,63.84,80,16.16,0
e2-nio-50,binary,50,bot_57,3270,w,1,11.84,25,92.39,83,-9.39,0
e2-nio-50,binary,50,bot_57,3270,w,3,16.76,25,75.89,82,6.11,0
e2-nio-50,binary,50,bot_57,3270,w,5,19.69,25,91.7,92,0.3,0
e2-nio-50,binary,50,bot_57,3270,w,7,11.39,25,97.81,99,1.19,0
e2-nio-50,binary,50,bot_57,3270,w,9,34.07,25,65.61,95,29.39,0
e2-nio-50,binary,50,bot_57,3270,w,11,48.09,25,91.38,111,19.62,0
e2-nio-50,binary,50,bot_57,3270,w,13,14.25,25,119.53,118,-1.53,0
e2-nio-50,binary,50,bot_57,3270,w,15,12.28,25,104.53,104,-0.53,0
e2-nio-50,binary,50,bot_57,3270,w,17,44.73,25,75.51,104,28.49,0
e2-nio-50,binary,50,bot_57,3270,w,19,48.29,25,88.97,124,35.03,0
e2-nio-50,binary,50,bot_57,3270,w,21,36.21,25,100.39,138,37.61,0
e2-nio-50,binary,50,bot_57,3270,w,23,47.82,25,110.02,140,29.98,0
e2-nio-50,binary,50,bot_57,3270,w,25,28.27,25,98.22,121,22.78,0
e2-nio-50,binary,50,bot_57,3270,w,27,28.95,25,111.78,126,14.22,0
e2-nio-50,binary,50,bot_57,3270,w,29,31.79,25,136.2,155,18.8,0
e2-nio-50,binary,50,bot_57,3270,w,31,16.68,25,127.59,132,4.41,0
e2-nio-50,binary,50,bot_57,3270,w,33,90.3,25,176.77,179,2.23,0
e2-nio-50,binary,50,bot_57,3270,w,35,56.02,25,69.69,123,53.31,0
e2-nio-50,binary,50,bot_57,3270,w,37,75.36,25,108.79,165,56.21,0
e2-nio-50,binary,50,bot_57,3270,w,39,43.4,25,94.34,148,53.66,0
e2-nio-50,binary,50,bot_57,3270,w,41,31.03,25,75.81,124,48.19,0
e2-nio-50,binary,50,bot_57,3270,w,43,24.9,25,130.11,155,24.89,0
e2-nio-50,binary,50,bot_57,3270,w,45,14.22,25,127.38,141,13.62,0
e2-nio-50,binary,50,bot_57,3270,w,47,9.39,25,117.32,122,4.68,0
e2-nio-50,binary,50,bot_57,3270,w,49,81.55,25,130.99,131,0.01,0
e2-nio-50,binary,50,bot_57,3270,w,51,16.06,25,65.6,125,59.4,0
e2-nio-50,binary,50,bot_57,3270,w,53,13.97,25,96.93,108,11.07,0
e2-nio-50,binary,50,bot_57,3270,w,55,16.54,25,99.36,100,0.64,0
e2-nio-50,binary,50,bot_57,3270,w,57,37.07,25,76.5,103,26.5,0
e2-nio-50,binary,50,bot_57,3270,w,59,5.34,25,69.97,74,4.03,0
e2-nio-50,binary,50,bot_58,3270,b,2,17.49,25,78.62,82,3.38,0
e2-nio-50,binary,50,bot_58,3270,b,4,13.76,25,79.33,86,6.67,0
e2-nio-50,binary,50,bot_58,3270,b,6,12.7,25,73.5,84,10.5,0
e2-nio-50,binary,50,bot_58,3270,b,8,42.27,25,104.74,108,3.26,0
e2-nio-50,binary,50,bot_58,3270,b,10,31.43,25,66.89,92,25.11,0
e2-nio-50,binary,50,bot_58,3270,b,12,10.44,25,83.81,122,38.19,0
e2-nio-50,binary,50,bot_58,3270,b,14,12.63,25,128.5,133,4.5,0
e2-nio-50,binary,50,bot_58,3270,b,16,40.54,25,111.91,115,3.09,0
e2-nio-50,binary,50,bot_58,3270,b,18,47.76,25,78.94,114,35.06,0
e2-nio-50,binary,50,bot_58,3270,b,20,49.1,25,95.75,134,38.25,0
e2-nio-50,binary,50,bot_58,3270,b,22,41.33,25,112.54,138,25.46,0
e2-nio-50,binary,50,bot_58,3270,b,24,35.98,25,122.22,161,38.78,0
e2-nio-50,binary,50,bot_58,3270,b,26,26.13,25,100.75,119,18.25,0
e2-nio-50,binary,50,bot_58,3270,b,28,30.83,25,142.8,162,19.2,0
e2-nio-50,binary,50,bot_58,3270,b,30,15.74,25,121.93,144,22.07,0
e2-nio-50,binary,50,bot_58,3270,b,32,12.22,25,137.27,144,6.73,0
e2-nio-50,binary,50,bot_58,3270,b,34,64.38,25,96.69,177,80.31,0
e2-nio-50,binary,50,bot_58,3270,b,36,66.78,25,102.23,148,45.77,0
e2-nio-50,binary,50,bot_58,3270,b,38,66.09,25,116.4,182,65.6,0
e2-nio-50,binary,50,bot_58,3270,b,40,58.02,25,104.49,138,33.51,0
e2-nio-50,binary,50,bot_58,3270,b,42,35.83,25,139.28,160,20.72,0
e2-nio-50,binary,50,bot_58,3270,b,44,25.31,25,99.18,114,14.82,0
e2-nio-50,binary,50,bot_58,3270,b,46,15.96,25,121.9,127,5.1,0
e2-nio-50,binary,50,bot_58,3270,b,48,10.26,25,95.94,95,-0.94,0
e2-nio-50,binary,50,bot_58,3270,b,50,70.73,25,69.97,142,72.03,0
e2-nio-50,binary,50,bot_58,3270,b,52,23.17,25,100.2,106,5.8,0
e2-nio-50,binary,50,bot_58,3270,b,54,11.84,25,108.88,112,3.13,0
e2-nio-50,binary,50,bot_58,3270,b,56,36.16,25,81.15,87,5.85,0
e2-nio-50,binary,50,bot_58,3270,b,58,15.1,25,60.66,87,26.34,0
e2-nio-50,binary,50,bot_58,3270,b,60,16.06,25,113.07,108,-5.07,0
e2-nio-50,binary,50,bot_59,3271,w,1,10.1,25,69,91,22,0
e2-nio-50,binary,50,bot_59,3271,w,3,6.47,25,86.56,95,8.44,0
e2-nio-50,binary,50,bot_59,3271,w,5,47.4,25,79.47,85,5.53,0
e2-nio-50,binary,50,bot_59,3271,w,7,32.97,25,75.94,112,36.06,0
e2-nio-50,binary,50,bot_59,3271,w,9,25.52,25,73.2,96,22.8,0
e2-nio-50,binary,50,bot_59,3271,w,11,68.69,25,99.37,126,26.63,0
e2-nio-50,binary,50,bot_59,3271,w,13,52.79,25,83.47,140,56.53,0
e2-nio-50,binary,50,bot_59,3271,w,15,23.44,25,81.55,115,33.45,0
e2-nio-50,binary,50,bot_59,3271,w,17,32.55,25,94.67,127,32.33,0
e2-nio-50,binary,50,bot_59,3271,w,19,30.33,25,116.69,150,33.31,0
e2-nio-50,binary,50,bot_59,3271,w,21,22.11,25,133.67,159,25.33,0
e2-nio-50,binary,50,bot_59,3271,w,23,16.79,25,141.27,171,29.73,0
e2-nio-50,binary,50,bot_59,3271,w,25,12.84,25,115.02,125,9.98,0
e2-nio-50,binary,50,bot_59,3271,w,27,82.97,25,164.76,174,9.24,0
e2-nio-50,binary,50,bot_59,3271,w,29,53.44,25,71.3,136,64.7,0
e2-nio-50,binary,50,bot_59,3271,w,31,70.88,25,104.02,155,50.98,0
e2-nio-50,binary,50,bot_59,3271,w,33,52.5,25,108,171,63,0
e2-nio-50,binary,50,bot_59,3271,w,35,52.63,25,116.06,161,44.94,0
e2-nio-50,binary,50,bot_59,3271,w,37,53.44,25,129.17,189,59.83,0
e2-nio-50,binary,50,bot_59,3271,w,39,45.69,25,116.87,147,30.13,0
e2-nio-50,binary,50,bot_59,3271,w,41,16.96,25,158.59,171,12.41,0
e2-nio-50,binary,50,bot_59,3271,w,43,84.51,25,117.61,124,6.39,0
e2-nio-50,binary,50,bot_59,3271,w,45,59.18,25,72.84,144,71.16,0
e2-nio-50,binary,50,bot_59,3271,w,47,54.65,25,71.59,114,42.41,0
e2-nio-50,binary,50,bot_59,3271,w,49,52.89,25,86.86,144,57.14,0
e2-nio-50,binary,50,bot_59,3271,w,51,46.05,25,77.09,129,51.91,0
e2-nio-50,binary,50,bot_59,3271,w,53,39.5,25,80.5,125,44.5,0
e2-nio-50,binary,50,bot_59,3271,w,55,29.93,25,87.8,91,3.2,0
e2-nio-50,binary,50,bot_59,3271,w,57,36.25,25,72.61,102,29.39,0
e2-nio-50,binary,50,bot_59,3271,w,59,22.01,25,78.84,104,25.16,0
e2-nio-50,binary,50,bot_60,3271,b,2,10.1,25,82.79,76,-6.79,0
e2-nio-50,binary,50,bot_60,3271,b,4,7.31,25,104.58,94,-10.58,0
e2-nio-50,binary,50,bot_60,3271,b,6,36.85,25,69.35,99,29.65,0
e2-nio-50,binary,50,bot_60,3271,b,8,23.94,25,75.71,90,14.29,0
e2-nio-50,binary,50,bot_60,3271,b,10,28.8,25,111.18,119,7.82,0
e2-nio-50,binary,50,bot_60,3271,b,12,57.91,25,68.53,120,51.47,0
e2-nio-50,binary,50,bot_60,3271,b,14,36.25,25,67.57,102,34.43,0
e2-nio-50,binary,50,bot_60,3271,b,16,33.91,25,85.09,91,5.91,0
e2-nio-50,binary,50,bot_60,3271,b,18,34.93,25,101.34,116,14.66,0
e2-nio-50,binary,50,bot_60,3271,b,20,25.62,25,109.83,122,12.17,0
e2-nio-50,binary,50,bot_60,3271,b,22,30.25,25,126.26,130,3.74,0
e2-nio-50,binary,50,bot_60,3271,b,24,14.84,25,110.31,112,1.69,0
e2-nio-50,binary,50,bot_60,3271,b,26,11.71,25,129.43,125,-4.43,0
e2-nio-50,binary,50,bot_60,3271,b,28,66.66,25,97.2,163,65.8,0
e2-nio-50,binary,50,bot_60,3271,b,30,54.7,25,90.47,130,39.53,0
e2-nio-50,binary,50,bot_60,3271,b,32,66.25,25,116.66,175,58.34,0
e2-nio-50,binary,50,bot_60,3271,b,34,49.2,25,76.89,116,39.11,0
e2-nio-50,binary,50,bot_60,3271,b,36,63.58,25,121.09,159,37.91,0
e2-nio-50,binary,50,bot_60,3271,b,38,34.83,25,102.13,142,39.87,0
e2-nio-50,binary,50,bot_60,3271,b,40,16.31,25,91.18,123,31.82,0
e2-nio-50,binary,50,bot_60,3271,b,42,10.85,25,143.93,146,2.07,0
e2-nio-50,binary,50,bot_60,3271,b,44,75.08,25,63.6,134,70.4,0
e2-nio-50,binary,50,bot_60,3271,b,46,47.27,25,60.27,106,45.73,0
e2-nio-50,binary,50,bot_60,3271,b,48,61.74,25,82.27,124,41.73,0
e2-nio-50,binary,50,bot_60,3271,b,50,56.5,25,77.21,116,38.79,0
e2-nio-50,binary,50,bot_60,3271,b,52,48.15,25,61.21,93,31.79,0
e2-nio-50,binary,50,bot_60,3271,b,54,8.02,25,55.82,81,25.18,0
e2-nio-50,binary,50,bot_60,3271,b,56,33.71,25,79.64,96,16.36,0
e2-nio-50,binary,50,bot_60,3271,b,58,29.4,25,66.08,89,22.92,0
e2-nio-50,binary,50,bot_60,3271,b,60,16.15,25,96.32,104,7.68,0
e2-nio-50,binary,50,bot_61,3272,w,1,22.06,25,70.3,88,17.7,0
e2-nio-50,binary,50,bot_61,3272,w,3,30.43,25,81.4,91,9.6,0
e2-nio-50,binary,50,bot_61,3272,w,5,10.51,25,82.59,93,10.41,0
e2-nio-50,binary,50,bot_61,3272,w,7,9.89,25,95.19,98,2.81,0
e2-nio-50,binary,50,bot_61,3272,w,9,64.77,25,75.36,107,31.64,0
e2-nio-50,binary,50,bot_61,3272,w,11,28.77,25,103.99,119,15.01,0
e2-nio-50,binary,50,bot_61,3272,w,13,17.05,25,95.31,113,17.69,0
e2-nio-50,binary,50,bot_61,3272,w,15,15.18,25,88.31,99,10.69,0
e2-nio-50,binary,50,bot_61,3272,w,17,10.16,25,125.72,129,3.28,0
e2-nio-50,binary,50,bot_61,3272,w,19,52.72,25,84.45,151,66.55,0
e2-nio-50,binary,50,bot_61,3272,w,21,62.25,25,95.49,149,53.51,0
e2-nio-50,binary,50,bot_61,3272,w,23,40.14,25,88.44,136,47.56,0
e2-nio-50,binary,50,bot_61,3272,w,25,47.73,25,91.52,128,36.48,0
e2-nio-50,binary,50,bot_61,3272,w,27,59.63,25,107.08,157,49.92,0
e2-nio-50,binary,50,bot_61,3272,w,29,37.82,25,106.53,127,20.47,0
e2-nio-50,binary,50,bot_61,3272,w,31,37.88,25,148.15,163,14.85,0
e2-nio-50,binary,50,bot_61,3272,w,33,20.38,25,111.76,127,15.24,0
e2-nio-50,binary,50,bot_61,3272,w,35,18.78,25,146.2,152,5.8,0
e2-nio-50,binary,50,bot_61,3272,w,37,65.14,25,157.15,162,4.85,0
e2-nio-50,binary,50,bot_61,3272,w,39,53.22,25,52.75,117,64.25,0
e2-nio-50,binary,50,bot_61,3272,w,41,44.15,25,110.3,161,50.7,0
e2-nio-50,binary,50,bot_61,3272,w,43,38.39,25,103.16,135,31.84,0
e2-nio-50,binary,50,bot_61,3272,w,45,29.88,25,97.46,120,22.54,0
e2-nio-50,binary,50,bot_61,3272,w,47,31.59,25,105.65,121,15.35,0
e2-nio-50,binary,50,bot_61,3272,w,49,9.07,25,110.93,125,14.07,0
e2-nio-50,binary,50,bot_61,3272,w,51,17.35,25,93.68,117,23.32,0
e2-nio-50,binary,50,bot_61,3272,w,53,7.18,25,97.07,106,8.93,0
e2-nio-50,binary,50,bot_61,3272,w,55,47.46,25,101.74,98,-3.74,0
e2-nio-50,binary,50,bot_61,3272,w,57,9.45,25,66.24,79,12.76,0
e2-nio-50,binary,50,bot_61,3272,w,59,14.18,25,104.47,118,13.53,0
e2-nio-50,binary,50,bot_62,3272,b,2,18.08,25,74.36,89,14.64,0
e2-nio-50,binary,50,bot_62,3272,b,4,18.82,25,67.27,88,20.73,0
e2-nio-50,binary,50,bot_62,3272,b,6,12.34,25,103.23,104,0.77,0
e2-nio-50,binary,50,bot_62,3272,b,8,41.59,25,97.61,98,0.39,0
e2-nio-50,binary,50,bot_62,3272,b,10,24.3,25,70.69,126,55.31,0
e2-nio-50,binary,50,bot_62,3272,b,12,28.35,25,112.95,131,18.05,0
e2-nio-50,binary,50,bot_62,3272,b,14,20.1,25,106.05,113,6.95,0
e2-nio-50,binary,50,bot_62,3272,b,16,11.74,25,101.56,105,3.44,0
e2-nio-50,binary,50,bot_62,3272,b,18,76.29,25,129.87,130,0.13,0
e2-nio-50,binary,50,bot_62,3272,b,20,62.97,25,90.92,134,43.08,0
e2-nio-50,binary,50,bot_62,3272,b,22,57.15,25,100.65,152,51.35,0
e2-nio-50,binary,50,bot_62,3272,b,24,45.31,25,81.68,111,29.32,0
e2-nio-50,binary,50,bot_62,3272,b,26,59.59,25,115.16,153,37.84,0
e2-nio-50,binary,50,bot_62,3272,b,28,29.3,25,110.24,161,50.76,0
e2-nio-50,binary,50,bot_62,3272,b,30,24.29,25,124.63,153,28.37,0
e2-nio-50,binary,50,bot_62,3272,b,32,23.99,25,152.25,181,28.75,0
e2-nio-50,binary,50,bot_62,3272,b,34,15.96,25,136.69,148,11.31,0
e2-nio-50,binary,50,bot_62,3272,b,36,13.7,25,179.68,188,8.32,0
e2-nio-50,binary,50,bot_62,3272,b,38,73.58,25,88.6,144,55.4,0
e2-nio-50,binary,50,bot_62,3272,b,40,59.82,25,115.38,160,44.62,0
e2-nio-50,binary,50,bot_62,3272,b,42,41.18,25,83.34,118,34.66,0
e2-nio-50,binary,50,bot_62,3272,b,44,31.73,25,106.39,134,27.61,0
e2-nio-50,binary,50,bot_62,3272,b,46,23.96,25,81.46,101,19.54,0
e2-nio-50,binary,50,bot_62,3272,b,48,23.11,25,120.34,142,21.66,0
e2-nio-50,binary,50,bot_62,3272,b,50,32.16,25,126.07,126,-0.07,0
e2-nio-50,binary,50,bot_62,3272,b,52,18.39,25,102.18,110,7.82,0
e2-nio-50,binary,50,bot_62,3272,b,54,4.84,25,88.86,85,-3.86,0
e2-nio-50,binary,50,bot_62,3272,b,56,22.49,25,53.2,91,37.8,0
e2-nio-50,binary,50,bot_62,3272,b,58,23.39,25,105.36,105,-0.36,0
e2-nio-50,binary,50,bot_62,3272,b,60,9.61,25,108.07,113,4.93,0
e2-nio-50,binary,50,bot_63,3273,w,1,29.83,25,67.16,86,18.84,0
e2-nio-50,binary,50,bot_63,3273,w,3,35.68,25,60.47,69,8.53,0
e2-nio-50,binary,50,bot_63,3273,w,5,24.1,25,84.15,96,11.85,0
e2-nio-50,binary,50,bot_63,3273,w,7,20.39,25,79.11,79,-0.11,0
e2-nio-50,binary,50,bot_63,3273,w,9,61.54,25,106.58,109,2.42,0
e2-nio-50,binary,50,bot_63,3273,w,11,40.45,25,95.69,128,32.31,0
e2-nio-50,binary,50,bot_63,3273,w,13,16.87,25,88.47,96,7.53,0
e2-nio-50,binary,50,bot_63,3273,w,15,22.86,25,104.9,112,7.1,0
e2-nio-50,binary,50,bot_63,3273,w,17,22.01,25,125.18,128,2.82,0
e2-nio-50,binary,50,bot_63,3273,w,19,14.17,25,140.91,139,-1.91,0
e2-nio-50,binary,50,bot_63,3273,w,21,57.74,25,91.55,155,63.45,0
e2-nio-50,binary,50,bot_63,3273,w,23,43.37,25,82.8,112,29.2,0
e2-nio-50,binary,50,bot_63,3273,w,25,60.39,25,111.4,154,42.6,0
e2-nio-50,binary,50,bot_63,3273,w,27,42.63,25,84.39,109,24.61,0
e2-nio-50,binary,50,bot_63,3273,w,29,50.7,25,123.12,149,25.88,0
e2-nio-50,binary,50,bot_63,3273,w,31,37.57,25,121.63,155,33.37,0
e2-nio-50,binary,50,bot_63,3273,w,33,37.6,25,131.08,153,21.92,0
e2-nio-50,binary,50,bot_63,3273,w,35,31.67,25,150.03,176,25.97,0
e2-nio-50,binary,50,bot_63,3273,w,37,26.1,25,136.15,143,6.85,0
e2-nio-50,binary,50,bot_63,3273,w,39,77.83,25,88.31,166,77.69,0
e2-nio-50,binary,50,bot_63,3273,w,41,59.51,25,77.31,116,38.69,0
e2-nio-50,binary,50,bot_63,3273,w,43,48.76,25,83.11,132,48.89,0
e2-nio-50,binary,50,bot_63,3273,w,45,44.48,25,82.84,103,20.16,0
e2-nio-50,binary,50,bot_63,3273,w,47,38.77,25,100.61,125,24.39,0
e2-nio-50,binary,50,bot_63,3273,w,49,29.67,25,93.05,105,11.95,0
e2-nio-50,binary,50,bot_63,3273,w,51,23.63,25,96.09,104,7.91,0
e2-nio-50,binary,50,bot_63,3273,w,53,14.08,25,82,80,-2,0
e2-nio-50,binary,50,bot_63,3273,w,55,13.8,25,95.21,94,-1.21,0
e2-nio-50,binary,50,bot_63,3273,w,57,3.34,25,97.43,90,-7.43,0
e2-nio-50,binary,50,bot_63,3273,w,59,2.78,25,120.22,110,-10.22,0
e2-nio-50,binary,50,bot_64,3273,b,2,25.54,25,84.97,101,16.03,0
e2-nio-50,binary,50,bot_64,3273,b,4,28.64,25,77.04,98,20.96,0
e2-nio-50,binary,50,bot_64,3273,b,6,16.48,25,83.22,93,9.78,0
e2-nio-50,binary,50,bot_64,3273,b,8,17.93,25,122.12,127,4.88,0
e2-nio-50,binary,50,bot_64,3273,b,10,46.62,25,79.69,126,46.31,0
e2-nio-50,binary,50,bot_64,3273,b,12,23.02,25,80.97,105,24.03,0
e2-nio-50,binary,50,bot_64,3273,b,14,22.85,25,95.15,97,1.85,0
e2-nio-50,binary,50,bot_64,3273,b,16,19.28,25,116.93,125,8.07,0
e2-nio-50,binary,50,bot_64,3273,b,18,14.74,25,121.03,129,7.97,0
e2-nio-50,binary,50,bot_64,3273,b,20,79.08,25,145.11,145,-0.11,0
e2-nio-50,binary,50,bot_64,3273,b,22,45.46,25,72.77,116,43.23,0
e2-nio-50,binary,50,bot_64,3273,b,24,57.7,25,109.3,138,28.7,0
e2-nio-50,binary,50,bot_64,3273,b,26,41.51,25,122.18,168,45.82,0
e2-nio-50,binary,50,bot_64,3273,b,28,39.75,25,104.25,136,31.75,0
e2-nio-50,binary,50,bot_64,3273,b,30,47.26,25,136.84,177,40.16,0
e2-nio-50,binary,50,bot_64,3273,b,32,34.19,25,92.12,117,24.88,0
e2-nio-50,binary,50,bot_64,3273,b,34,40.13,25,145.47,172,26.53,0
e2-nio-50,binary,50,bot_64,3273,b,36,19.86,25,117.18,137,19.82,0
e2-nio-50,binary,50,bot_64,3273,b,38,90.72,25,115.69,130,14.31,0
e2-nio-50,binary,50,bot_64,3273,b,40,51.61,25,79.22,145,65.78,0
e2-nio-50,binary,50,bot_64,3273,b,42,62.09,25,77.46,125,47.54,0
e2-nio-50,binary,50,bot_64,3273,b,44,32.95,25,74.55,111,36.45,0
e2-nio-50,binary,50,bot_64,3273,b,46,37.45,25,106.12,138,31.88,0
e2-nio-50,binary,50,bot_64,3273,b,48,26.56,25,107.71,135,27.29,0
e2-nio-50,binary,50,bot_64,3273,b,50,21.6,25,88.12,107,18.88,0
e2-nio-50,binary,50,bot_64,3273,b,52,12.25,25,72.77,84,11.23,0
e2-nio-50,binary,50,bot_64,3273,b,54,12.27,25,101.84,104,2.16,0
e2-nio-50,binary,50,bot_64,3273,b,56,6.11,25,89.58,91,1.42,0
e2-nio-50,binary,50,bot_64,3273,b,58,2.85,25,108.75,101,-7.75,0
e2-nio-50,binary,50,bot_64,3273,b,60,4.9,25,82.24,73,-9.24,0
e2-nio-50,binary,50,bot_65,3274,w,1,30.7,25,80.87,103,22.13,0
e2-nio-50,binary,50,bot_65,3274,w,3,32.72,25,73.1,98,24.9,0
e2-nio-50,binary,50,bot_65,3274,w,5,20.09,25,79.59,94,14.41,0
e2-nio-50,binary,50,bot_65,3274,w,7,22.29,25,117.68,125,7.32,0
e2-nio-50,binary,50,bot_65,3274,w,9,51.01,25,75.45,124,48.55,0
e2-nio-50,binary,50,bot_65,3274,w,11,28.05,25,76.03,106,29.97,0
e2-nio-50,binary,50,bot_65,3274,w,13,28.54,25,90.21,94,3.79,0
e2-nio-50,binary,50,bot_65,3274,w,15,28.04,25,108.15,121,12.85,0
e2-nio-50,binary,50,bot_65,3274,w,17,19.22,25,116.36,125,8.64,0
e2-nio-50,binary,50,bot_65,3274,w,19,21.08,25,135.68,137,1.32,0
e2-nio-50,binary,50,bot_65,3274,w,21,58.82,25,117.85,115,-2.85,0
e2-nio-50,binary,50,bot_65,3274,w,23,69.78,25,96.41,130,33.59,0
e2-nio-50,binary,50,bot_65,3274,w,25,56.32,25,107.23,160,52.77,0
e2-nio-50,binary,50,bot_65,3274,w,27,48.49,25,96.04,131,34.96,0
e2-nio-50,binary,50,bot_65,3274,w,29,56.15,25,127.02,172,44.98,0
e2-nio-50,binary,50,bot_65,3274,w,31,41.84,25,84.23,117,32.77,0
e2-nio-50,binary,50,bot_65,3274,w,33,51.51,25,133.5,166,32.5,0
e2-nio-50,binary,50,bot_65,3274,w,35,27.09,25,109.69,136,26.31,0
e2-nio-50,binary,50,bot_65,3274,w,37,103.41,25,101.47,123,21.53,0
e2-nio-50,binary,50,bot_65,3274,w,39,56.97,25,74.55,146,71.45,0
e2-nio-50,binary,50,bot_65,3274,w,41,66.21,25,72.87,124,51.13,0
e2-nio-50,binary,50,bot_65,3274,w,43,38.93,25,68.7,109,40.3,0
e2-nio-50,binary,50,bot_65,3274,w,45,48.86,25,94.7,131,36.3,0
e2-nio-50,binary,50,bot_65,3274,w,47,38.08,25,95.91,128,32.09,0
e2-nio-50,binary,50,bot_65,3274,w,49,31.71,25,77.77,102,24.23,0
e2-nio-50,binary,50,bot_65,3274,w,51,17.8,25,66.41,83,16.59,0
e2-nio-50,binary,50,bot_65,3274,w,53,19.85,25,93.93,102,8.07,0
e2-nio-50,binary,50,bot_65,3274,w,55,17.45,25,77.88,86,8.12,0
e2-nio-50,binary,50,bot_65,3274,w,57,10.27,25,101.66,100,-1.66,0
e2-nio-50,binary,50,bot_65,3274,w,59,9.86,25,76.68,74,-2.68,0
e2-nio-50,binary,50,bot_66,3274,b,2,39.06,25,56.78,74,17.22,0
e2-nio-50,binary,50,bot_66,3274,b,4,29.12,25,79.36,99,19.64,0
e2-nio-50,binary,50,bot_66,3274,b,6,22.36,25,76.98,83,6.02,0
e2-nio-50,binary,50,bot_66,3274,b,8,64.62,25,103.46,112,8.54,0
e2-nio-50,binary,50,bot_66,3274,b,10,45.17,25,90.7,129,38.3,0
e2-nio-50,binary,50,bot_66,3274,b,12,18.51,25,86.44,100,13.56,0
e2-nio-50,binary,50,bot_66,3274,b,14,27.53,25,100.02,115,14.98,0
e2-nio-50,binary,50,bot_66,3274,b,16,23.98,25,123.28,137,13.72,0
e2-nio-50,binary,50,bot_66,3274,b,18,16.64,25,138.7,144,5.3,0
e2-nio-50,binary,50,bot_66,3274,b,20,12.4,25,145.48,153,7.52,0
e2-nio-50,binary,50,bot_66,3274,b,22,48.87,25,77.77,122,44.23,0
e2-nio-50,binary,50,bot_66,3274,b,24,67.87,25,104.59,161,56.41,0
e2-nio-50,binary,50,bot_66,3274,b,26,47.56,25,78.56,121,42.44,0
e2-nio-50,binary,50,bot_66,3274,b,28,57.74,25,116.76,154,37.24,0
e2-nio-50,binary,50,bot_66,3274,b,30,44.84,25,115.1,160,44.9,0
e2-nio-50,binary,50,bot_66,3274,b,32,43.79,25,125.11,155,29.89,0
e2-nio-50,binary,50,bot_66,3274,b,34,39.05,25,143.16,182,38.84,0
e2-nio-50,binary,50,bot_66,3274,b,36,33.27,25,129.25,144,14.75,0
e2-nio-50,binary,50,bot_66,3274,b,38,83.74,25,83.16,175,91.84,0
e2-nio-50,binary,50,bot_66,3274,b,40,64.42,25,72.43,117,44.57,0
e2-nio-50,binary,50,bot_66,3274,b,42,51.53,25,80.58,136,55.42,0
e2-nio-50,binary,50,bot_66,3274,b,44,49.16,25,77.8,105,27.2,0
e2-nio-50,binary,50,bot_66,3274,b,46,43.07,25,96.63,134,37.37,0
e2-nio-50,binary,50,bot_66,3274,b,48,35.57,25,87.31,114,26.69,0
e2-nio-50,binary,50,bot_66,3274,b,50,28.65,25,91.28,111,19.72,0
e2-nio-50,binary,50,bot_66,3274,b,52,19.93,25,76.81,83,6.19,0
e2-nio-50,binary,50,bot_66,3274,b,54,19.99,25,89.07,97,7.93,0
e2-nio-50,binary,50,bot_66,3274,b,56,10.49,25,90.37,96,5.63,0
e2-nio-50,binary,50,bot_66,3274,b,58,10.22,25,112.81,112,-0.81,0
e2-nio-50,binary,50,bot_66,3274,b,60,6.45,25,105.7,103,-2.7,0
e2-nio-50,binary,50,bot_67,3275,w,1,39.91,25,55.99,75,19.01,0
e2-nio-50,binary,50,bot_67,3275,w,3,30.36,25,78.32,96,17.68,0
e2-nio-50,binary,50,bot_67,3275,w,5,24.23,25,74.62,80,5.38,0
e2-nio-50,binary,50,bot_67,3275,w,7,67.39,25,100.63,110,9.37,0
e2-nio-50,binary,50,bot_67,3275,w,9,50.1,25,86.07,126,39.93,0
e2-nio-50,binary,50,bot_67,3275,w,11,22.7,25,82.16,97,14.84,0
e2-nio-50,binary,50,bot_67,3275,w,13,31.34,25,95.82,110,14.18,0
e2-nio-50,binary,50,bot_67,3275,w,15,28.17,25,119.07,133,13.93,0
e2-nio-50,binary,50,bot_67,3275,w,17,19.57,25,136.03,143,6.97,0
e2-nio-50,binary,50,bot_67,3275,w,19,15.52,25,142.43,151,8.57,0
e2-nio-50,binary,50,bot_67,3275,w,21,10.2,25,117.63,111,-6.63,0
e2-nio-50,binary,50,bot_67,3275,w,23,74.56,25,98.03,166,67.97,0
e2-nio-50,binary,50,bot_67,3275,w,25,52.43,25,72.7,118,45.3,0
e2-nio-50,binary,50,bot_67,3275,w,27,68.27,25,106.51,147,40.49,0
e2-nio-50,binary,50,bot_67,3275,w,29,50.67,25,109.68,160,50.32,0
e2-nio-50,binary,50,bot_67,3275,w,31,50.39,25,118.37,151,32.63,0
e2-nio-50,binary,50,bot_67,3275,w,33,50.13,25,132.36,179,46.64,0
e2-nio-50,binary,50,bot_67,3275,w,35,43.3,25,119.27,140,20.73,0
e2-nio-50,binary,50,bot_67,3275,w,37,13.68,25,161.97,163,1.03,0
e2-nio-50,binary,50,bot_67,3275,w,39,75.24,25,62.29,121,58.71,0
e2-nio-50,binary,50,bot_67,3275,w,41,56.56,25,75.58,133,57.42,0
e2-nio-50,binary,50,bot_67,3275,w,43,52.2,25,74.75,106,31.25,0
e2-nio-50,binary,50,bot_67,3275,w,45,49.84,25,89.93,132,42.07,0
e2-nio-50,binary,50,bot_67,3275,w,47,42.64,25,80.49,116,35.51,0
e2-nio-50,binary,50,bot_67,3275,w,49,35.47,25,84.57,114,29.43,0
e2-nio-50,binary,50,bot_67,3275,w,51,27.68,25,90.02,82,-8.02,0
e2-nio-50,binary,50,bot_67,3275,w,53,29.04,25,79.73,97,17.27,0
e2-nio-50,binary,50,bot_67,3275,w,55,17.99,25,82.91,97,14.09,0
e2-nio-50,binary,50,bot_67,3275,w,57,17.23,25,105.74,107,1.26,0
e2-nio-50,binary,50,bot_67,3275,w,59,16.41,25,95.62,100,4.38,0
e2-nio-50,binary,50,bot_68,3275,b,2,34.57,25,71.25,92,20.75,0
e2-nio-50,binary,50,bot_68,3275,b,4,22.38,25,77.27,87,9.73,0
e2-nio-50,binary,50,bot_68,3275,b,6,26.68,25,113.3,116,2.7,0
e2-nio-50,binary,50,bot_68,3275,b,8,56.05,25,70.43,117,46.57,0
e2-nio-50,binary,50,bot_68,3275,b,10,32.5,25,71.48,100,28.52,0
e2-nio-50,binary,50,bot_68,3275,b,12,31.3,25,87.74,90,2.26,0
e2-nio-50,binary,50,bot_68,3275,b,14,31.69,25,104.58,116,11.42,0
e2-nio-50,binary,50,bot_68,3275,b,16,23.26,25,112.34,120,7.66,0
e2-nio-50,binary,50,bot_68,3275,b,18,25.78,25,130.8,129,-1.8,0
e2-nio-50,binary,50,bot_68,3275,b,20,12.38,25,112.61,108,-4.61,0
e2-nio-50,binary,50,bot_68,3275,b,22,85.54,25,131.04,121,-10.04,0
e2-nio-50,binary,50,bot_68,3275,b,24,63.34,25,100.43,154,53.57,0
e2-nio-50,binary,50,bot_68,3275,b,26,53.28,25,91.69,127,35.31,0
e2-nio-50,binary,50,bot_68,3275,b,28,63.27,25,119.75,171,51.25,0
e2-nio-50,binary,50,bot_68,3275,b,30,46.91,25,79.15,113,33.85,0
e2-nio-50,binary,50,bot_68,3275,b,32,60.16,25,124.66,158,33.34,0
e2-nio-50,binary,50,bot_68,3275,b,34,33.09,25,103.75,137,33.25,0
e2-nio-50,binary,50,bot_68,3275,b,36,13.4,25,94.21,120,25.79,0
e2-nio-50,binary,50,bot_68,3275,b,38,71.71,25,147.54,144,-3.54,0
e2-nio-50,binary,50,bot_68,3275,b,40,71.27,25,67.68,125,57.32,0
e2-nio-50,binary,50,bot_68,3275,b,42,44.14,25,63.21,102,38.79,0
e2-nio-50,binary,50,bot_68,3275,b,44,55.72,25,87.86,123,35.14,0
e2-nio-50,binary,50,bot_68,3275,b,46,49.99,25,83.83,116,32.17,0
e2-nio-50,binary,50,bot_68,3275,b,48,42.37,25,67.02,93,25.98,0
e2-nio-50,binary,50,bot_68,3275,b,50,4.92,25,58.78,77,18.22,0
e2-nio-50,binary,50,bot_68,3275,b,52,31.35,25,82.2,93,10.8,0
e2-nio-50,binary,50,bot_68,3275,b,54,25.94,25,69.75,82,12.25,0
e2-nio-50,binary,50,bot_68,3275,b,56,14.09,25,98.19,98,-0.19,0
e2-nio-50,binary,50,bot_68,3275,b,58,16.67,25,69.81,70,0.19,0
e2-nio-50,binary,50,bot_68,3275,b,60,15.75,25,82.05,81,-1.05,0
e2-nio-50,binary,50,bot_69,3276,w,1,35.52,25,70.65,101,30.35,0
e2-nio-50,binary,50,bot_69,3276,w,3,23.15,25,76.5,92,15.5,0
e2-nio-50,binary,50,bot_69,3276,w,5,25.21,25,114.77,122,7.23,0
e2-nio-50,binary,50,bot_69,3276,w,7,54.83,25,71.63,121,49.37,0
e2-nio-50,binary,50,bot_69,3276,w,9,31.02,25,72.95,104,31.05,0
e2-nio-50,binary,50,bot_69,3276,w,11,30.48,25,88.46,94,5.54,0
e2-nio-50,binary,50,bot_69,3276,w,13,30.17,25,106.03,121,14.97,0
e2-nio-50,binary,50,bot_69,3276,w,15,21.81,25,113.77,125,11.23,0
e2-nio-50,binary,50,bot_69,3276,w,17,23.43,25,133.19,136,2.81,0
e2-nio-50,binary,50,bot_69,3276,w,19,8.98,25,115.93,113,-2.93,0
e2-nio-50,binary,50,bot_69,3276,w,21,71.98,25,94.34,137,42.66,0
e2-nio-50,binary,50,bot_69,3276,w,23,59.42,25,104.22,160,55.78,0
e2-nio-50,binary,50,bot_69,3276,w,25,50.36,25,94.48,132,37.52,0
e2-nio-50,binary,50,bot_69,3276,w,27,59.68,25,123.38,174,50.62,0
e2-nio-50,binary,50,bot_69,3276,w,29,44.41,25,81.65,118,36.35,0
e2-nio-50,binary,50,bot_69,3276,w,31,56.55,25,128.33,163,34.67,0
e2-nio-50,binary,50,bot_69,3276,w,33,30.54,25,106.29,138,31.71,0
e2-nio-50,binary,50,bot_69,3276,w,35,10.75,25,96.88,123,26.13,0
e2-nio-50,binary,50,bot_69,3276,w,37,61.84,25,69.71,152,82.29,0
e2-nio-50,binary,50,bot_69,3276,w,39,68.84,25,70.17,125,54.83,0
e2-nio-50,binary,50,bot_69,3276,w,41,42.39,25,65.2,106,40.8,0
e2-nio-50,binary,50,bot_69,3276,w,43,52.29,25,91.28,127,35.72,0
e2-nio-50,binary,50,bot_69,3276,w,45,44.73,25,89.14,124,34.86,0
e2-nio-50,binary,50,bot_69,3276,w,47,37.65,25,71.75,97,25.25,0
e2-nio-50,binary,50,bot_69,3276,w,49,22.49,25,61.62,80,18.38,0
e2-nio-50,binary,50,bot_69,3276,w,51,26.99,25,86.59,97,10.41,0
e2-nio-50,binary,50,bot_69,3276,w,53,24.2,25,70.96,80,9.04,0
e2-nio-50,binary,50,bot_69,3276,w,55,12.65,25,99.47,98,-1.47,0
e2-nio-50,binary,50,bot_69,3276,w,57,15.68,25,70.76,71,0.24,0
e2-nio-50,binary,50,bot_69,3276,w,59,12.56,25,85.38,81,-4.38,0
e2-nio-50,binary,50,bot_70,3276,b,2,31.83,25,76.91,99,22.09,0
e2-nio-50,binary,50,bot_70,3276,b,4,23.51,25,75.76,85,9.24,0
e2-nio-50,binary,50,bot_70,3276,b,6,66.33,25,101.7,114,12.3,0
e2-nio-50,binary,50,bot_70,3276,b,8,47.64,25,88.43,131,42.57,0
e2-nio-50,binary,50,bot_70,3276,b,10,21.4,25,83.58,101,17.42,0
e2-nio-50,binary,50,bot_70,3276,b,12,30.2,25,97.1,115,17.9,0
e2-nio-50,binary,50,bot_70,3276,b,14,26.49,25,120.93,138,17.07,0
e2-nio-50,binary,50,bot_70,3276,b,16,18.3,25,137.19,146,8.81,0
e2-nio-50,binary,50,bot_70,3276,b,18,14.18,25,143.72,154,10.28,0
e2-nio-50,binary,50,bot_70,3276,b,20,58.23,25,120.11,116,-4.11,0
e2-nio-50,binary,50,bot_70,3276,b,22,71.61,25,100.94,159,58.06,0
e2-nio-50,binary,50,bot_70,3276,b,24,50.72,25,74.87,122,47.13,0
e2-nio-50,binary,50,bot_70,3276,b,26,64,25,110.62,151,40.38,0
e2-nio-50,binary,50,bot_70,3276,b,28,48.11,25,111.97,161,49.03,0
e2-nio-50,binary,50,bot_70,3276,b,30,47.8,25,121.03,155,33.97,0
e2-nio-50,binary,50,bot_70,3276,b,32,45.14,25,137.23,183,45.77,0
e2-nio-50,binary,50,bot_70,3276,b,34,38.8,25,123.8,144,20.2,0
e2-nio-50,binary,50,bot_70,3276,b,36,96.13,25,167.91,169,1.09,0
e2-nio-50,binary,50,bot_70,3276,b,38,68.94,25,68.08,120,51.92,0
e2-nio-50,binary,50,bot_70,3276,b,40,53.65,25,78.51,138,59.49,0
e2-nio-50,binary,50,bot_70,3276,b,42,49.27,25,77.49,110,32.51,0
e2-nio-50,binary,50,bot_70,3276,b,44,47,25,92.72,135,42.28,0
e2-nio-50,binary,50,bot_70,3276,b,46,38.67,25,84.34,119,34.66,0
e2-nio-50,binary,50,bot_70,3276,b,48,31.96,25,88.06,116,27.94,0
e2-nio-50,binary,50,bot_70,3276,b,50,22.81,25,74.26,87,12.74,0
e2-nio-50,binary,50,bot_70,3276,b,52,23.84,25,85.45,102,16.55,0
e2-nio-50,binary,50,bot_70,3276,b,54,12.48,25,88.52,104,15.48,0
e2-nio-50,binary,50,bot_70,3276,b,56,13.66,25,109.43,112,2.57,0
e2-nio-50,binary,50,bot_70,3276,b,58,8.69,25,103.6,110,6.4,0
e2-nio-50,binary,50,bot_70,3276,b,60,2.35,25,74.38,77,2.63,0
e2-nio-50,binary,50,bot_71,3277,w,1,36.37,25,72.69,91,18.31,0
e2-nio-50,binary,50,bot_71,3277,w,3,27.78,25,70.77,74,3.23,0
e2-nio-50,binary,50,bot_71,3277,w,5,73.5,25,94.55,104,9.45,0
e2-nio-50,binary,50,bot_71,3277,w,7,57.49,25,78.95,118,39.05,0
e2-nio-50,binary,50,bot_71,3277,w,9,25.64,25,79.49,97,17.51,0
e2-nio-50,binary,50,bot_71,3277,w,11,38.02,25,89.2,102,12.8,0
e2-nio-50,binary,50,bot_71,3277,w,13,36.13,25,110.58,126,15.42,0
e2-nio-50,binary,50,bot_71,3277,w,15,26.51,25,129.27,136,6.73,0
e2-nio-50,binary,50,bot_71,3277,w,17,19.04,25,138.99,150,11.01,0
e2-nio-50,binary,50,bot_71,3277,w,19,14.71,25,113.06,103,-10.06,0
e2-nio-50,binary,50,bot_71,3277,w,21,10.11,25,162.46,155,-7.46,0
e2-nio-50,binary,50,bot_71,3277,w,23,54.89,25,69.42,130,60.58,0
e2-nio-50,binary,50,bot_71,3277,w,25,73.1,25,101.92,142,40.08,0
e2-nio-50,binary,50,bot_71,3277,w,27,54.27,25,106.29,158,51.71,0
e2-nio-50,binary,50,bot_71,3277,w,29,55.1,25,113.51,147,33.49,0
e2-nio-50,binary,50,bot_71,3277,w,31,56.03,25,126.55,177,50.45,0
e2-nio-50,binary,50,bot_71,3277,w,33,48.13,25,114.41,134,19.59,0
e2-nio-50,binary,50,bot_71,3277,w,35,22.16,25,153.16,156,2.84,0
e2-nio-50,binary,50,bot_71,3277,w,37,11.24,25,113.21,110,-3.21,0
e2-nio-50,binary,50,bot_71,3277,w,39,65.66,25,66.65,132,65.35,0
e2-nio-50,binary,50,bot_71,3277,w,41,60.72,25,65.23,97,31.77,0
e2-nio-50,binary,50,bot_71,3277,w,43,59.93,25,80.41,128,47.59,0
e2-nio-50,binary,50,bot_71,3277,w,45,60.77,25,115.87,103,-12.87,0
e2-nio-50,binary,50,bot_71,3277,w,47,43.33,25,76.6,110,33.4,0
e2-nio-50,binary,50,bot_71,3277,w,49,31.81,25,85.79,78,-7.79,0
e2-nio-50,binary,50,bot_71,3277,w,51,7.38,25,68.29,85,16.71,0
e2-nio-50,binary,50,bot_71,3277,w,53,32.69,25,121.25,106,-15.25,0
e2-nio-50,binary,50,bot_71,3277,w,55,19.87,25,103.22,104,0.78,0
e2-nio-50,binary,50,bot_71,3277,w,57,20.22,25,91.84,93,1.16,0
e2-nio-50,binary,50,bot_71,3277,w,59,7.03,25,70.42,73,2.58,0
e2-nio-50,binary,50,bot_72,3277,b,2,25.93,25,73.76,103,29.24,0
e2-nio-50,binary,50,bot_72,3277,b,4,31.82,25,108.11,128,19.89,0
e2-nio-50,binary,50,bot_72,3277,b,6,60.64,25,65.88,131,65.12,0
e2-nio-50,binary,50,bot_72,3277,b,8,39.2,25,64.29,112,47.71,0
e2-nio-50,binary,50,bot_72,3277,b,10,36,25,82.99,101,18.01,0
e2-nio-50,binary,50,bot_72,3277,b,12,37.35,25,99.15,129,29.85,0
e2-nio-50,binary,50,bot_72,3277,b,14,27.98,25,107.51,135,27.49,0
e2-nio-50,binary,50,bot_72,3277,b,16,33.18,25,123.02,141,17.98,0
e2-nio-50,binary,50,bot_72,3277,b,18,17.12,25,108.25,118,9.75,0
e2-nio-50,binary,50,bot_72,3277,b,20,15,25,125.88,132,6.12,0
e2-nio-50,binary,50,bot_72,3277,b,22,83.65,25,155.67,158,2.33,0
e2-nio-50,binary,50,bot_72,3277,b,24,56.68,25,88.8,136,47.2,0
e2-nio-50,binary,50,bot_72,3277,b,26,68.95,25,113.81,180,66.19,0
e2-nio-50,binary,50,bot_72,3277,b,28,50.76,25,75.4,123,47.6,0
e2-nio-50,binary,50,bot_72,3277,b,30,67.02,25,117.5,166,48.5,0
e2-nio-50,binary,50,bot_72,3277,b,32,36.88,25,100.2,150,49.8,0
e2-nio-50,binary,50,bot_72,3277,b,34,19.48,25,87.9,130,42.1,0
e2-nio-50,binary,50,bot_72,3277,b,36,14.16,25,140.7,156,15.3,0
e2-nio-50,binary,50,bot_72,3277,b,38,81.26,25,134.63,139,4.37,0
e2-nio-50,binary,50,bot_72,3277,b,40,48.83,25,59.2,117,57.8,0
e2-nio-50,binary,50,bot_72,3277,b,42,64.39,25,79.34,134,54.66,0
e2-nio-50,binary,50,bot_72,3277,b,44,4.52,25,75.62,128,52.38,0
e2-nio-50,binary,50,bot_72,3277,b,46,50.26,25,59.28,113,53.72,0
e2-nio-50,binary,50,bot_72,3277,b,48,9.4,25,54.7,92,37.3,0
e2-nio-50,binary,50,bot_72,3277,b,50,35.17,25,78.06,103,24.94,0
e2-nio-50,binary,50,bot_72,3277,b,52,2.67,25,72.64,74,1.36,0
e2-nio-50,binary,50,bot_72,3277,b,54,17.66,25,95.06,121,25.94,0
e2-nio-50,binary,50,bot_72,3277,b,56,19.12,25,67.19,81,13.81,0
e2-nio-50,binary,50,bot_72,3277,b,58,19.38,25,78.43,93,14.57,0
e2-nio-50,binary,50,bot_72,3277,b,60,2.6,25,71.69,72,0.31,0
e2-nio-50,binary,50,bot_73,3278,w,1,36.03,25,61.29,88,26.71,0
e2-nio-50,binary,50,bot_73,3278,w,3,20.94,25,73.82,112,38.18,0
e2-nio-50,binary,50,bot_73,3278,w,5,25.55,25,115.82,119,3.18,0
e2-nio-50,binary,50,bot_73,3278,w,7,17.45,25,108.52,100,-8.52,0
e2-nio-50,binary,50,bot_73,3278,w,9,68.96,25,104.22,93,-11.22,0
e2-nio-50,binary,50,bot_73,3278,w,11,62.34,25,81.76,120,38.24,0
e2-nio-50,binary,50,bot_73,3278,w,13,59.32,25,94.61,122,27.39,0
e2-nio-50,binary,50,bot_73,3278,w,15,51.85,25,106.55,145,38.45,0
e2-nio-50,binary,50,bot_73,3278,w,17,38.61,25,88.42,103,14.58,0
e2-nio-50,binary,50,bot_73,3278,w,19,52.73,25,122.01,141,18.99,0
e2-nio-50,binary,50,bot_73,3278,w,21,26.35,25,112.99,146,33.01,0
e2-nio-50,binary,50,bot_73,3278,w,23,21.83,25,127.16,140,12.84,0
e2-nio-50,binary,50,bot_73,3278,w,25,21.18,25,154.98,171,16.02,0
e2-nio-50,binary,50,bot_73,3278,w,27,14.44,25,138.28,137,-1.28,0
e2-nio-50,binary,50,bot_73,3278,w,29,94.73,25,182.99,177,-5.99,0
e2-nio-50,binary,50,bot_73,3278,w,31,69.71,25,92.43,131,38.57,0
e2-nio-50,binary,50,bot_73,3278,w,33,57.2,25,118.02,145,26.98,0
e2-nio-50,binary,50,bot_73,3278,w,35,39.91,25,84.41,104,19.59,0
e2-nio-50,binary,50,bot_73,3278,w,37,30.34,25,107.73,122,14.27,0
e2-nio-50,binary,50,bot_73,3278,w,39,21.83,25,83.6,89,5.4,0
e2-nio-50,binary,50,bot_73,3278,w,41,21.15,25,122.51,129,6.49,0
e2-nio-50,binary,50,bot_73,3278,w,43,30.87,25,127.25,111,-16.25,0
e2-nio-50,binary,50,bot_73,3278,w,45,16.97,25,103.14,96,-7.14,0
e2-nio-50,binary,50,bot_73,3278,w,47,39.3,25,90.37,73,-17.37,0
e2-nio-50,binary,50,bot_73,3278,w,49,18.98,25,56.69,73,16.31,0
e2-nio-50,binary,50,bot_73,3278,w,51,20.02,25,108.79,94,-14.79,0
e2-nio-50,binary,50,bot_73,3278,w,53,31.38,25,111.02,98,-13.02,0
e2-nio-50,binary,50,bot_73,3278,w,55,27.23,25,84.89,86,1.11,0
e2-nio-50,binary,50,bot_73,3278,w,57,10.53,25,67.17,71,3.83,0
e2-nio-50,binary,50,bot_73,3278,w,59,5.73,25,77.84,64,-13.84,0
e2-nio-50,binary,50,bot_74,3278,b,2,62.15,25,77.32,90,12.68,0
e2-nio-50,binary,50,bot_74,3278,b,4,26.24,25,106.74,105,-1.74,0
e2-nio-50,binary,50,bot_74,3278,b,6,15.78,25,96.46,99,2.54,0
e2-nio-50,binary,50,bot_74,3278,b,8,12.65,25,90.79,86,-4.79,0
e2-nio-50,binary,50,bot_74,3278,b,10,61.87,25,76.92,123,46.08,0
e2-nio-50,binary,50,bot_74,3278,b,12,50.52,25,86.1,125,38.9,0
e2-nio-50,binary,50,bot_74,3278,b,14,60.88,25,96.73,134,37.27,0
e2-nio-50,binary,50,bot_74,3278,b,16,38.35,25,89.23,118,28.77,0
e2-nio-50,binary,50,bot_74,3278,b,18,43.64,25,95.96,111,15.04,0
e2-nio-50,binary,50,bot_74,3278,b,20,56.01,25,110.76,140,29.24,0
e2-nio-50,binary,50,bot_74,3278,b,22,34.49,25,109.64,116,6.36,0
e2-nio-50,binary,50,bot_74,3278,b,24,35.88,25,150.2,153,2.8,0
e2-nio-50,binary,50,bot_74,3278,b,26,18.45,25,113.74,115,1.26,0
e2-nio-50,binary,50,bot_74,3278,b,28,16.11,25,148.97,144,-4.97,0
e2-nio-50,binary,50,bot_74,3278,b,30,58.5,25,79.64,155,75.36,0
e2-nio-50,binary,50,bot_74,3278,b,32,48.66,25,57.58,109,51.42,0
e2-nio-50,binary,50,bot_74,3278,b,34,41.32,25,113.63,152,38.37,0
e2-nio-50,binary,50,bot_74,3278,b,36,35.21,25,106.45,127,20.55,0
e2-nio-50,binary,50,bot_74,3278,b,38,27.04,25,100.24,112,11.76,0
e2-nio-50,binary,50,bot_74,3278,b,40,27.48,25,110,113,3,0
e2-nio-50,binary,50,bot_74,3278,b,42,5.28,25,115.02,116,0.98,0
e2-nio-50,binary,50,bot_74,3278,b,44,14.36,25,96.92,109,12.08,0
e2-nio-50,binary,50,bot_74,3278,b,46,4.91,25,99.15,96,-3.15,0
e2-nio-50,binary,50,bot_74,3278,b,48,37.9,25,75.74,96,20.26,0
e2-nio-50,binary,50,bot_74,3278,b,50,5.98,25,69.47,68,-1.47,0
e2-nio-50,binary,50,bot_74,3278,b,52,8.49,25,110.46,110,-0.46,0
e2-nio-50,binary,50,bot_74,3278,b,54,23.25,25,63.2,75,11.8,0
e2-nio-50,binary,50,bot_74,3278,b,56,25.5,25,72.12,78,5.88,0
e2-nio-50,binary,50,bot_74,3278,b,58,6.6,25,67.6,58,-9.6,0
e2-nio-50,binary,50,bot_74,3278,b,60,4.35,25,57.18,44,-13.18,0
e2-nio-50,binary,50,bot_75,3279,w,1,63.4,25,76.72,95,18.28,0
e2-nio-50,binary,50,bot_75,3279,w,3,27.49,25,105.37,107,1.63,0
e2-nio-50,binary,50,bot_75,3279,w,5,16.38,25,95.88,101,5.12,0
e2-nio-50,binary,50,bot_75,3279,w,7,13.81,25,89.66,88,-1.66,0
e2-nio-50,binary,50,bot_75,3279,w,9,70.66,25,126.88,117,-9.88,0
e2-nio-50,binary,50,bot_75,3279,w,11,51.41,25,85.34,127,41.66,0
e2-nio-50,binary,50,bot_75,3279,w,13,61.36,25,96.36,137,40.64,0
e2-nio-50,binary,50,bot_75,3279,w,15,39.13,25,88.82,123,34.18,0
e2-nio-50,binary,50,bot_75,3279,w,17,45.47,25,93.95,115,21.05,0
e2-nio-50,binary,50,bot_75,3279,w,19,57.37,25,109.36,143,33.64,0
e2-nio-50,binary,50,bot_75,3279,w,21,32.26,25,108.04,115,6.96,0
e2-nio-50,binary,50,bot_75,3279,w,23,82.53,25,104.49,147,42.51,0
e2-nio-50,binary,50,bot_75,3279,w,25,45.35,25,85.98,130,44.02,0
e2-nio-50,binary,50,bot_75,3279,w,27,56.09,25,109.38,144,34.62,0
e2-nio-50,binary,50,bot_75,3279,w,29,40.58,25,125.56,153,27.44,0
e2-nio-50,binary,50,bot_75,3279,w,31,28.47,25,99.46,129,29.54,0
e2-nio-50,binary,50,bot_75,3279,w,33,33.56,25,132.43,159,26.57,0
e2-nio-50,binary,50,bot_75,3279,w,35,19.03,25,118.29,121,2.71,0
e2-nio-50,binary,50,bot_75,3279,w,37,14.41,25,116.17,121,4.83,0
e2-nio-50,binary,50,bot_75,3279,w,39,61.54,25,119.44,104,-15.44,0
e2-nio-50,binary,50,bot_75,3279,w,41,25.85,25,94.79,113,18.21,0
e2-nio-50,binary,50,bot_75,3279,w,43,33.04,25,78.32,98,19.68,0
e2-nio-50,binary,50,bot_75,3279,w,45,24.93,25,80.51,91,10.49,0
e2-nio-50,binary,50,bot_75,3279,w,47,26.21,25,79.82,73,-6.82,0
e2-nio-50,binary,50,bot_75,3279,w,49,11.78,25,86.09,72,-14.09,0
e2-nio-50,binary,50,bot_75,3279,w,51,28.4,25,91.81,107,15.19,0
e2-nio-50,binary,50,bot_75,3279,w,53,10.83,25,74.47,70,-4.47,0
e2-nio-50,binary,50,bot_75,3279,w,55,4.1,25,74.57,63,-11.57,0
e2-nio-50,binary,50,bot_75,3279,w,57,5.14,25,69.05,55,-14.05,0
e2-nio-50,binary,50,bot_75,3279,w,59,3.73,25,82.08,64,-18.08,0
e2-nio-50,binary,50,bot_76,3279,b,2,22.35,25,72.42,128,55.58,0
e2-nio-50,binary,50,bot_76,3279,b,4,27.29,25,114.07,134,19.93,0
e2-nio-50,binary,50,bot_76,3279,b,6,18.73,25,107.29,115,7.71,0
e2-nio-50,binary,50,bot_76,3279,b,8,11.14,25,102.34,106,3.66,0
e2-nio-50,binary,50,bot_76,3279,b,10,64.02,25,80.82,143,62.18,0
e2-nio-50,binary,50,bot_76,3279,b,12,61.31,25,92.61,136,43.39,0
e2-nio-50,binary,50,bot_76,3279,b,14,54.96,25,103.38,156,52.62,0
e2-nio-50,binary,50,bot_76,3279,b,16,41.97,25,85.05,115,29.95,0
e2-nio-50,binary,50,bot_76,3279,b,18,56.1,25,118.67,156,37.33,0
e2-nio-50,binary,50,bot_76,3279,b,20,27.75,25,111.65,161,49.35,0
e2-nio-50,binary,50,bot_76,3279,b,22,68.67,25,77.32,94,16.68,0
e2-nio-50,binary,50,bot_76,3279,b,24,69.73,25,107.5,174,66.5,0
e2-nio-50,binary,50,bot_76,3279,b,26,59.71,25,92.19,120,27.81,0
e2-nio-50,binary,50,bot_76,3279,b,28,54.31,25,138.52,178,39.48,0
e2-nio-50,binary,50,bot_76,3279,b,30,56.33,25,87.62,112,24.38,0
e2-nio-50,binary,50,bot_76,3279,b,32,54.11,25,116.1,129,12.9,0
e2-nio-50,binary,50,bot_76,3279,b,34,28.81,25,99.3,117,17.7,0
e2-nio-50,binary,50,bot_76,3279,b,36,31.39,25,109.72,111,1.28,0
e2-nio-50,binary,50,bot_76,3279,b,38,11.15,25,95.26,93,-2.26,0
e2-nio-50,binary,50,bot_76,3279,b,40,45.02,25,98.58,144,45.42,0
e2-nio-50,binary,50,bot_76,3279,b,42,46.46,25,111.59,120,8.41,0
e2-nio-50,binary,50,bot_76,3279,b,44,36.46,25,83.99,100,16.01,0
e2-nio-50,binary,50,bot_76,3279,b,46,19.43,25,74.18,81,6.82,0
e2-nio-50,binary,50,bot_76,3279,b,48,12.09,25,72.45,82,9.55,0
e2-nio-50,binary,50,bot_76,3279,b,50,40.95,25,99.16,95,-4.16,0
e2-nio-50,binary,50,bot_76,3279,b,52,22.3,25,95.36,107,11.64,0
e2-nio-50,binary,50,bot_76,3279,b,54,15.47,25,89.17,83,-6.17,0
e2-nio-50,binary,50,bot_76,3279,b,56,12.14,25,82.05,69,-13.05,0
e2-nio-50,binary,50,bot_76,3279,b,58,7.77,25,75.84,64,-11.84,0
e2-nio-50,binary,50,bot_76,3279,b,60,19.92,25,77.75,68,-9.75,0
e2-nio-50,binary,50,bot_77,3280,w,1,51.77,25,83.14,106,22.86,0
e2-nio-50,binary,50,bot_77,3280,w,3,32.11,25,103.41,123,19.59,0
e2-nio-50,binary,50,bot_77,3280,w,5,8.23,25,98.03,90,-8.03,0
e2-nio-50,binary,50,bot_77,3280,w,7,12.02,25,116.48,108,-8.48,0
e2-nio-50,binary,50,bot_77,3280,w,9,58.93,25,91.55,140,48.45,0
e2-nio-50,binary,50,bot_77,3280,w,11,60.43,25,99.25,138,38.75,0
e2-nio-50,binary,50,bot_77,3280,w,13,43.26,25,105.35,140,34.65,0
e2-nio-50,binary,50,bot_77,3280,w,15,33.77,25,92.3,108,15.7,0
e2-nio-50,binary,50,bot_77,3280,w,17,40.76,25,130.18,155,24.82,0
e2-nio-50,binary,50,bot_77,3280,w,19,30.3,25,99.48,108,8.52,0
e2-nio-50,binary,50,bot_77,3280,w,21,27.93,25,144.97,159,14.03,0
e2-nio-50,binary,50,bot_77,3280,w,23,22.34,25,135.85,155,19.15,0
e2-nio-50,binary,50,bot_77,3280,w,25,15.4,25,154.27,160,5.73,0
e2-nio-50,binary,50,bot_77,3280,w,27,11.61,25,169.21,175,5.79,0
e2-nio-50,binary,50,bot_77,3280,w,29,45.05,25,154.88,148,-6.88,0
e2-nio-50,binary,50,bot_77,3280,w,31,54.14,25,112.01,169,56.99,0
e2-nio-50,binary,50,bot_77,3280,w,33,38.45,25,98.77,122,23.23,0
e2-nio-50,binary,50,bot_77,3280,w,35,29.58,25,102.25,137,34.75,0
e2-nio-50,binary,50,bot_77,3280,w,37,28.6,25,100.2,107,6.8,0
e2-nio-50,binary,50,bot_77,3280,w,39,21.6,25,118.04,123,4.96,0
e2-nio-50,binary,50,bot_77,3280,w,41,8.48,25,114.52,111,-3.52,0
e2-nio-50,binary,50,bot_77,3280,w,43,38.4,25,67.73,113,45.27,0
e2-nio-50,binary,50,bot_77,3280,w,45,37.42,25,68.07,80,11.93,0
e2-nio-50,binary,50,bot_77,3280,w,47,19.5,25,79.32,91,11.68,0
e2-nio-50,binary,50,bot_77,3280,w,49,42.77,25,78.06,118,39.94,0
e2-nio-50,binary,50,bot_77,3280,w,51,17.6,25,68.45,90,21.55,0
e2-nio-50,binary,50,bot_77,3280,w,53,11.15,25,68.16,76,7.84,0
e2-nio-50,binary,50,bot_77,3280,w,55,10.4,25,64.09,72,7.91,0
e2-nio-50,binary,50,bot_77,3280,w,57,4.9,25,70.14,69,-1.14,0
e2-nio-50,binary,50,bot_77,3280,w,59,9.45,25,61.47,51,-10.47,0
e2-nio-50,binary,50,bot_78,3280,b,2,39.88,25,86.33,97,10.67,0
e2-nio-50,binary,50,bot_78,3280,b,4,12.71,25,91.52,80,-11.52,0
e2-nio-50,binary,50,bot_78,3280,b,6,12.37,25,104.6,72,-32.6,0
e2-nio-50,binary,50,bot_78,3280,b,8,69.02,25,127.07,98,-29.07,0
e2-nio-50,binary,50,bot_78,3280,b,10,58.75,25,79.75,97,17.25,0
e2-nio-50,binary,50,bot_78,3280,b,12,54.33,25,101.33,120,18.67,0
e2-nio-50,binary,50,bot_78,3280,b,14,35.88,25,81.75,83,1.25,0
e2-nio-50,binary,50,bot_78,3280,b,16,44.12,25,122.91,114,-8.91,0
e2-nio-50,binary,50,bot_78,3280,b,18,28.76,25,134.86,134,-0.86,0
e2-nio-50,binary,50,bot_78,3280,b,20,31.94,25,110.16,109,-1.16,0
e2-nio-50,binary,50,bot_78,3280,b,22,35.61,25,149.55,145,-4.55,0
e2-nio-50,binary,50,bot_78,3280,b,24,22.84,25,103.18,93,-10.18,0
e2-nio-50,binary,50,bot_78,3280,b,26,23.12,25,162.6,145,-17.6,0
e2-nio-50,binary,50,bot_78,3280,b,28,9.51,25,127.42,106,-21.42,0
e2-nio-50,binary,50,bot_78,3280,b,30,74.24,25,95.66,107,11.34,0
e2-nio-50,binary,50,bot_78,3280,b,32,40.64,25,88.54,109,20.46,0
e2-nio-50,binary,50,bot_78,3280,b,34,50.47,25,89.43,94,4.57,0
e2-nio-50,binary,50,bot_78,3280,b,36,23.75,25,82.75,80,-2.75,0
e2-nio-50,binary,50,bot_78,3280,b,38,21.87,25,121.29,117,-4.29,0
e2-nio-50,binary,50,bot_78,3280,b,40,12.49,25,121.32,111,-10.32,0
e2-nio-50,binary,50,bot_78,3280,b,42,62.3,25,103.24,78,-25.24,0
e2-nio-50,binary,50,bot_78,3280,b,44,29.38,25,64.54,70,5.46,0
e2-nio-50,binary,50,bot_78,3280,b,46,28.43,25,55.78,60,4.22,0
e2-nio-50,binary,50,bot_78,3280,b,48,57.45,25,81.92,69,-12.92,0
e2-nio-50,binary,50,bot_78,3280,b,50,37.98,25,79.06,90,10.94,0
e2-nio-50,binary,50,bot_78,3280,b,52,25.61,25,78.23,63,-15.23,0
e2-nio-50,binary,50,bot_78,3280,b,54,24.55,25,69.08,47,-22.08,0
e2-nio-50,binary,50,bot_78,3280,b,56,16.16,25,67.5,45,-22.5,0
e2-nio-50,binary,50,bot_78,3280,b,58,2.96,25,73.94,46,-27.94,0
e2-nio-50,binary,50,bot_78,3280,b,60,9.75,25,73.77,57,-16.77,0
e2-nio-50,binary,50,bot_79,3281,w,1,62.9,25,63.57,126,62.43,0
e2-nio-50,binary,50,bot_79,3281,w,3,40.2,25,62.84,105,42.16,0
e2-nio-50,binary,50,bot_79,3281,w,5,37.27,25,81.72,94,12.28,0
e2-nio-50,binary,50,bot_79,3281,w,7,39.5,25,97.28,122,24.72,0
e2-nio-50,binary,50,bot_79,3281,w,9,30.22,25,105.81,128,22.19,0
e2-nio-50,binary,50,bot_79,3281,w,11,34.47,25,122.76,137,14.24,0
e2-nio-50,binary,50,bot_79,3281,w,13,18.47,25,107.4,114,6.6,0
e2-nio-50,binary,50,bot_79,3281,w,15,16.98,25,124.14,126,1.86,0
e2-nio-50,binary,50,bot_79,3281,w,17,16.1,25,153.31,153,-0.31,0
e2-nio-50,binary,50,bot_79,3281,w,19,57.8,25,88.1,136,47.9,0
e2-nio-50,binary,50,bot_79,3281,w,21,70.98,25,111.64,173,61.36,0
e2-nio-50,binary,50,bot_79,3281,w,23,51.55,25,74.75,115,40.25,0
e2-nio-50,binary,50,bot_79,3281,w,25,67.98,25,116.5,159,42.5,0
e2-nio-50,binary,50,bot_79,3281,w,27,38.45,25,99.01,140,40.99,0
e2-nio-50,binary,50,bot_79,3281,w,29,20.68,25,86.64,121,34.36,0
e2-nio-50,binary,50,bot_79,3281,w,31,14.39,25,140.76,151,10.24,0
e2-nio-50,binary,50,bot_79,3281,w,33,8.71,25,132.93,132,-0.93,0
e2-nio-50,binary,50,bot_79,3281,w,35,50.03,25,58.19,118,59.81,0
e2-nio-50,binary,50,bot_79,3281,w,37,65.24,25,77.48,126,48.52,0
e2-nio-50,binary,50,bot_79,3281,w,39,6.62,25,73.87,121,47.13,0
e2-nio-50,binary,50,bot_79,3281,w,41,58.68,25,103.55,99,-4.55,0
e2-nio-50,binary,50,bot_79,3281,w,43,11.04,25,53.3,84,30.7,0
e2-nio-50,binary,50,bot_79,3281,w,45,34.92,25,78.75,97,18.25,0
e2-nio-50,binary,50,bot_79,3281,w,47,3.77,25,71.36,67,-4.36,0
e2-nio-50,binary,50,bot_79,3281,w,49,24.55,25,113.05,109,-4.05,0
e2-nio-50,binary,50,bot_79,3281,w,51,21.67,25,64.85,72,7.15,0
e2-nio-50,binary,50,bot_79,3281,w,53,22.52,25,75.11,83,7.89,0
e2-nio-50,binary,50,bot_79,3281,w,55,4.8,25,69.47,62,-7.47,0
e2-nio-50,binary,50,bot_79,3281,w,57,1.66,25,59.89,47,-12.89,0
e2-nio-50,binary,50,bot_79,3281,w,59,1.69,25,70.68,62,-8.68,0
e2-nio-50,binary,50,bot_80,3281,b,2,59.44,25,77.11,121,43.89,0
e2-nio-50,binary,50,bot_80,3281,b,4,27.86,25,77.33,98,20.67,0
e2-nio-50,binary,50,bot_80,3281,b,6,41.31,25,85.9,103,17.1,0
e2-nio-50,binary,50,bot_80,3281,b,8,39.45,25,106.73,126,19.27,0
e2-nio-50,binary,50,bot_80,3281,b,10,31.37,25,124.15,135,10.85,0
e2-nio-50,binary,50,bot_80,3281,b,12,23.59,25,134.32,149,14.68,0
e2-nio-50,binary,50,bot_80,3281,b,14,18.14,25,109.42,108,-1.42,0
e2-nio-50,binary,50,bot_80,3281,b,16,16.75,25,155.85,154,-1.85,0
e2-nio-50,binary,50,bot_80,3281,b,18,64.62,25,129.27,126,-3.27,0
e2-nio-50,binary,50,bot_80,3281,b,20,78.1,25,96.98,139,42.02,0
e2-nio-50,binary,50,bot_80,3281,b,22,57.33,25,103.27,159,55.73,0
e2-nio-50,binary,50,bot_80,3281,b,24,58.36,25,110.2,146,35.8,0
e2-nio-50,binary,50,bot_80,3281,b,26,58.35,25,124.13,177,52.87,0
e2-nio-50,binary,50,bot_80,3281,b,28,50.61,25,111.93,134,22.07,0
e2-nio-50,binary,50,bot_80,3281,b,30,25.88,25,149.3,154,4.7,0
e2-nio-50,binary,50,bot_80,3281,b,32,15.73,25,108.65,107,-1.65,0
e2-nio-50,binary,50,bot_80,3281,b,34,75.66,25,131,124,-7,0
e2-nio-50,binary,50,bot_80,3281,b,36,64.14,25,61.7,95,33.3,0
e2-nio-50,binary,50,bot_80,3281,b,38,63.04,25,77.86,128,50.14,0
e2-nio-50,binary,50,bot_80,3281,b,40,11.44,25,112.46,103,-9.46,0
e2-nio-50,binary,50,bot_80,3281,b,42,47.68,25,72.22,115,42.78,0
e2-nio-50,binary,50,bot_80,3281,b,44,34.83,25,82.66,78,-4.66,0
e2-nio-50,binary,50,bot_80,3281,b,46,12.45,25,63.2,82,18.8,0
e2-nio-50,binary,50,bot_80,3281,b,48,12.96,25,116.33,104,-12.33,0
e2-nio-50,binary,50,bot_80,3281,b,50,24.03,25,99.14,107,7.86,0
e2-nio-50,binary,50,bot_80,3281,b,52,24.77,25,87.29,93,5.71,0
e2-nio-50,binary,50,bot_80,3281,b,54,9.02,25,68.25,75,6.75,0
e2-nio-50,binary,50,bot_80,3281,b,56,4.02,25,79.9,69,-10.9,0
e2-nio-50,binary,50,bot_80,3281,b,58,4.02,25,81.93,71,-10.93,0
e2-nio-50,binary,50,bot_80,3281,b,60,1.96,25,75.12,64,-11.12,0
e2-nio-50,binary,50,bot_81,3282,w,1,46.8,25,53.9,101,47.1,0
e2-nio-50,binary,50,bot_81,3282,w,3,41.73,25,77.4,86,8.6,0
e2-nio-50,binary,50,bot_81,3282,w,5,43.89,25,92.97,114,21.03,0
e2-nio-50,binary,50,bot_81,3282,w,7,31.73,25,104.52,124,19.48,0
e2-nio-50,binary,50,bot_81,3282,w,9,42.47,25,115.26,125,9.74,0
e2-nio-50,binary,50,bot_81,3282,w,11,23.39,25,102.71,108,5.29,0
e2-nio-50,binary,50,bot_81,3282,w,13,20.36,25,121,120,-1,0
e2-nio-50,binary,50,bot_81,3282,w,15,24.1,25,144.83,143,-1.83,0
e2-nio-50,binary,50,bot_81,3282,w,17,3.39,25,134.85,124,-10.85,0
e2-nio-50,binary,50,bot_81,3282,w,19,79.78,25,107.28,145,37.72,0
e2-nio-50,binary,50,bot_81,3282,w,21,43.55,25,88.26,128,39.74,0
e2-nio-50,binary,50,bot_81,3282,w,23,52.95,25,112.43,141,28.57,0
e2-nio-50,binary,50,bot_81,3282,w,25,37.86,25,128.02,150,21.98,0
e2-nio-50,binary,50,bot_81,3282,w,27,27.02,25,100.77,124,23.23,0
e2-nio-50,binary,50,bot_81,3282,w,29,32.04,25,134.04,154,19.96,0
e2-nio-50,binary,50,bot_81,3282,w,31,17.61,25,119.62,114,-5.62,0
e2-nio-50,binary,50,bot_81,3282,w,33,13.18,25,116.99,116,-0.99,0
e2-nio-50,binary,50,bot_81,3282,w,35,50.56,25,130.5,113,-17.5,0
e2-nio-50,binary,50,bot_81,3282,w,37,24.7,25,95.84,110,14.16,0
e2-nio-50,binary,50,bot_81,3282,w,39,32.4,25,78.79,95,16.21,0
e2-nio-50,binary,50,bot_81,3282,w,41,23.35,25,81.81,87,5.19,0
e2-nio-50,binary,50,bot_81,3282,w,43,25.2,25,81.21,71,-10.21,0
e2-nio-50,binary,50,bot_81,3282,w,45,10.74,25,86.85,68,-18.85,0
e2-nio-50,binary,50,bot_81,3282,w,47,25.29,25,94.64,102,7.36,0
e2-nio-50,binary,50,bot_81,3282,w,49,9.41,25,75.93,65,-10.93,0
e2-nio-50,binary,50,bot_81,3282,w,51,2.47,25,75.92,58,-17.92,0
e2-nio-50,binary,50,bot_81,3282,w,53,3.89,25,69.98,48,-21.98,0
e2-nio-50,binary,50,bot_81,3282,w,55,5.5,25,84.37,59,-25.37,0
e2-nio-50,binary,50,bot_81,3282,w,57,10.52,25,58.12,51,-7.12,0
e2-nio-50,binary,50,bot_81,3282,w,59,6.97,25,59.92,46,-13.92,0
e2-nio-50,binary,50,bot_82,3282,b,2,30.69,25,77.2,92,14.8,0
e2-nio-50,binary,50,bot_82,3282,b,4,42.96,25,84.19,93,8.81,0
e2-nio-50,binary,50,bot_82,3282,b,6,41.81,25,103.76,113,9.24,0
e2-nio-50,binary,50,bot_82,3282,b,8,33.61,25,120.52,119,-1.52,0
e2-nio-50,binary,50,bot_82,3282,b,10,28.04,25,130.07,140,9.93,0
e2-nio-50,binary,50,bot_82,3282,b,12,20.41,25,106.43,97,-9.43,0
e2-nio-50,binary,50,bot_82,3282,b,14,21.33,25,151.75,139,-12.75,0
e2-nio-50,binary,50,bot_82,3282,b,16,11.7,25,125.49,116,-9.49,0
e2-nio-50,binary,50,bot_82,3282,b,18,65.45,25,80.54,48,-32.54,0
e2-nio-50,binary,50,bot_82,3282,b,20,65.92,25,111.33,155,43.67,0
e2-nio-50,binary,50,bot_82,3282,b,22,55.79,25,95.56,104,8.44,0
e2-nio-50,binary,50,bot_82,3282,b,24,50.05,25,142.89,160,17.11,0
e2-nio-50,binary,50,bot_82,3282,b,26,50.05,25,94.21,96,1.79,0
e2-nio-50,binary,50,bot_82,3282,b,28,47.74,25,122.42,114,-8.42,0
e2-nio-50,binary,50,bot_82,3282,b,30,21.68,25,106.38,102,-4.38,0
e2-nio-50,binary,50,bot_82,3282,b,32,25.85,25,115.72,97,-18.72,0
e2-nio-50,binary,50,bot_82,3282,b,34,8.56,25,97.96,75,-22.96,0
e2-nio-50,binary,50,bot_82,3282,b,36,40.78,25,103.01,117,13.99,0
e2-nio-50,binary,50,bot_82,3282,b,38,42.94,25,115.28,105,-10.28,0
e2-nio-50,binary,50,bot_82,3282,b,40,32.64,25,87.98,84,-3.98,0
e2-nio-50,binary,50,bot_82,3282,b,42,16.88,25,76.83,64,-12.83,0
e2-nio-50,binary,50,bot_82,3282,b,44,8.62,25,75.75,65,-10.75,0
e2-nio-50,binary,50,bot_82,3282,b,46,34.87,25,105.62,80,-25.62,0
e2-nio-50,binary,50,bot_82,3282,b,48,18.3,25,99.43,88,-11.43,0
e2-nio-50,binary,50,bot_82,3282,b,50,9.77,25,95.06,69,-26.06,0
e2-nio-50,binary,50,bot_82,3282,b,52,5.29,25,89.27,55,-34.27,0
e2-nio-50,binary,50,bot_82,3282,b,54,3.12,25,80.61,48,-32.61,0
e2-nio-50,binary,50,bot_82,3282,b,56,14.3,25,79.59,58,-21.59,0
e2-nio-50,binary,50,bot_82,3282,b,58,7.34,25,65.19,48,-17.19,0
e2-nio-50,binary,50,bot_82,3282,b,60,5.96,25,55.16,35,-20.16,0
e2-nio-50,binary,50,bot_83,3283,w,1,29.23,25,78,94,16,0
e2-nio-50,binary,50,bot_83,3283,w,3,43.68,25,83.28,96,12.72,0
e2-nio-50,binary,50,bot_83,3283,w,5,44.77,25,100.58,117,16.42,0
e2-nio-50,binary,50,bot_83,3283,w,7,36,25,118,122,4,0
e2-nio-50,binary,50,bot_83,3283,w,9,30.6,25,127.46,142,14.54,0
e2-nio-50,binary,50,bot_83,3283,w,11,22.21,25,104.66,99,-5.66,0
e2-nio-50,binary,50,bot_83,3283,w,13,25.39,25,147.95,142,-5.95,0
e2-nio-50,binary,50,bot_83,3283,w,15,13.21,25,124.03,121,-3.03,0
e2-nio-50,binary,50,bot_83,3283,w,17,63.24,25,82.7,57,-25.7,0
e2-nio-50,binary,50,bot_83,3283,w,19,63.57,25,113.65,156,42.35,0
e2-nio-50,binary,50,bot_83,3283,w,21,53.07,25,98.25,107,8.75,0
e2-nio-50,binary,50,bot_83,3283,w,23,46.84,25,146.16,163,16.84,0
e2-nio-50,binary,50,bot_83,3283,w,25,46.62,25,97.75,102,4.25,0
e2-nio-50,binary,50,bot_83,3283,w,27,43.05,25,126.98,119,-7.98,0
e2-nio-50,binary,50,bot_83,3283,w,29,19.05,25,108.97,105,-3.97,0
e2-nio-50,binary,50,bot_83,3283,w,31,22.6,25,119.08,101,-18.08,0
e2-nio-50,binary,50,bot_83,3283,w,33,48.81,25,100.39,78,-22.39,0
e2-nio-50,binary,50,bot_83,3283,w,35,37.38,25,106.39,119,12.61,0
e2-nio-50,binary,50,bot_83,3283,w,37,40.49,25,117.69,103,-14.69,0
e2-nio-50,binary,50,bot_83,3283,w,39,29.63,25,90.96,87,-3.96,0
e2-nio-50,binary,50,bot_83,3283,w,41,14.96,25,78.75,64,-14.75,0
e2-nio-50,binary,50,bot_83,3283,w,43,14.69,25,79.73,66,-13.73,0
e2-nio-50,binary,50,bot_83,3283,w,45,30.06,25,110.51,84,-26.51,0
e2-nio-50,binary,50,bot_83,3283,w,47,15.39,25,102.32,90,-12.32,0
e2-nio-50,binary,50,bot_83,3283,w,49,38.14,25,99.74,72,-27.74,0
e2-nio-50,binary,50,bot_83,3283,w,51,13.98,25,65.06,61,-4.06,0
e2-nio-50,binary,50,bot_83,3283,w,53,12.89,25,69.76,47,-22.76,0
e2-nio-50,binary,50,bot_83,3283,w,55,10.24,25,83.7,62,-21.7,0
e2-nio-50,binary,50,bot_83,3283,w,57,11.53,25,69.41,49,-20.41,0
e2-nio-50,binary,50,bot_83,3283,w,59,3.16,25,57.32,33,-24.32,0
e2-nio-50,binary,50,bot_84,3283,b,2,42.88,25,76.32,100,23.68,0
e2-nio-50,binary,50,bot_84,3283,b,4,46.17,25,90.74,127,36.26,0
e2-nio-50,binary,50,bot_84,3283,b,6,33.83,25,102.44,140,37.56,0
e2-nio-50,binary,50,bot_84,3283,b,8,45.28,25,112.51,141,28.49,0
e2-nio-50,binary,50,bot_84,3283,b,10,25.9,25,100.35,124,23.65,0
e2-nio-50,binary,50,bot_84,3283,b,12,24.28,25,116.96,133,16.04,0
e2-nio-50,binary,50,bot_84,3283,b,14,28.18,25,140.65,159,18.35,0
e2-nio-50,binary,50,bot_84,3283,b,16,7.7,25,131.3,137,5.7,0
e2-nio-50,binary,50,bot_84,3283,b,18,76.9,25,110.29,158,47.71,0
e2-nio-50,binary,50,bot_84,3283,b,20,42.29,25,89.6,137,47.4,0
e2-nio-50,binary,50,bot_84,3283,b,22,51.46,25,113.95,151,37.05,0
e2-nio-50,binary,50,bot_84,3283,b,24,37.45,25,127.96,158,30.04,0
e2-nio-50,binary,50,bot_84,3283,b,26,25.6,25,102.13,133,30.87,0
e2-nio-50,binary,50,bot_84,3283,b,28,29.93,25,136.26,163,26.74,0
e2-nio-50,binary,50,bot_84,3283,b,30,15.65,25,121.45,125,3.55,0
e2-nio-50,binary,50,bot_84,3283,b,32,11.3,25,118.48,125,6.52,0
e2-nio-50,binary,50,bot_84,3283,b,34,46.19,25,92.29,127,34.71,0
e2-nio-50,binary,50,bot_84,3283,b,36,20.49,25,100.04,122,21.96,0
e2-nio-50,binary,50,bot_84,3283,b,38,30.54,25,80.55,106,25.45,0
e2-nio-50,binary,50,bot_84,3283,b,40,19.83,25,85.03,99,13.97,0
e2-nio-50,binary,50,bot_84,3283,b,42,21.36,25,85.28,84,-1.28,0
e2-nio-50,binary,50,bot_84,3283,b,44,7.18,25,80.11,79,-1.11,0
e2-nio-50,binary,50,bot_84,3283,b,46,21.85,25,97.7,112,14.3,0
e2-nio-50,binary,50,bot_84,3283,b,48,7.02,25,78.33,78,-0.33,0
e2-nio-50,binary,50,bot_84,3283,b,50,31.65,25,65.82,88,22.18,0
e2-nio-50,binary,50,bot_84,3283,b,52,11.27,25,62.75,61,-1.75,0
e2-nio-50,binary,50,bot_84,3283,b,54,4.35,25,50.08,48,-2.08,0
e2-nio-50,binary,50,bot_84,3283,b,56,7.5,25,60.99,58,-2.99,0
e2-nio-50,binary,50,bot_84,3283,b,58,2.37,25,56.58,55,-1.58,0
e2-nio-50,binary,50,bot_84,3283,b,60,6.55,25,67.53,57,-10.53,0
e2-nio-50,binary,50,bot_85,3284,w,1,11.11,25,105.84,91,-14.84,0
e2-nio-50,binary,50,bot_85,3284,w,3,60.08,25,79.55,126,46.45,0
e2-nio-50,binary,50,bot_85,3284,w,5,56.83,25,81.56,114,32.44,0
e2-nio-50,binary,50,bot_85,3284,w,7,51.22,25,104.58,141,36.42,0
e2-nio-50,binary,50,bot_85,3284,w,9,33.6,25,83.89,100,16.11,0
e2-nio-50,binary,50,bot_85,3284,w,11,39.43,25,127.56,136,8.44,0
e2-nio-50,binary,50,bot_85,3284,w,13,25.45,25,138.2,151,12.8,0
e2-nio-50,binary,50,bot_85,3284,w,15,28.24,25,113.8,124,10.2,0
e2-nio-50,binary,50,bot_85,3284,w,17,29.21,25,156.3,161,4.7,0
e2-nio-50,binary,50,bot_85,3284,w,19,17.21,25,108.84,107,-1.84,0
e2-nio-50,binary,50,bot_85,3284,w,21,16.19,25,169.9,164,-5.9,0
e2-nio-50,binary,50,bot_85,3284,w,23,69.37,25,73.16,127,53.84,0
e2-nio-50,binary,50,bot_85,3284,w,25,67.86,25,102.25,118,15.75,0
e2-nio-50,binary,50,bot_85,3284,w,27,36.42,25,92.44,119,26.56,0
e2-nio-50,binary,50,bot_85,3284,w,29,43.08,25,97.07,109,11.93,0
e2-nio-50,binary,50,bot_85,3284,w,31,18.55,25,87.94,92,4.06,0
e2-nio-50,binary,50,bot_85,3284,w,33,15.96,25,127.22,129,1.78,0
e2-nio-50,binary,50,bot_85,3284,w,35,62.84,25,127.65,124,-3.65,0
e2-nio-50,binary,50,bot_85,3284,w,37,49.7,25,70.91,93,22.09,0
e2-nio-50,binary,50,bot_85,3284,w,39,24.48,25,69.4,83,13.6,0
e2-nio-50,binary,50,bot_85,3284,w,41,18.48,25,66.23,79,12.77,0
e2-nio-50,binary,50,bot_85,3284,w,43,46.69,25,93.06,89,-4.06,0
e2-nio-50,binary,50,bot_85,3284,w,45,27.28,25,90.2,104,13.8,0
e2-nio-50,binary,50,bot_85,3284,w,47,18.9,25,85.3,77,-8.3,0
e2-nio-50,binary,50,bot_85,3284,w,49,17.76,25,76.1,62,-14.1,0
e2-nio-50,binary,50,bot_85,3284,w,51,10.74,25,72.85,60,-12.85,0
e2-nio-50,binary,50,bot_85,3284,w,53,21.42,25,76.12,68,-8.12,0
e2-nio-50,binary,50,bot_85,3284,w,55,12.34,25,59.96,57,-2.96,0
e2-nio-50,binary,50,bot_85,3284,w,57,5.84,25,56.03,46,-10.03,0
e2-nio-50,binary,50,bot_85,3284,w,59,5.1,25,76.16,63,-13.16,0
e2-nio-50,binary,50,bot_86,3284,b,2,68.22,25,117.7,113,-4.7,0
e2-nio-50,binary,50,bot_86,3284,b,4,55.97,25,94.15,138,43.85,0
e2-nio-50,binary,50,bot_86,3284,b,6,58.57,25,101.15,142,40.85,0
e2-nio-50,binary,50,bot_86,3284,b,8,39.95,25,109.04,145,35.96,0
e2-nio-50,binary,50,bot_86,3284,b,10,31.34,25,94.87,113,18.13,0
e2-nio-50,binary,50,bot_86,3284,b,12,36.03,25,134.46,159,24.54,0
e2-nio-50,binary,50,bot_86,3284,b,14,28.46,25,101.86,111,9.14,0
e2-nio-50,binary,50,bot_86,3284,b,16,23.08,25,149.42,164,14.58,0
e2-nio-50,binary,50,bot_86,3284,b,18,17.6,25,140.08,156,15.92,0
e2-nio-50,binary,50,bot_86,3284,b,20,12.49,25,157.23,160,2.77,0
e2-nio-50,binary,50,bot_86,3284,b,22,73.3,25,172.02,174,1.98,0
e2-nio-50,binary,50,bot_86,3284,b,24,35.42,25,94.06,150,55.94,0
e2-nio-50,binary,50,bot_86,3284,b,26,46.15,25,120.15,175,54.85,0
e2-nio-50,binary,50,bot_86,3284,b,28,31.72,25,105.62,129,23.38,0
e2-nio-50,binary,50,bot_86,3284,b,30,23.13,25,108.23,137,28.77,0
e2-nio-50,binary,50,bot_86,3284,b,32,21.67,25,107.69,112,4.31,0
e2-nio-50,binary,50,bot_86,3284,b,34,15.1,25,124.45,127,2.55,0
e2-nio-50,binary,50,bot_86,3284,b,36,41.22,25,69.95,119,49.05,0
e2-nio-50,binary,50,bot_86,3284,b,38,32.81,25,72.95,108,35.05,0
e2-nio-50,binary,50,bot_86,3284,b,40,31.88,25,74.04,85,10.96,0
e2-nio-50,binary,50,bot_86,3284,b,42,15.42,25,82.57,87,4.43,0
e2-nio-50,binary,50,bot_86,3284,b,44,33.53,25,86.8,120,33.2,0
e2-nio-50,binary,50,bot_86,3284,b,46,11.68,25,74.15,87,12.85,0
e2-nio-50,binary,50,bot_86,3284,b,48,5.48,25,73.32,78,4.68,0
e2-nio-50,binary,50,bot_86,3284,b,50,6.54,25,67.77,71,3.23,0
e2-nio-50,binary,50,bot_86,3284,b,52,6.52,25,79.23,76,-3.23,0
e2-nio-50,binary,50,bot_86,3284,b,54,13.17,25,56,65,9,0
e2-nio-50,binary,50,bot_86,3284,b,56,3.91,25,57.37,58,0.63,0
e2-nio-50,binary,50,bot_86,3284,b,58,1.4,25,52.67,46,-6.67,0
e2-nio-50,binary,50,bot_86,3284,b,60,5.93,25,64.88,58,-6.88,0
e2-nio-50,binary,50,bot_87,3285,w,1,60.86,25,77.55,145,67.45,0
e2-nio-50,binary,50,bot_87,3285,w,3,49.31,25,87.31,147,59.69,0
e2-nio-50,binary,50,bot_87,3285,w,5,59.17,25,98.47,156,57.53,0
e2-nio-50,binary,50,bot_87,3285,w,7,37.41,25,90.09,140,49.91,0
e2-nio-50,binary,50,bot_87,3285,w,9,42.03,25,97.64,135,37.36,0
e2-nio-50,binary,50,bot_87,3285,w,11,53.95,25,112.91,164,51.09,0
e2-nio-50,binary,50,bot_87,3285,w,13,30.28,25,110.74,135,24.26,0
e2-nio-50,binary,50,bot_87,3285,w,15,74,25,113.24,133,19.76,0
e2-nio-50,binary,50,bot_87,3285,w,17,40.42,25,91.47,109,17.53,0
e2-nio-50,binary,50,bot_87,3285,w,19,51.05,25,114.31,123,8.69,0
e2-nio-50,binary,50,bot_87,3285,w,21,35.1,25,130.24,132,1.76,0
e2-nio-50,binary,50,bot_87,3285,w,23,23.28,25,104.43,105,0.57,0
e2-nio-50,binary,50,bot_87,3285,w,25,27.81,25,138.44,136,-2.44,0
e2-nio-50,binary,50,bot_87,3285,w,27,13.88,25,123.19,97,-26.19,0
e2-nio-50,binary,50,bot_87,3285,w,29,53.3,25,121.67,98,-23.67,0
e2-nio-50,binary,50,bot_87,3285,w,31,45.29,25,92.79,90,-2.79,0
e2-nio-50,binary,50,bot_87,3285,w,33,16.42,25,103.75,95,-8.75,0
e2-nio-50,binary,50,bot_87,3285,w,35,29.22,25,81.83,77,-4.83,0
e2-nio-50,binary,50,bot_87,3285,w,37,17.42,25,87.35,71,-16.35,0
e2-nio-50,binary,50,bot_87,3285,w,39,18.88,25,87.9,57,-30.9,0
e2-nio-50,binary,50,bot_87,3285,w,41,15.93,25,84.01,48,-36.01,0
e2-nio-50,binary,50,bot_87,3285,w,43,18.91,25,100.07,84,-16.07,0
e2-nio-50,binary,50,bot_87,3285,w,45,29.75,25,81.53,51,-30.53,0
e2-nio-50,binary,50,bot_87,3285,w,47,29.51,25,67.84,55,-12.84,0
e2-nio-50,binary,50,bot_87,3285,w,49,9.37,25,64.68,32,-32.68,0
e2-nio-50,binary,50,bot_87,3285,w,51,8.74,25,53.29,19,-34.29,0
e2-nio-50,binary,50,bot_87,3285,w,53,6.21,25,65.39,39,-26.39,0
e2-nio-50,binary,50,bot_87,3285,w,55,1.87,25,56.86,27,-29.86,0
e2-nio-50,binary,50,bot_87,3285,w,57,1.57,25,72.78,40,-32.78,0
e2-nio-50,binary,50,bot_87,3285,w,59,1.68,25,68.41,37,-31.41,0
e2-nio-50,binary,50,bot_88,3285,b,2,61.39,25,82.73,119,36.27,0
e2-nio-50,binary,50,bot_88,3285,b,4,58.41,25,95.61,119,23.39,0
e2-nio-50,binary,50,bot_88,3285,b,6,50.39,25,108.02,143,34.98,0
e2-nio-50,binary,50,bot_88,3285,b,8,37.64,25,89.37,102,12.63,0
e2-nio-50,binary,50,bot_88,3285,b,10,51.65,25,122.95,140,17.05,0
e2-nio-50,binary,50,bot_88,3285,b,12,25.23,25,113.86,142,28.14,0
e2-nio-50,binary,50,bot_88,3285,b,14,61.89,25,83.96,85,1.04,0
e2-nio-50,binary,50,bot_88,3285,b,16,61.34,25,115.87,160,44.13,0
e2-nio-50,binary,50,bot_88,3285,b,18,51.61,25,99.84,111,11.16,0
e2-nio-50,binary,50,bot_88,3285,b,20,45.53,25,147.48,169,21.52,0
e2-nio-50,binary,50,bot_88,3285,b,22,44.91,25,99.71,106,6.29,0
e2-nio-50,binary,50,bot_88,3285,b,24,39.96,25,129.95,125,-4.95,0
e2-nio-50,binary,50,bot_88,3285,b,26,17.05,25,110.81,109,-1.81,0
e2-nio-50,binary,50,bot_88,3285,b,28,19.87,25,122.17,107,-15.17,0
e2-nio-50,binary,50,bot_88,3285,b,30,40.41,25,64.17,87,22.83,0
e2-nio-50,binary,50,bot_88,3285,b,32,35.2,25,108.85,125,16.15,0
e2-nio-50,binary,50,bot_88,3285,b,34,38.82,25,119.36,106,-13.36,0
e2-nio-50,binary,50,bot_88,3285,b,36,26.39,25,94.25,94,-0.25,0
e2-nio-50,binary,50,bot_88,3285,b,38,12.46,25,81.25,68,-13.25,0
e2-nio-50,binary,50,bot_88,3285,b,40,7.44,25,86.75,76,-10.75,0
e2-nio-50,binary,50,bot_88,3285,b,42,27.15,25,101.62,88,-13.62,0
e2-nio-50,binary,50,bot_88,3285,b,44,12.7,25,104.99,94,-10.99,0
e2-nio-50,binary,50,bot_88,3285,b,46,30.5,25,81.69,81,-0.69,0
e2-nio-50,binary,50,bot_88,3285,b,48,10.85,25,67.09,68,0.91,0
e2-nio-50,binary,50,bot_88,3285,b,50,9.44,25,73.58,54,-19.58,0
e2-nio-50,binary,50,bot_88,3285,b,52,6.31,25,80.47,67,-13.47,0
e2-nio-50,binary,50,bot_88,3285,b,54,4.76,25,73,57,-16,0
e2-nio-50,binary,50,bot_88,3285,b,56,1.23,25,59.27,39,-20.27,0
e2-nio-50,binary,50,bot_88,3285,b,58,1.58,25,54.31,34,-20.31,0
e2-nio-50,binary,50,bot_88,3285,b,60,2.6,25,58.8,37,-21.8,0
e2-nio-50,binary,50,bot_89,3286,w,1,57.23,25,93.25,126,32.75,0
e2-nio-50,binary,50,bot_89,3286,w,3,59.92,25,99.79,124,24.21,0
e2-nio-50,binary,50,bot_89,3286,w,5,41.43,25,107.6,126,18.4,0
e2-nio-50,binary,50,bot_89,3286,w,7,32.25,25,93.79,94,0.21,0
e2-nio-50,binary,50,bot_89,3286,w,9,38.23,25,132.54,140,7.46,0
e2-nio-50,binary,50,bot_89,3286,w,11,29.06,25,101.02,93,-8.02,0
e2-nio-50,binary,50,bot_89,3286,w,13,25.22,25,147.53,149,1.47,0
e2-nio-50,binary,50,bot_89,3286,w,15,19.7,25,138.31,142,3.69,0
e2-nio-50,binary,50,bot_89,3286,w,17,13.91,25,155.79,146,-9.79,0
e2-nio-50,binary,50,bot_89,3286,w,19,10.04,25,170.8,161,-9.8,0
e2-nio-50,binary,50,bot_89,3286,w,21,36.38,25,93.34,144,50.66,0
e2-nio-50,binary,50,bot_89,3286,w,23,50.36,25,115.85,158,42.15,0
e2-nio-50,binary,50,bot_89,3286,w,25,36.53,25,100.74,111,10.26,0
e2-nio-50,binary,50,bot_89,3286,w,27,27.22,25,104.44,124,19.56,0
e2-nio-50,binary,50,bot_89,3286,w,29,26.41,25,102.61,96,-6.61,0
e2-nio-50,binary,50,bot_89,3286,w,31,19.86,25,119.69,110,-9.69,0
e2-nio-50,binary,50,bot_89,3286,w,33,51.28,25,116.85,98,-18.85,0
e2-nio-50,binary,50,bot_89,3286,w,35,35.63,25,70.42,96,25.58,0
e2-nio-50,binary,50,bot_89,3286,w,37,36.04,25,69.64,68,-1.64,0
e2-nio-50,binary,50,bot_89,3286,w,39,18.43,25,80.26,76,-4.26,0
e2-nio-50,binary,50,bot_89,3286,w,41,39.6,25,81.09,106,24.91,0
e2-nio-50,binary,50,bot_89,3286,w,43,15.05,25,70.84,74,3.16,0
e2-nio-50,binary,50,bot_89,3286,w,45,8.61,25,70.45,63,-7.45,0
e2-nio-50,binary,50,bot_89,3286,w,47,8.74,25,65.69,58,-7.69,0
e2-nio-50,binary,50,bot_89,3286,w,49,13.23,25,72.32,58,-14.32,0
e2-nio-50,binary,50,bot_89,3286,w,51,15.32,25,53.6,56,2.4,0
e2-nio-50,binary,50,bot_89,3286,w,53,7.1,25,54.75,47,-7.75,0
e2-nio-50,binary,50,bot_89,3286,w,55,3.42,25,55.19,36,-19.19,0
e2-nio-50,binary,50,bot_89,3286,w,57,9,25,65.26,50,-15.26,0
e2-nio-50,binary,50,bot_89,3286,w,59,2.21,25,62.74,43,-19.74,0
e2-nio-50,binary,50,bot_90,3286,b,2,58.04,25,80.39,103,22.61,0
e2-nio-50,binary,50,bot_90,3286,b,4,53.33,25,102.43,126,23.57,0
e2-nio-50,binary,50,bot_90,3286,b,6,34.65,25,82.95,89,6.05,0
e2-nio-50,binary,50,bot_90,3286,b,8,41.5,25,125.56,121,-4.56,0
e2-nio-50,binary,50,bot_90,3286,b,10,26.96,25,136.68,140,3.32,0
e2-nio-50,binary,50,bot_90,3286,b,12,30.37,25,111.67,113,1.33,0
e2-nio-50,binary,50,bot_90,3286,b,14,31.75,25,153.66,150,-3.66,0
e2-nio-50,binary,50,bot_90,3286,b,16,19.52,25,106.52,98,-8.52,0
e2-nio-50,binary,50,bot_90,3286,b,18,19,25,166.97,153,-13.97,0
e2-nio-50,binary,50,bot_90,3286,b,20,77.89,25,129.14,110,-19.14,0
e2-nio-50,binary,50,bot_90,3286,b,22,70.72,25,99.35,106,6.65,0
e2-nio-50,binary,50,bot_90,3286,b,24,38.59,25,90.39,112,21.61,0
e2-nio-50,binary,50,bot_90,3286,b,26,47.28,25,92.77,101,8.23,0
e2-nio-50,binary,50,bot_90,3286,b,28,21.72,25,84.78,83,-1.78,0
e2-nio-50,binary,50,bot_90,3286,b,30,19.06,25,124.15,122,-2.15,0
e2-nio-50,binary,50,bot_90,3286,b,32,9.98,25,123.89,116,-7.89,0
e2-nio-50,binary,50,bot_90,3286,b,34,54.48,25,66.03,89,22.97,0
e2-nio-50,binary,50,bot_90,3286,b,36,27.32,25,66.55,74,7.45,0
e2-nio-50,binary,50,bot_90,3286,b,38,24.19,25,60.18,67,6.82,0
e2-nio-50,binary,50,bot_90,3286,b,40,53.37,25,86.25,76,-10.25,0
e2-nio-50,binary,50,bot_90,3286,b,42,32.45,25,85.06,96,10.94,0
e2-nio-50,binary,50,bot_90,3286,b,44,21.48,25,82.65,70,-12.65,0
e2-nio-50,binary,50,bot_90,3286,b,46,21.71,25,72.11,52,-20.11,0
e2-nio-50,binary,50,bot_90,3286,b,48,13.57,25,70.08,50,-20.08,0
e2-nio-50,binary,50,bot_90,3286,b,50,25.07,25,72.44,63,-9.44,0
e2-nio-50,binary,50,bot_90,3286,b,52,14.95,25,57.29,49,-8.29,0
e2-nio-50,binary,50,bot_90,3286,b,54,4.04,25,52.7,38,-14.7,0
e2-nio-50,binary,50,bot_90,3286,b,56,6.51,25,71.95,53,-18.95,0
e2-nio-50,binary,50,bot_90,3286,b,58,3.09,25,58.78,45,-13.78,0
e2-nio-50,binary,50,bot_90,3286,b,60,2.82,25,76.54,56,-20.54,0
e2-nio-50,binary,50,bot_91,3287,w,1,60.09,25,78.71,119,40.29,0
e2-nio-50,binary,50,bot_91,3287,w,3,55.92,25,99.98,128,28.02,0
e2-nio-50,binary,50,bot_91,3287,w,5,36.36,25,81.44,92,10.56,0
e2-nio-50,binary,50,bot_91,3287,w,7,46.09,25,120.99,122,1.01,0
e2-nio-50,binary,50,bot_91,3287,w,9,29.88,25,133.76,143,9.24,0
e2-nio-50,binary,50,bot_91,3287,w,11,32.65,25,109.94,115,5.06,0
e2-nio-50,binary,50,bot_91,3287,w,13,37.34,25,147.68,151,3.32,0
e2-nio-50,binary,50,bot_91,3287,w,15,25.12,25,100.92,100,-0.92,0
e2-nio-50,binary,50,bot_91,3287,w,17,26.03,25,159.51,150,-9.51,0
e2-nio-50,binary,50,bot_91,3287,w,19,11.34,25,125.88,114,-11.88,0
e2-nio-50,binary,50,bot_91,3287,w,21,77.41,25,130.12,115,-15.12,0
e2-nio-50,binary,50,bot_91,3287,w,23,43.78,25,85.74,118,32.26,0
e2-nio-50,binary,50,bot_91,3287,w,25,53.7,25,85.99,101,15.01,0
e2-nio-50,binary,50,bot_91,3287,w,27,25.95,25,80.64,88,7.36,0
e2-nio-50,binary,50,bot_91,3287,w,29,25.15,25,118.06,125,6.94,0
e2-nio-50,binary,50,bot_91,3287,w,31,14.81,25,119.12,115,-4.12,0
e2-nio-50,binary,50,bot_91,3287,w,33,7.82,25,101.59,88,-13.59,0
e2-nio-50,binary,50,bot_91,3287,w,35,30.58,25,63.5,86,22.5,0
e2-nio-50,binary,50,bot_91,3287,w,37,29.87,25,54.59,68,13.41,0
e2-nio-50,binary,50,bot_91,3287,w,39,59.33,25,80.01,75,-5.01,0
e2-nio-50,binary,50,bot_91,3287,w,41,40.13,25,77.1,98,20.9,0
e2-nio-50,binary,50,bot_91,3287,w,43,28.34,25,75.13,68,-7.12,0
e2-nio-50,binary,50,bot_91,3287,w,45,25.97,25,67.42,53,-14.42,0
e2-nio-50,binary,50,bot_91,3287,w,47,17.6,25,66.25,53,-13.25,0
e2-nio-50,binary,50,bot_91,3287,w,49,7.31,25,71.31,52,-19.31,0
e2-nio-50,binary,50,bot_91,3287,w,51,7.67,25,75.71,58,-17.71,0
e2-nio-50,binary,50,bot_91,3287,w,53,3.93,25,59.25,40,-19.25,0
e2-nio-50,binary,50,bot_91,3287,w,55,17.24,25,63.49,47,-16.49,0
e2-nio-50,binary,50,bot_91,3287,w,57,5.94,25,54.96,47,-7.96,0
e2-nio-50,binary,50,bot_91,3287,w,59,9.84,25,69.06,51,-18.06,0
e2-nio-50,binary,50,bot_92,3287,b,2,62.13,25,97.52,120,22.48,0
e2-nio-50,binary,50,bot_92,3287,b,4,45.99,25,102.51,120,17.49,0
e2-nio-50,binary,50,bot_92,3287,b,6,35.41,25,90.64,89,-1.64,0
e2-nio-50,binary,50,bot_92,3287,b,8,43.59,25,127.43,135,7.57,0
e2-nio-50,binary,50,bot_92,3287,b,10,31.9,25,97.65,89,-8.65,0
e2-nio-50,binary,50,bot_92,3287,b,12,30.78,25,142.16,143,0.84,0
e2-nio-50,binary,50,bot_92,3287,b,14,25.67,25,132.57,139,6.43,0
e2-nio-50,binary,50,bot_92,3287,b,16,18.27,25,151.36,146,-5.36,0
e2-nio-50,binary,50,bot_92,3287,b,18,15.24,25,165.49,161,-4.49,0
e2-nio-50,binary,50,bot_92,3287,b,20,11.72,25,150.43,130,-20.43,0
e2-nio-50,binary,50,bot_92,3287,b,22,60.69,25,105.42,152,46.58,0
e2-nio-50,binary,50,bot_92,3287,b,24,42.29,25,94.92,108,13.08,0
e2-nio-50,binary,50,bot_92,3287,b,26,34.33,25,97.55,120,22.45,0
e2-nio-50,binary,50,bot_92,3287,b,28,33.87,25,94.74,91,-3.74,0
e2-nio-50,binary,50,bot_92,3287,b,30,22.78,25,116.96,112,-4.96,0
e2-nio-50,binary,50,bot_92,3287,b,32,13.46,25,109.48,93,-16.48,0
e2-nio-50,binary,50,bot_92,3287,b,34,48.7,25,113.75,91,-22.75,0
e2-nio-50,binary,50,bot_92,3287,b,36,42.05,25,63.25,63,-0.25,0
e2-nio-50,binary,50,bot_92,3287,b,38,21.99,25,76.85,76,-0.85,0
e2-nio-50,binary,50,bot_92,3287,b,40,47.18,25,73.65,102,28.35,0
e2-nio-50,binary,50,bot_92,3287,b,42,20.13,25,65.95,76,10.05,0
e2-nio-50,binary,50,bot_92,3287,b,44,11.77,25,67.7,65,-2.7,0
e2-nio-50,binary,50,bot_92,3287,b,46,12.89,25,61.61,56,-5.61,0
e2-nio-50,binary,50,bot_92,3287,b,48,8.73,25,66.28,53,-13.28,0
e2-nio-50,binary,50,bot_92,3287,b,50,4.48,25,65.6,50,-15.6,0
e2-nio-50,binary,50,bot_92,3287,b,52,2.57,25,63.57,47,-16.57,0
e2-nio-50,binary,50,bot_92,3287,b,54,5.26,25,57.47,36,-21.47,0
e2-nio-50,binary,50,bot_92,3287,b,56,14.48,25,60.03,54,-6.03,0
e2-nio-50,binary,50,bot_92,3287,b,58,4.8,25,60.64,43,-17.64,0
e2-nio-50,binary,50,bot_92,3287,b,60,3.77,25,68.3,54,-14.3,0
e2-nio-50,binary,50,bot_93,3288,w,1,65.09,25,95.04,133,37.96,0
e2-nio-50,binary,50,bot_93,3288,w,3,50.68,25,98.11,122,23.89,0
e2-nio-50,binary,50,bot_93,3288,w,5,37.81,25,88.58,92,3.42,0
e2-nio-50,binary,50,bot_93,3288,w,7,49.2,25,122.3,138,15.7,0
e2-nio-50,binary,50,bot_93,3288,w,9,35.01,25,93.6,92,-1.6,0
e2-nio-50,binary,50,bot_93,3288,w,11,36.96,25,136.39,143,6.61,0
e2-nio-50,binary,50,bot_93,3288,w,13,29.85,25,128.8,141,12.2,0
e2-nio-50,binary,50,bot_93,3288,w,15,23.53,25,146.02,145,-1.02,0
e2-nio-50,binary,50,bot_93,3288,w,17,20.04,25,161.09,163,1.91,0
e2-nio-50,binary,50,bot_93,3288,w,19,15.81,25,146.5,132,-14.5,0
e2-nio-50,binary,50,bot_93,3288,w,21,67.09,25,99.42,155,55.58,0
e2-nio-50,binary,50,bot_93,3288,w,23,46.66,25,90.46,109,18.54,0
e2-nio-50,binary,50,bot_93,3288,w,25,38.28,25,93.91,124,30.09,0
e2-nio-50,binary,50,bot_93,3288,w,27,37.2,25,90.88,93,2.12,0
e2-nio-50,binary,50,bot_93,3288,w,29,26.37,25,113.2,116,2.8,0
e2-nio-50,binary,50,bot_93,3288,w,31,17.06,25,105.84,98,-7.84,0
e2-nio-50,binary,50,bot_93,3288,w,33,11.62,25,108.36,94,-14.36,0
e2-nio-50,binary,50,bot_93,3288,w,35,4.89,25,90.74,69,-21.74,0
e2-nio-50,binary,50,bot_93,3288,w,37,25.13,25,105.25,85,-20.25,0
e2-nio-50,binary,50,bot_93,3288,w,39,51.23,25,69.04,103,33.96,0
e2-nio-50,binary,50,bot_93,3288,w,41,24.09,25,62.21,76,13.79,0
e2-nio-50,binary,50,bot_93,3288,w,43,17.19,25,62.67,65,2.33,0
e2-nio-50,binary,50,bot_93,3288,w,45,15.95,25,58.39,58,-0.39,0
e2-nio-50,binary,50,bot_93,3288,w,47,13.6,25,61.14,50,-11.14,0
e2-nio-50,binary,50,bot_93,3288,w,49,2.32,25,67.6,55,-12.6,0
e2-nio-50,binary,50,bot_93,3288,w,51,2.82,25,52.84,50,-2.84,0
e2-nio-50,binary,50,bot_93,3288,w,53,2.33,25,56.65,38,-18.65,0
e2-nio-50,binary,50,bot_93,3288,w,55,12.11,25,62.29,51,-11.29,0
e2-nio-50,binary,50,bot_93,3288,w,57,4.61,25,60.76,43,-17.76,0
e2-nio-50,binary,50,bot_93,3288,w,59,1.97,25,69.9,52,-17.9,0
e2-nio-50,binary,50,bot_94,3288,b,2,61.1,25,94.4,129,34.6,0
e2-nio-50,binary,50,bot_94,3288,b,4,39.99,25,77.81,96,18.19,0
e2-nio-50,binary,50,bot_94,3288,b,6,52.59,25,114.22,120,5.78,0
e2-nio-50,binary,50,bot_94,3288,b,8,34.56,25,129.02,146,16.98,0
e2-nio-50,binary,50,bot_94,3288,b,10,36.22,25,106.67,117,10.33,0
e2-nio-50,binary,50,bot_94,3288,b,12,41.36,25,143.34,155,11.66,0
e2-nio-50,binary,50,bot_94,3288,b,14,27.27,25,98.85,103,4.15,0
e2-nio-50,binary,50,bot_94,3288,b,16,31.25,25,154.08,153,-1.08,0
e2-nio-50,binary,50,bot_94,3288,b,18,14.62,25,122.42,118,-4.42,0
e2-nio-50,binary,50,bot_94,3288,b,20,83.34,25,123.52,115,-8.52,0
e2-nio-50,binary,50,bot_94,3288,b,22,46.94,25,82.86,125,42.14,0
e2-nio-50,binary,50,bot_94,3288,b,24,58.17,25,81.25,102,20.75,0
e2-nio-50,binary,50,bot_94,3288,b,26,29.68,25,77.03,91,13.97,0
e2-nio-50,binary,50,bot_94,3288,b,28,30.93,25,112.36,124,11.64,0
e2-nio-50,binary,50,bot_94,3288,b,30,20.42,25,113.45,114,0.55,0
e2-nio-50,binary,50,bot_94,3288,b,32,15.11,25,94.31,86,-8.31,0
e2-nio-50,binary,50,bot_94,3288,b,34,8.18,25,76.83,64,-12.83,0
e2-nio-50,binary,50,bot_94,3288,b,36,8.66,25,105.49,86,-19.49,0
e2-nio-50,binary,50,bot_94,3288,b,38,63.08,25,76.49,77,0.51,0
e2-nio-50,binary,50,bot_94,3288,b,40,43.51,25,73.97,101,27.03,0
e2-nio-50,binary,50,bot_94,3288,b,42,32.45,25,70.93,70,-0.93,0
e2-nio-50,binary,50,bot_94,3288,b,44,29.23,25,64.12,57,-7.12,0
e2-nio-50,binary,50,bot_94,3288,b,46,18.73,25,65.22,57,-8.22,0
e2-nio-50,binary,50,bot_94,3288,b,48,9.87,25,69.9,59,-10.9,0
e2-nio-50,binary,50,bot_94,3288,b,50,19.52,25,80.88,63,-17.87,0
e2-nio-50,binary,50,bot_94,3288,b,52,4.67,25,55.67,39,-16.67,0
e2-nio-50,binary,50,bot_94,3288,b,54,12.1,25,68.99,52,-16.99,0
e2-nio-50,binary,50,bot_94,3288,b,56,5.96,25,55.17,48,-7.17,0
e2-nio-50,binary,50,bot_94,3288,b,58,7.32,25,72.23,57,-15.23,0
e2-nio-50,binary,50,bot_94,3288,b,60,9.18,25,63.6,46,-17.6,0
e2-nio-50,binary,50,bot_95,3289,w,1,63.61,25,92.44,135,42.56,0
e2-nio-50,binary,50,bot_95,3289,w,3,41.23,25,76.98,95,18.02,0
e2-nio-50,binary,50,bot_95,3289,w,5,53.92,25,112.8,116,3.2,0
e2-nio-50,binary,50,bot_95,3289,w,7,37.55,25,126.12,145,18.88,0
e2-nio-50,binary,50,bot_95,3289,w,9,37.82,25,105.77,114,8.23,0
e2-nio-50,binary,50,bot_95,3289,w,11,43.94,25,140.36,156,15.64,0
e2-nio-50,binary,50,bot_95,3289,w,13,30.12,25,96.19,101,4.81,0
e2-nio-50,binary,50,bot_95,3289,w,15,33.37,25,152.65,154,1.35,0
e2-nio-50,binary,50,bot_95,3289,w,17,15.71,25,121.32,113,-8.32,0
e2-nio-50,binary,50,bot_95,3289,w,19,85.23,25,121.41,109,-12.41,0
e2-nio-50,binary,50,bot_95,3289,w,21,48.38,25,81.68,119,37.32,0
e2-nio-50,binary,50,bot_95,3289,w,23,59.83,25,79.42,97,17.58,0
e2-nio-50,binary,50,bot_95,3289,w,25,31.25,25,75.78,86,10.22,0
e2-nio-50,binary,50,bot_95,3289,w,27,33.4,25,109.96,118,8.04,0
e2-nio-50,binary,50,bot_95,3289,w,29,22.24,25,111.79,109,-2.79,0
e2-nio-50,binary,50,bot_95,3289,w,31,17.71,25,91.76,82,-9.76,0
e2-nio-50,binary,50,bot_95,3289,w,33,9.79,25,75.25,59,-16.25,0
e2-nio-50,binary,50,bot_95,3289,w,35,8.71,25,105.36,83,-22.36,0
e2-nio-50,binary,50,bot_95,3289,w,37,68.8,25,92.23,70,-22.23,0
e2-nio-50,binary,50,bot_95,3289,w,39,46.94,25,70.45,97,26.55,0
e2-nio-50,binary,50,bot_95,3289,w,41,35.96,25,67.37,62,-5.37,0
e2-nio-50,binary,50,bot_95,3289,w,43,30.79,25,62.29,55,-7.29,0
e2-nio-50,binary,50,bot_95,3289,w,45,18.76,25,65.59,54,-11.59,0
e2-nio-50,binary,50,bot_95,3289,w,47,11.43,25,65.7,52,-13.7,0
e2-nio-50,binary,50,bot_95,3289,w,49,12.54,25,70.98,61,-9.98,0
e2-nio-50,binary,50,bot_95,3289,w,51,5.94,25,57.87,41,-16.87,0
e2-nio-50,binary,50,bot_95,3289,w,53,3.84,25,65.21,46,-19.21,0
e2-nio-50,binary,50,bot_95,3289,w,55,7.07,25,53.66,50,-3.66,0
e2-nio-50,binary,50,bot_95,3289,w,57,10.85,25,68.05,53,-15.05,0
e2-nio-50,binary,50,bot_95,3289,w,59,8.38,25,57.67,41,-16.67,0
e2-nio-50,binary,50,bot_96,3289,b,2,55.45,25,93.24,117,23.76,0
e2-nio-50,binary,50,bot_96,3289,b,4,41.33,25,84.9,87,2.1,0
e2-nio-50,binary,50,bot_96,3289,b,6,56.17,25,115.34,129,13.66,0
e2-nio-50,binary,50,bot_96,3289,b,8,38.84,25,89.07,87,-2.07,0
e2-nio-50,binary,50,bot_96,3289,b,10,44.97,25,128.49,135,6.51,0
e2-nio-50,binary,50,bot_96,3289,b,12,34.73,25,124.07,138,13.93,0
e2-nio-50,binary,50,bot_96,3289,b,14,31.86,25,136.97,137,0.03,0
e2-nio-50,binary,50,bot_96,3289,b,16,21.71,25,159.54,163,3.46,0
e2-nio-50,binary,50,bot_96,3289,b,18,17.62,25,144.7,131,-13.7,0
e2-nio-50,binary,50,bot_96,3289,b,20,69.33,25,97.2,152,54.8,0
e2-nio-50,binary,50,bot_96,3289,b,22,49.19,25,87.94,107,19.06,0
e2-nio-50,binary,50,bot_96,3289,b,24,40.89,25,91.32,121,29.68,0
e2-nio-50,binary,50,bot_96,3289,b,26,38.83,25,89.19,90,0.81,0
e2-nio-50,binary,50,bot_96,3289,b,28,28.87,25,110.66,114,3.34,0
e2-nio-50,binary,50,bot_96,3289,b,30,20.9,25,101.97,94,-7.97,0
e2-nio-50,binary,50,bot_96,3289,b,32,14.28,25,105.72,93,-12.72,0
e2-nio-50,binary,50,bot_96,3289,b,34,7.36,25,88.26,67,-21.26,0
e2-nio-50,binary,50,bot_96,3289,b,36,7.03,25,101.94,79,-22.94,0
e2-nio-50,binary,50,bot_96,3289,b,38,56.4,25,63.87,103,39.13,0
e2-nio-50,binary,50,bot_96,3289,b,40,25.78,25,60.05,76,15.95,0
e2-nio-50,binary,50,bot_96,3289,b,42,21.53,25,58.63,64,5.37,0
e2-nio-50,binary,50,bot_96,3289,b,44,17.8,25,56.49,57,0.51,0
e2-nio-50,binary,50,bot_96,3289,b,46,15.21,25,59.5,47,-12.5,0
e2-nio-50,binary,50,bot_96,3289,b,48,13.04,25,58.26,46,-12.26,0
e2-nio-50,binary,50,bot_96,3289,b,50,7.29,25,58.44,47,-11.44,0
e2-nio-50,binary,50,bot_96,3289,b,52,3.87,25,54.66,36,-18.66,0
e2-nio-50,binary,50,bot_96,3289,b,54,19.84,25,70.46,50,-20.46,0
e2-nio-50,binary,50,bot_96,3289,b,56,9.55,25,55.74,39,-16.74,0
e2-nio-50,binary,50,bot_96,3289,b,58,7.57,25,64.2,52,-12.2,0
e2-nio-50,binary,50,bot_96,3289,b,60,5.96,25,66.39,51,-15.39,0
e2-nio-50,binary,50,bot_97,3290,w,1,56.29,25,92.36,129,36.64,0
e2-nio-50,binary,50,bot_97,3290,w,3,44.58,25,81.71,88,6.29,0
e2-nio-50,binary,50,bot_97,3290,w,5,61.4,25,110.49,130,19.51,0
e2-nio-50,binary,50,bot_97,3290,w,7,43.14,25,83.59,87,3.41,0
e2-nio-50,binary,50,bot_97,3290,w,9,52.31,25,121.69,132,10.31,0
e2-nio-50,binary,50,bot_97,3290,w,11,38.67,25,120.71,138,17.29,0
e2-nio-50,binary,50,bot_97,3290,w,13,38.18,25,130.65,135,4.35,0
e2-nio-50,binary,50,bot_97,3290,w,15,28.32,25,153.21,160,6.79,0
e2-nio-50,binary,50,bot_97,3290,w,17,21.68,25,140.54,129,-11.54,0
e2-nio-50,binary,50,bot_97,3290,w,19,75.33,25,90.94,149,58.06,0
e2-nio-50,binary,50,bot_97,3290,w,21,55.17,25,81.99,101,19.01,0
e2-nio-50,binary,50,bot_97,3290,w,23,45.93,25,85.97,116,30.03,0
e2-nio-50,binary,50,bot_97,3290,w,25,41.79,25,85.75,85,-0.75,0
e2-nio-50,binary,50,bot_97,3290,w,27,33.72,25,105.61,110,4.39,0
e2-nio-50,binary,50,bot_97,3290,w,29,25.37,25,97.34,91,-6.34,0
e2-nio-50,binary,50,bot_97,3290,w,31,18.46,25,101.3,90,-11.3,0
e2-nio-50,binary,50,bot_97,3290,w,33,9.82,25,86.17,65,-21.17,0
e2-nio-50,binary,50,bot_97,3290,w,35,10.94,25,97.97,76,-21.97,0
e2-nio-50,binary,50,bot_97,3290,w,37,58.51,25,61.76,98,36.24,0
e2-nio-50,binary,50,bot_97,3290,w,39,27.18,25,59.94,76,16.06,0
e2-nio-50,binary,50,bot_97,3290,w,41,23.77,25,56.66,62,5.34,0
e2-nio-50,binary,50,bot_97,3290,w,43,18.87,25,55.51,56,0.49,0
e2-nio-50,binary,50,bot_97,3290,w,45,17.31,25,57.24,47,-10.24,0
e2-nio-50,binary,50,bot_97,3290,w,47,14.71,25,56.99,46,-10.99,0
e2-nio-50,binary,50,bot_97,3290,w,49,7.28,25,58.71,50,-8.71,0
e2-nio-50,binary,50,bot_97,3290,w,51,4.82,25,59,37,-22,0
e2-nio-50,binary,50,bot_97,3290,w,53,3.02,25,68.86,51,-17.86,0
e2-nio-50,binary,50,bot_97,3290,w,55,1.4,25,57.93,34,-23.93,0
e2-nio-50,binary,50,bot_97,3290,w,57,0.91,25,61.78,39,-22.78,0
e2-nio-50,binary,50,bot_97,3290,w,59,1.53,25,59.85,35,-24.85,0
e2-nio-50,binary,50,bot_98,3290,b,2,46.39,25,71.68,91,19.32,0
e2-nio-50,binary,50,bot_98,3290,b,4,60.03,25,106.83,113,6.17,0
e2-nio-50,binary,50,bot_98,3290,b,6,45.06,25,118.57,141,22.43,0
e2-nio-50,binary,50,bot_98,3290,b,8,43.36,25,100.64,115,14.36,0
e2-nio-50,binary,50,bot_98,3290,b,10,49.53,25,134.28,157,22.72,0
e2-nio-50,binary,50,bot_98,3290,b,12,36.27,25,89.86,98,8.14,0
e2-nio-50,binary,50,bot_98,3290,b,14,38.55,25,147.25,155,7.75,0
e2-nio-50,binary,50,bot_98,3290,b,16,19.15,25,117.89,116,-1.89,0
e2-nio-50,binary,50,bot_98,3290,b,18,89.86,25,116.61,108,-8.61,0
e2-nio-50,binary,50,bot_98,3290,b,20,51.39,25,79.03,124,44.97,0
e2-nio-50,binary,50,bot_98,3290,b,22,61.41,25,77.83,103,25.17,0
e2-nio-50,binary,50,bot_98,3290,b,24,32.36,25,74.84,92,17.16,0
e2-nio-50,binary,50,bot_98,3290,b,26,36.14,25,107.29,119,11.71,0
e2-nio-50,binary,50,bot_98,3290,b,28,24.77,25,109.32,112,2.68,0
e2-nio-50,binary,50,bot_98,3290,b,30,20.17,25,89.35,84,-5.35,0
e2-nio-50,binary,50,bot_98,3290,b,32,11.53,25,73.56,62,-11.56,0
e2-nio-50,binary,50,bot_98,3290,b,34,10.52,25,103.53,84,-19.53,0
e2-nio-50,binary,50,bot_98,3290,b,36,69.14,25,91.89,73,-18.89,0
e2-nio-50,binary,50,bot_98,3290,b,38,49.12,25,68.04,97,28.96,0
e2-nio-50,binary,50,bot_98,3290,b,40,38.3,25,64.95,62,-2.95,0
e2-nio-50,binary,50,bot_98,3290,b,42,32.75,25,60.32,55,-5.32,0
e2-nio-50,binary,50,bot_98,3290,b,44,21.05,25,63.37,52,-11.37,0
e2-nio-50,binary,50,bot_98,3290,b,46,15.28,25,61.76,50,-11.76,0
e2-nio-50,binary,50,bot_98,3290,b,48,15.58,25,67.86,60,-7.86,0
e2-nio-50,binary,50,bot_98,3290,b,50,3.62,25,55.06,40,-15.06,0
e2-nio-50,binary,50,bot_98,3290,b,52,6.95,25,62,44,-18,0
e2-nio-50,binary,50,bot_98,3290,b,54,1.31,25,62,42,-20,0
e2-nio-50,binary,50,bot_98,3290,b,56,1.64,25,63.19,41,-22.19,0
e2-nio-50,binary,50,bot_98,3290,b,58,1.55,25,57.83,37,-20.83,0
e2-nio-50,binary,50,bot_98,3290,b,60,1.32,25,62.65,41,-21.65,0
e2-nio-50,binary,50,bot_99,3291,w,1,46.89,25,71.51,100,28.49,0
e2-nio-50,binary,50,bot_99,3291,w,3,61.33,25,105.37,112,6.63,0
e2-nio-50,binary,50,bot_99,3291,w,5,47.19,25,116.5,142,25.5,0
e2-nio-50,binary,50,bot_99,3291,w,7,44.33,25,99.99,115,15.01,0
e2-nio-50,binary,50,bot_99,3291,w,9,50.97,25,132.7,158,25.3,0
e2-nio-50,binary,50,bot_99,3291,w,11,37.3,25,88.91,100,11.09,0
e2-nio-50,binary,50,bot_99,3291,w,13,43.97,25,141.46,152,10.54,0
e2-nio-50,binary,50,bot_99,3291,w,15,21.88,25,115.08,119,3.92,0
e2-nio-50,binary,50,bot_99,3291,w,17,92.25,25,113.78,111,-2.78,0
e2-nio-50,binary,50,bot_99,3291,w,19,54.18,25,76.81,126,49.19,0
e2-nio-50,binary,50,bot_99,3291,w,21,64.42,25,74.8,105,30.2,0
e2-nio-50,binary,50,bot_99,3291,w,23,35.82,25,71.78,91,19.22,0
e2-nio-50,binary,50,bot_99,3291,w,25,44.75,25,98.52,114,15.48,0
e2-nio-50,binary,50,bot_99,3291,w,27,33.5,25,100.54,112,11.46,0
e2-nio-50,binary,50,bot_99,3291,w,29,27.8,25,81.73,84,2.27,0
e2-nio-50,binary,50,bot_99,3291,w,31,15.32,25,69.38,66,-3.38,0
e2-nio-50,binary,50,bot_99,3291,w,33,15.68,25,98.34,85,-13.34,0
e2-nio-50,binary,50,bot_99,3291,w,35,12.18,25,83.35,69,-14.35,0
e2-nio-50,binary,50,bot_99,3291,w,37,6.56,25,105.26,82,-23.26,0
e2-nio-50,binary,50,bot_99,3291,w,39,7.11,25,79.71,55,-24.71,0
e2-nio-50,binary,50,bot_99,3291,w,41,38.86,25,92.11,66,-26.11,0
e2-nio-50,binary,50,bot_99,3291,w,43,23.37,25,61.27,49,-12.27,0
e2-nio-50,binary,50,bot_99,3291,w,45,17.74,25,58.84,47,-11.84,0
e2-nio-50,binary,50,bot_99,3291,w,47,18.73,25,64.61,57,-7.61,0
e2-nio-50,binary,50,bot_99,3291,w,49,5.6,25,53.53,37,-16.53,0
e2-nio-50,binary,50,bot_99,3291,w,51,10.91,25,57.79,40,-17.79,0
e2-nio-50,binary,50,bot_99,3291,w,53,4.11,25,58.79,39,-19.79,0
e2-nio-50,binary,50,bot_99,3291,w,55,5.55,25,59.08,36,-23.08,0
e2-nio-50,binary,50,bot_99,3291,w,57,2.84,25,55.92,35,-20.92,0
e2-nio-50,binary,50,bot_99,3291,w,59,3.05,25,61.11,40,-21.11,0
e2-nio-50,binary,50,bot_100,3291,b,2,46.31,25,79.98,88,8.02,0
e2-nio-50,binary,50,bot_100,3291,b,4,65.62,25,106.28,128,21.72,0
e2-nio-50,binary,50,bot_100,3291,b,6,46.04,25,80.49,88,7.51,0
e2-nio-50,binary,50,bot_100,3291,b,8,55.33,25,118.71,131,12.29,0
e2-nio-50,binary,50,bot_100,3291,b,10,41.99,25,117.44,138,20.56,0
e2-nio-50,binary,50,bot_100,3291,b,12,41.79,25,127.02,134,6.98,0
e2-nio-50,binary,50,bot_100,3291,b,14,34.37,25,147.47,160,12.53,0
e2-nio-50,binary,50,bot_100,3291,b,16,28.51,25,133.77,125,-8.77,0
e2-nio-50,binary,50,bot_100,3291,b,18,79.71,25,86.41,148,61.59,0
e2-nio-50,binary,50,bot_100,3291,b,20,62.38,25,74.46,99,24.54,0
e2-nio-50,binary,50,bot_100,3291,b,22,50.63,25,81.3,116,34.7,0
e2-nio-50,binary,50,bot_100,3291,b,24,47.05,25,80.21,87,6.79,0
e2-nio-50,binary,50,bot_100,3291,b,26,42.85,25,96.62,110,13.38,0
e2-nio-50,binary,50,bot_100,3291,b,28,32.78,25,90.03,92,1.97,0
e2-nio-50,binary,50,bot_100,3291,b,30,27.03,25,92.77,90,-2.77,0
e2-nio-50,binary,50,bot_100,3291,b,32,17.17,25,79,63,-16,0
e2-nio-50,binary,50,bot_100,3291,b,34,17.15,25,91.82,77,-14.82,0
e2-nio-50,binary,50,bot_100,3291,b,36,7.74,25,93.03,74,-19.03,0
e2-nio-50,binary,50,bot_100,3291,b,38,6.17,25,116.81,93,-23.81,0
e2-nio-50,binary,50,bot_100,3291,b,40,4.91,25,107.49,83,-24.49,0
e2-nio-50,binary,50,bot_100,3291,b,42,19.91,25,54.53,62,7.47,0
e2-nio-50,binary,50,bot_100,3291,b,44,18.42,25,56.12,48,-8.12,0
e2-nio-50,binary,50,bot_100,3291,b,46,15.91,25,55.93,49,-6.93,0
e2-nio-50,binary,50,bot_100,3291,b,48,8.04,25,57.74,51,-6.74,0
e2-nio-50,binary,50,bot_100,3291,b,50,5.55,25,58.25,40,-18.25,0
e2-nio-50,binary,50,bot_100,3291,b,52,4.53,25,67.39,55,-12.39,0
e2-nio-50,binary,50,bot_100,3291,b,54,1.7,25,57.57,37,-20.57,0
e2-nio-50,binary,50,bot_100,3291,b,56,3.22,25,60.05,42,-18.05,0
e2-nio-50,binary,50,bot_100,3291,b,58,3.44,25,58.53,38,-20.53,0
e2-nio-50,binary,50,bot_100,3291,b,60,2.22,25,61.84,42,-19.84,0
