label,format,games,username,game_id,color,ply,rtt_ms,applied_bytes,warmup
e2-nio-100,binary,100,bot_1,3592,w,1,21.75,25,60.84,61,0.16,0
e2-nio-100,binary,100,bot_1,3592,w,3,26.73,25,65.23,64,-1.23,0
e2-nio-100,binary,100,bot_1,3592,w,5,10.4,25,68.03,75,6.97,0
e2-nio-100,binary,100,bot_1,3592,w,7,7.41,25,57.51,55,-2.51,0
e2-nio-100,binary,100,bot_1,3592,w,9,7.98,25,58.66,56,-2.66,0
e2-nio-100,binary,100,bot_1,3592,w,11,12.26,25,59.04,70,10.96,0
e2-nio-100,binary,100,bot_1,3592,w,13,16.9,25,82.34,78,-4.34,0
e2-nio-100,binary,100,bot_1,3592,w,15,7.04,25,72.37,74,1.63,0
e2-nio-100,binary,100,bot_1,3592,w,17,20.74,25,90.78,94,3.22,0
e2-nio-100,binary,100,bot_1,3592,w,19,16,25,91.35,103,11.65,0
e2-nio-100,binary,100,bot_1,3592,w,21,13.71,25,103.31,125,21.69,0
e2-nio-100,binary,100,bot_1,3592,w,23,16.69,25,98.99,107,8.01,0
e2-nio-100,binary,100,bot_1,3592,w,25,49.82,25,105.7,114,8.3,0
e2-nio-100,binary,100,bot_1,3592,w,27,36.6,25,76.59,123,46.41,0
e2-nio-100,binary,100,bot_1,3592,w,29,41.06,25,108.4,151,42.6,0
e2-nio-100,binary,100,bot_1,3592,w,31,40.68,25,101.93,136,34.07,0
e2-nio-100,binary,100,bot_1,3592,w,33,38.82,25,132.28,170,37.72,0
e2-nio-100,binary,100,bot_1,3592,w,35,35.43,25,133.93,169,35.07,0
e2-nio-100,binary,100,bot_1,3592,w,37,28.53,25,144.11,174,29.89,0
e2-nio-100,binary,100,bot_1,3592,w,39,24.37,25,162.41,182,19.59,0
e2-nio-100,binary,100,bot_1,3592,w,41,23.29,25,155.68,175,19.32,0
e2-nio-100,binary,100,bot_1,3592,w,43,65.1,25,150.49,157,6.51,0
e2-nio-100,binary,100,bot_1,3592,w,45,78.52,25,160.98,227,66.02,0
e2-nio-100,binary,100,bot_1,3592,w,47,74.95,25,164.92,200,35.08,0
e2-nio-100,binary,100,bot_1,3592,w,49,60.27,25,161.09,221,59.91,0
e2-nio-100,binary,100,bot_1,3592,w,51,52.86,25,142.52,188,45.48,0
e2-nio-100,binary,100,bot_1,3592,w,53,42.94,25,172.71,223,50.29,0
e2-nio-100,binary,100,bot_1,3592,w,55,50.33,25,226.9,262,35.1,0
e2-nio-100,binary,100,bot_1,3592,w,57,34.51,25,221.18,255,33.82,0
e2-nio-100,binary,100,bot_1,3592,w,59,33.59,25,197.61,210,12.39,0
e2-nio-100,binary,100,bot_2,3592,b,2,64.24,25,54.3,111,56.7,0
e2-nio-100,binary,100,bot_2,3592,b,4,13.27,25,59.46,77,17.54,0
e2-nio-100,binary,100,bot_2,3592,b,6,4.08,25,55.55,58,2.45,0
e2-nio-100,binary,100,bot_2,3592,b,8,5.77,25,54.09,55,0.91,0
e2-nio-100,binary,100,bot_2,3592,b,10,18.15,25,78.94,79,0.06,0
e2-nio-100,binary,100,bot_2,3592,b,12,3.24,25,57.63,65,7.37,0
e2-nio-100,binary,100,bot_2,3592,b,14,8.56,25,73.49,85,11.51,0
e2-nio-100,binary,100,bot_2,3592,b,16,10.53,25,90.78,91,0.22,0
e2-nio-100,binary,100,bot_2,3592,b,18,18.58,25,79.97,93,13.03,0
e2-nio-100,binary,100,bot_2,3592,b,20,28.71,25,119.15,128,8.85,0
e2-nio-100,binary,100,bot_2,3592,b,22,14.72,25,106.12,114,7.88,0
e2-nio-100,binary,100,bot_2,3592,b,24,15.63,25,103.21,114,10.79,0
e2-nio-100,binary,100,bot_2,3592,b,26,52.38,25,85.56,129,43.44,0
e2-nio-100,binary,100,bot_2,3592,b,28,49.2,25,78.59,108,29.41,0
e2-nio-100,binary,100,bot_2,3592,b,30,40.09,25,98.73,133,34.27,0
e2-nio-100,binary,100,bot_2,3592,b,32,44.67,25,122.9,157,34.1,0
e2-nio-100,binary,100,bot_2,3592,b,34,39.95,25,150.21,182,31.79,0
e2-nio-100,binary,100,bot_2,3592,b,36,35.67,25,131.29,159,27.71,0
e2-nio-100,binary,100,bot_2,3592,b,38,27.07,25,161.82,184,22.18,0
e2-nio-100,binary,100,bot_2,3592,b,40,25.67,25,188.72,206,17.28,0
e2-nio-100,binary,100,bot_2,3592,b,42,11.76,25,151.42,168,16.58,0
e2-nio-100,binary,100,bot_2,3592,b,44,82.83,25,126.67,185,58.33,0
e2-nio-100,binary,100,bot_2,3592,b,46,51.44,25,126.79,189,62.21,0
e2-nio-100,binary,100,bot_2,3592,b,48,76.68,25,148.58,207,58.42,0
e2-nio-100,binary,100,bot_2,3592,b,50,62.08,25,175.18,218,42.82,0
e2-nio-100,binary,100,bot_2,3592,b,52,66.38,25,161.68,199,37.32,0
e2-nio-100,binary,100,bot_2,3592,b,54,51.16,25,202.62,230,27.38,0
e2-nio-100,binary,100,bot_2,3592,b,56,50.92,25,178.8,213,34.2,0
e2-nio-100,binary,100,bot_2,3592,b,58,29.64,25,238.33,256,17.67,0
e2-nio-100,binary,100,bot_2,3592,b,60,22.93,25,173.17,190,16.83,0
e2-nio-100,binary,100,bot_3,3593,w,1,22.2,25,54.27,51,-3.27,0
e2-nio-100,binary,100,bot_3,3593,w,3,12.15,25,80.9,74,-6.9,0
e2-nio-100,binary,100,bot_3,3593,w,5,15.05,25,73.82,70,-3.82,0
e2-nio-100,binary,100,bot_3,3593,w,7,7.84,25,64.75,57,-7.75,0
e2-nio-100,binary,100,bot_3,3593,w,9,5.29,25,59.1,56,-3.1,0
e2-nio-100,binary,100,bot_3,3593,w,11,12.72,25,61.19,64,2.81,0
e2-nio-100,binary,100,bot_3,3593,w,13,15.75,25,75.95,80,4.05,0
e2-nio-100,binary,100,bot_3,3593,w,15,37.53,25,74.54,72,-2.54,0
e2-nio-100,binary,100,bot_3,3593,w,17,25.99,25,70.71,86,15.29,0
e2-nio-100,binary,100,bot_3,3593,w,19,27.88,25,83.69,102,18.31,0
e2-nio-100,binary,100,bot_3,3593,w,21,19,25,96.55,106,9.45,0
e2-nio-100,binary,100,bot_3,3593,w,23,10.65,25,85.83,98,12.17,0
e2-nio-100,binary,100,bot_3,3593,w,25,20.77,25,92.46,103,10.54,0
e2-nio-100,binary,100,bot_3,3593,w,27,14.84,25,96.53,112,15.47,0
e2-nio-100,binary,100,bot_3,3593,w,29,12.77,25,136.74,142,5.26,0
e2-nio-100,binary,100,bot_3,3593,w,31,72.82,25,89.16,146,56.84,0
e2-nio-100,binary,100,bot_3,3593,w,33,76.29,25,105.23,165,59.77,0
e2-nio-100,binary,100,bot_3,3593,w,35,56.32,25,105.21,156,50.79,0
e2-nio-100,binary,100,bot_3,3593,w,37,58.49,25,115.13,169,53.87,0
e2-nio-100,binary,100,bot_3,3593,w,39,43.97,25,138.93,178,39.07,0
e2-nio-100,binary,100,bot_3,3593,w,41,27.98,25,129.86,162,32.14,0
e2-nio-100,binary,100,bot_3,3593,w,43,25.86,25,122.08,151,28.92,0
e2-nio-100,binary,100,bot_3,3593,w,45,33.56,25,205.74,223,17.26,0
e2-nio-100,binary,100,bot_3,3593,w,47,32.58,25,205.85,210,4.15,0
e2-nio-100,binary,100,bot_3,3593,w,49,18.75,25,201.09,214,12.91,0
e2-nio-100,binary,100,bot_3,3593,w,51,19.88,25,177.57,178,0.43,0
e2-nio-100,binary,100,bot_3,3593,w,53,156.08,25,206.66,200,-6.66,0
e2-nio-100,binary,100,bot_3,3593,w,55,110.88,25,122.28,253,130.72,0
e2-nio-100,binary,100,bot_3,3593,w,57,133.75,25,123.55,247,123.45,0
e2-nio-100,binary,100,bot_3,3593,w,59,88.3,25,125.37,208,82.63,0
e2-nio-100,binary,100,bot_4,3593,b,2,62.59,25,56.82,114,57.18,0
e2-nio-100,binary,100,bot_4,3593,b,4,7.3,25,65.21,71,5.79,0
e2-nio-100,binary,100,bot_4,3593,b,6,6.1,25,50.88,63,12.12,0
e2-nio-100,binary,100,bot_4,3593,b,8,6.33,25,59.38,62,2.63,0
e2-nio-100,binary,100,bot_4,3593,b,10,10.99,25,83.91,84,0.09,0
e2-nio-100,binary,100,bot_4,3593,b,12,12.85,25,66.43,74,7.57,0
e2-nio-100,binary,100,bot_4,3593,b,14,5.2,25,63.94,75,11.06,0
e2-nio-100,binary,100,bot_4,3593,b,16,25.31,25,77.94,111,33.06,0
e2-nio-100,binary,100,bot_4,3593,b,18,26.27,25,74.99,96,21.01,0
e2-nio-100,binary,100,bot_4,3593,b,20,16.75,25,125.8,149,23.2,0
e2-nio-100,binary,100,bot_4,3593,b,22,19.96,25,110.46,124,13.54,0
e2-nio-100,binary,100,bot_4,3593,b,24,19.22,25,116,123,7,0
e2-nio-100,binary,100,bot_4,3593,b,26,23.83,25,115.73,132,16.27,0
e2-nio-100,binary,100,bot_4,3593,b,28,13.84,25,113.96,124,10.04,0
e2-nio-100,binary,100,bot_4,3593,b,30,65.58,25,128.09,136,7.91,0
e2-nio-100,binary,100,bot_4,3593,b,32,67.83,25,98.36,166,67.64,0
e2-nio-100,binary,100,bot_4,3593,b,34,59.83,25,120.85,193,72.15,0
e2-nio-100,binary,100,bot_4,3593,b,36,61.69,25,119.47,171,51.53,0
e2-nio-100,binary,100,bot_4,3593,b,38,48.73,25,134.85,190,55.15,0
e2-nio-100,binary,100,bot_4,3593,b,40,40.97,25,176.64,216,39.36,0
e2-nio-100,binary,100,bot_4,3593,b,42,38.07,25,137.32,160,22.68,0
e2-nio-100,binary,100,bot_4,3593,b,44,34.87,25,176.79,198,21.21,0
e2-nio-100,binary,100,bot_4,3593,b,46,21.5,25,156.87,175,18.13,0
e2-nio-100,binary,100,bot_4,3593,b,48,30.95,25,196.12,214,17.88,0
e2-nio-100,binary,100,bot_4,3593,b,50,17.7,25,218.66,222,3.34,0
e2-nio-100,binary,100,bot_4,3593,b,52,12.41,25,214.39,220,5.61,0
e2-nio-100,binary,100,bot_4,3593,b,54,150.04,25,115.09,257,141.91,0
e2-nio-100,binary,100,bot_4,3593,b,56,142.38,25,125,221,96,0
e2-nio-100,binary,100,bot_4,3593,b,58,100.55,25,135.03,254,118.97,0
e2-nio-100,binary,100,bot_4,3593,b,60,112.61,25,123.64,198,74.36,0
e2-nio-100,binary,100,bot_5,3594,w,1,18.18,25,54.09,53,-1.09,0
e2-nio-100,binary,100,bot_5,3594,w,3,31.11,25,60.57,62,1.43,0
e2-nio-100,binary,100,bot_5,3594,w,5,12.89,25,65.66,78,12.34,0
e2-nio-100,binary,100,bot_5,3594,w,7,4.19,25,55.01,56,0.99,0
e2-nio-100,binary,100,bot_5,3594,w,9,11.03,25,63.5,61,-2.5,0
e2-nio-100,binary,100,bot_5,3594,w,11,6.57,25,55.5,73,17.5,0
e2-nio-100,binary,100,bot_5,3594,w,13,19.58,25,83.33,83,-0.33,0
e2-nio-100,binary,100,bot_5,3594,w,15,10.42,25,69.2,76,6.8,0
e2-nio-100,binary,100,bot_5,3594,w,17,9.04,25,86.71,97,10.29,0
e2-nio-100,binary,100,bot_5,3594,w,19,27.24,25,98.93,101,2.07,0
e2-nio-100,binary,100,bot_5,3594,w,21,21.53,25,96.52,126,29.48,0
e2-nio-100,binary,100,bot_5,3594,w,23,25.35,25,90.27,107,16.73,0
e2-nio-100,binary,100,bot_5,3594,w,25,15.51,25,98.94,114,15.06,0
e2-nio-100,binary,100,bot_5,3594,w,27,12.31,25,112.36,120,7.64,0
e2-nio-100,binary,100,bot_5,3594,w,29,57.68,25,91.46,154,62.54,0
e2-nio-100,binary,100,bot_5,3594,w,31,56.48,25,86.04,128,41.96,0
e2-nio-100,binary,100,bot_5,3594,w,33,54.7,25,114.87,167,52.13,0
e2-nio-100,binary,100,bot_5,3594,w,35,44.31,25,126.24,179,52.76,0
e2-nio-100,binary,100,bot_5,3594,w,37,37.81,25,134.87,183,48.13,0
e2-nio-100,binary,100,bot_5,3594,w,39,39.92,25,147.59,188,40.41,0
e2-nio-100,binary,100,bot_5,3594,w,41,39.71,25,138.3,180,41.7,0
e2-nio-100,binary,100,bot_5,3594,w,43,20.97,25,138.75,163,24.25,0
e2-nio-100,binary,100,bot_5,3594,w,45,24.63,25,196.02,219,22.98,0
e2-nio-100,binary,100,bot_5,3594,w,47,86.74,25,117.87,159,41.13,0
e2-nio-100,binary,100,bot_5,3594,w,49,73.25,25,161.2,218,56.8,0
e2-nio-100,binary,100,bot_5,3594,w,51,56.91,25,141.63,199,57.37,0
e2-nio-100,binary,100,bot_5,3594,w,53,57.83,25,172.84,209,36.16,0
e2-nio-100,binary,100,bot_5,3594,w,55,70.43,25,196.27,242,45.73,0
e2-nio-100,binary,100,bot_5,3594,w,57,60.97,25,205.81,237,31.19,0
e2-nio-100,binary,100,bot_5,3594,w,59,37.59,25,191.17,233,41.83,0
e2-nio-100,binary,100,bot_6,3594,b,2,57.76,25,58.68,113,54.32,0
e2-nio-100,binary,100,bot_6,3594,b,4,17.49,25,55.67,81,25.33,0
e2-nio-100,binary,100,bot_6,3594,b,6,7.06,25,52.71,60,7.29,0
e2-nio-100,binary,100,bot_6,3594,b,8,3.45,25,54.28,54,-0.28,0
e2-nio-100,binary,100,bot_6,3594,b,10,23.49,25,72.58,79,6.42,0
e2-nio-100,binary,100,bot_6,3594,b,12,4.24,25,62.84,65,2.16,0
e2-nio-100,binary,100,bot_6,3594,b,14,12.09,25,69.87,83,13.13,0
e2-nio-100,binary,100,bot_6,3594,b,16,17.55,25,83.6,89,5.4,0
e2-nio-100,binary,100,bot_6,3594,b,18,6.93,25,87.17,91,3.83,0
e2-nio-100,binary,100,bot_6,3594,b,20,34.22,25,113.14,135,21.86,0
e2-nio-100,binary,100,bot_6,3594,b,22,22.12,25,98.74,116,17.26,0
e2-nio-100,binary,100,bot_6,3594,b,24,20.59,25,97.85,118,20.15,0
e2-nio-100,binary,100,bot_6,3594,b,26,13.16,25,112.14,122,9.86,0
e2-nio-100,binary,100,bot_6,3594,b,28,67.05,25,102.23,110,7.77,0
e2-nio-100,binary,100,bot_6,3594,b,30,48.08,25,90.99,143,52.01,0
e2-nio-100,binary,100,bot_6,3594,b,32,58.08,25,110.49,162,51.51,0
e2-nio-100,binary,100,bot_6,3594,b,34,58.85,25,131.72,182,50.28,0
e2-nio-100,binary,100,bot_6,3594,b,36,54.19,25,111.61,151,39.39,0
e2-nio-100,binary,100,bot_6,3594,b,38,43.71,25,144.96,178,33.04,0
e2-nio-100,binary,100,bot_6,3594,b,40,47.05,25,168.05,203,34.95,0
e2-nio-100,binary,100,bot_6,3594,b,42,29.55,25,134.66,171,36.34,0
e2-nio-100,binary,100,bot_6,3594,b,44,28.46,25,149.69,166,16.31,0
e2-nio-100,binary,100,bot_6,3594,b,46,57.27,25,160.23,170,9.77,0
e2-nio-100,binary,100,bot_6,3594,b,48,72.33,25,152.05,225,72.95,0
e2-nio-100,binary,100,bot_6,3594,b,50,72.98,25,167.24,226,58.76,0
e2-nio-100,binary,100,bot_6,3594,b,52,51.39,25,166.21,208,41.79,0
e2-nio-100,binary,100,bot_6,3594,b,54,61.16,25,181.79,225,43.21,0
e2-nio-100,binary,100,bot_6,3594,b,56,46.56,25,185.32,242,56.68,0
e2-nio-100,binary,100,bot_6,3594,b,58,57.09,25,205.05,252,46.95,0
e2-nio-100,binary,100,bot_6,3594,b,60,30.95,25,181.65,204,22.35,0
e2-nio-100,binary,100,bot_7,3595,w,1,9.6,25,53.79,52,-1.79,0
e2-nio-100,binary,100,bot_7,3595,w,3,24.21,25,68.39,66,-2.39,0
e2-nio-100,binary,100,bot_7,3595,w,5,8.68,25,69.64,75,5.36,0
e2-nio-100,binary,100,bot_7,3595,w,7,4.6,25,58.35,57,-1.35,0
e2-nio-100,binary,100,bot_7,3595,w,9,5.94,25,60.04,59,-1.04,0
e2-nio-100,binary,100,bot_7,3595,w,11,7.44,25,63.85,74,10.15,0
e2-nio-100,binary,100,bot_7,3595,w,13,7.58,25,88.89,89,0.11,0
e2-nio-100,binary,100,bot_7,3595,w,15,19.43,25,75.25,77,1.75,0
e2-nio-100,binary,100,bot_7,3595,w,17,11.77,25,77.04,93,15.96,0
e2-nio-100,binary,100,bot_7,3595,w,19,11.91,25,95.38,108,12.62,0
e2-nio-100,binary,100,bot_7,3595,w,21,11.36,25,105.15,123,17.85,0
e2-nio-100,binary,100,bot_7,3595,w,23,11.4,25,103.48,109,5.52,0
e2-nio-100,binary,100,bot_7,3595,w,25,39.46,25,72.75,123,50.25,0
e2-nio-100,binary,100,bot_7,3595,w,27,33.1,25,79.93,123,43.07,0
e2-nio-100,binary,100,bot_7,3595,w,29,37.06,25,112.67,149,36.33,0
e2-nio-100,binary,100,bot_7,3595,w,31,35.46,25,107.09,137,29.91,0
e2-nio-100,binary,100,bot_7,3595,w,33,36.11,25,134.93,169,34.07,0
e2-nio-100,binary,100,bot_7,3595,w,35,32.06,25,137.64,170,32.36,0
e2-nio-100,binary,100,bot_7,3595,w,37,24.81,25,147.95,175,27.05,0
e2-nio-100,binary,100,bot_7,3595,w,39,18.03,25,168.24,187,18.76,0
e2-nio-100,binary,100,bot_7,3595,w,41,16.71,25,162.32,177,14.68,0
e2-nio-100,binary,100,bot_7,3595,w,43,51.1,25,99.44,170,70.56,0
e2-nio-100,binary,100,bot_7,3595,w,45,73.05,25,166.38,229,62.62,0
e2-nio-100,binary,100,bot_7,3595,w,47,70.72,25,169.2,202,32.8,0
e2-nio-100,binary,100,bot_7,3595,w,49,54.12,25,167.05,222,54.95,0
e2-nio-100,binary,100,bot_7,3595,w,51,48.62,25,147.05,191,43.95,0
e2-nio-100,binary,100,bot_7,3595,w,53,39.25,25,176.25,222,45.75,0
e2-nio-100,binary,100,bot_7,3595,w,55,47.63,25,229.26,258,28.74,0
e2-nio-100,binary,100,bot_7,3595,w,57,31.85,25,223.94,254,30.06,0
e2-nio-100,binary,100,bot_7,3595,w,59,31.53,25,199.52,211,11.48,0
e2-nio-100,binary,100,bot_8,3595,b,2,56.6,25,60.32,113,52.68,0
e2-nio-100,binary,100,bot_8,3595,b,4,11.89,25,60.74,80,19.26,0
e2-nio-100,binary,100,bot_8,3595,b,6,5.52,25,56.59,61,4.41,0
e2-nio-100,binary,100,bot_8,3595,b,8,5.23,25,54.89,56,1.11,0
e2-nio-100,binary,100,bot_8,3595,b,10,15.79,25,81.37,84,2.63,0
e2-nio-100,binary,100,bot_8,3595,b,12,5.51,25,58.25,61,2.75,0
e2-nio-100,binary,100,bot_8,3595,b,14,6.39,25,75.61,79,3.39,0
e2-nio-100,binary,100,bot_8,3595,b,16,21.07,25,87.77,103,15.23,0
e2-nio-100,binary,100,bot_8,3595,b,18,17.06,25,81.02,88,6.98,0
e2-nio-100,binary,100,bot_8,3595,b,20,24.81,25,123.29,133,9.71,0
e2-nio-100,binary,100,bot_8,3595,b,22,10.5,25,111.23,120,8.77,0
e2-nio-100,binary,100,bot_8,3595,b,24,54.92,25,107.62,116,8.38,0
e2-nio-100,binary,100,bot_8,3595,b,26,47.79,25,90.3,126,35.7,0
e2-nio-100,binary,100,bot_8,3595,b,28,42.3,25,85.74,114,28.26,0
e2-nio-100,binary,100,bot_8,3595,b,30,35.54,25,103.45,137,33.55,0
e2-nio-100,binary,100,bot_8,3595,b,32,39.28,25,127.74,159,31.26,0
e2-nio-100,binary,100,bot_8,3595,b,34,37.34,25,153,186,33,0
e2-nio-100,binary,100,bot_8,3595,b,36,31.26,25,135.49,165,29.51,0
e2-nio-100,binary,100,bot_8,3595,b,38,23.09,25,166.06,188,21.94,0
e2-nio-100,binary,100,bot_8,3595,b,40,20.32,25,193.59,209,15.41,0
e2-nio-100,binary,100,bot_8,3595,b,42,75.07,25,153.51,167,13.49,0
e2-nio-100,binary,100,bot_8,3595,b,44,77.64,25,131.86,180,48.14,0
e2-nio-100,binary,100,bot_8,3595,b,46,47.92,25,130.26,188,57.74,0
e2-nio-100,binary,100,bot_8,3595,b,48,70.2,25,155.08,212,56.92,0
e2-nio-100,binary,100,bot_8,3595,b,50,58.23,25,179.03,218,38.97,0
e2-nio-100,binary,100,bot_8,3595,b,52,59.93,25,167.91,202,34.09,0
e2-nio-100,binary,100,bot_8,3595,b,54,43.72,25,210.49,235,24.51,0
e2-nio-100,binary,100,bot_8,3595,b,56,45.03,25,184.86,217,32.14,0
e2-nio-100,binary,100,bot_8,3595,b,58,26.16,25,241.64,259,17.36,0
e2-nio-100,binary,100,bot_8,3595,b,60,19.23,25,176.92,194,17.08,0
e2-nio-100,binary,100,bot_9,3596,w,1,4,25,55.79,56,0.21,0
e2-nio-100,binary,100,bot_9,3596,w,3,29.89,25,61.95,65,3.05,0
e2-nio-100,binary,100,bot_9,3596,w,5,11.64,25,66.86,76,9.14,0
e2-nio-100,binary,100,bot_9,3596,w,7,3.61,25,55.79,58,2.21,0
e2-nio-100,binary,100,bot_9,3596,w,9,9.91,25,57.46,63,5.54,0
e2-nio-100,binary,100,bot_9,3596,w,11,5.8,25,56.19,72,15.81,0
e2-nio-100,binary,100,bot_9,3596,w,13,18.42,25,84.66,85,0.34,0
e2-nio-100,binary,100,bot_9,3596,w,15,8.65,25,70.85,76,5.15,0
e2-nio-100,binary,100,bot_9,3596,w,17,6.76,25,88.94,98,9.06,0
e2-nio-100,binary,100,bot_9,3596,w,19,18.52,25,88.96,111,22.04,0
e2-nio-100,binary,100,bot_9,3596,w,21,16.32,25,101.72,128,26.28,0
e2-nio-100,binary,100,bot_9,3596,w,23,20.18,25,95.53,110,14.47,0
e2-nio-100,binary,100,bot_9,3596,w,25,11.48,25,102.82,118,15.18,0
e2-nio-100,binary,100,bot_9,3596,w,27,49.06,25,117.6,126,8.4,0
e2-nio-100,binary,100,bot_9,3596,w,29,49.12,25,100.1,153,52.9,0
e2-nio-100,binary,100,bot_9,3596,w,31,48.6,25,94.05,135,40.95,0
e2-nio-100,binary,100,bot_9,3596,w,33,46.67,25,123.36,170,46.64,0
e2-nio-100,binary,100,bot_9,3596,w,35,39.41,25,130.65,175,44.35,0
e2-nio-100,binary,100,bot_9,3596,w,37,33.55,25,139.01,179,39.99,0
e2-nio-100,binary,100,bot_9,3596,w,39,32.39,25,154.38,185,30.62,0
e2-nio-100,binary,100,bot_9,3596,w,41,30.89,25,147.62,180,32.38,0
e2-nio-100,binary,100,bot_9,3596,w,43,15.29,25,144.42,160,15.58,0
e2-nio-100,binary,100,bot_9,3596,w,45,12.98,25,207.27,228,20.73,0
e2-nio-100,binary,100,bot_9,3596,w,47,83.75,25,120.78,159,38.22,0
e2-nio-100,binary,100,bot_9,3596,w,49,70.2,25,164.16,219,54.84,0
e2-nio-100,binary,100,bot_9,3596,w,51,54.45,25,143.83,198,54.17,0
e2-nio-100,binary,100,bot_9,3596,w,53,55.79,25,174.94,210,35.06,0
e2-nio-100,binary,100,bot_9,3596,w,55,67.7,25,199.04,241,41.96,0
e2-nio-100,binary,100,bot_9,3596,w,57,59.08,25,207.46,237,29.54,0
e2-nio-100,binary,100,bot_9,3596,w,59,37.26,25,191.19,231,39.81,0
e2-nio-100,binary,100,bot_10,3596,b,2,53.08,25,61.63,104,42.37,0
e2-nio-100,binary,100,bot_10,3596,b,4,15.22,25,57.7,83,25.3,0
e2-nio-100,binary,100,bot_10,3596,b,6,5.26,25,54.45,59,4.55,0
e2-nio-100,binary,100,bot_10,3596,b,8,9.32,25,55.44,54,-1.44,0
e2-nio-100,binary,100,bot_10,3596,b,10,20.62,25,75.9,82,6.1,0
e2-nio-100,binary,100,bot_10,3596,b,12,3.45,25,63.37,65,1.63,0
e2-nio-100,binary,100,bot_10,3596,b,14,10.14,25,71.87,86,14.13,0
e2-nio-100,binary,100,bot_10,3596,b,16,14.15,25,87.07,92,4.93,0
e2-nio-100,binary,100,bot_10,3596,b,18,25.04,25,88.75,92,3.25,0
e2-nio-100,binary,100,bot_10,3596,b,20,31.17,25,115.85,130,14.15,0
e2-nio-100,binary,100,bot_10,3596,b,22,19.64,25,100.97,113,12.03,0
e2-nio-100,binary,100,bot_10,3596,b,24,19.91,25,98.61,114,15.39,0
e2-nio-100,binary,100,bot_10,3596,b,26,11.37,25,113.83,121,7.17,0
e2-nio-100,binary,100,bot_10,3596,b,28,57.6,25,70.35,114,43.65,0
e2-nio-100,binary,100,bot_10,3596,b,30,45.36,25,93.41,138,44.59,0
e2-nio-100,binary,100,bot_10,3596,b,32,51.78,25,116.28,161,44.72,0
e2-nio-100,binary,100,bot_10,3596,b,34,50.42,25,139.67,184,44.33,0
e2-nio-100,binary,100,bot_10,3596,b,36,44.91,25,121.61,158,36.39,0
e2-nio-100,binary,100,bot_10,3596,b,38,35.84,25,152.98,184,31.02,0
e2-nio-100,binary,100,bot_10,3596,b,40,36.55,25,178.61,206,27.39,0
e2-nio-100,binary,100,bot_10,3596,b,42,20.33,25,143.38,171,27.62,0
e2-nio-100,binary,100,bot_10,3596,b,44,25.54,25,152.96,164,11.04,0
e2-nio-100,binary,100,bot_10,3596,b,46,52.48,25,164.76,163,-1.76,0
e2-nio-100,binary,100,bot_10,3596,b,48,70.08,25,154.36,223,68.64,0
e2-nio-100,binary,100,bot_10,3596,b,50,67.86,25,172.43,227,54.57,0
e2-nio-100,binary,100,bot_10,3596,b,52,48.89,25,168.71,208,39.29,0
e2-nio-100,binary,100,bot_10,3596,b,54,56.2,25,186.67,228,41.33,0
e2-nio-100,binary,100,bot_10,3596,b,56,42.82,25,189.16,241,51.84,0
e2-nio-100,binary,100,bot_10,3596,b,58,53.64,25,208.87,254,45.13,0
e2-nio-100,binary,100,bot_10,3596,b,60,28.87,25,183.73,205,21.27,0
e2-nio-100,binary,100,bot_11,3597,w,1,99.03,25,66.24,157,90.76,0
e2-nio-100,binary,100,bot_11,3597,w,3,9.88,25,62.82,78,15.18,0
e2-nio-100,binary,100,bot_11,3597,w,5,4.74,25,57.33,60,2.67,0
e2-nio-100,binary,100,bot_11,3597,w,7,7.51,25,57.11,57,-0.11,0
e2-nio-100,binary,100,bot_11,3597,w,9,13.15,25,76.66,82,5.34,0
e2-nio-100,binary,100,bot_11,3597,w,11,2.5,25,59.25,58,-1.25,0
e2-nio-100,binary,100,bot_11,3597,w,13,7.28,25,74.76,81,6.24,0
e2-nio-100,binary,100,bot_11,3597,w,15,30.89,25,93.11,94,0.89,0
e2-nio-100,binary,100,bot_11,3597,w,17,17.21,25,80.76,89,8.24,0
e2-nio-100,binary,100,bot_11,3597,w,19,26.7,25,121.18,130,8.82,0
e2-nio-100,binary,100,bot_11,3597,w,21,12.85,25,108.16,116,7.84,0
e2-nio-100,binary,100,bot_11,3597,w,23,13.44,25,105.45,114,8.55,0
e2-nio-100,binary,100,bot_11,3597,w,25,49.28,25,88.46,124,35.54,0
e2-nio-100,binary,100,bot_11,3597,w,27,45.49,25,82.3,112,29.7,0
e2-nio-100,binary,100,bot_11,3597,w,29,37.93,25,101.09,135,33.91,0
e2-nio-100,binary,100,bot_11,3597,w,31,41.25,25,126.26,158,31.74,0
e2-nio-100,binary,100,bot_11,3597,w,33,37.33,25,152.91,186,33.09,0
e2-nio-100,binary,100,bot_11,3597,w,35,32.38,25,134.56,163,28.44,0
e2-nio-100,binary,100,bot_11,3597,w,37,24,25,165.11,186,20.89,0
e2-nio-100,binary,100,bot_11,3597,w,39,21.81,25,192.43,209,16.57,0
e2-nio-100,binary,100,bot_11,3597,w,41,10.09,25,153.07,167,13.93,0
e2-nio-100,binary,100,bot_11,3597,w,43,79.11,25,130.21,178,47.79,0
e2-nio-100,binary,100,bot_11,3597,w,45,49.28,25,128.94,189,60.06,0
e2-nio-100,binary,100,bot_11,3597,w,47,72.02,25,153.25,210,56.75,0
e2-nio-100,binary,100,bot_11,3597,w,49,59.57,25,177.66,219,41.34,0
e2-nio-100,binary,100,bot_11,3597,w,51,61.96,25,166.08,201,34.92,0
e2-nio-100,binary,100,bot_11,3597,w,53,44.93,25,209.03,235,25.97,0
e2-nio-100,binary,100,bot_11,3597,w,55,46.36,25,183.37,219,35.63,0
e2-nio-100,binary,100,bot_11,3597,w,57,26.94,25,241.01,259,17.99,0
e2-nio-100,binary,100,bot_11,3597,w,59,19.91,25,176.21,194,17.79,0
e2-nio-100,binary,100,bot_12,3597,b,2,21.79,25,70.9,70,-0.9,0
e2-nio-100,binary,100,bot_12,3597,b,4,8.01,25,69.78,76,6.22,0
e2-nio-100,binary,100,bot_12,3597,b,6,3.89,25,59.36,58,-1.36,0
e2-nio-100,binary,100,bot_12,3597,b,8,10.05,25,63.24,62,-1.24,0
e2-nio-100,binary,100,bot_12,3597,b,10,3.81,25,67.53,76,8.47,0
e2-nio-100,binary,100,bot_12,3597,b,12,12.75,25,83.8,84,0.2,0
e2-nio-100,binary,100,bot_12,3597,b,14,5.57,25,73.74,77,3.26,0
e2-nio-100,binary,100,bot_12,3597,b,16,13.74,25,75.66,103,27.34,0
e2-nio-100,binary,100,bot_12,3597,b,18,13.46,25,93.91,107,13.09,0
e2-nio-100,binary,100,bot_12,3597,b,20,12.47,25,104.18,126,21.82,0
e2-nio-100,binary,100,bot_12,3597,b,22,13.72,25,101.45,111,9.55,0
e2-nio-100,binary,100,bot_12,3597,b,24,40.61,25,114.45,124,9.55,0
e2-nio-100,binary,100,bot_12,3597,b,26,34.85,25,78.27,124,45.73,0
e2-nio-100,binary,100,bot_12,3597,b,28,38.96,25,110.8,152,41.2,0
e2-nio-100,binary,100,bot_12,3597,b,30,37.17,25,105.26,140,34.74,0
e2-nio-100,binary,100,bot_12,3597,b,32,38.51,25,132.49,170,37.51,0
e2-nio-100,binary,100,bot_12,3597,b,34,33.77,25,135.8,170,34.2,0
e2-nio-100,binary,100,bot_12,3597,b,36,26.39,25,146.33,175,28.67,0
e2-nio-100,binary,100,bot_12,3597,b,38,21.45,25,164.78,185,20.22,0
e2-nio-100,binary,100,bot_12,3597,b,40,19.77,25,159.24,177,17.76,0
e2-nio-100,binary,100,bot_12,3597,b,42,53.79,25,96.72,169,72.28,0
e2-nio-100,binary,100,bot_12,3597,b,44,75.88,25,163.53,230,66.47,0
e2-nio-100,binary,100,bot_12,3597,b,46,72.49,25,167.42,203,35.58,0
e2-nio-100,binary,100,bot_12,3597,b,48,56.45,25,164.81,222,57.19,0
e2-nio-100,binary,100,bot_12,3597,b,50,50.57,25,145.03,191,45.97,0
e2-nio-100,binary,100,bot_12,3597,b,52,40.83,25,174.68,222,47.32,0
e2-nio-100,binary,100,bot_12,3597,b,54,50.1,25,226.83,257,30.17,0
e2-nio-100,binary,100,bot_12,3597,b,56,33,25,222.78,255,32.22,0
e2-nio-100,binary,100,bot_12,3597,b,58,33.27,25,197.78,210,12.22,0
e2-nio-100,binary,100,bot_12,3597,b,60,15.26,25,232.19,238,5.81,0
e2-nio-100,binary,100,bot_13,3598,w,1,86.16,25,68.09,152,83.91,0
e2-nio-100,binary,100,bot_13,3598,w,3,2.92,25,54.73,84,29.27,0
e2-nio-100,binary,100,bot_13,3598,w,5,7.27,25,60.57,60,-0.57,0
e2-nio-100,binary,100,bot_13,3598,w,7,4.99,25,63.57,62,-1.57,0
e2-nio-100,binary,100,bot_13,3598,w,9,7.08,25,76.81,79,2.19,0
e2-nio-100,binary,100,bot_13,3598,w,11,11.45,25,68.78,68,-0.78,0
e2-nio-100,binary,100,bot_13,3598,w,13,19.58,25,62.27,85,22.73,0
e2-nio-100,binary,100,bot_13,3598,w,15,29.21,25,71.69,84,12.31,0
e2-nio-100,binary,100,bot_13,3598,w,17,15.29,25,78.74,91,12.26,0
e2-nio-100,binary,100,bot_13,3598,w,19,44.39,25,123.11,134,10.89,0
e2-nio-100,binary,100,bot_13,3598,w,21,31.25,25,90.68,124,33.32,0
e2-nio-100,binary,100,bot_13,3598,w,23,28.89,25,88.55,120,31.45,0
e2-nio-100,binary,100,bot_13,3598,w,25,22.82,25,103.11,131,27.89,0
e2-nio-100,binary,100,bot_13,3598,w,27,18.81,25,92.2,113,20.8,0
e2-nio-100,binary,100,bot_13,3598,w,29,17.57,25,125.19,144,18.81,0
e2-nio-100,binary,100,bot_13,3598,w,31,13.53,25,148.75,160,11.25,0
e2-nio-100,binary,100,bot_13,3598,w,33,84.64,25,106.34,190,83.66,0
e2-nio-100,binary,100,bot_13,3598,w,35,68.14,25,97.52,160,62.48,0
e2-nio-100,binary,100,bot_13,3598,w,37,62.33,25,126.97,182,55.03,0
e2-nio-100,binary,100,bot_13,3598,w,39,72.02,25,143.26,208,64.74,0
e2-nio-100,binary,100,bot_13,3598,w,41,57.25,25,109.1,164,54.9,0
e2-nio-100,binary,100,bot_13,3598,w,43,49.85,25,126.75,161,34.25,0
e2-nio-100,binary,100,bot_13,3598,w,45,48.19,25,168.88,214,45.12,0
e2-nio-100,binary,100,bot_13,3598,w,47,66.74,25,157.78,225,67.22,0
e2-nio-100,binary,100,bot_13,3598,w,49,63.09,25,177.34,232,54.66,0
e2-nio-100,binary,100,bot_13,3598,w,51,47.19,25,170.4,211,40.6,0
e2-nio-100,binary,100,bot_13,3598,w,53,53.13,25,189.68,231,41.32,0
e2-nio-100,binary,100,bot_13,3598,w,55,40.73,25,191.29,243,51.71,0
e2-nio-100,binary,100,bot_13,3598,w,57,50.34,25,212.32,257,44.68,0
e2-nio-100,binary,100,bot_13,3598,w,59,26.71,25,185.92,207,21.08,0
e2-nio-100,binary,100,bot_14,3598,b,2,33.1,25,63.65,61,-2.65,0
e2-nio-100,binary,100,bot_14,3598,b,4,4.03,25,54.26,51,-3.26,0
e2-nio-100,binary,100,bot_14,3598,b,6,3.51,25,62.89,65,2.11,0
e2-nio-100,binary,100,bot_14,3598,b,8,6.01,25,64.09,64,-0.09,0
e2-nio-100,binary,100,bot_14,3598,b,10,4.43,25,70.84,72,1.16,0
e2-nio-100,binary,100,bot_14,3598,b,12,27.52,25,75.05,82,6.95,0
e2-nio-100,binary,100,bot_14,3598,b,14,16.61,25,63.44,77,13.56,0
e2-nio-100,binary,100,bot_14,3598,b,16,17.17,25,78.86,104,25.14,0
e2-nio-100,binary,100,bot_14,3598,b,18,16.02,25,88.89,99,10.11,0
e2-nio-100,binary,100,bot_14,3598,b,20,35.87,25,82.23,122,39.77,0
e2-nio-100,binary,100,bot_14,3598,b,22,35.51,25,80.27,106,25.73,0
e2-nio-100,binary,100,bot_14,3598,b,24,32.57,25,82.22,107,24.78,0
e2-nio-100,binary,100,bot_14,3598,b,26,24.52,25,100.17,118,17.83,0
e2-nio-100,binary,100,bot_14,3598,b,28,23.5,25,121.66,136,14.34,0
e2-nio-100,binary,100,bot_14,3598,b,30,16.54,25,115.57,129,13.43,0
e2-nio-100,binary,100,bot_14,3598,b,32,87.56,25,154.29,163,8.71,0
e2-nio-100,binary,100,bot_14,3598,b,34,66.76,25,103.77,184,80.23,0
e2-nio-100,binary,100,bot_14,3598,b,36,59.93,25,112.23,175,62.77,0
e2-nio-100,binary,100,bot_14,3598,b,38,68.45,25,120.29,178,57.71,0
e2-nio-100,binary,100,bot_14,3598,b,40,58.1,25,117.82,185,67.18,0
e2-nio-100,binary,100,bot_14,3598,b,42,38.75,25,120.67,173,52.33,0
e2-nio-100,binary,100,bot_14,3598,b,44,58.64,25,167.38,213,45.62,0
e2-nio-100,binary,100,bot_14,3598,b,46,81.58,25,122.73,156,33.27,0
e2-nio-100,binary,100,bot_14,3598,b,48,68.93,25,165.22,217,51.78,0
e2-nio-100,binary,100,bot_14,3598,b,50,54.75,25,143.26,192,48.74,0
e2-nio-100,binary,100,bot_14,3598,b,52,54.58,25,176.34,208,31.66,0
e2-nio-100,binary,100,bot_14,3598,b,54,65.74,25,201.18,239,37.82,0
e2-nio-100,binary,100,bot_14,3598,b,56,57.69,25,208.51,235,26.49,0
e2-nio-100,binary,100,bot_14,3598,b,58,35.39,25,192.58,228,35.42,0
e2-nio-100,binary,100,bot_14,3598,b,60,43.7,25,197.08,209,11.92,0
e2-nio-100,binary,100,bot_15,3599,w,1,96.75,25,54.31,144,89.69,0
e2-nio-100,binary,100,bot_15,3599,w,3,16.13,25,62.21,73,10.79,0
e2-nio-100,binary,100,bot_15,3599,w,5,4.94,25,52.95,57,4.05,0
e2-nio-100,binary,100,bot_15,3599,w,7,4.39,25,61.55,64,2.45,0
e2-nio-100,binary,100,bot_15,3599,w,9,8.69,25,64.59,85,20.41,0
e2-nio-100,binary,100,bot_15,3599,w,11,8.38,25,70.64,77,6.36,0
e2-nio-100,binary,100,bot_15,3599,w,13,19.13,25,69.46,74,4.54,0
e2-nio-100,binary,100,bot_15,3599,w,15,19.86,25,83.03,107,23.97,0
e2-nio-100,binary,100,bot_15,3599,w,17,21.36,25,79.51,97,17.49,0
e2-nio-100,binary,100,bot_15,3599,w,19,11.26,25,130.47,148,17.53,0
e2-nio-100,binary,100,bot_15,3599,w,21,14.92,25,115.48,124,8.52,0
e2-nio-100,binary,100,bot_15,3599,w,23,13.61,25,121.59,124,2.41,0
e2-nio-100,binary,100,bot_15,3599,w,25,18.48,25,120.14,130,9.86,0
e2-nio-100,binary,100,bot_15,3599,w,27,77.31,25,118.69,125,6.31,0
e2-nio-100,binary,100,bot_15,3599,w,29,47.77,25,84.86,139,54.14,0
e2-nio-100,binary,100,bot_15,3599,w,31,61.04,25,105.13,170,64.87,0
e2-nio-100,binary,100,bot_15,3599,w,33,52.39,25,128.45,196,67.55,0
e2-nio-100,binary,100,bot_15,3599,w,35,55.95,25,124.95,173,48.05,0
e2-nio-100,binary,100,bot_15,3599,w,37,43.72,25,139.71,187,47.29,0
e2-nio-100,binary,100,bot_15,3599,w,39,34.86,25,182.53,218,35.47,0
e2-nio-100,binary,100,bot_15,3599,w,41,32.54,25,143.07,162,18.93,0
e2-nio-100,binary,100,bot_15,3599,w,43,29.14,25,182.71,200,17.29,0
e2-nio-100,binary,100,bot_15,3599,w,45,19.71,25,158.42,169,10.58,0
e2-nio-100,binary,100,bot_15,3599,w,47,22.31,25,205,214,9,0
e2-nio-100,binary,100,bot_15,3599,w,49,13.16,25,223.1,220,-3.1,0
e2-nio-100,binary,100,bot_15,3599,w,51,114.62,25,114.6,228,113.4,0
e2-nio-100,binary,100,bot_15,3599,w,53,141.11,25,123.59,253,129.41,0
e2-nio-100,binary,100,bot_15,3599,w,55,135.27,25,132.55,220,87.45,0
e2-nio-100,binary,100,bot_15,3599,w,57,90.85,25,144.7,253,108.3,0
e2-nio-100,binary,100,bot_15,3599,w,59,100.84,25,136.06,203,66.94,0
e2-nio-100,binary,100,bot_16,3600,w,1,92.79,25,55.12,139,83.88,0
e2-nio-100,binary,100,bot_16,3600,w,3,24.61,25,67.54,72,4.46,0
e2-nio-100,binary,100,bot_16,3600,w,5,3.67,25,52.1,56,3.9,0
e2-nio-100,binary,100,bot_16,3600,w,7,8.7,25,56.97,63,6.03,0
e2-nio-100,binary,100,bot_16,3600,w,9,11.65,25,83.3,89,5.7,0
e2-nio-100,binary,100,bot_16,3600,w,11,13.32,25,66.29,75,8.71,0
e2-nio-100,binary,100,bot_16,3600,w,13,7.03,25,62.45,77,14.55,0
e2-nio-100,binary,100,bot_16,3600,w,15,30.8,25,104.13,107,2.88,0
e2-nio-100,binary,100,bot_16,3600,w,17,30.45,25,71.05,99,27.95,0
e2-nio-100,binary,100,bot_16,3600,w,19,21.94,25,122.29,150,27.71,0
e2-nio-100,binary,100,bot_16,3600,w,21,25.84,25,104.78,124,19.22,0
e2-nio-100,binary,100,bot_16,3600,w,23,26.23,25,108.93,121,12.07,0
e2-nio-100,binary,100,bot_16,3600,w,25,30.09,25,109.16,128,18.84,0
e2-nio-100,binary,100,bot_16,3600,w,27,20.33,25,107.5,121,13.5,0
e2-nio-100,binary,100,bot_16,3600,w,29,19.25,25,119.5,135,15.5,0
e2-nio-100,binary,100,bot_16,3600,w,31,12.43,25,154.34,163,8.66,0
e2-nio-100,binary,100,bot_16,3600,w,33,69.12,25,111.75,201,89.25,0
e2-nio-100,binary,100,bot_16,3600,w,35,69.86,25,111.44,167,55.56,0
e2-nio-100,binary,100,bot_16,3600,w,37,56.29,25,127.17,189,61.83,0
e2-nio-100,binary,100,bot_16,3600,w,39,50.76,25,167.04,213,45.96,0
e2-nio-100,binary,100,bot_16,3600,w,41,47.18,25,127.62,156,28.38,0
e2-nio-100,binary,100,bot_16,3600,w,43,44.09,25,166.93,194,27.07,0
e2-nio-100,binary,100,bot_16,3600,w,45,27.26,25,150.99,177,26.01,0
e2-nio-100,binary,100,bot_16,3600,w,47,37.63,25,188.61,218,29.39,0
e2-nio-100,binary,100,bot_16,3600,w,49,25.35,25,211.05,220,8.95,0
e2-nio-100,binary,100,bot_16,3600,w,51,24.39,25,201.92,211,9.08,0
e2-nio-100,binary,100,bot_16,3600,w,53,17.22,25,238.2,239,0.8,0
e2-nio-100,binary,100,bot_16,3600,w,55,159.7,25,221.11,218,-3.11,0
e2-nio-100,binary,100,bot_16,3600,w,57,114.38,25,121.3,254,132.7,0
e2-nio-100,binary,100,bot_16,3600,w,59,128.28,25,106.99,188,81.01,0
e2-nio-100,binary,100,bot_17,3599,b,2,14.16,25,90.99,92,1.01,0
e2-nio-100,binary,100,bot_17,3599,b,4,8.33,25,59.99,73,13.01,0
e2-nio-100,binary,100,bot_17,3599,b,6,5.43,25,65.34,68,2.66,0
e2-nio-100,binary,100,bot_17,3599,b,8,24.6,25,61.65,63,1.35,0
e2-nio-100,binary,100,bot_17,3599,b,10,10.68,25,64.11,69,4.89,0
e2-nio-100,binary,100,bot_17,3599,b,12,9.51,25,82.75,89,6.25,0
e2-nio-100,binary,100,bot_17,3599,b,14,28.26,25,64.82,81,16.18,0
e2-nio-100,binary,100,bot_17,3599,b,16,22.36,25,74.84,92,17.16,0
e2-nio-100,binary,100,bot_17,3599,b,18,22.77,25,89.87,109,19.13,0
e2-nio-100,binary,100,bot_17,3599,b,20,13.76,25,102.42,110,7.58,0
e2-nio-100,binary,100,bot_17,3599,b,22,6.65,25,89.4,101,11.6,0
e2-nio-100,binary,100,bot_17,3599,b,24,15.61,25,99.07,110,10.93,0
e2-nio-100,binary,100,bot_17,3599,b,26,10.26,25,101.24,117,15.76,0
e2-nio-100,binary,100,bot_17,3599,b,28,58.77,25,83.93,158,74.07,0
e2-nio-100,binary,100,bot_17,3599,b,30,68.64,25,92.77,137,44.23,0
e2-nio-100,binary,100,bot_17,3599,b,32,72.31,25,109.08,168,58.92,0
e2-nio-100,binary,100,bot_17,3599,b,34,52.37,25,108.97,158,49.03,0
e2-nio-100,binary,100,bot_17,3599,b,36,51.53,25,122.53,177,54.47,0
e2-nio-100,binary,100,bot_17,3599,b,38,39.89,25,142.81,183,40.19,0
e2-nio-100,binary,100,bot_17,3599,b,40,23.8,25,134.05,166,31.95,0
e2-nio-100,binary,100,bot_17,3599,b,42,21.63,25,125.98,155,29.02,0
e2-nio-100,binary,100,bot_17,3599,b,44,26.25,25,213.31,229,15.69,0
e2-nio-100,binary,100,bot_17,3599,b,46,23.82,25,214.27,220,5.73,0
e2-nio-100,binary,100,bot_17,3599,b,48,12.23,25,207.29,216,8.71,0
e2-nio-100,binary,100,bot_17,3599,b,50,128.79,25,186.19,186,-0.19,0
e2-nio-100,binary,100,bot_17,3599,b,52,143.21,25,100.9,201,100.1,0
e2-nio-100,binary,100,bot_17,3599,b,54,103.5,25,129.11,256,126.89,0
e2-nio-100,binary,100,bot_17,3599,b,56,123.43,25,133.83,256,122.17,0
e2-nio-100,binary,100,bot_17,3599,b,58,82.02,25,130.89,208,77.11,0
e2-nio-100,binary,100,bot_17,3599,b,60,93.09,25,136.47,223,86.53,0
e2-nio-100,binary,100,bot_18,3600,b,2,8.97,25,83.06,83,-0.06,0
e2-nio-100,binary,100,bot_18,3600,b,4,10.93,25,58.47,80,21.53,0
e2-nio-100,binary,100,bot_18,3600,b,6,12.6,25,60.11,59,-1.11,0
e2-nio-100,binary,100,bot_18,3600,b,8,10.08,25,54.18,58,3.82,0
e2-nio-100,binary,100,bot_18,3600,b,10,14.78,25,59.08,67,7.92,0
e2-nio-100,binary,100,bot_18,3600,b,12,18.87,25,72.69,82,9.31,0
e2-nio-100,binary,100,bot_18,3600,b,14,8.53,25,70.5,74,3.5,0
e2-nio-100,binary,100,bot_18,3600,b,16,32.5,25,64.71,91,26.29,0
e2-nio-100,binary,100,bot_18,3600,b,18,33.3,25,77.33,104,26.67,0
e2-nio-100,binary,100,bot_18,3600,b,20,25.46,25,89.67,107,17.33,0
e2-nio-100,binary,100,bot_18,3600,b,22,15.9,25,81.05,103,21.95,0
e2-nio-100,binary,100,bot_18,3600,b,24,24.29,25,88.54,109,20.46,0
e2-nio-100,binary,100,bot_18,3600,b,26,19.13,25,92.53,120,27.47,0
e2-nio-100,binary,100,bot_18,3600,b,28,20.2,25,129.75,146,16.25,0
e2-nio-100,binary,100,bot_18,3600,b,30,15.04,25,126.45,141,14.55,0
e2-nio-100,binary,100,bot_18,3600,b,32,95.18,25,160.08,170,9.92,0
e2-nio-100,binary,100,bot_18,3600,b,34,60.52,25,101.25,166,64.75,0
e2-nio-100,binary,100,bot_18,3600,b,36,66.07,25,107.62,174,66.38,0
e2-nio-100,binary,100,bot_18,3600,b,38,51.77,25,131.32,184,52.68,0
e2-nio-100,binary,100,bot_18,3600,b,40,33.36,25,124.82,172,47.18,0
e2-nio-100,binary,100,bot_18,3600,b,42,32.35,25,116,159,43,0
e2-nio-100,binary,100,bot_18,3600,b,44,42.03,25,197.34,227,29.66,0
e2-nio-100,binary,100,bot_18,3600,b,46,43.76,25,195.2,207,11.8,0
e2-nio-100,binary,100,bot_18,3600,b,48,24.82,25,195.57,219,23.43,0
e2-nio-100,binary,100,bot_18,3600,b,50,23.31,25,173.94,184,10.06,0
e2-nio-100,binary,100,bot_18,3600,b,52,15.47,25,200.11,209,8.89,0
e2-nio-100,binary,100,bot_18,3600,b,54,11.87,25,263.37,266,2.63,0
e2-nio-100,binary,100,bot_18,3600,b,56,147.07,25,110.52,255,144.48,0
e2-nio-100,binary,100,bot_18,3600,b,58,96.91,25,117.41,217,99.59,0
e2-nio-100,binary,100,bot_18,3600,b,60,107.36,25,123.16,237,113.84,0
e2-nio-100,binary,100,bot_19,3601,w,1,71.44,25,62.09,118,55.91,0
e2-nio-100,binary,100,bot_19,3601,w,3,18.72,25,59.4,75,15.6,0
e2-nio-100,binary,100,bot_19,3601,w,5,3.67,25,52.52,55,2.48,0
e2-nio-100,binary,100,bot_19,3601,w,7,5.79,25,60.07,61,0.93,0
e2-nio-100,binary,100,bot_19,3601,w,9,9.83,25,85.09,84,-1.09,0
e2-nio-100,binary,100,bot_19,3601,w,11,10.26,25,68.94,75,6.06,0
e2-nio-100,binary,100,bot_19,3601,w,13,22.57,25,65.96,73,7.04,0
e2-nio-100,binary,100,bot_19,3601,w,15,21.92,25,80.9,105,24.1,0
e2-nio-100,binary,100,bot_19,3601,w,17,23.81,25,77.09,94,16.91,0
e2-nio-100,binary,100,bot_19,3601,w,19,14.27,25,128.05,148,19.95,0
e2-nio-100,binary,100,bot_19,3601,w,21,17.66,25,112.77,123,10.23,0
e2-nio-100,binary,100,bot_19,3601,w,23,16.4,25,118.83,123,4.17,0
e2-nio-100,binary,100,bot_19,3601,w,25,21.73,25,117.79,131,13.21,0
e2-nio-100,binary,100,bot_19,3601,w,27,11.76,25,116.01,124,7.99,0
e2-nio-100,binary,100,bot_19,3601,w,29,50.85,25,82.3,148,65.7,0
e2-nio-100,binary,100,bot_19,3601,w,31,64.34,25,101.77,166,64.23,0
e2-nio-100,binary,100,bot_19,3601,w,33,56.5,25,124.21,190,65.79,0
e2-nio-100,binary,100,bot_19,3601,w,35,58.91,25,122.15,170,47.85,0
e2-nio-100,binary,100,bot_19,3601,w,37,46.51,25,137.01,187,49.99,0
e2-nio-100,binary,100,bot_19,3601,w,39,37.96,25,179.59,216,36.41,0
e2-nio-100,binary,100,bot_19,3601,w,41,35.69,25,139.76,161,21.24,0
e2-nio-100,binary,100,bot_19,3601,w,43,31.99,25,179.74,198,18.26,0
e2-nio-100,binary,100,bot_19,3601,w,45,21.25,25,157.01,170,12.99,0
e2-nio-100,binary,100,bot_19,3601,w,47,27.07,25,200.07,211,10.93,0
e2-nio-100,binary,100,bot_19,3601,w,49,15.6,25,220.67,219,-1.67,0
e2-nio-100,binary,100,bot_19,3601,w,51,128.31,25,217.65,218,0.35,0
e2-nio-100,binary,100,bot_19,3601,w,53,144.46,25,120.3,251,130.7,0
e2-nio-100,binary,100,bot_19,3601,w,55,135.27,25,132.47,221,88.53,0
e2-nio-100,binary,100,bot_19,3601,w,57,94.55,25,141.04,253,111.96,0
e2-nio-100,binary,100,bot_19,3601,w,59,104.27,25,132.47,201,68.53,0
e2-nio-100,binary,100,bot_20,3601,b,2,21.37,25,85.41,86,0.59,0
e2-nio-100,binary,100,bot_20,3601,b,4,10,25,58.77,71,12.23,0
e2-nio-100,binary,100,bot_20,3601,b,6,7.09,25,65.5,66,0.5,0
e2-nio-100,binary,100,bot_20,3601,b,8,4.86,25,59.4,61,1.6,0
e2-nio-100,binary,100,bot_20,3601,b,10,11.59,25,62.6,69,6.4,0
e2-nio-100,binary,100,bot_20,3601,b,12,14.13,25,77.93,85,7.07,0
e2-nio-100,binary,100,bot_20,3601,b,14,31.07,25,62.18,82,19.82,0
e2-nio-100,binary,100,bot_20,3601,b,16,23.84,25,73.33,91,17.67,0
e2-nio-100,binary,100,bot_20,3601,b,18,26.64,25,85.52,106,20.48,0
e2-nio-100,binary,100,bot_20,3601,b,20,16.93,25,99.08,110,10.92,0
e2-nio-100,binary,100,bot_20,3601,b,22,9.59,25,86.6,101,14.4,0
e2-nio-100,binary,100,bot_20,3601,b,24,20.21,25,93.88,107,13.12,0
e2-nio-100,binary,100,bot_20,3601,b,26,13.49,25,97.95,116,18.05,0
e2-nio-100,binary,100,bot_20,3601,b,28,71.59,25,138.94,147,8.06,0
e2-nio-100,binary,100,bot_20,3601,b,30,71.05,25,90.43,138,47.57,0
e2-nio-100,binary,100,bot_20,3601,b,32,72.65,25,108.91,170,61.09,0
e2-nio-100,binary,100,bot_20,3601,b,34,54.31,25,107.19,158,50.81,0
e2-nio-100,binary,100,bot_20,3601,b,36,55.4,25,118.46,174,55.54,0
e2-nio-100,binary,100,bot_20,3601,b,38,42.39,25,140.54,183,42.46,0
e2-nio-100,binary,100,bot_20,3601,b,40,26.46,25,131.37,165,33.63,0
e2-nio-100,binary,100,bot_20,3601,b,42,24,25,123.73,156,32.27,0
e2-nio-100,binary,100,bot_20,3601,b,44,29.97,25,209.55,227,17.45,0
e2-nio-100,binary,100,bot_20,3601,b,46,27.01,25,211.24,218,6.76,0
e2-nio-100,binary,100,bot_20,3601,b,48,14.57,25,205.17,217,11.83,0
e2-nio-100,binary,100,bot_20,3601,b,50,16.36,25,181.3,182,0.7,0
e2-nio-100,binary,100,bot_20,3601,b,52,146.13,25,98.48,212,113.52,0
e2-nio-100,binary,100,bot_20,3601,b,54,105.96,25,126.69,256,129.31,0
e2-nio-100,binary,100,bot_20,3601,b,56,127.65,25,129.64,250,120.36,0
e2-nio-100,binary,100,bot_20,3601,b,58,84.46,25,128.61,208,79.39,0
e2-nio-100,binary,100,bot_20,3601,b,60,94.4,25,135.28,225,89.72,0
e2-nio-100,binary,100,bot_21,3602,w,1,18.63,25,74.27,74,-0.27,0
e2-nio-100,binary,100,bot_21,3602,w,3,6.65,25,71.07,75,3.93,0
e2-nio-100,binary,100,bot_21,3602,w,5,16.96,25,60.23,59,-1.23,0
e2-nio-100,binary,100,bot_21,3602,w,7,12.35,25,58.23,58,-0.23,0
e2-nio-100,binary,100,bot_21,3602,w,9,15.38,25,58.9,68,9.1,0
e2-nio-100,binary,100,bot_21,3602,w,11,21.31,25,70.25,81,10.75,0
e2-nio-100,binary,100,bot_21,3602,w,13,10.37,25,68.58,75,6.42,0
e2-nio-100,binary,100,bot_21,3602,w,15,37.88,25,84.8,87,2.2,0
e2-nio-100,binary,100,bot_21,3602,w,17,36.34,25,73.61,105,31.39,0
e2-nio-100,binary,100,bot_21,3602,w,19,29.63,25,85.31,108,22.69,0
e2-nio-100,binary,100,bot_21,3602,w,21,19.9,25,77.87,105,27.13,0
e2-nio-100,binary,100,bot_21,3602,w,23,28.04,25,84.15,110,25.85,0
e2-nio-100,binary,100,bot_21,3602,w,25,22.46,25,89.52,121,31.48,0
e2-nio-100,binary,100,bot_21,3602,w,27,26.35,25,123.96,145,21.04,0
e2-nio-100,binary,100,bot_21,3602,w,29,21.13,25,120.83,140,19.17,0
e2-nio-100,binary,100,bot_21,3602,w,31,17.33,25,153.66,170,16.34,0
e2-nio-100,binary,100,bot_21,3602,w,33,77.28,25,157.12,170,12.88,0
e2-nio-100,binary,100,bot_21,3602,w,35,72.56,25,100.49,171,70.51,0
e2-nio-100,binary,100,bot_21,3602,w,37,56.49,25,126.59,184,57.41,0
e2-nio-100,binary,100,bot_21,3602,w,39,40.06,25,118.02,171,52.98,0
e2-nio-100,binary,100,bot_21,3602,w,41,36.7,25,112.05,159,46.95,0
e2-nio-100,binary,100,bot_21,3602,w,43,48.29,25,191.13,227,35.87,0
e2-nio-100,binary,100,bot_21,3602,w,45,48.56,25,190.98,207,16.02,0
e2-nio-100,binary,100,bot_21,3602,w,47,27.41,25,193.1,223,29.9,0
e2-nio-100,binary,100,bot_21,3602,w,49,26.04,25,170.94,189,18.06,0
e2-nio-100,binary,100,bot_21,3602,w,51,19.95,25,195.64,213,17.36,0
e2-nio-100,binary,100,bot_21,3602,w,53,17.57,25,258.29,268,9.71,0
e2-nio-100,binary,100,bot_21,3602,w,55,12.65,25,244.67,245,0.33,0
e2-nio-100,binary,100,bot_21,3602,w,57,101.05,25,114.33,227,112.67,0
e2-nio-100,binary,100,bot_21,3602,w,59,114.18,25,116.35,238,121.65,0
e2-nio-100,binary,100,bot_22,3602,b,2,8.64,25,63.88,76,12.12,0
e2-nio-100,binary,100,bot_22,3602,b,4,2.92,25,59.99,61,1.01,0
e2-nio-100,binary,100,bot_22,3602,b,6,6.94,25,52.35,66,13.65,0
e2-nio-100,binary,100,bot_22,3602,b,8,13.59,25,81.52,89,7.48,0
e2-nio-100,binary,100,bot_22,3602,b,10,14.82,25,64.75,74,9.25,0
e2-nio-100,binary,100,bot_22,3602,b,12,10.09,25,59.38,75,15.62,0
e2-nio-100,binary,100,bot_22,3602,b,14,8.03,25,100.46,107,6.54,0
e2-nio-100,binary,100,bot_22,3602,b,16,35.79,25,66.16,99,32.84,0
e2-nio-100,binary,100,bot_22,3602,b,18,28.01,25,116.61,149,32.39,0
e2-nio-100,binary,100,bot_22,3602,b,20,31.91,25,98.45,123,24.55,0
e2-nio-100,binary,100,bot_22,3602,b,22,31.33,25,103.72,118,14.28,0
e2-nio-100,binary,100,bot_22,3602,b,24,35.52,25,103.52,128,24.48,0
e2-nio-100,binary,100,bot_22,3602,b,26,25.25,25,102.8,120,17.2,0
e2-nio-100,binary,100,bot_22,3602,b,28,22.64,25,115.87,138,22.13,0
e2-nio-100,binary,100,bot_22,3602,b,30,20.63,25,146.08,162,15.92,0
e2-nio-100,binary,100,bot_22,3602,b,32,17.55,25,174.22,186,11.78,0
e2-nio-100,binary,100,bot_22,3602,b,34,74.89,25,106.97,180,73.03,0
e2-nio-100,binary,100,bot_22,3602,b,36,62.55,25,121.33,189,67.67,0
e2-nio-100,binary,100,bot_22,3602,b,38,56.48,25,161.63,212,50.37,0
e2-nio-100,binary,100,bot_22,3602,b,40,50.93,25,123.7,159,35.3,0
e2-nio-100,binary,100,bot_22,3602,b,42,50.87,25,159.91,192,32.09,0
e2-nio-100,binary,100,bot_22,3602,b,44,31.54,25,146.54,180,33.46,0
e2-nio-100,binary,100,bot_22,3602,b,46,45.32,25,180.59,214,33.41,0
e2-nio-100,binary,100,bot_22,3602,b,48,32.71,25,203.85,216,12.15,0
e2-nio-100,binary,100,bot_22,3602,b,50,31.69,25,194.75,206,11.25,0
e2-nio-100,binary,100,bot_22,3602,b,52,24.63,25,230.54,235,4.46,0
e2-nio-100,binary,100,bot_22,3602,b,54,16.11,25,213.81,217,3.19,0
e2-nio-100,binary,100,bot_22,3602,b,56,127.59,25,258.02,256,-2.02,0
e2-nio-100,binary,100,bot_22,3602,b,58,136.6,25,98.25,184,85.75,0
e2-nio-100,binary,100,bot_22,3602,b,60,110.85,25,98.2,198,99.8,0
e2-nio-100,binary,100,bot_23,3603,w,1,12.33,25,87.57,85,-2.57,0
e2-nio-100,binary,100,bot_23,3603,w,3,6.93,25,61.42,69,7.58,0
e2-nio-100,binary,100,bot_23,3603,w,5,3.91,25,66.47,66,-0.47,0
e2-nio-100,binary,100,bot_23,3603,w,7,19.86,25,59.18,65,5.82,0
e2-nio-100,binary,100,bot_23,3603,w,9,8.54,25,66.55,68,1.45,0
e2-nio-100,binary,100,bot_23,3603,w,11,19.73,25,87.38,89,1.62,0
e2-nio-100,binary,100,bot_23,3603,w,13,23.84,25,69.15,80,10.85,0
e2-nio-100,binary,100,bot_23,3603,w,15,19.38,25,77.66,87,9.34,0
e2-nio-100,binary,100,bot_23,3603,w,17,19.65,25,93.36,104,10.64,0
e2-nio-100,binary,100,bot_23,3603,w,19,10.25,25,105.8,109,3.2,0
e2-nio-100,binary,100,bot_23,3603,w,21,4.83,25,91.61,95,3.39,0
e2-nio-100,binary,100,bot_23,3603,w,23,11.02,25,103.98,107,3.02,0
e2-nio-100,binary,100,bot_23,3603,w,25,50.5,25,59.98,122,62.02,0
e2-nio-100,binary,100,bot_23,3603,w,27,55.8,25,86.51,144,57.49,0
e2-nio-100,binary,100,bot_23,3603,w,29,64.84,25,96.71,136,39.29,0
e2-nio-100,binary,100,bot_23,3603,w,31,66.74,25,114.62,165,50.38,0
e2-nio-100,binary,100,bot_23,3603,w,33,49.25,25,111.83,154,42.17,0
e2-nio-100,binary,100,bot_23,3603,w,35,44.19,25,129.91,176,46.09,0
e2-nio-100,binary,100,bot_23,3603,w,37,35.4,25,147.19,182,34.81,0
e2-nio-100,binary,100,bot_23,3603,w,39,21.62,25,135.98,158,22.02,0
e2-nio-100,binary,100,bot_23,3603,w,41,18.01,25,129.31,151,21.69,0
e2-nio-100,binary,100,bot_23,3603,w,43,23.07,25,216.33,224,7.67,0
e2-nio-100,binary,100,bot_23,3603,w,45,16.7,25,221.13,221,-0.13,0
e2-nio-100,binary,100,bot_23,3603,w,47,142.46,25,210.01,210,-0.01,0
e2-nio-100,binary,100,bot_23,3603,w,49,106.74,25,109.7,191,81.3,0
e2-nio-100,binary,100,bot_23,3603,w,51,134.18,25,110.31,197,86.69,0
e2-nio-100,binary,100,bot_23,3603,w,53,90.71,25,141.23,252,110.77,0
e2-nio-100,binary,100,bot_23,3603,w,55,113.51,25,143.69,251,107.31,0
e2-nio-100,binary,100,bot_23,3603,w,57,76.49,25,136.2,201,64.8,0
e2-nio-100,binary,100,bot_23,3603,w,59,77.85,25,151.3,221,69.7,0
e2-nio-100,binary,100,bot_24,3603,b,2,14.3,25,63.65,72,8.35,0
e2-nio-100,binary,100,bot_24,3603,b,4,4.73,25,53.4,55,1.6,0
e2-nio-100,binary,100,bot_24,3603,b,6,11.37,25,62.63,62,-0.63,0
e2-nio-100,binary,100,bot_24,3603,b,8,7.15,25,64.76,80,15.24,0
e2-nio-100,binary,100,bot_24,3603,b,10,5.54,25,72.65,76,3.35,0
e2-nio-100,binary,100,bot_24,3603,b,12,14.71,25,58.97,73,14.03,0
e2-nio-100,binary,100,bot_24,3603,b,14,14.97,25,88.32,107,18.68,0
e2-nio-100,binary,100,bot_24,3603,b,16,16.4,25,84.73,100,15.27,0
e2-nio-100,binary,100,bot_24,3603,b,18,7.74,25,132.96,146,13.04,0
e2-nio-100,binary,100,bot_24,3603,b,20,10.6,25,120.3,126,5.7,0
e2-nio-100,binary,100,bot_24,3603,b,22,8.19,25,126.31,127,0.69,0
e2-nio-100,binary,100,bot_24,3603,b,24,66.57,25,126.21,132,5.79,0
e2-nio-100,binary,100,bot_24,3603,b,26,62.9,25,80.45,126,45.55,0
e2-nio-100,binary,100,bot_24,3603,b,28,44.77,25,87.75,139,51.25,0
e2-nio-100,binary,100,bot_24,3603,b,30,55.29,25,110.63,171,60.37,0
e2-nio-100,binary,100,bot_24,3603,b,32,47.19,25,134.18,196,61.82,0
e2-nio-100,binary,100,bot_24,3603,b,34,49.93,25,130.97,175,44.03,0
e2-nio-100,binary,100,bot_24,3603,b,36,40.44,25,143.25,182,38.75,0
e2-nio-100,binary,100,bot_24,3603,b,38,28.01,25,189.19,220,30.81,0
e2-nio-100,binary,100,bot_24,3603,b,40,26.35,25,149.69,167,17.31,0
e2-nio-100,binary,100,bot_24,3603,b,42,23.41,25,189,203,14,0
e2-nio-100,binary,100,bot_24,3603,b,44,15.88,25,162.23,170,7.77,0
e2-nio-100,binary,100,bot_24,3603,b,46,15.62,25,212.34,214,1.66,0
e2-nio-100,binary,100,bot_24,3603,b,48,97.8,25,105.2,232,126.8,0
e2-nio-100,binary,100,bot_24,3603,b,50,103.44,25,125.22,218,92.78,0
e2-nio-100,binary,100,bot_24,3603,b,52,127.92,25,136.6,257,120.4,0
e2-nio-100,binary,100,bot_24,3603,b,54,122.91,25,146.06,221,74.94,0
e2-nio-100,binary,100,bot_24,3603,b,56,79.1,25,155.83,254,98.17,0
e2-nio-100,binary,100,bot_24,3603,b,58,86.27,25,151.42,213,61.58,0
e2-nio-100,binary,100,bot_24,3603,b,60,83.12,25,127.11,190,62.89,0
e2-nio-100,binary,100,bot_25,3604,w,1,10.34,25,85.47,86,0.53,0
e2-nio-100,binary,100,bot_25,3604,w,3,5.91,25,62.5,70,7.5,0
e2-nio-100,binary,100,bot_25,3604,w,5,13.18,25,66.44,65,-1.44,0
e2-nio-100,binary,100,bot_25,3604,w,7,17.81,25,61.83,64,2.17,0
e2-nio-100,binary,100,bot_25,3604,w,9,7.4,25,67.73,69,1.27,0
e2-nio-100,binary,100,bot_25,3604,w,11,13.81,25,77.44,95,17.56,0
e2-nio-100,binary,100,bot_25,3604,w,13,20.95,25,72.06,82,9.94,0
e2-nio-100,binary,100,bot_25,3604,w,15,16.57,25,80.38,90,9.62,0
e2-nio-100,binary,100,bot_25,3604,w,17,15.57,25,97.94,108,10.06,0
e2-nio-100,binary,100,bot_25,3604,w,19,36.04,25,109.44,112,2.56,0
e2-nio-100,binary,100,bot_25,3604,w,21,54.57,25,61.96,120,58.04,0
e2-nio-100,binary,100,bot_25,3604,w,23,63.9,25,62.56,114,51.44,0
e2-nio-100,binary,100,bot_25,3604,w,25,45.81,25,64.38,113,48.62,0
e2-nio-100,binary,100,bot_25,3604,w,27,48.82,25,93.61,150,56.39,0
e2-nio-100,binary,100,bot_25,3604,w,29,55.71,25,105.91,142,36.09,0
e2-nio-100,binary,100,bot_25,3604,w,31,57.84,25,123.42,168,44.58,0
e2-nio-100,binary,100,bot_25,3604,w,33,40.97,25,119.98,156,36.02,0
e2-nio-100,binary,100,bot_25,3604,w,35,41.01,25,132.77,169,36.23,0
e2-nio-100,binary,100,bot_25,3604,w,37,29.34,25,153.68,182,28.32,0
e2-nio-100,binary,100,bot_25,3604,w,39,16.23,25,141.32,157,15.68,0
e2-nio-100,binary,100,bot_25,3604,w,41,13.56,25,133.25,149,15.75,0
e2-nio-100,binary,100,bot_25,3604,w,43,13.61,25,225.96,230,4.04,0
e2-nio-100,binary,100,bot_25,3604,w,45,106.12,25,118.54,237,118.46,0
e2-nio-100,binary,100,bot_25,3604,w,47,120.66,25,118.78,212,93.22,0
e2-nio-100,binary,100,bot_25,3604,w,49,96.26,25,120.69,193,72.31,0
e2-nio-100,binary,100,bot_25,3604,w,51,121.87,25,123.15,199,75.85,0
e2-nio-100,binary,100,bot_25,3604,w,53,80.6,25,150.54,247,96.46,0
e2-nio-100,binary,100,bot_25,3604,w,55,96.04,25,160.84,253,92.16,0
e2-nio-100,binary,100,bot_25,3604,w,57,60.48,25,152.25,207,54.75,0
e2-nio-100,binary,100,bot_25,3604,w,59,68.44,25,159.98,220,60.02,0
e2-nio-100,binary,100,bot_26,3604,b,2,11.84,25,65.99,73,7.01,0
e2-nio-100,binary,100,bot_26,3604,b,4,2.8,25,56.54,59,2.46,0
e2-nio-100,binary,100,bot_26,3604,b,6,8.06,25,55.82,66,10.18,0
e2-nio-100,binary,100,bot_26,3604,b,8,6.02,25,64.78,78,13.22,0
e2-nio-100,binary,100,bot_26,3604,b,10,20.54,25,74.08,78,3.92,0
e2-nio-100,binary,100,bot_26,3604,b,12,13.23,25,60.14,69,8.86,0
e2-nio-100,binary,100,bot_26,3604,b,14,13.87,25,89.53,106,16.47,0
e2-nio-100,binary,100,bot_26,3604,b,16,13.99,25,87.23,101,13.77,0
e2-nio-100,binary,100,bot_26,3604,b,18,6.53,25,133.38,145,11.62,0
e2-nio-100,binary,100,bot_26,3604,b,20,63.45,25,93.7,127,33.3,0
e2-nio-100,binary,100,bot_26,3604,b,22,55.28,25,60.08,111,50.92,0
e2-nio-100,binary,100,bot_26,3604,b,24,53.55,25,71.37,132,60.63,0
e2-nio-100,binary,100,bot_26,3604,b,26,60.3,25,83.24,126,42.76,0
e2-nio-100,binary,100,bot_26,3604,b,28,40.83,25,91.6,136,44.4,0
e2-nio-100,binary,100,bot_26,3604,b,30,47.85,25,117.79,170,52.21,0
e2-nio-100,binary,100,bot_26,3604,b,32,39.99,25,141.68,195,53.32,0
e2-nio-100,binary,100,bot_26,3604,b,34,39.8,25,141.22,178,36.78,0
e2-nio-100,binary,100,bot_26,3604,b,36,32.85,25,150.47,189,38.53,0
e2-nio-100,binary,100,bot_26,3604,b,38,19.94,25,196.68,222,25.32,0
e2-nio-100,binary,100,bot_26,3604,b,40,19.64,25,156.99,169,12.01,0
e2-nio-100,binary,100,bot_26,3604,b,42,17.72,25,194.96,205,10.04,0
e2-nio-100,binary,100,bot_26,3604,b,44,132.54,25,166.52,164,-2.52,0
e2-nio-100,binary,100,bot_26,3604,b,46,107.67,25,127.1,218,90.9,0
e2-nio-100,binary,100,bot_26,3604,b,48,88.33,25,113.1,219,105.9,0
e2-nio-100,binary,100,bot_26,3604,b,50,91.03,25,137.52,219,81.48,0
e2-nio-100,binary,100,bot_26,3604,b,52,110.43,25,154.54,261,106.46,0
e2-nio-100,binary,100,bot_26,3604,b,54,106.41,25,163.19,228,64.81,0
e2-nio-100,binary,100,bot_26,3604,b,56,68.43,25,165.38,247,81.62,0
e2-nio-100,binary,100,bot_26,3604,b,58,74.47,25,164.02,210,45.98,0
e2-nio-100,binary,100,bot_26,3604,b,60,71.24,25,139.88,193,53.12,0
e2-nio-100,binary,100,bot_27,3605,w,1,7.72,25,73.29,76,2.71,0
e2-nio-100,binary,100,bot_27,3605,w,3,15.99,25,63.76,68,4.24,0
e2-nio-100,binary,100,bot_27,3605,w,5,9.29,25,54.82,62,7.18,0
e2-nio-100,binary,100,bot_27,3605,w,7,11.99,25,68.35,69,0.65,0
e2-nio-100,binary,100,bot_27,3605,w,9,11.99,25,61.59,77,15.41,0
e2-nio-100,binary,100,bot_27,3605,w,11,9.46,25,81.17,90,8.83,0
e2-nio-100,binary,100,bot_27,3605,w,13,13.86,25,78.43,82,3.57,0
e2-nio-100,binary,100,bot_27,3605,w,15,11.72,25,84.81,89,4.19,0
e2-nio-100,binary,100,bot_27,3605,w,17,78.61,25,88.2,123,34.8,0
e2-nio-100,binary,100,bot_27,3605,w,19,23.15,25,97.42,112,14.58,0
e2-nio-100,binary,100,bot_27,3605,w,21,45.28,25,70.93,115,44.07,0
e2-nio-100,binary,100,bot_27,3605,w,23,49.92,25,76.16,119,42.84,0
e2-nio-100,binary,100,bot_27,3605,w,25,37.25,25,73.1,109,35.9,0
e2-nio-100,binary,100,bot_27,3605,w,27,35.18,25,107.46,150,42.54,0
e2-nio-100,binary,100,bot_27,3605,w,29,39.16,25,122.67,152,29.33,0
e2-nio-100,binary,100,bot_27,3605,w,31,37.01,25,143.86,173,29.14,0
e2-nio-100,binary,100,bot_27,3605,w,33,26.91,25,134.32,159,24.68,0
e2-nio-100,binary,100,bot_27,3605,w,35,22.81,25,151.96,175,23.04,0
e2-nio-100,binary,100,bot_27,3605,w,37,15.98,25,168.2,186,17.8,0
e2-nio-100,binary,100,bot_27,3605,w,39,98.89,25,150.94,156,5.06,0
e2-nio-100,binary,100,bot_27,3605,w,41,95.01,25,78.11,147,68.89,0
e2-nio-100,binary,100,bot_27,3605,w,43,73.66,25,145.41,240,94.59,0
e2-nio-100,binary,100,bot_27,3605,w,45,88.11,25,135.72,226,90.28,0
e2-nio-100,binary,100,bot_27,3605,w,47,93.38,25,146.45,221,74.55,0
e2-nio-100,binary,100,bot_27,3605,w,49,71.52,25,145.67,205,59.33,0
e2-nio-100,binary,100,bot_27,3605,w,51,83.15,25,160.36,215,54.64,0
e2-nio-100,binary,100,bot_27,3605,w,53,64.22,25,167.12,242,74.88,0
e2-nio-100,binary,100,bot_27,3605,w,55,76.63,25,182.26,248,65.74,0
e2-nio-100,binary,100,bot_27,3605,w,57,45.36,25,167.06,203,35.94,0
e2-nio-100,binary,100,bot_27,3605,w,59,45.78,25,180.87,222,41.13,0
e2-nio-100,binary,100,bot_28,3605,b,2,9.62,25,68.08,73,4.92,0
e2-nio-100,binary,100,bot_28,3605,b,4,12.5,25,51.67,65,13.33,0
e2-nio-100,binary,100,bot_28,3605,b,6,6.18,25,57.36,62,4.64,0
e2-nio-100,binary,100,bot_28,3605,b,8,20.1,25,65.67,73,7.33,0
e2-nio-100,binary,100,bot_28,3605,b,10,12.63,25,69,77,8,0
e2-nio-100,binary,100,bot_28,3605,b,12,8.25,25,65.62,71,5.38,0
e2-nio-100,binary,100,bot_28,3605,b,14,8.48,25,95.36,106,10.64,0
e2-nio-100,binary,100,bot_28,3605,b,16,38.97,25,94.88,103,8.12,0
e2-nio-100,binary,100,bot_28,3605,b,18,20.06,25,60.7,135,74.3,0
e2-nio-100,binary,100,bot_28,3605,b,20,48.21,25,108.52,128,19.48,0
e2-nio-100,binary,100,bot_28,3605,b,22,47.04,25,68.71,109,40.29,0
e2-nio-100,binary,100,bot_28,3605,b,24,40.17,25,84.76,132,47.24,0
e2-nio-100,binary,100,bot_28,3605,b,26,47.04,25,97.2,130,32.8,0
e2-nio-100,binary,100,bot_28,3605,b,28,32.77,25,99.51,131,31.49,0
e2-nio-100,binary,100,bot_28,3605,b,30,32.29,25,132.91,167,34.09,0
e2-nio-100,binary,100,bot_28,3605,b,32,28.39,25,154.05,186,31.95,0
e2-nio-100,binary,100,bot_28,3605,b,34,26.79,25,153.13,176,22.87,0
e2-nio-100,binary,100,bot_28,3605,b,36,21.44,25,160.88,180,19.12,0
e2-nio-100,binary,100,bot_28,3605,b,38,10.29,25,205.03,217,11.97,0
e2-nio-100,binary,100,bot_28,3605,b,40,72.57,25,87.71,183,95.29,0
e2-nio-100,binary,100,bot_28,3605,b,42,108.68,25,119.64,211,91.36,0
e2-nio-100,binary,100,bot_28,3605,b,44,104.75,25,99.7,160,60.3,0
e2-nio-100,binary,100,bot_28,3605,b,46,88.93,25,145.8,221,75.2,0
e2-nio-100,binary,100,bot_28,3605,b,48,72.46,25,127.49,207,79.51,0
e2-nio-100,binary,100,bot_28,3605,b,50,69.03,25,160.72,219,58.28,0
e2-nio-100,binary,100,bot_28,3605,b,52,88.61,25,177.79,247,69.21,0
e2-nio-100,binary,100,bot_28,3605,b,54,78.89,25,189.3,239,49.7,0
e2-nio-100,binary,100,bot_28,3605,b,56,49.86,25,181.96,245,63.04,0
e2-nio-100,binary,100,bot_28,3605,b,58,55.94,25,184.48,217,32.52,0
e2-nio-100,binary,100,bot_28,3605,b,60,41.62,25,171.35,204,32.65,0
e2-nio-100,binary,100,bot_29,3606,b,2,7.38,25,70.29,73,2.71,0
e2-nio-100,binary,100,bot_29,3606,b,4,10.42,25,53.49,64,10.51,0
e2-nio-100,binary,100,bot_29,3606,b,6,4.64,25,58.91,61,2.09,0
e2-nio-100,binary,100,bot_29,3606,b,8,14.57,25,54.44,71,16.56,0
e2-nio-100,binary,100,bot_29,3606,b,10,11.64,25,69.88,75,5.12,0
e2-nio-100,binary,100,bot_29,3606,b,12,7.35,25,66.37,68,1.63,0
e2-nio-100,binary,100,bot_29,3606,b,14,7.75,25,96.11,100,3.89,0
e2-nio-100,binary,100,bot_29,3606,b,16,30.96,25,73.72,105,31.28,0
e2-nio-100,binary,100,bot_29,3606,b,18,18.14,25,62.38,132,69.62,0
e2-nio-100,binary,100,bot_29,3606,b,20,46.96,25,109.52,121,11.48,0
e2-nio-100,binary,100,bot_29,3606,b,22,45.41,25,70.24,108,37.76,0
e2-nio-100,binary,100,bot_29,3606,b,24,38.04,25,86.76,129,42.24,0
e2-nio-100,binary,100,bot_29,3606,b,26,45.95,25,98.3,128,29.7,0
e2-nio-100,binary,100,bot_29,3606,b,28,31.58,25,100.7,128,27.3,0
e2-nio-100,binary,100,bot_29,3606,b,30,29.37,25,135.77,167,31.23,0
e2-nio-100,binary,100,bot_29,3606,b,32,26.34,25,156.34,184,27.66,0
e2-nio-100,binary,100,bot_29,3606,b,34,22.04,25,157.91,176,18.09,0
e2-nio-100,binary,100,bot_29,3606,b,36,17.02,25,165.14,178,12.86,0
e2-nio-100,binary,100,bot_29,3606,b,38,88.6,25,207.57,216,8.43,0
e2-nio-100,binary,100,bot_29,3606,b,40,65.34,25,94.4,178,83.6,0
e2-nio-100,binary,100,bot_29,3606,b,42,102.63,25,126.23,208,81.77,0
e2-nio-100,binary,100,bot_29,3606,b,44,97.28,25,107.57,161,53.43,0
e2-nio-100,binary,100,bot_29,3606,b,46,81.72,25,153.14,222,68.86,0
e2-nio-100,binary,100,bot_29,3606,b,48,64.61,25,134.61,203,68.39,0
e2-nio-100,binary,100,bot_29,3606,b,50,63.68,25,166.31,215,48.69,0
e2-nio-100,binary,100,bot_29,3606,b,52,80.89,25,185.45,245,59.55,0
e2-nio-100,binary,100,bot_29,3606,b,54,69.34,25,198.08,240,41.92,0
e2-nio-100,binary,100,bot_29,3606,b,56,44.14,25,186.97,242,55.03,0
e2-nio-100,binary,100,bot_29,3606,b,58,50.63,25,190.14,214,23.86,0
e2-nio-100,binary,100,bot_29,3606,b,60,35.51,25,177.83,198,20.17,0
e2-nio-100,binary,100,bot_30,3606,w,1,6.24,25,74.06,76,1.94,0
e2-nio-100,binary,100,bot_30,3606,w,3,15.43,25,64.58,68,3.42,0
e2-nio-100,binary,100,bot_30,3606,w,5,6.84,25,57.2,64,6.8,0
e2-nio-100,binary,100,bot_30,3606,w,7,22.39,25,75.05,76,0.95,0
e2-nio-100,binary,100,bot_30,3606,w,9,9.21,25,64.19,75,10.81,0
e2-nio-100,binary,100,bot_30,3606,w,11,6.64,25,83.86,93,9.14,0
e2-nio-100,binary,100,bot_30,3606,w,13,8.68,25,83.49,88,4.51,0
e2-nio-100,binary,100,bot_30,3606,w,15,37.25,25,88.8,93,4.2,0
e2-nio-100,binary,100,bot_30,3606,w,17,73.75,25,92.94,121,28.06,0
e2-nio-100,binary,100,bot_30,3606,w,19,17.08,25,103.57,118,14.43,0
e2-nio-100,binary,100,bot_30,3606,w,21,42.53,25,73.66,118,44.34,0
e2-nio-100,binary,100,bot_30,3606,w,23,46.65,25,79.56,122,42.44,0
e2-nio-100,binary,100,bot_30,3606,w,25,35.28,25,75.09,110,34.91,0
e2-nio-100,binary,100,bot_30,3606,w,27,32.37,25,110.28,154,43.72,0
e2-nio-100,binary,100,bot_30,3606,w,29,35.81,25,126.07,154,27.93,0
e2-nio-100,binary,100,bot_30,3606,w,31,33.21,25,147.58,174,26.42,0
e2-nio-100,binary,100,bot_30,3606,w,33,24.16,25,136.97,161,24.03,0
e2-nio-100,binary,100,bot_30,3606,w,35,17.75,25,157.13,176,18.87,0
e2-nio-100,binary,100,bot_30,3606,w,37,13.25,25,171.52,185,13.48,0
e2-nio-100,binary,100,bot_30,3606,w,39,88.92,25,80.54,166,85.46,0
e2-nio-100,binary,100,bot_30,3606,w,41,87.52,25,86.06,149,62.94,0
e2-nio-100,binary,100,bot_30,3606,w,43,67.43,25,150.96,239,88.04,0
e2-nio-100,binary,100,bot_30,3606,w,45,83.33,25,140.63,224,83.37,0
e2-nio-100,binary,100,bot_30,3606,w,47,84.93,25,155.21,222,66.79,0
e2-nio-100,binary,100,bot_30,3606,w,49,62.85,25,154.61,206,51.39,0
e2-nio-100,binary,100,bot_30,3606,w,51,73.59,25,169.98,219,49.02,0
e2-nio-100,binary,100,bot_30,3606,w,53,56.53,25,175.18,242,66.82,0
e2-nio-100,binary,100,bot_30,3606,w,55,69.56,25,189.96,245,55.04,0
e2-nio-100,binary,100,bot_30,3606,w,57,38.7,25,173.85,203,29.15,0
e2-nio-100,binary,100,bot_30,3606,w,59,34.78,25,191.51,228,36.49,0
e2-nio-100,binary,100,bot_31,3607,w,1,5.27,25,68.88,68,-0.88,0
e2-nio-100,binary,100,bot_31,3607,w,3,12.41,25,60.99,70,9.01,0
e2-nio-100,binary,100,bot_31,3607,w,5,3.72,25,60.29,61,0.71,0
e2-nio-100,binary,100,bot_31,3607,w,7,11.77,25,72.1,82,9.9,0
e2-nio-100,binary,100,bot_31,3607,w,9,6.17,25,66.54,72,5.46,0
e2-nio-100,binary,100,bot_31,3607,w,11,29.25,25,86.78,90,3.22,0
e2-nio-100,binary,100,bot_31,3607,w,13,39.52,25,80.77,85,4.23,0
e2-nio-100,binary,100,bot_31,3607,w,15,25.87,25,67.97,91,23.03,0
e2-nio-100,binary,100,bot_31,3607,w,17,58.71,25,108.26,128,19.74,0
e2-nio-100,binary,100,bot_31,3607,w,19,9.14,25,111.57,116,4.43,0
e2-nio-100,binary,100,bot_31,3607,w,21,37.49,25,79.05,117,37.95,0
e2-nio-100,binary,100,bot_31,3607,w,23,36.86,25,89.35,124,34.65,0
e2-nio-100,binary,100,bot_31,3607,w,25,28.47,25,82.01,110,27.99,0
e2-nio-100,binary,100,bot_31,3607,w,27,25.36,25,117.28,149,31.72,0
e2-nio-100,binary,100,bot_31,3607,w,29,24.8,25,137.2,159,21.8,0
e2-nio-100,binary,100,bot_31,3607,w,31,20.93,25,159.37,176,16.63,0
e2-nio-100,binary,100,bot_31,3607,w,33,13.61,25,146.73,162,15.27,0
e2-nio-100,binary,100,bot_31,3607,w,35,82.55,25,107.49,182,74.51,0
e2-nio-100,binary,100,bot_31,3607,w,37,108,25,105.43,187,81.57,0
e2-nio-100,binary,100,bot_31,3607,w,39,79.76,25,88.05,155,66.95,0
e2-nio-100,binary,100,bot_31,3607,w,41,74.03,25,100.35,149,48.65,0
e2-nio-100,binary,100,bot_31,3607,w,43,46.9,25,169.04,240,70.96,0
e2-nio-100,binary,100,bot_31,3607,w,45,64.87,25,159.7,223,63.3,0
e2-nio-100,binary,100,bot_31,3607,w,47,60.68,25,179.94,231,51.06,0
e2-nio-100,binary,100,bot_31,3607,w,49,45.6,25,171.5,210,38.5,0
e2-nio-100,binary,100,bot_31,3607,w,51,50.66,25,191.97,229,37.03,0
e2-nio-100,binary,100,bot_31,3607,w,53,40.01,25,192.59,240,47.41,0
e2-nio-100,binary,100,bot_31,3607,w,55,48.33,25,214.53,254,39.47,0
e2-nio-100,binary,100,bot_31,3607,w,57,25.39,25,187.27,205,17.73,0
e2-nio-100,binary,100,bot_31,3607,w,59,26.62,25,199.15,226,26.85,0
e2-nio-100,binary,100,bot_32,3607,b,2,12.25,25,72.54,76,3.46,0
e2-nio-100,binary,100,bot_32,3607,b,4,6.65,25,56.85,67,10.15,0
e2-nio-100,binary,100,bot_32,3607,b,6,14.04,25,56.54,66,9.46,0
e2-nio-100,binary,100,bot_32,3607,b,8,10.2,25,58.64,67,8.36,0
e2-nio-100,binary,100,bot_32,3607,b,10,6.48,25,75.36,78,2.64,0
e2-nio-100,binary,100,bot_32,3607,b,12,7.73,25,53.05,79,25.95,0
e2-nio-100,binary,100,bot_32,3607,b,14,26.94,25,69.29,105,35.71,0
e2-nio-100,binary,100,bot_32,3607,b,16,24.65,25,80.01,104,23.99,0
e2-nio-100,binary,100,bot_32,3607,b,18,8.79,25,71.51,128,56.49,0
e2-nio-100,binary,100,bot_32,3607,b,20,41.37,25,114.5,120,5.5,0
e2-nio-100,binary,100,bot_32,3607,b,22,37.94,25,77.45,112,34.55,0
e2-nio-100,binary,100,bot_32,3607,b,24,31.13,25,93.7,127,33.3,0
e2-nio-100,binary,100,bot_32,3607,b,26,36.05,25,108.45,134,25.55,0
e2-nio-100,binary,100,bot_32,3607,b,28,25.88,25,106.36,130,23.64,0
e2-nio-100,binary,100,bot_32,3607,b,30,19.83,25,145.07,168,22.93,0
e2-nio-100,binary,100,bot_32,3607,b,32,18.58,25,165.47,183,17.53,0
e2-nio-100,binary,100,bot_32,3607,b,34,78.92,25,170.86,181,10.14,0
e2-nio-100,binary,100,bot_32,3607,b,36,85.97,25,104.09,184,79.91,0
e2-nio-100,binary,100,bot_32,3607,b,38,71.31,25,105.16,210,104.84,0
e2-nio-100,binary,100,bot_32,3607,b,40,53.33,25,106.39,183,76.61,0
e2-nio-100,binary,100,bot_32,3607,b,42,85.66,25,146.25,218,71.75,0
e2-nio-100,binary,100,bot_32,3607,b,44,78.51,25,125.85,160,34.15,0
e2-nio-100,binary,100,bot_32,3607,b,46,66.37,25,167.83,218,50.17,0
e2-nio-100,binary,100,bot_32,3607,b,48,53.38,25,144.82,192,47.18,0
e2-nio-100,binary,100,bot_32,3607,b,50,52.41,25,178.73,211,32.27,0
e2-nio-100,binary,100,bot_32,3607,b,52,63.08,25,204.01,240,35.99,0
e2-nio-100,binary,100,bot_32,3607,b,54,54.04,25,211.47,237,25.53,0
e2-nio-100,binary,100,bot_32,3607,b,56,33.4,25,194.42,229,34.58,0
e2-nio-100,binary,100,bot_32,3607,b,58,41.79,25,199.22,211,11.78,0
e2-nio-100,binary,100,bot_32,3607,b,60,30.3,25,183.84,197,13.16,0
e2-nio-100,binary,100,bot_33,3608,w,1,5.34,25,73.29,66,-7.29,0
e2-nio-100,binary,100,bot_33,3608,w,3,5.42,25,58.04,57,-1.04,0
e2-nio-100,binary,100,bot_33,3608,w,5,12.69,25,57.81,59,1.19,0
e2-nio-100,binary,100,bot_33,3608,w,7,8.14,25,60.74,62,1.26,0
e2-nio-100,binary,100,bot_33,3608,w,9,38.28,25,77.71,74,-3.71,0
e2-nio-100,binary,100,bot_33,3608,w,11,5.42,25,54.89,70,15.11,0
e2-nio-100,binary,100,bot_33,3608,w,13,24.71,25,71.41,98,26.59,0
e2-nio-100,binary,100,bot_33,3608,w,15,23.27,25,81.41,95,13.59,0
e2-nio-100,binary,100,bot_33,3608,w,17,7.32,25,72.89,118,45.11,0
e2-nio-100,binary,100,bot_33,3608,w,19,40.13,25,76.9,112,35.1,0
e2-nio-100,binary,100,bot_33,3608,w,21,37.49,25,77.91,103,25.09,0
e2-nio-100,binary,100,bot_33,3608,w,23,29.75,25,95.07,119,23.93,0
e2-nio-100,binary,100,bot_33,3608,w,25,33.79,25,110.72,127,16.28,0
e2-nio-100,binary,100,bot_33,3608,w,27,24.55,25,107.64,122,14.36,0
e2-nio-100,binary,100,bot_33,3608,w,29,17.44,25,147.35,159,11.65,0
e2-nio-100,binary,100,bot_33,3608,w,31,15.77,25,168.35,177,8.65,0
e2-nio-100,binary,100,bot_33,3608,w,33,69.39,25,103.68,183,79.32,0
e2-nio-100,binary,100,bot_33,3608,w,35,81.62,25,108.3,175,66.7,0
e2-nio-100,binary,100,bot_33,3608,w,37,67.94,25,108.53,196,87.47,0
e2-nio-100,binary,100,bot_33,3608,w,39,49.43,25,110.22,175,64.78,0
e2-nio-100,binary,100,bot_33,3608,w,41,79.39,25,151.77,209,57.23,0
e2-nio-100,binary,100,bot_33,3608,w,43,75.24,25,129.07,155,25.93,0
e2-nio-100,binary,100,bot_33,3608,w,45,64.41,25,169.74,212,42.26,0
e2-nio-100,binary,100,bot_33,3608,w,47,51.36,25,146.8,186,39.2,0
e2-nio-100,binary,100,bot_33,3608,w,49,50.87,25,180.34,204,23.66,0
e2-nio-100,binary,100,bot_33,3608,w,51,60.79,25,206.38,233,26.62,0
e2-nio-100,binary,100,bot_33,3608,w,53,50.9,25,214.51,233,18.49,0
e2-nio-100,binary,100,bot_33,3608,w,55,31.05,25,196.63,223,26.37,0
e2-nio-100,binary,100,bot_33,3608,w,57,38.63,25,202.46,207,4.54,0
e2-nio-100,binary,100,bot_33,3608,w,59,28.26,25,185.9,190,4.1,0
e2-nio-100,binary,100,bot_34,3608,b,2,11.76,25,61.4,66,4.6,0
e2-nio-100,binary,100,bot_34,3608,b,4,10.92,25,61.07,64,2.93,0
e2-nio-100,binary,100,bot_34,3608,b,6,10.67,25,73.25,83,9.75,0
e2-nio-100,binary,100,bot_34,3608,b,8,4.81,25,67.61,72,4.39,0
e2-nio-100,binary,100,bot_34,3608,b,10,24.83,25,57.6,94,36.4,0
e2-nio-100,binary,100,bot_34,3608,b,12,36.74,25,83.71,86,2.29,0
e2-nio-100,binary,100,bot_34,3608,b,14,22.98,25,70.97,94,23.03,0
e2-nio-100,binary,100,bot_34,3608,b,16,54.72,25,112.41,133,20.59,0
e2-nio-100,binary,100,bot_34,3608,b,18,45.6,25,113.95,119,5.05,0
e2-nio-100,binary,100,bot_34,3608,b,20,34.85,25,81.83,119,37.17,0
e2-nio-100,binary,100,bot_34,3608,b,22,32.75,25,93.41,129,35.59,0
e2-nio-100,binary,100,bot_34,3608,b,24,25.8,25,85.1,113,27.9,0
e2-nio-100,binary,100,bot_34,3608,b,26,23.35,25,119.36,151,31.64,0
e2-nio-100,binary,100,bot_34,3608,b,28,21.06,25,141.07,163,21.93,0
e2-nio-100,binary,100,bot_34,3608,b,30,17.47,25,162.72,178,15.28,0
e2-nio-100,binary,100,bot_34,3608,b,32,89.02,25,149.36,162,12.64,0
e2-nio-100,binary,100,bot_34,3608,b,34,77.48,25,111.83,179,67.17,0
e2-nio-100,binary,100,bot_34,3608,b,36,97.1,25,116.8,196,79.2,0
e2-nio-100,binary,100,bot_34,3608,b,38,74.6,25,92.59,158,65.41,0
e2-nio-100,binary,100,bot_34,3608,b,40,67,25,108.08,155,46.92,0
e2-nio-100,binary,100,bot_34,3608,b,42,45.14,25,170.64,237,66.36,0
e2-nio-100,binary,100,bot_34,3608,b,44,62.28,25,162.36,224,61.64,0
e2-nio-100,binary,100,bot_34,3608,b,46,57.52,25,183.19,234,50.81,0
e2-nio-100,binary,100,bot_34,3608,b,48,42.88,25,173.92,212,38.08,0
e2-nio-100,binary,100,bot_34,3608,b,50,46.17,25,196.21,234,37.79,0
e2-nio-100,binary,100,bot_34,3608,b,52,36.92,25,195.72,242,46.28,0
e2-nio-100,binary,100,bot_34,3608,b,54,46.4,25,216.89,255,38.11,0
e2-nio-100,binary,100,bot_34,3608,b,56,23.22,25,189.45,207,17.55,0
e2-nio-100,binary,100,bot_34,3608,b,58,23.33,25,202.21,226,23.79,0
e2-nio-100,binary,100,bot_34,3608,b,60,18.41,25,191.64,206,14.36,0
e2-nio-100,binary,100,bot_35,3609,w,1,5.82,25,55.64,57,1.36,0
e2-nio-100,binary,100,bot_35,3609,w,3,6.76,25,60.3,68,7.7,0
e2-nio-100,binary,100,bot_35,3609,w,5,8.27,25,61.91,68,6.09,0
e2-nio-100,binary,100,bot_35,3609,w,7,9.73,25,64.92,73,8.08,0
e2-nio-100,binary,100,bot_35,3609,w,9,29.97,25,72.6,89,16.4,0
e2-nio-100,binary,100,bot_35,3609,w,11,20.76,25,59.16,80,20.84,0
e2-nio-100,binary,100,bot_35,3609,w,13,21.62,25,74.49,104,29.51,0
e2-nio-100,binary,100,bot_35,3609,w,15,18.9,25,85.75,102,16.25,0
e2-nio-100,binary,100,bot_35,3609,w,17,43.74,25,74.29,117,42.71,0
e2-nio-100,binary,100,bot_35,3609,w,19,38.3,25,77.66,111,33.34,0
e2-nio-100,binary,100,bot_35,3609,w,21,35.41,25,79.66,110,30.34,0
e2-nio-100,binary,100,bot_35,3609,w,23,27.74,25,96.98,120,23.02,0
e2-nio-100,binary,100,bot_35,3609,w,25,31.09,25,113.57,133,19.43,0
e2-nio-100,binary,100,bot_35,3609,w,27,22.41,25,109.61,128,18.39,0
e2-nio-100,binary,100,bot_35,3609,w,29,14.4,25,150.08,165,14.92,0
e2-nio-100,binary,100,bot_35,3609,w,31,85.89,25,171.52,180,8.48,0
e2-nio-100,binary,100,bot_35,3609,w,33,67.38,25,104.6,177,72.4,0
e2-nio-100,binary,100,bot_35,3609,w,35,77.67,25,111.81,180,68.19,0
e2-nio-100,binary,100,bot_35,3609,w,37,65.1,25,111.2,196,84.8,0
e2-nio-100,binary,100,bot_35,3609,w,39,46.32,25,113.24,180,66.76,0
e2-nio-100,binary,100,bot_35,3609,w,41,73.32,25,157.53,216,58.47,0
e2-nio-100,binary,100,bot_35,3609,w,43,73.29,25,130.86,161,30.14,0
e2-nio-100,binary,100,bot_35,3609,w,45,62.21,25,171.83,217,45.17,0
e2-nio-100,binary,100,bot_35,3609,w,47,49.98,25,148.13,187,38.87,0
e2-nio-100,binary,100,bot_35,3609,w,49,48.57,25,182.76,209,26.24,0
e2-nio-100,binary,100,bot_35,3609,w,51,58.23,25,209.08,236,26.92,0
e2-nio-100,binary,100,bot_35,3609,w,53,47.85,25,217.38,238,20.62,0
e2-nio-100,binary,100,bot_35,3609,w,55,29.61,25,197.77,228,30.23,0
e2-nio-100,binary,100,bot_35,3609,w,57,35.02,25,206.23,215,8.77,0
e2-nio-100,binary,100,bot_35,3609,w,59,26.98,25,187.17,195,7.83,0
e2-nio-100,binary,100,bot_36,3609,b,2,11.16,25,59.02,63,3.98,0
e2-nio-100,binary,100,bot_36,3609,b,4,7.93,25,60.56,64,3.44,0
e2-nio-100,binary,100,bot_36,3609,b,6,9.76,25,74.06,79,4.94,0
e2-nio-100,binary,100,bot_36,3609,b,8,17.26,25,63.12,70,6.88,0
e2-nio-100,binary,100,bot_36,3609,b,10,22.24,25,59.66,86,26.34,0
e2-nio-100,binary,100,bot_36,3609,b,12,32.22,25,68.7,87,18.3,0
e2-nio-100,binary,100,bot_36,3609,b,14,18.52,25,75.51,94,18.49,0
e2-nio-100,binary,100,bot_36,3609,b,16,46.03,25,121.43,139,17.57,0
e2-nio-100,binary,100,bot_36,3609,b,18,35.48,25,86.59,127,40.41,0
e2-nio-100,binary,100,bot_36,3609,b,20,32.04,25,85.17,121,35.83,0
e2-nio-100,binary,100,bot_36,3609,b,22,26.37,25,99.7,133,33.3,0
e2-nio-100,binary,100,bot_36,3609,b,24,22.02,25,88.99,115,26.01,0
e2-nio-100,binary,100,bot_36,3609,b,26,20.17,25,122.75,151,28.25,0
e2-nio-100,binary,100,bot_36,3609,b,28,17.29,25,145.07,165,19.93,0
e2-nio-100,binary,100,bot_36,3609,b,30,10.82,25,169.43,181,11.57,0
e2-nio-100,binary,100,bot_36,3609,b,32,74.04,25,92.2,175,82.8,0
e2-nio-100,binary,100,bot_36,3609,b,34,70.45,25,118.92,184,65.08,0
e2-nio-100,binary,100,bot_36,3609,b,36,87.25,25,127.23,202,74.77,0
e2-nio-100,binary,100,bot_36,3609,b,38,68.75,25,98.2,160,61.8,0
e2-nio-100,binary,100,bot_36,3609,b,40,60.38,25,115.07,158,42.93,0
e2-nio-100,binary,100,bot_36,3609,b,42,43.19,25,172.59,233,60.41,0
e2-nio-100,binary,100,bot_36,3609,b,44,58.63,25,166.11,226,59.89,0
e2-nio-100,binary,100,bot_36,3609,b,46,53.63,25,187.14,235,47.86,0
e2-nio-100,binary,100,bot_36,3609,b,48,40.35,25,176.31,212,35.69,0
e2-nio-100,binary,100,bot_36,3609,b,50,41.53,25,200.72,236,35.28,0
e2-nio-100,binary,100,bot_36,3609,b,52,34.64,25,197.96,242,44.04,0
e2-nio-100,binary,100,bot_36,3609,b,54,44.63,25,218.81,253,34.19,0
e2-nio-100,binary,100,bot_36,3609,b,56,21.84,25,190.84,206,15.16,0
e2-nio-100,binary,100,bot_36,3609,b,58,21.35,25,204.01,224,19.99,0
e2-nio-100,binary,100,bot_36,3609,b,60,73.74,25,193.96,207,13.04,0
e2-nio-100,binary,100,bot_37,3610,w,1,5.92,25,62.08,54,-8.08,0
e2-nio-100,binary,100,bot_37,3610,w,3,3.43,25,65.22,57,-8.22,0
e2-nio-100,binary,100,bot_37,3610,w,5,5.89,25,77.96,75,-2.96,0
e2-nio-100,binary,100,bot_37,3610,w,7,9.98,25,67.85,64,-3.85,0
e2-nio-100,binary,100,bot_37,3610,w,9,18.27,25,63.55,80,16.45,0
e2-nio-100,binary,100,bot_37,3610,w,11,25.22,25,75.85,82,6.15,0
e2-nio-100,binary,100,bot_37,3610,w,13,11.17,25,82.91,88,5.09,0
e2-nio-100,binary,100,bot_37,3610,w,15,41.4,25,126.25,129,2.75,0
e2-nio-100,binary,100,bot_37,3610,w,17,28.41,25,93.22,115,21.78,0
e2-nio-100,binary,100,bot_37,3610,w,19,26.09,25,91.77,116,24.23,0
e2-nio-100,binary,100,bot_37,3610,w,21,19.28,25,106.34,125,18.66,0
e2-nio-100,binary,100,bot_37,3610,w,23,15.32,25,95.72,108,12.28,0
e2-nio-100,binary,100,bot_37,3610,w,25,14.8,25,127.95,137,9.05,0
e2-nio-100,binary,100,bot_37,3610,w,27,68.83,25,101.07,169,67.93,0
e2-nio-100,binary,100,bot_37,3610,w,29,74.58,25,116.02,179,62.98,0
e2-nio-100,binary,100,bot_37,3610,w,31,63.08,25,102.61,154,51.39,0
e2-nio-100,binary,100,bot_37,3610,w,33,52.79,25,136.29,177,40.71,0
e2-nio-100,binary,100,bot_37,3610,w,35,59.17,25,156.31,206,49.69,0
e2-nio-100,binary,100,bot_37,3610,w,37,42.21,25,123.41,168,44.59,0
e2-nio-100,binary,100,bot_37,3610,w,39,35.92,25,141.5,165,23.5,0
e2-nio-100,binary,100,bot_37,3610,w,41,38.73,25,177.06,207,29.94,0
e2-nio-100,binary,100,bot_37,3610,w,43,51.64,25,173.16,224,50.84,0
e2-nio-100,binary,100,bot_37,3610,w,45,49.37,25,190.85,230,39.15,0
e2-nio-100,binary,100,bot_37,3610,w,47,37.62,25,178.94,206,27.06,0
e2-nio-100,binary,100,bot_37,3610,w,49,38.25,25,203.91,231,27.09,0
e2-nio-100,binary,100,bot_37,3610,w,51,32.71,25,199.84,235,35.16,0
e2-nio-100,binary,100,bot_37,3610,w,53,42.07,25,221.42,244,22.58,0
e2-nio-100,binary,100,bot_37,3610,w,55,19.74,25,192.9,200,7.1,0
e2-nio-100,binary,100,bot_37,3610,w,57,19.06,25,204.65,216,11.35,0
e2-nio-100,binary,100,bot_37,3610,w,59,55.49,25,132.44,217,84.56,0
e2-nio-100,binary,100,bot_38,3610,b,2,2.38,25,63.3,66,2.7,0
e2-nio-100,binary,100,bot_38,3610,b,4,5.07,25,64.71,65,0.29,0
e2-nio-100,binary,100,bot_38,3610,b,6,5.45,25,71.88,75,3.12,0
e2-nio-100,binary,100,bot_38,3610,b,8,26.29,25,76.33,83,6.67,0
e2-nio-100,binary,100,bot_38,3610,b,10,16.16,25,64.04,78,13.96,0
e2-nio-100,binary,100,bot_38,3610,b,12,14.78,25,81.11,102,20.89,0
e2-nio-100,binary,100,bot_38,3610,b,14,11.98,25,93.22,101,7.78,0
e2-nio-100,binary,100,bot_38,3610,b,16,31.51,25,86.56,125,38.44,0
e2-nio-100,binary,100,bot_38,3610,b,18,32.62,25,82.98,108,25.02,0
e2-nio-100,binary,100,bot_38,3610,b,20,27.79,25,86.95,111,24.05,0
e2-nio-100,binary,100,bot_38,3610,b,22,20.8,25,103.85,120,16.15,0
e2-nio-100,binary,100,bot_38,3610,b,24,17.79,25,127.89,140,12.11,0
e2-nio-100,binary,100,bot_38,3610,b,26,77.43,25,121.03,134,12.97,0
e2-nio-100,binary,100,bot_38,3610,b,28,71.67,25,97.24,163,65.76,0
e2-nio-100,binary,100,bot_38,3610,b,30,60,25,110.62,182,71.38,0
e2-nio-100,binary,100,bot_38,3610,b,32,50.95,25,121.15,181,59.85,0
e2-nio-100,binary,100,bot_38,3610,b,34,59.32,25,128.81,179,50.19,0
e2-nio-100,binary,100,bot_38,3610,b,36,53.06,25,123.58,179,55.42,0
e2-nio-100,binary,100,bot_38,3610,b,38,32.18,25,127.29,166,38.71,0
e2-nio-100,binary,100,bot_38,3610,b,40,49.68,25,177.72,211,33.28,0
e2-nio-100,binary,100,bot_38,3610,b,42,70.24,25,133.79,157,23.21,0
e2-nio-100,binary,100,bot_38,3610,b,44,59.22,25,175.2,212,36.8,0
e2-nio-100,binary,100,bot_38,3610,b,46,46.73,25,151.33,187,35.67,0
e2-nio-100,binary,100,bot_38,3610,b,48,47.01,25,184.58,208,23.42,0
e2-nio-100,binary,100,bot_38,3610,b,50,54.55,25,213.08,236,22.92,0
e2-nio-100,binary,100,bot_38,3610,b,52,41.3,25,223.79,242,18.21,0
e2-nio-100,binary,100,bot_38,3610,b,54,26.7,25,200.48,227,26.52,0
e2-nio-100,binary,100,bot_38,3610,b,56,31.29,25,211.86,218,6.14,0
e2-nio-100,binary,100,bot_38,3610,b,58,103.63,25,191.39,195,3.61,0
e2-nio-100,binary,100,bot_38,3610,b,60,67.51,25,132.86,174,41.14,0
e2-nio-100,binary,100,bot_39,3611,w,1,8.59,25,55.19,68,12.81,0
e2-nio-100,binary,100,bot_39,3611,w,3,16.88,25,60.94,65,4.06,0
e2-nio-100,binary,100,bot_39,3611,w,5,13.3,25,55.23,67,11.77,0
e2-nio-100,binary,100,bot_39,3611,w,7,8.75,25,72.9,77,4.1,0
e2-nio-100,binary,100,bot_39,3611,w,9,5.24,25,68.61,71,2.39,0
e2-nio-100,binary,100,bot_39,3611,w,11,29.23,25,68.75,108,39.25,0
e2-nio-100,binary,100,bot_39,3611,w,13,26.77,25,77.58,102,24.42,0
e2-nio-100,binary,100,bot_39,3611,w,15,12.03,25,68.28,128,59.72,0
e2-nio-100,binary,100,bot_39,3611,w,17,43.41,25,112.68,120,7.32,0
e2-nio-100,binary,100,bot_39,3611,w,19,40.09,25,75.27,111,35.73,0
e2-nio-100,binary,100,bot_39,3611,w,21,32.15,25,92.58,127,34.42,0
e2-nio-100,binary,100,bot_39,3611,w,23,37.92,25,106.69,133,26.31,0
e2-nio-100,binary,100,bot_39,3611,w,25,27.34,25,104.88,129,24.13,0
e2-nio-100,binary,100,bot_39,3611,w,27,21.07,25,143.96,167,23.04,0
e2-nio-100,binary,100,bot_39,3611,w,29,20.33,25,163.48,184,20.52,0
e2-nio-100,binary,100,bot_39,3611,w,31,9.84,25,169.9,181,11.1,0
e2-nio-100,binary,100,bot_39,3611,w,33,90.6,25,99.86,192,92.14,0
e2-nio-100,binary,100,bot_39,3611,w,35,74.78,25,101.69,210,108.31,0
e2-nio-100,binary,100,bot_39,3611,w,37,56.26,25,103.39,183,79.61,0
e2-nio-100,binary,100,bot_39,3611,w,39,93.5,25,141.11,218,76.89,0
e2-nio-100,binary,100,bot_39,3611,w,41,68.61,25,135.32,159,23.68,0
e2-nio-100,binary,100,bot_39,3611,w,43,56.59,25,177.75,215,37.25,0
e2-nio-100,binary,100,bot_39,3611,w,45,46.3,25,151.7,187,35.3,0
e2-nio-100,binary,100,bot_39,3611,w,47,45.97,25,185.7,209,23.3,0
e2-nio-100,binary,100,bot_39,3611,w,49,51.59,25,216.14,238,21.86,0
e2-nio-100,binary,100,bot_39,3611,w,51,38.61,25,226.41,244,17.59,0
e2-nio-100,binary,100,bot_39,3611,w,53,25.18,25,201.93,229,27.07,0
e2-nio-100,binary,100,bot_39,3611,w,55,29.1,25,214.14,219,4.86,0
e2-nio-100,binary,100,bot_39,3611,w,57,102.61,25,192.53,196,3.47,0
e2-nio-100,binary,100,bot_39,3611,w,59,64.38,25,136.09,177,40.91,0
e2-nio-100,binary,100,bot_40,3611,b,2,5.45,25,58.5,61,2.5,0
e2-nio-100,binary,100,bot_40,3611,b,4,14.72,25,69.59,80,10.41,0
e2-nio-100,binary,100,bot_40,3611,b,6,7.55,25,65.52,73,7.48,0
e2-nio-100,binary,100,bot_40,3611,b,8,5.22,25,85.32,88,2.68,0
e2-nio-100,binary,100,bot_40,3611,b,10,44.38,25,86.66,88,1.34,0
e2-nio-100,binary,100,bot_40,3611,b,12,27.05,25,66.92,91,24.08,0
e2-nio-100,binary,100,bot_40,3611,b,14,62.41,25,104.58,125,20.42,0
e2-nio-100,binary,100,bot_40,3611,b,16,11.13,25,109.62,116,6.38,0
e2-nio-100,binary,100,bot_40,3611,b,18,38.4,25,78.16,116,37.84,0
e2-nio-100,binary,100,bot_40,3611,b,20,38.36,25,87.88,123,35.12,0
e2-nio-100,binary,100,bot_40,3611,b,22,29.42,25,81.07,108,26.93,0
e2-nio-100,binary,100,bot_40,3611,b,24,26.32,25,116.33,148,31.67,0
e2-nio-100,binary,100,bot_40,3611,b,26,26.59,25,135.37,157,21.63,0
e2-nio-100,binary,100,bot_40,3611,b,28,23.44,25,156.92,172,15.08,0
e2-nio-100,binary,100,bot_40,3611,b,30,15.34,25,145.04,160,14.96,0
e2-nio-100,binary,100,bot_40,3611,b,32,95.4,25,163.77,169,5.23,0
e2-nio-100,binary,100,bot_40,3611,b,34,112.96,25,100.59,185,84.41,0
e2-nio-100,binary,100,bot_40,3611,b,36,82.05,25,85.99,156,70.01,0
e2-nio-100,binary,100,bot_40,3611,b,38,77.52,25,96.72,148,51.28,0
e2-nio-100,binary,100,bot_40,3611,b,40,38.31,25,177.92,252,74.08,0
e2-nio-100,binary,100,bot_40,3611,b,42,50.69,25,174.17,225,50.83,0
e2-nio-100,binary,100,bot_40,3611,b,44,48.35,25,192.05,232,39.95,0
e2-nio-100,binary,100,bot_40,3611,b,46,36.55,25,179.82,209,29.18,0
e2-nio-100,binary,100,bot_40,3611,b,48,36.3,25,205.6,235,29.4,0
e2-nio-100,binary,100,bot_40,3611,b,50,31.34,25,201.14,236,34.86,0
e2-nio-100,binary,100,bot_40,3611,b,52,41.97,25,222.4,245,22.6,0
e2-nio-100,binary,100,bot_40,3611,b,54,18.32,25,194.27,203,8.73,0
e2-nio-100,binary,100,bot_40,3611,b,56,17.89,25,205.53,217,11.47,0
e2-nio-100,binary,100,bot_40,3611,b,58,54.85,25,132.76,218,85.24,0
e2-nio-100,binary,100,bot_40,3611,b,60,44,25,135.65,185,49.35,0
e2-nio-100,binary,100,bot_41,3612,w,1,6.3,25,53.04,58,4.96,0
e2-nio-100,binary,100,bot_41,3612,w,3,12.94,25,61.56,64,2.44,0
e2-nio-100,binary,100,bot_41,3612,w,5,8.63,25,53.84,74,20.16,0
e2-nio-100,binary,100,bot_41,3612,w,7,22.85,25,79.96,85,5.04,0
e2-nio-100,binary,100,bot_41,3612,w,9,12.35,25,67.66,77,9.34,0
e2-nio-100,binary,100,bot_41,3612,w,11,12.07,25,83.74,101,17.26,0
e2-nio-100,binary,100,bot_41,3612,w,13,9.48,25,96.04,102,5.96,0
e2-nio-100,binary,100,bot_41,3612,w,15,26.38,25,91.65,126,34.35,0
e2-nio-100,binary,100,bot_41,3612,w,17,28.6,25,86.98,108,21.02,0
e2-nio-100,binary,100,bot_41,3612,w,19,20.81,25,93.73,113,19.27,0
e2-nio-100,binary,100,bot_41,3612,w,21,15.57,25,109.07,120,10.93,0
e2-nio-100,binary,100,bot_41,3612,w,23,71.65,25,134.66,141,6.34,0
e2-nio-100,binary,100,bot_41,3612,w,25,59.94,25,82.69,132,49.31,0
e2-nio-100,binary,100,bot_41,3612,w,27,59.56,25,109.74,170,60.26,0
e2-nio-100,binary,100,bot_41,3612,w,29,49.23,25,121.55,184,62.45,0
e2-nio-100,binary,100,bot_41,3612,w,31,41.68,25,130.72,185,54.28,0
e2-nio-100,binary,100,bot_41,3612,w,33,44.97,25,142.86,185,42.14,0
e2-nio-100,binary,100,bot_41,3612,w,35,43.2,25,134.76,184,49.24,0
e2-nio-100,binary,100,bot_41,3612,w,37,23.82,25,135.89,169,33.11,0
e2-nio-100,binary,100,bot_41,3612,w,39,35.4,25,191.8,220,28.2,0
e2-nio-100,binary,100,bot_41,3612,w,41,65.08,25,138.32,161,22.68,0
e2-nio-100,binary,100,bot_41,3612,w,43,53.16,25,181.07,215,33.93,0
e2-nio-100,binary,100,bot_41,3612,w,45,42.68,25,155.27,186,30.73,0
e2-nio-100,binary,100,bot_41,3612,w,47,43.11,25,188.73,208,19.27,0
e2-nio-100,binary,100,bot_41,3612,w,49,48.93,25,218.97,239,20.03,0
e2-nio-100,binary,100,bot_41,3612,w,51,34.73,25,230.1,245,14.9,0
e2-nio-100,binary,100,bot_41,3612,w,53,23.01,25,203.18,224,20.82,0
e2-nio-100,binary,100,bot_41,3612,w,55,25.97,25,217.4,219,1.6,0
e2-nio-100,binary,100,bot_41,3612,w,57,80.34,25,158.26,217,58.74,0
e2-nio-100,binary,100,bot_41,3612,w,59,62.81,25,137.91,176,38.09,0
e2-nio-100,binary,100,bot_42,3612,b,2,5.3,25,52.38,58,5.62,0
e2-nio-100,binary,100,bot_42,3612,b,4,24.66,25,71.14,79,7.86,0
e2-nio-100,binary,100,bot_42,3612,b,6,6.68,25,60.86,68,7.14,0
e2-nio-100,binary,100,bot_42,3612,b,8,14.29,25,67.65,87,19.35,0
e2-nio-100,binary,100,bot_42,3612,b,10,21.22,25,79.89,90,10.11,0
e2-nio-100,binary,100,bot_42,3612,b,12,8.8,25,85.31,95,9.69,0
e2-nio-100,binary,100,bot_42,3612,b,14,36.84,25,131.02,137,5.98,0
e2-nio-100,binary,100,bot_42,3612,b,16,24.2,25,97.02,120,22.98,0
e2-nio-100,binary,100,bot_42,3612,b,18,22.17,25,96.18,122,25.82,0
e2-nio-100,binary,100,bot_42,3612,b,20,14.23,25,111.21,128,16.79,0
e2-nio-100,binary,100,bot_42,3612,b,22,10.81,25,100.26,113,12.74,0
e2-nio-100,binary,100,bot_42,3612,b,24,53.31,25,86.04,155,68.96,0
e2-nio-100,binary,100,bot_42,3612,b,26,63.73,25,104.97,163,58.03,0
e2-nio-100,binary,100,bot_42,3612,b,28,66.15,25,124.32,182,57.68,0
e2-nio-100,binary,100,bot_42,3612,b,30,57.4,25,108.16,155,46.84,0
e2-nio-100,binary,100,bot_42,3612,b,32,44.8,25,143.96,182,38.04,0
e2-nio-100,binary,100,bot_42,3612,b,34,51.61,25,163.57,205,41.43,0
e2-nio-100,binary,100,bot_42,3612,b,36,35.62,25,128.59,169,40.41,0
e2-nio-100,binary,100,bot_42,3612,b,38,30.99,25,146.87,167,20.13,0
e2-nio-100,binary,100,bot_42,3612,b,40,36.01,25,179.91,201,21.09,0
e2-nio-100,binary,100,bot_42,3612,b,42,47.95,25,176.78,227,50.22,0
e2-nio-100,binary,100,bot_42,3612,b,44,46.29,25,194.54,233,38.46,0
e2-nio-100,binary,100,bot_42,3612,b,46,34.29,25,181.9,210,28.1,0
e2-nio-100,binary,100,bot_42,3612,b,48,33.52,25,208.16,236,27.84,0
e2-nio-100,binary,100,bot_42,3612,b,50,28.85,25,203.68,238,34.32,0
e2-nio-100,binary,100,bot_42,3612,b,52,35.95,25,228.73,249,20.27,0
e2-nio-100,binary,100,bot_42,3612,b,54,15.08,25,197.58,206,8.42,0
e2-nio-100,binary,100,bot_42,3612,b,56,72.73,25,208.26,218,9.74,0
e2-nio-100,binary,100,bot_42,3612,b,58,52.35,25,134.45,200,65.55,0
e2-nio-100,binary,100,bot_42,3612,b,60,39.94,25,139.99,188,48.01,0
e2-nio-100,binary,100,bot_43,3613,w,1,9.95,25,54.67,63,8.33,0
e2-nio-100,binary,100,bot_43,3613,w,3,14.79,25,65.33,68,2.67,0
e2-nio-100,binary,100,bot_43,3613,w,5,18.75,25,69.82,71,1.18,0
e2-nio-100,binary,100,bot_43,3613,w,7,11.14,25,79.69,91,11.31,0
e2-nio-100,binary,100,bot_43,3613,w,9,16.62,25,75.84,81,5.16,0
e2-nio-100,binary,100,bot_43,3613,w,11,13.53,25,83.17,90,6.83,0
e2-nio-100,binary,100,bot_43,3613,w,13,95.29,25,102.75,107,4.25,0
e2-nio-100,binary,100,bot_43,3613,w,15,26.73,25,93.87,112,18.13,0
e2-nio-100,binary,100,bot_43,3613,w,17,48.85,25,67.33,114,46.67,0
e2-nio-100,binary,100,bot_43,3613,w,19,55.89,25,70.22,116,45.78,0
e2-nio-100,binary,100,bot_43,3613,w,21,40.8,25,69.65,111,41.35,0
e2-nio-100,binary,100,bot_43,3613,w,23,40.57,25,102.07,148,45.93,0
e2-nio-100,binary,100,bot_43,3613,w,25,44.89,25,116.86,148,31.14,0
e2-nio-100,binary,100,bot_43,3613,w,27,43.5,25,137.47,171,33.53,0
e2-nio-100,binary,100,bot_43,3613,w,29,29.19,25,132.03,162,29.97,0
e2-nio-100,binary,100,bot_43,3613,w,31,29.11,25,145.17,171,25.83,0
e2-nio-100,binary,100,bot_43,3613,w,33,21.2,25,162.51,184,21.49,0
e2-nio-100,binary,100,bot_43,3613,w,35,10.12,25,147.4,157,9.6,0
e2-nio-100,binary,100,bot_43,3613,w,37,107.63,25,139.53,148,8.47,0
e2-nio-100,binary,100,bot_43,3613,w,39,84.73,25,135.76,235,99.24,0
e2-nio-100,binary,100,bot_43,3613,w,41,96.57,25,127.27,224,96.73,0
e2-nio-100,binary,100,bot_43,3613,w,43,105.97,25,133.48,214,80.52,0
e2-nio-100,binary,100,bot_43,3613,w,45,83.29,25,133.61,199,65.39,0
e2-nio-100,binary,100,bot_43,3613,w,47,91.66,25,152.13,215,62.87,0
e2-nio-100,binary,100,bot_43,3613,w,49,70.87,25,160.46,241,80.54,0
e2-nio-100,binary,100,bot_43,3613,w,51,82.81,25,174.94,252,77.06,0
e2-nio-100,binary,100,bot_43,3613,w,53,52.01,25,160.45,205,44.55,0
e2-nio-100,binary,100,bot_43,3613,w,55,55.05,25,172.36,223,50.64,0
e2-nio-100,binary,100,bot_43,3613,w,57,38.72,25,173.81,213,39.19,0
e2-nio-100,binary,100,bot_43,3613,w,59,40.47,25,160.24,179,18.76,0
e2-nio-100,binary,100,bot_44,3613,b,2,7.47,25,56.11,62,5.89,0
e2-nio-100,binary,100,bot_44,3613,b,4,5.1,25,65.13,75,9.87,0
e2-nio-100,binary,100,bot_44,3613,b,6,16.39,25,65.66,82,16.34,0
e2-nio-100,binary,100,bot_44,3613,b,8,9.68,25,64.07,71,6.93,0
e2-nio-100,binary,100,bot_44,3613,b,10,11,25,92.67,106,13.33,0
e2-nio-100,binary,100,bot_44,3613,b,12,9.77,25,91.79,101,9.21,0
e2-nio-100,binary,100,bot_44,3613,b,14,23.41,25,57.74,150,92.26,0
e2-nio-100,binary,100,bot_44,3613,b,16,50.78,25,106.27,129,22.73,0
e2-nio-100,binary,100,bot_44,3613,b,18,49.69,25,66.16,112,45.84,0
e2-nio-100,binary,100,bot_44,3613,b,20,45.71,25,79.07,131,51.93,0
e2-nio-100,binary,100,bot_44,3613,b,22,51,25,92.97,130,37.03,0
e2-nio-100,binary,100,bot_44,3613,b,24,35.23,25,97.13,134,36.87,0
e2-nio-100,binary,100,bot_44,3613,b,26,36.66,25,128.76,169,40.24,0
e2-nio-100,binary,100,bot_44,3613,b,28,33.51,25,148.47,188,39.53,0
e2-nio-100,binary,100,bot_44,3613,b,30,30.61,25,149.75,175,25.25,0
e2-nio-100,binary,100,bot_44,3613,b,32,25.35,25,157.42,183,25.58,0
e2-nio-100,binary,100,bot_44,3613,b,34,13.37,25,202.41,219,16.59,0
e2-nio-100,binary,100,bot_44,3613,b,36,11.84,25,165.26,171,5.74,0
e2-nio-100,binary,100,bot_44,3613,b,38,113.89,25,114.03,218,103.97,0
e2-nio-100,binary,100,bot_44,3613,b,40,110.27,25,93.8,164,70.2,0
e2-nio-100,binary,100,bot_44,3613,b,42,94.55,25,140.27,223,82.73,0
e2-nio-100,binary,100,bot_44,3613,b,44,77.81,25,122.9,215,92.1,0
e2-nio-100,binary,100,bot_44,3613,b,46,75.77,25,153.65,222,68.35,0
e2-nio-100,binary,100,bot_44,3613,b,48,94.6,25,171.32,249,77.68,0
e2-nio-100,binary,100,bot_44,3613,b,50,90.52,25,178.13,235,56.87,0
e2-nio-100,binary,100,bot_44,3613,b,52,58.34,25,174.34,244,69.66,0
e2-nio-100,binary,100,bot_44,3613,b,54,64.24,25,175.36,214,38.64,0
e2-nio-100,binary,100,bot_44,3613,b,56,53.68,25,158.46,200,41.54,0
e2-nio-100,binary,100,bot_44,3613,b,58,33.58,25,157.09,182,24.91,0
e2-nio-100,binary,100,bot_44,3613,b,60,33.45,25,148.72,176,27.28,0
e2-nio-100,binary,100,bot_45,3614,w,1,4.67,25,53.8,68,14.2,0
e2-nio-100,binary,100,bot_45,3614,w,3,23.11,25,81.97,85,3.03,0
e2-nio-100,binary,100,bot_45,3614,w,5,16.14,25,63.5,79,15.5,0
e2-nio-100,binary,100,bot_45,3614,w,7,12.19,25,57.55,79,21.45,0
e2-nio-100,binary,100,bot_45,3614,w,9,8.84,25,99.74,110,10.26,0
e2-nio-100,binary,100,bot_45,3614,w,11,41.74,25,94.02,98,3.98,0
e2-nio-100,binary,100,bot_45,3614,w,13,29.96,25,115.02,151,35.98,0
e2-nio-100,binary,100,bot_45,3614,w,15,34.8,25,95.48,127,31.52,0
e2-nio-100,binary,100,bot_45,3614,w,17,33.75,25,101.24,123,21.76,0
e2-nio-100,binary,100,bot_45,3614,w,19,38.92,25,100.11,129,28.89,0
e2-nio-100,binary,100,bot_45,3614,w,21,28.44,25,99.57,122,22.43,0
e2-nio-100,binary,100,bot_45,3614,w,23,27.13,25,111.88,138,26.12,0
e2-nio-100,binary,100,bot_45,3614,w,25,25.26,25,141.4,163,21.6,0
e2-nio-100,binary,100,bot_45,3614,w,27,21.16,25,170.26,188,17.74,0
e2-nio-100,binary,100,bot_45,3614,w,29,93.54,25,152.48,166,13.52,0
e2-nio-100,binary,100,bot_45,3614,w,31,66.92,25,116.95,191,74.05,0
e2-nio-100,binary,100,bot_45,3614,w,33,60.58,25,157.77,214,56.23,0
e2-nio-100,binary,100,bot_45,3614,w,35,52.91,25,121.5,162,40.5,0
e2-nio-100,binary,100,bot_45,3614,w,37,54.62,25,155.91,194,38.09,0
e2-nio-100,binary,100,bot_45,3614,w,39,33.72,25,144.4,181,36.6,0
e2-nio-100,binary,100,bot_45,3614,w,41,50.37,25,175.38,216,40.62,0
e2-nio-100,binary,100,bot_45,3614,w,43,36.9,25,200.11,216,15.89,0
e2-nio-100,binary,100,bot_45,3614,w,45,36.53,25,190.25,207,16.75,0
e2-nio-100,binary,100,bot_45,3614,w,47,25.1,25,229.94,239,9.06,0
e2-nio-100,binary,100,bot_45,3614,w,49,21.98,25,207.94,214,6.06,0
e2-nio-100,binary,100,bot_45,3614,w,51,10.67,25,255.76,256,0.24,0
e2-nio-100,binary,100,bot_45,3614,w,53,139.54,25,95.61,193,97.39,0
e2-nio-100,binary,100,bot_45,3614,w,55,113.9,25,95.19,198,102.81,0
e2-nio-100,binary,100,bot_45,3614,w,57,88.68,25,104.62,172,67.38,0
e2-nio-100,binary,100,bot_45,3614,w,59,72.48,25,104.3,180,75.7,0
e2-nio-100,binary,100,bot_46,3614,b,2,4.75,25,55.33,55,-0.33,0
e2-nio-100,binary,100,bot_46,3614,b,4,18.19,25,56.59,75,18.41,0
e2-nio-100,binary,100,bot_46,3614,b,6,24.24,25,67.22,79,11.78,0
e2-nio-100,binary,100,bot_46,3614,b,8,12.06,25,66.8,75,8.2,0
e2-nio-100,binary,100,bot_46,3614,b,10,5.5,25,83,86,3,0
e2-nio-100,binary,100,bot_46,3614,b,12,38.5,25,71.69,109,37.31,0
e2-nio-100,binary,100,bot_46,3614,b,14,33.2,25,81.77,106,24.23,0
e2-nio-100,binary,100,bot_46,3614,b,16,22.68,25,75.22,104,28.78,0
e2-nio-100,binary,100,bot_46,3614,b,18,30.96,25,81.15,110,28.85,0
e2-nio-100,binary,100,bot_46,3614,b,20,24.94,25,87.06,121,33.94,0
e2-nio-100,binary,100,bot_46,3614,b,22,28.86,25,121.51,145,23.49,0
e2-nio-100,binary,100,bot_46,3614,b,24,23.68,25,118.42,141,22.58,0
e2-nio-100,binary,100,bot_46,3614,b,26,19.95,25,151.09,172,20.91,0
e2-nio-100,binary,100,bot_46,3614,b,28,16.07,25,154.55,171,16.45,0
e2-nio-100,binary,100,bot_46,3614,b,30,76.83,25,96.49,186,89.51,0
e2-nio-100,binary,100,bot_46,3614,b,32,59.85,25,123.26,185,61.74,0
e2-nio-100,binary,100,bot_46,3614,b,34,43.67,25,114.42,169,54.58,0
e2-nio-100,binary,100,bot_46,3614,b,36,39.23,25,109.62,158,48.38,0
e2-nio-100,binary,100,bot_46,3614,b,38,51.48,25,187.96,227,39.04,0
e2-nio-100,binary,100,bot_46,3614,b,40,54.65,25,184.99,203,18.01,0
e2-nio-100,binary,100,bot_46,3614,b,42,31.12,25,189.31,223,33.69,0
e2-nio-100,binary,100,bot_46,3614,b,44,31.12,25,165.75,188,22.25,0
e2-nio-100,binary,100,bot_46,3614,b,46,22.95,25,192.59,214,21.41,0
e2-nio-100,binary,100,bot_46,3614,b,48,20.99,25,255,265,10,0
e2-nio-100,binary,100,bot_46,3614,b,50,15.06,25,242.23,248,5.77,0
e2-nio-100,binary,100,bot_46,3614,b,52,111.22,25,222.94,217,-5.94,0
e2-nio-100,binary,100,bot_46,3614,b,54,117.11,25,113.5,237,123.5,0
e2-nio-100,binary,100,bot_46,3614,b,56,82.22,25,133.55,232,98.45,0
e2-nio-100,binary,100,bot_46,3614,b,58,90.72,25,106.98,179,72.02,0
e2-nio-100,binary,100,bot_46,3614,b,60,88.32,25,148.66,209,60.34,0
e2-nio-100,binary,100,bot_47,3615,w,1,4.1,25,63.11,60,-3.11,0
e2-nio-100,binary,100,bot_47,3615,w,3,10.54,25,52.79,74,21.21,0
e2-nio-100,binary,100,bot_47,3615,w,5,23.93,25,78.83,80,1.17,0
e2-nio-100,binary,100,bot_47,3615,w,7,13.61,25,66.4,75,8.6,0
e2-nio-100,binary,100,bot_47,3615,w,9,12.85,25,83.04,100,16.96,0
e2-nio-100,binary,100,bot_47,3615,w,11,10.73,25,94.61,98,3.39,0
e2-nio-100,binary,100,bot_47,3615,w,13,28.92,25,89.14,122,32.86,0
e2-nio-100,binary,100,bot_47,3615,w,15,31,25,84.58,103,18.42,0
e2-nio-100,binary,100,bot_47,3615,w,17,25.11,25,89.59,107,17.41,0
e2-nio-100,binary,100,bot_47,3615,w,19,18.04,25,106.59,117,10.41,0
e2-nio-100,binary,100,bot_47,3615,w,21,15.08,25,130.71,136,5.29,0
e2-nio-100,binary,100,bot_47,3615,w,23,64.02,25,78.79,139,60.21,0
e2-nio-100,binary,100,bot_47,3615,w,25,65.18,25,103.93,163,59.07,0
e2-nio-100,binary,100,bot_47,3615,w,27,53.65,25,117.08,179,61.92,0
e2-nio-100,binary,100,bot_47,3615,w,29,44.75,25,127.53,180,52.47,0
e2-nio-100,binary,100,bot_47,3615,w,31,49.61,25,138.32,178,39.68,0
e2-nio-100,binary,100,bot_47,3615,w,33,48.38,25,129.49,177,47.51,0
e2-nio-100,binary,100,bot_47,3615,w,35,26.27,25,133.38,165,31.62,0
e2-nio-100,binary,100,bot_47,3615,w,37,41.08,25,187.29,213,25.71,0
e2-nio-100,binary,100,bot_47,3615,w,39,63.39,25,140.25,158,17.75,0
e2-nio-100,binary,100,bot_47,3615,w,41,51.46,25,182.67,211,28.33,0
e2-nio-100,binary,100,bot_47,3615,w,43,40.7,25,156.91,183,26.09,0
e2-nio-100,binary,100,bot_47,3615,w,45,42.06,25,190.05,206,15.95,0
e2-nio-100,binary,100,bot_47,3615,w,47,46.92,25,221.19,236,14.81,0
e2-nio-100,binary,100,bot_47,3615,w,49,31.65,25,233.01,242,8.99,0
e2-nio-100,binary,100,bot_47,3615,w,51,21.36,25,204.64,219,14.36,0
e2-nio-100,binary,100,bot_47,3615,w,53,99.14,25,220.97,217,-3.97,0
e2-nio-100,binary,100,bot_47,3615,w,55,78.32,25,159.92,198,38.08,0
e2-nio-100,binary,100,bot_47,3615,w,57,59.56,25,141.05,174,32.95,0
e2-nio-100,binary,100,bot_47,3615,w,59,63,25,143.31,165,21.69,0
e2-nio-100,binary,100,bot_48,3615,b,2,28.52,25,79.79,79,-0.79,0
e2-nio-100,binary,100,bot_48,3615,b,4,8.24,25,59.64,65,5.36,0
e2-nio-100,binary,100,bot_48,3615,b,6,15.94,25,65.71,84,18.29,0
e2-nio-100,binary,100,bot_48,3615,b,8,23.94,25,77.05,86,8.95,0
e2-nio-100,binary,100,bot_48,3615,b,10,10.61,25,83.45,91,7.55,0
e2-nio-100,binary,100,bot_48,3615,b,12,39.53,25,128.19,133,4.81,0
e2-nio-100,binary,100,bot_48,3615,b,14,26.09,25,95.34,118,22.66,0
e2-nio-100,binary,100,bot_48,3615,b,16,24.39,25,93.79,119,25.21,0
e2-nio-100,binary,100,bot_48,3615,b,18,17.17,25,108.29,128,19.71,0
e2-nio-100,binary,100,bot_48,3615,b,20,13.51,25,97.57,110,12.43,0
e2-nio-100,binary,100,bot_48,3615,b,22,68.16,25,130.88,140,9.12,0
e2-nio-100,binary,100,bot_48,3615,b,24,65.66,25,103.5,163,59.5,0
e2-nio-100,binary,100,bot_48,3615,b,26,68.34,25,122.26,180,57.74,0
e2-nio-100,binary,100,bot_48,3615,b,28,59.77,25,105.76,154,48.24,0
e2-nio-100,binary,100,bot_48,3615,b,30,46.63,25,142.31,181,38.69,0
e2-nio-100,binary,100,bot_48,3615,b,32,54.81,25,160.45,204,43.55,0
e2-nio-100,binary,100,bot_48,3615,b,34,38.49,25,125.81,169,43.19,0
e2-nio-100,binary,100,bot_48,3615,b,36,32.81,25,144.92,167,22.08,0
e2-nio-100,binary,100,bot_48,3615,b,38,35.07,25,180.27,206,25.73,0
e2-nio-100,binary,100,bot_48,3615,b,40,46.33,25,178.35,225,46.65,0
e2-nio-100,binary,100,bot_48,3615,b,42,45.06,25,196.01,231,34.99,0
e2-nio-100,binary,100,bot_48,3615,b,44,33.45,25,182.53,206,23.47,0
e2-nio-100,binary,100,bot_48,3615,b,46,32.6,25,208.79,234,25.21,0
e2-nio-100,binary,100,bot_48,3615,b,48,27.19,25,205.27,236,30.73,0
e2-nio-100,binary,100,bot_48,3615,b,50,33.45,25,231.43,246,14.57,0
e2-nio-100,binary,100,bot_48,3615,b,52,13.34,25,199.31,204,4.69,0
e2-nio-100,binary,100,bot_48,3615,b,54,56.05,25,148.74,231,82.26,0
e2-nio-100,binary,100,bot_48,3615,b,56,50.71,25,136.08,197,60.92,0
e2-nio-100,binary,100,bot_48,3615,b,58,38.72,25,141.18,183,41.82,0
e2-nio-100,binary,100,bot_48,3615,b,60,67.85,25,162.54,201,38.46,0
e2-nio-100,binary,100,bot_49,3616,w,1,5.73,25,54.78,54,-0.78,0
e2-nio-100,binary,100,bot_49,3616,w,3,21.13,25,68.49,73,4.51,0
e2-nio-100,binary,100,bot_49,3616,w,5,27.47,25,63.59,77,13.41,0
e2-nio-100,binary,100,bot_49,3616,w,7,13.43,25,65.22,75,9.78,0
e2-nio-100,binary,100,bot_49,3616,w,9,7.04,25,81.59,91,9.41,0
e2-nio-100,binary,100,bot_49,3616,w,11,6.99,25,100.24,106,5.76,0
e2-nio-100,binary,100,bot_49,3616,w,13,42.86,25,107.78,119,11.22,0
e2-nio-100,binary,100,bot_49,3616,w,15,26.37,25,72.22,107,34.78,0
e2-nio-100,binary,100,bot_49,3616,w,17,32.42,25,78.93,110,31.07,0
e2-nio-100,binary,100,bot_49,3616,w,19,27.12,25,84.95,123,38.05,0
e2-nio-100,binary,100,bot_49,3616,w,21,32.1,25,117.48,144,26.52,0
e2-nio-100,binary,100,bot_49,3616,w,23,28.43,25,114.09,139,24.91,0
e2-nio-100,binary,100,bot_49,3616,w,25,25.9,25,145.13,169,23.87,0
e2-nio-100,binary,100,bot_49,3616,w,27,22.42,25,147.47,166,18.53,0
e2-nio-100,binary,100,bot_49,3616,w,29,17.89,25,154.79,169,14.21,0
e2-nio-100,binary,100,bot_49,3616,w,31,67.88,25,115.63,199,83.37,0
e2-nio-100,binary,100,bot_49,3616,w,33,50.26,25,107.84,169,61.16,0
e2-nio-100,binary,100,bot_49,3616,w,35,44.53,25,105.05,155,49.95,0
e2-nio-100,binary,100,bot_49,3616,w,37,62.45,25,176.79,220,43.21,0
e2-nio-100,binary,100,bot_49,3616,w,39,63.45,25,176.36,195,18.64,0
e2-nio-100,binary,100,bot_49,3616,w,41,41.87,25,178.67,217,38.33,0
e2-nio-100,binary,100,bot_49,3616,w,43,41.55,25,154.68,181,26.32,0
e2-nio-100,binary,100,bot_49,3616,w,45,29.72,25,185.71,211,25.29,0
e2-nio-100,binary,100,bot_49,3616,w,47,33.66,25,242.57,255,12.43,0
e2-nio-100,binary,100,bot_49,3616,w,49,21.7,25,235.15,247,11.85,0
e2-nio-100,binary,100,bot_49,3616,w,51,18.59,25,212.33,210,-2.33,0
e2-nio-100,binary,100,bot_49,3616,w,53,132.26,25,239.26,232,-7.26,0
e2-nio-100,binary,100,bot_49,3616,w,55,96.85,25,118.44,225,106.56,0
e2-nio-100,binary,100,bot_49,3616,w,57,98.64,25,98.27,181,82.73,0
e2-nio-100,binary,100,bot_49,3616,w,59,101.26,25,136.97,210,73.03,0
e2-nio-100,binary,100,bot_50,3616,b,2,11.49,25,78.17,80,1.83,0
e2-nio-100,binary,100,bot_50,3616,b,4,19.04,25,60.93,77,16.07,0
e2-nio-100,binary,100,bot_50,3616,b,6,15.83,25,54.19,76,21.81,0
e2-nio-100,binary,100,bot_50,3616,b,8,15.91,25,92.54,102,9.46,0
e2-nio-100,binary,100,bot_50,3616,b,10,12.18,25,86.11,89,2.89,0
e2-nio-100,binary,100,bot_50,3616,b,12,18.92,25,130.19,133,2.81,0
e2-nio-100,binary,100,bot_50,3616,b,14,40.96,25,89.88,128,38.12,0
e2-nio-100,binary,100,bot_50,3616,b,16,37.25,25,97.76,119,21.24,0
e2-nio-100,binary,100,bot_50,3616,b,18,43.86,25,95.49,122,26.51,0
e2-nio-100,binary,100,bot_50,3616,b,20,33.26,25,94.73,117,22.27,0
e2-nio-100,binary,100,bot_50,3616,b,22,30.49,25,108.58,136,27.42,0
e2-nio-100,binary,100,bot_50,3616,b,24,30.45,25,136.22,160,23.78,0
e2-nio-100,binary,100,bot_50,3616,b,26,26.2,25,164.97,185,20.03,0
e2-nio-100,binary,100,bot_50,3616,b,28,20.43,25,146.33,164,17.67,0
e2-nio-100,binary,100,bot_50,3616,b,30,89.27,25,174.2,187,12.8,0
e2-nio-100,binary,100,bot_50,3616,b,32,67.96,25,150.68,213,62.32,0
e2-nio-100,binary,100,bot_50,3616,b,34,56.25,25,117.57,163,45.43,0
e2-nio-100,binary,100,bot_50,3616,b,36,60,25,150.38,191,40.62,0
e2-nio-100,binary,100,bot_50,3616,b,38,36.43,25,141.96,189,47.04,0
e2-nio-100,binary,100,bot_50,3616,b,40,55.62,25,170.04,218,47.96,0
e2-nio-100,binary,100,bot_50,3616,b,42,42.86,25,194.34,220,25.66,0
e2-nio-100,binary,100,bot_50,3616,b,44,41.86,25,185.42,210,24.58,0
e2-nio-100,binary,100,bot_50,3616,b,46,29.85,25,225.09,239,13.91,0
e2-nio-100,binary,100,bot_50,3616,b,48,28.54,25,201.48,219,17.52,0
e2-nio-100,binary,100,bot_50,3616,b,50,15.01,25,251.69,258,6.31,0
e2-nio-100,binary,100,bot_50,3616,b,52,9.5,25,186.75,190,3.25,0
e2-nio-100,binary,100,bot_50,3616,b,54,124.2,25,84.8,203,118.2,0
e2-nio-100,binary,100,bot_50,3616,b,56,100.63,25,93.8,176,82.2,0
e2-nio-100,binary,100,bot_50,3616,b,58,86.33,25,89.32,173,83.68,0
e2-nio-100,binary,100,bot_50,3616,b,60,97.27,25,124.52,213,88.48,0
e2-nio-100,binary,100,bot_51,3617,w,1,12.86,25,70.54,83,12.46,0
e2-nio-100,binary,100,bot_51,3617,w,3,8.56,25,64.65,74,9.35,0
e2-nio-100,binary,100,bot_51,3617,w,5,6.28,25,84.39,92,7.61,0
e2-nio-100,binary,100,bot_51,3617,w,7,7.24,25,84.75,88,3.25,0
e2-nio-100,binary,100,bot_51,3617,w,9,29.61,25,65.03,100,34.97,0
e2-nio-100,binary,100,bot_51,3617,w,11,72.24,25,94.53,120,25.47,0
e2-nio-100,binary,100,bot_51,3617,w,13,15.66,25,105.04,117,11.96,0
e2-nio-100,binary,100,bot_51,3617,w,15,41.22,25,75.1,118,42.9,0
e2-nio-100,binary,100,bot_51,3617,w,17,44,25,82.21,123,40.79,0
e2-nio-100,binary,100,bot_51,3617,w,19,33.71,25,76.7,109,32.3,0
e2-nio-100,binary,100,bot_51,3617,w,21,30.85,25,111.77,152,40.23,0
e2-nio-100,binary,100,bot_51,3617,w,23,33.33,25,128.5,155,26.5,0
e2-nio-100,binary,100,bot_51,3617,w,25,31.26,25,149.31,171,21.69,0
e2-nio-100,binary,100,bot_51,3617,w,27,21.84,25,139.17,160,20.83,0
e2-nio-100,binary,100,bot_51,3617,w,29,15.37,25,159.45,172,12.55,0
e2-nio-100,binary,100,bot_51,3617,w,31,131.23,25,173.7,181,7.3,0
e2-nio-100,binary,100,bot_51,3617,w,33,87.09,25,81.4,157,75.6,0
e2-nio-100,binary,100,bot_51,3617,w,35,86.11,25,87.54,146,58.46,0
e2-nio-100,binary,100,bot_51,3617,w,37,65.55,25,152.39,236,83.61,0
e2-nio-100,binary,100,bot_51,3617,w,39,81.6,25,142.22,222,79.78,0
e2-nio-100,binary,100,bot_51,3617,w,41,81.75,25,158.26,224,65.74,0
e2-nio-100,binary,100,bot_51,3617,w,43,60.46,25,156.98,206,49.02,0
e2-nio-100,binary,100,bot_51,3617,w,45,69.95,25,173.43,222,48.57,0
e2-nio-100,binary,100,bot_51,3617,w,47,55.03,25,176.68,241,64.32,0
e2-nio-100,binary,100,bot_51,3617,w,49,67.64,25,192.16,245,52.84,0
e2-nio-100,binary,100,bot_51,3617,w,51,37.05,25,175.5,205,29.5,0
e2-nio-100,binary,100,bot_51,3617,w,53,32.4,25,193.82,231,37.18,0
e2-nio-100,binary,100,bot_51,3617,w,55,26.01,25,185.1,207,21.9,0
e2-nio-100,binary,100,bot_51,3617,w,57,19.88,25,181.03,184,2.97,0
e2-nio-100,binary,100,bot_51,3617,w,59,64.38,25,165.92,245,79.08,0
e2-nio-100,binary,100,bot_52,3617,b,2,14.74,25,54.48,64,9.52,0
e2-nio-100,binary,100,bot_52,3617,b,4,10.3,25,71.3,75,3.7,0
e2-nio-100,binary,100,bot_52,3617,b,6,6.12,25,67.75,68,0.25,0
e2-nio-100,binary,100,bot_52,3617,b,8,38.6,25,97.54,101,3.46,0
e2-nio-100,binary,100,bot_52,3617,b,10,29.29,25,74.75,98,23.25,0
e2-nio-100,binary,100,bot_52,3617,b,12,15.98,25,64.53,131,66.47,0
e2-nio-100,binary,100,bot_52,3617,b,14,45.39,25,111.01,121,9.99,0
e2-nio-100,binary,100,bot_52,3617,b,16,43.48,25,72.05,109,36.95,0
e2-nio-100,binary,100,bot_52,3617,b,18,35.09,25,89.7,129,39.3,0
e2-nio-100,binary,100,bot_52,3617,b,20,43.21,25,101.22,130,28.78,0
e2-nio-100,binary,100,bot_52,3617,b,22,29.7,25,102.7,129,26.3,0
e2-nio-100,binary,100,bot_52,3617,b,24,24.73,25,140.54,169,28.46,0
e2-nio-100,binary,100,bot_52,3617,b,26,23.53,25,159.49,186,26.51,0
e2-nio-100,binary,100,bot_52,3617,b,28,15.72,25,164.29,180,15.71,0
e2-nio-100,binary,100,bot_52,3617,b,30,11.9,25,170.22,182,11.78,0
e2-nio-100,binary,100,bot_52,3617,b,32,79.17,25,97.82,225,127.18,0
e2-nio-100,binary,100,bot_52,3617,b,34,61.75,25,97.99,180,82.01,0
e2-nio-100,binary,100,bot_52,3617,b,36,97.23,25,131.81,214,82.19,0
e2-nio-100,binary,100,bot_52,3617,b,38,92.66,25,112.48,163,50.52,0
e2-nio-100,binary,100,bot_52,3617,b,40,78.26,25,156.75,224,67.25,0
e2-nio-100,binary,100,bot_52,3617,b,42,62.02,25,137.04,203,65.96,0
e2-nio-100,binary,100,bot_52,3617,b,44,61.73,25,168.56,214,45.44,0
e2-nio-100,binary,100,bot_52,3617,b,46,77.8,25,188.64,244,55.36,0
e2-nio-100,binary,100,bot_52,3617,b,48,66.52,25,200.74,240,39.26,0
e2-nio-100,binary,100,bot_52,3617,b,50,42.8,25,188.05,241,52.95,0
e2-nio-100,binary,100,bot_52,3617,b,52,49.72,25,191.14,213,21.86,0
e2-nio-100,binary,100,bot_52,3617,b,54,34.46,25,178.97,197,18.03,0
e2-nio-100,binary,100,bot_52,3617,b,56,16.35,25,173.79,186,12.21,0
e2-nio-100,binary,100,bot_52,3617,b,58,100.36,25,157.37,162,4.63,0
e2-nio-100,binary,100,bot_52,3617,b,60,64.44,25,151.48,192,40.52,0
e2-nio-100,binary,100,bot_53,3618,w,1,8.02,25,64.71,82,17.29,0
e2-nio-100,binary,100,bot_53,3618,w,3,7,25,71.39,75,3.61,0
e2-nio-100,binary,100,bot_53,3618,w,5,16.36,25,72.23,73,0.77,0
e2-nio-100,binary,100,bot_53,3618,w,7,17.3,25,85.75,105,19.25,0
e2-nio-100,binary,100,bot_53,3618,w,9,19.55,25,81.32,96,14.68,0
e2-nio-100,binary,100,bot_53,3618,w,11,9.23,25,132.01,147,14.99,0
e2-nio-100,binary,100,bot_53,3618,w,13,13.43,25,117.09,122,4.91,0
e2-nio-100,binary,100,bot_53,3618,w,15,11.98,25,123.2,121,-2.2,0
e2-nio-100,binary,100,bot_53,3618,w,17,16.55,25,122.01,128,5.99,0
e2-nio-100,binary,100,bot_53,3618,w,19,66.46,25,77.16,132,54.84,0
e2-nio-100,binary,100,bot_53,3618,w,21,46.6,25,85.93,137,51.07,0
e2-nio-100,binary,100,bot_53,3618,w,23,58.35,25,107.89,169,61.11,0
e2-nio-100,binary,100,bot_53,3618,w,25,50.14,25,130.9,194,63.1,0
e2-nio-100,binary,100,bot_53,3618,w,27,53.13,25,127.63,171,43.37,0
e2-nio-100,binary,100,bot_53,3618,w,29,42.31,25,141.41,182,40.59,0
e2-nio-100,binary,100,bot_53,3618,w,31,31.6,25,185.76,217,31.24,0
e2-nio-100,binary,100,bot_53,3618,w,33,28.17,25,147.61,163,15.39,0
e2-nio-100,binary,100,bot_53,3618,w,35,25.79,25,186.3,200,13.7,0
e2-nio-100,binary,100,bot_53,3618,w,37,17.12,25,160.99,167,6.01,0
e2-nio-100,binary,100,bot_53,3618,w,39,18.66,25,208.94,213,4.06,0
e2-nio-100,binary,100,bot_53,3618,w,41,107.73,25,227.8,222,-5.8,0
e2-nio-100,binary,100,bot_53,3618,w,43,110.15,25,118.64,214,95.36,0
e2-nio-100,binary,100,bot_53,3618,w,45,135.46,25,129.05,249,119.95,0
e2-nio-100,binary,100,bot_53,3618,w,47,129.86,25,138.25,216,77.75,0
e2-nio-100,binary,100,bot_53,3618,w,49,85.95,25,149.37,248,98.63,0
e2-nio-100,binary,100,bot_53,3618,w,51,95.38,25,141.75,204,62.25,0
e2-nio-100,binary,100,bot_53,3618,w,53,88.39,25,121.42,189,67.58,0
e2-nio-100,binary,100,bot_53,3618,w,55,58.71,25,132.72,174,41.28,0
e2-nio-100,binary,100,bot_53,3618,w,57,51.58,25,126.94,182,55.06,0
e2-nio-100,binary,100,bot_53,3618,w,59,65.14,25,156,196,40,0
e2-nio-100,binary,100,bot_54,3618,b,2,10.2,25,64.79,66,1.21,0
e2-nio-100,binary,100,bot_54,3618,b,4,8.06,25,84.19,86,1.81,0
e2-nio-100,binary,100,bot_54,3618,b,6,26.41,25,66.58,77,10.42,0
e2-nio-100,binary,100,bot_54,3618,b,8,21.58,25,75.52,86,10.48,0
e2-nio-100,binary,100,bot_54,3618,b,10,21.92,25,90.91,103,12.09,0
e2-nio-100,binary,100,bot_54,3618,b,12,12.31,25,103.77,107,3.23,0
e2-nio-100,binary,100,bot_54,3618,b,14,5.39,25,90.45,97,6.55,0
e2-nio-100,binary,100,bot_54,3618,b,16,13.03,25,101.91,108,6.09,0
e2-nio-100,binary,100,bot_54,3618,b,18,61.65,25,102.69,113,10.31,0
e2-nio-100,binary,100,bot_54,3618,b,20,57.79,25,84.55,144,59.45,0
e2-nio-100,binary,100,bot_54,3618,b,22,68.04,25,93.46,133,39.54,0
e2-nio-100,binary,100,bot_54,3618,b,24,70.07,25,111.3,163,51.7,0
e2-nio-100,binary,100,bot_54,3618,b,26,51.11,25,110.02,153,42.98,0
e2-nio-100,binary,100,bot_54,3618,b,28,47.83,25,126.3,173,46.7,0
e2-nio-100,binary,100,bot_54,3618,b,30,37.45,25,145.17,180,34.83,0
e2-nio-100,binary,100,bot_54,3618,b,32,23.54,25,134.08,158,23.92,0
e2-nio-100,binary,100,bot_54,3618,b,34,19.85,25,127.55,149,21.45,0
e2-nio-100,binary,100,bot_54,3618,b,36,26,25,213.4,223,9.6,0
e2-nio-100,binary,100,bot_54,3618,b,38,20.67,25,217.23,218,0.77,0
e2-nio-100,binary,100,bot_54,3618,b,40,11.89,25,207.26,209,1.74,0
e2-nio-100,binary,100,bot_54,3618,b,42,113.27,25,103.44,195,91.56,0
e2-nio-100,binary,100,bot_54,3618,b,44,138.64,25,105.65,199,93.35,0
e2-nio-100,binary,100,bot_54,3618,b,46,97.22,25,135.07,254,118.93,0
e2-nio-100,binary,100,bot_54,3618,b,48,116.99,25,140.33,252,111.67,0
e2-nio-100,binary,100,bot_54,3618,b,50,80.65,25,132.18,202,69.82,0
e2-nio-100,binary,100,bot_54,3618,b,52,85.75,25,143.7,222,78.3,0
e2-nio-100,binary,100,bot_54,3618,b,54,59.46,25,155.04,227,71.96,0
e2-nio-100,binary,100,bot_54,3618,b,56,73.81,25,126.19,168,41.81,0
e2-nio-100,binary,100,bot_54,3618,b,58,55,25,180.41,217,36.59,0
e2-nio-100,binary,100,bot_54,3618,b,60,50.88,25,160.31,210,49.69,0
e2-nio-100,binary,100,bot_55,3619,w,1,16.64,25,57.46,67,9.54,0
e2-nio-100,binary,100,bot_55,3619,w,3,26.24,25,65.01,72,6.99,0
e2-nio-100,binary,100,bot_55,3619,w,5,12.66,25,66.04,70,3.96,0
e2-nio-100,binary,100,bot_55,3619,w,7,6.33,25,82.27,82,-0.27,0
e2-nio-100,binary,100,bot_55,3619,w,9,5.91,25,101.24,98,-3.24,0
e2-nio-100,binary,100,bot_55,3619,w,11,34.49,25,80.44,119,38.56,0
e2-nio-100,binary,100,bot_55,3619,w,13,24.04,25,74.25,100,25.75,0
e2-nio-100,binary,100,bot_55,3619,w,15,31.47,25,80.24,105,24.76,0
e2-nio-100,binary,100,bot_55,3619,w,17,25.72,25,86.37,118,31.63,0
e2-nio-100,binary,100,bot_55,3619,w,19,29.73,25,119.94,139,19.06,0
e2-nio-100,binary,100,bot_55,3619,w,21,25.4,25,116.95,135,18.05,0
e2-nio-100,binary,100,bot_55,3619,w,23,21.77,25,149.28,166,16.72,0
e2-nio-100,binary,100,bot_55,3619,w,25,17.91,25,152.01,164,11.99,0
e2-nio-100,binary,100,bot_55,3619,w,27,94.5,25,157.71,165,7.29,0
e2-nio-100,binary,100,bot_55,3619,w,29,64.48,25,118.56,178,59.44,0
e2-nio-100,binary,100,bot_55,3619,w,31,48,25,110.05,164,53.95,0
e2-nio-100,binary,100,bot_55,3619,w,33,42.06,25,107.15,151,43.85,0
e2-nio-100,binary,100,bot_55,3619,w,35,57.57,25,181.68,219,37.32,0
e2-nio-100,binary,100,bot_55,3619,w,37,59.64,25,180.05,194,13.95,0
e2-nio-100,binary,100,bot_55,3619,w,39,36.2,25,184.18,217,32.82,0
e2-nio-100,binary,100,bot_55,3619,w,41,36.72,25,159.65,179,19.35,0
e2-nio-100,binary,100,bot_55,3619,w,43,27.03,25,188.39,207,18.61,0
e2-nio-100,binary,100,bot_55,3619,w,45,29.54,25,246.53,254,7.47,0
e2-nio-100,binary,100,bot_55,3619,w,47,19.27,25,237.73,243,5.27,0
e2-nio-100,binary,100,bot_55,3619,w,49,14.7,25,216.19,208,-8.19,0
e2-nio-100,binary,100,bot_55,3619,w,51,124.1,25,107.34,234,126.66,0
e2-nio-100,binary,100,bot_55,3619,w,53,89.85,25,125.39,223,97.61,0
e2-nio-100,binary,100,bot_55,3619,w,55,94.63,25,102.56,174,71.44,0
e2-nio-100,binary,100,bot_55,3619,w,57,94.47,25,142.97,203,60.03,0
e2-nio-100,binary,100,bot_55,3619,w,59,88.7,25,124.29,195,70.71,0
e2-nio-100,binary,100,bot_56,3619,b,2,18.37,25,61.31,63,1.69,0
e2-nio-100,binary,100,bot_56,3619,b,4,14.48,25,55.33,65,9.67,0
e2-nio-100,binary,100,bot_56,3619,b,6,12.46,25,96.08,94,-2.08,0
e2-nio-100,binary,100,bot_56,3619,b,8,9.26,25,89.11,82,-7.11,0
e2-nio-100,binary,100,bot_56,3619,b,10,51.49,25,133.61,126,-7.61,0
e2-nio-100,binary,100,bot_56,3619,b,12,37.58,25,93.01,114,20.99,0
e2-nio-100,binary,100,bot_56,3619,b,14,35.16,25,99.85,109,9.15,0
e2-nio-100,binary,100,bot_56,3619,b,16,42.21,25,96.83,114,17.17,0
e2-nio-100,binary,100,bot_56,3619,b,18,30.52,25,97.46,108,10.54,0
e2-nio-100,binary,100,bot_56,3619,b,20,28.86,25,110.14,125,14.86,0
e2-nio-100,binary,100,bot_56,3619,b,22,27.6,25,139.06,150,10.94,0
e2-nio-100,binary,100,bot_56,3619,b,24,23.64,25,167.69,174,6.31,0
e2-nio-100,binary,100,bot_56,3619,b,26,17.7,25,148.93,151,2.07,0
e2-nio-100,binary,100,bot_56,3619,b,28,70.75,25,113.53,193,79.47,0
e2-nio-100,binary,100,bot_56,3619,b,30,64.73,25,153.73,203,49.27,0
e2-nio-100,binary,100,bot_56,3619,b,32,55.33,25,119.01,152,32.99,0
e2-nio-100,binary,100,bot_56,3619,b,34,57.82,25,152.66,180,27.34,0
e2-nio-100,binary,100,bot_56,3619,b,36,35.66,25,142.53,177,34.47,0
e2-nio-100,binary,100,bot_56,3619,b,38,53.4,25,172.33,210,37.67,0
e2-nio-100,binary,100,bot_56,3619,b,40,39.97,25,197.12,210,12.88,0
e2-nio-100,binary,100,bot_56,3619,b,42,39.64,25,187.37,201,13.63,0
e2-nio-100,binary,100,bot_56,3619,b,44,28.15,25,226.85,230,3.15,0
e2-nio-100,binary,100,bot_56,3619,b,46,26.12,25,203.84,211,7.16,0
e2-nio-100,binary,100,bot_56,3619,b,48,12.99,25,253.55,250,-3.55,0
e2-nio-100,binary,100,bot_56,3619,b,50,147.9,25,189.48,181,-8.48,0
e2-nio-100,binary,100,bot_56,3619,b,52,118.34,25,90.62,193,102.38,0
e2-nio-100,binary,100,bot_56,3619,b,54,92.85,25,101.15,169,67.85,0
e2-nio-100,binary,100,bot_56,3619,b,56,77.84,25,98.64,170,71.36,0
e2-nio-100,binary,100,bot_56,3619,b,58,88.86,25,133.04,211,77.96,0
e2-nio-100,binary,100,bot_56,3619,b,60,76.85,25,130.03,201,70.97,0
e2-nio-100,binary,100,bot_57,3620,w,1,9.06,25,68.61,64,-4.61,0
e2-nio-100,binary,100,bot_57,3620,w,3,17.33,25,64.47,81,16.53,0
e2-nio-100,binary,100,bot_57,3620,w,5,27.96,25,72.94,80,7.06,0
e2-nio-100,binary,100,bot_57,3620,w,7,13.39,25,80.65,88,7.35,0
e2-nio-100,binary,100,bot_57,3620,w,9,43.74,25,123.8,130,6.2,0
e2-nio-100,binary,100,bot_57,3620,w,11,30.23,25,91.52,118,26.48,0
e2-nio-100,binary,100,bot_57,3620,w,13,27.37,25,90.29,116,25.71,0
e2-nio-100,binary,100,bot_57,3620,w,15,20.96,25,104.82,126,21.18,0
e2-nio-100,binary,100,bot_57,3620,w,17,17.17,25,93.86,109,15.14,0
e2-nio-100,binary,100,bot_57,3620,w,19,16.54,25,126.21,138,11.79,0
e2-nio-100,binary,100,bot_57,3620,w,21,84.21,25,150.89,156,5.11,0
e2-nio-100,binary,100,bot_57,3620,w,23,80.13,25,110.46,178,67.54,0
e2-nio-100,binary,100,bot_57,3620,w,25,66.15,25,99.46,155,55.54,0
e2-nio-100,binary,100,bot_57,3620,w,27,58.64,25,130.48,177,46.52,0
e2-nio-100,binary,100,bot_57,3620,w,29,67.8,25,147.61,203,55.39,0
e2-nio-100,binary,100,bot_57,3620,w,31,52.09,25,114.03,162,47.97,0
e2-nio-100,binary,100,bot_57,3620,w,33,45.04,25,132.09,159,26.91,0
e2-nio-100,binary,100,bot_57,3620,w,35,33.27,25,181.4,221,39.6,0
e2-nio-100,binary,100,bot_57,3620,w,37,44.52,25,180.66,222,41.34,0
e2-nio-100,binary,100,bot_57,3620,w,39,43.67,25,197.51,228,30.49,0
e2-nio-100,binary,100,bot_57,3620,w,41,31.84,25,184.04,205,20.96,0
e2-nio-100,binary,100,bot_57,3620,w,43,30.81,25,209.87,230,20.13,0
e2-nio-100,binary,100,bot_57,3620,w,45,25.25,25,207.18,231,23.82,0
e2-nio-100,binary,100,bot_57,3620,w,47,30.22,25,234.73,244,9.27,0
e2-nio-100,binary,100,bot_57,3620,w,49,86.82,25,200.03,200,-0.03,0
e2-nio-100,binary,100,bot_57,3620,w,51,55.18,25,149.35,204,54.65,0
e2-nio-100,binary,100,bot_57,3620,w,53,49.82,25,136.91,195,58.09,0
e2-nio-100,binary,100,bot_57,3620,w,55,37.01,25,142.86,181,38.14,0
e2-nio-100,binary,100,bot_57,3620,w,57,62.81,25,167.31,202,34.69,0
e2-nio-100,binary,100,bot_57,3620,w,59,56.69,25,146.69,182,35.31,0
e2-nio-100,binary,100,bot_58,3620,b,2,25.51,25,77.22,83,5.78,0
e2-nio-100,binary,100,bot_58,3620,b,4,14.93,25,64.95,77,12.05,0
e2-nio-100,binary,100,bot_58,3620,b,6,16.42,25,79.54,103,23.46,0
e2-nio-100,binary,100,bot_58,3620,b,8,14.28,25,90.8,99,8.2,0
e2-nio-100,binary,100,bot_58,3620,b,10,33.75,25,84.38,124,39.62,0
e2-nio-100,binary,100,bot_58,3620,b,12,33.72,25,81.97,107,25.03,0
e2-nio-100,binary,100,bot_58,3620,b,14,29.67,25,85.08,108,22.92,0
e2-nio-100,binary,100,bot_58,3620,b,16,22.62,25,102.06,118,15.94,0
e2-nio-100,binary,100,bot_58,3620,b,18,20.55,25,124.78,137,12.22,0
e2-nio-100,binary,100,bot_58,3620,b,20,13.9,25,118.24,132,13.76,0
e2-nio-100,binary,100,bot_58,3620,b,22,74.94,25,94.41,175,80.59,0
e2-nio-100,binary,100,bot_58,3620,b,24,63.26,25,107.37,182,74.63,0
e2-nio-100,binary,100,bot_58,3620,b,26,55.04,25,117.21,178,60.79,0
e2-nio-100,binary,100,bot_58,3620,b,28,64.02,25,124.48,178,53.52,0
e2-nio-100,binary,100,bot_58,3620,b,30,55.63,25,120.6,184,63.4,0
e2-nio-100,binary,100,bot_58,3620,b,32,35.53,25,123.88,170,46.12,0
e2-nio-100,binary,100,bot_58,3620,b,34,59,25,172.45,213,40.55,0
e2-nio-100,binary,100,bot_58,3620,b,36,61.46,25,142.38,161,18.62,0
e2-nio-100,binary,100,bot_58,3620,b,38,49.31,25,184.08,212,27.92,0
e2-nio-100,binary,100,bot_58,3620,b,40,38.37,25,159.26,186,26.74,0
e2-nio-100,binary,100,bot_58,3620,b,42,39.89,25,193.31,209,15.69,0
e2-nio-100,binary,100,bot_58,3620,b,44,43.62,25,224.84,241,16.16,0
e2-nio-100,binary,100,bot_58,3620,b,46,27.25,25,237.23,246,8.77,0
e2-nio-100,binary,100,bot_58,3620,b,48,18.91,25,206.8,221,14.2,0
e2-nio-100,binary,100,bot_58,3620,b,50,74.18,25,172.14,244,71.86,0
e2-nio-100,binary,100,bot_58,3620,b,52,76.95,25,161.41,201,39.59,0
e2-nio-100,binary,100,bot_58,3620,b,54,57.2,25,143.5,176,32.5,0
e2-nio-100,binary,100,bot_58,3620,b,56,61.84,25,145.52,168,22.48,0
e2-nio-100,binary,100,bot_58,3620,b,58,62.48,25,153.51,192,38.49,0
e2-nio-100,binary,100,bot_58,3620,b,60,48.41,25,154.21,185,30.79,0
e2-nio-100,binary,100,bot_59,3621,w,1,14.14,25,67.1,84,16.9,0
e2-nio-100,binary,100,bot_59,3621,w,3,12.04,25,61.5,73,11.5,0
e2-nio-100,binary,100,bot_59,3621,w,5,12.57,25,90.88,109,18.12,0
e2-nio-100,binary,100,bot_59,3621,w,7,11.81,25,89.5,102,12.5,0
e2-nio-100,binary,100,bot_59,3621,w,9,29.94,25,134.82,147,12.18,0
e2-nio-100,binary,100,bot_59,3621,w,11,52.9,25,104.29,132,27.71,0
e2-nio-100,binary,100,bot_59,3621,w,13,52.46,25,63.34,112,48.66,0
e2-nio-100,binary,100,bot_59,3621,w,15,49.34,25,75.43,132,56.57,0
e2-nio-100,binary,100,bot_59,3621,w,17,54.22,25,89.45,131,41.55,0
e2-nio-100,binary,100,bot_59,3621,w,19,36.41,25,95.89,139,43.11,0
e2-nio-100,binary,100,bot_59,3621,w,21,38.74,25,126.76,173,46.24,0
e2-nio-100,binary,100,bot_59,3621,w,23,34.82,25,147.05,195,47.95,0
e2-nio-100,binary,100,bot_59,3621,w,25,32.59,25,148.11,179,30.89,0
e2-nio-100,binary,100,bot_59,3621,w,27,26.77,25,156.32,187,30.68,0
e2-nio-100,binary,100,bot_59,3621,w,29,15.09,25,201.06,223,21.94,0
e2-nio-100,binary,100,bot_59,3621,w,31,13.18,25,163.76,175,11.24,0
e2-nio-100,binary,100,bot_59,3621,w,33,125.58,25,201.88,211,9.12,0
e2-nio-100,binary,100,bot_59,3621,w,35,112.06,25,91.88,172,80.12,0
e2-nio-100,binary,100,bot_59,3621,w,37,95.48,25,139.56,229,89.44,0
e2-nio-100,binary,100,bot_59,3621,w,39,79.87,25,121.29,222,100.71,0
e2-nio-100,binary,100,bot_59,3621,w,41,78.06,25,151.22,230,78.78,0
e2-nio-100,binary,100,bot_59,3621,w,43,97.27,25,168.29,261,92.71,0
e2-nio-100,binary,100,bot_59,3621,w,45,92.88,25,176.2,238,61.8,0
e2-nio-100,binary,100,bot_59,3621,w,47,59.24,25,174.19,249,74.81,0
e2-nio-100,binary,100,bot_59,3621,w,49,66.23,25,172.95,217,44.05,0
e2-nio-100,binary,100,bot_59,3621,w,51,58.81,25,152.89,202,49.11,0
e2-nio-100,binary,100,bot_59,3621,w,53,38.3,25,152.28,182,29.72,0
e2-nio-100,binary,100,bot_59,3621,w,55,33.9,25,147.38,181,33.62,0
e2-nio-100,binary,100,bot_59,3621,w,57,30.91,25,188.92,210,21.08,0
e2-nio-100,binary,100,bot_59,3621,w,59,23.28,25,187.23,203,15.77,0
e2-nio-100,binary,100,bot_60,3621,b,2,13.51,25,77.37,82,4.63,0
e2-nio-100,binary,100,bot_60,3621,b,4,19.07,25,73.47,77,3.53,0
e2-nio-100,binary,100,bot_60,3621,b,6,15.35,25,81.44,84,2.56,0
e2-nio-100,binary,100,bot_60,3621,b,8,14.42,25,99.72,102,2.28,0
e2-nio-100,binary,100,bot_60,3621,b,10,29.28,25,91.8,112,20.2,0
e2-nio-100,binary,100,bot_60,3621,b,12,51.08,25,65.19,108,42.81,0
e2-nio-100,binary,100,bot_60,3621,b,14,59.24,25,66.9,110,43.1,0
e2-nio-100,binary,100,bot_60,3621,b,16,42.88,25,67.57,107,39.43,0
e2-nio-100,binary,100,bot_60,3621,b,18,44.74,25,97.91,142,44.09,0
e2-nio-100,binary,100,bot_60,3621,b,20,48.32,25,113.43,139,25.57,0
e2-nio-100,binary,100,bot_60,3621,b,22,50.02,25,130.98,160,29.02,0
e2-nio-100,binary,100,bot_60,3621,b,24,33.55,25,127.6,153,25.4,0
e2-nio-100,binary,100,bot_60,3621,b,26,33.51,25,140.64,163,22.36,0
e2-nio-100,binary,100,bot_60,3621,b,28,24.69,25,158.85,175,16.15,0
e2-nio-100,binary,100,bot_60,3621,b,30,13.75,25,143.71,148,4.29,0
e2-nio-100,binary,100,bot_60,3621,b,32,10.69,25,135.68,139,3.32,0
e2-nio-100,binary,100,bot_60,3621,b,34,92.8,25,128.33,237,108.67,0
e2-nio-100,binary,100,bot_60,3621,b,36,101.25,25,122.43,217,94.57,0
e2-nio-100,binary,100,bot_60,3621,b,38,113.57,25,125.67,203,77.33,0
e2-nio-100,binary,100,bot_60,3621,b,40,91.2,25,125.71,188,62.29,0
e2-nio-100,binary,100,bot_60,3621,b,42,104.86,25,139.07,200,60.93,0
e2-nio-100,binary,100,bot_60,3621,b,44,74.43,25,156.84,237,80.16,0
e2-nio-100,binary,100,bot_60,3621,b,46,87.16,25,170.16,246,75.84,0
e2-nio-100,binary,100,bot_60,3621,b,48,55.65,25,156.84,199,42.16,0
e2-nio-100,binary,100,bot_60,3621,b,50,61.02,25,166.58,214,47.42,0
e2-nio-100,binary,100,bot_60,3621,b,52,42.84,25,169.93,211,41.07,0
e2-nio-100,binary,100,bot_60,3621,b,54,46.62,25,154,174,20,0
e2-nio-100,binary,100,bot_60,3621,b,56,35.25,25,198.52,218,19.48,0
e2-nio-100,binary,100,bot_60,3621,b,58,28.59,25,181.87,198,16.13,0
e2-nio-100,binary,100,bot_60,3621,b,60,25.69,25,173.94,182,8.06,0
e2-nio-100,binary,100,bot_61,3622,w,1,5.68,25,90.68,87,-3.68,0
e2-nio-100,binary,100,bot_61,3622,w,3,15.1,25,63.75,79,15.25,0
e2-nio-100,binary,100,bot_61,3622,w,5,10.16,25,78.56,91,12.44,0
e2-nio-100,binary,100,bot_61,3622,w,7,10.22,25,97.08,106,8.92,0
e2-nio-100,binary,100,bot_61,3622,w,9,9.42,25,106.87,121,14.13,0
e2-nio-100,binary,100,bot_61,3622,w,11,36.75,25,105.93,107,1.07,0
e2-nio-100,binary,100,bot_61,3622,w,13,36.79,25,74.62,108,33.38,0
e2-nio-100,binary,100,bot_61,3622,w,15,31,25,81.52,119,37.48,0
e2-nio-100,binary,100,bot_61,3622,w,17,35.15,25,114.48,143,28.52,0
e2-nio-100,binary,100,bot_61,3622,w,19,32.88,25,109.8,134,24.2,0
e2-nio-100,binary,100,bot_61,3622,w,21,31.55,25,139.49,167,27.51,0
e2-nio-100,binary,100,bot_61,3622,w,23,28.41,25,141.32,165,23.68,0
e2-nio-100,binary,100,bot_61,3622,w,25,21.86,25,150.76,168,17.24,0
e2-nio-100,binary,100,bot_61,3622,w,27,14.23,25,171.2,183,11.8,0
e2-nio-100,binary,100,bot_61,3622,w,29,54.08,25,104.42,184,79.58,0
e2-nio-100,binary,100,bot_61,3622,w,31,48.75,25,101.18,152,50.82,0
e2-nio-100,binary,100,bot_61,3622,w,33,68.47,25,170.8,219,48.2,0
e2-nio-100,binary,100,bot_61,3622,w,35,67.17,25,172.78,193,20.22,0
e2-nio-100,binary,100,bot_61,3622,w,37,47.85,25,173.12,218,44.88,0
e2-nio-100,binary,100,bot_61,3622,w,39,44.91,25,151.12,184,32.88,0
e2-nio-100,binary,100,bot_61,3622,w,41,34.11,25,181.41,213,31.59,0
e2-nio-100,binary,100,bot_61,3622,w,43,40.25,25,236.42,252,15.58,0
e2-nio-100,binary,100,bot_61,3622,w,45,26.24,25,229.78,249,19.22,0
e2-nio-100,binary,100,bot_61,3622,w,47,23.31,25,207.76,210,2.24,0
e2-nio-100,binary,100,bot_61,3622,w,49,10.67,25,236.7,233,-3.7,0
e2-nio-100,binary,100,bot_61,3622,w,51,114.37,25,228.35,224,-4.35,0
e2-nio-100,binary,100,bot_61,3622,w,53,102.47,25,94.14,185,90.86,0
e2-nio-100,binary,100,bot_61,3622,w,55,108.38,25,130.65,208,77.35,0
e2-nio-100,binary,100,bot_61,3622,w,57,103.01,25,110.38,204,93.62,0
e2-nio-100,binary,100,bot_61,3622,w,59,86.23,25,113.62,188,74.38,0
e2-nio-100,binary,100,bot_62,3622,b,2,22.24,25,76.63,81,4.37,0
e2-nio-100,binary,100,bot_62,3622,b,4,19.74,25,88.64,101,12.36,0
e2-nio-100,binary,100,bot_62,3622,b,6,16.34,25,81.86,90,8.14,0
e2-nio-100,binary,100,bot_62,3622,b,8,23.26,25,124.87,134,9.13,0
e2-nio-100,binary,100,bot_62,3622,b,10,9.12,25,112.7,121,8.3,0
e2-nio-100,binary,100,bot_62,3622,b,12,41.33,25,94,129,35,0
e2-nio-100,binary,100,bot_62,3622,b,14,46.18,25,92.97,128,35.03,0
e2-nio-100,binary,100,bot_62,3622,b,16,38.48,25,89.62,119,29.38,0
e2-nio-100,binary,100,bot_62,3622,b,18,32.9,25,106.19,140,33.81,0
e2-nio-100,binary,100,bot_62,3622,b,20,34.75,25,132.07,163,30.93,0
e2-nio-100,binary,100,bot_62,3622,b,22,31.86,25,158.95,188,29.05,0
e2-nio-100,binary,100,bot_62,3622,b,24,25.67,25,141.22,168,26.78,0
e2-nio-100,binary,100,bot_62,3622,b,26,20.35,25,169.67,190,20.33,0
e2-nio-100,binary,100,bot_62,3622,b,28,88.42,25,201.59,214,12.41,0
e2-nio-100,binary,100,bot_62,3622,b,30,60.08,25,113.44,165,51.56,0
e2-nio-100,binary,100,bot_62,3622,b,32,67.75,25,142.35,189,46.65,0
e2-nio-100,binary,100,bot_62,3622,b,34,40.65,25,137.68,193,55.32,0
e2-nio-100,binary,100,bot_62,3622,b,36,63.33,25,162.09,216,53.91,0
e2-nio-100,binary,100,bot_62,3622,b,38,52.81,25,184.27,219,34.73,0
e2-nio-100,binary,100,bot_62,3622,b,40,51.12,25,176.36,208,31.64,0
e2-nio-100,binary,100,bot_62,3622,b,42,34.82,25,219.7,240,20.3,0
e2-nio-100,binary,100,bot_62,3622,b,44,37.98,25,192,219,27,0
e2-nio-100,binary,100,bot_62,3622,b,46,21.44,25,245.95,258,12.05,0
e2-nio-100,binary,100,bot_62,3622,b,48,14.97,25,181.13,192,10.87,0
e2-nio-100,binary,100,bot_62,3622,b,50,13.93,25,190.55,187,-3.55,0
e2-nio-100,binary,100,bot_62,3622,b,52,109.65,25,85.5,186,100.5,0
e2-nio-100,binary,100,bot_62,3622,b,54,92.86,25,81.91,172,90.09,0
e2-nio-100,binary,100,bot_62,3622,b,56,109.3,25,112.13,210,97.87,0
e2-nio-100,binary,100,bot_62,3622,b,58,90.04,25,116.95,210,93.05,0
e2-nio-100,binary,100,bot_62,3622,b,60,72.27,25,93.27,169,75.73,0
e2-nio-100,binary,100,bot_63,3623,w,1,23.06,25,58.7,96,37.3,0
e2-nio-100,binary,100,bot_63,3623,w,3,34.43,25,86.05,90,3.95,0
e2-nio-100,binary,100,bot_63,3623,w,5,20.29,25,73.72,97,23.28,0
e2-nio-100,binary,100,bot_63,3623,w,7,52.59,25,114.58,135,20.42,0
e2-nio-100,binary,100,bot_63,3623,w,9,37.38,25,84.41,127,42.59,0
e2-nio-100,binary,100,bot_63,3623,w,11,33.45,25,83.36,121,37.64,0
e2-nio-100,binary,100,bot_63,3623,w,13,30.08,25,96.03,131,34.97,0
e2-nio-100,binary,100,bot_63,3623,w,15,24.14,25,86.76,115,28.24,0
e2-nio-100,binary,100,bot_63,3623,w,17,21.21,25,121.54,153,31.46,0
e2-nio-100,binary,100,bot_63,3623,w,19,17.97,25,144.24,167,22.76,0
e2-nio-100,binary,100,bot_63,3623,w,21,13.03,25,167.15,182,14.85,0
e2-nio-100,binary,100,bot_63,3623,w,23,75,25,91.27,177,85.73,0
e2-nio-100,binary,100,bot_63,3623,w,25,72.35,25,116.99,185,68.01,0
e2-nio-100,binary,100,bot_63,3623,w,27,90.21,25,123.81,202,78.19,0
e2-nio-100,binary,100,bot_63,3623,w,29,71.74,25,95.35,160,64.65,0
e2-nio-100,binary,100,bot_63,3623,w,31,63.57,25,111.58,157,45.42,0
e2-nio-100,binary,100,bot_63,3623,w,33,31.3,25,182.76,250,67.24,0
e2-nio-100,binary,100,bot_63,3623,w,35,40.89,25,184.25,228,43.75,0
e2-nio-100,binary,100,bot_63,3623,w,37,40.79,25,200.44,231,30.56,0
e2-nio-100,binary,100,bot_63,3623,w,39,28.48,25,186.42,206,19.58,0
e2-nio-100,binary,100,bot_63,3623,w,41,28.82,25,211.52,233,21.48,0
e2-nio-100,binary,100,bot_63,3623,w,43,23.52,25,208.89,235,26.11,0
e2-nio-100,binary,100,bot_63,3623,w,45,28.73,25,236.34,251,14.66,0
e2-nio-100,binary,100,bot_63,3623,w,47,71.73,25,125.74,218,92.26,0
e2-nio-100,binary,100,bot_63,3623,w,49,53.86,25,150.61,208,57.39,0
e2-nio-100,binary,100,bot_63,3623,w,51,48.17,25,138.52,198,59.48,0
e2-nio-100,binary,100,bot_63,3623,w,53,35.84,25,143.89,186,42.11,0
e2-nio-100,binary,100,bot_63,3623,w,55,60.53,25,169.82,204,34.18,0
e2-nio-100,binary,100,bot_63,3623,w,57,53.17,25,150.14,184,33.86,0
e2-nio-100,binary,100,bot_63,3623,w,59,30.34,25,158.69,181,22.31,0
e2-nio-100,binary,100,bot_64,3623,b,2,4.31,25,56.16,72,15.84,0
e2-nio-100,binary,100,bot_64,3623,b,4,23.55,25,72.55,98,25.45,0
e2-nio-100,binary,100,bot_64,3623,b,6,21.78,25,82.82,95,12.18,0
e2-nio-100,binary,100,bot_64,3623,b,8,44.38,25,73.87,119,45.13,0
e2-nio-100,binary,100,bot_64,3623,b,10,39.46,25,76.66,106,29.34,0
e2-nio-100,binary,100,bot_64,3623,b,12,36.52,25,78.64,105,26.36,0
e2-nio-100,binary,100,bot_64,3623,b,14,29.05,25,95.7,118,22.3,0
e2-nio-100,binary,100,bot_64,3623,b,16,32.59,25,112.05,128,15.95,0
e2-nio-100,binary,100,bot_64,3623,b,18,23.58,25,108.49,122,13.51,0
e2-nio-100,binary,100,bot_64,3623,b,20,15.7,25,148.83,158,9.17,0
e2-nio-100,binary,100,bot_64,3623,b,22,86.55,25,170.8,176,5.2,0
e2-nio-100,binary,100,bot_64,3623,b,24,68.81,25,103.2,170,66.8,0
e2-nio-100,binary,100,bot_64,3623,b,26,79.27,25,110.29,175,64.71,0
e2-nio-100,binary,100,bot_64,3623,b,28,65.78,25,110.58,193,82.42,0
e2-nio-100,binary,100,bot_64,3623,b,30,47.14,25,112.46,176,63.54,0
e2-nio-100,binary,100,bot_64,3623,b,32,79.87,25,155.95,212,56.05,0
e2-nio-100,binary,100,bot_64,3623,b,34,57,25,147.11,159,11.89,0
e2-nio-100,binary,100,bot_64,3623,b,36,44.53,25,188.74,212,23.26,0
e2-nio-100,binary,100,bot_64,3623,b,38,32.71,25,166,188,22,0
e2-nio-100,binary,100,bot_64,3623,b,40,34.89,25,198.6,208,9.4,0
e2-nio-100,binary,100,bot_64,3623,b,42,39.35,25,229.32,238,8.68,0
e2-nio-100,binary,100,bot_64,3623,b,44,26.9,25,237.31,241,3.69,0
e2-nio-100,binary,100,bot_64,3623,b,46,104.65,25,210.6,221,10.4,0
e2-nio-100,binary,100,bot_64,3623,b,48,70.1,25,176.06,229,52.94,0
e2-nio-100,binary,100,bot_64,3623,b,50,73.84,25,164.67,200,35.33,0
e2-nio-100,binary,100,bot_64,3623,b,52,54.95,25,145.73,175,29.27,0
e2-nio-100,binary,100,bot_64,3623,b,54,56.95,25,150.91,168,17.09,0
e2-nio-100,binary,100,bot_64,3623,b,56,56.97,25,158.56,192,33.44,0
e2-nio-100,binary,100,bot_64,3623,b,58,45.35,25,157.23,183,25.77,0
e2-nio-100,binary,100,bot_64,3623,b,60,45.64,25,139.2,143,3.8,0
e2-nio-100,binary,100,bot_65,3624,w,1,14.64,25,64.31,71,6.69,0
e2-nio-100,binary,100,bot_65,3624,w,3,8.77,25,79.84,84,4.16,0
e2-nio-100,binary,100,bot_65,3624,w,5,8.51,25,98.76,99,0.24,0
e2-nio-100,binary,100,bot_65,3624,w,7,8.24,25,107.76,113,5.24,0
e2-nio-100,binary,100,bot_65,3624,w,9,27.31,25,71.74,109,37.26,0
e2-nio-100,binary,100,bot_65,3624,w,11,34.88,25,76.46,101,24.54,0
e2-nio-100,binary,100,bot_65,3624,w,13,29.76,25,82.26,114,31.74,0
e2-nio-100,binary,100,bot_65,3624,w,15,33.7,25,115.91,137,21.09,0
e2-nio-100,binary,100,bot_65,3624,w,17,30.38,25,112.2,129,16.8,0
e2-nio-100,binary,100,bot_65,3624,w,19,29.12,25,141.91,161,19.09,0
e2-nio-100,binary,100,bot_65,3624,w,21,25.29,25,144.54,161,16.46,0
e2-nio-100,binary,100,bot_65,3624,w,23,19.65,25,153,163,10,0
e2-nio-100,binary,100,bot_65,3624,w,25,82.63,25,173.93,178,4.07,0
e2-nio-100,binary,100,bot_65,3624,w,27,52.07,25,106.18,166,59.82,0
e2-nio-100,binary,100,bot_65,3624,w,29,46.21,25,103.55,148,44.45,0
e2-nio-100,binary,100,bot_65,3624,w,31,64.97,25,174.27,218,43.73,0
e2-nio-100,binary,100,bot_65,3624,w,33,65.05,25,174.92,191,16.08,0
e2-nio-100,binary,100,bot_65,3624,w,35,44.29,25,176.48,215,38.52,0
e2-nio-100,binary,100,bot_65,3624,w,37,42.98,25,153.18,179,25.82,0
e2-nio-100,binary,100,bot_65,3624,w,39,31.7,25,183.8,208,24.2,0
e2-nio-100,binary,100,bot_65,3624,w,41,36.15,25,240.3,250,9.7,0
e2-nio-100,binary,100,bot_65,3624,w,43,23.1,25,233.11,243,9.89,0
e2-nio-100,binary,100,bot_65,3624,w,45,20.63,25,210.38,205,-5.38,0
e2-nio-100,binary,100,bot_65,3624,w,47,9.12,25,238.24,227,-11.24,0
e2-nio-100,binary,100,bot_65,3624,w,49,100.39,25,115.92,229,113.08,0
e2-nio-100,binary,100,bot_65,3624,w,51,100.23,25,96.51,179,82.49,0
e2-nio-100,binary,100,bot_65,3624,w,53,105.25,25,133.38,203,69.62,0
e2-nio-100,binary,100,bot_65,3624,w,55,99.27,25,114.19,198,83.81,0
e2-nio-100,binary,100,bot_65,3624,w,57,82.6,25,117.19,182,64.81,0
e2-nio-100,binary,100,bot_65,3624,w,59,60.99,25,123.85,174,50.15,0
e2-nio-100,binary,100,bot_66,3624,b,2,17.59,25,90.82,90,-0.82,0
e2-nio-100,binary,100,bot_66,3624,b,4,14.69,25,83.56,78,-5.56,0
e2-nio-100,binary,100,bot_66,3624,b,6,21.49,25,127.2,122,-5.2,0
e2-nio-100,binary,100,bot_66,3624,b,8,51.54,25,114.44,109,-5.44,0
e2-nio-100,binary,100,bot_66,3624,b,10,38.91,25,96.06,108,11.94,0
e2-nio-100,binary,100,bot_66,3624,b,12,45.03,25,94.32,115,20.68,0
e2-nio-100,binary,100,bot_66,3624,b,14,35.83,25,92.22,107,14.78,0
e2-nio-100,binary,100,bot_66,3624,b,16,31.93,25,107.12,126,18.88,0
e2-nio-100,binary,100,bot_66,3624,b,18,33.2,25,133.45,149,15.55,0
e2-nio-100,binary,100,bot_66,3624,b,20,30.13,25,160.79,175,14.21,0
e2-nio-100,binary,100,bot_66,3624,b,22,23.62,25,143.14,154,10.86,0
e2-nio-100,binary,100,bot_66,3624,b,24,18.21,25,171.73,177,5.27,0
e2-nio-100,binary,100,bot_66,3624,b,26,73.61,25,145.37,213,67.63,0
e2-nio-100,binary,100,bot_66,3624,b,28,58.87,25,114.79,152,37.21,0
e2-nio-100,binary,100,bot_66,3624,b,30,65.86,25,144.27,176,31.73,0
e2-nio-100,binary,100,bot_66,3624,b,32,39.19,25,139.07,181,41.93,0
e2-nio-100,binary,100,bot_66,3624,b,34,61.03,25,164.38,206,41.62,0
e2-nio-100,binary,100,bot_66,3624,b,36,48.72,25,188.35,209,20.65,0
e2-nio-100,binary,100,bot_66,3624,b,38,46.65,25,180.67,199,18.33,0
e2-nio-100,binary,100,bot_66,3624,b,40,32.17,25,222.54,230,7.46,0
e2-nio-100,binary,100,bot_66,3624,b,42,33.41,25,196.56,209,12.44,0
e2-nio-100,binary,100,bot_66,3624,b,44,18.18,25,249.09,248,-1.09,0
e2-nio-100,binary,100,bot_66,3624,b,46,12.11,25,184.07,182,-2.07,0
e2-nio-100,binary,100,bot_66,3624,b,48,136.13,25,195.91,181,-14.91,0
e2-nio-100,binary,100,bot_66,3624,b,50,105.08,25,89.54,165,75.46,0
e2-nio-100,binary,100,bot_66,3624,b,52,88.74,25,86.51,164,77.49,0
e2-nio-100,binary,100,bot_66,3624,b,54,102.14,25,119.59,206,86.41,0
e2-nio-100,binary,100,bot_66,3624,b,56,82.68,25,124.31,205,80.69,0
e2-nio-100,binary,100,bot_66,3624,b,58,67.68,25,98.12,162,63.88,0
e2-nio-100,binary,100,bot_66,3624,b,60,62.29,25,129.28,173,43.72,0
e2-nio-100,binary,100,bot_67,3625,w,1,42.36,25,87.28,81,-6.28,0
e2-nio-100,binary,100,bot_67,3625,w,3,28.92,25,65.19,85,19.81,0
e2-nio-100,binary,100,bot_67,3625,w,5,68.15,25,98.68,116,17.32,0
e2-nio-100,binary,100,bot_67,3625,w,7,13.52,25,107.18,111,3.82,0
e2-nio-100,binary,100,bot_67,3625,w,9,39.51,25,76.91,110,33.09,0
e2-nio-100,binary,100,bot_67,3625,w,11,41.09,25,85.14,117,31.86,0
e2-nio-100,binary,100,bot_67,3625,w,13,30.69,25,79.77,103,23.23,0
e2-nio-100,binary,100,bot_67,3625,w,15,27.58,25,115.07,145,29.93,0
e2-nio-100,binary,100,bot_67,3625,w,17,28.9,25,132.94,151,18.06,0
e2-nio-100,binary,100,bot_67,3625,w,19,26.45,25,154,166,12,0
e2-nio-100,binary,100,bot_67,3625,w,21,18.07,25,142.88,154,11.12,0
e2-nio-100,binary,100,bot_67,3625,w,23,12.78,25,162.11,162,-0.11,0
e2-nio-100,binary,100,bot_67,3625,w,25,119.12,25,94.77,185,90.23,0
e2-nio-100,binary,100,bot_67,3625,w,27,84.44,25,83.97,149,65.03,0
e2-nio-100,binary,100,bot_67,3625,w,29,81.63,25,92.24,141,48.76,0
e2-nio-100,binary,100,bot_67,3625,w,31,60.42,25,157.78,231,73.22,0
e2-nio-100,binary,100,bot_67,3625,w,33,75.47,25,148.68,218,69.32,0
e2-nio-100,binary,100,bot_67,3625,w,35,75.78,25,164.26,221,56.74,0
e2-nio-100,binary,100,bot_67,3625,w,37,54.42,25,163.01,202,38.99,0
e2-nio-100,binary,100,bot_67,3625,w,39,65.48,25,177.46,217,39.54,0
e2-nio-100,binary,100,bot_67,3625,w,41,50.45,25,181.3,235,53.7,0
e2-nio-100,binary,100,bot_67,3625,w,43,63.53,25,198.15,241,42.85,0
e2-nio-100,binary,100,bot_67,3625,w,45,33.08,25,179.5,199,19.5,0
e2-nio-100,binary,100,bot_67,3625,w,47,28.76,25,197.57,226,28.43,0
e2-nio-100,binary,100,bot_67,3625,w,49,21.2,25,189.3,203,13.7,0
e2-nio-100,binary,100,bot_67,3625,w,51,45.92,25,135.11,196,60.89,0
e2-nio-100,binary,100,bot_67,3625,w,53,57.48,25,172.6,216,43.4,0
e2-nio-100,binary,100,bot_67,3625,w,55,50.5,25,152.9,181,28.1,0
e2-nio-100,binary,100,bot_67,3625,w,57,28.28,25,160.64,177,16.36,0
e2-nio-100,binary,100,bot_67,3625,w,59,28.47,25,146.88,162,15.12,0
e2-nio-100,binary,100,bot_68,3625,b,2,30.77,25,67.27,99,31.73,0
e2-nio-100,binary,100,bot_68,3625,b,4,28.67,25,75.64,93,17.36,0
e2-nio-100,binary,100,bot_68,3625,b,6,14.7,25,65.67,123,57.33,0
e2-nio-100,binary,100,bot_68,3625,b,8,44.64,25,111.56,113,1.44,0
e2-nio-100,binary,100,bot_68,3625,b,10,42.54,25,72.84,101,28.16,0
e2-nio-100,binary,100,bot_68,3625,b,12,34.34,25,90.38,119,28.62,0
e2-nio-100,binary,100,bot_68,3625,b,14,41.44,25,103.06,122,18.94,0
e2-nio-100,binary,100,bot_68,3625,b,16,28.74,25,103.49,120,16.51,0
e2-nio-100,binary,100,bot_68,3625,b,18,22.89,25,142.2,159,16.8,0
e2-nio-100,binary,100,bot_68,3625,b,20,22.58,25,161.13,176,14.87,0
e2-nio-100,binary,100,bot_68,3625,b,22,11.88,25,167.96,174,6.04,0
e2-nio-100,binary,100,bot_68,3625,b,24,101.47,25,172.48,173,0.52,0
e2-nio-100,binary,100,bot_68,3625,b,26,76.56,25,99.91,208,108.09,0
e2-nio-100,binary,100,bot_68,3625,b,28,59.09,25,100.51,173,72.49,0
e2-nio-100,binary,100,bot_68,3625,b,30,92.71,25,136.33,205,68.67,0
e2-nio-100,binary,100,bot_68,3625,b,32,88.55,25,116.13,157,40.87,0
e2-nio-100,binary,100,bot_68,3625,b,34,75.16,25,159.35,215,55.65,0
e2-nio-100,binary,100,bot_68,3625,b,36,57.92,25,140.75,196,55.25,0
e2-nio-100,binary,100,bot_68,3625,b,38,58.61,25,172.11,206,33.89,0
e2-nio-100,binary,100,bot_68,3625,b,40,72.15,25,194.58,240,45.42,0
e2-nio-100,binary,100,bot_68,3625,b,42,62.55,25,204.34,235,30.66,0
e2-nio-100,binary,100,bot_68,3625,b,44,39.53,25,189.37,233,43.63,0
e2-nio-100,binary,100,bot_68,3625,b,46,46.35,25,194.8,208,13.2,0
e2-nio-100,binary,100,bot_68,3625,b,48,32.27,25,181.72,191,9.28,0
e2-nio-100,binary,100,bot_68,3625,b,50,80,25,178.6,179,0.4,0
e2-nio-100,binary,100,bot_68,3625,b,52,70.54,25,139.66,165,25.34,0
e2-nio-100,binary,100,bot_68,3625,b,54,54.83,25,160.64,190,29.36,0
e2-nio-100,binary,100,bot_68,3625,b,56,42.83,25,159.7,182,22.3,0
e2-nio-100,binary,100,bot_68,3625,b,58,42.63,25,142.37,143,0.63,0
e2-nio-100,binary,100,bot_68,3625,b,60,32.4,25,171.78,172,0.22,0
e2-nio-100,binary,100,bot_69,3626,w,1,22.55,25,79.48,116,36.52,0
e2-nio-100,binary,100,bot_69,3626,w,3,28.16,25,73.23,103,29.77,0
e2-nio-100,binary,100,bot_69,3626,w,5,19.17,25,124.21,155,30.79,0
e2-nio-100,binary,100,bot_69,3626,w,7,21.83,25,108.89,130,21.11,0
e2-nio-100,binary,100,bot_69,3626,w,9,22.28,25,112.96,125,12.04,0
e2-nio-100,binary,100,bot_69,3626,w,11,25.53,25,114.04,136,21.96,0
e2-nio-100,binary,100,bot_69,3626,w,13,15.55,25,112.31,128,15.69,0
e2-nio-100,binary,100,bot_69,3626,w,15,13.34,25,125.82,140,14.18,0
e2-nio-100,binary,100,bot_69,3626,w,17,70.11,25,96.37,181,84.63,0
e2-nio-100,binary,100,bot_69,3626,w,19,62.24,25,118.39,196,77.61,0
e2-nio-100,binary,100,bot_69,3626,w,21,64.36,25,116.85,173,56.15,0
e2-nio-100,binary,100,bot_69,3626,w,23,51.28,25,132.27,194,61.73,0
e2-nio-100,binary,100,bot_69,3626,w,25,44.99,25,172.69,218,45.31,0
e2-nio-100,binary,100,bot_69,3626,w,27,41.94,25,133.16,163,29.84,0
e2-nio-100,binary,100,bot_69,3626,w,29,38.25,25,173.16,201,27.84,0
e2-nio-100,binary,100,bot_69,3626,w,31,23.22,25,155.08,178,22.92,0
e2-nio-100,binary,100,bot_69,3626,w,33,32.69,25,194.04,219,24.96,0
e2-nio-100,binary,100,bot_69,3626,w,35,20.17,25,216.13,225,8.87,0
e2-nio-100,binary,100,bot_69,3626,w,37,17.23,25,209.4,215,5.6,0
e2-nio-100,binary,100,bot_69,3626,w,39,167.72,25,244.36,242,-2.36,0
e2-nio-100,binary,100,bot_69,3626,w,41,146.88,25,120.14,219,98.86,0
e2-nio-100,binary,100,bot_69,3626,w,43,107.47,25,128.03,251,122.97,0
e2-nio-100,binary,100,bot_69,3626,w,45,119.95,25,115.84,192,76.16,0
e2-nio-100,binary,100,bot_69,3626,w,47,97.5,25,111.84,199,87.16,0
e2-nio-100,binary,100,bot_69,3626,w,49,69.6,25,122.39,179,56.61,0
e2-nio-100,binary,100,bot_69,3626,w,51,61.26,25,116.6,183,66.4,0
e2-nio-100,binary,100,bot_69,3626,w,53,71.61,25,149.87,205,55.13,0
e2-nio-100,binary,100,bot_69,3626,w,55,60.99,25,147.44,201,53.56,0
e2-nio-100,binary,100,bot_69,3626,w,57,46.12,25,119.37,168,48.63,0
e2-nio-100,binary,100,bot_69,3626,w,59,31.97,25,158.94,188,29.06,0
e2-nio-100,binary,100,bot_70,3626,b,2,29.89,25,67.16,81,13.84,0
e2-nio-100,binary,100,bot_70,3626,b,4,32.08,25,79.2,98,18.8,0
e2-nio-100,binary,100,bot_70,3626,b,6,22.02,25,93.36,103,9.64,0
e2-nio-100,binary,100,bot_70,3626,b,8,12.62,25,83.95,98,14.05,0
e2-nio-100,binary,100,bot_70,3626,b,10,22.35,25,90.8,102,11.2,0
e2-nio-100,binary,100,bot_70,3626,b,12,16.86,25,94.5,113,18.5,0
e2-nio-100,binary,100,bot_70,3626,b,14,15.52,25,134.06,140,5.94,0
e2-nio-100,binary,100,bot_70,3626,b,16,85.11,25,130.74,136,5.26,0
e2-nio-100,binary,100,bot_70,3626,b,18,78.63,25,102.93,164,61.07,0
e2-nio-100,binary,100,bot_70,3626,b,20,57.7,25,103.84,157,53.16,0
e2-nio-100,binary,100,bot_70,3626,b,22,61.68,25,111.9,167,55.1,0
e2-nio-100,binary,100,bot_70,3626,b,24,47.71,25,135.21,178,42.79,0
e2-nio-100,binary,100,bot_70,3626,b,26,30.84,25,127.04,164,36.96,0
e2-nio-100,binary,100,bot_70,3626,b,28,28.89,25,119.17,152,32.83,0
e2-nio-100,binary,100,bot_70,3626,b,30,37.8,25,201.5,221,19.5,0
e2-nio-100,binary,100,bot_70,3626,b,32,38.3,25,200.22,204,3.78,0
e2-nio-100,binary,100,bot_70,3626,b,34,23.37,25,196.51,209,12.49,0
e2-nio-100,binary,100,bot_70,3626,b,36,20.19,25,177.25,177,-0.25,0
e2-nio-100,binary,100,bot_70,3626,b,38,11.33,25,203.58,201,-2.58,0
e2-nio-100,binary,100,bot_70,3626,b,40,114.58,25,119.35,268,148.65,0
e2-nio-100,binary,100,bot_70,3626,b,42,137.06,25,120.32,247,126.68,0
e2-nio-100,binary,100,bot_70,3626,b,44,90.12,25,123.72,212,88.28,0
e2-nio-100,binary,100,bot_70,3626,b,46,101.7,25,128.98,230,101.02,0
e2-nio-100,binary,100,bot_70,3626,b,48,70.61,25,144.55,223,78.45,0
e2-nio-100,binary,100,bot_70,3626,b,50,80.29,25,118.88,168,49.12,0
e2-nio-100,binary,100,bot_70,3626,b,52,66.79,25,169.14,214,44.86,0
e2-nio-100,binary,100,bot_70,3626,b,54,64.77,25,146.6,200,53.4,0
e2-nio-100,binary,100,bot_70,3626,b,56,61.28,25,138.18,183,44.82,0
e2-nio-100,binary,100,bot_70,3626,b,58,41.21,25,143.35,173,29.65,0
e2-nio-100,binary,100,bot_70,3626,b,60,39.78,25,168.62,184,15.38,0
e2-nio-100,binary,100,bot_71,3627,w,1,31.24,25,65.95,74,8.05,0
e2-nio-100,binary,100,bot_71,3627,w,3,32.69,25,78.16,86,7.84,0
e2-nio-100,binary,100,bot_71,3627,w,5,24.12,25,91.06,92,0.94,0
e2-nio-100,binary,100,bot_71,3627,w,7,13.89,25,82.96,86,3.04,0
e2-nio-100,binary,100,bot_71,3627,w,9,23.3,25,89.61,94,4.39,0
e2-nio-100,binary,100,bot_71,3627,w,11,17.78,25,93.71,101,7.29,0
e2-nio-100,binary,100,bot_71,3627,w,13,17.41,25,132.44,130,-2.44,0
e2-nio-100,binary,100,bot_71,3627,w,15,12.26,25,129.1,124,-5.1,0
e2-nio-100,binary,100,bot_71,3627,w,17,81.41,25,100.66,162,61.34,0
e2-nio-100,binary,100,bot_71,3627,w,19,59.05,25,102.66,147,44.34,0
e2-nio-100,binary,100,bot_71,3627,w,21,63.55,25,110.15,157,46.85,0
e2-nio-100,binary,100,bot_71,3627,w,23,49.49,25,133.58,167,33.42,0
e2-nio-100,binary,100,bot_71,3627,w,25,32.03,25,126.03,152,25.97,0
e2-nio-100,binary,100,bot_71,3627,w,27,31.1,25,117.16,141,23.84,0
e2-nio-100,binary,100,bot_71,3627,w,29,39.65,25,199.71,213,13.29,0
e2-nio-100,binary,100,bot_71,3627,w,31,41.03,25,197.84,195,-2.84,0
e2-nio-100,binary,100,bot_71,3627,w,33,23.5,25,196.88,204,7.12,0
e2-nio-100,binary,100,bot_71,3627,w,35,22.22,25,175.07,170,-5.07,0
e2-nio-100,binary,100,bot_71,3627,w,37,13.14,25,202.32,193,-9.32,0
e2-nio-100,binary,100,bot_71,3627,w,39,122.83,25,266.76,253,-13.76,0
e2-nio-100,binary,100,bot_71,3627,w,41,141.43,25,115.86,237,121.14,0
e2-nio-100,binary,100,bot_71,3627,w,43,93.36,25,120.84,205,84.16,0
e2-nio-100,binary,100,bot_71,3627,w,45,104.56,25,125.82,223,97.18,0
e2-nio-100,binary,100,bot_71,3627,w,47,74.15,25,140.92,213,72.08,0
e2-nio-100,binary,100,bot_71,3627,w,49,84.02,25,114.52,161,46.48,0
e2-nio-100,binary,100,bot_71,3627,w,51,76.06,25,160.35,204,43.65,0
e2-nio-100,binary,100,bot_71,3627,w,53,74.1,25,137.61,191,53.39,0
e2-nio-100,binary,100,bot_71,3627,w,55,66.74,25,132.85,177,44.15,0
e2-nio-100,binary,100,bot_71,3627,w,57,46.29,25,138.29,168,29.71,0
e2-nio-100,binary,100,bot_71,3627,w,59,48.82,25,159.68,176,16.32,0
e2-nio-100,binary,100,bot_72,3627,b,2,29.54,25,71.84,91,19.16,0
e2-nio-100,binary,100,bot_72,3627,b,4,21.35,25,122.2,142,19.8,0
e2-nio-100,binary,100,bot_72,3627,b,6,23.86,25,106.87,117,10.13,0
e2-nio-100,binary,100,bot_72,3627,b,8,25.54,25,109.68,112,2.32,0
e2-nio-100,binary,100,bot_72,3627,b,10,28.12,25,111.45,122,10.55,0
e2-nio-100,binary,100,bot_72,3627,b,12,18.01,25,109.8,115,5.2,0
e2-nio-100,binary,100,bot_72,3627,b,14,16.34,25,122.71,127,4.29,0
e2-nio-100,binary,100,bot_72,3627,b,16,82.54,25,158.03,157,-1.03,0
e2-nio-100,binary,100,bot_72,3627,b,18,65.39,25,115.15,184,68.85,0
e2-nio-100,binary,100,bot_72,3627,b,20,67.05,25,114.17,161,46.83,0
e2-nio-100,binary,100,bot_72,3627,b,22,53.78,25,129.75,180,50.25,0
e2-nio-100,binary,100,bot_72,3627,b,24,47.8,25,169.91,206,36.09,0
e2-nio-100,binary,100,bot_72,3627,b,26,45.03,25,130.01,149,18.99,0
e2-nio-100,binary,100,bot_72,3627,b,28,41.45,25,169.88,188,18.12,0
e2-nio-100,binary,100,bot_72,3627,b,30,26.07,25,152.16,169,16.84,0
e2-nio-100,binary,100,bot_72,3627,b,32,35.94,25,190.6,210,19.4,0
e2-nio-100,binary,100,bot_72,3627,b,34,22.54,25,213.73,216,2.27,0
e2-nio-100,binary,100,bot_72,3627,b,36,20.59,25,205.89,206,0.11,0
e2-nio-100,binary,100,bot_72,3627,b,38,15.03,25,240.88,232,-8.88,0
e2-nio-100,binary,100,bot_72,3627,b,40,150.08,25,117,218,101,0
e2-nio-100,binary,100,bot_72,3627,b,42,111.64,25,123.89,243,119.11,0
e2-nio-100,binary,100,bot_72,3627,b,44,125.03,25,110.48,181,70.52,0
e2-nio-100,binary,100,bot_72,3627,b,46,101.68,25,107.92,191,83.08,0
e2-nio-100,binary,100,bot_72,3627,b,48,75.75,25,116.64,170,53.36,0
e2-nio-100,binary,100,bot_72,3627,b,50,66.65,25,110.77,173,62.23,0
e2-nio-100,binary,100,bot_72,3627,b,52,76.16,25,145.54,204,58.46,0
e2-nio-100,binary,100,bot_72,3627,b,54,65.92,25,142.07,197,54.93,0
e2-nio-100,binary,100,bot_72,3627,b,56,52.71,25,112.82,162,49.18,0
e2-nio-100,binary,100,bot_72,3627,b,58,40.25,25,150.19,179,28.81,0
e2-nio-100,binary,100,bot_72,3627,b,60,32.64,25,139.56,171,31.44,0
e2-nio-100,binary,100,bot_73,3628,w,1,34.06,25,67.84,88,20.16,0
e2-nio-100,binary,100,bot_73,3628,w,3,25.48,25,119,136,17,0
e2-nio-100,binary,100,bot_73,3628,w,5,29.53,25,101.03,109,7.97,0
e2-nio-100,binary,100,bot_73,3628,w,7,29.28,25,105.81,106,0.19,0
e2-nio-100,binary,100,bot_73,3628,w,9,32.6,25,106.55,115,8.45,0
e2-nio-100,binary,100,bot_73,3628,w,11,22.03,25,106.03,109,2.97,0
e2-nio-100,binary,100,bot_73,3628,w,13,20.64,25,117.98,124,6.02,0
e2-nio-100,binary,100,bot_73,3628,w,15,15.76,25,150.98,151,0.02,0
e2-nio-100,binary,100,bot_73,3628,w,17,84.96,25,179.37,176,-3.37,0
e2-nio-100,binary,100,bot_73,3628,w,19,71.52,25,109.88,153,43.12,0
e2-nio-100,binary,100,bot_73,3628,w,21,60,25,123.72,176,52.28,0
e2-nio-100,binary,100,bot_73,3628,w,23,53.89,25,164.13,199,34.87,0
e2-nio-100,binary,100,bot_73,3628,w,25,49.15,25,125.55,142,16.45,0
e2-nio-100,binary,100,bot_73,3628,w,27,47.98,25,162.88,179,16.13,0
e2-nio-100,binary,100,bot_73,3628,w,29,29.79,25,148.36,167,18.64,0
e2-nio-100,binary,100,bot_73,3628,w,31,42.9,25,183.12,205,21.88,0
e2-nio-100,binary,100,bot_73,3628,w,33,29.29,25,207.23,205,-2.23,0
e2-nio-100,binary,100,bot_73,3628,w,35,28.26,25,198.11,196,-2.11,0
e2-nio-100,binary,100,bot_73,3628,w,37,21.32,25,233.9,224,-9.9,0
e2-nio-100,binary,100,bot_73,3628,w,39,13.04,25,216.87,204,-12.87,0
e2-nio-100,binary,100,bot_73,3628,w,41,118.23,25,118.14,253,134.86,0
e2-nio-100,binary,100,bot_73,3628,w,43,132.13,25,103,175,72,0
e2-nio-100,binary,100,bot_73,3628,w,45,105.55,25,104.05,187,82.95,0
e2-nio-100,binary,100,bot_73,3628,w,47,79.56,25,113.23,163,49.77,0
e2-nio-100,binary,100,bot_73,3628,w,49,66.64,25,110.58,169,58.42,0
e2-nio-100,binary,100,bot_73,3628,w,51,78,25,143.8,203,59.2,0
e2-nio-100,binary,100,bot_73,3628,w,53,67.92,25,139.6,195,55.4,0
e2-nio-100,binary,100,bot_73,3628,w,55,55.88,25,109.55,158,48.45,0
e2-nio-100,binary,100,bot_73,3628,w,57,44.05,25,146.68,173,26.32,0
e2-nio-100,binary,100,bot_73,3628,w,59,40.49,25,131.91,162,30.09,0
e2-nio-100,binary,100,bot_74,3628,b,2,35.88,25,74.42,96,21.58,0
e2-nio-100,binary,100,bot_74,3628,b,4,28.72,25,86.32,100,13.68,0
e2-nio-100,binary,100,bot_74,3628,b,6,18.62,25,78.64,96,17.36,0
e2-nio-100,binary,100,bot_74,3628,b,8,26.99,25,85.48,102,16.52,0
e2-nio-100,binary,100,bot_74,3628,b,10,21.52,25,90.49,112,21.51,0
e2-nio-100,binary,100,bot_74,3628,b,12,24.27,25,125.77,135,9.23,0
e2-nio-100,binary,100,bot_74,3628,b,14,19.12,25,122.47,131,8.53,0
e2-nio-100,binary,100,bot_74,3628,b,16,15.21,25,155.68,160,4.32,0
e2-nio-100,binary,100,bot_74,3628,b,18,62.5,25,99.78,173,73.22,0
e2-nio-100,binary,100,bot_74,3628,b,20,70.69,25,102.74,162,59.26,0
e2-nio-100,binary,100,bot_74,3628,b,22,55.4,25,127.69,176,48.31,0
e2-nio-100,binary,100,bot_74,3628,b,24,36.95,25,121.16,164,42.84,0
e2-nio-100,binary,100,bot_74,3628,b,26,34.7,25,113.82,152,38.18,0
e2-nio-100,binary,100,bot_74,3628,b,28,45.79,25,193.58,221,27.42,0
e2-nio-100,binary,100,bot_74,3628,b,30,48.04,25,191.12,199,7.88,0
e2-nio-100,binary,100,bot_74,3628,b,32,26.24,25,194.29,216,21.71,0
e2-nio-100,binary,100,bot_74,3628,b,34,24.68,25,172.48,180,7.52,0
e2-nio-100,binary,100,bot_74,3628,b,36,17.6,25,198.11,204,5.89,0
e2-nio-100,binary,100,bot_74,3628,b,38,14.34,25,261.22,261,-0.22,0
e2-nio-100,binary,100,bot_74,3628,b,40,161.4,25,246.31,238,-8.31,0
e2-nio-100,binary,100,bot_74,3628,b,42,99.58,25,114.88,211,96.12,0
e2-nio-100,binary,100,bot_74,3628,b,44,109.69,25,120.92,231,110.08,0
e2-nio-100,binary,100,bot_74,3628,b,46,76.71,25,138.32,222,83.68,0
e2-nio-100,binary,100,bot_74,3628,b,48,85.99,25,112.25,170,57.75,0
e2-nio-100,binary,100,bot_74,3628,b,50,80.11,25,156.51,205,48.49,0
e2-nio-100,binary,100,bot_74,3628,b,52,78.33,25,133.52,193,59.48,0
e2-nio-100,binary,100,bot_74,3628,b,54,70.47,25,129.1,179,49.9,0
e2-nio-100,binary,100,bot_74,3628,b,56,48.51,25,136.14,174,37.86,0
e2-nio-100,binary,100,bot_74,3628,b,58,52.2,25,155.24,181,25.76,0
e2-nio-100,binary,100,bot_74,3628,b,60,39.67,25,172.15,195,22.85,0
e2-nio-100,binary,100,bot_75,3629,w,1,17.74,25,89.82,96,6.18,0
e2-nio-100,binary,100,bot_75,3629,w,3,15.59,25,102.28,113,10.72,0
e2-nio-100,binary,100,bot_75,3629,w,5,18.98,25,96.76,97,0.24,0
e2-nio-100,binary,100,bot_75,3629,w,7,10.13,25,104.11,103,-1.11,0
e2-nio-100,binary,100,bot_75,3629,w,9,40.52,25,73.64,117,43.36,0
e2-nio-100,binary,100,bot_75,3629,w,11,46.75,25,102.55,139,36.45,0
e2-nio-100,binary,100,bot_75,3629,w,13,45.39,25,97.26,121,23.74,0
e2-nio-100,binary,100,bot_75,3629,w,15,43.39,25,127.2,156,28.8,0
e2-nio-100,binary,100,bot_75,3629,w,17,37.84,25,132.02,159,26.98,0
e2-nio-100,binary,100,bot_75,3629,w,19,31.62,25,140.86,165,24.14,0
e2-nio-100,binary,100,bot_75,3629,w,21,29.86,25,156.67,171,14.33,0
e2-nio-100,binary,100,bot_75,3629,w,23,28.46,25,149.99,164,14.01,0
e2-nio-100,binary,100,bot_75,3629,w,25,13.97,25,145.74,143,-2.74,0
e2-nio-100,binary,100,bot_75,3629,w,27,18.3,25,210.62,214,3.38,0
e2-nio-100,binary,100,bot_75,3629,w,29,53.45,25,150.74,153,2.26,0
e2-nio-100,binary,100,bot_75,3629,w,31,40.67,25,192.45,202,9.55,0
e2-nio-100,binary,100,bot_75,3629,w,33,29.65,25,169.1,180,10.9,0
e2-nio-100,binary,100,bot_75,3629,w,35,30.36,25,203.25,205,1.75,0
e2-nio-100,binary,100,bot_75,3629,w,37,33.46,25,235.31,237,1.69,0
e2-nio-100,binary,100,bot_75,3629,w,39,19.48,25,244.68,240,-4.68,0
e2-nio-100,binary,100,bot_75,3629,w,41,85.36,25,146.77,231,84.23,0
e2-nio-100,binary,100,bot_75,3629,w,43,64.58,25,181.59,226,44.41,0
e2-nio-100,binary,100,bot_75,3629,w,45,67.81,25,170.78,195,24.22,0
e2-nio-100,binary,100,bot_75,3629,w,47,51.47,25,149.21,168,18.79,0
e2-nio-100,binary,100,bot_75,3629,w,49,52.44,25,156.05,163,6.95,0
e2-nio-100,binary,100,bot_75,3629,w,51,49.21,25,166.27,187,20.73,0
e2-nio-100,binary,100,bot_75,3629,w,53,39.36,25,163.14,176,12.86,0
e2-nio-100,binary,100,bot_75,3629,w,55,38.44,25,146.67,141,-5.67,0
e2-nio-100,binary,100,bot_75,3629,w,57,27.72,25,176.43,167,-9.43,0
e2-nio-100,binary,100,bot_75,3629,w,59,20.2,25,161.86,152,-9.86,0
e2-nio-100,binary,100,bot_76,3629,b,2,30.16,25,116.95,119,2.05,0
e2-nio-100,binary,100,bot_76,3629,b,4,17.61,25,103.04,103,-0.04,0
e2-nio-100,binary,100,bot_76,3629,b,6,18.15,25,100.51,104,3.49,0
e2-nio-100,binary,100,bot_76,3629,b,8,61.06,25,117.2,112,-5.2,0
e2-nio-100,binary,100,bot_76,3629,b,10,54.67,25,72.98,98,25.02,0
e2-nio-100,binary,100,bot_76,3629,b,12,42.67,25,96.24,128,31.76,0
e2-nio-100,binary,100,bot_76,3629,b,14,47.85,25,120.03,150,29.97,0
e2-nio-100,binary,100,bot_76,3629,b,16,46.09,25,144.05,171,26.95,0
e2-nio-100,binary,100,bot_76,3629,b,18,41.93,25,124.89,148,23.11,0
e2-nio-100,binary,100,bot_76,3629,b,20,32.78,25,156.02,172,15.98,0
e2-nio-100,binary,100,bot_76,3629,b,22,31.79,25,183.45,197,13.55,0
e2-nio-100,binary,100,bot_76,3629,b,24,15.1,25,148.66,162,13.34,0
e2-nio-100,binary,100,bot_76,3629,b,26,20.32,25,158.48,156,-2.48,0
e2-nio-100,binary,100,bot_76,3629,b,28,28.85,25,184.01,177,-7.01,0
e2-nio-100,binary,100,bot_76,3629,b,30,34.84,25,190.35,219,28.65,0
e2-nio-100,binary,100,bot_76,3629,b,32,36.38,25,205.02,220,14.98,0
e2-nio-100,binary,100,bot_76,3629,b,34,27.7,25,186.51,191,4.49,0
e2-nio-100,binary,100,bot_76,3629,b,36,26.68,25,213.32,218,4.68,0
e2-nio-100,binary,100,bot_76,3629,b,38,21.61,25,210.83,219,8.17,0
e2-nio-100,binary,100,bot_76,3629,b,40,108.76,25,240.34,234,-6.34,0
e2-nio-100,binary,100,bot_76,3629,b,42,69.74,25,126.77,188,61.23,0
e2-nio-100,binary,100,bot_76,3629,b,44,50.27,25,154.37,194,39.63,0
e2-nio-100,binary,100,bot_76,3629,b,46,45.46,25,141.2,184,42.8,0
e2-nio-100,binary,100,bot_76,3629,b,48,32.65,25,146.77,173,26.23,0
e2-nio-100,binary,100,bot_76,3629,b,50,52.46,25,177.18,199,21.82,0
e2-nio-100,binary,100,bot_76,3629,b,52,45.79,25,157.91,177,19.09,0
e2-nio-100,binary,100,bot_76,3629,b,54,25.28,25,163.49,171,7.51,0
e2-nio-100,binary,100,bot_76,3629,b,56,23.6,25,151.71,159,7.29,0
e2-nio-100,binary,100,bot_76,3629,b,58,24.54,25,174.38,172,-2.38,0
e2-nio-100,binary,100,bot_76,3629,b,60,13.74,25,167.56,157,-10.56,0
e2-nio-100,binary,100,bot_77,3630,w,1,32.93,25,114.42,120,5.58,0
e2-nio-100,binary,100,bot_77,3630,w,3,21.15,25,99.56,99,-0.56,0
e2-nio-100,binary,100,bot_77,3630,w,5,19.75,25,98.75,102,3.25,0
e2-nio-100,binary,100,bot_77,3630,w,7,12.42,25,112.85,107,-5.85,0
e2-nio-100,binary,100,bot_77,3630,w,9,66.46,25,102.83,93,-9.83,0
e2-nio-100,binary,100,bot_77,3630,w,11,47.49,25,91.55,126,34.45,0
e2-nio-100,binary,100,bot_77,3630,w,13,56.65,25,111.86,146,34.14,0
e2-nio-100,binary,100,bot_77,3630,w,15,55.23,25,135.32,168,32.68,0
e2-nio-100,binary,100,bot_77,3630,w,17,50.17,25,115.74,139,23.26,0
e2-nio-100,binary,100,bot_77,3630,w,19,41.81,25,146.95,162,15.05,0
e2-nio-100,binary,100,bot_77,3630,w,21,44.04,25,171.08,188,16.92,0
e2-nio-100,binary,100,bot_77,3630,w,23,26.99,25,136.89,153,16.11,0
e2-nio-100,binary,100,bot_77,3630,w,25,26.57,25,151.66,150,-1.66,0
e2-nio-100,binary,100,bot_77,3630,w,27,26.57,25,186.07,188,1.93,0
e2-nio-100,binary,100,bot_77,3630,w,29,32.91,25,192.23,214,21.77,0
e2-nio-100,binary,100,bot_77,3630,w,31,34.39,25,206.96,216,9.04,0
e2-nio-100,binary,100,bot_77,3630,w,33,25.17,25,188.93,190,1.07,0
e2-nio-100,binary,100,bot_77,3630,w,35,24.68,25,215.19,214,-1.19,0
e2-nio-100,binary,100,bot_77,3630,w,37,19.99,25,212.48,215,2.52,0
e2-nio-100,binary,100,bot_77,3630,w,39,81.97,25,187.5,255,67.5,0
e2-nio-100,binary,100,bot_77,3630,w,41,68.52,25,127.93,182,54.07,0
e2-nio-100,binary,100,bot_77,3630,w,43,48.93,25,155.77,189,33.23,0
e2-nio-100,binary,100,bot_77,3630,w,45,44.26,25,142.34,178,35.66,0
e2-nio-100,binary,100,bot_77,3630,w,47,31.72,25,147.56,168,20.44,0
e2-nio-100,binary,100,bot_77,3630,w,49,50.42,25,179,193,14,0
e2-nio-100,binary,100,bot_77,3630,w,51,43.86,25,159.89,169,9.11,0
e2-nio-100,binary,100,bot_77,3630,w,53,24.44,25,164.35,168,3.65,0
e2-nio-100,binary,100,bot_77,3630,w,55,22.43,25,152.8,154,1.2,0
e2-nio-100,binary,100,bot_77,3630,w,57,22.34,25,176.51,168,-8.51,0
e2-nio-100,binary,100,bot_77,3630,w,59,12.96,25,168.24,152,-16.24,0
e2-nio-100,binary,100,bot_78,3630,b,2,20.68,25,97.42,109,11.58,0
e2-nio-100,binary,100,bot_78,3630,b,4,24.19,25,91.47,91,-0.47,0
e2-nio-100,binary,100,bot_78,3630,b,6,14.76,25,99.54,98,-1.54,0
e2-nio-100,binary,100,bot_78,3630,b,8,11.47,25,113.25,105,-8.25,0
e2-nio-100,binary,100,bot_78,3630,b,10,56.3,25,93.03,138,44.97,0
e2-nio-100,binary,100,bot_78,3630,b,12,55.13,25,87.38,114,26.62,0
e2-nio-100,binary,100,bot_78,3630,b,14,53.33,25,116.44,152,35.56,0
e2-nio-100,binary,100,bot_78,3630,b,16,43.45,25,126.79,160,33.21,0
e2-nio-100,binary,100,bot_78,3630,b,18,37.03,25,135.71,164,28.29,0
e2-nio-100,binary,100,bot_78,3630,b,20,38.14,25,148.9,170,21.1,0
e2-nio-100,binary,100,bot_78,3630,b,22,37.08,25,141.36,165,23.64,0
e2-nio-100,binary,100,bot_78,3630,b,24,19.02,25,140.63,147,6.37,0
e2-nio-100,binary,100,bot_78,3630,b,26,30.55,25,200.35,207,6.65,0
e2-nio-100,binary,100,bot_78,3630,b,28,49.83,25,154.65,153,-1.65,0
e2-nio-100,binary,100,bot_78,3630,b,30,36.74,25,196.17,201,4.83,0
e2-nio-100,binary,100,bot_78,3630,b,32,27.84,25,171.31,178,6.69,0
e2-nio-100,binary,100,bot_78,3630,b,34,26.95,25,207,203,-4,0
e2-nio-100,binary,100,bot_78,3630,b,36,30.56,25,238.36,235,-3.36,0
e2-nio-100,binary,100,bot_78,3630,b,38,96.47,25,247.65,240,-7.65,0
e2-nio-100,binary,100,bot_78,3630,b,40,82.2,25,149.59,204,54.41,0
e2-nio-100,binary,100,bot_78,3630,b,42,60.99,25,185.26,226,40.74,0
e2-nio-100,binary,100,bot_78,3630,b,44,63.74,25,175.04,197,21.96,0
e2-nio-100,binary,100,bot_78,3630,b,46,48.26,25,152.57,169,16.43,0
e2-nio-100,binary,100,bot_78,3630,b,48,48.52,25,160.62,166,5.38,0
e2-nio-100,binary,100,bot_78,3630,b,50,43.06,25,172.47,190,17.53,0
e2-nio-100,binary,100,bot_78,3630,b,52,38.2,25,164.29,175,10.71,0
e2-nio-100,binary,100,bot_78,3630,b,54,35.27,25,149.89,141,-8.89,0
e2-nio-100,binary,100,bot_78,3630,b,56,25.17,25,179.09,168,-11.09,0
e2-nio-100,binary,100,bot_78,3630,b,58,18.02,25,164.19,152,-12.19,0
e2-nio-100,binary,100,bot_78,3630,b,60,13.24,25,147.81,127,-20.81,0
e2-nio-100,binary,100,bot_79,3631,w,1,22.07,25,59.01,141,81.99,0
e2-nio-100,binary,100,bot_79,3631,w,3,50.01,25,106.96,120,13.04,0
e2-nio-100,binary,100,bot_79,3631,w,5,48.66,25,67.18,102,34.82,0
e2-nio-100,binary,100,bot_79,3631,w,7,43.84,25,80.95,122,41.05,0
e2-nio-100,binary,100,bot_79,3631,w,9,49.4,25,94.62,121,26.38,0
e2-nio-100,binary,100,bot_79,3631,w,11,34.51,25,97.83,124,26.17,0
e2-nio-100,binary,100,bot_79,3631,w,13,35.33,25,130.04,160,29.96,0
e2-nio-100,binary,100,bot_79,3631,w,15,32.13,25,149.9,178,28.1,0
e2-nio-100,binary,100,bot_79,3631,w,17,28.36,25,151.9,166,14.1,0
e2-nio-100,binary,100,bot_79,3631,w,19,22.83,25,159.85,174,14.15,0
e2-nio-100,binary,100,bot_79,3631,w,21,11.12,25,204.53,211,6.47,0
e2-nio-100,binary,100,bot_79,3631,w,23,85.37,25,166.62,161,-5.62,0
e2-nio-100,binary,100,bot_79,3631,w,25,110.79,25,117.57,204,86.43,0
e2-nio-100,binary,100,bot_79,3631,w,27,106.71,25,97.66,153,55.34,0
e2-nio-100,binary,100,bot_79,3631,w,29,90.16,25,144.68,215,70.32,0
e2-nio-100,binary,100,bot_79,3631,w,31,74.42,25,125.82,201,75.18,0
e2-nio-100,binary,100,bot_79,3631,w,33,71.24,25,158.38,212,53.62,0
e2-nio-100,binary,100,bot_79,3631,w,35,90.68,25,175.5,239,63.5,0
e2-nio-100,binary,100,bot_79,3631,w,37,81.8,25,186.49,233,46.51,0
e2-nio-100,binary,100,bot_79,3631,w,39,51.59,25,180.44,237,56.56,0
e2-nio-100,binary,100,bot_79,3631,w,41,57.49,25,182.59,210,27.41,0
e2-nio-100,binary,100,bot_79,3631,w,43,42.93,25,169.73,199,29.27,0
e2-nio-100,binary,100,bot_79,3631,w,45,24.7,25,165.73,179,13.27,0
e2-nio-100,binary,100,bot_79,3631,w,47,28.76,25,154.19,166,11.81,0
e2-nio-100,binary,100,bot_79,3631,w,49,19.08,25,199.37,207,7.63,0
e2-nio-100,binary,100,bot_79,3631,w,51,52.73,25,151.14,208,56.86,0
e2-nio-100,binary,100,bot_79,3631,w,53,53.69,25,131.35,150,18.65,0
e2-nio-100,binary,100,bot_79,3631,w,55,39.44,25,165.11,181,15.89,0
e2-nio-100,binary,100,bot_79,3631,w,57,29.34,25,153.09,168,14.91,0
e2-nio-100,binary,100,bot_79,3631,w,59,17.77,25,143.11,143,-0.11,0
e2-nio-100,binary,100,bot_80,3631,b,2,26.38,25,94.17,96,1.83,0
e2-nio-100,binary,100,bot_80,3631,b,4,48.14,25,68.06,98,29.94,0
e2-nio-100,binary,100,bot_80,3631,b,6,54.12,25,71.95,101,29.05,0
e2-nio-100,binary,100,bot_80,3631,b,8,39.77,25,70.68,95,24.32,0
e2-nio-100,binary,100,bot_80,3631,b,10,38.67,25,103.97,133,29.03,0
e2-nio-100,binary,100,bot_80,3631,b,12,43.18,25,118.64,133,14.36,0
e2-nio-100,binary,100,bot_80,3631,b,14,41.5,25,139.4,155,15.6,0
e2-nio-100,binary,100,bot_80,3631,b,16,27.26,25,134.1,146,11.9,0
e2-nio-100,binary,100,bot_80,3631,b,18,26.71,25,147.92,157,9.08,0
e2-nio-100,binary,100,bot_80,3631,b,20,19.83,25,164.24,167,2.76,0
e2-nio-100,binary,100,bot_80,3631,b,22,8.64,25,148.97,140,-8.97,0
e2-nio-100,binary,100,bot_80,3631,b,24,99.97,25,73.54,139,65.46,0
e2-nio-100,binary,100,bot_80,3631,b,26,77.38,25,141.77,228,86.23,0
e2-nio-100,binary,100,bot_80,3631,b,28,91.18,25,132.62,215,82.38,0
e2-nio-100,binary,100,bot_80,3631,b,30,97.16,25,142.62,207,64.38,0
e2-nio-100,binary,100,bot_80,3631,b,32,75.72,25,141.44,191,49.56,0
e2-nio-100,binary,100,bot_80,3631,b,34,85.6,25,157.96,203,45.04,0
e2-nio-100,binary,100,bot_80,3631,b,36,66.97,25,164.35,230,65.65,0
e2-nio-100,binary,100,bot_80,3631,b,38,77.91,25,180.94,237,56.06,0
e2-nio-100,binary,100,bot_80,3631,b,40,47.44,25,164.99,190,25.01,0
e2-nio-100,binary,100,bot_80,3631,b,42,49.19,25,177.52,208,30.48,0
e2-nio-100,binary,100,bot_80,3631,b,44,34.31,25,177.75,195,17.25,0
e2-nio-100,binary,100,bot_80,3631,b,46,32.52,25,168.2,167,-1.2,0
e2-nio-100,binary,100,bot_80,3631,b,48,25.48,25,207.36,214,6.64,0
e2-nio-100,binary,100,bot_80,3631,b,50,76,25,195.55,192,-3.55,0
e2-nio-100,binary,100,bot_80,3631,b,52,37.82,25,151.62,182,30.38,0
e2-nio-100,binary,100,bot_80,3631,b,54,34.18,25,140.72,171,30.28,0
e2-nio-100,binary,100,bot_80,3631,b,56,33.97,25,164.96,181,16.04,0
e2-nio-100,binary,100,bot_80,3631,b,58,18.92,25,162.85,170,7.15,0
e2-nio-100,binary,100,bot_80,3631,b,60,15.43,25,167.23,161,-6.23,0
e2-nio-100,binary,100,bot_81,3632,w,1,34.15,25,87.92,107,19.08,0
e2-nio-100,binary,100,bot_81,3632,w,3,30.8,25,86.48,100,13.52,0
e2-nio-100,binary,100,bot_81,3632,w,5,24.7,25,101.29,111,9.71,0
e2-nio-100,binary,100,bot_81,3632,w,7,20.77,25,90.24,92,1.76,0
e2-nio-100,binary,100,bot_81,3632,w,9,19.14,25,123.71,125,1.29,0
e2-nio-100,binary,100,bot_81,3632,w,11,15.48,25,146.82,140,-6.82,0
e2-nio-100,binary,100,bot_81,3632,w,13,95.88,25,171.73,159,-12.73,0
e2-nio-100,binary,100,bot_81,3632,w,15,70.96,25,94.7,140,45.3,0
e2-nio-100,binary,100,bot_81,3632,w,17,64.07,25,125.36,165,39.64,0
e2-nio-100,binary,100,bot_81,3632,w,19,77.27,25,137.69,185,47.31,0
e2-nio-100,binary,100,bot_81,3632,w,21,63.35,25,103.28,139,35.72,0
e2-nio-100,binary,100,bot_81,3632,w,23,55.99,25,119.97,134,14.03,0
e2-nio-100,binary,100,bot_81,3632,w,25,24.9,25,187.27,228,40.73,0
e2-nio-100,binary,100,bot_81,3632,w,27,31.08,25,193.92,206,12.08,0
e2-nio-100,binary,100,bot_81,3632,w,29,31.93,25,209.34,208,-1.34,0
e2-nio-100,binary,100,bot_81,3632,w,31,22.68,25,191.16,183,-8.16,0
e2-nio-100,binary,100,bot_81,3632,w,33,20.4,25,219.21,211,-8.21,0
e2-nio-100,binary,100,bot_81,3632,w,35,107.38,25,213.95,206,-7.95,0
e2-nio-100,binary,100,bot_81,3632,w,37,78.01,25,191.02,236,44.98,0
e2-nio-100,binary,100,bot_81,3632,w,39,62.6,25,133.73,179,45.27,0
e2-nio-100,binary,100,bot_81,3632,w,41,48.72,25,155.87,179,23.13,0
e2-nio-100,binary,100,bot_81,3632,w,43,40.97,25,145.54,172,26.46,0
e2-nio-100,binary,100,bot_81,3632,w,45,28.66,25,150.38,163,12.62,0
e2-nio-100,binary,100,bot_81,3632,w,47,45.41,25,183.6,191,7.4,0
e2-nio-100,binary,100,bot_81,3632,w,49,39.72,25,164.13,165,0.87,0
e2-nio-100,binary,100,bot_81,3632,w,51,22.14,25,166.62,166,-0.62,0
e2-nio-100,binary,100,bot_81,3632,w,53,20.05,25,155.27,152,-3.27,0
e2-nio-100,binary,100,bot_81,3632,w,55,20.64,25,178.14,165,-13.14,0
e2-nio-100,binary,100,bot_81,3632,w,57,11.14,25,169.94,150,-19.94,0
e2-nio-100,binary,100,bot_81,3632,w,59,88.78,25,173.83,148,-25.83,0
e2-nio-100,binary,100,bot_82,3632,b,2,37.55,25,78.26,97,18.74,0
e2-nio-100,binary,100,bot_82,3632,b,4,34.64,25,80.29,95,14.71,0
e2-nio-100,binary,100,bot_82,3632,b,6,26.11,25,98.6,107,8.4,0
e2-nio-100,binary,100,bot_82,3632,b,8,27.11,25,117.89,123,5.11,0
e2-nio-100,binary,100,bot_82,3632,b,10,19.12,25,113.03,117,3.97,0
e2-nio-100,binary,100,bot_82,3632,b,12,12.12,25,152.2,153,0.8,0
e2-nio-100,binary,100,bot_82,3632,b,14,70.68,25,100.31,181,80.69,0
e2-nio-100,binary,100,bot_82,3632,b,16,64.62,25,107.41,163,55.59,0
e2-nio-100,binary,100,bot_82,3632,b,18,72.65,25,116.37,164,47.63,0
e2-nio-100,binary,100,bot_82,3632,b,20,61.82,25,114.18,176,61.82,0
e2-nio-100,binary,100,bot_82,3632,b,22,40.44,25,119.13,167,47.87,0
e2-nio-100,binary,100,bot_82,3632,b,24,72.99,25,163.91,205,41.09,0
e2-nio-100,binary,100,bot_82,3632,b,26,44.67,25,160.11,161,0.89,0
e2-nio-100,binary,100,bot_82,3632,b,28,31.49,25,201.36,208,6.64,0
e2-nio-100,binary,100,bot_82,3632,b,30,23.9,25,175.53,184,8.47,0
e2-nio-100,binary,100,bot_82,3632,b,32,23.87,25,210.39,208,-2.39,0
e2-nio-100,binary,100,bot_82,3632,b,34,23.29,25,245.83,241,-4.83,0
e2-nio-100,binary,100,bot_82,3632,b,36,76.86,25,178.87,261,82.13,0
e2-nio-100,binary,100,bot_82,3632,b,38,77.84,25,153.87,206,52.13,0
e2-nio-100,binary,100,bot_82,3632,b,40,56.2,25,190.13,227,36.87,0
e2-nio-100,binary,100,bot_82,3632,b,42,58.84,25,180.12,204,23.88,0
e2-nio-100,binary,100,bot_82,3632,b,44,44.81,25,156.01,172,15.99,0
e2-nio-100,binary,100,bot_82,3632,b,46,44.12,25,165.38,169,3.62,0
e2-nio-100,binary,100,bot_82,3632,b,48,37.44,25,178.14,191,12.86,0
e2-nio-100,binary,100,bot_82,3632,b,50,36.79,25,165.62,174,8.38,0
e2-nio-100,binary,100,bot_82,3632,b,52,33.38,25,151.7,142,-9.7,0
e2-nio-100,binary,100,bot_82,3632,b,54,23,25,181.21,170,-11.21,0
e2-nio-100,binary,100,bot_82,3632,b,56,16.82,25,165.41,154,-11.41,0
e2-nio-100,binary,100,bot_82,3632,b,58,11.66,25,149.32,129,-20.32,0
e2-nio-100,binary,100,bot_82,3632,b,60,74.18,25,91.59,149,57.41,0
e2-nio-100,binary,100,bot_83,3633,w,1,55.23,25,102.11,117,14.89,0
e2-nio-100,binary,100,bot_83,3633,w,3,53.96,25,61.8,95,33.2,0
e2-nio-100,binary,100,bot_83,3633,w,5,51.35,25,73.48,114,40.52,0
e2-nio-100,binary,100,bot_83,3633,w,7,58.16,25,85.44,109,23.56,0
e2-nio-100,binary,100,bot_83,3633,w,9,39.13,25,93.2,118,24.8,0
e2-nio-100,binary,100,bot_83,3633,w,11,44.47,25,121.08,152,30.92,0
e2-nio-100,binary,100,bot_83,3633,w,13,37.13,25,144.59,176,31.41,0
e2-nio-100,binary,100,bot_83,3633,w,15,36.6,25,144.33,160,15.67,0
e2-nio-100,binary,100,bot_83,3633,w,17,29.64,25,153.57,169,15.43,0
e2-nio-100,binary,100,bot_83,3633,w,19,19.62,25,196.78,202,5.22,0
e2-nio-100,binary,100,bot_83,3633,w,21,16.57,25,160.15,153,-7.15,0
e2-nio-100,binary,100,bot_83,3633,w,23,14.6,25,198.2,189,-9.2,0
e2-nio-100,binary,100,bot_83,3633,w,25,117.74,25,86.72,164,77.28,0
e2-nio-100,binary,100,bot_83,3633,w,27,102.95,25,131.83,207,75.17,0
e2-nio-100,binary,100,bot_83,3633,w,29,84.23,25,117.16,205,87.84,0
e2-nio-100,binary,100,bot_83,3633,w,31,86.16,25,142.72,208,65.28,0
e2-nio-100,binary,100,bot_83,3633,w,33,104.16,25,160.96,248,87.04,0
e2-nio-100,binary,100,bot_83,3633,w,35,100.9,25,168.5,217,48.5,0
e2-nio-100,binary,100,bot_83,3633,w,37,64.56,25,169.18,232,62.82,0
e2-nio-100,binary,100,bot_83,3633,w,39,70.89,25,167.74,197,29.26,0
e2-nio-100,binary,100,bot_83,3633,w,41,66.85,25,144.39,182,37.61,0
e2-nio-100,binary,100,bot_83,3633,w,43,45.56,25,144.93,162,17.07,0
e2-nio-100,binary,100,bot_83,3633,w,45,37.41,25,143,168,25,0
e2-nio-100,binary,100,bot_83,3633,w,47,37.67,25,182.5,198,15.5,0
e2-nio-100,binary,100,bot_83,3633,w,49,28.95,25,181.15,194,12.85,0
e2-nio-100,binary,100,bot_83,3633,w,51,81.81,25,146.89,154,7.11,0
e2-nio-100,binary,100,bot_83,3633,w,53,50.01,25,154.82,181,26.18,0
e2-nio-100,binary,100,bot_83,3633,w,55,45.18,25,137.65,159,21.35,0
e2-nio-100,binary,100,bot_83,3633,w,57,34.78,25,125.91,130,4.09,0
e2-nio-100,binary,100,bot_83,3633,w,59,19.84,25,150.06,151,0.94,0
e2-nio-100,binary,100,bot_84,3633,b,2,53.72,25,62.6,100,37.4,0
e2-nio-100,binary,100,bot_84,3633,b,4,61.7,25,64.44,100,35.56,0
e2-nio-100,binary,100,bot_84,3633,b,6,44.68,25,65.63,98,32.37,0
e2-nio-100,binary,100,bot_84,3633,b,8,46.14,25,96.58,135,38.42,0
e2-nio-100,binary,100,bot_84,3633,b,10,51.91,25,109.93,130,20.07,0
e2-nio-100,binary,100,bot_84,3633,b,12,53.38,25,127.82,152,24.18,0
e2-nio-100,binary,100,bot_84,3633,b,14,36.55,25,124.59,143,18.41,0
e2-nio-100,binary,100,bot_84,3633,b,16,36.8,25,137.2,156,18.8,0
e2-nio-100,binary,100,bot_84,3633,b,18,24.84,25,158.69,169,10.31,0
e2-nio-100,binary,100,bot_84,3633,b,20,15.19,25,142.34,143,0.66,0
e2-nio-100,binary,100,bot_84,3633,b,22,12.1,25,134.53,132,-2.53,0
e2-nio-100,binary,100,bot_84,3633,b,24,107.5,25,227.45,217,-10.45,0
e2-nio-100,binary,100,bot_84,3633,b,26,103.55,25,120.4,211,90.6,0
e2-nio-100,binary,100,bot_84,3633,b,28,117.59,25,121.83,198,76.17,0
e2-nio-100,binary,100,bot_84,3633,b,30,95.07,25,121.78,179,57.22,0
e2-nio-100,binary,100,bot_84,3633,b,32,116.71,25,127.57,188,60.43,0
e2-nio-100,binary,100,bot_84,3633,b,34,78.17,25,153.17,231,77.83,0
e2-nio-100,binary,100,bot_84,3633,b,36,92.21,25,164.89,239,74.11,0
e2-nio-100,binary,100,bot_84,3633,b,38,58.77,25,153.89,192,38.11,0
e2-nio-100,binary,100,bot_84,3633,b,40,66.35,25,161.7,205,43.3,0
e2-nio-100,binary,100,bot_84,3633,b,42,46.54,25,166.72,206,39.28,0
e2-nio-100,binary,100,bot_84,3633,b,44,53.89,25,146.5,165,18.5,0
e2-nio-100,binary,100,bot_84,3633,b,46,40.39,25,194.03,210,15.97,0
e2-nio-100,binary,100,bot_84,3633,b,48,35.83,25,174.59,190,15.41,0
e2-nio-100,binary,100,bot_84,3633,b,50,31.32,25,168.43,175,6.57,0
e2-nio-100,binary,100,bot_84,3633,b,52,49.65,25,125.28,184,58.72,0
e2-nio-100,binary,100,bot_84,3633,b,54,44.59,25,153.73,181,27.27,0
e2-nio-100,binary,100,bot_84,3633,b,56,28.11,25,154.45,177,22.55,0
e2-nio-100,binary,100,bot_84,3633,b,58,24.45,25,158.42,169,10.58,0
e2-nio-100,binary,100,bot_84,3633,b,60,25.46,25,155.16,152,-3.16,0
e2-nio-100,binary,100,bot_85,3634,w,1,39.75,25,94.84,110,15.16,0
e2-nio-100,binary,100,bot_85,3634,w,3,46.91,25,91.33,111,19.67,0
e2-nio-100,binary,100,bot_85,3634,w,5,40.95,25,87.12,99,11.88,0
e2-nio-100,binary,100,bot_85,3634,w,7,34.2,25,104.79,122,17.21,0
e2-nio-100,binary,100,bot_85,3634,w,9,37.88,25,128.95,144,15.05,0
e2-nio-100,binary,100,bot_85,3634,w,11,34.84,25,155.6,169,13.4,0
e2-nio-100,binary,100,bot_85,3634,w,13,28.85,25,137.93,149,11.07,0
e2-nio-100,binary,100,bot_85,3634,w,15,22.42,25,167.42,171,3.58,0
e2-nio-100,binary,100,bot_85,3634,w,17,17.66,25,196.23,194,-2.23,0
e2-nio-100,binary,100,bot_85,3634,w,19,63.93,25,109.91,160,50.09,0
e2-nio-100,binary,100,bot_85,3634,w,21,74.13,25,135.48,166,30.52,0
e2-nio-100,binary,100,bot_85,3634,w,23,43.89,25,134.3,177,42.7,0
e2-nio-100,binary,100,bot_85,3634,w,25,66.74,25,158.56,200,41.44,0
e2-nio-100,binary,100,bot_85,3634,w,27,55.68,25,181.56,204,22.44,0
e2-nio-100,binary,100,bot_85,3634,w,29,55.72,25,172.01,190,17.99,0
e2-nio-100,binary,100,bot_85,3634,w,31,39.71,25,214.54,222,7.46,0
e2-nio-100,binary,100,bot_85,3634,w,33,43.1,25,186.82,202,15.18,0
e2-nio-100,binary,100,bot_85,3634,w,35,23.89,25,243.81,245,1.19,0
e2-nio-100,binary,100,bot_85,3634,w,37,17.71,25,178.4,177,-1.4,0
e2-nio-100,binary,100,bot_85,3634,w,39,18.16,25,186.18,172,-14.18,0
e2-nio-100,binary,100,bot_85,3634,w,41,121.62,25,175.62,162,-13.62,0
e2-nio-100,binary,100,bot_85,3634,w,43,95.45,25,79.03,156,76.97,0
e2-nio-100,binary,100,bot_85,3634,w,45,113.3,25,108.03,198,89.97,0
e2-nio-100,binary,100,bot_85,3634,w,47,94.8,25,112.33,197,84.67,0
e2-nio-100,binary,100,bot_85,3634,w,49,74.65,25,90.88,159,68.12,0
e2-nio-100,binary,100,bot_85,3634,w,51,66.39,25,125.46,167,41.54,0
e2-nio-100,binary,100,bot_85,3634,w,53,56.02,25,116.61,162,45.39,0
e2-nio-100,binary,100,bot_85,3634,w,55,21.75,25,98.36,131,32.64,0
e2-nio-100,binary,100,bot_85,3634,w,57,22.21,25,150.77,152,1.23,0
e2-nio-100,binary,100,bot_85,3634,w,59,18.35,25,155.01,148,-7.01,0
e2-nio-100,binary,100,bot_86,3634,b,2,38.61,25,72.91,82,9.09,0
e2-nio-100,binary,100,bot_86,3634,b,4,32.53,25,80.08,95,14.92,0
e2-nio-100,binary,100,bot_86,3634,b,6,36.29,25,113.38,122,8.62,0
e2-nio-100,binary,100,bot_86,3634,b,8,34.95,25,107.82,110,2.18,0
e2-nio-100,binary,100,bot_86,3634,b,10,34.17,25,136.89,144,7.11,0
e2-nio-100,binary,100,bot_86,3634,b,12,31.5,25,138.23,142,3.77,0
e2-nio-100,binary,100,bot_86,3634,b,14,23.46,25,149.34,147,-2.34,0
e2-nio-100,binary,100,bot_86,3634,b,16,16.61,25,168.9,159,-9.9,0
e2-nio-100,binary,100,bot_86,3634,b,18,70.69,25,163.55,150,-13.55,0
e2-nio-100,binary,100,bot_86,3634,b,20,49.87,25,100.17,132,31.83,0
e2-nio-100,binary,100,bot_86,3634,b,22,70.47,25,168.91,206,37.09,0
e2-nio-100,binary,100,bot_86,3634,b,24,68.62,25,171.33,178,6.67,0
e2-nio-100,binary,100,bot_86,3634,b,26,49.92,25,171.11,201,29.89,0
e2-nio-100,binary,100,bot_86,3634,b,28,46.51,25,149.41,169,19.59,0
e2-nio-100,binary,100,bot_86,3634,b,30,36.55,25,178.99,198,19.01,0
e2-nio-100,binary,100,bot_86,3634,b,32,44.06,25,232.68,236,3.32,0
e2-nio-100,binary,100,bot_86,3634,b,34,29.51,25,226.43,233,6.57,0
e2-nio-100,binary,100,bot_86,3634,b,36,27.29,25,203.8,190,-13.8,0
e2-nio-100,binary,100,bot_86,3634,b,38,12.87,25,234.48,216,-18.48,0
e2-nio-100,binary,100,bot_86,3634,b,40,14.75,25,225.36,206,-19.36,0
e2-nio-100,binary,100,bot_86,3634,b,42,105.66,25,91.48,176,84.52,0
e2-nio-100,binary,100,bot_86,3634,b,44,111.68,25,127.47,197,69.53,0
e2-nio-100,binary,100,bot_86,3634,b,46,105.65,25,107.58,194,86.42,0
e2-nio-100,binary,100,bot_86,3634,b,48,89.02,25,110.87,178,67.13,0
e2-nio-100,binary,100,bot_86,3634,b,50,62.74,25,122.74,170,47.26,0
e2-nio-100,binary,100,bot_86,3634,b,52,64.91,25,141.69,179,37.31,0
e2-nio-100,binary,100,bot_86,3634,b,54,53.17,25,159.56,188,28.44,0
e2-nio-100,binary,100,bot_86,3634,b,56,22.67,25,169.67,163,-6.67,0
e2-nio-100,binary,100,bot_86,3634,b,58,14.86,25,148.64,143,-5.64,0
e2-nio-100,binary,100,bot_86,3634,b,60,15.21,25,158.82,149,-9.82,0
e2-nio-100,binary,100,bot_87,3635,w,1,6.74,25,124.57,112,-12.57,0
e2-nio-100,binary,100,bot_87,3635,w,3,65.65,25,127.08,124,-3.08,0
e2-nio-100,binary,100,bot_87,3635,w,5,61.34,25,82.06,116,33.94,0
e2-nio-100,binary,100,bot_87,3635,w,7,42.8,25,89.74,130,40.26,0
e2-nio-100,binary,100,bot_87,3635,w,9,51.96,25,113.94,163,49.06,0
e2-nio-100,binary,100,bot_87,3635,w,11,44.2,25,137.22,188,50.78,0
e2-nio-100,binary,100,bot_87,3635,w,13,46.36,25,134.6,167,32.4,0
e2-nio-100,binary,100,bot_87,3635,w,15,37.46,25,146.2,176,29.8,0
e2-nio-100,binary,100,bot_87,3635,w,17,24.16,25,192.95,213,20.05,0
e2-nio-100,binary,100,bot_87,3635,w,19,23.23,25,152.91,158,5.09,0
e2-nio-100,binary,100,bot_87,3635,w,21,20.52,25,191.97,195,3.03,0
e2-nio-100,binary,100,bot_87,3635,w,23,13.75,25,164.41,162,-2.41,0
e2-nio-100,binary,100,bot_87,3635,w,25,125.21,25,216.34,208,-8.34,0
e2-nio-100,binary,100,bot_87,3635,w,27,94.35,25,107.84,216,108.16,0
e2-nio-100,binary,100,bot_87,3635,w,29,99.49,25,128.66,212,83.34,0
e2-nio-100,binary,100,bot_87,3635,w,31,121.87,25,142.73,252,109.27,0
e2-nio-100,binary,100,bot_87,3635,w,33,119.2,25,149.88,215,65.12,0
e2-nio-100,binary,100,bot_87,3635,w,35,77.16,25,157.69,246,88.31,0
e2-nio-100,binary,100,bot_87,3635,w,37,83.79,25,153.97,205,51.03,0
e2-nio-100,binary,100,bot_87,3635,w,39,80.81,25,129.49,182,52.51,0
e2-nio-100,binary,100,bot_87,3635,w,41,55.12,25,135.46,166,30.54,0
e2-nio-100,binary,100,bot_87,3635,w,43,46.09,25,132.73,178,45.27,0
e2-nio-100,binary,100,bot_87,3635,w,45,58.34,25,163,194,31,0
e2-nio-100,binary,100,bot_87,3635,w,47,48.68,25,160.5,187,26.5,0
e2-nio-100,binary,100,bot_87,3635,w,49,35.18,25,130.01,154,23.99,0
e2-nio-100,binary,100,bot_87,3635,w,51,19.9,25,170.64,176,5.36,0
e2-nio-100,binary,100,bot_87,3635,w,53,85.09,25,155.13,155,-0.13,0
e2-nio-100,binary,100,bot_87,3635,w,55,62.79,25,98.16,119,20.84,0
e2-nio-100,binary,100,bot_87,3635,w,57,40.74,25,129.14,147,17.86,0
e2-nio-100,binary,100,bot_87,3635,w,59,35.16,25,127.21,148,20.79,0
e2-nio-100,binary,100,bot_88,3635,b,2,10.49,25,104.63,112,7.37,0
e2-nio-100,binary,100,bot_88,3635,b,4,48.85,25,61.58,126,64.42,0
e2-nio-100,binary,100,bot_88,3635,b,6,55.11,25,87.22,149,61.78,0
e2-nio-100,binary,100,bot_88,3635,b,8,63.18,25,98.33,139,40.67,0
e2-nio-100,binary,100,bot_88,3635,b,10,64.98,25,116.36,168,51.64,0
e2-nio-100,binary,100,bot_88,3635,b,12,47.04,25,113.95,157,43.05,0
e2-nio-100,binary,100,bot_88,3635,b,14,42.62,25,131.25,178,46.75,0
e2-nio-100,binary,100,bot_88,3635,b,16,34.64,25,148.14,185,36.86,0
e2-nio-100,binary,100,bot_88,3635,b,18,20.46,25,137.07,161,23.93,0
e2-nio-100,binary,100,bot_88,3635,b,20,16.88,25,130.17,153,22.83,0
e2-nio-100,binary,100,bot_88,3635,b,22,21.57,25,217.79,225,7.21,0
e2-nio-100,binary,100,bot_88,3635,b,24,14.33,25,223.22,224,0.78,0
e2-nio-100,binary,100,bot_88,3635,b,26,132.17,25,107.59,220,112.41,0
e2-nio-100,binary,100,bot_88,3635,b,28,105.59,25,111.38,192,80.62,0
e2-nio-100,binary,100,bot_88,3635,b,30,132.71,25,111.85,197,85.15,0
e2-nio-100,binary,100,bot_88,3635,b,32,89.21,25,142.32,252,109.68,0
e2-nio-100,binary,100,bot_88,3635,b,34,111.64,25,145.31,251,105.69,0
e2-nio-100,binary,100,bot_88,3635,b,36,74.18,25,138.49,202,63.51,0
e2-nio-100,binary,100,bot_88,3635,b,38,76.52,25,152.44,223,70.56,0
e2-nio-100,binary,100,bot_88,3635,b,40,54.2,25,160.17,228,67.83,0
e2-nio-100,binary,100,bot_88,3635,b,42,68.19,25,132.36,174,41.64,0
e2-nio-100,binary,100,bot_88,3635,b,44,51.34,25,183.64,218,34.36,0
e2-nio-100,binary,100,bot_88,3635,b,46,46.12,25,164.31,210,45.69,0
e2-nio-100,binary,100,bot_88,3635,b,48,43.97,25,155.84,191,35.16,0
e2-nio-100,binary,100,bot_88,3635,b,50,24.58,25,160.68,184,23.32,0
e2-nio-100,binary,100,bot_88,3635,b,52,20.11,25,188.08,196,7.92,0
e2-nio-100,binary,100,bot_88,3635,b,54,40.66,25,142.69,215,72.31,0
e2-nio-100,binary,100,bot_88,3635,b,56,37.52,25,145.51,195,49.49,0
e2-nio-100,binary,100,bot_88,3635,b,58,41.42,25,138.11,166,27.89,0
e2-nio-100,binary,100,bot_88,3635,b,60,23.69,25,135.86,159,23.14,0
e2-nio-100,binary,100,bot_89,3636,w,1,50.75,25,86.36,114,27.64,0
e2-nio-100,binary,100,bot_89,3636,w,3,52.37,25,75.4,93,17.6,0
e2-nio-100,binary,100,bot_89,3636,w,5,41.36,25,97.57,120,22.43,0
e2-nio-100,binary,100,bot_89,3636,w,7,45.62,25,122.21,145,22.79,0
e2-nio-100,binary,100,bot_89,3636,w,9,41.5,25,148.68,168,19.32,0
e2-nio-100,binary,100,bot_89,3636,w,11,36.98,25,130,146,16,0
e2-nio-100,binary,100,bot_89,3636,w,13,28.38,25,160.26,170,9.74,0
e2-nio-100,binary,100,bot_89,3636,w,15,28.26,25,186.46,191,4.54,0
e2-nio-100,binary,100,bot_89,3636,w,17,12.76,25,150.49,155,4.51,0
e2-nio-100,binary,100,bot_89,3636,w,19,101.85,25,162.83,154,-8.83,0
e2-nio-100,binary,100,bot_89,3636,w,21,53.23,25,125.01,182,56.99,0
e2-nio-100,binary,100,bot_89,3636,w,23,80.21,25,145.07,194,48.93,0
e2-nio-100,binary,100,bot_89,3636,w,25,63.68,25,173.8,210,36.2,0
e2-nio-100,binary,100,bot_89,3636,w,27,67.62,25,160.52,188,27.48,0
e2-nio-100,binary,100,bot_89,3636,w,29,54.44,25,199.15,215,15.85,0
e2-nio-100,binary,100,bot_89,3636,w,31,54.21,25,175.82,200,24.18,0
e2-nio-100,binary,100,bot_89,3636,w,33,32.64,25,235.68,242,6.32,0
e2-nio-100,binary,100,bot_89,3636,w,35,25.93,25,170.09,178,7.91,0
e2-nio-100,binary,100,bot_89,3636,w,37,20.6,25,184.45,176,-8.45,0
e2-nio-100,binary,100,bot_89,3636,w,39,12.45,25,173.49,159,-14.49,0
e2-nio-100,binary,100,bot_89,3636,w,41,98.87,25,76.8,163,86.2,0
e2-nio-100,binary,100,bot_89,3636,w,43,115.97,25,105.34,198,92.66,0
e2-nio-100,binary,100,bot_89,3636,w,45,97.93,25,109.32,195,85.68,0
e2-nio-100,binary,100,bot_89,3636,w,47,76.96,25,88.66,158,69.34,0
e2-nio-100,binary,100,bot_89,3636,w,49,70.91,25,121.7,166,44.3,0
e2-nio-100,binary,100,bot_89,3636,w,51,59.77,25,113.01,159,45.99,0
e2-nio-100,binary,100,bot_89,3636,w,53,24.88,25,95.37,132,36.63,0
e2-nio-100,binary,100,bot_89,3636,w,55,26.31,25,146.92,153,6.08,0
e2-nio-100,binary,100,bot_89,3636,w,57,22.23,25,150.89,147,-3.89,0
e2-nio-100,binary,100,bot_89,3636,w,59,13.02,25,153.94,148,-5.94,0
e2-nio-100,binary,100,bot_90,3636,b,2,39.68,25,73.56,97,23.44,0
e2-nio-100,binary,100,bot_90,3636,b,4,44.72,25,104.63,128,23.37,0
e2-nio-100,binary,100,bot_90,3636,b,6,43.76,25,98.83,111,12.17,0
e2-nio-100,binary,100,bot_90,3636,b,8,42.03,25,128.89,146,17.11,0
e2-nio-100,binary,100,bot_90,3636,b,10,37.83,25,131.56,143,11.44,0
e2-nio-100,binary,100,bot_90,3636,b,12,31.12,25,141.39,149,7.61,0
e2-nio-100,binary,100,bot_90,3636,b,14,28.1,25,158.64,157,-1.64,0
e2-nio-100,binary,100,bot_90,3636,b,16,26.99,25,151.95,152,0.05,0
e2-nio-100,binary,100,bot_90,3636,b,18,12.49,25,147.17,132,-15.17,0
e2-nio-100,binary,100,bot_90,3636,b,20,84.95,25,154.88,223,68.12,0
e2-nio-100,binary,100,bot_90,3636,b,22,78.89,25,160.97,180,19.03,0
e2-nio-100,binary,100,bot_90,3636,b,24,65.6,25,155.8,201,45.2,0
e2-nio-100,binary,100,bot_90,3636,b,26,56.38,25,138.9,169,30.1,0
e2-nio-100,binary,100,bot_90,3636,b,28,45.16,25,170.52,204,33.48,0
e2-nio-100,binary,100,bot_90,3636,b,30,54.42,25,222.79,243,20.21,0
e2-nio-100,binary,100,bot_90,3636,b,32,37.11,25,218.44,238,19.56,0
e2-nio-100,binary,100,bot_90,3636,b,34,37.05,25,194.16,192,-2.16,0
e2-nio-100,binary,100,bot_90,3636,b,36,20.02,25,227.21,219,-8.21,0
e2-nio-100,binary,100,bot_90,3636,b,38,16.33,25,223.71,210,-13.71,0
e2-nio-100,binary,100,bot_90,3636,b,40,117.53,25,190.08,169,-21.08,0
e2-nio-100,binary,100,bot_90,3636,b,42,116.44,25,122.84,197,74.16,0
e2-nio-100,binary,100,bot_90,3636,b,44,110.15,25,102.98,194,91.02,0
e2-nio-100,binary,100,bot_90,3636,b,46,93.5,25,106.4,179,72.6,0
e2-nio-100,binary,100,bot_90,3636,b,48,67.3,25,117.67,169,51.33,0
e2-nio-100,binary,100,bot_90,3636,b,50,70.01,25,136.22,181,44.78,0
e2-nio-100,binary,100,bot_90,3636,b,52,59.88,25,153.03,187,33.97,0
e2-nio-100,binary,100,bot_90,3636,b,54,29.2,25,162.73,161,-1.73,0
e2-nio-100,binary,100,bot_90,3636,b,56,19.07,25,144.61,143,-1.61,0
e2-nio-100,binary,100,bot_90,3636,b,58,16.77,25,157.25,154,-3.25,0
e2-nio-100,binary,100,bot_90,3636,b,60,103.89,25,177.21,165,-12.21,0
e2-nio-100,binary,100,bot_91,3637,w,1,48.04,25,62.34,94,31.66,0
e2-nio-100,binary,100,bot_91,3637,w,3,53.34,25,88.99,115,26.01,0
e2-nio-100,binary,100,bot_91,3637,w,5,61.63,25,99.88,108,8.12,0
e2-nio-100,binary,100,bot_91,3637,w,7,63.56,25,117.73,133,15.27,0
e2-nio-100,binary,100,bot_91,3637,w,9,45.63,25,115.32,122,6.68,0
e2-nio-100,binary,100,bot_91,3637,w,11,41.19,25,132.57,142,9.43,0
e2-nio-100,binary,100,bot_91,3637,w,13,32.7,25,150.14,150,-0.14,0
e2-nio-100,binary,100,bot_91,3637,w,15,18.71,25,138.82,127,-11.82,0
e2-nio-100,binary,100,bot_91,3637,w,17,16.58,25,130.3,117,-13.3,0
e2-nio-100,binary,100,bot_91,3637,w,19,17.07,25,222.35,203,-19.35,0
e2-nio-100,binary,100,bot_91,3637,w,21,116.98,25,227.71,201,-26.71,0
e2-nio-100,binary,100,bot_91,3637,w,23,126.38,25,113.04,185,71.96,0
e2-nio-100,binary,100,bot_91,3637,w,25,99.27,25,117.71,170,52.29,0
e2-nio-100,binary,100,bot_91,3637,w,27,126.27,25,118.44,175,56.56,0
e2-nio-100,binary,100,bot_91,3637,w,29,84.61,25,146.68,224,77.32,0
e2-nio-100,binary,100,bot_91,3637,w,31,102.89,25,154.18,228,73.82,0
e2-nio-100,binary,100,bot_91,3637,w,33,66.13,25,146.66,181,34.34,0
e2-nio-100,binary,100,bot_91,3637,w,35,72.49,25,156.26,196,39.74,0
e2-nio-100,binary,100,bot_91,3637,w,37,49.9,25,164.21,202,37.79,0
e2-nio-100,binary,100,bot_91,3637,w,39,61.05,25,139.51,152,12.49,0
e2-nio-100,binary,100,bot_91,3637,w,41,46.06,25,188.84,202,13.16,0
e2-nio-100,binary,100,bot_91,3637,w,43,39.93,25,170.53,191,20.47,0
e2-nio-100,binary,100,bot_91,3637,w,45,35.94,25,164.08,176,11.92,0
e2-nio-100,binary,100,bot_91,3637,w,47,18.37,25,166.87,164,-2.87,0
e2-nio-100,binary,100,bot_91,3637,w,49,52.62,25,146.74,196,49.26,0
e2-nio-100,binary,100,bot_91,3637,w,51,33.75,25,149.45,183,33.55,0
e2-nio-100,binary,100,bot_91,3637,w,53,30.8,25,152.38,177,24.62,0
e2-nio-100,binary,100,bot_91,3637,w,55,31.43,25,148.7,151,2.3,0
e2-nio-100,binary,100,bot_91,3637,w,57,16.88,25,142.71,140,-2.71,0
e2-nio-100,binary,100,bot_91,3637,w,59,22.07,25,171.37,174,2.63,0
e2-nio-100,binary,100,bot_92,3637,b,2,60.41,25,83.2,105,21.8,0
e2-nio-100,binary,100,bot_92,3637,b,4,41.99,25,90.57,118,27.43,0
e2-nio-100,binary,100,bot_92,3637,b,6,49.68,25,116.23,151,34.77,0
e2-nio-100,binary,100,bot_92,3637,b,8,41.91,25,139.71,177,37.29,0
e2-nio-100,binary,100,bot_92,3637,b,10,42.99,25,138.15,157,18.85,0
e2-nio-100,binary,100,bot_92,3637,b,12,34.66,25,148.9,164,15.1,0
e2-nio-100,binary,100,bot_92,3637,b,14,21.72,25,195.17,202,6.83,0
e2-nio-100,binary,100,bot_92,3637,b,16,21.13,25,155.45,147,-8.45,0
e2-nio-100,binary,100,bot_92,3637,b,18,18.49,25,194.15,184,-10.15,0
e2-nio-100,binary,100,bot_92,3637,b,20,12.78,25,165.31,149,-16.31,0
e2-nio-100,binary,100,bot_92,3637,b,22,111.5,25,123.65,208,84.35,0
e2-nio-100,binary,100,bot_92,3637,b,24,91.78,25,110.02,203,92.98,0
e2-nio-100,binary,100,bot_92,3637,b,26,95.2,25,133.05,199,65.95,0
e2-nio-100,binary,100,bot_92,3637,b,28,116.52,25,148.18,241,92.82,0
e2-nio-100,binary,100,bot_92,3637,b,30,113.28,25,156.28,207,50.72,0
e2-nio-100,binary,100,bot_92,3637,b,32,73.41,25,160.91,230,69.09,0
e2-nio-100,binary,100,bot_92,3637,b,34,79.32,25,158.72,192,33.28,0
e2-nio-100,binary,100,bot_92,3637,b,36,77.19,25,133.52,173,39.48,0
e2-nio-100,binary,100,bot_92,3637,b,38,51.69,25,138.88,156,17.12,0
e2-nio-100,binary,100,bot_92,3637,b,40,43.55,25,135.93,164,28.07,0
e2-nio-100,binary,100,bot_92,3637,b,42,51.54,25,169.28,189,19.72,0
e2-nio-100,binary,100,bot_92,3637,b,44,42.73,25,166.79,180,13.21,0
e2-nio-100,binary,100,bot_92,3637,b,46,28.21,25,136.3,146,9.7,0
e2-nio-100,binary,100,bot_92,3637,b,48,81.83,25,175.81,167,-8.81,0
e2-nio-100,binary,100,bot_92,3637,b,50,64.6,25,117.75,143,25.25,0
e2-nio-100,binary,100,bot_92,3637,b,52,55.84,25,104.89,112,7.11,0
e2-nio-100,binary,100,bot_92,3637,b,54,33.84,25,135.91,140,4.09,0
e2-nio-100,binary,100,bot_92,3637,b,56,28.16,25,133.43,137,3.57,0
e2-nio-100,binary,100,bot_92,3637,b,58,33.15,25,163.29,153,-10.29,0
e2-nio-100,binary,100,bot_92,3637,b,60,21.35,25,164.84,160,-4.84,0
e2-nio-100,binary,100,bot_93,3638,w,1,54.98,25,94.34,136,41.66,0
e2-nio-100,binary,100,bot_93,3638,w,3,52.99,25,89.57,113,23.43,0
e2-nio-100,binary,100,bot_93,3638,w,5,51.31,25,118.53,149,30.47,0
e2-nio-100,binary,100,bot_93,3638,w,7,41.98,25,128.21,158,29.79,0
e2-nio-100,binary,100,bot_93,3638,w,9,35.81,25,136.92,161,24.08,0
e2-nio-100,binary,100,bot_93,3638,w,11,35.93,25,151.05,169,17.95,0
e2-nio-100,binary,100,bot_93,3638,w,13,34.84,25,143.66,162,18.34,0
e2-nio-100,binary,100,bot_93,3638,w,15,17.47,25,142.19,143,0.81,0
e2-nio-100,binary,100,bot_93,3638,w,17,28.79,25,203.97,206,2.03,0
e2-nio-100,binary,100,bot_93,3638,w,19,41.5,25,163.41,155,-8.41,0
e2-nio-100,binary,100,bot_93,3638,w,21,28,25,204.78,202,-2.78,0
e2-nio-100,binary,100,bot_93,3638,w,23,21.59,25,177.93,176,-1.93,0
e2-nio-100,binary,100,bot_93,3638,w,25,21.59,25,212.74,202,-10.74,0
e2-nio-100,binary,100,bot_93,3638,w,27,111.41,25,249.41,236,-13.41,0
e2-nio-100,binary,100,bot_93,3638,w,29,74.42,25,180.89,236,55.11,0
e2-nio-100,binary,100,bot_93,3638,w,31,74.38,25,157.2,200,42.8,0
e2-nio-100,binary,100,bot_93,3638,w,33,51.93,25,194.53,222,27.47,0
e2-nio-100,binary,100,bot_93,3638,w,35,54.93,25,184.12,200,15.88,0
e2-nio-100,binary,100,bot_93,3638,w,37,42.24,25,158.61,166,7.39,0
e2-nio-100,binary,100,bot_93,3638,w,39,39.36,25,170.31,167,-3.31,0
e2-nio-100,binary,100,bot_93,3638,w,41,33.51,25,182.07,187,4.93,0
e2-nio-100,binary,100,bot_93,3638,w,43,34.52,25,167.87,169,1.13,0
e2-nio-100,binary,100,bot_93,3638,w,45,29.72,25,155.34,138,-17.34,0
e2-nio-100,binary,100,bot_93,3638,w,47,19.02,25,185.22,168,-17.22,0
e2-nio-100,binary,100,bot_93,3638,w,49,14.16,25,168.07,150,-18.07,0
e2-nio-100,binary,100,bot_93,3638,w,51,97.93,25,152.03,125,-27.03,0
e2-nio-100,binary,100,bot_93,3638,w,53,71.45,25,94.36,136,41.64,0
e2-nio-100,binary,100,bot_93,3638,w,55,71.03,25,101.98,127,25.02,0
e2-nio-100,binary,100,bot_93,3638,w,57,62.75,25,126.61,168,41.39,0
e2-nio-100,binary,100,bot_93,3638,w,59,74.41,25,111.68,148,36.32,0
e2-nio-100,binary,100,bot_94,3638,b,2,47.05,25,91.9,117,25.1,0
e2-nio-100,binary,100,bot_94,3638,b,4,54.66,25,113.64,136,22.36,0
e2-nio-100,binary,100,bot_94,3638,b,6,53.31,25,137.24,158,20.76,0
e2-nio-100,binary,100,bot_94,3638,b,8,48.34,25,117.79,130,12.21,0
e2-nio-100,binary,100,bot_94,3638,b,10,40.98,25,147.79,153,5.21,0
e2-nio-100,binary,100,bot_94,3638,b,12,42.2,25,172.92,177,4.08,0
e2-nio-100,binary,100,bot_94,3638,b,14,25.24,25,138.45,143,4.55,0
e2-nio-100,binary,100,bot_94,3638,b,16,25.6,25,152.87,140,-12.87,0
e2-nio-100,binary,100,bot_94,3638,b,18,23.42,25,187.12,180,-7.12,0
e2-nio-100,binary,100,bot_94,3638,b,20,28.2,25,196.67,203,6.33,0
e2-nio-100,binary,100,bot_94,3638,b,22,29.08,25,212.08,204,-8.08,0
e2-nio-100,binary,100,bot_94,3638,b,24,20.17,25,193.32,179,-14.32,0
e2-nio-100,binary,100,bot_94,3638,b,26,17.54,25,221.79,207,-14.79,0
e2-nio-100,binary,100,bot_94,3638,b,28,86.21,25,143.76,219,75.24,0
e2-nio-100,binary,100,bot_94,3638,b,30,74.57,25,194.64,234,39.36,0
e2-nio-100,binary,100,bot_94,3638,b,32,58.67,25,137.63,177,39.37,0
e2-nio-100,binary,100,bot_94,3638,b,34,46.49,25,157.84,173,15.16,0
e2-nio-100,binary,100,bot_94,3638,b,36,38.6,25,147.89,167,19.11,0
e2-nio-100,binary,100,bot_94,3638,b,38,26.66,25,152.14,158,5.86,0
e2-nio-100,binary,100,bot_94,3638,b,40,41.4,25,187.04,186,-1.04,0
e2-nio-100,binary,100,bot_94,3638,b,42,36.47,25,167.65,162,-5.65,0
e2-nio-100,binary,100,bot_94,3638,b,44,19.02,25,169.57,166,-3.57,0
e2-nio-100,binary,100,bot_94,3638,b,46,18.09,25,157.49,147,-10.49,0
e2-nio-100,binary,100,bot_94,3638,b,48,18.44,25,180.33,159,-21.33,0
e2-nio-100,binary,100,bot_94,3638,b,50,8.5,25,172.33,146,-26.33,0
e2-nio-100,binary,100,bot_94,3638,b,52,77.21,25,96.95,154,57.05,0
e2-nio-100,binary,100,bot_94,3638,b,54,60.91,25,109.97,140,30.03,0
e2-nio-100,binary,100,bot_94,3638,b,56,77.46,25,90.83,121,30.17,0
e2-nio-100,binary,100,bot_94,3638,b,58,73,25,131.17,155,23.83,0
e2-nio-100,binary,100,bot_94,3638,b,60,41.11,25,114.63,149,34.37,0
e2-nio-100,binary,100,bot_95,3639,w,1,50.94,25,88.37,125,36.63,0
e2-nio-100,binary,100,bot_95,3639,w,3,62.95,25,105.66,131,25.34,0
e2-nio-100,binary,100,bot_95,3639,w,5,65.43,25,125.02,150,24.98,0
e2-nio-100,binary,100,bot_95,3639,w,7,56.4,25,109.18,123,13.82,0
e2-nio-100,binary,100,bot_95,3639,w,9,44.04,25,144.71,151,6.29,0
e2-nio-100,binary,100,bot_95,3639,w,11,50.4,25,164.77,174,9.23,0
e2-nio-100,binary,100,bot_95,3639,w,13,33.61,25,130.57,140,9.43,0
e2-nio-100,binary,100,bot_95,3639,w,15,29.96,25,147.93,136,-11.93,0
e2-nio-100,binary,100,bot_95,3639,w,17,22.26,25,188.05,191,2.95,0
e2-nio-100,binary,100,bot_95,3639,w,19,26.83,25,197.98,199,1.02,0
e2-nio-100,binary,100,bot_95,3639,w,21,27.09,25,214.02,202,-12.02,0
e2-nio-100,binary,100,bot_95,3639,w,23,17.85,25,195.55,179,-16.55,0
e2-nio-100,binary,100,bot_95,3639,w,25,97.23,25,224.61,208,-16.61,0
e2-nio-100,binary,100,bot_95,3639,w,27,83.85,25,145.22,196,50.78,0
e2-nio-100,binary,100,bot_95,3639,w,29,71.88,25,197.33,231,33.67,0
e2-nio-100,binary,100,bot_95,3639,w,31,57.06,25,139.09,172,32.91,0
e2-nio-100,binary,100,bot_95,3639,w,33,43.7,25,160.61,170,9.39,0
e2-nio-100,binary,100,bot_95,3639,w,35,37.25,25,149.2,162,12.8,0
e2-nio-100,binary,100,bot_95,3639,w,37,25.3,25,153.43,155,1.57,0
e2-nio-100,binary,100,bot_95,3639,w,39,39.57,25,188.67,185,-3.67,0
e2-nio-100,binary,100,bot_95,3639,w,41,34.52,25,169.64,155,-14.64,0
e2-nio-100,binary,100,bot_95,3639,w,43,17.59,25,170.85,159,-11.85,0
e2-nio-100,binary,100,bot_95,3639,w,45,16.66,25,159,143,-16,0
e2-nio-100,binary,100,bot_95,3639,w,47,16.84,25,181.91,159,-22.91,0
e2-nio-100,binary,100,bot_95,3639,w,49,68.5,25,174.17,142,-32.17,0
e2-nio-100,binary,100,bot_95,3639,w,51,74.39,25,99.55,143,43.45,0
e2-nio-100,binary,100,bot_95,3639,w,53,58.77,25,112.19,138,25.81,0
e2-nio-100,binary,100,bot_95,3639,w,55,75.22,25,93.06,121,27.94,0
e2-nio-100,binary,100,bot_95,3639,w,57,69.17,25,135.01,156,20.99,0
e2-nio-100,binary,100,bot_96,3639,b,2,59.05,25,83.57,97,13.43,0
e2-nio-100,binary,100,bot_96,3639,b,4,58.43,25,111.13,135,23.87,0
e2-nio-100,binary,100,bot_96,3639,b,6,47.26,25,123.43,151,27.57,0
e2-nio-100,binary,100,bot_96,3639,b,8,41.22,25,131.29,149,17.71,0
e2-nio-100,binary,100,bot_96,3639,b,10,44,25,143.69,150,6.31,0
e2-nio-100,binary,100,bot_96,3639,b,12,41.41,25,136.61,148,11.39,0
e2-nio-100,binary,100,bot_96,3639,b,14,22.09,25,137.68,133,-4.68,0
e2-nio-100,binary,100,bot_96,3639,b,16,40.5,25,194.17,186,-8.17,0
e2-nio-100,binary,100,bot_96,3639,b,18,38.7,25,166.57,148,-18.57,0
e2-nio-100,binary,100,bot_96,3639,b,20,26.66,25,206.03,191,-15.03,0
e2-nio-100,binary,100,bot_96,3639,b,22,20.53,25,179.28,166,-13.28,0
e2-nio-100,binary,100,bot_96,3639,b,24,20.39,25,214.18,190,-24.18,0
e2-nio-100,binary,100,bot_96,3639,b,26,89.89,25,189.45,246,56.55,0
e2-nio-100,binary,100,bot_96,3639,b,28,71.13,25,184.01,226,41.99,0
e2-nio-100,binary,100,bot_96,3639,b,30,70.99,25,160.66,190,29.34,0
e2-nio-100,binary,100,bot_96,3639,b,32,47.66,25,199.04,214,14.96,0
e2-nio-100,binary,100,bot_96,3639,b,34,51.56,25,187.77,190,2.23,0
e2-nio-100,binary,100,bot_96,3639,b,36,38.92,25,162.01,158,-4.01,0
e2-nio-100,binary,100,bot_96,3639,b,38,38.93,25,171.25,156,-15.25,0
e2-nio-100,binary,100,bot_96,3639,b,40,28.31,25,187.4,182,-5.4,0
e2-nio-100,binary,100,bot_96,3639,b,42,30.61,25,171.87,163,-8.87,0
e2-nio-100,binary,100,bot_96,3639,b,44,25.9,25,159.24,131,-28.24,0
e2-nio-100,binary,100,bot_96,3639,b,46,19.28,25,184.89,158,-26.89,0
e2-nio-100,binary,100,bot_96,3639,b,48,10.64,25,171.73,144,-27.73,0
e2-nio-100,binary,100,bot_96,3639,b,50,86.99,25,101.53,125,23.47,0
e2-nio-100,binary,100,bot_96,3639,b,52,68.47,25,97.12,127,29.88,0
e2-nio-100,binary,100,bot_96,3639,b,54,70.37,25,102.59,118,15.41,0
e2-nio-100,binary,100,bot_96,3639,b,56,62,25,127.41,158,30.59,0
e2-nio-100,binary,100,bot_97,3640,w,1,62.73,25,79.28,110,30.72,0
e2-nio-100,binary,100,bot_97,3640,w,3,67.52,25,101.47,132,30.53,0
e2-nio-100,binary,100,bot_97,3640,w,5,55.87,25,114.77,151,36.23,0
e2-nio-100,binary,100,bot_97,3640,w,7,46.62,25,125.57,150,24.43,0
e2-nio-100,binary,100,bot_97,3640,w,9,52.42,25,135.63,149,13.37,0
e2-nio-100,binary,100,bot_97,3640,w,11,49.86,25,127.81,147,19.19,0
e2-nio-100,binary,100,bot_97,3640,w,13,28.1,25,131.48,136,4.52,0
e2-nio-100,binary,100,bot_97,3640,w,15,50.99,25,185.14,184,-1.14,0
e2-nio-100,binary,100,bot_97,3640,w,17,35.31,25,170.09,152,-18.09,0
e2-nio-100,binary,100,bot_97,3640,w,19,24.39,25,208.27,194,-14.27,0
e2-nio-100,binary,100,bot_97,3640,w,21,19.03,25,180.87,166,-14.87,0
e2-nio-100,binary,100,bot_97,3640,w,23,87.8,25,215.95,191,-24.95,0
e2-nio-100,binary,100,bot_97,3640,w,25,87.5,25,191.44,232,40.56,0
e2-nio-100,binary,100,bot_97,3640,w,27,67.36,25,187.66,225,37.34,0
e2-nio-100,binary,100,bot_97,3640,w,29,68.08,25,163.47,190,26.53,0
e2-nio-100,binary,100,bot_97,3640,w,31,47.26,25,199.37,210,10.63,0
e2-nio-100,binary,100,bot_97,3640,w,33,48.01,25,191.3,192,0.7,0
e2-nio-100,binary,100,bot_97,3640,w,35,36.41,25,164.55,159,-5.55,0
e2-nio-100,binary,100,bot_97,3640,w,37,35.68,25,174.68,159,-15.68,0
e2-nio-100,binary,100,bot_97,3640,w,39,24.57,25,191.16,185,-6.16,0
e2-nio-100,binary,100,bot_97,3640,w,41,27.51,25,175.01,163,-12.01,0
e2-nio-100,binary,100,bot_97,3640,w,43,21.6,25,163.57,136,-27.57,0
e2-nio-100,binary,100,bot_97,3640,w,45,15.21,25,189,161,-28,0
e2-nio-100,binary,100,bot_97,3640,w,47,130.46,25,173.85,145,-28.85,0
e2-nio-100,binary,100,bot_97,3640,w,49,85.26,25,102.98,122,19.02,0
e2-nio-100,binary,100,bot_97,3640,w,51,66.48,25,99.03,128,28.97,0
e2-nio-100,binary,100,bot_97,3640,w,53,68.36,25,104.61,119,14.39,0
e2-nio-100,binary,100,bot_97,3640,w,55,60.63,25,128.73,157,28.27,0
e2-nio-100,binary,100,bot_97,3640,w,57,72.37,25,112.8,135,22.2,0
e2-nio-100,binary,100,bot_97,3640,w,59,45.54,25,100.1,98,-2.1,0
e2-nio-100,binary,100,bot_98,3640,b,2,67.51,25,102.13,129,26.87,0
e2-nio-100,binary,100,bot_98,3640,b,4,71.76,25,118.85,149,30.15,0
e2-nio-100,binary,100,bot_98,3640,b,6,60.97,25,104.72,124,19.28,0
e2-nio-100,binary,100,bot_98,3640,b,8,49.34,25,139.66,149,9.34,0
e2-nio-100,binary,100,bot_98,3640,b,10,56.37,25,158.97,175,16.03,0
e2-nio-100,binary,100,bot_98,3640,b,12,39.73,25,124.65,139,14.35,0
e2-nio-100,binary,100,bot_98,3640,b,14,34.33,25,143.36,135,-8.36,0
e2-nio-100,binary,100,bot_98,3640,b,16,21.42,25,188.28,199,10.72,0
e2-nio-100,binary,100,bot_98,3640,b,18,25.78,25,198.88,192,-6.88,0
e2-nio-100,binary,100,bot_98,3640,b,20,25.06,25,215.98,199,-16.98,0
e2-nio-100,binary,100,bot_98,3640,b,22,15.25,25,197.93,177,-20.93,0
e2-nio-100,binary,100,bot_98,3640,b,24,80.66,25,172.56,220,47.44,0
e2-nio-100,binary,100,bot_98,3640,b,26,77.96,25,151.32,198,46.68,0
e2-nio-100,binary,100,bot_98,3640,b,28,67.6,25,201.78,229,27.22,0
e2-nio-100,binary,100,bot_98,3640,b,30,52.37,25,143.82,172,28.18,0
e2-nio-100,binary,100,bot_98,3640,b,32,41.29,25,163.28,170,6.72,0
e2-nio-100,binary,100,bot_98,3640,b,34,35.14,25,151.24,158,6.76,0
e2-nio-100,binary,100,bot_98,3640,b,36,23.13,25,155.3,151,-4.3,0
e2-nio-100,binary,100,bot_98,3640,b,38,37.58,25,190.06,181,-9.06,0
e2-nio-100,binary,100,bot_98,3640,b,40,30.17,25,174.12,155,-19.12,0
e2-nio-100,binary,100,bot_98,3640,b,42,15.57,25,172.54,156,-16.54,0
e2-nio-100,binary,100,bot_98,3640,b,44,14.97,25,160.86,137,-23.86,0
e2-nio-100,binary,100,bot_98,3640,b,46,14.5,25,184.18,155,-29.18,0
e2-nio-100,binary,100,bot_98,3640,b,48,61.89,25,58.96,145,86.04,0
e2-nio-100,binary,100,bot_98,3640,b,50,71.85,25,102.11,144,41.89,0
e2-nio-100,binary,100,bot_98,3640,b,52,56.84,25,114.39,136,21.61,0
e2-nio-100,binary,100,bot_98,3640,b,54,72.19,25,96.02,121,24.98,0
e2-nio-100,binary,100,bot_98,3640,b,56,66.09,25,138.64,156,17.36,0
e2-nio-100,binary,100,bot_98,3640,b,58,39.34,25,116.34,144,27.66,0
e2-nio-100,binary,100,bot_98,3640,b,60,42.62,25,133.97,136,2.03,0
e2-nio-100,binary,100,bot_99,3641,w,1,68,25,101.85,145,43.15,0
e2-nio-100,binary,100,bot_99,3641,w,3,73.2,25,117.5,155,37.5,0
e2-nio-100,binary,100,bot_99,3641,w,5,62.29,25,103.49,130,26.51,0
e2-nio-100,binary,100,bot_99,3641,w,7,51.58,25,137.48,152,14.52,0
e2-nio-100,binary,100,bot_99,3641,w,9,57.9,25,157.55,179,21.45,0
e2-nio-100,binary,100,bot_99,3641,w,11,41.09,25,124.35,144,19.65,0
e2-nio-100,binary,100,bot_99,3641,w,13,35.63,25,141.97,139,-2.97,0
e2-nio-100,binary,100,bot_99,3641,w,15,20.99,25,188.51,206,17.49,0
e2-nio-100,binary,100,bot_99,3641,w,17,25.03,25,199.54,193,-6.54,0
e2-nio-100,binary,100,bot_99,3641,w,19,23.48,25,217.5,201,-16.5,0
e2-nio-100,binary,100,bot_99,3641,w,21,101.11,25,200.26,179,-21.26,0
e2-nio-100,binary,100,bot_99,3641,w,23,77.82,25,174.92,202,27.08,0
e2-nio-100,binary,100,bot_99,3641,w,25,75.7,25,153.6,198,44.4,0
e2-nio-100,binary,100,bot_99,3641,w,27,63.13,25,206.22,234,27.78,0
e2-nio-100,binary,100,bot_99,3641,w,29,48.27,25,147.89,176,28.11,0
e2-nio-100,binary,100,bot_99,3641,w,31,39.62,25,165.05,171,5.95,0
e2-nio-100,binary,100,bot_99,3641,w,33,33.56,25,152.78,159,6.22,0
e2-nio-100,binary,100,bot_99,3641,w,35,21.32,25,157.03,153,-4.03,0
e2-nio-100,binary,100,bot_99,3641,w,37,34.1,25,193.39,185,-8.39,0
e2-nio-100,binary,100,bot_99,3641,w,39,26.09,25,178.29,159,-19.29,0
e2-nio-100,binary,100,bot_99,3641,w,41,12.74,25,175.27,157,-18.27,0
e2-nio-100,binary,100,bot_99,3641,w,43,12.53,25,163.45,140,-23.45,0
e2-nio-100,binary,100,bot_99,3641,w,45,98.84,25,188.94,162,-26.94,0
e2-nio-100,binary,100,bot_99,3641,w,47,58.85,25,61.68,139,77.32,0
e2-nio-100,binary,100,bot_99,3641,w,49,67.33,25,106.71,149,42.29,0
e2-nio-100,binary,100,bot_99,3641,w,51,53.58,25,117.79,140,22.21,0
e2-nio-100,binary,100,bot_99,3641,w,53,64.88,25,103.41,129,25.59,0
e2-nio-100,binary,100,bot_99,3641,w,55,60.49,25,144.3,162,17.7,0
e2-nio-100,binary,100,bot_99,3641,w,57,37.4,25,118.22,146,27.78,0
e2-nio-100,binary,100,bot_99,3641,w,59,38.4,25,138.18,139,0.82,0
e2-nio-100,binary,100,bot_100,3641,b,2,70.51,25,98.44,134,35.56,0
e2-nio-100,binary,100,bot_100,3641,b,4,58.76,25,111.82,152,40.18,0
e2-nio-100,binary,100,bot_100,3641,b,6,48.73,25,123.43,152,28.57,0
e2-nio-100,binary,100,bot_100,3641,b,8,55.49,25,132.63,151,18.37,0
e2-nio-100,binary,100,bot_100,3641,b,10,51.45,25,126.05,149,22.95,0
e2-nio-100,binary,100,bot_100,3641,b,12,30.52,25,129.04,136,6.96,0
e2-nio-100,binary,100,bot_100,3641,b,14,55.93,25,181.25,184,2.75,0
e2-nio-100,binary,100,bot_100,3641,b,16,31.83,25,173.92,156,-17.92,0
e2-nio-100,binary,100,bot_100,3641,b,18,21.51,25,211.1,197,-14.1,0
e2-nio-100,binary,100,bot_100,3641,b,20,16.9,25,183.33,168,-15.33,0
e2-nio-100,binary,100,bot_100,3641,b,22,65.38,25,150.58,212,61.42,0
e2-nio-100,binary,100,bot_100,3641,b,24,82.43,25,196.39,235,38.61,0
e2-nio-100,binary,100,bot_100,3641,b,26,65.16,25,189.78,226,36.22,0
e2-nio-100,binary,100,bot_100,3641,b,28,64.36,25,167.14,191,23.86,0
e2-nio-100,binary,100,bot_100,3641,b,30,44.3,25,202.3,211,8.7,0
e2-nio-100,binary,100,bot_100,3641,b,32,44.7,25,194.57,195,0.43,0
e2-nio-100,binary,100,bot_100,3641,b,34,33.91,25,167.11,161,-6.11,0
e2-nio-100,binary,100,bot_100,3641,b,36,33.51,25,177.22,161,-16.22,0
e2-nio-100,binary,100,bot_100,3641,b,38,22.25,25,193.49,185,-8.49,0
e2-nio-100,binary,100,bot_100,3641,b,40,24.37,25,178.17,163,-15.17,0
e2-nio-100,binary,100,bot_100,3641,b,42,18.73,25,166.44,137,-29.44,0
e2-nio-100,binary,100,bot_100,3641,b,44,15.39,25,188.67,161,-27.67,0
e2-nio-100,binary,100,bot_100,3641,b,46,119.22,25,96.2,154,57.8,0
e2-nio-100,binary,100,bot_100,3641,b,48,83.94,25,104.31,121,16.69,0
e2-nio-100,binary,100,bot_100,3641,b,50,65.02,25,100.14,126,25.86,0
e2-nio-100,binary,100,bot_100,3641,b,52,67.54,25,105.25,118,12.75,0
e2-nio-100,binary,100,bot_100,3641,b,54,59.54,25,129.58,152,22.42,0
e2-nio-100,binary,100,bot_100,3641,b,56,71,25,114.05,133,18.95,0
e2-nio-100,binary,100,bot_100,3641,b,58,43.56,25,102.04,98,-4.04,0
e2-nio-100,binary,100,bot_100,3641,b,60,50.25,25,101.52,98,-3.52,0
e2-nio-100,binary,100,bot_101,3642,w,1,73.59,25,95.7,143,47.3,0
e2-nio-100,binary,100,bot_101,3642,w,3,61.81,25,108.83,151,42.17,0
e2-nio-100,binary,100,bot_101,3642,w,5,53.52,25,118.76,146,27.24,0
e2-nio-100,binary,100,bot_101,3642,w,7,62.3,25,126.14,146,19.86,0
e2-nio-100,binary,100,bot_101,3642,w,9,53.9,25,122.45,151,28.55,0
e2-nio-100,binary,100,bot_101,3642,w,11,33.61,25,125.84,139,13.16,0
e2-nio-100,binary,100,bot_101,3642,w,13,62.51,25,176,183,7,0
e2-nio-100,binary,100,bot_101,3642,w,15,29.36,25,176.41,157,-19.41,0
e2-nio-100,binary,100,bot_101,3642,w,17,19.94,25,212.59,195,-17.59,0
e2-nio-100,binary,100,bot_101,3642,w,19,87.75,25,184.92,165,-19.92,0
e2-nio-100,binary,100,bot_101,3642,w,21,62.21,25,153.39,199,45.61,0
e2-nio-100,binary,100,bot_101,3642,w,23,79.5,25,199.25,234,34.75,0
e2-nio-100,binary,100,bot_101,3642,w,25,62.78,25,192.12,224,31.88,0
e2-nio-100,binary,100,bot_101,3642,w,27,62.05,25,169.45,187,17.55,0
e2-nio-100,binary,100,bot_101,3642,w,29,42.1,25,204.5,210,5.5,0
e2-nio-100,binary,100,bot_101,3642,w,31,41.71,25,197.57,195,-2.57,0
e2-nio-100,binary,100,bot_101,3642,w,33,31.94,25,169.04,160,-9.04,0
e2-nio-100,binary,100,bot_101,3642,w,35,30.5,25,180.26,158,-22.26,0
e2-nio-100,binary,100,bot_101,3642,w,37,18.06,25,197.68,182,-15.68,0
e2-nio-100,binary,100,bot_101,3642,w,39,20.11,25,182.44,161,-21.44,0
e2-nio-100,binary,100,bot_101,3642,w,41,13.57,25,171.65,138,-33.65,0
e2-nio-100,binary,100,bot_101,3642,w,43,124.13,25,194.81,162,-32.81,0
e2-nio-100,binary,100,bot_101,3642,w,45,114.22,25,100.92,141,40.08,0
e2-nio-100,binary,100,bot_101,3642,w,47,80.86,25,107.54,121,13.46,0
e2-nio-100,binary,100,bot_101,3642,w,49,61.46,25,103.67,128,24.33,0
e2-nio-100,binary,100,bot_101,3642,w,51,64.31,25,108.58,117,8.42,0
e2-nio-100,binary,100,bot_101,3642,w,53,55.84,25,133.39,153,19.61,0
e2-nio-100,binary,100,bot_101,3642,w,55,64.45,25,120.71,136,15.29,0
e2-nio-100,binary,100,bot_101,3642,w,57,39.68,25,106,99,-7,0
e2-nio-100,binary,100,bot_101,3642,w,59,46.81,25,105.14,98,-7.14,0
e2-nio-100,binary,100,bot_102,3642,b,2,79,25,111.57,142,30.43,0
e2-nio-100,binary,100,bot_102,3642,b,4,65.79,25,99.87,119,19.13,0
e2-nio-100,binary,100,bot_102,3642,b,6,57.56,25,131.48,142,10.52,0
e2-nio-100,binary,100,bot_102,3642,b,8,65.89,25,149.54,169,19.46,0
e2-nio-100,binary,100,bot_102,3642,b,10,49.97,25,115.68,127,11.32,0
e2-nio-100,binary,100,bot_102,3642,b,12,43.7,25,133.57,124,-9.57,0
e2-nio-100,binary,100,bot_102,3642,b,14,20.08,25,189.08,205,15.92,0
e2-nio-100,binary,100,bot_102,3642,b,16,23.8,25,200.71,185,-15.71,0
e2-nio-100,binary,100,bot_102,3642,b,18,20.74,25,220.18,194,-26.18,0
e2-nio-100,binary,100,bot_102,3642,b,20,86.88,25,142.41,184,41.59,0
e2-nio-100,binary,100,bot_102,3642,b,22,75.81,25,176.87,193,16.13,0
e2-nio-100,binary,100,bot_102,3642,b,24,73.03,25,156.53,190,33.47,0
e2-nio-100,binary,100,bot_102,3642,b,26,59.41,25,209.74,227,17.26,0
e2-nio-100,binary,100,bot_102,3642,b,28,46.21,25,149.97,167,17.03,0
e2-nio-100,binary,100,bot_102,3642,b,30,38.32,25,166.6,162,-4.6,0
e2-nio-100,binary,100,bot_102,3642,b,32,32.01,25,154.57,150,-4.57,0
e2-nio-100,binary,100,bot_102,3642,b,34,18.78,25,159.58,146,-13.58,0
e2-nio-100,binary,100,bot_102,3642,b,36,28.81,25,198.19,180,-18.19,0
e2-nio-100,binary,100,bot_102,3642,b,38,22.69,25,181.93,152,-29.93,0
e2-nio-100,binary,100,bot_102,3642,b,40,10.82,25,176.88,149,-27.88,0
e2-nio-100,binary,100,bot_102,3642,b,42,11.28,25,164.92,131,-33.92,0
e2-nio-100,binary,100,bot_102,3642,b,44,85.93,25,87.35,164,76.65,0
e2-nio-100,binary,100,bot_102,3642,b,46,57.35,25,62.89,130,67.11,0
e2-nio-100,binary,100,bot_102,3642,b,48,67.3,25,106.6,139,32.4,0
e2-nio-100,binary,100,bot_102,3642,b,50,52.66,25,118.88,132,13.12,0
e2-nio-100,binary,100,bot_102,3642,b,52,63.56,25,104.56,121,16.44,0
e2-nio-100,binary,100,bot_102,3642,b,54,59.31,25,145.32,152,6.68,0
e2-nio-100,binary,100,bot_102,3642,b,56,36.77,25,118.45,135,16.55,0
e2-nio-100,binary,100,bot_102,3642,b,58,36.41,25,140.03,132,-8.03,0
e2-nio-100,binary,100,bot_102,3642,b,60,34.99,25,163.32,162,-1.32,0
e2-nio-100,binary,100,bot_103,3643,w,1,82.95,25,107.99,154,46.01,0
e2-nio-100,binary,100,bot_103,3643,w,3,67.59,25,98.06,123,24.94,0
e2-nio-100,binary,100,bot_103,3643,w,5,60.82,25,128.42,146,17.58,0
e2-nio-100,binary,100,bot_103,3643,w,7,70.36,25,145.06,171,25.94,0
e2-nio-100,binary,100,bot_103,3643,w,9,55.13,25,111.15,128,16.85,0
e2-nio-100,binary,100,bot_103,3643,w,11,47.74,25,129.22,126,-3.22,0
e2-nio-100,binary,100,bot_103,3643,w,13,19.09,25,190,217,27,0
e2-nio-100,binary,100,bot_103,3643,w,15,21.92,25,202.58,187,-15.58,0
e2-nio-100,binary,100,bot_103,3643,w,17,95.24,25,223.54,198,-25.54,0
e2-nio-100,binary,100,bot_103,3643,w,19,85.29,25,143.55,169,25.45,0
e2-nio-100,binary,100,bot_103,3643,w,21,73.42,25,179.36,197,17.64,0
e2-nio-100,binary,100,bot_103,3643,w,23,70.71,25,158.87,191,32.13,0
e2-nio-100,binary,100,bot_103,3643,w,25,54.89,25,214.29,231,16.71,0
e2-nio-100,binary,100,bot_103,3643,w,27,44.53,25,151.63,167,15.37,0
e2-nio-100,binary,100,bot_103,3643,w,29,36.24,25,168.68,164,-4.68,0
e2-nio-100,binary,100,bot_103,3643,w,31,29.99,25,156.76,150,-6.76,0
e2-nio-100,binary,100,bot_103,3643,w,33,17.84,25,160.27,146,-14.27,0
e2-nio-100,binary,100,bot_103,3643,w,35,23.35,25,203.48,182,-21.48,0
e2-nio-100,binary,100,bot_103,3643,w,37,18.85,25,185.75,154,-31.75,0
e2-nio-100,binary,100,bot_103,3643,w,39,8.47,25,179.14,148,-31.14,0
e2-nio-100,binary,100,bot_103,3643,w,41,122.83,25,167.27,130,-37.27,0
e2-nio-100,binary,100,bot_103,3643,w,43,83.71,25,89.18,153,63.82,0
e2-nio-100,binary,100,bot_103,3643,w,45,54.22,25,65.92,128,62.08,0
e2-nio-100,binary,100,bot_103,3643,w,47,63.51,25,110.03,139,28.97,0
e2-nio-100,binary,100,bot_103,3643,w,49,51.11,25,120.4,132,11.6,0
e2-nio-100,binary,100,bot_103,3643,w,51,60.64,25,107.43,120,12.57,0
e2-nio-100,binary,100,bot_103,3643,w,53,56.38,25,148.25,154,5.75,0
e2-nio-100,binary,100,bot_103,3643,w,55,35.18,25,120.19,133,12.81,0
e2-nio-100,binary,100,bot_103,3643,w,57,33.71,25,142.74,133,-9.74,0
e2-nio-100,binary,100,bot_103,3643,w,59,33.67,25,164.59,164,-0.59,0
e2-nio-100,binary,100,bot_104,3643,b,2,65.58,25,105.01,147,41.99,0
e2-nio-100,binary,100,bot_104,3643,b,4,58.85,25,113.35,139,25.65,0
e2-nio-100,binary,100,bot_104,3643,b,6,67.09,25,121.54,140,18.46,0
e2-nio-100,binary,100,bot_104,3643,b,8,57.28,25,118.73,147,28.27,0
e2-nio-100,binary,100,bot_104,3643,b,10,37.46,25,121.94,135,13.06,0
e2-nio-100,binary,100,bot_104,3643,b,12,70.82,25,169.05,175,5.95,0
e2-nio-100,binary,100,bot_104,3643,b,14,27.75,25,178.1,154,-24.1,0
e2-nio-100,binary,100,bot_104,3643,b,16,18.47,25,213.85,191,-22.85,0
e2-nio-100,binary,100,bot_104,3643,b,18,70.48,25,124.87,176,51.13,0
e2-nio-100,binary,100,bot_104,3643,b,20,60.47,25,155.17,196,40.83,0
e2-nio-100,binary,100,bot_104,3643,b,22,76.46,25,201.95,231,29.05,0
e2-nio-100,binary,100,bot_104,3643,b,24,60.12,25,194.55,221,26.45,0
e2-nio-100,binary,100,bot_104,3643,b,26,59,25,172.44,182,9.56,0
e2-nio-100,binary,100,bot_104,3643,b,28,38.41,25,208.24,207,-1.24,0
e2-nio-100,binary,100,bot_104,3643,b,30,38.72,25,200.73,193,-7.73,0
e2-nio-100,binary,100,bot_104,3643,b,32,30.38,25,170.51,156,-14.51,0
e2-nio-100,binary,100,bot_104,3643,b,34,26.72,25,184.51,158,-26.51,0
e2-nio-100,binary,100,bot_104,3643,b,36,15.69,25,200.26,177,-23.26,0
e2-nio-100,binary,100,bot_104,3643,b,38,16.44,25,186.15,159,-27.15,0
e2-nio-100,binary,100,bot_104,3643,b,40,8.64,25,176.6,139,-37.6,0
e2-nio-100,binary,100,bot_104,3643,b,42,111,25,94.61,170,75.39,0
e2-nio-100,binary,100,bot_104,3643,b,44,109.49,25,105.6,143,37.4,0
e2-nio-100,binary,100,bot_104,3643,b,46,77.3,25,111.98,120,8.02,0
e2-nio-100,binary,100,bot_104,3643,b,48,59.25,25,105.96,123,17.04,0
e2-nio-100,binary,100,bot_104,3643,b,50,60.02,25,113.08,118,4.92,0
e2-nio-100,binary,100,bot_104,3643,b,52,54.05,25,135.32,150,14.68,0
e2-nio-100,binary,100,bot_104,3643,b,54,60.13,25,125.24,135,9.76,0
e2-nio-100,binary,100,bot_104,3643,b,56,36.33,25,109.07,98,-11.07,0
e2-nio-100,binary,100,bot_104,3643,b,58,46.99,25,105.2,92,-13.2,0
e2-nio-100,binary,100,bot_104,3643,b,60,41.72,25,128.97,116,-12.97,0
e2-nio-100,binary,100,bot_105,3644,w,1,69.31,25,101.65,153,51.35,0
e2-nio-100,binary,100,bot_105,3644,w,3,63.2,25,108.81,134,25.19,0
e2-nio-100,binary,100,bot_105,3644,w,5,70.51,25,118.45,137,18.55,0
e2-nio-100,binary,100,bot_105,3644,w,7,59.23,25,116.76,148,31.24,0
e2-nio-100,binary,100,bot_105,3644,w,9,38.78,25,120.79,137,16.21,0
e2-nio-100,binary,100,bot_105,3644,w,11,75.19,25,166.14,177,10.86,0
e2-nio-100,binary,100,bot_105,3644,w,13,24.3,25,181.65,154,-27.65,0
e2-nio-100,binary,100,bot_105,3644,w,15,96.98,25,217.04,190,-27.04,0
e2-nio-100,binary,100,bot_105,3644,w,17,67.22,25,127.79,158,30.21,0
e2-nio-100,binary,100,bot_105,3644,w,19,57.01,25,158.61,196,37.39,0
e2-nio-100,binary,100,bot_105,3644,w,21,72.46,25,205.65,230,24.35,0
e2-nio-100,binary,100,bot_105,3644,w,23,56.05,25,198.59,219,20.41,0
e2-nio-100,binary,100,bot_105,3644,w,25,54.05,25,177.47,182,4.53,0
e2-nio-100,binary,100,bot_105,3644,w,27,33.67,25,213,209,-4,0
e2-nio-100,binary,100,bot_105,3644,w,29,34.2,25,205.35,194,-11.35,0
e2-nio-100,binary,100,bot_105,3644,w,31,27.66,25,173.21,157,-16.21,0
e2-nio-100,binary,100,bot_105,3644,w,33,23.17,25,188.23,158,-30.23,0
e2-nio-100,binary,100,bot_105,3644,w,35,13.44,25,202.54,173,-29.54,0
e2-nio-100,binary,100,bot_105,3644,w,37,12.79,25,189.74,157,-32.74,0
e2-nio-100,binary,100,bot_105,3644,w,39,94.66,25,91.14,146,54.86,0
e2-nio-100,binary,100,bot_105,3644,w,41,104.51,25,100.76,160,59.24,0
e2-nio-100,binary,100,bot_105,3644,w,43,101.94,25,112.83,144,31.17,0
e2-nio-100,binary,100,bot_105,3644,w,45,70.96,25,118.27,120,1.73,0
e2-nio-100,binary,100,bot_105,3644,w,47,53.9,25,111.09,120,8.91,0
e2-nio-100,binary,100,bot_105,3644,w,49,51.55,25,121.62,120,-1.62,0
e2-nio-100,binary,100,bot_105,3644,w,51,48.09,25,141.24,146,4.76,0
e2-nio-100,binary,100,bot_105,3644,w,53,49.91,25,135.41,134,-1.41,0
e2-nio-100,binary,100,bot_105,3644,w,55,29.96,25,115.27,99,-16.27,0
e2-nio-100,binary,100,bot_105,3644,w,57,36.78,25,115.86,96,-19.86,0
e2-nio-100,binary,100,bot_105,3644,w,59,31.93,25,138.97,119,-19.97,0
e2-nio-100,binary,100,bot_106,3644,b,2,70.61,25,95.04,118,22.96,0
e2-nio-100,binary,100,bot_106,3644,b,4,62.83,25,126.55,143,16.45,0
e2-nio-100,binary,100,bot_106,3644,b,6,75.28,25,139.92,163,23.08,0
e2-nio-100,binary,100,bot_106,3644,b,8,60.8,25,105.57,117,11.43,0
e2-nio-100,binary,100,bot_106,3644,b,10,53.75,25,122.69,113,-9.69,0
e2-nio-100,binary,100,bot_106,3644,b,12,17.37,25,191.27,217,25.73,0
e2-nio-100,binary,100,bot_106,3644,b,14,19.19,25,205.28,180,-25.28,0
e2-nio-100,binary,100,bot_106,3644,b,16,75.93,25,161.68,210,48.32,0
e2-nio-100,binary,100,bot_106,3644,b,18,83.41,25,145.39,163,17.61,0
e2-nio-100,binary,100,bot_106,3644,b,20,70.88,25,182.38,192,9.62,0
e2-nio-100,binary,100,bot_106,3644,b,22,67.46,25,162.59,186,23.41,0
e2-nio-100,binary,100,bot_106,3644,b,24,50.9,25,218,226,8,0
e2-nio-100,binary,100,bot_106,3644,b,26,42.15,25,153.88,160,6.12,0
e2-nio-100,binary,100,bot_106,3644,b,28,33.74,25,171.18,156,-15.18,0
e2-nio-100,binary,100,bot_106,3644,b,30,28.38,25,158.39,143,-15.39,0
e2-nio-100,binary,100,bot_106,3644,b,32,15.3,25,162.44,140,-22.44,0
e2-nio-100,binary,100,bot_106,3644,b,34,19.11,25,207.22,181,-26.22,0
e2-nio-100,binary,100,bot_106,3644,b,36,14.48,25,190.27,154,-36.27,0
e2-nio-100,binary,100,bot_106,3644,b,38,103.41,25,181.6,144,-37.6,0
e2-nio-100,binary,100,bot_106,3644,b,40,107.35,25,85.95,130,44.05,0
e2-nio-100,binary,100,bot_106,3644,b,42,79.61,25,93.3,148,54.7,0
e2-nio-100,binary,100,bot_106,3644,b,44,48.99,25,71.5,123,51.5,0
e2-nio-100,binary,100,bot_106,3644,b,46,57.18,25,116.23,137,20.77,0
e2-nio-100,binary,100,bot_106,3644,b,48,46.98,25,124.73,129,4.27,0
e2-nio-100,binary,100,bot_106,3644,b,50,52.43,25,115.5,117,1.5,0
e2-nio-100,binary,100,bot_106,3644,b,52,46.7,25,158,157,-1,0
e2-nio-100,binary,100,bot_106,3644,b,54,30.43,25,124.65,125,0.35,0
e2-nio-100,binary,100,bot_106,3644,b,56,26.93,25,149.42,129,-20.42,0
e2-nio-100,binary,100,bot_106,3644,b,58,27.79,25,170.22,156,-14.22,0
e2-nio-100,binary,100,bot_106,3644,b,60,21.19,25,153.64,142,-11.64,0
e2-nio-100,binary,100,bot_107,3645,w,1,73.3,25,92.81,130,37.19,0
e2-nio-100,binary,100,bot_107,3645,w,3,67.81,25,121.58,141,19.42,0
e2-nio-100,binary,100,bot_107,3645,w,5,80.38,25,134.3,163,28.7,0
e2-nio-100,binary,100,bot_107,3645,w,7,66.45,25,100.42,117,16.58,0
e2-nio-100,binary,100,bot_107,3645,w,9,58.36,25,117.19,114,-3.19,0
e2-nio-100,binary,100,bot_107,3645,w,11,16.3,25,192.19,227,34.81,0
e2-nio-100,binary,100,bot_107,3645,w,13,109.84,25,206.99,178,-28.99,0
e2-nio-100,binary,100,bot_107,3645,w,15,74.35,25,162.97,193,30.03,0
e2-nio-100,binary,100,bot_107,3645,w,17,82.03,25,146.72,161,14.28,0
e2-nio-100,binary,100,bot_107,3645,w,19,68.73,25,184.55,190,5.45,0
e2-nio-100,binary,100,bot_107,3645,w,21,64.36,25,165.71,185,19.29,0
e2-nio-100,binary,100,bot_107,3645,w,23,48.3,25,220.52,226,5.48,0
e2-nio-100,binary,100,bot_107,3645,w,25,39.93,25,156.1,159,2.9,0
e2-nio-100,binary,100,bot_107,3645,w,27,31.69,25,173.19,154,-19.19,0
e2-nio-100,binary,100,bot_107,3645,w,29,27.41,25,159.38,141,-18.38,0
e2-nio-100,binary,100,bot_107,3645,w,31,13.81,25,163.83,140,-23.83,0
e2-nio-100,binary,100,bot_107,3645,w,33,16.54,25,209.59,178,-31.59,0
e2-nio-100,binary,100,bot_107,3645,w,35,10.87,25,193.93,154,-39.93,0
e2-nio-100,binary,100,bot_107,3645,w,37,95.95,25,69.99,147,77.01,0
e2-nio-100,binary,100,bot_107,3645,w,39,103.28,25,90.06,129,38.94,0
e2-nio-100,binary,100,bot_107,3645,w,41,76.66,25,96.24,145,48.76,0
e2-nio-100,binary,100,bot_107,3645,w,43,46.85,25,73.63,121,47.37,0
e2-nio-100,binary,100,bot_107,3645,w,45,54.47,25,118.91,135,16.09,0
e2-nio-100,binary,100,bot_107,3645,w,47,45.16,25,126.47,127,0.53,0
e2-nio-100,binary,100,bot_107,3645,w,49,48.16,25,119.74,116,-3.74,0
e2-nio-100,binary,100,bot_107,3645,w,51,43.66,25,160.97,155,-5.97,0
e2-nio-100,binary,100,bot_107,3645,w,53,30.27,25,124.52,119,-5.52,0
e2-nio-100,binary,100,bot_107,3645,w,55,23.66,25,152.66,129,-23.66,0
e2-nio-100,binary,100,bot_107,3645,w,57,24.08,25,173.89,154,-19.89,0
e2-nio-100,binary,100,bot_107,3645,w,59,16.71,25,157.82,141,-16.82,0
e2-nio-100,binary,100,bot_108,3645,b,2,66.96,25,105.06,136,30.94,0
e2-nio-100,binary,100,bot_108,3645,b,4,76.24,25,112.96,138,25.04,0
e2-nio-100,binary,100,bot_108,3645,b,6,64.45,25,111.47,149,37.53,0
e2-nio-100,binary,100,bot_108,3645,b,8,45.45,25,114.05,138,23.95,0
e2-nio-100,binary,100,bot_108,3645,b,10,83.95,25,159.3,175,15.7,0
e2-nio-100,binary,100,bot_108,3645,b,12,20.54,25,185.79,157,-28.79,0
e2-nio-100,binary,100,bot_108,3645,b,14,79.83,25,141.95,207,65.05,0
e2-nio-100,binary,100,bot_108,3645,b,16,64.66,25,130.32,160,29.68,0
e2-nio-100,binary,100,bot_108,3645,b,18,54.37,25,161.5,198,36.5,0
e2-nio-100,binary,100,bot_108,3645,b,20,69.01,25,208.68,232,23.32,0
e2-nio-100,binary,100,bot_108,3645,b,22,53.66,25,201.11,220,18.89,0
e2-nio-100,binary,100,bot_108,3645,b,24,51.32,25,180.2,182,1.8,0
e2-nio-100,binary,100,bot_108,3645,b,26,30.29,25,216.46,210,-6.46,0
e2-nio-100,binary,100,bot_108,3645,b,28,31.01,25,208.82,196,-12.82,0
e2-nio-100,binary,100,bot_108,3645,b,30,26.04,25,174.82,157,-17.82,0
e2-nio-100,binary,100,bot_108,3645,b,32,20.26,25,191.74,160,-31.74,0
e2-nio-100,binary,100,bot_108,3645,b,34,11.08,25,205.01,174,-31.01,0
e2-nio-100,binary,100,bot_108,3645,b,36,129.04,25,193.36,157,-36.36,0
e2-nio-100,binary,100,bot_108,3645,b,38,90.4,25,94.47,143,48.53,0
e2-nio-100,binary,100,bot_108,3645,b,40,99.6,25,105.65,161,55.35,0
e2-nio-100,binary,100,bot_108,3645,b,42,98.49,25,116.21,145,28.79,0
e2-nio-100,binary,100,bot_108,3645,b,44,67.04,25,122.38,122,-0.38,0
e2-nio-100,binary,100,bot_108,3645,b,46,51.95,25,113.07,120,6.93,0
e2-nio-100,binary,100,bot_108,3645,b,48,48.34,25,124.92,122,-2.92,0
e2-nio-100,binary,100,bot_108,3645,b,50,45.37,25,144.08,145,0.92,0
e2-nio-100,binary,100,bot_108,3645,b,52,46.09,25,139.63,135,-4.63,0
e2-nio-100,binary,100,bot_108,3645,b,54,26.66,25,118.64,101,-17.64,0
e2-nio-100,binary,100,bot_108,3645,b,56,31.25,25,121.81,97,-24.81,0
e2-nio-100,binary,100,bot_108,3645,b,58,26.63,25,144.68,120,-24.68,0
e2-nio-100,binary,100,bot_108,3645,b,60,21.11,25,122,98,-24,0
e2-nio-100,binary,100,bot_109,3646,w,1,67.87,25,104.1,149,44.9,0
e2-nio-100,binary,100,bot_109,3646,w,3,82.9,25,107.16,144,36.84,0
e2-nio-100,binary,100,bot_109,3646,w,5,67.94,25,108.65,170,61.35,0
e2-nio-100,binary,100,bot_109,3646,w,7,50.63,25,109.06,144,34.94,0
e2-nio-100,binary,100,bot_109,3646,w,9,95.58,25,149.75,178,28.25,0
e2-nio-100,binary,100,bot_109,3646,w,11,107.37,25,189.75,161,-28.75,0
e2-nio-100,binary,100,bot_109,3646,w,13,77.11,25,144.28,189,44.72,0
e2-nio-100,binary,100,bot_109,3646,w,15,62.74,25,131.65,160,28.35,0
e2-nio-100,binary,100,bot_109,3646,w,17,52.62,25,163.35,197,33.65,0
e2-nio-100,binary,100,bot_109,3646,w,19,66.72,25,210.88,232,21.12,0
e2-nio-100,binary,100,bot_109,3646,w,21,51.5,25,203.35,220,16.65,0
e2-nio-100,binary,100,bot_109,3646,w,23,48.55,25,182.94,183,0.06,0
e2-nio-100,binary,100,bot_109,3646,w,25,27.1,25,219.67,211,-8.67,0
e2-nio-100,binary,100,bot_109,3646,w,27,26.98,25,212.97,198,-14.97,0
e2-nio-100,binary,100,bot_109,3646,w,29,23.8,25,177.09,159,-18.09,0
e2-nio-100,binary,100,bot_109,3646,w,31,16.39,25,195.78,163,-32.78,0
e2-nio-100,binary,100,bot_109,3646,w,33,8.48,25,207.64,174,-33.64,0
e2-nio-100,binary,100,bot_109,3646,w,35,116.16,25,83.99,168,84.01,0
e2-nio-100,binary,100,bot_109,3646,w,37,86.23,25,99.18,145,45.82,0
e2-nio-100,binary,100,bot_109,3646,w,39,94.91,25,110.38,162,51.62,0
e2-nio-100,binary,100,bot_109,3646,w,41,94.3,25,120.21,147,26.79,0
e2-nio-100,binary,100,bot_109,3646,w,43,62.1,25,127.52,124,-3.52,0
e2-nio-100,binary,100,bot_109,3646,w,45,47.37,25,117.23,119,1.77,0
e2-nio-100,binary,100,bot_109,3646,w,47,40.5,25,132.94,127,-5.94,0
e2-nio-100,binary,100,bot_109,3646,w,49,41.42,25,148.69,142,-6.69,0
e2-nio-100,binary,100,bot_109,3646,w,51,38.44,25,147.34,136,-11.34,0
e2-nio-100,binary,100,bot_109,3646,w,53,22.69,25,122.73,99,-23.73,0
e2-nio-100,binary,100,bot_109,3646,w,55,26.94,25,126.44,99,-27.44,0
e2-nio-100,binary,100,bot_109,3646,w,57,20.15,25,151.28,123,-28.28,0
e2-nio-100,binary,100,bot_109,3646,w,59,13.26,25,130.25,100,-30.25,0
e2-nio-100,binary,100,bot_110,3646,b,2,80.43,25,108.88,139,30.12,0
e2-nio-100,binary,100,bot_110,3646,b,4,103.61,25,109.94,154,44.06,0
e2-nio-100,binary,100,bot_110,3646,b,6,77.61,25,89.63,118,28.37,0
e2-nio-100,binary,100,bot_110,3646,b,8,71.19,25,103.63,115,11.38,0
e2-nio-100,binary,100,bot_110,3646,b,10,15.77,25,192.21,245,52.79,0
e2-nio-100,binary,100,bot_110,3646,b,12,90.56,25,135.8,201,65.2,0
e2-nio-100,binary,100,bot_110,3646,b,14,73.59,25,164.29,198,33.71,0
e2-nio-100,binary,100,bot_110,3646,b,16,79.99,25,148.65,168,19.35,0
e2-nio-100,binary,100,bot_110,3646,b,18,67.07,25,186.21,197,10.79,0
e2-nio-100,binary,100,bot_110,3646,b,20,63.31,25,166.8,191,24.2,0
e2-nio-100,binary,100,bot_110,3646,b,22,46.57,25,222.08,231,8.92,0
e2-nio-100,binary,100,bot_110,3646,b,24,38.12,25,157.9,164,6.1,0
e2-nio-100,binary,100,bot_110,3646,b,26,30.65,25,174.2,159,-15.2,0
e2-nio-100,binary,100,bot_110,3646,b,28,25.94,25,160.53,145,-15.53,0
e2-nio-100,binary,100,bot_110,3646,b,30,12.72,25,165.25,145,-20.25,0
e2-nio-100,binary,100,bot_110,3646,b,32,14.2,25,211.35,182,-29.35,0
e2-nio-100,binary,100,bot_110,3646,b,34,131.99,25,195.86,158,-37.86,0
e2-nio-100,binary,100,bot_110,3646,b,36,94.02,25,71.37,142,70.63,0
e2-nio-100,binary,100,bot_110,3646,b,38,100.11,25,92.86,133,40.14,0
e2-nio-100,binary,100,bot_110,3646,b,40,74.84,25,98.09,147,48.91,0
e2-nio-100,binary,100,bot_110,3646,b,42,43.77,25,76.57,125,48.43,0
e2-nio-100,binary,100,bot_110,3646,b,44,49.07,25,124.54,141,16.46,0
e2-nio-100,binary,100,bot_110,3646,b,46,42.23,25,129.77,131,1.23,0
e2-nio-100,binary,100,bot_110,3646,b,48,42.29,25,125.26,121,-4.26,0
e2-nio-100,binary,100,bot_110,3646,b,50,37.15,25,166.79,164,-2.79,0
e2-nio-100,binary,100,bot_110,3646,b,52,23.62,25,130.53,122,-8.53,0
e2-nio-100,binary,100,bot_110,3646,b,54,20.35,25,155.82,132,-23.82,0
e2-nio-100,binary,100,bot_110,3646,b,56,18.98,25,178.95,161,-17.95,0
e2-nio-100,binary,100,bot_110,3646,b,58,10.39,25,163.22,144,-19.22,0
e2-nio-100,binary,100,bot_110,3646,b,60,41.79,25,145.45,119,-26.45,0
e2-nio-100,binary,100,bot_111,3647,w,1,81.43,25,108.53,143,34.47,0
e2-nio-100,binary,100,bot_111,3647,w,3,105.5,25,107.88,149,41.12,0
e2-nio-100,binary,100,bot_111,3647,w,5,78.66,25,89,115,26,0
e2-nio-100,binary,100,bot_111,3647,w,7,72.65,25,101.85,110,8.15,0
e2-nio-100,binary,100,bot_111,3647,w,9,71.98,25,193.93,244,50.07,0
e2-nio-100,binary,100,bot_111,3647,w,11,87.73,25,138.19,179,40.81,0
e2-nio-100,binary,100,bot_111,3647,w,13,72.12,25,165.74,194,28.26,0
e2-nio-100,binary,100,bot_111,3647,w,15,77.27,25,151.36,165,13.64,0
e2-nio-100,binary,100,bot_111,3647,w,17,64.82,25,188.51,194,5.49,0
e2-nio-100,binary,100,bot_111,3647,w,19,61.45,25,168.68,187,18.32,0
e2-nio-100,binary,100,bot_111,3647,w,21,43.59,25,225,228,3,0
e2-nio-100,binary,100,bot_111,3647,w,23,36.46,25,159.57,160,0.43,0
e2-nio-100,binary,100,bot_111,3647,w,25,29.28,25,175.56,153,-22.56,0
e2-nio-100,binary,100,bot_111,3647,w,27,23.62,25,162.76,141,-21.76,0
e2-nio-100,binary,100,bot_111,3647,w,29,12.6,25,165.39,138,-27.39,0
e2-nio-100,binary,100,bot_111,3647,w,31,11.24,25,214.18,180,-34.18,0
e2-nio-100,binary,100,bot_111,3647,w,33,118.33,25,89.22,168,78.78,0
e2-nio-100,binary,100,bot_111,3647,w,35,90.24,25,75.13,140,64.87,0
e2-nio-100,binary,100,bot_111,3647,w,37,94.12,25,98.95,134,35.05,0
e2-nio-100,binary,100,bot_111,3647,w,39,71.37,25,101.58,145,43.42,0
e2-nio-100,binary,100,bot_111,3647,w,41,41.1,25,79.29,121,41.71,0
e2-nio-100,binary,100,bot_111,3647,w,43,45.62,25,128.06,138,9.94,0
e2-nio-100,binary,100,bot_111,3647,w,45,40.14,25,131.9,127,-4.9,0
e2-nio-100,binary,100,bot_111,3647,w,47,37.2,25,130.28,119,-11.28,0
e2-nio-100,binary,100,bot_111,3647,w,49,32.15,25,171.46,163,-8.46,0
e2-nio-100,binary,100,bot_111,3647,w,51,19.42,25,134.51,120,-14.51,0
e2-nio-100,binary,100,bot_111,3647,w,53,16.44,25,159.67,131,-28.67,0
e2-nio-100,binary,100,bot_111,3647,w,55,14.52,25,183.3,158,-25.3,0
e2-nio-100,binary,100,bot_111,3647,w,57,69.21,25,167.28,141,-26.28,0
e2-nio-100,binary,100,bot_111,3647,w,59,33.83,25,56.65,108,51.35,0
e2-nio-100,binary,100,bot_112,3647,b,2,84.74,25,105.31,139,33.69,0
e2-nio-100,binary,100,bot_112,3647,b,4,69.98,25,106.55,165,58.45,0
e2-nio-100,binary,100,bot_112,3647,b,6,52.59,25,107.08,138,30.92,0
e2-nio-100,binary,100,bot_112,3647,b,8,97.09,25,149.33,175,25.67,0
e2-nio-100,binary,100,bot_112,3647,b,10,88.48,25,151.22,175,23.78,0
e2-nio-100,binary,100,bot_112,3647,b,12,75.78,25,145.49,185,39.51,0
e2-nio-100,binary,100,bot_112,3647,b,14,61.91,25,132.52,157,24.48,0
e2-nio-100,binary,100,bot_112,3647,b,16,51.58,25,164.42,192,27.58,0
e2-nio-100,binary,100,bot_112,3647,b,18,65.03,25,212.34,229,16.66,0
e2-nio-100,binary,100,bot_112,3647,b,20,49.45,25,205.51,218,12.49,0
e2-nio-100,binary,100,bot_112,3647,b,22,46.5,25,184.87,179,-5.87,0
e2-nio-100,binary,100,bot_112,3647,b,24,24.83,25,221.97,209,-12.97,0
e2-nio-100,binary,100,bot_112,3647,b,26,25,25,215.24,196,-19.24,0
e2-nio-100,binary,100,bot_112,3647,b,28,21.45,25,179.6,155,-24.6,0
e2-nio-100,binary,100,bot_112,3647,b,30,15.04,25,197.05,161,-36.05,0
e2-nio-100,binary,100,bot_112,3647,b,32,128.18,25,209.04,170,-39.04,0
e2-nio-100,binary,100,bot_112,3647,b,34,113.6,25,86.28,154,67.72,0
e2-nio-100,binary,100,bot_112,3647,b,36,83.79,25,101.4,142,40.6,0
e2-nio-100,binary,100,bot_112,3647,b,38,91.61,25,113.57,157,43.43,0
e2-nio-100,binary,100,bot_112,3647,b,40,91,25,123.1,144,20.9,0
e2-nio-100,binary,100,bot_112,3647,b,42,60.72,25,129.1,119,-10.1,0
e2-nio-100,binary,100,bot_112,3647,b,44,45.12,25,119.24,115,-4.24,0
e2-nio-100,binary,100,bot_112,3647,b,46,36.76,25,136.77,126,-10.77,0
e2-nio-100,binary,100,bot_112,3647,b,48,40.09,25,150.3,136,-14.3,0
e2-nio-100,binary,100,bot_112,3647,b,50,34.2,25,151.56,133,-18.56,0
e2-nio-100,binary,100,bot_112,3647,b,52,20.38,25,125.04,94,-31.04,0
e2-nio-100,binary,100,bot_112,3647,b,54,23.1,25,130.78,96,-34.78,0
e2-nio-100,binary,100,bot_112,3647,b,56,15.12,25,156.7,121,-35.7,0
e2-nio-100,binary,100,bot_112,3647,b,58,94.18,25,82.93,111,28.07,0
e2-nio-100,binary,100,bot_112,3647,b,60,71.65,25,78.5,69,-9.5,0
e2-nio-100,binary,100,bot_113,3648,w,1,89.64,25,100.96,156,55.04,0
e2-nio-100,binary,100,bot_113,3648,w,3,73.42,25,103.02,175,71.98,0
e2-nio-100,binary,100,bot_113,3648,w,5,55.38,25,104.27,146,41.73,0
e2-nio-100,binary,100,bot_113,3648,w,7,104.82,25,142.69,181,38.31,0
e2-nio-100,binary,100,bot_113,3648,w,9,86.5,25,153.32,168,14.68,0
e2-nio-100,binary,100,bot_113,3648,w,11,72.98,25,148.27,193,44.73,0
e2-nio-100,binary,100,bot_113,3648,w,13,60.45,25,134,161,27,0
e2-nio-100,binary,100,bot_113,3648,w,15,49.88,25,166.13,198,31.87,0
e2-nio-100,binary,100,bot_113,3648,w,17,62.48,25,214.85,236,21.15,0
e2-nio-100,binary,100,bot_113,3648,w,19,47.08,25,207.97,226,18.03,0
e2-nio-100,binary,100,bot_113,3648,w,21,44.48,25,186.88,186,-0.88,0
e2-nio-100,binary,100,bot_113,3648,w,23,23.44,25,223.37,215,-8.37,0
e2-nio-100,binary,100,bot_113,3648,w,25,22.55,25,217.79,203,-14.79,0
e2-nio-100,binary,100,bot_113,3648,w,27,18.84,25,182.22,161,-21.22,0
e2-nio-100,binary,100,bot_113,3648,w,29,12.42,25,199.75,167,-32.75,0
e2-nio-100,binary,100,bot_113,3648,w,31,119.57,25,94.17,179,84.83,0
e2-nio-100,binary,100,bot_113,3648,w,33,110.04,25,89.78,157,67.22,0
e2-nio-100,binary,100,bot_113,3648,w,35,78.59,25,106.44,147,40.56,0
e2-nio-100,binary,100,bot_113,3648,w,37,90.01,25,115,157,42,0
e2-nio-100,binary,100,bot_113,3648,w,39,84.61,25,129.27,150,20.73,0
e2-nio-100,binary,100,bot_113,3648,w,41,53.77,25,136.34,129,-7.34,0
e2-nio-100,binary,100,bot_113,3648,w,43,37.63,25,126.72,119,-7.72,0
e2-nio-100,binary,100,bot_113,3648,w,45,30.08,25,143.47,135,-8.47,0
e2-nio-100,binary,100,bot_113,3648,w,47,33.57,25,157.02,142,-15.02,0
e2-nio-100,binary,100,bot_113,3648,w,49,23.81,25,162.32,147,-15.32,0
e2-nio-100,binary,100,bot_113,3648,w,51,14.53,25,131.04,100,-31.04,0
e2-nio-100,binary,100,bot_113,3648,w,53,15.72,25,138.58,106,-32.58,0
e2-nio-100,binary,100,bot_113,3648,w,55,85.69,25,104.01,140,35.99,0
e2-nio-100,binary,100,bot_113,3648,w,57,86.22,25,90.95,113,22.05,0
e2-nio-100,binary,100,bot_113,3648,w,59,63.94,25,87.04,79,-8.04,0
e2-nio-100,binary,100,bot_114,3648,b,2,110.82,25,102.67,145,42.33,0
e2-nio-100,binary,100,bot_114,3648,b,4,81.29,25,86.61,112,25.39,0
e2-nio-100,binary,100,bot_114,3648,b,6,76.41,25,97.92,106,8.08,0
e2-nio-100,binary,100,bot_114,3648,b,8,57.52,25,121.27,252,130.73,0
e2-nio-100,binary,100,bot_114,3648,b,10,86.77,25,138.57,165,26.43,0
e2-nio-100,binary,100,bot_114,3648,b,12,69.76,25,168.05,181,12.95,0
e2-nio-100,binary,100,bot_114,3648,b,14,74.89,25,153.52,153,-0.52,0
e2-nio-100,binary,100,bot_114,3648,b,16,63.64,25,189.66,179,-10.66,0
e2-nio-100,binary,100,bot_114,3648,b,18,60.65,25,169.44,171,1.56,0
e2-nio-100,binary,100,bot_114,3648,b,20,42.57,25,225.92,213,-12.92,0
e2-nio-100,binary,100,bot_114,3648,b,22,35.55,25,160.46,145,-15.46,0
e2-nio-100,binary,100,bot_114,3648,b,24,27.63,25,177.24,140,-37.24,0
e2-nio-100,binary,100,bot_114,3648,b,26,20.71,25,165.44,126,-39.44,0
e2-nio-100,binary,100,bot_114,3648,b,28,11,25,167.07,124,-43.07,0
e2-nio-100,binary,100,bot_114,3648,b,30,131.89,25,217.57,172,-45.57,0
e2-nio-100,binary,100,bot_114,3648,b,32,113.81,25,93.37,155,61.63,0
e2-nio-100,binary,100,bot_114,3648,b,34,86.81,25,78.73,131,52.27,0
e2-nio-100,binary,100,bot_114,3648,b,36,88.7,25,104.87,126,21.13,0
e2-nio-100,binary,100,bot_114,3648,b,38,67.52,25,105.57,136,30.43,0
e2-nio-100,binary,100,bot_114,3648,b,40,38.02,25,82.41,108,25.59,0
e2-nio-100,binary,100,bot_114,3648,b,42,38.53,25,135.24,130,-5.24,0
e2-nio-100,binary,100,bot_114,3648,b,44,36.72,25,135.6,114,-21.6,0
e2-nio-100,binary,100,bot_114,3648,b,46,32.16,25,135.07,106,-29.07,0
e2-nio-100,binary,100,bot_114,3648,b,48,29.78,25,173.46,149,-24.46,0
e2-nio-100,binary,100,bot_114,3648,b,50,14.63,25,138.09,103,-35.09,0
e2-nio-100,binary,100,bot_114,3648,b,52,12.71,25,163.18,119,-44.18,0
e2-nio-100,binary,100,bot_114,3648,b,54,82.09,25,187.05,144,-43.05,0
e2-nio-100,binary,100,bot_114,3648,b,56,61.04,25,85.63,122,36.37,0
e2-nio-100,binary,100,bot_114,3648,b,58,31.26,25,59.26,96,36.74,0
e2-nio-100,binary,100,bot_114,3648,b,60,37.51,25,70.75,86,15.25,0
e2-nio-100,binary,100,bot_115,3649,w,1,118.1,25,95.74,149,53.26,0
e2-nio-100,binary,100,bot_115,3649,w,3,83.73,25,84.54,113,28.46,0
e2-nio-100,binary,100,bot_115,3649,w,5,80.29,25,93.72,105,11.28,0
e2-nio-100,binary,100,bot_115,3649,w,7,55.79,25,122.88,254,131.13,0
e2-nio-100,binary,100,bot_115,3649,w,9,84.16,25,141.15,163,21.85,0
e2-nio-100,binary,100,bot_115,3649,w,11,66.76,25,170.92,180,9.08,0
e2-nio-100,binary,100,bot_115,3649,w,13,71.6,25,156.68,155,-1.68,0
e2-nio-100,binary,100,bot_115,3649,w,15,59.59,25,193.79,181,-12.79,0
e2-nio-100,binary,100,bot_115,3649,w,17,57.89,25,172.22,172,-0.22,0
e2-nio-100,binary,100,bot_115,3649,w,19,37.97,25,230.5,213,-17.5,0
e2-nio-100,binary,100,bot_115,3649,w,21,32,25,164.02,146,-18.02,0
e2-nio-100,binary,100,bot_115,3649,w,23,25.03,25,179.81,142,-37.81,0
e2-nio-100,binary,100,bot_115,3649,w,25,16.81,25,169.28,128,-41.28,0
e2-nio-100,binary,100,bot_115,3649,w,27,110.26,25,169.66,127,-42.66,0
e2-nio-100,binary,100,bot_115,3649,w,29,122.42,25,99.53,163,63.47,0
e2-nio-100,binary,100,bot_115,3649,w,31,104.14,25,103.1,156,52.9,0
e2-nio-100,binary,100,bot_115,3649,w,33,80.45,25,85.13,128,42.87,0
e2-nio-100,binary,100,bot_115,3649,w,35,76.7,25,116.36,127,10.64,0
e2-nio-100,binary,100,bot_115,3649,w,37,63.95,25,108.94,129,20.06,0
e2-nio-100,binary,100,bot_115,3649,w,39,30.55,25,89.84,104,14.16,0
e2-nio-100,binary,100,bot_115,3649,w,41,30.19,25,143.48,128,-15.48,0
e2-nio-100,binary,100,bot_115,3649,w,43,30.32,25,142.42,112,-30.42,0
e2-nio-100,binary,100,bot_115,3649,w,45,22.31,25,144.85,110,-34.85,0
e2-nio-100,binary,100,bot_115,3649,w,47,19.54,25,183.94,149,-34.94,0
e2-nio-100,binary,100,bot_115,3649,w,49,68.82,25,144.64,102,-42.64,0
e2-nio-100,binary,100,bot_115,3649,w,51,56.03,25,93.22,118,24.78,0
e2-nio-100,binary,100,bot_115,3649,w,53,64.69,25,115.86,138,22.14,0
e2-nio-100,binary,100,bot_115,3649,w,55,57.18,25,88.24,112,23.76,0
e2-nio-100,binary,100,bot_115,3649,w,57,25.76,25,64.56,87,22.44,0
e2-nio-100,binary,100,bot_115,3649,w,59,30.19,25,78.02,79,0.98,0
e2-nio-100,binary,100,bot_116,3649,b,2,75.95,25,100.51,175,74.49,0
e2-nio-100,binary,100,bot_116,3649,b,4,57.89,25,101.74,141,39.26,0
e2-nio-100,binary,100,bot_116,3649,b,6,197.59,25,138.52,180,41.48,0
e2-nio-100,binary,100,bot_116,3649,b,8,82.18,25,157.76,155,-2.76,0
e2-nio-100,binary,100,bot_116,3649,b,10,68.95,25,152.49,177,24.51,0
e2-nio-100,binary,100,bot_116,3649,b,12,58.8,25,136.32,145,8.68,0
e2-nio-100,binary,100,bot_116,3649,b,14,47.56,25,168.32,181,12.68,0
e2-nio-100,binary,100,bot_116,3649,b,16,60.11,25,217,217,0,0
e2-nio-100,binary,100,bot_116,3649,b,18,43.36,25,211.92,212,0.08,0
e2-nio-100,binary,100,bot_116,3649,b,20,41.38,25,189.89,169,-20.89,0
e2-nio-100,binary,100,bot_116,3649,b,22,21.93,25,224.95,197,-27.95,0
e2-nio-100,binary,100,bot_116,3649,b,24,20.1,25,220.39,187,-33.39,0
e2-nio-100,binary,100,bot_116,3649,b,26,16.61,25,184.47,142,-42.47,0
e2-nio-100,binary,100,bot_116,3649,b,28,123.07,25,116.05,170,53.95,0
e2-nio-100,binary,100,bot_116,3649,b,30,113.11,25,100.23,164,63.77,0
e2-nio-100,binary,100,bot_116,3649,b,32,102.24,25,97.5,144,46.5,0
e2-nio-100,binary,100,bot_116,3649,b,34,70.19,25,114.93,138,23.07,0
e2-nio-100,binary,100,bot_116,3649,b,36,79.97,25,125.66,143,17.34,0
e2-nio-100,binary,100,bot_116,3649,b,38,72.93,25,140.22,146,5.78,0
e2-nio-100,binary,100,bot_116,3649,b,40,42.93,25,148,121,-27,0
e2-nio-100,binary,100,bot_116,3649,b,42,28.2,25,135.63,108,-27.63,0
e2-nio-100,binary,100,bot_116,3649,b,44,23.84,25,149.91,124,-25.91,0
e2-nio-100,binary,100,bot_116,3649,b,46,23.85,25,166.65,131,-35.65,0
e2-nio-100,binary,100,bot_116,3649,b,48,16.48,25,170.16,131,-39.16,0
e2-nio-100,binary,100,bot_116,3649,b,50,83.54,25,85.13,96,10.87,0
e2-nio-100,binary,100,bot_116,3649,b,52,80.71,25,105.18,103,-2.18,0
e2-nio-100,binary,100,bot_116,3649,b,54,72.64,25,118.32,126,7.68,0
e2-nio-100,binary,100,bot_116,3649,b,56,70.35,25,106.72,116,9.28,0
e2-nio-100,binary,100,bot_116,3649,b,58,49.73,25,101.31,78,-23.31,0
e2-nio-100,binary,100,bot_116,3649,b,60,13.08,25,85.68,68,-17.68,0
e2-nio-100,binary,100,bot_117,3650,w,1,77.67,25,98.61,179,80.39,0
e2-nio-100,binary,100,bot_117,3650,w,3,60.93,25,98.76,133,34.24,0
e2-nio-100,binary,100,bot_117,3650,w,5,95.27,25,133.78,167,33.22,0
e2-nio-100,binary,100,bot_117,3650,w,7,90.71,25,114.3,130,15.7,0
e2-nio-100,binary,100,bot_117,3650,w,9,77.25,25,157.8,188,30.2,0
e2-nio-100,binary,100,bot_117,3650,w,11,59.51,25,139.5,171,31.5,0
e2-nio-100,binary,100,bot_117,3650,w,13,60.18,25,170.27,180,9.73,0
e2-nio-100,binary,100,bot_117,3650,w,15,74.95,25,191.59,211,19.41,0
e2-nio-100,binary,100,bot_117,3650,w,17,64.78,25,202.39,206,3.61,0
e2-nio-100,binary,100,bot_117,3650,w,19,41.21,25,189.55,207,17.45,0
e2-nio-100,binary,100,bot_117,3650,w,21,48.02,25,192.93,180,-12.93,0
e2-nio-100,binary,100,bot_117,3650,w,23,32.77,25,180.77,163,-17.77,0
e2-nio-100,binary,100,bot_117,3650,w,25,12.39,25,177.77,151,-26.77,0
e2-nio-100,binary,100,bot_117,3650,w,27,80.86,25,139.81,156,16.19,0
e2-nio-100,binary,100,bot_117,3650,w,29,115.76,25,97.96,179,81.04,0
e2-nio-100,binary,100,bot_117,3650,w,31,107.36,25,92.39,151,58.61,0
e2-nio-100,binary,100,bot_117,3650,w,33,75.82,25,109.04,141,31.96,0
e2-nio-100,binary,100,bot_117,3650,w,35,86.15,25,118.83,151,32.17,0
e2-nio-100,binary,100,bot_117,3650,w,37,80.43,25,133.24,149,15.76,0
e2-nio-100,binary,100,bot_117,3650,w,39,49.23,25,141.09,126,-15.09,0
e2-nio-100,binary,100,bot_117,3650,w,41,33.26,25,130.93,115,-15.93,0
e2-nio-100,binary,100,bot_117,3650,w,43,27.64,25,145.94,130,-15.94,0
e2-nio-100,binary,100,bot_117,3650,w,45,30.06,25,160.52,136,-24.52,0
e2-nio-100,binary,100,bot_117,3650,w,47,24.32,25,162.36,137,-25.36,0
e2-nio-100,binary,100,bot_117,3650,w,49,12.38,25,133.24,94,-39.24,0
e2-nio-100,binary,100,bot_117,3650,w,51,97.82,25,143.42,100,-43.42,0
e2-nio-100,binary,100,bot_117,3650,w,53,80.59,25,109.32,127,17.68,0
e2-nio-100,binary,100,bot_117,3650,w,55,79.95,25,97.13,114,16.87,0
e2-nio-100,binary,100,bot_117,3650,w,57,57.85,25,93.09,81,-12.09,0
e2-nio-100,binary,100,bot_117,3650,w,59,16.64,25,81.96,77,-4.96,0
e2-nio-100,binary,100,bot_118,3650,b,2,86.61,25,81.87,116,34.13,0
e2-nio-100,binary,100,bot_118,3650,b,4,85.1,25,88.68,105,16.32,0
e2-nio-100,binary,100,bot_118,3650,b,6,64.9,25,153.21,204,50.79,0
e2-nio-100,binary,100,bot_118,3650,b,8,80.08,25,143.58,190,46.42,0
e2-nio-100,binary,100,bot_118,3650,b,10,80.55,25,159.42,193,33.58,0
e2-nio-100,binary,100,bot_118,3650,b,12,58.53,25,158.87,173,14.13,0
e2-nio-100,binary,100,bot_118,3650,b,14,69.77,25,173.21,189,15.79,0
e2-nio-100,binary,100,bot_118,3650,b,16,53.59,25,178.14,209,30.86,0
e2-nio-100,binary,100,bot_118,3650,b,18,66.04,25,194.03,214,19.97,0
e2-nio-100,binary,100,bot_118,3650,b,20,35.73,25,176.84,173,-3.84,0
e2-nio-100,binary,100,bot_118,3650,b,22,31.36,25,194.66,198,3.34,0
e2-nio-100,binary,100,bot_118,3650,b,24,23.42,25,187.49,176,-11.49,0
e2-nio-100,binary,100,bot_118,3650,b,26,64.77,25,183.9,152,-31.9,0
e2-nio-100,binary,100,bot_118,3650,b,28,131.67,25,217.28,251,33.72,0
e2-nio-100,binary,100,bot_118,3650,b,30,110.4,25,96.79,167,70.21,0
e2-nio-100,binary,100,bot_118,3650,b,32,83.3,25,82.38,142,59.62,0
e2-nio-100,binary,100,bot_118,3650,b,34,83.56,25,110.09,139,28.91,0
e2-nio-100,binary,100,bot_118,3650,b,36,67.32,25,105.63,145,39.37,0
e2-nio-100,binary,100,bot_118,3650,b,38,35.47,25,84.98,118,33.02,0
e2-nio-100,binary,100,bot_118,3650,b,40,34.98,25,138.79,141,2.21,0
e2-nio-100,binary,100,bot_118,3650,b,42,33.65,25,138.85,125,-13.85,0
e2-nio-100,binary,100,bot_118,3650,b,44,27.92,25,139.37,121,-18.37,0
e2-nio-100,binary,100,bot_118,3650,b,46,25.83,25,177.63,161,-16.63,0
e2-nio-100,binary,100,bot_118,3650,b,48,10.56,25,142.01,120,-22.01,0
e2-nio-100,binary,100,bot_118,3650,b,50,8.19,25,167.73,134,-33.73,0
e2-nio-100,binary,100,bot_118,3650,b,52,68.12,25,114.25,165,50.75,0
e2-nio-100,binary,100,bot_118,3650,b,54,58.76,25,87.63,128,40.37,0
e2-nio-100,binary,100,bot_118,3650,b,56,29.55,25,60.95,102,41.05,0
e2-nio-100,binary,100,bot_118,3650,b,58,36.1,25,72.09,89,16.91,0
e2-nio-100,binary,100,bot_118,3650,b,60,16.15,25,133.34,109,-24.34,0
e2-nio-100,binary,100,bot_119,3651,w,1,87.64,25,81.04,106,24.96,0
e2-nio-100,binary,100,bot_119,3651,w,3,90.76,25,82.64,90,7.36,0
e2-nio-100,binary,100,bot_119,3651,w,5,68.2,25,150.61,199,48.39,0
e2-nio-100,binary,100,bot_119,3651,w,7,84.85,25,139.11,184,44.89,0
e2-nio-100,binary,100,bot_119,3651,w,9,85.26,25,154.83,183,28.17,0
e2-nio-100,binary,100,bot_119,3651,w,11,64.88,25,152.45,164,11.55,0
e2-nio-100,binary,100,bot_119,3651,w,13,76.96,25,166.49,174,7.51,0
e2-nio-100,binary,100,bot_119,3651,w,15,58.8,25,172.77,199,26.23,0
e2-nio-100,binary,100,bot_119,3651,w,17,72.44,25,186.86,202,15.14,0
e2-nio-100,binary,100,bot_119,3651,w,19,41.03,25,171.51,161,-10.51,0
e2-nio-100,binary,100,bot_119,3651,w,21,38.36,25,188.09,183,-5.09,0
e2-nio-100,binary,100,bot_119,3651,w,23,29.74,25,181.96,163,-18.96,0
e2-nio-100,binary,100,bot_119,3651,w,25,23.82,25,177,139,-38,0
e2-nio-100,binary,100,bot_119,3651,w,27,90.66,25,212.54,194,-18.54,0
e2-nio-100,binary,100,bot_119,3651,w,29,58.09,25,145.86,166,20.14,0
e2-nio-100,binary,100,bot_119,3651,w,31,32.96,25,156.58,159,2.42,0
e2-nio-100,binary,100,bot_119,3651,w,33,28.74,25,146.77,148,1.23,0
e2-nio-100,binary,100,bot_119,3651,w,35,28.51,25,170.88,159,-11.88,0
e2-nio-100,binary,100,bot_119,3651,w,37,15.59,25,166.03,143,-23.03,0
e2-nio-100,binary,100,bot_119,3651,w,39,11.29,25,171.66,139,-32.66,0
e2-nio-100,binary,100,bot_119,3651,w,41,64.36,25,107.11,143,35.89,0
e2-nio-100,binary,100,bot_119,3651,w,43,79.84,25,88.63,115,26.37,0
e2-nio-100,binary,100,bot_119,3651,w,45,76.88,25,127.33,147,19.67,0
e2-nio-100,binary,100,bot_119,3651,w,47,43.03,25,112.98,144,31.02,0
e2-nio-100,binary,100,bot_119,3651,w,49,45.37,25,131.23,131,-0.23,0
e2-nio-100,binary,100,bot_119,3651,w,51,36.97,25,161.85,167,5.15,0
e2-nio-100,binary,100,bot_119,3651,w,53,30.11,25,146,153,7,0
e2-nio-100,binary,100,bot_119,3651,w,55,16.32,25,136.47,128,-8.47,0
e2-nio-100,binary,100,bot_119,3651,w,57,10.57,25,134.71,106,-28.71,0
e2-nio-100,binary,100,bot_119,3651,w,59,30.46,25,120.11,116,-4.11,0
e2-nio-100,binary,100,bot_120,3651,b,2,69.53,25,90.38,135,44.62,0
e2-nio-100,binary,100,bot_120,3651,b,4,106.54,25,121.86,169,47.14,0
e2-nio-100,binary,100,bot_120,3651,b,6,101.96,25,102.66,127,24.34,0
e2-nio-100,binary,100,bot_120,3651,b,8,86.03,25,148.58,190,41.42,0
e2-nio-100,binary,100,bot_120,3651,b,10,69.33,25,130.04,171,40.96,0
e2-nio-100,binary,100,bot_120,3651,b,12,66.38,25,163.45,185,21.55,0
e2-nio-100,binary,100,bot_120,3651,b,14,84.68,25,181.61,216,34.39,0
e2-nio-100,binary,100,bot_120,3651,b,16,73.8,25,193.84,209,15.16,0
e2-nio-100,binary,100,bot_120,3651,b,18,47.23,25,184.12,213,28.88,0
e2-nio-100,binary,100,bot_120,3651,b,20,53.35,25,187.2,185,-2.2,0
e2-nio-100,binary,100,bot_120,3651,b,22,38.69,25,174.55,169,-5.55,0
e2-nio-100,binary,100,bot_120,3651,b,24,19.68,25,170.49,156,-14.49,0
e2-nio-100,binary,100,bot_120,3651,b,26,28.3,25,155.54,135,-20.54,0
e2-nio-100,binary,100,bot_120,3651,b,28,67.16,25,149.46,204,54.54,0
e2-nio-100,binary,100,bot_120,3651,b,30,49.51,25,153.09,175,21.91,0
e2-nio-100,binary,100,bot_120,3651,b,32,48.63,25,136.21,134,-2.21,0
e2-nio-100,binary,100,bot_120,3651,b,34,35.25,25,168.89,162,-6.89,0
e2-nio-100,binary,100,bot_120,3651,b,36,24.8,25,157.24,149,-8.24,0
e2-nio-100,binary,100,bot_120,3651,b,38,15.09,25,146.13,126,-20.13,0
e2-nio-100,binary,100,bot_120,3651,b,40,83.67,25,161.38,138,-23.38,0
e2-nio-100,binary,100,bot_120,3651,b,42,74.13,25,99.21,127,27.79,0
e2-nio-100,binary,100,bot_120,3651,b,44,65.98,25,123.38,167,43.63,0
e2-nio-100,binary,100,bot_120,3651,b,46,77.92,25,108.16,149,40.84,0
e2-nio-100,binary,100,bot_120,3651,b,48,46.22,25,99.71,107,7.29,0
e2-nio-100,binary,100,bot_120,3651,b,50,52.65,25,99.17,109,9.83,0
e2-nio-100,binary,100,bot_120,3651,b,52,47.37,25,123.53,125,1.47,0
e2-nio-100,binary,100,bot_120,3651,b,54,31.72,25,110.69,108,-2.69,0
e2-nio-100,binary,100,bot_120,3651,b,56,11.23,25,96.91,82,-14.91,0
e2-nio-100,binary,100,bot_120,3651,b,58,35.93,25,104.51,84,-20.51,0
e2-nio-100,binary,100,bot_120,3651,b,60,20.19,25,90.09,89,-1.09,0
e2-nio-100,binary,100,bot_121,3652,w,1,70.81,25,89.44,144,54.56,0
e2-nio-100,binary,100,bot_121,3652,w,3,107.51,25,120.83,170,49.17,0
e2-nio-100,binary,100,bot_121,3652,w,5,103.79,25,100.69,129,28.31,0
e2-nio-100,binary,100,bot_121,3652,w,7,87.24,25,147.47,190,42.53,0
e2-nio-100,binary,100,bot_121,3652,w,9,70.8,25,129.06,177,47.94,0
e2-nio-100,binary,100,bot_121,3652,w,11,67.53,25,162.3,187,24.7,0
e2-nio-100,binary,100,bot_121,3652,w,13,86.37,25,180.07,217,36.93,0
e2-nio-100,binary,100,bot_121,3652,w,15,76.43,25,191.65,209,17.35,0
e2-nio-100,binary,100,bot_121,3652,w,17,48.85,25,182.85,213,30.15,0
e2-nio-100,binary,100,bot_121,3652,w,19,55.03,25,185.43,186,0.57,0
e2-nio-100,binary,100,bot_121,3652,w,21,40.46,25,172.57,172,-0.57,0
e2-nio-100,binary,100,bot_121,3652,w,23,22.1,25,168.34,157,-11.34,0
e2-nio-100,binary,100,bot_121,3652,w,25,27.85,25,155.72,141,-14.72,0
e2-nio-100,binary,100,bot_121,3652,w,27,85.45,25,201.17,188,-13.17,0
e2-nio-100,binary,100,bot_121,3652,w,29,51.65,25,151.35,174,22.65,0
e2-nio-100,binary,100,bot_121,3652,w,31,51.37,25,133.71,133,-0.71,0
e2-nio-100,binary,100,bot_121,3652,w,33,38.29,25,166.26,161,-5.26,0
e2-nio-100,binary,100,bot_121,3652,w,35,27.81,25,154.63,149,-5.63,0
e2-nio-100,binary,100,bot_121,3652,w,37,17.03,25,143.89,126,-17.89,0
e2-nio-100,binary,100,bot_121,3652,w,39,9.98,25,160.03,137,-23.03,0
e2-nio-100,binary,100,bot_121,3652,w,41,76.91,25,96.23,137,40.77,0
e2-nio-100,binary,100,bot_121,3652,w,43,70.07,25,119.2,165,45.8,0
e2-nio-100,binary,100,bot_121,3652,w,45,80.92,25,105.12,149,43.88,0
e2-nio-100,binary,100,bot_121,3652,w,47,48.91,25,96.71,108,11.29,0
e2-nio-100,binary,100,bot_121,3652,w,49,54.75,25,96.36,108,11.64,0
e2-nio-100,binary,100,bot_121,3652,w,51,51.53,25,119.6,123,3.4,0
e2-nio-100,binary,100,bot_121,3652,w,53,35.99,25,106.33,107,0.67,0
e2-nio-100,binary,100,bot_121,3652,w,55,13.94,25,94.11,81,-13.11,0
e2-nio-100,binary,100,bot_121,3652,w,57,39.8,25,100.52,81,-19.52,0
e2-nio-100,binary,100,bot_121,3652,w,59,23.69,25,86.57,88,1.43,0
e2-nio-100,binary,100,bot_122,3652,b,2,93.86,25,79.45,116,36.55,0
e2-nio-100,binary,100,bot_122,3652,b,4,71.18,25,147.7,218,70.3,0
e2-nio-100,binary,100,bot_122,3652,b,6,86.81,25,137.13,203,65.87,0
e2-nio-100,binary,100,bot_122,3652,b,8,91.57,25,148.37,198,49.63,0
e2-nio-100,binary,100,bot_122,3652,b,10,68.91,25,148.34,182,33.66,0
e2-nio-100,binary,100,bot_122,3652,b,12,81.01,25,162.35,192,29.65,0
e2-nio-100,binary,100,bot_122,3652,b,14,62.23,25,169.22,218,48.78,0
e2-nio-100,binary,100,bot_122,3652,b,16,74.92,25,184.25,223,38.75,0
e2-nio-100,binary,100,bot_122,3652,b,18,43.82,25,168.65,179,10.35,0
e2-nio-100,binary,100,bot_122,3652,b,20,42.99,25,183.5,200,16.5,0
e2-nio-100,binary,100,bot_122,3652,b,22,32.21,25,179.37,182,2.63,0
e2-nio-100,binary,100,bot_122,3652,b,24,29.46,25,171.27,155,-16.27,0
e2-nio-100,binary,100,bot_122,3652,b,26,22.27,25,210.38,207,-3.38,0
e2-nio-100,binary,100,bot_122,3652,b,28,59.34,25,144.95,200,55.05,0
e2-nio-100,binary,100,bot_122,3652,b,30,34.37,25,155.01,177,21.99,0
e2-nio-100,binary,100,bot_122,3652,b,32,31.08,25,144.03,165,20.97,0
e2-nio-100,binary,100,bot_122,3652,b,34,31.02,25,168.02,176,7.98,0
e2-nio-100,binary,100,bot_122,3652,b,36,17.39,25,164.3,161,-3.3,0
e2-nio-100,binary,100,bot_122,3652,b,38,13.07,25,169.69,155,-14.69,0
e2-nio-100,binary,100,bot_122,3652,b,40,78.29,25,168.8,148,-20.8,0
e2-nio-100,binary,100,bot_122,3652,b,42,81.96,25,86.53,133,46.47,0
e2-nio-100,binary,100,bot_122,3652,b,44,80.79,25,123.39,164,40.61,0
e2-nio-100,binary,100,bot_122,3652,b,46,46.53,25,109.7,159,49.3,0
e2-nio-100,binary,100,bot_122,3652,b,48,48.64,25,128.29,147,18.71,0
e2-nio-100,binary,100,bot_122,3652,b,50,39.13,25,159.41,184,24.59,0
e2-nio-100,binary,100,bot_122,3652,b,52,32.65,25,143.81,166,22.19,0
e2-nio-100,binary,100,bot_122,3652,b,54,18.14,25,134.92,142,7.08,0
e2-nio-100,binary,100,bot_122,3652,b,56,12.25,25,133.07,118,-15.07,0
e2-nio-100,binary,100,bot_122,3652,b,58,33.63,25,116.97,127,10.03,0
e2-nio-100,binary,100,bot_122,3652,b,60,24.92,25,94.77,90,-4.77,0
e2-nio-100,binary,100,bot_123,3653,w,1,98.41,25,74.42,111,36.58,0
e2-nio-100,binary,100,bot_123,3653,w,3,80.83,25,138.46,205,66.54,0
e2-nio-100,binary,100,bot_123,3653,w,5,92.87,25,131,192,61,0
e2-nio-100,binary,100,bot_123,3653,w,7,101.35,25,138.31,183,44.69,0
e2-nio-100,binary,100,bot_123,3653,w,9,78.22,25,138.82,168,29.18,0
e2-nio-100,binary,100,bot_123,3653,w,11,86.68,25,157.04,183,25.96,0
e2-nio-100,binary,100,bot_123,3653,w,13,67.59,25,163.89,208,44.11,0
e2-nio-100,binary,100,bot_123,3653,w,15,79.21,25,179.2,219,39.8,0
e2-nio-100,binary,100,bot_123,3653,w,17,48.55,25,163.96,173,9.04,0
e2-nio-100,binary,100,bot_123,3653,w,19,50.84,25,176.33,190,13.67,0
e2-nio-100,binary,100,bot_123,3653,w,21,35.18,25,177.13,178,0.87,0
e2-nio-100,binary,100,bot_123,3653,w,23,34.19,25,166.65,151,-15.65,0
e2-nio-100,binary,100,bot_123,3653,w,25,26.87,25,206.59,201,-5.59,0
e2-nio-100,binary,100,bot_123,3653,w,27,16.9,25,193.82,181,-12.82,0
e2-nio-100,binary,100,bot_123,3653,w,29,39.26,25,151.92,185,33.08,0
e2-nio-100,binary,100,bot_123,3653,w,31,35.43,25,139.34,162,22.66,0
e2-nio-100,binary,100,bot_123,3653,w,33,35.5,25,163.32,171,7.68,0
e2-nio-100,binary,100,bot_123,3653,w,35,19.94,25,162.13,160,-2.13,0
e2-nio-100,binary,100,bot_123,3653,w,37,16.73,25,166.05,148,-18.05,0
e2-nio-100,binary,100,bot_123,3653,w,39,14.78,25,166.05,140,-26.05,0
e2-nio-100,binary,100,bot_123,3653,w,41,84.18,25,84.27,132,47.73,0
e2-nio-100,binary,100,bot_123,3653,w,43,82.22,25,122.38,157,34.62,0
e2-nio-100,binary,100,bot_123,3653,w,45,47.98,25,108.42,153,44.58,0
e2-nio-100,binary,100,bot_123,3653,w,47,51.8,25,125.16,139,13.84,0
e2-nio-100,binary,100,bot_123,3653,w,49,41.22,25,157.16,175,17.84,0
e2-nio-100,binary,100,bot_123,3653,w,51,36.02,25,140.66,163,22.34,0
e2-nio-100,binary,100,bot_123,3653,w,53,20.39,25,132.85,137,4.15,0
e2-nio-100,binary,100,bot_123,3653,w,55,13.69,25,130.94,113,-17.94,0
e2-nio-100,binary,100,bot_123,3653,w,57,38.92,25,111.84,118,6.16,0
e2-nio-100,binary,100,bot_123,3653,w,59,28.18,25,91.13,85,-6.13,0
e2-nio-100,binary,100,bot_124,3653,b,2,112.4,25,115.99,178,62.01,0
e2-nio-100,binary,100,bot_124,3653,b,4,108.57,25,95.74,137,41.26,0
e2-nio-100,binary,100,bot_124,3653,b,6,92.03,25,142.8,197,54.2,0
e2-nio-100,binary,100,bot_124,3653,b,8,76.22,25,124.11,187,62.89,0
e2-nio-100,binary,100,bot_124,3653,b,10,72.21,25,157.34,195,37.66,0
e2-nio-100,binary,100,bot_124,3653,b,12,91.22,25,174.89,223,48.11,0
e2-nio-100,binary,100,bot_124,3653,b,14,86.16,25,182.12,211,28.88,0
e2-nio-100,binary,100,bot_124,3653,b,16,55.31,25,176.76,217,40.24,0
e2-nio-100,binary,100,bot_124,3653,b,18,61.09,25,178.82,189,10.18,0
e2-nio-100,binary,100,bot_124,3653,b,20,48.42,25,164.05,177,12.95,0
e2-nio-100,binary,100,bot_124,3653,b,22,30.42,25,160.16,157,-3.16,0
e2-nio-100,binary,100,bot_124,3653,b,24,31.8,25,150.88,146,-4.88,0
e2-nio-100,binary,100,bot_124,3653,b,26,24.63,25,193.83,188,-5.83,0
e2-nio-100,binary,100,bot_124,3653,b,28,71.39,25,191.67,176,-15.67,0
e2-nio-100,binary,100,bot_124,3653,b,30,59.26,25,125.73,133,7.27,0
e2-nio-100,binary,100,bot_124,3653,b,32,44.95,25,159.53,162,2.47,0
e2-nio-100,binary,100,bot_124,3653,b,34,34.77,25,147.63,151,3.37,0
e2-nio-100,binary,100,bot_124,3653,b,36,20.99,25,139.82,128,-11.82,0
e2-nio-100,binary,100,bot_124,3653,b,38,11.51,25,158.81,143,-15.81,0
e2-nio-100,binary,100,bot_124,3653,b,40,86.18,25,153.06,136,-17.06,0
e2-nio-100,binary,100,bot_124,3653,b,42,71.93,25,116.91,169,52.09,0
e2-nio-100,binary,100,bot_124,3653,b,44,83.08,25,102.92,154,51.08,0
e2-nio-100,binary,100,bot_124,3653,b,46,51.94,25,93.65,110,16.35,0
e2-nio-100,binary,100,bot_124,3653,b,48,56.18,25,94.87,114,19.13,0
e2-nio-100,binary,100,bot_124,3653,b,50,55.15,25,115.98,125,9.02,0
e2-nio-100,binary,100,bot_124,3653,b,52,38.45,25,103.8,111,7.2,0
e2-nio-100,binary,100,bot_124,3653,b,54,15.61,25,92.46,84,-8.46,0
e2-nio-100,binary,100,bot_124,3653,b,56,40.77,25,99.69,86,-13.69,0
e2-nio-100,binary,100,bot_124,3653,b,58,26.94,25,83.36,93,9.64,0
e2-nio-100,binary,100,bot_124,3653,b,60,29.61,25,117.25,117,-0.25,0
e2-nio-100,binary,100,bot_125,3654,w,1,112.7,25,115.35,179,63.65,0
e2-nio-100,binary,100,bot_125,3654,w,3,109.47,25,94.66,135,40.34,0
e2-nio-100,binary,100,bot_125,3654,w,5,93.25,25,141.59,194,52.41,0
e2-nio-100,binary,100,bot_125,3654,w,7,77.05,25,123.6,185,61.4,0
e2-nio-100,binary,100,bot_125,3654,w,9,74.12,25,155.35,194,38.65,0
e2-nio-100,binary,100,bot_125,3654,w,11,93.38,25,172.56,218,45.44,0
e2-nio-100,binary,100,bot_125,3654,w,13,88.53,25,180.02,206,25.98,0
e2-nio-100,binary,100,bot_125,3654,w,15,56.86,25,175.7,214,38.3,0
e2-nio-100,binary,100,bot_125,3654,w,17,63.31,25,176.33,184,7.67,0
e2-nio-100,binary,100,bot_125,3654,w,19,51.51,25,160.69,172,11.31,0
e2-nio-100,binary,100,bot_125,3654,w,21,32.28,25,158.36,153,-5.36,0
e2-nio-100,binary,100,bot_125,3654,w,23,32.24,25,150.06,145,-5.06,0
e2-nio-100,binary,100,bot_125,3654,w,25,26.85,25,191.99,188,-3.99,0
e2-nio-100,binary,100,bot_125,3654,w,27,21.03,25,189.63,175,-14.63,0
e2-nio-100,binary,100,bot_125,3654,w,29,61.19,25,124.43,151,26.57,0
e2-nio-100,binary,100,bot_125,3654,w,31,46.67,25,157.95,162,4.05,0
e2-nio-100,binary,100,bot_125,3654,w,33,36.83,25,146.2,148,1.8,0
e2-nio-100,binary,100,bot_125,3654,w,35,22.39,25,138.35,128,-10.35,0
e2-nio-100,binary,100,bot_125,3654,w,37,13.14,25,156.9,141,-15.9,0
e2-nio-100,binary,100,bot_125,3654,w,39,9.08,25,151.94,134,-17.94,0
e2-nio-100,binary,100,bot_125,3654,w,41,74.45,25,114.58,174,59.42,0
e2-nio-100,binary,100,bot_125,3654,w,43,84.07,25,101.83,151,49.17,0
e2-nio-100,binary,100,bot_125,3654,w,45,53.98,25,92.06,109,16.94,0
e2-nio-100,binary,100,bot_125,3654,w,47,59.09,25,91.76,115,23.24,0
e2-nio-100,binary,100,bot_125,3654,w,49,55.24,25,116.22,128,11.78,0
e2-nio-100,binary,100,bot_125,3654,w,51,41.73,25,100.36,110,9.64,0
e2-nio-100,binary,100,bot_125,3654,w,53,17.59,25,90.54,84,-6.54,0
e2-nio-100,binary,100,bot_125,3654,w,55,48.63,25,91.87,77,-14.87,0
e2-nio-100,binary,100,bot_125,3654,w,57,30.77,25,79.6,94,14.4,0
e2-nio-100,binary,100,bot_125,3654,w,59,32.31,25,114.18,117,2.82,0
e2-nio-100,binary,100,bot_126,3654,b,2,83.58,25,135.89,215,79.11,0
e2-nio-100,binary,100,bot_126,3654,b,4,94.59,25,129.28,205,75.72,0
e2-nio-100,binary,100,bot_126,3654,b,6,104.91,25,134.7,194,59.3,0
e2-nio-100,binary,100,bot_126,3654,b,8,81.44,25,135.58,178,42.42,0
e2-nio-100,binary,100,bot_126,3654,b,10,88.4,25,155.36,195,39.64,0
e2-nio-100,binary,100,bot_126,3654,b,12,69.15,25,162.33,221,58.67,0
e2-nio-100,binary,100,bot_126,3654,b,14,82.27,25,176.1,230,53.9,0
e2-nio-100,binary,100,bot_126,3654,b,16,50.15,25,162.37,184,21.63,0
e2-nio-100,binary,100,bot_126,3654,b,18,53.62,25,173.68,202,28.32,0
e2-nio-100,binary,100,bot_126,3654,b,20,37.02,25,175.37,192,16.63,0
e2-nio-100,binary,100,bot_126,3654,b,22,36.99,25,163.84,160,-3.84,0
e2-nio-100,binary,100,bot_126,3654,b,24,30.57,25,202.9,206,3.1,0
e2-nio-100,binary,100,bot_126,3654,b,26,21.89,25,188.79,188,-0.79,0
e2-nio-100,binary,100,bot_126,3654,b,28,62.54,25,180.29,173,-7.29,0
e2-nio-100,binary,100,bot_126,3654,b,30,39.6,25,135.1,169,33.9,0
e2-nio-100,binary,100,bot_126,3654,b,32,38.36,25,160.17,179,18.83,0
e2-nio-100,binary,100,bot_126,3654,b,34,22.75,25,159.36,168,8.64,0
e2-nio-100,binary,100,bot_126,3654,b,36,19.42,25,163.34,156,-7.34,0
e2-nio-100,binary,100,bot_126,3654,b,38,18.16,25,162.88,148,-14.88,0
e2-nio-100,binary,100,bot_126,3654,b,40,94.58,25,152.09,131,-21.09,0
e2-nio-100,binary,100,bot_126,3654,b,42,84.68,25,119.93,165,45.07,0
e2-nio-100,binary,100,bot_126,3654,b,44,51.17,25,104.89,159,54.11,0
e2-nio-100,binary,100,bot_126,3654,b,46,58.2,25,118.72,144,25.28,0
e2-nio-100,binary,100,bot_126,3654,b,48,46.44,25,151.82,182,30.18,0
e2-nio-100,binary,100,bot_126,3654,b,50,42.62,25,134.09,164,29.91,0
e2-nio-100,binary,100,bot_126,3654,b,52,24.24,25,129.06,144,14.94,0
e2-nio-100,binary,100,bot_126,3654,b,54,17.81,25,126.77,118,-8.77,0
e2-nio-100,binary,100,bot_126,3654,b,56,45.81,25,105.05,127,21.95,0
e2-nio-100,binary,100,bot_126,3654,b,58,34.4,25,84.78,89,4.22,0
e2-nio-100,binary,100,bot_126,3654,b,60,17.53,25,94.65,100,5.35,0
e2-nio-100,binary,100,bot_127,3655,w,1,90.72,25,130.28,205,74.72,0
e2-nio-100,binary,100,bot_127,3655,w,3,100.1,25,123.63,184,60.37,0
e2-nio-100,binary,100,bot_127,3655,w,5,111.38,25,127.91,171,43.09,0
e2-nio-100,binary,100,bot_127,3655,w,7,89.97,25,126.93,155,28.07,0
e2-nio-100,binary,100,bot_127,3655,w,9,102.55,25,141.3,166,24.7,0
e2-nio-100,binary,100,bot_127,3655,w,11,73.51,25,157.76,204,46.24,0
e2-nio-100,binary,100,bot_127,3655,w,13,85.79,25,171.66,212,40.34,0
e2-nio-100,binary,100,bot_127,3655,w,15,54.38,25,158.06,166,7.94,0
e2-nio-100,binary,100,bot_127,3655,w,17,57.44,25,170.08,184,13.92,0
e2-nio-100,binary,100,bot_127,3655,w,19,41.1,25,171.58,177,5.42,0
e2-nio-100,binary,100,bot_127,3655,w,21,44.1,25,156.55,141,-15.55,0
e2-nio-100,binary,100,bot_127,3655,w,23,33.95,25,200.01,193,-7.01,0
e2-nio-100,binary,100,bot_127,3655,w,25,25.45,25,185.06,173,-12.06,0
e2-nio-100,binary,100,bot_127,3655,w,27,22.07,25,177.68,159,-18.68,0
e2-nio-100,binary,100,bot_127,3655,w,29,42.74,25,131.78,155,23.22,0
e2-nio-100,binary,100,bot_127,3655,w,31,40.8,25,157.52,165,7.48,0
e2-nio-100,binary,100,bot_127,3655,w,33,24.94,25,157.41,156,-1.41,0
e2-nio-100,binary,100,bot_127,3655,w,35,21.36,25,161.44,146,-15.44,0
e2-nio-100,binary,100,bot_127,3655,w,37,22.13,25,158.68,136,-22.68,0
e2-nio-100,binary,100,bot_127,3655,w,39,9.42,25,149.64,121,-28.64,0
e2-nio-100,binary,100,bot_127,3655,w,41,88.68,25,116,165,49,0
e2-nio-100,binary,100,bot_127,3655,w,43,51.09,25,105.68,152,46.32,0
e2-nio-100,binary,100,bot_127,3655,w,45,60.24,25,116.71,132,15.29,0
e2-nio-100,binary,100,bot_127,3655,w,47,48.34,25,149.87,170,20.13,0
e2-nio-100,binary,100,bot_127,3655,w,49,44.58,25,132.38,155,22.62,0
e2-nio-100,binary,100,bot_127,3655,w,51,25.92,25,127.6,136,8.4,0
e2-nio-100,binary,100,bot_127,3655,w,53,18.88,25,125.72,109,-16.72,0
e2-nio-100,binary,100,bot_127,3655,w,55,47.61,25,146.53,118,-28.53,0
e2-nio-100,binary,100,bot_127,3655,w,57,35.92,25,82.97,80,-2.97,0
e2-nio-100,binary,100,bot_127,3655,w,59,18.59,25,93.51,90,-3.51,0
e2-nio-100,binary,100,bot_128,3655,b,2,111.53,25,92.59,135,42.41,0
e2-nio-100,binary,100,bot_128,3655,b,4,94.61,25,140.47,193,52.53,0
e2-nio-100,binary,100,bot_128,3655,b,6,78.99,25,121.97,184,62.03,0
e2-nio-100,binary,100,bot_128,3655,b,8,76.13,25,153.4,195,41.6,0
e2-nio-100,binary,100,bot_128,3655,b,10,96.58,25,169.27,223,53.73,0
e2-nio-100,binary,100,bot_128,3655,b,12,91.79,25,177.15,200,22.85,0
e2-nio-100,binary,100,bot_128,3655,b,14,59.19,25,174.03,211,36.97,0
e2-nio-100,binary,100,bot_128,3655,b,16,65.15,25,174.37,181,6.63,0
e2-nio-100,binary,100,bot_128,3655,b,18,56.29,25,155.72,165,9.28,0
e2-nio-100,binary,100,bot_128,3655,b,20,35.74,25,154.96,147,-7.96,0
e2-nio-100,binary,100,bot_128,3655,b,22,33.44,25,148.51,144,-4.51,0
e2-nio-100,binary,100,bot_128,3655,b,24,28.12,25,190.92,186,-4.92,0
e2-nio-100,binary,100,bot_128,3655,b,26,23.28,25,187.33,174,-13.33,0
e2-nio-100,binary,100,bot_128,3655,b,28,63.6,25,164.99,148,-16.99,0
e2-nio-100,binary,100,bot_128,3655,b,30,48.55,25,156.11,159,2.89,0
e2-nio-100,binary,100,bot_128,3655,b,32,39.67,25,143.42,147,3.58,0
e2-nio-100,binary,100,bot_128,3655,b,34,27.58,25,133.16,120,-13.16,0
e2-nio-100,binary,100,bot_128,3655,b,36,16.42,25,153.59,136,-17.59,0
e2-nio-100,binary,100,bot_128,3655,b,38,12.75,25,148.3,131,-17.3,0
e2-nio-100,binary,100,bot_128,3655,b,40,90.51,25,185.87,157,-28.87,0
e2-nio-100,binary,100,bot_128,3655,b,42,87.41,25,98.31,148,49.69,0
e2-nio-100,binary,100,bot_128,3655,b,44,56.2,25,89.82,104,14.18,0
e2-nio-100,binary,100,bot_128,3655,b,46,61.34,25,89.46,111,21.54,0
e2-nio-100,binary,100,bot_128,3655,b,48,57.35,25,114.11,124,9.89,0
e2-nio-100,binary,100,bot_128,3655,b,50,43.98,25,98.04,107,8.96,0
e2-nio-100,binary,100,bot_128,3655,b,52,19.4,25,88.71,81,-7.71,0
e2-nio-100,binary,100,bot_128,3655,b,54,7.04,25,90.28,74,-16.28,0
e2-nio-100,binary,100,bot_128,3655,b,56,33.3,25,77.08,90,12.92,0
e2-nio-100,binary,100,bot_128,3655,b,58,33.01,25,113.54,115,1.46,0
e2-nio-100,binary,100,bot_128,3655,b,60,22.94,25,87.28,72,-15.28,0
e2-nio-100,binary,100,bot_129,3656,w,1,116.63,25,87.56,150,62.44,0
e2-nio-100,binary,100,bot_129,3656,w,3,101.61,25,133.27,193,59.73,0
e2-nio-100,binary,100,bot_129,3656,w,5,83.05,25,118.22,190,71.78,0
e2-nio-100,binary,100,bot_129,3656,w,7,83.39,25,145.76,196,50.24,0
e2-nio-100,binary,100,bot_129,3656,w,9,101.76,25,163.59,233,69.41,0
e2-nio-100,binary,100,bot_129,3656,w,11,98.42,25,170.83,202,31.17,0
e2-nio-100,binary,100,bot_129,3656,w,13,62.82,25,170.77,216,45.23,0
e2-nio-100,binary,100,bot_129,3656,w,15,69.38,25,169.56,182,12.44,0
e2-nio-100,binary,100,bot_129,3656,w,17,64.01,25,147.45,168,20.55,0
e2-nio-100,binary,100,bot_129,3656,w,19,43.44,25,147.09,148,0.91,0
e2-nio-100,binary,100,bot_129,3656,w,21,36.52,25,144.49,152,7.51,0
e2-nio-100,binary,100,bot_129,3656,w,23,35.25,25,184.8,189,4.2,0
e2-nio-100,binary,100,bot_129,3656,w,25,27.08,25,183.22,182,-1.22,0
e2-nio-100,binary,100,bot_129,3656,w,27,63.77,25,165.41,160,-5.41,0
e2-nio-100,binary,100,bot_129,3656,w,29,48.37,25,156.54,169,12.46,0
e2-nio-100,binary,100,bot_129,3656,w,31,42.87,25,140.06,148,7.94,0
e2-nio-100,binary,100,bot_129,3656,w,33,31.47,25,129.26,121,-8.26,0
e2-nio-100,binary,100,bot_129,3656,w,35,18.21,25,151.76,141,-10.76,0
e2-nio-100,binary,100,bot_129,3656,w,37,15.24,25,145.95,137,-8.95,0
e2-nio-100,binary,100,bot_129,3656,w,39,16.94,25,180.33,157,-23.33,0
e2-nio-100,binary,100,bot_129,3656,w,41,88.81,25,97.52,165,67.48,0
e2-nio-100,binary,100,bot_129,3656,w,43,58.23,25,87.73,106,18.27,0
e2-nio-100,binary,100,bot_129,3656,w,45,64.02,25,86.63,114,27.37,0
e2-nio-100,binary,100,bot_129,3656,w,47,59.57,25,111.98,132,20.02,0
e2-nio-100,binary,100,bot_129,3656,w,49,45.11,25,96.74,110,13.26,0
e2-nio-100,binary,100,bot_129,3656,w,51,20.91,25,87.27,83,-4.27,0
e2-nio-100,binary,100,bot_129,3656,w,53,8.24,25,89.1,77,-12.1,0
e2-nio-100,binary,100,bot_129,3656,w,55,35.5,25,74.89,93,18.11,0
e2-nio-100,binary,100,bot_129,3656,w,57,35.54,25,110.98,116,5.02,0
e2-nio-100,binary,100,bot_129,3656,w,59,7.91,25,84.44,74,-10.44,0
e2-nio-100,binary,100,bot_130,3656,b,2,102.89,25,121,181,60,0
e2-nio-100,binary,100,bot_130,3656,b,4,116.31,25,123.1,168,44.9,0
e2-nio-100,binary,100,bot_130,3656,b,6,93.26,25,123.62,149,25.38,0
e2-nio-100,binary,100,bot_130,3656,b,8,113.21,25,130.92,158,27.08,0
e2-nio-100,binary,100,bot_130,3656,b,10,76.69,25,154.67,200,45.33,0
e2-nio-100,binary,100,bot_130,3656,b,12,89.45,25,167.86,210,42.14,0
e2-nio-100,binary,100,bot_130,3656,b,14,57.08,25,155.57,162,6.43,0
e2-nio-100,binary,100,bot_130,3656,b,16,64.41,25,163.43,175,11.57,0
e2-nio-100,binary,100,bot_130,3656,b,18,45.44,25,167.61,175,7.39,0
e2-nio-100,binary,100,bot_130,3656,b,20,51.89,25,148.57,135,-13.57,0
e2-nio-100,binary,100,bot_130,3656,b,22,38.85,25,195.31,187,-8.31,0
e2-nio-100,binary,100,bot_130,3656,b,24,33.17,25,177.28,168,-9.28,0
e2-nio-100,binary,100,bot_130,3656,b,26,29.17,25,170.57,152,-18.57,0
e2-nio-100,binary,100,bot_130,3656,b,28,47.48,25,126.93,146,19.07,0
e2-nio-100,binary,100,bot_130,3656,b,30,42.67,25,155.65,159,3.35,0
e2-nio-100,binary,100,bot_130,3656,b,32,26.25,25,156.27,153,-3.27,0
e2-nio-100,binary,100,bot_130,3656,b,34,22.98,25,159.85,145,-14.85,0
e2-nio-100,binary,100,bot_130,3656,b,36,24.45,25,156.3,129,-27.3,0
e2-nio-100,binary,100,bot_130,3656,b,38,10.84,25,148.28,118,-30.28,0
e2-nio-100,binary,100,bot_130,3656,b,40,101.16,25,181.62,153,-28.62,0
e2-nio-100,binary,100,bot_130,3656,b,42,52.13,25,104.81,147,42.19,0
e2-nio-100,binary,100,bot_130,3656,b,44,62.21,25,114.76,127,12.24,0
e2-nio-100,binary,100,bot_130,3656,b,46,54.28,25,143.93,163,19.07,0
e2-nio-100,binary,100,bot_130,3656,b,48,45.87,25,131.19,151,19.81,0
e2-nio-100,binary,100,bot_130,3656,b,50,27.8,25,125.76,131,5.24,0
e2-nio-100,binary,100,bot_130,3656,b,52,20.38,25,124.2,106,-18.2,0
e2-nio-100,binary,100,bot_130,3656,b,54,49.44,25,144.7,113,-31.7,0
e2-nio-100,binary,100,bot_130,3656,b,56,37.71,25,81.12,77,-4.12,0
e2-nio-100,binary,100,bot_130,3656,b,58,19.91,25,92.27,89,-3.27,0
e2-nio-100,binary,100,bot_130,3656,b,60,21.17,25,133.26,101,-32.26,0
e2-nio-100,binary,100,bot_131,3657,w,1,104.78,25,119.23,196,76.77,0
e2-nio-100,binary,100,bot_131,3657,w,3,123.2,25,116.2,172,55.8,0
e2-nio-100,binary,100,bot_131,3657,w,5,97.48,25,119.47,154,34.53,0
e2-nio-100,binary,100,bot_131,3657,w,7,123.68,25,121.27,160,38.73,0
e2-nio-100,binary,100,bot_131,3657,w,9,82.74,25,148.13,207,58.87,0
e2-nio-100,binary,100,bot_131,3657,w,11,98.42,25,158.42,213,54.58,0
e2-nio-100,binary,100,bot_131,3657,w,13,62.64,25,150.08,167,16.92,0
e2-nio-100,binary,100,bot_131,3657,w,15,70.75,25,157.67,179,21.33,0
e2-nio-100,binary,100,bot_131,3657,w,17,48.3,25,165.63,185,19.37,0
e2-nio-100,binary,100,bot_131,3657,w,19,56.23,25,144.25,139,-5.25,0
e2-nio-100,binary,100,bot_131,3657,w,21,42.08,25,193.12,190,-3.12,0
e2-nio-100,binary,100,bot_131,3657,w,23,37.22,25,173.32,176,2.68,0
e2-nio-100,binary,100,bot_131,3657,w,25,32.91,25,166.89,158,-8.89,0
e2-nio-100,binary,100,bot_131,3657,w,27,52.04,25,123.15,162,38.85,0
e2-nio-100,binary,100,bot_131,3657,w,29,46.14,25,152.59,165,12.41,0
e2-nio-100,binary,100,bot_131,3657,w,31,29.67,25,153.41,161,7.59,0
e2-nio-100,binary,100,bot_131,3657,w,33,25.74,25,157.34,156,-1.34,0
e2-nio-100,binary,100,bot_131,3657,w,35,26.72,25,153.81,135,-18.81,0
e2-nio-100,binary,100,bot_131,3657,w,37,11.87,25,147.32,122,-25.32,0
e2-nio-100,binary,100,bot_131,3657,w,39,13.75,25,179.52,156,-23.52,0
e2-nio-100,binary,100,bot_131,3657,w,41,53.53,25,103.76,158,54.24,0
e2-nio-100,binary,100,bot_131,3657,w,43,64.89,25,111.99,128,16.01,0
e2-nio-100,binary,100,bot_131,3657,w,45,60.41,25,137.64,160,22.36,0
e2-nio-100,binary,100,bot_131,3657,w,47,49.73,25,127.43,152,24.57,0
e2-nio-100,binary,100,bot_131,3657,w,49,30.06,25,123.61,134,10.39,0
e2-nio-100,binary,100,bot_131,3657,w,51,21.86,25,122.66,109,-13.66,0
e2-nio-100,binary,100,bot_131,3657,w,53,52.34,25,141.66,114,-27.66,0
e2-nio-100,binary,100,bot_131,3657,w,55,41.49,25,76.98,79,2.02,0
e2-nio-100,binary,100,bot_131,3657,w,57,21.92,25,90.51,91,0.49,0
e2-nio-100,binary,100,bot_131,3657,w,59,24.66,25,129.07,104,-25.07,0
e2-nio-100,binary,100,bot_132,3657,b,2,109.17,25,125.64,197,71.36,0
e2-nio-100,binary,100,bot_132,3657,b,4,89.31,25,112.31,199,86.69,0
e2-nio-100,binary,100,bot_132,3657,b,6,92.62,25,135.68,197,61.32,0
e2-nio-100,binary,100,bot_132,3657,b,8,112.08,25,152.79,241,88.21,0
e2-nio-100,binary,100,bot_132,3657,b,10,108.79,25,161.38,208,46.62,0
e2-nio-100,binary,100,bot_132,3657,b,12,69.5,25,164.54,226,61.46,0
e2-nio-100,binary,100,bot_132,3657,b,14,75.53,25,162.88,189,26.12,0
e2-nio-100,binary,100,bot_132,3657,b,16,73.94,25,137.1,173,35.9,0
e2-nio-100,binary,100,bot_132,3657,b,18,48.5,25,141.96,154,12.04,0
e2-nio-100,binary,100,bot_132,3657,b,20,40.18,25,139.76,160,20.24,0
e2-nio-100,binary,100,bot_132,3657,b,22,45.3,25,174.87,188,13.13,0
e2-nio-100,binary,100,bot_132,3657,b,24,34.59,25,175.37,184,8.63,0
e2-nio-100,binary,100,bot_132,3657,b,26,82.67,25,146.02,149,2.98,0
e2-nio-100,binary,100,bot_132,3657,b,28,56.03,25,148.66,172,23.34,0
e2-nio-100,binary,100,bot_132,3657,b,30,51.44,25,131.28,149,17.72,0
e2-nio-100,binary,100,bot_132,3657,b,32,41.56,25,119.06,119,-0.06,0
e2-nio-100,binary,100,bot_132,3657,b,34,23.83,25,146.02,143,-3.02,0
e2-nio-100,binary,100,bot_132,3657,b,36,17.75,25,143.89,141,-2.89,0
e2-nio-100,binary,100,bot_132,3657,b,38,19.7,25,177.48,160,-17.48,0
e2-nio-100,binary,100,bot_132,3657,b,40,97.92,25,177.91,163,-14.91,0
e2-nio-100,binary,100,bot_132,3657,b,42,59.49,25,86.44,111,24.56,0
e2-nio-100,binary,100,bot_132,3657,b,44,65.92,25,84.72,120,35.28,0
e2-nio-100,binary,100,bot_132,3657,b,46,60.93,25,110.69,142,31.31,0
e2-nio-100,binary,100,bot_132,3657,b,48,47.18,25,94.62,116,21.38,0
e2-nio-100,binary,100,bot_132,3657,b,50,22.97,25,85.24,88,2.76,0
e2-nio-100,binary,100,bot_132,3657,b,52,9.39,25,87.96,81,-6.96,0
e2-nio-100,binary,100,bot_132,3657,b,54,37.5,25,72.93,97,24.07,0
e2-nio-100,binary,100,bot_132,3657,b,56,38.62,25,107.92,121,13.08,0
e2-nio-100,binary,100,bot_132,3657,b,58,11.78,25,80.56,74,-6.56,0
e2-nio-100,binary,100,bot_132,3657,b,60,9.33,25,94.66,92,-2.66,0
e2-nio-100,binary,100,bot_133,3658,w,1,110.18,25,124.93,176,51.07,0
e2-nio-100,binary,100,bot_133,3658,w,3,90.13,25,111.64,171,59.36,0
e2-nio-100,binary,100,bot_133,3658,w,5,93.55,25,134.72,167,32.28,0
e2-nio-100,binary,100,bot_133,3658,w,7,113.19,25,151.61,211,59.39,0
e2-nio-100,binary,100,bot_133,3658,w,9,109.84,25,159.84,177,17.16,0
e2-nio-100,binary,100,bot_133,3658,w,11,71.38,25,162.88,197,34.12,0
e2-nio-100,binary,100,bot_133,3658,w,13,76.38,25,161.78,161,-0.78,0
e2-nio-100,binary,100,bot_133,3658,w,15,75.37,25,135.47,141,5.53,0
e2-nio-100,binary,100,bot_133,3658,w,17,49.69,25,140.92,124,-16.92,0
e2-nio-100,binary,100,bot_133,3658,w,19,41.09,25,138.5,131,-7.5,0
e2-nio-100,binary,100,bot_133,3658,w,21,47.81,25,172.94,165,-7.94,0
e2-nio-100,binary,100,bot_133,3658,w,23,38.38,25,171.27,159,-12.27,0
e2-nio-100,binary,100,bot_133,3658,w,25,22.61,25,142,125,-17,0
e2-nio-100,binary,100,bot_133,3658,w,27,61.91,25,142.66,161,18.34,0
e2-nio-100,binary,100,bot_133,3658,w,29,57.28,25,125.05,120,-5.05,0
e2-nio-100,binary,100,bot_133,3658,w,31,47.69,25,112.8,92,-20.8,0
e2-nio-100,binary,100,bot_133,3658,w,33,26.05,25,143.71,120,-23.71,0
e2-nio-100,binary,100,bot_133,3658,w,35,21.13,25,140.27,117,-23.27,0
e2-nio-100,binary,100,bot_133,3658,w,37,25.09,25,171.69,134,-37.69,0
e2-nio-100,binary,100,bot_133,3658,w,39,11.24,25,175.04,140,-35.04,0
e2-nio-100,binary,100,bot_133,3658,w,41,62.56,25,83.35,98,14.65,0
e2-nio-100,binary,100,bot_133,3658,w,43,65.79,25,84.8,101,16.2,0
e2-nio-100,binary,100,bot_133,3658,w,45,62.33,25,109.29,124,14.71,0
e2-nio-100,binary,100,bot_133,3658,w,47,49.01,25,92.47,102,9.53,0
e2-nio-100,binary,100,bot_133,3658,w,49,23.03,25,85.26,74,-11.26,0
e2-nio-100,binary,100,bot_133,3658,w,51,10.3,25,87.06,68,-19.06,0
e2-nio-100,binary,100,bot_133,3658,w,53,37.55,25,73,84,11,0
e2-nio-100,binary,100,bot_133,3658,w,55,41.81,25,104.63,105,0.37,0
e2-nio-100,binary,100,bot_133,3658,w,57,15.69,25,76.57,57,-19.57,0
e2-nio-100,binary,100,bot_133,3658,w,59,10.47,25,93.28,76,-17.28,0
e2-nio-100,binary,100,bot_134,3658,b,2,125.41,25,113.99,171,57.01,0
e2-nio-100,binary,100,bot_134,3658,b,4,98.32,25,118.61,154,35.39,0
e2-nio-100,binary,100,bot_134,3658,b,6,125.22,25,119.65,158,38.35,0
e2-nio-100,binary,100,bot_134,3658,b,8,83.98,25,146.93,206,59.07,0
e2-nio-100,binary,100,bot_134,3658,b,10,101.02,25,155.89,211,55.11,0
e2-nio-100,binary,100,bot_134,3658,b,12,64.59,25,148.14,165,16.86,0
e2-nio-100,binary,100,bot_134,3658,b,14,71.9,25,156.56,178,21.44,0
e2-nio-100,binary,100,bot_134,3658,b,16,49.11,25,164.67,185,20.33,0
e2-nio-100,binary,100,bot_134,3658,b,18,58.91,25,141.58,136,-5.58,0
e2-nio-100,binary,100,bot_134,3658,b,20,44.01,25,191.13,190,-1.13,0
e2-nio-100,binary,100,bot_134,3658,b,22,38.52,25,171.96,175,3.04,0
e2-nio-100,binary,100,bot_134,3658,b,24,34.67,25,165.2,160,-5.2,0
e2-nio-100,binary,100,bot_134,3658,b,26,70.75,25,168.08,147,-21.08,0
e2-nio-100,binary,100,bot_134,3658,b,28,47.54,25,151.32,170,18.68,0
e2-nio-100,binary,100,bot_134,3658,b,30,31.28,25,151.98,166,14.02,0
e2-nio-100,binary,100,bot_134,3658,b,32,27.89,25,155.24,158,2.76,0
e2-nio-100,binary,100,bot_134,3658,b,34,28.14,25,152.34,134,-18.34,0
e2-nio-100,binary,100,bot_134,3658,b,36,14.16,25,145.38,123,-22.38,0
e2-nio-100,binary,100,bot_134,3658,b,38,17.47,25,175.86,157,-18.86,0
e2-nio-100,binary,100,bot_134,3658,b,40,65.95,25,180.94,149,-31.94,0
e2-nio-100,binary,100,bot_134,3658,b,42,69.34,25,107.49,127,19.51,0
e2-nio-100,binary,100,bot_134,3658,b,44,66.38,25,131.62,154,22.38,0
e2-nio-100,binary,100,bot_134,3658,b,46,53.45,25,123.76,147,23.24,0
e2-nio-100,binary,100,bot_134,3658,b,48,32.21,25,121.48,133,11.52,0
e2-nio-100,binary,100,bot_134,3658,b,50,24.01,25,120.48,106,-14.48,0
e2-nio-100,binary,100,bot_134,3658,b,52,56.62,25,137.32,110,-27.32,0
e2-nio-100,binary,100,bot_134,3658,b,54,44.3,25,74.02,74,-0.02,0
e2-nio-100,binary,100,bot_134,3658,b,56,24.51,25,88.05,93,4.95,0
e2-nio-100,binary,100,bot_134,3658,b,58,26.19,25,127.47,106,-21.47,0
e2-nio-100,binary,100,bot_134,3658,b,60,15.06,25,110.2,82,-28.2,0
e2-nio-100,binary,100,bot_135,3659,w,1,130.7,25,109.05,176,66.95,0
e2-nio-100,binary,100,bot_135,3659,w,3,104.05,25,112.92,148,35.08,0
e2-nio-100,binary,100,bot_135,3659,w,5,131.35,25,113.2,153,39.8,0
e2-nio-100,binary,100,bot_135,3659,w,7,88.03,25,143.44,206,62.56,0
e2-nio-100,binary,100,bot_135,3659,w,9,108.03,25,148.98,209,60.02,0
e2-nio-100,binary,100,bot_135,3659,w,11,70.14,25,142.58,161,18.42,0
e2-nio-100,binary,100,bot_135,3659,w,13,75.06,25,153.85,179,25.15,0
e2-nio-100,binary,100,bot_135,3659,w,15,52.3,25,161.99,183,21.01,0
e2-nio-100,binary,100,bot_135,3659,w,17,64.85,25,135.69,132,-3.69,0
e2-nio-100,binary,100,bot_135,3659,w,19,49.58,25,185.34,185,-0.34,0
e2-nio-100,binary,100,bot_135,3659,w,21,43.79,25,166.65,177,10.35,0
e2-nio-100,binary,100,bot_135,3659,w,23,40.41,25,159.51,160,0.49,0
e2-nio-100,binary,100,bot_135,3659,w,25,21.86,25,163.38,151,-12.38,0
e2-nio-100,binary,100,bot_135,3659,w,27,74.8,25,189.66,164,-25.66,0
e2-nio-100,binary,100,bot_135,3659,w,29,38.02,25,145.27,167,21.73,0
e2-nio-100,binary,100,bot_135,3659,w,31,33.86,25,149.25,162,12.75,0
e2-nio-100,binary,100,bot_135,3659,w,33,35.94,25,143.97,134,-9.97,0
e2-nio-100,binary,100,bot_135,3659,w,35,19.74,25,139.82,125,-14.82,0
e2-nio-100,binary,100,bot_135,3659,w,37,25.91,25,167.52,158,-9.52,0
e2-nio-100,binary,100,bot_135,3659,w,39,18.8,25,173.73,151,-22.73,0
e2-nio-100,binary,100,bot_135,3659,w,41,85.7,25,158.78,125,-33.78,0
e2-nio-100,binary,100,bot_135,3659,w,43,74.14,25,124.06,152,27.94,0
e2-nio-100,binary,100,bot_135,3659,w,45,56.48,25,121.45,151,29.55,0
e2-nio-100,binary,100,bot_135,3659,w,47,34.42,25,120.16,137,16.84,0
e2-nio-100,binary,100,bot_135,3659,w,49,27.47,25,117.15,109,-8.15,0
e2-nio-100,binary,100,bot_135,3659,w,51,13.69,25,122.11,99,-23.11,0
e2-nio-100,binary,100,bot_135,3659,w,53,48.57,25,69.43,81,11.57,0
e2-nio-100,binary,100,bot_135,3659,w,55,31.3,25,81.89,93,11.11,0
e2-nio-100,binary,100,bot_135,3659,w,57,31.98,25,121.11,105,-16.11,0
e2-nio-100,binary,100,bot_135,3659,w,59,17.66,25,106.79,81,-25.79,0
e2-nio-100,binary,100,bot_136,3659,b,2,93.77,25,108.23,184,75.77,0
e2-nio-100,binary,100,bot_136,3659,b,4,97.76,25,130.49,178,47.51,0
e2-nio-100,binary,100,bot_136,3659,b,6,120.07,25,144.65,220,75.35,0
e2-nio-100,binary,100,bot_136,3659,b,8,117.66,25,151.71,183,31.29,0
e2-nio-100,binary,100,bot_136,3659,b,10,76.09,25,158.46,210,51.54,0
e2-nio-100,binary,100,bot_136,3659,b,12,83.64,25,154.2,169,14.8,0
e2-nio-100,binary,100,bot_136,3659,b,14,79.58,25,130.99,150,19.01,0
e2-nio-100,binary,100,bot_136,3659,b,16,53.8,25,136.77,133,-3.77,0
e2-nio-100,binary,100,bot_136,3659,b,18,45.13,25,134.17,143,8.83,0
e2-nio-100,binary,100,bot_136,3659,b,20,55.51,25,165.52,171,5.48,0
e2-nio-100,binary,100,bot_136,3659,b,22,46.68,25,162.69,163,0.31,0
e2-nio-100,binary,100,bot_136,3659,b,24,32.96,25,131.58,129,-2.58,0
e2-nio-100,binary,100,bot_136,3659,b,26,19.4,25,172.03,150,-22.03,0
e2-nio-100,binary,100,bot_136,3659,b,28,68.17,25,115.17,146,30.83,0
e2-nio-100,binary,100,bot_136,3659,b,30,58.5,25,102.39,96,-6.39,0
e2-nio-100,binary,100,bot_136,3659,b,32,36.44,25,133.39,124,-9.39,0
e2-nio-100,binary,100,bot_136,3659,b,34,30.81,25,131.05,123,-8.05,0
e2-nio-100,binary,100,bot_136,3659,b,36,36.25,25,160.07,136,-24.07,0
e2-nio-100,binary,100,bot_136,3659,b,38,24.13,25,162.23,144,-18.23,0
e2-nio-100,binary,100,bot_136,3659,b,40,13.49,25,119.48,94,-25.48,0
e2-nio-100,binary,100,bot_136,3659,b,42,74.5,25,75.86,118,42.14,0
e2-nio-100,binary,100,bot_136,3659,b,44,69.33,25,102,133,31,0
e2-nio-100,binary,100,bot_136,3659,b,46,57.44,25,83.54,102,18.46,0
e2-nio-100,binary,100,bot_136,3659,b,48,30.6,25,77.59,73,-4.59,0
e2-nio-100,binary,100,bot_136,3659,b,50,16.45,25,80.83,70,-10.83,0
e2-nio-100,binary,100,bot_136,3659,b,52,49.63,25,118.92,93,-25.92,0
e2-nio-100,binary,100,bot_136,3659,b,54,51.27,25,95.12,104,8.88,0
e2-nio-100,binary,100,bot_136,3659,b,56,23.9,25,68.34,62,-6.34,0
e2-nio-100,binary,100,bot_136,3659,b,58,14.73,25,89.35,82,-7.35,0
e2-nio-100,binary,100,bot_136,3659,b,60,15.1,25,95.29,75,-20.29,0
e2-nio-100,binary,100,bot_137,3660,w,1,96.37,25,105.9,184,78.1,0
e2-nio-100,binary,100,bot_137,3660,w,3,107.72,25,120.97,169,48.03,0
e2-nio-100,binary,100,bot_137,3660,w,5,132.77,25,131.61,203,71.39,0
e2-nio-100,binary,100,bot_137,3660,w,7,127.18,25,141.31,171,29.69,0
e2-nio-100,binary,100,bot_137,3660,w,9,82.01,25,153.09,204,50.91,0
e2-nio-100,binary,100,bot_137,3660,w,11,91.16,25,146.25,162,15.75,0
e2-nio-100,binary,100,bot_137,3660,w,13,85.5,25,124.52,143,18.48,0
e2-nio-100,binary,100,bot_137,3660,w,15,55.92,25,134.77,128,-6.77,0
e2-nio-100,binary,100,bot_137,3660,w,17,46.89,25,131.82,139,7.18,0
e2-nio-100,binary,100,bot_137,3660,w,19,60.28,25,161.25,165,3.75,0
e2-nio-100,binary,100,bot_137,3660,w,21,50.79,25,158.34,156,-2.34,0
e2-nio-100,binary,100,bot_137,3660,w,23,36.71,25,128.63,125,-3.63,0
e2-nio-100,binary,100,bot_137,3660,w,25,21.27,25,169.08,146,-23.08,0
e2-nio-100,binary,100,bot_137,3660,w,27,18.94,25,152.85,123,-29.85,0
e2-nio-100,binary,100,bot_137,3660,w,29,67.08,25,94.38,97,2.62,0
e2-nio-100,binary,100,bot_137,3660,w,31,43.74,25,126.18,116,-10.18,0
e2-nio-100,binary,100,bot_137,3660,w,33,38.43,25,124.11,117,-7.11,0
e2-nio-100,binary,100,bot_137,3660,w,35,44.37,25,151.03,127,-24.03,0
e2-nio-100,binary,100,bot_137,3660,w,37,30.77,25,156.57,141,-15.57,0
e2-nio-100,binary,100,bot_137,3660,w,39,24.64,25,108.14,89,-19.14,0
e2-nio-100,binary,100,bot_137,3660,w,41,17.43,25,131.24,105,-26.24,0
e2-nio-100,binary,100,bot_137,3660,w,43,12.44,25,162.97,136,-26.97,0
e2-nio-100,binary,100,bot_137,3660,w,45,37.8,25,104.69,71,-33.69,0
e2-nio-100,binary,100,bot_137,3660,w,47,25.34,25,85.31,78,-7.31,0
e2-nio-100,binary,100,bot_137,3660,w,49,39.19,25,58.1,68,9.9,0
e2-nio-100,binary,100,bot_137,3660,w,51,32.08,25,94.86,101,6.14,0
e2-nio-100,binary,100,bot_137,3660,w,53,31.23,25,102.39,83,-19.39,0
e2-nio-100,binary,100,bot_137,3660,w,55,17.61,25,80.9,61,-19.9,0
e2-nio-100,binary,100,bot_137,3660,w,57,14.2,25,114.28,91,-23.28,0
e2-nio-100,binary,100,bot_137,3660,w,59,8.25,25,91.63,62,-29.63,0
e2-nio-100,binary,100,bot_138,3660,b,2,110.9,25,105.57,154,48.43,0
e2-nio-100,binary,100,bot_138,3660,b,4,134.56,25,109.95,170,60.05,0
e2-nio-100,binary,100,bot_138,3660,b,6,93.12,25,138.95,224,85.05,0
e2-nio-100,binary,100,bot_138,3660,b,8,114.16,25,143.18,222,78.82,0
e2-nio-100,binary,100,bot_138,3660,b,10,78.5,25,134.2,169,34.8,0
e2-nio-100,binary,100,bot_138,3660,b,12,80.39,25,148.84,192,43.16,0
e2-nio-100,binary,100,bot_138,3660,b,14,56.52,25,158.37,196,37.63,0
e2-nio-100,binary,100,bot_138,3660,b,16,70.91,25,129.59,137,7.41,0
e2-nio-100,binary,100,bot_138,3660,b,18,52.79,25,182.36,192,9.64,0
e2-nio-100,binary,100,bot_138,3660,b,20,47.76,25,162.63,184,21.37,0
e2-nio-100,binary,100,bot_138,3660,b,22,46.68,25,152.59,164,11.41,0
e2-nio-100,binary,100,bot_138,3660,b,24,27.13,25,158.04,157,-1.04,0
e2-nio-100,binary,100,bot_138,3660,b,26,21.42,25,187.41,170,-17.41,0
e2-nio-100,binary,100,bot_138,3660,b,28,53.05,25,198.4,180,-18.4,0
e2-nio-100,binary,100,bot_138,3660,b,30,39.43,25,143.61,172,28.39,0
e2-nio-100,binary,100,bot_138,3660,b,32,44.3,25,135.01,141,5.99,0
e2-nio-100,binary,100,bot_138,3660,b,34,25.79,25,133.89,134,0.11,0
e2-nio-100,binary,100,bot_138,3660,b,36,34.84,25,158.86,164,5.14,0
e2-nio-100,binary,100,bot_138,3660,b,38,31.42,25,160.62,153,-7.62,0
e2-nio-100,binary,100,bot_138,3660,b,40,23.37,25,146.58,133,-13.58,0
e2-nio-100,binary,100,bot_138,3660,b,42,23.65,25,167.15,146,-21.15,0
e2-nio-100,binary,100,bot_138,3660,b,44,9.6,25,178.73,153,-25.73,0
e2-nio-100,binary,100,bot_138,3660,b,46,36.26,25,141.02,143,1.98,0
e2-nio-100,binary,100,bot_138,3660,b,48,52.97,25,132.39,123,-9.39,0
e2-nio-100,binary,100,bot_138,3660,b,50,48.1,25,85.69,89,3.31,0
e2-nio-100,binary,100,bot_138,3660,b,52,24.21,25,82.63,80,-2.63,0
e2-nio-100,binary,100,bot_138,3660,b,54,22.76,25,112.24,109,-3.24,0
e2-nio-100,binary,100,bot_138,3660,b,56,19.17,25,116.34,99,-17.34,0
e2-nio-100,binary,100,bot_138,3660,b,58,13.34,25,106.54,86,-20.54,0
e2-nio-100,binary,100,bot_138,3660,b,60,40.14,25,100.26,74,-26.26,0
e2-nio-100,binary,100,bot_139,3661,w,1,111.91,25,104.81,141,36.19,0
e2-nio-100,binary,100,bot_139,3661,w,3,135.89,25,108.49,147,38.51,0
e2-nio-100,binary,100,bot_139,3661,w,5,94.79,25,137.47,201,63.53,0
e2-nio-100,binary,100,bot_139,3661,w,7,116.31,25,140.99,199,58.01,0
e2-nio-100,binary,100,bot_139,3661,w,9,78.55,25,134.28,147,12.72,0
e2-nio-100,binary,100,bot_139,3661,w,11,82.15,25,147.24,169,21.76,0
e2-nio-100,binary,100,bot_139,3661,w,13,57.28,25,157.18,173,15.82,0
e2-nio-100,binary,100,bot_139,3661,w,15,72.97,25,127.14,113,-14.14,0
e2-nio-100,binary,100,bot_139,3661,w,17,54.11,25,181.34,175,-6.34,0
e2-nio-100,binary,100,bot_139,3661,w,19,49.72,25,161.38,167,5.62,0
e2-nio-100,binary,100,bot_139,3661,w,21,51.07,25,148.05,145,-3.05,0
e2-nio-100,binary,100,bot_139,3661,w,23,30.93,25,154.04,137,-17.04,0
e2-nio-100,binary,100,bot_139,3661,w,25,27.41,25,181.17,149,-32.17,0
e2-nio-100,binary,100,bot_139,3661,w,27,15.45,25,194.82,161,-33.82,0
e2-nio-100,binary,100,bot_139,3661,w,29,44.08,25,138.85,153,14.15,0
e2-nio-100,binary,100,bot_139,3661,w,31,50.52,25,128.46,120,-8.46,0
e2-nio-100,binary,100,bot_139,3661,w,33,28.91,25,130.78,117,-13.78,0
e2-nio-100,binary,100,bot_139,3661,w,35,39.91,25,153.56,145,-8.56,0
e2-nio-100,binary,100,bot_139,3661,w,37,37.46,25,154.34,131,-23.34,0
e2-nio-100,binary,100,bot_139,3661,w,39,25.89,25,143.95,114,-29.95,0
e2-nio-100,binary,100,bot_139,3661,w,41,27.21,25,163.13,127,-36.13,0
e2-nio-100,binary,100,bot_139,3661,w,43,15.07,25,174.05,134,-40.05,0
e2-nio-100,binary,100,bot_139,3661,w,45,33.35,25,143.95,133,-10.95,0
e2-nio-100,binary,100,bot_139,3661,w,47,51.27,25,134.09,108,-26.09,0
e2-nio-100,binary,100,bot_139,3661,w,49,46.39,25,87.48,78,-9.48,0
e2-nio-100,binary,100,bot_139,3661,w,51,22.73,25,84.12,67,-17.12,0
e2-nio-100,binary,100,bot_139,3661,w,53,21.18,25,113.73,94,-19.73,0
e2-nio-100,binary,100,bot_139,3661,w,55,15.84,25,119.74,88,-31.74,0
e2-nio-100,binary,100,bot_139,3661,w,57,10.64,25,109.33,74,-35.33,0
e2-nio-100,binary,100,bot_139,3661,w,59,33.8,25,60.59,65,4.41,0
e2-nio-100,binary,100,bot_140,3661,b,2,109.53,25,119.14,184,64.86,0
e2-nio-100,binary,100,bot_140,3661,b,4,134.51,25,129.89,219,89.11,0
e2-nio-100,binary,100,bot_140,3661,b,6,128.86,25,139.57,186,46.43,0
e2-nio-100,binary,100,bot_140,3661,b,8,83.75,25,151.38,221,69.62,0
e2-nio-100,binary,100,bot_140,3661,b,10,92.49,25,144.88,176,31.13,0
e2-nio-100,binary,100,bot_140,3661,b,12,86.63,25,123.33,157,33.67,0
e2-nio-100,binary,100,bot_140,3661,b,14,57.14,25,134.08,145,10.92,0
e2-nio-100,binary,100,bot_140,3661,b,16,48.64,25,130.03,155,24.97,0
e2-nio-100,binary,100,bot_140,3661,b,18,62.12,25,159.37,176,16.63,0
e2-nio-100,binary,100,bot_140,3661,b,20,52.41,25,156.73,169,12.27,0
e2-nio-100,binary,100,bot_140,3661,b,22,37.9,25,127.54,141,13.46,0
e2-nio-100,binary,100,bot_140,3661,b,24,22.77,25,167.68,161,-6.68,0
e2-nio-100,binary,100,bot_140,3661,b,26,21.24,25,150.64,140,-10.64,0
e2-nio-100,binary,100,bot_140,3661,b,28,69.31,25,133.39,111,-22.39,0
e2-nio-100,binary,100,bot_140,3661,b,30,46.48,25,123.46,131,7.54,0
e2-nio-100,binary,100,bot_140,3661,b,32,40.3,25,122.41,134,11.59,0
e2-nio-100,binary,100,bot_140,3661,b,34,46.82,25,148.5,139,-9.5,0
e2-nio-100,binary,100,bot_140,3661,b,36,31.07,25,156.48,160,3.52,0
e2-nio-100,binary,100,bot_140,3661,b,38,25.18,25,107.62,108,0.38,0
e2-nio-100,binary,100,bot_140,3661,b,40,19.13,25,129.55,118,-11.55,0
e2-nio-100,binary,100,bot_140,3661,b,42,15.4,25,160.2,150,-10.2,0
e2-nio-100,binary,100,bot_140,3661,b,44,36.23,25,106,88,-18,0
e2-nio-100,binary,100,bot_140,3661,b,46,19.59,25,91.09,91,-0.09,0
e2-nio-100,binary,100,bot_140,3661,b,48,37.92,25,59.35,77,17.65,0
e2-nio-100,binary,100,bot_140,3661,b,50,29.78,25,96.89,110,13.11,0
e2-nio-100,binary,100,bot_140,3661,b,52,27.64,25,106.21,95,-11.21,0
e2-nio-100,binary,100,bot_140,3661,b,54,15.85,25,82.66,70,-12.66,0
e2-nio-100,binary,100,bot_140,3661,b,56,12,25,116.12,99,-17.12,0
e2-nio-100,binary,100,bot_140,3661,b,58,52.11,25,93.77,72,-21.77,0
e2-nio-100,binary,100,bot_140,3661,b,60,31.96,25,67.07,66,-1.07,0
e2-nio-100,binary,100,bot_141,3662,w,1,114.07,25,115.11,189,73.89,0
e2-nio-100,binary,100,bot_141,3662,w,3,139.88,25,124.78,214,89.22,0
e2-nio-100,binary,100,bot_141,3662,w,5,134.25,25,133.67,182,48.33,0
e2-nio-100,binary,100,bot_141,3662,w,7,89.1,25,146.36,214,67.64,0
e2-nio-100,binary,100,bot_141,3662,w,9,98.66,25,138.38,164,25.62,0
e2-nio-100,binary,100,bot_141,3662,w,11,89.99,25,119.76,157,37.24,0
e2-nio-100,binary,100,bot_141,3662,w,13,60.4,25,131.19,142,10.81,0
e2-nio-100,binary,100,bot_141,3662,w,15,54.39,25,124,147,23,0
e2-nio-100,binary,100,bot_141,3662,w,17,67.88,25,153.41,168,14.59,0
e2-nio-100,binary,100,bot_141,3662,w,19,55.61,25,153.54,166,12.46,0
e2-nio-100,binary,100,bot_141,3662,w,21,41.2,25,124.21,134,9.79,0
e2-nio-100,binary,100,bot_141,3662,w,23,23.65,25,166.97,158,-8.97,0
e2-nio-100,binary,100,bot_141,3662,w,25,22.06,25,149.81,137,-12.81,0
e2-nio-100,binary,100,bot_141,3662,w,27,70.98,25,131.75,106,-25.75,0
e2-nio-100,binary,100,bot_141,3662,w,29,47.99,25,121.97,126,4.03,0
e2-nio-100,binary,100,bot_141,3662,w,31,42.41,25,120.53,130,9.47,0
e2-nio-100,binary,100,bot_141,3662,w,33,48.4,25,146.71,134,-12.71,0
e2-nio-100,binary,100,bot_141,3662,w,35,33.04,25,154.79,155,0.21,0
e2-nio-100,binary,100,bot_141,3662,w,37,27.06,25,105.55,104,-1.55,0
e2-nio-100,binary,100,bot_141,3662,w,39,20.15,25,128.56,115,-13.56,0
e2-nio-100,binary,100,bot_141,3662,w,41,17.08,25,159.31,148,-11.31,0
e2-nio-100,binary,100,bot_141,3662,w,43,33.13,25,109.05,90,-19.05,0
e2-nio-100,binary,100,bot_141,3662,w,45,15.54,25,95.14,87,-8.14,0
e2-nio-100,binary,100,bot_141,3662,w,47,35.75,25,61.54,74,12.46,0
e2-nio-100,binary,100,bot_141,3662,w,49,27.46,25,99.11,110,10.89,0
e2-nio-100,binary,100,bot_141,3662,w,51,25.19,25,108.59,90,-18.59,0
e2-nio-100,binary,100,bot_141,3662,w,53,14.15,25,84.36,65,-19.36,0
e2-nio-100,binary,100,bot_141,3662,w,55,9.53,25,118.53,95,-23.53,0
e2-nio-100,binary,100,bot_141,3662,w,57,42.97,25,66.96,74,7.04,0
e2-nio-100,binary,100,bot_141,3662,w,59,29.98,25,69.04,63,-6.04,0
e2-nio-100,binary,100,bot_142,3662,b,2,142.57,25,101.53,171,69.47,0
e2-nio-100,binary,100,bot_142,3662,b,4,102.66,25,129.84,225,95.16,0
e2-nio-100,binary,100,bot_142,3662,b,6,121.5,25,135.84,226,90.16,0
e2-nio-100,binary,100,bot_142,3662,b,8,80.79,25,132.15,177,44.85,0
e2-nio-100,binary,100,bot_142,3662,b,10,91.23,25,138.23,192,53.77,0
e2-nio-100,binary,100,bot_142,3662,b,12,64.07,25,150.36,195,44.64,0
e2-nio-100,binary,100,bot_142,3662,b,14,76.28,25,123.32,138,14.68,0
e2-nio-100,binary,100,bot_142,3662,b,16,57.84,25,177.68,197,19.32,0
e2-nio-100,binary,100,bot_142,3662,b,18,54.27,25,157,188,31,0
e2-nio-100,binary,100,bot_142,3662,b,20,52.52,25,146.65,168,21.35,0
e2-nio-100,binary,100,bot_142,3662,b,22,32.64,25,152.36,157,4.64,0
e2-nio-100,binary,100,bot_142,3662,b,24,29.34,25,179.21,168,-11.21,0
e2-nio-100,binary,100,bot_142,3662,b,26,16.61,25,193.73,180,-13.73,0
e2-nio-100,binary,100,bot_142,3662,b,28,46.15,25,136.79,172,35.21,0
e2-nio-100,binary,100,bot_142,3662,b,30,51.86,25,127.04,139,11.96,0
e2-nio-100,binary,100,bot_142,3662,b,32,29.96,25,129.74,137,7.26,0
e2-nio-100,binary,100,bot_142,3662,b,34,42.27,25,151.2,163,11.8,0
e2-nio-100,binary,100,bot_142,3662,b,36,39.89,25,151.82,148,-3.82,0
e2-nio-100,binary,100,bot_142,3662,b,38,28.92,25,140.88,132,-8.88,0
e2-nio-100,binary,100,bot_142,3662,b,40,29.8,25,160.08,144,-16.08,0
e2-nio-100,binary,100,bot_142,3662,b,42,18.17,25,171.65,153,-18.65,0
e2-nio-100,binary,100,bot_142,3662,b,44,29.01,25,148.34,150,1.66,0
e2-nio-100,binary,100,bot_142,3662,b,46,48.74,25,136.66,120,-16.66,0
e2-nio-100,binary,100,bot_142,3662,b,48,46.53,25,87.47,91,3.53,0
e2-nio-100,binary,100,bot_142,3662,b,50,20.1,25,86.94,83,-3.94,0
e2-nio-100,binary,100,bot_142,3662,b,52,18.03,25,116.68,111,-5.68,0
e2-nio-100,binary,100,bot_142,3662,b,54,13.17,25,122.63,104,-18.63,0
e2-nio-100,binary,100,bot_142,3662,b,56,43.88,25,112.3,90,-22.3,0
e2-nio-100,binary,100,bot_142,3662,b,58,31.83,25,62.49,74,11.51,0
e2-nio-100,binary,100,bot_142,3662,b,60,33.81,25,59.86,58,-1.86,0
e2-nio-100,binary,100,bot_143,3663,w,1,144.48,25,99.35,163,63.65,0
e2-nio-100,binary,100,bot_143,3663,w,3,108.93,25,123.88,208,84.12,0
e2-nio-100,binary,100,bot_143,3663,w,5,131.33,25,125.93,201,75.07,0
e2-nio-100,binary,100,bot_143,3663,w,7,86.52,25,126.8,160,33.2,0
e2-nio-100,binary,100,bot_143,3663,w,9,98.38,25,131.49,175,43.51,0
e2-nio-100,binary,100,bot_143,3663,w,11,66.25,25,148.55,178,29.45,0
e2-nio-100,binary,100,bot_143,3663,w,13,77.4,25,122.03,122,-0.03,0
e2-nio-100,binary,100,bot_143,3663,w,15,61.41,25,174.28,181,6.72,0
e2-nio-100,binary,100,bot_143,3663,w,17,56.8,25,154.45,173,18.55,0
e2-nio-100,binary,100,bot_143,3663,w,19,55.82,25,143.68,152,8.32,0
e2-nio-100,binary,100,bot_143,3663,w,21,35.96,25,148.84,141,-7.84,0
e2-nio-100,binary,100,bot_143,3663,w,23,32.26,25,176.11,151,-25.11,0
e2-nio-100,binary,100,bot_143,3663,w,25,19.77,25,190.68,164,-26.68,0
e2-nio-100,binary,100,bot_143,3663,w,27,50,25,132.92,155,22.08,0
e2-nio-100,binary,100,bot_143,3663,w,29,54.6,25,124.09,124,-0.09,0
e2-nio-100,binary,100,bot_143,3663,w,31,32.49,25,127.19,124,-3.19,0
e2-nio-100,binary,100,bot_143,3663,w,33,46.36,25,147.07,149,1.93,0
e2-nio-100,binary,100,bot_143,3663,w,35,44.59,25,147.07,133,-14.07,0
e2-nio-100,binary,100,bot_143,3663,w,37,29.18,25,140.8,121,-19.8,0
e2-nio-100,binary,100,bot_143,3663,w,39,33.6,25,155.81,129,-26.81,0
e2-nio-100,binary,100,bot_143,3663,w,41,21.98,25,168.62,139,-29.62,0
e2-nio-100,binary,100,bot_143,3663,w,43,24.73,25,152.63,139,-13.63,0
e2-nio-100,binary,100,bot_143,3663,w,45,46.33,25,139.07,108,-31.07,0
e2-nio-100,binary,100,bot_143,3663,w,47,43.96,25,90.12,81,-9.12,0
e2-nio-100,binary,100,bot_143,3663,w,49,19.38,25,87.22,70,-17.22,0
e2-nio-100,binary,100,bot_143,3663,w,51,15.68,25,118.92,100,-18.92,0
e2-nio-100,binary,100,bot_143,3663,w,53,11.36,25,124.45,91,-33.45,0
e2-nio-100,binary,100,bot_143,3663,w,55,33.69,25,89.4,85,-4.4,0
e2-nio-100,binary,100,bot_143,3663,w,57,29.87,25,64.42,59,-5.42,0
e2-nio-100,binary,100,bot_143,3663,w,59,31.94,25,61.65,47,-14.65,0
e2-nio-100,binary,100,bot_144,3663,b,2,147.7,25,117.11,213,95.89,0
e2-nio-100,binary,100,bot_144,3663,b,4,139.1,25,128.58,186,57.42,0
e2-nio-100,binary,100,bot_144,3663,b,6,96.93,25,138.69,218,79.31,0
e2-nio-100,binary,100,bot_144,3663,b,8,108.01,25,128.66,165,36.34,0
e2-nio-100,binary,100,bot_144,3663,b,10,93.59,25,116.41,164,47.59,0
e2-nio-100,binary,100,bot_144,3663,b,12,64.39,25,127.24,143,15.76,0
e2-nio-100,binary,100,bot_144,3663,b,14,56.58,25,121.72,149,27.28,0
e2-nio-100,binary,100,bot_144,3663,b,16,68.98,25,152.4,174,21.6,0
e2-nio-100,binary,100,bot_144,3663,b,18,57.72,25,150.99,168,17.01,0
e2-nio-100,binary,100,bot_144,3663,b,20,42.54,25,122.94,139,16.06,0
e2-nio-100,binary,100,bot_144,3663,b,22,24.93,25,165.78,163,-2.78,0
e2-nio-100,binary,100,bot_144,3663,b,24,23.53,25,148.39,140,-8.39,0
e2-nio-100,binary,100,bot_144,3663,b,26,72.95,25,129.81,110,-19.81,0
e2-nio-100,binary,100,bot_144,3663,b,28,49.92,25,120.06,131,10.94,0
e2-nio-100,binary,100,bot_144,3663,b,30,46.75,25,116.3,131,14.7,0
e2-nio-100,binary,100,bot_144,3663,b,32,51.63,25,143.42,137,-6.42,0
e2-nio-100,binary,100,bot_144,3663,b,34,36.31,25,151.64,159,7.36,0
e2-nio-100,binary,100,bot_144,3663,b,36,30.68,25,101.79,107,5.21,0
e2-nio-100,binary,100,bot_144,3663,b,38,22.67,25,126.02,116,-10.02,0
e2-nio-100,binary,100,bot_144,3663,b,40,20.8,25,155.77,150,-5.77,0
e2-nio-100,binary,100,bot_144,3663,b,42,29.67,25,112.32,99,-13.32,0
e2-nio-100,binary,100,bot_144,3663,b,44,11.92,25,98.71,86,-12.71,0
e2-nio-100,binary,100,bot_144,3663,b,46,33.41,25,63.94,75,11.06,0
e2-nio-100,binary,100,bot_144,3663,b,48,25.3,25,101.06,110,8.94,0
e2-nio-100,binary,100,bot_144,3663,b,50,23.71,25,110.39,93,-17.39,0
e2-nio-100,binary,100,bot_144,3663,b,52,11.14,25,87.41,67,-20.41,0
e2-nio-100,binary,100,bot_144,3663,b,54,39.27,25,121.92,98,-23.92,0
e2-nio-100,binary,100,bot_144,3663,b,56,37.83,25,72.24,71,-1.24,0
e2-nio-100,binary,100,bot_144,3663,b,58,28.46,25,70.59,64,-6.59,0
e2-nio-100,binary,100,bot_144,3663,b,60,23.4,25,66.38,63,-3.37,0
e2-nio-100,binary,100,bot_145,3664,w,1,148.67,25,116.46,209,92.54,0
e2-nio-100,binary,100,bot_145,3664,w,3,141.5,25,125.94,172,46.06,0
e2-nio-100,binary,100,bot_145,3664,w,5,99.17,25,136.41,206,69.59,0
e2-nio-100,binary,100,bot_145,3664,w,7,110.95,25,125.4,149,23.6,0
e2-nio-100,binary,100,bot_145,3664,w,9,95.73,25,113.64,149,35.36,0
e2-nio-100,binary,100,bot_145,3664,w,11,67.38,25,124.45,129,4.55,0
e2-nio-100,binary,100,bot_145,3664,w,13,58.63,25,119.42,135,15.58,0
e2-nio-100,binary,100,bot_145,3664,w,15,69.95,25,151.47,166,14.53,0
e2-nio-100,binary,100,bot_145,3664,w,17,57.84,25,150.81,160,9.19,0
e2-nio-100,binary,100,bot_145,3664,w,19,43.5,25,122,130,8,0
e2-nio-100,binary,100,bot_145,3664,w,21,27.55,25,163.36,151,-12.36,0
e2-nio-100,binary,100,bot_145,3664,w,23,25.93,25,146.06,132,-14.06,0
e2-nio-100,binary,100,bot_145,3664,w,25,74.97,25,127.79,99,-28.79,0
e2-nio-100,binary,100,bot_145,3664,w,27,53.88,25,116.08,118,1.92,0
e2-nio-100,binary,100,bot_145,3664,w,29,50.48,25,112.88,119,6.13,0
e2-nio-100,binary,100,bot_145,3664,w,31,52.88,25,142.03,125,-17.03,0
e2-nio-100,binary,100,bot_145,3664,w,33,37.85,25,150.33,148,-2.33,0
e2-nio-100,binary,100,bot_145,3664,w,35,32.63,25,99.6,98,-1.6,0
e2-nio-100,binary,100,bot_145,3664,w,37,23.92,25,124.86,106,-18.86,0
e2-nio-100,binary,100,bot_145,3664,w,39,22.59,25,154.37,140,-14.37,0
e2-nio-100,binary,100,bot_145,3664,w,41,27.99,25,113.94,104,-9.94,0
e2-nio-100,binary,100,bot_145,3664,w,43,8.77,25,101.83,75,-26.83,0
e2-nio-100,binary,100,bot_145,3664,w,45,31,25,66.32,65,-1.32,0
e2-nio-100,binary,100,bot_145,3664,w,47,22.98,25,103.21,100,-3.21,0
e2-nio-100,binary,100,bot_145,3664,w,49,21.75,25,112.43,87,-25.43,0
e2-nio-100,binary,100,bot_145,3664,w,51,9.41,25,89.09,58,-31.09,0
e2-nio-100,binary,100,bot_145,3664,w,53,32.26,25,73.73,95,21.27,0
e2-nio-100,binary,100,bot_145,3664,w,55,35.43,25,74.57,64,-10.57,0
e2-nio-100,binary,100,bot_145,3664,w,57,27.22,25,71.8,57,-14.8,0
e2-nio-100,binary,100,bot_145,3664,w,59,21.7,25,68.07,56,-12.07,0
e2-nio-100,binary,100,bot_146,3664,b,2,109.8,25,123.06,229,105.94,0
e2-nio-100,binary,100,bot_146,3664,b,4,132.97,25,124.27,221,96.73,0
e2-nio-100,binary,100,bot_146,3664,b,6,87.58,25,125.84,182,56.16,0
e2-nio-100,binary,100,bot_146,3664,b,8,99.83,25,130.15,198,67.85,0
e2-nio-100,binary,100,bot_146,3664,b,10,68.34,25,146.82,199,52.18,0
e2-nio-100,binary,100,bot_146,3664,b,12,78.77,25,120.59,144,23.41,0
e2-nio-100,binary,100,bot_146,3664,b,14,64.17,25,171.58,196,24.42,0
e2-nio-100,binary,100,bot_146,3664,b,16,60.05,25,151.21,186,34.79,0
e2-nio-100,binary,100,bot_146,3664,b,18,58.05,25,141.42,165,23.58,0
e2-nio-100,binary,100,bot_146,3664,b,20,38.41,25,146.35,155,8.65,0
e2-nio-100,binary,100,bot_146,3664,b,22,35.97,25,172.36,165,-7.36,0
e2-nio-100,binary,100,bot_146,3664,b,24,21.55,25,188.97,180,-8.97,0
e2-nio-100,binary,100,bot_146,3664,b,26,52.07,25,130.84,170,39.16,0
e2-nio-100,binary,100,bot_146,3664,b,28,56.04,25,122.64,141,18.36,0
e2-nio-100,binary,100,bot_146,3664,b,30,33.69,25,126.03,141,14.97,0
e2-nio-100,binary,100,bot_146,3664,b,32,48.06,25,145.36,163,17.64,0
e2-nio-100,binary,100,bot_146,3664,b,34,46.89,25,144.75,147,2.25,0
e2-nio-100,binary,100,bot_146,3664,b,36,31.57,25,138.4,137,-1.4,0
e2-nio-100,binary,100,bot_146,3664,b,38,35.98,25,153.32,141,-12.32,0
e2-nio-100,binary,100,bot_146,3664,b,40,32.9,25,158.76,147,-11.76,0
e2-nio-100,binary,100,bot_146,3664,b,42,17.48,25,160,156,-4,0
e2-nio-100,binary,100,bot_146,3664,b,44,41.71,25,143.77,121,-22.77,0
e2-nio-100,binary,100,bot_146,3664,b,46,39.03,25,95.47,94,-1.47,0
e2-nio-100,binary,100,bot_146,3664,b,48,17.75,25,89.1,81,-8.1,0
e2-nio-100,binary,100,bot_146,3664,b,50,12.44,25,122,113,-9,0
e2-nio-100,binary,100,bot_146,3664,b,52,63.92,25,127.23,104,-23.23,0
e2-nio-100,binary,100,bot_146,3664,b,54,32.41,25,90.96,91,0.04,0
e2-nio-100,binary,100,bot_146,3664,b,56,28.51,25,65.71,70,4.29,0
e2-nio-100,binary,100,bot_146,3664,b,58,30.12,25,63.29,59,-4.29,0
e2-nio-100,binary,100,bot_146,3664,b,60,16.22,25,73.55,63,-10.55,0
e2-nio-100,binary,100,bot_147,3665,w,1,113.45,25,120.01,209,88.99,0
e2-nio-100,binary,100,bot_147,3665,w,3,138.94,25,118.38,189,70.63,0
e2-nio-100,binary,100,bot_147,3665,w,5,91.52,25,122.49,154,31.51,0
e2-nio-100,binary,100,bot_147,3665,w,7,102.6,25,127.52,172,44.48,0
e2-nio-100,binary,100,bot_147,3665,w,9,71.56,25,143.57,165,21.43,0
e2-nio-100,binary,100,bot_147,3665,w,11,81.44,25,117.47,111,-6.47,0
e2-nio-100,binary,100,bot_147,3665,w,13,68.69,25,167.47,171,3.53,0
e2-nio-100,binary,100,bot_147,3665,w,15,66.91,25,144.61,157,12.39,0
e2-nio-100,binary,100,bot_147,3665,w,17,61.23,25,138.32,141,2.68,0
e2-nio-100,binary,100,bot_147,3665,w,19,42.54,25,141.98,129,-12.98,0
e2-nio-100,binary,100,bot_147,3665,w,21,41.12,25,167.27,143,-24.27,0
e2-nio-100,binary,100,bot_147,3665,w,23,24.54,25,186.25,156,-30.25,0
e2-nio-100,binary,100,bot_147,3665,w,25,56.72,25,125.94,146,20.06,0
e2-nio-100,binary,100,bot_147,3665,w,27,60.35,25,117.71,110,-7.71,0
e2-nio-100,binary,100,bot_147,3665,w,29,38.66,25,120.97,112,-8.97,0
e2-nio-100,binary,100,bot_147,3665,w,31,53.1,25,140.09,135,-5.09,0
e2-nio-100,binary,100,bot_147,3665,w,33,46.99,25,144.81,126,-18.81,0
e2-nio-100,binary,100,bot_147,3665,w,35,35.97,25,133.78,110,-23.78,0
e2-nio-100,binary,100,bot_147,3665,w,37,38.66,25,149.77,116,-33.77,0
e2-nio-100,binary,100,bot_147,3665,w,39,28.6,25,163.04,125,-38.04,0
e2-nio-100,binary,100,bot_147,3665,w,41,14.61,25,162.93,136,-26.93,0
e2-nio-100,binary,100,bot_147,3665,w,43,40.02,25,145.46,104,-41.46,0
e2-nio-100,binary,100,bot_147,3665,w,45,37.31,25,97.21,77,-20.21,0
e2-nio-100,binary,100,bot_147,3665,w,47,16.59,25,90.26,63,-27.26,0
e2-nio-100,binary,100,bot_147,3665,w,49,11.39,25,123.02,93,-30.02,0
e2-nio-100,binary,100,bot_147,3665,w,51,62.98,25,128.22,87,-41.22,0
e2-nio-100,binary,100,bot_147,3665,w,53,31.95,25,91.44,73,-18.44,0
e2-nio-100,binary,100,bot_147,3665,w,55,27.77,25,66.42,51,-15.42,0
e2-nio-100,binary,100,bot_147,3665,w,57,29.5,25,63.8,41,-22.8,0
e2-nio-100,binary,100,bot_147,3665,w,59,14.55,25,75.22,46,-29.22,0
e2-nio-100,binary,100,bot_148,3665,b,2,148.14,25,118.81,183,64.19,0
e2-nio-100,binary,100,bot_148,3665,b,4,109.08,25,126.46,217,90.54,0
e2-nio-100,binary,100,bot_148,3665,b,6,121.47,25,114.26,157,42.74,0
e2-nio-100,binary,100,bot_148,3665,b,8,98.7,25,111.19,165,53.81,0
e2-nio-100,binary,100,bot_148,3665,b,10,72.04,25,120,143,23,0
e2-nio-100,binary,100,bot_148,3665,b,12,63.81,25,113.91,147,33.09,0
e2-nio-100,binary,100,bot_148,3665,b,14,73.31,25,148.18,179,30.82,0
e2-nio-100,binary,100,bot_148,3665,b,16,63.01,25,145.31,173,27.69,0
e2-nio-100,binary,100,bot_148,3665,b,18,47.56,25,117.9,140,22.1,0
e2-nio-100,binary,100,bot_148,3665,b,20,34.68,25,156.23,160,3.77,0
e2-nio-100,binary,100,bot_148,3665,b,22,30.06,25,142.25,144,1.75,0
e2-nio-100,binary,100,bot_148,3665,b,24,78.77,25,123.96,109,-14.96,0
e2-nio-100,binary,100,bot_148,3665,b,26,54.01,25,116.07,134,17.93,0
e2-nio-100,binary,100,bot_148,3665,b,28,51.37,25,112.26,135,22.74,0
e2-nio-100,binary,100,bot_148,3665,b,30,55.71,25,139.17,140,0.83,0
e2-nio-100,binary,100,bot_148,3665,b,32,41.44,25,146.85,162,15.15,0
e2-nio-100,binary,100,bot_148,3665,b,34,36.35,25,95.8,105,9.2,0
e2-nio-100,binary,100,bot_148,3665,b,36,26.35,25,122.43,120,-2.43,0
e2-nio-100,binary,100,bot_148,3665,b,38,23.83,25,154.12,154,-0.12,0
e2-nio-100,binary,100,bot_148,3665,b,40,24.36,25,117.5,111,-6.5,0
e2-nio-100,binary,100,bot_148,3665,b,42,8.4,25,102.01,82,-20.01,0
e2-nio-100,binary,100,bot_148,3665,b,44,30.89,25,66.38,73,6.62,0
e2-nio-100,binary,100,bot_148,3665,b,46,21.75,25,104.14,108,3.86,0
e2-nio-100,binary,100,bot_148,3665,b,48,19.87,25,114.52,97,-17.52,0
e2-nio-100,binary,100,bot_148,3665,b,50,7.99,25,90.36,67,-23.36,0
e2-nio-100,binary,100,bot_148,3665,b,52,31.17,25,74.59,103,28.41,0
e2-nio-100,binary,100,bot_148,3665,b,54,33.43,25,76.61,73,-3.61,0
e2-nio-100,binary,100,bot_148,3665,b,56,26.47,25,72.61,65,-7.61,0
e2-nio-100,binary,100,bot_148,3665,b,58,21.04,25,68.75,64,-4.75,0
e2-nio-100,binary,100,bot_148,3665,b,60,14.97,25,56.05,35,-21.05,0
e2-nio-100,binary,100,bot_149,3666,w,1,148.87,25,118.19,156,37.81,0
e2-nio-100,binary,100,bot_149,3666,w,3,110.16,25,125.38,182,56.62,0
e2-nio-100,binary,100,bot_149,3666,w,5,122.81,25,112.78,122,9.22,0
e2-nio-100,binary,100,bot_149,3666,w,7,99.65,25,110.03,130,19.97,0
e2-nio-100,binary,100,bot_149,3666,w,9,73.47,25,118.81,108,-10.81,0
e2-nio-100,binary,100,bot_149,3666,w,11,64.57,25,112.96,112,-0.96,0
e2-nio-100,binary,100,bot_149,3666,w,13,73.98,25,147.68,155,7.32,0
e2-nio-100,binary,100,bot_149,3666,w,15,64.07,25,144,148,4,0
e2-nio-100,binary,100,bot_149,3666,w,17,49.26,25,116.3,116,-0.3,0
e2-nio-100,binary,100,bot_149,3666,w,19,35.86,25,154.53,134,-20.53,0
e2-nio-100,binary,100,bot_149,3666,w,21,32.38,25,139.68,121,-18.68,0
e2-nio-100,binary,100,bot_149,3666,w,23,80.45,25,122.33,88,-34.33,0
e2-nio-100,binary,100,bot_149,3666,w,25,56.7,25,113.54,111,-2.54,0
e2-nio-100,binary,100,bot_149,3666,w,27,54.42,25,109.54,107,-2.54,0
e2-nio-100,binary,100,bot_149,3666,w,29,58.63,25,135.96,112,-23.96,0
e2-nio-100,binary,100,bot_149,3666,w,31,43.87,25,144.67,138,-6.67,0
e2-nio-100,binary,100,bot_149,3666,w,33,38.13,25,93.9,80,-13.9,0
e2-nio-100,binary,100,bot_149,3666,w,35,27.31,25,121.81,97,-24.81,0
e2-nio-100,binary,100,bot_149,3666,w,37,26.56,25,151.34,127,-24.34,0
e2-nio-100,binary,100,bot_149,3666,w,39,18.4,25,123.49,105,-18.49,0
e2-nio-100,binary,100,bot_149,3666,w,41,3.38,25,107.05,67,-40.05,0
e2-nio-100,binary,100,bot_149,3666,w,43,28.07,25,69.21,52,-17.21,0
e2-nio-100,binary,100,bot_149,3666,w,45,19.18,25,106.6,86,-20.6,0
e2-nio-100,binary,100,bot_149,3666,w,47,15.62,25,118.85,76,-42.85,0
e2-nio-100,binary,100,bot_149,3666,w,49,43.1,25,93.37,47,-46.37,0
e2-nio-100,binary,100,bot_149,3666,w,51,27.65,25,77.99,75,-2.99,0
e2-nio-100,binary,100,bot_149,3666,w,53,27.86,25,82.18,57,-25.18,0
e2-nio-100,binary,100,bot_149,3666,w,55,23.59,25,75.99,45,-30.99,0
e2-nio-100,binary,100,bot_149,3666,w,57,20.46,25,69.25,39,-30.25,0
e2-nio-100,binary,100,bot_149,3666,w,59,12.17,25,58.8,17,-41.8,0
e2-nio-100,binary,100,bot_150,3666,b,2,140.43,25,116.89,211,94.11,0
e2-nio-100,binary,100,bot_150,3666,b,4,92.7,25,121.33,176,54.67,0
e2-nio-100,binary,100,bot_150,3666,b,6,103.81,25,126.36,195,68.64,0
e2-nio-100,binary,100,bot_150,3666,b,8,72.65,25,142.47,187,44.53,0
e2-nio-100,binary,100,bot_150,3666,b,10,82.96,25,115.85,133,17.15,0
e2-nio-100,binary,100,bot_150,3666,b,12,72.21,25,163.97,186,22.03,0
e2-nio-100,binary,100,bot_150,3666,b,14,70.27,25,141.27,171,29.73,0
e2-nio-100,binary,100,bot_150,3666,b,16,64.68,25,134.84,156,21.16,0
e2-nio-100,binary,100,bot_150,3666,b,18,44.71,25,139.77,145,5.23,0
e2-nio-100,binary,100,bot_150,3666,b,20,45.68,25,162.72,155,-7.72,0
e2-nio-100,binary,100,bot_150,3666,b,22,30.37,25,180.88,169,-11.88,0
e2-nio-100,binary,100,bot_150,3666,b,24,62.09,25,120.52,157,36.48,0
e2-nio-100,binary,100,bot_150,3666,b,26,64.13,25,113.82,127,13.18,0
e2-nio-100,binary,100,bot_150,3666,b,28,41.15,25,118.47,129,10.53,0
e2-nio-100,binary,100,bot_150,3666,b,30,57.17,25,136.01,150,13.99,0
e2-nio-100,binary,100,bot_150,3666,b,32,49.76,25,142.02,141,-1.02,0
e2-nio-100,binary,100,bot_150,3666,b,34,40.23,25,129.39,123,-6.39,0
e2-nio-100,binary,100,bot_150,3666,b,36,40.95,25,147.28,130,-17.28,0
e2-nio-100,binary,100,bot_150,3666,b,38,36.28,25,156.44,140,-16.44,0
e2-nio-100,binary,100,bot_150,3666,b,40,14.24,25,163.17,143,-20.17,0
e2-nio-100,binary,100,bot_150,3666,b,42,37.33,25,148.13,113,-35.13,0
e2-nio-100,binary,100,bot_150,3666,b,44,32.77,25,102.01,91,-11.01,0
e2-nio-100,binary,100,bot_150,3666,b,46,11.87,25,94.99,77,-17.99,0
e2-nio-100,binary,100,bot_150,3666,b,48,7.77,25,126.49,104,-22.49,0
e2-nio-100,binary,100,bot_150,3666,b,50,51.38,25,101.82,108,6.18,0
e2-nio-100,binary,100,bot_150,3666,b,52,28.6,25,95.02,85,-10.02,0
e2-nio-100,binary,100,bot_150,3666,b,54,24.17,25,69.98,61,-8.98,0
e2-nio-100,binary,100,bot_150,3666,b,56,23.89,25,68.74,55,-13.74,0
e2-nio-100,binary,100,bot_150,3666,b,58,11.18,25,78.65,61,-17.65,0
e2-nio-100,binary,100,bot_150,3666,b,60,10.61,25,79.28,53,-26.28,0
e2-nio-100,binary,100,bot_151,3667,w,1,145.69,25,111.86,210,98.14,0
e2-nio-100,binary,100,bot_151,3667,w,3,95.97,25,118.3,172,53.7,0
e2-nio-100,binary,100,bot_151,3667,w,5,106.23,25,124.25,191,66.75,0
e2-nio-100,binary,100,bot_151,3667,w,7,75.35,25,139.72,182,42.28,0
e2-nio-100,binary,100,bot_151,3667,w,9,84.98,25,113.33,131,17.67,0
e2-nio-100,binary,100,bot_151,3667,w,11,78.11,25,158.44,177,18.56,0
e2-nio-100,binary,100,bot_151,3667,w,13,76.14,25,135.66,166,30.34,0
e2-nio-100,binary,100,bot_151,3667,w,15,68.29,25,131.29,151,19.71,0
e2-nio-100,binary,100,bot_151,3667,w,17,47.38,25,137.29,145,7.71,0
e2-nio-100,binary,100,bot_151,3667,w,19,50.63,25,157.73,154,-3.73,0
e2-nio-100,binary,100,bot_151,3667,w,21,34.6,25,177.26,165,-12.26,0
e2-nio-100,binary,100,bot_151,3667,w,23,65.12,25,117.64,153,35.36,0
e2-nio-100,binary,100,bot_151,3667,w,25,66.84,25,110.95,122,11.05,0
e2-nio-100,binary,100,bot_151,3667,w,27,43.4,25,116.3,129,12.7,0
e2-nio-100,binary,100,bot_151,3667,w,29,60.69,25,132.63,149,16.37,0
e2-nio-100,binary,100,bot_151,3667,w,31,51.73,25,139.87,142,2.13,0
e2-nio-100,binary,100,bot_151,3667,w,33,43.67,25,125.76,116,-9.76,0
e2-nio-100,binary,100,bot_151,3667,w,35,42.74,25,145.28,126,-19.28,0
e2-nio-100,binary,100,bot_151,3667,w,37,39.79,25,153.82,139,-14.82,0
e2-nio-100,binary,100,bot_151,3667,w,39,10.71,25,166.73,141,-25.73,0
e2-nio-100,binary,100,bot_151,3667,w,41,35.67,25,109.38,111,1.62,0
e2-nio-100,binary,100,bot_151,3667,w,43,29.73,25,105.14,91,-14.14,0
e2-nio-100,binary,100,bot_151,3667,w,45,9.69,25,97.17,74,-23.17,0
e2-nio-100,binary,100,bot_151,3667,w,47,51.03,25,128.49,99,-29.49,0
e2-nio-100,binary,100,bot_151,3667,w,49,49.01,25,104.15,100,-4.15,0
e2-nio-100,binary,100,bot_151,3667,w,51,27.14,25,96.54,82,-14.54,0
e2-nio-100,binary,100,bot_151,3667,w,53,22.67,25,71.44,58,-13.44,0
e2-nio-100,binary,100,bot_151,3667,w,55,22.49,25,70.02,52,-18.02,0
e2-nio-100,binary,100,bot_151,3667,w,57,10.02,25,79.79,59,-20.79,0
e2-nio-100,binary,100,bot_151,3667,w,59,9.33,25,80.53,50,-30.53,0
e2-nio-100,binary,100,bot_152,3667,b,2,113.34,25,122.3,214,91.7,0
e2-nio-100,binary,100,bot_152,3667,b,4,127.39,25,108.03,149,40.97,0
e2-nio-100,binary,100,bot_152,3667,b,6,104.11,25,105.34,156,50.66,0
e2-nio-100,binary,100,bot_152,3667,b,8,78.29,25,114.23,135,20.77,0
e2-nio-100,binary,100,bot_152,3667,b,10,66.39,25,111.04,141,29.96,0
e2-nio-100,binary,100,bot_152,3667,b,12,77.36,25,144.37,181,36.63,0
e2-nio-100,binary,100,bot_152,3667,b,14,67.09,25,140.76,174,33.24,0
e2-nio-100,binary,100,bot_152,3667,b,16,54.68,25,110.75,137,26.25,0
e2-nio-100,binary,100,bot_152,3667,b,18,43.02,25,147.5,153,5.5,0
e2-nio-100,binary,100,bot_152,3667,b,20,34.54,25,137.59,145,7.41,0
e2-nio-100,binary,100,bot_152,3667,b,22,82.33,25,120.07,112,-8.07,0
e2-nio-100,binary,100,bot_152,3667,b,24,58.49,25,111.92,135,23.08,0
e2-nio-100,binary,100,bot_152,3667,b,26,59.18,25,104.82,129,24.18,0
e2-nio-100,binary,100,bot_152,3667,b,28,63.32,25,131.13,131,-0.12,0
e2-nio-100,binary,100,bot_152,3667,b,30,48.55,25,140.04,159,18.96,0
e2-nio-100,binary,100,bot_152,3667,b,32,38.48,25,93.57,103,9.43,0
e2-nio-100,binary,100,bot_152,3667,b,34,27.63,25,121.56,124,2.44,0
e2-nio-100,binary,100,bot_152,3667,b,36,31.75,25,146.2,146,-0.2,0
e2-nio-100,binary,100,bot_152,3667,b,38,16.33,25,125.42,127,1.58,0
e2-nio-100,binary,100,bot_152,3667,b,40,42.68,25,108.19,81,-27.19,0
e2-nio-100,binary,100,bot_152,3667,b,42,26.76,25,70.52,68,-2.52,0
e2-nio-100,binary,100,bot_152,3667,b,44,16.73,25,108.79,102,-6.79,0
e2-nio-100,binary,100,bot_152,3667,b,46,12.5,25,122.27,95,-27.27,0
e2-nio-100,binary,100,bot_152,3667,b,48,37.07,25,54.4,68,13.6,0
e2-nio-100,binary,100,bot_152,3667,b,50,25.83,25,79.51,91,11.49,0
e2-nio-100,binary,100,bot_152,3667,b,52,26.2,25,83.88,73,-10.88,0
e2-nio-100,binary,100,bot_152,3667,b,54,22.32,25,77.32,62,-15.32,0
e2-nio-100,binary,100,bot_152,3667,b,56,18.82,25,70.89,55,-15.89,0
e2-nio-100,binary,100,bot_152,3667,b,58,10.83,25,60.19,33,-27.19,0
e2-nio-100,binary,100,bot_152,3667,b,60,11.31,25,93.75,66,-27.75,0
e2-nio-100,binary,100,bot_153,3668,w,1,116.81,25,118.75,200,81.25,0
e2-nio-100,binary,100,bot_153,3668,w,3,134.53,25,100.47,121,20.53,0
e2-nio-100,binary,100,bot_153,3668,w,5,107.63,25,101.41,134,32.59,0
e2-nio-100,binary,100,bot_153,3668,w,7,83.23,25,109.74,108,-1.74,0
e2-nio-100,binary,100,bot_153,3668,w,9,68.81,25,108.27,116,7.73,0
e2-nio-100,binary,100,bot_153,3668,w,11,81.24,25,140.61,162,21.39,0
e2-nio-100,binary,100,bot_153,3668,w,13,69.98,25,137.27,158,20.73,0
e2-nio-100,binary,100,bot_153,3668,w,15,58.4,25,106.94,117,10.06,0
e2-nio-100,binary,100,bot_153,3668,w,17,48.8,25,141.96,131,-10.96,0
e2-nio-100,binary,100,bot_153,3668,w,19,35.61,25,136.98,129,-7.98,0
e2-nio-100,binary,100,bot_153,3668,w,21,91.16,25,111.19,85,-26.19,0
e2-nio-100,binary,100,bot_153,3668,w,23,61.74,25,108.83,117,8.17,0
e2-nio-100,binary,100,bot_153,3668,w,25,63.11,25,101.2,110,8.8,0
e2-nio-100,binary,100,bot_153,3668,w,27,66.43,25,127.63,111,-16.63,0
e2-nio-100,binary,100,bot_153,3668,w,29,53.11,25,135.82,139,3.18,0
e2-nio-100,binary,100,bot_153,3668,w,31,41.68,25,90.17,84,-6.17,0
e2-nio-100,binary,100,bot_153,3668,w,33,31.76,25,117.53,108,-9.53,0
e2-nio-100,binary,100,bot_153,3668,w,35,37.29,25,141.13,127,-14.13,0
e2-nio-100,binary,100,bot_153,3668,w,37,11.76,25,129.93,124,-5.93,0
e2-nio-100,binary,100,bot_153,3668,w,39,39.02,25,69.71,67,-2.71,0
e2-nio-100,binary,100,bot_153,3668,w,41,24.13,25,73.14,56,-17.14,0
e2-nio-100,binary,100,bot_153,3668,w,43,14.82,25,110.58,84,-26.58,0
e2-nio-100,binary,100,bot_153,3668,w,45,74.61,25,125.84,82,-43.84,0
e2-nio-100,binary,100,bot_153,3668,w,47,33.49,25,58.11,50,-8.11,0
e2-nio-100,binary,100,bot_153,3668,w,49,23.34,25,81.88,75,-6.88,0
e2-nio-100,binary,100,bot_153,3668,w,51,24.22,25,85.82,59,-26.82,0
e2-nio-100,binary,100,bot_153,3668,w,53,19.82,25,79.82,48,-31.82,0
e2-nio-100,binary,100,bot_153,3668,w,55,16.44,25,73.29,40,-33.29,0
e2-nio-100,binary,100,bot_153,3668,w,57,8.82,25,62.2,18,-44.2,0
e2-nio-100,binary,100,bot_153,3668,w,59,9.15,25,95.91,52,-43.91,0
e2-nio-100,binary,100,bot_154,3668,b,2,99.73,25,115.05,184,68.95,0
e2-nio-100,binary,100,bot_154,3668,b,4,111.69,25,118.96,205,86.04,0
e2-nio-100,binary,100,bot_154,3668,b,6,78.83,25,136.6,196,59.4,0
e2-nio-100,binary,100,bot_154,3668,b,8,88.32,25,109.68,144,34.32,0
e2-nio-100,binary,100,bot_154,3668,b,10,83.02,25,153.75,185,31.25,0
e2-nio-100,binary,100,bot_154,3668,b,12,81.07,25,130.92,174,43.08,0
e2-nio-100,binary,100,bot_154,3668,b,14,70.93,25,128.84,161,32.16,0
e2-nio-100,binary,100,bot_154,3668,b,16,49.75,25,134.93,155,20.07,0
e2-nio-100,binary,100,bot_154,3668,b,18,52.97,25,155.21,166,10.79,0
e2-nio-100,binary,100,bot_154,3668,b,20,35.75,25,175.85,174,-1.85,0
e2-nio-100,binary,100,bot_154,3668,b,22,67.86,25,114.9,167,52.1,0
e2-nio-100,binary,100,bot_154,3668,b,24,69.82,25,107.81,131,23.19,0
e2-nio-100,binary,100,bot_154,3668,b,26,45.39,25,114.37,140,25.63,0
e2-nio-100,binary,100,bot_154,3668,b,28,64.31,25,129.03,158,28.97,0
e2-nio-100,binary,100,bot_154,3668,b,30,55.09,25,136.41,152,15.59,0
e2-nio-100,binary,100,bot_154,3668,b,32,50.41,25,118.95,123,4.05,0
e2-nio-100,binary,100,bot_154,3668,b,34,47.25,25,140.45,133,-7.45,0
e2-nio-100,binary,100,bot_154,3668,b,36,45.78,25,148.96,149,0.04,0
e2-nio-100,binary,100,bot_154,3668,b,38,49.78,25,170.05,147,-23.05,0
e2-nio-100,binary,100,bot_154,3668,b,40,35.41,25,109.43,115,5.57,0
e2-nio-100,binary,100,bot_154,3668,b,42,25.4,25,109.79,99,-10.79,0
e2-nio-100,binary,100,bot_154,3668,b,44,7.5,25,99.41,81,-18.41,0
e2-nio-100,binary,100,bot_154,3668,b,46,42.98,25,70.66,110,39.34,0
e2-nio-100,binary,100,bot_154,3668,b,48,45.24,25,107.88,108,0.12,0
e2-nio-100,binary,100,bot_154,3668,b,50,25.28,25,98.64,88,-10.64,0
e2-nio-100,binary,100,bot_154,3668,b,52,21,25,73.09,65,-8.09,0
e2-nio-100,binary,100,bot_154,3668,b,54,19.36,25,72.88,59,-13.88,0
e2-nio-100,binary,100,bot_154,3668,b,56,7.92,25,81.85,65,-16.85,0
e2-nio-100,binary,100,bot_154,3668,b,58,7.42,25,82.45,57,-25.45,0
e2-nio-100,binary,100,bot_154,3668,b,60,9.17,25,88.86,65,-23.86,0
e2-nio-100,binary,100,bot_155,3669,w,1,100.37,25,114.86,162,47.14,0
e2-nio-100,binary,100,bot_155,3669,w,3,113,25,117.68,173,55.32,0
e2-nio-100,binary,100,bot_155,3669,w,5,79.91,25,135.46,165,29.54,0
e2-nio-100,binary,100,bot_155,3669,w,7,89.28,25,108.49,114,5.51,0
e2-nio-100,binary,100,bot_155,3669,w,9,85.33,25,151.62,162,10.38,0
e2-nio-100,binary,100,bot_155,3669,w,11,83.35,25,128.86,153,24.14,0
e2-nio-100,binary,100,bot_155,3669,w,13,72.8,25,127.03,138,10.97,0
e2-nio-100,binary,100,bot_155,3669,w,15,50.81,25,133.98,134,0.02,0
e2-nio-100,binary,100,bot_155,3669,w,17,52.77,25,154.92,146,-8.92,0
e2-nio-100,binary,100,bot_155,3669,w,19,39.91,25,172.39,155,-17.39,0
e2-nio-100,binary,100,bot_155,3669,w,21,85.48,25,179.33,129,-50.33,0
e2-nio-100,binary,100,bot_155,3669,w,23,74.74,25,102.35,109,6.65,0
e2-nio-100,binary,100,bot_155,3669,w,25,48.48,25,111.18,118,6.82,0
e2-nio-100,binary,100,bot_155,3669,w,27,69.5,25,123.61,133,9.39,0
e2-nio-100,binary,100,bot_155,3669,w,29,60.11,25,130.68,129,-1.68,0
e2-nio-100,binary,100,bot_155,3669,w,31,57.99,25,111,94,-17,0
e2-nio-100,binary,100,bot_155,3669,w,33,51.44,25,135.62,113,-22.62,0
e2-nio-100,binary,100,bot_155,3669,w,35,46.44,25,144.18,128,-16.18,0
e2-nio-100,binary,100,bot_155,3669,w,37,43.26,25,133.94,125,-8.94,0
e2-nio-100,binary,100,bot_155,3669,w,39,8.78,25,142.46,101,-41.46,0
e2-nio-100,binary,100,bot_155,3669,w,41,54.91,25,78.38,77,-1.38,0
e2-nio-100,binary,100,bot_155,3669,w,43,28.15,25,78.37,65,-13.37,0
e2-nio-100,binary,100,bot_155,3669,w,45,27.85,25,107.62,94,-13.62,0
e2-nio-100,binary,100,bot_155,3669,w,47,24.36,25,110.72,82,-28.72,0
e2-nio-100,binary,100,bot_155,3669,w,49,16.93,25,102.4,70,-32.4,0
e2-nio-100,binary,100,bot_155,3669,w,51,8.37,25,96.72,57,-39.72,0
e2-nio-100,binary,100,bot_155,3669,w,53,39.85,25,86.99,42,-44.99,0
e2-nio-100,binary,100,bot_155,3669,w,55,21.52,25,68.79,45,-23.79,0
e2-nio-100,binary,100,bot_155,3669,w,57,16.25,25,73.66,41,-32.66,0
e2-nio-100,binary,100,bot_155,3669,w,59,15.89,25,81.98,46,-35.98,0
e2-nio-100,binary,100,bot_156,3669,b,2,135.77,25,99.17,145,45.83,0
e2-nio-100,binary,100,bot_156,3669,b,4,109.79,25,99.21,157,57.79,0
e2-nio-100,binary,100,bot_156,3669,b,6,85.87,25,107.16,132,24.84,0
e2-nio-100,binary,100,bot_156,3669,b,8,71.15,25,105.85,140,34.15,0
e2-nio-100,binary,100,bot_156,3669,b,10,84.34,25,137.55,181,43.45,0
e2-nio-100,binary,100,bot_156,3669,b,12,72.15,25,135.01,176,40.99,0
e2-nio-100,binary,100,bot_156,3669,b,14,61.01,25,104.29,136,31.71,0
e2-nio-100,binary,100,bot_156,3669,b,16,52.84,25,137.92,147,9.08,0
e2-nio-100,binary,100,bot_156,3669,b,18,43.92,25,128.36,140,11.64,0
e2-nio-100,binary,100,bot_156,3669,b,20,11.19,25,109,107,-2,0
e2-nio-100,binary,100,bot_156,3669,b,22,66.47,25,104.35,149,44.65,0
e2-nio-100,binary,100,bot_156,3669,b,24,67.59,25,97.05,129,31.95,0
e2-nio-100,binary,100,bot_156,3669,b,26,71.12,25,122.79,129,6.21,0
e2-nio-100,binary,100,bot_156,3669,b,28,57.53,25,131.71,159,27.29,0
e2-nio-100,binary,100,bot_156,3669,b,30,43.82,25,88.34,106,17.66,0
e2-nio-100,binary,100,bot_156,3669,b,32,38.1,25,111.31,127,15.69,0
e2-nio-100,binary,100,bot_156,3669,b,34,45.46,25,133.27,143,9.73,0
e2-nio-100,binary,100,bot_156,3669,b,36,41.55,25,102.58,112,9.42,0
e2-nio-100,binary,100,bot_156,3669,b,38,8.97,25,81.12,88,6.88,0
e2-nio-100,binary,100,bot_156,3669,b,40,48.92,25,103.09,74,-29.09,0
e2-nio-100,binary,100,bot_156,3669,b,42,36.65,25,90.55,110,19.45,0
e2-nio-100,binary,100,bot_156,3669,b,44,36.86,25,96.63,87,-9.63,0
e2-nio-100,binary,100,bot_156,3669,b,46,21.87,25,76.6,67,-9.6,0
e2-nio-100,binary,100,bot_156,3669,b,48,18.61,25,109.99,97,-12.99,0
e2-nio-100,binary,100,bot_156,3669,b,50,11.95,25,88.36,68,-20.36,0
e2-nio-100,binary,100,bot_156,3669,b,52,5.31,25,95.99,68,-27.99,0
e2-nio-100,binary,100,bot_156,3669,b,54,27.6,25,62.31,66,3.69,0
e2-nio-100,binary,100,bot_156,3669,b,56,18.36,25,52.94,38,-14.94,0
e2-nio-100,binary,100,bot_156,3669,b,58,14.8,25,90.63,70,-20.63,0
e2-nio-100,binary,100,bot_156,3669,b,60,9.77,25,71.62,51,-20.62,0
e2-nio-100,binary,100,bot_157,3670,w,1,138.33,25,96.15,143,46.85,0
e2-nio-100,binary,100,bot_157,3670,w,3,116.48,25,92.56,151,58.44,0
e2-nio-100,binary,100,bot_157,3670,w,5,91.02,25,102.87,127,24.13,0
e2-nio-100,binary,100,bot_157,3670,w,7,75.3,25,101.33,131,29.67,0
e2-nio-100,binary,100,bot_157,3670,w,9,86.82,25,135.34,180,44.66,0
e2-nio-100,binary,100,bot_157,3670,w,11,73.99,25,132.94,169,36.06,0
e2-nio-100,binary,100,bot_157,3670,w,13,62.19,25,103.18,129,25.82,0
e2-nio-100,binary,100,bot_157,3670,w,15,54.86,25,136.16,140,3.84,0
e2-nio-100,binary,100,bot_157,3670,w,17,46.81,25,125.44,133,7.56,0
e2-nio-100,binary,100,bot_157,3670,w,19,12.56,25,106.92,101,-5.92,0
e2-nio-100,binary,100,bot_157,3670,w,21,67.85,25,103.06,141,37.94,0
e2-nio-100,binary,100,bot_157,3670,w,23,67.77,25,97.29,127,29.71,0
e2-nio-100,binary,100,bot_157,3670,w,25,72.27,25,121.55,124,2.45,0
e2-nio-100,binary,100,bot_157,3670,w,27,58.38,25,131.2,156,24.8,0
e2-nio-100,binary,100,bot_157,3670,w,29,44.58,25,87.86,103,15.14,0
e2-nio-100,binary,100,bot_157,3670,w,31,39.57,25,109.95,124,14.05,0
e2-nio-100,binary,100,bot_157,3670,w,33,46.95,25,132.3,138,5.7,0
e2-nio-100,binary,100,bot_157,3670,w,35,42.49,25,101.87,110,8.13,0
e2-nio-100,binary,100,bot_157,3670,w,37,10,25,80.2,84,3.8,0
e2-nio-100,binary,100,bot_157,3670,w,39,49.71,25,102.36,72,-30.36,0
e2-nio-100,binary,100,bot_157,3670,w,41,37.51,25,90.06,108,17.94,0
e2-nio-100,binary,100,bot_157,3670,w,43,38.29,25,95.26,84,-11.26,0
e2-nio-100,binary,100,bot_157,3670,w,45,22.95,25,75.58,64,-11.58,0
e2-nio-100,binary,100,bot_157,3670,w,47,19.53,25,109.27,95,-14.27,0
e2-nio-100,binary,100,bot_157,3670,w,49,13.17,25,87.47,64,-23.47,0
e2-nio-100,binary,100,bot_157,3670,w,51,6.87,25,94.55,64,-30.55,0
e2-nio-100,binary,100,bot_157,3670,w,53,29.71,25,97,61,-36,0
e2-nio-100,binary,100,bot_157,3670,w,55,19.7,25,51.99,36,-15.99,0
e2-nio-100,binary,100,bot_157,3670,w,57,16.57,25,88.88,64,-24.88,0
e2-nio-100,binary,100,bot_157,3670,w,59,12.36,25,68.97,46,-22.97,0
e2-nio-100,binary,100,bot_158,3670,b,2,122.03,25,108.56,195,86.44,0
e2-nio-100,binary,100,bot_158,3670,b,4,87.57,25,127.72,192,64.28,0
e2-nio-100,binary,100,bot_158,3670,b,6,93.95,25,103.47,142,38.53,0
e2-nio-100,binary,100,bot_158,3670,b,8,92.61,25,144.51,179,34.49,0
e2-nio-100,binary,100,bot_158,3670,b,10,86.16,25,126.36,173,46.64,0
e2-nio-100,binary,100,bot_158,3670,b,12,75.94,25,123.84,158,34.16,0
e2-nio-100,binary,100,bot_158,3670,b,14,52.5,25,132.29,154,21.71,0
e2-nio-100,binary,100,bot_158,3670,b,16,55.74,25,151.86,165,13.14,0
e2-nio-100,binary,100,bot_158,3670,b,18,42.3,25,170.11,175,4.89,0
e2-nio-100,binary,100,bot_158,3670,b,20,86.01,25,179.35,153,-26.35,0
e2-nio-100,binary,100,bot_158,3670,b,22,78.9,25,98,125,27,0
e2-nio-100,binary,100,bot_158,3670,b,24,51.74,25,107.84,135,27.16,0
e2-nio-100,binary,100,bot_158,3670,b,26,74.36,25,118.67,152,33.33,0
e2-nio-100,binary,100,bot_158,3670,b,28,64.34,25,126.29,144,17.71,0
e2-nio-100,binary,100,bot_158,3670,b,30,62.93,25,105.99,110,4.01,0
e2-nio-100,binary,100,bot_158,3670,b,32,54.4,25,132.48,132,-0.48,0
e2-nio-100,binary,100,bot_158,3670,b,34,49.52,25,141.07,147,5.93,0
e2-nio-100,binary,100,bot_158,3670,b,36,46.77,25,130.39,138,7.61,0
e2-nio-100,binary,100,bot_158,3670,b,38,13.16,25,138.05,112,-26.05,0
e2-nio-100,binary,100,bot_158,3670,b,40,59.48,25,73.69,88,14.31,0
e2-nio-100,binary,100,bot_158,3670,b,42,31.13,25,75.27,78,2.73,0
e2-nio-100,binary,100,bot_158,3670,b,44,30.68,25,104.85,108,3.15,0
e2-nio-100,binary,100,bot_158,3670,b,46,28.73,25,106.25,93,-13.25,0
e2-nio-100,binary,100,bot_158,3670,b,48,19.24,25,100,84,-16,0
e2-nio-100,binary,100,bot_158,3670,b,50,11.67,25,93.37,71,-22.37,0
e2-nio-100,binary,100,bot_158,3670,b,52,6.27,25,83.69,54,-29.69,0
e2-nio-100,binary,100,bot_158,3670,b,54,25.95,25,63.95,58,-5.95,0
e2-nio-100,binary,100,bot_158,3670,b,56,18.68,25,71.22,56,-15.22,0
e2-nio-100,binary,100,bot_158,3670,b,58,19.38,25,78.43,59,-19.43,0
e2-nio-100,binary,100,bot_158,3670,b,60,9.8,25,74.27,51,-23.27,0
e2-nio-100,binary,100,bot_159,3671,w,1,123,25,107.68,199,91.32,0
e2-nio-100,binary,100,bot_159,3671,w,3,94.68,25,120.55,188,67.45,0
e2-nio-100,binary,100,bot_159,3671,w,5,97.06,25,100.01,143,42.99,0
e2-nio-100,binary,100,bot_159,3671,w,7,98.04,25,139.68,181,41.32,0
e2-nio-100,binary,100,bot_159,3671,w,9,93.56,25,119.52,172,52.48,0
e2-nio-100,binary,100,bot_159,3671,w,11,77.97,25,122.06,158,35.94,0
e2-nio-100,binary,100,bot_159,3671,w,13,54.35,25,130.41,152,21.59,0
e2-nio-100,binary,100,bot_159,3671,w,15,57.42,25,149.94,166,16.06,0
e2-nio-100,binary,100,bot_159,3671,w,17,43.9,25,168.77,175,6.23,0
e2-nio-100,binary,100,bot_159,3671,w,19,14.67,25,178.18,152,-26.18,0
e2-nio-100,binary,100,bot_159,3671,w,21,80.4,25,96.45,138,41.55,0
e2-nio-100,binary,100,bot_159,3671,w,23,52.61,25,107,135,28,0
e2-nio-100,binary,100,bot_159,3671,w,25,76.25,25,116.79,149,32.21,0
e2-nio-100,binary,100,bot_159,3671,w,27,65.23,25,124.54,145,20.46,0
e2-nio-100,binary,100,bot_159,3671,w,29,65.85,25,103.01,109,5.99,0
e2-nio-100,binary,100,bot_159,3671,w,31,57.9,25,128.47,128,-0.47,0
e2-nio-100,binary,100,bot_159,3671,w,33,52.69,25,138.02,146,7.98,0
e2-nio-100,binary,100,bot_159,3671,w,35,52.94,25,124.15,133,8.85,0
e2-nio-100,binary,100,bot_159,3671,w,37,20.85,25,130.28,106,-24.28,0
e2-nio-100,binary,100,bot_159,3671,w,39,64.6,25,110.74,85,-25.74,0
e2-nio-100,binary,100,bot_159,3671,w,41,33.56,25,72.69,77,4.31,0
e2-nio-100,binary,100,bot_159,3671,w,43,33.63,25,102.11,103,0.89,0
e2-nio-100,binary,100,bot_159,3671,w,45,33.08,25,101.52,90,-11.52,0
e2-nio-100,binary,100,bot_159,3671,w,47,22.08,25,96.87,82,-14.87,0
e2-nio-100,binary,100,bot_159,3671,w,49,14.82,25,90.3,68,-22.3,0
e2-nio-100,binary,100,bot_159,3671,w,51,9.55,25,80.42,54,-26.42,0
e2-nio-100,binary,100,bot_159,3671,w,53,2.77,25,68.47,38,-30.47,0
e2-nio-100,binary,100,bot_159,3671,w,55,20.92,25,88.13,55,-33.13,0
e2-nio-100,binary,100,bot_159,3671,w,57,22.97,25,74.68,57,-17.68,0
e2-nio-100,binary,100,bot_159,3671,w,59,12.19,25,71.47,53,-18.47,0
e2-nio-100,binary,100,bot_160,3671,b,2,122.25,25,86.53,168,81.47,0
e2-nio-100,binary,100,bot_160,3671,b,4,97.85,25,96.37,148,51.63,0
e2-nio-100,binary,100,bot_160,3671,b,6,83.22,25,93.03,148,54.97,0
e2-nio-100,binary,100,bot_160,3671,b,8,93.44,25,128.41,193,64.59,0
e2-nio-100,binary,100,bot_160,3671,b,10,76.82,25,130.05,190,59.95,0
e2-nio-100,binary,100,bot_160,3671,b,12,64.29,25,101.09,145,43.91,0
e2-nio-100,binary,100,bot_160,3671,b,14,58.03,25,133.08,154,20.92,0
e2-nio-100,binary,100,bot_160,3671,b,16,49.26,25,123,147,24,0
e2-nio-100,binary,100,bot_160,3671,b,18,14.68,25,104.79,115,10.21,0
e2-nio-100,binary,100,bot_160,3671,b,20,82.68,25,160.45,142,-18.45,0
e2-nio-100,binary,100,bot_160,3671,b,22,70.23,25,94.88,141,46.12,0
e2-nio-100,binary,100,bot_160,3671,b,24,75.05,25,118.68,138,19.32,0
e2-nio-100,binary,100,bot_160,3671,b,26,62.13,25,127.51,170,42.49,0
e2-nio-100,binary,100,bot_160,3671,b,28,47.86,25,84.97,116,31.03,0
e2-nio-100,binary,100,bot_160,3671,b,30,41.37,25,108.14,140,31.86,0
e2-nio-100,binary,100,bot_160,3671,b,32,51.1,25,128.29,152,23.71,0
e2-nio-100,binary,100,bot_160,3671,b,34,44.72,25,99.71,122,22.29,0
e2-nio-100,binary,100,bot_160,3671,b,36,12.49,25,77.74,100,22.26,0
e2-nio-100,binary,100,bot_160,3671,b,38,11.24,25,98.4,88,-10.4,0
e2-nio-100,binary,100,bot_160,3671,b,40,40.93,25,86.8,121,34.2,0
e2-nio-100,binary,100,bot_160,3671,b,42,38.78,25,94.76,97,2.24,0
e2-nio-100,binary,100,bot_160,3671,b,44,25.37,25,73.18,76,2.82,0
e2-nio-100,binary,100,bot_160,3671,b,46,21.83,25,107.09,109,1.91,0
e2-nio-100,binary,100,bot_160,3671,b,48,15.39,25,85.34,77,-8.34,0
e2-nio-100,binary,100,bot_160,3671,b,50,10.7,25,90.74,75,-15.74,0
e2-nio-100,binary,100,bot_160,3671,b,52,4.72,25,94.87,73,-21.87,0
e2-nio-100,binary,100,bot_160,3671,b,54,3.98,25,94.44,67,-27.44,0
e2-nio-100,binary,100,bot_160,3671,b,56,19.38,25,86.06,76,-10.06,0
e2-nio-100,binary,100,bot_160,3671,b,58,18.26,25,63.01,55,-8.01,0
e2-nio-100,binary,100,bot_160,3671,b,60,11.87,25,98.69,80,-18.69,0
e2-nio-100,binary,100,bot_161,3672,w,1,123.04,25,85.97,145,59.03,0
e2-nio-100,binary,100,bot_161,3672,w,3,99.19,25,95.21,118,22.79,0
e2-nio-100,binary,100,bot_161,3672,w,5,83.78,25,92.02,117,24.98,0
e2-nio-100,binary,100,bot_161,3672,w,7,94.32,25,127.54,171,43.46,0
e2-nio-100,binary,100,bot_161,3672,w,9,77.75,25,128.93,168,39.07,0
e2-nio-100,binary,100,bot_161,3672,w,11,64.98,25,100.82,124,23.18,0
e2-nio-100,binary,100,bot_161,3672,w,13,58.83,25,132.57,135,2.43,0
e2-nio-100,binary,100,bot_161,3672,w,15,49.91,25,122.29,126,3.71,0
e2-nio-100,binary,100,bot_161,3672,w,17,15.6,25,103.87,93,-10.87,0
e2-nio-100,binary,100,bot_161,3672,w,19,14.41,25,158.65,119,-39.65,0
e2-nio-100,binary,100,bot_161,3672,w,21,71.72,25,93.57,130,36.43,0
e2-nio-100,binary,100,bot_161,3672,w,23,77.28,25,116.31,115,-1.31,0
e2-nio-100,binary,100,bot_161,3672,w,25,65.4,25,124.59,148,23.41,0
e2-nio-100,binary,100,bot_161,3672,w,27,50.15,25,82.96,93,10.04,0
e2-nio-100,binary,100,bot_161,3672,w,29,42.89,25,106.65,119,12.35,0
e2-nio-100,binary,100,bot_161,3672,w,31,55.2,25,124.65,129,4.35,0
e2-nio-100,binary,100,bot_161,3672,w,33,46.34,25,98.3,107,8.7,0
e2-nio-100,binary,100,bot_161,3672,w,35,14.21,25,76.08,84,7.92,0
e2-nio-100,binary,100,bot_161,3672,w,37,13.19,25,96.22,74,-22.22,0
e2-nio-100,binary,100,bot_161,3672,w,39,42.31,25,85.75,106,20.25,0
e2-nio-100,binary,100,bot_161,3672,w,41,41.45,25,91.84,80,-11.84,0
e2-nio-100,binary,100,bot_161,3672,w,43,27.49,25,71.16,60,-11.16,0
e2-nio-100,binary,100,bot_161,3672,w,45,26.3,25,102.99,93,-9.99,0
e2-nio-100,binary,100,bot_161,3672,w,47,18.98,25,81.59,59,-22.59,0
e2-nio-100,binary,100,bot_161,3672,w,49,16.54,25,84.84,52,-32.84,0
e2-nio-100,binary,100,bot_161,3672,w,51,7.82,25,91.91,57,-34.91,0
e2-nio-100,binary,100,bot_161,3672,w,53,4.26,25,91.53,49,-42.53,0
e2-nio-100,binary,100,bot_161,3672,w,55,22.47,25,83.01,57,-26.01,0
e2-nio-100,binary,100,bot_161,3672,w,57,18.19,25,63.28,40,-23.28,0
e2-nio-100,binary,100,bot_161,3672,w,59,14.4,25,95.76,62,-33.76,0
e2-nio-100,binary,100,bot_162,3672,b,2,95.84,25,119.39,193,73.61,0
e2-nio-100,binary,100,bot_162,3672,b,4,98.17,25,98.83,148,49.17,0
e2-nio-100,binary,100,bot_162,3672,b,6,100.16,25,137.69,183,45.31,0
e2-nio-100,binary,100,bot_162,3672,b,8,96.15,25,116.96,173,56.04,0
e2-nio-100,binary,100,bot_162,3672,b,10,79.6,25,119.98,161,41.02,0
e2-nio-100,binary,100,bot_162,3672,b,12,57.77,25,126.95,155,28.05,0
e2-nio-100,binary,100,bot_162,3672,b,14,59.59,25,147.68,168,20.32,0
e2-nio-100,binary,100,bot_162,3672,b,16,45.98,25,166.76,178,11.24,0
e2-nio-100,binary,100,bot_162,3672,b,18,17.18,25,175.56,154,-21.56,0
e2-nio-100,binary,100,bot_162,3672,b,20,93.89,25,153.06,130,-23.06,0
e2-nio-100,binary,100,bot_162,3672,b,22,55.07,25,104.55,139,34.45,0
e2-nio-100,binary,100,bot_162,3672,b,24,80.11,25,112.88,152,39.12,0
e2-nio-100,binary,100,bot_162,3672,b,26,67.64,25,122.03,149,26.97,0
e2-nio-100,binary,100,bot_162,3672,b,28,69.39,25,99.46,112,12.54,0
e2-nio-100,binary,100,bot_162,3672,b,30,61.95,25,124.23,129,4.77,0
e2-nio-100,binary,100,bot_162,3672,b,32,56.51,25,134.24,152,17.76,0
e2-nio-100,binary,100,bot_162,3672,b,34,55.91,25,121.18,134,12.82,0
e2-nio-100,binary,100,bot_162,3672,b,36,25.11,25,126,105,-21,0
e2-nio-100,binary,100,bot_162,3672,b,38,68.52,25,106.78,87,-19.78,0
e2-nio-100,binary,100,bot_162,3672,b,40,36.24,25,69.99,79,9.01,0
e2-nio-100,binary,100,bot_162,3672,b,42,36.65,25,99.1,106,6.9,0
e2-nio-100,binary,100,bot_162,3672,b,44,37.47,25,96.91,91,-5.91,0
e2-nio-100,binary,100,bot_162,3672,b,46,24.88,25,93.99,87,-6.99,0
e2-nio-100,binary,100,bot_162,3672,b,48,16.79,25,88.47,74,-14.47,0
e2-nio-100,binary,100,bot_162,3672,b,50,12.79,25,77.16,59,-18.16,0
e2-nio-100,binary,100,bot_162,3672,b,52,4.63,25,66.53,40,-26.53,0
e2-nio-100,binary,100,bot_162,3672,b,54,22.83,25,89.17,58,-31.17,0
e2-nio-100,binary,100,bot_162,3672,b,56,26.13,25,71.43,61,-10.43,0
e2-nio-100,binary,100,bot_162,3672,b,58,13.6,25,70.04,55,-15.04,0
e2-nio-100,binary,100,bot_162,3672,b,60,10.36,25,85.99,66,-19.99,0
e2-nio-100,binary,100,bot_163,3673,w,1,99.29,25,116.58,186,69.42,0
e2-nio-100,binary,100,bot_163,3673,w,3,99.63,25,97.21,136,38.79,0
e2-nio-100,binary,100,bot_163,3673,w,5,103.16,25,135.24,173,37.76,0
e2-nio-100,binary,100,bot_163,3673,w,7,97.4,25,116.4,168,51.6,0
e2-nio-100,binary,100,bot_163,3673,w,9,80.49,25,119.22,150,30.78,0
e2-nio-100,binary,100,bot_163,3673,w,11,59.03,25,125.69,142,16.31,0
e2-nio-100,binary,100,bot_163,3673,w,13,61.11,25,145.94,155,9.06,0
e2-nio-100,binary,100,bot_163,3673,w,15,47.86,25,164.66,166,1.34,0
e2-nio-100,binary,100,bot_163,3673,w,17,18.73,25,173.82,143,-30.82,0
e2-nio-100,binary,100,bot_163,3673,w,19,12.54,25,151.46,119,-32.46,0
e2-nio-100,binary,100,bot_163,3673,w,21,59.34,25,100.43,138,37.57,0
e2-nio-100,binary,100,bot_163,3673,w,23,83.74,25,109.23,139,29.77,0
e2-nio-100,binary,100,bot_163,3673,w,25,70.2,25,119.62,138,18.38,0
e2-nio-100,binary,100,bot_163,3673,w,27,74.83,25,93.95,97,3.05,0
e2-nio-100,binary,100,bot_163,3673,w,29,67.82,25,118.13,113,-5.13,0
e2-nio-100,binary,100,bot_163,3673,w,31,59.57,25,131.29,138,6.71,0
e2-nio-100,binary,100,bot_163,3673,w,33,58.94,25,118.1,123,4.9,0
e2-nio-100,binary,100,bot_163,3673,w,35,30.11,25,121.02,94,-27.02,0
e2-nio-100,binary,100,bot_163,3673,w,37,73.28,25,102.04,77,-25.04,0
e2-nio-100,binary,100,bot_163,3673,w,39,42.15,25,64.06,67,2.94,0
e2-nio-100,binary,100,bot_163,3673,w,41,39.13,25,96.96,101,4.04,0
e2-nio-100,binary,100,bot_163,3673,w,43,41.23,25,93.13,81,-12.12,0
e2-nio-100,binary,100,bot_163,3673,w,45,27.76,25,90.9,80,-10.9,0
e2-nio-100,binary,100,bot_163,3673,w,47,20.18,25,85.54,63,-22.54,0
e2-nio-100,binary,100,bot_163,3673,w,49,15.43,25,74.2,51,-23.2,0
e2-nio-100,binary,100,bot_163,3673,w,51,7.08,25,63.71,31,-32.71,0
e2-nio-100,binary,100,bot_163,3673,w,53,24.99,25,86.91,55,-31.91,0
e2-nio-100,binary,100,bot_163,3673,w,55,30.04,25,67.23,49,-18.23,0
e2-nio-100,binary,100,bot_163,3673,w,57,16.08,25,67.42,45,-22.42,0
e2-nio-100,binary,100,bot_163,3673,w,59,12.95,25,83.03,57,-26.03,0
e2-nio-100,binary,100,bot_164,3673,b,2,104.38,25,90.13,153,62.87,0
e2-nio-100,binary,100,bot_164,3673,b,4,88.23,25,87.18,151,63.82,0
e2-nio-100,binary,100,bot_164,3673,b,6,101.16,25,120.5,195,74.5,0
e2-nio-100,binary,100,bot_164,3673,b,8,80.51,25,126.08,194,67.92,0
e2-nio-100,binary,100,bot_164,3673,b,10,66.7,25,99.06,151,51.94,0
e2-nio-100,binary,100,bot_164,3673,b,12,60.21,25,131.26,162,30.74,0
e2-nio-100,binary,100,bot_164,3673,b,14,52.35,25,119.72,153,33.28,0
e2-nio-100,binary,100,bot_164,3673,b,16,18.07,25,101.42,122,20.58,0
e2-nio-100,binary,100,bot_164,3673,b,18,18.61,25,154.32,145,-9.32,0
e2-nio-100,binary,100,bot_164,3673,b,20,87.8,25,160.55,144,-16.55,0
e2-nio-100,binary,100,bot_164,3673,b,22,80.38,25,113.17,144,30.83,0
e2-nio-100,binary,100,bot_164,3673,b,24,68.21,25,121.43,176,54.57,0
e2-nio-100,binary,100,bot_164,3673,b,26,52.96,25,80.2,121,40.8,0
e2-nio-100,binary,100,bot_164,3673,b,28,45.29,25,104.28,151,46.72,0
e2-nio-100,binary,100,bot_164,3673,b,30,57.64,25,122.33,161,38.67,0
e2-nio-100,binary,100,bot_164,3673,b,32,47.87,25,96.85,131,34.15,0
e2-nio-100,binary,100,bot_164,3673,b,34,16.71,25,73.58,107,33.42,0
e2-nio-100,binary,100,bot_164,3673,b,36,17.48,25,91.82,96,4.18,0
e2-nio-100,binary,100,bot_164,3673,b,38,45.12,25,83.05,130,46.95,0
e2-nio-100,binary,100,bot_164,3673,b,40,46.47,25,86.71,103,16.29,0
e2-nio-100,binary,100,bot_164,3673,b,42,31,25,67.64,81,13.36,0
e2-nio-100,binary,100,bot_164,3673,b,44,31.97,25,97.3,113,15.7,0
e2-nio-100,binary,100,bot_164,3673,b,46,20.59,25,79.88,83,3.12,0
e2-nio-100,binary,100,bot_164,3673,b,48,20.4,25,81,75,-6,0
e2-nio-100,binary,100,bot_164,3673,b,50,11.27,25,88.59,80,-8.59,0
e2-nio-100,binary,100,bot_164,3673,b,52,10.52,25,85.39,67,-18.39,0
e2-nio-100,binary,100,bot_164,3673,b,54,24.91,25,80.65,80,-0.65,0
e2-nio-100,binary,100,bot_164,3673,b,56,20.17,25,61.34,65,3.66,0
e2-nio-100,binary,100,bot_164,3673,b,58,17.99,25,92.18,83,-9.18,0
e2-nio-100,binary,100,bot_164,3673,b,60,13.75,25,83.38,70,-13.38,0
e2-nio-100,binary,100,bot_165,3674,w,1,108.1,25,86.99,133,46.01,0
e2-nio-100,binary,100,bot_165,3674,w,3,91.71,25,83.15,117,33.85,0
e2-nio-100,binary,100,bot_165,3674,w,5,107.84,25,113.6,171,57.4,0
e2-nio-100,binary,100,bot_165,3674,w,7,88.53,25,118.44,170,51.56,0
e2-nio-100,binary,100,bot_165,3674,w,9,71.51,25,94.03,130,35.97,0
e2-nio-100,binary,100,bot_165,3674,w,11,65.54,25,126.17,137,10.83,0
e2-nio-100,binary,100,bot_165,3674,w,13,54.86,25,117.36,131,13.64,0
e2-nio-100,binary,100,bot_165,3674,w,15,20.3,25,99.77,100,0.23,0
e2-nio-100,binary,100,bot_165,3674,w,17,20.66,25,152.25,122,-30.25,0
e2-nio-100,binary,100,bot_165,3674,w,19,16.18,25,157.11,119,-38.11,0
e2-nio-100,binary,100,bot_165,3674,w,21,84.76,25,108.48,132,23.52,0
e2-nio-100,binary,100,bot_165,3674,w,23,71.57,25,117.96,153,35.04,0
e2-nio-100,binary,100,bot_165,3674,w,25,55.75,25,77.42,99,21.58,0
e2-nio-100,binary,100,bot_165,3674,w,27,47.49,25,101.95,129,27.05,0
e2-nio-100,binary,100,bot_165,3674,w,29,59.64,25,120.3,139,18.7,0
e2-nio-100,binary,100,bot_165,3674,w,31,49.82,25,94.98,113,18.02,0
e2-nio-100,binary,100,bot_165,3674,w,33,18.35,25,71.9,89,17.1,0
e2-nio-100,binary,100,bot_165,3674,w,35,20.97,25,88,78,-10,0
e2-nio-100,binary,100,bot_165,3674,w,37,48.68,25,79.66,113,33.34,0
e2-nio-100,binary,100,bot_165,3674,w,39,50.55,25,82.61,84,1.39,0
e2-nio-100,binary,100,bot_165,3674,w,41,33.05,25,65.49,62,-3.49,0
e2-nio-100,binary,100,bot_165,3674,w,43,34.88,25,94.34,96,1.66,0
e2-nio-100,binary,100,bot_165,3674,w,45,22.1,25,78.37,66,-12.37,0
e2-nio-100,binary,100,bot_165,3674,w,47,28.28,25,72.88,51,-21.88,0
e2-nio-100,binary,100,bot_165,3674,w,49,15.45,25,84.62,59,-25.62,0
e2-nio-100,binary,100,bot_165,3674,w,51,6.43,25,83.3,49,-34.3,0
e2-nio-100,binary,100,bot_165,3674,w,53,28.31,25,77.87,65,-12.87,0
e2-nio-100,binary,100,bot_165,3674,w,55,20.02,25,61.66,52,-9.66,0
e2-nio-100,binary,100,bot_165,3674,w,57,22.67,25,87.39,64,-23.39,0
e2-nio-100,binary,100,bot_165,3674,w,59,4.37,25,80.64,53,-27.64,0
e2-nio-100,binary,100,bot_166,3674,b,2,101.57,25,95.15,153,57.85,0
e2-nio-100,binary,100,bot_166,3674,b,4,107.43,25,131.34,184,52.66,0
e2-nio-100,binary,100,bot_166,3674,b,6,102.21,25,111.28,181,69.72,0
e2-nio-100,binary,100,bot_166,3674,b,8,85.38,25,114.47,164,49.53,0
e2-nio-100,binary,100,bot_166,3674,b,10,61.54,25,123.45,156,32.55,0
e2-nio-100,binary,100,bot_166,3674,b,12,63.78,25,143.35,169,25.65,0
e2-nio-100,binary,100,bot_166,3674,b,14,50.97,25,161.67,177,15.33,0
e2-nio-100,binary,100,bot_166,3674,b,16,20.99,25,171.51,154,-17.51,0
e2-nio-100,binary,100,bot_166,3674,b,18,13.77,25,150.15,132,-18.15,0
e2-nio-100,binary,100,bot_166,3674,b,20,74.54,25,160.54,138,-22.54,0
e2-nio-100,binary,100,bot_166,3674,b,22,86.57,25,106.45,153,46.55,0
e2-nio-100,binary,100,bot_166,3674,b,24,72.67,25,117.17,150,32.83,0
e2-nio-100,binary,100,bot_166,3674,b,26,77.37,25,91.45,109,17.55,0
e2-nio-100,binary,100,bot_166,3674,b,28,70.24,25,115.72,124,8.28,0
e2-nio-100,binary,100,bot_166,3674,b,30,60.9,25,130.04,151,20.96,0
e2-nio-100,binary,100,bot_166,3674,b,32,60.06,25,117.03,133,15.97,0
e2-nio-100,binary,100,bot_166,3674,b,34,33.11,25,118.03,103,-15.03,0
e2-nio-100,binary,100,bot_166,3674,b,36,76.42,25,98.93,87,-11.93,0
e2-nio-100,binary,100,bot_166,3674,b,38,44.18,25,61.68,76,14.32,0
e2-nio-100,binary,100,bot_166,3674,b,40,40.7,25,95.53,112,16.47,0
e2-nio-100,binary,100,bot_166,3674,b,42,43.86,25,90.52,90,-0.52,0
e2-nio-100,binary,100,bot_166,3674,b,44,29.96,25,88.65,89,0.35,0
e2-nio-100,binary,100,bot_166,3674,b,46,21.57,25,84.23,73,-11.23,0
e2-nio-100,binary,100,bot_166,3674,b,48,16.27,25,72.67,67,-5.67,0
e2-nio-100,binary,100,bot_166,3674,b,50,8.47,25,62.29,45,-17.29,0
e2-nio-100,binary,100,bot_166,3674,b,52,30.6,25,87.5,61,-26.5,0
e2-nio-100,binary,100,bot_166,3674,b,54,34.09,25,63.09,58,-5.09,0
e2-nio-100,binary,100,bot_166,3674,b,56,20.48,25,63.04,50,-13.04,0
e2-nio-100,binary,100,bot_166,3674,b,58,16.61,25,79.41,69,-10.41,0
e2-nio-100,binary,100,bot_166,3674,b,60,11.51,25,69.7,41,-28.7,0
e2-nio-100,binary,100,bot_167,3675,w,1,104.25,25,92.19,156,63.81,0
e2-nio-100,binary,100,bot_167,3675,w,3,114.3,25,124.94,166,41.06,0
e2-nio-100,binary,100,bot_167,3675,w,5,108.23,25,104.91,164,59.09,0
e2-nio-100,binary,100,bot_167,3675,w,7,91.38,25,108.55,149,40.45,0
e2-nio-100,binary,100,bot_167,3675,w,9,64.89,25,120.1,141,20.9,0
e2-nio-100,binary,100,bot_167,3675,w,11,67.6,25,138.72,151,12.28,0
e2-nio-100,binary,100,bot_167,3675,w,13,57.14,25,155.7,156,0.3,0
e2-nio-100,binary,100,bot_167,3675,w,15,26.07,25,165.95,133,-32.95,0
e2-nio-100,binary,100,bot_167,3675,w,17,16.99,25,146.62,114,-32.62,0
e2-nio-100,binary,100,bot_167,3675,w,19,15.33,25,158.75,124,-34.75,0
e2-nio-100,binary,100,bot_167,3675,w,21,88.68,25,104.44,147,42.56,0
e2-nio-100,binary,100,bot_167,3675,w,23,74.32,25,115.64,135,19.36,0
e2-nio-100,binary,100,bot_167,3675,w,25,78.09,25,90.75,92,1.25,0
e2-nio-100,binary,100,bot_167,3675,w,27,72.32,25,113.51,107,-6.51,0
e2-nio-100,binary,100,bot_167,3675,w,29,63.92,25,127.05,132,4.95,0
e2-nio-100,binary,100,bot_167,3675,w,31,61.55,25,115.5,121,5.5,0
e2-nio-100,binary,100,bot_167,3675,w,33,38.05,25,113.04,86,-27.04,0
e2-nio-100,binary,100,bot_167,3675,w,35,82.86,25,92.73,70,-22.73,0
e2-nio-100,binary,100,bot_167,3675,w,37,46.18,25,59.76,67,7.24,0
e2-nio-100,binary,100,bot_167,3675,w,39,42.71,25,93.86,105,11.14,0
e2-nio-100,binary,100,bot_167,3675,w,41,48.4,25,86.03,76,-10.03,0
e2-nio-100,binary,100,bot_167,3675,w,43,32.62,25,85.79,78,-7.79,0
e2-nio-100,binary,100,bot_167,3675,w,45,24.22,25,81.89,60,-21.89,0
e2-nio-100,binary,100,bot_167,3675,w,47,18.38,25,94.26,56,-38.26,0
e2-nio-100,binary,100,bot_167,3675,w,49,8.37,25,62.68,34,-28.68,0
e2-nio-100,binary,100,bot_167,3675,w,51,7.63,25,84.02,46,-38.02,0
e2-nio-100,binary,100,bot_167,3675,w,53,40.36,25,56.6,44,-12.6,0
e2-nio-100,binary,100,bot_167,3675,w,55,7.32,25,58.74,35,-23.74,0
e2-nio-100,binary,100,bot_167,3675,w,57,20.16,25,75.83,55,-20.83,0
e2-nio-100,binary,100,bot_167,3675,w,59,6.03,25,65.28,29,-36.28,0
e2-nio-100,binary,100,bot_168,3675,b,2,97.45,25,77.02,144,66.98,0
e2-nio-100,binary,100,bot_168,3675,b,4,114.99,25,106.34,178,71.66,0
e2-nio-100,binary,100,bot_168,3675,b,6,96.79,25,110.34,176,65.66,0
e2-nio-100,binary,100,bot_168,3675,b,8,75.99,25,89.57,139,49.43,0
e2-nio-100,binary,100,bot_168,3675,b,10,68.72,25,123.59,146,22.41,0
e2-nio-100,binary,100,bot_168,3675,b,12,58.06,25,114.6,141,26.4,0
e2-nio-100,binary,100,bot_168,3675,b,14,23.35,25,96.86,113,16.14,0
e2-nio-100,binary,100,bot_168,3675,b,16,24.41,25,148.63,134,-14.63,0
e2-nio-100,binary,100,bot_168,3675,b,18,21.17,25,152.01,127,-25.01,0
e2-nio-100,binary,100,bot_168,3675,b,20,99.83,25,155.02,129,-26.02,0
e2-nio-100,binary,100,bot_168,3675,b,22,75.93,25,113.49,161,47.51,0
e2-nio-100,binary,100,bot_168,3675,b,24,57.6,25,75.56,108,32.44,0
e2-nio-100,binary,100,bot_168,3675,b,26,50.61,25,98.81,136,37.19,0
e2-nio-100,binary,100,bot_168,3675,b,28,61.64,25,118.32,149,30.68,0
e2-nio-100,binary,100,bot_168,3675,b,30,52.4,25,92.47,120,27.53,0
e2-nio-100,binary,100,bot_168,3675,b,32,20.41,25,69.85,95,25.15,0
e2-nio-100,binary,100,bot_168,3675,b,34,23.12,25,85.6,87,1.4,0
e2-nio-100,binary,100,bot_168,3675,b,36,54.19,25,74.21,120,45.79,0
e2-nio-100,binary,100,bot_168,3675,b,38,57.11,25,75.9,85,9.1,0
e2-nio-100,binary,100,bot_168,3675,b,40,36.34,25,62.18,68,5.82,0
e2-nio-100,binary,100,bot_168,3675,b,42,39.97,25,89.23,101,11.77,0
e2-nio-100,binary,100,bot_168,3675,b,44,25.56,25,74.84,71,-3.84,0
e2-nio-100,binary,100,bot_168,3675,b,46,8.14,25,69.54,56,-13.54,0
e2-nio-100,binary,100,bot_168,3675,b,48,19.02,25,81,63,-18,0
e2-nio-100,binary,100,bot_168,3675,b,50,8.56,25,81.31,53,-28.31,0
e2-nio-100,binary,100,bot_168,3675,b,52,33.9,25,98.34,69,-29.34,0
e2-nio-100,binary,100,bot_168,3675,b,54,21.91,25,59.81,62,2.19,0
e2-nio-100,binary,100,bot_168,3675,b,56,26.52,25,100.87,71,-29.87,0
e2-nio-100,binary,100,bot_168,3675,b,58,9.92,25,75.07,58,-17.07,0
e2-nio-100,binary,100,bot_168,3675,b,60,9.22,25,60.64,29,-31.64,0
e2-nio-100,binary,100,bot_169,3676,w,1,97.46,25,76.77,133,56.23,0
e2-nio-100,binary,100,bot_169,3676,w,3,119.86,25,101.83,164,62.17,0
e2-nio-100,binary,100,bot_169,3676,w,5,99.84,25,107.49,158,50.51,0
e2-nio-100,binary,100,bot_169,3676,w,7,77.9,25,87.68,129,41.32,0
e2-nio-100,binary,100,bot_169,3676,w,9,73.59,25,119.19,128,8.81,0
e2-nio-100,binary,100,bot_169,3676,w,11,61.34,25,111.49,128,16.51,0
e2-nio-100,binary,100,bot_169,3676,w,13,25.65,25,94.66,101,6.34,0
e2-nio-100,binary,100,bot_169,3676,w,15,26.33,25,147.14,123,-24.14,0
e2-nio-100,binary,100,bot_169,3676,w,17,23.95,25,149.08,113,-36.08,0
e2-nio-100,binary,100,bot_169,3676,w,19,14.78,25,152.25,112,-40.25,0
e2-nio-100,binary,100,bot_169,3676,w,21,89.12,25,190.96,152,-38.96,0
e2-nio-100,binary,100,bot_169,3676,w,23,58.49,25,75.12,91,15.88,0
e2-nio-100,binary,100,bot_169,3676,w,25,52.15,25,97.36,119,21.64,0
e2-nio-100,binary,100,bot_169,3676,w,27,62.45,25,117.71,135,17.29,0
e2-nio-100,binary,100,bot_169,3676,w,29,53.53,25,91.61,110,18.39,0
e2-nio-100,binary,100,bot_169,3676,w,31,21.36,25,68.97,86,17.03,0
e2-nio-100,binary,100,bot_169,3676,w,33,24.21,25,84.07,79,-5.07,0
e2-nio-100,binary,100,bot_169,3676,w,35,62.26,25,143.39,105,-38.39,0
e2-nio-100,binary,100,bot_169,3676,w,37,58.99,25,73.96,74,0.04,0
e2-nio-100,binary,100,bot_169,3676,w,39,37.79,25,60.82,59,-1.82,0
e2-nio-100,binary,100,bot_169,3676,w,41,43.13,25,86.13,89,2.88,0
e2-nio-100,binary,100,bot_169,3676,w,43,28.7,25,71.68,59,-12.68,0
e2-nio-100,binary,100,bot_169,3676,w,45,9.72,25,67.76,44,-23.76,0
e2-nio-100,binary,100,bot_169,3676,w,47,25.69,25,90.33,47,-43.33,0
e2-nio-100,binary,100,bot_169,3676,w,49,10.91,25,79.15,41,-38.15,0
e2-nio-100,binary,100,bot_169,3676,w,51,5.19,25,96.7,57,-39.7,0
e2-nio-100,binary,100,bot_169,3676,w,53,23.6,25,96.68,53,-43.68,0
e2-nio-100,binary,100,bot_169,3676,w,55,29.23,25,98.16,60,-38.16,0
e2-nio-100,binary,100,bot_169,3676,w,57,7.07,25,71.86,45,-26.86,0
e2-nio-100,binary,100,bot_169,3676,w,59,3.5,25,59.14,22,-37.14,0
e2-nio-100,binary,100,bot_170,3676,b,2,121.02,25,117.8,173,55.2,0
e2-nio-100,binary,100,bot_170,3676,b,4,110.49,25,102.77,178,75.23,0
e2-nio-100,binary,100,bot_170,3676,b,6,100,25,99.7,155,55.3,0
e2-nio-100,binary,100,bot_170,3676,b,8,67.54,25,117.47,151,33.53,0
e2-nio-100,binary,100,bot_170,3676,b,10,75.86,25,130.07,158,27.93,0
e2-nio-100,binary,100,bot_170,3676,b,12,65.64,25,147.31,165,17.69,0
e2-nio-100,binary,100,bot_170,3676,b,14,34.71,25,156.78,137,-19.78,0
e2-nio-100,binary,100,bot_170,3676,b,16,23.16,25,140.47,122,-18.47,0
e2-nio-100,binary,100,bot_170,3676,b,18,19.36,25,154.53,134,-20.53,0
e2-nio-100,binary,100,bot_170,3676,b,20,18.94,25,171.55,141,-30.55,0
e2-nio-100,binary,100,bot_170,3676,b,22,76.51,25,113.63,158,44.37,0
e2-nio-100,binary,100,bot_170,3676,b,24,80.16,25,88.59,103,14.41,0
e2-nio-100,binary,100,bot_170,3676,b,26,75.17,25,110.61,117,6.39,0
e2-nio-100,binary,100,bot_170,3676,b,28,67.51,25,123.43,141,17.57,0
e2-nio-100,binary,100,bot_170,3676,b,30,64.84,25,112.16,127,14.84,0
e2-nio-100,binary,100,bot_170,3676,b,32,43.7,25,107.35,90,-17.35,0
e2-nio-100,binary,100,bot_170,3676,b,34,9.65,25,88.94,76,-12.94,0
e2-nio-100,binary,100,bot_170,3676,b,36,49.8,25,56.08,81,24.92,0
e2-nio-100,binary,100,bot_170,3676,b,38,46.76,25,89.84,111,21.16,0
e2-nio-100,binary,100,bot_170,3676,b,40,52.62,25,81.77,83,1.23,0
e2-nio-100,binary,100,bot_170,3676,b,42,36.87,25,81.45,87,5.55,0
e2-nio-100,binary,100,bot_170,3676,b,44,26.67,25,79.58,71,-8.58,0
e2-nio-100,binary,100,bot_170,3676,b,46,4.75,25,92.04,64,-28.04,0
e2-nio-100,binary,100,bot_170,3676,b,48,10.71,25,60.28,49,-11.28,0
e2-nio-100,binary,100,bot_170,3676,b,50,9.5,25,82.15,55,-27.15,0
e2-nio-100,binary,100,bot_170,3676,b,52,5.29,25,83.46,51,-32.46,0
e2-nio-100,binary,100,bot_170,3676,b,54,10.87,25,55.15,41,-14.15,0
e2-nio-100,binary,100,bot_170,3676,b,56,23.61,25,72.36,64,-8.36,0
e2-nio-100,binary,100,bot_170,3676,b,58,12.36,25,64.94,35,-29.94,0
e2-nio-100,binary,100,bot_170,3676,b,60,11.35,25,66.12,32,-34.12,0
e2-nio-100,binary,100,bot_171,3677,w,1,121.91,25,117.22,170,52.78,0
e2-nio-100,binary,100,bot_171,3677,w,3,111.68,25,101.66,166,64.34,0
e2-nio-100,binary,100,bot_171,3677,w,5,101.12,25,98.62,144,45.38,0
e2-nio-100,binary,100,bot_171,3677,w,7,68.58,25,116.55,139,22.45,0
e2-nio-100,binary,100,bot_171,3677,w,9,76.68,25,129.06,146,16.94,0
e2-nio-100,binary,100,bot_171,3677,w,11,69.11,25,143.99,148,4.01,0
e2-nio-100,binary,100,bot_171,3677,w,13,38.32,25,152.77,123,-29.77,0
e2-nio-100,binary,100,bot_171,3677,w,15,25.54,25,138.24,108,-30.24,0
e2-nio-100,binary,100,bot_171,3677,w,17,21.63,25,152.16,122,-30.16,0
e2-nio-100,binary,100,bot_171,3677,w,19,21.59,25,168.91,130,-38.91,0
e2-nio-100,binary,100,bot_171,3677,w,21,92.43,25,173.64,133,-40.64,0
e2-nio-100,binary,100,bot_171,3677,w,23,82.47,25,86.26,89,2.74,0
e2-nio-100,binary,100,bot_171,3677,w,25,78.05,25,108.05,106,-2.05,0
e2-nio-100,binary,100,bot_171,3677,w,27,70.6,25,120.38,127,6.62,0
e2-nio-100,binary,100,bot_171,3677,w,29,67.09,25,109.96,118,8.04,0
e2-nio-100,binary,100,bot_171,3677,w,31,46.72,25,104.31,79,-25.31,0
e2-nio-100,binary,100,bot_171,3677,w,33,11.6,25,87.2,67,-20.2,0
e2-nio-100,binary,100,bot_171,3677,w,35,56.54,25,105.24,66,-39.24,0
e2-nio-100,binary,100,bot_171,3677,w,37,50.64,25,86.78,100,13.22,0
e2-nio-100,binary,100,bot_171,3677,w,39,56.97,25,77.07,70,-7.07,0
e2-nio-100,binary,100,bot_171,3677,w,41,40.94,25,77.19,75,-2.19,0
e2-nio-100,binary,100,bot_171,3677,w,43,29.54,25,76.82,59,-17.82,0
e2-nio-100,binary,100,bot_171,3677,w,45,9.65,25,87.28,50,-37.28,0
e2-nio-100,binary,100,bot_171,3677,w,47,15.25,25,77.2,37,-40.2,0
e2-nio-100,binary,100,bot_171,3677,w,49,11.15,25,80.51,46,-34.51,0
e2-nio-100,binary,100,bot_171,3677,w,51,11.3,25,76.49,36,-40.49,0
e2-nio-100,binary,100,bot_171,3677,w,53,12.71,25,53.2,32,-21.2,0
e2-nio-100,binary,100,bot_171,3677,w,55,26.68,25,69.26,55,-14.26,0
e2-nio-100,binary,100,bot_171,3677,w,57,4.89,25,62.77,25,-37.77,0
e2-nio-100,binary,100,bot_171,3677,w,59,5.17,25,63.47,22,-41.47,0
e2-nio-100,binary,100,bot_172,3677,b,2,121.77,25,99.9,185,85.1,0
e2-nio-100,binary,100,bot_172,3677,b,4,103.32,25,103.96,177,73.04,0
e2-nio-100,binary,100,bot_172,3677,b,6,79.74,25,85.79,149,63.21,0
e2-nio-100,binary,100,bot_172,3677,b,8,75.36,25,117.46,148,30.54,0
e2-nio-100,binary,100,bot_172,3677,b,10,62.74,25,110.09,149,38.91,0
e2-nio-100,binary,100,bot_172,3677,b,12,28.56,25,91.76,123,31.24,0
e2-nio-100,binary,100,bot_172,3677,b,14,28.63,25,144.88,146,1.12,0
e2-nio-100,binary,100,bot_172,3677,b,16,27.66,25,145.29,133,-12.29,0
e2-nio-100,binary,100,bot_172,3677,b,18,19.91,25,147.14,131,-16.14,0
e2-nio-100,binary,100,bot_172,3677,b,20,17.18,25,186.25,170,-16.25,0
e2-nio-100,binary,100,bot_172,3677,b,22,61.82,25,71.95,127,55.05,0
e2-nio-100,binary,100,bot_172,3677,b,24,55.86,25,93.07,137,43.93,0
e2-nio-100,binary,100,bot_172,3677,b,26,64.67,25,115.51,156,40.49,0
e2-nio-100,binary,100,bot_172,3677,b,28,55.55,25,89.66,128,38.34,0
e2-nio-100,binary,100,bot_172,3677,b,30,23.47,25,66.86,101,34.14,0
e2-nio-100,binary,100,bot_172,3677,b,32,27.45,25,80.78,95,14.22,0
e2-nio-100,binary,100,bot_172,3677,b,34,9.24,25,140.49,119,-21.49,0
e2-nio-100,binary,100,bot_172,3677,b,36,60.98,25,71.23,95,23.77,0
e2-nio-100,binary,100,bot_172,3677,b,38,39.38,25,59.26,78,18.74,0
e2-nio-100,binary,100,bot_172,3677,b,40,45.55,25,83.91,108,24.09,0
e2-nio-100,binary,100,bot_172,3677,b,42,30.1,25,70.31,78,7.69,0
e2-nio-100,binary,100,bot_172,3677,b,44,10.1,25,67.38,63,-4.38,0
e2-nio-100,binary,100,bot_172,3677,b,46,7.16,25,87.44,66,-21.44,0
e2-nio-100,binary,100,bot_172,3677,b,48,13.32,25,76.76,60,-16.76,0
e2-nio-100,binary,100,bot_172,3677,b,50,7.1,25,94.8,72,-22.8,0
e2-nio-100,binary,100,bot_172,3677,b,52,25.46,25,95.51,74,-21.51,0
e2-nio-100,binary,100,bot_172,3677,b,54,33.39,25,94.01,74,-20.01,0
e2-nio-100,binary,100,bot_172,3677,b,56,10.05,25,68.85,62,-6.85,0
e2-nio-100,binary,100,bot_172,3677,b,58,6.08,25,66.37,38,-28.37,0
e2-nio-100,binary,100,bot_172,3677,b,60,12.76,25,74.71,48,-26.71,0
e2-nio-100,binary,100,bot_173,3678,w,1,124.19,25,97.97,221,123.03,0
e2-nio-100,binary,100,bot_173,3678,w,3,107.91,25,99.26,210,110.74,0
e2-nio-100,binary,100,bot_173,3678,w,5,81.68,25,83.93,186,102.07,0
e2-nio-100,binary,100,bot_173,3678,w,7,79.52,25,113.9,185,71.1,0
e2-nio-100,binary,100,bot_173,3678,w,9,64.9,25,108.05,188,79.95,0
e2-nio-100,binary,100,bot_173,3678,w,11,32.14,25,88.27,160,71.73,0
e2-nio-100,binary,100,bot_173,3678,w,13,31.65,25,142.02,184,41.98,0
e2-nio-100,binary,100,bot_173,3678,w,15,31.84,25,140.69,167,26.31,0
e2-nio-100,binary,100,bot_173,3678,w,17,23.95,25,143.28,165,21.72,0
e2-nio-100,binary,100,bot_173,3678,w,19,21.39,25,182.11,204,21.89,0
e2-nio-100,binary,100,bot_173,3678,w,21,8.62,25,143.66,160,16.34,0
e2-nio-100,binary,100,bot_173,3678,w,23,57.36,25,92.13,182,89.87,0
e2-nio-100,binary,100,bot_173,3678,w,25,66.34,25,114.45,194,79.55,0
e2-nio-100,binary,100,bot_173,3678,w,27,58.4,25,87.25,155,67.75,0
e2-nio-100,binary,100,bot_173,3678,w,29,27.18,25,63.23,131,67.77,0
e2-nio-100,binary,100,bot_173,3678,w,31,32.08,25,76.19,123,46.81,0
e2-nio-100,binary,100,bot_173,3678,w,33,10.98,25,139.01,148,8.99,0
e2-nio-100,binary,100,bot_173,3678,w,35,71.94,25,111.83,112,0.17,0
e2-nio-100,binary,100,bot_173,3678,w,37,40.71,25,58.34,104,45.66,0
e2-nio-100,binary,100,bot_173,3678,w,39,47.35,25,82.3,135,52.7,0
e2-nio-100,binary,100,bot_173,3678,w,41,31.56,25,68.82,106,37.18,0
e2-nio-100,binary,100,bot_173,3678,w,43,11.68,25,65.59,90,24.41,0
e2-nio-100,binary,100,bot_173,3678,w,45,9.38,25,85.05,91,5.95,0
e2-nio-100,binary,100,bot_173,3678,w,47,14.64,25,88.03,87,-1.03,0
e2-nio-100,binary,100,bot_173,3678,w,49,8.38,25,93.51,100,6.49,0
e2-nio-100,binary,100,bot_173,3678,w,51,31.66,25,96.11,97,0.89,0
e2-nio-100,binary,100,bot_173,3678,w,53,35.62,25,91.75,99,7.25,0
e2-nio-100,binary,100,bot_173,3678,w,55,9.75,25,69.02,91,21.98,0
e2-nio-100,binary,100,bot_173,3678,w,57,11.37,25,61.32,62,0.68,0
e2-nio-100,binary,100,bot_173,3678,w,59,7.2,25,71.28,72,0.72,0
e2-nio-100,binary,100,bot_174,3678,b,2,113.51,25,100.01,169,68.99,0
e2-nio-100,binary,100,bot_174,3678,b,4,104.87,25,94.95,149,54.05,0
e2-nio-100,binary,100,bot_174,3678,b,6,73.03,25,112.02,139,26.98,0
e2-nio-100,binary,100,bot_174,3678,b,8,82.7,25,122.75,148,25.25,0
e2-nio-100,binary,100,bot_174,3678,b,10,74.94,25,138.35,149,10.65,0
e2-nio-100,binary,100,bot_174,3678,b,12,44.74,25,146.04,124,-22.04,0
e2-nio-100,binary,100,bot_174,3678,b,14,29.21,25,134.75,111,-23.75,0
e2-nio-100,binary,100,bot_174,3678,b,16,24.79,25,148.99,128,-20.99,0
e2-nio-100,binary,100,bot_174,3678,b,18,25.69,25,164.81,134,-30.81,0
e2-nio-100,binary,100,bot_174,3678,b,20,18.98,25,167.69,134,-33.69,0
e2-nio-100,binary,100,bot_174,3678,b,22,91.77,25,138.19,93,-45.19,0
e2-nio-100,binary,100,bot_174,3678,b,24,83.11,25,102.47,104,1.53,0
e2-nio-100,binary,100,bot_174,3678,b,26,75.25,25,115.68,128,12.32,0
e2-nio-100,binary,100,bot_174,3678,b,28,74.09,25,103,115,12,0
e2-nio-100,binary,100,bot_174,3678,b,30,53.31,25,97.68,79,-18.68,0
e2-nio-100,binary,100,bot_174,3678,b,32,15.47,25,83.08,69,-14.08,0
e2-nio-100,binary,100,bot_174,3678,b,34,6.59,25,103.43,69,-34.43,0
e2-nio-100,binary,100,bot_174,3678,b,36,52.58,25,84.51,111,26.49,0
e2-nio-100,binary,100,bot_174,3678,b,38,59.62,25,74.37,70,-4.37,0
e2-nio-100,binary,100,bot_174,3678,b,40,44.47,25,73.6,75,1.4,0
e2-nio-100,binary,100,bot_174,3678,b,42,32.51,25,73.92,60,-13.92,0
e2-nio-100,binary,100,bot_174,3678,b,44,12.77,25,84.23,51,-33.23,0
e2-nio-100,binary,100,bot_174,3678,b,46,4.76,25,75.21,39,-36.21,0
e2-nio-100,binary,100,bot_174,3678,b,48,13.02,25,78.63,47,-31.63,0
e2-nio-100,binary,100,bot_174,3678,b,50,7.42,25,73.53,36,-37.53,0
e2-nio-100,binary,100,bot_174,3678,b,52,14.09,25,51.82,38,-13.82,0
e2-nio-100,binary,100,bot_174,3678,b,54,28.74,25,67.15,58,-9.15,0
e2-nio-100,binary,100,bot_174,3678,b,56,6.81,25,60.74,26,-34.74,0
e2-nio-100,binary,100,bot_174,3678,b,58,8.24,25,60.19,27,-33.19,0
e2-nio-100,binary,100,bot_174,3678,b,60,4.8,25,78.98,40,-38.98,0
e2-nio-100,binary,100,bot_175,3679,w,1,114.57,25,99.21,166,66.79,0
e2-nio-100,binary,100,bot_175,3679,w,3,106.22,25,93.52,140,46.48,0
e2-nio-100,binary,100,bot_175,3679,w,5,74.59,25,110.14,129,18.86,0
e2-nio-100,binary,100,bot_175,3679,w,7,84.41,25,120.77,138,17.23,0
e2-nio-100,binary,100,bot_175,3679,w,9,77.25,25,136.25,139,2.75,0
e2-nio-100,binary,100,bot_175,3679,w,11,46.77,25,143.73,115,-28.73,0
e2-nio-100,binary,100,bot_175,3679,w,13,30.7,25,133.4,103,-30.4,0
e2-nio-100,binary,100,bot_175,3679,w,15,26.71,25,146.94,117,-29.94,0
e2-nio-100,binary,100,bot_175,3679,w,17,28.65,25,161.84,123,-38.84,0
e2-nio-100,binary,100,bot_175,3679,w,19,23.12,25,163.44,123,-40.44,0
e2-nio-100,binary,100,bot_175,3679,w,21,10.83,25,134.8,80,-54.8,0
e2-nio-100,binary,100,bot_175,3679,w,23,85.01,25,98.71,99,0.29,0
e2-nio-100,binary,100,bot_175,3679,w,25,78.54,25,111.75,116,4.25,0
e2-nio-100,binary,100,bot_175,3679,w,27,77.98,25,99.08,106,6.92,0
e2-nio-100,binary,100,bot_175,3679,w,29,55.25,25,95.7,70,-25.7,0
e2-nio-100,binary,100,bot_175,3679,w,31,16.56,25,81.97,63,-18.97,0
e2-nio-100,binary,100,bot_175,3679,w,33,7.35,25,103.24,64,-39.24,0
e2-nio-100,binary,100,bot_175,3679,w,35,63.21,25,137.18,97,-40.18,0
e2-nio-100,binary,100,bot_175,3679,w,37,62.02,25,71.76,61,-10.76,0
e2-nio-100,binary,100,bot_175,3679,w,39,45.37,25,72.57,70,-2.57,0
e2-nio-100,binary,100,bot_175,3679,w,41,32.9,25,73.8,55,-18.8,0
e2-nio-100,binary,100,bot_175,3679,w,43,13.88,25,83.38,44,-39.38,0
e2-nio-100,binary,100,bot_175,3679,w,45,5.92,25,74.23,32,-42.23,0
e2-nio-100,binary,100,bot_175,3679,w,47,13.56,25,78.16,43,-35.16,0
e2-nio-100,binary,100,bot_175,3679,w,49,7.93,25,72.9,32,-40.9,0
e2-nio-100,binary,100,bot_175,3679,w,51,16.73,25,75.49,32,-43.49,0
e2-nio-100,binary,100,bot_175,3679,w,53,29.85,25,65.57,52,-13.57,0
e2-nio-100,binary,100,bot_175,3679,w,55,7.17,25,61.06,22,-39.06,0
e2-nio-100,binary,100,bot_175,3679,w,57,7.84,25,60.61,17,-43.61,0
e2-nio-100,binary,100,bot_175,3679,w,59,10.93,25,71.23,31,-40.23,0
e2-nio-100,binary,100,bot_176,3679,b,2,109.27,25,97.9,167,69.1,0
e2-nio-100,binary,100,bot_176,3679,b,4,82.74,25,82.93,142,59.07,0
e2-nio-100,binary,100,bot_176,3679,b,6,81.96,25,111.64,140,28.36,0
e2-nio-100,binary,100,bot_176,3679,b,8,66.24,25,106.73,143,36.27,0
e2-nio-100,binary,100,bot_176,3679,b,10,33.94,25,86.48,116,29.52,0
e2-nio-100,binary,100,bot_176,3679,b,12,33.88,25,139.81,140,0.19,0
e2-nio-100,binary,100,bot_176,3679,b,14,33.6,25,138.86,123,-15.86,0
e2-nio-100,binary,100,bot_176,3679,b,16,25.79,25,141.49,121,-20.49,0
e2-nio-100,binary,100,bot_176,3679,b,18,23.23,25,180.32,164,-16.32,0
e2-nio-100,binary,100,bot_176,3679,b,20,9.32,25,143.11,120,-23.11,0
e2-nio-100,binary,100,bot_176,3679,b,22,64.5,25,169.14,133,-36.14,0
e2-nio-100,binary,100,bot_176,3679,b,24,66.85,25,115.52,153,37.48,0
e2-nio-100,binary,100,bot_176,3679,b,26,58.73,25,87.11,126,38.89,0
e2-nio-100,binary,100,bot_176,3679,b,28,27.34,25,63.16,102,38.84,0
e2-nio-100,binary,100,bot_176,3679,b,30,32.7,25,75.59,91,15.41,0
e2-nio-100,binary,100,bot_176,3679,b,32,12.14,25,137.4,114,-23.4,0
e2-nio-100,binary,100,bot_176,3679,b,34,10.89,25,109.74,78,-31.74,0
e2-nio-100,binary,100,bot_176,3679,b,36,41.8,25,57.26,80,22.74,0
e2-nio-100,binary,100,bot_176,3679,b,38,49.51,25,80.21,103,22.79,0
e2-nio-100,binary,100,bot_176,3679,b,40,34.16,25,66.21,73,6.79,0
e2-nio-100,binary,100,bot_176,3679,b,42,13.16,25,64.05,56,-8.05,0
e2-nio-100,binary,100,bot_176,3679,b,44,9.94,25,84.46,58,-26.46,0
e2-nio-100,binary,100,bot_176,3679,b,46,16.42,25,86.22,53,-33.22,0
e2-nio-100,binary,100,bot_176,3679,b,48,10.73,25,91.13,65,-26.13,0
e2-nio-100,binary,100,bot_176,3679,b,50,7.94,25,93.42,61,-32.42,0
e2-nio-100,binary,100,bot_176,3679,b,52,37.73,25,89.61,67,-22.61,0
e2-nio-100,binary,100,bot_176,3679,b,54,13.17,25,65.98,57,-8.98,0
e2-nio-100,binary,100,bot_176,3679,b,56,8.02,25,64.54,32,-32.54,0
e2-nio-100,binary,100,bot_176,3679,b,58,12.87,25,74.7,43,-31.7,0
e2-nio-100,binary,100,bot_176,3679,b,60,22.87,25,70.2,42,-28.2,0
e2-nio-100,binary,100,bot_177,3680,w,1,117.2,25,90.4,152,61.6,0
e2-nio-100,binary,100,bot_177,3680,w,3,89.61,25,75.82,125,49.18,0
e2-nio-100,binary,100,bot_177,3680,w,5,92.2,25,101.07,118,16.93,0
e2-nio-100,binary,100,bot_177,3680,w,7,69.88,25,103.16,128,24.84,0
e2-nio-100,binary,100,bot_177,3680,w,9,39.93,25,80.53,105,24.47,0
e2-nio-100,binary,100,bot_177,3680,w,11,43.18,25,130.6,123,-7.6,0
e2-nio-100,binary,100,bot_177,3680,w,13,38.96,25,133.25,111,-22.25,0
e2-nio-100,binary,100,bot_177,3680,w,15,35.66,25,131.77,99,-32.77,0
e2-nio-100,binary,100,bot_177,3680,w,17,30.92,25,172.62,146,-26.62,0
e2-nio-100,binary,100,bot_177,3680,w,19,16.55,25,137.2,100,-37.2,0
e2-nio-100,binary,100,bot_177,3680,w,21,14.34,25,161.72,114,-47.72,0
e2-nio-100,binary,100,bot_177,3680,w,23,11.87,25,185.86,141,-44.86,0
e2-nio-100,binary,100,bot_177,3680,w,25,61.79,25,85.5,132,46.5,0
e2-nio-100,binary,100,bot_177,3680,w,27,32,25,58.51,95,36.49,0
e2-nio-100,binary,100,bot_177,3680,w,29,38.48,25,69.9,83,13.1,0
e2-nio-100,binary,100,bot_177,3680,w,31,17.7,25,132.03,100,-32.03,0
e2-nio-100,binary,100,bot_177,3680,w,33,13.47,25,106.96,63,-43.96,0
e2-nio-100,binary,100,bot_177,3680,w,35,48.35,25,105.22,63,-42.22,0
e2-nio-100,binary,100,bot_177,3680,w,37,52.71,25,76.95,87,10.05,0
e2-nio-100,binary,100,bot_177,3680,w,39,37.31,25,63,57,-6,0
e2-nio-100,binary,100,bot_177,3680,w,41,14.52,25,62.52,42,-20.52,0
e2-nio-100,binary,100,bot_177,3680,w,43,12.87,25,81.36,43,-38.36,0
e2-nio-100,binary,100,bot_177,3680,w,45,18.03,25,84.63,39,-45.63,0
e2-nio-100,binary,100,bot_177,3680,w,47,13.6,25,88.26,50,-38.26,0
e2-nio-100,binary,100,bot_177,3680,w,49,10.7,25,90.84,47,-43.84,0
e2-nio-100,binary,100,bot_177,3680,w,51,38.64,25,88.84,53,-35.84,0
e2-nio-100,binary,100,bot_177,3680,w,53,15.81,25,63.12,42,-21.12,0
e2-nio-100,binary,100,bot_177,3680,w,55,12.31,25,60.51,14,-46.51,0
e2-nio-100,binary,100,bot_177,3680,w,57,8.28,25,70.18,25,-45.18,0
e2-nio-100,binary,100,bot_177,3680,w,59,27.49,25,73.27,26,-47.27,0
e2-nio-100,binary,100,bot_178,3680,b,2,112.52,25,87.34,162,74.66,0
e2-nio-100,binary,100,bot_178,3680,b,4,82.55,25,102.6,150,47.4,0
e2-nio-100,binary,100,bot_178,3680,b,6,90.46,25,114.64,164,49.36,0
e2-nio-100,binary,100,bot_178,3680,b,8,89.56,25,124.39,152,27.61,0
e2-nio-100,binary,100,bot_178,3680,b,10,58.52,25,131.47,129,-2.47,0
e2-nio-100,binary,100,bot_178,3680,b,12,43.06,25,121.29,122,0.71,0
e2-nio-100,binary,100,bot_178,3680,b,14,33.42,25,140.08,137,-3.08,0
e2-nio-100,binary,100,bot_178,3680,b,16,37.48,25,153.08,146,-7.08,0
e2-nio-100,binary,100,bot_178,3680,b,18,28.38,25,157.64,146,-11.64,0
e2-nio-100,binary,100,bot_178,3680,b,20,17.54,25,127.97,102,-25.97,0
e2-nio-100,binary,100,bot_178,3680,b,22,20.61,25,133.55,105,-28.55,0
e2-nio-100,binary,100,bot_178,3680,b,24,100.5,25,160.63,130,-30.62,0
e2-nio-100,binary,100,bot_178,3680,b,26,89.69,25,87.45,113,25.55,0
e2-nio-100,binary,100,bot_178,3680,b,28,67.02,25,83.92,79,-4.92,0
e2-nio-100,binary,100,bot_178,3680,b,30,22.04,25,76.79,79,2.21,0
e2-nio-100,binary,100,bot_178,3680,b,32,9.25,25,101.54,83,-18.54,0
e2-nio-100,binary,100,bot_178,3680,b,34,11.57,25,134.49,111,-23.49,0
e2-nio-100,binary,100,bot_178,3680,b,36,63.44,25,70.26,82,11.74,0
e2-nio-100,binary,100,bot_178,3680,b,38,46.34,25,71.68,88,16.32,0
e2-nio-100,binary,100,bot_178,3680,b,40,33.76,25,73.01,74,0.99,0
e2-nio-100,binary,100,bot_178,3680,b,42,14.39,25,83.04,62,-21.04,0
e2-nio-100,binary,100,bot_178,3680,b,44,6.82,25,73.38,50,-23.38,0
e2-nio-100,binary,100,bot_178,3680,b,46,14.51,25,77.23,59,-18.23,0
e2-nio-100,binary,100,bot_178,3680,b,48,9.2,25,71.56,48,-23.56,0
e2-nio-100,binary,100,bot_178,3680,b,50,17.56,25,74.54,49,-25.54,0
e2-nio-100,binary,100,bot_178,3680,b,52,31.95,25,63.47,65,1.53,0
e2-nio-100,binary,100,bot_178,3680,b,54,7.71,25,60.47,40,-20.47,0
e2-nio-100,binary,100,bot_178,3680,b,56,9.45,25,58.82,35,-23.82,0
e2-nio-100,binary,100,bot_178,3680,b,58,5.43,25,78.32,50,-28.32,0
e2-nio-100,binary,100,bot_178,3680,b,60,15.03,25,67.61,58,-9.61,0
e2-nio-100,binary,100,bot_179,3681,w,1,115.05,25,85.16,152,66.84,0
e2-nio-100,binary,100,bot_179,3681,w,3,85.22,25,100.2,130,29.8,0
e2-nio-100,binary,100,bot_179,3681,w,5,93,25,112.33,149,36.67,0
e2-nio-100,binary,100,bot_179,3681,w,7,92.55,25,121.84,131,9.16,0
e2-nio-100,binary,100,bot_179,3681,w,9,60.58,25,129.19,108,-21.19,0
e2-nio-100,binary,100,bot_179,3681,w,11,45.14,25,119.4,104,-15.4,0
e2-nio-100,binary,100,bot_179,3681,w,13,38.11,25,135.43,113,-22.43,0
e2-nio-100,binary,100,bot_179,3681,w,15,40.54,25,149.85,126,-23.85,0
e2-nio-100,binary,100,bot_179,3681,w,17,35.47,25,150.33,121,-29.33,0
e2-nio-100,binary,100,bot_179,3681,w,19,20.5,25,124.96,83,-41.96,0
e2-nio-100,binary,100,bot_179,3681,w,21,25.26,25,128.31,83,-45.31,0
e2-nio-100,binary,100,bot_179,3681,w,23,17.03,25,154.71,108,-46.71,0
e2-nio-100,binary,100,bot_179,3681,w,25,105.81,25,134.48,89,-45.48,0
e2-nio-100,binary,100,bot_179,3681,w,27,73.13,25,76.71,57,-19.71,0
e2-nio-100,binary,100,bot_179,3681,w,29,24.6,25,73.64,61,-12.64,0
e2-nio-100,binary,100,bot_179,3681,w,31,12.3,25,98.11,64,-34.11,0
e2-nio-100,binary,100,bot_179,3681,w,33,16.55,25,129.39,90,-39.39,0
e2-nio-100,binary,100,bot_179,3681,w,35,68.25,25,108.27,61,-47.27,0
e2-nio-100,binary,100,bot_179,3681,w,37,49.28,25,68.85,71,2.15,0
e2-nio-100,binary,100,bot_179,3681,w,39,37.99,25,104.76,55,-49.76,0
e2-nio-100,binary,100,bot_179,3681,w,41,19.11,25,78.59,40,-38.59,0
e2-nio-100,binary,100,bot_179,3681,w,43,10.02,25,70.4,32,-38.4,0
e2-nio-100,binary,100,bot_179,3681,w,45,17.88,25,73.84,39,-34.84,0
e2-nio-100,binary,100,bot_179,3681,w,47,12.09,25,68.43,31,-37.43,0
e2-nio-100,binary,100,bot_179,3681,w,49,6.68,25,71.7,33,-38.7,0
e2-nio-100,binary,100,bot_179,3681,w,51,35.7,25,59.83,51,-8.83,0
e2-nio-100,binary,100,bot_179,3681,w,53,10.89,25,57.41,22,-35.41,0
e2-nio-100,binary,100,bot_179,3681,w,55,12.1,25,65.82,19,-46.82,0
e2-nio-100,binary,100,bot_179,3681,w,57,8.07,25,75.57,33,-42.57,0
e2-nio-100,binary,100,bot_179,3681,w,59,1.07,25,67.12,18,-49.12,0
e2-nio-100,binary,100,bot_180,3681,b,2,93.33,25,72.01,150,77.99,0
e2-nio-100,binary,100,bot_180,3681,b,4,99.1,25,93.85,140,46.15,0
e2-nio-100,binary,100,bot_180,3681,b,6,74.29,25,98.6,155,56.4,0
e2-nio-100,binary,100,bot_180,3681,b,8,43.01,25,77.32,131,53.68,0
e2-nio-100,binary,100,bot_180,3681,b,10,47.75,25,125.86,148,22.14,0
e2-nio-100,binary,100,bot_180,3681,b,12,41.53,25,130.45,138,7.55,0
e2-nio-100,binary,100,bot_180,3681,b,14,40.57,25,126.89,128,1.11,0
e2-nio-100,binary,100,bot_180,3681,b,16,35.08,25,168.52,173,4.48,0
e2-nio-100,binary,100,bot_180,3681,b,18,21.91,25,132.05,129,-3.05,0
e2-nio-100,binary,100,bot_180,3681,b,20,18.66,25,157.46,140,-17.46,0
e2-nio-100,binary,100,bot_180,3681,b,22,16.73,25,181.13,169,-12.13,0
e2-nio-100,binary,100,bot_180,3681,b,24,8.25,25,165.1,149,-16.1,0
e2-nio-100,binary,100,bot_180,3681,b,26,35.03,25,55.48,127,71.52,0
e2-nio-100,binary,100,bot_180,3681,b,28,40.58,25,68.79,108,39.21,0
e2-nio-100,binary,100,bot_180,3681,b,30,20.1,25,129.98,120,-9.98,0
e2-nio-100,binary,100,bot_180,3681,b,32,14.95,25,105.79,85,-20.79,0
e2-nio-100,binary,100,bot_180,3681,b,34,6.68,25,103.72,86,-17.72,0
e2-nio-100,binary,100,bot_180,3681,b,36,56.98,25,72.69,108,35.31,0
e2-nio-100,binary,100,bot_180,3681,b,38,4.07,25,60.36,76,15.64,0
e2-nio-100,binary,100,bot_180,3681,b,40,16,25,61.11,64,2.89,0
e2-nio-100,binary,100,bot_180,3681,b,42,16,25,78.2,63,-15.2,0
e2-nio-100,binary,100,bot_180,3681,b,44,19.73,25,82.96,60,-22.96,0
e2-nio-100,binary,100,bot_180,3681,b,46,16.61,25,85.29,69,-16.29,0
e2-nio-100,binary,100,bot_180,3681,b,48,15.82,25,85.74,64,-21.74,0
e2-nio-100,binary,100,bot_180,3681,b,50,46.71,25,94.47,67,-27.47,0
e2-nio-100,binary,100,bot_180,3681,b,52,19.69,25,59.23,62,2.77,0
e2-nio-100,binary,100,bot_180,3681,b,54,7.2,25,55.89,34,-21.89,0
e2-nio-100,binary,100,bot_180,3681,b,56,11.8,25,66.68,44,-22.68,0
e2-nio-100,binary,100,bot_180,3681,b,58,5.61,25,70.4,45,-25.4,0
e2-nio-100,binary,100,bot_180,3681,b,60,1.35,25,70.49,39,-31.49,0
e2-nio-100,binary,100,bot_181,3682,w,1,94.8,25,70.5,133,62.5,0
e2-nio-100,binary,100,bot_181,3682,w,3,102.23,25,91.16,116,24.84,0
e2-nio-100,binary,100,bot_181,3682,w,5,76,25,96.91,130,33.09,0
e2-nio-100,binary,100,bot_181,3682,w,7,45.21,25,75.13,107,31.87,0
e2-nio-100,binary,100,bot_181,3682,w,9,51.58,25,121.87,121,-0.87,0
e2-nio-100,binary,100,bot_181,3682,w,11,43.39,25,128.36,115,-13.36,0
e2-nio-100,binary,100,bot_181,3682,w,13,44.99,25,122.8,103,-19.8,0
e2-nio-100,binary,100,bot_181,3682,w,15,39.66,25,164.56,143,-21.56,0
e2-nio-100,binary,100,bot_181,3682,w,17,25.64,25,128.83,106,-22.83,0
e2-nio-100,binary,100,bot_181,3682,w,19,23,25,153.23,114,-39.23,0
e2-nio-100,binary,100,bot_181,3682,w,21,21.43,25,176.51,140,-36.51,0
e2-nio-100,binary,100,bot_181,3682,w,23,13.02,25,161.16,128,-33.16,0
e2-nio-100,binary,100,bot_181,3682,w,25,8.7,25,142.96,104,-38.96,0
e2-nio-100,binary,100,bot_181,3682,w,27,40.65,25,69.58,97,27.42,0
e2-nio-100,binary,100,bot_181,3682,w,29,22.09,25,128.14,101,-27.14,0
e2-nio-100,binary,100,bot_181,3682,w,31,16.46,25,103.92,65,-38.92,0
e2-nio-100,binary,100,bot_181,3682,w,33,7.83,25,102.94,65,-37.94,0
e2-nio-100,binary,100,bot_181,3682,w,35,67.57,25,127.98,79,-48.98,0
e2-nio-100,binary,100,bot_181,3682,w,37,9.63,25,54.68,49,-5.68,0
e2-nio-100,binary,100,bot_181,3682,w,39,19.75,25,57.01,42,-15.01,0
e2-nio-100,binary,100,bot_181,3682,w,41,22.44,25,71.41,38,-33.41,0
e2-nio-100,binary,100,bot_181,3682,w,43,23.7,25,78.95,36,-42.95,0
e2-nio-100,binary,100,bot_181,3682,w,45,21.85,25,80.02,44,-36.02,0
e2-nio-100,binary,100,bot_181,3682,w,47,22.58,25,78.86,38,-40.86,0
e2-nio-100,binary,100,bot_181,3682,w,49,10.54,25,88.02,42,-46.02,0
e2-nio-100,binary,100,bot_181,3682,w,51,4.43,25,99.32,47,-52.32,0
e2-nio-100,binary,100,bot_181,3682,w,53,14.88,25,80.4,27,-53.4,0
e2-nio-100,binary,100,bot_181,3682,w,55,17.92,25,71.52,21,-50.52,0
e2-nio-100,binary,100,bot_181,3682,w,57,9.45,25,66.4,25,-41.4,0
e2-nio-100,binary,100,bot_181,3682,w,59,6.69,25,65.15,12,-53.15,0
e2-nio-100,binary,100,bot_182,3682,b,2,89.61,25,95.78,156,60.22,0
e2-nio-100,binary,100,bot_182,3682,b,4,98.45,25,106.8,173,66.2,0
e2-nio-100,binary,100,bot_182,3682,b,6,97,25,117.58,158,40.42,0
e2-nio-100,binary,100,bot_182,3682,b,8,64.91,25,124.63,135,10.37,0
e2-nio-100,binary,100,bot_182,3682,b,10,50.79,25,113.88,129,15.12,0
e2-nio-100,binary,100,bot_182,3682,b,12,44.76,25,128.65,136,7.35,0
e2-nio-100,binary,100,bot_182,3682,b,14,43.46,25,146.59,154,7.41,0
e2-nio-100,binary,100,bot_182,3682,b,16,42.13,25,143.62,147,3.38,0
e2-nio-100,binary,100,bot_182,3682,b,18,24.47,25,120.94,111,-9.94,0
e2-nio-100,binary,100,bot_182,3682,b,20,28.83,25,124.45,111,-13.45,0
e2-nio-100,binary,100,bot_182,3682,b,22,22.94,25,148.46,135,-13.46,0
e2-nio-100,binary,100,bot_182,3682,b,24,16.22,25,127.16,107,-20.16,0
e2-nio-100,binary,100,bot_182,3682,b,26,82.59,25,102.86,78,-24.86,0
e2-nio-100,binary,100,bot_182,3682,b,28,28.13,25,70.07,78,7.93,0
e2-nio-100,binary,100,bot_182,3682,b,30,14.46,25,95.92,85,-10.92,0
e2-nio-100,binary,100,bot_182,3682,b,32,17.47,25,128.54,112,-16.54,0
e2-nio-100,binary,100,bot_182,3682,b,34,7.01,25,103.56,80,-23.56,0
e2-nio-100,binary,100,bot_182,3682,b,36,50.77,25,67.38,102,34.62,0
e2-nio-100,binary,100,bot_182,3682,b,38,40.45,25,102.46,80,-22.46,0
e2-nio-100,binary,100,bot_182,3682,b,40,22.1,25,75.77,62,-13.77,0
e2-nio-100,binary,100,bot_182,3682,b,42,11.63,25,68.94,59,-9.94,0
e2-nio-100,binary,100,bot_182,3682,b,44,19.86,25,71.89,62,-9.89,0
e2-nio-100,binary,100,bot_182,3682,b,46,13.82,25,66.65,55,-11.65,0
e2-nio-100,binary,100,bot_182,3682,b,48,8.97,25,69.56,59,-10.56,0
e2-nio-100,binary,100,bot_182,3682,b,50,3.11,25,73.17,51,-22.17,0
e2-nio-100,binary,100,bot_182,3682,b,52,2.08,25,70.64,42,-28.64,0
e2-nio-100,binary,100,bot_182,3682,b,54,5.04,25,61.77,44,-17.77,0
e2-nio-100,binary,100,bot_182,3682,b,56,12.88,25,70.76,57,-13.76,0
e2-nio-100,binary,100,bot_182,3682,b,58,2.88,25,65.46,42,-23.46,0
e2-nio-100,binary,100,bot_182,3682,b,60,2.04,25,55.24,30,-25.24,0
e2-nio-100,binary,100,bot_183,3683,w,1,93.45,25,91.53,130,38.47,0
e2-nio-100,binary,100,bot_183,3683,w,3,108.42,25,96.86,146,49.14,0
e2-nio-100,binary,100,bot_183,3683,w,5,106.95,25,107.93,125,17.07,0
e2-nio-100,binary,100,bot_183,3683,w,7,74.91,25,114.3,103,-11.3,0
e2-nio-100,binary,100,bot_183,3683,w,9,56.95,25,108.1,104,-4.1,0
e2-nio-100,binary,100,bot_183,3683,w,11,56.27,25,116.88,101,-15.87,0
e2-nio-100,binary,100,bot_183,3683,w,13,51.42,25,137.94,131,-6.94,0
e2-nio-100,binary,100,bot_183,3683,w,15,54.67,25,130.66,117,-13.66,0
e2-nio-100,binary,100,bot_183,3683,w,17,32.72,25,112.53,81,-31.53,0
e2-nio-100,binary,100,bot_183,3683,w,19,42.76,25,109.67,75,-34.67,0
e2-nio-100,binary,100,bot_183,3683,w,21,36.38,25,134.39,100,-34.39,0
e2-nio-100,binary,100,bot_183,3683,w,23,26.47,25,116.55,87,-29.55,0
e2-nio-100,binary,100,bot_183,3683,w,25,7.73,25,100.11,57,-43.11,0
e2-nio-100,binary,100,bot_183,3683,w,27,32.67,25,65.96,61,-4.96,0
e2-nio-100,binary,100,bot_183,3683,w,29,17.67,25,92.64,65,-27.64,0
e2-nio-100,binary,100,bot_183,3683,w,31,23.82,25,122.11,88,-34.11,0
e2-nio-100,binary,100,bot_183,3683,w,33,12.76,25,97.6,54,-43.6,0
e2-nio-100,binary,100,bot_183,3683,w,35,4.58,25,98.06,56,-42.06,0
e2-nio-100,binary,100,bot_183,3683,w,37,54.74,25,102.49,55,-47.49,0
e2-nio-100,binary,100,bot_183,3683,w,39,27.86,25,70.26,38,-32.26,0
e2-nio-100,binary,100,bot_183,3683,w,41,18.92,25,61.74,35,-26.74,0
e2-nio-100,binary,100,bot_183,3683,w,43,23.96,25,67.25,40,-27.25,0
e2-nio-100,binary,100,bot_183,3683,w,45,18.98,25,61.1,34,-27.1,0
e2-nio-100,binary,100,bot_183,3683,w,47,12.83,25,65.95,40,-25.95,0
e2-nio-100,binary,100,bot_183,3683,w,49,8.04,25,68.16,28,-40.16,0
e2-nio-100,binary,100,bot_183,3683,w,51,4.39,25,67.96,23,-44.96,0
e2-nio-100,binary,100,bot_183,3683,w,53,8.41,25,70.65,26,-44.65,0
e2-nio-100,binary,100,bot_183,3683,w,55,16.33,25,67.3,37,-30.3,0
e2-nio-100,binary,100,bot_183,3683,w,57,4.95,25,63.96,22,-41.96,0
e2-nio-100,binary,100,bot_183,3683,w,59,3.8,25,53.33,13,-40.33,0
e2-nio-100,binary,100,bot_184,3683,b,2,111.68,25,81.54,144,62.46,0
e2-nio-100,binary,100,bot_184,3683,b,4,82.16,25,90.73,167,76.27,0
e2-nio-100,binary,100,bot_184,3683,b,6,51.46,25,69.01,144,74.99,0
e2-nio-100,binary,100,bot_184,3683,b,8,59.72,25,113.71,157,43.29,0
e2-nio-100,binary,100,bot_184,3683,b,10,48.95,25,122.73,148,25.27,0
e2-nio-100,binary,100,bot_184,3683,b,12,56.21,25,111.8,136,24.2,0
e2-nio-100,binary,100,bot_184,3683,b,14,50.47,25,154.3,173,18.7,0
e2-nio-100,binary,100,bot_184,3683,b,16,31.78,25,123.55,146,22.45,0
e2-nio-100,binary,100,bot_184,3683,b,18,28.52,25,147.93,149,1.07,0
e2-nio-100,binary,100,bot_184,3683,b,20,29.03,25,169.16,180,10.84,0
e2-nio-100,binary,100,bot_184,3683,b,22,24.65,25,150.56,157,6.44,0
e2-nio-100,binary,100,bot_184,3683,b,24,12.04,25,140.25,137,-3.25,0
e2-nio-100,binary,100,bot_184,3683,b,26,49.04,25,138.29,117,-21.29,0
e2-nio-100,binary,100,bot_184,3683,b,28,26.26,25,123.98,126,2.02,0
e2-nio-100,binary,100,bot_184,3683,b,30,20.32,25,99.97,89,-10.97,0
e2-nio-100,binary,100,bot_184,3683,b,32,10.11,25,100.8,95,-5.8,0
e2-nio-100,binary,100,bot_184,3683,b,34,12.33,25,123.99,107,-16.99,0
e2-nio-100,binary,100,bot_184,3683,b,36,7.19,25,117.9,92,-25.9,0
e2-nio-100,binary,100,bot_184,3683,b,38,21.79,25,54.92,80,25.08,0
e2-nio-100,binary,100,bot_184,3683,b,40,27.35,25,66.45,65,-1.45,0
e2-nio-100,binary,100,bot_184,3683,b,42,27.06,25,75.62,66,-9.62,0
e2-nio-100,binary,100,bot_184,3683,b,44,26.62,25,75.75,70,-5.75,0
e2-nio-100,binary,100,bot_184,3683,b,46,27.38,25,74.11,63,-11.11,0
e2-nio-100,binary,100,bot_184,3683,b,48,14.28,25,84.21,67,-17.21,0
e2-nio-100,binary,100,bot_184,3683,b,50,8.85,25,94.89,73,-21.89,0
e2-nio-100,binary,100,bot_184,3683,b,52,7.95,25,75.55,50,-25.55,0
e2-nio-100,binary,100,bot_184,3683,b,54,24.16,25,65.15,44,-21.15,0
e2-nio-100,binary,100,bot_184,3683,b,56,12.59,25,63.07,50,-13.07,0
e2-nio-100,binary,100,bot_184,3683,b,58,13.29,25,58.52,34,-24.52,0
e2-nio-100,binary,100,bot_184,3683,b,60,2.49,25,73.68,46,-27.68,0
e2-nio-100,binary,100,bot_185,3684,w,1,112.63,25,80.73,133,52.27,0
e2-nio-100,binary,100,bot_185,3684,w,3,82.77,25,90.11,148,57.89,0
e2-nio-100,binary,100,bot_185,3684,w,5,52.8,25,67.41,126,58.59,0
e2-nio-100,binary,100,bot_185,3684,w,7,61.72,25,111.58,136,24.42,0
e2-nio-100,binary,100,bot_185,3684,w,9,50.36,25,121.11,127,5.89,0
e2-nio-100,binary,100,bot_185,3684,w,11,59.05,25,108.91,116,7.09,0
e2-nio-100,binary,100,bot_185,3684,w,13,54.08,25,150.55,153,2.45,0
e2-nio-100,binary,100,bot_185,3684,w,15,33.87,25,121.52,128,6.48,0
e2-nio-100,binary,100,bot_185,3684,w,17,30.95,25,145.52,129,-16.52,0
e2-nio-100,binary,100,bot_185,3684,w,19,32.34,25,165.83,158,-7.83,0
e2-nio-100,binary,100,bot_185,3684,w,21,27.4,25,148.02,141,-7.02,0
e2-nio-100,binary,100,bot_185,3684,w,23,14.5,25,138.06,122,-16.06,0
e2-nio-100,binary,100,bot_185,3684,w,25,8.4,25,136.85,103,-33.85,0
e2-nio-100,binary,100,bot_185,3684,w,27,26.63,25,123.78,114,-9.78,0
e2-nio-100,binary,100,bot_185,3684,w,29,20.35,25,99.73,76,-23.73,0
e2-nio-100,binary,100,bot_185,3684,w,31,13,25,98,80,-18,0
e2-nio-100,binary,100,bot_185,3684,w,33,16.15,25,119.92,91,-28.92,0
e2-nio-100,binary,100,bot_185,3684,w,35,10.18,25,114.57,76,-38.57,0
e2-nio-100,binary,100,bot_185,3684,w,37,6.47,25,86.43,52,-34.43,0
e2-nio-100,binary,100,bot_185,3684,w,39,29.71,25,63.77,57,-6.77,0
e2-nio-100,binary,100,bot_185,3684,w,41,27.17,25,75.57,53,-22.57,0
e2-nio-100,binary,100,bot_185,3684,w,43,28.42,25,73.89,57,-16.89,0
e2-nio-100,binary,100,bot_185,3684,w,45,28.98,25,72.46,50,-22.46,0
e2-nio-100,binary,100,bot_185,3684,w,47,16.04,25,82.19,53,-29.19,0
e2-nio-100,binary,100,bot_185,3684,w,49,10.97,25,92.74,60,-32.74,0
e2-nio-100,binary,100,bot_185,3684,w,51,9.43,25,73.98,37,-36.98,0
e2-nio-100,binary,100,bot_185,3684,w,53,27.82,25,68.23,27,-41.23,0
e2-nio-100,binary,100,bot_185,3684,w,55,13.9,25,61.99,36,-25.99,0
e2-nio-100,binary,100,bot_185,3684,w,57,15.01,25,56.81,19,-37.81,0
e2-nio-100,binary,100,bot_185,3684,w,59,3.59,25,72.56,33,-39.56,0
e2-nio-100,binary,100,bot_186,3684,b,2,109.83,25,95.43,168,72.57,0
e2-nio-100,binary,100,bot_186,3684,b,4,108.35,25,106.59,148,41.41,0
e2-nio-100,binary,100,bot_186,3684,b,6,76.15,25,113.13,126,12.87,0
e2-nio-100,binary,100,bot_186,3684,b,8,57.63,25,107.51,130,22.49,0
e2-nio-100,binary,100,bot_186,3684,b,10,57.85,25,115.31,126,10.69,0
e2-nio-100,binary,100,bot_186,3684,b,12,52.86,25,136.56,155,18.44,0
e2-nio-100,binary,100,bot_186,3684,b,14,57.65,25,127.72,141,13.28,0
e2-nio-100,binary,100,bot_186,3684,b,16,34.34,25,110.94,105,-5.94,0
e2-nio-100,binary,100,bot_186,3684,b,18,44.31,25,108.08,99,-9.08,0
e2-nio-100,binary,100,bot_186,3684,b,20,37.98,25,132.83,126,-6.83,0
e2-nio-100,binary,100,bot_186,3684,b,22,27.42,25,115.21,106,-9.21,0
e2-nio-100,binary,100,bot_186,3684,b,24,9.14,25,99.01,76,-23.01,0
e2-nio-100,binary,100,bot_186,3684,b,26,34.2,25,106.38,78,-28.38,0
e2-nio-100,binary,100,bot_186,3684,b,28,18.96,25,91.3,81,-10.3,0
e2-nio-100,binary,100,bot_186,3684,b,30,25.31,25,120.66,104,-16.66,0
e2-nio-100,binary,100,bot_186,3684,b,32,14.38,25,95.97,72,-23.97,0
e2-nio-100,binary,100,bot_186,3684,b,34,5.6,25,97.17,76,-21.17,0
e2-nio-100,binary,100,bot_186,3684,b,36,9.43,25,101.06,74,-27.06,0
e2-nio-100,binary,100,bot_186,3684,b,38,36.82,25,91.89,62,-29.89,0
e2-nio-100,binary,100,bot_186,3684,b,40,20.67,25,60.01,53,-7.01,0
e2-nio-100,binary,100,bot_186,3684,b,42,26.79,25,64.43,55,-9.43,0
e2-nio-100,binary,100,bot_186,3684,b,44,21.09,25,58.93,51,-7.93,0
e2-nio-100,binary,100,bot_186,3684,b,46,14.38,25,64.46,56,-8.46,0
e2-nio-100,binary,100,bot_186,3684,b,48,11.28,25,64.92,43,-21.92,0
e2-nio-100,binary,100,bot_186,3684,b,50,6.91,25,65.49,40,-25.49,0
e2-nio-100,binary,100,bot_186,3684,b,52,2.74,25,69.33,42,-27.33,0
e2-nio-100,binary,100,bot_186,3684,b,54,17.99,25,65.5,58,-7.5,0
e2-nio-100,binary,100,bot_186,3684,b,56,6.61,25,62.36,40,-22.36,0
e2-nio-100,binary,100,bot_186,3684,b,58,5.23,25,51.33,30,-21.33,0
e2-nio-100,binary,100,bot_186,3684,b,60,4.32,25,68.98,36,-32.98,0
e2-nio-100,binary,100,bot_187,3685,w,1,51.26,25,148.06,180,31.94,0
e2-nio-100,binary,100,bot_187,3685,w,3,32.25,25,151.17,167,15.83,0
e2-nio-100,binary,100,bot_187,3685,w,5,28.96,25,154.25,159,4.75,0
e2-nio-100,binary,100,bot_187,3685,w,7,29.91,25,150.42,133,-17.42,0
e2-nio-100,binary,100,bot_187,3685,w,9,15.79,25,143.81,123,-20.81,0
e2-nio-100,binary,100,bot_187,3685,w,11,20.61,25,172.79,154,-18.79,0
e2-nio-100,binary,100,bot_187,3685,w,13,15.98,25,176.28,142,-34.28,0
e2-nio-100,binary,100,bot_187,3685,w,15,72.37,25,104.48,133,28.52,0
e2-nio-100,binary,100,bot_187,3685,w,17,71.15,25,126.98,149,22.02,0
e2-nio-100,binary,100,bot_187,3685,w,19,56.17,25,121.5,145,23.5,0
e2-nio-100,binary,100,bot_187,3685,w,21,32.34,25,121.9,134,12.1,0
e2-nio-100,binary,100,bot_187,3685,w,23,25.86,25,118.76,105,-13.76,0
e2-nio-100,binary,100,bot_187,3685,w,25,67.06,25,126.13,99,-27.13,0
e2-nio-100,binary,100,bot_187,3685,w,27,45.79,25,72.4,72,-0.4,0
e2-nio-100,binary,100,bot_187,3685,w,29,27.66,25,85.32,92,6.68,0
e2-nio-100,binary,100,bot_187,3685,w,31,28.28,25,125.1,105,-20.1,0
e2-nio-100,binary,100,bot_187,3685,w,33,15.9,25,108.76,79,-29.76,0
e2-nio-100,binary,100,bot_187,3685,w,35,11.41,25,81.78,55,-26.78,0
e2-nio-100,binary,100,bot_187,3685,w,37,6.04,25,85.48,56,-29.48,0
e2-nio-100,binary,100,bot_187,3685,w,39,31.11,25,71.59,57,-14.59,0
e2-nio-100,binary,100,bot_187,3685,w,41,33.13,25,69.17,57,-12.17,0
e2-nio-100,binary,100,bot_187,3685,w,43,34.66,25,66.54,47,-19.54,0
e2-nio-100,binary,100,bot_187,3685,w,45,23.53,25,74.32,50,-24.32,0
e2-nio-100,binary,100,bot_187,3685,w,47,19.06,25,84.42,58,-26.42,0
e2-nio-100,binary,100,bot_187,3685,w,49,17.3,25,65.6,32,-33.6,0
e2-nio-100,binary,100,bot_187,3685,w,51,8.65,25,61.18,23,-38.18,0
e2-nio-100,binary,100,bot_187,3685,w,53,3.53,25,56.79,18,-38.79,0
e2-nio-100,binary,100,bot_187,3685,w,55,5.19,25,77.2,39,-38.2,0
e2-nio-100,binary,100,bot_187,3685,w,57,12.21,25,69.9,31,-38.9,0
e2-nio-100,binary,100,bot_187,3685,w,59,6.25,25,79.26,44,-35.26,0
e2-nio-100,binary,100,bot_188,3685,b,2,63.3,25,118.93,108,-10.93,0
e2-nio-100,binary,100,bot_188,3685,b,4,53.6,25,106.93,77,-29.93,0
e2-nio-100,binary,100,bot_188,3685,b,6,32.13,25,137.59,105,-32.59,0
e2-nio-100,binary,100,bot_188,3685,b,8,26.29,25,135.17,103,-32.17,0
e2-nio-100,binary,100,bot_188,3685,b,10,30.07,25,166.59,121,-45.59,0
e2-nio-100,binary,100,bot_188,3685,b,12,17.36,25,168.91,128,-40.91,0
e2-nio-100,binary,100,bot_188,3685,b,14,77.67,25,123.07,77,-46.07,0
e2-nio-100,binary,100,bot_188,3685,b,16,70.64,25,79.88,90,10.13,0
e2-nio-100,binary,100,bot_188,3685,b,18,66.32,25,105.22,115,9.78,0
e2-nio-100,binary,100,bot_188,3685,b,20,55.07,25,86.23,91,4.77,0
e2-nio-100,binary,100,bot_188,3685,b,22,27.16,25,81.07,61,-20.07,0
e2-nio-100,binary,100,bot_188,3685,b,24,13.76,25,83.54,58,-25.54,0
e2-nio-100,binary,100,bot_188,3685,b,26,41.5,25,69.6,85,15.4,0
e2-nio-100,binary,100,bot_188,3685,b,28,48.3,25,98.06,92,-6.06,0
e2-nio-100,binary,100,bot_188,3685,b,30,21.02,25,71.21,46,-25.21,0
e2-nio-100,binary,100,bot_188,3685,b,32,13.08,25,90.75,67,-23.75,0
e2-nio-100,binary,100,bot_188,3685,b,34,14.29,25,96.6,61,-35.6,0
e2-nio-100,binary,100,bot_188,3685,b,36,11.4,25,88.07,46,-42.07,0
e2-nio-100,binary,100,bot_188,3685,b,38,27.2,25,85.12,40,-45.12,0
e2-nio-100,binary,100,bot_188,3685,b,40,28.53,25,62.7,41,-21.7,0
e2-nio-100,binary,100,bot_188,3685,b,42,22.57,25,57.27,38,-19.27,0
e2-nio-100,binary,100,bot_188,3685,b,44,16.84,25,62.43,45,-17.43,0
e2-nio-100,binary,100,bot_188,3685,b,46,14.81,25,61.52,33,-28.52,0
e2-nio-100,binary,100,bot_188,3685,b,48,8.95,25,63.98,31,-32.98,0
e2-nio-100,binary,100,bot_188,3685,b,50,5.15,25,67.35,33,-34.35,0
e2-nio-100,binary,100,bot_188,3685,b,52,3.76,25,68.32,25,-43.32,0
e2-nio-100,binary,100,bot_188,3685,b,54,4.51,25,78.21,30,-48.21,0
e2-nio-100,binary,100,bot_188,3685,b,56,9.71,25,75.6,30,-45.6,0
e2-nio-100,binary,100,bot_188,3685,b,58,6.81,25,66.22,27,-39.22,0
e2-nio-100,binary,100,bot_188,3685,b,60,5.76,25,69.55,25,-44.55,0
e2-nio-100,binary,100,bot_189,3686,w,1,66.87,25,116.39,150,33.61,0
e2-nio-100,binary,100,bot_189,3686,w,3,60.31,25,100.64,98,-2.64,0
e2-nio-100,binary,100,bot_189,3686,w,5,37.97,25,131.86,128,-3.86,0
e2-nio-100,binary,100,bot_189,3686,w,7,32.95,25,129.11,127,-2.11,0
e2-nio-100,binary,100,bot_189,3686,w,9,38.11,25,157.9,139,-18.9,0
e2-nio-100,binary,100,bot_189,3686,w,11,24.42,25,162.24,151,-11.24,0
e2-nio-100,binary,100,bot_189,3686,w,13,15.82,25,117.19,98,-19.19,0
e2-nio-100,binary,100,bot_189,3686,w,15,86.3,25,138.4,112,-26.4,0
e2-nio-100,binary,100,bot_189,3686,w,17,71.25,25,100.02,138,37.98,0
e2-nio-100,binary,100,bot_189,3686,w,19,58.85,25,81.71,105,23.29,0
e2-nio-100,binary,100,bot_189,3686,w,21,31.36,25,76.85,75,-1.85,0
e2-nio-100,binary,100,bot_189,3686,w,23,17.55,25,79.79,73,-6.79,0
e2-nio-100,binary,100,bot_189,3686,w,25,6.6,25,118.26,98,-20.26,0
e2-nio-100,binary,100,bot_189,3686,w,27,52.46,25,93.92,108,14.08,0
e2-nio-100,binary,100,bot_189,3686,w,29,25.99,25,66.2,62,-4.2,0
e2-nio-100,binary,100,bot_189,3686,w,31,14.77,25,89.79,88,-1.79,0
e2-nio-100,binary,100,bot_189,3686,w,33,16.13,25,94.18,78,-16.18,0
e2-nio-100,binary,100,bot_189,3686,w,35,12.19,25,87.42,66,-21.42,0
e2-nio-100,binary,100,bot_189,3686,w,37,27.21,25,85.25,60,-25.25,0
e2-nio-100,binary,100,bot_189,3686,w,39,29.8,25,61.55,59,-2.55,0
e2-nio-100,binary,100,bot_189,3686,w,41,22.52,25,57.34,58,0.66,0
e2-nio-100,binary,100,bot_189,3686,w,43,17.96,25,61.74,66,4.26,0
e2-nio-100,binary,100,bot_189,3686,w,45,18.47,25,58.26,50,-8.26,0
e2-nio-100,binary,100,bot_189,3686,w,47,12.87,25,60.45,50,-10.45,0
e2-nio-100,binary,100,bot_189,3686,w,49,7.45,25,65.4,53,-12.4,0
e2-nio-100,binary,100,bot_189,3686,w,51,6.72,25,65.5,45,-20.5,0
e2-nio-100,binary,100,bot_189,3686,w,53,6.72,25,76.15,47,-29.15,0
e2-nio-100,binary,100,bot_189,3686,w,55,6.69,25,72.74,46,-26.74,0
e2-nio-100,binary,100,bot_189,3686,w,57,9.57,25,73.64,43,-30.64,0
e2-nio-100,binary,100,bot_189,3686,w,59,6.23,25,65.92,42,-23.92,0
e2-nio-100,binary,100,bot_190,3686,b,2,37.02,25,145.87,152,6.13,0
e2-nio-100,binary,100,bot_190,3686,b,4,35.43,25,147.66,145,-2.66,0
e2-nio-100,binary,100,bot_190,3686,b,6,38.19,25,141.62,117,-24.62,0
e2-nio-100,binary,100,bot_190,3686,b,8,21.27,25,138.29,110,-28.29,0
e2-nio-100,binary,100,bot_190,3686,b,10,28.28,25,165.1,141,-24.1,0
e2-nio-100,binary,100,bot_190,3686,b,12,20.78,25,171.4,133,-38.4,0
e2-nio-100,binary,100,bot_190,3686,b,14,13.61,25,156.54,109,-47.54,0
e2-nio-100,binary,100,bot_190,3686,b,16,78.04,25,120.19,144,23.81,0
e2-nio-100,binary,100,bot_190,3686,b,18,58.55,25,119.45,138,18.55,0
e2-nio-100,binary,100,bot_190,3686,b,20,34.63,25,120.11,126,5.89,0
e2-nio-100,binary,100,bot_190,3686,b,22,29.56,25,115.04,95,-20.04,0
e2-nio-100,binary,100,bot_190,3686,b,24,16.68,25,118.99,84,-34.99,0
e2-nio-100,binary,100,bot_190,3686,b,26,50.35,25,111.02,66,-45.02,0
e2-nio-100,binary,100,bot_190,3686,b,28,31.74,25,81.58,82,0.42,0
e2-nio-100,binary,100,bot_190,3686,b,30,34.54,25,118.39,92,-26.39,0
e2-nio-100,binary,100,bot_190,3686,b,32,19.73,25,104.59,66,-38.59,0
e2-nio-100,binary,100,bot_190,3686,b,34,16.28,25,77.87,42,-35.87,0
e2-nio-100,binary,100,bot_190,3686,b,36,9.8,25,81.68,42,-39.68,0
e2-nio-100,binary,100,bot_190,3686,b,38,34.38,25,68.27,43,-25.27,0
e2-nio-100,binary,100,bot_190,3686,b,40,36.88,25,65.35,43,-22.35,0
e2-nio-100,binary,100,bot_190,3686,b,42,40.37,25,60.74,30,-30.74,0
e2-nio-100,binary,100,bot_190,3686,b,44,28.2,25,69.48,35,-34.48,0
e2-nio-100,binary,100,bot_190,3686,b,46,24.7,25,78.73,44,-34.73,0
e2-nio-100,binary,100,bot_190,3686,b,48,23.34,25,59.39,19,-40.39,0
e2-nio-100,binary,100,bot_190,3686,b,50,14.68,25,55,10,-45,0
e2-nio-100,binary,100,bot_190,3686,b,52,6.63,25,53.73,9,-44.73,0
e2-nio-100,binary,100,bot_190,3686,b,54,7.91,25,74,28,-46,0
e2-nio-100,binary,100,bot_190,3686,b,56,5.44,25,66.49,20,-46.49,0
e2-nio-100,binary,100,bot_190,3686,b,58,11.8,25,73.67,31,-42.67,0
e2-nio-100,binary,100,bot_190,3686,b,60,6.34,25,69.03,23,-46.03,0
e2-nio-100,binary,100,bot_191,3687,w,1,39.59,25,143.75,191,47.25,0
e2-nio-100,binary,100,bot_191,3687,w,3,35.95,25,147.12,172,24.88,0
e2-nio-100,binary,100,bot_191,3687,w,5,39.04,25,140.59,144,3.41,0
e2-nio-100,binary,100,bot_191,3687,w,7,21.88,25,137.69,136,-1.69,0
e2-nio-100,binary,100,bot_191,3687,w,9,29.11,25,164.32,168,3.68,0
e2-nio-100,binary,100,bot_191,3687,w,11,23.05,25,169.1,159,-10.1,0
e2-nio-100,binary,100,bot_191,3687,w,13,16.71,25,153.41,137,-16.41,0
e2-nio-100,binary,100,bot_191,3687,w,15,100.96,25,173.45,151,-22.45,0
e2-nio-100,binary,100,bot_191,3687,w,17,62.07,25,116.19,158,41.81,0
e2-nio-100,binary,100,bot_191,3687,w,19,37.15,25,117.84,146,28.16,0
e2-nio-100,binary,100,bot_191,3687,w,21,31.68,25,112.91,113,0.09,0
e2-nio-100,binary,100,bot_191,3687,w,23,19.85,25,115.57,101,-14.57,0
e2-nio-100,binary,100,bot_191,3687,w,25,51.96,25,109.64,85,-24.64,0
e2-nio-100,binary,100,bot_191,3687,w,27,35.64,25,77.96,100,22.04,0
e2-nio-100,binary,100,bot_191,3687,w,29,37.93,25,115.11,109,-6.11,0
e2-nio-100,binary,100,bot_191,3687,w,31,21.82,25,102.4,85,-17.4,0
e2-nio-100,binary,100,bot_191,3687,w,33,18.26,25,75.74,61,-14.74,0
e2-nio-100,binary,100,bot_191,3687,w,35,13.05,25,78.7,59,-19.7,0
e2-nio-100,binary,100,bot_191,3687,w,37,39.09,25,86.28,61,-25.28,0
e2-nio-100,binary,100,bot_191,3687,w,39,39.73,25,62.39,59,-3.39,0
e2-nio-100,binary,100,bot_191,3687,w,41,43.98,25,56.96,47,-9.96,0
e2-nio-100,binary,100,bot_191,3687,w,43,31.1,25,66,51,-15,0
e2-nio-100,binary,100,bot_191,3687,w,45,27.02,25,76.52,61,-15.52,0
e2-nio-100,binary,100,bot_191,3687,w,47,26.01,25,66.84,37,-29.84,0
e2-nio-100,binary,100,bot_191,3687,w,49,17.1,25,52.38,27,-25.38,0
e2-nio-100,binary,100,bot_191,3687,w,51,7.94,25,52.63,28,-24.63,0
e2-nio-100,binary,100,bot_191,3687,w,53,8.92,25,73.09,48,-25.09,0
e2-nio-100,binary,100,bot_191,3687,w,55,6.56,25,65.15,40,-25.15,0
e2-nio-100,binary,100,bot_191,3687,w,57,13.59,25,71.88,49,-22.88,0
e2-nio-100,binary,100,bot_191,3687,w,59,7.02,25,68.04,43,-25.04,0
e2-nio-100,binary,100,bot_192,3687,b,2,61.63,25,99.32,90,-9.32,0
e2-nio-100,binary,100,bot_192,3687,b,4,40.04,25,129.78,117,-12.78,0
e2-nio-100,binary,100,bot_192,3687,b,6,34.44,25,127.66,117,-10.66,0
e2-nio-100,binary,100,bot_192,3687,b,8,40.84,25,155.06,128,-27.06,0
e2-nio-100,binary,100,bot_192,3687,b,10,27.79,25,158.89,138,-20.89,0
e2-nio-100,binary,100,bot_192,3687,b,12,20.73,25,112.15,85,-27.15,0
e2-nio-100,binary,100,bot_192,3687,b,14,13.51,25,134.98,102,-32.98,0
e2-nio-100,binary,100,bot_192,3687,b,16,76.14,25,95.13,146,50.87,0
e2-nio-100,binary,100,bot_192,3687,b,18,61.99,25,78.51,99,20.49,0
e2-nio-100,binary,100,bot_192,3687,b,20,33.44,25,74.79,70,-4.79,0
e2-nio-100,binary,100,bot_192,3687,b,22,19.52,25,77.85,68,-9.85,0
e2-nio-100,binary,100,bot_192,3687,b,24,8.5,25,116.47,93,-23.47,0
e2-nio-100,binary,100,bot_192,3687,b,26,55.85,25,90.53,99,8.47,0
e2-nio-100,binary,100,bot_192,3687,b,28,27.54,25,64.5,58,-6.5,0
e2-nio-100,binary,100,bot_192,3687,b,30,17.34,25,87.27,82,-5.27,0
e2-nio-100,binary,100,bot_192,3687,b,32,18.54,25,91.71,71,-20.71,0
e2-nio-100,binary,100,bot_192,3687,b,34,14.24,25,85.72,61,-24.72,0
e2-nio-100,binary,100,bot_192,3687,b,36,7.54,25,82.27,53,-29.27,0
e2-nio-100,binary,100,bot_192,3687,b,38,30.6,25,60.79,57,-3.79,0
e2-nio-100,binary,100,bot_192,3687,b,40,23.26,25,56.59,54,-2.59,0
e2-nio-100,binary,100,bot_192,3687,b,42,19.14,25,60.7,62,1.3,0
e2-nio-100,binary,100,bot_192,3687,b,44,18.72,25,58.14,46,-12.14,0
e2-nio-100,binary,100,bot_192,3687,b,46,3.98,25,59.25,44,-15.25,0
e2-nio-100,binary,100,bot_192,3687,b,48,9.22,25,63.72,47,-16.72,0
e2-nio-100,binary,100,bot_192,3687,b,50,8.83,25,63.41,37,-26.41,0
e2-nio-100,binary,100,bot_192,3687,b,52,9.3,25,73.59,39,-34.59,0
e2-nio-100,binary,100,bot_192,3687,b,54,8.85,25,70.59,38,-32.59,0
e2-nio-100,binary,100,bot_192,3687,b,56,11.24,25,71.96,34,-37.96,0
e2-nio-100,binary,100,bot_192,3687,b,58,8.63,25,63.49,34,-29.49,0
e2-nio-100,binary,100,bot_192,3687,b,60,3.4,25,68.72,33,-35.72,0
e2-nio-100,binary,100,bot_193,3688,w,1,65.86,25,95.36,105,9.64,0
e2-nio-100,binary,100,bot_193,3688,w,3,42.33,25,127.56,122,-5.56,0
e2-nio-100,binary,100,bot_193,3688,w,5,36.81,25,125.64,125,-0.64,0
e2-nio-100,binary,100,bot_193,3688,w,7,42.01,25,153.9,137,-16.9,0
e2-nio-100,binary,100,bot_193,3688,w,9,28.95,25,158.07,147,-11.07,0
e2-nio-100,binary,100,bot_193,3688,w,11,22.58,25,110.24,96,-14.24,0
e2-nio-100,binary,100,bot_193,3688,w,13,15.69,25,132.92,112,-20.92,0
e2-nio-100,binary,100,bot_193,3688,w,15,89.74,25,165,142,-23,0
e2-nio-100,binary,100,bot_193,3688,w,17,63.82,25,76.52,103,26.48,0
e2-nio-100,binary,100,bot_193,3688,w,19,35.09,25,73.15,75,1.85,0
e2-nio-100,binary,100,bot_193,3688,w,21,20.61,25,76.71,72,-4.71,0
e2-nio-100,binary,100,bot_193,3688,w,23,11.41,25,113.74,98,-15.74,0
e2-nio-100,binary,100,bot_193,3688,w,25,59.75,25,86.52,101,14.48,0
e2-nio-100,binary,100,bot_193,3688,w,27,29.48,25,62.09,63,0.91,0
e2-nio-100,binary,100,bot_193,3688,w,29,19.92,25,84.91,87,2.09,0
e2-nio-100,binary,100,bot_193,3688,w,31,20.68,25,89.39,75,-14.39,0
e2-nio-100,binary,100,bot_193,3688,w,33,16.18,25,83.68,65,-18.68,0
e2-nio-100,binary,100,bot_193,3688,w,35,10.55,25,79.23,56,-23.23,0
e2-nio-100,binary,100,bot_193,3688,w,37,3.01,25,68.11,35,-33.11,0
e2-nio-100,binary,100,bot_193,3688,w,39,3.37,25,101.76,68,-33.76,0
e2-nio-100,binary,100,bot_193,3688,w,41,19.68,25,60.61,73,12.39,0
e2-nio-100,binary,100,bot_193,3688,w,43,5.54,25,54.44,51,-3.44,0
e2-nio-100,binary,100,bot_193,3688,w,45,6.4,25,56.81,46,-10.81,0
e2-nio-100,binary,100,bot_193,3688,w,47,2.66,25,58.12,23,-35.12,0
e2-nio-100,binary,100,bot_193,3688,w,49,2.65,25,75.26,40,-35.26,0
e2-nio-100,binary,100,bot_193,3688,w,51,14.14,25,68.52,42,-26.52,0
e2-nio-100,binary,100,bot_193,3688,w,53,11.66,25,67.74,40,-27.74,0
e2-nio-100,binary,100,bot_193,3688,w,55,12.74,25,70.42,41,-29.42,0
e2-nio-100,binary,100,bot_193,3688,w,57,11.82,25,60.34,40,-20.34,0
e2-nio-100,binary,100,bot_193,3688,w,59,4.42,25,67.47,39,-28.47,0
e2-nio-100,binary,100,bot_194,3688,b,2,38.74,25,144.32,145,0.68,0
e2-nio-100,binary,100,bot_194,3688,b,4,43.14,25,136.29,113,-23.29,0
e2-nio-100,binary,100,bot_194,3688,b,6,24.45,25,135.15,106,-29.15,0
e2-nio-100,binary,100,bot_194,3688,b,8,32.52,25,160.85,137,-23.85,0
e2-nio-100,binary,100,bot_194,3688,b,10,28.26,25,163.82,127,-36.82,0
e2-nio-100,binary,100,bot_194,3688,b,12,20.84,25,149.21,105,-44.21,0
e2-nio-100,binary,100,bot_194,3688,b,14,20.13,25,170.78,121,-49.78,0
e2-nio-100,binary,100,bot_194,3688,b,16,64.11,25,114.25,148,33.75,0
e2-nio-100,binary,100,bot_194,3688,b,18,39.35,25,115.73,125,9.27,0
e2-nio-100,binary,100,bot_194,3688,b,20,33.2,25,111.41,92,-19.41,0
e2-nio-100,binary,100,bot_194,3688,b,22,22.12,25,113.24,79,-34.24,0
e2-nio-100,binary,100,bot_194,3688,b,24,53.82,25,107.71,65,-42.71,0
e2-nio-100,binary,100,bot_194,3688,b,26,38.87,25,74.85,80,5.15,0
e2-nio-100,binary,100,bot_194,3688,b,28,40.25,25,112.83,88,-24.83,0
e2-nio-100,binary,100,bot_194,3688,b,30,23.13,25,101.06,66,-35.06,0
e2-nio-100,binary,100,bot_194,3688,b,32,19.21,25,74.87,42,-32.87,0
e2-nio-100,binary,100,bot_194,3688,b,34,15.01,25,76.84,39,-37.84,0
e2-nio-100,binary,100,bot_194,3688,b,36,4.46,25,85.22,41,-44.22,0
e2-nio-100,binary,100,bot_194,3688,b,38,4.39,25,85.37,34,-51.37,0
e2-nio-100,binary,100,bot_194,3688,b,40,50.25,25,93.31,42,-51.31,0
e2-nio-100,binary,100,bot_194,3688,b,42,34.75,25,62.29,27,-35.29,0
e2-nio-100,binary,100,bot_194,3688,b,44,27.43,25,92.89,43,-49.89,0
e2-nio-100,binary,100,bot_194,3688,b,46,3.43,25,65.39,17,-48.39,0
e2-nio-100,binary,100,bot_194,3688,b,48,2.74,25,66.62,14,-52.62,0
e2-nio-100,binary,100,bot_194,3688,b,50,11.64,25,79.5,27,-52.5,0
e2-nio-100,binary,100,bot_194,3688,b,52,9.15,25,72.97,32,-40.97,0
e2-nio-100,binary,100,bot_194,3688,b,54,8.76,25,62.85,19,-43.85,0
e2-nio-100,binary,100,bot_194,3688,b,56,17.64,25,67.78,26,-41.78,0
e2-nio-100,binary,100,bot_194,3688,b,58,9.56,25,65.55,23,-42.55,0
e2-nio-100,binary,100,bot_194,3688,b,60,4.58,25,58.86,10,-48.86,0
e2-nio-100,binary,100,bot_195,3689,w,1,66.56,25,116.26,181,64.74,0
e2-nio-100,binary,100,bot_195,3689,w,3,68.43,25,109.26,145,35.74,0
e2-nio-100,binary,100,bot_195,3689,w,5,44.13,25,115.61,152,36.39,0
e2-nio-100,binary,100,bot_195,3689,w,7,62.74,25,130.59,171,40.41,0
e2-nio-100,binary,100,bot_195,3689,w,9,53.82,25,137.73,163,25.27,0
e2-nio-100,binary,100,bot_195,3689,w,11,48.48,25,120.91,135,14.09,0
e2-nio-100,binary,100,bot_195,3689,w,13,45.49,25,142.29,145,2.71,0
e2-nio-100,binary,100,bot_195,3689,w,15,44.55,25,150.86,161,10.14,0
e2-nio-100,binary,100,bot_195,3689,w,17,41.12,25,114.23,161,46.77,0
e2-nio-100,binary,100,bot_195,3689,w,19,34.32,25,110.46,123,12.54,0
e2-nio-100,binary,100,bot_195,3689,w,21,24.06,25,111.16,110,-1.16,0
e2-nio-100,binary,100,bot_195,3689,w,23,60.44,25,100.9,90,-10.9,0
e2-nio-100,binary,100,bot_195,3689,w,25,41.55,25,71.98,111,39.02,0
e2-nio-100,binary,100,bot_195,3689,w,27,42.83,25,110.29,117,6.71,0
e2-nio-100,binary,100,bot_195,3689,w,29,24.44,25,99.52,96,-3.52,0
e2-nio-100,binary,100,bot_195,3689,w,31,20.13,25,73.92,73,-0.92,0
e2-nio-100,binary,100,bot_195,3689,w,33,18.97,25,73.09,67,-6.09,0
e2-nio-100,binary,100,bot_195,3689,w,35,6.77,25,82.97,72,-10.97,0
e2-nio-100,binary,100,bot_195,3689,w,37,6.26,25,83.58,64,-19.58,0
e2-nio-100,binary,100,bot_195,3689,w,39,7.37,25,90.68,71,-19.68,0
e2-nio-100,binary,100,bot_195,3689,w,41,3.26,25,80.24,60,-20.24,0
e2-nio-100,binary,100,bot_195,3689,w,43,30.71,25,89.56,79,-10.56,0
e2-nio-100,binary,100,bot_195,3689,w,45,5.44,25,63.49,47,-16.49,0
e2-nio-100,binary,100,bot_195,3689,w,47,4.57,25,65.17,44,-21.17,0
e2-nio-100,binary,100,bot_195,3689,w,49,3.12,25,78.37,60,-18.37,0
e2-nio-100,binary,100,bot_195,3689,w,51,10.38,25,71.85,65,-6.85,0
e2-nio-100,binary,100,bot_195,3689,w,53,9.84,25,61.64,53,-8.64,0
e2-nio-100,binary,100,bot_195,3689,w,55,19.36,25,66.2,57,-9.2,0
e2-nio-100,binary,100,bot_195,3689,w,57,10.64,25,64.55,55,-9.55,0
e2-nio-100,binary,100,bot_195,3689,w,59,6.27,25,56.87,39,-17.87,0
e2-nio-100,binary,100,bot_196,3689,b,2,60.63,25,109.77,143,33.23,0
e2-nio-100,binary,100,bot_196,3689,b,4,61.91,25,102.19,135,32.81,0
e2-nio-100,binary,100,bot_196,3689,b,6,65.58,25,128.64,138,9.36,0
e2-nio-100,binary,100,bot_196,3689,b,8,51.64,25,137.06,166,28.94,0
e2-nio-100,binary,100,bot_196,3689,b,10,40.93,25,90.97,111,20.03,0
e2-nio-100,binary,100,bot_196,3689,b,12,29.39,25,119.9,134,14.1,0
e2-nio-100,binary,100,bot_196,3689,b,14,33.66,25,144.57,156,11.43,0
e2-nio-100,binary,100,bot_196,3689,b,16,72.28,25,133.67,144,10.33,0
e2-nio-100,binary,100,bot_196,3689,b,18,36.92,25,71.32,81,9.68,0
e2-nio-100,binary,100,bot_196,3689,b,20,22.75,25,74.54,78,3.46,0
e2-nio-100,binary,100,bot_196,3689,b,22,13.56,25,111.63,104,-7.63,0
e2-nio-100,binary,100,bot_196,3689,b,24,63.62,25,82.61,111,28.39,0
e2-nio-100,binary,100,bot_196,3689,b,26,31.98,25,59.98,71,11.02,0
e2-nio-100,binary,100,bot_196,3689,b,28,21.41,25,83.52,94,10.48,0
e2-nio-100,binary,100,bot_196,3689,b,30,22.94,25,87.14,79,-8.14,0
e2-nio-100,binary,100,bot_196,3689,b,32,18.27,25,81.63,70,-11.63,0
e2-nio-100,binary,100,bot_196,3689,b,34,14.11,25,75.72,62,-13.72,0
e2-nio-100,binary,100,bot_196,3689,b,36,6.35,25,64.73,40,-24.73,0
e2-nio-100,binary,100,bot_196,3689,b,38,5.76,25,99.36,75,-24.36,0
e2-nio-100,binary,100,bot_196,3689,b,40,4.75,25,76.32,51,-25.32,0
e2-nio-100,binary,100,bot_196,3689,b,42,14.35,25,103.62,75,-28.62,0
e2-nio-100,binary,100,bot_196,3689,b,44,8.75,25,54.51,54,-0.51,0
e2-nio-100,binary,100,bot_196,3689,b,46,3.08,25,57.68,32,-25.68,0
e2-nio-100,binary,100,bot_196,3689,b,48,6.23,25,71.54,44,-27.54,0
e2-nio-100,binary,100,bot_196,3689,b,50,17.12,25,75.44,47,-28.44,0
e2-nio-100,binary,100,bot_196,3689,b,52,15.59,25,63.8,44,-19.8,0
e2-nio-100,binary,100,bot_196,3689,b,54,16.03,25,67.07,44,-23.07,0
e2-nio-100,binary,100,bot_196,3689,b,56,15.06,25,57.09,45,-12.09,0
e2-nio-100,binary,100,bot_196,3689,b,58,5.95,25,66,45,-21,0
e2-nio-100,binary,100,bot_196,3689,b,60,5.93,25,58.93,32,-26.93,0
e2-nio-100,binary,100,bot_197,3690,w,1,65.12,25,105.7,146,40.3,0
e2-nio-100,binary,100,bot_197,3690,w,3,65.84,25,98.67,127,28.33,0
e2-nio-100,binary,100,bot_197,3690,w,5,69.19,25,124.77,128,3.23,0
e2-nio-100,binary,100,bot_197,3690,w,7,55.98,25,133.16,155,21.84,0
e2-nio-100,binary,100,bot_197,3690,w,9,43.14,25,88.96,100,11.04,0
e2-nio-100,binary,100,bot_197,3690,w,11,36.07,25,113.28,123,9.72,0
e2-nio-100,binary,100,bot_197,3690,w,13,41.79,25,136.85,142,5.15,0
e2-nio-100,binary,100,bot_197,3690,w,15,38.26,25,105.81,111,5.19,0
e2-nio-100,binary,100,bot_197,3690,w,17,6.42,25,83.66,87,3.34,0
e2-nio-100,binary,100,bot_197,3690,w,19,40.84,25,56.49,80,23.51,0
e2-nio-100,binary,100,bot_197,3690,w,21,35.09,25,92.03,106,13.97,0
e2-nio-100,binary,100,bot_197,3690,w,23,33.98,25,99.56,88,-11.56,0
e2-nio-100,binary,100,bot_197,3690,w,25,19.96,25,78.51,65,-13.51,0
e2-nio-100,binary,100,bot_197,3690,w,27,16.28,25,112.27,95,-17.27,0
e2-nio-100,binary,100,bot_197,3690,w,29,11.57,25,88.55,66,-22.55,0
e2-nio-100,binary,100,bot_197,3690,w,31,35.21,25,98.8,66,-32.8,0
e2-nio-100,binary,100,bot_197,3690,w,33,26.14,25,63.85,61,-2.85,0
e2-nio-100,binary,100,bot_197,3690,w,35,16.83,25,54.41,33,-21.41,0
e2-nio-100,binary,100,bot_197,3690,w,37,12.7,25,92.65,67,-25.65,0
e2-nio-100,binary,100,bot_197,3690,w,39,8.12,25,73.22,45,-28.22,0
e2-nio-100,binary,100,bot_197,3690,w,41,9.18,25,100.48,67,-33.48,0
e2-nio-100,binary,100,bot_197,3690,w,43,10.42,25,52.98,53,0.02,0
e2-nio-100,binary,100,bot_197,3690,w,45,6.36,25,53.19,21,-32.19,0
e2-nio-100,binary,100,bot_197,3690,w,47,7.78,25,69.91,36,-33.91,0
e2-nio-100,binary,100,bot_197,3690,w,49,19.33,25,73.29,39,-34.29,0
e2-nio-100,binary,100,bot_197,3690,w,51,16.74,25,62.61,36,-26.61,0
e2-nio-100,binary,100,bot_197,3690,w,53,16.68,25,65.81,38,-27.81,0
e2-nio-100,binary,100,bot_197,3690,w,55,17.59,25,54.89,38,-16.89,0
e2-nio-100,binary,100,bot_197,3690,w,57,7.75,25,64.48,38,-26.48,0
e2-nio-100,binary,100,bot_197,3690,w,59,9.89,25,54.39,22,-32.39,0
e2-nio-100,binary,100,bot_198,3690,b,2,73.08,25,104.42,125,20.58,0
e2-nio-100,binary,100,bot_198,3690,b,4,47.78,25,111.9,133,21.1,0
e2-nio-100,binary,100,bot_198,3690,b,6,67.68,25,125.59,149,23.41,0
e2-nio-100,binary,100,bot_198,3690,b,8,57.4,25,133.81,145,11.19,0
e2-nio-100,binary,100,bot_198,3690,b,10,54.51,25,114.73,111,-3.73,0
e2-nio-100,binary,100,bot_198,3690,b,12,49.76,25,137.75,128,-9.75,0
e2-nio-100,binary,100,bot_198,3690,b,14,44.58,25,145.99,142,-3.99,0
e2-nio-100,binary,100,bot_198,3690,b,16,41.56,25,135.66,135,-0.66,0
e2-nio-100,binary,100,bot_198,3690,b,18,61.48,25,144.5,112,-32.5,0
e2-nio-100,binary,100,bot_198,3690,b,20,52.77,25,80.8,82,1.2,0
e2-nio-100,binary,100,bot_198,3690,b,22,27.15,25,79.63,76,-3.63,0
e2-nio-100,binary,100,bot_198,3690,b,24,25.1,25,110.13,106,-4.13,0
e2-nio-100,binary,100,bot_198,3690,b,26,21.77,25,113.51,94,-19.51,0
e2-nio-100,binary,100,bot_198,3690,b,28,15.23,25,104.53,83,-21.53,0
e2-nio-100,binary,100,bot_198,3690,b,30,6.65,25,98.48,71,-27.48,0
e2-nio-100,binary,100,bot_198,3690,b,32,35.88,25,58.72,55,-3.72,0
e2-nio-100,binary,100,bot_198,3690,b,34,17.94,25,72.15,60,-12.15,0
e2-nio-100,binary,100,bot_198,3690,b,36,14.59,25,75.45,54,-21.45,0
e2-nio-100,binary,100,bot_198,3690,b,38,11.93,25,86.22,60,-26.22,0
e2-nio-100,binary,100,bot_198,3690,b,40,5.36,25,78.15,48,-30.15,0
e2-nio-100,binary,100,bot_198,3690,b,42,38.63,25,89.95,62,-27.95,0
e2-nio-100,binary,100,bot_198,3690,b,44,6.53,25,62.5,34,-28.5,0
e2-nio-100,binary,100,bot_198,3690,b,46,5,25,65.6,34,-31.6,0
e2-nio-100,binary,100,bot_198,3690,b,48,4.84,25,76.77,44,-32.77,0
e2-nio-100,binary,100,bot_198,3690,b,50,11.84,25,70.41,51,-19.41,0
e2-nio-100,binary,100,bot_198,3690,b,52,11.42,25,60.08,38,-22.08,0
e2-nio-100,binary,100,bot_198,3690,b,54,21.99,25,63.71,41,-22.71,0
e2-nio-100,binary,100,bot_198,3690,b,56,12.39,25,62.82,42,-20.82,0
e2-nio-100,binary,100,bot_198,3690,b,58,7.44,25,55.74,25,-30.74,0
e2-nio-100,binary,100,bot_198,3690,b,60,6.47,25,52.07,23,-29.07,0
e2-nio-100,binary,100,bot_199,3691,w,1,63.18,25,107.68,146,38.32,0
e2-nio-100,binary,100,bot_199,3691,w,3,80.93,25,87.57,119,31.43,0
e2-nio-100,binary,100,bot_199,3691,w,5,79.28,25,124.95,150,25.05,0
e2-nio-100,binary,100,bot_199,3691,w,7,44.5,25,111.66,148,36.34,0
e2-nio-100,binary,100,bot_199,3691,w,9,47.12,25,129.8,134,4.2,0
e2-nio-100,binary,100,bot_199,3691,w,11,37.6,25,160.96,170,9.04,0
e2-nio-100,binary,100,bot_199,3691,w,13,31.11,25,145.24,157,11.76,0
e2-nio-100,binary,100,bot_199,3691,w,15,17.2,25,135.79,131,-4.79,0
e2-nio-100,binary,100,bot_199,3691,w,17,11.34,25,133.99,108,-25.99,0
e2-nio-100,binary,100,bot_199,3691,w,19,32,25,118.59,118,-0.59,0
e2-nio-100,binary,100,bot_199,3691,w,21,23.93,25,96.18,80,-16.18,0
e2-nio-100,binary,100,bot_199,3691,w,23,15.48,25,95.66,84,-11.66,0
e2-nio-100,binary,100,bot_199,3691,w,25,19.25,25,116.82,94,-22.82,0
e2-nio-100,binary,100,bot_199,3691,w,27,13.28,25,111.33,79,-32.33,0
e2-nio-100,binary,100,bot_199,3691,w,29,9.56,25,83.54,56,-27.54,0
e2-nio-100,binary,100,bot_199,3691,w,31,35.45,25,86.83,56,-30.83,0
e2-nio-100,binary,100,bot_199,3691,w,33,29.72,25,73,56,-17,0
e2-nio-100,binary,100,bot_199,3691,w,35,31.19,25,71.15,60,-11.15,0
e2-nio-100,binary,100,bot_199,3691,w,37,31.79,25,69.5,52,-17.5,0
e2-nio-100,binary,100,bot_199,3691,w,39,19.46,25,78.57,55,-23.57,0
e2-nio-100,binary,100,bot_199,3691,w,41,15.41,25,88.17,63,-25.17,0
e2-nio-100,binary,100,bot_199,3691,w,43,12.83,25,70.35,39,-31.35,0
e2-nio-100,binary,100,bot_199,3691,w,45,5.11,25,64.97,30,-34.97,0
e2-nio-100,binary,100,bot_199,3691,w,47,1.5,25,58.81,21,-37.81,0
e2-nio-100,binary,100,bot_199,3691,w,49,2.88,25,79.15,44,-35.15,0
e2-nio-100,binary,100,bot_199,3691,w,51,7.21,25,68.75,38,-30.75,0
e2-nio-100,binary,100,bot_199,3691,w,53,3.65,25,82.28,48,-34.28,0
e2-nio-100,binary,100,bot_199,3691,w,55,2.73,25,68.13,30,-38.13,0
e2-nio-100,binary,100,bot_199,3691,w,57,1.53,25,61.52,25,-36.52,0
e2-nio-100,binary,100,bot_199,3691,w,59,1.53,25,56.39,19,-37.39,0
e2-nio-100,binary,100,bot_200,3691,b,2,76.29,25,96.82,119,22.18,0
e2-nio-100,binary,100,bot_200,3691,b,4,69.23,25,120.06,159,38.94,0
e2-nio-100,binary,100,bot_200,3691,b,6,80.64,25,105.34,143,37.66,0
e2-nio-100,binary,100,bot_200,3691,b,8,48.37,25,97.29,100,2.71,0
e2-nio-100,binary,100,bot_200,3691,b,10,54.09,25,97.19,102,4.81,0
e2-nio-100,binary,100,bot_200,3691,b,12,50.11,25,121.03,119,-2.03,0
e2-nio-100,binary,100,bot_200,3691,b,14,34.54,25,108.01,102,-6.01,0
e2-nio-100,binary,100,bot_200,3691,b,16,13.25,25,94.81,75,-19.81,0
e2-nio-100,binary,100,bot_200,3691,b,18,38.44,25,101.88,77,-24.88,0
e2-nio-100,binary,100,bot_200,3691,b,20,21.81,25,88.44,84,-4.44,0
e2-nio-100,binary,100,bot_200,3691,b,22,27.25,25,118.84,106,-12.84,0
e2-nio-100,binary,100,bot_200,3691,b,24,16.06,25,94.13,73,-21.13,0
e2-nio-100,binary,100,bot_200,3691,b,26,7.24,25,95.78,78,-17.78,0
e2-nio-100,binary,100,bot_200,3691,b,28,10.95,25,99.5,76,-23.5,0
e2-nio-100,binary,100,bot_200,3691,b,30,8.79,25,90.7,64,-26.7,0
e2-nio-100,binary,100,bot_200,3691,b,32,21.55,25,59.94,59,-0.94,0
e2-nio-100,binary,100,bot_200,3691,b,34,27.38,25,63.95,57,-6.95,0
e2-nio-100,binary,100,bot_200,3691,b,36,21.42,25,58.61,53,-5.61,0
e2-nio-100,binary,100,bot_200,3691,b,38,15.13,25,64,59,-5,0
e2-nio-100,binary,100,bot_200,3691,b,40,12.93,25,63.35,45,-18.35,0
e2-nio-100,binary,100,bot_200,3691,b,42,8.06,25,64.64,44,-20.64,0
e2-nio-100,binary,100,bot_200,3691,b,44,4.24,25,68.04,44,-24.04,0
e2-nio-100,binary,100,bot_200,3691,b,46,1.8,25,70.19,39,-31.19,0
e2-nio-100,binary,100,bot_200,3691,b,48,3.68,25,79.47,45,-34.47,0
e2-nio-100,binary,100,bot_200,3691,b,50,8.6,25,76.67,43,-33.67,0
e2-nio-100,binary,100,bot_200,3691,b,52,5.38,25,67.61,38,-29.61,0
e2-nio-100,binary,100,bot_200,3691,b,54,2.13,25,73.65,41,-32.65,0
e2-nio-100,binary,100,bot_200,3691,b,56,1.64,25,69.58,35,-34.58,0
e2-nio-100,binary,100,bot_200,3691,b,58,1.82,25,62.47,27,-35.47,0
e2-nio-100,binary,100,bot_200,3691,b,60,1.36,25,55.89,21,-34.89,0
