label,format,games,username,game_id,color,ply,rtt_ms,applied_bytes,warmup
e2-blocking-50,binary,50,bot_1,3781,b,2,26.22,25,63.06,79,15.94,0
e2-blocking-50,binary,50,bot_1,3781,b,4,5.06,25,53.21,50,-3.21,0
e2-blocking-50,binary,50,bot_1,3781,b,6,14.65,25,78.88,75,-3.88,0
e2-blocking-50,binary,50,bot_1,3781,b,8,9.22,25,89.98,94,4.02,0
e2-blocking-50,binary,50,bot_1,3781,b,10,11.61,25,70.36,78,7.64,0
e2-blocking-50,binary,50,bot_1,3781,b,12,10.83,25,77.94,80,2.06,0
e2-blocking-50,binary,50,bot_1,3781,b,14,12.6,25,77.57,75,-2.57,0
e2-blocking-50,binary,50,bot_1,3781,b,16,6.8,25,70.54,72,1.46,0
e2-blocking-50,binary,50,bot_1,3781,b,18,22.37,25,71.16,70,-1.16,0
e2-blocking-50,binary,50,bot_1,3781,b,20,10.4,25,61.81,67,5.19,0
e2-blocking-50,binary,50,bot_1,3781,b,22,20.47,25,63.88,86,22.12,0
e2-blocking-50,binary,50,bot_1,3781,b,24,24.79,25,82.25,101,18.75,0
e2-blocking-50,binary,50,bot_1,3781,b,26,28.07,25,83.68,100,16.32,0
e2-blocking-50,binary,50,bot_1,3781,b,28,22.17,25,100.43,116,15.57,0
e2-blocking-50,binary,50,bot_1,3781,b,30,19.75,25,124.44,142,17.56,0
e2-blocking-50,binary,50,bot_1,3781,b,32,14.04,25,130.91,139,8.09,0
e2-blocking-50,binary,50,bot_1,3781,b,34,74.8,25,91.15,169,77.85,0
e2-blocking-50,binary,50,bot_1,3781,b,36,63.91,25,91.05,154,62.95,0
e2-blocking-50,binary,50,bot_1,3781,b,38,56.15,25,114.08,169,54.92,0
e2-blocking-50,binary,50,bot_1,3781,b,40,68.37,25,116.78,176,59.22,0
e2-blocking-50,binary,50,bot_1,3781,b,42,59.67,25,121.21,173,51.79,0
e2-blocking-50,binary,50,bot_1,3781,b,44,56.28,25,134.81,176,41.19,0
e2-blocking-50,binary,50,bot_1,3781,b,46,52.89,25,121.59,151,29.41,0
e2-blocking-50,binary,50,bot_1,3781,b,48,42.95,25,143.58,177,33.42,0
e2-blocking-50,binary,50,bot_1,3781,b,50,36.19,25,145.3,170,24.7,0
e2-blocking-50,binary,50,bot_1,3781,b,52,32.35,25,158.54,175,16.46,0
e2-blocking-50,binary,50,bot_1,3781,b,54,25.49,25,152.62,166,13.38,0
e2-blocking-50,binary,50,bot_1,3781,b,56,16.62,25,157.2,164,6.8,0
e2-blocking-50,binary,50,bot_1,3781,b,58,77.29,25,126.23,194,67.77,0
e2-blocking-50,binary,50,bot_1,3781,b,60,67.07,25,129.2,171,41.8,0
e2-blocking-50,binary,50,bot_2,3775,w,1,31.82,25,69.92,69,-0.92,0
e2-blocking-50,binary,50,bot_2,3775,w,3,40.26,25,56.45,73,16.55,0
e2-blocking-50,binary,50,bot_2,3775,w,5,27.37,25,66.9,86,19.1,0
e2-blocking-50,binary,50,bot_2,3775,w,7,37.64,25,63.22,91,27.78,0
e2-blocking-50,binary,50,bot_2,3775,w,9,10.48,25,59.44,75,15.56,0
e2-blocking-50,binary,50,bot_2,3775,w,11,10.56,25,65.42,73,7.58,0
e2-blocking-50,binary,50,bot_2,3775,w,13,16.24,25,59.42,76,16.58,0
e2-blocking-50,binary,50,bot_2,3775,w,15,16.76,25,68.84,73,4.16,0
e2-blocking-50,binary,50,bot_2,3775,w,17,9.44,25,65.99,71,5.01,0
e2-blocking-50,binary,50,bot_2,3775,w,19,7.05,25,65.47,67,1.53,0
e2-blocking-50,binary,50,bot_2,3775,w,21,40.31,25,94,92,-2,0
e2-blocking-50,binary,50,bot_2,3775,w,23,49.22,25,81.4,105,23.6,0
e2-blocking-50,binary,50,bot_2,3775,w,25,40.65,25,62.08,99,36.92,0
e2-blocking-50,binary,50,bot_2,3775,w,27,45.47,25,79.5,117,37.5,0
e2-blocking-50,binary,50,bot_2,3775,w,29,45.42,25,115.67,158,42.33,0
e2-blocking-50,binary,50,bot_2,3775,w,31,31.89,25,113.02,149,35.98,0
e2-blocking-50,binary,50,bot_2,3775,w,33,33.56,25,128.84,157,28.16,0
e2-blocking-50,binary,50,bot_2,3775,w,35,26.96,25,138.9,160,21.1,0
e2-blocking-50,binary,50,bot_2,3775,w,37,17.34,25,152.37,173,20.63,0
e2-blocking-50,binary,50,bot_2,3775,w,39,86.03,25,171.42,183,11.58,0
e2-blocking-50,binary,50,bot_2,3775,w,41,58.84,25,118.63,188,69.37,0
e2-blocking-50,binary,50,bot_2,3775,w,43,38.7,25,136.04,191,54.96,0
e2-blocking-50,binary,50,bot_2,3775,w,45,32.27,25,123.37,163,39.63,0
e2-blocking-50,binary,50,bot_2,3775,w,47,34.05,25,149.48,175,25.52,0
e2-blocking-50,binary,50,bot_2,3775,w,49,28.03,25,166.77,187,20.23,0
e2-blocking-50,binary,50,bot_2,3775,w,51,23.42,25,170.18,188,17.82,0
e2-blocking-50,binary,50,bot_2,3775,w,53,13.44,25,189.71,200,10.29,0
e2-blocking-50,binary,50,bot_2,3775,w,55,99.17,25,186.15,186,-0.15,0
e2-blocking-50,binary,50,bot_2,3775,w,57,97.46,25,95.74,199,103.26,0
e2-blocking-50,binary,50,bot_2,3775,w,59,88.95,25,96.05,189,92.95,0
e2-blocking-50,binary,50,bot_3,3778,w,1,35.17,25,66.33,66,-0.33,0
e2-blocking-50,binary,50,bot_3,3778,w,3,4,25,54.5,74,19.5,0
e2-blocking-50,binary,50,bot_3,3778,w,5,2.17,25,75.76,73,-2.76,0
e2-blocking-50,binary,50,bot_3,3778,w,7,10.84,25,86.23,95,8.77,0
e2-blocking-50,binary,50,bot_3,3778,w,9,13.02,25,91.05,94,2.95,0
e2-blocking-50,binary,50,bot_3,3778,w,11,8.2,25,72.15,79,6.85,0
e2-blocking-50,binary,50,bot_3,3778,w,13,3.4,25,60.36,64,3.64,0
e2-blocking-50,binary,50,bot_3,3778,w,15,6.67,25,71.6,77,5.4,0
e2-blocking-50,binary,50,bot_3,3778,w,17,16.32,25,65.41,65,-0.41,0
e2-blocking-50,binary,50,bot_3,3778,w,19,9.73,25,61.04,68,6.96,0
e2-blocking-50,binary,50,bot_3,3778,w,21,24.82,25,83.98,90,6.02,0
e2-blocking-50,binary,50,bot_3,3778,w,23,23.89,25,82.08,96,13.92,0
e2-blocking-50,binary,50,bot_3,3778,w,25,20.76,25,91.36,110,18.64,0
e2-blocking-50,binary,50,bot_3,3778,w,27,20.02,25,102.12,124,21.88,0
e2-blocking-50,binary,50,bot_3,3778,w,29,18.09,25,141.45,157,15.55,0
e2-blocking-50,binary,50,bot_3,3778,w,31,12.59,25,138.7,152,13.3,0
e2-blocking-50,binary,50,bot_3,3778,w,33,71.96,25,90.66,168,77.34,0
e2-blocking-50,binary,50,bot_3,3778,w,35,65.79,25,99.23,164,64.77,0
e2-blocking-50,binary,50,bot_3,3778,w,37,57.36,25,111.33,166,54.67,0
e2-blocking-50,binary,50,bot_3,3778,w,39,60.78,25,124.31,170,45.69,0
e2-blocking-50,binary,50,bot_3,3778,w,41,55.49,25,133.22,190,56.78,0
e2-blocking-50,binary,50,bot_3,3778,w,43,48.28,25,137.58,187,49.42,0
e2-blocking-50,binary,50,bot_3,3778,w,45,38.22,25,143.66,182,38.34,0
e2-blocking-50,binary,50,bot_3,3778,w,47,40.96,25,148.41,182,33.59,0
e2-blocking-50,binary,50,bot_3,3778,w,49,31.94,25,176.75,201,24.25,0
e2-blocking-50,binary,50,bot_3,3778,w,51,23.92,25,181.25,199,17.75,0
e2-blocking-50,binary,50,bot_3,3778,w,53,21.63,25,195.46,209,13.54,0
e2-blocking-50,binary,50,bot_3,3778,w,55,77.8,25,187.9,195,7.1,0
e2-blocking-50,binary,50,bot_3,3778,w,57,62.57,25,142.18,206,63.82,0
e2-blocking-50,binary,50,bot_3,3778,w,59,50.33,25,146.7,207,60.3,0
e2-blocking-50,binary,50,bot_4,3772,w,1,28.55,25,73.33,74,0.67,0
e2-blocking-50,binary,50,bot_4,3772,w,3,36.61,25,60.59,76,15.41,0
e2-blocking-50,binary,50,bot_4,3772,w,5,26.74,25,67.55,86,18.45,0
e2-blocking-50,binary,50,bot_4,3772,w,7,35.67,25,64.77,92,27.23,0
e2-blocking-50,binary,50,bot_4,3772,w,9,9.45,25,60.6,74,13.4,0
e2-blocking-50,binary,50,bot_4,3772,w,11,9.86,25,66.07,70,3.93,0
e2-blocking-50,binary,50,bot_4,3772,w,13,15.07,25,60.68,73,12.32,0
e2-blocking-50,binary,50,bot_4,3772,w,15,12.99,25,55.41,72,16.59,0
e2-blocking-50,binary,50,bot_4,3772,w,17,7.79,25,67.66,70,2.34,0
e2-blocking-50,binary,50,bot_4,3772,w,19,25.01,25,68.7,69,0.3,0
e2-blocking-50,binary,50,bot_4,3772,w,21,30.23,25,83.68,90,6.32,0
e2-blocking-50,binary,50,bot_4,3772,w,23,44.43,25,86.07,106,19.93,0
e2-blocking-50,binary,50,bot_4,3772,w,25,37.7,25,65.26,96,30.74,0
e2-blocking-50,binary,50,bot_4,3772,w,27,43.05,25,81.99,115,33.01,0
e2-blocking-50,binary,50,bot_4,3772,w,29,39.61,25,120.86,156,35.14,0
e2-blocking-50,binary,50,bot_4,3772,w,31,26.41,25,118.37,146,27.63,0
e2-blocking-50,binary,50,bot_4,3772,w,33,27.52,25,134.79,155,20.21,0
e2-blocking-50,binary,50,bot_4,3772,w,35,20.94,25,145.38,160,14.62,0
e2-blocking-50,binary,50,bot_4,3772,w,37,87.46,25,155.27,170,14.73,0
e2-blocking-50,binary,50,bot_4,3772,w,39,67.29,25,121.58,180,58.42,0
e2-blocking-50,binary,50,bot_4,3772,w,41,53.64,25,123.8,185,61.2,0
e2-blocking-50,binary,50,bot_4,3772,w,43,34.75,25,139.74,190,50.26,0
e2-blocking-50,binary,50,bot_4,3772,w,45,43.75,25,112.22,165,52.78,0
e2-blocking-50,binary,50,bot_4,3772,w,47,44.07,25,138.97,174,35.03,0
e2-blocking-50,binary,50,bot_4,3772,w,49,35.73,25,158.81,193,34.19,0
e2-blocking-50,binary,50,bot_4,3772,w,51,31.17,25,162.47,190,27.53,0
e2-blocking-50,binary,50,bot_4,3772,w,53,23.66,25,179.57,201,21.43,0
e2-blocking-50,binary,50,bot_4,3772,w,55,22.29,25,172.46,183,10.54,0
e2-blocking-50,binary,50,bot_4,3772,w,57,12.38,25,192.19,200,7.81,0
e2-blocking-50,binary,50,bot_4,3772,w,59,100.46,25,84.27,199,114.73,0
e2-blocking-50,binary,50,bot_5,3773,w,1,24.19,25,77.66,78,0.34,0
e2-blocking-50,binary,50,bot_5,3773,w,3,34.93,25,62.66,75,12.34,0
e2-blocking-50,binary,50,bot_5,3773,w,5,26.07,25,68.21,85,16.79,0
e2-blocking-50,binary,50,bot_5,3773,w,7,33.62,25,67.04,94,26.96,0
e2-blocking-50,binary,50,bot_5,3773,w,9,8.6,25,61.05,71,9.95,0
e2-blocking-50,binary,50,bot_5,3773,w,11,8.42,25,67.07,68,0.93,0
e2-blocking-50,binary,50,bot_5,3773,w,13,12.67,25,63.06,74,10.94,0
e2-blocking-50,binary,50,bot_5,3773,w,15,11.01,25,56.61,68,11.39,0
e2-blocking-50,binary,50,bot_5,3773,w,17,6.18,25,69.2,71,1.8,0
e2-blocking-50,binary,50,bot_5,3773,w,19,18.52,25,56.48,74,17.52,0
e2-blocking-50,binary,50,bot_5,3773,w,21,28.16,25,85.88,91,5.12,0
e2-blocking-50,binary,50,bot_5,3773,w,23,42.28,25,88.34,107,18.66,0
e2-blocking-50,binary,50,bot_5,3773,w,25,35.72,25,66.73,96,29.27,0
e2-blocking-50,binary,50,bot_5,3773,w,27,39.36,25,86,115,29,0
e2-blocking-50,binary,50,bot_5,3773,w,29,35.85,25,124.06,156,31.94,0
e2-blocking-50,binary,50,bot_5,3773,w,31,24.13,25,121.11,145,23.89,0
e2-blocking-50,binary,50,bot_5,3773,w,33,23.06,25,138.92,156,17.08,0
e2-blocking-50,binary,50,bot_5,3773,w,35,17.09,25,149.27,160,10.73,0
e2-blocking-50,binary,50,bot_5,3773,w,37,71.42,25,108.69,181,72.31,0
e2-blocking-50,binary,50,bot_5,3773,w,39,64.15,25,125.11,178,52.89,0
e2-blocking-50,binary,50,bot_5,3773,w,41,49.99,25,127.96,185,57.04,0
e2-blocking-50,binary,50,bot_5,3773,w,43,31.89,25,141.9,188,46.1,0
e2-blocking-50,binary,50,bot_5,3773,w,45,26.02,25,129.21,164,34.79,0
e2-blocking-50,binary,50,bot_5,3773,w,47,28.8,25,154.55,178,23.45,0
e2-blocking-50,binary,50,bot_5,3773,w,49,21.95,25,172.75,189,16.25,0
e2-blocking-50,binary,50,bot_5,3773,w,51,18.63,25,174.55,187,12.45,0
e2-blocking-50,binary,50,bot_5,3773,w,53,100.89,25,194.42,195,0.58,0
e2-blocking-50,binary,50,bot_5,3773,w,55,85.71,25,90.76,183,92.24,0
e2-blocking-50,binary,50,bot_5,3773,w,57,91.26,25,102.47,198,95.53,0
e2-blocking-50,binary,50,bot_5,3773,w,59,83.38,25,101.85,188,86.15,0
e2-blocking-50,binary,50,bot_6,3776,b,2,9.92,25,80.12,84,3.88,0
e2-blocking-50,binary,50,bot_6,3776,b,4,15.76,25,73.19,89,15.81,0
e2-blocking-50,binary,50,bot_6,3776,b,6,27.03,25,71.42,88,16.58,0
e2-blocking-50,binary,50,bot_6,3776,b,8,6.02,25,69.08,86,16.92,0
e2-blocking-50,binary,50,bot_6,3776,b,10,3.3,25,72.86,69,-3.86,0
e2-blocking-50,binary,50,bot_6,3776,b,12,6.79,25,92.57,90,-2.57,0
e2-blocking-50,binary,50,bot_6,3776,b,14,13.15,25,69.73,88,18.27,0
e2-blocking-50,binary,50,bot_6,3776,b,16,10.99,25,66.61,70,3.39,0
e2-blocking-50,binary,50,bot_6,3776,b,18,9.4,25,70.57,75,4.43,0
e2-blocking-50,binary,50,bot_6,3776,b,20,20.36,25,71.1,71,-0.1,0
e2-blocking-50,binary,50,bot_6,3776,b,22,11.67,25,70.9,80,9.1,0
e2-blocking-50,binary,50,bot_6,3776,b,24,21.86,25,82.73,102,19.27,0
e2-blocking-50,binary,50,bot_6,3776,b,26,16.95,25,102.77,118,15.23,0
e2-blocking-50,binary,50,bot_6,3776,b,28,18.72,25,115.4,130,14.6,0
e2-blocking-50,binary,50,bot_6,3776,b,30,75.83,25,135.64,143,7.36,0
e2-blocking-50,binary,50,bot_6,3776,b,32,57.1,25,101.48,157,55.52,0
e2-blocking-50,binary,50,bot_6,3776,b,34,51.36,25,112.63,163,50.37,0
e2-blocking-50,binary,50,bot_6,3776,b,36,46.71,25,114.5,149,34.5,0
e2-blocking-50,binary,50,bot_6,3776,b,38,37.98,25,124.6,167,42.4,0
e2-blocking-50,binary,50,bot_6,3776,b,40,42.48,25,145.95,180,34.05,0
e2-blocking-50,binary,50,bot_6,3776,b,42,32.11,25,148.25,171,22.75,0
e2-blocking-50,binary,50,bot_6,3776,b,44,76.63,25,139.79,142,2.21,0
e2-blocking-50,binary,50,bot_6,3776,b,46,60.23,25,129.83,168,38.17,0
e2-blocking-50,binary,50,bot_6,3776,b,48,58.58,25,141.44,182,40.56,0
e2-blocking-50,binary,50,bot_6,3776,b,50,51.35,25,148.5,180,31.5,0
e2-blocking-50,binary,50,bot_6,3776,b,52,40.36,25,157.06,185,27.94,0
e2-blocking-50,binary,50,bot_6,3776,b,54,30.39,25,154.82,173,18.18,0
e2-blocking-50,binary,50,bot_6,3776,b,56,32.7,25,155.18,168,12.82,0
e2-blocking-50,binary,50,bot_6,3776,b,58,22.9,25,182.04,189,6.96,0
e2-blocking-50,binary,50,bot_6,3776,b,60,12.68,25,183.1,182,-1.1,0
e2-blocking-50,binary,50,bot_7,3776,w,1,9.61,25,92.06,90,-2.06,0
e2-blocking-50,binary,50,bot_7,3776,w,3,22.44,25,75.63,80,4.37,0
e2-blocking-50,binary,50,bot_7,3776,w,5,23.55,25,72.81,83,10.19,0
e2-blocking-50,binary,50,bot_7,3776,w,7,24.35,25,75.98,97,21.02,0
e2-blocking-50,binary,50,bot_7,3776,w,9,3.09,25,66.04,67,0.96,0
e2-blocking-50,binary,50,bot_7,3776,w,11,4.93,25,64.41,63,-1.41,0
e2-blocking-50,binary,50,bot_7,3776,w,13,25.12,25,71.11,74,2.89,0
e2-blocking-50,binary,50,bot_7,3776,w,15,9.92,25,55.24,63,7.76,0
e2-blocking-50,binary,50,bot_7,3776,w,17,12.25,25,63.78,70,6.22,0
e2-blocking-50,binary,50,bot_7,3776,w,19,7.51,25,66.92,71,4.08,0
e2-blocking-50,binary,50,bot_7,3776,w,21,15.07,25,73.74,89,15.26,0
e2-blocking-50,binary,50,bot_7,3776,w,23,26.94,25,102.72,110,7.28,0
e2-blocking-50,binary,50,bot_7,3776,w,25,22.29,25,81.01,98,16.99,0
e2-blocking-50,binary,50,bot_7,3776,w,27,21.29,25,105.39,118,12.61,0
e2-blocking-50,binary,50,bot_7,3776,w,29,14.38,25,144.97,158,13.03,0
e2-blocking-50,binary,50,bot_7,3776,w,31,62.38,25,83.05,154,70.95,0
e2-blocking-50,binary,50,bot_7,3776,w,33,57.21,25,104.96,157,52.04,0
e2-blocking-50,binary,50,bot_7,3776,w,35,42.86,25,116.66,163,46.34,0
e2-blocking-50,binary,50,bot_7,3776,w,37,48.68,25,130.79,172,41.21,0
e2-blocking-50,binary,50,bot_7,3776,w,39,40.92,25,148.03,183,34.97,0
e2-blocking-50,binary,50,bot_7,3776,w,41,30.08,25,147.64,186,38.36,0
e2-blocking-50,binary,50,bot_7,3776,w,43,16.14,25,156.47,183,26.53,0
e2-blocking-50,binary,50,bot_7,3776,w,45,51.94,25,104.88,172,67.13,0
e2-blocking-50,binary,50,bot_7,3776,w,47,53.56,25,130.02,179,48.98,0
e2-blocking-50,binary,50,bot_7,3776,w,49,45.31,25,149.78,198,48.22,0
e2-blocking-50,binary,50,bot_7,3776,w,51,41.42,25,152.29,193,40.71,0
e2-blocking-50,binary,50,bot_7,3776,w,53,31.44,25,171.6,201,29.4,0
e2-blocking-50,binary,50,bot_7,3776,w,55,25.38,25,169.6,189,19.4,0
e2-blocking-50,binary,50,bot_7,3776,w,57,20.84,25,184.14,206,21.86,0
e2-blocking-50,binary,50,bot_7,3776,w,59,12.53,25,183.58,196,12.42,0
e2-blocking-50,binary,50,bot_8,3777,w,1,5.77,25,95.66,94,-1.66,0
e2-blocking-50,binary,50,bot_8,3777,w,3,13.64,25,84.55,86,1.45,0
e2-blocking-50,binary,50,bot_8,3777,w,5,22.24,25,75.73,81,5.27,0
e2-blocking-50,binary,50,bot_8,3777,w,7,19.53,25,81.02,100,18.98,0
e2-blocking-50,binary,50,bot_8,3777,w,9,19.87,25,61.24,82,20.76,0
e2-blocking-50,binary,50,bot_8,3777,w,11,11.91,25,64.16,75,10.84,0
e2-blocking-50,binary,50,bot_8,3777,w,13,12.56,25,73.06,79,5.94,0
e2-blocking-50,binary,50,bot_8,3777,w,15,4.26,25,60.09,65,4.91,0
e2-blocking-50,binary,50,bot_8,3777,w,17,6.32,25,68.76,72,3.24,0
e2-blocking-50,binary,50,bot_8,3777,w,19,12.57,25,61.28,75,13.72,0
e2-blocking-50,binary,50,bot_8,3777,w,21,9.7,25,83.45,91,7.55,0
e2-blocking-50,binary,50,bot_8,3777,w,23,15.55,25,100.56,106,5.44,0
e2-blocking-50,binary,50,bot_8,3777,w,25,13.08,25,90.89,100,9.11,0
e2-blocking-50,binary,50,bot_8,3777,w,27,60.79,25,116.8,122,5.2,0
e2-blocking-50,binary,50,bot_8,3777,w,29,57.43,25,87.93,154,66.07,0
e2-blocking-50,binary,50,bot_8,3777,w,31,51.27,25,93.4,144,50.6,0
e2-blocking-50,binary,50,bot_8,3777,w,33,45.9,25,115.86,158,42.14,0
e2-blocking-50,binary,50,bot_8,3777,w,35,35.83,25,123.62,161,37.38,0
e2-blocking-50,binary,50,bot_8,3777,w,37,39.46,25,139.95,172,32.05,0
e2-blocking-50,binary,50,bot_8,3777,w,39,31.32,25,157.49,182,24.51,0
e2-blocking-50,binary,50,bot_8,3777,w,41,19.95,25,157.8,183,25.2,0
e2-blocking-50,binary,50,bot_8,3777,w,43,6.28,25,166.12,181,14.88,0
e2-blocking-50,binary,50,bot_8,3777,w,45,46.4,25,109.9,167,57.1,0
e2-blocking-50,binary,50,bot_8,3777,w,47,47.63,25,135.83,176,40.17,0
e2-blocking-50,binary,50,bot_8,3777,w,49,39.26,25,155.39,194,38.61,0
e2-blocking-50,binary,50,bot_8,3777,w,51,35.58,25,158.09,190,31.91,0
e2-blocking-50,binary,50,bot_8,3777,w,53,27.86,25,175.25,199,23.75,0
e2-blocking-50,binary,50,bot_8,3777,w,55,22.3,25,172.53,186,13.47,0
e2-blocking-50,binary,50,bot_8,3777,w,57,16.07,25,188.34,201,12.66,0
e2-blocking-50,binary,50,bot_8,3777,w,59,111.68,25,187.08,191,3.92,0
e2-blocking-50,binary,50,bot_9,3782,b,2,14.02,25,75.61,81,5.39,0
e2-blocking-50,binary,50,bot_9,3782,b,4,18.68,25,70.16,90,19.84,0
e2-blocking-50,binary,50,bot_9,3782,b,6,29.34,25,69.2,88,18.8,0
e2-blocking-50,binary,50,bot_9,3782,b,8,9.95,25,65.1,85,19.9,0
e2-blocking-50,binary,50,bot_9,3782,b,10,6.25,25,69.98,68,-1.98,0
e2-blocking-50,binary,50,bot_9,3782,b,12,9.66,25,91.21,88,-3.21,0
e2-blocking-50,binary,50,bot_9,3782,b,14,8.51,25,79.22,81,1.78,0
e2-blocking-50,binary,50,bot_9,3782,b,16,14.83,25,62.64,70,7.36,0
e2-blocking-50,binary,50,bot_9,3782,b,18,14.21,25,65.32,74,8.68,0
e2-blocking-50,binary,50,bot_9,3782,b,20,4.02,25,62.55,68,5.45,0
e2-blocking-50,binary,50,bot_9,3782,b,22,17.82,25,64.08,80,15.92,0
e2-blocking-50,binary,50,bot_9,3782,b,24,26.49,25,78.56,106,27.44,0
e2-blocking-50,binary,50,bot_9,3782,b,26,25.15,25,94.95,118,23.05,0
e2-blocking-50,binary,50,bot_9,3782,b,28,26.76,25,107.4,131,23.6,0
e2-blocking-50,binary,50,bot_9,3782,b,30,21.55,25,124.85,141,16.15,0
e2-blocking-50,binary,50,bot_9,3782,b,32,12.63,25,143.48,154,10.52,0
e2-blocking-50,binary,50,bot_9,3782,b,34,60.74,25,103.23,173,69.77,0
e2-blocking-50,binary,50,bot_9,3782,b,36,54.01,25,107.22,154,46.78,0
e2-blocking-50,binary,50,bot_9,3782,b,38,47.5,25,115.06,167,51.94,0
e2-blocking-50,binary,50,bot_9,3782,b,40,50.04,25,138.53,182,43.47,0
e2-blocking-50,binary,50,bot_9,3782,b,42,41.64,25,139.14,170,30.86,0
e2-blocking-50,binary,50,bot_9,3782,b,44,72.76,25,143.86,154,10.14,0
e2-blocking-50,binary,50,bot_9,3782,b,46,56.03,25,134.33,170,35.67,0
e2-blocking-50,binary,50,bot_9,3782,b,48,55.58,25,144.08,181,36.92,0
e2-blocking-50,binary,50,bot_9,3782,b,50,48.72,25,150.95,180,29.05,0
e2-blocking-50,binary,50,bot_9,3782,b,52,37.39,25,159.87,186,26.13,0
e2-blocking-50,binary,50,bot_9,3782,b,54,30.36,25,155.12,171,15.88,0
e2-blocking-50,binary,50,bot_9,3782,b,56,28.78,25,158.99,170,11.01,0
e2-blocking-50,binary,50,bot_9,3782,b,58,19.41,25,185.22,192,6.78,0
e2-blocking-50,binary,50,bot_9,3782,b,60,115.65,25,187.85,186,-1.85,0
e2-blocking-50,binary,50,bot_10,3783,w,1,5.94,25,97.29,95,-2.29,0
e2-blocking-50,binary,50,bot_10,3783,w,3,10.28,25,87.4,89,1.6,0
e2-blocking-50,binary,50,bot_10,3783,w,5,21.14,25,77.01,80,2.99,0
e2-blocking-50,binary,50,bot_10,3783,w,7,17.94,25,82.45,97,14.55,0
e2-blocking-50,binary,50,bot_10,3783,w,9,18.28,25,62.92,83,20.08,0
e2-blocking-50,binary,50,bot_10,3783,w,11,11.11,25,64.88,72,7.12,0
e2-blocking-50,binary,50,bot_10,3783,w,13,9.95,25,75.63,79,3.38,0
e2-blocking-50,binary,50,bot_10,3783,w,15,2.61,25,61.62,63,1.38,0
e2-blocking-50,binary,50,bot_10,3783,w,17,25.98,25,70.75,73,2.25,0
e2-blocking-50,binary,50,bot_10,3783,w,19,9.34,25,64.39,72,7.61,0
e2-blocking-50,binary,50,bot_10,3783,w,21,6.81,25,91.52,95,3.48,0
e2-blocking-50,binary,50,bot_10,3783,w,23,10.22,25,105.53,106,0.47,0
e2-blocking-50,binary,50,bot_10,3783,w,25,49.29,25,62.67,112,49.33,0
e2-blocking-50,binary,50,bot_10,3783,w,27,42.72,25,79.8,128,48.2,0
e2-blocking-50,binary,50,bot_10,3783,w,29,49.22,25,96.63,157,60.37,0
e2-blocking-50,binary,50,bot_10,3783,w,31,42.74,25,102.06,145,42.94,0
e2-blocking-50,binary,50,bot_10,3783,w,33,38.8,25,123.52,157,33.48,0
e2-blocking-50,binary,50,bot_10,3783,w,35,29.06,25,130.56,158,27.44,0
e2-blocking-50,binary,50,bot_10,3783,w,37,26.66,25,152.56,174,21.44,0
e2-blocking-50,binary,50,bot_10,3783,w,39,21.29,25,167.1,181,13.9,0
e2-blocking-50,binary,50,bot_10,3783,w,41,106.58,25,167.58,176,8.42,0
e2-blocking-50,binary,50,bot_10,3783,w,43,100.64,25,90.44,174,83.56,0
e2-blocking-50,binary,50,bot_10,3783,w,45,97.4,25,74.59,138,63.41,0
e2-blocking-50,binary,50,bot_10,3783,w,47,90.87,25,95.12,164,68.88,0
e2-blocking-50,binary,50,bot_10,3783,w,49,84.75,25,96.63,162,65.37,0
e2-blocking-50,binary,50,bot_10,3783,w,51,78.54,25,112.35,169,56.65,0
e2-blocking-50,binary,50,bot_10,3783,w,53,62.63,25,115.37,184,68.63,0
e2-blocking-50,binary,50,bot_10,3783,w,55,55.6,25,119.73,167,47.27,0
e2-blocking-50,binary,50,bot_10,3783,w,57,58.25,25,134.64,188,53.36,0
e2-blocking-50,binary,50,bot_10,3783,w,59,49.07,25,135.98,179,43.02,0
e2-blocking-50,binary,50,bot_11,3781,w,1,39.83,25,62.67,63,0.33,0
e2-blocking-50,binary,50,bot_11,3781,w,3,5.12,25,53.26,75,21.74,0
e2-blocking-50,binary,50,bot_11,3781,w,5,4.04,25,76.66,77,0.34,0
e2-blocking-50,binary,50,bot_11,3781,w,7,11.89,25,84.96,97,12.04,0
e2-blocking-50,binary,50,bot_11,3781,w,9,14.82,25,89.12,95,5.88,0
e2-blocking-50,binary,50,bot_11,3781,w,11,10.39,25,69.95,77,7.05,0
e2-blocking-50,binary,50,bot_11,3781,w,13,4.86,25,58.73,66,7.27,0
e2-blocking-50,binary,50,bot_11,3781,w,15,8.21,25,70.04,80,9.96,0
e2-blocking-50,binary,50,bot_11,3781,w,17,6.46,25,61.69,65,3.31,0
e2-blocking-50,binary,50,bot_11,3781,w,19,12.7,25,58.65,77,18.35,0
e2-blocking-50,binary,50,bot_11,3781,w,21,29.16,25,79.42,86,6.58,0
e2-blocking-50,binary,50,bot_11,3781,w,23,26.47,25,79.51,96,16.49,0
e2-blocking-50,binary,50,bot_11,3781,w,25,24.2,25,87.76,110,22.24,0
e2-blocking-50,binary,50,bot_11,3781,w,27,23.22,25,98.81,124,25.19,0
e2-blocking-50,binary,50,bot_11,3781,w,29,24.44,25,134.92,154,19.08,0
e2-blocking-50,binary,50,bot_11,3781,w,31,15.47,25,135.71,152,16.29,0
e2-blocking-50,binary,50,bot_11,3781,w,33,85.84,25,148.4,160,11.6,0
e2-blocking-50,binary,50,bot_11,3781,w,35,70.43,25,95.09,167,71.91,0
e2-blocking-50,binary,50,bot_11,3781,w,37,62.67,25,106.05,167,60.95,0
e2-blocking-50,binary,50,bot_11,3781,w,39,66.28,25,118.53,171,52.47,0
e2-blocking-50,binary,50,bot_11,3781,w,41,59.17,25,129.63,195,65.37,0
e2-blocking-50,binary,50,bot_11,3781,w,43,53.82,25,131.89,187,55.11,0
e2-blocking-50,binary,50,bot_11,3781,w,45,41.53,25,140.52,187,46.48,0
e2-blocking-50,binary,50,bot_11,3781,w,47,45.06,25,144.23,186,41.77,0
e2-blocking-50,binary,50,bot_11,3781,w,49,37.52,25,171.89,204,32.11,0
e2-blocking-50,binary,50,bot_11,3781,w,51,28.39,25,176.91,203,26.09,0
e2-blocking-50,binary,50,bot_11,3781,w,53,26.28,25,190.37,213,22.63,0
e2-blocking-50,binary,50,bot_11,3781,w,55,18.57,25,183.93,198,14.07,0
e2-blocking-50,binary,50,bot_11,3781,w,57,80.15,25,201.42,208,6.58,0
e2-blocking-50,binary,50,bot_11,3781,w,59,54.54,25,142.64,209,66.36,0
e2-blocking-50,binary,50,bot_12,3777,b,2,6.98,25,83.26,82,-1.26,0
e2-blocking-50,binary,50,bot_12,3777,b,4,10.92,25,77.87,83,5.13,0
e2-blocking-50,binary,50,bot_12,3777,b,6,22.82,25,74,90,16,0
e2-blocking-50,binary,50,bot_12,3777,b,8,25.97,25,77.06,89,11.94,0
e2-blocking-50,binary,50,bot_12,3777,b,10,13.74,25,56.17,68,11.83,0
e2-blocking-50,binary,50,bot_12,3777,b,12,9.37,25,61,64,3,0
e2-blocking-50,binary,50,bot_12,3777,b,14,8.72,25,73.92,80,6.08,0
e2-blocking-50,binary,50,bot_12,3777,b,16,6.87,25,71.09,67,-4.09,0
e2-blocking-50,binary,50,bot_12,3777,b,18,18.93,25,75.84,75,-0.84,0
e2-blocking-50,binary,50,bot_12,3777,b,20,11.49,25,66.39,71,4.61,0
e2-blocking-50,binary,50,bot_12,3777,b,22,9.93,25,82.5,85,2.5,0
e2-blocking-50,binary,50,bot_12,3777,b,24,13.25,25,90.76,98,7.24,0
e2-blocking-50,binary,50,bot_12,3777,b,26,8.29,25,110.61,116,5.39,0
e2-blocking-50,binary,50,bot_12,3777,b,28,70.6,25,87.89,141,53.11,0
e2-blocking-50,binary,50,bot_12,3777,b,30,54.14,25,96.37,146,49.63,0
e2-blocking-50,binary,50,bot_12,3777,b,32,46.1,25,112.03,157,44.97,0
e2-blocking-50,binary,50,bot_12,3777,b,34,40.96,25,122.96,162,39.04,0
e2-blocking-50,binary,50,bot_12,3777,b,36,36.28,25,124.62,153,28.38,0
e2-blocking-50,binary,50,bot_12,3777,b,38,28.75,25,134.33,166,31.67,0
e2-blocking-50,binary,50,bot_12,3777,b,40,28.51,25,160.66,185,24.34,0
e2-blocking-50,binary,50,bot_12,3777,b,42,19.5,25,161.23,174,12.77,0
e2-blocking-50,binary,50,bot_12,3777,b,44,68.25,25,148.33,140,-8.33,0
e2-blocking-50,binary,50,bot_12,3777,b,46,51.39,25,139.22,173,33.78,0
e2-blocking-50,binary,50,bot_12,3777,b,48,49.72,25,150.01,185,34.99,0
e2-blocking-50,binary,50,bot_12,3777,b,50,43.22,25,156.31,183,26.69,0
e2-blocking-50,binary,50,bot_12,3777,b,52,37.05,25,160.34,183,22.66,0
e2-blocking-50,binary,50,bot_12,3777,b,54,24.61,25,160.58,176,15.42,0
e2-blocking-50,binary,50,bot_12,3777,b,56,23.7,25,164.22,174,9.78,0
e2-blocking-50,binary,50,bot_12,3777,b,58,14.76,25,189.92,193,3.08,0
e2-blocking-50,binary,50,bot_12,3777,b,60,104.71,25,95.59,195,99.41,0
e2-blocking-50,binary,50,bot_13,3774,b,2,12.2,25,77.8,83,5.2,0
e2-blocking-50,binary,50,bot_13,3774,b,4,16.89,25,71.95,90,18.05,0
e2-blocking-50,binary,50,bot_13,3774,b,6,28.25,25,70.52,87,16.48,0
e2-blocking-50,binary,50,bot_13,3774,b,8,7.96,25,67.16,87,19.84,0
e2-blocking-50,binary,50,bot_13,3774,b,10,4.72,25,71.33,68,-3.33,0
e2-blocking-50,binary,50,bot_13,3774,b,12,7.96,25,91.24,88,-3.24,0
e2-blocking-50,binary,50,bot_13,3774,b,14,5.55,25,82.13,83,0.87,0
e2-blocking-50,binary,50,bot_13,3774,b,16,12.99,25,64.38,70,5.62,0
e2-blocking-50,binary,50,bot_13,3774,b,18,12.86,25,66.73,75,8.27,0
e2-blocking-50,binary,50,bot_13,3774,b,20,26.62,25,64.37,68,3.63,0
e2-blocking-50,binary,50,bot_13,3774,b,22,16.57,25,65.5,79,13.5,0
e2-blocking-50,binary,50,bot_13,3774,b,24,25.09,25,79.8,104,24.2,0
e2-blocking-50,binary,50,bot_13,3774,b,26,22.83,25,97.15,117,19.85,0
e2-blocking-50,binary,50,bot_13,3774,b,28,25.06,25,108.99,130,21.01,0
e2-blocking-50,binary,50,bot_13,3774,b,30,20.04,25,126.39,139,12.61,0
e2-blocking-50,binary,50,bot_13,3774,b,32,77.22,25,145.07,152,6.93,0
e2-blocking-50,binary,50,bot_13,3774,b,34,59.23,25,104.55,161,56.45,0
e2-blocking-50,binary,50,bot_13,3774,b,36,51.46,25,109.64,150,40.36,0
e2-blocking-50,binary,50,bot_13,3774,b,38,45.04,25,117.62,165,47.38,0
e2-blocking-50,binary,50,bot_13,3774,b,40,47.17,25,141.34,180,38.66,0
e2-blocking-50,binary,50,bot_13,3774,b,42,38.46,25,142.38,169,26.62,0
e2-blocking-50,binary,50,bot_13,3774,b,44,59.38,25,157,164,7,0
e2-blocking-50,binary,50,bot_13,3774,b,46,42.47,25,148.42,174,25.58,0
e2-blocking-50,binary,50,bot_13,3774,b,48,40.6,25,159.45,187,27.55,0
e2-blocking-50,binary,50,bot_13,3774,b,50,33.79,25,165.92,183,17.08,0
e2-blocking-50,binary,50,bot_13,3774,b,52,26.48,25,170.35,188,17.65,0
e2-blocking-50,binary,50,bot_13,3774,b,54,14.81,25,171.2,179,7.8,0
e2-blocking-50,binary,50,bot_13,3774,b,56,11.32,25,176.68,182,5.32,0
e2-blocking-50,binary,50,bot_13,3774,b,58,108.65,25,105.79,207,101.21,0
e2-blocking-50,binary,50,bot_13,3774,b,60,94.48,25,105.49,189,83.51,0
e2-blocking-50,binary,50,bot_14,3779,w,1,7.54,25,94.11,93,-1.11,0
e2-blocking-50,binary,50,bot_14,3779,w,3,18.86,25,79.15,82,2.85,0
e2-blocking-50,binary,50,bot_14,3779,w,5,23.16,25,74.2,83,8.8,0
e2-blocking-50,binary,50,bot_14,3779,w,7,22.34,25,78.31,99,20.69,0
e2-blocking-50,binary,50,bot_14,3779,w,9,22.87,25,58.97,86,27.03,0
e2-blocking-50,binary,50,bot_14,3779,w,11,12.79,25,62.66,75,12.34,0
e2-blocking-50,binary,50,bot_14,3779,w,13,15.59,25,69.99,77,7.01,0
e2-blocking-50,binary,50,bot_14,3779,w,15,6.27,25,58.46,65,6.54,0
e2-blocking-50,binary,50,bot_14,3779,w,17,8.79,25,66.65,72,5.35,0
e2-blocking-50,binary,50,bot_14,3779,w,19,17.62,25,70.59,73,2.41,0
e2-blocking-50,binary,50,bot_14,3779,w,21,9.71,25,78.74,91,12.26,0
e2-blocking-50,binary,50,bot_14,3779,w,23,22.65,25,107.07,111,3.93,0
e2-blocking-50,binary,50,bot_14,3779,w,25,18.87,25,84.9,99,14.1,0
e2-blocking-50,binary,50,bot_14,3779,w,27,16.9,25,110.08,118,7.92,0
e2-blocking-50,binary,50,bot_14,3779,w,29,70.22,25,150.18,158,7.82,0
e2-blocking-50,binary,50,bot_14,3779,w,31,57.3,25,87.89,142,54.11,0
e2-blocking-50,binary,50,bot_14,3779,w,33,50.79,25,111.21,159,47.79,0
e2-blocking-50,binary,50,bot_14,3779,w,35,39.95,25,119.24,160,40.76,0
e2-blocking-50,binary,50,bot_14,3779,w,37,43.37,25,136.12,173,36.88,0
e2-blocking-50,binary,50,bot_14,3779,w,39,34.39,25,154.7,186,31.3,0
e2-blocking-50,binary,50,bot_14,3779,w,41,24.34,25,153.61,186,32.39,0
e2-blocking-50,binary,50,bot_14,3779,w,43,9.51,25,162.61,185,22.39,0
e2-blocking-50,binary,50,bot_14,3779,w,45,30.07,25,125.42,162,36.58,0
e2-blocking-50,binary,50,bot_14,3779,w,47,31.89,25,151.65,176,24.35,0
e2-blocking-50,binary,50,bot_14,3779,w,49,24.15,25,170.39,190,19.61,0
e2-blocking-50,binary,50,bot_14,3779,w,51,20.82,25,172.88,188,15.12,0
e2-blocking-50,binary,50,bot_14,3779,w,53,10.18,25,192.99,201,8.01,0
e2-blocking-50,binary,50,bot_14,3779,w,55,87.75,25,88.41,195,106.59,0
e2-blocking-50,binary,50,bot_14,3779,w,57,94.45,25,99.13,201,101.88,0
e2-blocking-50,binary,50,bot_14,3779,w,59,86.34,25,99.02,189,89.98,0
e2-blocking-50,binary,50,bot_15,3780,b,2,15.86,25,73.97,86,12.03,0
e2-blocking-50,binary,50,bot_15,3780,b,4,20,25,68.92,93,24.08,0
e2-blocking-50,binary,50,bot_15,3780,b,6,30.72,25,68.51,87,18.49,0
e2-blocking-50,binary,50,bot_15,3780,b,8,12.19,25,62.83,85,22.17,0
e2-blocking-50,binary,50,bot_15,3780,b,10,11.1,25,64.61,65,0.39,0
e2-blocking-50,binary,50,bot_15,3780,b,12,11.51,25,89.34,89,-0.34,0
e2-blocking-50,binary,50,bot_15,3780,b,14,12.39,25,75.27,78,2.73,0
e2-blocking-50,binary,50,bot_15,3780,b,16,19.29,25,70.03,67,-3.03,0
e2-blocking-50,binary,50,bot_15,3780,b,18,17.12,25,62.44,72,9.56,0
e2-blocking-50,binary,50,bot_15,3780,b,20,7.14,25,59.51,66,6.49,0
e2-blocking-50,binary,50,bot_15,3780,b,22,20.61,25,61.3,78,16.7,0
e2-blocking-50,binary,50,bot_15,3780,b,24,30.22,25,74.69,105,30.31,0
e2-blocking-50,binary,50,bot_15,3780,b,26,29.39,25,91.01,116,24.99,0
e2-blocking-50,binary,50,bot_15,3780,b,28,31,25,103.14,130,26.86,0
e2-blocking-50,binary,50,bot_15,3780,b,30,24.94,25,120.99,140,19.01,0
e2-blocking-50,binary,50,bot_15,3780,b,32,17.31,25,139.45,153,13.55,0
e2-blocking-50,binary,50,bot_15,3780,b,34,75.93,25,153.16,162,8.84,0
e2-blocking-50,binary,50,bot_15,3780,b,36,57.39,25,103.63,154,50.37,0
e2-blocking-50,binary,50,bot_15,3780,b,38,51.62,25,111.19,166,54.81,0
e2-blocking-50,binary,50,bot_15,3780,b,40,55.1,25,133.26,181,47.74,0
e2-blocking-50,binary,50,bot_15,3780,b,42,42.01,25,138.67,173,34.33,0
e2-blocking-50,binary,50,bot_15,3780,b,44,55.62,25,160.44,175,14.56,0
e2-blocking-50,binary,50,bot_15,3780,b,46,38.66,25,152.42,175,22.58,0
e2-blocking-50,binary,50,bot_15,3780,b,48,35.7,25,164.59,188,23.41,0
e2-blocking-50,binary,50,bot_15,3780,b,50,29.86,25,170.19,186,15.81,0
e2-blocking-50,binary,50,bot_15,3780,b,52,22.21,25,174.98,188,13.02,0
e2-blocking-50,binary,50,bot_15,3780,b,54,12.33,25,173.4,176,2.6,0
e2-blocking-50,binary,50,bot_15,3780,b,56,125.28,25,179.15,178,-1.15,0
e2-blocking-50,binary,50,bot_15,3780,b,58,106.06,25,108.23,196,87.77,0
e2-blocking-50,binary,50,bot_15,3780,b,60,92.04,25,108.14,188,79.86,0
e2-blocking-50,binary,50,bot_16,3772,b,2,20.52,25,69.09,84,14.91,0
e2-blocking-50,binary,50,bot_16,3772,b,4,23.54,25,65.76,96,30.24,0
e2-blocking-50,binary,50,bot_16,3772,b,6,32.98,25,66.92,86,19.08,0
e2-blocking-50,binary,50,bot_16,3772,b,8,17.7,25,57.09,85,27.91,0
e2-blocking-50,binary,50,bot_16,3772,b,10,8.09,25,60.3,62,1.7,0
e2-blocking-50,binary,50,bot_16,3772,b,12,17.15,25,84.01,85,0.99,0
e2-blocking-50,binary,50,bot_16,3772,b,14,22.02,25,65.55,72,6.45,0
e2-blocking-50,binary,50,bot_16,3772,b,16,6.52,25,65.88,72,6.12,0
e2-blocking-50,binary,50,bot_16,3772,b,18,5.21,25,73.1,74,0.9,0
e2-blocking-50,binary,50,bot_16,3772,b,20,11.3,25,55.49,74,18.51,0
e2-blocking-50,binary,50,bot_16,3772,b,22,24.2,25,56.97,80,23.03,0
e2-blocking-50,binary,50,bot_16,3772,b,24,35.59,25,69.02,107,37.98,0
e2-blocking-50,binary,50,bot_16,3772,b,26,36.21,25,84.55,115,30.45,0
e2-blocking-50,binary,50,bot_16,3772,b,28,39.62,25,94.86,131,36.14,0
e2-blocking-50,binary,50,bot_16,3772,b,30,30.79,25,114.94,147,32.06,0
e2-blocking-50,binary,50,bot_16,3772,b,32,24.96,25,131.98,152,20.02,0
e2-blocking-50,binary,50,bot_16,3772,b,34,19.08,25,146.47,166,19.53,0
e2-blocking-50,binary,50,bot_16,3772,b,36,19.08,25,136.13,150,13.87,0
e2-blocking-50,binary,50,bot_16,3772,b,38,62.39,25,100.85,183,82.15,0
e2-blocking-50,binary,50,bot_16,3772,b,40,64.13,25,124.5,185,60.5,0
e2-blocking-50,binary,50,bot_16,3772,b,42,53.95,25,126.78,174,47.22,0
e2-blocking-50,binary,50,bot_16,3772,b,44,62.41,25,153.82,176,22.18,0
e2-blocking-50,binary,50,bot_16,3772,b,46,45.65,25,145.02,176,30.98,0
e2-blocking-50,binary,50,bot_16,3772,b,48,44.48,25,155.31,187,31.69,0
e2-blocking-50,binary,50,bot_16,3772,b,50,37.98,25,161.89,184,22.11,0
e2-blocking-50,binary,50,bot_16,3772,b,52,31.32,25,165.85,184,18.15,0
e2-blocking-50,binary,50,bot_16,3772,b,54,19.85,25,165.7,176,10.3,0
e2-blocking-50,binary,50,bot_16,3772,b,56,17.68,25,170.75,179,8.25,0
e2-blocking-50,binary,50,bot_16,3772,b,58,124.76,25,194.47,194,-0.47,0
e2-blocking-50,binary,50,bot_16,3772,b,60,100.66,25,99.6,186,86.4,0
e2-blocking-50,binary,50,bot_17,3780,w,1,20.8,25,81.02,81,-0.02,0
e2-blocking-50,binary,50,bot_17,3780,w,3,31.23,25,66.57,78,11.43,0
e2-blocking-50,binary,50,bot_17,3780,w,5,25.01,25,69.45,85,15.55,0
e2-blocking-50,binary,50,bot_17,3780,w,7,30.13,25,70.66,97,26.34,0
e2-blocking-50,binary,50,bot_17,3780,w,9,6.62,25,62.77,70,7.23,0
e2-blocking-50,binary,50,bot_17,3780,w,11,7.25,25,60.53,67,6.47,0
e2-blocking-50,binary,50,bot_17,3780,w,13,9.85,25,66.36,75,8.64,0
e2-blocking-50,binary,50,bot_17,3780,w,15,4.89,25,62.62,71,8.38,0
e2-blocking-50,binary,50,bot_17,3780,w,17,16.12,25,60.55,76,15.45,0
e2-blocking-50,binary,50,bot_17,3780,w,19,14.11,25,60.76,73,12.24,0
e2-blocking-50,binary,50,bot_17,3780,w,21,23.96,25,89.92,92,2.08,0
e2-blocking-50,binary,50,bot_17,3780,w,23,36.98,25,93.58,110,16.42,0
e2-blocking-50,binary,50,bot_17,3780,w,25,31.9,25,70.92,97,26.08,0
e2-blocking-50,binary,50,bot_17,3780,w,27,34.51,25,91.55,117,25.45,0
e2-blocking-50,binary,50,bot_17,3780,w,29,26.34,25,133.36,160,26.64,0
e2-blocking-50,binary,50,bot_17,3780,w,31,19.66,25,125.29,147,21.71,0
e2-blocking-50,binary,50,bot_17,3780,w,33,15.9,25,146.45,159,12.55,0
e2-blocking-50,binary,50,bot_17,3780,w,35,56.73,25,103.45,176,72.55,0
e2-blocking-50,binary,50,bot_17,3780,w,37,63.04,25,116.4,170,53.6,0
e2-blocking-50,binary,50,bot_17,3780,w,39,54.84,25,134.11,181,46.89,0
e2-blocking-50,binary,50,bot_17,3780,w,41,42.07,25,136.06,187,50.94,0
e2-blocking-50,binary,50,bot_17,3780,w,43,27.45,25,147.96,186,38.04,0
e2-blocking-50,binary,50,bot_17,3780,w,45,35.42,25,120.44,165,44.56,0
e2-blocking-50,binary,50,bot_17,3780,w,47,37.25,25,146.05,173,26.95,0
e2-blocking-50,binary,50,bot_17,3780,w,49,28.48,25,166.27,190,23.73,0
e2-blocking-50,binary,50,bot_17,3780,w,51,27.39,25,166.5,186,19.5,0
e2-blocking-50,binary,50,bot_17,3780,w,53,16.44,25,186.44,198,11.56,0
e2-blocking-50,binary,50,bot_17,3780,w,55,12.43,25,182.63,184,1.37,0
e2-blocking-50,binary,50,bot_17,3780,w,57,100.48,25,92.39,206,113.61,0
e2-blocking-50,binary,50,bot_17,3780,w,59,92.34,25,92.68,187,94.32,0
e2-blocking-50,binary,50,bot_18,3775,b,2,22.4,25,67.23,84,16.77,0
e2-blocking-50,binary,50,bot_18,3775,b,4,24.84,25,65.69,98,32.31,0
e2-blocking-50,binary,50,bot_18,3775,b,6,33.78,25,66.14,86,19.86,0
e2-blocking-50,binary,50,bot_18,3775,b,8,19.82,25,54.88,85,30.12,0
e2-blocking-50,binary,50,bot_18,3775,b,10,11.62,25,56.88,59,2.12,0
e2-blocking-50,binary,50,bot_18,3775,b,12,21.19,25,79.85,83,3.15,0
e2-blocking-50,binary,50,bot_18,3775,b,14,7.74,25,61.84,71,9.16,0
e2-blocking-50,binary,50,bot_18,3775,b,16,8.7,25,63.57,73,9.43,0
e2-blocking-50,binary,50,bot_18,3775,b,18,8.2,25,70.24,72,1.76,0
e2-blocking-50,binary,50,bot_18,3775,b,20,2.42,25,65.49,66,0.51,0
e2-blocking-50,binary,50,bot_18,3775,b,22,28,25,52.81,85,32.19,0
e2-blocking-50,binary,50,bot_18,3775,b,24,40.47,25,64.11,106,41.89,0
e2-blocking-50,binary,50,bot_18,3775,b,26,42.63,25,78.56,113,34.44,0
e2-blocking-50,binary,50,bot_18,3775,b,28,46.44,25,87.08,126,38.92,0
e2-blocking-50,binary,50,bot_18,3775,b,30,40.1,25,105.15,142,36.85,0
e2-blocking-50,binary,50,bot_18,3775,b,32,34.3,25,122.51,147,24.49,0
e2-blocking-50,binary,50,bot_18,3775,b,34,25.29,25,139.98,167,27.02,0
e2-blocking-50,binary,50,bot_18,3775,b,36,24.99,25,129.94,150,20.06,0
e2-blocking-50,binary,50,bot_18,3775,b,38,15.13,25,153.24,163,9.76,0
e2-blocking-50,binary,50,bot_18,3775,b,40,73.29,25,115.71,196,80.29,0
e2-blocking-50,binary,50,bot_18,3775,b,42,58.84,25,121.96,173,51.04,0
e2-blocking-50,binary,50,bot_18,3775,b,44,51.18,25,165.07,195,29.93,0
e2-blocking-50,binary,50,bot_18,3775,b,46,36.7,25,154.73,174,19.27,0
e2-blocking-50,binary,50,bot_18,3775,b,48,32.17,25,168.31,189,20.69,0
e2-blocking-50,binary,50,bot_18,3775,b,50,27.49,25,172.52,187,14.48,0
e2-blocking-50,binary,50,bot_18,3775,b,52,20.37,25,176.46,186,9.54,0
e2-blocking-50,binary,50,bot_18,3775,b,54,10.82,25,174.87,175,0.13,0
e2-blocking-50,binary,50,bot_18,3775,b,56,114.72,25,98.86,186,87.14,0
e2-blocking-50,binary,50,bot_18,3775,b,58,104.08,25,110.19,194,83.81,0
e2-blocking-50,binary,50,bot_18,3775,b,60,90.54,25,109.5,186,76.5,0
e2-blocking-50,binary,50,bot_19,3773,b,2,17.95,25,71.82,86,14.18,0
e2-blocking-50,binary,50,bot_19,3773,b,4,22.51,25,66.71,95,28.29,0
e2-blocking-50,binary,50,bot_19,3773,b,6,32.1,25,67.78,87,19.22,0
e2-blocking-50,binary,50,bot_19,3773,b,8,14.36,25,60.53,87,26.47,0
e2-blocking-50,binary,50,bot_19,3773,b,10,6.13,25,62.25,64,1.75,0
e2-blocking-50,binary,50,bot_19,3773,b,12,14.79,25,86.09,87,0.91,0
e2-blocking-50,binary,50,bot_19,3773,b,14,15.82,25,72.36,78,5.64,0
e2-blocking-50,binary,50,bot_19,3773,b,16,4.25,25,67.99,71,3.01,0
e2-blocking-50,binary,50,bot_19,3773,b,18,21.22,25,75.57,74,-1.57,0
e2-blocking-50,binary,50,bot_19,3773,b,20,9.48,25,57.2,68,10.8,0
e2-blocking-50,binary,50,bot_19,3773,b,22,22.93,25,58.7,80,21.3,0
e2-blocking-50,binary,50,bot_19,3773,b,24,32.98,25,71.51,107,35.49,0
e2-blocking-50,binary,50,bot_19,3773,b,26,33.11,25,87.62,117,29.38,0
e2-blocking-50,binary,50,bot_19,3773,b,28,35.78,25,98.38,131,32.62,0
e2-blocking-50,binary,50,bot_19,3773,b,30,28.2,25,117.72,147,29.28,0
e2-blocking-50,binary,50,bot_19,3773,b,32,21.29,25,135.66,153,17.34,0
e2-blocking-50,binary,50,bot_19,3773,b,34,15.87,25,149.67,164,14.33,0
e2-blocking-50,binary,50,bot_19,3773,b,36,77.26,25,141.3,151,9.7,0
e2-blocking-50,binary,50,bot_19,3773,b,38,58.22,25,104.98,168,63.02,0
e2-blocking-50,binary,50,bot_19,3773,b,40,61.31,25,127.6,185,57.4,0
e2-blocking-50,binary,50,bot_19,3773,b,42,49.49,25,131.5,173,41.5,0
e2-blocking-50,binary,50,bot_19,3773,b,44,45.12,25,170.75,193,22.25,0
e2-blocking-50,binary,50,bot_19,3773,b,46,33.45,25,158.13,171,12.87,0
e2-blocking-50,binary,50,bot_19,3773,b,48,26.07,25,174.22,190,15.78,0
e2-blocking-50,binary,50,bot_19,3773,b,50,22.71,25,178.33,187,8.67,0
e2-blocking-50,binary,50,bot_19,3773,b,52,11.18,25,185.52,192,6.48,0
e2-blocking-50,binary,50,bot_19,3773,b,54,103,25,99.85,187,87.15,0
e2-blocking-50,binary,50,bot_19,3773,b,56,106.21,25,107.77,181,73.23,0
e2-blocking-50,binary,50,bot_19,3773,b,58,96.49,25,116.73,195,78.27,0
e2-blocking-50,binary,50,bot_19,3773,b,60,82.43,25,117.63,189,71.37,0
e2-blocking-50,binary,50,bot_20,3778,b,2,24.35,25,65.45,81,15.55,0
e2-blocking-50,binary,50,bot_20,3778,b,4,3.45,25,56.07,52,-4.07,0
e2-blocking-50,binary,50,bot_20,3778,b,6,11.91,25,81.38,76,-5.38,0
e2-blocking-50,binary,50,bot_20,3778,b,8,8.12,25,91.04,95,3.96,0
e2-blocking-50,binary,50,bot_20,3778,b,10,10.58,25,71.43,78,6.57,0
e2-blocking-50,binary,50,bot_20,3778,b,12,7.8,25,81.07,82,0.93,0
e2-blocking-50,binary,50,bot_20,3778,b,14,9.55,25,80.77,78,-2.77,0
e2-blocking-50,binary,50,bot_20,3778,b,16,4.49,25,72.99,72,-0.99,0
e2-blocking-50,binary,50,bot_20,3778,b,18,11.54,25,69.04,78,8.96,0
e2-blocking-50,binary,50,bot_20,3778,b,20,8.81,25,63.21,65,1.79,0
e2-blocking-50,binary,50,bot_20,3778,b,22,18.59,25,65.84,83,17.16,0
e2-blocking-50,binary,50,bot_20,3778,b,24,22.58,25,83.84,102,18.16,0
e2-blocking-50,binary,50,bot_20,3778,b,26,26.31,25,85.91,99,13.09,0
e2-blocking-50,binary,50,bot_20,3778,b,28,19.6,25,103.21,116,12.79,0
e2-blocking-50,binary,50,bot_20,3778,b,30,17.28,25,126.72,138,11.28,0
e2-blocking-50,binary,50,bot_20,3778,b,32,82.13,25,134.79,139,4.21,0
e2-blocking-50,binary,50,bot_20,3778,b,34,68.82,25,96.36,162,65.64,0
e2-blocking-50,binary,50,bot_20,3778,b,36,58.67,25,96.55,156,59.45,0
e2-blocking-50,binary,50,bot_20,3778,b,38,50.23,25,119.97,170,50.03,0
e2-blocking-50,binary,50,bot_20,3778,b,40,61.22,25,124.21,179,54.79,0
e2-blocking-50,binary,50,bot_20,3778,b,42,52.91,25,127.33,176,48.67,0
e2-blocking-50,binary,50,bot_20,3778,b,44,48.79,25,142.66,178,35.34,0
e2-blocking-50,binary,50,bot_20,3778,b,46,43.94,25,131.3,157,25.7,0
e2-blocking-50,binary,50,bot_20,3778,b,48,34.14,25,152.34,180,27.66,0
e2-blocking-50,binary,50,bot_20,3778,b,50,28.66,25,152.75,171,18.25,0
e2-blocking-50,binary,50,bot_20,3778,b,52,24.61,25,166.63,178,11.37,0
e2-blocking-50,binary,50,bot_20,3778,b,54,17.83,25,159.89,169,9.11,0
e2-blocking-50,binary,50,bot_20,3778,b,56,73.15,25,114.93,180,65.07,0
e2-blocking-50,binary,50,bot_20,3778,b,58,70.34,25,133.1,183,49.9,0
e2-blocking-50,binary,50,bot_20,3778,b,60,62.04,25,134.43,171,36.57,0
e2-blocking-50,binary,50,bot_21,3774,w,1,12.36,25,89.26,91,1.74,0
e2-blocking-50,binary,50,bot_21,3774,w,3,24.5,25,73.59,80,6.41,0
e2-blocking-50,binary,50,bot_21,3774,w,5,24.13,25,71.65,85,13.35,0
e2-blocking-50,binary,50,bot_21,3774,w,7,26.38,25,74.36,97,22.64,0
e2-blocking-50,binary,50,bot_21,3774,w,9,4.15,25,65.05,69,3.95,0
e2-blocking-50,binary,50,bot_21,3774,w,11,5.89,25,63.23,64,0.77,0
e2-blocking-50,binary,50,bot_21,3774,w,13,7.91,25,68.53,74,5.47,0
e2-blocking-50,binary,50,bot_21,3774,w,15,14.21,25,65.46,67,1.54,0
e2-blocking-50,binary,50,bot_21,3774,w,17,14.92,25,61.15,70,8.85,0
e2-blocking-50,binary,50,bot_21,3774,w,19,10.93,25,63.59,72,8.41,0
e2-blocking-50,binary,50,bot_21,3774,w,21,20.63,25,68.7,90,21.3,0
e2-blocking-50,binary,50,bot_21,3774,w,23,31.18,25,98.97,112,13.03,0
e2-blocking-50,binary,50,bot_21,3774,w,25,26.88,25,76.18,98,21.82,0
e2-blocking-50,binary,50,bot_21,3774,w,27,27.45,25,98.8,117,18.2,0
e2-blocking-50,binary,50,bot_21,3774,w,29,20.02,25,139.71,160,20.29,0
e2-blocking-50,binary,50,bot_21,3774,w,31,13.81,25,131.66,148,16.34,0
e2-blocking-50,binary,50,bot_21,3774,w,33,62.11,25,100.85,174,73.15,0
e2-blocking-50,binary,50,bot_21,3774,w,35,47.97,25,111.8,167,55.2,0
e2-blocking-50,binary,50,bot_21,3774,w,37,54.56,25,124.75,173,48.25,0
e2-blocking-50,binary,50,bot_21,3774,w,39,46.08,25,143.19,184,40.81,0
e2-blocking-50,binary,50,bot_21,3774,w,41,34.77,25,143.42,186,42.58,0
e2-blocking-50,binary,50,bot_21,3774,w,43,22.83,25,154.19,188,33.81,0
e2-blocking-50,binary,50,bot_21,3774,w,45,38.7,25,117.14,165,47.86,0
e2-blocking-50,binary,50,bot_21,3774,w,47,40.37,25,142.95,174,31.05,0
e2-blocking-50,binary,50,bot_21,3774,w,49,31.11,25,163.45,193,29.55,0
e2-blocking-50,binary,50,bot_21,3774,w,51,30.88,25,162.36,186,23.64,0
e2-blocking-50,binary,50,bot_21,3774,w,53,21.05,25,181.8,197,15.2,0
e2-blocking-50,binary,50,bot_21,3774,w,55,18.18,25,176.57,180,3.43,0
e2-blocking-50,binary,50,bot_21,3774,w,57,113.71,25,195.54,196,0.46,0
e2-blocking-50,binary,50,bot_21,3774,w,59,96.05,25,88.35,186,97.65,0
e2-blocking-50,binary,50,bot_22,3779,b,2,8.09,25,82.09,82,-0.09,0
e2-blocking-50,binary,50,bot_22,3779,b,4,13.76,25,74.99,87,12.01,0
e2-blocking-50,binary,50,bot_22,3779,b,6,25.89,25,70.92,89,18.08,0
e2-blocking-50,binary,50,bot_22,3779,b,8,31.67,25,71.08,86,14.92,0
e2-blocking-50,binary,50,bot_22,3779,b,10,16.35,25,54.21,69,14.79,0
e2-blocking-50,binary,50,bot_22,3779,b,12,11.07,25,59.51,64,4.49,0
e2-blocking-50,binary,50,bot_22,3779,b,14,11.15,25,71.49,81,9.51,0
e2-blocking-50,binary,50,bot_22,3779,b,16,8.63,25,69.08,68,-1.08,0
e2-blocking-50,binary,50,bot_22,3779,b,18,6.98,25,73.41,75,1.59,0
e2-blocking-50,binary,50,bot_22,3779,b,20,16.71,25,61.51,72,10.49,0
e2-blocking-50,binary,50,bot_22,3779,b,22,7.69,25,75.44,78,2.56,0
e2-blocking-50,binary,50,bot_22,3779,b,24,19.06,25,85.66,102,16.34,0
e2-blocking-50,binary,50,bot_22,3779,b,26,12.12,25,107.4,119,11.6,0
e2-blocking-50,binary,50,bot_22,3779,b,28,12.4,25,122.04,132,9.96,0
e2-blocking-50,binary,50,bot_22,3779,b,30,59.27,25,91.94,154,62.06,0
e2-blocking-50,binary,50,bot_22,3779,b,32,51.83,25,106.66,157,50.34,0
e2-blocking-50,binary,50,bot_22,3779,b,34,45.23,25,118.68,163,44.32,0
e2-blocking-50,binary,50,bot_22,3779,b,36,41.36,25,119.58,153,33.42,0
e2-blocking-50,binary,50,bot_22,3779,b,38,34.55,25,128.12,165,36.88,0
e2-blocking-50,binary,50,bot_22,3779,b,40,36.08,25,152.66,180,27.34,0
e2-blocking-50,binary,50,bot_22,3779,b,42,27.16,25,153.63,170,16.38,0
e2-blocking-50,binary,50,bot_22,3779,b,44,48.26,25,167.8,167,-0.8,0
e2-blocking-50,binary,50,bot_22,3779,b,46,36.55,25,154.99,173,18.01,0
e2-blocking-50,binary,50,bot_22,3779,b,48,30.61,25,169.8,189,19.2,0
e2-blocking-50,binary,50,bot_22,3779,b,50,25.99,25,173.74,184,10.26,0
e2-blocking-50,binary,50,bot_22,3779,b,52,18.47,25,178.32,186,7.68,0
e2-blocking-50,binary,50,bot_22,3779,b,54,118.29,25,176.63,174,-2.63,0
e2-blocking-50,binary,50,bot_22,3779,b,56,112.25,25,101.22,176,74.78,0
e2-blocking-50,binary,50,bot_22,3779,b,58,101.58,25,111.73,194,82.27,0
e2-blocking-50,binary,50,bot_22,3779,b,60,88.29,25,111.96,185,73.04,0
e2-blocking-50,binary,50,bot_23,3782,w,1,15.49,25,86.07,88,1.93,0
e2-blocking-50,binary,50,bot_23,3782,w,3,27.45,25,70.47,80,9.53,0
e2-blocking-50,binary,50,bot_23,3782,w,5,25.32,25,70.32,85,14.68,0
e2-blocking-50,binary,50,bot_23,3782,w,7,28.39,25,72.33,97,24.67,0
e2-blocking-50,binary,50,bot_23,3782,w,9,5.86,25,63.55,69,5.45,0
e2-blocking-50,binary,50,bot_23,3782,w,11,5.1,25,62.54,64,1.46,0
e2-blocking-50,binary,50,bot_23,3782,w,13,9.01,25,67.34,74,6.66,0
e2-blocking-50,binary,50,bot_23,3782,w,15,14.98,25,64.67,69,4.33,0
e2-blocking-50,binary,50,bot_23,3782,w,17,15.94,25,60.39,70,9.61,0
e2-blocking-50,binary,50,bot_23,3782,w,19,13.09,25,61.59,71,9.41,0
e2-blocking-50,binary,50,bot_23,3782,w,21,22.58,25,91.15,90,-1.15,0
e2-blocking-50,binary,50,bot_23,3782,w,23,34.68,25,95.69,110,14.31,0
e2-blocking-50,binary,50,bot_23,3782,w,25,29.71,25,73.02,96,22.98,0
e2-blocking-50,binary,50,bot_23,3782,w,27,31.47,25,94.64,114,19.36,0
e2-blocking-50,binary,50,bot_23,3782,w,29,22.95,25,136.57,159,22.43,0
e2-blocking-50,binary,50,bot_23,3782,w,31,17.36,25,127.78,145,17.22,0
e2-blocking-50,binary,50,bot_23,3782,w,33,77.53,25,150.7,159,8.3,0
e2-blocking-50,binary,50,bot_23,3782,w,35,53.76,25,105.7,162,56.3,0
e2-blocking-50,binary,50,bot_23,3782,w,37,59.26,25,119.96,170,50.04,0
e2-blocking-50,binary,50,bot_23,3782,w,39,51.26,25,137.97,181,43.03,0
e2-blocking-50,binary,50,bot_23,3782,w,41,38.98,25,138.94,184,45.06,0
e2-blocking-50,binary,50,bot_23,3782,w,43,26.11,25,150.5,188,37.5,0
e2-blocking-50,binary,50,bot_23,3782,w,45,48.95,25,107.69,170,62.31,0
e2-blocking-50,binary,50,bot_23,3782,w,47,50.61,25,132.94,178,45.06,0
e2-blocking-50,binary,50,bot_23,3782,w,49,42.83,25,152.12,197,44.88,0
e2-blocking-50,binary,50,bot_23,3782,w,51,38.95,25,154.45,192,37.55,0
e2-blocking-50,binary,50,bot_23,3782,w,53,29.23,25,174.15,200,25.85,0
e2-blocking-50,binary,50,bot_23,3782,w,55,24,25,171.17,188,16.83,0
e2-blocking-50,binary,50,bot_23,3782,w,57,18.95,25,185.61,204,18.39,0
e2-blocking-50,binary,50,bot_23,3782,w,59,10.88,25,184.79,193,8.21,0
e2-blocking-50,binary,50,bot_24,3783,b,2,6.16,25,81.58,87,5.42,0
e2-blocking-50,binary,50,bot_24,3783,b,4,8.24,25,80.11,87,6.89,0
e2-blocking-50,binary,50,bot_24,3783,b,6,19.93,25,76.61,96,19.39,0
e2-blocking-50,binary,50,bot_24,3783,b,8,24.34,25,78.93,95,16.07,0
e2-blocking-50,binary,50,bot_24,3783,b,10,10.99,25,58.9,75,16.1,0
e2-blocking-50,binary,50,bot_24,3783,b,12,8.18,25,61.91,70,8.09,0
e2-blocking-50,binary,50,bot_24,3783,b,14,5.95,25,76.8,85,8.2,0
e2-blocking-50,binary,50,bot_24,3783,b,16,6.1,25,72.12,73,0.88,0
e2-blocking-50,binary,50,bot_24,3783,b,18,12.14,25,61.75,86,24.25,0
e2-blocking-50,binary,50,bot_24,3783,b,20,6.91,25,71.36,79,7.64,0
e2-blocking-50,binary,50,bot_24,3783,b,22,4.48,25,83.34,88,4.66,0
e2-blocking-50,binary,50,bot_24,3783,b,24,52.81,25,97.04,106,8.96,0
e2-blocking-50,binary,50,bot_24,3783,b,26,51.86,25,70.97,117,46.03,0
e2-blocking-50,binary,50,bot_24,3783,b,28,64.19,25,93.89,135,41.11,0
e2-blocking-50,binary,50,bot_24,3783,b,30,46.73,25,103.8,150,46.2,0
e2-blocking-50,binary,50,bot_24,3783,b,32,37.56,25,121.03,162,40.97,0
e2-blocking-50,binary,50,bot_24,3783,b,34,30.89,25,132.97,170,37.03,0
e2-blocking-50,binary,50,bot_24,3783,b,36,25.16,25,135.39,162,26.61,0
e2-blocking-50,binary,50,bot_24,3783,b,38,17.99,25,145.13,171,25.87,0
e2-blocking-50,binary,50,bot_24,3783,b,40,14.54,25,174.53,194,19.47,0
e2-blocking-50,binary,50,bot_24,3783,b,42,95.26,25,88.69,193,104.31,0
e2-blocking-50,binary,50,bot_24,3783,b,44,75.16,25,109.66,201,91.34,0
e2-blocking-50,binary,50,bot_24,3783,b,46,78.68,25,111.42,199,87.58,0
e2-blocking-50,binary,50,bot_24,3783,b,48,77.54,25,131.09,212,80.91,0
e2-blocking-50,binary,50,bot_24,3783,b,50,69.59,25,136.29,213,76.71,0
e2-blocking-50,binary,50,bot_24,3783,b,52,80.48,25,135.53,205,69.47,0
e2-blocking-50,binary,50,bot_24,3783,b,54,58.51,25,144.37,197,52.63,0
e2-blocking-50,binary,50,bot_24,3783,b,56,63.09,25,150.96,198,47.04,0
e2-blocking-50,binary,50,bot_24,3783,b,58,53.96,25,159.25,209,49.75,0
e2-blocking-50,binary,50,bot_24,3783,b,60,46.64,25,154.05,195,40.95,0
e2-blocking-50,binary,50,bot_25,3784,w,1,3.07,25,60.97,61,0.03,0
e2-blocking-50,binary,50,bot_25,3784,w,3,7.84,25,88.16,93,4.84,0
e2-blocking-50,binary,50,bot_25,3784,w,5,19.61,25,78.93,83,4.07,0
e2-blocking-50,binary,50,bot_25,3784,w,7,15.97,25,84.34,101,16.66,0
e2-blocking-50,binary,50,bot_25,3784,w,9,17.13,25,64.11,86,21.89,0
e2-blocking-50,binary,50,bot_25,3784,w,11,8.98,25,67.52,76,8.48,0
e2-blocking-50,binary,50,bot_25,3784,w,13,7.03,25,78.5,84,5.5,0
e2-blocking-50,binary,50,bot_25,3784,w,15,20.98,25,56.15,76,19.85,0
e2-blocking-50,binary,50,bot_25,3784,w,17,21.1,25,67.48,70,2.52,0
e2-blocking-50,binary,50,bot_25,3784,w,19,7.72,25,66.08,74,7.92,0
e2-blocking-50,binary,50,bot_25,3784,w,21,29.15,25,55.48,96,40.52,0
e2-blocking-50,binary,50,bot_25,3784,w,23,34.02,25,72.61,115,42.39,0
e2-blocking-50,binary,50,bot_25,3784,w,25,39.62,25,72.26,114,41.74,0
e2-blocking-50,binary,50,bot_25,3784,w,27,32.76,25,89.71,131,41.29,0
e2-blocking-50,binary,50,bot_25,3784,w,29,36.11,25,109.73,165,55.27,0
e2-blocking-50,binary,50,bot_25,3784,w,31,28.15,25,116.74,152,35.26,0
e2-blocking-50,binary,50,bot_25,3784,w,33,22.46,25,139.87,169,29.13,0
e2-blocking-50,binary,50,bot_25,3784,w,35,19.21,25,141.35,162,20.65,0
e2-blocking-50,binary,50,bot_25,3784,w,37,13.38,25,166.3,181,14.7,0
e2-blocking-50,binary,50,bot_25,3784,w,39,89.31,25,97.14,201,103.86,0
e2-blocking-50,binary,50,bot_25,3784,w,41,87.7,25,94.41,177,82.59,0
e2-blocking-50,binary,50,bot_25,3784,w,43,86.12,25,105.02,181,75.98,0
e2-blocking-50,binary,50,bot_25,3784,w,45,86.33,25,86.37,142,55.63,0
e2-blocking-50,binary,50,bot_25,3784,w,47,76.13,25,109.92,171,61.08,0
e2-blocking-50,binary,50,bot_25,3784,w,49,67.79,25,114.36,172,57.64,0
e2-blocking-50,binary,50,bot_25,3784,w,51,64.85,25,126.19,179,52.81,0
e2-blocking-50,binary,50,bot_25,3784,w,53,47.16,25,130.8,191,60.2,0
e2-blocking-50,binary,50,bot_25,3784,w,55,43.11,25,131.45,172,40.55,0
e2-blocking-50,binary,50,bot_25,3784,w,57,42.81,25,150.27,193,42.73,0
e2-blocking-50,binary,50,bot_25,3784,w,59,34.35,25,150.92,187,36.08,0
e2-blocking-50,binary,50,bot_26,3784,b,2,7.71,25,80.22,83,2.78,0
e2-blocking-50,binary,50,bot_26,3784,b,4,6.15,25,82.21,87,4.79,0
e2-blocking-50,binary,50,bot_26,3784,b,6,18.16,25,78.45,96,17.55,0
e2-blocking-50,binary,50,bot_26,3784,b,8,22.93,25,80.44,94,13.56,0
e2-blocking-50,binary,50,bot_26,3784,b,10,8.65,25,61.28,76,14.72,0
e2-blocking-50,binary,50,bot_26,3784,b,12,6.61,25,63.27,70,6.73,0
e2-blocking-50,binary,50,bot_26,3784,b,14,21.61,25,78.85,84,5.15,0
e2-blocking-50,binary,50,bot_26,3784,b,16,3.93,25,52.16,72,19.84,0
e2-blocking-50,binary,50,bot_26,3784,b,18,9.37,25,62.83,83,20.17,0
e2-blocking-50,binary,50,bot_26,3784,b,20,41.41,25,80.76,86,5.24,0
e2-blocking-50,binary,50,bot_26,3784,b,22,42.39,25,62.11,89,26.89,0
e2-blocking-50,binary,50,bot_26,3784,b,24,43.47,25,69.22,102,32.78,0
e2-blocking-50,binary,50,bot_26,3784,b,26,43.64,25,78.81,116,37.19,0
e2-blocking-50,binary,50,bot_26,3784,b,28,55.26,25,102.55,134,31.45,0
e2-blocking-50,binary,50,bot_26,3784,b,30,36.68,25,113.63,147,33.37,0
e2-blocking-50,binary,50,bot_26,3784,b,32,29.8,25,128.6,156,27.4,0
e2-blocking-50,binary,50,bot_26,3784,b,34,21.52,25,142.2,162,19.8,0
e2-blocking-50,binary,50,bot_26,3784,b,36,15.56,25,143.98,161,17.02,0
e2-blocking-50,binary,50,bot_26,3784,b,38,103.71,25,153.2,165,11.8,0
e2-blocking-50,binary,50,bot_26,3784,b,40,83.55,25,104.57,192,87.43,0
e2-blocking-50,binary,50,bot_26,3784,b,42,84.65,25,99.43,184,84.57,0
e2-blocking-50,binary,50,bot_26,3784,b,44,63.9,25,119.89,196,76.11,0
e2-blocking-50,binary,50,bot_26,3784,b,46,70.4,25,119.31,197,77.69,0
e2-blocking-50,binary,50,bot_26,3784,b,48,66.81,25,141.95,209,67.05,0
e2-blocking-50,binary,50,bot_26,3784,b,50,62.44,25,143,202,59,0
e2-blocking-50,binary,50,bot_26,3784,b,52,68.82,25,147.03,203,55.97,0
e2-blocking-50,binary,50,bot_26,3784,b,54,50.67,25,152.58,190,37.42,0
e2-blocking-50,binary,50,bot_26,3784,b,56,50.59,25,163.51,198,34.49,0
e2-blocking-50,binary,50,bot_26,3784,b,58,45.41,25,167.53,201,33.47,0
e2-blocking-50,binary,50,bot_26,3784,b,60,42.02,25,158.37,184,25.63,0
e2-blocking-50,binary,50,bot_27,3785,w,1,2.3,25,57.79,58,0.21,0
e2-blocking-50,binary,50,bot_27,3785,w,3,5.53,25,80.26,86,5.74,0
e2-blocking-50,binary,50,bot_27,3785,w,5,16.15,25,80.5,98,17.5,0
e2-blocking-50,binary,50,bot_27,3785,w,7,21.95,25,81.57,94,12.43,0
e2-blocking-50,binary,50,bot_27,3785,w,9,6.9,25,62.95,76,13.05,0
e2-blocking-50,binary,50,bot_27,3785,w,11,3.58,25,66.21,71,4.79,0
e2-blocking-50,binary,50,bot_27,3785,w,13,14.81,25,64.6,88,23.4,0
e2-blocking-50,binary,50,bot_27,3785,w,15,13.01,25,54.76,70,15.24,0
e2-blocking-50,binary,50,bot_27,3785,w,17,7.14,25,64.52,79,14.48,0
e2-blocking-50,binary,50,bot_27,3785,w,19,37.23,25,85.16,87,1.84,0
e2-blocking-50,binary,50,bot_27,3785,w,21,36.99,25,68.02,93,24.98,0
e2-blocking-50,binary,50,bot_27,3785,w,23,38.6,25,73.38,103,29.62,0
e2-blocking-50,binary,50,bot_27,3785,w,25,37.41,25,84.78,118,33.22,0
e2-blocking-50,binary,50,bot_27,3785,w,27,49.8,25,108.73,135,26.27,0
e2-blocking-50,binary,50,bot_27,3785,w,29,30.9,25,119.46,146,26.54,0
e2-blocking-50,binary,50,bot_27,3785,w,31,26.39,25,131.95,154,22.05,0
e2-blocking-50,binary,50,bot_27,3785,w,33,16.88,25,146.86,163,16.14,0
e2-blocking-50,binary,50,bot_27,3785,w,35,91.85,25,150.13,162,11.87,0
e2-blocking-50,binary,50,bot_27,3785,w,37,87.9,25,96.07,166,69.93,0
e2-blocking-50,binary,50,bot_27,3785,w,39,77.59,25,110.55,193,82.45,0
e2-blocking-50,binary,50,bot_27,3785,w,41,76.96,25,107.49,185,77.51,0
e2-blocking-50,binary,50,bot_27,3785,w,43,57.83,25,125.68,193,67.32,0
e2-blocking-50,binary,50,bot_27,3785,w,45,66.09,25,123.5,191,67.5,0
e2-blocking-50,binary,50,bot_27,3785,w,47,56.76,25,152,208,56,0
e2-blocking-50,binary,50,bot_27,3785,w,49,57.14,25,147.9,198,50.1,0
e2-blocking-50,binary,50,bot_27,3785,w,51,58.03,25,157.62,204,46.38,0
e2-blocking-50,binary,50,bot_27,3785,w,53,43,25,159.77,190,30.23,0
e2-blocking-50,binary,50,bot_27,3785,w,55,42.02,25,171.95,200,28.05,0
e2-blocking-50,binary,50,bot_27,3785,w,57,35.06,25,177.93,204,26.07,0
e2-blocking-50,binary,50,bot_27,3785,w,59,31.34,25,169.04,187,17.96,0
e2-blocking-50,binary,50,bot_28,3785,b,2,8.33,25,88.92,88,-0.92,0
e2-blocking-50,binary,50,bot_28,3785,b,4,18.34,25,75.44,83,7.56,0
e2-blocking-50,binary,50,bot_28,3785,b,6,14.83,25,85.21,99,13.79,0
e2-blocking-50,binary,50,bot_28,3785,b,8,15.88,25,65.63,86,20.37,0
e2-blocking-50,binary,50,bot_28,3785,b,10,8.11,25,68.73,74,5.27,0
e2-blocking-50,binary,50,bot_28,3785,b,12,25.23,25,81.13,82,0.87,0
e2-blocking-50,binary,50,bot_28,3785,b,14,16.33,25,60.7,73,12.3,0
e2-blocking-50,binary,50,bot_28,3785,b,16,17.32,25,61.88,72,10.13,0
e2-blocking-50,binary,50,bot_28,3785,b,18,4.77,25,68.75,73,4.25,0
e2-blocking-50,binary,50,bot_28,3785,b,20,26.66,25,58.02,94,35.98,0
e2-blocking-50,binary,50,bot_28,3785,b,22,31.52,25,75.45,111,35.55,0
e2-blocking-50,binary,50,bot_28,3785,b,24,35.78,25,75.95,113,37.05,0
e2-blocking-50,binary,50,bot_28,3785,b,26,28.63,25,94.17,130,35.83,0
e2-blocking-50,binary,50,bot_28,3785,b,28,29.69,25,115.59,164,48.41,0
e2-blocking-50,binary,50,bot_28,3785,b,30,23.36,25,121.51,150,28.49,0
e2-blocking-50,binary,50,bot_28,3785,b,32,17.82,25,144.55,168,23.45,0
e2-blocking-50,binary,50,bot_28,3785,b,34,13.24,25,147.48,162,14.52,0
e2-blocking-50,binary,50,bot_28,3785,b,36,71.69,25,99.11,189,89.89,0
e2-blocking-50,binary,50,bot_28,3785,b,38,84.19,25,101.89,188,86.11,0
e2-blocking-50,binary,50,bot_28,3785,b,40,79.61,25,102.23,177,74.77,0
e2-blocking-50,binary,50,bot_28,3785,b,42,76.53,25,114.91,183,68.09,0
e2-blocking-50,binary,50,bot_28,3785,b,44,76.77,25,96.42,145,48.58,0
e2-blocking-50,binary,50,bot_28,3785,b,46,66.23,25,120.19,177,56.81,0
e2-blocking-50,binary,50,bot_28,3785,b,48,59.18,25,122.74,171,48.26,0
e2-blocking-50,binary,50,bot_28,3785,b,50,54.63,25,136.27,184,47.73,0
e2-blocking-50,binary,50,bot_28,3785,b,52,39.35,25,139.69,188,48.31,0
e2-blocking-50,binary,50,bot_28,3785,b,54,37.57,25,136.53,171,34.47,0
e2-blocking-50,binary,50,bot_28,3785,b,56,33.77,25,159.37,193,33.63,0
e2-blocking-50,binary,50,bot_28,3785,b,58,27.71,25,157.58,183,25.42,0
e2-blocking-50,binary,50,bot_28,3785,b,60,20.82,25,115.16,138,22.84,0
e2-blocking-50,binary,50,bot_29,3786,w,1,2.72,25,78.16,79,0.84,0
e2-blocking-50,binary,50,bot_29,3786,w,3,17.02,25,76.62,84,7.38,0
e2-blocking-50,binary,50,bot_29,3786,w,5,11.94,25,88.28,101,12.72,0
e2-blocking-50,binary,50,bot_29,3786,w,7,14.43,25,66.96,86,19.04,0
e2-blocking-50,binary,50,bot_29,3786,w,9,27.52,25,72.2,77,4.8,0
e2-blocking-50,binary,50,bot_29,3786,w,11,18.74,25,71.32,80,8.68,0
e2-blocking-50,binary,50,bot_29,3786,w,13,13.66,25,63.64,75,11.36,0
e2-blocking-50,binary,50,bot_29,3786,w,15,13.71,25,64.89,75,10.11,0
e2-blocking-50,binary,50,bot_29,3786,w,17,17.35,25,69.98,75,5.02,0
e2-blocking-50,binary,50,bot_29,3786,w,19,25.03,25,59.39,93,33.61,0
e2-blocking-50,binary,50,bot_29,3786,w,21,29.83,25,77.32,111,33.68,0
e2-blocking-50,binary,50,bot_29,3786,w,23,34.07,25,77.66,111,33.34,0
e2-blocking-50,binary,50,bot_29,3786,w,25,28.1,25,94.42,128,33.58,0
e2-blocking-50,binary,50,bot_29,3786,w,27,26.85,25,118.36,162,43.64,0
e2-blocking-50,binary,50,bot_29,3786,w,29,21.09,25,123.73,150,26.27,0
e2-blocking-50,binary,50,bot_29,3786,w,31,15.04,25,146.82,168,21.18,0
e2-blocking-50,binary,50,bot_29,3786,w,33,84.87,25,149.56,161,11.44,0
e2-blocking-50,binary,50,bot_29,3786,w,35,67.87,25,102.62,179,76.38,0
e2-blocking-50,binary,50,bot_29,3786,w,37,81.62,25,103.91,186,82.09,0
e2-blocking-50,binary,50,bot_29,3786,w,39,74.44,25,106.9,176,69.1,0
e2-blocking-50,binary,50,bot_29,3786,w,41,71.89,25,119.59,181,61.41,0
e2-blocking-50,binary,50,bot_29,3786,w,43,71.42,25,102.12,142,39.88,0
e2-blocking-50,binary,50,bot_29,3786,w,45,61.9,25,124.37,174,49.63,0
e2-blocking-50,binary,50,bot_29,3786,w,47,54.32,25,127.39,167,39.61,0
e2-blocking-50,binary,50,bot_29,3786,w,49,50.23,25,140.89,180,39.11,0
e2-blocking-50,binary,50,bot_29,3786,w,51,35.49,25,143.94,184,40.06,0
e2-blocking-50,binary,50,bot_29,3786,w,53,31.08,25,143.44,172,28.56,0
e2-blocking-50,binary,50,bot_29,3786,w,55,27.69,25,165.43,189,23.57,0
e2-blocking-50,binary,50,bot_29,3786,w,57,21.25,25,163.83,180,16.17,0
e2-blocking-50,binary,50,bot_29,3786,w,59,15.88,25,120.19,133,12.81,0
e2-blocking-50,binary,50,bot_30,3786,b,2,9.73,25,78.54,79,0.46,0
e2-blocking-50,binary,50,bot_30,3786,b,4,14.48,25,82.27,99,16.73,0
e2-blocking-50,binary,50,bot_30,3786,b,6,20.18,25,83.53,93,9.47,0
e2-blocking-50,binary,50,bot_30,3786,b,8,6,25,63.59,76,12.41,0
e2-blocking-50,binary,50,bot_30,3786,b,10,10.28,25,53.95,80,26.05,0
e2-blocking-50,binary,50,bot_30,3786,b,12,13.36,25,65.32,83,17.68,0
e2-blocking-50,binary,50,bot_30,3786,b,14,11.25,25,56.32,68,11.68,0
e2-blocking-50,binary,50,bot_30,3786,b,16,5.59,25,65.74,77,11.26,0
e2-blocking-50,binary,50,bot_30,3786,b,18,34.64,25,74.31,90,15.69,0
e2-blocking-50,binary,50,bot_30,3786,b,20,34.4,25,70.92,95,24.08,0
e2-blocking-50,binary,50,bot_30,3786,b,22,35.42,25,76.64,105,28.36,0
e2-blocking-50,binary,50,bot_30,3786,b,24,33.74,25,88.32,121,32.68,0
e2-blocking-50,binary,50,bot_30,3786,b,26,45.25,25,113.46,139,25.54,0
e2-blocking-50,binary,50,bot_30,3786,b,28,27.38,25,122.85,147,24.15,0
e2-blocking-50,binary,50,bot_30,3786,b,30,22.69,25,135.5,155,19.5,0
e2-blocking-50,binary,50,bot_30,3786,b,32,13.41,25,150,164,14,0
e2-blocking-50,binary,50,bot_30,3786,b,34,78.53,25,90.19,175,84.81,0
e2-blocking-50,binary,50,bot_30,3786,b,36,82.95,25,101.5,168,66.5,0
e2-blocking-50,binary,50,bot_30,3786,b,38,70.63,25,117.62,196,78.38,0
e2-blocking-50,binary,50,bot_30,3786,b,40,70.97,25,114.13,187,72.88,0
e2-blocking-50,binary,50,bot_30,3786,b,42,51.29,25,132.13,195,62.87,0
e2-blocking-50,binary,50,bot_30,3786,b,44,58.98,25,130.83,193,62.17,0
e2-blocking-50,binary,50,bot_30,3786,b,46,48.77,25,160.1,211,50.9,0
e2-blocking-50,binary,50,bot_30,3786,b,48,48.17,25,157.03,201,43.97,0
e2-blocking-50,binary,50,bot_30,3786,b,50,49.78,25,166.35,206,39.65,0
e2-blocking-50,binary,50,bot_30,3786,b,52,38.3,25,164.42,191,26.58,0
e2-blocking-50,binary,50,bot_30,3786,b,54,34.23,25,180.24,202,21.76,0
e2-blocking-50,binary,50,bot_30,3786,b,56,25.83,25,187.13,206,18.88,0
e2-blocking-50,binary,50,bot_30,3786,b,58,22.89,25,177.84,189,11.16,0
e2-blocking-50,binary,50,bot_30,3786,b,60,72.44,25,134.58,141,6.42,0
e2-blocking-50,binary,50,bot_31,3787,w,1,4.26,25,81.64,62,-19.64,0
e2-blocking-50,binary,50,bot_31,3787,w,3,12.48,25,84.27,80,-4.27,0
e2-blocking-50,binary,50,bot_31,3787,w,5,16.84,25,87.02,78,-9.02,0
e2-blocking-50,binary,50,bot_31,3787,w,7,13.48,25,67.13,58,-9.13,0
e2-blocking-50,binary,50,bot_31,3787,w,9,7.2,25,56.59,53,-3.59,0
e2-blocking-50,binary,50,bot_31,3787,w,11,10.34,25,68.26,64,-4.26,0
e2-blocking-50,binary,50,bot_31,3787,w,13,8.94,25,59.03,49,-10.03,0
e2-blocking-50,binary,50,bot_31,3787,w,15,18.52,25,67.14,58,-9.14,0
e2-blocking-50,binary,50,bot_31,3787,w,17,32.52,25,76.1,67,-9.1,0
e2-blocking-50,binary,50,bot_31,3787,w,19,30.93,25,74.5,77,2.5,0
e2-blocking-50,binary,50,bot_31,3787,w,21,31.97,25,80.05,88,7.95,0
e2-blocking-50,binary,50,bot_31,3787,w,23,30.22,25,92.03,103,10.97,0
e2-blocking-50,binary,50,bot_31,3787,w,25,36.52,25,122.33,127,4.67,0
e2-blocking-50,binary,50,bot_31,3787,w,27,23.83,25,126.52,130,3.48,0
e2-blocking-50,binary,50,bot_31,3787,w,29,17.97,25,140.79,138,-2.79,0
e2-blocking-50,binary,50,bot_31,3787,w,31,89.86,25,153.21,144,-9.21,0
e2-blocking-50,binary,50,bot_31,3787,w,33,74.86,25,93.73,144,50.27,0
e2-blocking-50,binary,50,bot_31,3787,w,35,77.75,25,106.84,149,42.16,0
e2-blocking-50,binary,50,bot_31,3787,w,37,66.81,25,121.53,176,54.47,0
e2-blocking-50,binary,50,bot_31,3787,w,39,66.1,25,119.28,168,48.72,0
e2-blocking-50,binary,50,bot_31,3787,w,41,47.05,25,135.84,179,43.16,0
e2-blocking-50,binary,50,bot_31,3787,w,43,54.03,25,135.53,177,41.47,0
e2-blocking-50,binary,50,bot_31,3787,w,45,42.58,25,166.64,198,31.36,0
e2-blocking-50,binary,50,bot_31,3787,w,47,41.4,25,164.12,188,23.88,0
e2-blocking-50,binary,50,bot_31,3787,w,49,42.18,25,173.73,194,20.27,0
e2-blocking-50,binary,50,bot_31,3787,w,51,30.87,25,171.66,179,7.34,0
e2-blocking-50,binary,50,bot_31,3787,w,53,25.9,25,188.86,191,2.14,0
e2-blocking-50,binary,50,bot_31,3787,w,55,17.68,25,195.58,194,-1.58,0
e2-blocking-50,binary,50,bot_31,3787,w,57,66.83,25,188.05,178,-10.05,0
e2-blocking-50,binary,50,bot_31,3787,w,59,52.36,25,98.21,132,33.79,0
e2-blocking-50,binary,50,bot_32,3787,b,2,16.17,25,77.76,81,3.24,0
e2-blocking-50,binary,50,bot_32,3787,b,4,11.19,25,88.25,98,9.75,0
e2-blocking-50,binary,50,bot_32,3787,b,6,13.05,25,68.52,82,13.48,0
e2-blocking-50,binary,50,bot_32,3787,b,8,17.73,25,71,82,11,0
e2-blocking-50,binary,50,bot_32,3787,b,10,16.4,25,73.84,79,5.16,0
e2-blocking-50,binary,50,bot_32,3787,b,12,11.2,25,66.22,74,7.78,0
e2-blocking-50,binary,50,bot_32,3787,b,14,12.68,25,66.58,73,6.42,0
e2-blocking-50,binary,50,bot_32,3787,b,16,12.92,25,59.98,76,16.02,0
e2-blocking-50,binary,50,bot_32,3787,b,18,23.85,25,60.66,91,30.34,0
e2-blocking-50,binary,50,bot_32,3787,b,20,28.29,25,78.73,108,29.27,0
e2-blocking-50,binary,50,bot_32,3787,b,22,32.26,25,79.55,109,29.45,0
e2-blocking-50,binary,50,bot_32,3787,b,24,26.16,25,96.6,125,28.4,0
e2-blocking-50,binary,50,bot_32,3787,b,26,24.88,25,119.85,154,34.15,0
e2-blocking-50,binary,50,bot_32,3787,b,28,18.55,25,126.36,149,22.64,0
e2-blocking-50,binary,50,bot_32,3787,b,30,11.8,25,150.21,166,15.79,0
e2-blocking-50,binary,50,bot_32,3787,b,32,71.5,25,84.81,173,88.19,0
e2-blocking-50,binary,50,bot_32,3787,b,34,63.22,25,107.05,180,72.95,0
e2-blocking-50,binary,50,bot_32,3787,b,36,76.39,25,109.01,186,76.99,0
e2-blocking-50,binary,50,bot_32,3787,b,38,69.84,25,111.16,177,65.84,0
e2-blocking-50,binary,50,bot_32,3787,b,40,67.04,25,124.17,181,56.83,0
e2-blocking-50,binary,50,bot_32,3787,b,42,66,25,107.68,146,38.32,0
e2-blocking-50,binary,50,bot_32,3787,b,44,56.79,25,129.27,175,45.73,0
e2-blocking-50,binary,50,bot_32,3787,b,46,48.33,25,133.78,166,32.22,0
e2-blocking-50,binary,50,bot_32,3787,b,48,44.67,25,146.44,180,33.56,0
e2-blocking-50,binary,50,bot_32,3787,b,50,31.21,25,147.69,180,32.31,0
e2-blocking-50,binary,50,bot_32,3787,b,52,25.55,25,148.85,170,21.15,0
e2-blocking-50,binary,50,bot_32,3787,b,54,22.52,25,169.96,186,16.04,0
e2-blocking-50,binary,50,bot_32,3787,b,56,14.52,25,170.48,180,9.52,0
e2-blocking-50,binary,50,bot_32,3787,b,58,56.91,25,81.14,139,57.86,0
e2-blocking-50,binary,50,bot_32,3787,b,60,45.72,25,89.45,133,43.55,0
e2-blocking-50,binary,50,bot_33,3788,w,1,10.45,25,80.97,81,0.03,0
e2-blocking-50,binary,50,bot_33,3788,w,3,6.75,25,92.53,100,7.47,0
e2-blocking-50,binary,50,bot_33,3788,w,5,9.14,25,72.66,82,9.34,0
e2-blocking-50,binary,50,bot_33,3788,w,7,6.02,25,82.77,88,5.23,0
e2-blocking-50,binary,50,bot_33,3788,w,9,7.58,25,80.28,83,2.72,0
e2-blocking-50,binary,50,bot_33,3788,w,11,13.42,25,74.02,79,4.98,0
e2-blocking-50,binary,50,bot_33,3788,w,13,10.29,25,69.88,79,9.12,0
e2-blocking-50,binary,50,bot_33,3788,w,15,6.82,25,65.33,73,7.67,0
e2-blocking-50,binary,50,bot_33,3788,w,17,16.23,25,68.18,90,21.82,0
e2-blocking-50,binary,50,bot_33,3788,w,19,18.77,25,87.7,109,21.3,0
e2-blocking-50,binary,50,bot_33,3788,w,21,21.75,25,90.66,107,16.34,0
e2-blocking-50,binary,50,bot_33,3788,w,23,16.15,25,106.94,123,16.06,0
e2-blocking-50,binary,50,bot_33,3788,w,25,13.17,25,130.86,144,13.14,0
e2-blocking-50,binary,50,bot_33,3788,w,27,68.15,25,89.4,158,68.6,0
e2-blocking-50,binary,50,bot_33,3788,w,29,62.36,25,102.82,170,67.18,0
e2-blocking-50,binary,50,bot_33,3788,w,31,51.41,25,103.92,165,61.08,0
e2-blocking-50,binary,50,bot_33,3788,w,33,44.14,25,126.07,175,48.93,0
e2-blocking-50,binary,50,bot_33,3788,w,35,53.36,25,131.9,187,55.1,0
e2-blocking-50,binary,50,bot_33,3788,w,37,43.69,25,136.28,185,48.72,0
e2-blocking-50,binary,50,bot_33,3788,w,39,40.88,25,150.64,185,34.36,0
e2-blocking-50,binary,50,bot_33,3788,w,41,36.01,25,139.57,166,26.43,0
e2-blocking-50,binary,50,bot_33,3788,w,43,27.21,25,159.39,187,27.61,0
e2-blocking-50,binary,50,bot_33,3788,w,45,21.36,25,160.81,178,17.19,0
e2-blocking-50,binary,50,bot_33,3788,w,47,16.22,25,174.9,184,9.1,0
e2-blocking-50,binary,50,bot_33,3788,w,49,67.08,25,117.7,188,70.3,0
e2-blocking-50,binary,50,bot_33,3788,w,51,68.41,25,119.37,169,49.63,0
e2-blocking-50,binary,50,bot_33,3788,w,53,65.62,25,138.46,184,45.54,0
e2-blocking-50,binary,50,bot_33,3788,w,55,57.15,25,139.13,171,31.87,0
e2-blocking-50,binary,50,bot_33,3788,w,57,40.92,25,96.36,120,23.64,0
e2-blocking-50,binary,50,bot_33,3788,w,59,30.7,25,104.44,126,21.56,0
e2-blocking-50,binary,50,bot_34,3788,b,2,9.55,25,87.54,95,7.46,0
e2-blocking-50,binary,50,bot_34,3788,b,4,10.25,25,94,97,3,0
e2-blocking-50,binary,50,bot_34,3788,b,6,7.41,25,73.03,79,5.97,0
e2-blocking-50,binary,50,bot_34,3788,b,8,4.52,25,61.86,64,2.14,0
e2-blocking-50,binary,50,bot_34,3788,b,10,5.61,25,72.58,77,4.42,0
e2-blocking-50,binary,50,bot_34,3788,b,12,10.76,25,62.01,70,7.99,0
e2-blocking-50,binary,50,bot_34,3788,b,14,8.68,25,62.13,69,6.87,0
e2-blocking-50,binary,50,bot_34,3788,b,16,22.41,25,86.36,89,2.64,0
e2-blocking-50,binary,50,bot_34,3788,b,18,22.49,25,83.89,95,11.11,0
e2-blocking-50,binary,50,bot_34,3788,b,20,18.1,25,93.99,109,15.01,0
e2-blocking-50,binary,50,bot_34,3788,b,22,16.74,25,105.31,123,17.69,0
e2-blocking-50,binary,50,bot_34,3788,b,24,14.87,25,144.88,157,12.12,0
e2-blocking-50,binary,50,bot_34,3788,b,26,70.66,25,140.54,151,10.46,0
e2-blocking-50,binary,50,bot_34,3788,b,28,68.35,25,93.86,158,64.14,0
e2-blocking-50,binary,50,bot_34,3788,b,30,62.2,25,102.96,161,58.04,0
e2-blocking-50,binary,50,bot_34,3788,b,32,50.29,25,118.16,166,47.84,0
e2-blocking-50,binary,50,bot_34,3788,b,34,56.12,25,128.94,169,40.06,0
e2-blocking-50,binary,50,bot_34,3788,b,36,50.38,25,138.03,189,50.97,0
e2-blocking-50,binary,50,bot_34,3788,b,38,43.15,25,142.95,182,39.05,0
e2-blocking-50,binary,50,bot_34,3788,b,40,35.85,25,145.29,175,29.71,0
e2-blocking-50,binary,50,bot_34,3788,b,42,35.84,25,153.2,178,24.8,0
e2-blocking-50,binary,50,bot_34,3788,b,44,25.97,25,182.61,198,15.39,0
e2-blocking-50,binary,50,bot_34,3788,b,46,17.35,25,186.89,197,10.11,0
e2-blocking-50,binary,50,bot_34,3788,b,48,78.38,25,201.7,207,5.3,0
e2-blocking-50,binary,50,bot_34,3788,b,50,57.86,25,137.51,193,55.49,0
e2-blocking-50,binary,50,bot_34,3788,b,52,55.31,25,149.52,208,58.48,0
e2-blocking-50,binary,50,bot_34,3788,b,54,41.03,25,155.71,211,55.29,0
e2-blocking-50,binary,50,bot_34,3788,b,56,33.13,25,149.18,195,45.82,0
e2-blocking-50,binary,50,bot_34,3788,b,58,31.75,25,118.91,149,30.09,0
e2-blocking-50,binary,50,bot_34,3788,b,60,30.57,25,114.72,135,20.28,0
e2-blocking-50,binary,50,bot_35,3789,w,1,8.07,25,84.66,86,1.34,0
e2-blocking-50,binary,50,bot_35,3789,w,3,8.99,25,92.98,100,7.02,0
e2-blocking-50,binary,50,bot_35,3789,w,5,5.89,25,74.59,82,7.41,0
e2-blocking-50,binary,50,bot_35,3789,w,7,1.93,25,65.37,70,4.63,0
e2-blocking-50,binary,50,bot_35,3789,w,9,15.24,25,74.61,80,5.39,0
e2-blocking-50,binary,50,bot_35,3789,w,11,8.7,25,64.43,71,6.57,0
e2-blocking-50,binary,50,bot_35,3789,w,13,6.98,25,63.72,72,8.28,0
e2-blocking-50,binary,50,bot_35,3789,w,15,19.74,25,88.91,94,5.09,0
e2-blocking-50,binary,50,bot_35,3789,w,17,20,25,86.46,101,14.54,0
e2-blocking-50,binary,50,bot_35,3789,w,19,15.52,25,96.45,110,13.55,0
e2-blocking-50,binary,50,bot_35,3789,w,21,14.21,25,107.58,126,18.42,0
e2-blocking-50,binary,50,bot_35,3789,w,23,12.7,25,146.99,158,11.01,0
e2-blocking-50,binary,50,bot_35,3789,w,25,58.55,25,87.9,163,75.1,0
e2-blocking-50,binary,50,bot_35,3789,w,27,63.6,25,98.52,162,63.48,0
e2-blocking-50,binary,50,bot_35,3789,w,29,57.68,25,107.37,165,57.63,0
e2-blocking-50,binary,50,bot_35,3789,w,31,44.95,25,123.81,171,47.19,0
e2-blocking-50,binary,50,bot_35,3789,w,33,50.46,25,134.43,176,41.57,0
e2-blocking-50,binary,50,bot_35,3789,w,35,45.91,25,142.73,189,46.27,0
e2-blocking-50,binary,50,bot_35,3789,w,37,39.24,25,147.31,185,37.69,0
e2-blocking-50,binary,50,bot_35,3789,w,39,30.22,25,150.67,184,33.33,0
e2-blocking-50,binary,50,bot_35,3789,w,41,30.42,25,158.83,188,29.17,0
e2-blocking-50,binary,50,bot_35,3789,w,43,19.67,25,189.11,209,19.89,0
e2-blocking-50,binary,50,bot_35,3789,w,45,83.68,25,191.52,207,15.48,0
e2-blocking-50,binary,50,bot_35,3789,w,47,60.17,25,143.15,215,71.85,0
e2-blocking-50,binary,50,bot_35,3789,w,49,52.94,25,142.25,200,57.75,0
e2-blocking-50,binary,50,bot_35,3789,w,51,49.35,25,155.25,216,60.75,0
e2-blocking-50,binary,50,bot_35,3789,w,53,37.13,25,159.23,214,54.77,0
e2-blocking-50,binary,50,bot_35,3789,w,55,26.7,25,155.52,201,45.48,0
e2-blocking-50,binary,50,bot_35,3789,w,57,25.78,25,125,156,31,0
e2-blocking-50,binary,50,bot_35,3789,w,59,23.31,25,121.65,142,20.35,0
e2-blocking-50,binary,50,bot_36,3789,b,2,8.06,25,93.16,98,4.84,0
e2-blocking-50,binary,50,bot_36,3789,b,4,8.56,25,73.42,80,6.58,0
e2-blocking-50,binary,50,bot_36,3789,b,6,3.98,25,84.55,88,3.45,0
e2-blocking-50,binary,50,bot_36,3789,b,8,5,25,81.19,81,-0.19,0
e2-blocking-50,binary,50,bot_36,3789,b,10,8.38,25,67.38,81,13.62,0
e2-blocking-50,binary,50,bot_36,3789,b,12,8.92,25,70.89,78,7.11,0
e2-blocking-50,binary,50,bot_36,3789,b,14,5.48,25,66.53,71,4.47,0
e2-blocking-50,binary,50,bot_36,3789,b,16,14.4,25,70.04,89,18.96,0
e2-blocking-50,binary,50,bot_36,3789,b,18,15.14,25,90.98,109,18.02,0
e2-blocking-50,binary,50,bot_36,3789,b,20,19,25,93.45,107,13.55,0
e2-blocking-50,binary,50,bot_36,3789,b,22,12.71,25,110.81,122,11.19,0
e2-blocking-50,binary,50,bot_36,3789,b,24,75.14,25,134.26,145,10.74,0
e2-blocking-50,binary,50,bot_36,3789,b,26,63.77,25,93.08,149,55.92,0
e2-blocking-50,binary,50,bot_36,3789,b,28,58.84,25,106.22,168,61.78,0
e2-blocking-50,binary,50,bot_36,3789,b,30,48.29,25,107.01,163,55.99,0
e2-blocking-50,binary,50,bot_36,3789,b,32,40.81,25,129.12,172,42.88,0
e2-blocking-50,binary,50,bot_36,3789,b,34,47.34,25,137.91,187,49.09,0
e2-blocking-50,binary,50,bot_36,3789,b,36,38.86,25,141.34,185,43.66,0
e2-blocking-50,binary,50,bot_36,3789,b,38,35.72,25,155.02,194,38.98,0
e2-blocking-50,binary,50,bot_36,3789,b,40,31.27,25,144.47,174,29.53,0
e2-blocking-50,binary,50,bot_36,3789,b,42,22.04,25,164.63,194,29.37,0
e2-blocking-50,binary,50,bot_36,3789,b,44,17.17,25,165.53,184,18.47,0
e2-blocking-50,binary,50,bot_36,3789,b,46,73.6,25,123.34,205,81.66,0
e2-blocking-50,binary,50,bot_36,3789,b,48,59.85,25,125.28,185,59.72,0
e2-blocking-50,binary,50,bot_36,3789,b,50,63.85,25,123.67,176,52.33,0
e2-blocking-50,binary,50,bot_36,3789,b,52,57.84,25,146.63,196,49.37,0
e2-blocking-50,binary,50,bot_36,3789,b,54,47.92,25,148.2,185,36.8,0
e2-blocking-50,binary,50,bot_36,3789,b,56,33.79,25,103.8,130,26.2,0
e2-blocking-50,binary,50,bot_36,3789,b,58,22.25,25,112.93,137,24.07,0
e2-blocking-50,binary,50,bot_36,3789,b,60,16.33,25,83.35,106,22.65,0
e2-blocking-50,binary,50,bot_37,3790,w,1,2.33,25,95.22,96,0.78,0
e2-blocking-50,binary,50,bot_37,3790,w,3,7.27,25,74.35,80,5.65,0
e2-blocking-50,binary,50,bot_37,3790,w,5,29.53,25,85.82,89,3.18,0
e2-blocking-50,binary,50,bot_37,3790,w,7,14.64,25,54.45,73,18.55,0
e2-blocking-50,binary,50,bot_37,3790,w,9,4.27,25,71.18,79,7.82,0
e2-blocking-50,binary,50,bot_37,3790,w,11,16.49,25,62.41,79,16.59,0
e2-blocking-50,binary,50,bot_37,3790,w,13,7.47,25,60.09,71,10.91,0
e2-blocking-50,binary,50,bot_37,3790,w,15,7,25,77.5,89,11.5,0
e2-blocking-50,binary,50,bot_37,3790,w,17,14.6,25,99.35,110,10.65,0
e2-blocking-50,binary,50,bot_37,3790,w,19,60.36,25,104.13,112,7.87,0
e2-blocking-50,binary,50,bot_37,3790,w,21,57,25,77.15,131,53.85,0
e2-blocking-50,binary,50,bot_37,3790,w,23,51.03,25,93.61,149,55.39,0
e2-blocking-50,binary,50,bot_37,3790,w,25,44.66,25,111.99,153,41.01,0
e2-blocking-50,binary,50,bot_37,3790,w,27,39.2,25,125.93,168,42.07,0
e2-blocking-50,binary,50,bot_37,3790,w,29,31.94,25,123.4,159,35.6,0
e2-blocking-50,binary,50,bot_37,3790,w,31,23.54,25,145.48,169,23.52,0
e2-blocking-50,binary,50,bot_37,3790,w,33,24.32,25,161.76,186,24.24,0
e2-blocking-50,binary,50,bot_37,3790,w,35,13.63,25,165.98,187,21.02,0
e2-blocking-50,binary,50,bot_37,3790,w,37,78.15,25,139.09,199,59.91,0
e2-blocking-50,binary,50,bot_37,3790,w,39,62.65,25,127.54,172,44.46,0
e2-blocking-50,binary,50,bot_37,3790,w,41,60.21,25,139.87,188,48.13,0
e2-blocking-50,binary,50,bot_37,3790,w,43,52.51,25,146.97,186,39.03,0
e2-blocking-50,binary,50,bot_37,3790,w,45,42.29,25,155.01,192,36.99,0
e2-blocking-50,binary,50,bot_37,3790,w,47,32.9,25,152.26,180,27.74,0
e2-blocking-50,binary,50,bot_37,3790,w,49,34.57,25,153.53,174,20.47,0
e2-blocking-50,binary,50,bot_37,3790,w,51,26.07,25,178.69,196,17.31,0
e2-blocking-50,binary,50,bot_37,3790,w,53,14.53,25,181.01,190,8.99,0
e2-blocking-50,binary,50,bot_37,3790,w,55,65.39,25,82.19,144,61.81,0
e2-blocking-50,binary,50,bot_37,3790,w,57,62.15,25,87.53,137,49.47,0
e2-blocking-50,binary,50,bot_37,3790,w,59,48.93,25,81.49,112,30.51,0
e2-blocking-50,binary,50,bot_38,3790,b,2,7.54,25,94,94,0,0
e2-blocking-50,binary,50,bot_38,3790,b,4,4.98,25,75.56,80,4.44,0
e2-blocking-50,binary,50,bot_38,3790,b,6,20.02,25,55.54,84,28.46,0
e2-blocking-50,binary,50,bot_38,3790,b,8,9.04,25,64,78,14,0
e2-blocking-50,binary,50,bot_38,3790,b,10,16.83,25,68.41,71,2.59,0
e2-blocking-50,binary,50,bot_38,3790,b,12,11.95,25,59.96,74,14.04,0
e2-blocking-50,binary,50,bot_38,3790,b,14,12.82,25,87.18,92,4.82,0
e2-blocking-50,binary,50,bot_38,3790,b,16,10.94,25,96.2,102,5.8,0
e2-blocking-50,binary,50,bot_38,3790,b,18,9.86,25,93.42,106,12.58,0
e2-blocking-50,binary,50,bot_38,3790,b,20,53.99,25,71.03,129,57.97,0
e2-blocking-50,binary,50,bot_38,3790,b,22,56.49,25,104.69,160,55.31,0
e2-blocking-50,binary,50,bot_38,3790,b,24,42.18,25,103.17,152,48.83,0
e2-blocking-50,binary,50,bot_38,3790,b,26,43.76,25,118.48,162,43.52,0
e2-blocking-50,binary,50,bot_38,3790,b,28,36.5,25,128.92,166,37.08,0
e2-blocking-50,binary,50,bot_38,3790,b,30,24.63,25,144.83,175,30.17,0
e2-blocking-50,binary,50,bot_38,3790,b,32,25,25,159.51,181,21.49,0
e2-blocking-50,binary,50,bot_38,3790,b,34,21.62,25,166.69,188,21.31,0
e2-blocking-50,binary,50,bot_38,3790,b,36,68.57,25,173.22,185,11.78,0
e2-blocking-50,binary,50,bot_38,3790,b,38,54.01,25,102.87,172,69.13,0
e2-blocking-50,binary,50,bot_38,3790,b,40,55.5,25,128.25,182,53.75,0
e2-blocking-50,binary,50,bot_38,3790,b,42,47.23,25,147.69,199,51.31,0
e2-blocking-50,binary,50,bot_38,3790,b,44,44.36,25,148.92,192,43.08,0
e2-blocking-50,binary,50,bot_38,3790,b,46,34.72,25,168.34,201,32.66,0
e2-blocking-50,binary,50,bot_38,3790,b,48,28.72,25,166.45,190,23.55,0
e2-blocking-50,binary,50,bot_38,3790,b,50,24.19,25,180.65,206,25.35,0
e2-blocking-50,binary,50,bot_38,3790,b,52,15.94,25,180.04,196,15.96,0
e2-blocking-50,binary,50,bot_38,3790,b,54,70.23,25,173.77,180,6.23,0
e2-blocking-50,binary,50,bot_38,3790,b,56,56.16,25,85.07,141,55.93,0
e2-blocking-50,binary,50,bot_38,3790,b,58,38.77,25,80.81,134,53.19,0
e2-blocking-50,binary,50,bot_38,3790,b,60,34.8,25,88.28,128,39.72,0
e2-blocking-50,binary,50,bot_39,3791,w,1,5.93,25,93.49,95,1.51,0
e2-blocking-50,binary,50,bot_39,3791,w,3,18.55,25,73.97,82,8.03,0
e2-blocking-50,binary,50,bot_39,3791,w,5,18.81,25,56.61,82,25.39,0
e2-blocking-50,binary,50,bot_39,3791,w,7,6.89,25,65.99,78,12.01,0
e2-blocking-50,binary,50,bot_39,3791,w,9,15.83,25,69.73,72,2.27,0
e2-blocking-50,binary,50,bot_39,3791,w,11,10.93,25,61.2,75,13.8,0
e2-blocking-50,binary,50,bot_39,3791,w,13,10.04,25,89.99,94,4.01,0
e2-blocking-50,binary,50,bot_39,3791,w,15,61.76,25,99.11,104,4.89,0
e2-blocking-50,binary,50,bot_39,3791,w,17,51.19,25,95.55,100,4.45,0
e2-blocking-50,binary,50,bot_39,3791,w,19,50.28,25,74.35,123,48.65,0
e2-blocking-50,binary,50,bot_39,3791,w,21,52.48,25,109.06,163,53.94,0
e2-blocking-50,binary,50,bot_39,3791,w,23,38.3,25,106.58,153,46.42,0
e2-blocking-50,binary,50,bot_39,3791,w,25,40.32,25,122.33,161,38.67,0
e2-blocking-50,binary,50,bot_39,3791,w,27,32.54,25,132.95,169,36.05,0
e2-blocking-50,binary,50,bot_39,3791,w,29,21.48,25,148.08,178,29.92,0
e2-blocking-50,binary,50,bot_39,3791,w,31,19.54,25,164.74,186,21.26,0
e2-blocking-50,binary,50,bot_39,3791,w,33,15.62,25,172.94,192,19.06,0
e2-blocking-50,binary,50,bot_39,3791,w,35,54.25,25,128.87,204,75.13,0
e2-blocking-50,binary,50,bot_39,3791,w,37,22.36,25,132.87,166,33.13,0
e2-blocking-50,binary,50,bot_39,3791,w,39,25.43,25,158.17,180,21.83,0
e2-blocking-50,binary,50,bot_39,3791,w,41,17.11,25,177.44,192,14.56,0
e2-blocking-50,binary,50,bot_39,3791,w,43,13.08,25,179.8,192,12.2,0
e2-blocking-50,binary,50,bot_39,3791,w,45,85.59,25,92.95,210,117.05,0
e2-blocking-50,binary,50,bot_39,3791,w,47,78.91,25,97.54,190,92.46,0
e2-blocking-50,binary,50,bot_39,3791,w,49,85.42,25,108.6,203,94.4,0
e2-blocking-50,binary,50,bot_39,3791,w,51,77.27,25,108.17,194,85.83,0
e2-blocking-50,binary,50,bot_39,3791,w,53,60.31,25,75.34,147,71.66,0
e2-blocking-50,binary,50,bot_39,3791,w,55,52.45,25,88.56,143,54.44,0
e2-blocking-50,binary,50,bot_39,3791,w,57,34.87,25,84.92,135,50.08,0
e2-blocking-50,binary,50,bot_39,3791,w,59,31.25,25,91.64,130,38.36,0
e2-blocking-50,binary,50,bot_40,3791,b,2,8.91,25,75.83,78,2.17,0
e2-blocking-50,binary,50,bot_40,3791,b,4,27.03,25,74.59,87,12.41,0
e2-blocking-50,binary,50,bot_40,3791,b,6,13.39,25,55.94,70,14.06,0
e2-blocking-50,binary,50,bot_40,3791,b,8,3.33,25,72.09,74,1.91,0
e2-blocking-50,binary,50,bot_40,3791,b,10,15.26,25,63.56,75,11.44,0
e2-blocking-50,binary,50,bot_40,3791,b,12,5.82,25,61.76,67,5.24,0
e2-blocking-50,binary,50,bot_40,3791,b,14,5.74,25,78.94,84,5.06,0
e2-blocking-50,binary,50,bot_40,3791,b,16,5.55,25,55.04,112,56.96,0
e2-blocking-50,binary,50,bot_40,3791,b,18,49.54,25,72.45,118,45.55,0
e2-blocking-50,binary,50,bot_40,3791,b,20,54.41,25,79.53,124,44.47,0
e2-blocking-50,binary,50,bot_40,3791,b,22,47.57,25,97.23,144,46.77,0
e2-blocking-50,binary,50,bot_40,3791,b,24,40.75,25,116.2,150,33.8,0
e2-blocking-50,binary,50,bot_40,3791,b,26,35.99,25,129.33,164,34.67,0
e2-blocking-50,binary,50,bot_40,3791,b,28,32.05,25,123.22,150,26.78,0
e2-blocking-50,binary,50,bot_40,3791,b,30,21.18,25,147.27,163,15.73,0
e2-blocking-50,binary,50,bot_40,3791,b,32,20.39,25,165.83,181,15.17,0
e2-blocking-50,binary,50,bot_40,3791,b,34,76.1,25,169.38,180,10.62,0
e2-blocking-50,binary,50,bot_40,3791,b,36,41.92,25,172.14,215,42.86,0
e2-blocking-50,binary,50,bot_40,3791,b,38,31.74,25,160.08,170,9.92,0
e2-blocking-50,binary,50,bot_40,3791,b,40,23.96,25,176.46,190,13.54,0
e2-blocking-50,binary,50,bot_40,3791,b,42,20.85,25,180.03,185,4.97,0
e2-blocking-50,binary,50,bot_40,3791,b,44,125.98,25,187.77,189,1.23,0
e2-blocking-50,binary,50,bot_40,3791,b,46,100.88,25,101.35,175,73.65,0
e2-blocking-50,binary,50,bot_40,3791,b,48,104.01,25,109.84,176,66.16,0
e2-blocking-50,binary,50,bot_40,3791,b,50,94.34,25,118.81,191,72.19,0
e2-blocking-50,binary,50,bot_40,3791,b,52,80.52,25,119.96,185,65.04,0
e2-blocking-50,binary,50,bot_40,3791,b,54,63.07,25,81.78,129,47.22,0
e2-blocking-50,binary,50,bot_40,3791,b,56,58.86,25,90.64,131,40.36,0
e2-blocking-50,binary,50,bot_40,3791,b,58,47.14,25,83.64,105,21.36,0
e2-blocking-50,binary,50,bot_40,3791,b,60,44.62,25,75.54,94,18.46,0
e2-blocking-50,binary,50,bot_41,3792,w,1,0.53,25,66.55,66,-0.55,0
e2-blocking-50,binary,50,bot_41,3792,w,3,13.63,25,63.35,78,14.65,0
e2-blocking-50,binary,50,bot_41,3792,w,5,18.24,25,57.31,81,23.69,0
e2-blocking-50,binary,50,bot_41,3792,w,7,5.35,25,67.11,76,8.89,0
e2-blocking-50,binary,50,bot_41,3792,w,9,10.36,25,65.08,77,11.92,0
e2-blocking-50,binary,50,bot_41,3792,w,11,9.62,25,62.42,71,8.58,0
e2-blocking-50,binary,50,bot_41,3792,w,13,7.69,25,92.29,95,2.71,0
e2-blocking-50,binary,50,bot_41,3792,w,15,51.9,25,104.72,113,8.28,0
e2-blocking-50,binary,50,bot_41,3792,w,17,42.26,25,61.17,105,43.83,0
e2-blocking-50,binary,50,bot_41,3792,w,19,47.34,25,77.16,122,44.84,0
e2-blocking-50,binary,50,bot_41,3792,w,21,48.01,25,113.31,162,48.69,0
e2-blocking-50,binary,50,bot_41,3792,w,23,33.91,25,111.03,153,41.97,0
e2-blocking-50,binary,50,bot_41,3792,w,25,35.3,25,127.14,163,35.86,0
e2-blocking-50,binary,50,bot_41,3792,w,27,28.83,25,137.15,165,27.85,0
e2-blocking-50,binary,50,bot_41,3792,w,29,18.69,25,151.07,178,26.93,0
e2-blocking-50,binary,50,bot_41,3792,w,31,14.49,25,169.71,187,17.29,0
e2-blocking-50,binary,50,bot_41,3792,w,33,61.48,25,116.14,203,86.86,0
e2-blocking-50,binary,50,bot_41,3792,w,35,47.57,25,134.34,196,61.66,0
e2-blocking-50,binary,50,bot_41,3792,w,37,15.21,25,139.56,163,23.44,0
e2-blocking-50,binary,50,bot_41,3792,w,39,17.7,25,165.85,181,15.15,0
e2-blocking-50,binary,50,bot_41,3792,w,41,10.65,25,183.67,188,4.33,0
e2-blocking-50,binary,50,bot_41,3792,w,43,97.18,25,93.98,195,101.02,0
e2-blocking-50,binary,50,bot_41,3792,w,45,81.99,25,96.73,196,99.27,0
e2-blocking-50,binary,50,bot_41,3792,w,47,74.59,25,101.66,184,82.34,0
e2-blocking-50,binary,50,bot_41,3792,w,49,78.55,25,115.33,204,88.67,0
e2-blocking-50,binary,50,bot_41,3792,w,51,69.18,25,116.1,194,77.9,0
e2-blocking-50,binary,50,bot_41,3792,w,53,53.91,25,81.95,147,65.05,0
e2-blocking-50,binary,50,bot_41,3792,w,55,44.66,25,96.01,143,46.99,0
e2-blocking-50,binary,50,bot_41,3792,w,57,27.8,25,91.8,133,41.2,0
e2-blocking-50,binary,50,bot_41,3792,w,59,26.38,25,96.14,126,29.86,0
e2-blocking-50,binary,50,bot_42,3792,b,2,17.46,25,81.1,80,-1.1,0
e2-blocking-50,binary,50,bot_42,3792,b,4,25.64,25,75.5,87,11.5,0
e2-blocking-50,binary,50,bot_42,3792,b,6,11.14,25,58.41,75,16.59,0
e2-blocking-50,binary,50,bot_42,3792,b,8,12.81,25,73.23,78,4.77,0
e2-blocking-50,binary,50,bot_42,3792,b,10,10.85,25,67.33,75,7.67,0
e2-blocking-50,binary,50,bot_42,3792,b,12,4.6,25,62.46,71,8.54,0
e2-blocking-50,binary,50,bot_42,3792,b,14,9.06,25,80,87,7,0
e2-blocking-50,binary,50,bot_42,3792,b,16,46.3,25,58.2,108,49.8,0
e2-blocking-50,binary,50,bot_42,3792,b,18,46.94,25,74.53,114,39.47,0
e2-blocking-50,binary,50,bot_42,3792,b,20,50.68,25,82.86,128,45.14,0
e2-blocking-50,binary,50,bot_42,3792,b,22,43.71,25,101.36,147,45.64,0
e2-blocking-50,binary,50,bot_42,3792,b,24,37.92,25,118.82,151,32.18,0
e2-blocking-50,binary,50,bot_42,3792,b,26,30.51,25,134.68,168,33.32,0
e2-blocking-50,binary,50,bot_42,3792,b,28,27.59,25,127.07,154,26.93,0
e2-blocking-50,binary,50,bot_42,3792,b,30,18.18,25,150.43,166,15.57,0
e2-blocking-50,binary,50,bot_42,3792,b,32,88.84,25,174.06,186,11.94,0
e2-blocking-50,binary,50,bot_42,3792,b,34,62.58,25,118.58,177,58.42,0
e2-blocking-50,binary,50,bot_42,3792,b,36,34.45,25,179.8,218,38.2,0
e2-blocking-50,binary,50,bot_42,3792,b,38,26.93,25,165.16,170,4.84,0
e2-blocking-50,binary,50,bot_42,3792,b,40,15.19,25,185.06,193,7.94,0
e2-blocking-50,binary,50,bot_42,3792,b,42,110.83,25,190.6,192,1.4,0
e2-blocking-50,binary,50,bot_42,3792,b,44,108.61,25,105.99,192,86.01,0
e2-blocking-50,binary,50,bot_42,3792,b,46,92.61,25,109.84,182,72.16,0
e2-blocking-50,binary,50,bot_42,3792,b,48,98.35,25,115.05,180,64.95,0
e2-blocking-50,binary,50,bot_42,3792,b,50,88.43,25,124.28,193,68.72,0
e2-blocking-50,binary,50,bot_42,3792,b,52,74.72,25,125.44,185,59.56,0
e2-blocking-50,binary,50,bot_42,3792,b,54,57.65,25,86.64,131,44.36,0
e2-blocking-50,binary,50,bot_42,3792,b,56,50.22,25,99.05,133,33.95,0
e2-blocking-50,binary,50,bot_42,3792,b,58,39.81,25,91.76,109,17.24,0
e2-blocking-50,binary,50,bot_42,3792,b,60,37.02,25,83.06,99,15.94,0
e2-blocking-50,binary,50,bot_43,3793,w,1,2.3,25,72.23,73,0.77,0
e2-blocking-50,binary,50,bot_43,3793,w,3,16.03,25,93.9,94,0.1,0
e2-blocking-50,binary,50,bot_43,3793,w,5,11.51,25,70.87,87,16.13,0
e2-blocking-50,binary,50,bot_43,3793,w,7,9.32,25,68.35,74,5.65,0
e2-blocking-50,binary,50,bot_43,3793,w,9,8.03,25,71.88,81,9.12,0
e2-blocking-50,binary,50,bot_43,3793,w,11,18.19,25,73.37,76,2.63,0
e2-blocking-50,binary,50,bot_43,3793,w,13,10.16,25,72.94,83,10.06,0
e2-blocking-50,binary,50,bot_43,3793,w,15,20.98,25,83.67,105,21.33,0
e2-blocking-50,binary,50,bot_43,3793,w,17,14.79,25,105.07,122,16.93,0
e2-blocking-50,binary,50,bot_43,3793,w,19,16.18,25,117.89,135,17.11,0
e2-blocking-50,binary,50,bot_43,3793,w,21,62.32,25,89.14,157,67.86,0
e2-blocking-50,binary,50,bot_43,3793,w,23,53.87,25,104.21,162,57.79,0
e2-blocking-50,binary,50,bot_43,3793,w,25,47.57,25,116.48,168,51.52,0
e2-blocking-50,binary,50,bot_43,3793,w,27,44.77,25,116.42,156,39.58,0
e2-blocking-50,binary,50,bot_43,3793,w,29,35.69,25,126.86,170,43.14,0
e2-blocking-50,binary,50,bot_43,3793,w,31,38.24,25,150.38,185,34.62,0
e2-blocking-50,binary,50,bot_43,3793,w,33,28.93,25,151.45,177,25.55,0
e2-blocking-50,binary,50,bot_43,3793,w,35,37.14,25,176.98,184,7.02,0
e2-blocking-50,binary,50,bot_43,3793,w,37,28.78,25,163.03,172,8.97,0
e2-blocking-50,binary,50,bot_43,3793,w,39,19.48,25,180.76,192,11.24,0
e2-blocking-50,binary,50,bot_43,3793,w,41,14.98,25,185.76,189,3.24,0
e2-blocking-50,binary,50,bot_43,3793,w,43,112.16,25,102.55,200,97.45,0
e2-blocking-50,binary,50,bot_43,3793,w,45,96.03,25,105.97,181,75.03,0
e2-blocking-50,binary,50,bot_43,3793,w,47,100.79,25,112.99,179,66.01,0
e2-blocking-50,binary,50,bot_43,3793,w,49,91.15,25,121.45,194,72.55,0
e2-blocking-50,binary,50,bot_43,3793,w,51,77.45,25,123,186,63,0
e2-blocking-50,binary,50,bot_43,3793,w,53,60.14,25,84.41,132,47.59,0
e2-blocking-50,binary,50,bot_43,3793,w,55,54.27,25,95.29,134,38.71,0
e2-blocking-50,binary,50,bot_43,3793,w,57,43.3,25,88.07,109,20.93,0
e2-blocking-50,binary,50,bot_43,3793,w,59,40.22,25,79.87,100,20.13,0
e2-blocking-50,binary,50,bot_44,3793,b,2,2.26,25,66.9,68,1.1,0
e2-blocking-50,binary,50,bot_44,3793,b,4,17.33,25,68.1,82,13.9,0
e2-blocking-50,binary,50,bot_44,3793,b,6,8.17,25,56.71,66,9.29,0
e2-blocking-50,binary,50,bot_44,3793,b,8,10.24,25,65.26,73,7.74,0
e2-blocking-50,binary,50,bot_44,3793,b,10,5.18,25,69.2,75,5.8,0
e2-blocking-50,binary,50,bot_44,3793,b,12,12.39,25,76.32,92,15.68,0
e2-blocking-50,binary,50,bot_44,3793,b,14,24.62,25,105.18,114,8.82,0
e2-blocking-50,binary,50,bot_44,3793,b,16,19.24,25,84.51,104,19.49,0
e2-blocking-50,binary,50,bot_44,3793,b,18,18.79,25,108.16,121,12.84,0
e2-blocking-50,binary,50,bot_44,3793,b,20,70.77,25,149.73,164,14.27,0
e2-blocking-50,binary,50,bot_44,3793,b,22,58.84,25,86.18,146,59.82,0
e2-blocking-50,binary,50,bot_44,3793,b,24,53.17,25,108.83,160,51.17,0
e2-blocking-50,binary,50,bot_44,3793,b,26,42.53,25,116.87,163,46.13,0
e2-blocking-50,binary,50,bot_44,3793,b,28,45.13,25,134.37,177,42.63,0
e2-blocking-50,binary,50,bot_44,3793,b,30,36.97,25,152.13,186,33.87,0
e2-blocking-50,binary,50,bot_44,3793,b,32,27.33,25,150.46,187,36.54,0
e2-blocking-50,binary,50,bot_44,3793,b,34,19.1,25,160.22,186,25.78,0
e2-blocking-50,binary,50,bot_44,3793,b,36,18.59,25,136.43,163,26.57,0
e2-blocking-50,binary,50,bot_44,3793,b,38,20.87,25,162.27,181,18.73,0
e2-blocking-50,binary,50,bot_44,3793,b,40,13.58,25,181.02,190,8.98,0
e2-blocking-50,binary,50,bot_44,3793,b,42,108.56,25,183.47,188,4.53,0
e2-blocking-50,binary,50,bot_44,3793,b,44,84.45,25,94.37,197,102.63,0
e2-blocking-50,binary,50,bot_44,3793,b,46,75.47,25,100.89,186,85.11,0
e2-blocking-50,binary,50,bot_44,3793,b,48,82.18,25,111.66,203,91.34,0
e2-blocking-50,binary,50,bot_44,3793,b,50,73.64,25,111.53,192,80.47,0
e2-blocking-50,binary,50,bot_44,3793,b,52,57.64,25,78.55,145,66.45,0
e2-blocking-50,binary,50,bot_44,3793,b,54,49.76,25,90.84,141,50.16,0
e2-blocking-50,binary,50,bot_44,3793,b,56,32.01,25,87.72,132,44.28,0
e2-blocking-50,binary,50,bot_44,3793,b,58,30.45,25,92.25,125,32.75,0
e2-blocking-50,binary,50,bot_44,3793,b,60,25.13,25,86.46,117,30.54,0
e2-blocking-50,binary,50,bot_45,3794,w,1,5.91,25,61.46,66,4.54,0
e2-blocking-50,binary,50,bot_45,3794,w,3,11.72,25,64.4,74,9.6,0
e2-blocking-50,binary,50,bot_45,3794,w,5,7.77,25,59.97,69,9.03,0
e2-blocking-50,binary,50,bot_45,3794,w,7,21.08,25,72.06,71,-1.06,0
e2-blocking-50,binary,50,bot_45,3794,w,9,16.6,25,58.43,71,12.57,0
e2-blocking-50,binary,50,bot_45,3794,w,11,26.88,25,87.11,90,2.89,0
e2-blocking-50,binary,50,bot_45,3794,w,13,39.66,25,90.91,108,17.09,0
e2-blocking-50,binary,50,bot_45,3794,w,15,33.65,25,69.24,97,27.76,0
e2-blocking-50,binary,50,bot_45,3794,w,17,36.68,25,89.17,115,25.83,0
e2-blocking-50,binary,50,bot_45,3794,w,19,31.18,25,128.67,159,30.33,0
e2-blocking-50,binary,50,bot_45,3794,w,21,21.81,25,123.3,146,22.7,0
e2-blocking-50,binary,50,bot_45,3794,w,23,19.5,25,142.82,157,14.18,0
e2-blocking-50,binary,50,bot_45,3794,w,25,71.01,25,152.52,161,8.48,0
e2-blocking-50,binary,50,bot_45,3794,w,27,66.9,25,112.57,169,56.43,0
e2-blocking-50,binary,50,bot_45,3794,w,29,60,25,129.13,179,49.87,0
e2-blocking-50,binary,50,bot_45,3794,w,31,46.14,25,132,186,54,0
e2-blocking-50,binary,50,bot_45,3794,w,33,37.84,25,144.06,187,42.94,0
e2-blocking-50,binary,50,bot_45,3794,w,35,10.54,25,143.74,157,13.26,0
e2-blocking-50,binary,50,bot_45,3794,w,37,11.76,25,171.53,179,7.47,0
e2-blocking-50,binary,50,bot_45,3794,w,39,96.68,25,85.98,191,105.02,0
e2-blocking-50,binary,50,bot_45,3794,w,41,90.1,25,101.38,186,84.62,0
e2-blocking-50,binary,50,bot_45,3794,w,43,75.05,25,103.45,197,93.55,0
e2-blocking-50,binary,50,bot_45,3794,w,45,69.19,25,106.9,180,73.1,0
e2-blocking-50,binary,50,bot_45,3794,w,47,73,25,120.77,200,79.23,0
e2-blocking-50,binary,50,bot_45,3794,w,49,63.28,25,121.96,190,68.04,0
e2-blocking-50,binary,50,bot_45,3794,w,51,46.92,25,88.9,143,54.1,0
e2-blocking-50,binary,50,bot_45,3794,w,53,41.04,25,99.21,136,36.79,0
e2-blocking-50,binary,50,bot_45,3794,w,55,21.47,25,97.98,127,29.02,0
e2-blocking-50,binary,50,bot_45,3794,w,57,19.86,25,102.18,120,17.82,0
e2-blocking-50,binary,50,bot_45,3794,w,59,17.91,25,93.52,107,13.48,0
e2-blocking-50,binary,50,bot_46,3794,b,2,13.78,25,87.21,85,-2.21,0
e2-blocking-50,binary,50,bot_46,3794,b,4,15.25,25,72.71,75,2.29,0
e2-blocking-50,binary,50,bot_46,3794,b,6,3.45,25,68.9,68,-0.9,0
e2-blocking-50,binary,50,bot_46,3794,b,8,17.94,25,61.68,74,12.32,0
e2-blocking-50,binary,50,bot_46,3794,b,10,8.89,25,57.9,65,7.1,0
e2-blocking-50,binary,50,bot_46,3794,b,12,22.48,25,59.26,78,18.74,0
e2-blocking-50,binary,50,bot_46,3794,b,14,32.59,25,72.5,103,30.5,0
e2-blocking-50,binary,50,bot_46,3794,b,16,32.1,25,88.58,113,24.42,0
e2-blocking-50,binary,50,bot_46,3794,b,18,34.18,25,99.75,128,28.25,0
e2-blocking-50,binary,50,bot_46,3794,b,20,26.95,25,118.87,140,21.13,0
e2-blocking-50,binary,50,bot_46,3794,b,22,19.43,25,137.45,150,12.55,0
e2-blocking-50,binary,50,bot_46,3794,b,24,13.52,25,152.01,161,8.99,0
e2-blocking-50,binary,50,bot_46,3794,b,26,61.3,25,100.17,162,61.83,0
e2-blocking-50,binary,50,bot_46,3794,b,28,55.27,25,107.62,164,56.38,0
e2-blocking-50,binary,50,bot_46,3794,b,30,59.33,25,129.33,180,50.67,0
e2-blocking-50,binary,50,bot_46,3794,b,32,46.73,25,134.23,171,36.77,0
e2-blocking-50,binary,50,bot_46,3794,b,34,25.7,25,188.87,210,21.13,0
e2-blocking-50,binary,50,bot_46,3794,b,36,19.9,25,172.4,168,-4.4,0
e2-blocking-50,binary,50,bot_46,3794,b,38,117.27,25,191.25,188,-3.25,0
e2-blocking-50,binary,50,bot_46,3794,b,40,96.27,25,108.91,190,81.09,0
e2-blocking-50,binary,50,bot_46,3794,b,42,105.39,25,109.4,183,73.6,0
e2-blocking-50,binary,50,bot_46,3794,b,44,86.16,25,116.08,176,59.92,0
e2-blocking-50,binary,50,bot_46,3794,b,46,90.67,25,122.8,177,54.2,0
e2-blocking-50,binary,50,bot_46,3794,b,48,80.24,25,132.33,190,57.67,0
e2-blocking-50,binary,50,bot_46,3794,b,50,65.96,25,134.46,182,47.54,0
e2-blocking-50,binary,50,bot_46,3794,b,52,48.53,25,95.88,128,32.12,0
e2-blocking-50,binary,50,bot_46,3794,b,54,40.15,25,108.64,135,26.36,0
e2-blocking-50,binary,50,bot_46,3794,b,56,30.87,25,100.85,106,5.15,0
e2-blocking-50,binary,50,bot_46,3794,b,58,26.37,25,93.83,100,6.17,0
e2-blocking-50,binary,50,bot_46,3794,b,60,20.42,25,96.15,99,2.85,0
e2-blocking-50,binary,50,bot_47,3795,w,1,5.71,25,93.27,97,3.73,0
e2-blocking-50,binary,50,bot_47,3795,w,3,18.37,25,83.58,89,5.42,0
e2-blocking-50,binary,50,bot_47,3795,w,5,12.33,25,65,74,9,0
e2-blocking-50,binary,50,bot_47,3795,w,7,11.43,25,68.16,79,10.84,0
e2-blocking-50,binary,50,bot_47,3795,w,9,23.75,25,67.43,75,7.57,0
e2-blocking-50,binary,50,bot_47,3795,w,11,15.42,25,66.91,84,17.09,0
e2-blocking-50,binary,50,bot_47,3795,w,13,23.8,25,80.78,107,26.22,0
e2-blocking-50,binary,50,bot_47,3795,w,15,20.41,25,99.21,123,23.79,0
e2-blocking-50,binary,50,bot_47,3795,w,17,21.77,25,112.03,135,22.97,0
e2-blocking-50,binary,50,bot_47,3795,w,19,15.09,25,131.78,148,16.22,0
e2-blocking-50,binary,50,bot_47,3795,w,21,60.24,25,98.22,173,74.78,0
e2-blocking-50,binary,50,bot_47,3795,w,23,55.29,25,108.84,167,58.16,0
e2-blocking-50,binary,50,bot_47,3795,w,25,48.59,25,112.21,155,42.79,0
e2-blocking-50,binary,50,bot_47,3795,w,27,40.98,25,121.53,172,50.47,0
e2-blocking-50,binary,50,bot_47,3795,w,29,43.92,25,144.62,186,41.38,0
e2-blocking-50,binary,50,bot_47,3795,w,31,33.66,25,146.89,176,29.11,0
e2-blocking-50,binary,50,bot_47,3795,w,33,29.67,25,184.74,174,-10.74,0
e2-blocking-50,binary,50,bot_47,3795,w,35,23.67,25,168.55,147,-21.55,0
e2-blocking-50,binary,50,bot_47,3795,w,37,12.72,25,187.36,168,-19.36,0
e2-blocking-50,binary,50,bot_47,3795,w,39,98.33,25,106.87,177,70.13,0
e2-blocking-50,binary,50,bot_47,3795,w,41,106.98,25,107.86,167,59.14,0
e2-blocking-50,binary,50,bot_47,3795,w,43,88.7,25,113.4,159,45.6,0
e2-blocking-50,binary,50,bot_47,3795,w,45,94.93,25,118.67,156,37.33,0
e2-blocking-50,binary,50,bot_47,3795,w,47,85.11,25,127.61,168,40.39,0
e2-blocking-50,binary,50,bot_47,3795,w,49,71.15,25,129.05,161,31.95,0
e2-blocking-50,binary,50,bot_47,3795,w,51,53.3,25,91.2,106,14.8,0
e2-blocking-50,binary,50,bot_47,3795,w,53,44.28,25,104.62,110,5.38,0
e2-blocking-50,binary,50,bot_47,3795,w,55,34.3,25,97.3,86,-11.3,0
e2-blocking-50,binary,50,bot_47,3795,w,57,31.64,25,88.38,77,-11.38,0
e2-blocking-50,binary,50,bot_47,3795,w,59,26.18,25,90.56,79,-11.56,0
e2-blocking-50,binary,50,bot_48,3795,b,2,6.9,25,69.84,69,-0.84,0
e2-blocking-50,binary,50,bot_48,3795,b,4,10.61,25,54.88,66,11.12,0
e2-blocking-50,binary,50,bot_48,3795,b,6,12.91,25,63.21,68,4.79,0
e2-blocking-50,binary,50,bot_48,3795,b,8,8.5,25,66.04,70,3.96,0
e2-blocking-50,binary,50,bot_48,3795,b,10,17.23,25,72.01,87,14.99,0
e2-blocking-50,binary,50,bot_48,3795,b,12,28.14,25,102.02,110,7.98,0
e2-blocking-50,binary,50,bot_48,3795,b,14,24.09,25,79.1,96,16.9,0
e2-blocking-50,binary,50,bot_48,3795,b,16,23.47,25,102.92,115,12.08,0
e2-blocking-50,binary,50,bot_48,3795,b,18,17.24,25,142.12,155,12.88,0
e2-blocking-50,binary,50,bot_48,3795,b,20,75.37,25,134.57,141,6.43,0
e2-blocking-50,binary,50,bot_48,3795,b,22,60.06,25,102,155,53,0
e2-blocking-50,binary,50,bot_48,3795,b,24,44.78,25,114.77,162,47.23,0
e2-blocking-50,binary,50,bot_48,3795,b,26,51.65,25,127.63,168,40.37,0
e2-blocking-50,binary,50,bot_48,3795,b,28,43.1,25,146.09,179,32.91,0
e2-blocking-50,binary,50,bot_48,3795,b,30,31.42,25,146.53,182,35.47,0
e2-blocking-50,binary,50,bot_48,3795,b,32,25.45,25,155.66,181,25.34,0
e2-blocking-50,binary,50,bot_48,3795,b,34,13.09,25,141.5,156,14.5,0
e2-blocking-50,binary,50,bot_48,3795,b,36,15.16,25,167.93,177,9.07,0
e2-blocking-50,binary,50,bot_48,3795,b,38,105.2,25,185.85,185,-0.85,0
e2-blocking-50,binary,50,bot_48,3795,b,40,94.69,25,96.66,181,84.34,0
e2-blocking-50,binary,50,bot_48,3795,b,42,79.69,25,98.79,192,93.21,0
e2-blocking-50,binary,50,bot_48,3795,b,44,72.54,25,103.54,178,74.46,0
e2-blocking-50,binary,50,bot_48,3795,b,46,76.01,25,117.81,199,81.19,0
e2-blocking-50,binary,50,bot_48,3795,b,48,66.43,25,119.19,190,70.81,0
e2-blocking-50,binary,50,bot_48,3795,b,50,50.62,25,85.43,142,56.57,0
e2-blocking-50,binary,50,bot_48,3795,b,52,41.36,25,99.06,138,38.94,0
e2-blocking-50,binary,50,bot_48,3795,b,54,24.96,25,94.55,126,31.45,0
e2-blocking-50,binary,50,bot_48,3795,b,56,23.59,25,98.31,119,20.69,0
e2-blocking-50,binary,50,bot_48,3795,b,58,22.69,25,88.77,107,18.23,0
e2-blocking-50,binary,50,bot_48,3795,b,60,10.12,25,85.82,98,12.18,0
e2-blocking-50,binary,50,bot_49,3796,w,1,19.01,25,56.19,84,27.81,0
e2-blocking-50,binary,50,bot_49,3796,w,3,9.78,25,63.5,79,15.5,0
e2-blocking-50,binary,50,bot_49,3796,w,5,5.67,25,67.75,72,4.25,0
e2-blocking-50,binary,50,bot_49,3796,w,7,15.86,25,67.73,72,4.27,0
e2-blocking-50,binary,50,bot_49,3796,w,9,14.23,25,85.89,93,7.11,0
e2-blocking-50,binary,50,bot_49,3796,w,11,12.85,25,94.12,102,7.88,0
e2-blocking-50,binary,50,bot_49,3796,w,13,10.97,25,101.16,110,8.84,0
e2-blocking-50,binary,50,bot_49,3796,w,15,61.64,25,113.93,127,13.07,0
e2-blocking-50,binary,50,bot_49,3796,w,17,59.34,25,101.71,164,62.29,0
e2-blocking-50,binary,50,bot_49,3796,w,19,45.27,25,100.33,157,56.67,0
e2-blocking-50,binary,50,bot_49,3796,w,21,47.66,25,114.82,163,48.18,0
e2-blocking-50,binary,50,bot_49,3796,w,23,40.69,25,124.84,167,42.16,0
e2-blocking-50,binary,50,bot_49,3796,w,25,29.9,25,139.35,174,34.65,0
e2-blocking-50,binary,50,bot_49,3796,w,27,32.9,25,151.63,180,28.37,0
e2-blocking-50,binary,50,bot_49,3796,w,29,27.36,25,160.98,187,26.02,0
e2-blocking-50,binary,50,bot_49,3796,w,31,21.16,25,167.12,185,17.88,0
e2-blocking-50,binary,50,bot_49,3796,w,33,67.49,25,171.04,185,13.96,0
e2-blocking-50,binary,50,bot_49,3796,w,35,60.21,25,123.2,190,66.8,0
e2-blocking-50,binary,50,bot_49,3796,w,37,54.08,25,141.02,206,64.98,0
e2-blocking-50,binary,50,bot_49,3796,w,39,51.72,25,141.83,201,59.17,0
e2-blocking-50,binary,50,bot_49,3796,w,41,42.64,25,160.46,212,51.54,0
e2-blocking-50,binary,50,bot_49,3796,w,43,35.15,25,159.96,200,40.04,0
e2-blocking-50,binary,50,bot_49,3796,w,45,29.76,25,175.08,217,41.92,0
e2-blocking-50,binary,50,bot_49,3796,w,47,21.95,25,174.25,208,33.75,0
e2-blocking-50,binary,50,bot_49,3796,w,49,11.06,25,170.82,192,21.18,0
e2-blocking-50,binary,50,bot_49,3796,w,51,69.83,25,142.01,151,8.99,0
e2-blocking-50,binary,50,bot_49,3796,w,53,44.57,25,75.21,144,68.79,0
e2-blocking-50,binary,50,bot_49,3796,w,55,42.47,25,80.97,134,53.03,0
e2-blocking-50,binary,50,bot_49,3796,w,57,30.09,25,81.6,131,49.4,0
e2-blocking-50,binary,50,bot_49,3796,w,59,14.11,25,81.41,114,32.59,0
e2-blocking-50,binary,50,bot_50,3796,b,2,15.95,25,53.22,61,7.78,0
e2-blocking-50,binary,50,bot_50,3796,b,4,4.98,25,70.38,68,-2.38,0
e2-blocking-50,binary,50,bot_50,3796,b,6,5.45,25,73.51,67,-6.51,0
e2-blocking-50,binary,50,bot_50,3796,b,8,8.17,25,60.06,64,3.94,0
e2-blocking-50,binary,50,bot_50,3796,b,10,8.62,25,75.95,78,2.05,0
e2-blocking-50,binary,50,bot_50,3796,b,12,9.11,25,96.57,98,1.43,0
e2-blocking-50,binary,50,bot_50,3796,b,14,14.07,25,98.86,98,-0.86,0
e2-blocking-50,binary,50,bot_50,3796,b,16,63.66,25,71.1,121,49.9,0
e2-blocking-50,binary,50,bot_50,3796,b,18,57.71,25,87.01,134,46.99,0
e2-blocking-50,binary,50,bot_50,3796,b,20,50,25,106.63,141,34.37,0
e2-blocking-50,binary,50,bot_50,3796,b,22,43.59,25,121.72,157,35.28,0
e2-blocking-50,binary,50,bot_50,3796,b,24,35.61,25,120.36,149,28.64,0
e2-blocking-50,binary,50,bot_50,3796,b,26,27.92,25,140.76,158,17.24,0
e2-blocking-50,binary,50,bot_50,3796,b,28,26.51,25,159.41,180,20.59,0
e2-blocking-50,binary,50,bot_50,3796,b,30,18.53,25,161.36,176,14.64,0
e2-blocking-50,binary,50,bot_50,3796,b,32,15.78,25,173.95,185,11.05,0
e2-blocking-50,binary,50,bot_50,3796,b,34,68.31,25,121.23,177,55.77,0
e2-blocking-50,binary,50,bot_50,3796,b,36,67.38,25,132.46,183,50.54,0
e2-blocking-50,binary,50,bot_50,3796,b,38,62.31,25,137.48,181,43.52,0
e2-blocking-50,binary,50,bot_50,3796,b,40,52.54,25,144.48,187,42.52,0
e2-blocking-50,binary,50,bot_50,3796,b,42,42.64,25,142.68,175,32.32,0
e2-blocking-50,binary,50,bot_50,3796,b,44,43.61,25,143.98,170,26.02,0
e2-blocking-50,binary,50,bot_50,3796,b,46,36.1,25,168.84,188,19.16,0
e2-blocking-50,binary,50,bot_50,3796,b,48,23.3,25,172.54,185,12.46,0
e2-blocking-50,binary,50,bot_50,3796,b,50,11.5,25,127.5,128,0.5,0
e2-blocking-50,binary,50,bot_50,3796,b,52,71.16,25,78.79,139,60.21,0
e2-blocking-50,binary,50,bot_50,3796,b,54,55.69,25,74.33,110,35.67,0
e2-blocking-50,binary,50,bot_50,3796,b,56,51.79,25,67.39,100,32.61,0
e2-blocking-50,binary,50,bot_50,3796,b,58,34.52,25,82.37,103,20.63,0
e2-blocking-50,binary,50,bot_50,3796,b,60,21.98,25,90.3,94,3.7,0
e2-blocking-50,binary,50,bot_51,3797,w,1,20.18,25,82.12,76,-6.12,0
e2-blocking-50,binary,50,bot_51,3797,w,3,5.98,25,69.58,76,6.42,0
e2-blocking-50,binary,50,bot_51,3797,w,5,7.14,25,71.95,73,1.05,0
e2-blocking-50,binary,50,bot_51,3797,w,7,11.51,25,68.74,67,-1.74,0
e2-blocking-50,binary,50,bot_51,3797,w,9,9.52,25,74.79,85,10.21,0
e2-blocking-50,binary,50,bot_51,3797,w,11,11.56,25,94.38,104,9.62,0
e2-blocking-50,binary,50,bot_51,3797,w,13,15.61,25,96.93,103,6.07,0
e2-blocking-50,binary,50,bot_51,3797,w,15,73.79,25,114.35,118,3.65,0
e2-blocking-50,binary,50,bot_51,3797,w,17,61.68,25,82.99,140,57.01,0
e2-blocking-50,binary,50,bot_51,3797,w,19,54.59,25,102.48,146,43.52,0
e2-blocking-50,binary,50,bot_51,3797,w,21,49.73,25,115.84,165,49.16,0
e2-blocking-50,binary,50,bot_51,3797,w,23,41.25,25,114.36,157,42.64,0
e2-blocking-50,binary,50,bot_51,3797,w,25,31.52,25,138.73,171,32.27,0
e2-blocking-50,binary,50,bot_51,3797,w,27,37.51,25,148.19,184,35.81,0
e2-blocking-50,binary,50,bot_51,3797,w,29,30.32,25,149.49,179,29.51,0
e2-blocking-50,binary,50,bot_51,3797,w,31,26.39,25,163.72,190,26.28,0
e2-blocking-50,binary,50,bot_51,3797,w,33,20.3,25,155.94,167,11.06,0
e2-blocking-50,binary,50,bot_51,3797,w,35,76.41,25,123.22,199,75.78,0
e2-blocking-50,binary,50,bot_51,3797,w,37,74.03,25,125.33,181,55.67,0
e2-blocking-50,binary,50,bot_51,3797,w,39,64.78,25,132.17,187,54.83,0
e2-blocking-50,binary,50,bot_51,3797,w,41,50.76,25,134.15,179,44.85,0
e2-blocking-50,binary,50,bot_51,3797,w,43,54.78,25,132.89,170,37.11,0
e2-blocking-50,binary,50,bot_51,3797,w,45,46.55,25,158.11,190,31.89,0
e2-blocking-50,binary,50,bot_51,3797,w,47,32.92,25,162.95,186,23.05,0
e2-blocking-50,binary,50,bot_51,3797,w,49,21.7,25,116.63,129,12.37,0
e2-blocking-50,binary,50,bot_51,3797,w,51,13.12,25,122.03,131,8.97,0
e2-blocking-50,binary,50,bot_51,3797,w,53,7.29,25,92.15,97,4.85,0
e2-blocking-50,binary,50,bot_51,3797,w,55,61.82,25,57.11,114,56.89,0
e2-blocking-50,binary,50,bot_51,3797,w,57,45.57,25,71.38,107,35.62,0
e2-blocking-50,binary,50,bot_51,3797,w,59,32.38,25,79.72,94,14.28,0
e2-blocking-50,binary,50,bot_52,3797,b,2,11.91,25,62.15,79,16.85,0
e2-blocking-50,binary,50,bot_52,3797,b,4,6.96,25,66.23,69,2.77,0
e2-blocking-50,binary,50,bot_52,3797,b,6,5.18,25,65.99,70,4.01,0
e2-blocking-50,binary,50,bot_52,3797,b,8,15.73,25,84.2,93,8.8,0
e2-blocking-50,binary,50,bot_52,3797,b,10,15.61,25,91.29,98,6.71,0
e2-blocking-50,binary,50,bot_52,3797,b,12,12.27,25,99.75,108,8.25,0
e2-blocking-50,binary,50,bot_52,3797,b,14,9.62,25,111.74,125,13.26,0
e2-blocking-50,binary,50,bot_52,3797,b,16,63.81,25,97.99,169,71.01,0
e2-blocking-50,binary,50,bot_52,3797,b,18,50.76,25,95.09,154,58.91,0
e2-blocking-50,binary,50,bot_52,3797,b,20,55.51,25,106.98,158,51.02,0
e2-blocking-50,binary,50,bot_52,3797,b,22,49.21,25,116.33,164,47.67,0
e2-blocking-50,binary,50,bot_52,3797,b,24,38.61,25,130.16,168,37.84,0
e2-blocking-50,binary,50,bot_52,3797,b,26,41.46,25,143.76,172,28.24,0
e2-blocking-50,binary,50,bot_52,3797,b,28,35.57,25,153.35,187,33.65,0
e2-blocking-50,binary,50,bot_52,3797,b,30,30.68,25,157,184,27,0
e2-blocking-50,binary,50,bot_52,3797,b,32,17.39,25,163.37,187,23.63,0
e2-blocking-50,binary,50,bot_52,3797,b,34,15.78,25,173.44,191,17.56,0
e2-blocking-50,binary,50,bot_52,3797,b,36,60.06,25,135.29,208,72.71,0
e2-blocking-50,binary,50,bot_52,3797,b,38,59.3,25,134.29,204,69.71,0
e2-blocking-50,binary,50,bot_52,3797,b,40,49.24,25,154.13,215,60.87,0
e2-blocking-50,binary,50,bot_52,3797,b,42,41.44,25,154.36,202,47.64,0
e2-blocking-50,binary,50,bot_52,3797,b,44,36.58,25,168.51,220,51.49,0
e2-blocking-50,binary,50,bot_52,3797,b,46,27.58,25,169.06,211,41.94,0
e2-blocking-50,binary,50,bot_52,3797,b,48,17.73,25,164.15,194,29.85,0
e2-blocking-50,binary,50,bot_52,3797,b,50,14.66,25,135.78,155,19.22,0
e2-blocking-50,binary,50,bot_52,3797,b,52,10.51,25,134.88,146,11.12,0
e2-blocking-50,binary,50,bot_52,3797,b,54,59.94,25,145.54,150,4.46,0
e2-blocking-50,binary,50,bot_52,3797,b,56,39.78,25,72.06,130,57.94,0
e2-blocking-50,binary,50,bot_52,3797,b,58,20.24,25,75.57,118,42.43,0
e2-blocking-50,binary,50,bot_52,3797,b,60,13.97,25,86.84,116,29.16,0
e2-blocking-50,binary,50,bot_53,3798,w,1,10.62,25,62.89,70,7.11,0
e2-blocking-50,binary,50,bot_53,3798,w,3,8.04,25,65.27,60,-5.27,0
e2-blocking-50,binary,50,bot_53,3798,w,5,5.59,25,65.25,61,-4.25,0
e2-blocking-50,binary,50,bot_53,3798,w,7,16.73,25,91.94,85,-6.94,0
e2-blocking-50,binary,50,bot_53,3798,w,9,17.53,25,89.11,91,1.89,0
e2-blocking-50,binary,50,bot_53,3798,w,11,13.37,25,98.76,101,2.24,0
e2-blocking-50,binary,50,bot_53,3798,w,13,11.56,25,109.98,116,6.02,0
e2-blocking-50,binary,50,bot_53,3798,w,15,75.93,25,149.09,149,-0.09,0
e2-blocking-50,binary,50,bot_53,3798,w,17,52.36,25,93.6,147,53.4,0
e2-blocking-50,binary,50,bot_53,3798,w,19,57.04,25,105.1,152,46.9,0
e2-blocking-50,binary,50,bot_53,3798,w,21,51.45,25,113.72,155,41.28,0
e2-blocking-50,binary,50,bot_53,3798,w,23,41.14,25,127.44,156,28.56,0
e2-blocking-50,binary,50,bot_53,3798,w,25,43.65,25,141.54,164,22.46,0
e2-blocking-50,binary,50,bot_53,3798,w,27,37.9,25,150.59,178,27.41,0
e2-blocking-50,binary,50,bot_53,3798,w,29,33.23,25,154.35,174,19.65,0
e2-blocking-50,binary,50,bot_53,3798,w,31,20.77,25,159.81,180,20.19,0
e2-blocking-50,binary,50,bot_53,3798,w,33,19.03,25,170.51,184,13.49,0
e2-blocking-50,binary,50,bot_53,3798,w,35,63.25,25,131.89,215,83.11,0
e2-blocking-50,binary,50,bot_53,3798,w,37,62.55,25,131.29,200,68.71,0
e2-blocking-50,binary,50,bot_53,3798,w,39,52.53,25,150.63,209,58.37,0
e2-blocking-50,binary,50,bot_53,3798,w,41,45.38,25,150.06,195,44.94,0
e2-blocking-50,binary,50,bot_53,3798,w,43,41.12,25,163.74,212,48.26,0
e2-blocking-50,binary,50,bot_53,3798,w,45,31.19,25,165.26,206,40.74,0
e2-blocking-50,binary,50,bot_53,3798,w,47,20.13,25,161.88,193,31.12,0
e2-blocking-50,binary,50,bot_53,3798,w,49,17.21,25,133.17,154,20.83,0
e2-blocking-50,binary,50,bot_53,3798,w,51,14.88,25,130.29,139,8.71,0
e2-blocking-50,binary,50,bot_53,3798,w,53,11.59,25,141.78,142,0.22,0
e2-blocking-50,binary,50,bot_53,3798,w,55,44.04,25,67.62,132,64.38,0
e2-blocking-50,binary,50,bot_53,3798,w,57,24.16,25,71.62,112,40.38,0
e2-blocking-50,binary,50,bot_53,3798,w,59,18.17,25,82.58,109,26.42,0
e2-blocking-50,binary,50,bot_54,3798,b,2,7.59,25,67.97,69,1.03,0
e2-blocking-50,binary,50,bot_54,3798,b,4,8.46,25,71.13,67,-4.12,0
e2-blocking-50,binary,50,bot_54,3798,b,6,4.81,25,66.89,61,-5.89,0
e2-blocking-50,binary,50,bot_54,3798,b,8,13.39,25,71.01,77,5.99,0
e2-blocking-50,binary,50,bot_54,3798,b,10,13.94,25,92.09,98,5.91,0
e2-blocking-50,binary,50,bot_54,3798,b,12,17.24,25,95.35,97,1.65,0
e2-blocking-50,binary,50,bot_54,3798,b,14,11.52,25,111.92,113,1.08,0
e2-blocking-50,binary,50,bot_54,3798,b,16,64.63,25,80.85,146,65.15,0
e2-blocking-50,binary,50,bot_54,3798,b,18,58.61,25,97.99,139,41.01,0
e2-blocking-50,binary,50,bot_54,3798,b,20,52.74,25,112.57,159,46.43,0
e2-blocking-50,binary,50,bot_54,3798,b,22,41.07,25,114.16,156,41.84,0
e2-blocking-50,binary,50,bot_54,3798,b,24,34.11,25,136.17,166,29.83,0
e2-blocking-50,binary,50,bot_54,3798,b,26,39.64,25,145.62,179,33.38,0
e2-blocking-50,binary,50,bot_54,3798,b,28,32.6,25,147.23,174,26.77,0
e2-blocking-50,binary,50,bot_54,3798,b,30,28.55,25,161.62,187,25.38,0
e2-blocking-50,binary,50,bot_54,3798,b,32,22.93,25,153.26,165,11.74,0
e2-blocking-50,binary,50,bot_54,3798,b,34,91.13,25,174.25,183,8.75,0
e2-blocking-50,binary,50,bot_54,3798,b,36,77.35,25,121.98,176,54.02,0
e2-blocking-50,binary,50,bot_54,3798,b,38,67.46,25,129.52,183,53.48,0
e2-blocking-50,binary,50,bot_54,3798,b,40,53.53,25,131.61,175,43.39,0
e2-blocking-50,binary,50,bot_54,3798,b,42,56.86,25,130.63,167,36.37,0
e2-blocking-50,binary,50,bot_54,3798,b,44,50.55,25,153.89,186,32.11,0
e2-blocking-50,binary,50,bot_54,3798,b,46,39.4,25,156.55,179,22.45,0
e2-blocking-50,binary,50,bot_54,3798,b,48,28.19,25,109.57,121,11.43,0
e2-blocking-50,binary,50,bot_54,3798,b,50,16.46,25,118.47,126,7.53,0
e2-blocking-50,binary,50,bot_54,3798,b,52,10.06,25,89.4,95,5.6,0
e2-blocking-50,binary,50,bot_54,3798,b,54,72.28,25,98.74,102,3.26,0
e2-blocking-50,binary,50,bot_54,3798,b,56,48.39,25,68.63,104,35.37,0
e2-blocking-50,binary,50,bot_54,3798,b,58,35.63,25,76.74,92,15.26,0
e2-blocking-50,binary,50,bot_54,3798,b,60,12.26,25,81.99,91,9.01,0
e2-blocking-50,binary,50,bot_55,3799,w,1,19.99,25,57.13,66,8.87,0
e2-blocking-50,binary,50,bot_55,3799,w,3,21.27,25,68.38,61,-7.37,0
e2-blocking-50,binary,50,bot_55,3799,w,5,6.66,25,66.98,65,-1.98,0
e2-blocking-50,binary,50,bot_55,3799,w,7,28.49,25,55.97,85,29.03,0
e2-blocking-50,binary,50,bot_55,3799,w,9,33.33,25,73.92,102,28.08,0
e2-blocking-50,binary,50,bot_55,3799,w,11,38.15,25,73.48,104,30.52,0
e2-blocking-50,binary,50,bot_55,3799,w,13,31.55,25,90.94,121,30.06,0
e2-blocking-50,binary,50,bot_55,3799,w,15,34.58,25,110.73,154,43.27,0
e2-blocking-50,binary,50,bot_55,3799,w,17,26.75,25,118.16,141,22.84,0
e2-blocking-50,binary,50,bot_55,3799,w,19,20.53,25,141.65,160,18.35,0
e2-blocking-50,binary,50,bot_55,3799,w,21,16.88,25,143.78,152,8.22,0
e2-blocking-50,binary,50,bot_55,3799,w,23,83.78,25,169.18,170,0.82,0
e2-blocking-50,binary,50,bot_55,3799,w,25,86.72,25,99.68,180,80.32,0
e2-blocking-50,binary,50,bot_55,3799,w,27,82.52,25,99.59,169,69.41,0
e2-blocking-50,binary,50,bot_55,3799,w,29,79.59,25,111.81,174,62.19,0
e2-blocking-50,binary,50,bot_55,3799,w,31,81.16,25,91.99,134,42.01,0
e2-blocking-50,binary,50,bot_55,3799,w,33,70.81,25,115.48,166,50.52,0
e2-blocking-50,binary,50,bot_55,3799,w,35,62.49,25,119.23,161,41.77,0
e2-blocking-50,binary,50,bot_55,3799,w,37,58.73,25,132.33,173,40.67,0
e2-blocking-50,binary,50,bot_55,3799,w,39,41.89,25,136.89,182,45.11,0
e2-blocking-50,binary,50,bot_55,3799,w,41,40.86,25,133.52,160,26.48,0
e2-blocking-50,binary,50,bot_55,3799,w,43,36.08,25,157.32,187,29.68,0
e2-blocking-50,binary,50,bot_55,3799,w,45,29.89,25,155.67,177,21.33,0
e2-blocking-50,binary,50,bot_55,3799,w,47,21.58,25,114.37,133,18.63,0
e2-blocking-50,binary,50,bot_55,3799,w,49,65.52,25,131.97,128,-3.97,0
e2-blocking-50,binary,50,bot_55,3799,w,51,33.09,25,67.42,105,37.58,0
e2-blocking-50,binary,50,bot_55,3799,w,53,36.38,25,70.41,102,31.59,0
e2-blocking-50,binary,50,bot_55,3799,w,55,30.32,25,79.67,105,25.33,0
e2-blocking-50,binary,50,bot_55,3799,w,57,17.87,25,77.83,92,14.17,0
e2-blocking-50,binary,50,bot_55,3799,w,59,13.94,25,80.15,85,4.85,0
e2-blocking-50,binary,50,bot_56,3799,b,2,3.77,25,52.92,67,14.08,0
e2-blocking-50,binary,50,bot_56,3799,b,4,8.79,25,63.03,77,13.97,0
e2-blocking-50,binary,50,bot_56,3799,b,6,39.61,25,82.68,82,-0.68,0
e2-blocking-50,binary,50,bot_56,3799,b,8,40.56,25,64.35,85,20.65,0
e2-blocking-50,binary,50,bot_56,3799,b,10,42.7,25,69.51,95,25.49,0
e2-blocking-50,binary,50,bot_56,3799,b,12,41.45,25,80.62,112,31.38,0
e2-blocking-50,binary,50,bot_56,3799,b,14,53.2,25,104.76,128,23.24,0
e2-blocking-50,binary,50,bot_56,3799,b,16,34.11,25,116.09,143,26.91,0
e2-blocking-50,binary,50,bot_56,3799,b,18,28.45,25,129.78,150,20.22,0
e2-blocking-50,binary,50,bot_56,3799,b,20,19.98,25,143.71,156,12.29,0
e2-blocking-50,binary,50,bot_56,3799,b,22,12.4,25,147.09,156,8.91,0
e2-blocking-50,binary,50,bot_56,3799,b,24,91.77,25,92.53,168,75.47,0
e2-blocking-50,binary,50,bot_56,3799,b,26,80.25,25,108.13,186,77.87,0
e2-blocking-50,binary,50,bot_56,3799,b,28,79.92,25,104.59,179,74.41,0
e2-blocking-50,binary,50,bot_56,3799,b,30,59.83,25,123.67,189,65.33,0
e2-blocking-50,binary,50,bot_56,3799,b,32,67.83,25,122.09,188,65.91,0
e2-blocking-50,binary,50,bot_56,3799,b,34,58.88,25,149.97,205,55.03,0
e2-blocking-50,binary,50,bot_56,3799,b,36,59.53,25,145.55,193,47.45,0
e2-blocking-50,binary,50,bot_56,3799,b,38,62.14,25,153.69,198,44.31,0
e2-blocking-50,binary,50,bot_56,3799,b,40,44.51,25,158.84,185,26.16,0
e2-blocking-50,binary,50,bot_56,3799,b,42,46.37,25,167.82,193,25.18,0
e2-blocking-50,binary,50,bot_56,3799,b,44,39.71,25,173.46,195,21.54,0
e2-blocking-50,binary,50,bot_56,3799,b,46,35.53,25,165.04,180,14.96,0
e2-blocking-50,binary,50,bot_56,3799,b,48,14.14,25,130.36,138,7.64,0
e2-blocking-50,binary,50,bot_56,3799,b,50,55.18,25,90.91,141,50.09,0
e2-blocking-50,binary,50,bot_56,3799,b,52,48.3,25,104.67,122,17.33,0
e2-blocking-50,binary,50,bot_56,3799,b,54,42.87,25,87.12,109,21.88,0
e2-blocking-50,binary,50,bot_56,3799,b,56,29.98,25,82.37,97,14.63,0
e2-blocking-50,binary,50,bot_56,3799,b,58,20.41,25,86.82,89,2.18,0
e2-blocking-50,binary,50,bot_56,3799,b,60,24,25,90.49,91,0.51,0
e2-blocking-50,binary,50,bot_57,3800,w,1,5.17,25,71.31,67,-4.31,0
e2-blocking-50,binary,50,bot_57,3800,w,3,14.11,25,59.92,79,19.08,0
e2-blocking-50,binary,50,bot_57,3800,w,5,8.67,25,69.41,75,5.59,0
e2-blocking-50,binary,50,bot_57,3800,w,7,6.9,25,84.62,84,-0.62,0
e2-blocking-50,binary,50,bot_57,3800,w,9,9.82,25,94.18,100,5.82,0
e2-blocking-50,binary,50,bot_57,3800,w,11,53.96,25,69.18,125,55.82,0
e2-blocking-50,binary,50,bot_57,3800,w,13,66.87,25,91.16,131,39.84,0
e2-blocking-50,binary,50,bot_57,3800,w,15,51.57,25,98.68,145,46.32,0
e2-blocking-50,binary,50,bot_57,3800,w,17,41.86,25,116.61,156,39.39,0
e2-blocking-50,binary,50,bot_57,3800,w,19,36.21,25,127.88,162,34.12,0
e2-blocking-50,binary,50,bot_57,3800,w,21,29.05,25,131.82,157,25.18,0
e2-blocking-50,binary,50,bot_57,3800,w,23,22.18,25,141.48,166,24.52,0
e2-blocking-50,binary,50,bot_57,3800,w,25,18.5,25,170.58,190,19.42,0
e2-blocking-50,binary,50,bot_57,3800,w,27,108.67,25,171.71,179,7.29,0
e2-blocking-50,binary,50,bot_57,3800,w,29,77.59,25,107.15,198,90.85,0
e2-blocking-50,binary,50,bot_57,3800,w,31,85.37,25,104.67,188,83.33,0
e2-blocking-50,binary,50,bot_57,3800,w,33,83.3,25,125.38,202,76.62,0
e2-blocking-50,binary,50,bot_57,3800,w,35,77.63,25,128.07,203,74.93,0
e2-blocking-50,binary,50,bot_57,3800,w,37,85.02,25,130.8,196,65.2,0
e2-blocking-50,binary,50,bot_57,3800,w,39,62.3,25,140,192,52,0
e2-blocking-50,binary,50,bot_57,3800,w,41,67.61,25,146.48,188,41.52,0
e2-blocking-50,binary,50,bot_57,3800,w,43,58.51,25,154.55,200,45.45,0
e2-blocking-50,binary,50,bot_57,3800,w,45,51.03,25,149.57,188,38.43,0
e2-blocking-50,binary,50,bot_57,3800,w,47,29.14,25,115.57,138,22.43,0
e2-blocking-50,binary,50,bot_57,3800,w,49,17.13,25,131.06,144,12.94,0
e2-blocking-50,binary,50,bot_57,3800,w,51,15.73,25,116.49,114,-2.49,0
e2-blocking-50,binary,50,bot_57,3800,w,53,59.37,25,114.2,106,-8.2,0
e2-blocking-50,binary,50,bot_57,3800,w,55,39.23,25,74.37,107,32.63,0
e2-blocking-50,binary,50,bot_57,3800,w,57,32.82,25,72.72,90,17.28,0
e2-blocking-50,binary,50,bot_57,3800,w,59,38.27,25,76.03,90,13.97,0
e2-blocking-50,binary,50,bot_58,3800,b,2,24.32,25,71.16,77,5.84,0
e2-blocking-50,binary,50,bot_58,3800,b,4,11.44,25,62.36,75,12.64,0
e2-blocking-50,binary,50,bot_58,3800,b,6,3.88,25,90.05,98,7.95,0
e2-blocking-50,binary,50,bot_58,3800,b,8,12.79,25,103.33,109,5.67,0
e2-blocking-50,binary,50,bot_58,3800,b,10,61.78,25,95.16,105,9.84,0
e2-blocking-50,binary,50,bot_58,3800,b,12,45.44,25,76.89,130,53.11,0
e2-blocking-50,binary,50,bot_58,3800,b,14,52.77,25,92.88,159,66.12,0
e2-blocking-50,binary,50,bot_58,3800,b,16,46.24,25,98.7,149,50.3,0
e2-blocking-50,binary,50,bot_58,3800,b,18,41.12,25,121.43,162,40.57,0
e2-blocking-50,binary,50,bot_58,3800,b,20,31.21,25,128.46,163,34.54,0
e2-blocking-50,binary,50,bot_58,3800,b,22,31.3,25,148.13,176,27.87,0
e2-blocking-50,binary,50,bot_58,3800,b,24,25.57,25,163.29,184,20.71,0
e2-blocking-50,binary,50,bot_58,3800,b,26,13.87,25,163.62,181,17.38,0
e2-blocking-50,binary,50,bot_58,3800,b,28,104.05,25,87.05,185,97.95,0
e2-blocking-50,binary,50,bot_58,3800,b,30,97.57,25,74.84,141,66.16,0
e2-blocking-50,binary,50,bot_58,3800,b,32,91.65,25,94.74,171,76.26,0
e2-blocking-50,binary,50,bot_58,3800,b,34,87.34,25,94.17,167,72.83,0
e2-blocking-50,binary,50,bot_58,3800,b,36,80.27,25,110.93,177,66.07,0
e2-blocking-50,binary,50,bot_58,3800,b,38,64.68,25,113.21,189,75.79,0
e2-blocking-50,binary,50,bot_58,3800,b,40,56.03,25,119.45,172,52.55,0
e2-blocking-50,binary,50,bot_58,3800,b,42,59.79,25,133.41,190,56.59,0
e2-blocking-50,binary,50,bot_58,3800,b,44,50.75,25,134.16,183,48.84,0
e2-blocking-50,binary,50,bot_58,3800,b,46,36.32,25,99.84,141,41.16,0
e2-blocking-50,binary,50,bot_58,3800,b,48,26.72,25,113.24,133,19.76,0
e2-blocking-50,binary,50,bot_58,3800,b,50,12.07,25,108.59,116,7.41,0
e2-blocking-50,binary,50,bot_58,3800,b,52,6.73,25,113.84,121,7.16,0
e2-blocking-50,binary,50,bot_58,3800,b,54,46.62,25,62.35,112,49.65,0
e2-blocking-50,binary,50,bot_58,3800,b,56,32.71,25,63.38,93,29.62,0
e2-blocking-50,binary,50,bot_58,3800,b,58,27.17,25,67.72,92,24.28,0
e2-blocking-50,binary,50,bot_58,3800,b,60,10.61,25,62.64,93,30.36,0
e2-blocking-50,binary,50,bot_59,3801,w,1,22.27,25,66.83,66,-0.83,0
e2-blocking-50,binary,50,bot_59,3801,w,3,8.74,25,65.05,71,5.95,0
e2-blocking-50,binary,50,bot_59,3801,w,5,33.08,25,52.06,96,43.94,0
e2-blocking-50,binary,50,bot_59,3801,w,7,35.62,25,71.24,110,38.76,0
e2-blocking-50,binary,50,bot_59,3801,w,9,41.58,25,70.26,109,38.74,0
e2-blocking-50,binary,50,bot_59,3801,w,11,35.54,25,86.68,129,42.32,0
e2-blocking-50,binary,50,bot_59,3801,w,13,38.54,25,107.07,161,53.93,0
e2-blocking-50,binary,50,bot_59,3801,w,15,30.75,25,114.27,149,34.73,0
e2-blocking-50,binary,50,bot_59,3801,w,17,25.45,25,136.94,161,24.06,0
e2-blocking-50,binary,50,bot_59,3801,w,19,21.42,25,139.04,158,18.96,0
e2-blocking-50,binary,50,bot_59,3801,w,21,16.25,25,163.76,176,12.24,0
e2-blocking-50,binary,50,bot_59,3801,w,23,101.26,25,178.91,185,6.09,0
e2-blocking-50,binary,50,bot_59,3801,w,25,87.87,25,94.72,174,79.28,0
e2-blocking-50,binary,50,bot_59,3801,w,27,90.39,25,100.94,176,75.06,0
e2-blocking-50,binary,50,bot_59,3801,w,29,89.69,25,83.19,137,53.81,0
e2-blocking-50,binary,50,bot_59,3801,w,31,79.82,25,106.41,165,58.59,0
e2-blocking-50,binary,50,bot_59,3801,w,33,71.46,25,110.48,167,56.52,0
e2-blocking-50,binary,50,bot_59,3801,w,35,68.53,25,122.39,174,51.61,0
e2-blocking-50,binary,50,bot_59,3801,w,37,50.94,25,127.35,186,58.65,0
e2-blocking-50,binary,50,bot_59,3801,w,39,45.65,25,129.54,167,37.46,0
e2-blocking-50,binary,50,bot_59,3801,w,41,46.18,25,147.07,187,39.93,0
e2-blocking-50,binary,50,bot_59,3801,w,43,37.57,25,147.57,181,33.43,0
e2-blocking-50,binary,50,bot_59,3801,w,45,27.46,25,108.54,139,30.46,0
e2-blocking-50,binary,50,bot_59,3801,w,47,18.65,25,121.76,130,8.24,0
e2-blocking-50,binary,50,bot_59,3801,w,49,42.34,25,114.18,109,-5.18,0
e2-blocking-50,binary,50,bot_59,3801,w,51,40.72,25,65.66,107,41.34,0
e2-blocking-50,binary,50,bot_59,3801,w,53,37.84,25,70.88,106,35.12,0
e2-blocking-50,binary,50,bot_59,3801,w,55,24.02,25,71.91,92,20.09,0
e2-blocking-50,binary,50,bot_59,3801,w,57,20.2,25,74.28,87,12.72,0
e2-blocking-50,binary,50,bot_59,3801,w,59,15.2,25,69.85,88,18.15,0
e2-blocking-50,binary,50,bot_60,3801,b,2,10.92,25,62.43,82,19.57,0
e2-blocking-50,binary,50,bot_60,3801,b,4,49.34,25,72.63,80,7.37,0
e2-blocking-50,binary,50,bot_60,3801,b,6,44.42,25,59.89,92,32.11,0
e2-blocking-50,binary,50,bot_60,3801,b,8,44.6,25,68.05,100,31.95,0
e2-blocking-50,binary,50,bot_60,3801,b,10,46.61,25,75.61,115,39.39,0
e2-blocking-50,binary,50,bot_60,3801,b,12,57.88,25,99.98,133,33.02,0
e2-blocking-50,binary,50,bot_60,3801,b,14,39.58,25,110.54,146,35.46,0
e2-blocking-50,binary,50,bot_60,3801,b,16,30.02,25,128.83,157,28.17,0
e2-blocking-50,binary,50,bot_60,3801,b,18,23.84,25,139.96,162,22.04,0
e2-blocking-50,binary,50,bot_60,3801,b,20,17.72,25,142.68,162,19.32,0
e2-blocking-50,binary,50,bot_60,3801,b,22,11.67,25,151.91,166,14.09,0
e2-blocking-50,binary,50,bot_60,3801,b,24,86.15,25,102.37,201,98.63,0
e2-blocking-50,binary,50,bot_60,3801,b,26,87.64,25,96.4,182,85.6,0
e2-blocking-50,binary,50,bot_60,3801,b,28,66.66,25,117.67,196,78.33,0
e2-blocking-50,binary,50,bot_60,3801,b,30,71.57,25,118.43,198,79.57,0
e2-blocking-50,binary,50,bot_60,3801,b,32,68.75,25,140.02,209,68.98,0
e2-blocking-50,binary,50,bot_60,3801,b,34,64.81,25,140.89,202,61.11,0
e2-blocking-50,binary,50,bot_60,3801,b,36,71.63,25,144.24,204,59.76,0
e2-blocking-50,binary,50,bot_60,3801,b,38,49.81,25,152.9,193,40.1,0
e2-blocking-50,binary,50,bot_60,3801,b,40,52.99,25,161.54,198,36.46,0
e2-blocking-50,binary,50,bot_60,3801,b,42,47.3,25,165.72,203,37.28,0
e2-blocking-50,binary,50,bot_60,3801,b,44,43.77,25,156.5,184,27.5,0
e2-blocking-50,binary,50,bot_60,3801,b,46,20.68,25,123.57,141,17.43,0
e2-blocking-50,binary,50,bot_60,3801,b,48,8.27,25,138.94,147,8.06,0
e2-blocking-50,binary,50,bot_60,3801,b,50,54.51,25,98.38,132,33.62,0
e2-blocking-50,binary,50,bot_60,3801,b,52,47.31,25,83.25,114,30.75,0
e2-blocking-50,binary,50,bot_60,3801,b,54,33.14,25,79.98,108,28.02,0
e2-blocking-50,binary,50,bot_60,3801,b,56,25.02,25,80.9,95,14.1,0
e2-blocking-50,binary,50,bot_60,3801,b,58,30.04,25,84.74,95,10.26,0
e2-blocking-50,binary,50,bot_60,3801,b,60,9.74,25,71.04,76,4.96,0
e2-blocking-50,binary,50,bot_61,3802,w,1,11.41,25,58.99,70,11.01,0
e2-blocking-50,binary,50,bot_61,3802,w,3,31.89,25,76.8,80,3.2,0
e2-blocking-50,binary,50,bot_61,3802,w,5,29.22,25,76.62,91,14.38,0
e2-blocking-50,binary,50,bot_61,3802,w,7,28.89,25,82.98,102,19.02,0
e2-blocking-50,binary,50,bot_61,3802,w,9,27.09,25,95.14,118,22.86,0
e2-blocking-50,binary,50,bot_61,3802,w,11,31.25,25,128.12,145,16.88,0
e2-blocking-50,binary,50,bot_61,3802,w,13,19.59,25,131.1,146,14.9,0
e2-blocking-50,binary,50,bot_61,3802,w,15,14.2,25,144.49,154,9.51,0
e2-blocking-50,binary,50,bot_61,3802,w,17,76.12,25,89.99,171,81.01,0
e2-blocking-50,binary,50,bot_61,3802,w,19,68.78,25,100.09,160,59.91,0
e2-blocking-50,binary,50,bot_61,3802,w,21,72.18,25,112.82,165,52.18,0
e2-blocking-50,binary,50,bot_61,3802,w,23,63.03,25,125.44,192,66.56,0
e2-blocking-50,binary,50,bot_61,3802,w,25,59.83,25,125.71,182,56.29,0
e2-blocking-50,binary,50,bot_61,3802,w,27,42.61,25,140.11,188,47.89,0
e2-blocking-50,binary,50,bot_61,3802,w,29,46.76,25,143.04,187,43.96,0
e2-blocking-50,binary,50,bot_61,3802,w,31,39.11,25,170.3,206,35.7,0
e2-blocking-50,binary,50,bot_61,3802,w,33,36.38,25,168.9,195,26.1,0
e2-blocking-50,binary,50,bot_61,3802,w,35,37.33,25,179.6,203,23.4,0
e2-blocking-50,binary,50,bot_61,3802,w,37,26.94,25,175.77,190,14.23,0
e2-blocking-50,binary,50,bot_61,3802,w,39,19.3,25,195.66,202,6.34,0
e2-blocking-50,binary,50,bot_61,3802,w,41,73.52,25,201.61,204,2.39,0
e2-blocking-50,binary,50,bot_61,3802,w,43,48.88,25,132.75,191,58.25,0
e2-blocking-50,binary,50,bot_61,3802,w,45,47.74,25,102.97,142,39.03,0
e2-blocking-50,binary,50,bot_61,3802,w,47,43.12,25,101.66,130,28.34,0
e2-blocking-50,binary,50,bot_61,3802,w,49,35.92,25,117.08,130,12.92,0
e2-blocking-50,binary,50,bot_61,3802,w,51,30.2,25,99.82,111,11.18,0
e2-blocking-50,binary,50,bot_61,3802,w,53,16.31,25,96.2,102,5.8,0
e2-blocking-50,binary,50,bot_61,3802,w,55,6.47,25,99.33,93,-6.33,0
e2-blocking-50,binary,50,bot_61,3802,w,57,21.88,25,92.64,92,-0.64,0
e2-blocking-50,binary,50,bot_61,3802,w,59,4.63,25,75.07,68,-7.07,0
e2-blocking-50,binary,50,bot_62,3802,b,2,12.29,25,60.19,59,-1.19,0
e2-blocking-50,binary,50,bot_62,3802,b,4,22.56,25,62.05,80,17.95,0
e2-blocking-50,binary,50,bot_62,3802,b,6,26.91,25,80.07,96,15.93,0
e2-blocking-50,binary,50,bot_62,3802,b,8,31.17,25,80.7,96,15.3,0
e2-blocking-50,binary,50,bot_62,3802,b,10,25.26,25,97.5,112,14.5,0
e2-blocking-50,binary,50,bot_62,3802,b,12,23.54,25,120.74,139,18.26,0
e2-blocking-50,binary,50,bot_62,3802,b,14,17.52,25,127.05,134,6.95,0
e2-blocking-50,binary,50,bot_62,3802,b,16,87.68,25,152.27,153,0.73,0
e2-blocking-50,binary,50,bot_62,3802,b,18,67.62,25,87.84,150,62.16,0
e2-blocking-50,binary,50,bot_62,3802,b,20,59.92,25,110.46,165,54.54,0
e2-blocking-50,binary,50,bot_62,3802,b,22,73.42,25,112.09,171,58.91,0
e2-blocking-50,binary,50,bot_62,3802,b,24,64.72,25,116.14,167,50.86,0
e2-blocking-50,binary,50,bot_62,3802,b,26,62.31,25,129.08,169,39.92,0
e2-blocking-50,binary,50,bot_62,3802,b,28,60.1,25,114.09,138,23.91,0
e2-blocking-50,binary,50,bot_62,3802,b,30,50.25,25,135.62,164,28.38,0
e2-blocking-50,binary,50,bot_62,3802,b,32,41.75,25,140.21,159,18.79,0
e2-blocking-50,binary,50,bot_62,3802,b,34,38.78,25,152.38,170,17.62,0
e2-blocking-50,binary,50,bot_62,3802,b,36,29.21,25,149.3,168,18.7,0
e2-blocking-50,binary,50,bot_62,3802,b,38,21.97,25,152.22,160,7.78,0
e2-blocking-50,binary,50,bot_62,3802,b,40,17.57,25,174.76,174,-0.76,0
e2-blocking-50,binary,50,bot_62,3802,b,42,72.35,25,124.15,180,55.85,0
e2-blocking-50,binary,50,bot_62,3802,b,44,53.65,25,84.49,114,29.51,0
e2-blocking-50,binary,50,bot_62,3802,b,46,42.73,25,92.46,120,27.54,0
e2-blocking-50,binary,50,bot_62,3802,b,48,26.58,25,73.39,96,22.61,0
e2-blocking-50,binary,50,bot_62,3802,b,50,26.05,25,80.86,97,16.14,0
e2-blocking-50,binary,50,bot_62,3802,b,52,20.1,25,89.46,100,10.54,0
e2-blocking-50,binary,50,bot_62,3802,b,54,8.27,25,87.09,84,-3.09,0
e2-blocking-50,binary,50,bot_62,3802,b,56,12.3,25,81.18,70,-11.18,0
e2-blocking-50,binary,50,bot_62,3802,b,58,5.99,25,79.58,86,6.42,0
e2-blocking-50,binary,50,bot_62,3802,b,60,2.59,25,68.5,56,-12.5,0
e2-blocking-50,binary,50,bot_63,3803,w,1,11.95,25,62.05,71,8.95,0
e2-blocking-50,binary,50,bot_63,3803,w,3,5.25,25,88.7,91,2.3,0
e2-blocking-50,binary,50,bot_63,3803,w,5,14.32,25,101.7,102,0.3,0
e2-blocking-50,binary,50,bot_63,3803,w,7,11.41,25,92.97,98,5.03,0
e2-blocking-50,binary,50,bot_63,3803,w,9,48.38,25,74.34,131,56.66,0
e2-blocking-50,binary,50,bot_63,3803,w,11,54.92,25,90.98,151,60.02,0
e2-blocking-50,binary,50,bot_63,3803,w,13,48.32,25,96.61,142,45.39,0
e2-blocking-50,binary,50,bot_63,3803,w,15,43.46,25,118.28,154,35.72,0
e2-blocking-50,binary,50,bot_63,3803,w,17,33.16,25,126.09,156,29.91,0
e2-blocking-50,binary,50,bot_63,3803,w,19,35.93,25,143.28,169,25.72,0
e2-blocking-50,binary,50,bot_63,3803,w,21,30.73,25,157.92,175,17.08,0
e2-blocking-50,binary,50,bot_63,3803,w,23,18.58,25,158.77,176,17.23,0
e2-blocking-50,binary,50,bot_63,3803,w,25,11.49,25,167.26,174,6.74,0
e2-blocking-50,binary,50,bot_63,3803,w,27,7.45,25,146.59,148,1.41,0
e2-blocking-50,binary,50,bot_63,3803,w,29,99.47,25,87.83,179,91.17,0
e2-blocking-50,binary,50,bot_63,3803,w,31,92.28,25,90.1,174,83.9,0
e2-blocking-50,binary,50,bot_63,3803,w,33,85.88,25,105.16,176,70.84,0
e2-blocking-50,binary,50,bot_63,3803,w,35,70,25,108.37,190,81.63,0
e2-blocking-50,binary,50,bot_63,3803,w,37,63.1,25,112.68,171,58.32,0
e2-blocking-50,binary,50,bot_63,3803,w,39,67.44,25,125.93,192,66.07,0
e2-blocking-50,binary,50,bot_63,3803,w,41,57.11,25,127.87,183,55.13,0
e2-blocking-50,binary,50,bot_63,3803,w,43,41.31,25,94.37,135,40.63,0
e2-blocking-50,binary,50,bot_63,3803,w,45,34.5,25,106.06,128,21.94,0
e2-blocking-50,binary,50,bot_63,3803,w,47,16.51,25,103.3,115,11.7,0
e2-blocking-50,binary,50,bot_63,3803,w,49,12.56,25,108.9,118,9.1,0
e2-blocking-50,binary,50,bot_63,3803,w,51,11.8,25,100.11,99,-1.11,0
e2-blocking-50,binary,50,bot_63,3803,w,53,6.09,25,89.15,84,-5.15,0
e2-blocking-50,binary,50,bot_63,3803,w,55,34.18,25,61.81,95,33.19,0
e2-blocking-50,binary,50,bot_63,3803,w,57,17.54,25,55.81,90,34.19,0
e2-blocking-50,binary,50,bot_63,3803,w,59,10.37,25,64.01,66,1.99,0
e2-blocking-50,binary,50,bot_64,3803,b,2,10.31,25,67.72,69,1.28,0
e2-blocking-50,binary,50,bot_64,3803,b,4,8.64,25,82.99,79,-3.99,0
e2-blocking-50,binary,50,bot_64,3803,b,6,11.85,25,92.1,96,3.9,0
e2-blocking-50,binary,50,bot_64,3803,b,8,62.93,25,112,113,1,0
e2-blocking-50,binary,50,bot_64,3803,b,10,68.36,25,89.62,128,38.38,0
e2-blocking-50,binary,50,bot_64,3803,b,12,54,25,96.84,141,44.16,0
e2-blocking-50,binary,50,bot_64,3803,b,14,43.4,25,114.71,153,38.29,0
e2-blocking-50,binary,50,bot_64,3803,b,16,38.34,25,125.59,159,33.41,0
e2-blocking-50,binary,50,bot_64,3803,b,18,33.63,25,127.03,150,22.97,0
e2-blocking-50,binary,50,bot_64,3803,b,20,26.07,25,137.34,164,26.66,0
e2-blocking-50,binary,50,bot_64,3803,b,22,23.75,25,165.09,186,20.91,0
e2-blocking-50,binary,50,bot_64,3803,b,24,14.57,25,166.1,175,8.9,0
e2-blocking-50,binary,50,bot_64,3803,b,26,16.02,25,195.88,192,-3.88,0
e2-blocking-50,binary,50,bot_64,3803,b,28,105.61,25,183.74,174,-9.74,0
e2-blocking-50,binary,50,bot_64,3803,b,30,98.39,25,110.14,191,80.86,0
e2-blocking-50,binary,50,bot_64,3803,b,32,86.86,25,118.28,194,75.72,0
e2-blocking-50,binary,50,bot_64,3803,b,34,96.38,25,118.34,188,69.66,0
e2-blocking-50,binary,50,bot_64,3803,b,36,74.58,25,127.44,181,53.56,0
e2-blocking-50,binary,50,bot_64,3803,b,38,80.24,25,133.31,180,46.69,0
e2-blocking-50,binary,50,bot_64,3803,b,40,70.87,25,141.96,194,52.04,0
e2-blocking-50,binary,50,bot_64,3803,b,42,56.17,25,144.61,184,39.39,0
e2-blocking-50,binary,50,bot_64,3803,b,44,38.28,25,106.66,131,24.34,0
e2-blocking-50,binary,50,bot_64,3803,b,46,26.07,25,122.68,140,17.32,0
e2-blocking-50,binary,50,bot_64,3803,b,48,23.87,25,107.74,107,-0.74,0
e2-blocking-50,binary,50,bot_64,3803,b,50,14.69,25,105.44,101,-4.44,0
e2-blocking-50,binary,50,bot_64,3803,b,52,9.98,25,107.21,101,-6.21,0
e2-blocking-50,binary,50,bot_64,3803,b,54,46.63,25,104.93,94,-10.93,0
e2-blocking-50,binary,50,bot_64,3803,b,56,47.09,25,67.1,87,19.9,0
e2-blocking-50,binary,50,bot_64,3803,b,58,15.5,25,63.62,67,3.38,0
e2-blocking-50,binary,50,bot_64,3803,b,60,18.3,25,88.18,86,-2.18,0
e2-blocking-50,binary,50,bot_65,3804,w,1,14.7,25,62.39,71,8.61,0
e2-blocking-50,binary,50,bot_65,3804,w,3,20.16,25,76.94,77,0.06,0
e2-blocking-50,binary,50,bot_65,3804,w,5,18.09,25,86.09,99,12.91,0
e2-blocking-50,binary,50,bot_65,3804,w,7,10.81,25,108.37,117,8.63,0
e2-blocking-50,binary,50,bot_65,3804,w,9,85.22,25,123.58,129,5.42,0
e2-blocking-50,binary,50,bot_65,3804,w,11,56.96,25,93.62,146,52.38,0
e2-blocking-50,binary,50,bot_65,3804,w,13,49.38,25,108.95,156,47.05,0
e2-blocking-50,binary,50,bot_65,3804,w,15,43.37,25,120.76,162,41.24,0
e2-blocking-50,binary,50,bot_65,3804,w,17,39.62,25,121.48,152,30.52,0
e2-blocking-50,binary,50,bot_65,3804,w,19,32.58,25,130.39,164,33.61,0
e2-blocking-50,binary,50,bot_65,3804,w,21,32.69,25,156.08,182,25.92,0
e2-blocking-50,binary,50,bot_65,3804,w,23,23.49,25,156.89,170,13.11,0
e2-blocking-50,binary,50,bot_65,3804,w,25,90.32,25,203.4,207,3.6,0
e2-blocking-50,binary,50,bot_65,3804,w,27,89.45,25,99.97,184,84.03,0
e2-blocking-50,binary,50,bot_65,3804,w,29,87.7,25,120.87,201,80.13,0
e2-blocking-50,binary,50,bot_65,3804,w,31,81.19,25,124.41,200,75.59,0
e2-blocking-50,binary,50,bot_65,3804,w,33,90.5,25,124.92,193,68.08,0
e2-blocking-50,binary,50,bot_65,3804,w,35,66.57,25,135.47,188,52.53,0
e2-blocking-50,binary,50,bot_65,3804,w,37,71.7,25,142.07,185,42.93,0
e2-blocking-50,binary,50,bot_65,3804,w,39,62.36,25,150.59,199,48.41,0
e2-blocking-50,binary,50,bot_65,3804,w,41,54.44,25,146.13,186,39.87,0
e2-blocking-50,binary,50,bot_65,3804,w,43,32.37,25,112.52,135,22.48,0
e2-blocking-50,binary,50,bot_65,3804,w,45,19.77,25,128.77,145,16.23,0
e2-blocking-50,binary,50,bot_65,3804,w,47,18.08,25,113.85,114,0.15,0
e2-blocking-50,binary,50,bot_65,3804,w,49,8,25,112.4,106,-6.4,0
e2-blocking-50,binary,50,bot_65,3804,w,51,40.72,25,72.67,113,40.33,0
e2-blocking-50,binary,50,bot_65,3804,w,53,34.31,25,71.34,92,20.66,0
e2-blocking-50,binary,50,bot_65,3804,w,55,41.08,25,73.4,90,16.6,0
e2-blocking-50,binary,50,bot_65,3804,w,57,10.59,25,69.17,71,1.83,0
e2-blocking-50,binary,50,bot_65,3804,w,59,12.96,25,93.34,88,-5.34,0
e2-blocking-50,binary,50,bot_66,3804,b,2,8.99,25,79.59,84,4.41,0
e2-blocking-50,binary,50,bot_66,3804,b,4,19.9,25,96.06,105,8.94,0
e2-blocking-50,binary,50,bot_66,3804,b,6,16.66,25,87.13,95,7.88,0
e2-blocking-50,binary,50,bot_66,3804,b,8,13.69,25,113.4,113,-0.4,0
e2-blocking-50,binary,50,bot_66,3804,b,10,60.55,25,85.41,160,74.59,0
e2-blocking-50,binary,50,bot_66,3804,b,12,55.6,25,89.29,134,44.71,0
e2-blocking-50,binary,50,bot_66,3804,b,14,48.79,25,113,150,37,0
e2-blocking-50,binary,50,bot_66,3804,b,16,38.55,25,121.04,152,30.96,0
e2-blocking-50,binary,50,bot_66,3804,b,18,41.98,25,137.66,165,27.34,0
e2-blocking-50,binary,50,bot_66,3804,b,20,32.71,25,156.27,177,20.73,0
e2-blocking-50,binary,50,bot_66,3804,b,22,21.39,25,156.26,178,21.74,0
e2-blocking-50,binary,50,bot_66,3804,b,24,16.79,25,163.82,175,11.18,0
e2-blocking-50,binary,50,bot_66,3804,b,26,99.45,25,73.36,146,72.64,0
e2-blocking-50,binary,50,bot_66,3804,b,28,95.21,25,91.72,163,71.28,0
e2-blocking-50,binary,50,bot_66,3804,b,30,90.16,25,91.66,160,68.34,0
e2-blocking-50,binary,50,bot_66,3804,b,32,82.67,25,108.23,171,62.77,0
e2-blocking-50,binary,50,bot_66,3804,b,34,67.25,25,110.81,184,73.19,0
e2-blocking-50,binary,50,bot_66,3804,b,36,58.18,25,117.39,166,48.61,0
e2-blocking-50,binary,50,bot_66,3804,b,38,63.68,25,129.55,183,53.45,0
e2-blocking-50,binary,50,bot_66,3804,b,40,54.04,25,130.83,175,44.17,0
e2-blocking-50,binary,50,bot_66,3804,b,42,38.37,25,97.24,135,37.76,0
e2-blocking-50,binary,50,bot_66,3804,b,44,31.35,25,108.74,123,14.26,0
e2-blocking-50,binary,50,bot_66,3804,b,46,14.65,25,105.81,108,2.19,0
e2-blocking-50,binary,50,bot_66,3804,b,48,9.12,25,111.33,112,0.67,0
e2-blocking-50,binary,50,bot_66,3804,b,50,56.34,25,105.4,96,-9.4,0
e2-blocking-50,binary,50,bot_66,3804,b,52,35.48,25,59.7,83,23.3,0
e2-blocking-50,binary,50,bot_66,3804,b,54,30.47,25,64.71,84,19.29,0
e2-blocking-50,binary,50,bot_66,3804,b,56,14.45,25,58.79,86,27.21,0
e2-blocking-50,binary,50,bot_66,3804,b,58,6.27,25,67.68,62,-5.68,0
e2-blocking-50,binary,50,bot_66,3804,b,60,13.8,25,71.56,69,-2.56,0
e2-blocking-50,binary,50,bot_67,3805,w,1,33.61,25,95.49,89,-6.49,0
e2-blocking-50,binary,50,bot_67,3805,w,3,48,25,83.12,104,20.88,0
e2-blocking-50,binary,50,bot_67,3805,w,5,40.21,25,62.59,94,31.41,0
e2-blocking-50,binary,50,bot_67,3805,w,7,45,25,80.01,114,33.99,0
e2-blocking-50,binary,50,bot_67,3805,w,9,43.04,25,117.86,155,37.14,0
e2-blocking-50,binary,50,bot_67,3805,w,11,29.05,25,116.11,147,30.89,0
e2-blocking-50,binary,50,bot_67,3805,w,13,30.34,25,132.04,157,24.96,0
e2-blocking-50,binary,50,bot_67,3805,w,15,23.16,25,142.97,160,17.03,0
e2-blocking-50,binary,50,bot_67,3805,w,17,15.3,25,154.15,171,16.85,0
e2-blocking-50,binary,50,bot_67,3805,w,19,69.87,25,119.17,194,74.83,0
e2-blocking-50,binary,50,bot_67,3805,w,21,56.18,25,121.69,185,63.31,0
e2-blocking-50,binary,50,bot_67,3805,w,23,46.34,25,139.12,191,51.88,0
e2-blocking-50,binary,50,bot_67,3805,w,25,105.79,25,148.75,147,-1.75,0
e2-blocking-50,binary,50,bot_67,3805,w,27,96.77,25,90.21,170,79.79,0
e2-blocking-50,binary,50,bot_67,3805,w,29,91.74,25,90.27,169,78.73,0
e2-blocking-50,binary,50,bot_67,3805,w,31,85.03,25,105.9,175,69.1,0
e2-blocking-50,binary,50,bot_67,3805,w,33,69.47,25,109.04,188,78.96,0
e2-blocking-50,binary,50,bot_67,3805,w,35,61.91,25,113.96,170,56.04,0
e2-blocking-50,binary,50,bot_67,3805,w,37,65.83,25,127.65,191,63.35,0
e2-blocking-50,binary,50,bot_67,3805,w,39,56.14,25,128.8,183,54.2,0
e2-blocking-50,binary,50,bot_67,3805,w,41,39.84,25,95.94,137,41.06,0
e2-blocking-50,binary,50,bot_67,3805,w,43,32.9,25,107.34,130,22.66,0
e2-blocking-50,binary,50,bot_67,3805,w,45,15.31,25,104.9,115,10.1,0
e2-blocking-50,binary,50,bot_67,3805,w,47,10.42,25,110.78,119,8.22,0
e2-blocking-50,binary,50,bot_67,3805,w,49,9.33,25,102.65,101,-1.65,0
e2-blocking-50,binary,50,bot_67,3805,w,51,37.22,25,58.31,98,39.69,0
e2-blocking-50,binary,50,bot_67,3805,w,53,32,25,63.63,88,24.37,0
e2-blocking-50,binary,50,bot_67,3805,w,55,16.3,25,57.28,90,32.72,0
e2-blocking-50,binary,50,bot_67,3805,w,57,8.16,25,66.42,66,-0.42,0
e2-blocking-50,binary,50,bot_67,3805,w,59,15.34,25,70.41,73,2.59,0
e2-blocking-50,binary,50,bot_68,3805,b,2,27.79,25,53.26,86,32.74,0
e2-blocking-50,binary,50,bot_68,3805,b,4,38.48,25,65.86,112,46.14,0
e2-blocking-50,binary,50,bot_68,3805,b,6,41.11,25,79.84,119,39.16,0
e2-blocking-50,binary,50,bot_68,3805,b,8,44.98,25,89.26,133,43.74,0
e2-blocking-50,binary,50,bot_68,3805,b,10,37.57,25,107.91,148,40.09,0
e2-blocking-50,binary,50,bot_68,3805,b,12,31.31,25,125.48,151,25.52,0
e2-blocking-50,binary,50,bot_68,3805,b,14,23.84,25,141.83,170,28.17,0
e2-blocking-50,binary,50,bot_68,3805,b,16,23.08,25,131.59,152,20.41,0
e2-blocking-50,binary,50,bot_68,3805,b,18,80.58,25,156.17,169,12.83,0
e2-blocking-50,binary,50,bot_68,3805,b,20,70.34,25,118.47,186,67.53,0
e2-blocking-50,binary,50,bot_68,3805,b,22,57.7,25,123.44,177,53.56,0
e2-blocking-50,binary,50,bot_68,3805,b,24,12.48,25,199.65,237,37.35,0
e2-blocking-50,binary,50,bot_68,3805,b,26,93.43,25,95.69,192,96.31,0
e2-blocking-50,binary,50,bot_68,3805,b,28,93,25,115.27,202,86.73,0
e2-blocking-50,binary,50,bot_68,3805,b,30,83.68,25,121.8,203,81.2,0
e2-blocking-50,binary,50,bot_68,3805,b,32,92.81,25,122.26,196,73.74,0
e2-blocking-50,binary,50,bot_68,3805,b,34,70.58,25,131.86,192,60.14,0
e2-blocking-50,binary,50,bot_68,3805,b,36,77.66,25,136.28,189,52.72,0
e2-blocking-50,binary,50,bot_68,3805,b,38,68.64,25,144.08,200,55.92,0
e2-blocking-50,binary,50,bot_68,3805,b,40,54.91,25,145.81,192,46.19,0
e2-blocking-50,binary,50,bot_68,3805,b,42,36.61,25,108.19,139,30.81,0
e2-blocking-50,binary,50,bot_68,3805,b,44,24.08,25,124.57,146,21.43,0
e2-blocking-50,binary,50,bot_68,3805,b,46,21.92,25,109.84,116,6.16,0
e2-blocking-50,binary,50,bot_68,3805,b,48,12.15,25,108.15,109,0.85,0
e2-blocking-50,binary,50,bot_68,3805,b,50,53.4,25,109.39,109,-0.39,0
e2-blocking-50,binary,50,bot_68,3805,b,52,38.49,25,67.15,94,26.85,0
e2-blocking-50,binary,50,bot_68,3805,b,54,45.12,25,69.32,92,22.68,0
e2-blocking-50,binary,50,bot_68,3805,b,56,12.95,25,66.29,73,6.71,0
e2-blocking-50,binary,50,bot_68,3805,b,58,15.27,25,91.38,90,-1.38,0
e2-blocking-50,binary,50,bot_68,3805,b,60,17.45,25,87.49,91,3.51,0
e2-blocking-50,binary,50,bot_69,3806,w,1,3.28,25,84.24,66,-18.24,0
e2-blocking-50,binary,50,bot_69,3806,w,3,45.41,25,67.34,91,23.66,0
e2-blocking-50,binary,50,bot_69,3806,w,5,49.5,25,73.01,95,21.99,0
e2-blocking-50,binary,50,bot_69,3806,w,7,60.35,25,97.77,113,15.23,0
e2-blocking-50,binary,50,bot_69,3806,w,9,41.47,25,108.77,128,19.23,0
e2-blocking-50,binary,50,bot_69,3806,w,11,32.44,25,126.2,138,11.8,0
e2-blocking-50,binary,50,bot_69,3806,w,13,26.55,25,137.14,144,6.86,0
e2-blocking-50,binary,50,bot_69,3806,w,15,20.5,25,139.73,141,1.27,0
e2-blocking-50,binary,50,bot_69,3806,w,17,14.56,25,148.35,145,-3.35,0
e2-blocking-50,binary,50,bot_69,3806,w,19,100.03,25,180.07,169,-11.07,0
e2-blocking-50,binary,50,bot_69,3806,w,21,90.59,25,93.43,163,69.57,0
e2-blocking-50,binary,50,bot_69,3806,w,23,71.38,25,113.17,182,68.83,0
e2-blocking-50,binary,50,bot_69,3806,w,25,74.37,25,115.22,181,65.78,0
e2-blocking-50,binary,50,bot_69,3806,w,27,72.14,25,136.6,193,56.4,0
e2-blocking-50,binary,50,bot_69,3806,w,29,67.35,25,137.95,187,49.05,0
e2-blocking-50,binary,50,bot_69,3806,w,31,75.02,25,140.64,187,46.36,0
e2-blocking-50,binary,50,bot_69,3806,w,33,52.76,25,149.74,178,28.26,0
e2-blocking-50,binary,50,bot_69,3806,w,35,57.15,25,156.83,180,23.17,0
e2-blocking-50,binary,50,bot_69,3806,w,37,49.3,25,163.57,188,24.43,0
e2-blocking-50,binary,50,bot_69,3806,w,39,44.13,25,156.67,172,15.33,0
e2-blocking-50,binary,50,bot_69,3806,w,41,22.99,25,121.72,126,4.28,0
e2-blocking-50,binary,50,bot_69,3806,w,43,10.59,25,136.84,131,-5.84,0
e2-blocking-50,binary,50,bot_69,3806,w,45,64.73,25,124.14,106,-18.14,0
e2-blocking-50,binary,50,bot_69,3806,w,47,49.85,25,80.7,96,15.3,0
e2-blocking-50,binary,50,bot_69,3806,w,49,35.07,25,77.96,93,15.04,0
e2-blocking-50,binary,50,bot_69,3806,w,51,27.09,25,79.13,81,1.87,0
e2-blocking-50,binary,50,bot_69,3806,w,53,32.37,25,82.03,84,1.97,0
e2-blocking-50,binary,50,bot_69,3806,w,55,16.5,25,75.85,59,-16.85,0
e2-blocking-50,binary,50,bot_69,3806,w,57,7.29,25,89.14,77,-12.14,0
e2-blocking-50,binary,50,bot_69,3806,w,59,10.43,25,93.85,80,-13.85,0
e2-blocking-50,binary,50,bot_70,3806,b,2,47.04,25,106.52,107,0.48,0
e2-blocking-50,binary,50,bot_70,3806,b,4,45.02,25,66.51,108,41.49,0
e2-blocking-50,binary,50,bot_70,3806,b,6,38.89,25,83.36,130,46.64,0
e2-blocking-50,binary,50,bot_70,3806,b,8,43.16,25,102.35,160,57.65,0
e2-blocking-50,binary,50,bot_70,3806,b,10,35.44,25,109.44,148,38.56,0
e2-blocking-50,binary,50,bot_70,3806,b,12,30.17,25,132.53,160,27.47,0
e2-blocking-50,binary,50,bot_70,3806,b,14,23.86,25,136.04,157,20.96,0
e2-blocking-50,binary,50,bot_70,3806,b,16,19.06,25,160.58,177,16.42,0
e2-blocking-50,binary,50,bot_70,3806,b,18,11.75,25,177.07,187,9.93,0
e2-blocking-50,binary,50,bot_70,3806,b,20,92.54,25,89.89,186,96.11,0
e2-blocking-50,binary,50,bot_70,3806,b,22,95.25,25,96,177,81,0
e2-blocking-50,binary,50,bot_70,3806,b,24,91.25,25,81.13,140,58.87,0
e2-blocking-50,binary,50,bot_70,3806,b,26,83.15,25,102.91,165,62.09,0
e2-blocking-50,binary,50,bot_70,3806,b,28,74.77,25,106.87,167,60.13,0
e2-blocking-50,binary,50,bot_70,3806,b,30,71.98,25,118.73,174,55.27,0
e2-blocking-50,binary,50,bot_70,3806,b,32,53.97,25,123.95,187,63.05,0
e2-blocking-50,binary,50,bot_70,3806,b,34,48.11,25,126.94,168,41.06,0
e2-blocking-50,binary,50,bot_70,3806,b,36,50.14,25,142.68,186,43.32,0
e2-blocking-50,binary,50,bot_70,3806,b,38,41.01,25,144.23,180,35.77,0
e2-blocking-50,binary,50,bot_70,3806,b,40,29.86,25,105.96,138,32.04,0
e2-blocking-50,binary,50,bot_70,3806,b,42,21.06,25,119.36,130,10.64,0
e2-blocking-50,binary,50,bot_70,3806,b,44,8.29,25,112.23,112,-0.23,0
e2-blocking-50,binary,50,bot_70,3806,b,46,41.93,25,64.45,118,53.55,0
e2-blocking-50,binary,50,bot_70,3806,b,48,40.77,25,67.9,106,38.1,0
e2-blocking-50,binary,50,bot_70,3806,b,50,27.77,25,68.11,92,23.89,0
e2-blocking-50,binary,50,bot_70,3806,b,52,23.78,25,70.94,87,16.06,0
e2-blocking-50,binary,50,bot_70,3806,b,54,6.14,25,67.08,90,22.92,0
e2-blocking-50,binary,50,bot_70,3806,b,56,9.26,25,61.88,67,5.12,0
e2-blocking-50,binary,50,bot_70,3806,b,58,8.87,25,76.81,73,-3.81,0
e2-blocking-50,binary,50,bot_70,3806,b,60,7.69,25,73.14,73,-0.14,0
e2-blocking-50,binary,50,bot_71,3807,w,1,4.31,25,56.55,103,46.45,0
e2-blocking-50,binary,50,bot_71,3807,w,3,48.31,25,73.3,109,35.7,0
e2-blocking-50,binary,50,bot_71,3807,w,5,52.62,25,81.72,117,35.28,0
e2-blocking-50,binary,50,bot_71,3807,w,7,45.43,25,99.36,137,37.64,0
e2-blocking-50,binary,50,bot_71,3807,w,9,38.07,25,118.69,142,23.31,0
e2-blocking-50,binary,50,bot_71,3807,w,11,33.37,25,131.98,155,23.02,0
e2-blocking-50,binary,50,bot_71,3807,w,13,28.69,25,125.96,144,18.04,0
e2-blocking-50,binary,50,bot_71,3807,w,15,18.42,25,150.28,157,6.72,0
e2-blocking-50,binary,50,bot_71,3807,w,17,16,25,170.46,175,4.54,0
e2-blocking-50,binary,50,bot_71,3807,w,19,64.36,25,117.21,181,63.79,0
e2-blocking-50,binary,50,bot_71,3807,w,21,21.26,25,190.49,227,36.51,0
e2-blocking-50,binary,50,bot_71,3807,w,23,15.8,25,177.02,166,-11.02,0
e2-blocking-50,binary,50,bot_71,3807,w,25,104.92,25,103.46,194,90.54,0
e2-blocking-50,binary,50,bot_71,3807,w,27,92.82,25,112.42,189,76.58,0
e2-blocking-50,binary,50,bot_71,3807,w,29,103.51,25,111.26,180,68.74,0
e2-blocking-50,binary,50,bot_71,3807,w,31,82.68,25,119.32,173,53.68,0
e2-blocking-50,binary,50,bot_71,3807,w,33,87.88,25,125.72,173,47.28,0
e2-blocking-50,binary,50,bot_71,3807,w,35,76.9,25,135.75,187,51.25,0
e2-blocking-50,binary,50,bot_71,3807,w,37,62.82,25,138.04,179,40.96,0
e2-blocking-50,binary,50,bot_71,3807,w,39,45.11,25,99.67,125,25.33,0
e2-blocking-50,binary,50,bot_71,3807,w,41,34.11,25,114.53,134,19.47,0
e2-blocking-50,binary,50,bot_71,3807,w,43,24.81,25,106.96,106,-0.96,0
e2-blocking-50,binary,50,bot_71,3807,w,45,22.34,25,97.86,94,-3.86,0
e2-blocking-50,binary,50,bot_71,3807,w,47,15.97,25,100.62,95,-5.62,0
e2-blocking-50,binary,50,bot_71,3807,w,49,13.64,25,98.27,88,-10.27,0
e2-blocking-50,binary,50,bot_71,3807,w,51,53.05,25,61.14,86,24.86,0
e2-blocking-50,binary,50,bot_71,3807,w,53,16.2,25,63.22,65,1.78,0
e2-blocking-50,binary,50,bot_71,3807,w,55,22.81,25,83.62,81,-2.62,0
e2-blocking-50,binary,50,bot_71,3807,w,57,18.83,25,85.55,87,1.45,0
e2-blocking-50,binary,50,bot_71,3807,w,59,15.26,25,70.13,67,-3.13,0
e2-blocking-50,binary,50,bot_72,3807,b,2,50.71,25,95.49,78,-17.49,0
e2-blocking-50,binary,50,bot_72,3807,b,4,49.16,25,75.63,101,25.37,0
e2-blocking-50,binary,50,bot_72,3807,b,6,51.12,25,110.4,139,28.6,0
e2-blocking-50,binary,50,bot_72,3807,b,8,36.43,25,108.43,129,20.57,0
e2-blocking-50,binary,50,bot_72,3807,b,10,37.42,25,125,139,14,0
e2-blocking-50,binary,50,bot_72,3807,b,12,31.25,25,134.72,145,10.28,0
e2-blocking-50,binary,50,bot_72,3807,b,14,20.22,25,149.2,153,3.8,0
e2-blocking-50,binary,50,bot_72,3807,b,16,17.23,25,167.07,161,-6.07,0
e2-blocking-50,binary,50,bot_72,3807,b,18,77.4,25,175.34,166,-9.34,0
e2-blocking-50,binary,50,bot_72,3807,b,20,57.72,25,130.89,172,41.11,0
e2-blocking-50,binary,50,bot_72,3807,b,22,8.65,25,145.71,140,-5.71,0
e2-blocking-50,binary,50,bot_72,3807,b,24,109.04,25,175.01,164,-11.01,0
e2-blocking-50,binary,50,bot_72,3807,b,26,94.39,25,88.19,165,76.81,0
e2-blocking-50,binary,50,bot_72,3807,b,28,88.37,25,103.21,168,64.79,0
e2-blocking-50,binary,50,bot_72,3807,b,30,71.83,25,106.73,184,77.27,0
e2-blocking-50,binary,50,bot_72,3807,b,32,65.61,25,110.34,167,56.66,0
e2-blocking-50,binary,50,bot_72,3807,b,34,69.94,25,123.83,185,61.17,0
e2-blocking-50,binary,50,bot_72,3807,b,36,60.52,25,124.73,174,49.27,0
e2-blocking-50,binary,50,bot_72,3807,b,38,44.38,25,91.64,127,35.36,0
e2-blocking-50,binary,50,bot_72,3807,b,40,37.6,25,102.82,121,18.18,0
e2-blocking-50,binary,50,bot_72,3807,b,42,19.02,25,100.78,108,7.22,0
e2-blocking-50,binary,50,bot_72,3807,b,44,14.84,25,106.59,104,-2.59,0
e2-blocking-50,binary,50,bot_72,3807,b,46,14.01,25,97.73,92,-5.73,0
e2-blocking-50,binary,50,bot_72,3807,b,48,8.19,25,86.94,77,-9.94,0
e2-blocking-50,binary,50,bot_72,3807,b,50,41.27,25,94.41,84,-10.41,0
e2-blocking-50,binary,50,bot_72,3807,b,52,19.2,25,54.27,84,29.73,0
e2-blocking-50,binary,50,bot_72,3807,b,54,13.84,25,60.97,53,-7.97,0
e2-blocking-50,binary,50,bot_72,3807,b,56,17.49,25,68.5,68,-0.5,0
e2-blocking-50,binary,50,bot_72,3807,b,58,14.3,25,67.65,64,-3.65,0
e2-blocking-50,binary,50,bot_72,3807,b,60,13.29,25,54.42,47,-7.42,0
e2-blocking-50,binary,50,bot_73,3808,w,1,47.82,25,63.76,96,32.24,0
e2-blocking-50,binary,50,bot_73,3808,w,3,41.67,25,80.36,114,33.64,0
e2-blocking-50,binary,50,bot_73,3808,w,5,46.41,25,99.3,144,44.7,0
e2-blocking-50,binary,50,bot_73,3808,w,7,39.08,25,105.74,130,24.26,0
e2-blocking-50,binary,50,bot_73,3808,w,9,34.74,25,127.43,144,16.57,0
e2-blocking-50,binary,50,bot_73,3808,w,11,27.28,25,132.42,144,11.58,0
e2-blocking-50,binary,50,bot_73,3808,w,13,23.04,25,156.68,160,3.32,0
e2-blocking-50,binary,50,bot_73,3808,w,15,18.16,25,170.73,167,-3.73,0
e2-blocking-50,binary,50,bot_73,3808,w,17,106.1,25,167.52,160,-7.52,0
e2-blocking-50,binary,50,bot_73,3808,w,19,100.41,25,90.79,160,69.21,0
e2-blocking-50,binary,50,bot_73,3808,w,21,94.34,25,77.77,128,50.23,0
e2-blocking-50,binary,50,bot_73,3808,w,23,87.57,25,98.56,152,53.44,0
e2-blocking-50,binary,50,bot_73,3808,w,25,78.32,25,103.22,155,51.78,0
e2-blocking-50,binary,50,bot_73,3808,w,27,75.24,25,115.76,159,43.24,0
e2-blocking-50,binary,50,bot_73,3808,w,29,57.67,25,120.64,177,56.36,0
e2-blocking-50,binary,50,bot_73,3808,w,31,49.98,25,125.21,158,32.79,0
e2-blocking-50,binary,50,bot_73,3808,w,33,53.27,25,139.84,178,38.16,0
e2-blocking-50,binary,50,bot_73,3808,w,35,44.15,25,141.26,169,27.74,0
e2-blocking-50,binary,50,bot_73,3808,w,37,33.78,25,101.95,125,23.05,0
e2-blocking-50,binary,50,bot_73,3808,w,39,25.15,25,115.14,117,1.86,0
e2-blocking-50,binary,50,bot_73,3808,w,41,10.1,25,110.45,100,-10.45,0
e2-blocking-50,binary,50,bot_73,3808,w,43,47.05,25,115.97,103,-12.97,0
e2-blocking-50,binary,50,bot_73,3808,w,45,43.38,25,65.22,93,27.78,0
e2-blocking-50,binary,50,bot_73,3808,w,47,30.12,25,65.62,79,13.38,0
e2-blocking-50,binary,50,bot_73,3808,w,49,24.76,25,69.94,80,10.06,0
e2-blocking-50,binary,50,bot_73,3808,w,51,8.16,25,65.48,81,15.52,0
e2-blocking-50,binary,50,bot_73,3808,w,53,13.08,25,70.52,58,-12.52,0
e2-blocking-50,binary,50,bot_73,3808,w,55,11.25,25,74.33,65,-9.33,0
e2-blocking-50,binary,50,bot_73,3808,w,57,10.48,25,70.39,65,-5.39,0
e2-blocking-50,binary,50,bot_73,3808,w,59,9.89,25,57.56,47,-10.56,0
e2-blocking-50,binary,50,bot_74,3808,b,2,51.08,25,71.76,97,25.24,0
e2-blocking-50,binary,50,bot_74,3808,b,4,62.74,25,95.4,112,16.6,0
e2-blocking-50,binary,50,bot_74,3808,b,6,43.78,25,106.72,128,21.28,0
e2-blocking-50,binary,50,bot_74,3808,b,8,35.97,25,122.33,138,15.67,0
e2-blocking-50,binary,50,bot_74,3808,b,10,29.01,25,134.54,145,10.46,0
e2-blocking-50,binary,50,bot_74,3808,b,12,22.8,25,138.18,140,1.82,0
e2-blocking-50,binary,50,bot_74,3808,b,14,15.14,25,148.41,148,-0.41,0
e2-blocking-50,binary,50,bot_74,3808,b,16,10.97,25,178.19,172,-6.19,0
e2-blocking-50,binary,50,bot_74,3808,b,18,92.36,25,92.03,174,81.97,0
e2-blocking-50,binary,50,bot_74,3808,b,20,74.46,25,110.11,183,72.89,0
e2-blocking-50,binary,50,bot_74,3808,b,22,77.44,25,112.51,180,67.49,0
e2-blocking-50,binary,50,bot_74,3808,b,24,76.43,25,132.38,193,60.62,0
e2-blocking-50,binary,50,bot_74,3808,b,26,68.04,25,137.48,189,51.52,0
e2-blocking-50,binary,50,bot_74,3808,b,28,79.37,25,136.68,184,47.32,0
e2-blocking-50,binary,50,bot_74,3808,b,30,57.32,25,145.6,175,29.4,0
e2-blocking-50,binary,50,bot_74,3808,b,32,61.96,25,152.16,175,22.84,0
e2-blocking-50,binary,50,bot_74,3808,b,34,52.42,25,160.64,187,26.36,0
e2-blocking-50,binary,50,bot_74,3808,b,36,46.72,25,154.21,171,16.79,0
e2-blocking-50,binary,50,bot_74,3808,b,38,25.64,25,118.92,126,7.08,0
e2-blocking-50,binary,50,bot_74,3808,b,40,13.36,25,134.82,132,-2.82,0
e2-blocking-50,binary,50,bot_74,3808,b,42,11.5,25,120.87,103,-17.87,0
e2-blocking-50,binary,50,bot_74,3808,b,44,51.42,25,79.14,99,19.86,0
e2-blocking-50,binary,50,bot_74,3808,b,46,36.96,25,76.12,93,16.88,0
e2-blocking-50,binary,50,bot_74,3808,b,48,29.92,25,75.55,78,2.45,0
e2-blocking-50,binary,50,bot_74,3808,b,50,35.74,25,78.78,82,3.22,0
e2-blocking-50,binary,50,bot_74,3808,b,52,7.8,25,71.7,58,-13.7,0
e2-blocking-50,binary,50,bot_74,3808,b,54,10.59,25,86.2,77,-9.2,0
e2-blocking-50,binary,50,bot_74,3808,b,56,14.49,25,89.63,80,-9.63,0
e2-blocking-50,binary,50,bot_74,3808,b,58,11.12,25,74.82,64,-10.82,0
e2-blocking-50,binary,50,bot_74,3808,b,60,9.01,25,69.95,59,-10.95,0
e2-blocking-50,binary,50,bot_75,3809,w,1,52.71,25,71.8,107,35.2,0
e2-blocking-50,binary,50,bot_75,3809,w,3,57.96,25,102.98,141,38.02,0
e2-blocking-50,binary,50,bot_75,3809,w,5,43.99,25,101.96,135,33.04,0
e2-blocking-50,binary,50,bot_75,3809,w,7,45.48,25,116.89,143,26.11,0
e2-blocking-50,binary,50,bot_75,3809,w,9,38.18,25,127.24,146,18.76,0
e2-blocking-50,binary,50,bot_75,3809,w,11,26.64,25,142.71,154,11.29,0
e2-blocking-50,binary,50,bot_75,3809,w,13,28.91,25,155.57,159,3.43,0
e2-blocking-50,binary,50,bot_75,3809,w,15,24.2,25,164.35,164,-0.35,0
e2-blocking-50,binary,50,bot_75,3809,w,17,18,25,170.38,162,-8.38,0
e2-blocking-50,binary,50,bot_75,3809,w,19,57.03,25,100.04,176,75.96,0
e2-blocking-50,binary,50,bot_75,3809,w,21,57.61,25,125.99,173,47.01,0
e2-blocking-50,binary,50,bot_75,3809,w,23,50.54,25,144.39,189,44.61,0
e2-blocking-50,binary,50,bot_75,3809,w,25,47.25,25,146.09,186,39.91,0
e2-blocking-50,binary,50,bot_75,3809,w,27,37,25,165.91,196,30.09,0
e2-blocking-50,binary,50,bot_75,3809,w,29,30.86,25,164.46,184,19.54,0
e2-blocking-50,binary,50,bot_75,3809,w,31,26.28,25,178.37,200,21.63,0
e2-blocking-50,binary,50,bot_75,3809,w,33,18.36,25,177.43,191,13.57,0
e2-blocking-50,binary,50,bot_75,3809,w,35,9.16,25,172.23,174,1.77,0
e2-blocking-50,binary,50,bot_75,3809,w,37,58.21,25,82.9,142,59.1,0
e2-blocking-50,binary,50,bot_75,3809,w,39,40.57,25,79.05,128,48.95,0
e2-blocking-50,binary,50,bot_75,3809,w,41,38.69,25,84.77,119,34.23,0
e2-blocking-50,binary,50,bot_75,3809,w,43,27.31,25,84.12,113,28.88,0
e2-blocking-50,binary,50,bot_75,3809,w,45,10.93,25,84.03,95,10.97,0
e2-blocking-50,binary,50,bot_75,3809,w,47,7.16,25,93.46,93,-0.46,0
e2-blocking-50,binary,50,bot_75,3809,w,49,20.95,25,52.95,96,43.05,0
e2-blocking-50,binary,50,bot_75,3809,w,51,15.1,25,59.06,62,2.94,0
e2-blocking-50,binary,50,bot_75,3809,w,53,19.25,25,66.5,75,8.5,0
e2-blocking-50,binary,50,bot_75,3809,w,55,15.37,25,66.17,73,6.83,0
e2-blocking-50,binary,50,bot_75,3809,w,57,16.12,25,64.29,54,-10.29,0
e2-blocking-50,binary,50,bot_75,3809,w,59,10.01,25,73.34,67,-6.34,0
e2-blocking-50,binary,50,bot_76,3809,b,2,61.19,25,72.85,96,23.15,0
e2-blocking-50,binary,50,bot_76,3809,b,4,56.79,25,87.78,115,27.22,0
e2-blocking-50,binary,50,bot_76,3809,b,6,48.82,25,107.97,121,13.03,0
e2-blocking-50,binary,50,bot_76,3809,b,8,42.22,25,122.87,137,14.13,0
e2-blocking-50,binary,50,bot_76,3809,b,10,34.32,25,121.24,129,7.76,0
e2-blocking-50,binary,50,bot_76,3809,b,12,26.12,25,142.48,137,-5.48,0
e2-blocking-50,binary,50,bot_76,3809,b,14,24.73,25,161.52,160,-1.52,0
e2-blocking-50,binary,50,bot_76,3809,b,16,16.19,25,163.48,157,-6.48,0
e2-blocking-50,binary,50,bot_76,3809,b,18,94.2,25,176.36,170,-6.36,0
e2-blocking-50,binary,50,bot_76,3809,b,20,65.71,25,124.34,157,32.66,0
e2-blocking-50,binary,50,bot_76,3809,b,22,64.71,25,135.11,169,33.89,0
e2-blocking-50,binary,50,bot_76,3809,b,24,58.29,25,141.14,167,25.86,0
e2-blocking-50,binary,50,bot_76,3809,b,26,48.4,25,148.57,172,23.43,0
e2-blocking-50,binary,50,bot_76,3809,b,28,39.7,25,145.55,158,12.45,0
e2-blocking-50,binary,50,bot_76,3809,b,30,40.46,25,147.08,153,5.92,0
e2-blocking-50,binary,50,bot_76,3809,b,32,32.09,25,172.32,175,2.68,0
e2-blocking-50,binary,50,bot_76,3809,b,34,20.35,25,175.14,170,-5.14,0
e2-blocking-50,binary,50,bot_76,3809,b,36,78.89,25,131.03,116,-15.03,0
e2-blocking-50,binary,50,bot_76,3809,b,38,67.57,25,82.04,116,33.96,0
e2-blocking-50,binary,50,bot_76,3809,b,40,53.79,25,76.62,93,16.38,0
e2-blocking-50,binary,50,bot_76,3809,b,42,48.41,25,71.51,86,14.49,0
e2-blocking-50,binary,50,bot_76,3809,b,44,30.04,25,87.01,90,2.99,0
e2-blocking-50,binary,50,bot_76,3809,b,46,17.49,25,95.44,82,-13.44,0
e2-blocking-50,binary,50,bot_76,3809,b,48,60.78,25,88.84,75,-13.84,0
e2-blocking-50,binary,50,bot_76,3809,b,50,19.45,25,59.6,59,-0.6,0
e2-blocking-50,binary,50,bot_76,3809,b,52,26.68,25,79.87,75,-4.87,0
e2-blocking-50,binary,50,bot_76,3809,b,54,22.96,25,81.82,80,-1.82,0
e2-blocking-50,binary,50,bot_76,3809,b,56,6.76,25,65.98,59,-6.98,0
e2-blocking-50,binary,50,bot_76,3809,b,58,11.75,25,67.83,64,-3.83,0
e2-blocking-50,binary,50,bot_76,3809,b,60,7.24,25,75.12,64,-11.12,0
e2-blocking-50,binary,50,bot_77,3810,w,1,61.91,25,72.34,103,30.66,0
e2-blocking-50,binary,50,bot_77,3810,w,3,59.86,25,84.68,115,30.32,0
e2-blocking-50,binary,50,bot_77,3810,w,5,52.01,25,104.98,121,16.02,0
e2-blocking-50,binary,50,bot_77,3810,w,7,46.15,25,118.96,138,19.04,0
e2-blocking-50,binary,50,bot_77,3810,w,9,37.69,25,117.85,131,13.15,0
e2-blocking-50,binary,50,bot_77,3810,w,11,30.5,25,138.77,141,2.23,0
e2-blocking-50,binary,50,bot_77,3810,w,13,28.8,25,157,164,7,0
e2-blocking-50,binary,50,bot_77,3810,w,15,21.71,25,158.18,158,-0.18,0
e2-blocking-50,binary,50,bot_77,3810,w,17,18.34,25,171.8,173,1.2,0
e2-blocking-50,binary,50,bot_77,3810,w,19,84.22,25,163.74,151,-12.74,0
e2-blocking-50,binary,50,bot_77,3810,w,21,69.69,25,130.17,170,39.83,0
e2-blocking-50,binary,50,bot_77,3810,w,23,66.34,25,133.02,166,32.98,0
e2-blocking-50,binary,50,bot_77,3810,w,25,55.44,25,141.79,173,31.21,0
e2-blocking-50,binary,50,bot_77,3810,w,27,45.32,25,140.18,161,20.82,0
e2-blocking-50,binary,50,bot_77,3810,w,29,46.91,25,140.65,154,13.35,0
e2-blocking-50,binary,50,bot_77,3810,w,31,39.93,25,165.09,174,8.91,0
e2-blocking-50,binary,50,bot_77,3810,w,33,27.43,25,168.26,169,0.74,0
e2-blocking-50,binary,50,bot_77,3810,w,35,16.88,25,121.71,110,-11.71,0
e2-blocking-50,binary,50,bot_77,3810,w,37,85.59,25,126.02,113,-13.02,0
e2-blocking-50,binary,50,bot_77,3810,w,39,60.48,25,69.68,91,21.32,0
e2-blocking-50,binary,50,bot_77,3810,w,41,57.94,25,61.34,82,20.66,0
e2-blocking-50,binary,50,bot_77,3810,w,43,41.27,25,75.73,84,8.27,0
e2-blocking-50,binary,50,bot_77,3810,w,45,28.88,25,83.45,77,-6.45,0
e2-blocking-50,binary,50,bot_77,3810,w,47,9.61,25,83.46,73,-10.46,0
e2-blocking-50,binary,50,bot_77,3810,w,49,1.96,25,76.09,60,-16.09,0
e2-blocking-50,binary,50,bot_77,3810,w,51,32.17,25,74.29,73,-1.29,0
e2-blocking-50,binary,50,bot_77,3810,w,53,29.03,25,75.61,78,2.39,0
e2-blocking-50,binary,50,bot_77,3810,w,55,11.73,25,60.84,59,-1.84,0
e2-blocking-50,binary,50,bot_77,3810,w,57,16.85,25,76.49,59,-17.49,0
e2-blocking-50,binary,50,bot_77,3810,w,59,13.24,25,69.62,63,-6.62,0
e2-blocking-50,binary,50,bot_78,3810,b,2,61.34,25,99.85,131,31.15,0
e2-blocking-50,binary,50,bot_78,3810,b,4,47.38,25,98.45,127,28.55,0
e2-blocking-50,binary,50,bot_78,3810,b,6,49.93,25,112.44,133,20.56,0
e2-blocking-50,binary,50,bot_78,3810,b,8,43.84,25,121.39,135,13.61,0
e2-blocking-50,binary,50,bot_78,3810,b,10,34.19,25,135.05,141,5.95,0
e2-blocking-50,binary,50,bot_78,3810,b,12,36.3,25,148.73,147,-1.73,0
e2-blocking-50,binary,50,bot_78,3810,b,14,30.76,25,157.76,154,-3.76,0
e2-blocking-50,binary,50,bot_78,3810,b,16,24.88,25,163.28,153,-10.28,0
e2-blocking-50,binary,50,bot_78,3810,b,18,12.94,25,167.4,162,-5.4,0
e2-blocking-50,binary,50,bot_78,3810,b,20,63.68,25,119.79,181,61.21,0
e2-blocking-50,binary,50,bot_78,3810,b,22,56.75,25,138.19,183,44.81,0
e2-blocking-50,binary,50,bot_78,3810,b,24,55.28,25,138.06,181,42.94,0
e2-blocking-50,binary,50,bot_78,3810,b,26,45.63,25,157.67,189,31.33,0
e2-blocking-50,binary,50,bot_78,3810,b,28,37.65,25,157.67,178,20.33,0
e2-blocking-50,binary,50,bot_78,3810,b,30,32.4,25,172.3,195,22.7,0
e2-blocking-50,binary,50,bot_78,3810,b,32,24.47,25,171.79,187,15.21,0
e2-blocking-50,binary,50,bot_78,3810,b,34,13.03,25,168.9,173,4.1,0
e2-blocking-50,binary,50,bot_78,3810,b,36,9.71,25,140.39,134,-6.39,0
e2-blocking-50,binary,50,bot_78,3810,b,38,46.62,25,73.39,136,62.61,0
e2-blocking-50,binary,50,bot_78,3810,b,40,44.36,25,79.7,115,35.3,0
e2-blocking-50,binary,50,bot_78,3810,b,42,32.01,25,80.19,114,33.81,0
e2-blocking-50,binary,50,bot_78,3810,b,44,17,25,78.92,97,18.08,0
e2-blocking-50,binary,50,bot_78,3810,b,46,9.75,25,91.37,100,8.63,0
e2-blocking-50,binary,50,bot_78,3810,b,48,4.7,25,94.34,84,-10.34,0
e2-blocking-50,binary,50,bot_78,3810,b,50,18.63,25,87.64,69,-18.64,0
e2-blocking-50,binary,50,bot_78,3810,b,52,22.34,25,63.35,75,11.65,0
e2-blocking-50,binary,50,bot_78,3810,b,54,18.88,25,62.76,71,8.24,0
e2-blocking-50,binary,50,bot_78,3810,b,56,2.44,25,63.89,54,-9.89,0
e2-blocking-50,binary,50,bot_78,3810,b,58,12.99,25,70.25,67,-3.25,0
e2-blocking-50,binary,50,bot_78,3810,b,60,10.24,25,68.93,61,-7.93,0
e2-blocking-50,binary,50,bot_79,3811,w,1,62.45,25,99.1,141,41.9,0
e2-blocking-50,binary,50,bot_79,3811,w,3,48.64,25,97.22,127,29.78,0
e2-blocking-50,binary,50,bot_79,3811,w,5,52.59,25,109.71,131,21.29,0
e2-blocking-50,binary,50,bot_79,3811,w,7,46.93,25,118.49,137,18.51,0
e2-blocking-50,binary,50,bot_79,3811,w,9,36.82,25,132.21,141,8.79,0
e2-blocking-50,binary,50,bot_79,3811,w,11,38.23,25,146.98,147,0.02,0
e2-blocking-50,binary,50,bot_79,3811,w,13,32.27,25,156.26,159,2.74,0
e2-blocking-50,binary,50,bot_79,3811,w,15,26.4,25,161.64,157,-4.64,0
e2-blocking-50,binary,50,bot_79,3811,w,17,14.3,25,166.21,167,0.79,0
e2-blocking-50,binary,50,bot_79,3811,w,19,79.09,25,176.03,170,-6.03,0
e2-blocking-50,binary,50,bot_79,3811,w,21,59.53,25,135.24,183,47.76,0
e2-blocking-50,binary,50,bot_79,3811,w,23,58.24,25,135.57,181,45.43,0
e2-blocking-50,binary,50,bot_79,3811,w,25,48.35,25,155.07,189,33.93,0
e2-blocking-50,binary,50,bot_79,3811,w,27,40.51,25,154.25,178,23.75,0
e2-blocking-50,binary,50,bot_79,3811,w,29,35.48,25,169.24,196,26.76,0
e2-blocking-50,binary,50,bot_79,3811,w,31,27.19,25,168.73,186,17.27,0
e2-blocking-50,binary,50,bot_79,3811,w,33,16.63,25,165.33,172,6.67,0
e2-blocking-50,binary,50,bot_79,3811,w,35,13.38,25,136.93,133,-3.93,0
e2-blocking-50,binary,50,bot_79,3811,w,37,58.94,25,136.72,125,-11.72,0
e2-blocking-50,binary,50,bot_79,3811,w,39,50.34,25,73.84,113,39.16,0
e2-blocking-50,binary,50,bot_79,3811,w,41,37.71,25,74.31,109,34.69,0
e2-blocking-50,binary,50,bot_79,3811,w,43,18.5,25,77.49,96,18.51,0
e2-blocking-50,binary,50,bot_79,3811,w,45,11.83,25,89.05,99,9.95,0
e2-blocking-50,binary,50,bot_79,3811,w,47,8.01,25,90.72,83,-7.72,0
e2-blocking-50,binary,50,bot_79,3811,w,49,24.99,25,81.55,65,-16.55,0
e2-blocking-50,binary,50,bot_79,3811,w,51,22.44,25,63.58,77,13.42,0
e2-blocking-50,binary,50,bot_79,3811,w,53,21.04,25,60.49,72,11.51,0
e2-blocking-50,binary,50,bot_79,3811,w,55,4.13,25,62.54,58,-4.54,0
e2-blocking-50,binary,50,bot_79,3811,w,57,14.85,25,68.7,71,2.3,0
e2-blocking-50,binary,50,bot_79,3811,w,59,11.19,25,67.5,64,-3.5,0
e2-blocking-50,binary,50,bot_80,3811,b,2,61.23,25,83.29,115,31.71,0
e2-blocking-50,binary,50,bot_80,3811,b,4,53.26,25,103.76,121,17.24,0
e2-blocking-50,binary,50,bot_80,3811,b,6,48.29,25,116.86,138,21.14,0
e2-blocking-50,binary,50,bot_80,3811,b,8,40.3,25,115.63,131,15.37,0
e2-blocking-50,binary,50,bot_80,3811,b,10,30.67,25,139.06,145,5.94,0
e2-blocking-50,binary,50,bot_80,3811,b,12,34.82,25,150.84,158,7.16,0
e2-blocking-50,binary,50,bot_80,3811,b,14,26.92,25,152.9,154,1.1,0
e2-blocking-50,binary,50,bot_80,3811,b,16,23.95,25,165.91,169,3.09,0
e2-blocking-50,binary,50,bot_80,3811,b,18,17.56,25,158.91,148,-10.91,0
e2-blocking-50,binary,50,bot_80,3811,b,20,72.7,25,126.82,182,55.18,0
e2-blocking-50,binary,50,bot_80,3811,b,22,69.77,25,129.78,165,35.22,0
e2-blocking-50,binary,50,bot_80,3811,b,24,58.27,25,139.11,172,32.89,0
e2-blocking-50,binary,50,bot_80,3811,b,26,47.86,25,137.33,162,24.67,0
e2-blocking-50,binary,50,bot_80,3811,b,28,50.61,25,137.17,155,17.83,0
e2-blocking-50,binary,50,bot_80,3811,b,30,42.4,25,162.26,175,12.74,0
e2-blocking-50,binary,50,bot_80,3811,b,32,30.78,25,164.99,167,2.01,0
e2-blocking-50,binary,50,bot_80,3811,b,34,19.98,25,118.52,112,-6.52,0
e2-blocking-50,binary,50,bot_80,3811,b,36,11.39,25,123.65,113,-10.65,0
e2-blocking-50,binary,50,bot_80,3811,b,38,63.03,25,67.38,102,34.62,0
e2-blocking-50,binary,50,bot_80,3811,b,40,59.65,25,59.54,85,25.46,0
e2-blocking-50,binary,50,bot_80,3811,b,42,43.49,25,73.83,88,14.17,0
e2-blocking-50,binary,50,bot_80,3811,b,44,30.47,25,81.68,76,-5.68,0
e2-blocking-50,binary,50,bot_80,3811,b,46,11.75,25,82.07,74,-8.07,0
e2-blocking-50,binary,50,bot_80,3811,b,48,3.79,25,74.61,63,-11.61,0
e2-blocking-50,binary,50,bot_80,3811,b,50,34.32,25,72.28,78,5.72,0
e2-blocking-50,binary,50,bot_80,3811,b,52,31.52,25,72.75,76,3.25,0
e2-blocking-50,binary,50,bot_80,3811,b,54,16.47,25,56.24,58,1.76,0
e2-blocking-50,binary,50,bot_80,3811,b,56,21.19,25,72.01,56,-16.01,0
e2-blocking-50,binary,50,bot_80,3811,b,58,17.98,25,64.93,59,-5.93,0
e2-blocking-50,binary,50,bot_80,3811,b,60,9.73,25,70.27,61,-9.27,0
e2-blocking-50,binary,50,bot_81,3812,w,1,63.02,25,81.51,119,37.49,0
e2-blocking-50,binary,50,bot_81,3812,w,3,60.55,25,96.13,115,18.88,0
e2-blocking-50,binary,50,bot_81,3812,w,5,55.39,25,110.14,134,23.86,0
e2-blocking-50,binary,50,bot_81,3812,w,7,43.8,25,111.77,130,18.23,0
e2-blocking-50,binary,50,bot_81,3812,w,9,35.29,25,134.9,138,3.1,0
e2-blocking-50,binary,50,bot_81,3812,w,11,41.62,25,143.89,153,9.11,0
e2-blocking-50,binary,50,bot_81,3812,w,13,32.8,25,147.24,151,3.76,0
e2-blocking-50,binary,50,bot_81,3812,w,15,30.3,25,160.11,169,8.89,0
e2-blocking-50,binary,50,bot_81,3812,w,17,24.76,25,151.29,147,-4.29,0
e2-blocking-50,binary,50,bot_81,3812,w,19,14.71,25,172.23,168,-4.23,0
e2-blocking-50,binary,50,bot_81,3812,w,21,79.67,25,119.7,171,51.3,0
e2-blocking-50,binary,50,bot_81,3812,w,23,69.56,25,127.52,165,37.48,0
e2-blocking-50,binary,50,bot_81,3812,w,25,55.46,25,129.57,158,28.43,0
e2-blocking-50,binary,50,bot_81,3812,w,27,59.21,25,128.67,149,20.33,0
e2-blocking-50,binary,50,bot_81,3812,w,29,52.58,25,152.09,169,16.91,0
e2-blocking-50,binary,50,bot_81,3812,w,31,41.64,25,154.56,159,4.44,0
e2-blocking-50,binary,50,bot_81,3812,w,33,29.67,25,107.92,102,-5.92,0
e2-blocking-50,binary,50,bot_81,3812,w,35,18.2,25,116.97,109,-7.97,0
e2-blocking-50,binary,50,bot_81,3812,w,37,11.3,25,88.04,77,-11.04,0
e2-blocking-50,binary,50,bot_81,3812,w,39,10.32,25,96,83,-13,0
e2-blocking-50,binary,50,bot_81,3812,w,41,51.41,25,65.82,91,25.18,0
e2-blocking-50,binary,50,bot_81,3812,w,43,37.51,25,74.52,72,-2.52,0
e2-blocking-50,binary,50,bot_81,3812,w,45,16.71,25,77.08,75,-2.08,0
e2-blocking-50,binary,50,bot_81,3812,w,47,6.39,25,71.51,57,-14.51,0
e2-blocking-50,binary,50,bot_81,3812,w,49,39.41,25,87.4,71,-16.4,0
e2-blocking-50,binary,50,bot_81,3812,w,51,35.33,25,69.05,69,-0.05,0
e2-blocking-50,binary,50,bot_81,3812,w,53,19.94,25,52.64,52,-0.64,0
e2-blocking-50,binary,50,bot_81,3812,w,55,25.02,25,68.07,50,-18.07,0
e2-blocking-50,binary,50,bot_81,3812,w,57,22.34,25,60.14,54,-6.14,0
e2-blocking-50,binary,50,bot_81,3812,w,59,10.08,25,69.7,59,-10.7,0
e2-blocking-50,binary,50,bot_82,3812,b,2,56.09,25,89.7,111,21.3,0
e2-blocking-50,binary,50,bot_82,3812,b,4,60.77,25,101.52,119,17.48,0
e2-blocking-50,binary,50,bot_82,3812,b,6,55.3,25,110.05,122,11.95,0
e2-blocking-50,binary,50,bot_82,3812,b,8,41.11,25,127.59,128,0.41,0
e2-blocking-50,binary,50,bot_82,3812,b,10,46.93,25,138.46,131,-7.46,0
e2-blocking-50,binary,50,bot_82,3812,b,12,40.53,25,147.88,146,-1.88,0
e2-blocking-50,binary,50,bot_82,3812,b,14,35.94,25,151.46,141,-10.46,0
e2-blocking-50,binary,50,bot_82,3812,b,16,24.01,25,156.78,155,-1.78,0
e2-blocking-50,binary,50,bot_82,3812,b,18,24.04,25,165.17,157,-8.17,0
e2-blocking-50,binary,50,bot_82,3812,b,20,78.41,25,195.02,178,-17.02,0
e2-blocking-50,binary,50,bot_82,3812,b,22,66.14,25,127.84,175,47.16,0
e2-blocking-50,binary,50,bot_82,3812,b,24,55.97,25,147.16,186,38.84,0
e2-blocking-50,binary,50,bot_82,3812,b,26,48.72,25,146.69,171,24.31,0
e2-blocking-50,binary,50,bot_82,3812,b,28,45,25,159.95,188,28.05,0
e2-blocking-50,binary,50,bot_82,3812,b,30,33.08,25,163.5,183,19.5,0
e2-blocking-50,binary,50,bot_82,3812,b,32,22.03,25,160.17,170,9.83,0
e2-blocking-50,binary,50,bot_82,3812,b,34,20.4,25,130.12,128,-2.12,0
e2-blocking-50,binary,50,bot_82,3812,b,36,17.48,25,127.6,115,-12.6,0
e2-blocking-50,binary,50,bot_82,3812,b,38,14.73,25,138.17,118,-20.17,0
e2-blocking-50,binary,50,bot_82,3812,b,40,53.45,25,123.43,102,-21.43,0
e2-blocking-50,binary,50,bot_82,3812,b,42,26.34,25,69.47,90,20.53,0
e2-blocking-50,binary,50,bot_82,3812,b,44,20.98,25,79.55,91,11.45,0
e2-blocking-50,binary,50,bot_82,3812,b,46,10.6,25,88.98,79,-9.98,0
e2-blocking-50,binary,50,bot_82,3812,b,48,5.41,25,81.11,61,-20.11,0
e2-blocking-50,binary,50,bot_82,3812,b,50,24.18,25,61.85,73,11.15,0
e2-blocking-50,binary,50,bot_82,3812,b,52,22.55,25,58.9,67,8.1,0
e2-blocking-50,binary,50,bot_82,3812,b,54,6.09,25,60.59,53,-7.59,0
e2-blocking-50,binary,50,bot_82,3812,b,56,17.31,25,66.08,65,-1.08,0
e2-blocking-50,binary,50,bot_82,3812,b,58,12.63,25,65.84,62,-3.84,0
e2-blocking-50,binary,50,bot_82,3812,b,60,6.9,25,62.25,45,-17.25,0
e2-blocking-50,binary,50,bot_83,3813,w,1,57.23,25,89.23,126,36.77,0
e2-blocking-50,binary,50,bot_83,3813,w,3,62.25,25,99.95,125,25.05,0
e2-blocking-50,binary,50,bot_83,3813,w,5,56.29,25,108.94,129,20.06,0
e2-blocking-50,binary,50,bot_83,3813,w,7,43.7,25,125.02,134,8.98,0
e2-blocking-50,binary,50,bot_83,3813,w,9,49.12,25,135.95,136,0.05,0
e2-blocking-50,binary,50,bot_83,3813,w,11,43.42,25,144.99,152,7.01,0
e2-blocking-50,binary,50,bot_83,3813,w,13,38.16,25,149.11,147,-2.11,0
e2-blocking-50,binary,50,bot_83,3813,w,15,28.52,25,152.38,158,5.62,0
e2-blocking-50,binary,50,bot_83,3813,w,17,28.64,25,160.31,161,0.69,0
e2-blocking-50,binary,50,bot_83,3813,w,19,17.7,25,191.01,181,-10.01,0
e2-blocking-50,binary,50,bot_83,3813,w,21,69.86,25,123.71,192,68.29,0
e2-blocking-50,binary,50,bot_83,3813,w,23,57.97,25,145.33,189,43.67,0
e2-blocking-50,binary,50,bot_83,3813,w,25,50.38,25,144.84,174,29.16,0
e2-blocking-50,binary,50,bot_83,3813,w,27,47.04,25,157.74,191,33.26,0
e2-blocking-50,binary,50,bot_83,3813,w,29,34.93,25,161.22,188,26.78,0
e2-blocking-50,binary,50,bot_83,3813,w,31,24.19,25,158.02,176,17.98,0
e2-blocking-50,binary,50,bot_83,3813,w,33,22.82,25,127.97,132,4.03,0
e2-blocking-50,binary,50,bot_83,3813,w,35,20.9,25,124.31,118,-6.31,0
e2-blocking-50,binary,50,bot_83,3813,w,37,17.64,25,135.19,121,-14.19,0
e2-blocking-50,binary,50,bot_83,3813,w,39,10.09,25,120.51,106,-14.51,0
e2-blocking-50,binary,50,bot_83,3813,w,41,30.36,25,65.43,100,34.57,0
e2-blocking-50,binary,50,bot_83,3813,w,43,26.66,25,73.81,90,16.19,0
e2-blocking-50,binary,50,bot_83,3813,w,45,15.68,25,83.29,78,-5.29,0
e2-blocking-50,binary,50,bot_83,3813,w,47,7.99,25,81.14,63,-18.14,0
e2-blocking-50,binary,50,bot_83,3813,w,49,2.91,25,77.19,59,-18.19,0
e2-blocking-50,binary,50,bot_83,3813,w,51,3.56,25,99.4,79,-20.4,0
e2-blocking-50,binary,50,bot_83,3813,w,53,3.04,25,73.9,53,-20.9,0
e2-blocking-50,binary,50,bot_83,3813,w,55,20.33,25,63.32,68,4.68,0
e2-blocking-50,binary,50,bot_83,3813,w,57,14.75,25,63.97,65,1.03,0
e2-blocking-50,binary,50,bot_83,3813,w,59,6.47,25,62.26,52,-10.26,0
e2-blocking-50,binary,50,bot_84,3813,b,2,62.66,25,94,118,24,0
e2-blocking-50,binary,50,bot_84,3813,b,4,57.78,25,107.49,135,27.51,0
e2-blocking-50,binary,50,bot_84,3813,b,6,46.88,25,108.39,130,21.61,0
e2-blocking-50,binary,50,bot_84,3813,b,8,38.29,25,131.91,141,9.09,0
e2-blocking-50,binary,50,bot_84,3813,b,10,44.3,25,141.01,156,14.99,0
e2-blocking-50,binary,50,bot_84,3813,b,12,36.04,25,144,152,8,0
e2-blocking-50,binary,50,bot_84,3813,b,14,33.12,25,157.43,169,11.57,0
e2-blocking-50,binary,50,bot_84,3813,b,16,27.57,25,148.28,150,1.72,0
e2-blocking-50,binary,50,bot_84,3813,b,18,18.8,25,168.16,170,1.84,0
e2-blocking-50,binary,50,bot_84,3813,b,20,94.94,25,169.23,160,-9.23,0
e2-blocking-50,binary,50,bot_84,3813,b,22,71.54,25,125.6,168,42.4,0
e2-blocking-50,binary,50,bot_84,3813,b,24,57.28,25,127.73,160,32.27,0
e2-blocking-50,binary,50,bot_84,3813,b,26,61.75,25,125.93,150,24.07,0
e2-blocking-50,binary,50,bot_84,3813,b,28,55.32,25,148.97,169,20.03,0
e2-blocking-50,binary,50,bot_84,3813,b,30,45.57,25,150.59,160,9.41,0
e2-blocking-50,binary,50,bot_84,3813,b,32,32.17,25,105.47,102,-3.47,0
e2-blocking-50,binary,50,bot_84,3813,b,34,21.13,25,114.23,110,-4.23,0
e2-blocking-50,binary,50,bot_84,3813,b,36,14.37,25,85.05,79,-6.05,0
e2-blocking-50,binary,50,bot_84,3813,b,38,13.35,25,93.04,84,-9.04,0
e2-blocking-50,binary,50,bot_84,3813,b,40,61.47,25,101.55,84,-17.55,0
e2-blocking-50,binary,50,bot_84,3813,b,42,39.45,25,72.55,75,2.45,0
e2-blocking-50,binary,50,bot_84,3813,b,44,18.82,25,75.15,79,3.85,0
e2-blocking-50,binary,50,bot_84,3813,b,46,6.04,25,69.67,61,-8.67,0
e2-blocking-50,binary,50,bot_84,3813,b,48,6.24,25,85.13,71,-14.13,0
e2-blocking-50,binary,50,bot_84,3813,b,50,3.3,25,76.59,55,-21.59,0
e2-blocking-50,binary,50,bot_84,3813,b,52,2.64,25,77.69,59,-18.69,0
e2-blocking-50,binary,50,bot_84,3813,b,54,28.86,25,90.89,71,-19.89,0
e2-blocking-50,binary,50,bot_84,3813,b,56,24.75,25,57.7,55,-2.7,0
e2-blocking-50,binary,50,bot_84,3813,b,58,14.19,25,65.94,58,-7.94,0
e2-blocking-50,binary,50,bot_84,3813,b,60,9.07,25,70,54,-16,0
e2-blocking-50,binary,50,bot_85,3814,w,1,66.76,25,90.51,123,32.49,0
e2-blocking-50,binary,50,bot_85,3814,w,3,61.29,25,104.14,135,30.86,0
e2-blocking-50,binary,50,bot_85,3814,w,5,50.45,25,104.8,127,22.2,0
e2-blocking-50,binary,50,bot_85,3814,w,7,43.05,25,127.26,137,9.74,0
e2-blocking-50,binary,50,bot_85,3814,w,9,50.87,25,134.41,150,15.59,0
e2-blocking-50,binary,50,bot_85,3814,w,11,41.46,25,138.54,149,10.46,0
e2-blocking-50,binary,50,bot_85,3814,w,13,38.97,25,152.78,157,4.22,0
e2-blocking-50,binary,50,bot_85,3814,w,15,33.71,25,142.04,138,-4.04,0
e2-blocking-50,binary,50,bot_85,3814,w,17,24.67,25,161.93,159,-2.93,0
e2-blocking-50,binary,50,bot_85,3814,w,19,19.6,25,163.13,148,-15.13,0
e2-blocking-50,binary,50,bot_85,3814,w,21,89.59,25,178.68,158,-20.68,0
e2-blocking-50,binary,50,bot_85,3814,w,23,63.28,25,121.84,147,25.16,0
e2-blocking-50,binary,50,bot_85,3814,w,25,64.27,25,123.51,141,17.49,0
e2-blocking-50,binary,50,bot_85,3814,w,27,60.99,25,143.59,158,14.41,0
e2-blocking-50,binary,50,bot_85,3814,w,29,52.29,25,143.93,148,4.07,0
e2-blocking-50,binary,50,bot_85,3814,w,31,37.19,25,99.94,93,-6.94,0
e2-blocking-50,binary,50,bot_85,3814,w,33,27.8,25,107.32,100,-7.32,0
e2-blocking-50,binary,50,bot_85,3814,w,35,20.11,25,79.6,70,-9.6,0
e2-blocking-50,binary,50,bot_85,3814,w,37,14.6,25,91.84,75,-16.84,0
e2-blocking-50,binary,50,bot_85,3814,w,39,61.47,25,100.95,77,-23.95,0
e2-blocking-50,binary,50,bot_85,3814,w,41,42.32,25,69.75,67,-2.75,0
e2-blocking-50,binary,50,bot_85,3814,w,43,20.22,25,74.3,76,1.7,0
e2-blocking-50,binary,50,bot_85,3814,w,45,7.34,25,68.34,59,-9.34,0
e2-blocking-50,binary,50,bot_85,3814,w,47,8.4,25,83.03,64,-19.03,0
e2-blocking-50,binary,50,bot_85,3814,w,49,4.55,25,75.03,49,-26.03,0
e2-blocking-50,binary,50,bot_85,3814,w,51,4.55,25,76.05,53,-23.05,0
e2-blocking-50,binary,50,bot_85,3814,w,53,5.44,25,88.73,64,-24.73,0
e2-blocking-50,binary,50,bot_85,3814,w,55,27.16,25,55.53,51,-4.53,0
e2-blocking-50,binary,50,bot_85,3814,w,57,16.07,25,63.8,50,-13.8,0
e2-blocking-50,binary,50,bot_85,3814,w,59,10.18,25,68.17,46,-22.17,0
e2-blocking-50,binary,50,bot_86,3814,b,2,67.11,25,95.21,125,29.79,0
e2-blocking-50,binary,50,bot_86,3814,b,4,59.57,25,105.48,129,23.52,0
e2-blocking-50,binary,50,bot_86,3814,b,6,47.89,25,121.04,134,12.96,0
e2-blocking-50,binary,50,bot_86,3814,b,8,53.19,25,131.83,137,5.17,0
e2-blocking-50,binary,50,bot_86,3814,b,10,48,25,140.46,154,13.54,0
e2-blocking-50,binary,50,bot_86,3814,b,12,41.48,25,145.04,148,2.96,0
e2-blocking-50,binary,50,bot_86,3814,b,14,33.35,25,147.75,150,2.25,0
e2-blocking-50,binary,50,bot_86,3814,b,16,32.48,25,156.59,152,-4.59,0
e2-blocking-50,binary,50,bot_86,3814,b,18,23.05,25,185.56,173,-12.56,0
e2-blocking-50,binary,50,bot_86,3814,b,20,15.73,25,188.54,170,-18.54,0
e2-blocking-50,binary,50,bot_86,3814,b,22,62.23,25,141.2,193,51.8,0
e2-blocking-50,binary,50,bot_86,3814,b,24,54.88,25,140.68,166,25.32,0
e2-blocking-50,binary,50,bot_86,3814,b,26,51.74,25,153.05,178,24.95,0
e2-blocking-50,binary,50,bot_86,3814,b,28,40.6,25,155.98,178,22.02,0
e2-blocking-50,binary,50,bot_86,3814,b,30,30.71,25,151.54,166,14.46,0
e2-blocking-50,binary,50,bot_86,3814,b,32,29.18,25,121.23,120,-1.23,0
e2-blocking-50,binary,50,bot_86,3814,b,34,28.24,25,117.02,107,-10.02,0
e2-blocking-50,binary,50,bot_86,3814,b,36,20.31,25,133.37,114,-19.37,0
e2-blocking-50,binary,50,bot_86,3814,b,38,13.64,25,116.73,94,-22.73,0
e2-blocking-50,binary,50,bot_86,3814,b,40,35.19,25,61.12,86,24.88,0
e2-blocking-50,binary,50,bot_86,3814,b,42,32.17,25,68.49,81,12.51,0
e2-blocking-50,binary,50,bot_86,3814,b,44,21.61,25,77.35,67,-10.35,0
e2-blocking-50,binary,50,bot_86,3814,b,46,11.8,25,77.12,53,-24.12,0
e2-blocking-50,binary,50,bot_86,3814,b,48,6.12,25,73.7,51,-22.7,0
e2-blocking-50,binary,50,bot_86,3814,b,50,7.45,25,95.26,70,-25.26,0
e2-blocking-50,binary,50,bot_86,3814,b,52,6.54,25,70.58,43,-27.58,0
e2-blocking-50,binary,50,bot_86,3814,b,54,26.46,25,82.76,57,-25.76,0
e2-blocking-50,binary,50,bot_86,3814,b,56,17.51,25,61.34,57,-4.34,0
e2-blocking-50,binary,50,bot_86,3814,b,58,8.71,25,59.79,45,-14.79,0
e2-blocking-50,binary,50,bot_86,3814,b,60,10.07,25,68.34,48,-20.34,0
e2-blocking-50,binary,50,bot_87,3815,w,1,71.07,25,91.49,138,46.51,0
e2-blocking-50,binary,50,bot_87,3815,w,3,64.54,25,100.55,133,32.45,0
e2-blocking-50,binary,50,bot_87,3815,w,5,54.17,25,114.71,135,20.29,0
e2-blocking-50,binary,50,bot_87,3815,w,7,58.5,25,126.6,140,13.4,0
e2-blocking-50,binary,50,bot_87,3815,w,9,53.02,25,135.65,159,23.35,0
e2-blocking-50,binary,50,bot_87,3815,w,11,45.56,25,140.59,154,13.41,0
e2-blocking-50,binary,50,bot_87,3815,w,13,37.76,25,143.51,153,9.49,0
e2-blocking-50,binary,50,bot_87,3815,w,15,38.81,25,150.25,154,3.75,0
e2-blocking-50,binary,50,bot_87,3815,w,17,29.29,25,179.73,175,-4.73,0
e2-blocking-50,binary,50,bot_87,3815,w,19,20.54,25,184.92,174,-10.92,0
e2-blocking-50,binary,50,bot_87,3815,w,21,18.42,25,198.88,184,-14.87,0
e2-blocking-50,binary,50,bot_87,3815,w,23,60.27,25,134.96,185,50.04,0
e2-blocking-50,binary,50,bot_87,3815,w,25,57.63,25,146.93,183,36.07,0
e2-blocking-50,binary,50,bot_87,3815,w,27,43.39,25,153.68,186,32.32,0
e2-blocking-50,binary,50,bot_87,3815,w,29,36.02,25,144.8,170,25.2,0
e2-blocking-50,binary,50,bot_87,3815,w,31,34.84,25,116,126,10,0
e2-blocking-50,binary,50,bot_87,3815,w,33,33.03,25,111.94,111,-0.94,0
e2-blocking-50,binary,50,bot_87,3815,w,35,23.27,25,129.96,119,-10.96,0
e2-blocking-50,binary,50,bot_87,3815,w,37,17.59,25,113.01,96,-17.01,0
e2-blocking-50,binary,50,bot_87,3815,w,39,43.76,25,105.71,83,-22.71,0
e2-blocking-50,binary,50,bot_87,3815,w,41,34.73,25,66.24,83,16.76,0
e2-blocking-50,binary,50,bot_87,3815,w,43,24.33,25,74.26,67,-7.26,0
e2-blocking-50,binary,50,bot_87,3815,w,45,13.82,25,75.37,54,-21.37,0
e2-blocking-50,binary,50,bot_87,3815,w,47,8.7,25,71.36,54,-17.36,0
e2-blocking-50,binary,50,bot_87,3815,w,49,10.82,25,92,73,-19,0
e2-blocking-50,binary,50,bot_87,3815,w,51,8.93,25,68.23,48,-20.23,0
e2-blocking-50,binary,50,bot_87,3815,w,53,5.36,25,80.36,60,-20.36,0
e2-blocking-50,binary,50,bot_87,3815,w,55,17.58,25,61.41,64,2.59,0
e2-blocking-50,binary,50,bot_87,3815,w,57,11.02,25,57.92,47,-10.92,0
e2-blocking-50,binary,50,bot_87,3815,w,59,11.99,25,65.96,49,-16.96,0
e2-blocking-50,binary,50,bot_88,3815,b,2,67.27,25,98.18,132,33.82,0
e2-blocking-50,binary,50,bot_88,3815,b,4,55.86,25,99.44,127,27.56,0
e2-blocking-50,binary,50,bot_88,3815,b,6,47.86,25,122.53,139,16.47,0
e2-blocking-50,binary,50,bot_88,3815,b,8,58.56,25,126.86,148,21.14,0
e2-blocking-50,binary,50,bot_88,3815,b,10,48.05,25,132.08,147,14.92,0
e2-blocking-50,binary,50,bot_88,3815,b,12,44.53,25,147.03,155,7.97,0
e2-blocking-50,binary,50,bot_88,3815,b,14,39.27,25,135.98,138,2.02,0
e2-blocking-50,binary,50,bot_88,3815,b,16,30.34,25,156.47,159,2.53,0
e2-blocking-50,binary,50,bot_88,3815,b,18,24.09,25,157.89,149,-8.89,0
e2-blocking-50,binary,50,bot_88,3815,b,20,19.82,25,171.71,155,-16.71,0
e2-blocking-50,binary,50,bot_88,3815,b,22,84.76,25,163.46,143,-20.46,0
e2-blocking-50,binary,50,bot_88,3815,b,24,70.41,25,117.2,141,23.8,0
e2-blocking-50,binary,50,bot_88,3815,b,26,67.37,25,135.98,158,22.02,0
e2-blocking-50,binary,50,bot_88,3815,b,28,60.35,25,135.91,142,6.09,0
e2-blocking-50,binary,50,bot_88,3815,b,30,44.29,25,94.28,94,-0.28,0
e2-blocking-50,binary,50,bot_88,3815,b,32,33.37,25,101.86,99,-2.86,0
e2-blocking-50,binary,50,bot_88,3815,b,34,23.77,25,76.25,72,-4.25,0
e2-blocking-50,binary,50,bot_88,3815,b,36,17.57,25,89.32,75,-14.32,0
e2-blocking-50,binary,50,bot_88,3815,b,38,10.88,25,98.57,78,-20.57,0
e2-blocking-50,binary,50,bot_88,3815,b,40,45.7,25,66.55,73,6.45,0
e2-blocking-50,binary,50,bot_88,3815,b,42,21.67,25,72.63,76,3.37,0
e2-blocking-50,binary,50,bot_88,3815,b,44,7.73,25,68.25,61,-7.25,0
e2-blocking-50,binary,50,bot_88,3815,b,46,12.81,25,78.71,62,-16.71,0
e2-blocking-50,binary,50,bot_88,3815,b,48,9.46,25,70.05,47,-23.05,0
e2-blocking-50,binary,50,bot_88,3815,b,50,8.75,25,71.73,52,-19.73,0
e2-blocking-50,binary,50,bot_88,3815,b,52,9.12,25,84.81,63,-21.81,0
e2-blocking-50,binary,50,bot_88,3815,b,54,31.42,25,74.34,50,-24.34,0
e2-blocking-50,binary,50,bot_88,3815,b,56,18.9,25,61.07,47,-14.07,0
e2-blocking-50,binary,50,bot_88,3815,b,58,13.31,25,65.36,46,-19.36,0
e2-blocking-50,binary,50,bot_88,3815,b,60,5.61,25,63.69,45,-18.69,0
e2-blocking-50,binary,50,bot_89,3816,w,1,73.66,25,92.21,136,43.79,0
e2-blocking-50,binary,50,bot_89,3816,w,3,63.09,25,92.23,121,28.77,0
e2-blocking-50,binary,50,bot_89,3816,w,5,54.91,25,115.11,135,19.89,0
e2-blocking-50,binary,50,bot_89,3816,w,7,66.3,25,119.09,143,23.91,0
e2-blocking-50,binary,50,bot_89,3816,w,9,57.22,25,123.17,140,16.83,0
e2-blocking-50,binary,50,bot_89,3816,w,11,53.42,25,137.79,150,12.21,0
e2-blocking-50,binary,50,bot_89,3816,w,13,50.54,25,124.51,125,0.49,0
e2-blocking-50,binary,50,bot_89,3816,w,15,39.83,25,146.77,151,4.23,0
e2-blocking-50,binary,50,bot_89,3816,w,17,33.38,25,147.87,142,-5.87,0
e2-blocking-50,binary,50,bot_89,3816,w,19,28.79,25,162.14,149,-13.14,0
e2-blocking-50,binary,50,bot_89,3816,w,21,21.92,25,156.07,142,-14.07,0
e2-blocking-50,binary,50,bot_89,3816,w,23,89.47,25,161.71,138,-23.71,0
e2-blocking-50,binary,50,bot_89,3816,w,25,72.96,25,130.59,156,25.41,0
e2-blocking-50,binary,50,bot_89,3816,w,27,63.28,25,133.23,144,10.77,0
e2-blocking-50,binary,50,bot_89,3816,w,29,46.79,25,91.83,96,4.17,0
e2-blocking-50,binary,50,bot_89,3816,w,31,35.95,25,99.12,101,1.88,0
e2-blocking-50,binary,50,bot_89,3816,w,33,23.41,25,76.38,73,-3.38,0
e2-blocking-50,binary,50,bot_89,3816,w,35,19.74,25,86.99,74,-12.99,0
e2-blocking-50,binary,50,bot_89,3816,w,37,14.43,25,95.25,77,-18.25,0
e2-blocking-50,binary,50,bot_89,3816,w,39,49.33,25,99.97,70,-29.97,0
e2-blocking-50,binary,50,bot_89,3816,w,41,23.21,25,70.79,76,5.21,0
e2-blocking-50,binary,50,bot_89,3816,w,43,10.25,25,65.51,60,-5.51,0
e2-blocking-50,binary,50,bot_89,3816,w,45,14.35,25,76.88,61,-15.88,0
e2-blocking-50,binary,50,bot_89,3816,w,47,11.71,25,68.34,46,-22.34,0
e2-blocking-50,binary,50,bot_89,3816,w,49,11.27,25,69.01,50,-19.01,0
e2-blocking-50,binary,50,bot_89,3816,w,51,12.09,25,82.04,61,-21.04,0
e2-blocking-50,binary,50,bot_89,3816,w,53,5.32,25,72.24,46,-26.24,0
e2-blocking-50,binary,50,bot_89,3816,w,55,2.85,25,80.39,50,-30.39,0
e2-blocking-50,binary,50,bot_89,3816,w,57,1.58,25,66.41,35,-31.41,0
e2-blocking-50,binary,50,bot_89,3816,w,59,2.21,25,72.69,42,-30.69,0
e2-blocking-50,binary,50,bot_90,3816,b,2,69.45,25,96.1,130,33.9,0
e2-blocking-50,binary,50,bot_90,3816,b,4,61.21,25,107.52,132,24.48,0
e2-blocking-50,binary,50,bot_90,3816,b,6,64.25,25,120.66,136,15.34,0
e2-blocking-50,binary,50,bot_90,3816,b,8,57.78,25,131,158,27,0
e2-blocking-50,binary,50,bot_90,3816,b,10,51.19,25,134.61,153,18.39,0
e2-blocking-50,binary,50,bot_90,3816,b,12,39.99,25,142.01,157,14.99,0
e2-blocking-50,binary,50,bot_90,3816,b,14,43.43,25,146.03,158,11.97,0
e2-blocking-50,binary,50,bot_90,3816,b,16,34.52,25,174.54,177,2.46,0
e2-blocking-50,binary,50,bot_90,3816,b,18,26.25,25,179.1,174,-5.1,0
e2-blocking-50,binary,50,bot_90,3816,b,20,24.07,25,192.61,183,-9.61,0
e2-blocking-50,binary,50,bot_90,3816,b,22,16.6,25,186.15,169,-17.15,0
e2-blocking-50,binary,50,bot_90,3816,b,24,65.05,25,140.04,191,50.96,0
e2-blocking-50,binary,50,bot_90,3816,b,26,52.39,25,144.66,178,33.34,0
e2-blocking-50,binary,50,bot_90,3816,b,28,43.66,25,137.72,164,26.28,0
e2-blocking-50,binary,50,bot_90,3816,b,30,41.64,25,108.85,117,8.15,0
e2-blocking-50,binary,50,bot_90,3816,b,32,36.88,25,107.95,106,-1.95,0
e2-blocking-50,binary,50,bot_90,3816,b,34,27.67,25,125.38,111,-14.38,0
e2-blocking-50,binary,50,bot_90,3816,b,36,22.45,25,108.06,90,-18.06,0
e2-blocking-50,binary,50,bot_90,3816,b,38,10.06,25,102.7,79,-23.7,0
e2-blocking-50,binary,50,bot_90,3816,b,40,37.65,25,62.83,80,17.17,0
e2-blocking-50,binary,50,bot_90,3816,b,42,26.9,25,71.61,64,-7.61,0
e2-blocking-50,binary,50,bot_90,3816,b,44,16.44,25,72.81,51,-21.81,0
e2-blocking-50,binary,50,bot_90,3816,b,46,12.43,25,67.6,50,-17.6,0
e2-blocking-50,binary,50,bot_90,3816,b,48,14.7,25,88.32,69,-19.32,0
e2-blocking-50,binary,50,bot_90,3816,b,50,11.97,25,64.99,45,-19.99,0
e2-blocking-50,binary,50,bot_90,3816,b,52,7.07,25,78.46,59,-19.46,0
e2-blocking-50,binary,50,bot_90,3816,b,54,1.97,25,70.41,45,-25.41,0
e2-blocking-50,binary,50,bot_90,3816,b,56,1.71,25,66.11,37,-29.11,0
e2-blocking-50,binary,50,bot_90,3816,b,58,1.87,25,69.6,41,-28.6,0
e2-blocking-50,binary,50,bot_90,3816,b,60,2.5,25,65.43,36,-29.43,0
e2-blocking-50,binary,50,bot_91,3817,w,1,74.51,25,91.57,136,44.43,0
e2-blocking-50,binary,50,bot_91,3817,w,3,66.99,25,101.85,125,23.15,0
e2-blocking-50,binary,50,bot_91,3817,w,5,70.95,25,114.19,130,15.81,0
e2-blocking-50,binary,50,bot_91,3817,w,7,62.61,25,126,156,30,0
e2-blocking-50,binary,50,bot_91,3817,w,9,58.61,25,126.98,147,20.02,0
e2-blocking-50,binary,50,bot_91,3817,w,11,41.95,25,140.64,158,17.36,0
e2-blocking-50,binary,50,bot_91,3817,w,13,45.39,25,144.15,159,14.85,0
e2-blocking-50,binary,50,bot_91,3817,w,15,37.69,25,171.41,177,5.59,0
e2-blocking-50,binary,50,bot_91,3817,w,17,34.49,25,170.89,166,-4.89,0
e2-blocking-50,binary,50,bot_91,3817,w,19,33.98,25,182.71,175,-7.71,0
e2-blocking-50,binary,50,bot_91,3817,w,21,24.67,25,177.71,163,-14.71,0
e2-blocking-50,binary,50,bot_91,3817,w,23,19.26,25,195.64,171,-24.64,0
e2-blocking-50,binary,50,bot_91,3817,w,25,61.99,25,134.87,184,49.13,0
e2-blocking-50,binary,50,bot_91,3817,w,27,46.29,25,135.26,163,27.74,0
e2-blocking-50,binary,50,bot_91,3817,w,29,44.94,25,105.79,114,8.21,0
e2-blocking-50,binary,50,bot_91,3817,w,31,39.91,25,105.39,104,-1.39,0
e2-blocking-50,binary,50,bot_91,3817,w,33,30.99,25,122.3,108,-14.3,0
e2-blocking-50,binary,50,bot_91,3817,w,35,26.53,25,104.19,87,-17.19,0
e2-blocking-50,binary,50,bot_91,3817,w,37,12.51,25,100.04,77,-23.04,0
e2-blocking-50,binary,50,bot_91,3817,w,39,41.24,25,59.76,84,24.24,0
e2-blocking-50,binary,50,bot_91,3817,w,41,30.05,25,68.91,62,-6.91,0
e2-blocking-50,binary,50,bot_91,3817,w,43,21.05,25,68.49,49,-19.49,0
e2-blocking-50,binary,50,bot_91,3817,w,45,15.53,25,64.72,49,-15.72,0
e2-blocking-50,binary,50,bot_91,3817,w,47,18.27,25,84.56,67,-17.56,0
e2-blocking-50,binary,50,bot_91,3817,w,49,15.1,25,62.14,43,-19.14,0
e2-blocking-50,binary,50,bot_91,3817,w,51,9.09,25,76.33,60,-16.33,0
e2-blocking-50,binary,50,bot_91,3817,w,53,4.56,25,67.48,44,-23.48,0
e2-blocking-50,binary,50,bot_91,3817,w,55,4.98,25,64.25,38,-26.25,0
e2-blocking-50,binary,50,bot_91,3817,w,57,5.9,25,66.08,37,-29.08,0
e2-blocking-50,binary,50,bot_91,3817,w,59,6.18,25,61.14,36,-25.14,0
e2-blocking-50,binary,50,bot_92,3817,b,2,66.5,25,88.73,126,37.27,0
e2-blocking-50,binary,50,bot_92,3817,b,4,58.86,25,111.61,140,28.39,0
e2-blocking-50,binary,50,bot_92,3817,b,6,71.78,25,113.64,147,33.36,0
e2-blocking-50,binary,50,bot_92,3817,b,8,62.43,25,118.35,143,24.65,0
e2-blocking-50,binary,50,bot_92,3817,b,10,59.34,25,132.08,153,20.92,0
e2-blocking-50,binary,50,bot_92,3817,b,12,56.55,25,117.67,121,3.33,0
e2-blocking-50,binary,50,bot_92,3817,b,14,46.42,25,139.61,148,8.39,0
e2-blocking-50,binary,50,bot_92,3817,b,16,37.73,25,143.86,143,-0.86,0
e2-blocking-50,binary,50,bot_92,3817,b,18,34.22,25,156.82,154,-2.82,0
e2-blocking-50,binary,50,bot_92,3817,b,20,26.01,25,152.35,147,-5.35,0
e2-blocking-50,binary,50,bot_92,3817,b,22,18.17,25,156.26,142,-14.26,0
e2-blocking-50,binary,50,bot_92,3817,b,24,90.51,25,179.45,160,-19.45,0
e2-blocking-50,binary,50,bot_92,3817,b,26,68.43,25,128.09,151,22.91,0
e2-blocking-50,binary,50,bot_92,3817,b,28,50.84,25,87.43,95,7.57,0
e2-blocking-50,binary,50,bot_92,3817,b,30,40.22,25,95.2,102,6.8,0
e2-blocking-50,binary,50,bot_92,3817,b,32,26.52,25,73.57,75,1.43,0
e2-blocking-50,binary,50,bot_92,3817,b,34,23.49,25,83.69,75,-8.69,0
e2-blocking-50,binary,50,bot_92,3817,b,36,18.02,25,91.66,79,-12.66,0
e2-blocking-50,binary,50,bot_92,3817,b,38,59.73,25,89.53,65,-24.53,0
e2-blocking-50,binary,50,bot_92,3817,b,40,27.39,25,67.07,78,10.93,0
e2-blocking-50,binary,50,bot_92,3817,b,42,15.73,25,59.9,60,0.1,0
e2-blocking-50,binary,50,bot_92,3817,b,44,19.62,25,71.97,63,-8.97,0
e2-blocking-50,binary,50,bot_92,3817,b,46,17.68,25,61.74,47,-14.74,0
e2-blocking-50,binary,50,bot_92,3817,b,48,16.14,25,64.1,51,-13.1,0
e2-blocking-50,binary,50,bot_92,3817,b,50,17.79,25,76.18,60,-16.18,0
e2-blocking-50,binary,50,bot_92,3817,b,52,10.8,25,66.44,44,-22.44,0
e2-blocking-50,binary,50,bot_92,3817,b,54,7.55,25,74.91,49,-25.91,0
e2-blocking-50,binary,50,bot_92,3817,b,56,5.38,25,62.79,36,-26.79,0
e2-blocking-50,binary,50,bot_92,3817,b,58,9.13,25,66.23,41,-25.23,0
e2-blocking-50,binary,50,bot_92,3817,b,60,2.31,25,78.09,54,-24.09,0
e2-blocking-50,binary,50,bot_93,3818,w,1,69.69,25,86.18,131,44.82,0
e2-blocking-50,binary,50,bot_93,3818,w,3,61.99,25,108.32,138,29.68,0
e2-blocking-50,binary,50,bot_93,3818,w,5,75.12,25,110.32,144,33.68,0
e2-blocking-50,binary,50,bot_93,3818,w,7,67.76,25,113.33,135,21.67,0
e2-blocking-50,binary,50,bot_93,3818,w,9,65.18,25,126.26,147,20.74,0
e2-blocking-50,binary,50,bot_93,3818,w,11,64.35,25,109.77,113,3.23,0
e2-blocking-50,binary,50,bot_93,3818,w,13,53.92,25,131.98,142,10.02,0
e2-blocking-50,binary,50,bot_93,3818,w,15,45.5,25,136.24,135,-1.24,0
e2-blocking-50,binary,50,bot_93,3818,w,17,41.33,25,149.79,147,-2.79,0
e2-blocking-50,binary,50,bot_93,3818,w,19,30.06,25,148.33,145,-3.33,0
e2-blocking-50,binary,50,bot_93,3818,w,21,23,25,150.92,135,-15.92,0
e2-blocking-50,binary,50,bot_93,3818,w,23,19.06,25,173.21,154,-19.21,0
e2-blocking-50,binary,50,bot_93,3818,w,25,85.52,25,172.89,145,-27.89,0
e2-blocking-50,binary,50,bot_93,3818,w,27,55.33,25,82.59,92,9.41,0
e2-blocking-50,binary,50,bot_93,3818,w,29,44.79,25,90.39,97,6.61,0
e2-blocking-50,binary,50,bot_93,3818,w,31,28.12,25,71.77,74,2.23,0
e2-blocking-50,binary,50,bot_93,3818,w,33,27.25,25,79.83,73,-6.83,0
e2-blocking-50,binary,50,bot_93,3818,w,35,21.35,25,88.73,78,-10.73,0
e2-blocking-50,binary,50,bot_93,3818,w,37,9.91,25,85.47,62,-23.47,0
e2-blocking-50,binary,50,bot_93,3818,w,39,10.77,25,79.88,57,-22.88,0
e2-blocking-50,binary,50,bot_93,3818,w,41,4.68,25,80.9,66,-14.9,0
e2-blocking-50,binary,50,bot_93,3818,w,43,25.17,25,65.99,67,1.01,0
e2-blocking-50,binary,50,bot_93,3818,w,45,3.04,25,66.03,42,-24.03,0
e2-blocking-50,binary,50,bot_93,3818,w,47,5.58,25,54.44,54,-0.44,0
e2-blocking-50,binary,50,bot_93,3818,w,49,2.19,25,65.36,39,-26.36,0
e2-blocking-50,binary,50,bot_93,3818,w,51,4.13,25,79.12,48,-31.12,0
e2-blocking-50,binary,50,bot_93,3818,w,53,3.61,25,72.57,40,-32.57,0
e2-blocking-50,binary,50,bot_93,3818,w,55,2.79,25,65.6,34,-31.6,0
e2-blocking-50,binary,50,bot_93,3818,w,57,24.16,25,75.21,42,-33.21,0
e2-blocking-50,binary,50,bot_93,3818,w,59,13.93,25,66.11,46,-20.11,0
e2-blocking-50,binary,50,bot_94,3818,b,2,73.72,25,94.64,126,31.36,0
e2-blocking-50,binary,50,bot_94,3818,b,4,76.76,25,107.93,131,23.07,0
e2-blocking-50,binary,50,bot_94,3818,b,6,65.65,25,122.95,159,36.05,0
e2-blocking-50,binary,50,bot_94,3818,b,8,63.65,25,121.82,151,29.18,0
e2-blocking-50,binary,50,bot_94,3818,b,10,45.5,25,137.52,165,27.48,0
e2-blocking-50,binary,50,bot_94,3818,b,12,51.59,25,138.18,164,25.82,0
e2-blocking-50,binary,50,bot_94,3818,b,14,40.58,25,168.2,184,15.8,0
e2-blocking-50,binary,50,bot_94,3818,b,16,38.73,25,166.81,174,7.19,0
e2-blocking-50,binary,50,bot_94,3818,b,18,39.6,25,177.17,180,2.83,0
e2-blocking-50,binary,50,bot_94,3818,b,20,26.85,25,175.51,168,-7.51,0
e2-blocking-50,binary,50,bot_94,3818,b,22,22.94,25,191.73,176,-15.73,0
e2-blocking-50,binary,50,bot_94,3818,b,24,14.7,25,198.67,180,-18.67,0
e2-blocking-50,binary,50,bot_94,3818,b,26,51.37,25,130.25,179,48.75,0
e2-blocking-50,binary,50,bot_94,3818,b,28,49.55,25,100.8,118,17.2,0
e2-blocking-50,binary,50,bot_94,3818,b,30,44.42,25,100.54,108,7.46,0
e2-blocking-50,binary,50,bot_94,3818,b,32,36.23,25,117.09,107,-10.09,0
e2-blocking-50,binary,50,bot_94,3818,b,34,31.94,25,98,87,-11,0
e2-blocking-50,binary,50,bot_94,3818,b,36,18.09,25,94.18,78,-16.18,0
e2-blocking-50,binary,50,bot_94,3818,b,38,10.45,25,97.66,69,-28.66,0
e2-blocking-50,binary,50,bot_94,3818,b,40,18.85,25,95.56,76,-19.56,0
e2-blocking-50,binary,50,bot_94,3818,b,42,33.67,25,77.58,51,-26.58,0
e2-blocking-50,binary,50,bot_94,3818,b,44,10.73,25,53.8,48,-5.8,0
e2-blocking-50,binary,50,bot_94,3818,b,46,33.82,25,95.66,68,-27.66,0
e2-blocking-50,binary,50,bot_94,3818,b,48,6.82,25,70.36,45,-25.36,0
e2-blocking-50,binary,50,bot_94,3818,b,50,3.92,25,75,48,-27,0
e2-blocking-50,binary,50,bot_94,3818,b,52,1.69,25,82.76,57,-25.76,0
e2-blocking-50,binary,50,bot_94,3818,b,54,3.15,25,76.17,49,-27.17,0
e2-blocking-50,binary,50,bot_94,3818,b,56,2.72,25,75.82,47,-28.82,0
e2-blocking-50,binary,50,bot_94,3818,b,58,14.16,25,52.94,48,-4.94,0
e2-blocking-50,binary,50,bot_94,3818,b,60,7.77,25,61.65,45,-16.65,0
e2-blocking-50,binary,50,bot_95,3819,w,1,77.44,25,91.55,131,39.45,0
e2-blocking-50,binary,50,bot_95,3819,w,3,81.2,25,103.53,125,21.47,0
e2-blocking-50,binary,50,bot_95,3819,w,5,69.15,25,119.54,155,35.46,0
e2-blocking-50,binary,50,bot_95,3819,w,7,69.13,25,116.04,145,28.96,0
e2-blocking-50,binary,50,bot_95,3819,w,9,49.47,25,133.73,161,27.27,0
e2-blocking-50,binary,50,bot_95,3819,w,11,57.14,25,132.47,158,25.53,0
e2-blocking-50,binary,50,bot_95,3819,w,13,46.66,25,162.13,179,16.87,0
e2-blocking-50,binary,50,bot_95,3819,w,15,45.4,25,160.29,169,8.71,0
e2-blocking-50,binary,50,bot_95,3819,w,17,46.21,25,169.68,174,4.32,0
e2-blocking-50,binary,50,bot_95,3819,w,19,35.27,25,166.97,158,-8.97,0
e2-blocking-50,binary,50,bot_95,3819,w,21,31.64,25,182.96,168,-14.96,0
e2-blocking-50,binary,50,bot_95,3819,w,23,22.82,25,190.16,172,-18.16,0
e2-blocking-50,binary,50,bot_95,3819,w,25,18.35,25,182.2,156,-26.2,0
e2-blocking-50,binary,50,bot_95,3819,w,27,58.33,25,92.08,119,26.92,0
e2-blocking-50,binary,50,bot_95,3819,w,29,48.1,25,96.9,102,5.1,0
e2-blocking-50,binary,50,bot_95,3819,w,31,39.48,25,113.94,99,-14.94,0
e2-blocking-50,binary,50,bot_95,3819,w,33,34.81,25,95.13,82,-13.13,0
e2-blocking-50,binary,50,bot_95,3819,w,35,21.01,25,91.2,72,-19.2,0
e2-blocking-50,binary,50,bot_95,3819,w,37,14.32,25,94.51,63,-31.51,0
e2-blocking-50,binary,50,bot_95,3819,w,39,11.9,25,102.62,78,-24.62,0
e2-blocking-50,binary,50,bot_95,3819,w,41,27.48,25,61.64,52,-9.64,0
e2-blocking-50,binary,50,bot_95,3819,w,43,6.48,25,57.95,47,-10.95,0
e2-blocking-50,binary,50,bot_95,3819,w,45,25.69,25,77.19,70,-7.19,0
e2-blocking-50,binary,50,bot_95,3819,w,47,22.98,25,74.49,43,-31.49,0
e2-blocking-50,binary,50,bot_95,3819,w,49,15.61,25,69.86,60,-9.86,0
e2-blocking-50,binary,50,bot_95,3819,w,51,8.76,25,63.36,46,-17.36,0
e2-blocking-50,binary,50,bot_95,3819,w,53,9.83,25,59.06,39,-20.06,0
e2-blocking-50,binary,50,bot_95,3819,w,55,9.88,25,61.51,39,-22.51,0
e2-blocking-50,binary,50,bot_95,3819,w,57,11.33,25,55.9,37,-18.9,0
e2-blocking-50,binary,50,bot_95,3819,w,59,4.24,25,65,41,-24,0
e2-blocking-50,binary,50,bot_96,3819,b,2,66.02,25,104.44,147,42.56,0
e2-blocking-50,binary,50,bot_96,3819,b,4,80.55,25,105.12,151,45.88,0
e2-blocking-50,binary,50,bot_96,3819,b,6,73.14,25,108.31,140,31.69,0
e2-blocking-50,binary,50,bot_96,3819,b,8,70.46,25,120.75,154,33.25,0
e2-blocking-50,binary,50,bot_96,3819,b,10,69.21,25,104.34,118,13.66,0
e2-blocking-50,binary,50,bot_96,3819,b,12,59.59,25,126.3,149,22.7,0
e2-blocking-50,binary,50,bot_96,3819,b,14,51.83,25,130.08,140,9.92,0
e2-blocking-50,binary,50,bot_96,3819,b,16,47.58,25,143.72,152,8.28,0
e2-blocking-50,binary,50,bot_96,3819,b,18,33.17,25,145.78,155,9.22,0
e2-blocking-50,binary,50,bot_96,3819,b,20,27.88,25,146.19,145,-1.19,0
e2-blocking-50,binary,50,bot_96,3819,b,22,24.14,25,168.74,163,-5.74,0
e2-blocking-50,binary,50,bot_96,3819,b,24,16.99,25,168.11,155,-13.11,0
e2-blocking-50,binary,50,bot_96,3819,b,26,69.87,25,122.98,105,-17.98,0
e2-blocking-50,binary,50,bot_96,3819,b,28,48.35,25,86.6,109,22.4,0
e2-blocking-50,binary,50,bot_96,3819,b,30,28.22,25,72.15,83,10.85,0
e2-blocking-50,binary,50,bot_96,3819,b,32,29.38,25,77.73,80,2.27,0
e2-blocking-50,binary,50,bot_96,3819,b,34,23.01,25,87.09,86,-1.09,0
e2-blocking-50,binary,50,bot_96,3819,b,36,11.62,25,83.82,70,-13.82,0
e2-blocking-50,binary,50,bot_96,3819,b,38,8.76,25,81.79,67,-14.79,0
e2-blocking-50,binary,50,bot_96,3819,b,40,25.27,25,82.34,63,-19.34,0
e2-blocking-50,binary,50,bot_96,3819,b,42,24.19,25,66.83,65,-1.83,0
e2-blocking-50,binary,50,bot_96,3819,b,44,27.74,25,67.32,44,-23.32,0
e2-blocking-50,binary,50,bot_96,3819,b,46,3.96,25,55.95,52,-3.95,0
e2-blocking-50,binary,50,bot_96,3819,b,48,25.3,25,68.46,61,-7.46,0
e2-blocking-50,binary,50,bot_96,3819,b,50,16.59,25,60.97,47,-13.97,0
e2-blocking-50,binary,50,bot_96,3819,b,52,14.51,25,67.57,46,-21.57,0
e2-blocking-50,binary,50,bot_96,3819,b,54,11.91,25,56.15,37,-19.15,0
e2-blocking-50,binary,50,bot_96,3819,b,56,17.15,25,58.42,40,-18.42,0
e2-blocking-50,binary,50,bot_96,3819,b,58,10.85,25,69.13,51,-18.13,0
e2-blocking-50,binary,50,bot_96,3819,b,60,9.51,25,57.49,32,-25.49,0
e2-blocking-50,binary,50,bot_97,3820,w,1,70.48,25,100.16,148,47.84,0
e2-blocking-50,binary,50,bot_97,3820,w,3,83.7,25,102.72,147,44.28,0
e2-blocking-50,binary,50,bot_97,3820,w,5,78.06,25,103.65,137,33.35,0
e2-blocking-50,binary,50,bot_97,3820,w,7,74.83,25,116.74,151,34.26,0
e2-blocking-50,binary,50,bot_97,3820,w,9,75.3,25,98.21,112,13.79,0
e2-blocking-50,binary,50,bot_97,3820,w,11,64.55,25,121.65,145,23.35,0
e2-blocking-50,binary,50,bot_97,3820,w,13,57.12,25,124.96,138,13.04,0
e2-blocking-50,binary,50,bot_97,3820,w,15,51.86,25,139.47,154,14.53,0
e2-blocking-50,binary,50,bot_97,3820,w,17,36.54,25,142.81,158,15.19,0
e2-blocking-50,binary,50,bot_97,3820,w,19,32.85,25,141.33,141,-0.33,0
e2-blocking-50,binary,50,bot_97,3820,w,21,31.34,25,161.79,160,-1.79,0
e2-blocking-50,binary,50,bot_97,3820,w,23,24.58,25,160.65,149,-11.65,0
e2-blocking-50,binary,50,bot_97,3820,w,25,18.47,25,117.77,104,-13.77,0
e2-blocking-50,binary,50,bot_97,3820,w,27,53.16,25,81.97,114,32.03,0
e2-blocking-50,binary,50,bot_97,3820,w,29,30.65,25,70.14,82,11.86,0
e2-blocking-50,binary,50,bot_97,3820,w,31,33.81,25,73.55,77,3.45,0
e2-blocking-50,binary,50,bot_97,3820,w,33,26.7,25,83.64,82,-1.64,0
e2-blocking-50,binary,50,bot_97,3820,w,35,14.04,25,81.39,65,-16.39,0
e2-blocking-50,binary,50,bot_97,3820,w,37,5.57,25,85.29,71,-14.29,0
e2-blocking-50,binary,50,bot_97,3820,w,39,19.79,25,55.75,61,5.25,0
e2-blocking-50,binary,50,bot_97,3820,w,41,22.46,25,68.88,59,-9.88,0
e2-blocking-50,binary,50,bot_97,3820,w,43,23.88,25,55.79,38,-17.79,0
e2-blocking-50,binary,50,bot_97,3820,w,45,22.26,25,58.19,46,-12.19,0
e2-blocking-50,binary,50,bot_97,3820,w,47,23.16,25,70.75,55,-15.75,0
e2-blocking-50,binary,50,bot_97,3820,w,49,13.96,25,63.31,41,-22.31,0
e2-blocking-50,binary,50,bot_97,3820,w,51,11.44,25,70.71,44,-26.71,0
e2-blocking-50,binary,50,bot_97,3820,w,53,8.88,25,59.08,32,-27.08,0
e2-blocking-50,binary,50,bot_97,3820,w,55,13.85,25,61.75,35,-26.75,0
e2-blocking-50,binary,50,bot_97,3820,w,57,7.4,25,72.8,48,-24.8,0
e2-blocking-50,binary,50,bot_97,3820,w,59,4.71,25,57.06,29,-28.06,0
e2-blocking-50,binary,50,bot_98,3820,b,2,86.93,25,97.25,131,33.75,0
e2-blocking-50,binary,50,bot_98,3820,b,4,76.15,25,112.18,157,44.82,0
e2-blocking-50,binary,50,bot_98,3820,b,6,75.49,25,109.29,149,39.71,0
e2-blocking-50,binary,50,bot_98,3820,b,8,55.64,25,127.71,165,37.29,0
e2-blocking-50,binary,50,bot_98,3820,b,10,63.75,25,125.87,164,38.13,0
e2-blocking-50,binary,50,bot_98,3820,b,12,54.43,25,154.3,181,26.7,0
e2-blocking-50,binary,50,bot_98,3820,b,14,55.25,25,150.17,169,18.83,0
e2-blocking-50,binary,50,bot_98,3820,b,16,56.11,25,159.94,174,14.06,0
e2-blocking-50,binary,50,bot_98,3820,b,18,41.17,25,161.45,160,-1.45,0
e2-blocking-50,binary,50,bot_98,3820,b,20,38.25,25,175.87,171,-4.87,0
e2-blocking-50,binary,50,bot_98,3820,b,22,30.82,25,182.31,177,-5.31,0
e2-blocking-50,binary,50,bot_98,3820,b,24,27.66,25,172.8,160,-12.8,0
e2-blocking-50,binary,50,bot_98,3820,b,26,72.95,25,134.2,114,-20.2,0
e2-blocking-50,binary,50,bot_98,3820,b,28,52.9,25,92.05,107,14.95,0
e2-blocking-50,binary,50,bot_98,3820,b,30,43.9,25,109.54,102,-7.54,0
e2-blocking-50,binary,50,bot_98,3820,b,32,38.34,25,91.88,88,-3.88,0
e2-blocking-50,binary,50,bot_98,3820,b,34,24.05,25,88.32,75,-13.32,0
e2-blocking-50,binary,50,bot_98,3820,b,36,18.8,25,90.9,66,-24.9,0
e2-blocking-50,binary,50,bot_98,3820,b,38,38.93,25,108.09,82,-26.09,0
e2-blocking-50,binary,50,bot_98,3820,b,40,23.94,25,65.64,54,-11.64,0
e2-blocking-50,binary,50,bot_98,3820,b,42,17.23,25,63.35,54,-9.35,0
e2-blocking-50,binary,50,bot_98,3820,b,44,21.07,25,81.82,75,-6.82,0
e2-blocking-50,binary,50,bot_98,3820,b,46,17.31,25,60.02,51,-9.02,0
e2-blocking-50,binary,50,bot_98,3820,b,48,12.13,25,73.58,67,-6.58,0
e2-blocking-50,binary,50,bot_98,3820,b,50,6.68,25,65.28,49,-16.28,0
e2-blocking-50,binary,50,bot_98,3820,b,52,7.46,25,61.43,42,-19.43,0
e2-blocking-50,binary,50,bot_98,3820,b,54,7.44,25,64.42,43,-21.42,0
e2-blocking-50,binary,50,bot_98,3820,b,56,8.76,25,58.59,41,-17.59,0
e2-blocking-50,binary,50,bot_98,3820,b,58,6.86,25,68.16,44,-24.16,0
e2-blocking-50,binary,50,bot_98,3820,b,60,6.2,25,55.36,30,-25.36,0
e2-blocking-50,binary,50,bot_99,3821,w,1,89.79,25,93.75,131,37.25,0
e2-blocking-50,binary,50,bot_99,3821,w,3,82.35,25,105.91,146,40.09,0
e2-blocking-50,binary,50,bot_99,3821,w,5,83.1,25,101.22,142,40.78,0
e2-blocking-50,binary,50,bot_99,3821,w,7,62.48,25,121.4,163,41.6,0
e2-blocking-50,binary,50,bot_99,3821,w,9,69.19,25,120.58,163,42.42,0
e2-blocking-50,binary,50,bot_99,3821,w,11,64.43,25,144.41,177,32.59,0
e2-blocking-50,binary,50,bot_99,3821,w,13,60.27,25,145.37,169,23.63,0
e2-blocking-50,binary,50,bot_99,3821,w,15,66.62,25,149.02,170,20.98,0
e2-blocking-50,binary,50,bot_99,3821,w,17,48.55,25,154.34,156,1.66,0
e2-blocking-50,binary,50,bot_99,3821,w,19,48.52,25,165.78,164,-1.78,0
e2-blocking-50,binary,50,bot_99,3821,w,21,41.96,25,170.86,169,-1.86,0
e2-blocking-50,binary,50,bot_99,3821,w,23,37.51,25,162.95,154,-8.95,0
e2-blocking-50,binary,50,bot_99,3821,w,25,15.81,25,128.64,110,-18.64,0
e2-blocking-50,binary,50,bot_99,3821,w,27,61.07,25,141.89,114,-27.89,0
e2-blocking-50,binary,50,bot_99,3821,w,29,50.42,25,102.57,95,-7.57,0
e2-blocking-50,binary,50,bot_99,3821,w,31,43.03,25,87.99,86,-1.99,0
e2-blocking-50,binary,50,bot_99,3821,w,33,29.84,25,82.91,74,-8.91,0
e2-blocking-50,binary,50,bot_99,3821,w,35,22.7,25,83.53,60,-23.53,0
e2-blocking-50,binary,50,bot_99,3821,w,37,26.72,25,87.76,69,-18.76,0
e2-blocking-50,binary,50,bot_99,3821,w,39,7.09,25,73.19,45,-28.19,0
e2-blocking-50,binary,50,bot_99,3821,w,41,5.53,25,91.15,61,-30.15,0
e2-blocking-50,binary,50,bot_99,3821,w,43,7.97,25,92.71,66,-26.71,0
e2-blocking-50,binary,50,bot_99,3821,w,45,8.18,25,69.32,46,-23.32,0
e2-blocking-50,binary,50,bot_99,3821,w,47,5.21,25,74.08,44,-30.08,0
e2-blocking-50,binary,50,bot_99,3821,w,49,5.53,25,78.45,49,-29.45,0
e2-blocking-50,binary,50,bot_99,3821,w,51,4.55,25,74.77,47,-27.77,0
e2-blocking-50,binary,50,bot_99,3821,w,53,3.21,25,75.06,45,-30.06,0
e2-blocking-50,binary,50,bot_99,3821,w,55,1.58,25,67.18,38,-29.18,0
e2-blocking-50,binary,50,bot_99,3821,w,57,1.65,25,59.16,25,-34.16,0
e2-blocking-50,binary,50,bot_99,3821,w,59,1.34,25,59.58,26,-33.58,0
e2-blocking-50,binary,50,bot_100,3821,b,2,85.37,25,100.27,148,47.73,0
e2-blocking-50,binary,50,bot_100,3821,b,4,86.72,25,95.45,134,38.55,0
e2-blocking-50,binary,50,bot_100,3821,b,6,84.52,25,106.86,149,42.14,0
e2-blocking-50,binary,50,bot_100,3821,b,8,85.12,25,87.69,108,20.31,0
e2-blocking-50,binary,50,bot_100,3821,b,10,74.81,25,111.24,139,27.76,0
e2-blocking-50,binary,50,bot_100,3821,b,12,66.48,25,115.59,139,23.41,0
e2-blocking-50,binary,50,bot_100,3821,b,14,62.7,25,128.33,145,16.67,0
e2-blocking-50,binary,50,bot_100,3821,b,16,44.44,25,133.62,158,24.38,0
e2-blocking-50,binary,50,bot_100,3821,b,18,41.1,25,133.44,142,8.56,0
e2-blocking-50,binary,50,bot_100,3821,b,20,40.68,25,152.24,159,6.76,0
e2-blocking-50,binary,50,bot_100,3821,b,22,33.94,25,151.17,151,-0.17,0
e2-blocking-50,binary,50,bot_100,3821,b,24,24.68,25,111.38,107,-4.38,0
e2-blocking-50,binary,50,bot_100,3821,b,26,15,25,125.82,99,-26.82,0
e2-blocking-50,binary,50,bot_100,3821,b,28,36.25,25,64.18,84,19.82,0
e2-blocking-50,binary,50,bot_100,3821,b,30,40.97,25,65.35,73,7.65,0
e2-blocking-50,binary,50,bot_100,3821,b,32,35.11,25,74.96,76,1.04,0
e2-blocking-50,binary,50,bot_100,3821,b,34,20.21,25,75.28,64,-11.28,0
e2-blocking-50,binary,50,bot_100,3821,b,36,15.98,25,78.2,67,-11.2,0
e2-blocking-50,binary,50,bot_100,3821,b,38,7.48,25,78.05,71,-7.05,0
e2-blocking-50,binary,50,bot_100,3821,b,40,4.82,25,65.73,39,-26.73,0
e2-blocking-50,binary,50,bot_100,3821,b,42,8.51,25,80.92,52,-28.92,0
e2-blocking-50,binary,50,bot_100,3821,b,44,12.29,25,77.22,51,-26.22,0
e2-blocking-50,binary,50,bot_100,3821,b,46,4.78,25,62.94,37,-25.94,0
e2-blocking-50,binary,50,bot_100,3821,b,48,5.61,25,77.36,48,-29.36,0
e2-blocking-50,binary,50,bot_100,3821,b,50,5.88,25,70.72,43,-27.72,0
e2-blocking-50,binary,50,bot_100,3821,b,52,4.01,25,64.1,35,-29.1,0
e2-blocking-50,binary,50,bot_100,3821,b,54,4.5,25,72.64,42,-30.64,0
e2-blocking-50,binary,50,bot_100,3821,b,56,1.76,25,57.14,24,-33.14,0
e2-blocking-50,binary,50,bot_100,3821,b,58,2.37,25,55.59,25,-30.59,0
e2-blocking-50,binary,50,bot_100,3821,b,60,2.05,25,60.32,28,-32.32,0
