label,format,games,username,game_id,color,ply,rtt_ms,applied_bytes,warmup
e2-blocking-100,binary,100,bot_1,3990,w,1,6.51,25,92.99,90,-2.99,0
e2-blocking-100,binary,100,bot_1,3990,w,3,19.5,25,81.11,84,2.89,0
e2-blocking-100,binary,100,bot_1,3990,w,5,19.88,25,67.89,69,1.11,0
e2-blocking-100,binary,100,bot_1,3990,w,7,14.37,25,54.99,63,8.01,0
e2-blocking-100,binary,100,bot_1,3990,w,9,13.9,25,66.6,74,7.4,0
e2-blocking-100,binary,100,bot_1,3990,w,11,8.52,25,82.48,90,7.52,0
e2-blocking-100,binary,100,bot_1,3990,w,13,27.82,25,92.9,92,-0.9,0
e2-blocking-100,binary,100,bot_1,3990,w,15,18.66,25,71.87,90,18.13,0
e2-blocking-100,binary,100,bot_1,3990,w,17,15.46,25,85.67,114,28.33,0
e2-blocking-100,binary,100,bot_1,3990,w,19,12.81,25,105.63,123,17.37,0
e2-blocking-100,binary,100,bot_1,3990,w,21,14.31,25,135.32,143,7.68,0
e2-blocking-100,binary,100,bot_1,3990,w,23,72.29,25,99.33,149,49.67,0
e2-blocking-100,binary,100,bot_1,3990,w,25,70.01,25,109.23,167,57.77,0
e2-blocking-100,binary,100,bot_1,3990,w,27,65.73,25,131.5,185,53.5,0
e2-blocking-100,binary,100,bot_1,3990,w,29,45.94,25,141.27,193,51.73,0
e2-blocking-100,binary,100,bot_1,3990,w,31,44.13,25,146.64,185,38.36,0
e2-blocking-100,binary,100,bot_1,3990,w,33,43.16,25,155.73,208,52.27,0
e2-blocking-100,binary,100,bot_1,3990,w,35,43.65,25,166.01,199,32.99,0
e2-blocking-100,binary,100,bot_1,3990,w,37,40.05,25,170.89,203,32.11,0
e2-blocking-100,binary,100,bot_1,3990,w,39,24.47,25,195.67,218,22.33,0
e2-blocking-100,binary,100,bot_1,3990,w,41,22.09,25,218.91,238,19.09,0
e2-blocking-100,binary,100,bot_1,3990,w,43,124.72,25,234.09,249,14.91,0
e2-blocking-100,binary,100,bot_1,3990,w,45,95.97,25,170.7,263,92.3,0
e2-blocking-100,binary,100,bot_1,3990,w,47,101.2,25,181.15,262,80.85,0
e2-blocking-100,binary,100,bot_1,3990,w,49,95.52,25,187.84,266,78.16,0
e2-blocking-100,binary,100,bot_1,3990,w,51,86.9,25,195.05,266,70.95,0
e2-blocking-100,binary,100,bot_1,3990,w,53,77.24,25,203.18,276,72.82,0
e2-blocking-100,binary,100,bot_1,3990,w,55,67.69,25,204.34,263,58.66,0
e2-blocking-100,binary,100,bot_1,3990,w,57,71.3,25,229.88,283,53.12,0
e2-blocking-100,binary,100,bot_1,3990,w,59,52.29,25,244.27,278,33.73,0
e2-blocking-100,binary,100,bot_2,3977,w,1,22.39,25,79.28,85,5.72,0
e2-blocking-100,binary,100,bot_2,3977,w,3,23.03,25,56.88,76,19.12,0
e2-blocking-100,binary,100,bot_2,3977,w,5,2.04,25,53.92,54,0.08,0
e2-blocking-100,binary,100,bot_2,3977,w,7,15.89,25,67.01,82,14.99,0
e2-blocking-100,binary,100,bot_2,3977,w,9,11.28,25,59.15,75,15.85,0
e2-blocking-100,binary,100,bot_2,3977,w,11,21.12,25,65.94,79,13.06,0
e2-blocking-100,binary,100,bot_2,3977,w,13,16.84,25,76.63,87,10.37,0
e2-blocking-100,binary,100,bot_2,3977,w,15,8.72,25,86.95,97,10.05,0
e2-blocking-100,binary,100,bot_2,3977,w,17,7.85,25,109.4,119,9.6,0
e2-blocking-100,binary,100,bot_2,3977,w,19,62.52,25,113.55,123,9.45,0
e2-blocking-100,binary,100,bot_2,3977,w,21,52.66,25,95.44,145,49.56,0
e2-blocking-100,binary,100,bot_2,3977,w,23,61.57,25,84.46,118,33.54,0
e2-blocking-100,binary,100,bot_2,3977,w,25,59.18,25,105.68,155,49.32,0
e2-blocking-100,binary,100,bot_2,3977,w,27,58.45,25,124.6,181,56.4,0
e2-blocking-100,binary,100,bot_2,3977,w,29,50.74,25,143.36,190,46.64,0
e2-blocking-100,binary,100,bot_2,3977,w,31,42.23,25,134.49,178,43.51,0
e2-blocking-100,binary,100,bot_2,3977,w,33,35.44,25,184.67,230,45.33,0
e2-blocking-100,binary,100,bot_2,3977,w,35,28.49,25,173.26,209,35.74,0
e2-blocking-100,binary,100,bot_2,3977,w,37,23.4,25,183.43,212,28.57,0
e2-blocking-100,binary,100,bot_2,3977,w,39,78.03,25,158.61,162,3.39,0
e2-blocking-100,binary,100,bot_2,3977,w,41,79.4,25,158.35,234,75.65,0
e2-blocking-100,binary,100,bot_2,3977,w,43,71.22,25,175.6,242,66.4,0
e2-blocking-100,binary,100,bot_2,3977,w,45,72.49,25,190.92,258,67.08,0
e2-blocking-100,binary,100,bot_2,3977,w,47,66.13,25,190.96,246,55.04,0
e2-blocking-100,binary,100,bot_2,3977,w,49,58.2,25,220.13,276,55.87,0
e2-blocking-100,binary,100,bot_2,3977,w,51,52.25,25,246.72,297,50.28,0
e2-blocking-100,binary,100,bot_2,3977,w,53,51.29,25,245.06,287,41.94,0
e2-blocking-100,binary,100,bot_2,3977,w,55,40.38,25,248.72,281,32.28,0
e2-blocking-100,binary,100,bot_2,3977,w,57,45.68,25,275.02,290,14.98,0
e2-blocking-100,binary,100,bot_2,3977,w,59,22.95,25,282.08,299,16.92,0
e2-blocking-100,binary,100,bot_3,3984,b,2,18.46,25,71.95,79,7.05,0
e2-blocking-100,binary,100,bot_3,3984,b,4,12.02,25,64.29,73,8.71,0
e2-blocking-100,binary,100,bot_3,3984,b,6,6.11,25,64.07,72,7.93,0
e2-blocking-100,binary,100,bot_3,3984,b,8,10.54,25,73.19,77,3.81,0
e2-blocking-100,binary,100,bot_3,3984,b,10,9.12,25,85.2,91,5.8,0
e2-blocking-100,binary,100,bot_3,3984,b,12,6.27,25,91.99,97,5.01,0
e2-blocking-100,binary,100,bot_3,3984,b,14,24.25,25,75.51,106,30.49,0
e2-blocking-100,binary,100,bot_3,3984,b,16,58.58,25,101.14,117,15.86,0
e2-blocking-100,binary,100,bot_3,3984,b,18,46.81,25,100.67,110,9.33,0
e2-blocking-100,binary,100,bot_3,3984,b,20,35.78,25,102.69,137,34.31,0
e2-blocking-100,binary,100,bot_3,3984,b,22,25.18,25,92.45,126,33.55,0
e2-blocking-100,binary,100,bot_3,3984,b,24,31.39,25,128.77,162,33.23,0
e2-blocking-100,binary,100,bot_3,3984,b,26,35.49,25,149.22,179,29.78,0
e2-blocking-100,binary,100,bot_3,3984,b,28,27.83,25,163.51,192,28.49,0
e2-blocking-100,binary,100,bot_3,3984,b,30,20.5,25,170.38,194,23.62,0
e2-blocking-100,binary,100,bot_3,3984,b,32,16.31,25,183.71,200,16.29,0
e2-blocking-100,binary,100,bot_3,3984,b,34,113.95,25,197.63,203,5.38,0
e2-blocking-100,binary,100,bot_3,3984,b,36,104.46,25,130.91,227,96.09,0
e2-blocking-100,binary,100,bot_3,3984,b,38,98.14,25,148.68,231,82.32,0
e2-blocking-100,binary,100,bot_3,3984,b,40,95.34,25,148.14,228,79.86,0
e2-blocking-100,binary,100,bot_3,3984,b,42,96.48,25,159.32,241,81.68,0
e2-blocking-100,binary,100,bot_3,3984,b,44,93.93,25,175.64,257,81.36,0
e2-blocking-100,binary,100,bot_3,3984,b,46,74.48,25,186.36,262,75.64,0
e2-blocking-100,binary,100,bot_3,3984,b,48,79.67,25,213.47,285,71.53,0
e2-blocking-100,binary,100,bot_3,3984,b,50,81.59,25,236.4,293,56.6,0
e2-blocking-100,binary,100,bot_3,3984,b,52,70.3,25,236.57,284,47.43,0
e2-blocking-100,binary,100,bot_3,3984,b,54,65.1,25,230.61,271,40.39,0
e2-blocking-100,binary,100,bot_3,3984,b,56,51.79,25,247.67,280,32.33,0
e2-blocking-100,binary,100,bot_3,3984,b,58,46.42,25,276.31,292,15.69,0
e2-blocking-100,binary,100,bot_3,3984,b,60,36.84,25,281.74,295,13.26,0
e2-blocking-100,binary,100,bot_4,3975,w,1,45.62,25,59.17,61,1.83,0
e2-blocking-100,binary,100,bot_4,3975,w,3,12.79,25,56.89,63,6.11,0
e2-blocking-100,binary,100,bot_4,3975,w,5,6.05,25,59.99,65,5.01,0
e2-blocking-100,binary,100,bot_4,3975,w,7,14.22,25,62.67,76,13.33,0
e2-blocking-100,binary,100,bot_4,3975,w,9,11.73,25,65.05,75,9.95,0
e2-blocking-100,binary,100,bot_4,3975,w,11,6.27,25,75.55,81,5.45,0
e2-blocking-100,binary,100,bot_4,3975,w,13,29.64,25,62.87,85,22.13,0
e2-blocking-100,binary,100,bot_4,3975,w,15,23.42,25,73.07,99,25.93,0
e2-blocking-100,binary,100,bot_4,3975,w,17,20.64,25,96.23,125,28.77,0
e2-blocking-100,binary,100,bot_4,3975,w,19,27.61,25,94.77,123,28.23,0
e2-blocking-100,binary,100,bot_4,3975,w,21,30.67,25,114.77,150,35.23,0
e2-blocking-100,binary,100,bot_4,3975,w,23,25.62,25,85.74,103,17.26,0
e2-blocking-100,binary,100,bot_4,3975,w,25,23.46,25,131.88,157,25.12,0
e2-blocking-100,binary,100,bot_4,3975,w,27,16.58,25,163,181,18,0
e2-blocking-100,binary,100,bot_4,3975,w,29,98.13,25,174.49,186,11.51,0
e2-blocking-100,binary,100,bot_4,3975,w,31,76,25,100.85,174,73.15,0
e2-blocking-100,binary,100,bot_4,3975,w,33,70.29,25,151.81,224,72.19,0
e2-blocking-100,binary,100,bot_4,3975,w,35,63.62,25,138.07,202,63.93,0
e2-blocking-100,binary,100,bot_4,3975,w,37,48.48,25,159.13,222,62.87,0
e2-blocking-100,binary,100,bot_4,3975,w,39,77,25,159.7,200,40.3,0
e2-blocking-100,binary,100,bot_4,3975,w,41,78.74,25,158.89,228,69.11,0
e2-blocking-100,binary,100,bot_4,3975,w,43,70.74,25,175.91,236,60.09,0
e2-blocking-100,binary,100,bot_4,3975,w,45,71.1,25,192.42,253,60.58,0
e2-blocking-100,binary,100,bot_4,3975,w,47,63.78,25,193.13,243,49.87,0
e2-blocking-100,binary,100,bot_4,3975,w,49,56.25,25,222,272,50,0
e2-blocking-100,binary,100,bot_4,3975,w,51,50.52,25,248.53,292,43.47,0
e2-blocking-100,binary,100,bot_4,3975,w,53,48.88,25,247.71,285,37.29,0
e2-blocking-100,binary,100,bot_4,3975,w,55,38.69,25,250.51,279,28.49,0
e2-blocking-100,binary,100,bot_4,3975,w,57,43.88,25,276.54,289,12.46,0
e2-blocking-100,binary,100,bot_4,3975,w,59,21.34,25,283.54,298,14.46,0
e2-blocking-100,binary,100,bot_5,3978,b,2,11.5,25,55.02,80,24.98,0
e2-blocking-100,binary,100,bot_5,3978,b,4,11.39,25,66.6,76,9.4,0
e2-blocking-100,binary,100,bot_5,3978,b,6,24.95,25,75.78,74,-1.78,0
e2-blocking-100,binary,100,bot_5,3978,b,8,8.06,25,58.87,70,11.13,0
e2-blocking-100,binary,100,bot_5,3978,b,10,20.95,25,72.05,82,9.95,0
e2-blocking-100,binary,100,bot_5,3978,b,12,18.17,25,90.17,96,5.83,0
e2-blocking-100,binary,100,bot_5,3978,b,14,6.84,25,90.26,92,1.74,0
e2-blocking-100,binary,100,bot_5,3978,b,16,46.6,25,70.55,96,25.45,0
e2-blocking-100,binary,100,bot_5,3978,b,18,38.77,25,78.42,99,20.58,0
e2-blocking-100,binary,100,bot_5,3978,b,20,45.24,25,87.48,116,28.52,0
e2-blocking-100,binary,100,bot_5,3978,b,22,27.54,25,110.61,147,36.39,0
e2-blocking-100,binary,100,bot_5,3978,b,24,41.78,25,126.59,153,26.41,0
e2-blocking-100,binary,100,bot_5,3978,b,26,37.49,25,140.82,171,30.18,0
e2-blocking-100,binary,100,bot_5,3978,b,28,30.39,25,166.96,187,20.04,0
e2-blocking-100,binary,100,bot_5,3978,b,30,15.67,25,171.21,189,17.79,0
e2-blocking-100,binary,100,bot_5,3978,b,32,104.99,25,176.7,186,9.3,0
e2-blocking-100,binary,100,bot_5,3978,b,34,85.52,25,120.83,194,73.17,0
e2-blocking-100,binary,100,bot_5,3978,b,36,83.99,25,143.83,208,64.17,0
e2-blocking-100,binary,100,bot_5,3978,b,38,77.9,25,158.05,206,47.95,0
e2-blocking-100,binary,100,bot_5,3978,b,40,55.82,25,182.4,215,32.6,0
e2-blocking-100,binary,100,bot_5,3978,b,42,45.79,25,203.43,232,28.57,0
e2-blocking-100,binary,100,bot_5,3978,b,44,45.99,25,219.74,241,21.26,0
e2-blocking-100,binary,100,bot_5,3978,b,46,33.48,25,231.15,254,22.85,0
e2-blocking-100,binary,100,bot_5,3978,b,48,34.59,25,248.68,263,14.32,0
e2-blocking-100,binary,100,bot_5,3978,b,50,28.59,25,255.36,264,8.64,0
e2-blocking-100,binary,100,bot_5,3978,b,52,21.69,25,260.28,262,1.72,0
e2-blocking-100,binary,100,bot_5,3978,b,54,15.83,25,264.57,263,-1.57,0
e2-blocking-100,binary,100,bot_5,3978,b,56,164.62,25,137.27,270,132.73,0
e2-blocking-100,binary,100,bot_5,3978,b,58,114.17,25,207.08,279,71.92,0
e2-blocking-100,binary,100,bot_5,3978,b,60,107.32,25,210.44,275,64.56,0
e2-blocking-100,binary,100,bot_6,3976,w,1,31.68,25,71.07,75,3.93,0
e2-blocking-100,binary,100,bot_6,3976,w,3,10.87,25,58.89,64,5.11,0
e2-blocking-100,binary,100,bot_6,3976,w,5,4.94,25,61.08,65,3.92,0
e2-blocking-100,binary,100,bot_6,3976,w,7,13.44,25,63.11,77,13.89,0
e2-blocking-100,binary,100,bot_6,3976,w,9,10.62,25,65.96,73,7.04,0
e2-blocking-100,binary,100,bot_6,3976,w,11,35.8,25,77.42,82,4.58,0
e2-blocking-100,binary,100,bot_6,3976,w,13,27.72,25,64.37,85,20.63,0
e2-blocking-100,binary,100,bot_6,3976,w,15,20.75,25,75.3,101,25.7,0
e2-blocking-100,binary,100,bot_6,3976,w,17,18.94,25,97.33,122,24.67,0
e2-blocking-100,binary,100,bot_6,3976,w,19,25.65,25,96.38,123,26.62,0
e2-blocking-100,binary,100,bot_6,3976,w,21,27.71,25,118.84,149,30.16,0
e2-blocking-100,binary,100,bot_6,3976,w,23,23.85,25,88.09,103,14.91,0
e2-blocking-100,binary,100,bot_6,3976,w,25,19.03,25,136.32,157,20.68,0
e2-blocking-100,binary,100,bot_6,3976,w,27,97.11,25,166.95,181,14.05,0
e2-blocking-100,binary,100,bot_6,3976,w,29,80,25,113.65,187,73.35,0
e2-blocking-100,binary,100,bot_6,3976,w,31,70.54,25,106.63,177,70.38,0
e2-blocking-100,binary,100,bot_6,3976,w,33,63.38,25,158.32,227,68.68,0
e2-blocking-100,binary,100,bot_6,3976,w,35,58.82,25,142.64,204,61.36,0
e2-blocking-100,binary,100,bot_6,3976,w,37,41.45,25,165.61,224,58.39,0
e2-blocking-100,binary,100,bot_6,3976,w,39,70.39,25,166.29,202,35.71,0
e2-blocking-100,binary,100,bot_6,3976,w,41,72.48,25,164.91,233,68.09,0
e2-blocking-100,binary,100,bot_6,3976,w,43,64.51,25,181.82,238,56.18,0
e2-blocking-100,binary,100,bot_6,3976,w,45,65.71,25,197.72,255,57.28,0
e2-blocking-100,binary,100,bot_6,3976,w,47,59.39,25,197.77,244,46.23,0
e2-blocking-100,binary,100,bot_6,3976,w,49,53,25,225.11,271,45.89,0
e2-blocking-100,binary,100,bot_6,3976,w,51,47.53,25,251.02,292,40.98,0
e2-blocking-100,binary,100,bot_6,3976,w,53,45.93,25,250.64,284,33.36,0
e2-blocking-100,binary,100,bot_6,3976,w,55,35.5,25,253.66,278,24.34,0
e2-blocking-100,binary,100,bot_6,3976,w,57,41.15,25,279.19,287,7.81,0
e2-blocking-100,binary,100,bot_6,3976,w,59,18.07,25,286.83,295,8.17,0
e2-blocking-100,binary,100,bot_7,3974,b,2,21.43,25,69.46,82,12.54,0
e2-blocking-100,binary,100,bot_7,3974,b,4,18.87,25,57.81,73,15.19,0
e2-blocking-100,binary,100,bot_7,3974,b,6,11.21,25,60.12,70,9.88,0
e2-blocking-100,binary,100,bot_7,3974,b,8,18.07,25,65.68,74,8.32,0
e2-blocking-100,binary,100,bot_7,3974,b,10,13.96,25,88.16,92,3.84,0
e2-blocking-100,binary,100,bot_7,3974,b,12,11.28,25,87.55,101,13.45,0
e2-blocking-100,binary,100,bot_7,3974,b,14,12.13,25,88.97,100,11.03,0
e2-blocking-100,binary,100,bot_7,3974,b,16,72.76,25,110.9,112,1.1,0
e2-blocking-100,binary,100,bot_7,3974,b,18,65.01,25,101.31,101,-0.31,0
e2-blocking-100,binary,100,bot_7,3974,b,20,48.85,25,88.84,138,49.16,0
e2-blocking-100,binary,100,bot_7,3974,b,22,34.71,25,84.17,130,45.83,0
e2-blocking-100,binary,100,bot_7,3974,b,24,48.69,25,111.09,165,53.91,0
e2-blocking-100,binary,100,bot_7,3974,b,26,52.82,25,130.76,182,51.24,0
e2-blocking-100,binary,100,bot_7,3974,b,28,43.07,25,148.89,200,51.11,0
e2-blocking-100,binary,100,bot_7,3974,b,30,40.01,25,150.88,194,43.12,0
e2-blocking-100,binary,100,bot_7,3974,b,32,39.63,25,160.18,194,33.82,0
e2-blocking-100,binary,100,bot_7,3974,b,34,30.39,25,177.83,206,28.17,0
e2-blocking-100,binary,100,bot_7,3974,b,36,23.95,25,204.67,225,20.33,0
e2-blocking-100,binary,100,bot_7,3974,b,38,12.87,25,216.92,232,15.08,0
e2-blocking-100,binary,100,bot_7,3974,b,40,70.69,25,167.61,210,42.39,0
e2-blocking-100,binary,100,bot_7,3974,b,42,59.84,25,189.27,232,42.73,0
e2-blocking-100,binary,100,bot_7,3974,b,44,62,25,203.49,238,34.51,0
e2-blocking-100,binary,100,bot_7,3974,b,46,48,25,216.62,255,38.38,0
e2-blocking-100,binary,100,bot_7,3974,b,48,49.41,25,233.98,264,30.02,0
e2-blocking-100,binary,100,bot_7,3974,b,50,42.19,25,241.97,272,30.03,0
e2-blocking-100,binary,100,bot_7,3974,b,52,34.13,25,248.14,268,19.86,0
e2-blocking-100,binary,100,bot_7,3974,b,54,32.17,25,248.34,264,15.66,0
e2-blocking-100,binary,100,bot_7,3974,b,56,22.11,25,250.79,257,6.21,0
e2-blocking-100,binary,100,bot_7,3974,b,58,22.32,25,279.21,281,1.79,0
e2-blocking-100,binary,100,bot_7,3974,b,60,122.36,25,196.35,293,96.65,0
e2-blocking-100,binary,100,bot_8,3973,w,1,48.12,25,56.17,56,-0.17,0
e2-blocking-100,binary,100,bot_8,3973,w,3,2.62,25,52.23,59,6.77,0
e2-blocking-100,binary,100,bot_8,3973,w,5,5.98,25,53.66,66,12.34,0
e2-blocking-100,binary,100,bot_8,3973,w,7,21.61,25,74.99,77,2.01,0
e2-blocking-100,binary,100,bot_8,3973,w,9,17.11,25,71.15,78,6.85,0
e2-blocking-100,binary,100,bot_8,3973,w,11,11.89,25,69.74,92,22.26,0
e2-blocking-100,binary,100,bot_8,3973,w,13,10.46,25,73.34,92,18.66,0
e2-blocking-100,binary,100,bot_8,3973,w,15,8.36,25,96.03,102,5.97,0
e2-blocking-100,binary,100,bot_8,3973,w,17,30.04,25,87.93,141,53.07,0
e2-blocking-100,binary,100,bot_8,3973,w,19,38.45,25,85.01,124,38.99,0
e2-blocking-100,binary,100,bot_8,3973,w,21,43.04,25,101.81,149,47.19,0
e2-blocking-100,binary,100,bot_8,3973,w,23,32.48,25,77.17,104,26.83,0
e2-blocking-100,binary,100,bot_8,3973,w,25,38.56,25,117.64,157,39.36,0
e2-blocking-100,binary,100,bot_8,3973,w,27,30.11,25,150.04,186,35.96,0
e2-blocking-100,binary,100,bot_8,3973,w,29,24.94,25,163.13,192,28.87,0
e2-blocking-100,binary,100,bot_8,3973,w,31,18.56,25,165.78,179,13.22,0
e2-blocking-100,binary,100,bot_8,3973,w,33,104.42,25,207.66,220,12.34,0
e2-blocking-100,binary,100,bot_8,3973,w,35,73.06,25,128.5,211,82.5,0
e2-blocking-100,binary,100,bot_8,3973,w,37,55.45,25,153.25,237,83.75,0
e2-blocking-100,binary,100,bot_8,3973,w,39,63.11,25,173.12,238,64.88,0
e2-blocking-100,binary,100,bot_8,3973,w,41,63.29,25,174.42,236,61.58,0
e2-blocking-100,binary,100,bot_8,3973,w,43,55.82,25,191.24,240,48.76,0
e2-blocking-100,binary,100,bot_8,3973,w,45,59.13,25,204.15,256,51.85,0
e2-blocking-100,binary,100,bot_8,3973,w,47,53.43,25,203.97,242,38.03,0
e2-blocking-100,binary,100,bot_8,3973,w,49,50.24,25,227.63,266,38.37,0
e2-blocking-100,binary,100,bot_8,3973,w,51,41.62,25,257.17,291,33.83,0
e2-blocking-100,binary,100,bot_8,3973,w,53,40.05,25,256.38,282,25.62,0
e2-blocking-100,binary,100,bot_8,3973,w,55,29.63,25,259.14,279,19.86,0
e2-blocking-100,binary,100,bot_8,3973,w,57,34.49,25,285.49,284,-1.49,0
e2-blocking-100,binary,100,bot_8,3973,w,59,124.49,25,292.02,292,-0.02,0
e2-blocking-100,binary,100,bot_9,3989,b,2,12.86,25,78.15,79,0.85,0
e2-blocking-100,binary,100,bot_9,3989,b,4,14.7,25,72.54,70,-2.54,0
e2-blocking-100,binary,100,bot_9,3989,b,6,17.16,25,63.57,78,14.43,0
e2-blocking-100,binary,100,bot_9,3989,b,8,17.05,25,64.54,74,9.46,0
e2-blocking-100,binary,100,bot_9,3989,b,10,17.46,25,78.27,88,9.73,0
e2-blocking-100,binary,100,bot_9,3989,b,12,11.83,25,84.96,91,6.04,0
e2-blocking-100,binary,100,bot_9,3989,b,14,8.56,25,91.13,92,0.87,0
e2-blocking-100,binary,100,bot_9,3989,b,16,41.78,25,97.92,118,20.08,0
e2-blocking-100,binary,100,bot_9,3989,b,18,30.05,25,90.52,104,13.48,0
e2-blocking-100,binary,100,bot_9,3989,b,20,18.89,25,121,130,9,0
e2-blocking-100,binary,100,bot_9,3989,b,22,12.06,25,103.12,113,9.88,0
e2-blocking-100,binary,100,bot_9,3989,b,24,77.5,25,150.97,155,4.03,0
e2-blocking-100,binary,100,bot_9,3989,b,26,70.03,25,109.22,182,72.78,0
e2-blocking-100,binary,100,bot_9,3989,b,28,70.23,25,117.86,187,69.14,0
e2-blocking-100,binary,100,bot_9,3989,b,30,52.01,25,132.43,182,49.57,0
e2-blocking-100,binary,100,bot_9,3989,b,32,71.89,25,153.77,203,49.23,0
e2-blocking-100,binary,100,bot_9,3989,b,34,55.1,25,162.54,208,45.46,0
e2-blocking-100,binary,100,bot_9,3989,b,36,54.37,25,179.38,227,47.62,0
e2-blocking-100,binary,100,bot_9,3989,b,38,45.28,25,200.64,244,43.36,0
e2-blocking-100,binary,100,bot_9,3989,b,40,41.75,25,204.39,233,28.61,0
e2-blocking-100,binary,100,bot_9,3989,b,42,35.7,25,220.36,254,33.64,0
e2-blocking-100,binary,100,bot_9,3989,b,44,32.96,25,235.8,266,30.2,0
e2-blocking-100,binary,100,bot_9,3989,b,46,22.36,25,237.76,260,22.24,0
e2-blocking-100,binary,100,bot_9,3989,b,48,118.98,25,273.08,289,15.92,0
e2-blocking-100,binary,100,bot_9,3989,b,50,91.78,25,207.71,315,107.29,0
e2-blocking-100,binary,100,bot_9,3989,b,52,93.07,25,203.5,303,99.5,0
e2-blocking-100,binary,100,bot_9,3989,b,54,82.34,25,207.06,294,86.94,0
e2-blocking-100,binary,100,bot_9,3989,b,56,89.33,25,231.4,292,60.6,0
e2-blocking-100,binary,100,bot_9,3989,b,58,71.3,25,236.09,302,65.91,0
e2-blocking-100,binary,100,bot_9,3989,b,60,53.54,25,240.46,281,40.54,0
e2-blocking-100,binary,100,bot_10,3979,w,1,18.17,25,83.37,84,0.63,0
e2-blocking-100,binary,100,bot_10,3979,w,3,20.05,25,60.16,76,15.84,0
e2-blocking-100,binary,100,bot_10,3979,w,5,14.99,25,55.48,67,11.52,0
e2-blocking-100,binary,100,bot_10,3979,w,7,13.41,25,69.3,74,4.7,0
e2-blocking-100,binary,100,bot_10,3979,w,9,8.39,25,61.71,73,11.29,0
e2-blocking-100,binary,100,bot_10,3979,w,11,17.4,25,69.9,78,8.1,0
e2-blocking-100,binary,100,bot_10,3979,w,13,13.2,25,80.46,87,6.54,0
e2-blocking-100,binary,100,bot_10,3979,w,15,32.37,25,90.31,96,5.69,0
e2-blocking-100,binary,100,bot_10,3979,w,17,21.77,25,53.24,111,57.76,0
e2-blocking-100,binary,100,bot_10,3979,w,19,51.37,25,69.96,117,47.04,0
e2-blocking-100,binary,100,bot_10,3979,w,21,47.02,25,100.59,143,42.41,0
e2-blocking-100,binary,100,bot_10,3979,w,23,56.34,25,89.67,117,27.33,0
e2-blocking-100,binary,100,bot_10,3979,w,25,50.16,25,114.22,155,40.78,0
e2-blocking-100,binary,100,bot_10,3979,w,27,49.93,25,132.94,177,44.06,0
e2-blocking-100,binary,100,bot_10,3979,w,29,43.02,25,150.67,184,33.33,0
e2-blocking-100,binary,100,bot_10,3979,w,31,33.28,25,142.58,173,30.42,0
e2-blocking-100,binary,100,bot_10,3979,w,33,27.39,25,191.97,222,30.03,0
e2-blocking-100,binary,100,bot_10,3979,w,35,20.5,25,181.07,201,19.93,0
e2-blocking-100,binary,100,bot_10,3979,w,37,16.15,25,189.97,204,14.03,0
e2-blocking-100,binary,100,bot_10,3979,w,39,66.51,25,169.9,159,-10.9,0
e2-blocking-100,binary,100,bot_10,3979,w,41,68.88,25,168.83,230,61.17,0
e2-blocking-100,binary,100,bot_10,3979,w,43,61.24,25,185.33,236,50.67,0
e2-blocking-100,binary,100,bot_10,3979,w,45,61.94,25,201.67,253,51.33,0
e2-blocking-100,binary,100,bot_10,3979,w,47,56.07,25,201.36,243,41.64,0
e2-blocking-100,binary,100,bot_10,3979,w,49,52.59,25,225.4,267,41.6,0
e2-blocking-100,binary,100,bot_10,3979,w,51,43.78,25,254.82,293,38.18,0
e2-blocking-100,binary,100,bot_10,3979,w,53,42.7,25,253.71,284,30.29,0
e2-blocking-100,binary,100,bot_10,3979,w,55,33.09,25,255.7,280,24.3,0
e2-blocking-100,binary,100,bot_10,3979,w,57,38.3,25,282.11,285,2.89,0
e2-blocking-100,binary,100,bot_10,3979,w,59,15.22,25,289.18,292,2.82,0
e2-blocking-100,binary,100,bot_11,3988,b,2,11.54,25,79.45,79,-0.45,0
e2-blocking-100,binary,100,bot_11,3988,b,4,9.92,25,57.34,75,17.66,0
e2-blocking-100,binary,100,bot_11,3988,b,6,16.54,25,64.03,78,13.97,0
e2-blocking-100,binary,100,bot_11,3988,b,8,15.78,25,65.58,74,8.42,0
e2-blocking-100,binary,100,bot_11,3988,b,10,15.32,25,80.23,89,8.77,0
e2-blocking-100,binary,100,bot_11,3988,b,12,8.46,25,88.2,91,2.8,0
e2-blocking-100,binary,100,bot_11,3988,b,14,33.87,25,92.97,93,0.03,0
e2-blocking-100,binary,100,bot_11,3988,b,16,38.05,25,100.86,113,12.14,0
e2-blocking-100,binary,100,bot_11,3988,b,18,26.91,25,93.66,104,10.34,0
e2-blocking-100,binary,100,bot_11,3988,b,20,16.45,25,123.41,131,7.59,0
e2-blocking-100,binary,100,bot_11,3988,b,22,10.53,25,103.94,114,10.06,0
e2-blocking-100,binary,100,bot_11,3988,b,24,66.68,25,90.06,164,73.94,0
e2-blocking-100,binary,100,bot_11,3988,b,26,64.96,25,114.46,182,67.54,0
e2-blocking-100,binary,100,bot_11,3988,b,28,63.03,25,125.19,190,64.81,0
e2-blocking-100,binary,100,bot_11,3988,b,30,47.52,25,137.05,183,45.95,0
e2-blocking-100,binary,100,bot_11,3988,b,32,62.6,25,164.35,211,46.65,0
e2-blocking-100,binary,100,bot_11,3988,b,34,44.88,25,172.65,215,42.35,0
e2-blocking-100,binary,100,bot_11,3988,b,36,43.27,25,190.92,234,43.08,0
e2-blocking-100,binary,100,bot_11,3988,b,38,33.78,25,211.59,249,37.41,0
e2-blocking-100,binary,100,bot_11,3988,b,40,30.47,25,216.21,241,24.79,0
e2-blocking-100,binary,100,bot_11,3988,b,42,25.32,25,231.21,255,23.79,0
e2-blocking-100,binary,100,bot_11,3988,b,44,20.73,25,248.26,267,18.74,0
e2-blocking-100,binary,100,bot_11,3988,b,46,94.79,25,161.8,279,117.2,0
e2-blocking-100,binary,100,bot_11,3988,b,48,89.21,25,189.32,292,102.68,0
e2-blocking-100,binary,100,bot_11,3988,b,50,84.17,25,214.81,312,97.19,0
e2-blocking-100,binary,100,bot_11,3988,b,52,84.83,25,211.63,301,89.37,0
e2-blocking-100,binary,100,bot_11,3988,b,54,73.22,25,216.11,295,78.89,0
e2-blocking-100,binary,100,bot_11,3988,b,56,79.13,25,241.36,294,52.64,0
e2-blocking-100,binary,100,bot_11,3988,b,58,59.86,25,247.17,305,57.83,0
e2-blocking-100,binary,100,bot_11,3988,b,60,42.82,25,251.36,289,37.64,0
e2-blocking-100,binary,100,bot_12,3974,w,1,19.62,25,81.75,82,0.25,0
e2-blocking-100,binary,100,bot_12,3974,w,3,21.33,25,58.61,75,16.39,0
e2-blocking-100,binary,100,bot_12,3974,w,5,15.66,25,55.08,70,14.92,0
e2-blocking-100,binary,100,bot_12,3974,w,7,14.57,25,67.95,75,7.05,0
e2-blocking-100,binary,100,bot_12,3974,w,9,9.86,25,60.44,75,14.56,0
e2-blocking-100,binary,100,bot_12,3974,w,11,19.62,25,67.54,77,9.46,0
e2-blocking-100,binary,100,bot_12,3974,w,13,15.62,25,77.78,86,8.22,0
e2-blocking-100,binary,100,bot_12,3974,w,15,7.25,25,88.26,95,6.74,0
e2-blocking-100,binary,100,bot_12,3974,w,17,6.34,25,51.57,121,69.43,0
e2-blocking-100,binary,100,bot_12,3974,w,19,54.96,25,67.25,129,61.75,0
e2-blocking-100,binary,100,bot_12,3974,w,21,50.98,25,96.8,140,43.2,0
e2-blocking-100,binary,100,bot_12,3974,w,23,60.06,25,86.08,117,30.92,0
e2-blocking-100,binary,100,bot_12,3974,w,25,57.42,25,106.97,152,45.03,0
e2-blocking-100,binary,100,bot_12,3974,w,27,57.01,25,125.78,174,48.22,0
e2-blocking-100,binary,100,bot_12,3974,w,29,48.55,25,145.12,184,38.88,0
e2-blocking-100,binary,100,bot_12,3974,w,31,39.49,25,136.82,173,36.18,0
e2-blocking-100,binary,100,bot_12,3974,w,33,33.32,25,186.19,222,35.81,0
e2-blocking-100,binary,100,bot_12,3974,w,35,26.36,25,175.1,200,24.9,0
e2-blocking-100,binary,100,bot_12,3974,w,37,21.77,25,184.66,205,20.34,0
e2-blocking-100,binary,100,bot_12,3974,w,39,61.26,25,174.72,172,-2.72,0
e2-blocking-100,binary,100,bot_12,3974,w,41,61.78,25,176.14,230,53.86,0
e2-blocking-100,binary,100,bot_12,3974,w,43,53.96,25,192.82,236,43.18,0
e2-blocking-100,binary,100,bot_12,3974,w,45,56.85,25,205.68,252,46.32,0
e2-blocking-100,binary,100,bot_12,3974,w,47,49.69,25,207.94,239,31.06,0
e2-blocking-100,binary,100,bot_12,3974,w,49,49.86,25,228.03,260,31.97,0
e2-blocking-100,binary,100,bot_12,3974,w,51,38.15,25,260.22,286,25.78,0
e2-blocking-100,binary,100,bot_12,3974,w,53,35.25,25,261.06,278,16.94,0
e2-blocking-100,binary,100,bot_12,3974,w,55,25.16,25,263.52,279,15.48,0
e2-blocking-100,binary,100,bot_12,3974,w,57,30.24,25,289.96,284,-5.96,0
e2-blocking-100,binary,100,bot_12,3974,w,59,124.4,25,292.22,287,-5.22,0
e2-blocking-100,binary,100,bot_13,3981,b,2,26.73,25,63.58,80,16.42,0
e2-blocking-100,binary,100,bot_13,3981,b,4,5.41,25,54.13,72,17.87,0
e2-blocking-100,binary,100,bot_13,3981,b,6,8.34,25,82.29,79,-3.29,0
e2-blocking-100,binary,100,bot_13,3981,b,8,21.85,25,62.04,79,16.96,0
e2-blocking-100,binary,100,bot_13,3981,b,10,18.98,25,82.93,90,7.07,0
e2-blocking-100,binary,100,bot_13,3981,b,12,14.65,25,84.55,103,18.45,0
e2-blocking-100,binary,100,bot_13,3981,b,14,18.97,25,82.34,95,12.66,0
e2-blocking-100,binary,100,bot_13,3981,b,16,13.14,25,105.56,109,3.44,0
e2-blocking-100,binary,100,bot_13,3981,b,18,15.21,25,103.69,104,0.31,0
e2-blocking-100,binary,100,bot_13,3981,b,20,66.85,25,124.8,129,4.2,0
e2-blocking-100,binary,100,bot_13,3981,b,22,39.15,25,79.95,130,50.05,0
e2-blocking-100,binary,100,bot_13,3981,b,24,54.83,25,104.33,164,59.67,0
e2-blocking-100,binary,100,bot_13,3981,b,26,62.85,25,120.12,176,55.88,0
e2-blocking-100,binary,100,bot_13,3981,b,28,53.8,25,137.87,195,57.13,0
e2-blocking-100,binary,100,bot_13,3981,b,30,50.2,25,140.78,190,49.22,0
e2-blocking-100,binary,100,bot_13,3981,b,32,51.5,25,148.01,189,40.99,0
e2-blocking-100,binary,100,bot_13,3981,b,34,41.74,25,165.97,200,34.03,0
e2-blocking-100,binary,100,bot_13,3981,b,36,36.36,25,191.98,222,30.02,0
e2-blocking-100,binary,100,bot_13,3981,b,38,25.41,25,206.73,229,22.27,0
e2-blocking-100,binary,100,bot_13,3981,b,40,66.94,25,171.18,210,38.82,0
e2-blocking-100,binary,100,bot_13,3981,b,42,57.12,25,192.4,231,38.6,0
e2-blocking-100,binary,100,bot_13,3981,b,44,57.99,25,207.91,239,31.09,0
e2-blocking-100,binary,100,bot_13,3981,b,46,44.51,25,220.35,255,34.65,0
e2-blocking-100,binary,100,bot_13,3981,b,48,44.91,25,238.32,266,27.68,0
e2-blocking-100,binary,100,bot_13,3981,b,50,39.15,25,245.16,269,23.84,0
e2-blocking-100,binary,100,bot_13,3981,b,52,31.42,25,251.07,267,15.93,0
e2-blocking-100,binary,100,bot_13,3981,b,54,29.75,25,250.95,264,13.05,0
e2-blocking-100,binary,100,bot_13,3981,b,56,19.55,25,253.5,255,1.5,0
e2-blocking-100,binary,100,bot_13,3981,b,58,148.16,25,280.91,276,-4.91,0
e2-blocking-100,binary,100,bot_13,3981,b,60,119.6,25,198.71,281,82.29,0
e2-blocking-100,binary,100,bot_14,3983,b,2,17.23,25,73.15,77,3.85,0
e2-blocking-100,binary,100,bot_14,3983,b,4,10.54,25,65.91,73,7.09,0
e2-blocking-100,binary,100,bot_14,3983,b,6,4.99,25,65.14,71,5.86,0
e2-blocking-100,binary,100,bot_14,3983,b,8,8.27,25,75.52,77,1.48,0
e2-blocking-100,binary,100,bot_14,3983,b,10,6.71,25,87.6,86,-1.6,0
e2-blocking-100,binary,100,bot_14,3983,b,12,30.61,25,93.34,95,1.66,0
e2-blocking-100,binary,100,bot_14,3983,b,14,22.56,25,76.45,95,18.55,0
e2-blocking-100,binary,100,bot_14,3983,b,16,59.4,25,102.79,116,13.21,0
e2-blocking-100,binary,100,bot_14,3983,b,18,44.27,25,102.41,110,7.59,0
e2-blocking-100,binary,100,bot_14,3983,b,20,32.97,25,105.5,137,31.5,0
e2-blocking-100,binary,100,bot_14,3983,b,22,22.77,25,94.75,125,30.25,0
e2-blocking-100,binary,100,bot_14,3983,b,24,29.82,25,130.5,161,30.5,0
e2-blocking-100,binary,100,bot_14,3983,b,26,33.1,25,152.32,178,25.68,0
e2-blocking-100,binary,100,bot_14,3983,b,28,25.02,25,165.79,189,23.21,0
e2-blocking-100,binary,100,bot_14,3983,b,30,17.48,25,172.81,191,18.19,0
e2-blocking-100,binary,100,bot_14,3983,b,32,13.7,25,186.27,197,10.73,0
e2-blocking-100,binary,100,bot_14,3983,b,34,98.88,25,122.51,214,91.49,0
e2-blocking-100,binary,100,bot_14,3983,b,36,98.72,25,136.67,228,91.33,0
e2-blocking-100,binary,100,bot_14,3983,b,38,93.15,25,154.68,244,89.32,0
e2-blocking-100,binary,100,bot_14,3983,b,40,91.74,25,151.69,237,85.31,0
e2-blocking-100,binary,100,bot_14,3983,b,42,89.93,25,165.71,255,89.29,0
e2-blocking-100,binary,100,bot_14,3983,b,44,86.2,25,183.34,271,87.66,0
e2-blocking-100,binary,100,bot_14,3983,b,46,66.94,25,194.1,275,80.9,0
e2-blocking-100,binary,100,bot_14,3983,b,48,72.39,25,220.99,297,76.01,0
e2-blocking-100,binary,100,bot_14,3983,b,50,73.19,25,244.76,306,61.24,0
e2-blocking-100,binary,100,bot_14,3983,b,52,67.81,25,238.55,290,51.45,0
e2-blocking-100,binary,100,bot_14,3983,b,54,58.16,25,237.85,285,47.15,0
e2-blocking-100,binary,100,bot_14,3983,b,56,44.82,25,256.03,296,39.97,0
e2-blocking-100,binary,100,bot_14,3983,b,58,52.41,25,270.07,299,28.93,0
e2-blocking-100,binary,100,bot_14,3983,b,60,41.58,25,277.04,303,25.96,0
e2-blocking-100,binary,100,bot_15,3980,b,2,6.03,25,61.07,79,17.93,0
e2-blocking-100,binary,100,bot_15,3980,b,4,5.08,25,73.5,69,-4.5,0
e2-blocking-100,binary,100,bot_15,3980,b,6,13.47,25,77.09,75,-2.09,0
e2-blocking-100,binary,100,bot_15,3980,b,8,5.89,25,71.63,73,1.38,0
e2-blocking-100,binary,100,bot_15,3980,b,10,23.8,25,78.9,94,15.1,0
e2-blocking-100,binary,100,bot_15,3980,b,12,18.73,25,80.9,101,20.1,0
e2-blocking-100,binary,100,bot_15,3980,b,14,23.97,25,77.72,95,17.28,0
e2-blocking-100,binary,100,bot_15,3980,b,16,20.84,25,97.27,105,7.73,0
e2-blocking-100,binary,100,bot_15,3980,b,18,25.23,25,93.19,100,6.81,0
e2-blocking-100,binary,100,bot_15,3980,b,20,21.3,25,113.52,126,12.48,0
e2-blocking-100,binary,100,bot_15,3980,b,22,12.27,25,122.99,137,14.01,0
e2-blocking-100,binary,100,bot_15,3980,b,24,79.31,25,154.89,165,10.11,0
e2-blocking-100,binary,100,bot_15,3980,b,26,74.21,25,108.88,175,66.12,0
e2-blocking-100,binary,100,bot_15,3980,b,28,66.72,25,125.25,193,67.75,0
e2-blocking-100,binary,100,bot_15,3980,b,30,61.48,25,129.99,191,61.01,0
e2-blocking-100,binary,100,bot_15,3980,b,32,61.43,25,137.27,191,53.73,0
e2-blocking-100,binary,100,bot_15,3980,b,34,53.57,25,153.42,197,43.58,0
e2-blocking-100,binary,100,bot_15,3980,b,36,46.95,25,181.66,223,41.34,0
e2-blocking-100,binary,100,bot_15,3980,b,38,40.19,25,195.01,225,29.99,0
e2-blocking-100,binary,100,bot_15,3980,b,40,58.79,25,179.64,212,32.36,0
e2-blocking-100,binary,100,bot_15,3980,b,42,48.49,25,200.76,231,30.24,0
e2-blocking-100,binary,100,bot_15,3980,b,44,48.93,25,217.08,240,22.92,0
e2-blocking-100,binary,100,bot_15,3980,b,46,36.55,25,227.85,253,25.15,0
e2-blocking-100,binary,100,bot_15,3980,b,48,37.7,25,245.58,263,17.42,0
e2-blocking-100,binary,100,bot_15,3980,b,50,31.4,25,252.91,264,11.09,0
e2-blocking-100,binary,100,bot_15,3980,b,52,21.71,25,260.57,265,4.43,0
e2-blocking-100,binary,100,bot_15,3980,b,54,19.2,25,261.57,267,5.43,0
e2-blocking-100,binary,100,bot_15,3980,b,56,180.65,25,260.49,259,-1.49,0
e2-blocking-100,binary,100,bot_15,3980,b,58,118.57,25,202.62,284,81.38,0
e2-blocking-100,binary,100,bot_15,3980,b,60,111.51,25,206.73,280,73.27,0
e2-blocking-100,binary,100,bot_16,3981,w,1,26.13,25,76.83,80,3.17,0
e2-blocking-100,binary,100,bot_16,3981,w,3,24.81,25,55.58,76,20.42,0
e2-blocking-100,binary,100,bot_16,3981,w,5,2.49,25,53.87,54,0.13,0
e2-blocking-100,binary,100,bot_16,3981,w,7,22.26,25,72.16,75,2.84,0
e2-blocking-100,binary,100,bot_16,3981,w,9,13.7,25,56.34,73,16.66,0
e2-blocking-100,binary,100,bot_16,3981,w,11,24.3,25,62.94,77,14.06,0
e2-blocking-100,binary,100,bot_16,3981,w,13,18.17,25,75.03,85,9.97,0
e2-blocking-100,binary,100,bot_16,3981,w,15,9.84,25,86.08,100,13.92,0
e2-blocking-100,binary,100,bot_16,3981,w,17,7.39,25,108.36,117,8.64,0
e2-blocking-100,binary,100,bot_16,3981,w,19,8.88,25,111.82,122,10.18,0
e2-blocking-100,binary,100,bot_16,3981,w,21,56.32,25,92.76,156,63.24,0
e2-blocking-100,binary,100,bot_16,3981,w,23,64.41,25,81.62,115,33.38,0
e2-blocking-100,binary,100,bot_16,3981,w,25,61.86,25,103.27,153,49.73,0
e2-blocking-100,binary,100,bot_16,3981,w,27,62.91,25,119.89,177,57.11,0
e2-blocking-100,binary,100,bot_16,3981,w,29,55.27,25,138.54,187,48.46,0
e2-blocking-100,binary,100,bot_16,3981,w,31,48.16,25,129.05,174,44.95,0
e2-blocking-100,binary,100,bot_16,3981,w,33,41.31,25,179.18,226,46.82,0
e2-blocking-100,binary,100,bot_16,3981,w,35,34.46,25,167.03,204,36.97,0
e2-blocking-100,binary,100,bot_16,3981,w,37,27.61,25,178.95,210,31.05,0
e2-blocking-100,binary,100,bot_16,3981,w,39,57.81,25,177.29,186,8.71,0
e2-blocking-100,binary,100,bot_16,3981,w,41,58.53,25,179.3,228,48.7,0
e2-blocking-100,binary,100,bot_16,3981,w,43,50.43,25,196.37,235,38.63,0
e2-blocking-100,binary,100,bot_16,3981,w,45,54.26,25,208.6,249,40.4,0
e2-blocking-100,binary,100,bot_16,3981,w,47,46.22,25,211.45,238,26.55,0
e2-blocking-100,binary,100,bot_16,3981,w,49,43.28,25,233.96,260,26.04,0
e2-blocking-100,binary,100,bot_16,3981,w,51,35.67,25,263.07,284,20.93,0
e2-blocking-100,binary,100,bot_16,3981,w,53,32.53,25,263.9,277,13.1,0
e2-blocking-100,binary,100,bot_16,3981,w,55,21.49,25,266.99,279,12.01,0
e2-blocking-100,binary,100,bot_16,3981,w,57,24.02,25,296.22,287,-9.22,0
e2-blocking-100,binary,100,bot_16,3981,w,59,109.66,25,180.05,300,119.95,0
e2-blocking-100,binary,100,bot_17,3985,w,1,11.23,25,89.65,88,-1.65,0
e2-blocking-100,binary,100,bot_17,3985,w,3,11.74,25,68.31,77,8.69,0
e2-blocking-100,binary,100,bot_17,3985,w,5,11.21,25,60.58,63,2.42,0
e2-blocking-100,binary,100,bot_17,3985,w,7,7.13,25,75.44,74,-1.44,0
e2-blocking-100,binary,100,bot_17,3985,w,9,3.9,25,73.88,75,1.12,0
e2-blocking-100,binary,100,bot_17,3985,w,11,33.36,25,81.02,81,-0.02,0
e2-blocking-100,binary,100,bot_17,3985,w,13,22.2,25,75.34,95,19.66,0
e2-blocking-100,binary,100,bot_17,3985,w,15,17.19,25,78.8,94,15.2,0
e2-blocking-100,binary,100,bot_17,3985,w,17,12.19,25,61.63,116,54.38,0
e2-blocking-100,binary,100,bot_17,3985,w,19,35.09,25,84.89,121,36.11,0
e2-blocking-100,binary,100,bot_17,3985,w,21,36.67,25,111,136,25,0
e2-blocking-100,binary,100,bot_17,3985,w,23,34.11,25,111.71,128,16.29,0
e2-blocking-100,binary,100,bot_17,3985,w,25,30.69,25,133.6,156,22.4,0
e2-blocking-100,binary,100,bot_17,3985,w,27,28.6,25,155.04,179,23.96,0
e2-blocking-100,binary,100,bot_17,3985,w,29,22.83,25,171.16,187,15.84,0
e2-blocking-100,binary,100,bot_17,3985,w,31,15.44,25,161.91,172,10.09,0
e2-blocking-100,binary,100,bot_17,3985,w,33,89.84,25,114.23,227,112.77,0
e2-blocking-100,binary,100,bot_17,3985,w,35,95.35,25,110.37,201,90.63,0
e2-blocking-100,binary,100,bot_17,3985,w,37,92.61,25,114.55,204,89.45,0
e2-blocking-100,binary,100,bot_17,3985,w,39,85.61,25,136.94,222,85.06,0
e2-blocking-100,binary,100,bot_17,3985,w,41,92.12,25,148.76,235,86.24,0
e2-blocking-100,binary,100,bot_17,3985,w,43,89.13,25,162.83,243,80.17,0
e2-blocking-100,binary,100,bot_17,3985,w,45,82.37,25,181.26,259,77.74,0
e2-blocking-100,binary,100,bot_17,3985,w,47,78.12,25,190.49,248,57.51,0
e2-blocking-100,binary,100,bot_17,3985,w,49,61.86,25,203.57,269,65.43,0
e2-blocking-100,binary,100,bot_17,3985,w,51,52.76,25,209.26,273,63.74,0
e2-blocking-100,binary,100,bot_17,3985,w,53,46.89,25,236.41,296,59.59,0
e2-blocking-100,binary,100,bot_17,3985,w,55,39.48,25,230.5,280,49.5,0
e2-blocking-100,binary,100,bot_17,3985,w,57,50.71,25,205.08,225,19.92,0
e2-blocking-100,binary,100,bot_17,3985,w,59,48.11,25,240.08,280,39.92,0
e2-blocking-100,binary,100,bot_18,3988,w,1,7.17,25,93.3,90,-3.3,0
e2-blocking-100,binary,100,bot_18,3988,w,3,25.23,25,74.78,80,5.22,0
e2-blocking-100,binary,100,bot_18,3988,w,5,21.63,25,65.75,69,3.25,0
e2-blocking-100,binary,100,bot_18,3988,w,7,15.06,25,54.22,64,9.78,0
e2-blocking-100,binary,100,bot_18,3988,w,9,14.82,25,65.48,75,9.52,0
e2-blocking-100,binary,100,bot_18,3988,w,11,9.59,25,81.66,90,8.34,0
e2-blocking-100,binary,100,bot_18,3988,w,13,7.51,25,91.08,92,0.92,0
e2-blocking-100,binary,100,bot_18,3988,w,15,19.37,25,71.38,99,27.62,0
e2-blocking-100,binary,100,bot_18,3988,w,17,17.04,25,83.94,115,31.06,0
e2-blocking-100,binary,100,bot_18,3988,w,19,14.13,25,104.52,124,19.48,0
e2-blocking-100,binary,100,bot_18,3988,w,21,16.2,25,132.85,142,9.15,0
e2-blocking-100,binary,100,bot_18,3988,w,23,80.83,25,137.31,141,3.69,0
e2-blocking-100,binary,100,bot_18,3988,w,25,74.79,25,104.61,163,58.39,0
e2-blocking-100,binary,100,bot_18,3988,w,27,72.23,25,124.99,184,59.01,0
e2-blocking-100,binary,100,bot_18,3988,w,29,52.89,25,134.1,191,56.9,0
e2-blocking-100,binary,100,bot_18,3988,w,31,52.32,25,138.53,178,39.47,0
e2-blocking-100,binary,100,bot_18,3988,w,33,49.49,25,150.22,206,55.78,0
e2-blocking-100,binary,100,bot_18,3988,w,35,50.21,25,159.26,196,36.74,0
e2-blocking-100,binary,100,bot_18,3988,w,37,43.35,25,166.9,202,35.1,0
e2-blocking-100,binary,100,bot_18,3988,w,39,30.29,25,189.8,217,27.2,0
e2-blocking-100,binary,100,bot_18,3988,w,41,30.05,25,210.81,235,24.19,0
e2-blocking-100,binary,100,bot_18,3988,w,43,26.18,25,225.53,245,19.47,0
e2-blocking-100,binary,100,bot_18,3988,w,45,123.57,25,244.85,259,14.15,0
e2-blocking-100,binary,100,bot_18,3988,w,47,107.77,25,174.49,262,87.51,0
e2-blocking-100,binary,100,bot_18,3988,w,49,103.7,25,179.52,263,83.48,0
e2-blocking-100,binary,100,bot_18,3988,w,51,95.64,25,185.77,264,78.23,0
e2-blocking-100,binary,100,bot_18,3988,w,53,83.74,25,196.52,275,78.48,0
e2-blocking-100,binary,100,bot_18,3988,w,55,70.54,25,201.5,268,66.5,0
e2-blocking-100,binary,100,bot_18,3988,w,57,76.54,25,224.66,286,61.34,0
e2-blocking-100,binary,100,bot_18,3988,w,59,56.96,25,239.36,280,40.64,0
e2-blocking-100,binary,100,bot_19,3986,b,2,14.4,25,76.49,78,1.51,0
e2-blocking-100,binary,100,bot_19,3986,b,4,5.7,25,70.9,69,-1.9,0
e2-blocking-100,binary,100,bot_19,3986,b,6,17.78,25,63.3,88,24.7,0
e2-blocking-100,binary,100,bot_19,3986,b,8,18.3,25,63.38,73,9.63,0
e2-blocking-100,binary,100,bot_19,3986,b,10,18.68,25,76.83,87,10.17,0
e2-blocking-100,binary,100,bot_19,3986,b,12,14.33,25,82.23,90,7.77,0
e2-blocking-100,binary,100,bot_19,3986,b,14,9.6,25,90.33,92,1.67,0
e2-blocking-100,binary,100,bot_19,3986,b,16,43.95,25,116.97,118,1.03,0
e2-blocking-100,binary,100,bot_19,3986,b,18,31.91,25,88.79,105,16.21,0
e2-blocking-100,binary,100,bot_19,3986,b,20,20.26,25,119.4,131,11.6,0
e2-blocking-100,binary,100,bot_19,3986,b,22,13.36,25,102.22,117,14.78,0
e2-blocking-100,binary,100,bot_19,3986,b,24,12.02,25,148.96,159,10.04,0
e2-blocking-100,binary,100,bot_19,3986,b,26,73.78,25,106.59,189,82.41,0
e2-blocking-100,binary,100,bot_19,3986,b,28,74.56,25,113.55,189,75.45,0
e2-blocking-100,binary,100,bot_19,3986,b,30,57.58,25,127.21,183,55.79,0
e2-blocking-100,binary,100,bot_19,3986,b,32,75.71,25,149.99,205,55.01,0
e2-blocking-100,binary,100,bot_19,3986,b,34,59.54,25,159.1,211,51.9,0
e2-blocking-100,binary,100,bot_19,3986,b,36,59.06,25,175.07,230,54.93,0
e2-blocking-100,binary,100,bot_19,3986,b,38,50.36,25,196.02,248,51.98,0
e2-blocking-100,binary,100,bot_19,3986,b,40,48.45,25,197.6,233,35.4,0
e2-blocking-100,binary,100,bot_19,3986,b,42,42.48,25,213.56,257,43.44,0
e2-blocking-100,binary,100,bot_19,3986,b,44,39.05,25,229.94,270,40.06,0
e2-blocking-100,binary,100,bot_19,3986,b,46,24.41,25,235.96,268,32.04,0
e2-blocking-100,binary,100,bot_19,3986,b,48,25.03,25,267.34,293,25.66,0
e2-blocking-100,binary,100,bot_19,3986,b,50,122.1,25,295.75,313,17.25,0
e2-blocking-100,binary,100,bot_19,3986,b,52,101.83,25,195.01,304,108.99,0
e2-blocking-100,binary,100,bot_19,3986,b,54,85.81,25,203.57,296,92.43,0
e2-blocking-100,binary,100,bot_19,3986,b,56,93.99,25,227.46,297,69.54,0
e2-blocking-100,binary,100,bot_19,3986,b,58,71.81,25,235.93,304,68.07,0
e2-blocking-100,binary,100,bot_19,3986,b,60,58.61,25,235.32,283,47.68,0
e2-blocking-100,binary,100,bot_20,3987,w,1,9.4,25,90.83,88,-2.83,0
e2-blocking-100,binary,100,bot_20,3987,w,3,8.98,25,71.07,78,6.93,0
e2-blocking-100,binary,100,bot_20,3987,w,5,9.44,25,62.51,64,1.49,0
e2-blocking-100,binary,100,bot_20,3987,w,7,6,25,76.53,75,-1.53,0
e2-blocking-100,binary,100,bot_20,3987,w,9,20.91,25,59.13,79,19.87,0
e2-blocking-100,binary,100,bot_20,3987,w,11,21.14,25,70.88,88,17.13,0
e2-blocking-100,binary,100,bot_20,3987,w,13,14.73,25,83.15,98,14.85,0
e2-blocking-100,binary,100,bot_20,3987,w,15,11.45,25,84.44,92,7.56,0
e2-blocking-100,binary,100,bot_20,3987,w,17,31.86,25,67.98,112,44.02,0
e2-blocking-100,binary,100,bot_20,3987,w,19,25.19,25,94.32,126,31.68,0
e2-blocking-100,binary,100,bot_20,3987,w,21,29.79,25,118.97,140,21.03,0
e2-blocking-100,binary,100,bot_20,3987,w,23,24.37,25,120.89,132,11.11,0
e2-blocking-100,binary,100,bot_20,3987,w,25,17.84,25,146.68,160,13.32,0
e2-blocking-100,binary,100,bot_20,3987,w,27,15.29,25,167.93,181,13.07,0
e2-blocking-100,binary,100,bot_20,3987,w,29,74.76,25,113,205,92,0
e2-blocking-100,binary,100,bot_20,3987,w,31,73.32,25,117.61,178,60.39,0
e2-blocking-100,binary,100,bot_20,3987,w,33,69.51,25,132.07,214,81.93,0
e2-blocking-100,binary,100,bot_20,3987,w,35,76.12,25,130.95,198,67.05,0
e2-blocking-100,binary,100,bot_20,3987,w,37,71.26,25,137.51,206,68.49,0
e2-blocking-100,binary,100,bot_20,3987,w,39,55.76,25,166,227,61,0
e2-blocking-100,binary,100,bot_20,3987,w,41,66.22,25,174.65,235,60.35,0
e2-blocking-100,binary,100,bot_20,3987,w,43,61.11,25,190.58,243,52.42,0
e2-blocking-100,binary,100,bot_20,3987,w,45,52.81,25,211.45,261,49.55,0
e2-blocking-100,binary,100,bot_20,3987,w,47,48.13,25,220.77,257,36.23,0
e2-blocking-100,binary,100,bot_20,3987,w,49,39.87,25,225.34,265,39.66,0
e2-blocking-100,binary,100,bot_20,3987,w,51,29.68,25,231.16,266,34.84,0
e2-blocking-100,binary,100,bot_20,3987,w,53,25.56,25,257.18,287,29.82,0
e2-blocking-100,binary,100,bot_20,3987,w,55,120.7,25,251.53,272,20.47,0
e2-blocking-100,binary,100,bot_20,3987,w,57,97.75,25,202.79,299,96.21,0
e2-blocking-100,binary,100,bot_20,3987,w,59,78.49,25,216.69,282,65.31,0
e2-blocking-100,binary,100,bot_21,3972,b,2,8.13,25,58.98,81,22.02,0
e2-blocking-100,binary,100,bot_21,3972,b,4,5.97,25,72.6,75,2.4,0
e2-blocking-100,binary,100,bot_21,3972,b,6,14.62,25,79.62,76,-3.62,0
e2-blocking-100,binary,100,bot_21,3972,b,8,8.53,25,69.28,75,5.72,0
e2-blocking-100,binary,100,bot_21,3972,b,10,30.19,25,89.2,93,3.8,0
e2-blocking-100,binary,100,bot_21,3972,b,12,20.23,25,79.4,102,22.6,0
e2-blocking-100,binary,100,bot_21,3972,b,14,25.63,25,76.16,96,19.84,0
e2-blocking-100,binary,100,bot_21,3972,b,16,23.09,25,94.91,105,10.09,0
e2-blocking-100,binary,100,bot_21,3972,b,18,26.68,25,91.4,101,9.6,0
e2-blocking-100,binary,100,bot_21,3972,b,20,24.21,25,110.3,128,17.7,0
e2-blocking-100,binary,100,bot_21,3972,b,22,13.89,25,121.38,140,18.62,0
e2-blocking-100,binary,100,bot_21,3972,b,24,16.36,25,152.8,167,14.2,0
e2-blocking-100,binary,100,bot_21,3972,b,26,76.69,25,106.52,189,82.48,0
e2-blocking-100,binary,100,bot_21,3972,b,28,69,25,123.02,196,72.98,0
e2-blocking-100,binary,100,bot_21,3972,b,30,64.61,25,127.26,194,66.74,0
e2-blocking-100,binary,100,bot_21,3972,b,32,63.8,25,134.83,195,60.17,0
e2-blocking-100,binary,100,bot_21,3972,b,34,56.47,25,150.38,200,49.62,0
e2-blocking-100,binary,100,bot_21,3972,b,36,51.15,25,176.99,225,48.01,0
e2-blocking-100,binary,100,bot_21,3972,b,38,43.23,25,192.11,223,30.89,0
e2-blocking-100,binary,100,bot_21,3972,b,40,61.72,25,176.83,215,38.17,0
e2-blocking-100,binary,100,bot_21,3972,b,42,52.03,25,197.33,236,38.67,0
e2-blocking-100,binary,100,bot_21,3972,b,44,52.36,25,213.9,243,29.1,0
e2-blocking-100,binary,100,bot_21,3972,b,46,39.79,25,224.72,257,32.28,0
e2-blocking-100,binary,100,bot_21,3972,b,48,41.33,25,242.13,267,24.87,0
e2-blocking-100,binary,100,bot_21,3972,b,50,34.62,25,249.73,271,21.27,0
e2-blocking-100,binary,100,bot_21,3972,b,52,27.26,25,255.29,270,14.71,0
e2-blocking-100,binary,100,bot_21,3972,b,54,24.4,25,255.93,266,10.07,0
e2-blocking-100,binary,100,bot_21,3972,b,56,15.02,25,257.94,257,-0.94,0
e2-blocking-100,binary,100,bot_21,3972,b,58,122.89,25,198.58,301,102.42,0
e2-blocking-100,binary,100,bot_21,3972,b,60,114.24,25,204.02,282,77.98,0
e2-blocking-100,binary,100,bot_22,3973,b,2,12.11,25,53.71,77,23.29,0
e2-blocking-100,binary,100,bot_22,3973,b,4,17.35,25,74.39,70,-4.39,0
e2-blocking-100,binary,100,bot_22,3973,b,6,7.04,25,73.75,74,0.25,0
e2-blocking-100,binary,100,bot_22,3973,b,8,12.4,25,54.45,69,14.55,0
e2-blocking-100,binary,100,bot_22,3973,b,10,26.5,25,66.54,77,10.46,0
e2-blocking-100,binary,100,bot_22,3973,b,12,23.64,25,84.93,89,4.07,0
e2-blocking-100,binary,100,bot_22,3973,b,14,9.91,25,87.39,91,3.61,0
e2-blocking-100,binary,100,bot_22,3973,b,16,57.57,25,86.34,88,1.66,0
e2-blocking-100,binary,100,bot_22,3973,b,18,41.75,25,75.3,98,22.7,0
e2-blocking-100,binary,100,bot_22,3973,b,20,51.82,25,80.86,112,31.14,0
e2-blocking-100,binary,100,bot_22,3973,b,22,30.52,25,107.68,144,36.32,0
e2-blocking-100,binary,100,bot_22,3973,b,24,45.08,25,124.33,151,26.67,0
e2-blocking-100,binary,100,bot_22,3973,b,26,40.98,25,137.54,170,32.46,0
e2-blocking-100,binary,100,bot_22,3973,b,28,33.68,25,163.42,188,24.58,0
e2-blocking-100,binary,100,bot_22,3973,b,30,17.89,25,169.17,188,18.83,0
e2-blocking-100,binary,100,bot_22,3973,b,32,16.79,25,174.42,186,11.58,0
e2-blocking-100,binary,100,bot_22,3973,b,34,88.21,25,118.55,216,97.45,0
e2-blocking-100,binary,100,bot_22,3973,b,36,86.68,25,140.85,207,66.15,0
e2-blocking-100,binary,100,bot_22,3973,b,38,83.05,25,154.8,203,48.2,0
e2-blocking-100,binary,100,bot_22,3973,b,40,78.96,25,158.92,202,43.08,0
e2-blocking-100,binary,100,bot_22,3973,b,42,65.91,25,183.34,226,42.66,0
e2-blocking-100,binary,100,bot_22,3973,b,44,69,25,196.37,231,34.63,0
e2-blocking-100,binary,100,bot_22,3973,b,46,55.07,25,209.49,248,38.51,0
e2-blocking-100,binary,100,bot_22,3973,b,48,55.96,25,227.05,261,33.95,0
e2-blocking-100,binary,100,bot_22,3973,b,50,51.31,25,232.77,263,30.23,0
e2-blocking-100,binary,100,bot_22,3973,b,52,42.73,25,239.38,262,22.62,0
e2-blocking-100,binary,100,bot_22,3973,b,54,36.89,25,243.65,263,19.35,0
e2-blocking-100,binary,100,bot_22,3973,b,56,26.12,25,246.26,256,9.74,0
e2-blocking-100,binary,100,bot_22,3973,b,58,26.42,25,274.72,281,6.28,0
e2-blocking-100,binary,100,bot_22,3973,b,60,127.24,25,191.19,287,95.81,0
e2-blocking-100,binary,100,bot_23,3977,b,2,22.78,25,68.04,81,12.96,0
e2-blocking-100,binary,100,bot_23,3977,b,4,3.38,25,55.91,71,15.09,0
e2-blocking-100,binary,100,bot_23,3977,b,6,17.99,25,84.54,79,-5.54,0
e2-blocking-100,binary,100,bot_23,3977,b,8,19.44,25,64.6,73,8.4,0
e2-blocking-100,binary,100,bot_23,3977,b,10,15.92,25,86.31,90,3.69,0
e2-blocking-100,binary,100,bot_23,3977,b,12,12.21,25,86.67,101,14.33,0
e2-blocking-100,binary,100,bot_23,3977,b,14,14.48,25,87.02,97,9.98,0
e2-blocking-100,binary,100,bot_23,3977,b,16,11.96,25,106.74,108,1.26,0
e2-blocking-100,binary,100,bot_23,3977,b,18,13.41,25,103.8,105,1.2,0
e2-blocking-100,binary,100,bot_23,3977,b,20,52.31,25,85.67,141,55.33,0
e2-blocking-100,binary,100,bot_23,3977,b,22,36.97,25,81.9,129,47.1,0
e2-blocking-100,binary,100,bot_23,3977,b,24,52.69,25,107.13,162,54.87,0
e2-blocking-100,binary,100,bot_23,3977,b,26,59.34,25,124.16,176,51.84,0
e2-blocking-100,binary,100,bot_23,3977,b,28,50.62,25,141.22,193,51.78,0
e2-blocking-100,binary,100,bot_23,3977,b,30,46.6,25,144.21,189,44.79,0
e2-blocking-100,binary,100,bot_23,3977,b,32,48.82,25,150.92,186,35.08,0
e2-blocking-100,binary,100,bot_23,3977,b,34,37.95,25,169.9,197,27.1,0
e2-blocking-100,binary,100,bot_23,3977,b,36,31.13,25,197.64,219,21.36,0
e2-blocking-100,binary,100,bot_23,3977,b,38,23.6,25,209.65,225,15.35,0
e2-blocking-100,binary,100,bot_23,3977,b,40,91.91,25,146.27,206,59.73,0
e2-blocking-100,binary,100,bot_23,3977,b,42,82.02,25,167.09,227,59.91,0
e2-blocking-100,binary,100,bot_23,3977,b,44,82.56,25,182.88,235,52.12,0
e2-blocking-100,binary,100,bot_23,3977,b,46,72.44,25,192.67,247,54.33,0
e2-blocking-100,binary,100,bot_23,3977,b,48,72.82,25,209.79,257,47.21,0
e2-blocking-100,binary,100,bot_23,3977,b,50,66.43,25,217.17,255,37.83,0
e2-blocking-100,binary,100,bot_23,3977,b,52,58.3,25,223.85,257,33.15,0
e2-blocking-100,binary,100,bot_23,3977,b,54,48.26,25,232.13,265,32.87,0
e2-blocking-100,binary,100,bot_23,3977,b,56,42.06,25,229.7,252,22.3,0
e2-blocking-100,binary,100,bot_23,3977,b,58,43.24,25,257.8,275,17.2,0
e2-blocking-100,binary,100,bot_23,3977,b,60,31.63,25,266.71,261,-5.71,0
e2-blocking-100,binary,100,bot_24,3983,w,1,11.88,25,89.32,87,-2.32,0
e2-blocking-100,binary,100,bot_24,3983,w,3,14.05,25,65.97,76,10.03,0
e2-blocking-100,binary,100,bot_24,3983,w,5,12.57,25,59.02,63,3.98,0
e2-blocking-100,binary,100,bot_24,3983,w,7,8.26,25,74.42,74,-0.42,0
e2-blocking-100,binary,100,bot_24,3983,w,9,6.37,25,71.33,73,1.67,0
e2-blocking-100,binary,100,bot_24,3983,w,11,8.83,25,78.16,80,1.84,0
e2-blocking-100,binary,100,bot_24,3983,w,13,26.18,25,71.88,97,25.12,0
e2-blocking-100,binary,100,bot_24,3983,w,15,20.6,25,75.34,92,16.66,0
e2-blocking-100,binary,100,bot_24,3983,w,17,14.28,25,58.81,112,53.19,0
e2-blocking-100,binary,100,bot_24,3983,w,19,38.11,25,82.24,120,37.76,0
e2-blocking-100,binary,100,bot_24,3983,w,21,38.23,25,109.4,137,27.6,0
e2-blocking-100,binary,100,bot_24,3983,w,23,38.02,25,107.67,124,16.33,0
e2-blocking-100,binary,100,bot_24,3983,w,25,32.98,25,131.27,155,23.73,0
e2-blocking-100,binary,100,bot_24,3983,w,27,31.23,25,152.11,179,26.89,0
e2-blocking-100,binary,100,bot_24,3983,w,29,25.33,25,168.61,187,18.39,0
e2-blocking-100,binary,100,bot_24,3983,w,31,17.91,25,159.13,171,11.87,0
e2-blocking-100,binary,100,bot_24,3983,w,33,99.22,25,210.02,218,7.98,0
e2-blocking-100,binary,100,bot_24,3983,w,35,98.37,25,107.16,200,92.84,0
e2-blocking-100,binary,100,bot_24,3983,w,37,97.27,25,109.87,202,92.13,0
e2-blocking-100,binary,100,bot_24,3983,w,39,92.65,25,130.25,217,86.75,0
e2-blocking-100,binary,100,bot_24,3983,w,41,95.82,25,144.92,231,86.08,0
e2-blocking-100,binary,100,bot_24,3983,w,43,94.04,25,158.17,242,83.83,0
e2-blocking-100,binary,100,bot_24,3983,w,45,88.41,25,175.47,255,79.53,0
e2-blocking-100,binary,100,bot_24,3983,w,47,83.46,25,185.27,246,60.73,0
e2-blocking-100,binary,100,bot_24,3983,w,49,69.11,25,195.68,262,66.32,0
e2-blocking-100,binary,100,bot_24,3983,w,51,59.95,25,201.97,270,68.03,0
e2-blocking-100,binary,100,bot_24,3983,w,53,53.89,25,229.47,292,62.53,0
e2-blocking-100,binary,100,bot_24,3983,w,55,45.99,25,224.5,275,50.5,0
e2-blocking-100,binary,100,bot_24,3983,w,57,48.5,25,206.54,232,25.46,0
e2-blocking-100,binary,100,bot_24,3983,w,59,46.21,25,241.93,276,34.07,0
e2-blocking-100,binary,100,bot_25,3972,w,1,38.79,25,65.15,66,0.85,0
e2-blocking-100,binary,100,bot_25,3972,w,3,8.57,25,60.75,64,3.25,0
e2-blocking-100,binary,100,bot_25,3972,w,5,3.1,25,62.85,64,1.15,0
e2-blocking-100,binary,100,bot_25,3972,w,7,10.32,25,66.16,77,10.84,0
e2-blocking-100,binary,100,bot_25,3972,w,9,9.26,25,67.53,72,4.47,0
e2-blocking-100,binary,100,bot_25,3972,w,11,30.18,25,56.61,83,26.39,0
e2-blocking-100,binary,100,bot_25,3972,w,13,25.5,25,67.08,84,16.92,0
e2-blocking-100,binary,100,bot_25,3972,w,15,16.84,25,79.53,100,20.47,0
e2-blocking-100,binary,100,bot_25,3972,w,17,15.14,25,101.11,120,18.89,0
e2-blocking-100,binary,100,bot_25,3972,w,19,23.19,25,98.05,121,22.95,0
e2-blocking-100,binary,100,bot_25,3972,w,21,23.6,25,122.75,142,19.25,0
e2-blocking-100,binary,100,bot_25,3972,w,23,20.79,25,91.2,101,9.8,0
e2-blocking-100,binary,100,bot_25,3972,w,25,89.54,25,142.92,156,13.08,0
e2-blocking-100,binary,100,bot_25,3972,w,27,78.81,25,103.99,178,74.01,0
e2-blocking-100,binary,100,bot_25,3972,w,29,72.87,25,121,185,64,0
e2-blocking-100,binary,100,bot_25,3972,w,31,65.04,25,112.13,172,59.87,0
e2-blocking-100,binary,100,bot_25,3972,w,33,56.27,25,165.14,224,58.86,0
e2-blocking-100,binary,100,bot_25,3972,w,35,53.3,25,148.07,201,52.93,0
e2-blocking-100,binary,100,bot_25,3972,w,37,37.13,25,169.68,217,47.32,0
e2-blocking-100,binary,100,bot_25,3972,w,39,57.66,25,177.08,204,26.92,0
e2-blocking-100,binary,100,bot_25,3972,w,41,56.51,25,181.25,225,43.75,0
e2-blocking-100,binary,100,bot_25,3972,w,43,47.95,25,199.04,232,32.96,0
e2-blocking-100,binary,100,bot_25,3972,w,45,51.45,25,211.1,245,33.9,0
e2-blocking-100,binary,100,bot_25,3972,w,47,43.1,25,214.23,236,21.77,0
e2-blocking-100,binary,100,bot_25,3972,w,49,40.28,25,237.32,260,22.68,0
e2-blocking-100,binary,100,bot_25,3972,w,51,32.32,25,266.18,283,16.82,0
e2-blocking-100,binary,100,bot_25,3972,w,53,29.5,25,266.71,275,8.29,0
e2-blocking-100,binary,100,bot_25,3972,w,55,18.96,25,268.97,276,7.03,0
e2-blocking-100,binary,100,bot_25,3972,w,57,130.56,25,297.82,286,-11.82,0
e2-blocking-100,binary,100,bot_25,3972,w,59,106.6,25,182.73,277,94.27,0
e2-blocking-100,binary,100,bot_26,3976,b,2,8.93,25,57.67,80,22.33,0
e2-blocking-100,binary,100,bot_26,3976,b,4,8.03,25,70.71,74,3.29,0
e2-blocking-100,binary,100,bot_26,3976,b,6,15.83,25,78.29,76,-2.29,0
e2-blocking-100,binary,100,bot_26,3976,b,8,10.78,25,67.37,74,6.63,0
e2-blocking-100,binary,100,bot_26,3976,b,10,7.25,25,85.23,90,4.77,0
e2-blocking-100,binary,100,bot_26,3976,b,12,22.86,25,77.85,107,29.15,0
e2-blocking-100,binary,100,bot_26,3976,b,14,28.25,25,73.36,94,20.64,0
e2-blocking-100,binary,100,bot_26,3976,b,16,28.35,25,89.51,103,13.49,0
e2-blocking-100,binary,100,bot_26,3976,b,18,30.18,25,87.74,100,12.26,0
e2-blocking-100,binary,100,bot_26,3976,b,20,31.83,25,102.24,121,18.76,0
e2-blocking-100,binary,100,bot_26,3976,b,22,16.9,25,118.96,139,20.04,0
e2-blocking-100,binary,100,bot_26,3976,b,24,23.7,25,145.46,161,15.54,0
e2-blocking-100,binary,100,bot_26,3976,b,26,15.8,25,162.69,174,11.31,0
e2-blocking-100,binary,100,bot_26,3976,b,28,76.59,25,115.51,206,90.49,0
e2-blocking-100,binary,100,bot_26,3976,b,30,73.43,25,118.59,192,73.41,0
e2-blocking-100,binary,100,bot_26,3976,b,32,70.88,25,127.43,191,63.57,0
e2-blocking-100,binary,100,bot_26,3976,b,34,63.68,25,142.7,198,55.3,0
e2-blocking-100,binary,100,bot_26,3976,b,36,60.75,25,167.53,219,51.47,0
e2-blocking-100,binary,100,bot_26,3976,b,38,55.42,25,182.58,216,33.42,0
e2-blocking-100,binary,100,bot_26,3976,b,40,83.75,25,154.3,205,50.7,0
e2-blocking-100,binary,100,bot_26,3976,b,42,72.42,25,176.87,230,53.13,0
e2-blocking-100,binary,100,bot_26,3976,b,44,73.48,25,192.07,238,45.93,0
e2-blocking-100,binary,100,bot_26,3976,b,46,63.1,25,201.87,249,47.13,0
e2-blocking-100,binary,100,bot_26,3976,b,48,62.8,25,220.01,260,39.99,0
e2-blocking-100,binary,100,bot_26,3976,b,50,57.28,25,226.55,261,34.45,0
e2-blocking-100,binary,100,bot_26,3976,b,52,50.79,25,231.23,261,29.77,0
e2-blocking-100,binary,100,bot_26,3976,b,54,41.54,25,239.33,266,26.67,0
e2-blocking-100,binary,100,bot_26,3976,b,56,34.87,25,237.28,253,15.72,0
e2-blocking-100,binary,100,bot_26,3976,b,58,34.07,25,267.21,280,12.79,0
e2-blocking-100,binary,100,bot_26,3976,b,60,23.26,25,275.61,265,-10.61,0
e2-blocking-100,binary,100,bot_27,3986,w,1,10.81,25,90.08,88,-2.08,0
e2-blocking-100,binary,100,bot_27,3986,w,3,6.49,25,73.37,81,7.63,0
e2-blocking-100,binary,100,bot_27,3986,w,5,31.66,25,66.64,66,-0.64,0
e2-blocking-100,binary,100,bot_27,3986,w,7,17.14,25,51.98,63,11.02,0
e2-blocking-100,binary,100,bot_27,3986,w,9,17.5,25,62.72,76,13.28,0
e2-blocking-100,binary,100,bot_27,3986,w,11,15.22,25,76.38,89,12.63,0
e2-blocking-100,binary,100,bot_27,3986,w,13,9.21,25,89.15,98,8.85,0
e2-blocking-100,binary,100,bot_27,3986,w,15,9.09,25,87.09,91,3.91,0
e2-blocking-100,binary,100,bot_27,3986,w,17,22.38,25,78.19,117,38.81,0
e2-blocking-100,binary,100,bot_27,3986,w,19,18.9,25,100.04,126,25.96,0
e2-blocking-100,binary,100,bot_27,3986,w,21,22.52,25,126.39,141,14.61,0
e2-blocking-100,binary,100,bot_27,3986,w,23,16.18,25,129.28,136,6.72,0
e2-blocking-100,binary,100,bot_27,3986,w,25,89.89,25,155.76,161,5.24,0
e2-blocking-100,binary,100,bot_27,3986,w,27,81.86,25,115.55,183,67.45,0
e2-blocking-100,binary,100,bot_27,3986,w,29,63.48,25,123.39,191,67.61,0
e2-blocking-100,binary,100,bot_27,3986,w,31,62.38,25,128.64,179,50.36,0
e2-blocking-100,binary,100,bot_27,3986,w,33,58.41,25,142.09,212,69.91,0
e2-blocking-100,binary,100,bot_27,3986,w,35,62.68,25,145.47,198,52.53,0
e2-blocking-100,binary,100,bot_27,3986,w,37,57.62,25,151.54,205,53.46,0
e2-blocking-100,binary,100,bot_27,3986,w,39,40.88,25,180.29,224,43.71,0
e2-blocking-100,binary,100,bot_27,3986,w,41,49.3,25,191.43,233,41.57,0
e2-blocking-100,binary,100,bot_27,3986,w,43,45.79,25,206.14,243,36.86,0
e2-blocking-100,binary,100,bot_27,3986,w,45,39.2,25,224.75,258,33.25,0
e2-blocking-100,binary,100,bot_27,3986,w,47,31.21,25,237.34,256,18.66,0
e2-blocking-100,binary,100,bot_27,3986,w,49,24.21,25,240.64,260,19.36,0
e2-blocking-100,binary,100,bot_27,3986,w,51,114.57,25,167.13,284,116.87,0
e2-blocking-100,binary,100,bot_27,3986,w,53,99.58,25,180.62,276,95.38,0
e2-blocking-100,binary,100,bot_27,3986,w,55,87.47,25,183.98,263,79.02,0
e2-blocking-100,binary,100,bot_27,3986,w,57,87.95,25,212.49,288,75.51,0
e2-blocking-100,binary,100,bot_27,3986,w,59,66.67,25,228.86,282,53.14,0
e2-blocking-100,binary,100,bot_28,3985,b,2,16.23,25,74.42,78,3.58,0
e2-blocking-100,binary,100,bot_28,3985,b,4,8.96,25,67.58,72,4.42,0
e2-blocking-100,binary,100,bot_28,3985,b,6,4.59,25,65.4,70,4.6,0
e2-blocking-100,binary,100,bot_28,3985,b,8,7.32,25,76.49,77,0.51,0
e2-blocking-100,binary,100,bot_28,3985,b,10,6.09,25,88.14,85,-3.14,0
e2-blocking-100,binary,100,bot_28,3985,b,12,25.37,25,71.93,99,27.07,0
e2-blocking-100,binary,100,bot_28,3985,b,14,21.49,25,77.76,93,15.24,0
e2-blocking-100,binary,100,bot_28,3985,b,16,58.53,25,103.6,113,9.4,0
e2-blocking-100,binary,100,bot_28,3985,b,18,42.08,25,104.37,109,4.63,0
e2-blocking-100,binary,100,bot_28,3985,b,20,30.69,25,107.91,136,28.09,0
e2-blocking-100,binary,100,bot_28,3985,b,22,21.75,25,95.84,125,29.16,0
e2-blocking-100,binary,100,bot_28,3985,b,24,28.08,25,132.34,159,26.66,0
e2-blocking-100,binary,100,bot_28,3985,b,26,30.61,25,154.99,179,24.01,0
e2-blocking-100,binary,100,bot_28,3985,b,28,22.04,25,168.93,190,21.07,0
e2-blocking-100,binary,100,bot_28,3985,b,30,15.74,25,174.38,191,16.62,0
e2-blocking-100,binary,100,bot_28,3985,b,32,118.01,25,187.79,195,7.21,0
e2-blocking-100,binary,100,bot_28,3985,b,34,96.45,25,124.58,208,83.42,0
e2-blocking-100,binary,100,bot_28,3985,b,36,95.08,25,140.19,229,88.81,0
e2-blocking-100,binary,100,bot_28,3985,b,38,87.98,25,158.94,246,87.06,0
e2-blocking-100,binary,100,bot_28,3985,b,40,88.91,25,154.91,234,79.09,0
e2-blocking-100,binary,100,bot_28,3985,b,42,84.1,25,171.27,258,86.73,0
e2-blocking-100,binary,100,bot_28,3985,b,44,81.09,25,188.41,273,84.59,0
e2-blocking-100,binary,100,bot_28,3985,b,46,61.65,25,199.23,277,77.77,0
e2-blocking-100,binary,100,bot_28,3985,b,48,68.82,25,223.6,297,73.4,0
e2-blocking-100,binary,100,bot_28,3985,b,50,67.19,25,250.44,306,55.56,0
e2-blocking-100,binary,100,bot_28,3985,b,52,63.14,25,243.22,291,47.78,0
e2-blocking-100,binary,100,bot_28,3985,b,54,53.77,25,241.95,284,42.05,0
e2-blocking-100,binary,100,bot_28,3985,b,56,40.1,25,261.91,297,35.09,0
e2-blocking-100,binary,100,bot_28,3985,b,58,57.86,25,264.61,296,31.39,0
e2-blocking-100,binary,100,bot_28,3985,b,60,46,25,272.46,301,28.54,0
e2-blocking-100,binary,100,bot_29,3989,w,1,8.36,25,92.12,90,-2.12,0
e2-blocking-100,binary,100,bot_29,3989,w,3,5.35,25,74.42,80,5.58,0
e2-blocking-100,binary,100,bot_29,3989,w,5,23.65,25,64.51,72,7.49,0
e2-blocking-100,binary,100,bot_29,3989,w,7,16.44,25,52.75,62,9.25,0
e2-blocking-100,binary,100,bot_29,3989,w,9,16.73,25,63.77,74,10.23,0
e2-blocking-100,binary,100,bot_29,3989,w,11,13.37,25,78.18,90,11.82,0
e2-blocking-100,binary,100,bot_29,3989,w,13,9.25,25,89.24,94,4.76,0
e2-blocking-100,binary,100,bot_29,3989,w,15,27.78,25,89.02,91,1.98,0
e2-blocking-100,binary,100,bot_29,3989,w,17,20.32,25,80.3,115,34.7,0
e2-blocking-100,binary,100,bot_29,3989,w,19,15.82,25,103.02,126,22.98,0
e2-blocking-100,binary,100,bot_29,3989,w,21,17.41,25,131.75,144,12.25,0
e2-blocking-100,binary,100,bot_29,3989,w,23,11.42,25,133.84,139,5.16,0
e2-blocking-100,binary,100,bot_29,3989,w,25,79.55,25,100.05,170,69.95,0
e2-blocking-100,binary,100,bot_29,3989,w,27,76.75,25,120.48,182,61.52,0
e2-blocking-100,binary,100,bot_29,3989,w,29,57.29,25,129.71,194,64.29,0
e2-blocking-100,binary,100,bot_29,3989,w,31,56.09,25,134.68,180,45.32,0
e2-blocking-100,binary,100,bot_29,3989,w,33,52.13,25,147.9,214,66.1,0
e2-blocking-100,binary,100,bot_29,3989,w,35,55.34,25,153.33,201,47.67,0
e2-blocking-100,binary,100,bot_29,3989,w,37,49.28,25,160.58,209,48.42,0
e2-blocking-100,binary,100,bot_29,3989,w,39,34.02,25,187,226,39,0
e2-blocking-100,binary,100,bot_29,3989,w,41,39.05,25,201.92,237,35.08,0
e2-blocking-100,binary,100,bot_29,3989,w,43,35.99,25,216.41,246,29.59,0
e2-blocking-100,binary,100,bot_29,3989,w,45,29.02,25,235.12,262,26.88,0
e2-blocking-100,binary,100,bot_29,3989,w,47,21.75,25,246.93,264,17.07,0
e2-blocking-100,binary,100,bot_29,3989,w,49,114.11,25,170.02,283,112.98,0
e2-blocking-100,binary,100,bot_29,3989,w,51,105.88,25,175.71,261,85.29,0
e2-blocking-100,binary,100,bot_29,3989,w,53,92.84,25,187.54,275,87.46,0
e2-blocking-100,binary,100,bot_29,3989,w,55,78.53,25,193.14,269,75.86,0
e2-blocking-100,binary,100,bot_29,3989,w,57,84.82,25,215.84,287,71.16,0
e2-blocking-100,binary,100,bot_29,3989,w,59,60.49,25,235.59,288,52.41,0
e2-blocking-100,binary,100,bot_30,3982,w,1,16.27,25,85.57,85,-0.57,0
e2-blocking-100,binary,100,bot_30,3982,w,3,18,25,62.33,76,13.67,0
e2-blocking-100,binary,100,bot_30,3982,w,5,14.02,25,57.01,65,7.99,0
e2-blocking-100,binary,100,bot_30,3982,w,7,11.11,25,71.24,73,1.76,0
e2-blocking-100,binary,100,bot_30,3982,w,9,6.93,25,63.32,69,5.68,0
e2-blocking-100,binary,100,bot_30,3982,w,11,13.43,25,74.02,80,5.98,0
e2-blocking-100,binary,100,bot_30,3982,w,13,9.91,25,84.27,88,3.73,0
e2-blocking-100,binary,100,bot_30,3982,w,15,24.63,25,71.93,100,28.07,0
e2-blocking-100,binary,100,bot_30,3982,w,17,16.35,25,58.9,113,54.1,0
e2-blocking-100,binary,100,bot_30,3982,w,19,44.94,25,75.9,120,44.1,0
e2-blocking-100,binary,100,bot_30,3982,w,21,41.13,25,106.71,141,34.29,0
e2-blocking-100,binary,100,bot_30,3982,w,23,43.2,25,102.68,125,22.32,0
e2-blocking-100,binary,100,bot_30,3982,w,25,40.66,25,123.77,153,29.23,0
e2-blocking-100,binary,100,bot_30,3982,w,27,37.78,25,145.63,179,33.37,0
e2-blocking-100,binary,100,bot_30,3982,w,29,32.82,25,161.3,187,25.7,0
e2-blocking-100,binary,100,bot_30,3982,w,31,25.72,25,151.16,170,18.84,0
e2-blocking-100,binary,100,bot_30,3982,w,33,14.87,25,203.83,218,14.17,0
e2-blocking-100,binary,100,bot_30,3982,w,35,117.89,25,189.95,198,8.05,0
e2-blocking-100,binary,100,bot_30,3982,w,37,107.03,25,100.21,203,102.79,0
e2-blocking-100,binary,100,bot_30,3982,w,39,102.56,25,121.14,204,82.86,0
e2-blocking-100,binary,100,bot_30,3982,w,41,103.27,25,137.92,219,81.08,0
e2-blocking-100,binary,100,bot_30,3982,w,43,104.68,25,146.86,229,82.14,0
e2-blocking-100,binary,100,bot_30,3982,w,45,99.86,25,163.78,241,77.22,0
e2-blocking-100,binary,100,bot_30,3982,w,47,96.03,25,172.11,234,61.89,0
e2-blocking-100,binary,100,bot_30,3982,w,49,81.16,25,183.37,249,65.63,0
e2-blocking-100,binary,100,bot_30,3982,w,51,71.54,25,191.09,261,69.91,0
e2-blocking-100,binary,100,bot_30,3982,w,53,65.29,25,217.95,275,57.05,0
e2-blocking-100,binary,100,bot_30,3982,w,55,56.51,25,214.51,268,53.49,0
e2-blocking-100,binary,100,bot_30,3982,w,57,46.86,25,207.86,242,34.14,0
e2-blocking-100,binary,100,bot_30,3982,w,59,44.48,25,243.54,265,21.46,0
e2-blocking-100,binary,100,bot_31,3987,b,2,15.48,25,75.29,78,2.71,0
e2-blocking-100,binary,100,bot_31,3987,b,4,7.49,25,69.08,71,1.92,0
e2-blocking-100,binary,100,bot_31,3987,b,6,4.19,25,66.29,69,2.71,0
e2-blocking-100,binary,100,bot_31,3987,b,8,25.26,25,78.15,77,-1.15,0
e2-blocking-100,binary,100,bot_31,3987,b,10,22.35,25,73.08,86,12.92,0
e2-blocking-100,binary,100,bot_31,3987,b,12,20.27,25,76.18,88,11.82,0
e2-blocking-100,binary,100,bot_31,3987,b,14,13.45,25,86.1,94,7.9,0
e2-blocking-100,binary,100,bot_31,3987,b,16,50.86,25,110.94,116,5.06,0
e2-blocking-100,binary,100,bot_31,3987,b,18,37.59,25,83.9,109,25.1,0
e2-blocking-100,binary,100,bot_31,3987,b,20,26.18,25,113.19,131,17.81,0
e2-blocking-100,binary,100,bot_31,3987,b,22,17.47,25,99.63,120,20.37,0
e2-blocking-100,binary,100,bot_31,3987,b,24,19.53,25,140.83,159,18.17,0
e2-blocking-100,binary,100,bot_31,3987,b,26,19.24,25,167.06,178,10.94,0
e2-blocking-100,binary,100,bot_31,3987,b,28,96.73,25,179.33,187,7.67,0
e2-blocking-100,binary,100,bot_31,3987,b,30,66.34,25,118.04,185,66.96,0
e2-blocking-100,binary,100,bot_31,3987,b,32,86.88,25,136.92,202,65.08,0
e2-blocking-100,binary,100,bot_31,3987,b,34,73.53,25,145.95,209,63.05,0
e2-blocking-100,binary,100,bot_31,3987,b,36,74.25,25,159.58,228,68.42,0
e2-blocking-100,binary,100,bot_31,3987,b,38,65.6,25,181.41,246,64.59,0
e2-blocking-100,binary,100,bot_31,3987,b,40,65.52,25,179.64,229,49.36,0
e2-blocking-100,binary,100,bot_31,3987,b,42,58.27,25,198.07,258,59.93,0
e2-blocking-100,binary,100,bot_31,3987,b,44,55.53,25,214.13,270,55.87,0
e2-blocking-100,binary,100,bot_31,3987,b,46,40.47,25,219.25,267,47.75,0
e2-blocking-100,binary,100,bot_31,3987,b,48,45.62,25,246.81,290,43.19,0
e2-blocking-100,binary,100,bot_31,3987,b,50,38.81,25,279.63,314,34.37,0
e2-blocking-100,binary,100,bot_31,3987,b,52,34.4,25,272.47,296,23.53,0
e2-blocking-100,binary,100,bot_31,3987,b,54,25.21,25,270.89,291,20.11,0
e2-blocking-100,binary,100,bot_31,3987,b,56,113.43,25,209.04,310,100.96,0
e2-blocking-100,binary,100,bot_31,3987,b,58,82.22,25,226.22,305,78.78,0
e2-blocking-100,binary,100,bot_31,3987,b,60,61.71,25,232.47,292,59.53,0
e2-blocking-100,binary,100,bot_32,3980,w,1,36.33,25,67.29,70,2.71,0
e2-blocking-100,binary,100,bot_32,3980,w,3,4.25,25,65.53,67,1.47,0
e2-blocking-100,binary,100,bot_32,3980,w,5,5.54,25,63.54,64,0.46,0
e2-blocking-100,binary,100,bot_32,3980,w,7,7.96,25,69.06,78,8.94,0
e2-blocking-100,binary,100,bot_32,3980,w,9,22.99,25,70.71,73,2.29,0
e2-blocking-100,binary,100,bot_32,3980,w,11,29.02,25,57.57,77,19.43,0
e2-blocking-100,binary,100,bot_32,3980,w,13,24.12,25,68.55,84,15.45,0
e2-blocking-100,binary,100,bot_32,3980,w,15,14.17,25,82.01,101,18.99,0
e2-blocking-100,binary,100,bot_32,3980,w,17,13.55,25,102.63,119,16.37,0
e2-blocking-100,binary,100,bot_32,3980,w,19,20.03,25,101.36,123,21.64,0
e2-blocking-100,binary,100,bot_32,3980,w,21,20.84,25,125.53,143,17.47,0
e2-blocking-100,binary,100,bot_32,3980,w,23,17.96,25,95.2,103,7.8,0
e2-blocking-100,binary,100,bot_32,3980,w,25,74.31,25,92.51,168,75.49,0
e2-blocking-100,binary,100,bot_32,3980,w,27,75.35,25,107.91,178,70.09,0
e2-blocking-100,binary,100,bot_32,3980,w,29,68.1,25,125.61,188,62.39,0
e2-blocking-100,binary,100,bot_32,3980,w,31,61.06,25,115.97,174,58.03,0
e2-blocking-100,binary,100,bot_32,3980,w,33,50.51,25,170.74,228,57.26,0
e2-blocking-100,binary,100,bot_32,3980,w,35,48.39,25,152.99,202,49.01,0
e2-blocking-100,binary,100,bot_32,3980,w,37,36.85,25,169.87,212,42.13,0
e2-blocking-100,binary,100,bot_32,3980,w,39,52.41,25,182.19,208,25.81,0
e2-blocking-100,binary,100,bot_32,3980,w,41,50.11,25,188.07,229,40.93,0
e2-blocking-100,binary,100,bot_32,3980,w,43,42.14,25,204.7,236,31.3,0
e2-blocking-100,binary,100,bot_32,3980,w,45,44.01,25,218.3,251,32.7,0
e2-blocking-100,binary,100,bot_32,3980,w,47,35.69,25,221.67,241,19.33,0
e2-blocking-100,binary,100,bot_32,3980,w,49,31.28,25,246.46,267,20.54,0
e2-blocking-100,binary,100,bot_32,3980,w,51,24.86,25,273.82,288,14.18,0
e2-blocking-100,binary,100,bot_32,3980,w,53,24.27,25,271.69,277,5.31,0
e2-blocking-100,binary,100,bot_32,3980,w,55,18.43,25,269.53,272,2.47,0
e2-blocking-100,binary,100,bot_32,3980,w,57,107.74,25,153.91,309,155.09,0
e2-blocking-100,binary,100,bot_32,3980,w,59,101,25,188.19,282,93.81,0
e2-blocking-100,binary,100,bot_33,3978,w,1,41.68,25,62.56,63,0.44,0
e2-blocking-100,binary,100,bot_33,3978,w,3,15.66,25,53.76,59,5.24,0
e2-blocking-100,binary,100,bot_33,3978,w,5,4.07,25,55.52,61,5.48,0
e2-blocking-100,binary,100,bot_33,3978,w,7,16.81,25,60.35,80,19.65,0
e2-blocking-100,binary,100,bot_33,3978,w,9,16.02,25,72.16,75,2.84,0
e2-blocking-100,binary,100,bot_33,3978,w,11,11.23,25,70.27,85,14.73,0
e2-blocking-100,binary,100,bot_33,3978,w,13,8.49,25,75.09,88,12.91,0
e2-blocking-100,binary,100,bot_33,3978,w,15,32.33,25,99.33,101,1.67,0
e2-blocking-100,binary,100,bot_33,3978,w,17,27.44,25,89.85,132,42.15,0
e2-blocking-100,binary,100,bot_33,3978,w,19,34.74,25,88.71,122,33.29,0
e2-blocking-100,binary,100,bot_33,3978,w,21,41.47,25,102.96,143,40.04,0
e2-blocking-100,binary,100,bot_33,3978,w,23,31.25,25,78.97,102,23.03,0
e2-blocking-100,binary,100,bot_33,3978,w,25,34.79,25,120.84,157,36.16,0
e2-blocking-100,binary,100,bot_33,3978,w,27,26.32,25,153.96,186,32.04,0
e2-blocking-100,binary,100,bot_33,3978,w,29,21.91,25,165.93,191,25.07,0
e2-blocking-100,binary,100,bot_33,3978,w,31,15.08,25,169.34,179,9.66,0
e2-blocking-100,binary,100,bot_33,3978,w,33,79.64,25,142.58,243,100.42,0
e2-blocking-100,binary,100,bot_33,3978,w,35,71.15,25,130.65,211,80.35,0
e2-blocking-100,binary,100,bot_33,3978,w,37,54.9,25,153.43,233,79.57,0
e2-blocking-100,binary,100,bot_33,3978,w,39,52.1,25,182.08,247,64.92,0
e2-blocking-100,binary,100,bot_33,3978,w,41,46.3,25,191.46,230,38.54,0
e2-blocking-100,binary,100,bot_33,3978,w,43,38.52,25,208.35,237,28.65,0
e2-blocking-100,binary,100,bot_33,3978,w,45,41.08,25,221.55,249,27.45,0
e2-blocking-100,binary,100,bot_33,3978,w,47,32.04,25,225.42,242,16.58,0
e2-blocking-100,binary,100,bot_33,3978,w,49,26.36,25,251.21,267,15.79,0
e2-blocking-100,binary,100,bot_33,3978,w,51,19.81,25,278.82,290,11.18,0
e2-blocking-100,binary,100,bot_33,3978,w,53,17.35,25,278.94,283,4.06,0
e2-blocking-100,binary,100,bot_33,3978,w,55,151.63,25,275.96,275,-0.96,0
e2-blocking-100,binary,100,bot_33,3978,w,57,97.68,25,163.52,302,138.48,0
e2-blocking-100,binary,100,bot_33,3978,w,59,92.09,25,197.08,286,88.92,0
e2-blocking-100,binary,100,bot_34,3975,b,2,10.48,25,56,80,24,0
e2-blocking-100,binary,100,bot_34,3975,b,4,9.3,25,68.86,74,5.14,0
e2-blocking-100,binary,100,bot_34,3975,b,6,17.55,25,76.61,76,-0.61,0
e2-blocking-100,binary,100,bot_34,3975,b,8,13.67,25,63.67,71,7.33,0
e2-blocking-100,binary,100,bot_34,3975,b,10,10.67,25,82.05,87,4.95,0
e2-blocking-100,binary,100,bot_34,3975,b,12,27.44,25,103.76,104,0.24,0
e2-blocking-100,binary,100,bot_34,3975,b,14,30.7,25,71.5,94,22.5,0
e2-blocking-100,binary,100,bot_34,3975,b,16,33.19,25,84.63,101,16.37,0
e2-blocking-100,binary,100,bot_34,3975,b,18,32.73,25,84.46,98,13.54,0
e2-blocking-100,binary,100,bot_34,3975,b,20,38.66,25,94.64,116,21.36,0
e2-blocking-100,binary,100,bot_34,3975,b,22,20.86,25,116.15,140,23.85,0
e2-blocking-100,binary,100,bot_34,3975,b,24,29.32,25,139.22,157,17.78,0
e2-blocking-100,binary,100,bot_34,3975,b,26,21.33,25,156.71,173,16.29,0
e2-blocking-100,binary,100,bot_34,3975,b,28,15.71,25,181.64,191,9.36,0
e2-blocking-100,binary,100,bot_34,3975,b,30,77.88,25,114.39,206,91.61,0
e2-blocking-100,binary,100,bot_34,3975,b,32,76.77,25,122.09,190,67.91,0
e2-blocking-100,binary,100,bot_34,3975,b,34,68.98,25,137.63,200,62.38,0
e2-blocking-100,binary,100,bot_34,3975,b,36,67.65,25,160.72,217,56.28,0
e2-blocking-100,binary,100,bot_34,3975,b,38,64.91,25,175.01,218,42.99,0
e2-blocking-100,binary,100,bot_34,3975,b,40,86.42,25,152.16,209,56.84,0
e2-blocking-100,binary,100,bot_34,3975,b,42,77.13,25,172.57,230,57.43,0
e2-blocking-100,binary,100,bot_34,3975,b,44,77.29,25,188.33,239,50.67,0
e2-blocking-100,binary,100,bot_34,3975,b,46,67.22,25,197.78,250,52.22,0
e2-blocking-100,binary,100,bot_34,3975,b,48,67.34,25,215.49,260,44.51,0
e2-blocking-100,binary,100,bot_34,3975,b,50,61.14,25,222.83,259,36.17,0
e2-blocking-100,binary,100,bot_34,3975,b,52,55.24,25,226.85,258,31.15,0
e2-blocking-100,binary,100,bot_34,3975,b,54,45.26,25,235.35,264,28.65,0
e2-blocking-100,binary,100,bot_34,3975,b,56,39.43,25,232.45,252,19.55,0
e2-blocking-100,binary,100,bot_34,3975,b,58,40.44,25,260.48,276,15.52,0
e2-blocking-100,binary,100,bot_34,3975,b,60,29.31,25,269.04,262,-7.04,0
e2-blocking-100,binary,100,bot_35,3979,b,2,20.52,25,69.76,82,12.24,0
e2-blocking-100,binary,100,bot_35,3979,b,4,15.82,25,60.34,74,13.66,0
e2-blocking-100,binary,100,bot_35,3979,b,6,8.99,25,61.97,72,10.03,0
e2-blocking-100,binary,100,bot_35,3979,b,8,15.17,25,68.54,76,7.46,0
e2-blocking-100,binary,100,bot_35,3979,b,10,12.1,25,89.73,93,3.27,0
e2-blocking-100,binary,100,bot_35,3979,b,12,9.73,25,89,102,13,0
e2-blocking-100,binary,100,bot_35,3979,b,14,10.22,25,90.85,99,8.15,0
e2-blocking-100,binary,100,bot_35,3979,b,16,62.99,25,96.12,122,25.88,0
e2-blocking-100,binary,100,bot_35,3979,b,18,51.3,25,96.23,112,15.77,0
e2-blocking-100,binary,100,bot_35,3979,b,20,45.95,25,91.77,137,45.23,0
e2-blocking-100,binary,100,bot_35,3979,b,22,31.81,25,86.96,128,41.04,0
e2-blocking-100,binary,100,bot_35,3979,b,24,44.81,25,115.34,166,50.66,0
e2-blocking-100,binary,100,bot_35,3979,b,26,48.91,25,135.1,179,43.9,0
e2-blocking-100,binary,100,bot_35,3979,b,28,37.85,25,153.91,199,45.09,0
e2-blocking-100,binary,100,bot_35,3979,b,30,34.81,25,156.61,194,37.39,0
e2-blocking-100,binary,100,bot_35,3979,b,32,34.17,25,165.52,193,27.48,0
e2-blocking-100,binary,100,bot_35,3979,b,34,25.18,25,183.42,205,21.58,0
e2-blocking-100,binary,100,bot_35,3979,b,36,18.06,25,210.98,225,14.02,0
e2-blocking-100,binary,100,bot_35,3979,b,38,10.45,25,223.02,233,9.98,0
e2-blocking-100,binary,100,bot_35,3979,b,40,79.4,25,158.88,206,47.12,0
e2-blocking-100,binary,100,bot_35,3979,b,42,67.93,25,181.53,231,49.47,0
e2-blocking-100,binary,100,bot_35,3979,b,44,69.36,25,196.19,239,42.81,0
e2-blocking-100,binary,100,bot_35,3979,b,46,58.44,25,206.46,250,43.54,0
e2-blocking-100,binary,100,bot_35,3979,b,48,59.59,25,223.59,261,37.41,0
e2-blocking-100,binary,100,bot_35,3979,b,50,54.89,25,228.94,262,33.06,0
e2-blocking-100,binary,100,bot_35,3979,b,52,47.57,25,234.41,259,24.59,0
e2-blocking-100,binary,100,bot_35,3979,b,54,41.23,25,239.07,264,24.93,0
e2-blocking-100,binary,100,bot_35,3979,b,56,30.48,25,241.94,256,14.06,0
e2-blocking-100,binary,100,bot_35,3979,b,58,29.33,25,272.01,281,8.99,0
e2-blocking-100,binary,100,bot_35,3979,b,60,151.08,25,279.46,266,-13.46,0
e2-blocking-100,binary,100,bot_36,3984,w,1,14.49,25,86.95,87,0.05,0
e2-blocking-100,binary,100,bot_36,3984,w,3,16.12,25,64.13,77,12.87,0
e2-blocking-100,binary,100,bot_36,3984,w,5,13.46,25,57.86,64,6.14,0
e2-blocking-100,binary,100,bot_36,3984,w,7,9.45,25,73.06,74,0.94,0
e2-blocking-100,binary,100,bot_36,3984,w,9,11.59,25,65.84,72,6.16,0
e2-blocking-100,binary,100,bot_36,3984,w,11,11.21,25,75.89,80,4.11,0
e2-blocking-100,binary,100,bot_36,3984,w,13,36.88,25,86.03,89,2.97,0
e2-blocking-100,binary,100,bot_36,3984,w,15,22.11,25,73.65,92,18.35,0
e2-blocking-100,binary,100,bot_36,3984,w,17,14.89,25,60,113,53,0
e2-blocking-100,binary,100,bot_36,3984,w,19,40.96,25,79.6,122,42.4,0
e2-blocking-100,binary,100,bot_36,3984,w,21,39.66,25,108.22,139,30.78,0
e2-blocking-100,binary,100,bot_36,3984,w,23,39.99,25,105.76,127,21.24,0
e2-blocking-100,binary,100,bot_36,3984,w,25,37.05,25,127.18,154,26.82,0
e2-blocking-100,binary,100,bot_36,3984,w,27,35.48,25,148.28,178,29.72,0
e2-blocking-100,binary,100,bot_36,3984,w,29,29.67,25,164.66,187,22.34,0
e2-blocking-100,binary,100,bot_36,3984,w,31,21.97,25,155.22,171,15.78,0
e2-blocking-100,binary,100,bot_36,3984,w,33,11.21,25,206.97,219,12.03,0
e2-blocking-100,binary,100,bot_36,3984,w,35,102.38,25,103.58,214,110.42,0
e2-blocking-100,binary,100,bot_36,3984,w,37,101.21,25,105.82,206,100.18,0
e2-blocking-100,binary,100,bot_36,3984,w,39,97.84,25,126.35,206,79.65,0
e2-blocking-100,binary,100,bot_36,3984,w,41,99.66,25,141.29,219,77.71,0
e2-blocking-100,binary,100,bot_36,3984,w,43,99.63,25,152.5,231,78.5,0
e2-blocking-100,binary,100,bot_36,3984,w,45,94.17,25,169.46,246,76.54,0
e2-blocking-100,binary,100,bot_36,3984,w,47,89.07,25,179.14,235,55.86,0
e2-blocking-100,binary,100,bot_36,3984,w,49,75.81,25,188.64,251,62.36,0
e2-blocking-100,binary,100,bot_36,3984,w,51,66.17,25,196.24,260,63.76,0
e2-blocking-100,binary,100,bot_36,3984,w,53,58.11,25,225.57,278,52.43,0
e2-blocking-100,binary,100,bot_36,3984,w,55,50.92,25,219.66,267,47.34,0
e2-blocking-100,binary,100,bot_36,3984,w,57,43.68,25,210.87,238,27.13,0
e2-blocking-100,binary,100,bot_36,3984,w,59,41.36,25,246.62,265,18.38,0
e2-blocking-100,binary,100,bot_37,3982,b,2,19.64,25,70.68,81,10.32,0
e2-blocking-100,binary,100,bot_37,3982,b,4,13.62,25,62.65,74,11.35,0
e2-blocking-100,binary,100,bot_37,3982,b,6,6.43,25,63.83,72,8.17,0
e2-blocking-100,binary,100,bot_37,3982,b,8,12.46,25,71.46,75,3.54,0
e2-blocking-100,binary,100,bot_37,3982,b,10,11.09,25,90.74,90,-0.74,0
e2-blocking-100,binary,100,bot_37,3982,b,12,7.93,25,90.61,98,7.39,0
e2-blocking-100,binary,100,bot_37,3982,b,14,33.74,25,94.04,97,2.96,0
e2-blocking-100,binary,100,bot_37,3982,b,16,59.88,25,99.6,117,17.4,0
e2-blocking-100,binary,100,bot_37,3982,b,18,48.37,25,99.15,109,9.85,0
e2-blocking-100,binary,100,bot_37,3982,b,20,39.3,25,99.16,136,36.84,0
e2-blocking-100,binary,100,bot_37,3982,b,22,27.27,25,90.64,125,34.36,0
e2-blocking-100,binary,100,bot_37,3982,b,24,33.77,25,126.5,162,35.5,0
e2-blocking-100,binary,100,bot_37,3982,b,26,38.81,25,145.69,178,32.31,0
e2-blocking-100,binary,100,bot_37,3982,b,28,31.77,25,159.09,190,30.91,0
e2-blocking-100,binary,100,bot_37,3982,b,30,23.92,25,166.91,193,26.09,0
e2-blocking-100,binary,100,bot_37,3982,b,32,20.37,25,179.87,199,19.13,0
e2-blocking-100,binary,100,bot_37,3982,b,34,13.84,25,195.04,204,8.96,0
e2-blocking-100,binary,100,bot_37,3982,b,36,108.08,25,127.92,240,112.08,0
e2-blocking-100,binary,100,bot_37,3982,b,38,102.23,25,144.05,231,86.95,0
e2-blocking-100,binary,100,bot_37,3982,b,40,99.8,25,143.77,227,83.23,0
e2-blocking-100,binary,100,bot_37,3982,b,42,100.3,25,155.24,239,83.76,0
e2-blocking-100,binary,100,bot_37,3982,b,44,95.37,25,174.18,260,85.82,0
e2-blocking-100,binary,100,bot_37,3982,b,46,79.39,25,181.45,261,79.55,0
e2-blocking-100,binary,100,bot_37,3982,b,48,85.06,25,208.27,284,75.73,0
e2-blocking-100,binary,100,bot_37,3982,b,50,86.53,25,230.56,292,61.44,0
e2-blocking-100,binary,100,bot_37,3982,b,52,74.98,25,231.67,283,51.33,0
e2-blocking-100,binary,100,bot_37,3982,b,54,70.46,25,225.14,270,44.86,0
e2-blocking-100,binary,100,bot_37,3982,b,56,62.99,25,241.47,278,36.53,0
e2-blocking-100,binary,100,bot_37,3982,b,58,49.1,25,273.62,292,18.38,0
e2-blocking-100,binary,100,bot_37,3982,b,60,39.37,25,279.16,295,15.84,0
e2-blocking-100,binary,100,bot_38,3990,b,2,10.55,25,80.7,85,4.3,0
e2-blocking-100,binary,100,bot_38,3990,b,4,7.93,25,58.91,75,16.09,0
e2-blocking-100,binary,100,bot_38,3990,b,6,14.05,25,66.1,82,15.9,0
e2-blocking-100,binary,100,bot_38,3990,b,8,13.74,25,67.79,79,11.21,0
e2-blocking-100,binary,100,bot_38,3990,b,10,13.21,25,82.2,94,11.8,0
e2-blocking-100,binary,100,bot_38,3990,b,12,6.46,25,90.31,95,4.69,0
e2-blocking-100,binary,100,bot_38,3990,b,14,25.26,25,79.68,103,23.32,0
e2-blocking-100,binary,100,bot_38,3990,b,16,35.55,25,103.14,119,15.86,0
e2-blocking-100,binary,100,bot_38,3990,b,18,24.86,25,95.74,109,13.26,0
e2-blocking-100,binary,100,bot_38,3990,b,20,14.5,25,125.5,136,10.5,0
e2-blocking-100,binary,100,bot_38,3990,b,22,57.04,25,105.53,116,10.47,0
e2-blocking-100,binary,100,bot_38,3990,b,24,63.59,25,92.09,161,68.91,0
e2-blocking-100,binary,100,bot_38,3990,b,26,59.64,25,119.81,186,66.19,0
e2-blocking-100,binary,100,bot_38,3990,b,28,58.65,25,128.86,192,63.14,0
e2-blocking-100,binary,100,bot_38,3990,b,30,45.02,25,139.43,181,41.57,0
e2-blocking-100,binary,100,bot_38,3990,b,32,58.4,25,168.33,210,41.67,0
e2-blocking-100,binary,100,bot_38,3990,b,34,40.19,25,176.82,217,40.18,0
e2-blocking-100,binary,100,bot_38,3990,b,36,39.14,25,194.81,235,40.19,0
e2-blocking-100,binary,100,bot_38,3990,b,38,29.41,25,216.02,253,36.98,0
e2-blocking-100,binary,100,bot_38,3990,b,40,24.93,25,221.92,243,21.08,0
e2-blocking-100,binary,100,bot_38,3990,b,42,20.27,25,236.15,255,18.85,0
e2-blocking-100,binary,100,bot_38,3990,b,44,98.86,25,164.93,287,122.07,0
e2-blocking-100,binary,100,bot_38,3990,b,46,87.5,25,168.71,262,93.29,0
e2-blocking-100,binary,100,bot_38,3990,b,48,83.91,25,194.72,294,99.28,0
e2-blocking-100,binary,100,bot_38,3990,b,50,77.18,25,221.97,314,92.03,0
e2-blocking-100,binary,100,bot_38,3990,b,52,77.98,25,218.47,301,82.53,0
e2-blocking-100,binary,100,bot_38,3990,b,54,65.77,25,223.77,298,74.23,0
e2-blocking-100,binary,100,bot_38,3990,b,56,72.16,25,248.39,299,50.61,0
e2-blocking-100,binary,100,bot_38,3990,b,58,51.8,25,254.93,309,54.07,0
e2-blocking-100,binary,100,bot_38,3990,b,60,36.09,25,258.23,294,35.77,0
e2-blocking-100,binary,100,bot_39,3991,w,1,2.73,25,94.74,94,-0.74,0
e2-blocking-100,binary,100,bot_39,3991,w,3,15.45,25,85.4,91,5.6,0
e2-blocking-100,binary,100,bot_39,3991,w,5,15.1,25,72.69,76,3.31,0
e2-blocking-100,binary,100,bot_39,3991,w,7,12.22,25,57.27,67,9.73,0
e2-blocking-100,binary,100,bot_39,3991,w,9,9.1,25,71.32,81,9.68,0
e2-blocking-100,binary,100,bot_39,3991,w,11,5.73,25,85.21,94,8.79,0
e2-blocking-100,binary,100,bot_39,3991,w,13,19.41,25,79.44,103,23.56,0
e2-blocking-100,binary,100,bot_39,3991,w,15,16.02,25,74.79,93,18.21,0
e2-blocking-100,binary,100,bot_39,3991,w,17,12.37,25,89.05,117,27.95,0
e2-blocking-100,binary,100,bot_39,3991,w,19,9.91,25,108.11,126,17.89,0
e2-blocking-100,binary,100,bot_39,3991,w,21,52.14,25,88.81,163,74.19,0
e2-blocking-100,binary,100,bot_39,3991,w,23,67.44,25,103.01,145,41.99,0
e2-blocking-100,binary,100,bot_39,3991,w,25,63.17,25,116.28,175,58.72,0
e2-blocking-100,binary,100,bot_39,3991,w,27,58.81,25,138.91,189,50.09,0
e2-blocking-100,binary,100,bot_39,3991,w,29,39.05,25,147.91,196,48.09,0
e2-blocking-100,binary,100,bot_39,3991,w,31,36.89,25,154.22,194,39.78,0
e2-blocking-100,binary,100,bot_39,3991,w,33,34.2,25,163.84,216,52.16,0
e2-blocking-100,binary,100,bot_39,3991,w,35,34.02,25,176.54,205,28.46,0
e2-blocking-100,binary,100,bot_39,3991,w,37,32.39,25,178.72,208,29.28,0
e2-blocking-100,binary,100,bot_39,3991,w,39,15.6,25,203.85,221,17.15,0
e2-blocking-100,binary,100,bot_39,3991,w,41,97.99,25,151.19,259,107.81,0
e2-blocking-100,binary,100,bot_39,3991,w,43,97.63,25,167.54,249,81.46,0
e2-blocking-100,binary,100,bot_39,3991,w,45,85.91,25,179.8,264,84.2,0
e2-blocking-100,binary,100,bot_39,3991,w,47,90.06,25,192.15,266,73.85,0
e2-blocking-100,binary,100,bot_39,3991,w,49,84.35,25,199.17,267,67.83,0
e2-blocking-100,binary,100,bot_39,3991,w,51,74.85,25,206.83,270,63.17,0
e2-blocking-100,binary,100,bot_39,3991,w,53,65.76,25,214.65,278,63.35,0
e2-blocking-100,binary,100,bot_39,3991,w,55,57.43,25,214.37,263,48.63,0
e2-blocking-100,binary,100,bot_39,3991,w,57,61.43,25,239.6,283,43.4,0
e2-blocking-100,binary,100,bot_39,3991,w,59,43.09,25,253.97,274,20.03,0
e2-blocking-100,binary,100,bot_40,3991,b,2,8.97,25,77.95,78,0.05,0
e2-blocking-100,binary,100,bot_40,3991,b,4,6.68,25,59.52,72,12.48,0
e2-blocking-100,binary,100,bot_40,3991,b,6,13.4,25,66.71,79,12.29,0
e2-blocking-100,binary,100,bot_40,3991,b,8,11.75,25,69.52,79,9.48,0
e2-blocking-100,binary,100,bot_40,3991,b,10,11.11,25,84.36,91,6.64,0
e2-blocking-100,binary,100,bot_40,3991,b,12,26.83,25,92.24,96,3.76,0
e2-blocking-100,binary,100,bot_40,3991,b,14,21.25,25,83.07,101,17.93,0
e2-blocking-100,binary,100,bot_40,3991,b,16,31.23,25,107.13,122,14.87,0
e2-blocking-100,binary,100,bot_40,3991,b,18,20.67,25,100.07,110,9.93,0
e2-blocking-100,binary,100,bot_40,3991,b,20,77.15,25,128.83,137,8.17,0
e2-blocking-100,binary,100,bot_40,3991,b,22,46.4,25,61.2,113,51.8,0
e2-blocking-100,binary,100,bot_40,3991,b,24,60.63,25,95,161,66,0
e2-blocking-100,binary,100,bot_40,3991,b,26,53.05,25,126.49,186,59.51,0
e2-blocking-100,binary,100,bot_40,3991,b,28,50.54,25,137.06,194,56.94,0
e2-blocking-100,binary,100,bot_40,3991,b,30,42.36,25,141.89,179,37.11,0
e2-blocking-100,binary,100,bot_40,3991,b,32,53.96,25,174.12,209,34.88,0
e2-blocking-100,binary,100,bot_40,3991,b,34,32.06,25,184.37,217,32.63,0
e2-blocking-100,binary,100,bot_40,3991,b,36,30.87,25,202.59,234,31.41,0
e2-blocking-100,binary,100,bot_40,3991,b,38,21.77,25,222.78,252,29.22,0
e2-blocking-100,binary,100,bot_40,3991,b,40,111.38,25,231.11,244,12.89,0
e2-blocking-100,binary,100,bot_40,3991,b,42,86.08,25,160.95,256,95.05,0
e2-blocking-100,binary,100,bot_40,3991,b,44,87.3,25,176,270,94,0
e2-blocking-100,binary,100,bot_40,3991,b,46,78.06,25,178.6,261,82.4,0
e2-blocking-100,binary,100,bot_40,3991,b,48,72.88,25,205.76,294,88.24,0
e2-blocking-100,binary,100,bot_40,3991,b,50,66.73,25,232.37,313,80.63,0
e2-blocking-100,binary,100,bot_40,3991,b,52,67.14,25,229.3,301,71.7,0
e2-blocking-100,binary,100,bot_40,3991,b,54,53.36,25,236.05,300,63.95,0
e2-blocking-100,binary,100,bot_40,3991,b,56,60.87,25,259.72,300,40.28,0
e2-blocking-100,binary,100,bot_40,3991,b,58,38.38,25,268.07,313,44.93,0
e2-blocking-100,binary,100,bot_40,3991,b,60,26.94,25,267.14,293,25.86,0
e2-blocking-100,binary,100,bot_41,3992,w,1,0.61,25,50.89,61,10.11,0
e2-blocking-100,binary,100,bot_41,3992,w,3,13.29,25,87.91,94,6.09,0
e2-blocking-100,binary,100,bot_41,3992,w,5,12.97,25,74.46,78,3.54,0
e2-blocking-100,binary,100,bot_41,3992,w,7,11.03,25,58.61,70,11.39,0
e2-blocking-100,binary,100,bot_41,3992,w,9,8.31,25,72.43,81,8.57,0
e2-blocking-100,binary,100,bot_41,3992,w,11,41.39,25,86.49,93,6.51,0
e2-blocking-100,binary,100,bot_41,3992,w,13,17.5,25,80.9,100,19.1,0
e2-blocking-100,binary,100,bot_41,3992,w,15,15.32,25,75.94,92,16.06,0
e2-blocking-100,binary,100,bot_41,3992,w,17,11.44,25,90.2,116,25.8,0
e2-blocking-100,binary,100,bot_41,3992,w,19,71.27,25,109,124,15,0
e2-blocking-100,binary,100,bot_41,3992,w,21,49.83,25,90.4,147,56.6,0
e2-blocking-100,binary,100,bot_41,3992,w,23,64.09,25,106.13,145,38.87,0
e2-blocking-100,binary,100,bot_41,3992,w,25,59.14,25,120.32,172,51.68,0
e2-blocking-100,binary,100,bot_41,3992,w,27,56.01,25,141.11,186,44.89,0
e2-blocking-100,binary,100,bot_41,3992,w,29,37.28,25,149.79,192,42.21,0
e2-blocking-100,binary,100,bot_41,3992,w,31,34.12,25,157.18,194,36.82,0
e2-blocking-100,binary,100,bot_41,3992,w,33,30.3,25,167.56,214,46.44,0
e2-blocking-100,binary,100,bot_41,3992,w,35,28.18,25,182.89,207,24.11,0
e2-blocking-100,binary,100,bot_41,3992,w,37,25.42,25,185.66,211,25.34,0
e2-blocking-100,binary,100,bot_41,3992,w,39,101.43,25,136.99,236,99.01,0
e2-blocking-100,binary,100,bot_41,3992,w,41,91.28,25,158.28,244,85.72,0
e2-blocking-100,binary,100,bot_41,3992,w,43,91.46,25,173.83,251,77.17,0
e2-blocking-100,binary,100,bot_41,3992,w,45,80.03,25,185.65,263,77.35,0
e2-blocking-100,binary,100,bot_41,3992,w,47,83.88,25,198.47,269,70.53,0
e2-blocking-100,binary,100,bot_41,3992,w,49,78.96,25,204.7,269,64.3,0
e2-blocking-100,binary,100,bot_41,3992,w,51,69.95,25,211.76,271,59.24,0
e2-blocking-100,binary,100,bot_41,3992,w,53,59.43,25,221.3,281,59.7,0
e2-blocking-100,binary,100,bot_41,3992,w,55,51.35,25,220.66,267,46.34,0
e2-blocking-100,binary,100,bot_41,3992,w,57,54.54,25,246.19,283,36.81,0
e2-blocking-100,binary,100,bot_41,3992,w,59,38.04,25,259.43,276,16.57,0
e2-blocking-100,binary,100,bot_42,3992,b,2,7.86,25,77.54,76,-1.54,0
e2-blocking-100,binary,100,bot_42,3992,b,4,5.97,25,60.07,71,10.93,0
e2-blocking-100,binary,100,bot_42,3992,b,6,12.55,25,67.43,79,11.57,0
e2-blocking-100,binary,100,bot_42,3992,b,8,10.71,25,70.55,78,7.45,0
e2-blocking-100,binary,100,bot_42,3992,b,10,9.02,25,86.67,92,5.33,0
e2-blocking-100,binary,100,bot_42,3992,b,12,20.96,25,62.02,102,39.98,0
e2-blocking-100,binary,100,bot_42,3992,b,14,18.81,25,85.8,102,16.2,0
e2-blocking-100,binary,100,bot_42,3992,b,16,27.32,25,110.99,125,14.01,0
e2-blocking-100,binary,100,bot_42,3992,b,18,17.3,25,103.53,113,9.47,0
e2-blocking-100,binary,100,bot_42,3992,b,20,60.03,25,84.29,154,69.71,0
e2-blocking-100,binary,100,bot_42,3992,b,22,42.87,25,65.63,115,49.37,0
e2-blocking-100,binary,100,bot_42,3992,b,24,53.66,25,101.95,164,62.05,0
e2-blocking-100,binary,100,bot_42,3992,b,26,47.37,25,132.72,189,56.28,0
e2-blocking-100,binary,100,bot_42,3992,b,28,45.83,25,142.34,196,53.66,0
e2-blocking-100,binary,100,bot_42,3992,b,30,39.02,25,145.37,181,35.63,0
e2-blocking-100,binary,100,bot_42,3992,b,32,48.81,25,179.27,211,31.73,0
e2-blocking-100,binary,100,bot_42,3992,b,34,26.51,25,189.69,219,29.31,0
e2-blocking-100,binary,100,bot_42,3992,b,36,26.5,25,207.5,233,25.5,0
e2-blocking-100,binary,100,bot_42,3992,b,38,103.56,25,226.93,249,22.07,0
e2-blocking-100,binary,100,bot_42,3992,b,40,89.99,25,147.38,245,97.62,0
e2-blocking-100,binary,100,bot_42,3992,b,42,80.93,25,165.97,253,87.03,0
e2-blocking-100,binary,100,bot_42,3992,b,44,81.26,25,182.16,270,87.84,0
e2-blocking-100,binary,100,bot_42,3992,b,46,74.86,25,181.93,257,75.07,0
e2-blocking-100,binary,100,bot_42,3992,b,48,68.13,25,210.4,290,79.6,0
e2-blocking-100,binary,100,bot_42,3992,b,50,62.85,25,235.97,311,75.03,0
e2-blocking-100,binary,100,bot_42,3992,b,52,63.37,25,232.83,298,65.17,0
e2-blocking-100,binary,100,bot_42,3992,b,54,50.47,25,238.91,294,55.09,0
e2-blocking-100,binary,100,bot_42,3992,b,56,54.9,25,265.43,300,34.57,0
e2-blocking-100,binary,100,bot_42,3992,b,58,33.77,25,271.92,309,37.08,0
e2-blocking-100,binary,100,bot_42,3992,b,60,22.42,25,271.53,293,21.47,0
e2-blocking-100,binary,100,bot_43,3993,w,1,6.79,25,75.59,75,-0.59,0
e2-blocking-100,binary,100,bot_43,3993,w,3,4.96,25,61.12,69,7.88,0
e2-blocking-100,binary,100,bot_43,3993,w,5,10.54,25,69.4,80,10.6,0
e2-blocking-100,binary,100,bot_43,3993,w,7,8.77,25,72.42,79,6.58,0
e2-blocking-100,binary,100,bot_43,3993,w,9,24.97,25,88.87,94,5.13,0
e2-blocking-100,binary,100,bot_43,3993,w,11,19.31,25,63.37,98,34.63,0
e2-blocking-100,binary,100,bot_43,3993,w,13,16.78,25,87.61,102,14.39,0
e2-blocking-100,binary,100,bot_43,3993,w,15,24.68,25,113.38,125,11.62,0
e2-blocking-100,binary,100,bot_43,3993,w,17,15.25,25,105.75,114,8.25,0
e2-blocking-100,binary,100,bot_43,3993,w,19,57.84,25,86.43,156,69.57,0
e2-blocking-100,binary,100,bot_43,3993,w,21,42.15,25,66.82,112,45.18,0
e2-blocking-100,binary,100,bot_43,3993,w,23,51.72,25,103.57,164,60.43,0
e2-blocking-100,binary,100,bot_43,3993,w,25,45.74,25,134.41,188,53.59,0
e2-blocking-100,binary,100,bot_43,3993,w,27,42.24,25,145.76,195,49.24,0
e2-blocking-100,binary,100,bot_43,3993,w,29,36.43,25,147.67,178,30.33,0
e2-blocking-100,binary,100,bot_43,3993,w,31,46.5,25,181.35,210,28.65,0
e2-blocking-100,binary,100,bot_43,3993,w,33,23.18,25,193.05,218,24.95,0
e2-blocking-100,binary,100,bot_43,3993,w,35,23.75,25,210.46,232,21.54,0
e2-blocking-100,binary,100,bot_43,3993,w,37,103.04,25,227.16,245,17.84,0
e2-blocking-100,binary,100,bot_43,3993,w,39,85.56,25,152.01,246,93.99,0
e2-blocking-100,binary,100,bot_43,3993,w,41,77.46,25,169.66,255,85.34,0
e2-blocking-100,binary,100,bot_43,3993,w,43,77.93,25,185.3,270,84.7,0
e2-blocking-100,binary,100,bot_43,3993,w,45,72.73,25,184.09,256,71.91,0
e2-blocking-100,binary,100,bot_43,3993,w,47,65.39,25,213.07,290,76.93,0
e2-blocking-100,binary,100,bot_43,3993,w,49,60.55,25,238.29,312,73.71,0
e2-blocking-100,binary,100,bot_43,3993,w,51,60.76,25,235.82,300,64.18,0
e2-blocking-100,binary,100,bot_43,3993,w,53,48.56,25,240.74,293,52.26,0
e2-blocking-100,binary,100,bot_43,3993,w,55,53.25,25,267.22,299,31.78,0
e2-blocking-100,binary,100,bot_43,3993,w,57,31.94,25,273.73,309,35.27,0
e2-blocking-100,binary,100,bot_43,3993,w,59,20.26,25,274.04,294,19.96,0
e2-blocking-100,binary,100,bot_44,3993,b,2,11.3,25,90.01,96,5.99,0
e2-blocking-100,binary,100,bot_44,3993,b,4,11.48,25,76.27,79,2.73,0
e2-blocking-100,binary,100,bot_44,3993,b,6,9.31,25,60.27,70,9.73,0
e2-blocking-100,binary,100,bot_44,3993,b,8,6.44,25,74.17,81,6.83,0
e2-blocking-100,binary,100,bot_44,3993,b,10,35.95,25,73.08,96,22.92,0
e2-blocking-100,binary,100,bot_44,3993,b,12,16.18,25,81.92,99,17.08,0
e2-blocking-100,binary,100,bot_44,3993,b,14,14.09,25,76.95,91,14.05,0
e2-blocking-100,binary,100,bot_44,3993,b,16,10.77,25,90.95,114,23.05,0
e2-blocking-100,binary,100,bot_44,3993,b,18,70.94,25,109.47,124,14.53,0
e2-blocking-100,binary,100,bot_44,3993,b,20,46.66,25,93.04,151,57.96,0
e2-blocking-100,binary,100,bot_44,3993,b,22,61.42,25,108.47,147,38.53,0
e2-blocking-100,binary,100,bot_44,3993,b,24,56.21,25,123.06,174,50.94,0
e2-blocking-100,binary,100,bot_44,3993,b,26,51.8,25,145.43,190,44.57,0
e2-blocking-100,binary,100,bot_44,3993,b,28,32.47,25,154.2,195,40.8,0
e2-blocking-100,binary,100,bot_44,3993,b,30,31.29,25,159.69,195,35.31,0
e2-blocking-100,binary,100,bot_44,3993,b,32,27,25,171.19,216,44.81,0
e2-blocking-100,binary,100,bot_44,3993,b,34,24.57,25,186.44,208,21.56,0
e2-blocking-100,binary,100,bot_44,3993,b,36,22.59,25,188.94,210,21.06,0
e2-blocking-100,binary,100,bot_44,3993,b,38,98.72,25,139.88,239,99.12,0
e2-blocking-100,binary,100,bot_44,3993,b,40,89.19,25,160.26,243,82.74,0
e2-blocking-100,binary,100,bot_44,3993,b,42,89.07,25,176.4,250,73.6,0
e2-blocking-100,binary,100,bot_44,3993,b,44,77.03,25,188.48,262,73.52,0
e2-blocking-100,binary,100,bot_44,3993,b,46,80.54,25,201.72,270,68.28,0
e2-blocking-100,binary,100,bot_44,3993,b,48,76.82,25,206.87,268,61.13,0
e2-blocking-100,binary,100,bot_44,3993,b,50,67.75,25,214.08,270,55.92,0
e2-blocking-100,binary,100,bot_44,3993,b,52,56.73,25,224.18,281,56.82,0
e2-blocking-100,binary,100,bot_44,3993,b,54,48.51,25,223.73,268,44.27,0
e2-blocking-100,binary,100,bot_44,3993,b,56,52.42,25,248.55,285,36.45,0
e2-blocking-100,binary,100,bot_44,3993,b,58,37.1,25,260.77,276,15.23,0
e2-blocking-100,binary,100,bot_44,3993,b,60,123.85,25,231.61,235,3.39,0
e2-blocking-100,binary,100,bot_45,3994,w,1,2.3,25,56.42,58,1.58,0
e2-blocking-100,binary,100,bot_45,3994,w,3,10.37,25,61.61,67,5.39,0
e2-blocking-100,binary,100,bot_45,3994,w,5,9.31,25,70.53,78,7.47,0
e2-blocking-100,binary,100,bot_45,3994,w,7,6.53,25,74.82,81,6.18,0
e2-blocking-100,binary,100,bot_45,3994,w,9,15.69,25,65.9,103,37.1,0
e2-blocking-100,binary,100,bot_45,3994,w,11,17.82,25,65.43,98,32.57,0
e2-blocking-100,binary,100,bot_45,3994,w,13,14.56,25,90.04,103,12.96,0
e2-blocking-100,binary,100,bot_45,3994,w,15,22.06,25,116.09,125,8.91,0
e2-blocking-100,binary,100,bot_45,3994,w,17,60.78,25,109.49,117,7.51,0
e2-blocking-100,binary,100,bot_45,3994,w,19,51.43,25,92.77,153,60.23,0
e2-blocking-100,binary,100,bot_45,3994,w,21,34.05,25,75.57,112,36.43,0
e2-blocking-100,binary,100,bot_45,3994,w,23,44.72,25,111.42,163,51.58,0
e2-blocking-100,binary,100,bot_45,3994,w,25,36.28,25,143.65,189,45.35,0
e2-blocking-100,binary,100,bot_45,3994,w,27,32.5,25,155.88,196,40.12,0
e2-blocking-100,binary,100,bot_45,3994,w,29,26.73,25,157.53,181,23.47,0
e2-blocking-100,binary,100,bot_45,3994,w,31,36.82,25,191.59,212,20.41,0
e2-blocking-100,binary,100,bot_45,3994,w,33,14.3,25,201.54,220,18.46,0
e2-blocking-100,binary,100,bot_45,3994,w,35,66.7,25,142.53,250,107.47,0
e2-blocking-100,binary,100,bot_45,3994,w,37,47.6,25,185.83,266,80.17,0
e2-blocking-100,binary,100,bot_45,3994,w,39,44.31,25,193.27,228,34.73,0
e2-blocking-100,binary,100,bot_45,3994,w,41,33.75,25,213.28,239,25.72,0
e2-blocking-100,binary,100,bot_45,3994,w,43,34.73,25,228.03,254,25.97,0
e2-blocking-100,binary,100,bot_45,3994,w,45,26.74,25,231.12,244,12.88,0
e2-blocking-100,binary,100,bot_45,3994,w,47,21.73,25,255.88,269,13.12,0
e2-blocking-100,binary,100,bot_45,3994,w,49,16.25,25,282.73,289,6.27,0
e2-blocking-100,binary,100,bot_45,3994,w,51,154.52,25,283.21,285,1.79,0
e2-blocking-100,binary,100,bot_45,3994,w,53,136.62,25,135.03,270,134.97,0
e2-blocking-100,binary,100,bot_45,3994,w,55,91,25,169.1,303,133.9,0
e2-blocking-100,binary,100,bot_45,3994,w,57,86.15,25,202.87,285,82.13,0
e2-blocking-100,binary,100,bot_45,3994,w,59,74.07,25,173.95,249,75.05,0
e2-blocking-100,binary,100,bot_46,3994,b,2,9.39,25,87.76,89,1.24,0
e2-blocking-100,binary,100,bot_46,3994,b,4,10.13,25,71.11,80,8.89,0
e2-blocking-100,binary,100,bot_46,3994,b,6,8.2,25,61.63,70,8.37,0
e2-blocking-100,binary,100,bot_46,3994,b,8,38.2,25,75.46,80,4.54,0
e2-blocking-100,binary,100,bot_46,3994,b,10,34.22,25,74.18,87,12.82,0
e2-blocking-100,binary,100,bot_46,3994,b,12,14.39,25,83.94,98,14.06,0
e2-blocking-100,binary,100,bot_46,3994,b,14,11.86,25,79.42,92,12.58,0
e2-blocking-100,binary,100,bot_46,3994,b,16,9.6,25,92.38,113,20.62,0
e2-blocking-100,binary,100,bot_46,3994,b,18,62.31,25,70.71,129,58.29,0
e2-blocking-100,binary,100,bot_46,3994,b,20,38.69,25,100.37,150,49.63,0
e2-blocking-100,binary,100,bot_46,3994,b,22,53.98,25,115.01,147,31.99,0
e2-blocking-100,binary,100,bot_46,3994,b,24,47.58,25,130.89,174,43.11,0
e2-blocking-100,binary,100,bot_46,3994,b,26,43.36,25,153.86,188,34.14,0
e2-blocking-100,binary,100,bot_46,3994,b,28,24.77,25,162.08,191,28.92,0
e2-blocking-100,binary,100,bot_46,3994,b,30,23.31,25,168.16,193,24.84,0
e2-blocking-100,binary,100,bot_46,3994,b,32,19.94,25,178.33,213,34.67,0
e2-blocking-100,binary,100,bot_46,3994,b,34,110.68,25,195.2,207,11.8,0
e2-blocking-100,binary,100,bot_46,3994,b,36,95.15,25,148.21,212,63.79,0
e2-blocking-100,binary,100,bot_46,3994,b,38,51.33,25,187.15,219,31.85,0
e2-blocking-100,binary,100,bot_46,3994,b,40,41.36,25,208.29,237,28.71,0
e2-blocking-100,binary,100,bot_46,3994,b,42,41.66,25,224.18,241,16.82,0
e2-blocking-100,binary,100,bot_46,3994,b,44,28.62,25,235.49,254,18.51,0
e2-blocking-100,binary,100,bot_46,3994,b,46,29.81,25,253.43,264,10.57,0
e2-blocking-100,binary,100,bot_46,3994,b,48,22.88,25,261.12,267,5.88,0
e2-blocking-100,binary,100,bot_46,3994,b,50,16.6,25,265.27,265,-0.27,0
e2-blocking-100,binary,100,bot_46,3994,b,52,150.79,25,144.52,283,138.48,0
e2-blocking-100,binary,100,bot_46,3994,b,54,157.99,25,144.15,265,120.85,0
e2-blocking-100,binary,100,bot_46,3994,b,56,107.08,25,213.79,281,67.21,0
e2-blocking-100,binary,100,bot_46,3994,b,58,100.3,25,217.59,279,61.41,0
e2-blocking-100,binary,100,bot_46,3994,b,60,88.47,25,178.54,229,50.46,0
e2-blocking-100,binary,100,bot_47,3995,w,1,5.92,25,90.62,81,-9.62,0
e2-blocking-100,binary,100,bot_47,3995,w,3,8.9,25,72.77,72,-0.77,0
e2-blocking-100,binary,100,bot_47,3995,w,5,17.6,25,66.07,62,-4.07,0
e2-blocking-100,binary,100,bot_47,3995,w,7,28.81,25,64.11,72,7.89,0
e2-blocking-100,binary,100,bot_47,3995,w,9,27.75,25,80.5,82,1.5,0
e2-blocking-100,binary,100,bot_47,3995,w,11,11.05,25,86.64,86,-0.64,0
e2-blocking-100,binary,100,bot_47,3995,w,13,7.15,25,84.46,83,-1.46,0
e2-blocking-100,binary,100,bot_47,3995,w,15,43.44,25,73.38,108,34.63,0
e2-blocking-100,binary,100,bot_47,3995,w,17,56,25,76.43,105,28.57,0
e2-blocking-100,binary,100,bot_47,3995,w,19,33.97,25,104.47,138,33.53,0
e2-blocking-100,binary,100,bot_47,3995,w,21,52.36,25,116.77,139,22.23,0
e2-blocking-100,binary,100,bot_47,3995,w,23,45.67,25,132.53,164,31.47,0
e2-blocking-100,binary,100,bot_47,3995,w,25,41.28,25,156.1,179,22.9,0
e2-blocking-100,binary,100,bot_47,3995,w,27,23.19,25,163.4,182,18.6,0
e2-blocking-100,binary,100,bot_47,3995,w,29,20.95,25,170.17,182,11.83,0
e2-blocking-100,binary,100,bot_47,3995,w,31,17.57,25,180.37,198,17.63,0
e2-blocking-100,binary,100,bot_47,3995,w,33,91.12,25,136.91,213,76.09,0
e2-blocking-100,binary,100,bot_47,3995,w,35,91.33,25,151.44,204,52.56,0
e2-blocking-100,binary,100,bot_47,3995,w,37,54.05,25,184.3,210,25.7,0
e2-blocking-100,binary,100,bot_47,3995,w,39,44.3,25,204.96,227,22.04,0
e2-blocking-100,binary,100,bot_47,3995,w,41,44.54,25,221.29,233,11.71,0
e2-blocking-100,binary,100,bot_47,3995,w,43,31.49,25,232.76,246,13.24,0
e2-blocking-100,binary,100,bot_47,3995,w,45,32.55,25,250.47,256,5.53,0
e2-blocking-100,binary,100,bot_47,3995,w,47,25.93,25,258.2,258,-0.2,0
e2-blocking-100,binary,100,bot_47,3995,w,49,21.22,25,260.67,255,-5.67,0
e2-blocking-100,binary,100,bot_47,3995,w,51,169.13,25,267.13,258,-9.13,0
e2-blocking-100,binary,100,bot_47,3995,w,53,160.31,25,141.95,256,114.05,0
e2-blocking-100,binary,100,bot_47,3995,w,55,109.2,25,211.57,275,63.43,0
e2-blocking-100,binary,100,bot_47,3995,w,57,102.73,25,215.04,272,56.96,0
e2-blocking-100,binary,100,bot_47,3995,w,59,91.19,25,175.99,222,46.01,0
e2-blocking-100,binary,100,bot_48,3995,b,2,9.96,25,61.93,66,4.07,0
e2-blocking-100,binary,100,bot_48,3995,b,4,7.3,25,72.61,79,6.39,0
e2-blocking-100,binary,100,bot_48,3995,b,6,18.66,25,69.58,85,15.42,0
e2-blocking-100,binary,100,bot_48,3995,b,8,12.82,25,68.7,96,27.3,0
e2-blocking-100,binary,100,bot_48,3995,b,10,12.09,25,71.82,97,25.18,0
e2-blocking-100,binary,100,bot_48,3995,b,12,10.16,25,94.25,104,9.75,0
e2-blocking-100,binary,100,bot_48,3995,b,14,45.3,25,123.83,128,4.17,0
e2-blocking-100,binary,100,bot_48,3995,b,16,40.7,25,83.18,125,41.82,0
e2-blocking-100,binary,100,bot_48,3995,b,18,44.22,25,100.63,154,53.37,0
e2-blocking-100,binary,100,bot_48,3995,b,20,33.18,25,76.52,109,32.48,0
e2-blocking-100,binary,100,bot_48,3995,b,22,42.11,25,113.73,164,50.27,0
e2-blocking-100,binary,100,bot_48,3995,b,24,34.02,25,146.19,190,43.81,0
e2-blocking-100,binary,100,bot_48,3995,b,26,29.7,25,158.45,197,38.55,0
e2-blocking-100,binary,100,bot_48,3995,b,28,23.26,25,161.15,183,21.85,0
e2-blocking-100,binary,100,bot_48,3995,b,30,29.51,25,198.79,218,19.21,0
e2-blocking-100,binary,100,bot_48,3995,b,32,88.23,25,205.25,221,15.75,0
e2-blocking-100,binary,100,bot_48,3995,b,34,63.39,25,145.35,235,89.65,0
e2-blocking-100,binary,100,bot_48,3995,b,36,49.13,25,185,260,75,0
e2-blocking-100,binary,100,bot_48,3995,b,38,45.81,25,191.82,231,39.18,0
e2-blocking-100,binary,100,bot_48,3995,b,40,35.63,25,211.43,241,29.57,0
e2-blocking-100,binary,100,bot_48,3995,b,42,36.5,25,226.06,255,28.94,0
e2-blocking-100,binary,100,bot_48,3995,b,44,28.48,25,229.22,245,15.78,0
e2-blocking-100,binary,100,bot_48,3995,b,46,23.96,25,253.67,270,16.33,0
e2-blocking-100,binary,100,bot_48,3995,b,48,17.6,25,281.48,291,9.52,0
e2-blocking-100,binary,100,bot_48,3995,b,50,14.33,25,282.17,288,5.83,0
e2-blocking-100,binary,100,bot_48,3995,b,52,137.69,25,134.69,290,155.31,0
e2-blocking-100,binary,100,bot_48,3995,b,54,92.14,25,168.4,303,134.6,0
e2-blocking-100,binary,100,bot_48,3995,b,56,87.13,25,201.92,286,84.08,0
e2-blocking-100,binary,100,bot_48,3995,b,58,74.87,25,173.39,251,77.61,0
e2-blocking-100,binary,100,bot_48,3995,b,60,66.31,25,166.27,233,66.73,0
e2-blocking-100,binary,100,bot_49,3996,w,1,10.48,25,67.6,81,13.4,0
e2-blocking-100,binary,100,bot_49,3996,w,3,19.48,25,74.37,82,7.63,0
e2-blocking-100,binary,100,bot_49,3996,w,5,5.46,25,61.07,75,13.93,0
e2-blocking-100,binary,100,bot_49,3996,w,7,15.02,25,77.82,90,12.18,0
e2-blocking-100,binary,100,bot_49,3996,w,9,10.37,25,97.63,105,7.37,0
e2-blocking-100,binary,100,bot_49,3996,w,11,34.91,25,68.41,101,32.59,0
e2-blocking-100,binary,100,bot_49,3996,w,13,40.09,25,77.42,101,23.58,0
e2-blocking-100,binary,100,bot_49,3996,w,15,35.76,25,81.5,101,19.5,0
e2-blocking-100,binary,100,bot_49,3996,w,17,41.79,25,91.64,119,27.36,0
e2-blocking-100,binary,100,bot_49,3996,w,19,23.89,25,113.53,145,31.47,0
e2-blocking-100,binary,100,bot_49,3996,w,21,35.56,25,132.78,158,25.22,0
e2-blocking-100,binary,100,bot_49,3996,w,23,30.36,25,147.87,173,25.13,0
e2-blocking-100,binary,100,bot_49,3996,w,25,22.98,25,174.35,190,15.65,0
e2-blocking-100,binary,100,bot_49,3996,w,27,87.44,25,104.92,202,97.08,0
e2-blocking-100,binary,100,bot_49,3996,w,29,84.33,25,114.12,189,74.88,0
e2-blocking-100,binary,100,bot_49,3996,w,31,78.55,25,127.67,197,69.33,0
e2-blocking-100,binary,100,bot_49,3996,w,33,77.12,25,150.49,212,61.51,0
e2-blocking-100,binary,100,bot_49,3996,w,35,74.29,25,167.45,215,47.55,0
e2-blocking-100,binary,100,bot_49,3996,w,37,48.4,25,190.33,218,27.67,0
e2-blocking-100,binary,100,bot_49,3996,w,39,39.36,25,210.27,238,27.73,0
e2-blocking-100,binary,100,bot_49,3996,w,41,39.11,25,226.56,243,16.44,0
e2-blocking-100,binary,100,bot_49,3996,w,43,25.83,25,238.19,257,18.81,0
e2-blocking-100,binary,100,bot_49,3996,w,45,26.77,25,256.71,267,10.29,0
e2-blocking-100,binary,100,bot_49,3996,w,47,19.96,25,264.16,269,4.84,0
e2-blocking-100,binary,100,bot_49,3996,w,49,167.57,25,268.22,267,-1.22,0
e2-blocking-100,binary,100,bot_49,3996,w,51,146.15,25,149.44,276,126.56,0
e2-blocking-100,binary,100,bot_49,3996,w,53,153.34,25,149.26,269,119.74,0
e2-blocking-100,binary,100,bot_49,3996,w,55,102.43,25,218.99,284,65.01,0
e2-blocking-100,binary,100,bot_49,3996,w,57,93.86,25,223.83,282,58.17,0
e2-blocking-100,binary,100,bot_49,3996,w,59,81.07,25,186.4,235,48.6,0
e2-blocking-100,binary,100,bot_50,3996,b,2,10.29,25,56.09,62,5.91,0
e2-blocking-100,binary,100,bot_50,3996,b,4,15.63,25,61.57,77,15.43,0
e2-blocking-100,binary,100,bot_50,3996,b,6,13.25,25,74.66,77,2.34,0
e2-blocking-100,binary,100,bot_50,3996,b,8,8.92,25,72.88,84,11.12,0
e2-blocking-100,binary,100,bot_50,3996,b,10,35.03,25,78.91,86,7.09,0
e2-blocking-100,binary,100,bot_50,3996,b,12,24.73,25,71.84,103,31.16,0
e2-blocking-100,binary,100,bot_50,3996,b,14,22.54,25,94.7,132,37.3,0
e2-blocking-100,binary,100,bot_50,3996,b,16,29.1,25,93.68,127,33.32,0
e2-blocking-100,binary,100,bot_50,3996,b,18,33.24,25,112.39,151,38.61,0
e2-blocking-100,binary,100,bot_50,3996,b,20,26.85,25,84.57,105,20.43,0
e2-blocking-100,binary,100,bot_50,3996,b,22,26.87,25,128.67,162,33.33,0
e2-blocking-100,binary,100,bot_50,3996,b,24,18.33,25,161.98,190,28.02,0
e2-blocking-100,binary,100,bot_50,3996,b,26,98.61,25,174.55,195,20.45,0
e2-blocking-100,binary,100,bot_50,3996,b,28,76.89,25,100.27,184,83.73,0
e2-blocking-100,binary,100,bot_50,3996,b,30,71.63,25,150.38,231,80.62,0
e2-blocking-100,binary,100,bot_50,3996,b,32,64.41,25,137.07,213,75.93,0
e2-blocking-100,binary,100,bot_50,3996,b,34,49.9,25,157.75,232,74.25,0
e2-blocking-100,binary,100,bot_50,3996,b,36,45.12,25,188.29,247,58.71,0
e2-blocking-100,binary,100,bot_50,3996,b,38,43.82,25,193.46,224,30.54,0
e2-blocking-100,binary,100,bot_50,3996,b,40,32.13,25,214.7,237,22.3,0
e2-blocking-100,binary,100,bot_50,3996,b,42,33.08,25,229.44,252,22.56,0
e2-blocking-100,binary,100,bot_50,3996,b,44,25.46,25,232.66,241,8.34,0
e2-blocking-100,binary,100,bot_50,3996,b,46,20.47,25,257.08,267,9.92,0
e2-blocking-100,binary,100,bot_50,3996,b,48,15.16,25,283.69,287,3.31,0
e2-blocking-100,binary,100,bot_50,3996,b,50,141.46,25,143.03,294,150.97,0
e2-blocking-100,binary,100,bot_50,3996,b,52,135.28,25,136.46,264,127.54,0
e2-blocking-100,binary,100,bot_50,3996,b,54,89.59,25,170.1,299,128.9,0
e2-blocking-100,binary,100,bot_50,3996,b,56,83.25,25,206.18,282,75.82,0
e2-blocking-100,binary,100,bot_50,3996,b,58,72.37,25,175.5,243,67.5,0
e2-blocking-100,binary,100,bot_50,3996,b,60,63.69,25,168.03,224,55.97,0
e2-blocking-100,binary,100,bot_51,3997,w,1,4.72,25,54.31,69,14.69,0
e2-blocking-100,binary,100,bot_51,3997,w,3,8.15,25,71.65,79,7.35,0
e2-blocking-100,binary,100,bot_51,3997,w,5,25.48,25,76.37,82,5.63,0
e2-blocking-100,binary,100,bot_51,3997,w,7,14.54,25,67.11,98,30.89,0
e2-blocking-100,binary,100,bot_51,3997,w,9,14.22,25,69.06,101,31.94,0
e2-blocking-100,binary,100,bot_51,3997,w,11,13.01,25,91.45,103,11.55,0
e2-blocking-100,binary,100,bot_51,3997,w,13,17.33,25,120.55,128,7.45,0
e2-blocking-100,binary,100,bot_51,3997,w,15,44.01,25,80.57,132,51.43,0
e2-blocking-100,binary,100,bot_51,3997,w,17,47.33,25,97.2,154,56.8,0
e2-blocking-100,binary,100,bot_51,3997,w,19,33.1,25,76.74,113,36.26,0
e2-blocking-100,binary,100,bot_51,3997,w,21,40.39,25,115.72,164,48.28,0
e2-blocking-100,binary,100,bot_51,3997,w,23,31.54,25,148.68,193,44.32,0
e2-blocking-100,binary,100,bot_51,3997,w,25,26.21,25,162,201,39,0
e2-blocking-100,binary,100,bot_51,3997,w,27,19.93,25,164.48,184,19.52,0
e2-blocking-100,binary,100,bot_51,3997,w,29,24.16,25,204.38,223,18.62,0
e2-blocking-100,binary,100,bot_51,3997,w,31,75.83,25,126.03,233,106.97,0
e2-blocking-100,binary,100,bot_51,3997,w,33,59.45,25,149.32,238,88.68,0
e2-blocking-100,binary,100,bot_51,3997,w,35,41.53,25,191.78,267,75.22,0
e2-blocking-100,binary,100,bot_51,3997,w,37,39.57,25,197.41,229,31.59,0
e2-blocking-100,binary,100,bot_51,3997,w,39,29.15,25,217.66,239,21.34,0
e2-blocking-100,binary,100,bot_51,3997,w,41,30.71,25,232.02,254,21.98,0
e2-blocking-100,binary,100,bot_51,3997,w,43,23.18,25,235.01,243,7.99,0
e2-blocking-100,binary,100,bot_51,3997,w,45,18.51,25,258.98,268,9.02,0
e2-blocking-100,binary,100,bot_51,3997,w,47,142.6,25,286,289,3,0
e2-blocking-100,binary,100,bot_51,3997,w,49,137.1,25,146.41,283,136.59,0
e2-blocking-100,binary,100,bot_51,3997,w,51,133.46,25,138.36,265,126.64,0
e2-blocking-100,binary,100,bot_51,3997,w,53,85.19,25,174.25,300,125.75,0
e2-blocking-100,binary,100,bot_51,3997,w,55,77.87,25,211.22,284,72.78,0
e2-blocking-100,binary,100,bot_51,3997,w,57,70.07,25,177.99,242,64.01,0
e2-blocking-100,binary,100,bot_51,3997,w,59,58.16,25,173.36,223,49.64,0
e2-blocking-100,binary,100,bot_52,3997,b,2,7.69,25,72.95,69,-3.95,0
e2-blocking-100,binary,100,bot_52,3997,b,4,6.81,25,62.89,61,-1.89,0
e2-blocking-100,binary,100,bot_52,3997,b,6,31.43,25,62.3,76,13.7,0
e2-blocking-100,binary,100,bot_52,3997,b,8,32.74,25,75.57,79,3.43,0
e2-blocking-100,binary,100,bot_52,3997,b,10,12.74,25,85.05,87,1.95,0
e2-blocking-100,binary,100,bot_52,3997,b,12,9.47,25,81.82,84,2.18,0
e2-blocking-100,binary,100,bot_52,3997,b,14,52.24,25,95.43,101,5.57,0
e2-blocking-100,binary,100,bot_52,3997,b,16,59.2,25,73.1,106,32.9,0
e2-blocking-100,binary,100,bot_52,3997,b,18,38.46,25,99.95,136,36.05,0
e2-blocking-100,binary,100,bot_52,3997,b,20,50.06,25,119.26,142,22.74,0
e2-blocking-100,binary,100,bot_52,3997,b,22,45.69,25,132.75,162,29.25,0
e2-blocking-100,binary,100,bot_52,3997,b,24,39.29,25,157.89,179,21.11,0
e2-blocking-100,binary,100,bot_52,3997,b,26,21.2,25,165.51,180,14.49,0
e2-blocking-100,binary,100,bot_52,3997,b,28,20,25,171.05,181,9.95,0
e2-blocking-100,binary,100,bot_52,3997,b,30,107.34,25,182.47,195,12.53,0
e2-blocking-100,binary,100,bot_52,3997,b,32,89.55,25,138.25,203,64.75,0
e2-blocking-100,binary,100,bot_52,3997,b,34,91.18,25,152.62,202,49.38,0
e2-blocking-100,binary,100,bot_52,3997,b,36,46.75,25,191.77,211,19.23,0
e2-blocking-100,binary,100,bot_52,3997,b,38,36.88,25,212.77,229,16.23,0
e2-blocking-100,binary,100,bot_52,3997,b,40,37.1,25,228.5,234,5.5,0
e2-blocking-100,binary,100,bot_52,3997,b,42,23.99,25,240.12,248,7.88,0
e2-blocking-100,binary,100,bot_52,3997,b,44,25.4,25,257.91,258,0.09,0
e2-blocking-100,binary,100,bot_52,3997,b,46,17.92,25,266.26,262,-4.26,0
e2-blocking-100,binary,100,bot_52,3997,b,48,152.26,25,154.29,274,119.71,0
e2-blocking-100,binary,100,bot_52,3997,b,50,142.99,25,152.46,267,114.54,0
e2-blocking-100,binary,100,bot_52,3997,b,52,150.82,25,152.34,263,110.66,0
e2-blocking-100,binary,100,bot_52,3997,b,54,98.46,25,222.83,277,54.17,0
e2-blocking-100,binary,100,bot_52,3997,b,56,89.52,25,228.18,276,47.82,0
e2-blocking-100,binary,100,bot_52,3997,b,58,75.82,25,191.48,231,39.52,0
e2-blocking-100,binary,100,bot_52,3997,b,60,65.13,25,188.86,217,28.14,0
e2-blocking-100,binary,100,bot_53,3998,w,1,3.17,25,52.97,62,9.03,0
e2-blocking-100,binary,100,bot_53,3998,w,3,6.04,25,70.99,79,8.01,0
e2-blocking-100,binary,100,bot_53,3998,w,5,15.01,25,55.46,80,24.54,0
e2-blocking-100,binary,100,bot_53,3998,w,7,25.79,25,61.13,80,18.87,0
e2-blocking-100,binary,100,bot_53,3998,w,9,19.82,25,73.2,88,14.8,0
e2-blocking-100,binary,100,bot_53,3998,w,11,11.36,25,84.31,103,18.69,0
e2-blocking-100,binary,100,bot_53,3998,w,13,10.66,25,105.24,118,12.76,0
e2-blocking-100,binary,100,bot_53,3998,w,15,14.3,25,106.69,124,17.31,0
e2-blocking-100,binary,100,bot_53,3998,w,17,16.13,25,129.55,142,12.45,0
e2-blocking-100,binary,100,bot_53,3998,w,19,69.83,25,77.32,124,46.68,0
e2-blocking-100,binary,100,bot_53,3998,w,21,66.9,25,98.34,155,56.66,0
e2-blocking-100,binary,100,bot_53,3998,w,23,68.46,25,114.52,179,64.48,0
e2-blocking-100,binary,100,bot_53,3998,w,25,60.95,25,133.27,190,56.73,0
e2-blocking-100,binary,100,bot_53,3998,w,27,54.27,25,122.77,175,52.23,0
e2-blocking-100,binary,100,bot_53,3998,w,29,46.08,25,174.71,226,51.29,0
e2-blocking-100,binary,100,bot_53,3998,w,31,39.63,25,161.78,208,46.22,0
e2-blocking-100,binary,100,bot_53,3998,w,33,30.61,25,176.12,215,38.88,0
e2-blocking-100,binary,100,bot_53,3998,w,35,31.32,25,201.58,225,23.42,0
e2-blocking-100,binary,100,bot_53,3998,w,37,30.93,25,205.81,229,23.19,0
e2-blocking-100,binary,100,bot_53,3998,w,39,22.56,25,224.49,241,16.51,0
e2-blocking-100,binary,100,bot_53,3998,w,41,23.48,25,239.28,251,11.72,0
e2-blocking-100,binary,100,bot_53,3998,w,43,16.97,25,241.48,241,-0.48,0
e2-blocking-100,binary,100,bot_53,3998,w,45,146.57,25,264.91,265,0.09,0
e2-blocking-100,binary,100,bot_53,3998,w,47,123.77,25,140.05,282,141.95,0
e2-blocking-100,binary,100,bot_53,3998,w,49,128.63,25,155.22,280,124.78,0
e2-blocking-100,binary,100,bot_53,3998,w,51,127.48,25,143.65,263,119.35,0
e2-blocking-100,binary,100,bot_53,3998,w,53,75.33,25,183.42,295,111.58,0
e2-blocking-100,binary,100,bot_53,3998,w,55,72,25,216.86,275,58.14,0
e2-blocking-100,binary,100,bot_53,3998,w,57,61.53,25,186.35,229,42.65,0
e2-blocking-100,binary,100,bot_53,3998,w,59,45.93,25,184.18,213,28.82,0
e2-blocking-100,binary,100,bot_54,3998,b,2,10.22,25,80.17,82,1.83,0
e2-blocking-100,binary,100,bot_54,3998,b,4,27.19,25,74.08,79,4.92,0
e2-blocking-100,binary,100,bot_54,3998,b,6,21.19,25,80.69,93,12.31,0
e2-blocking-100,binary,100,bot_54,3998,b,8,16.16,25,83.19,107,23.81,0
e2-blocking-100,binary,100,bot_54,3998,b,10,21.04,25,80.42,99,18.58,0
e2-blocking-100,binary,100,bot_54,3998,b,12,15.71,25,102.47,111,8.53,0
e2-blocking-100,binary,100,bot_54,3998,b,14,19.88,25,98.97,108,9.03,0
e2-blocking-100,binary,100,bot_54,3998,b,16,15.46,25,120.42,134,13.58,0
e2-blocking-100,binary,100,bot_54,3998,b,18,50.3,25,126.87,142,15.13,0
e2-blocking-100,binary,100,bot_54,3998,b,20,59.36,25,99.66,167,67.34,0
e2-blocking-100,binary,100,bot_54,3998,b,22,67.83,25,115.25,180,64.75,0
e2-blocking-100,binary,100,bot_54,3998,b,24,58.97,25,132.97,200,67.03,0
e2-blocking-100,binary,100,bot_54,3998,b,26,54.31,25,137.04,196,58.96,0
e2-blocking-100,binary,100,bot_54,3998,b,28,54.5,25,144.76,197,52.24,0
e2-blocking-100,binary,100,bot_54,3998,b,30,47.69,25,159.58,202,42.42,0
e2-blocking-100,binary,100,bot_54,3998,b,32,41.87,25,186.67,225,38.33,0
e2-blocking-100,binary,100,bot_54,3998,b,34,38.75,25,201.03,230,28.97,0
e2-blocking-100,binary,100,bot_54,3998,b,36,39.59,25,198.92,214,15.08,0
e2-blocking-100,binary,100,bot_54,3998,b,38,33.74,25,216.2,230,13.8,0
e2-blocking-100,binary,100,bot_54,3998,b,40,29.87,25,236.07,243,6.93,0
e2-blocking-100,binary,100,bot_54,3998,b,42,16.49,25,246.91,255,8.09,0
e2-blocking-100,binary,100,bot_54,3998,b,44,18.01,25,265.36,267,1.64,0
e2-blocking-100,binary,100,bot_54,3998,b,46,160.37,25,155.23,286,130.77,0
e2-blocking-100,binary,100,bot_54,3998,b,48,141.6,25,164.97,272,107.03,0
e2-blocking-100,binary,100,bot_54,3998,b,50,135.58,25,159.83,271,111.17,0
e2-blocking-100,binary,100,bot_54,3998,b,52,138.17,25,166.04,277,110.96,0
e2-blocking-100,binary,100,bot_54,3998,b,54,83.38,25,238.06,287,48.94,0
e2-blocking-100,binary,100,bot_54,3998,b,56,69.11,25,249.38,295,45.63,0
e2-blocking-100,binary,100,bot_54,3998,b,58,55.11,25,212.37,249,36.63,0
e2-blocking-100,binary,100,bot_54,3998,b,60,46.77,25,208.38,230,21.63,0
e2-blocking-100,binary,100,bot_55,3999,w,1,11.64,25,78.72,78,-0.72,0
e2-blocking-100,binary,100,bot_55,3999,w,3,4.95,25,72.68,75,2.32,0
e2-blocking-100,binary,100,bot_55,3999,w,5,22.68,25,79.81,96,16.19,0
e2-blocking-100,binary,100,bot_55,3999,w,7,17.77,25,81.62,104,22.38,0
e2-blocking-100,binary,100,bot_55,3999,w,9,22.61,25,79.23,97,17.77,0
e2-blocking-100,binary,100,bot_55,3999,w,11,18.11,25,100.07,108,7.93,0
e2-blocking-100,binary,100,bot_55,3999,w,13,22.87,25,95.6,102,6.4,0
e2-blocking-100,binary,100,bot_55,3999,w,15,18.62,25,116.24,128,11.76,0
e2-blocking-100,binary,100,bot_55,3999,w,17,10.37,25,124.57,137,12.43,0
e2-blocking-100,binary,100,bot_55,3999,w,19,65.78,25,93.93,179,85.07,0
e2-blocking-100,binary,100,bot_55,3999,w,21,72.03,25,110.79,176,65.21,0
e2-blocking-100,binary,100,bot_55,3999,w,23,63.88,25,127.85,196,68.15,0
e2-blocking-100,binary,100,bot_55,3999,w,25,58.8,25,132.74,193,60.26,0
e2-blocking-100,binary,100,bot_55,3999,w,27,57.4,25,141.29,195,53.71,0
e2-blocking-100,binary,100,bot_55,3999,w,29,50.32,25,156.86,198,41.14,0
e2-blocking-100,binary,100,bot_55,3999,w,31,44,25,184.87,226,41.13,0
e2-blocking-100,binary,100,bot_55,3999,w,33,42.73,25,198.2,227,28.8,0
e2-blocking-100,binary,100,bot_55,3999,w,35,42.89,25,195.39,212,16.61,0
e2-blocking-100,binary,100,bot_55,3999,w,37,36.29,25,213.58,229,15.42,0
e2-blocking-100,binary,100,bot_55,3999,w,39,33.86,25,231.88,238,6.12,0
e2-blocking-100,binary,100,bot_55,3999,w,41,20.51,25,243.42,251,7.58,0
e2-blocking-100,binary,100,bot_55,3999,w,43,21.2,25,261.91,264,2.09,0
e2-blocking-100,binary,100,bot_55,3999,w,45,177.98,25,271.12,268,-3.12,0
e2-blocking-100,binary,100,bot_55,3999,w,47,146.52,25,160.07,267,106.93,0
e2-blocking-100,binary,100,bot_55,3999,w,49,138.98,25,156.36,270,113.64,0
e2-blocking-100,binary,100,bot_55,3999,w,51,145.16,25,158.24,271,112.76,0
e2-blocking-100,binary,100,bot_55,3999,w,53,92.2,25,229.19,284,54.81,0
e2-blocking-100,binary,100,bot_55,3999,w,55,81.88,25,235.97,285,49.03,0
e2-blocking-100,binary,100,bot_55,3999,w,57,66.75,25,200.5,243,42.5,0
e2-blocking-100,binary,100,bot_55,3999,w,59,57.43,25,197.13,224,26.87,0
e2-blocking-100,binary,100,bot_56,3999,b,2,7.46,25,69.57,77,7.43,0
e2-blocking-100,binary,100,bot_56,3999,b,4,21.87,25,71.95,71,-0.95,0
e2-blocking-100,binary,100,bot_56,3999,b,6,27.85,25,58.89,76,17.11,0
e2-blocking-100,binary,100,bot_56,3999,b,8,22.21,25,70.76,83,12.24,0
e2-blocking-100,binary,100,bot_56,3999,b,10,12.96,25,82.86,99,16.14,0
e2-blocking-100,binary,100,bot_56,3999,b,12,12.31,25,103.7,116,12.3,0
e2-blocking-100,binary,100,bot_56,3999,b,14,17.11,25,103.96,122,18.04,0
e2-blocking-100,binary,100,bot_56,3999,b,16,17.33,25,128.75,142,13.25,0
e2-blocking-100,binary,100,bot_56,3999,b,18,90.55,25,98.12,102,3.88,0
e2-blocking-100,binary,100,bot_56,3999,b,20,71.29,25,94.8,154,59.2,0
e2-blocking-100,binary,100,bot_56,3999,b,22,72.73,25,110.07,176,65.93,0
e2-blocking-100,binary,100,bot_56,3999,b,24,65.58,25,128.39,186,57.61,0
e2-blocking-100,binary,100,bot_56,3999,b,26,58.55,25,118.48,172,53.52,0
e2-blocking-100,binary,100,bot_56,3999,b,28,46.67,25,174.19,225,50.81,0
e2-blocking-100,binary,100,bot_56,3999,b,30,45.7,25,155.87,200,44.13,0
e2-blocking-100,binary,100,bot_56,3999,b,32,33.85,25,172.79,210,37.21,0
e2-blocking-100,binary,100,bot_56,3999,b,34,35.51,25,197.34,222,24.66,0
e2-blocking-100,binary,100,bot_56,3999,b,36,35.39,25,201.32,226,24.68,0
e2-blocking-100,binary,100,bot_56,3999,b,38,26.06,25,221.19,238,16.81,0
e2-blocking-100,binary,100,bot_56,3999,b,40,26.95,25,235.8,250,14.2,0
e2-blocking-100,binary,100,bot_56,3999,b,42,20.23,25,238.15,239,0.85,0
e2-blocking-100,binary,100,bot_56,3999,b,44,16.61,25,260.81,263,2.19,0
e2-blocking-100,binary,100,bot_56,3999,b,46,126.91,25,137.61,297,159.39,0
e2-blocking-100,binary,100,bot_56,3999,b,48,133.25,25,150.42,278,127.58,0
e2-blocking-100,binary,100,bot_56,3999,b,50,131.91,25,139.35,260,120.65,0
e2-blocking-100,binary,100,bot_56,3999,b,52,81.13,25,177.82,295,117.18,0
e2-blocking-100,binary,100,bot_56,3999,b,54,75.08,25,214.26,278,63.74,0
e2-blocking-100,binary,100,bot_56,3999,b,56,68.74,25,179.13,233,53.87,0
e2-blocking-100,binary,100,bot_56,3999,b,58,53.75,25,177.17,216,38.83,0
e2-blocking-100,binary,100,bot_56,3999,b,60,37.71,25,191.46,221,29.54,0
e2-blocking-100,binary,100,bot_57,4000,w,1,16.17,25,60.61,84,23.39,0
e2-blocking-100,binary,100,bot_57,4000,w,3,14.85,25,73.23,79,5.77,0
e2-blocking-100,binary,100,bot_57,4000,w,5,9.44,25,72.21,87,14.79,0
e2-blocking-100,binary,100,bot_57,4000,w,7,6.83,25,76.95,88,11.05,0
e2-blocking-100,binary,100,bot_57,4000,w,9,27.16,25,70.39,108,37.61,0
e2-blocking-100,binary,100,bot_57,4000,w,11,26.43,25,90.43,133,42.57,0
e2-blocking-100,binary,100,bot_57,4000,w,13,32.97,25,90.12,126,35.88,0
e2-blocking-100,binary,100,bot_57,4000,w,15,39.11,25,105.5,148,42.5,0
e2-blocking-100,binary,100,bot_57,4000,w,17,30.6,25,80.32,106,25.68,0
e2-blocking-100,binary,100,bot_57,4000,w,19,32.61,25,123.02,161,37.98,0
e2-blocking-100,binary,100,bot_57,4000,w,21,23.93,25,156.14,191,34.86,0
e2-blocking-100,binary,100,bot_57,4000,w,23,19.34,25,168.53,195,26.47,0
e2-blocking-100,binary,100,bot_57,4000,w,25,95.3,25,171.18,185,13.82,0
e2-blocking-100,binary,100,bot_57,4000,w,27,77.91,25,143.85,231,87.15,0
e2-blocking-100,binary,100,bot_57,4000,w,29,70.05,25,131.68,212,80.32,0
e2-blocking-100,binary,100,bot_57,4000,w,31,53,25,155.33,236,80.67,0
e2-blocking-100,binary,100,bot_57,4000,w,33,28.97,25,203.2,270,66.8,0
e2-blocking-100,binary,100,bot_57,4000,w,35,28.64,25,207.86,229,21.14,0
e2-blocking-100,binary,100,bot_57,4000,w,37,20.88,25,225.9,241,15.1,0
e2-blocking-100,binary,100,bot_57,4000,w,39,21.3,25,241.43,252,10.57,0
e2-blocking-100,binary,100,bot_57,4000,w,41,15,25,243.58,241,-2.58,0
e2-blocking-100,binary,100,bot_57,4000,w,43,132.09,25,133.38,277,143.62,0
e2-blocking-100,binary,100,bot_57,4000,w,45,123.18,25,140.4,281,140.6,0
e2-blocking-100,binary,100,bot_57,4000,w,47,127.2,25,156.71,277,120.29,0
e2-blocking-100,binary,100,bot_57,4000,w,49,126.19,25,145.09,264,118.91,0
e2-blocking-100,binary,100,bot_57,4000,w,51,73.73,25,184.5,293,108.5,0
e2-blocking-100,binary,100,bot_57,4000,w,53,71.46,25,216.93,272,55.07,0
e2-blocking-100,binary,100,bot_57,4000,w,55,64.88,25,183.01,233,49.99,0
e2-blocking-100,binary,100,bot_57,4000,w,57,49.28,25,181.29,217,35.71,0
e2-blocking-100,binary,100,bot_57,4000,w,59,32.88,25,196.3,223,26.7,0
e2-blocking-100,binary,100,bot_58,4000,b,2,6.95,25,59.65,61,1.35,0
e2-blocking-100,binary,100,bot_58,4000,b,4,17.4,25,75.53,74,-1.53,0
e2-blocking-100,binary,100,bot_58,4000,b,6,13.24,25,94.93,88,-6.93,0
e2-blocking-100,binary,100,bot_58,4000,b,8,39.72,25,92.38,83,-9.37,0
e2-blocking-100,binary,100,bot_58,4000,b,10,43.34,25,73.7,83,9.3,0
e2-blocking-100,binary,100,bot_58,4000,b,12,37.41,25,79.93,90,10.07,0
e2-blocking-100,binary,100,bot_58,4000,b,14,43.66,25,89.13,107,17.88,0
e2-blocking-100,binary,100,bot_58,4000,b,16,26.11,25,111.61,133,21.39,0
e2-blocking-100,binary,100,bot_58,4000,b,18,39.89,25,128.49,143,14.51,0
e2-blocking-100,binary,100,bot_58,4000,b,20,35.7,25,142.56,159,16.44,0
e2-blocking-100,binary,100,bot_58,4000,b,22,28.21,25,168.98,178,9.02,0
e2-blocking-100,binary,100,bot_58,4000,b,24,14.25,25,172.46,176,3.54,0
e2-blocking-100,binary,100,bot_58,4000,b,26,88.58,25,110.86,191,80.14,0
e2-blocking-100,binary,100,bot_58,4000,b,28,82.8,25,123.56,187,63.44,0
e2-blocking-100,binary,100,bot_58,4000,b,30,81.44,25,146.7,201,54.3,0
e2-blocking-100,binary,100,bot_58,4000,b,32,83.5,25,161.92,198,36.08,0
e2-blocking-100,binary,100,bot_58,4000,b,34,36.69,25,201.79,203,1.21,0
e2-blocking-100,binary,100,bot_58,4000,b,36,31.66,25,218.47,219,0.53,0
e2-blocking-100,binary,100,bot_58,4000,b,38,26.7,25,239.12,234,-5.12,0
e2-blocking-100,binary,100,bot_58,4000,b,40,13.29,25,249.98,244,-5.98,0
e2-blocking-100,binary,100,bot_58,4000,b,42,160.92,25,269.26,258,-11.26,0
e2-blocking-100,binary,100,bot_58,4000,b,44,156.83,25,158.5,263,104.5,0
e2-blocking-100,binary,100,bot_58,4000,b,46,136.53,25,170.17,267,96.83,0
e2-blocking-100,binary,100,bot_58,4000,b,48,133.98,25,161.77,262,100.23,0
e2-blocking-100,binary,100,bot_58,4000,b,50,133.76,25,170.44,270,99.56,0
e2-blocking-100,binary,100,bot_58,4000,b,52,80.32,25,241.59,282,40.41,0
e2-blocking-100,binary,100,bot_58,4000,b,54,75.99,25,242.15,280,37.85,0
e2-blocking-100,binary,100,bot_58,4000,b,56,60.86,25,206.78,238,31.22,0
e2-blocking-100,binary,100,bot_58,4000,b,58,51.7,25,202.98,219,16.02,0
e2-blocking-100,binary,100,bot_58,4000,b,60,31.78,25,181.03,180,-1.03,0
e2-blocking-100,binary,100,bot_59,4001,w,1,4.79,25,77.36,68,-9.36,0
e2-blocking-100,binary,100,bot_59,4001,w,3,2.88,25,74.62,69,-5.62,0
e2-blocking-100,binary,100,bot_59,4001,w,5,25.63,25,66.88,82,15.12,0
e2-blocking-100,binary,100,bot_59,4001,w,7,20.23,25,77.45,89,11.55,0
e2-blocking-100,binary,100,bot_59,4001,w,9,14.85,25,80.95,88,7.05,0
e2-blocking-100,binary,100,bot_59,4001,w,11,9.89,25,63.91,106,42.09,0
e2-blocking-100,binary,100,bot_59,4001,w,13,32.14,25,87.9,114,26.1,0
e2-blocking-100,binary,100,bot_59,4001,w,15,35.31,25,112.38,127,14.62,0
e2-blocking-100,binary,100,bot_59,4001,w,17,31.1,25,114.54,122,7.46,0
e2-blocking-100,binary,100,bot_59,4001,w,19,26.99,25,137.32,150,12.68,0
e2-blocking-100,binary,100,bot_59,4001,w,21,25.19,25,158.18,171,12.82,0
e2-blocking-100,binary,100,bot_59,4001,w,23,19.08,25,175.11,180,4.89,0
e2-blocking-100,binary,100,bot_59,4001,w,25,95.04,25,166.57,166,-0.57,0
e2-blocking-100,binary,100,bot_59,4001,w,27,83.14,25,120.31,210,89.69,0
e2-blocking-100,binary,100,bot_59,4001,w,29,88,25,118.05,195,76.95,0
e2-blocking-100,binary,100,bot_59,4001,w,31,86.5,25,121.32,201,79.68,0
e2-blocking-100,binary,100,bot_59,4001,w,33,77.08,25,145.27,219,73.73,0
e2-blocking-100,binary,100,bot_59,4001,w,35,86.53,25,154.6,231,76.4,0
e2-blocking-100,binary,100,bot_59,4001,w,37,81.88,25,170.23,240,69.77,0
e2-blocking-100,binary,100,bot_59,4001,w,39,74.25,25,190.12,257,66.88,0
e2-blocking-100,binary,100,bot_59,4001,w,41,68.15,25,200.67,247,46.33,0
e2-blocking-100,binary,100,bot_59,4001,w,43,57.03,25,208.39,263,54.61,0
e2-blocking-100,binary,100,bot_59,4001,w,45,48,25,213.6,266,52.4,0
e2-blocking-100,binary,100,bot_59,4001,w,47,41.6,25,241.61,289,47.39,0
e2-blocking-100,binary,100,bot_59,4001,w,49,34.82,25,235.23,271,35.77,0
e2-blocking-100,binary,100,bot_59,4001,w,51,39.06,25,214.83,231,16.17,0
e2-blocking-100,binary,100,bot_59,4001,w,53,36.92,25,251.12,272,20.88,0
e2-blocking-100,binary,100,bot_59,4001,w,55,35.1,25,213.44,225,11.56,0
e2-blocking-100,binary,100,bot_59,4001,w,57,20.47,25,209.54,213,3.46,0
e2-blocking-100,binary,100,bot_59,4001,w,59,107.46,25,100.79,224,123.21,0
e2-blocking-100,binary,100,bot_60,4001,b,2,6.27,25,76.46,75,-1.46,0
e2-blocking-100,binary,100,bot_60,4001,b,4,27.94,25,88.95,85,-3.95,0
e2-blocking-100,binary,100,bot_60,4001,b,6,23.9,25,73.04,91,17.96,0
e2-blocking-100,binary,100,bot_60,4001,b,8,19.93,25,79.16,93,13.84,0
e2-blocking-100,binary,100,bot_60,4001,b,10,56.6,25,105.57,114,8.43,0
e2-blocking-100,binary,100,bot_60,4001,b,12,40.2,25,106.41,110,3.59,0
e2-blocking-100,binary,100,bot_60,4001,b,14,28.85,25,109.9,134,24.1,0
e2-blocking-100,binary,100,bot_60,4001,b,16,20.39,25,97.1,126,28.9,0
e2-blocking-100,binary,100,bot_60,4001,b,18,26.14,25,134.06,159,24.94,0
e2-blocking-100,binary,100,bot_60,4001,b,20,26.5,25,159.22,178,18.78,0
e2-blocking-100,binary,100,bot_60,4001,b,22,18.88,25,172.3,190,17.7,0
e2-blocking-100,binary,100,bot_60,4001,b,24,12.55,25,177.35,190,12.65,0
e2-blocking-100,binary,100,bot_60,4001,b,26,102,25,121.05,208,86.95,0
e2-blocking-100,binary,100,bot_60,4001,b,28,91.05,25,129.71,206,76.29,0
e2-blocking-100,binary,100,bot_60,4001,b,30,93.47,25,141.43,224,82.57,0
e2-blocking-100,binary,100,bot_60,4001,b,32,83.47,25,163.18,244,80.82,0
e2-blocking-100,binary,100,bot_60,4001,b,34,86.01,25,158.08,229,70.92,0
e2-blocking-100,binary,100,bot_60,4001,b,36,80.09,25,175.63,257,81.37,0
e2-blocking-100,binary,100,bot_60,4001,b,38,78.13,25,190.73,268,77.27,0
e2-blocking-100,binary,100,bot_60,4001,b,40,56.85,25,203.5,274,70.5,0
e2-blocking-100,binary,100,bot_60,4001,b,42,64.62,25,227.52,291,63.48,0
e2-blocking-100,binary,100,bot_60,4001,b,44,62.3,25,255.75,307,51.25,0
e2-blocking-100,binary,100,bot_60,4001,b,46,57.08,25,249.26,292,42.74,0
e2-blocking-100,binary,100,bot_60,4001,b,48,47.6,25,248.23,285,36.77,0
e2-blocking-100,binary,100,bot_60,4001,b,50,38.54,25,265.01,295,29.99,0
e2-blocking-100,binary,100,bot_60,4001,b,52,42.73,25,279.53,300,20.47,0
e2-blocking-100,binary,100,bot_60,4001,b,54,34.06,25,285.03,301,15.97,0
e2-blocking-100,binary,100,bot_60,4001,b,56,26.57,25,239.49,256,16.51,0
e2-blocking-100,binary,100,bot_60,4001,b,58,144.9,25,238.86,241,2.14,0
e2-blocking-100,binary,100,bot_60,4001,b,60,118.19,25,114.4,203,88.6,0
e2-blocking-100,binary,100,bot_61,4002,w,1,21.21,25,63.05,82,18.95,0
e2-blocking-100,binary,100,bot_61,4002,w,3,17.1,25,85,96,11,0
e2-blocking-100,binary,100,bot_61,4002,w,5,13.13,25,86.03,108,21.97,0
e2-blocking-100,binary,100,bot_61,4002,w,7,16.05,25,85.4,100,14.6,0
e2-blocking-100,binary,100,bot_61,4002,w,9,15.03,25,103.27,111,7.73,0
e2-blocking-100,binary,100,bot_61,4002,w,11,18.15,25,100.78,108,7.22,0
e2-blocking-100,binary,100,bot_61,4002,w,13,13.7,25,122.31,133,10.69,0
e2-blocking-100,binary,100,bot_61,4002,w,15,40.78,25,78.86,149,70.14,0
e2-blocking-100,binary,100,bot_61,4002,w,17,56.99,25,102.53,167,64.47,0
e2-blocking-100,binary,100,bot_61,4002,w,19,65.66,25,117.59,179,61.41,0
e2-blocking-100,binary,100,bot_61,4002,w,21,56.31,25,135.8,199,63.2,0
e2-blocking-100,binary,100,bot_61,4002,w,23,52.42,25,138.83,195,56.17,0
e2-blocking-100,binary,100,bot_61,4002,w,25,52.89,25,146.42,196,49.58,0
e2-blocking-100,binary,100,bot_61,4002,w,27,45.05,25,162.28,204,41.72,0
e2-blocking-100,binary,100,bot_61,4002,w,29,39.88,25,188.66,225,36.34,0
e2-blocking-100,binary,100,bot_61,4002,w,31,39.29,25,202.71,231,28.29,0
e2-blocking-100,binary,100,bot_61,4002,w,33,30.93,25,207.96,219,11.04,0
e2-blocking-100,binary,100,bot_61,4002,w,35,27.82,25,222.9,230,7.1,0
e2-blocking-100,binary,100,bot_61,4002,w,37,21.01,25,245.02,246,0.98,0
e2-blocking-100,binary,100,bot_61,4002,w,39,137.96,25,253.94,254,0.06,0
e2-blocking-100,binary,100,bot_61,4002,w,41,140.3,25,151.8,270,118.2,0
e2-blocking-100,binary,100,bot_61,4002,w,43,147.14,25,168.72,279,110.28,0
e2-blocking-100,binary,100,bot_61,4002,w,45,128.13,25,179.01,283,103.99,0
e2-blocking-100,binary,100,bot_61,4002,w,47,124.81,25,170.84,269,98.16,0
e2-blocking-100,binary,100,bot_61,4002,w,49,124.68,25,180.2,277,96.8,0
e2-blocking-100,binary,100,bot_61,4002,w,51,69.19,25,253.22,290,36.78,0
e2-blocking-100,binary,100,bot_61,4002,w,53,56.04,25,262.44,294,31.56,0
e2-blocking-100,binary,100,bot_61,4002,w,55,42.05,25,225.64,248,22.36,0
e2-blocking-100,binary,100,bot_61,4002,w,57,32.93,25,222.61,233,10.39,0
e2-blocking-100,binary,100,bot_61,4002,w,59,19.16,25,194.05,194,-0.05,0
e2-blocking-100,binary,100,bot_62,4002,b,2,12.86,25,57.53,69,11.47,0
e2-blocking-100,binary,100,bot_62,4002,b,4,23.36,25,64.01,70,5.99,0
e2-blocking-100,binary,100,bot_62,4002,b,6,17.68,25,75.68,80,4.32,0
e2-blocking-100,binary,100,bot_62,4002,b,8,9.33,25,85.98,92,6.02,0
e2-blocking-100,binary,100,bot_62,4002,b,10,9.21,25,106.62,112,5.38,0
e2-blocking-100,binary,100,bot_62,4002,b,12,11.67,25,109.18,117,7.82,0
e2-blocking-100,binary,100,bot_62,4002,b,14,71.84,25,132.19,136,3.81,0
e2-blocking-100,binary,100,bot_62,4002,b,16,66.58,25,79.66,110,30.34,0
e2-blocking-100,binary,100,bot_62,4002,b,18,63.93,25,101.69,148,46.31,0
e2-blocking-100,binary,100,bot_62,4002,b,20,65.74,25,117.47,172,54.53,0
e2-blocking-100,binary,100,bot_62,4002,b,22,58.13,25,136.07,182,45.93,0
e2-blocking-100,binary,100,bot_62,4002,b,24,51.95,25,125.35,168,42.65,0
e2-blocking-100,binary,100,bot_62,4002,b,26,44.45,25,176.03,220,43.97,0
e2-blocking-100,binary,100,bot_62,4002,b,28,37.75,25,163.6,199,35.4,0
e2-blocking-100,binary,100,bot_62,4002,b,30,29.94,25,177.02,206,28.98,0
e2-blocking-100,binary,100,bot_62,4002,b,32,27.13,25,204.1,222,17.9,0
e2-blocking-100,binary,100,bot_62,4002,b,34,23.72,25,212.43,221,8.57,0
e2-blocking-100,binary,100,bot_62,4002,b,36,18.08,25,228.94,234,5.06,0
e2-blocking-100,binary,100,bot_62,4002,b,38,16.09,25,246.55,245,-1.55,0
e2-blocking-100,binary,100,bot_62,4002,b,40,135.02,25,134.15,249,114.85,0
e2-blocking-100,binary,100,bot_62,4002,b,42,126.18,25,138.71,257,118.29,0
e2-blocking-100,binary,100,bot_62,4002,b,44,119.71,25,144.19,268,123.81,0
e2-blocking-100,binary,100,bot_62,4002,b,46,115.39,25,168.23,273,104.77,0
e2-blocking-100,binary,100,bot_62,4002,b,48,113.59,25,157.69,261,103.31,0
e2-blocking-100,binary,100,bot_62,4002,b,50,62.34,25,195.47,289,93.53,0
e2-blocking-100,binary,100,bot_62,4002,b,52,59.88,25,228.37,267,38.63,0
e2-blocking-100,binary,100,bot_62,4002,b,54,48.85,25,199.29,225,25.71,0
e2-blocking-100,binary,100,bot_62,4002,b,56,35.84,25,194.02,205,10.98,0
e2-blocking-100,binary,100,bot_62,4002,b,58,25.71,25,202.92,205,2.08,0
e2-blocking-100,binary,100,bot_62,4002,b,60,19.73,25,210.04,198,-12.04,0
e2-blocking-100,binary,100,bot_63,4003,w,1,19.51,25,77.5,80,2.5,0
e2-blocking-100,binary,100,bot_63,4003,w,3,19.12,25,76.14,92,15.86,0
e2-blocking-100,binary,100,bot_63,4003,w,5,16.02,25,80.55,94,13.45,0
e2-blocking-100,binary,100,bot_63,4003,w,7,10.56,25,88.99,97,8.01,0
e2-blocking-100,binary,100,bot_63,4003,w,9,45.64,25,115.96,122,6.04,0
e2-blocking-100,binary,100,bot_63,4003,w,11,33.27,25,87.4,109,21.6,0
e2-blocking-100,binary,100,bot_63,4003,w,13,22.3,25,117.5,135,17.5,0
e2-blocking-100,binary,100,bot_63,4003,w,15,14.31,25,101.47,122,20.53,0
e2-blocking-100,binary,100,bot_63,4003,w,17,13.31,25,147.34,164,16.66,0
e2-blocking-100,binary,100,bot_63,4003,w,19,87.23,25,174.21,184,9.79,0
e2-blocking-100,binary,100,bot_63,4003,w,21,75.45,25,112.79,197,84.21,0
e2-blocking-100,binary,100,bot_63,4003,w,23,57.7,25,126.93,191,64.07,0
e2-blocking-100,binary,100,bot_63,4003,w,25,75.95,25,149.06,212,62.94,0
e2-blocking-100,binary,100,bot_63,4003,w,27,60.68,25,158.06,219,60.94,0
e2-blocking-100,binary,100,bot_63,4003,w,29,60.69,25,173.68,237,63.32,0
e2-blocking-100,binary,100,bot_63,4003,w,31,52.61,25,194.04,254,59.96,0
e2-blocking-100,binary,100,bot_63,4003,w,33,50.45,25,195.15,238,42.85,0
e2-blocking-100,binary,100,bot_63,4003,w,35,44.41,25,211.71,265,53.29,0
e2-blocking-100,binary,100,bot_63,4003,w,37,39.22,25,230.17,280,49.83,0
e2-blocking-100,binary,100,bot_63,4003,w,39,27.42,25,232.94,274,41.06,0
e2-blocking-100,binary,100,bot_63,4003,w,41,29.07,25,263.65,298,34.35,0
e2-blocking-100,binary,100,bot_63,4003,w,43,25.95,25,292.37,318,25.63,0
e2-blocking-100,binary,100,bot_63,4003,w,45,104.42,25,193.14,330,136.86,0
e2-blocking-100,binary,100,bot_63,4003,w,47,88.64,25,201.01,304,102.99,0
e2-blocking-100,binary,100,bot_63,4003,w,49,94.28,25,227.62,304,76.38,0
e2-blocking-100,binary,100,bot_63,4003,w,51,71.98,25,236.15,311,74.85,0
e2-blocking-100,binary,100,bot_63,4003,w,53,55.85,25,237.97,287,49.03,0
e2-blocking-100,binary,100,bot_63,4003,w,55,38.9,25,222.88,246,23.12,0
e2-blocking-100,binary,100,bot_63,4003,w,57,26.22,25,229.1,247,17.9,0
e2-blocking-100,binary,100,bot_63,4003,w,59,23.89,25,207.78,213,5.22,0
e2-blocking-100,binary,100,bot_64,4003,b,2,18.68,25,61.33,81,19.67,0
e2-blocking-100,binary,100,bot_64,4003,b,4,17.15,25,74.41,92,17.59,0
e2-blocking-100,binary,100,bot_64,4003,b,6,10.85,25,87.4,102,14.6,0
e2-blocking-100,binary,100,bot_64,4003,b,8,10.17,25,86.08,95,8.92,0
e2-blocking-100,binary,100,bot_64,4003,b,10,23.33,25,77.16,121,43.84,0
e2-blocking-100,binary,100,bot_64,4003,b,12,20.12,25,98.9,131,32.1,0
e2-blocking-100,binary,100,bot_64,4003,b,14,24.23,25,125.08,146,20.92,0
e2-blocking-100,binary,100,bot_64,4003,b,16,17.82,25,127.45,140,12.55,0
e2-blocking-100,binary,100,bot_64,4003,b,18,11.77,25,152.01,164,11.99,0
e2-blocking-100,binary,100,bot_64,4003,b,20,86.47,25,111.93,196,84.07,0
e2-blocking-100,binary,100,bot_64,4003,b,22,65.9,25,120.74,194,73.26,0
e2-blocking-100,binary,100,bot_64,4003,b,24,65.02,25,125.65,181,55.35,0
e2-blocking-100,binary,100,bot_64,4003,b,26,61.85,25,138.78,213,74.22,0
e2-blocking-100,binary,100,bot_64,4003,b,28,66,25,142.04,199,56.96,0
e2-blocking-100,binary,100,bot_64,4003,b,30,61.28,25,147.79,205,57.21,0
e2-blocking-100,binary,100,bot_64,4003,b,32,44.85,25,176.32,226,49.68,0
e2-blocking-100,binary,100,bot_64,4003,b,34,54.5,25,186,234,48,0
e2-blocking-100,binary,100,bot_64,4003,b,36,50.92,25,201.02,244,42.98,0
e2-blocking-100,binary,100,bot_64,4003,b,38,44,25,219.83,257,37.17,0
e2-blocking-100,binary,100,bot_64,4003,b,40,35.38,25,233.09,258,24.91,0
e2-blocking-100,binary,100,bot_64,4003,b,42,27.72,25,237.2,264,26.8,0
e2-blocking-100,binary,100,bot_64,4003,b,44,138.87,25,241.23,266,24.77,0
e2-blocking-100,binary,100,bot_64,4003,b,46,103.85,25,176.21,278,101.79,0
e2-blocking-100,binary,100,bot_64,4003,b,48,92.2,25,179.57,266,86.43,0
e2-blocking-100,binary,100,bot_64,4003,b,50,91.92,25,208.61,287,78.39,0
e2-blocking-100,binary,100,bot_64,4003,b,52,64.61,25,231.27,287,55.73,0
e2-blocking-100,binary,100,bot_64,4003,b,54,39.54,25,207.01,247,39.99,0
e2-blocking-100,binary,100,bot_64,4003,b,56,33.07,25,204.2,228,23.8,0
e2-blocking-100,binary,100,bot_64,4003,b,58,21.57,25,186.18,196,9.82,0
e2-blocking-100,binary,100,bot_64,4003,b,60,21.37,25,213.06,221,7.94,0
e2-blocking-100,binary,100,bot_65,4004,w,1,19.87,25,60.18,78,17.82,0
e2-blocking-100,binary,100,bot_65,4004,w,3,18.89,25,72.92,88,15.08,0
e2-blocking-100,binary,100,bot_65,4004,w,5,12.44,25,85.59,97,11.41,0
e2-blocking-100,binary,100,bot_65,4004,w,7,10.15,25,85.71,91,5.29,0
e2-blocking-100,binary,100,bot_65,4004,w,9,24.19,25,76.23,118,41.77,0
e2-blocking-100,binary,100,bot_65,4004,w,11,21.53,25,97.83,128,30.17,0
e2-blocking-100,binary,100,bot_65,4004,w,13,25.77,25,123.23,142,18.77,0
e2-blocking-100,binary,100,bot_65,4004,w,15,19.92,25,125.47,135,9.53,0
e2-blocking-100,binary,100,bot_65,4004,w,17,13.78,25,150.29,160,9.71,0
e2-blocking-100,binary,100,bot_65,4004,w,19,100.76,25,171.09,180,8.91,0
e2-blocking-100,binary,100,bot_65,4004,w,21,71.11,25,115.64,192,76.36,0
e2-blocking-100,binary,100,bot_65,4004,w,23,70.12,25,120.57,179,58.43,0
e2-blocking-100,binary,100,bot_65,4004,w,25,67.35,25,134.46,212,77.54,0
e2-blocking-100,binary,100,bot_65,4004,w,27,72.79,25,134.4,199,64.6,0
e2-blocking-100,binary,100,bot_65,4004,w,29,67.8,25,140.95,207,66.05,0
e2-blocking-100,binary,100,bot_65,4004,w,31,52.61,25,168.81,227,58.19,0
e2-blocking-100,binary,100,bot_65,4004,w,33,62.74,25,178.06,232,53.94,0
e2-blocking-100,binary,100,bot_65,4004,w,35,58.66,25,192.83,240,47.17,0
e2-blocking-100,binary,100,bot_65,4004,w,37,49.46,25,214.46,258,43.54,0
e2-blocking-100,binary,100,bot_65,4004,w,39,45.01,25,223.77,255,31.23,0
e2-blocking-100,binary,100,bot_65,4004,w,41,36.37,25,228.55,263,34.45,0
e2-blocking-100,binary,100,bot_65,4004,w,43,26.25,25,234.74,262,27.26,0
e2-blocking-100,binary,100,bot_65,4004,w,45,23.41,25,259.72,281,21.28,0
e2-blocking-100,binary,100,bot_65,4004,w,47,99.76,25,172.41,287,114.59,0
e2-blocking-100,binary,100,bot_65,4004,w,49,93.55,25,206.93,297,90.07,0
e2-blocking-100,binary,100,bot_65,4004,w,51,73.25,25,222.12,280,57.88,0
e2-blocking-100,binary,100,bot_65,4004,w,53,42.31,25,204.52,243,38.48,0
e2-blocking-100,binary,100,bot_65,4004,w,55,35.56,25,201.32,223,21.68,0
e2-blocking-100,binary,100,bot_65,4004,w,57,24.87,25,183.08,192,8.92,0
e2-blocking-100,binary,100,bot_65,4004,w,59,24.22,25,210.4,218,7.6,0
e2-blocking-100,binary,100,bot_66,4004,b,2,21.12,25,74.12,83,8.88,0
e2-blocking-100,binary,100,bot_66,4004,b,4,17.9,25,78.55,86,7.45,0
e2-blocking-100,binary,100,bot_66,4004,b,6,12.75,25,86.84,87,0.16,0
e2-blocking-100,binary,100,bot_66,4004,b,8,48.91,25,112.73,110,-2.73,0
e2-blocking-100,binary,100,bot_66,4004,b,10,36.52,25,84.48,96,11.52,0
e2-blocking-100,binary,100,bot_66,4004,b,12,24.91,25,114.57,124,9.43,0
e2-blocking-100,binary,100,bot_66,4004,b,14,16.07,25,99.79,112,12.21,0
e2-blocking-100,binary,100,bot_66,4004,b,16,16.84,25,143.36,151,7.64,0
e2-blocking-100,binary,100,bot_66,4004,b,18,16.75,25,169.93,171,1.07,0
e2-blocking-100,binary,100,bot_66,4004,b,20,82.58,25,106.14,194,87.86,0
e2-blocking-100,binary,100,bot_66,4004,b,22,64.77,25,119.61,178,58.39,0
e2-blocking-100,binary,100,bot_66,4004,b,24,85.38,25,138.82,197,58.18,0
e2-blocking-100,binary,100,bot_66,4004,b,26,71.16,25,148.2,204,55.8,0
e2-blocking-100,binary,100,bot_66,4004,b,28,71.7,25,161.89,223,61.11,0
e2-blocking-100,binary,100,bot_66,4004,b,30,62.8,25,184.26,241,56.74,0
e2-blocking-100,binary,100,bot_66,4004,b,32,61.21,25,184.38,226,41.62,0
e2-blocking-100,binary,100,bot_66,4004,b,34,53.58,25,202.69,256,53.31,0
e2-blocking-100,binary,100,bot_66,4004,b,36,50.49,25,219.04,268,48.96,0
e2-blocking-100,binary,100,bot_66,4004,b,38,36.85,25,223.16,263,39.84,0
e2-blocking-100,binary,100,bot_66,4004,b,40,41.5,25,251.2,286,34.8,0
e2-blocking-100,binary,100,bot_66,4004,b,42,32.94,25,285.71,313,27.29,0
e2-blocking-100,binary,100,bot_66,4004,b,44,27.99,25,278.88,295,16.12,0
e2-blocking-100,binary,100,bot_66,4004,b,46,121.54,25,274.51,289,14.49,0
e2-blocking-100,binary,100,bot_66,4004,b,48,107.8,25,214.67,292,77.33,0
e2-blocking-100,binary,100,bot_66,4004,b,50,76.19,25,231.97,303,71.03,0
e2-blocking-100,binary,100,bot_66,4004,b,52,58.61,25,235.63,287,51.37,0
e2-blocking-100,binary,100,bot_66,4004,b,54,40.87,25,221.33,241,19.67,0
e2-blocking-100,binary,100,bot_66,4004,b,56,28.66,25,226.59,241,14.41,0
e2-blocking-100,binary,100,bot_66,4004,b,58,26.41,25,205.77,208,2.23,0
e2-blocking-100,binary,100,bot_66,4004,b,60,105.18,25,213.97,217,3.03,0
e2-blocking-100,binary,100,bot_67,4005,w,1,23,25,72.97,84,11.03,0
e2-blocking-100,binary,100,bot_67,4005,w,3,21.35,25,75.09,87,11.91,0
e2-blocking-100,binary,100,bot_67,4005,w,5,16.17,25,83.18,89,5.82,0
e2-blocking-100,binary,100,bot_67,4005,w,7,52.42,25,109.38,112,2.62,0
e2-blocking-100,binary,100,bot_67,4005,w,9,38.55,25,108.5,107,-1.5,0
e2-blocking-100,binary,100,bot_67,4005,w,11,26.92,25,112.28,131,18.72,0
e2-blocking-100,binary,100,bot_67,4005,w,13,17.56,25,99.78,121,21.22,0
e2-blocking-100,binary,100,bot_67,4005,w,15,21.92,25,138.53,154,15.47,0
e2-blocking-100,binary,100,bot_67,4005,w,17,22.1,25,164.09,174,9.91,0
e2-blocking-100,binary,100,bot_67,4005,w,19,13.07,25,177.64,186,8.36,0
e2-blocking-100,binary,100,bot_67,4005,w,21,71.05,25,114.86,193,78.14,0
e2-blocking-100,binary,100,bot_67,4005,w,23,90.64,25,132.34,199,66.66,0
e2-blocking-100,binary,100,bot_67,4005,w,25,78.51,25,141.41,206,64.59,0
e2-blocking-100,binary,100,bot_67,4005,w,27,80.72,25,153.65,224,70.35,0
e2-blocking-100,binary,100,bot_67,4005,w,29,71.27,25,175.67,242,66.33,0
e2-blocking-100,binary,100,bot_67,4005,w,31,72.5,25,172.52,226,53.48,0
e2-blocking-100,binary,100,bot_67,4005,w,33,66.06,25,189.59,253,63.41,0
e2-blocking-100,binary,100,bot_67,4005,w,35,61.48,25,207.81,267,59.19,0
e2-blocking-100,binary,100,bot_67,4005,w,37,46.43,25,213.63,264,50.37,0
e2-blocking-100,binary,100,bot_67,4005,w,39,54.38,25,238.2,282,43.8,0
e2-blocking-100,binary,100,bot_67,4005,w,41,46.98,25,271.24,309,37.76,0
e2-blocking-100,binary,100,bot_67,4005,w,43,41.56,25,265.58,293,27.42,0
e2-blocking-100,binary,100,bot_67,4005,w,45,32.07,25,263.88,288,24.12,0
e2-blocking-100,binary,100,bot_67,4005,w,47,23.96,25,278.31,291,12.69,0
e2-blocking-100,binary,100,bot_67,4005,w,49,40.56,25,282.1,299,16.9,0
e2-blocking-100,binary,100,bot_67,4005,w,51,32.78,25,285.84,299,13.16,0
e2-blocking-100,binary,100,bot_67,4005,w,53,25.72,25,240.05,251,10.95,0
e2-blocking-100,binary,100,bot_67,4005,w,55,143.87,25,239.87,237,-2.87,0
e2-blocking-100,binary,100,bot_67,4005,w,57,116.94,25,115.53,200,84.47,0
e2-blocking-100,binary,100,bot_67,4005,w,59,105.09,25,124.96,223,98.04,0
e2-blocking-100,binary,100,bot_68,4005,b,2,23.31,25,68.64,87,18.36,0
e2-blocking-100,binary,100,bot_68,4005,b,4,17.06,25,80.96,97,16.04,0
e2-blocking-100,binary,100,bot_68,4005,b,6,13.16,25,82.58,94,11.42,0
e2-blocking-100,binary,100,bot_68,4005,b,8,8.26,25,65.67,112,46.33,0
e2-blocking-100,binary,100,bot_68,4005,b,10,29.12,25,90.66,124,33.34,0
e2-blocking-100,binary,100,bot_68,4005,b,12,33,25,114.96,136,21.04,0
e2-blocking-100,binary,100,bot_68,4005,b,14,27.01,25,118.37,131,12.63,0
e2-blocking-100,binary,100,bot_68,4005,b,16,21.34,25,143.13,159,15.87,0
e2-blocking-100,binary,100,bot_68,4005,b,18,19.13,25,164.02,181,16.98,0
e2-blocking-100,binary,100,bot_68,4005,b,20,89.28,25,182.09,190,7.91,0
e2-blocking-100,binary,100,bot_68,4005,b,22,78.32,25,112.19,177,64.81,0
e2-blocking-100,binary,100,bot_68,4005,b,24,75.17,25,127.39,212,84.61,0
e2-blocking-100,binary,100,bot_68,4005,b,26,81.67,25,125.12,198,72.88,0
e2-blocking-100,binary,100,bot_68,4005,b,28,75.55,25,133.14,208,74.86,0
e2-blocking-100,binary,100,bot_68,4005,b,30,62.6,25,159.11,226,66.89,0
e2-blocking-100,binary,100,bot_68,4005,b,32,71.93,25,168.76,235,66.24,0
e2-blocking-100,binary,100,bot_68,4005,b,34,67.03,25,184.96,246,61.04,0
e2-blocking-100,binary,100,bot_68,4005,b,36,58.47,25,206.4,262,55.6,0
e2-blocking-100,binary,100,bot_68,4005,b,38,53.06,25,216.13,258,41.87,0
e2-blocking-100,binary,100,bot_68,4005,b,40,44.72,25,220.49,269,48.51,0
e2-blocking-100,binary,100,bot_68,4005,b,42,35.51,25,225.56,267,41.44,0
e2-blocking-100,binary,100,bot_68,4005,b,44,30.68,25,252.53,289,36.47,0
e2-blocking-100,binary,100,bot_68,4005,b,46,21.12,25,248.22,276,27.78,0
e2-blocking-100,binary,100,bot_68,4005,b,48,37.41,25,216,223,7,0
e2-blocking-100,binary,100,bot_68,4005,b,50,34.32,25,253.72,277,23.28,0
e2-blocking-100,binary,100,bot_68,4005,b,52,31.84,25,216.62,232,15.38,0
e2-blocking-100,binary,100,bot_68,4005,b,54,17.93,25,211.98,221,9.02,0
e2-blocking-100,binary,100,bot_68,4005,b,56,105.45,25,102.81,230,127.19,0
e2-blocking-100,binary,100,bot_68,4005,b,58,119.56,25,113.61,213,99.39,0
e2-blocking-100,binary,100,bot_68,4005,b,60,117.92,25,138.74,225,86.26,0
e2-blocking-100,binary,100,bot_69,4006,w,1,24.33,25,67.95,84,16.05,0
e2-blocking-100,binary,100,bot_69,4006,w,3,18.82,25,78.95,92,13.05,0
e2-blocking-100,binary,100,bot_69,4006,w,5,13.93,25,82.09,90,7.91,0
e2-blocking-100,binary,100,bot_69,4006,w,7,8.88,25,64.94,109,44.06,0
e2-blocking-100,binary,100,bot_69,4006,w,9,30.81,25,89.08,117,27.92,0
e2-blocking-100,binary,100,bot_69,4006,w,11,34.13,25,114.02,131,16.98,0
e2-blocking-100,binary,100,bot_69,4006,w,13,28.32,25,117.2,125,7.8,0
e2-blocking-100,binary,100,bot_69,4006,w,15,23.11,25,141.2,154,12.8,0
e2-blocking-100,binary,100,bot_69,4006,w,17,22.71,25,160.59,172,11.41,0
e2-blocking-100,binary,100,bot_69,4006,w,19,16.21,25,178.17,182,3.83,0
e2-blocking-100,binary,100,bot_69,4006,w,21,82.23,25,108.34,179,70.66,0
e2-blocking-100,binary,100,bot_69,4006,w,23,79.67,25,123.71,209,85.29,0
e2-blocking-100,binary,100,bot_69,4006,w,25,84.2,25,122.11,195,72.89,0
e2-blocking-100,binary,100,bot_69,4006,w,27,80.65,25,127.53,204,76.47,0
e2-blocking-100,binary,100,bot_69,4006,w,29,72.19,25,149.82,218,68.18,0
e2-blocking-100,binary,100,bot_69,4006,w,31,81.28,25,159.55,232,72.45,0
e2-blocking-100,binary,100,bot_69,4006,w,33,76.85,25,174.96,241,66.04,0
e2-blocking-100,binary,100,bot_69,4006,w,35,68.78,25,195.78,256,60.22,0
e2-blocking-100,binary,100,bot_69,4006,w,37,61.93,25,206.79,247,40.21,0
e2-blocking-100,binary,100,bot_69,4006,w,39,51.32,25,213.94,261,47.06,0
e2-blocking-100,binary,100,bot_69,4006,w,41,42.5,25,218.84,265,46.16,0
e2-blocking-100,binary,100,bot_69,4006,w,43,37.92,25,244.99,286,41.01,0
e2-blocking-100,binary,100,bot_69,4006,w,45,27.8,25,241.93,273,31.07,0
e2-blocking-100,binary,100,bot_69,4006,w,47,34.23,25,219.03,234,14.97,0
e2-blocking-100,binary,100,bot_69,4006,w,49,30.2,25,257.86,274,16.14,0
e2-blocking-100,binary,100,bot_69,4006,w,51,27.33,25,221.15,230,8.85,0
e2-blocking-100,binary,100,bot_69,4006,w,53,141.2,25,217.62,219,1.38,0
e2-blocking-100,binary,100,bot_69,4006,w,55,100.51,25,107.57,212,104.43,0
e2-blocking-100,binary,100,bot_69,4006,w,57,114.18,25,119.77,211,91.23,0
e2-blocking-100,binary,100,bot_69,4006,w,59,109.63,25,146.89,227,80.11,0
e2-blocking-100,binary,100,bot_70,4006,b,2,23.09,25,73.46,84,10.54,0
e2-blocking-100,binary,100,bot_70,4006,b,4,19.36,25,79.93,84,4.07,0
e2-blocking-100,binary,100,bot_70,4006,b,6,55.54,25,106.48,106,-0.48,0
e2-blocking-100,binary,100,bot_70,4006,b,8,39.71,25,107.05,102,-5.05,0
e2-blocking-100,binary,100,bot_70,4006,b,10,28.22,25,110.89,127,16.11,0
e2-blocking-100,binary,100,bot_70,4006,b,12,18.89,25,98.71,118,19.29,0
e2-blocking-100,binary,100,bot_70,4006,b,14,24.3,25,136.03,149,12.97,0
e2-blocking-100,binary,100,bot_70,4006,b,16,22.43,25,163.72,172,8.28,0
e2-blocking-100,binary,100,bot_70,4006,b,18,15.12,25,175.86,183,7.14,0
e2-blocking-100,binary,100,bot_70,4006,b,20,81.78,25,180.21,180,-0.21,0
e2-blocking-100,binary,100,bot_70,4006,b,22,97.05,25,125.83,194,68.17,0
e2-blocking-100,binary,100,bot_70,4006,b,24,84.77,25,135.33,200,64.67,0
e2-blocking-100,binary,100,bot_70,4006,b,26,86.6,25,148.08,217,68.92,0
e2-blocking-100,binary,100,bot_70,4006,b,28,77.39,25,169.54,237,67.46,0
e2-blocking-100,binary,100,bot_70,4006,b,30,80.67,25,163.68,223,59.32,0
e2-blocking-100,binary,100,bot_70,4006,b,32,73.59,25,181.86,250,68.14,0
e2-blocking-100,binary,100,bot_70,4006,b,34,69.78,25,199.41,265,65.59,0
e2-blocking-100,binary,100,bot_70,4006,b,36,49.35,25,211.07,268,56.93,0
e2-blocking-100,binary,100,bot_70,4006,b,38,57.01,25,235.22,286,50.78,0
e2-blocking-100,binary,100,bot_70,4006,b,40,55.03,25,263.49,302,38.51,0
e2-blocking-100,binary,100,bot_70,4006,b,42,49.86,25,257,286,29,0
e2-blocking-100,binary,100,bot_70,4006,b,44,39.62,25,256.31,282,25.69,0
e2-blocking-100,binary,100,bot_70,4006,b,46,35.26,25,268.36,283,14.64,0
e2-blocking-100,binary,100,bot_70,4006,b,48,36.37,25,286.34,296,9.66,0
e2-blocking-100,binary,100,bot_70,4006,b,50,29.52,25,289.19,295,5.81,0
e2-blocking-100,binary,100,bot_70,4006,b,52,22.14,25,243.49,247,3.51,0
e2-blocking-100,binary,100,bot_70,4006,b,54,124.81,25,131.2,248,116.8,0
e2-blocking-100,binary,100,bot_70,4006,b,56,113.16,25,119.17,195,75.83,0
e2-blocking-100,binary,100,bot_70,4006,b,58,101,25,128.53,219,90.47,0
e2-blocking-100,binary,100,bot_70,4006,b,60,93.17,25,119.31,204,84.69,0
e2-blocking-100,binary,100,bot_71,4007,w,1,21.81,25,78.23,98,19.77,0
e2-blocking-100,binary,100,bot_71,4007,w,3,26.65,25,75.06,88,12.94,0
e2-blocking-100,binary,100,bot_71,4007,w,5,25.33,25,92.72,98,5.28,0
e2-blocking-100,binary,100,bot_71,4007,w,7,28.43,25,89.59,94,4.41,0
e2-blocking-100,binary,100,bot_71,4007,w,9,27.48,25,106.72,117,10.28,0
e2-blocking-100,binary,100,bot_71,4007,w,11,15.56,25,119.84,132,12.16,0
e2-blocking-100,binary,100,bot_71,4007,w,13,20.86,25,148.18,156,7.82,0
e2-blocking-100,binary,100,bot_71,4007,w,15,93.31,25,166.01,167,0.99,0
e2-blocking-100,binary,100,bot_71,4007,w,17,73.77,25,117.97,186,68.03,0
e2-blocking-100,binary,100,bot_71,4007,w,19,69.98,25,121.8,185,63.2,0
e2-blocking-100,binary,100,bot_71,4007,w,21,67.78,25,130.66,184,53.34,0
e2-blocking-100,binary,100,bot_71,4007,w,23,60.3,25,146.45,191,44.55,0
e2-blocking-100,binary,100,bot_71,4007,w,25,56.45,25,171.59,214,42.41,0
e2-blocking-100,binary,100,bot_71,4007,w,27,58.13,25,186.91,211,24.09,0
e2-blocking-100,binary,100,bot_71,4007,w,29,32.65,25,206.23,209,2.77,0
e2-blocking-100,binary,100,bot_71,4007,w,31,28.95,25,221.34,221,-0.34,0
e2-blocking-100,binary,100,bot_71,4007,w,33,22.2,25,243.7,237,-6.7,0
e2-blocking-100,binary,100,bot_71,4007,w,35,10.33,25,253.03,246,-7.03,0
e2-blocking-100,binary,100,bot_71,4007,w,37,142.51,25,150.51,275,124.49,0
e2-blocking-100,binary,100,bot_71,4007,w,39,149.55,25,166.12,270,103.88,0
e2-blocking-100,binary,100,bot_71,4007,w,41,130.58,25,176.63,274,97.37,0
e2-blocking-100,binary,100,bot_71,4007,w,43,127.05,25,168.65,263,94.35,0
e2-blocking-100,binary,100,bot_71,4007,w,45,125.99,25,178.91,272,93.09,0
e2-blocking-100,binary,100,bot_71,4007,w,47,71.78,25,250.57,287,36.43,0
e2-blocking-100,binary,100,bot_71,4007,w,49,59.35,25,259.27,292,32.73,0
e2-blocking-100,binary,100,bot_71,4007,w,51,45.03,25,222.75,245,22.25,0
e2-blocking-100,binary,100,bot_71,4007,w,53,36.16,25,219.09,227,7.91,0
e2-blocking-100,binary,100,bot_71,4007,w,55,23.55,25,189.9,186,-3.9,0
e2-blocking-100,binary,100,bot_71,4007,w,57,20.57,25,225.28,216,-9.28,0
e2-blocking-100,binary,100,bot_71,4007,w,59,128.09,25,223.92,209,-14.92,0
e2-blocking-100,binary,100,bot_72,4007,b,2,27.06,25,65.4,79,13.6,0
e2-blocking-100,binary,100,bot_72,4007,b,4,20.18,25,76.11,93,16.89,0
e2-blocking-100,binary,100,bot_72,4007,b,6,18.19,25,98.08,114,15.92,0
e2-blocking-100,binary,100,bot_72,4007,b,8,24.95,25,96.64,115,18.36,0
e2-blocking-100,binary,100,bot_72,4007,b,10,25.66,25,120.43,139,18.57,0
e2-blocking-100,binary,100,bot_72,4007,b,12,22.56,25,89.31,95,5.69,0
e2-blocking-100,binary,100,bot_72,4007,b,14,15.56,25,139.66,150,10.34,0
e2-blocking-100,binary,100,bot_72,4007,b,16,81.93,25,101.64,185,83.36,0
e2-blocking-100,binary,100,bot_72,4007,b,18,76.49,25,117.16,181,63.84,0
e2-blocking-100,binary,100,bot_72,4007,b,20,67.46,25,109.76,169,59.24,0
e2-blocking-100,binary,100,bot_72,4007,b,22,59.5,25,162.05,220,57.95,0
e2-blocking-100,binary,100,bot_72,4007,b,24,55.54,25,145.91,196,50.09,0
e2-blocking-100,binary,100,bot_72,4007,b,26,38.89,25,168.12,215,46.88,0
e2-blocking-100,binary,100,bot_72,4007,b,28,28.52,25,202.92,237,34.08,0
e2-blocking-100,binary,100,bot_72,4007,b,30,26.13,25,210.24,220,9.76,0
e2-blocking-100,binary,100,bot_72,4007,b,32,19.21,25,227.44,234,6.56,0
e2-blocking-100,binary,100,bot_72,4007,b,34,19.53,25,243.28,243,-0.28,0
e2-blocking-100,binary,100,bot_72,4007,b,36,151.21,25,245.87,233,-12.87,0
e2-blocking-100,binary,100,bot_72,4007,b,38,129.76,25,135.26,254,118.74,0
e2-blocking-100,binary,100,bot_72,4007,b,40,121.93,25,141.55,267,125.45,0
e2-blocking-100,binary,100,bot_72,4007,b,42,121.26,25,162.47,269,106.53,0
e2-blocking-100,binary,100,bot_72,4007,b,44,119.95,25,151.28,257,105.72,0
e2-blocking-100,binary,100,bot_72,4007,b,46,68.13,25,189.56,284,94.44,0
e2-blocking-100,binary,100,bot_72,4007,b,48,65.91,25,221.96,262,40.04,0
e2-blocking-100,binary,100,bot_72,4007,b,50,54.64,25,193.43,222,28.57,0
e2-blocking-100,binary,100,bot_72,4007,b,52,40.26,25,189.17,203,13.83,0
e2-blocking-100,binary,100,bot_72,4007,b,54,28.31,25,200.29,206,5.71,0
e2-blocking-100,binary,100,bot_72,4007,b,56,24.81,25,205.22,198,-7.22,0
e2-blocking-100,binary,100,bot_72,4007,b,58,17.36,25,215.62,206,-9.62,0
e2-blocking-100,binary,100,bot_72,4007,b,60,106.48,25,104.11,201,96.89,0
e2-blocking-100,binary,100,bot_73,4008,w,1,28.86,25,63.24,72,8.76,0
e2-blocking-100,binary,100,bot_73,4008,w,3,22.73,25,73.52,86,12.48,0
e2-blocking-100,binary,100,bot_73,4008,w,5,20.71,25,96.05,110,13.95,0
e2-blocking-100,binary,100,bot_73,4008,w,7,27.1,25,95.28,109,13.72,0
e2-blocking-100,binary,100,bot_73,4008,w,9,29.61,25,115.65,135,19.35,0
e2-blocking-100,binary,100,bot_73,4008,w,11,25.15,25,86.25,88,1.75,0
e2-blocking-100,binary,100,bot_73,4008,w,13,22.05,25,133.5,143,9.5,0
e2-blocking-100,binary,100,bot_73,4008,w,15,15.28,25,164.17,166,1.83,0
e2-blocking-100,binary,100,bot_73,4008,w,17,83.8,25,110.69,185,74.31,0
e2-blocking-100,binary,100,bot_73,4008,w,19,74.28,25,103.01,160,56.99,0
e2-blocking-100,binary,100,bot_73,4008,w,21,67.88,25,153.72,210,56.28,0
e2-blocking-100,binary,100,bot_73,4008,w,23,61.89,25,139.43,188,48.57,0
e2-blocking-100,binary,100,bot_73,4008,w,25,46.49,25,160.86,208,47.14,0
e2-blocking-100,binary,100,bot_73,4008,w,27,22.29,25,208.55,247,38.45,0
e2-blocking-100,binary,100,bot_73,4008,w,29,19.14,25,216.85,214,-2.85,0
e2-blocking-100,binary,100,bot_73,4008,w,31,15.78,25,230.84,221,-9.84,0
e2-blocking-100,binary,100,bot_73,4008,w,33,129.8,25,134.28,251,116.72,0
e2-blocking-100,binary,100,bot_73,4008,w,35,128.51,25,140.39,234,93.61,0
e2-blocking-100,binary,100,bot_73,4008,w,37,117.16,25,147.51,249,101.49,0
e2-blocking-100,binary,100,bot_73,4008,w,39,109.11,25,154.65,263,108.35,0
e2-blocking-100,binary,100,bot_73,4008,w,41,104.96,25,178.88,269,90.12,0
e2-blocking-100,binary,100,bot_73,4008,w,43,101.54,25,170.06,257,86.94,0
e2-blocking-100,binary,100,bot_73,4008,w,45,53.05,25,202.93,284,81.07,0
e2-blocking-100,binary,100,bot_73,4008,w,47,49.9,25,238.29,261,22.71,0
e2-blocking-100,binary,100,bot_73,4008,w,49,38.02,25,211.54,224,12.46,0
e2-blocking-100,binary,100,bot_73,4008,w,51,24.51,25,205.55,200,-5.55,0
e2-blocking-100,binary,100,bot_73,4008,w,53,121.44,25,214.99,202,-12.99,0
e2-blocking-100,binary,100,bot_73,4008,w,55,122.6,25,111.28,200,88.72,0
e2-blocking-100,binary,100,bot_73,4008,w,57,121,25,135.82,208,72.18,0
e2-blocking-100,binary,100,bot_73,4008,w,59,88.88,25,121.77,186,64.23,0
e2-blocking-100,binary,100,bot_74,4008,b,2,29.54,25,72.32,80,7.68,0
e2-blocking-100,binary,100,bot_74,4008,b,4,31.52,25,86.39,88,1.61,0
e2-blocking-100,binary,100,bot_74,4008,b,6,31.81,25,86.03,85,-1.03,0
e2-blocking-100,binary,100,bot_74,4008,b,8,36.76,25,96.83,104,7.17,0
e2-blocking-100,binary,100,bot_74,4008,b,10,18.98,25,116.92,127,10.08,0
e2-blocking-100,binary,100,bot_74,4008,b,12,26.9,25,142.21,145,2.79,0
e2-blocking-100,binary,100,bot_74,4008,b,14,18.38,25,159.91,161,1.09,0
e2-blocking-100,binary,100,bot_74,4008,b,16,92.13,25,184.42,180,-4.42,0
e2-blocking-100,binary,100,bot_74,4008,b,18,74.97,25,117.18,180,62.82,0
e2-blocking-100,binary,100,bot_74,4008,b,20,72.83,25,125.77,179,53.23,0
e2-blocking-100,binary,100,bot_74,4008,b,22,65.75,25,140.62,188,47.38,0
e2-blocking-100,binary,100,bot_74,4008,b,24,63.55,25,164.78,206,41.22,0
e2-blocking-100,binary,100,bot_74,4008,b,26,67.29,25,179.81,205,25.19,0
e2-blocking-100,binary,100,bot_74,4008,b,28,25.74,25,213.34,205,-8.34,0
e2-blocking-100,binary,100,bot_74,4008,b,30,18.96,25,232.05,220,-12.05,0
e2-blocking-100,binary,100,bot_74,4008,b,32,144.57,25,252.27,237,-15.27,0
e2-blocking-100,binary,100,bot_74,4008,b,34,121.53,25,139.79,238,98.21,0
e2-blocking-100,binary,100,bot_74,4008,b,36,129.25,25,163.1,260,96.9,0
e2-blocking-100,binary,100,bot_74,4008,b,38,136.41,25,179.1,265,85.9,0
e2-blocking-100,binary,100,bot_74,4008,b,40,119.03,25,188.14,266,77.86,0
e2-blocking-100,binary,100,bot_74,4008,b,42,114.79,25,180.95,255,74.05,0
e2-blocking-100,binary,100,bot_74,4008,b,44,115.17,25,191.22,262,70.78,0
e2-blocking-100,binary,100,bot_74,4008,b,46,58.43,25,264.02,278,13.98,0
e2-blocking-100,binary,100,bot_74,4008,b,48,46.35,25,272.01,284,11.99,0
e2-blocking-100,binary,100,bot_74,4008,b,50,30.49,25,236.04,236,-0.04,0
e2-blocking-100,binary,100,bot_74,4008,b,52,21.87,25,233.5,220,-13.5,0
e2-blocking-100,binary,100,bot_74,4008,b,54,124.29,25,108.58,192,83.42,0
e2-blocking-100,binary,100,bot_74,4008,b,56,106.68,25,123.43,207,83.57,0
e2-blocking-100,binary,100,bot_74,4008,b,58,99.03,25,114.55,197,82.45,0
e2-blocking-100,binary,100,bot_74,4008,b,60,91.85,25,130.14,180,49.86,0
e2-blocking-100,binary,100,bot_75,4009,w,1,33.36,25,68.64,91,22.36,0
e2-blocking-100,binary,100,bot_75,4009,w,3,41.79,25,75.38,89,13.63,0
e2-blocking-100,binary,100,bot_75,4009,w,5,36.78,25,80.59,94,13.41,0
e2-blocking-100,binary,100,bot_75,4009,w,7,42.9,25,90.13,111,20.87,0
e2-blocking-100,binary,100,bot_75,4009,w,9,25.56,25,112.26,137,24.74,0
e2-blocking-100,binary,100,bot_75,4009,w,11,38.63,25,129.97,148,18.03,0
e2-blocking-100,binary,100,bot_75,4009,w,13,33.53,25,144.74,164,19.26,0
e2-blocking-100,binary,100,bot_75,4009,w,15,26.53,25,170.65,180,9.35,0
e2-blocking-100,binary,100,bot_75,4009,w,17,103.6,25,173.35,178,4.65,0
e2-blocking-100,binary,100,bot_75,4009,w,19,87.36,25,111.18,180,68.82,0
e2-blocking-100,binary,100,bot_75,4009,w,21,81.18,25,124.88,188,63.12,0
e2-blocking-100,binary,100,bot_75,4009,w,23,79.87,25,148,204,56,0
e2-blocking-100,binary,100,bot_75,4009,w,25,82.8,25,163.99,203,39.01,0
e2-blocking-100,binary,100,bot_75,4009,w,27,28.81,25,209.98,210,0.02,0
e2-blocking-100,binary,100,bot_75,4009,w,29,23.2,25,227.43,225,-2.43,0
e2-blocking-100,binary,100,bot_75,4009,w,31,17.18,25,248.95,242,-6.95,0
e2-blocking-100,binary,100,bot_75,4009,w,33,125.4,25,136.07,256,119.93,0
e2-blocking-100,binary,100,bot_75,4009,w,35,135.61,25,156.43,264,107.57,0
e2-blocking-100,binary,100,bot_75,4009,w,37,142.24,25,173.66,271,97.34,0
e2-blocking-100,binary,100,bot_75,4009,w,39,123.02,25,183.87,275,91.13,0
e2-blocking-100,binary,100,bot_75,4009,w,41,119.37,25,176.08,262,85.92,0
e2-blocking-100,binary,100,bot_75,4009,w,43,119.77,25,185.67,272,86.33,0
e2-blocking-100,binary,100,bot_75,4009,w,45,64.64,25,257.72,284,26.28,0
e2-blocking-100,binary,100,bot_75,4009,w,47,49.98,25,268.38,291,22.62,0
e2-blocking-100,binary,100,bot_75,4009,w,49,36.74,25,230.93,243,12.07,0
e2-blocking-100,binary,100,bot_75,4009,w,51,25.87,25,230.01,230,-0.01,0
e2-blocking-100,binary,100,bot_75,4009,w,53,12.19,25,201.26,191,-10.26,0
e2-blocking-100,binary,100,bot_75,4009,w,55,111.06,25,120.24,231,110.76,0
e2-blocking-100,binary,100,bot_75,4009,w,57,103.99,25,109.45,200,90.55,0
e2-blocking-100,binary,100,bot_75,4009,w,59,97.02,25,125.4,192,66.6,0
e2-blocking-100,binary,100,bot_76,4009,b,2,26.61,25,69.93,90,20.07,0
e2-blocking-100,binary,100,bot_76,4009,b,4,25.2,25,91.58,120,28.42,0
e2-blocking-100,binary,100,bot_76,4009,b,6,32.34,25,90.7,113,22.3,0
e2-blocking-100,binary,100,bot_76,4009,b,8,37.41,25,107.77,137,29.23,0
e2-blocking-100,binary,100,bot_76,4009,b,10,29.92,25,81.53,93,11.47,0
e2-blocking-100,binary,100,bot_76,4009,b,12,30.79,25,124.84,149,24.16,0
e2-blocking-100,binary,100,bot_76,4009,b,14,21.33,25,158.75,178,19.25,0
e2-blocking-100,binary,100,bot_76,4009,b,16,16.89,25,171.03,184,12.97,0
e2-blocking-100,binary,100,bot_76,4009,b,18,79.9,25,97.29,186,88.71,0
e2-blocking-100,binary,100,bot_76,4009,b,20,75.34,25,146.55,220,73.45,0
e2-blocking-100,binary,100,bot_76,4009,b,22,68.34,25,133.29,200,66.71,0
e2-blocking-100,binary,100,bot_76,4009,b,24,50.58,25,157.41,224,66.59,0
e2-blocking-100,binary,100,bot_76,4009,b,26,24.77,25,206.08,264,57.92,0
e2-blocking-100,binary,100,bot_76,4009,b,28,20.7,25,215.21,218,2.79,0
e2-blocking-100,binary,100,bot_76,4009,b,30,16.39,25,230.38,228,-2.38,0
e2-blocking-100,binary,100,bot_76,4009,b,32,144.08,25,249.7,240,-9.7,0
e2-blocking-100,binary,100,bot_76,4009,b,34,131.34,25,137.47,237,99.53,0
e2-blocking-100,binary,100,bot_76,4009,b,36,121.84,25,143.04,253,109.96,0
e2-blocking-100,binary,100,bot_76,4009,b,38,114.97,25,148.78,265,116.22,0
e2-blocking-100,binary,100,bot_76,4009,b,40,110.58,25,172.77,270,97.23,0
e2-blocking-100,binary,100,bot_76,4009,b,42,109.2,25,162.08,256,93.92,0
e2-blocking-100,binary,100,bot_76,4009,b,44,58.32,25,199.4,286,86.6,0
e2-blocking-100,binary,100,bot_76,4009,b,46,55.73,25,232.3,265,32.7,0
e2-blocking-100,binary,100,bot_76,4009,b,48,44.01,25,204.1,222,17.9,0
e2-blocking-100,binary,100,bot_76,4009,b,50,31.49,25,198.06,202,3.94,0
e2-blocking-100,binary,100,bot_76,4009,b,52,21.75,25,206.83,200,-6.83,0
e2-blocking-100,binary,100,bot_76,4009,b,54,143.52,25,216.9,197,-19.9,0
e2-blocking-100,binary,100,bot_76,4009,b,56,130.97,25,125.46,204,78.54,0
e2-blocking-100,binary,100,bot_76,4009,b,58,97.95,25,112.4,183,70.6,0
e2-blocking-100,binary,100,bot_76,4009,b,60,88.01,25,131.39,196,64.61,0
e2-blocking-100,binary,100,bot_77,4010,w,1,24.15,25,80.94,90,9.06,0
e2-blocking-100,binary,100,bot_77,4010,w,3,33.27,25,105.37,105,-0.37,0
e2-blocking-100,binary,100,bot_77,4010,w,5,22.7,25,97.95,96,-1.95,0
e2-blocking-100,binary,100,bot_77,4010,w,7,12.58,25,127.63,123,-4.63,0
e2-blocking-100,binary,100,bot_77,4010,w,9,48.01,25,59.83,112,52.17,0
e2-blocking-100,binary,100,bot_77,4010,w,11,61.21,25,94.46,146,51.54,0
e2-blocking-100,binary,100,bot_77,4010,w,13,53.83,25,125.74,175,49.26,0
e2-blocking-100,binary,100,bot_77,4010,w,15,52,25,136.06,181,44.94,0
e2-blocking-100,binary,100,bot_77,4010,w,17,43.11,25,141.3,165,23.7,0
e2-blocking-100,binary,100,bot_77,4010,w,19,54.27,25,172.91,194,21.09,0
e2-blocking-100,binary,100,bot_77,4010,w,21,34.09,25,182.64,202,19.36,0
e2-blocking-100,binary,100,bot_77,4010,w,23,33.13,25,200.77,221,20.23,0
e2-blocking-100,binary,100,bot_77,4010,w,25,24.97,25,220,241,21,0
e2-blocking-100,binary,100,bot_77,4010,w,27,18.52,25,228.57,234,5.43,0
e2-blocking-100,binary,100,bot_77,4010,w,29,89.02,25,158.75,263,104.25,0
e2-blocking-100,binary,100,bot_77,4010,w,31,89.46,25,174.32,260,85.68,0
e2-blocking-100,binary,100,bot_77,4010,w,33,79.53,25,176.98,252,75.02,0
e2-blocking-100,binary,100,bot_77,4010,w,35,74.44,25,204.54,285,80.46,0
e2-blocking-100,binary,100,bot_77,4010,w,37,67.5,25,231.72,304,72.28,0
e2-blocking-100,binary,100,bot_77,4010,w,39,68.66,25,227.87,291,63.13,0
e2-blocking-100,binary,100,bot_77,4010,w,41,55.06,25,234.36,288,53.64,0
e2-blocking-100,binary,100,bot_77,4010,w,43,62.62,25,258,294,36,0
e2-blocking-100,binary,100,bot_77,4010,w,45,40.8,25,265.71,306,40.29,0
e2-blocking-100,binary,100,bot_77,4010,w,47,29.38,25,264.92,286,21.08,0
e2-blocking-100,binary,100,bot_77,4010,w,49,20.65,25,239.39,236,-3.39,0
e2-blocking-100,binary,100,bot_77,4010,w,51,70.5,25,159.51,247,87.49,0
e2-blocking-100,binary,100,bot_77,4010,w,53,62.95,25,165.57,210,44.43,0
e2-blocking-100,binary,100,bot_77,4010,w,55,66.11,25,167.82,216,48.18,0
e2-blocking-100,binary,100,bot_77,4010,w,57,60.32,25,155.87,184,28.13,0
e2-blocking-100,binary,100,bot_77,4010,w,59,57.6,25,176.97,213,36.03,0
e2-blocking-100,binary,100,bot_78,4010,b,2,18.3,25,72.62,80,7.38,0
e2-blocking-100,binary,100,bot_78,4010,b,4,14.53,25,86.78,101,14.22,0
e2-blocking-100,binary,100,bot_78,4010,b,6,12.15,25,105.83,111,5.17,0
e2-blocking-100,binary,100,bot_78,4010,b,8,69.23,25,136.68,130,-6.68,0
e2-blocking-100,binary,100,bot_78,4010,b,10,69.46,25,100.82,131,30.18,0
e2-blocking-100,binary,100,bot_78,4010,b,12,67.43,25,111.68,156,44.32,0
e2-blocking-100,binary,100,bot_78,4010,b,14,62.46,25,135.29,170,34.71,0
e2-blocking-100,binary,100,bot_78,4010,b,16,42.41,25,144.88,178,33.12,0
e2-blocking-100,binary,100,bot_78,4010,b,18,39.65,25,151.38,176,24.62,0
e2-blocking-100,binary,100,bot_78,4010,b,20,38.12,25,160.03,198,37.97,0
e2-blocking-100,binary,100,bot_78,4010,b,22,38.44,25,172.18,188,15.82,0
e2-blocking-100,binary,100,bot_78,4010,b,24,36.41,25,174.84,190,15.16,0
e2-blocking-100,binary,100,bot_78,4010,b,26,20.62,25,199.29,209,9.71,0
e2-blocking-100,binary,100,bot_78,4010,b,28,120.12,25,224.14,228,3.86,0
e2-blocking-100,binary,100,bot_78,4010,b,30,101.22,25,163.96,237,73.04,0
e2-blocking-100,binary,100,bot_78,4010,b,32,90.54,25,175.38,250,74.62,0
e2-blocking-100,binary,100,bot_78,4010,b,34,95.33,25,186.81,250,63.19,0
e2-blocking-100,binary,100,bot_78,4010,b,36,88.84,25,194.88,255,60.12,0
e2-blocking-100,binary,100,bot_78,4010,b,38,79.54,25,202.05,256,53.95,0
e2-blocking-100,binary,100,bot_78,4010,b,40,69.76,25,210.59,264,53.41,0
e2-blocking-100,binary,100,bot_78,4010,b,42,61.8,25,209.94,249,39.06,0
e2-blocking-100,binary,100,bot_78,4010,b,44,65.43,25,235.34,272,36.66,0
e2-blocking-100,binary,100,bot_78,4010,b,46,46.73,25,250.23,265,14.77,0
e2-blocking-100,binary,100,bot_78,4010,b,48,22.95,25,223.4,227,3.6,0
e2-blocking-100,binary,100,bot_78,4010,b,50,112.35,25,222.27,216,-6.27,0
e2-blocking-100,binary,100,bot_78,4010,b,52,71.75,25,144.69,190,45.31,0
e2-blocking-100,binary,100,bot_78,4010,b,54,74.87,25,170.21,208,37.79,0
e2-blocking-100,binary,100,bot_78,4010,b,56,53.54,25,183.46,224,40.54,0
e2-blocking-100,binary,100,bot_78,4010,b,58,60.74,25,156.27,191,34.73,0
e2-blocking-100,binary,100,bot_78,4010,b,60,59.36,25,161.83,193,31.17,0
e2-blocking-100,binary,100,bot_79,4011,w,1,23.32,25,72.68,91,18.32,0
e2-blocking-100,binary,100,bot_79,4011,w,3,19.02,25,56.56,104,47.44,0
e2-blocking-100,binary,100,bot_79,4011,w,5,48.57,25,72.2,108,35.8,0
e2-blocking-100,binary,100,bot_79,4011,w,7,44.05,25,103.89,132,28.11,0
e2-blocking-100,binary,100,bot_79,4011,w,9,48.47,25,97.29,113,15.71,0
e2-blocking-100,binary,100,bot_79,4011,w,11,45.04,25,119.27,144,24.73,0
e2-blocking-100,binary,100,bot_79,4011,w,13,42.57,25,140.97,171,30.03,0
e2-blocking-100,binary,100,bot_79,4011,w,15,34.95,25,159.42,178,18.58,0
e2-blocking-100,binary,100,bot_79,4011,w,17,27.17,25,149.52,166,16.48,0
e2-blocking-100,binary,100,bot_79,4011,w,19,17.4,25,201.46,214,12.54,0
e2-blocking-100,binary,100,bot_79,4011,w,21,13.43,25,188.09,193,4.91,0
e2-blocking-100,binary,100,bot_79,4011,w,23,109.93,25,97.41,209,111.59,0
e2-blocking-100,binary,100,bot_79,4011,w,25,104.36,25,119.57,202,82.43,0
e2-blocking-100,binary,100,bot_79,4011,w,27,105.41,25,135.73,215,79.27,0
e2-blocking-100,binary,100,bot_79,4011,w,29,107.32,25,144.4,225,80.6,0
e2-blocking-100,binary,100,bot_79,4011,w,31,102.57,25,160.76,236,75.24,0
e2-blocking-100,binary,100,bot_79,4011,w,33,98.68,25,169.49,230,60.51,0
e2-blocking-100,binary,100,bot_79,4011,w,35,85.02,25,179.76,244,64.24,0
e2-blocking-100,binary,100,bot_79,4011,w,37,75.97,25,186.94,253,66.06,0
e2-blocking-100,binary,100,bot_79,4011,w,39,68.56,25,215.06,272,56.94,0
e2-blocking-100,binary,100,bot_79,4011,w,41,60.69,25,210.95,262,51.05,0
e2-blocking-100,binary,100,bot_79,4011,w,43,31.18,25,221.93,259,37.07,0
e2-blocking-100,binary,100,bot_79,4011,w,45,25.86,25,262.2,259,-3.2,0
e2-blocking-100,binary,100,bot_79,4011,w,47,24.07,25,224.37,214,-10.37,0
e2-blocking-100,binary,100,bot_79,4011,w,49,125.87,25,113.78,213,99.22,0
e2-blocking-100,binary,100,bot_79,4011,w,51,98.36,25,109.03,194,84.97,0
e2-blocking-100,binary,100,bot_79,4011,w,53,111.29,25,122.36,195,72.64,0
e2-blocking-100,binary,100,bot_79,4011,w,55,107.64,25,149.12,209,59.88,0
e2-blocking-100,binary,100,bot_79,4011,w,57,86.65,25,123.58,174,50.42,0
e2-blocking-100,binary,100,bot_79,4011,w,59,80.91,25,138.5,189,50.5,0
e2-blocking-100,binary,100,bot_80,4011,b,2,61.8,25,97.84,105,7.16,0
e2-blocking-100,binary,100,bot_80,4011,b,4,49.54,25,98.08,98,-0.08,0
e2-blocking-100,binary,100,bot_80,4011,b,6,41.83,25,96.41,126,29.59,0
e2-blocking-100,binary,100,bot_80,4011,b,8,28.6,25,89.57,115,25.43,0
e2-blocking-100,binary,100,bot_80,4011,b,10,38.52,25,121.56,152,30.44,0
e2-blocking-100,binary,100,bot_80,4011,b,12,43.53,25,140.96,168,27.04,0
e2-blocking-100,binary,100,bot_80,4011,b,14,32.29,25,159.07,184,24.93,0
e2-blocking-100,binary,100,bot_80,4011,b,16,30.19,25,160.9,177,16.1,0
e2-blocking-100,binary,100,bot_80,4011,b,18,26.96,25,172.87,183,10.13,0
e2-blocking-100,binary,100,bot_80,4011,b,20,18.73,25,189.97,190,0.03,0
e2-blocking-100,binary,100,bot_80,4011,b,22,125.37,25,216.53,210,-6.53,0
e2-blocking-100,binary,100,bot_80,4011,b,24,109.09,25,137.28,219,81.72,0
e2-blocking-100,binary,100,bot_80,4011,b,26,106.67,25,136.83,212,75.17,0
e2-blocking-100,binary,100,bot_80,4011,b,28,106.83,25,148.4,225,76.6,0
e2-blocking-100,binary,100,bot_80,4011,b,30,101.46,25,167.62,247,79.38,0
e2-blocking-100,binary,100,bot_80,4011,b,32,86.2,25,174.64,248,73.36,0
e2-blocking-100,binary,100,bot_80,4011,b,34,91.23,25,201.78,272,70.22,0
e2-blocking-100,binary,100,bot_80,4011,b,36,93.05,25,223.83,280,56.17,0
e2-blocking-100,binary,100,bot_80,4011,b,38,82.75,25,223.66,270,46.34,0
e2-blocking-100,binary,100,bot_80,4011,b,40,76.93,25,218.93,258,39.07,0
e2-blocking-100,binary,100,bot_80,4011,b,42,72.64,25,235.39,265,29.61,0
e2-blocking-100,binary,100,bot_80,4011,b,44,31.88,25,290.72,285,-5.72,0
e2-blocking-100,binary,100,bot_80,4011,b,46,23.51,25,295,283,-12,0
e2-blocking-100,binary,100,bot_80,4011,b,48,135.36,25,249.94,237,-12.94,0
e2-blocking-100,binary,100,bot_80,4011,b,50,120.44,25,135.58,226,90.42,0
e2-blocking-100,binary,100,bot_80,4011,b,52,108.62,25,123.83,185,61.17,0
e2-blocking-100,binary,100,bot_80,4011,b,54,95.63,25,134.03,208,73.97,0
e2-blocking-100,binary,100,bot_80,4011,b,56,85.76,25,126.68,197,70.32,0
e2-blocking-100,binary,100,bot_80,4011,b,58,85.67,25,136.15,186,49.85,0
e2-blocking-100,binary,100,bot_80,4011,b,60,81.98,25,148.8,193,44.2,0
e2-blocking-100,binary,100,bot_81,4012,w,1,62.41,25,97.39,114,16.61,0
e2-blocking-100,binary,100,bot_81,4012,w,3,51.18,25,96.89,100,3.11,0
e2-blocking-100,binary,100,bot_81,4012,w,5,42.91,25,95.06,127,31.94,0
e2-blocking-100,binary,100,bot_81,4012,w,7,29.79,25,88.37,117,28.63,0
e2-blocking-100,binary,100,bot_81,4012,w,9,41.45,25,118.69,154,35.31,0
e2-blocking-100,binary,100,bot_81,4012,w,11,45.16,25,138.88,167,28.12,0
e2-blocking-100,binary,100,bot_81,4012,w,13,34.03,25,157.4,186,28.6,0
e2-blocking-100,binary,100,bot_81,4012,w,15,31.41,25,159.69,181,21.31,0
e2-blocking-100,binary,100,bot_81,4012,w,17,28.44,25,171.47,185,13.53,0
e2-blocking-100,binary,100,bot_81,4012,w,19,20.39,25,188.21,193,4.79,0
e2-blocking-100,binary,100,bot_81,4012,w,21,13.75,25,215.29,215,-0.29,0
e2-blocking-100,binary,100,bot_81,4012,w,23,111.7,25,135.56,232,96.44,0
e2-blocking-100,binary,100,bot_81,4012,w,25,109.22,25,134.76,214,79.24,0
e2-blocking-100,binary,100,bot_81,4012,w,27,109.9,25,145.58,229,83.42,0
e2-blocking-100,binary,100,bot_81,4012,w,29,106.22,25,163.19,247,83.81,0
e2-blocking-100,binary,100,bot_81,4012,w,31,92.81,25,168.17,247,78.83,0
e2-blocking-100,binary,100,bot_81,4012,w,33,97.45,25,195.44,271,75.56,0
e2-blocking-100,binary,100,bot_81,4012,w,35,101.91,25,214.19,276,61.81,0
e2-blocking-100,binary,100,bot_81,4012,w,37,90.86,25,215.66,268,52.34,0
e2-blocking-100,binary,100,bot_81,4012,w,39,83.96,25,211.63,258,46.37,0
e2-blocking-100,binary,100,bot_81,4012,w,41,81.33,25,227.26,264,36.74,0
e2-blocking-100,binary,100,bot_81,4012,w,43,27.94,25,294.39,286,-8.39,0
e2-blocking-100,binary,100,bot_81,4012,w,45,20.15,25,298.6,284,-14.6,0
e2-blocking-100,binary,100,bot_81,4012,w,47,116.45,25,141.26,253,111.74,0
e2-blocking-100,binary,100,bot_81,4012,w,49,116.45,25,139.8,226,86.2,0
e2-blocking-100,binary,100,bot_81,4012,w,51,104.53,25,127.88,185,57.12,0
e2-blocking-100,binary,100,bot_81,4012,w,53,91.69,25,137.95,211,73.05,0
e2-blocking-100,binary,100,bot_81,4012,w,55,82.55,25,130.09,198,67.91,0
e2-blocking-100,binary,100,bot_81,4012,w,57,83.23,25,138.83,187,48.17,0
e2-blocking-100,binary,100,bot_81,4012,w,59,79.46,25,151.42,194,42.58,0
e2-blocking-100,binary,100,bot_82,4012,b,2,21.6,25,53.95,102,48.05,0
e2-blocking-100,binary,100,bot_82,4012,b,4,49.71,25,71.23,109,37.77,0
e2-blocking-100,binary,100,bot_82,4012,b,6,45.37,25,102.13,132,29.87,0
e2-blocking-100,binary,100,bot_82,4012,b,8,51.46,25,94.52,110,15.48,0
e2-blocking-100,binary,100,bot_82,4012,b,10,45.3,25,119.03,146,26.97,0
e2-blocking-100,binary,100,bot_82,4012,b,12,45.27,25,138.05,169,30.95,0
e2-blocking-100,binary,100,bot_82,4012,b,14,38.07,25,156.24,175,18.76,0
e2-blocking-100,binary,100,bot_82,4012,b,16,29.48,25,146.87,164,17.13,0
e2-blocking-100,binary,100,bot_82,4012,b,18,21.96,25,197.11,210,12.89,0
e2-blocking-100,binary,100,bot_82,4012,b,20,17.29,25,184.07,190,5.93,0
e2-blocking-100,binary,100,bot_82,4012,b,22,122.91,25,196.22,196,-0.22,0
e2-blocking-100,binary,100,bot_82,4012,b,24,108,25,116.1,201,84.9,0
e2-blocking-100,binary,100,bot_82,4012,b,26,110.35,25,130.55,214,83.45,0
e2-blocking-100,binary,100,bot_82,4012,b,28,111.42,25,140.64,224,83.36,0
e2-blocking-100,binary,100,bot_82,4012,b,30,106.52,25,157.06,236,78.94,0
e2-blocking-100,binary,100,bot_82,4012,b,32,102.78,25,165.76,232,66.24,0
e2-blocking-100,binary,100,bot_82,4012,b,34,89.97,25,174.65,246,71.35,0
e2-blocking-100,binary,100,bot_82,4012,b,36,80.33,25,183.84,259,75.16,0
e2-blocking-100,binary,100,bot_82,4012,b,38,73.53,25,210.23,275,64.77,0
e2-blocking-100,binary,100,bot_82,4012,b,40,65.11,25,206.65,265,58.35,0
e2-blocking-100,binary,100,bot_82,4012,b,42,26.78,25,225.74,272,46.26,0
e2-blocking-100,binary,100,bot_82,4012,b,44,22.02,25,266.1,260,-6.1,0
e2-blocking-100,binary,100,bot_82,4012,b,46,148.13,25,228.12,214,-14.12,0
e2-blocking-100,binary,100,bot_82,4012,b,48,122.21,25,116.95,198,81.05,0
e2-blocking-100,binary,100,bot_82,4012,b,50,93.35,25,113.98,195,81.02,0
e2-blocking-100,binary,100,bot_82,4012,b,52,108.7,25,125.12,194,68.88,0
e2-blocking-100,binary,100,bot_82,4012,b,54,103.01,25,153.46,209,55.54,0
e2-blocking-100,binary,100,bot_82,4012,b,56,84.67,25,125.71,174,48.29,0
e2-blocking-100,binary,100,bot_82,4012,b,58,78.49,25,141.1,189,47.9,0
e2-blocking-100,binary,100,bot_82,4012,b,60,66.5,25,143.21,188,44.79,0
e2-blocking-100,binary,100,bot_83,4013,w,1,4.27,25,53.51,113,59.49,0
e2-blocking-100,binary,100,bot_83,4013,w,3,53.49,25,68.33,119,50.67,0
e2-blocking-100,binary,100,bot_83,4013,w,5,49.2,25,98.37,132,33.63,0
e2-blocking-100,binary,100,bot_83,4013,w,7,58.52,25,87.47,106,18.53,0
e2-blocking-100,binary,100,bot_83,4013,w,9,54.59,25,109.65,142,32.35,0
e2-blocking-100,binary,100,bot_83,4013,w,11,54.63,25,128.18,165,36.82,0
e2-blocking-100,binary,100,bot_83,4013,w,13,46.74,25,147.13,173,25.87,0
e2-blocking-100,binary,100,bot_83,4013,w,15,37.68,25,138.08,162,23.92,0
e2-blocking-100,binary,100,bot_83,4013,w,17,31.84,25,187.63,211,23.37,0
e2-blocking-100,binary,100,bot_83,4013,w,19,25.02,25,176.27,190,13.73,0
e2-blocking-100,binary,100,bot_83,4013,w,21,19.87,25,186.34,195,8.66,0
e2-blocking-100,binary,100,bot_83,4013,w,23,17.96,25,212.4,211,-1.4,0
e2-blocking-100,binary,100,bot_83,4013,w,25,13.77,25,221.72,216,-5.72,0
e2-blocking-100,binary,100,bot_83,4013,w,27,125.42,25,127.19,237,109.81,0
e2-blocking-100,binary,100,bot_83,4013,w,29,122.42,25,141.03,237,95.97,0
e2-blocking-100,binary,100,bot_83,4013,w,31,119.52,25,148.95,235,86.05,0
e2-blocking-100,binary,100,bot_83,4013,w,33,107.49,25,157.06,249,91.94,0
e2-blocking-100,binary,100,bot_83,4013,w,35,97.72,25,165.69,264,98.31,0
e2-blocking-100,binary,100,bot_83,4013,w,37,95.94,25,187.64,271,83.36,0
e2-blocking-100,binary,100,bot_83,4013,w,39,89.94,25,181.47,260,78.53,0
e2-blocking-100,binary,100,bot_83,4013,w,41,23.84,25,228.76,305,76.24,0
e2-blocking-100,binary,100,bot_83,4013,w,43,17.84,25,270.06,259,-11.06,0
e2-blocking-100,binary,100,bot_83,4013,w,45,124.29,25,124.69,237,112.31,0
e2-blocking-100,binary,100,bot_83,4013,w,47,119.19,25,119.79,202,82.21,0
e2-blocking-100,binary,100,bot_83,4013,w,49,89.93,25,117.47,193,75.53,0
e2-blocking-100,binary,100,bot_83,4013,w,51,105.44,25,128.45,198,69.55,0
e2-blocking-100,binary,100,bot_83,4013,w,53,99.79,25,157.12,211,53.88,0
e2-blocking-100,binary,100,bot_83,4013,w,55,82.88,25,126.99,173,46.01,0
e2-blocking-100,binary,100,bot_83,4013,w,57,75.86,25,143.63,187,43.37,0
e2-blocking-100,binary,100,bot_83,4013,w,59,63.65,25,145.91,186,40.09,0
e2-blocking-100,binary,100,bot_84,4013,b,2,64.34,25,101.8,77,-24.8,0
e2-blocking-100,binary,100,bot_84,4013,b,4,47.22,25,90.56,114,23.44,0
e2-blocking-100,binary,100,bot_84,4013,b,6,33.19,25,85.42,106,20.58,0
e2-blocking-100,binary,100,bot_84,4013,b,8,46.66,25,113.34,144,30.66,0
e2-blocking-100,binary,100,bot_84,4013,b,10,50.67,25,133.12,159,25.88,0
e2-blocking-100,binary,100,bot_84,4013,b,12,40.6,25,151.66,178,26.34,0
e2-blocking-100,binary,100,bot_84,4013,b,14,37.29,25,153.79,172,18.21,0
e2-blocking-100,binary,100,bot_84,4013,b,16,36.96,25,163.16,173,9.84,0
e2-blocking-100,binary,100,bot_84,4013,b,18,27.84,25,180.48,183,2.52,0
e2-blocking-100,binary,100,bot_84,4013,b,20,21.66,25,207.32,203,-4.32,0
e2-blocking-100,binary,100,bot_84,4013,b,22,24,25,219.34,209,-10.34,0
e2-blocking-100,binary,100,bot_84,4013,b,24,20.22,25,219.17,201,-18.17,0
e2-blocking-100,binary,100,bot_84,4013,b,26,136.46,25,237.91,215,-22.91,0
e2-blocking-100,binary,100,bot_84,4013,b,28,122.65,25,146.33,235,88.67,0
e2-blocking-100,binary,100,bot_84,4013,b,30,112.06,25,148.71,234,85.29,0
e2-blocking-100,binary,100,bot_84,4013,b,32,117.96,25,174.35,257,82.65,0
e2-blocking-100,binary,100,bot_84,4013,b,34,123.1,25,192.58,263,70.42,0
e2-blocking-100,binary,100,bot_84,4013,b,36,108.83,25,197.94,258,60.06,0
e2-blocking-100,binary,100,bot_84,4013,b,38,104.05,25,191.56,250,58.44,0
e2-blocking-100,binary,100,bot_84,4013,b,40,110.48,25,202.3,255,52.7,0
e2-blocking-100,binary,100,bot_84,4013,b,42,23.96,25,298.39,280,-18.39,0
e2-blocking-100,binary,100,bot_84,4013,b,44,145.15,25,301.32,276,-25.32,0
e2-blocking-100,binary,100,bot_84,4013,b,46,116.15,25,140.83,222,81.17,0
e2-blocking-100,binary,100,bot_84,4013,b,48,111.91,25,144.13,221,76.87,0
e2-blocking-100,binary,100,bot_84,4013,b,50,104.57,25,127.86,176,48.14,0
e2-blocking-100,binary,100,bot_84,4013,b,52,88.41,25,141.13,204,62.87,0
e2-blocking-100,binary,100,bot_84,4013,b,54,79.16,25,133.51,190,56.49,0
e2-blocking-100,binary,100,bot_84,4013,b,56,78.22,25,143.77,184,40.23,0
e2-blocking-100,binary,100,bot_84,4013,b,58,73.4,25,157.57,191,33.43,0
e2-blocking-100,binary,100,bot_84,4013,b,60,66.4,25,172.96,201,28.04,0
e2-blocking-100,binary,100,bot_85,4014,w,1,12.15,25,104.81,75,-29.81,0
e2-blocking-100,binary,100,bot_85,4014,w,3,53.86,25,83.71,108,24.29,0
e2-blocking-100,binary,100,bot_85,4014,w,5,37.81,25,81.51,99,17.49,0
e2-blocking-100,binary,100,bot_85,4014,w,7,53.68,25,105.65,132,26.35,0
e2-blocking-100,binary,100,bot_85,4014,w,9,61.15,25,122.09,146,23.91,0
e2-blocking-100,binary,100,bot_85,4014,w,11,52.35,25,139.29,162,22.71,0
e2-blocking-100,binary,100,bot_85,4014,w,13,48.69,25,142.28,157,14.72,0
e2-blocking-100,binary,100,bot_85,4014,w,15,50.1,25,149.44,155,5.56,0
e2-blocking-100,binary,100,bot_85,4014,w,17,39.95,25,167.56,167,-0.56,0
e2-blocking-100,binary,100,bot_85,4014,w,19,34.61,25,193.88,187,-6.88,0
e2-blocking-100,binary,100,bot_85,4014,w,21,37.58,25,207.28,196,-11.28,0
e2-blocking-100,binary,100,bot_85,4014,w,23,23.18,25,215.93,193,-22.93,0
e2-blocking-100,binary,100,bot_85,4014,w,25,16.09,25,235.03,210,-25.03,0
e2-blocking-100,binary,100,bot_85,4014,w,27,127.99,25,141.2,239,97.8,0
e2-blocking-100,binary,100,bot_85,4014,w,29,118.62,25,142.3,226,83.7,0
e2-blocking-100,binary,100,bot_85,4014,w,31,125.23,25,167.23,249,81.77,0
e2-blocking-100,binary,100,bot_85,4014,w,33,131.7,25,184.33,254,69.67,0
e2-blocking-100,binary,100,bot_85,4014,w,35,114.94,25,192.12,254,61.88,0
e2-blocking-100,binary,100,bot_85,4014,w,37,110.5,25,185.2,244,58.8,0
e2-blocking-100,binary,100,bot_85,4014,w,39,118.9,25,195.7,252,56.3,0
e2-blocking-100,binary,100,bot_85,4014,w,41,22.01,25,300.75,276,-24.75,0
e2-blocking-100,binary,100,bot_85,4014,w,43,124.98,25,170.55,291,120.45,0
e2-blocking-100,binary,100,bot_85,4014,w,45,112.11,25,145.15,218,72.85,0
e2-blocking-100,binary,100,bot_85,4014,w,47,107.91,25,148.16,218,69.84,0
e2-blocking-100,binary,100,bot_85,4014,w,49,100.19,25,132.14,173,40.86,0
e2-blocking-100,binary,100,bot_85,4014,w,51,84.77,25,145.04,199,53.96,0
e2-blocking-100,binary,100,bot_85,4014,w,53,76.87,25,136.05,185,48.95,0
e2-blocking-100,binary,100,bot_85,4014,w,55,74,25,148.13,183,34.87,0
e2-blocking-100,binary,100,bot_85,4014,w,57,70.08,25,161.24,189,27.76,0
e2-blocking-100,binary,100,bot_85,4014,w,59,62.74,25,176.58,201,24.42,0
e2-blocking-100,binary,100,bot_86,4014,b,2,61.39,25,114,105,-9,0
e2-blocking-100,binary,100,bot_86,4014,b,4,54.89,25,93.37,126,32.63,0
e2-blocking-100,binary,100,bot_86,4014,b,6,63.29,25,82.81,98,15.19,0
e2-blocking-100,binary,100,bot_86,4014,b,8,60.97,25,104,136,32,0
e2-blocking-100,binary,100,bot_86,4014,b,10,59.71,25,123.17,162,38.83,0
e2-blocking-100,binary,100,bot_86,4014,b,12,52.24,25,141.88,173,31.12,0
e2-blocking-100,binary,100,bot_86,4014,b,14,43.66,25,133.36,161,27.64,0
e2-blocking-100,binary,100,bot_86,4014,b,16,37.11,25,182.96,212,29.04,0
e2-blocking-100,binary,100,bot_86,4014,b,18,30.5,25,171.11,190,18.89,0
e2-blocking-100,binary,100,bot_86,4014,b,20,26.35,25,180.53,194,13.47,0
e2-blocking-100,binary,100,bot_86,4014,b,22,19.79,25,210.59,216,5.41,0
e2-blocking-100,binary,100,bot_86,4014,b,24,16.25,25,219.24,210,-9.24,0
e2-blocking-100,binary,100,bot_86,4014,b,26,140.9,25,233.69,218,-15.69,0
e2-blocking-100,binary,100,bot_86,4014,b,28,126.33,25,137.18,233,95.82,0
e2-blocking-100,binary,100,bot_86,4014,b,30,125.06,25,143.86,230,86.14,0
e2-blocking-100,binary,100,bot_86,4014,b,32,112.65,25,152.14,246,93.86,0
e2-blocking-100,binary,100,bot_86,4014,b,34,105.23,25,158.59,258,99.41,0
e2-blocking-100,binary,100,bot_86,4014,b,36,102.06,25,181.3,264,82.7,0
e2-blocking-100,binary,100,bot_86,4014,b,38,98.49,25,173.02,251,77.98,0
e2-blocking-100,binary,100,bot_86,4014,b,40,22.24,25,230.29,310,79.71,0
e2-blocking-100,binary,100,bot_86,4014,b,42,167.73,25,271.59,254,-17.59,0
e2-blocking-100,binary,100,bot_86,4014,b,44,121.68,25,126.8,214,87.2,0
e2-blocking-100,binary,100,bot_86,4014,b,46,117.4,25,121.69,195,73.31,0
e2-blocking-100,binary,100,bot_86,4014,b,48,87.23,25,119.97,188,68.03,0
e2-blocking-100,binary,100,bot_86,4014,b,50,103.02,25,130.84,192,61.16,0
e2-blocking-100,binary,100,bot_86,4014,b,52,97.56,25,159.25,205,45.75,0
e2-blocking-100,binary,100,bot_86,4014,b,54,82.36,25,127.66,166,38.34,0
e2-blocking-100,binary,100,bot_86,4014,b,56,75.03,25,144.45,179,34.55,0
e2-blocking-100,binary,100,bot_86,4014,b,58,62.74,25,146.73,178,31.27,0
e2-blocking-100,binary,100,bot_86,4014,b,60,50.39,25,152.96,184,31.04,0
e2-blocking-100,binary,100,bot_87,4015,w,1,49.79,25,97.38,113,15.62,0
e2-blocking-100,binary,100,bot_87,4015,w,3,45.37,25,92.59,140,47.41,0
e2-blocking-100,binary,100,bot_87,4015,w,5,31.15,25,87.36,129,41.64,0
e2-blocking-100,binary,100,bot_87,4015,w,7,43.58,25,116.56,166,49.44,0
e2-blocking-100,binary,100,bot_87,4015,w,9,47.25,25,136.64,178,41.36,0
e2-blocking-100,binary,100,bot_87,4015,w,11,36.86,25,154.56,199,44.44,0
e2-blocking-100,binary,100,bot_87,4015,w,13,34.58,25,156.81,192,35.19,0
e2-blocking-100,binary,100,bot_87,4015,w,15,31.55,25,168.34,198,29.66,0
e2-blocking-100,binary,100,bot_87,4015,w,17,23.16,25,185.3,208,22.7,0
e2-blocking-100,binary,100,bot_87,4015,w,19,16.25,25,212.77,228,15.23,0
e2-blocking-100,binary,100,bot_87,4015,w,21,17.31,25,225.75,235,9.25,0
e2-blocking-100,binary,100,bot_87,4015,w,23,16.56,25,222.65,220,-2.65,0
e2-blocking-100,binary,100,bot_87,4015,w,25,122.79,25,133.63,244,110.37,0
e2-blocking-100,binary,100,bot_87,4015,w,27,117.41,25,151.6,255,103.4,0
e2-blocking-100,binary,100,bot_87,4015,w,29,106.5,25,154.31,253,98.69,0
e2-blocking-100,binary,100,bot_87,4015,w,31,111.19,25,181.3,277,95.7,0
e2-blocking-100,binary,100,bot_87,4015,w,33,116.03,25,199.99,283,83.01,0
e2-blocking-100,binary,100,bot_87,4015,w,35,102.3,25,204.73,278,73.27,0
e2-blocking-100,binary,100,bot_87,4015,w,37,98.34,25,197.28,268,70.72,0
e2-blocking-100,binary,100,bot_87,4015,w,39,102.62,25,209.99,274,64.01,0
e2-blocking-100,binary,100,bot_87,4015,w,41,165.33,25,305.76,295,-10.76,0
e2-blocking-100,binary,100,bot_87,4015,w,43,120.25,25,175.41,294,118.59,0
e2-blocking-100,binary,100,bot_87,4015,w,45,107.94,25,150.1,239,88.9,0
e2-blocking-100,binary,100,bot_87,4015,w,47,104.26,25,151.91,237,85.09,0
e2-blocking-100,binary,100,bot_87,4015,w,49,95.95,25,136.69,194,57.31,0
e2-blocking-100,binary,100,bot_87,4015,w,51,80.79,25,148.7,222,73.3,0
e2-blocking-100,binary,100,bot_87,4015,w,53,73.11,25,139.68,207,67.32,0
e2-blocking-100,binary,100,bot_87,4015,w,55,71.35,25,150.52,202,51.48,0
e2-blocking-100,binary,100,bot_87,4015,w,57,65.1,25,166.57,209,42.43,0
e2-blocking-100,binary,100,bot_87,4015,w,59,58.67,25,180.73,216,35.27,0
e2-blocking-100,binary,100,bot_88,4015,b,2,50.79,25,70.22,119,48.78,0
e2-blocking-100,binary,100,bot_88,4015,b,4,46.44,25,101.25,144,42.75,0
e2-blocking-100,binary,100,bot_88,4015,b,6,53.12,25,92.93,120,27.07,0
e2-blocking-100,binary,100,bot_88,4015,b,8,46.57,25,117.75,159,41.25,0
e2-blocking-100,binary,100,bot_88,4015,b,10,47.54,25,135.74,181,45.26,0
e2-blocking-100,binary,100,bot_88,4015,b,12,40.44,25,153.85,186,32.15,0
e2-blocking-100,binary,100,bot_88,4015,b,14,32.85,25,143.75,175,31.25,0
e2-blocking-100,binary,100,bot_88,4015,b,16,25.77,25,193.29,222,28.71,0
e2-blocking-100,binary,100,bot_88,4015,b,18,18.86,25,182.52,203,20.48,0
e2-blocking-100,binary,100,bot_88,4015,b,20,13.73,25,192.43,207,14.57,0
e2-blocking-100,binary,100,bot_88,4015,b,22,15.11,25,214.31,213,-1.31,0
e2-blocking-100,binary,100,bot_88,4015,b,24,130.09,25,224.33,223,-1.33,0
e2-blocking-100,binary,100,bot_88,4015,b,26,121.82,25,130.46,236,105.54,0
e2-blocking-100,binary,100,bot_88,4015,b,28,118.24,25,145.03,245,99.97,0
e2-blocking-100,binary,100,bot_88,4015,b,30,114.04,25,154.42,242,87.58,0
e2-blocking-100,binary,100,bot_88,4015,b,32,102.3,25,162.15,255,92.85,0
e2-blocking-100,binary,100,bot_88,4015,b,34,93.09,25,170.98,269,98.02,0
e2-blocking-100,binary,100,bot_88,4015,b,36,90.82,25,192.95,277,84.05,0
e2-blocking-100,binary,100,bot_88,4015,b,38,83.27,25,188.17,269,80.83,0
e2-blocking-100,binary,100,bot_88,4015,b,40,18.82,25,233.11,307,73.89,0
e2-blocking-100,binary,100,bot_88,4015,b,42,148.13,25,143.56,280,136.44,0
e2-blocking-100,binary,100,bot_88,4015,b,44,118.67,25,129.68,221,91.32,0
e2-blocking-100,binary,100,bot_88,4015,b,46,114.47,25,123.53,203,79.47,0
e2-blocking-100,binary,100,bot_88,4015,b,48,86.12,25,121.38,196,74.62,0
e2-blocking-100,binary,100,bot_88,4015,b,50,101.44,25,132.11,199,66.89,0
e2-blocking-100,binary,100,bot_88,4015,b,52,95.37,25,161.11,212,50.89,0
e2-blocking-100,binary,100,bot_88,4015,b,54,80.59,25,129.1,173,43.9,0
e2-blocking-100,binary,100,bot_88,4015,b,56,72.91,25,146.42,190,43.58,0
e2-blocking-100,binary,100,bot_88,4015,b,58,60.59,25,148.97,184,35.03,0
e2-blocking-100,binary,100,bot_88,4015,b,60,49,25,154.47,189,34.53,0
e2-blocking-100,binary,100,bot_89,4016,w,1,60.7,25,70.88,105,34.12,0
e2-blocking-100,binary,100,bot_89,4016,w,3,42.96,25,96.72,127,30.28,0
e2-blocking-100,binary,100,bot_89,4016,w,5,57.94,25,111.49,126,14.51,0
e2-blocking-100,binary,100,bot_89,4016,w,7,52.52,25,125.86,150,24.14,0
e2-blocking-100,binary,100,bot_89,4016,w,9,47.12,25,150.22,165,14.78,0
e2-blocking-100,binary,100,bot_89,4016,w,11,28.66,25,158.38,170,11.62,0
e2-blocking-100,binary,100,bot_89,4016,w,13,26.83,25,164.55,170,5.45,0
e2-blocking-100,binary,100,bot_89,4016,w,15,22.78,25,175.04,187,11.96,0
e2-blocking-100,binary,100,bot_89,4016,w,17,19.76,25,191.65,182,-9.65,0
e2-blocking-100,binary,100,bot_89,4016,w,19,106.93,25,145.97,204,58.03,0
e2-blocking-100,binary,100,bot_89,4016,w,21,126.9,25,226.16,204,-22.16,0
e2-blocking-100,binary,100,bot_89,4016,w,23,116.13,25,139.5,221,81.5,0
e2-blocking-100,binary,100,bot_89,4016,w,25,111.24,25,157.87,238,80.13,0
e2-blocking-100,binary,100,bot_89,4016,w,27,98.39,25,162.67,240,77.33,0
e2-blocking-100,binary,100,bot_89,4016,w,29,103.88,25,188.95,263,74.05,0
e2-blocking-100,binary,100,bot_89,4016,w,31,108.63,25,207.46,268,60.54,0
e2-blocking-100,binary,100,bot_89,4016,w,33,95.96,25,210.78,263,52.22,0
e2-blocking-100,binary,100,bot_89,4016,w,35,90.37,25,205.25,252,46.75,0
e2-blocking-100,binary,100,bot_89,4016,w,37,92.87,25,219.49,258,38.51,0
e2-blocking-100,binary,100,bot_89,4016,w,39,145.01,25,168.13,300,131.87,0
e2-blocking-100,binary,100,bot_89,4016,w,41,118.2,25,176.94,279,102.06,0
e2-blocking-100,binary,100,bot_89,4016,w,43,106.99,25,151.44,224,72.56,0
e2-blocking-100,binary,100,bot_89,4016,w,45,102.25,25,153.58,222,68.42,0
e2-blocking-100,binary,100,bot_89,4016,w,47,93.67,25,138.72,182,43.28,0
e2-blocking-100,binary,100,bot_89,4016,w,49,79.22,25,150.22,209,58.78,0
e2-blocking-100,binary,100,bot_89,4016,w,51,70.26,25,142.5,193,50.5,0
e2-blocking-100,binary,100,bot_89,4016,w,53,68.75,25,153.18,190,36.82,0
e2-blocking-100,binary,100,bot_89,4016,w,55,62.7,25,168.4,194,25.6,0
e2-blocking-100,binary,100,bot_89,4016,w,57,56.34,25,183.2,203,19.8,0
e2-blocking-100,binary,100,bot_89,4016,w,59,50.99,25,170.07,181,10.93,0
e2-blocking-100,binary,100,bot_90,4016,b,2,56.17,25,87.95,116,28.05,0
e2-blocking-100,binary,100,bot_90,4016,b,4,40.45,25,69.05,79,9.95,0
e2-blocking-100,binary,100,bot_90,4016,b,6,48.79,25,107,132,25,0
e2-blocking-100,binary,100,bot_90,4016,b,8,41.13,25,139.05,158,18.95,0
e2-blocking-100,binary,100,bot_90,4016,b,10,37.01,25,151.29,165,13.71,0
e2-blocking-100,binary,100,bot_90,4016,b,12,31.16,25,153.32,148,-5.32,0
e2-blocking-100,binary,100,bot_90,4016,b,14,38.97,25,189.26,184,-5.26,0
e2-blocking-100,binary,100,bot_90,4016,b,16,16.45,25,199.43,191,-8.43,0
e2-blocking-100,binary,100,bot_90,4016,b,18,84.17,25,218.72,207,-11.72,0
e2-blocking-100,binary,100,bot_90,4016,b,20,12.78,25,216.38,282,65.62,0
e2-blocking-100,binary,100,bot_90,4016,b,22,117.33,25,124.48,212,87.52,0
e2-blocking-100,binary,100,bot_90,4016,b,24,116.45,25,135.76,212,76.24,0
e2-blocking-100,binary,100,bot_90,4016,b,26,111.76,25,151.55,224,72.45,0
e2-blocking-100,binary,100,bot_90,4016,b,28,108.56,25,160.16,217,56.84,0
e2-blocking-100,binary,100,bot_90,4016,b,30,96.93,25,167.61,232,64.39,0
e2-blocking-100,binary,100,bot_90,4016,b,32,87.22,25,176.77,245,68.23,0
e2-blocking-100,binary,100,bot_90,4016,b,34,81.6,25,202,258,56,0
e2-blocking-100,binary,100,bot_90,4016,b,36,73.87,25,197.89,249,51.11,0
e2-blocking-100,binary,100,bot_90,4016,b,38,173.63,25,236.54,283,46.46,0
e2-blocking-100,binary,100,bot_90,4016,b,40,143.41,25,147.62,248,100.38,0
e2-blocking-100,binary,100,bot_90,4016,b,42,113.74,25,134.73,207,72.27,0
e2-blocking-100,binary,100,bot_90,4016,b,44,109.35,25,128.88,191,62.12,0
e2-blocking-100,binary,100,bot_90,4016,b,46,83.59,25,123.61,180,56.39,0
e2-blocking-100,binary,100,bot_90,4016,b,48,99.41,25,134.24,182,47.76,0
e2-blocking-100,binary,100,bot_90,4016,b,50,91.4,25,165.24,198,32.76,0
e2-blocking-100,binary,100,bot_90,4016,b,52,78.04,25,131.88,156,24.12,0
e2-blocking-100,binary,100,bot_90,4016,b,54,67.43,25,151.97,175,23.03,0
e2-blocking-100,binary,100,bot_90,4016,b,56,54.12,25,155.6,172,16.4,0
e2-blocking-100,binary,100,bot_90,4016,b,58,44.92,25,158.47,178,19.53,0
e2-blocking-100,binary,100,bot_90,4016,b,60,41.37,25,167.93,182,14.07,0
e2-blocking-100,binary,100,bot_91,4017,w,1,56.86,25,87.49,128,40.51,0
e2-blocking-100,binary,100,bot_91,4017,w,3,41.4,25,67.67,84,16.33,0
e2-blocking-100,binary,100,bot_91,4017,w,5,49.66,25,105.83,136,30.17,0
e2-blocking-100,binary,100,bot_91,4017,w,7,42.11,25,138.08,162,23.92,0
e2-blocking-100,binary,100,bot_91,4017,w,9,38.36,25,149.82,168,18.18,0
e2-blocking-100,binary,100,bot_91,4017,w,11,32.41,25,151.92,152,0.08,0
e2-blocking-100,binary,100,bot_91,4017,w,13,41.25,25,186.99,186,-0.99,0
e2-blocking-100,binary,100,bot_91,4017,w,15,18.48,25,197.42,194,-3.42,0
e2-blocking-100,binary,100,bot_91,4017,w,17,17.28,25,217,209,-8,0
e2-blocking-100,binary,100,bot_91,4017,w,19,80.53,25,156.71,234,77.29,0
e2-blocking-100,binary,100,bot_91,4017,w,21,82.12,25,155.3,214,58.7,0
e2-blocking-100,binary,100,bot_91,4017,w,23,73.59,25,173.31,223,49.69,0
e2-blocking-100,binary,100,bot_91,4017,w,25,75.46,25,187.8,237,49.2,0
e2-blocking-100,binary,100,bot_91,4017,w,27,69.24,25,187.55,227,39.45,0
e2-blocking-100,binary,100,bot_91,4017,w,29,61.82,25,216.29,256,39.71,0
e2-blocking-100,binary,100,bot_91,4017,w,31,57.88,25,240.8,275,34.2,0
e2-blocking-100,binary,100,bot_91,4017,w,33,58.07,25,238.2,263,24.8,0
e2-blocking-100,binary,100,bot_91,4017,w,35,46.54,25,242.51,257,14.49,0
e2-blocking-100,binary,100,bot_91,4017,w,37,51.3,25,269.1,273,3.9,0
e2-blocking-100,binary,100,bot_91,4017,w,39,28.62,25,276.65,283,6.35,0
e2-blocking-100,binary,100,bot_91,4017,w,41,101.95,25,276.59,269,-7.59,0
e2-blocking-100,binary,100,bot_91,4017,w,43,79.28,25,152.89,214,61.11,0
e2-blocking-100,binary,100,bot_91,4017,w,45,61.72,25,168.5,210,41.5,0
e2-blocking-100,binary,100,bot_91,4017,w,47,53.49,25,175.58,190,14.42,0
e2-blocking-100,binary,100,bot_91,4017,w,49,55.89,25,178,197,19,0
e2-blocking-100,binary,100,bot_91,4017,w,51,48.58,25,167.44,172,4.56,0
e2-blocking-100,binary,100,bot_91,4017,w,53,45.33,25,188.89,194,5.11,0
e2-blocking-100,binary,100,bot_91,4017,w,55,42.5,25,190.08,190,-0.08,0
e2-blocking-100,binary,100,bot_91,4017,w,57,41.31,25,196.39,203,6.61,0
e2-blocking-100,binary,100,bot_91,4017,w,59,34.19,25,176.83,181,4.17,0
e2-blocking-100,binary,100,bot_92,4017,b,2,45.3,25,94.18,121,26.82,0
e2-blocking-100,binary,100,bot_92,4017,b,4,60.25,25,108.95,119,10.05,0
e2-blocking-100,binary,100,bot_92,4017,b,6,54.67,25,124.73,144,19.27,0
e2-blocking-100,binary,100,bot_92,4017,b,8,49.08,25,147.86,158,10.14,0
e2-blocking-100,binary,100,bot_92,4017,b,10,31.07,25,155.97,163,7.03,0
e2-blocking-100,binary,100,bot_92,4017,b,12,29.14,25,161.82,164,2.18,0
e2-blocking-100,binary,100,bot_92,4017,b,14,25.3,25,172.8,182,9.2,0
e2-blocking-100,binary,100,bot_92,4017,b,16,22.62,25,188.71,175,-13.71,0
e2-blocking-100,binary,100,bot_92,4017,b,18,113.84,25,190.66,178,-12.66,0
e2-blocking-100,binary,100,bot_92,4017,b,20,94.89,25,143.02,187,43.98,0
e2-blocking-100,binary,100,bot_92,4017,b,22,85.44,25,163.97,209,45.03,0
e2-blocking-100,binary,100,bot_92,4017,b,24,85.11,25,180.12,217,36.88,0
e2-blocking-100,binary,100,bot_92,4017,b,26,75.42,25,189.65,229,39.35,0
e2-blocking-100,binary,100,bot_92,4017,b,28,75.82,25,206.5,239,32.5,0
e2-blocking-100,binary,100,bot_92,4017,b,30,69.52,25,214.04,239,24.96,0
e2-blocking-100,binary,100,bot_92,4017,b,32,61.06,25,220.67,242,21.33,0
e2-blocking-100,binary,100,bot_92,4017,b,34,51.52,25,229.43,251,21.57,0
e2-blocking-100,binary,100,bot_92,4017,b,36,45.33,25,226.72,236,9.28,0
e2-blocking-100,binary,100,bot_92,4017,b,38,48.7,25,252.15,261,8.85,0
e2-blocking-100,binary,100,bot_92,4017,b,40,34.67,25,263.46,249,-14.46,0
e2-blocking-100,binary,100,bot_92,4017,b,42,104.31,25,168.16,228,59.84,0
e2-blocking-100,binary,100,bot_92,4017,b,44,84.15,25,169.2,205,35.8,0
e2-blocking-100,binary,100,bot_92,4017,b,46,56.96,25,157.84,177,19.16,0
e2-blocking-100,binary,100,bot_92,4017,b,48,61.38,25,184.19,195,10.81,0
e2-blocking-100,binary,100,bot_92,4017,b,50,46.1,25,191.17,204,12.83,0
e2-blocking-100,binary,100,bot_92,4017,b,52,46.76,25,170.23,176,5.77,0
e2-blocking-100,binary,100,bot_92,4017,b,54,42.88,25,178.48,181,2.52,0
e2-blocking-100,binary,100,bot_92,4017,b,56,39.93,25,180.34,180,-0.34,0
e2-blocking-100,binary,100,bot_92,4017,b,58,38.47,25,175.52,183,7.48,0
e2-blocking-100,binary,100,bot_92,4017,b,60,27.76,25,190.45,191,0.55,0
e2-blocking-100,binary,100,bot_93,4018,w,1,51.07,25,89.79,130,40.21,0
e2-blocking-100,binary,100,bot_93,4018,w,3,65.79,25,104.62,113,8.38,0
e2-blocking-100,binary,100,bot_93,4018,w,5,60.96,25,118.41,141,22.59,0
e2-blocking-100,binary,100,bot_93,4018,w,7,57.28,25,139.95,155,15.05,0
e2-blocking-100,binary,100,bot_93,4018,w,9,37.57,25,149.63,163,13.37,0
e2-blocking-100,binary,100,bot_93,4018,w,11,35.86,25,155.58,161,5.42,0
e2-blocking-100,binary,100,bot_93,4018,w,13,33,25,165.21,182,16.79,0
e2-blocking-100,binary,100,bot_93,4018,w,15,31.19,25,179.62,172,-7.62,0
e2-blocking-100,binary,100,bot_93,4018,w,17,29.24,25,181.76,174,-7.76,0
e2-blocking-100,binary,100,bot_93,4018,w,19,117.56,25,207.27,197,-10.27,0
e2-blocking-100,binary,100,bot_93,4018,w,21,94.41,25,154.82,219,64.18,0
e2-blocking-100,binary,100,bot_93,4018,w,23,94.87,25,170.35,224,53.65,0
e2-blocking-100,binary,100,bot_93,4018,w,25,83.21,25,182.65,239,56.35,0
e2-blocking-100,binary,100,bot_93,4018,w,27,86.83,25,195.26,242,46.74,0
e2-blocking-100,binary,100,bot_93,4018,w,29,81.79,25,201.64,243,41.36,0
e2-blocking-100,binary,100,bot_93,4018,w,31,72.19,25,209.68,246,36.32,0
e2-blocking-100,binary,100,bot_93,4018,w,33,62.76,25,217.93,254,36.07,0
e2-blocking-100,binary,100,bot_93,4018,w,35,54.1,25,217.78,238,20.22,0
e2-blocking-100,binary,100,bot_93,4018,w,37,57.73,25,243.16,264,20.84,0
e2-blocking-100,binary,100,bot_93,4018,w,39,39.73,25,257.58,255,-2.58,0
e2-blocking-100,binary,100,bot_93,4018,w,41,18.14,25,228.41,215,-13.41,0
e2-blocking-100,binary,100,bot_93,4018,w,43,92.03,25,161.81,223,61.19,0
e2-blocking-100,binary,100,bot_93,4018,w,45,67.03,25,149.21,180,30.79,0
e2-blocking-100,binary,100,bot_93,4018,w,47,69.28,25,175.8,197,21.2,0
e2-blocking-100,binary,100,bot_93,4018,w,49,50.96,25,186.6,209,22.4,0
e2-blocking-100,binary,100,bot_93,4018,w,51,54.83,25,162.11,179,16.89,0
e2-blocking-100,binary,100,bot_93,4018,w,53,52.88,25,168.05,181,12.95,0
e2-blocking-100,binary,100,bot_93,4018,w,55,45.2,25,174.33,185,10.67,0
e2-blocking-100,binary,100,bot_93,4018,w,57,50.76,25,162.57,180,17.43,0
e2-blocking-100,binary,100,bot_93,4018,w,59,39.63,25,178.53,191,12.47,0
e2-blocking-100,binary,100,bot_94,4018,b,2,45.99,25,61.83,81,19.17,0
e2-blocking-100,binary,100,bot_94,4018,b,4,58.68,25,96.66,130,33.34,0
e2-blocking-100,binary,100,bot_94,4018,b,6,51.51,25,127.9,156,28.1,0
e2-blocking-100,binary,100,bot_94,4018,b,8,49.57,25,138.14,163,24.86,0
e2-blocking-100,binary,100,bot_94,4018,b,10,40.82,25,143.6,148,4.4,0
e2-blocking-100,binary,100,bot_94,4018,b,12,51.89,25,176.39,178,1.61,0
e2-blocking-100,binary,100,bot_94,4018,b,14,29.56,25,187.17,188,0.83,0
e2-blocking-100,binary,100,bot_94,4018,b,16,28.01,25,205.45,203,-2.45,0
e2-blocking-100,binary,100,bot_94,4018,b,18,19.1,25,225.05,228,2.95,0
e2-blocking-100,binary,100,bot_94,4018,b,20,93.07,25,145.03,235,89.97,0
e2-blocking-100,binary,100,bot_94,4018,b,22,82.84,25,163.95,231,67.05,0
e2-blocking-100,binary,100,bot_94,4018,b,24,84.73,25,178.74,246,67.26,0
e2-blocking-100,binary,100,bot_94,4018,b,26,75.01,25,181.73,237,55.27,0
e2-blocking-100,binary,100,bot_94,4018,b,28,70.27,25,208.15,268,59.85,0
e2-blocking-100,binary,100,bot_94,4018,b,30,64.55,25,234.35,289,54.65,0
e2-blocking-100,binary,100,bot_94,4018,b,32,65.26,25,231.32,276,44.68,0
e2-blocking-100,binary,100,bot_94,4018,b,34,50.63,25,238.95,275,36.05,0
e2-blocking-100,binary,100,bot_94,4018,b,36,57.84,25,262.72,282,19.28,0
e2-blocking-100,binary,100,bot_94,4018,b,38,35.19,25,270.83,294,23.17,0
e2-blocking-100,binary,100,bot_94,4018,b,40,23.71,25,270.53,275,4.47,0
e2-blocking-100,binary,100,bot_94,4018,b,42,99.2,25,242.61,225,-17.61,0
e2-blocking-100,binary,100,bot_94,4018,b,44,66.7,25,163.28,220,56.72,0
e2-blocking-100,binary,100,bot_94,4018,b,46,58.36,25,170.4,203,32.6,0
e2-blocking-100,binary,100,bot_94,4018,b,48,60.31,25,173.66,207,33.34,0
e2-blocking-100,binary,100,bot_94,4018,b,50,53.57,25,163.06,179,15.94,0
e2-blocking-100,binary,100,bot_94,4018,b,52,50.4,25,183.97,203,19.03,0
e2-blocking-100,binary,100,bot_94,4018,b,54,48.82,25,183.49,202,18.51,0
e2-blocking-100,binary,100,bot_94,4018,b,56,46.94,25,191.1,209,17.9,0
e2-blocking-100,binary,100,bot_94,4018,b,58,41.21,25,169.89,193,23.11,0
e2-blocking-100,binary,100,bot_94,4018,b,60,29.18,25,154.11,166,11.89,0
e2-blocking-100,binary,100,bot_95,4019,w,1,46.53,25,60.42,91,30.58,0
e2-blocking-100,binary,100,bot_95,4019,w,3,62.96,25,92.91,125,32.09,0
e2-blocking-100,binary,100,bot_95,4019,w,5,58.2,25,121.42,152,30.58,0
e2-blocking-100,binary,100,bot_95,4019,w,7,56.77,25,131.15,157,25.85,0
e2-blocking-100,binary,100,bot_95,4019,w,9,44.41,25,139.79,146,6.21,0
e2-blocking-100,binary,100,bot_95,4019,w,11,56.52,25,170.53,173,2.47,0
e2-blocking-100,binary,100,bot_95,4019,w,13,37.49,25,179.3,182,2.7,0
e2-blocking-100,binary,100,bot_95,4019,w,15,35.91,25,197.61,199,1.39,0
e2-blocking-100,binary,100,bot_95,4019,w,17,26.91,25,217.7,225,7.3,0
e2-blocking-100,binary,100,bot_95,4019,w,19,22.13,25,224.63,216,-8.63,0
e2-blocking-100,binary,100,bot_95,4019,w,21,111.85,25,238.62,226,-12.62,0
e2-blocking-100,binary,100,bot_95,4019,w,23,95.41,25,168.46,240,71.54,0
e2-blocking-100,binary,100,bot_95,4019,w,25,84.72,25,171.74,235,63.26,0
e2-blocking-100,binary,100,bot_95,4019,w,27,80.51,25,197.91,266,68.09,0
e2-blocking-100,binary,100,bot_95,4019,w,29,73.92,25,225.44,286,60.56,0
e2-blocking-100,binary,100,bot_95,4019,w,31,74.52,25,221.76,274,52.24,0
e2-blocking-100,binary,100,bot_95,4019,w,33,61.93,25,227.4,271,43.6,0
e2-blocking-100,binary,100,bot_95,4019,w,35,68.63,25,251.92,278,26.08,0
e2-blocking-100,binary,100,bot_95,4019,w,37,46.2,25,260.23,290,29.77,0
e2-blocking-100,binary,100,bot_95,4019,w,39,31.99,25,262.53,273,10.47,0
e2-blocking-100,binary,100,bot_95,4019,w,41,23.07,25,237.34,225,-12.34,0
e2-blocking-100,binary,100,bot_95,4019,w,43,87.26,25,238.7,221,-17.7,0
e2-blocking-100,binary,100,bot_95,4019,w,45,66.34,25,162.08,200,37.92,0
e2-blocking-100,binary,100,bot_95,4019,w,47,68.45,25,164.92,206,41.08,0
e2-blocking-100,binary,100,bot_95,4019,w,49,61.99,25,154.63,174,19.37,0
e2-blocking-100,binary,100,bot_95,4019,w,51,60.54,25,173.94,200,26.06,0
e2-blocking-100,binary,100,bot_95,4019,w,53,57.59,25,174.4,201,26.6,0
e2-blocking-100,binary,100,bot_95,4019,w,55,54.39,25,183.65,208,24.35,0
e2-blocking-100,binary,100,bot_95,4019,w,57,49.72,25,161.51,192,30.49,0
e2-blocking-100,binary,100,bot_95,4019,w,59,39.21,25,143.94,165,21.06,0
e2-blocking-100,binary,100,bot_96,4019,b,2,70.74,25,99.93,111,11.07,0
e2-blocking-100,binary,100,bot_96,4019,b,4,68.7,25,110.51,138,27.49,0
e2-blocking-100,binary,100,bot_96,4019,b,6,64.57,25,133.51,156,22.49,0
e2-blocking-100,binary,100,bot_96,4019,b,8,44.37,25,142.8,164,21.2,0
e2-blocking-100,binary,100,bot_96,4019,b,10,41.71,25,149.37,158,8.63,0
e2-blocking-100,binary,100,bot_96,4019,b,12,40,25,158.85,180,21.15,0
e2-blocking-100,binary,100,bot_96,4019,b,14,40.18,25,169.89,171,1.11,0
e2-blocking-100,binary,100,bot_96,4019,b,16,36.65,25,174.15,174,-0.15,0
e2-blocking-100,binary,100,bot_96,4019,b,18,21.51,25,198.3,196,-2.3,0
e2-blocking-100,binary,100,bot_96,4019,b,20,18.03,25,222.9,216,-6.9,0
e2-blocking-100,binary,100,bot_96,4019,b,22,102.59,25,163.34,245,81.66,0
e2-blocking-100,binary,100,bot_96,4019,b,24,92.27,25,173.59,241,67.41,0
e2-blocking-100,binary,100,bot_96,4019,b,26,97.7,25,184.66,239,54.34,0
e2-blocking-100,binary,100,bot_96,4019,b,28,92.09,25,191.48,245,53.52,0
e2-blocking-100,binary,100,bot_96,4019,b,30,82.58,25,199.14,244,44.86,0
e2-blocking-100,binary,100,bot_96,4019,b,32,72.61,25,207.64,254,46.36,0
e2-blocking-100,binary,100,bot_96,4019,b,34,64.55,25,207.38,239,31.62,0
e2-blocking-100,binary,100,bot_96,4019,b,36,67.46,25,233.48,266,32.52,0
e2-blocking-100,binary,100,bot_96,4019,b,38,48.73,25,248.14,257,8.86,0
e2-blocking-100,binary,100,bot_96,4019,b,40,25.77,25,220.39,215,-5.39,0
e2-blocking-100,binary,100,bot_96,4019,b,42,20.23,25,218.48,204,-14.48,0
e2-blocking-100,binary,100,bot_96,4019,b,44,77,25,139.98,191,51.02,0
e2-blocking-100,binary,100,bot_96,4019,b,46,79.78,25,165.45,195,29.55,0
e2-blocking-100,binary,100,bot_96,4019,b,48,57.2,25,180.21,212,31.79,0
e2-blocking-100,binary,100,bot_96,4019,b,50,64.42,25,152.54,178,25.46,0
e2-blocking-100,binary,100,bot_96,4019,b,52,63.2,25,157.8,181,23.2,0
e2-blocking-100,binary,100,bot_96,4019,b,54,52.89,25,166.84,187,20.16,0
e2-blocking-100,binary,100,bot_96,4019,b,56,60.09,25,153.69,179,25.31,0
e2-blocking-100,binary,100,bot_96,4019,b,58,50.92,25,167.14,187,19.86,0
e2-blocking-100,binary,100,bot_96,4019,b,60,37.03,25,157.68,167,9.32,0
e2-blocking-100,binary,100,bot_97,4020,w,1,70.84,25,99.88,121,21.12,0
e2-blocking-100,binary,100,bot_97,4020,w,3,73.25,25,105.77,137,31.23,0
e2-blocking-100,binary,100,bot_97,4020,w,5,70.71,25,126.69,155,28.31,0
e2-blocking-100,binary,100,bot_97,4020,w,7,50.74,25,136.35,163,26.65,0
e2-blocking-100,binary,100,bot_97,4020,w,9,49.46,25,141.38,152,10.62,0
e2-blocking-100,binary,100,bot_97,4020,w,11,46.6,25,152.41,179,26.59,0
e2-blocking-100,binary,100,bot_97,4020,w,13,46.54,25,162.92,170,7.08,0
e2-blocking-100,binary,100,bot_97,4020,w,15,41.34,25,169.06,176,6.94,0
e2-blocking-100,binary,100,bot_97,4020,w,17,26.95,25,193.08,199,5.92,0
e2-blocking-100,binary,100,bot_97,4020,w,19,25.56,25,215.4,215,-0.4,0
e2-blocking-100,binary,100,bot_97,4020,w,21,20.87,25,230.91,227,-3.91,0
e2-blocking-100,binary,100,bot_97,4020,w,23,98.98,25,168.35,262,93.65,0
e2-blocking-100,binary,100,bot_97,4020,w,25,103.86,25,178.26,241,62.74,0
e2-blocking-100,binary,100,bot_97,4020,w,27,99.51,25,183.77,244,60.23,0
e2-blocking-100,binary,100,bot_97,4020,w,29,90.17,25,191.78,247,55.22,0
e2-blocking-100,binary,100,bot_97,4020,w,31,78.98,25,201.53,258,56.47,0
e2-blocking-100,binary,100,bot_97,4020,w,33,68.58,25,203.31,245,41.69,0
e2-blocking-100,binary,100,bot_97,4020,w,35,72.73,25,228.32,269,40.68,0
e2-blocking-100,binary,100,bot_97,4020,w,37,53.53,25,242.94,264,21.06,0
e2-blocking-100,binary,100,bot_97,4020,w,39,30.54,25,215.83,220,4.17,0
e2-blocking-100,binary,100,bot_97,4020,w,41,25.33,25,213.08,204,-9.08,0
e2-blocking-100,binary,100,bot_97,4020,w,43,95.57,25,191.27,174,-17.27,0
e2-blocking-100,binary,100,bot_97,4020,w,45,82.36,25,162.85,199,36.15,0
e2-blocking-100,binary,100,bot_97,4020,w,47,60.71,25,177.06,217,39.94,0
e2-blocking-100,binary,100,bot_97,4020,w,49,68.31,25,149.01,181,31.99,0
e2-blocking-100,binary,100,bot_97,4020,w,51,66.79,25,154.76,187,32.24,0
e2-blocking-100,binary,100,bot_97,4020,w,53,57.82,25,161.9,190,28.1,0
e2-blocking-100,binary,100,bot_97,4020,w,55,63.68,25,150.1,184,33.9,0
e2-blocking-100,binary,100,bot_97,4020,w,57,55.23,25,163.17,191,27.83,0
e2-blocking-100,binary,100,bot_97,4020,w,59,43.78,25,150.97,170,19.03,0
e2-blocking-100,binary,100,bot_98,4020,b,2,65,25,90.81,138,47.19,0
e2-blocking-100,binary,100,bot_98,4020,b,4,62.48,25,116.99,165,48.01,0
e2-blocking-100,binary,100,bot_98,4020,b,6,61.22,25,127.03,173,45.97,0
e2-blocking-100,binary,100,bot_98,4020,b,8,46.48,25,138.05,165,26.95,0
e2-blocking-100,binary,100,bot_98,4020,b,10,60.57,25,166.18,191,24.82,0
e2-blocking-100,binary,100,bot_98,4020,b,12,42.89,25,174.3,196,21.7,0
e2-blocking-100,binary,100,bot_98,4020,b,14,41.54,25,192.36,214,21.64,0
e2-blocking-100,binary,100,bot_98,4020,b,16,32.02,25,213.14,234,20.86,0
e2-blocking-100,binary,100,bot_98,4020,b,18,27.23,25,219.36,227,7.64,0
e2-blocking-100,binary,100,bot_98,4020,b,20,23.05,25,233.86,239,5.14,0
e2-blocking-100,binary,100,bot_98,4020,b,22,119.89,25,250.66,250,-0.66,0
e2-blocking-100,binary,100,bot_98,4020,b,24,90.56,25,165.8,245,79.2,0
e2-blocking-100,binary,100,bot_98,4020,b,26,86.79,25,191.69,276,84.31,0
e2-blocking-100,binary,100,bot_98,4020,b,28,82.2,25,216.91,296,79.09,0
e2-blocking-100,binary,100,bot_98,4020,b,30,83.45,25,213.23,283,69.77,0
e2-blocking-100,binary,100,bot_98,4020,b,32,69.69,25,219.37,278,58.63,0
e2-blocking-100,binary,100,bot_98,4020,b,34,76.83,25,243.55,282,38.45,0
e2-blocking-100,binary,100,bot_98,4020,b,36,56.84,25,249.81,291,41.19,0
e2-blocking-100,binary,100,bot_98,4020,b,38,40.22,25,253.96,276,22.04,0
e2-blocking-100,binary,100,bot_98,4020,b,40,27.36,25,233.17,233,-0.17,0
e2-blocking-100,binary,100,bot_98,4020,b,42,18.76,25,236.11,231,-5.11,0
e2-blocking-100,binary,100,bot_98,4020,b,44,71.96,25,156.55,222,65.45,0
e2-blocking-100,binary,100,bot_98,4020,b,46,74.86,25,159.24,209,49.76,0
e2-blocking-100,binary,100,bot_98,4020,b,48,68.07,25,148.5,179,30.5,0
e2-blocking-100,binary,100,bot_98,4020,b,50,67.41,25,167.18,204,36.82,0
e2-blocking-100,binary,100,bot_98,4020,b,52,64.77,25,167.28,203,35.72,0
e2-blocking-100,binary,100,bot_98,4020,b,54,61.52,25,176.96,212,35.04,0
e2-blocking-100,binary,100,bot_98,4020,b,56,56.15,25,155.07,194,38.93,0
e2-blocking-100,binary,100,bot_98,4020,b,58,45.63,25,137.4,167,29.6,0
e2-blocking-100,binary,100,bot_98,4020,b,60,31.63,25,159.41,178,18.59,0
e2-blocking-100,binary,100,bot_99,4021,w,1,65.18,25,90.77,141,50.23,0
e2-blocking-100,binary,100,bot_99,4021,w,3,67.55,25,111.71,160,48.29,0
e2-blocking-100,binary,100,bot_99,4021,w,5,65.42,25,122.63,169,46.37,0
e2-blocking-100,binary,100,bot_99,4021,w,7,47.47,25,137.1,164,26.9,0
e2-blocking-100,binary,100,bot_99,4021,w,9,68.53,25,158,184,26,0
e2-blocking-100,binary,100,bot_99,4021,w,11,50.55,25,166.93,188,21.07,0
e2-blocking-100,binary,100,bot_99,4021,w,13,49.93,25,183.91,206,22.09,0
e2-blocking-100,binary,100,bot_99,4021,w,15,40.25,25,205.52,228,22.48,0
e2-blocking-100,binary,100,bot_99,4021,w,17,34.62,25,211.91,223,11.09,0
e2-blocking-100,binary,100,bot_99,4021,w,19,29.16,25,227.59,239,11.41,0
e2-blocking-100,binary,100,bot_99,4021,w,21,26.47,25,242.5,250,7.5,0
e2-blocking-100,binary,100,bot_99,4021,w,23,117.95,25,241.58,242,0.42,0
e2-blocking-100,binary,100,bot_99,4021,w,25,94.36,25,184.23,273,88.77,0
e2-blocking-100,binary,100,bot_99,4021,w,27,88.24,25,210.71,294,83.29,0
e2-blocking-100,binary,100,bot_99,4021,w,29,88.04,25,208.62,285,76.38,0
e2-blocking-100,binary,100,bot_99,4021,w,31,76.11,25,213.2,276,62.8,0
e2-blocking-100,binary,100,bot_99,4021,w,33,82.13,25,238.3,277,38.7,0
e2-blocking-100,binary,100,bot_99,4021,w,35,63.69,25,243.38,288,44.62,0
e2-blocking-100,binary,100,bot_99,4021,w,37,45.66,25,248.19,272,23.81,0
e2-blocking-100,binary,100,bot_99,4021,w,39,31.93,25,229.03,228,-1.03,0
e2-blocking-100,binary,100,bot_99,4021,w,41,21.16,25,233.99,228,-5.99,0
e2-blocking-100,binary,100,bot_99,4021,w,43,91.02,25,215.75,201,-14.75,0
e2-blocking-100,binary,100,bot_99,4021,w,45,81.65,25,152.82,203,50.18,0
e2-blocking-100,binary,100,bot_99,4021,w,47,72.96,25,143.62,176,32.38,0
e2-blocking-100,binary,100,bot_99,4021,w,49,73.52,25,160.51,198,37.49,0
e2-blocking-100,binary,100,bot_99,4021,w,51,68.31,25,163.67,203,39.33,0
e2-blocking-100,binary,100,bot_99,4021,w,53,68.38,25,170.98,208,37.02,0
e2-blocking-100,binary,100,bot_99,4021,w,55,62.92,25,148.36,193,44.64,0
e2-blocking-100,binary,100,bot_99,4021,w,57,49.47,25,133.7,170,36.3,0
e2-blocking-100,binary,100,bot_99,4021,w,59,35.71,25,155.34,178,22.66,0
e2-blocking-100,binary,100,bot_100,4021,b,2,77.37,25,101.68,124,22.32,0
e2-blocking-100,binary,100,bot_100,4021,b,4,74.47,25,122.82,146,23.18,0
e2-blocking-100,binary,100,bot_100,4021,b,6,55.01,25,131.75,152,20.25,0
e2-blocking-100,binary,100,bot_100,4021,b,8,54.14,25,136.74,139,2.26,0
e2-blocking-100,binary,100,bot_100,4021,b,10,49.71,25,150.33,174,23.67,0
e2-blocking-100,binary,100,bot_100,4021,b,12,51.96,25,157.32,162,4.68,0
e2-blocking-100,binary,100,bot_100,4021,b,14,45.48,25,164.78,170,5.22,0
e2-blocking-100,binary,100,bot_100,4021,b,16,32.68,25,187.84,193,5.16,0
e2-blocking-100,binary,100,bot_100,4021,b,18,34.75,25,206.35,206,-0.35,0
e2-blocking-100,binary,100,bot_100,4021,b,20,30.23,25,221.48,216,-5.48,0
e2-blocking-100,binary,100,bot_100,4021,b,22,23.11,25,241.04,233,-8.04,0
e2-blocking-100,binary,100,bot_100,4021,b,24,111.02,25,172.12,255,82.88,0
e2-blocking-100,binary,100,bot_100,4021,b,26,106.53,25,176.66,236,59.34,0
e2-blocking-100,binary,100,bot_100,4021,b,28,98.97,25,182.5,235,52.5,0
e2-blocking-100,binary,100,bot_100,4021,b,30,85.96,25,194.7,247,52.3,0
e2-blocking-100,binary,100,bot_100,4021,b,32,71.6,25,200.26,241,40.74,0
e2-blocking-100,binary,100,bot_100,4021,b,34,77.88,25,223.21,264,40.79,0
e2-blocking-100,binary,100,bot_100,4021,b,36,58.18,25,238.18,260,21.82,0
e2-blocking-100,binary,100,bot_100,4021,b,38,32.28,25,214.21,218,3.79,0
e2-blocking-100,binary,100,bot_100,4021,b,40,26.97,25,211.41,202,-9.41,0
e2-blocking-100,binary,100,bot_100,4021,b,42,18.06,25,189.99,168,-21.99,0
e2-blocking-100,binary,100,bot_100,4021,b,44,83.8,25,161.37,210,48.63,0
e2-blocking-100,binary,100,bot_100,4021,b,46,65.34,25,172.59,211,38.41,0
e2-blocking-100,binary,100,bot_100,4021,b,48,71.18,25,146.27,177,30.73,0
e2-blocking-100,binary,100,bot_100,4021,b,50,72.42,25,148.88,181,32.12,0
e2-blocking-100,binary,100,bot_100,4021,b,52,62.3,25,156.99,183,26.01,0
e2-blocking-100,binary,100,bot_100,4021,b,54,69.92,25,143.48,179,35.52,0
e2-blocking-100,binary,100,bot_100,4021,b,56,62.45,25,155.7,186,30.3,0
e2-blocking-100,binary,100,bot_100,4021,b,58,48.92,25,146.04,162,15.96,0
e2-blocking-100,binary,100,bot_100,4021,b,60,36.48,25,141.28,145,3.72,0
e2-blocking-100,binary,100,bot_101,4022,w,1,78.51,25,101.11,137,35.89,0
e2-blocking-100,binary,100,bot_101,4022,w,3,75.5,25,121.96,151,29.04,0
e2-blocking-100,binary,100,bot_101,4022,w,5,56.18,25,130.62,158,27.38,0
e2-blocking-100,binary,100,bot_101,4022,w,7,55.06,25,135.86,144,8.14,0
e2-blocking-100,binary,100,bot_101,4022,w,9,51.09,25,148.71,179,30.29,0
e2-blocking-100,binary,100,bot_101,4022,w,11,54.46,25,154.44,166,11.56,0
e2-blocking-100,binary,100,bot_101,4022,w,13,47.26,25,162.67,174,11.33,0
e2-blocking-100,binary,100,bot_101,4022,w,15,33.91,25,187.04,197,9.96,0
e2-blocking-100,binary,100,bot_101,4022,w,17,37.17,25,203.79,210,6.21,0
e2-blocking-100,binary,100,bot_101,4022,w,19,33.11,25,218.44,220,1.56,0
e2-blocking-100,binary,100,bot_101,4022,w,21,25.78,25,238.6,237,-1.6,0
e2-blocking-100,binary,100,bot_101,4022,w,23,131.86,25,249.81,240,-9.81,0
e2-blocking-100,binary,100,bot_101,4022,w,25,111.03,25,171.95,238,66.05,0
e2-blocking-100,binary,100,bot_101,4022,w,27,102.94,25,178.68,236,57.32,0
e2-blocking-100,binary,100,bot_101,4022,w,29,89.62,25,190.81,250,59.19,0
e2-blocking-100,binary,100,bot_101,4022,w,31,73.82,25,198.17,247,48.83,0
e2-blocking-100,binary,100,bot_101,4022,w,33,80.72,25,220.13,267,46.87,0
e2-blocking-100,binary,100,bot_101,4022,w,35,60.5,25,235.59,264,28.41,0
e2-blocking-100,binary,100,bot_101,4022,w,37,34.13,25,212.06,222,9.94,0
e2-blocking-100,binary,100,bot_101,4022,w,39,26.79,25,211.03,208,-3.03,0
e2-blocking-100,binary,100,bot_101,4022,w,41,17.94,25,190.05,174,-16.05,0
e2-blocking-100,binary,100,bot_101,4022,w,43,101.85,25,217.45,198,-19.45,0
e2-blocking-100,binary,100,bot_101,4022,w,45,67.89,25,169.87,215,45.13,0
e2-blocking-100,binary,100,bot_101,4022,w,47,73.38,25,143.94,181,37.06,0
e2-blocking-100,binary,100,bot_101,4022,w,49,76.08,25,145.5,186,40.5,0
e2-blocking-100,binary,100,bot_101,4022,w,51,64.79,25,154.12,187,32.88,0
e2-blocking-100,binary,100,bot_101,4022,w,53,71.59,25,142.28,185,42.72,0
e2-blocking-100,binary,100,bot_101,4022,w,55,67.13,25,151.14,189,37.86,0
e2-blocking-100,binary,100,bot_101,4022,w,57,51.1,25,143.76,167,23.24,0
e2-blocking-100,binary,100,bot_101,4022,w,59,41.1,25,136.92,149,12.08,0
e2-blocking-100,binary,100,bot_102,4022,b,2,69.1,25,110.33,151,40.67,0
e2-blocking-100,binary,100,bot_102,4022,b,4,67.25,25,120.72,156,35.28,0
e2-blocking-100,binary,100,bot_102,4022,b,6,49.12,25,135.62,151,15.38,0
e2-blocking-100,binary,100,bot_102,4022,b,8,69.3,25,156.68,172,15.32,0
e2-blocking-100,binary,100,bot_102,4022,b,10,51.86,25,165.59,177,11.41,0
e2-blocking-100,binary,100,bot_102,4022,b,12,51.3,25,182.61,197,14.39,0
e2-blocking-100,binary,100,bot_102,4022,b,14,42.14,25,203.73,221,17.27,0
e2-blocking-100,binary,100,bot_102,4022,b,16,37.72,25,208.58,212,3.42,0
e2-blocking-100,binary,100,bot_102,4022,b,18,32.19,25,224.32,232,7.68,0
e2-blocking-100,binary,100,bot_102,4022,b,20,29.93,25,239.04,241,1.96,0
e2-blocking-100,binary,100,bot_102,4022,b,22,20.14,25,239.79,235,-4.79,0
e2-blocking-100,binary,100,bot_102,4022,b,24,96.59,25,183,284,101,0
e2-blocking-100,binary,100,bot_102,4022,b,26,88.49,25,210.73,290,79.27,0
e2-blocking-100,binary,100,bot_102,4022,b,28,90.38,25,206.35,278,71.65,0
e2-blocking-100,binary,100,bot_102,4022,b,30,79.45,25,210.08,268,57.92,0
e2-blocking-100,binary,100,bot_102,4022,b,32,71.3,25,234.98,277,42.02,0
e2-blocking-100,binary,100,bot_102,4022,b,34,67.37,25,239.69,268,28.31,0
e2-blocking-100,binary,100,bot_102,4022,b,36,50.41,25,243.55,253,9.45,0
e2-blocking-100,binary,100,bot_102,4022,b,38,35.55,25,225.77,208,-17.77,0
e2-blocking-100,binary,100,bot_102,4022,b,40,22.88,25,232.79,207,-25.79,0
e2-blocking-100,binary,100,bot_102,4022,b,42,18.87,25,213.02,179,-34.02,0
e2-blocking-100,binary,100,bot_102,4022,b,44,85.42,25,149.38,198,48.62,0
e2-blocking-100,binary,100,bot_102,4022,b,46,75.06,25,141.14,157,15.86,0
e2-blocking-100,binary,100,bot_102,4022,b,48,78.3,25,155.91,177,21.09,0
e2-blocking-100,binary,100,bot_102,4022,b,50,73.6,25,158.51,183,24.49,0
e2-blocking-100,binary,100,bot_102,4022,b,52,72.44,25,166.53,193,26.47,0
e2-blocking-100,binary,100,bot_102,4022,b,54,66.95,25,144.28,176,31.72,0
e2-blocking-100,binary,100,bot_102,4022,b,56,54.02,25,129.22,157,27.78,0
e2-blocking-100,binary,100,bot_102,4022,b,58,41.09,25,149.73,161,11.27,0
e2-blocking-100,binary,100,bot_102,4022,b,60,32.53,25,165.8,167,1.2,0
e2-blocking-100,binary,100,bot_103,4023,w,1,72.5,25,107.85,157,49.15,0
e2-blocking-100,binary,100,bot_103,4023,w,3,73.16,25,114.94,157,42.06,0
e2-blocking-100,binary,100,bot_103,4023,w,5,56.38,25,128.34,151,22.66,0
e2-blocking-100,binary,100,bot_103,4023,w,7,74.58,25,150.91,172,21.09,0
e2-blocking-100,binary,100,bot_103,4023,w,9,57.97,25,159.82,178,18.18,0
e2-blocking-100,binary,100,bot_103,4023,w,11,57.74,25,176.31,195,18.69,0
e2-blocking-100,binary,100,bot_103,4023,w,13,48.32,25,197.85,220,22.15,0
e2-blocking-100,binary,100,bot_103,4023,w,15,44.94,25,200.74,207,6.26,0
e2-blocking-100,binary,100,bot_103,4023,w,17,39.16,25,216.66,230,13.34,0
e2-blocking-100,binary,100,bot_103,4023,w,19,35.93,25,233.16,243,9.84,0
e2-blocking-100,binary,100,bot_103,4023,w,21,24.29,25,235.96,238,2.04,0
e2-blocking-100,binary,100,bot_103,4023,w,23,21.67,25,271.1,267,-4.1,0
e2-blocking-100,binary,100,bot_103,4023,w,25,94.01,25,205.66,313,107.34,0
e2-blocking-100,binary,100,bot_103,4023,w,27,95.49,25,201.07,281,79.93,0
e2-blocking-100,binary,100,bot_103,4023,w,29,85.44,25,204.05,272,67.95,0
e2-blocking-100,binary,100,bot_103,4023,w,31,76.36,25,231.54,284,52.46,0
e2-blocking-100,binary,100,bot_103,4023,w,33,141.11,25,170.77,275,104.23,0
e2-blocking-100,binary,100,bot_103,4023,w,35,117.54,25,177.62,266,88.38,0
e2-blocking-100,binary,100,bot_103,4023,w,37,103.1,25,155.27,213,57.73,0
e2-blocking-100,binary,100,bot_103,4023,w,39,98.9,25,157.33,213,55.67,0
e2-blocking-100,binary,100,bot_103,4023,w,41,90.41,25,142.13,173,30.87,0
e2-blocking-100,binary,100,bot_103,4023,w,43,76.08,25,153.78,200,46.22,0
e2-blocking-100,binary,100,bot_103,4023,w,45,66.12,25,146.44,184,37.56,0
e2-blocking-100,binary,100,bot_103,4023,w,47,63.73,25,157.95,183,25.05,0
e2-blocking-100,binary,100,bot_103,4023,w,49,58.45,25,172.8,185,12.2,0
e2-blocking-100,binary,100,bot_103,4023,w,51,52.41,25,187.04,195,7.96,0
e2-blocking-100,binary,100,bot_103,4023,w,53,47.04,25,174.01,176,1.99,0
e2-blocking-100,binary,100,bot_103,4023,w,55,28.03,25,171.59,163,-8.59,0
e2-blocking-100,binary,100,bot_103,4023,w,57,30.82,25,169.88,159,-10.88,0
e2-blocking-100,binary,100,bot_103,4023,w,59,21.94,25,178.02,159,-19.02,0
e2-blocking-100,binary,100,bot_104,4023,b,2,80.92,25,116.52,144,27.48,0
e2-blocking-100,binary,100,bot_104,4023,b,4,61.59,25,125.41,154,28.59,0
e2-blocking-100,binary,100,bot_104,4023,b,6,59.64,25,131.34,143,11.66,0
e2-blocking-100,binary,100,bot_104,4023,b,8,55.58,25,144.55,175,30.45,0
e2-blocking-100,binary,100,bot_104,4023,b,10,59.48,25,149.08,162,12.92,0
e2-blocking-100,binary,100,bot_104,4023,b,12,52.63,25,157.12,171,13.88,0
e2-blocking-100,binary,100,bot_104,4023,b,14,36.2,25,184.67,198,13.33,0
e2-blocking-100,binary,100,bot_104,4023,b,16,42.9,25,197.77,207,9.23,0
e2-blocking-100,binary,100,bot_104,4023,b,18,40.21,25,212.19,216,3.81,0
e2-blocking-100,binary,100,bot_104,4023,b,20,33.78,25,230.53,231,0.47,0
e2-blocking-100,binary,100,bot_104,4023,b,22,26.29,25,242.38,232,-10.38,0
e2-blocking-100,binary,100,bot_104,4023,b,24,137.65,25,245.58,231,-14.58,0
e2-blocking-100,binary,100,bot_104,4023,b,26,109.56,25,171.72,230,58.28,0
e2-blocking-100,binary,100,bot_104,4023,b,28,97.16,25,183.13,244,60.87,0
e2-blocking-100,binary,100,bot_104,4023,b,30,82.08,25,189.72,239,49.28,0
e2-blocking-100,binary,100,bot_104,4023,b,32,153.87,25,148.82,171,22.18,0
e2-blocking-100,binary,100,bot_104,4023,b,34,139.23,25,152.28,237,84.72,0
e2-blocking-100,binary,100,bot_104,4023,b,36,109.11,25,139.24,202,62.76,0
e2-blocking-100,binary,100,bot_104,4023,b,38,106.55,25,131.57,180,48.43,0
e2-blocking-100,binary,100,bot_104,4023,b,40,81.69,25,125.93,169,43.07,0
e2-blocking-100,binary,100,bot_104,4023,b,42,96.56,25,137.27,173,35.73,0
e2-blocking-100,binary,100,bot_104,4023,b,44,88.18,25,168.66,189,20.34,0
e2-blocking-100,binary,100,bot_104,4023,b,46,75.4,25,134.72,145,10.28,0
e2-blocking-100,binary,100,bot_104,4023,b,48,63.34,25,156.1,165,8.9,0
e2-blocking-100,binary,100,bot_104,4023,b,50,50,25,159.73,163,3.27,0
e2-blocking-100,binary,100,bot_104,4023,b,52,42.33,25,161.35,169,7.65,0
e2-blocking-100,binary,100,bot_104,4023,b,54,32.92,25,176.01,179,2.99,0
e2-blocking-100,binary,100,bot_104,4023,b,56,30.16,25,162.38,146,-16.38,0
e2-blocking-100,binary,100,bot_104,4023,b,58,21.75,25,152.73,140,-12.73,0
e2-blocking-100,binary,100,bot_104,4023,b,60,14.18,25,169,147,-22,0
e2-blocking-100,binary,100,bot_105,4024,w,1,84.34,25,112.92,155,42.08,0
e2-blocking-100,binary,100,bot_105,4024,w,3,68.13,25,118.82,157,38.18,0
e2-blocking-100,binary,100,bot_105,4024,w,5,66.42,25,124.25,141,16.75,0
e2-blocking-100,binary,100,bot_105,4024,w,7,63.07,25,138.25,174,35.75,0
e2-blocking-100,binary,100,bot_105,4024,w,9,67.7,25,140.16,162,21.84,0
e2-blocking-100,binary,100,bot_105,4024,w,11,62.75,25,146.07,168,21.93,0
e2-blocking-100,binary,100,bot_105,4024,w,13,46.95,25,174.52,200,25.48,0
e2-blocking-100,binary,100,bot_105,4024,w,15,56.45,25,184.37,207,22.63,0
e2-blocking-100,binary,100,bot_105,4024,w,17,52.68,25,199.18,214,14.82,0
e2-blocking-100,binary,100,bot_105,4024,w,19,45.72,25,218.04,227,8.96,0
e2-blocking-100,binary,100,bot_105,4024,w,21,37.62,25,231.33,229,-2.33,0
e2-blocking-100,binary,100,bot_105,4024,w,23,29.23,25,235.99,234,-1.99,0
e2-blocking-100,binary,100,bot_105,4024,w,25,21.56,25,239.65,234,-5.65,0
e2-blocking-100,binary,100,bot_105,4024,w,27,103.9,25,176.7,273,96.3,0
e2-blocking-100,binary,100,bot_105,4024,w,29,93.65,25,178.05,236,57.95,0
e2-blocking-100,binary,100,bot_105,4024,w,31,150.19,25,152.89,184,31.11,0
e2-blocking-100,binary,100,bot_105,4024,w,33,136.43,25,155.01,237,81.99,0
e2-blocking-100,binary,100,bot_105,4024,w,35,106.02,25,142.36,201,58.64,0
e2-blocking-100,binary,100,bot_105,4024,w,37,103.01,25,134.75,180,45.25,0
e2-blocking-100,binary,100,bot_105,4024,w,39,80.21,25,127.5,165,37.5,0
e2-blocking-100,binary,100,bot_105,4024,w,41,93.23,25,140.6,175,34.4,0
e2-blocking-100,binary,100,bot_105,4024,w,43,84.03,25,172.57,189,16.43,0
e2-blocking-100,binary,100,bot_105,4024,w,45,75.56,25,134.86,141,6.14,0
e2-blocking-100,binary,100,bot_105,4024,w,47,61.35,25,157.99,163,5.01,0
e2-blocking-100,binary,100,bot_105,4024,w,49,49.63,25,159.97,160,0.03,0
e2-blocking-100,binary,100,bot_105,4024,w,51,42.17,25,161.14,166,4.86,0
e2-blocking-100,binary,100,bot_105,4024,w,53,31.13,25,178.12,178,-0.12,0
e2-blocking-100,binary,100,bot_105,4024,w,55,28.99,25,163.25,146,-17.25,0
e2-blocking-100,binary,100,bot_105,4024,w,57,21.64,25,152.91,134,-18.91,0
e2-blocking-100,binary,100,bot_105,4024,w,59,14.16,25,169.25,140,-29.25,0
e2-blocking-100,binary,100,bot_106,4024,b,2,80.48,25,107.72,145,37.28,0
e2-blocking-100,binary,100,bot_106,4024,b,4,61.21,25,123.3,145,21.7,0
e2-blocking-100,binary,100,bot_106,4024,b,6,81.43,25,143.27,163,19.73,0
e2-blocking-100,binary,100,bot_106,4024,b,8,66.5,25,152.26,169,16.74,0
e2-blocking-100,binary,100,bot_106,4024,b,10,67.47,25,166.32,187,20.68,0
e2-blocking-100,binary,100,bot_106,4024,b,12,58.36,25,188.25,214,25.75,0
e2-blocking-100,binary,100,bot_106,4024,b,14,56.17,25,189.44,200,10.56,0
e2-blocking-100,binary,100,bot_106,4024,b,16,48.41,25,207.83,229,21.17,0
e2-blocking-100,binary,100,bot_106,4024,b,18,43.99,25,225.08,242,16.92,0
e2-blocking-100,binary,100,bot_106,4024,b,20,31.19,25,229.09,238,8.91,0
e2-blocking-100,binary,100,bot_106,4024,b,22,32.94,25,259.89,262,2.11,0
e2-blocking-100,binary,100,bot_106,4024,b,24,28.71,25,289.98,282,-7.98,0
e2-blocking-100,binary,100,bot_106,4024,b,26,130.18,25,286.32,272,-14.32,0
e2-blocking-100,binary,100,bot_106,4024,b,28,92.83,25,196.64,265,68.36,0
e2-blocking-100,binary,100,bot_106,4024,b,30,86.06,25,223.32,282,58.68,0
e2-blocking-100,binary,100,bot_106,4024,b,32,137.85,25,174.28,268,93.72,0
e2-blocking-100,binary,100,bot_106,4024,b,34,113.78,25,181.53,262,80.47,0
e2-blocking-100,binary,100,bot_106,4024,b,36,100.18,25,158.49,208,49.51,0
e2-blocking-100,binary,100,bot_106,4024,b,38,93.4,25,162.75,210,47.25,0
e2-blocking-100,binary,100,bot_106,4024,b,40,90.47,25,142.22,167,24.78,0
e2-blocking-100,binary,100,bot_106,4024,b,42,71.14,25,158.57,196,37.43,0
e2-blocking-100,binary,100,bot_106,4024,b,44,62.17,25,150.64,179,28.36,0
e2-blocking-100,binary,100,bot_106,4024,b,46,59.59,25,162.2,181,18.8,0
e2-blocking-100,binary,100,bot_106,4024,b,48,54.48,25,177.18,182,4.82,0
e2-blocking-100,binary,100,bot_106,4024,b,50,48.78,25,190.59,196,5.41,0
e2-blocking-100,binary,100,bot_106,4024,b,52,42.96,25,178,176,-2,0
e2-blocking-100,binary,100,bot_106,4024,b,54,27.8,25,171.97,160,-11.97,0
e2-blocking-100,binary,100,bot_106,4024,b,56,25.33,25,175.56,161,-14.56,0
e2-blocking-100,binary,100,bot_106,4024,b,58,15.37,25,184.79,162,-22.79,0
e2-blocking-100,binary,100,bot_106,4024,b,60,10.95,25,178.31,149,-29.31,0
e2-blocking-100,binary,100,bot_107,4025,w,1,81.47,25,107.19,163,55.81,0
e2-blocking-100,binary,100,bot_107,4025,w,3,62.74,25,121.86,149,27.14,0
e2-blocking-100,binary,100,bot_107,4025,w,5,83.36,25,141.07,165,23.93,0
e2-blocking-100,binary,100,bot_107,4025,w,7,68.29,25,150.83,172,21.17,0
e2-blocking-100,binary,100,bot_107,4025,w,9,69.37,25,164.69,193,28.31,0
e2-blocking-100,binary,100,bot_107,4025,w,11,60.08,25,186.89,218,31.11,0
e2-blocking-100,binary,100,bot_107,4025,w,13,58.03,25,187.48,204,16.52,0
e2-blocking-100,binary,100,bot_107,4025,w,15,50,25,206.05,232,25.95,0
e2-blocking-100,binary,100,bot_107,4025,w,17,46.2,25,222.76,245,22.24,0
e2-blocking-100,binary,100,bot_107,4025,w,19,32.38,25,227.72,241,13.28,0
e2-blocking-100,binary,100,bot_107,4025,w,21,36.95,25,255.37,264,8.63,0
e2-blocking-100,binary,100,bot_107,4025,w,23,29.02,25,289.59,289,-0.59,0
e2-blocking-100,binary,100,bot_107,4025,w,25,24.61,25,282.52,274,-8.52,0
e2-blocking-100,binary,100,bot_107,4025,w,27,95.55,25,194.4,289,94.6,0
e2-blocking-100,binary,100,bot_107,4025,w,29,90.53,25,219.56,283,63.44,0
e2-blocking-100,binary,100,bot_107,4025,w,31,133.84,25,177.53,271,93.47,0
e2-blocking-100,binary,100,bot_107,4025,w,33,109.73,25,185.14,263,77.86,0
e2-blocking-100,binary,100,bot_107,4025,w,35,96.88,25,162.3,209,46.7,0
e2-blocking-100,binary,100,bot_107,4025,w,37,89.98,25,166.36,212,45.64,0
e2-blocking-100,binary,100,bot_107,4025,w,39,87.75,25,144.62,169,24.38,0
e2-blocking-100,binary,100,bot_107,4025,w,41,68.88,25,160.73,196,35.27,0
e2-blocking-100,binary,100,bot_107,4025,w,43,59.06,25,153.64,179,25.36,0
e2-blocking-100,binary,100,bot_107,4025,w,45,58.14,25,163.78,183,19.22,0
e2-blocking-100,binary,100,bot_107,4025,w,47,54.22,25,177.16,181,3.84,0
e2-blocking-100,binary,100,bot_107,4025,w,49,47.1,25,192.5,196,3.5,0
e2-blocking-100,binary,100,bot_107,4025,w,51,40.85,25,180.35,177,-3.35,0
e2-blocking-100,binary,100,bot_107,4025,w,53,25.14,25,174.2,160,-14.2,0
e2-blocking-100,binary,100,bot_107,4025,w,55,23.1,25,177.76,159,-18.76,0
e2-blocking-100,binary,100,bot_107,4025,w,57,12.38,25,187.49,164,-23.49,0
e2-blocking-100,binary,100,bot_107,4025,w,59,91.22,25,180.2,148,-32.2,0
e2-blocking-100,binary,100,bot_108,4025,b,2,70.02,25,116.93,152,35.07,0
e2-blocking-100,binary,100,bot_108,4025,b,4,67.82,25,122.92,137,14.08,0
e2-blocking-100,binary,100,bot_108,4025,b,6,64.72,25,136.98,172,35.02,0
e2-blocking-100,binary,100,bot_108,4025,b,8,70.49,25,137.24,157,19.76,0
e2-blocking-100,binary,100,bot_108,4025,b,10,65.48,25,143.46,163,19.54,0
e2-blocking-100,binary,100,bot_108,4025,b,12,49.64,25,171.7,195,23.3,0
e2-blocking-100,binary,100,bot_108,4025,b,14,59.2,25,181.32,201,19.68,0
e2-blocking-100,binary,100,bot_108,4025,b,16,55.41,25,196.35,209,12.65,0
e2-blocking-100,binary,100,bot_108,4025,b,18,46,25,217.89,226,8.11,0
e2-blocking-100,binary,100,bot_108,4025,b,20,41.04,25,227.46,222,-5.46,0
e2-blocking-100,binary,100,bot_108,4025,b,22,32.23,25,232.41,231,-1.41,0
e2-blocking-100,binary,100,bot_108,4025,b,24,24.06,25,236.91,228,-8.91,0
e2-blocking-100,binary,100,bot_108,4025,b,26,126.21,25,263.37,249,-14.37,0
e2-blocking-100,binary,100,bot_108,4025,b,28,95.96,25,175.55,233,57.45,0
e2-blocking-100,binary,100,bot_108,4025,b,30,146.73,25,156.39,190,33.61,0
e2-blocking-100,binary,100,bot_108,4025,b,32,132.1,25,159.02,236,76.98,0
e2-blocking-100,binary,100,bot_108,4025,b,34,101.47,25,146.6,200,53.4,0
e2-blocking-100,binary,100,bot_108,4025,b,36,99.16,25,138.96,178,39.04,0
e2-blocking-100,binary,100,bot_108,4025,b,38,77.92,25,129.78,162,32.22,0
e2-blocking-100,binary,100,bot_108,4025,b,40,88.43,25,145.24,175,29.76,0
e2-blocking-100,binary,100,bot_108,4025,b,42,79.94,25,176.92,189,12.08,0
e2-blocking-100,binary,100,bot_108,4025,b,44,72.96,25,137,139,2,0
e2-blocking-100,binary,100,bot_108,4025,b,46,58.65,25,161.07,162,0.93,0
e2-blocking-100,binary,100,bot_108,4025,b,48,46.2,25,163.32,161,-2.32,0
e2-blocking-100,binary,100,bot_108,4025,b,50,39.82,25,163.71,165,1.29,0
e2-blocking-100,binary,100,bot_108,4025,b,52,28.01,25,181.04,176,-5.04,0
e2-blocking-100,binary,100,bot_108,4025,b,54,25.74,25,166.44,145,-21.44,0
e2-blocking-100,binary,100,bot_108,4025,b,56,18.31,25,155.92,133,-22.92,0
e2-blocking-100,binary,100,bot_108,4025,b,58,11.21,25,172.14,139,-33.14,0
e2-blocking-100,binary,100,bot_108,4025,b,60,97.54,25,87.3,133,45.7,0
e2-blocking-100,binary,100,bot_109,4026,w,1,73,25,113.86,161,47.14,0
e2-blocking-100,binary,100,bot_109,4026,w,3,77.26,25,113.7,133,19.3,0
e2-blocking-100,binary,100,bot_109,4026,w,5,73.39,25,128.53,169,40.47,0
e2-blocking-100,binary,100,bot_109,4026,w,7,79.64,25,127.24,154,26.76,0
e2-blocking-100,binary,100,bot_109,4026,w,9,73.84,25,135.13,165,29.87,0
e2-blocking-100,binary,100,bot_109,4026,w,11,59.17,25,162.49,194,31.51,0
e2-blocking-100,binary,100,bot_109,4026,w,13,69.13,25,172.02,204,31.98,0
e2-blocking-100,binary,100,bot_109,4026,w,15,63.92,25,187.9,214,26.1,0
e2-blocking-100,binary,100,bot_109,4026,w,17,54.98,25,209.2,231,21.8,0
e2-blocking-100,binary,100,bot_109,4026,w,19,50.32,25,218.93,225,6.07,0
e2-blocking-100,binary,100,bot_109,4026,w,21,41.52,25,223.64,236,12.36,0
e2-blocking-100,binary,100,bot_109,4026,w,23,31.53,25,229.6,237,7.4,0
e2-blocking-100,binary,100,bot_109,4026,w,25,27.45,25,255.57,255,-0.57,0
e2-blocking-100,binary,100,bot_109,4026,w,27,18.66,25,250.77,241,-9.77,0
e2-blocking-100,binary,100,bot_109,4026,w,29,141.26,25,162.27,237,74.73,0
e2-blocking-100,binary,100,bot_109,4026,w,31,126.95,25,164.32,236,71.68,0
e2-blocking-100,binary,100,bot_109,4026,w,33,94.83,25,152.91,201,48.09,0
e2-blocking-100,binary,100,bot_109,4026,w,35,98.39,25,139.26,172,32.74,0
e2-blocking-100,binary,100,bot_109,4026,w,37,72.98,25,134.75,161,26.25,0
e2-blocking-100,binary,100,bot_109,4026,w,39,83.92,25,149.96,172,22.04,0
e2-blocking-100,binary,100,bot_109,4026,w,41,79.58,25,176.94,181,4.06,0
e2-blocking-100,binary,100,bot_109,4026,w,43,69.05,25,141.02,137,-4.02,0
e2-blocking-100,binary,100,bot_109,4026,w,45,57.73,25,161.38,157,-4.38,0
e2-blocking-100,binary,100,bot_109,4026,w,47,43.1,25,166.42,160,-6.42,0
e2-blocking-100,binary,100,bot_109,4026,w,49,34.73,25,168.8,165,-3.8,0
e2-blocking-100,binary,100,bot_109,4026,w,51,24.55,25,184.68,177,-7.68,0
e2-blocking-100,binary,100,bot_109,4026,w,53,21.43,25,170.85,147,-23.85,0
e2-blocking-100,binary,100,bot_109,4026,w,55,15.94,25,158.34,135,-23.34,0
e2-blocking-100,binary,100,bot_109,4026,w,57,110.88,25,174.79,137,-37.79,0
e2-blocking-100,binary,100,bot_109,4026,w,59,94.55,25,90.29,123,32.71,0
e2-blocking-100,binary,100,bot_110,4026,b,2,69.11,25,115.56,143,27.44,0
e2-blocking-100,binary,100,bot_110,4026,b,4,89.59,25,133.79,165,31.21,0
e2-blocking-100,binary,100,bot_110,4026,b,6,77.22,25,142.5,171,28.5,0
e2-blocking-100,binary,100,bot_110,4026,b,8,79.19,25,154.93,188,33.07,0
e2-blocking-100,binary,100,bot_110,4026,b,10,68.88,25,178.06,216,37.94,0
e2-blocking-100,binary,100,bot_110,4026,b,12,70.12,25,175.1,198,22.9,0
e2-blocking-100,binary,100,bot_110,4026,b,14,63.55,25,192.08,226,33.92,0
e2-blocking-100,binary,100,bot_110,4026,b,16,59.29,25,209.89,239,29.11,0
e2-blocking-100,binary,100,bot_110,4026,b,18,43.97,25,215.71,236,20.29,0
e2-blocking-100,binary,100,bot_110,4026,b,20,50.71,25,241.78,256,14.22,0
e2-blocking-100,binary,100,bot_110,4026,b,22,44.31,25,273.86,280,6.14,0
e2-blocking-100,binary,100,bot_110,4026,b,24,38.36,25,268.83,265,-3.83,0
e2-blocking-100,binary,100,bot_110,4026,b,26,28.49,25,267.51,259,-8.51,0
e2-blocking-100,binary,100,bot_110,4026,b,28,134.19,25,282.68,266,-16.68,0
e2-blocking-100,binary,100,bot_110,4026,b,30,128.89,25,182.18,268,85.82,0
e2-blocking-100,binary,100,bot_110,4026,b,32,105.74,25,188.88,260,71.12,0
e2-blocking-100,binary,100,bot_110,4026,b,34,92.76,25,166.75,207,40.25,0
e2-blocking-100,binary,100,bot_110,4026,b,36,83.63,25,172.49,216,43.51,0
e2-blocking-100,binary,100,bot_110,4026,b,38,81.53,25,151.1,169,17.9,0
e2-blocking-100,binary,100,bot_110,4026,b,40,63.61,25,166.22,195,28.78,0
e2-blocking-100,binary,100,bot_110,4026,b,42,54.14,25,158.18,184,25.82,0
e2-blocking-100,binary,100,bot_110,4026,b,44,53.59,25,168.18,182,13.82,0
e2-blocking-100,binary,100,bot_110,4026,b,46,52.61,25,178.6,182,3.4,0
e2-blocking-100,binary,100,bot_110,4026,b,48,43.11,25,196.5,197,0.5,0
e2-blocking-100,binary,100,bot_110,4026,b,50,38.41,25,182.73,174,-8.73,0
e2-blocking-100,binary,100,bot_110,4026,b,52,21.72,25,177.83,158,-19.83,0
e2-blocking-100,binary,100,bot_110,4026,b,54,22.97,25,177.41,155,-22.41,0
e2-blocking-100,binary,100,bot_110,4026,b,56,8.74,25,191.06,163,-28.06,0
e2-blocking-100,binary,100,bot_110,4026,b,58,78.67,25,90.73,158,67.27,0
e2-blocking-100,binary,100,bot_110,4026,b,60,80.74,25,91.28,142,50.72,0
e2-blocking-100,binary,100,bot_111,4027,w,1,69.68,25,115.56,154,38.44,0
e2-blocking-100,binary,100,bot_111,4027,w,3,93.14,25,130.05,162,31.95,0
e2-blocking-100,binary,100,bot_111,4027,w,5,81.2,25,138.82,167,28.18,0
e2-blocking-100,binary,100,bot_111,4027,w,7,82.46,25,152.02,185,32.98,0
e2-blocking-100,binary,100,bot_111,4027,w,9,73.34,25,173.56,214,40.44,0
e2-blocking-100,binary,100,bot_111,4027,w,11,75.04,25,169.84,200,30.16,0
e2-blocking-100,binary,100,bot_111,4027,w,13,68.73,25,187.03,227,39.97,0
e2-blocking-100,binary,100,bot_111,4027,w,15,64.25,25,204.94,241,36.06,0
e2-blocking-100,binary,100,bot_111,4027,w,17,46.59,25,213.67,241,27.33,0
e2-blocking-100,binary,100,bot_111,4027,w,19,54.57,25,238.08,259,20.92,0
e2-blocking-100,binary,100,bot_111,4027,w,21,50.22,25,268.12,277,8.88,0
e2-blocking-100,binary,100,bot_111,4027,w,23,43.98,25,263.16,263,-0.16,0
e2-blocking-100,binary,100,bot_111,4027,w,25,34.17,25,261.56,256,-5.56,0
e2-blocking-100,binary,100,bot_111,4027,w,27,139.57,25,276.06,260,-16.06,0
e2-blocking-100,binary,100,bot_111,4027,w,29,124.75,25,186.56,270,83.44,0
e2-blocking-100,binary,100,bot_111,4027,w,31,103.61,25,191.11,260,68.89,0
e2-blocking-100,binary,100,bot_111,4027,w,33,87.84,25,171.9,209,37.1,0
e2-blocking-100,binary,100,bot_111,4027,w,35,78.45,25,177.79,218,40.21,0
e2-blocking-100,binary,100,bot_111,4027,w,37,77.4,25,155.25,170,14.75,0
e2-blocking-100,binary,100,bot_111,4027,w,39,59.93,25,169.96,196,26.04,0
e2-blocking-100,binary,100,bot_111,4027,w,41,50.41,25,162.2,183,20.8,0
e2-blocking-100,binary,100,bot_111,4027,w,43,49.08,25,172.88,184,11.12,0
e2-blocking-100,binary,100,bot_111,4027,w,45,46.97,25,184.3,181,-3.3,0
e2-blocking-100,binary,100,bot_111,4027,w,47,36.87,25,202.54,196,-6.54,0
e2-blocking-100,binary,100,bot_111,4027,w,49,32.74,25,188.42,174,-14.42,0
e2-blocking-100,binary,100,bot_111,4027,w,51,21.29,25,177.83,153,-24.83,0
e2-blocking-100,binary,100,bot_111,4027,w,53,18.33,25,182.12,157,-25.12,0
e2-blocking-100,binary,100,bot_111,4027,w,55,98.58,25,193.95,162,-31.95,0
e2-blocking-100,binary,100,bot_111,4027,w,57,75.52,25,93.86,148,54.14,0
e2-blocking-100,binary,100,bot_111,4027,w,59,75.43,25,96.28,144,47.72,0
e2-blocking-100,binary,100,bot_112,4027,b,2,80.36,25,110.32,132,21.68,0
e2-blocking-100,binary,100,bot_112,4027,b,4,77.34,25,125.39,170,44.61,0
e2-blocking-100,binary,100,bot_112,4027,b,6,81.76,25,124.99,157,32.01,0
e2-blocking-100,binary,100,bot_112,4027,b,8,77.61,25,130.91,164,33.09,0
e2-blocking-100,binary,100,bot_112,4027,b,10,67.72,25,153.96,191,37.04,0
e2-blocking-100,binary,100,bot_112,4027,b,12,77.63,25,163.02,201,37.98,0
e2-blocking-100,binary,100,bot_112,4027,b,14,72.67,25,179.48,211,31.52,0
e2-blocking-100,binary,100,bot_112,4027,b,16,64.07,25,200.41,228,27.59,0
e2-blocking-100,binary,100,bot_112,4027,b,18,57.52,25,211.44,222,10.56,0
e2-blocking-100,binary,100,bot_112,4027,b,20,46.33,25,218.94,237,18.06,0
e2-blocking-100,binary,100,bot_112,4027,b,22,37.3,25,224.04,237,12.96,0
e2-blocking-100,binary,100,bot_112,4027,b,24,32.5,25,250.59,258,7.41,0
e2-blocking-100,binary,100,bot_112,4027,b,26,22.07,25,247.26,245,-2.26,0
e2-blocking-100,binary,100,bot_112,4027,b,28,138.95,25,164.63,248,83.37,0
e2-blocking-100,binary,100,bot_112,4027,b,30,125.06,25,167.29,235,67.71,0
e2-blocking-100,binary,100,bot_112,4027,b,32,92.13,25,155.57,202,46.43,0
e2-blocking-100,binary,100,bot_112,4027,b,34,96.01,25,138.64,171,32.36,0
e2-blocking-100,binary,100,bot_112,4027,b,36,70.5,25,137.1,159,21.9,0
e2-blocking-100,binary,100,bot_112,4027,b,38,81.7,25,152.11,171,18.89,0
e2-blocking-100,binary,100,bot_112,4027,b,40,76.98,25,179.56,181,1.44,0
e2-blocking-100,binary,100,bot_112,4027,b,42,66.48,25,143.88,138,-5.88,0
e2-blocking-100,binary,100,bot_112,4027,b,44,53.13,25,165.97,158,-7.97,0
e2-blocking-100,binary,100,bot_112,4027,b,46,38.55,25,170.98,161,-9.98,0
e2-blocking-100,binary,100,bot_112,4027,b,48,30.43,25,173.05,165,-8.05,0
e2-blocking-100,binary,100,bot_112,4027,b,50,20.56,25,188.52,177,-11.52,0
e2-blocking-100,binary,100,bot_112,4027,b,52,19.12,25,172.95,149,-23.95,0
e2-blocking-100,binary,100,bot_112,4027,b,54,13.1,25,161.06,134,-27.06,0
e2-blocking-100,binary,100,bot_112,4027,b,56,100.34,25,92.96,146,53.04,0
e2-blocking-100,binary,100,bot_112,4027,b,58,92.43,25,93.05,125,31.95,0
e2-blocking-100,binary,100,bot_112,4027,b,60,83.83,25,100.52,131,30.48,0
e2-blocking-100,binary,100,bot_113,4028,w,1,81.38,25,109.41,145,35.59,0
e2-blocking-100,binary,100,bot_113,4028,w,3,78.44,25,124.44,176,51.56,0
e2-blocking-100,binary,100,bot_113,4028,w,5,82.85,25,123.72,162,38.28,0
e2-blocking-100,binary,100,bot_113,4028,w,7,78.63,25,129.71,170,40.29,0
e2-blocking-100,binary,100,bot_113,4028,w,9,68.89,25,152.97,195,42.03,0
e2-blocking-100,binary,100,bot_113,4028,w,11,78.64,25,162.33,207,44.67,0
e2-blocking-100,binary,100,bot_113,4028,w,13,74.39,25,177.63,215,37.37,0
e2-blocking-100,binary,100,bot_113,4028,w,15,65.72,25,198.62,232,33.38,0
e2-blocking-100,binary,100,bot_113,4028,w,17,59.5,25,209.46,223,13.54,0
e2-blocking-100,binary,100,bot_113,4028,w,19,48.78,25,216.49,239,22.51,0
e2-blocking-100,binary,100,bot_113,4028,w,21,39.84,25,221.28,240,18.72,0
e2-blocking-100,binary,100,bot_113,4028,w,23,35.56,25,247.38,261,13.63,0
e2-blocking-100,binary,100,bot_113,4028,w,25,25.38,25,244.24,248,3.76,0
e2-blocking-100,binary,100,bot_113,4028,w,27,136.52,25,167.11,258,90.89,0
e2-blocking-100,binary,100,bot_113,4028,w,29,123.1,25,169.08,236,66.92,0
e2-blocking-100,binary,100,bot_113,4028,w,31,89.26,25,158.13,205,46.87,0
e2-blocking-100,binary,100,bot_113,4028,w,33,93.52,25,140.97,173,32.03,0
e2-blocking-100,binary,100,bot_113,4028,w,35,67.88,25,139.36,158,18.64,0
e2-blocking-100,binary,100,bot_113,4028,w,37,80.1,25,153.76,172,18.24,0
e2-blocking-100,binary,100,bot_113,4028,w,39,74.37,25,182.11,183,0.89,0
e2-blocking-100,binary,100,bot_113,4028,w,41,63.73,25,146.74,139,-7.74,0
e2-blocking-100,binary,100,bot_113,4028,w,43,49.93,25,169.55,158,-11.55,0
e2-blocking-100,binary,100,bot_113,4028,w,45,35.5,25,173.92,160,-13.92,0
e2-blocking-100,binary,100,bot_113,4028,w,47,27.66,25,175.51,163,-12.51,0
e2-blocking-100,binary,100,bot_113,4028,w,49,18.12,25,191.07,175,-16.07,0
e2-blocking-100,binary,100,bot_113,4028,w,51,15.12,25,176.92,154,-22.92,0
e2-blocking-100,binary,100,bot_113,4028,w,53,103.15,25,165.86,137,-28.86,0
e2-blocking-100,binary,100,bot_113,4028,w,55,96.55,25,96.3,144,47.7,0
e2-blocking-100,binary,100,bot_113,4028,w,57,88.57,25,97.13,127,29.87,0
e2-blocking-100,binary,100,bot_113,4028,w,59,79.36,25,104.74,133,28.26,0
e2-blocking-100,binary,100,bot_114,4028,b,2,95.64,25,127.34,156,28.66,0
e2-blocking-100,binary,100,bot_114,4028,b,4,83.45,25,136.62,163,26.38,0
e2-blocking-100,binary,100,bot_114,4028,b,6,85,25,149.54,179,29.46,0
e2-blocking-100,binary,100,bot_114,4028,b,8,76.03,25,170.83,209,38.17,0
e2-blocking-100,binary,100,bot_114,4028,b,10,78.76,25,166,195,29,0
e2-blocking-100,binary,100,bot_114,4028,b,12,71.74,25,183.89,223,39.11,0
e2-blocking-100,binary,100,bot_114,4028,b,14,67.45,25,201.71,236,34.29,0
e2-blocking-100,binary,100,bot_114,4028,b,16,47.31,25,213.02,239,25.98,0
e2-blocking-100,binary,100,bot_114,4028,b,18,56.09,25,236.36,256,19.64,0
e2-blocking-100,binary,100,bot_114,4028,b,20,52.66,25,265.66,275,9.34,0
e2-blocking-100,binary,100,bot_114,4028,b,22,47.55,25,259.17,259,-0.17,0
e2-blocking-100,binary,100,bot_114,4028,b,24,37.31,25,258.64,254,-4.64,0
e2-blocking-100,binary,100,bot_114,4028,b,26,145.62,25,272.81,258,-14.81,0
e2-blocking-100,binary,100,bot_114,4028,b,28,120.73,25,190.33,268,77.67,0
e2-blocking-100,binary,100,bot_114,4028,b,30,100.97,25,193.41,258,64.59,0
e2-blocking-100,binary,100,bot_114,4028,b,32,86.53,25,176.35,207,30.65,0
e2-blocking-100,binary,100,bot_114,4028,b,34,72.7,25,183.68,218,34.32,0
e2-blocking-100,binary,100,bot_114,4028,b,36,72.71,25,159.88,169,9.12,0
e2-blocking-100,binary,100,bot_114,4028,b,38,55.36,25,174.88,196,21.12,0
e2-blocking-100,binary,100,bot_114,4028,b,40,45.66,25,166.85,182,15.15,0
e2-blocking-100,binary,100,bot_114,4028,b,42,43.85,25,178.48,184,5.52,0
e2-blocking-100,binary,100,bot_114,4028,b,44,41.13,25,190.69,182,-8.69,0
e2-blocking-100,binary,100,bot_114,4028,b,46,31.93,25,207.6,196,-11.6,0
e2-blocking-100,binary,100,bot_114,4028,b,48,28.13,25,192.92,174,-18.92,0
e2-blocking-100,binary,100,bot_114,4028,b,50,20.84,25,178.17,149,-29.17,0
e2-blocking-100,binary,100,bot_114,4028,b,52,15.11,25,186.11,154,-32.11,0
e2-blocking-100,binary,100,bot_114,4028,b,54,91.09,25,107.02,163,55.98,0
e2-blocking-100,binary,100,bot_114,4028,b,56,72.73,25,96.54,145,48.46,0
e2-blocking-100,binary,100,bot_114,4028,b,58,71.99,25,100,141,41,0
e2-blocking-100,binary,100,bot_114,4028,b,60,98.08,25,87.77,119,31.23,0
e2-blocking-100,binary,100,bot_115,4029,w,1,100.95,25,122.31,175,52.69,0
e2-blocking-100,binary,100,bot_115,4029,w,3,88.67,25,132.03,173,40.97,0
e2-blocking-100,binary,100,bot_115,4029,w,5,91.18,25,143.62,190,46.38,0
e2-blocking-100,binary,100,bot_115,4029,w,7,80.98,25,165.91,218,52.09,0
e2-blocking-100,binary,100,bot_115,4029,w,9,84.15,25,159.98,202,42.02,0
e2-blocking-100,binary,100,bot_115,4029,w,11,77.16,25,178.56,231,52.44,0
e2-blocking-100,binary,100,bot_115,4029,w,13,73.96,25,195.36,244,48.64,0
e2-blocking-100,binary,100,bot_115,4029,w,15,52.79,25,207.42,249,41.58,0
e2-blocking-100,binary,100,bot_115,4029,w,17,60.15,25,232.48,267,34.52,0
e2-blocking-100,binary,100,bot_115,4029,w,19,58.43,25,260.04,282,21.96,0
e2-blocking-100,binary,100,bot_115,4029,w,21,53.5,25,253.29,268,14.71,0
e2-blocking-100,binary,100,bot_115,4029,w,23,42.8,25,253.11,264,10.89,0
e2-blocking-100,binary,100,bot_115,4029,w,25,154.49,25,264.84,264,-0.84,0
e2-blocking-100,binary,100,bot_115,4029,w,27,117.26,25,193.51,273,79.49,0
e2-blocking-100,binary,100,bot_115,4029,w,29,97.25,25,197.05,263,65.95,0
e2-blocking-100,binary,100,bot_115,4029,w,31,83,25,179.95,212,32.05,0
e2-blocking-100,binary,100,bot_115,4029,w,33,68.98,25,187.35,224,36.65,0
e2-blocking-100,binary,100,bot_115,4029,w,35,69.02,25,163.55,177,13.45,0
e2-blocking-100,binary,100,bot_115,4029,w,37,54.95,25,174.7,199,24.3,0
e2-blocking-100,binary,100,bot_115,4029,w,39,45.23,25,166.85,185,18.15,0
e2-blocking-100,binary,100,bot_115,4029,w,41,39.19,25,183.19,194,10.81,0
e2-blocking-100,binary,100,bot_115,4029,w,43,36.45,25,195.28,193,-2.28,0
e2-blocking-100,binary,100,bot_115,4029,w,45,27.28,25,212.58,205,-7.58,0
e2-blocking-100,binary,100,bot_115,4029,w,47,24.03,25,197.66,182,-15.66,0
e2-blocking-100,binary,100,bot_115,4029,w,49,15.78,25,183.43,159,-24.43,0
e2-blocking-100,binary,100,bot_115,4029,w,51,101.35,25,190.5,163,-27.5,0
e2-blocking-100,binary,100,bot_115,4029,w,53,86.52,25,111.89,164,52.11,0
e2-blocking-100,binary,100,bot_115,4029,w,55,70.12,25,98.76,152,53.24,0
e2-blocking-100,binary,100,bot_115,4029,w,57,68.12,25,103.9,147,43.1,0
e2-blocking-100,binary,100,bot_115,4029,w,59,95.26,25,90.58,126,35.42,0
e2-blocking-100,binary,100,bot_116,4029,b,2,82.3,25,121.26,176,54.74,0
e2-blocking-100,binary,100,bot_116,4029,b,4,86.79,25,119.42,160,40.58,0
e2-blocking-100,binary,100,bot_116,4029,b,6,83.3,25,124.71,169,44.29,0
e2-blocking-100,binary,100,bot_116,4029,b,8,74.12,25,148.11,193,44.89,0
e2-blocking-100,binary,100,bot_116,4029,b,10,84.09,25,157.01,206,48.99,0
e2-blocking-100,binary,100,bot_116,4029,b,12,79.75,25,172.54,213,40.46,0
e2-blocking-100,binary,100,bot_116,4029,b,14,71.98,25,192.33,229,36.67,0
e2-blocking-100,binary,100,bot_116,4029,b,16,65.34,25,203.61,220,16.39,0
e2-blocking-100,binary,100,bot_116,4029,b,18,53.9,25,211.68,236,24.32,0
e2-blocking-100,binary,100,bot_116,4029,b,20,45.37,25,216,239,23,0
e2-blocking-100,binary,100,bot_116,4029,b,22,41.64,25,241.85,259,17.15,0
e2-blocking-100,binary,100,bot_116,4029,b,24,31.71,25,237.83,245,7.17,0
e2-blocking-100,binary,100,bot_116,4029,b,26,131.61,25,171.04,270,98.96,0
e2-blocking-100,binary,100,bot_116,4029,b,28,117.49,25,175.06,236,60.94,0
e2-blocking-100,binary,100,bot_116,4029,b,30,84.57,25,162.8,204,41.2,0
e2-blocking-100,binary,100,bot_116,4029,b,32,89.52,25,145.01,173,27.99,0
e2-blocking-100,binary,100,bot_116,4029,b,34,65.37,25,141.83,156,14.17,0
e2-blocking-100,binary,100,bot_116,4029,b,36,75.59,25,157.92,171,13.08,0
e2-blocking-100,binary,100,bot_116,4029,b,38,70.28,25,186.19,185,-1.19,0
e2-blocking-100,binary,100,bot_116,4029,b,40,62.53,25,148.06,137,-11.06,0
e2-blocking-100,binary,100,bot_116,4029,b,42,48.49,25,170.45,154,-16.45,0
e2-blocking-100,binary,100,bot_116,4029,b,44,34.46,25,174.32,156,-18.32,0
e2-blocking-100,binary,100,bot_116,4029,b,46,26.21,25,177.02,159,-18.02,0
e2-blocking-100,binary,100,bot_116,4029,b,48,18.19,25,191.15,170,-21.15,0
e2-blocking-100,binary,100,bot_116,4029,b,50,13.98,25,178.09,150,-28.09,0
e2-blocking-100,binary,100,bot_116,4029,b,52,94.1,25,84.27,140,55.73,0
e2-blocking-100,binary,100,bot_116,4029,b,54,94.9,25,97.67,140,42.33,0
e2-blocking-100,binary,100,bot_116,4029,b,56,86.06,25,99.72,126,26.28,0
e2-blocking-100,binary,100,bot_116,4029,b,58,77.09,25,107.06,131,23.94,0
e2-blocking-100,binary,100,bot_116,4029,b,60,61.97,25,110.56,161,50.44,0
e2-blocking-100,binary,100,bot_117,4030,w,1,88.87,25,115.34,185,69.66,0
e2-blocking-100,binary,100,bot_117,4030,w,3,93.92,25,111.92,161,49.08,0
e2-blocking-100,binary,100,bot_117,4030,w,5,91.1,25,116.48,163,46.52,0
e2-blocking-100,binary,100,bot_117,4030,w,7,83.12,25,139.39,190,50.61,0
e2-blocking-100,binary,100,bot_117,4030,w,9,90.42,25,150.53,202,51.47,0
e2-blocking-100,binary,100,bot_117,4030,w,11,85.47,25,166.72,214,47.28,0
e2-blocking-100,binary,100,bot_117,4030,w,13,76.88,25,187.14,230,42.86,0
e2-blocking-100,binary,100,bot_117,4030,w,15,72.3,25,196.87,220,23.13,0
e2-blocking-100,binary,100,bot_117,4030,w,17,59.53,25,206.09,237,30.91,0
e2-blocking-100,binary,100,bot_117,4030,w,19,50.84,25,211.15,241,29.85,0
e2-blocking-100,binary,100,bot_117,4030,w,21,44.97,25,238.49,263,24.51,0
e2-blocking-100,binary,100,bot_117,4030,w,23,37.66,25,232.33,246,13.67,0
e2-blocking-100,binary,100,bot_117,4030,w,25,130.24,25,172.29,272,99.71,0
e2-blocking-100,binary,100,bot_117,4030,w,27,115.53,25,177.21,235,57.79,0
e2-blocking-100,binary,100,bot_117,4030,w,29,82.35,25,164.89,203,38.11,0
e2-blocking-100,binary,100,bot_117,4030,w,31,86.43,25,148.06,172,23.94,0
e2-blocking-100,binary,100,bot_117,4030,w,33,63.71,25,143.52,154,10.48,0
e2-blocking-100,binary,100,bot_117,4030,w,35,73.77,25,160.2,170,9.8,0
e2-blocking-100,binary,100,bot_117,4030,w,37,68.5,25,188.13,184,-4.13,0
e2-blocking-100,binary,100,bot_117,4030,w,39,60.77,25,149.83,136,-13.83,0
e2-blocking-100,binary,100,bot_117,4030,w,41,46.22,25,172.74,155,-17.74,0
e2-blocking-100,binary,100,bot_117,4030,w,43,32.16,25,176.62,154,-22.62,0
e2-blocking-100,binary,100,bot_117,4030,w,45,23.45,25,179.82,160,-19.82,0
e2-blocking-100,binary,100,bot_117,4030,w,47,15.84,25,193.58,171,-22.58,0
e2-blocking-100,binary,100,bot_117,4030,w,49,111.08,25,181.36,150,-31.36,0
e2-blocking-100,binary,100,bot_117,4030,w,51,89.98,25,88.19,130,41.81,0
e2-blocking-100,binary,100,bot_117,4030,w,53,92.22,25,100.67,143,42.33,0
e2-blocking-100,binary,100,bot_117,4030,w,55,82.77,25,103.3,126,22.7,0
e2-blocking-100,binary,100,bot_117,4030,w,57,73.81,25,110.72,129,18.28,0
e2-blocking-100,binary,100,bot_117,4030,w,59,58.61,25,114.33,163,48.67,0
e2-blocking-100,binary,100,bot_118,4030,b,2,95.23,25,125.71,162,36.29,0
e2-blocking-100,binary,100,bot_118,4030,b,4,93.73,25,141.55,184,42.45,0
e2-blocking-100,binary,100,bot_118,4030,b,6,86.96,25,159.9,211,51.1,0
e2-blocking-100,binary,100,bot_118,4030,b,8,88.18,25,155.66,200,44.34,0
e2-blocking-100,binary,100,bot_118,4030,b,10,82.8,25,172.51,224,51.49,0
e2-blocking-100,binary,100,bot_118,4030,b,12,80.78,25,188.56,234,45.44,0
e2-blocking-100,binary,100,bot_118,4030,b,14,60.23,25,200.18,238,37.82,0
e2-blocking-100,binary,100,bot_118,4030,b,16,67.35,25,225.29,257,31.71,0
e2-blocking-100,binary,100,bot_118,4030,b,18,65.52,25,252.44,272,19.56,0
e2-blocking-100,binary,100,bot_118,4030,b,20,61.03,25,245.32,257,11.68,0
e2-blocking-100,binary,100,bot_118,4030,b,22,51.26,25,244.66,250,5.34,0
e2-blocking-100,binary,100,bot_118,4030,b,24,157.23,25,264.51,262,-2.51,0
e2-blocking-100,binary,100,bot_118,4030,b,26,114.84,25,195.83,267,71.17,0
e2-blocking-100,binary,100,bot_118,4030,b,28,94.51,25,199.82,257,57.18,0
e2-blocking-100,binary,100,bot_118,4030,b,30,81.22,25,182.13,205,22.87,0
e2-blocking-100,binary,100,bot_118,4030,b,32,66.74,25,189.55,217,27.45,0
e2-blocking-100,binary,100,bot_118,4030,b,34,66.66,25,165.86,170,4.14,0
e2-blocking-100,binary,100,bot_118,4030,b,36,53,25,177.05,191,13.95,0
e2-blocking-100,binary,100,bot_118,4030,b,38,43.15,25,168.69,178,9.31,0
e2-blocking-100,binary,100,bot_118,4030,b,40,38.98,25,183.17,185,1.83,0
e2-blocking-100,binary,100,bot_118,4030,b,42,34.54,25,197.43,184,-13.43,0
e2-blocking-100,binary,100,bot_118,4030,b,44,25.74,25,214.15,200,-14.15,0
e2-blocking-100,binary,100,bot_118,4030,b,46,21.82,25,199.7,177,-22.7,0
e2-blocking-100,binary,100,bot_118,4030,b,48,12.71,25,186.75,155,-31.75,0
e2-blocking-100,binary,100,bot_118,4030,b,50,87.52,25,103.57,167,63.43,0
e2-blocking-100,binary,100,bot_118,4030,b,52,86.36,25,111.68,156,44.32,0
e2-blocking-100,binary,100,bot_118,4030,b,54,66.36,25,102.22,148,45.78,0
e2-blocking-100,binary,100,bot_118,4030,b,56,64.64,25,107.64,143,35.36,0
e2-blocking-100,binary,100,bot_118,4030,b,58,93.46,25,92.85,119,26.15,0
e2-blocking-100,binary,100,bot_118,4030,b,60,59.85,25,91.93,104,12.07,0
e2-blocking-100,binary,100,bot_119,4031,w,1,97.74,25,123.69,163,39.31,0
e2-blocking-100,binary,100,bot_119,4031,w,3,97.56,25,138.17,176,37.83,0
e2-blocking-100,binary,100,bot_119,4031,w,5,91.21,25,156.25,193,36.75,0
e2-blocking-100,binary,100,bot_119,4031,w,7,90.5,25,153.1,182,28.9,0
e2-blocking-100,binary,100,bot_119,4031,w,9,87.36,25,168.23,202,33.77,0
e2-blocking-100,binary,100,bot_119,4031,w,11,83.42,25,185.89,217,31.11,0
e2-blocking-100,binary,100,bot_119,4031,w,13,64.17,25,196.91,221,24.09,0
e2-blocking-100,binary,100,bot_119,4031,w,15,70.28,25,222.58,243,20.42,0
e2-blocking-100,binary,100,bot_119,4031,w,17,68.36,25,249.39,255,5.61,0
e2-blocking-100,binary,100,bot_119,4031,w,19,64.13,25,242.47,238,-4.47,0
e2-blocking-100,binary,100,bot_119,4031,w,21,54.2,25,241.63,231,-10.63,0
e2-blocking-100,binary,100,bot_119,4031,w,23,159.76,25,261.25,244,-17.25,0
e2-blocking-100,binary,100,bot_119,4031,w,25,111.32,25,199.19,253,53.81,0
e2-blocking-100,binary,100,bot_119,4031,w,27,91.05,25,203.46,242,38.54,0
e2-blocking-100,binary,100,bot_119,4031,w,29,77.55,25,185.65,192,6.35,0
e2-blocking-100,binary,100,bot_119,4031,w,31,63.57,25,192.68,202,9.32,0
e2-blocking-100,binary,100,bot_119,4031,w,33,63.24,25,169.5,158,-11.5,0
e2-blocking-100,binary,100,bot_119,4031,w,35,52.57,25,177.17,172,-5.17,0
e2-blocking-100,binary,100,bot_119,4031,w,37,40.68,25,170.68,161,-9.68,0
e2-blocking-100,binary,100,bot_119,4031,w,39,36.84,25,185.36,167,-18.36,0
e2-blocking-100,binary,100,bot_119,4031,w,41,32.66,25,199.25,166,-33.25,0
e2-blocking-100,binary,100,bot_119,4031,w,43,25.37,25,214.41,184,-30.41,0
e2-blocking-100,binary,100,bot_119,4031,w,45,17.46,25,203.86,167,-36.86,0
e2-blocking-100,binary,100,bot_119,4031,w,47,108.3,25,189.18,143,-46.18,0
e2-blocking-100,binary,100,bot_119,4031,w,49,84.64,25,106.42,144,37.58,0
e2-blocking-100,binary,100,bot_119,4031,w,51,83.51,25,114.47,143,28.53,0
e2-blocking-100,binary,100,bot_119,4031,w,53,61.72,25,106.61,137,30.39,0
e2-blocking-100,binary,100,bot_119,4031,w,55,61.83,25,109.93,132,22.07,0
e2-blocking-100,binary,100,bot_119,4031,w,57,91.92,25,94,108,14,0
e2-blocking-100,binary,100,bot_119,4031,w,59,57.43,25,93.89,92,-1.89,0
e2-blocking-100,binary,100,bot_120,4031,b,2,97.37,25,108.32,156,47.68,0
e2-blocking-100,binary,100,bot_120,4031,b,4,95.92,25,111.09,157,45.91,0
e2-blocking-100,binary,100,bot_120,4031,b,6,89.67,25,133.07,169,35.93,0
e2-blocking-100,binary,100,bot_120,4031,b,8,93.72,25,147.35,184,36.65,0
e2-blocking-100,binary,100,bot_120,4031,b,10,91.03,25,160.97,193,32.03,0
e2-blocking-100,binary,100,bot_120,4031,b,12,84.9,25,178.52,209,30.48,0
e2-blocking-100,binary,100,bot_120,4031,b,14,80.88,25,188.08,197,8.92,0
e2-blocking-100,binary,100,bot_120,4031,b,16,66,25,199.55,215,15.45,0
e2-blocking-100,binary,100,bot_120,4031,b,18,56.34,25,205.81,219,13.19,0
e2-blocking-100,binary,100,bot_120,4031,b,20,49.97,25,233.63,242,8.37,0
e2-blocking-100,binary,100,bot_120,4031,b,22,42.77,25,227.12,227,-0.12,0
e2-blocking-100,binary,100,bot_120,4031,b,24,126.99,25,175.31,266,90.69,0
e2-blocking-100,binary,100,bot_120,4031,b,26,112.96,25,180.11,221,40.89,0
e2-blocking-100,binary,100,bot_120,4031,b,28,80.09,25,166.85,188,21.15,0
e2-blocking-100,binary,100,bot_120,4031,b,30,83.22,25,151.14,159,7.86,0
e2-blocking-100,binary,100,bot_120,4031,b,32,62.49,25,144.93,139,-5.93,0
e2-blocking-100,binary,100,bot_120,4031,b,34,69.8,25,164.42,157,-7.42,0
e2-blocking-100,binary,100,bot_120,4031,b,36,63.98,25,192.37,175,-17.37,0
e2-blocking-100,binary,100,bot_120,4031,b,38,56.84,25,154.32,126,-28.32,0
e2-blocking-100,binary,100,bot_120,4031,b,40,42.07,25,177.19,145,-32.19,0
e2-blocking-100,binary,100,bot_120,4031,b,42,27.93,25,181.11,144,-37.11,0
e2-blocking-100,binary,100,bot_120,4031,b,44,21.1,25,181.99,151,-30.99,0
e2-blocking-100,binary,100,bot_120,4031,b,46,13.47,25,195.58,158,-37.58,0
e2-blocking-100,binary,100,bot_120,4031,b,48,97.52,25,97.03,150,52.97,0
e2-blocking-100,binary,100,bot_120,4031,b,50,86.52,25,91.53,120,28.47,0
e2-blocking-100,binary,100,bot_120,4031,b,52,89.81,25,103.09,131,27.91,0
e2-blocking-100,binary,100,bot_120,4031,b,54,80.45,25,105.44,111,5.56,0
e2-blocking-100,binary,100,bot_120,4031,b,56,71.84,25,112.28,118,5.72,0
e2-blocking-100,binary,100,bot_120,4031,b,58,56.12,25,116.47,153,36.53,0
e2-blocking-100,binary,100,bot_120,4031,b,60,56.85,25,98.34,100,1.66,0
e2-blocking-100,binary,100,bot_121,4032,w,1,101.22,25,104.96,170,65.04,0
e2-blocking-100,binary,100,bot_121,4032,w,3,99.78,25,107.21,162,54.79,0
e2-blocking-100,binary,100,bot_121,4032,w,5,96.23,25,127.09,171,43.91,0
e2-blocking-100,binary,100,bot_121,4032,w,7,97.34,25,143.65,184,40.35,0
e2-blocking-100,binary,100,bot_121,4032,w,9,97.36,25,154.48,197,42.52,0
e2-blocking-100,binary,100,bot_121,4032,w,11,92.14,25,171.41,212,40.59,0
e2-blocking-100,binary,100,bot_121,4032,w,13,87.08,25,181.15,203,21.85,0
e2-blocking-100,binary,100,bot_121,4032,w,15,73.01,25,191.51,219,27.49,0
e2-blocking-100,binary,100,bot_121,4032,w,17,63.29,25,198.8,227,28.2,0
e2-blocking-100,binary,100,bot_121,4032,w,19,55.72,25,227.77,244,16.23,0
e2-blocking-100,binary,100,bot_121,4032,w,21,47.7,25,222.92,234,11.08,0
e2-blocking-100,binary,100,bot_121,4032,w,23,124.52,25,177.91,282,104.09,0
e2-blocking-100,binary,100,bot_121,4032,w,25,110.8,25,182.14,223,40.86,0
e2-blocking-100,binary,100,bot_121,4032,w,27,78.37,25,169.04,189,19.96,0
e2-blocking-100,binary,100,bot_121,4032,w,29,81.22,25,153.63,160,6.37,0
e2-blocking-100,binary,100,bot_121,4032,w,31,61.62,25,145.52,138,-7.52,0
e2-blocking-100,binary,100,bot_121,4032,w,33,67.55,25,166.24,158,-8.24,0
e2-blocking-100,binary,100,bot_121,4032,w,35,61.16,25,195.45,176,-19.45,0
e2-blocking-100,binary,100,bot_121,4032,w,37,54.17,25,157.28,128,-29.28,0
e2-blocking-100,binary,100,bot_121,4032,w,39,36.97,25,182.21,149,-33.21,0
e2-blocking-100,binary,100,bot_121,4032,w,41,25.9,25,183.65,148,-35.65,0
e2-blocking-100,binary,100,bot_121,4032,w,43,18.75,25,184.32,152,-32.32,0
e2-blocking-100,binary,100,bot_121,4032,w,45,126.21,25,198.2,157,-41.2,0
e2-blocking-100,binary,100,bot_121,4032,w,47,94.86,25,99.64,140,40.36,0
e2-blocking-100,binary,100,bot_121,4032,w,49,83.72,25,94.48,122,27.52,0
e2-blocking-100,binary,100,bot_121,4032,w,51,87.3,25,105.91,131,25.09,0
e2-blocking-100,binary,100,bot_121,4032,w,53,77.07,25,109.27,113,3.73,0
e2-blocking-100,binary,100,bot_121,4032,w,55,69.65,25,114.64,119,4.36,0
e2-blocking-100,binary,100,bot_121,4032,w,57,54.13,25,118.64,152,33.36,0
e2-blocking-100,binary,100,bot_121,4032,w,59,54.56,25,100.7,100,-0.7,0
e2-blocking-100,binary,100,bot_122,4032,b,2,103.12,25,132.44,181,48.56,0
e2-blocking-100,binary,100,bot_122,4032,b,4,97.62,25,149.91,194,44.09,0
e2-blocking-100,binary,100,bot_122,4032,b,6,94.36,25,149.1,190,40.9,0
e2-blocking-100,binary,100,bot_122,4032,b,8,94.85,25,160.53,203,42.47,0
e2-blocking-100,binary,100,bot_122,4032,b,10,92.55,25,176.52,218,41.48,0
e2-blocking-100,binary,100,bot_122,4032,b,12,73.48,25,187.51,224,36.49,0
e2-blocking-100,binary,100,bot_122,4032,b,14,78.88,25,214.2,245,30.8,0
e2-blocking-100,binary,100,bot_122,4032,b,16,80.02,25,237.6,253,15.4,0
e2-blocking-100,binary,100,bot_122,4032,b,18,68.4,25,238.23,245,6.77,0
e2-blocking-100,binary,100,bot_122,4032,b,20,63.84,25,232.01,231,-1.01,0
e2-blocking-100,binary,100,bot_122,4032,b,22,173.58,25,249.7,241,-8.7,0
e2-blocking-100,binary,100,bot_122,4032,b,24,109.02,25,201.22,255,53.78,0
e2-blocking-100,binary,100,bot_122,4032,b,26,89.37,25,205.15,245,39.85,0
e2-blocking-100,binary,100,bot_122,4032,b,28,75.23,25,188.14,195,6.86,0
e2-blocking-100,binary,100,bot_122,4032,b,30,60.52,25,195.74,206,10.26,0
e2-blocking-100,binary,100,bot_122,4032,b,32,60.73,25,171.83,162,-9.83,0
e2-blocking-100,binary,100,bot_122,4032,b,34,50.32,25,179.33,176,-3.33,0
e2-blocking-100,binary,100,bot_122,4032,b,36,38.27,25,173,163,-10,0
e2-blocking-100,binary,100,bot_122,4032,b,38,34.84,25,187.28,169,-18.28,0
e2-blocking-100,binary,100,bot_122,4032,b,40,32.52,25,198.87,165,-33.87,0
e2-blocking-100,binary,100,bot_122,4032,b,42,22.41,25,216.39,187,-29.39,0
e2-blocking-100,binary,100,bot_122,4032,b,44,12.56,25,209.06,173,-36.06,0
e2-blocking-100,binary,100,bot_122,4032,b,46,94.85,25,87.77,158,70.23,0
e2-blocking-100,binary,100,bot_122,4032,b,48,81.91,25,109.21,148,38.79,0
e2-blocking-100,binary,100,bot_122,4032,b,50,79.07,25,119.21,147,27.79,0
e2-blocking-100,binary,100,bot_122,4032,b,52,58.14,25,110.37,142,31.63,0
e2-blocking-100,binary,100,bot_122,4032,b,54,59.28,25,112.63,134,21.37,0
e2-blocking-100,binary,100,bot_122,4032,b,56,88.71,25,97.38,112,14.62,0
e2-blocking-100,binary,100,bot_122,4032,b,58,53.46,25,97.87,97,-0.87,0
e2-blocking-100,binary,100,bot_122,4032,b,60,52.8,25,99.29,98,-1.29,0
e2-blocking-100,binary,100,bot_123,4033,w,1,106.48,25,129.31,189,59.69,0
e2-blocking-100,binary,100,bot_123,4033,w,3,101.24,25,145.31,192,46.69,0
e2-blocking-100,binary,100,bot_123,4033,w,5,98.43,25,145.12,189,43.88,0
e2-blocking-100,binary,100,bot_123,4033,w,7,99.6,25,155.88,199,43.13,0
e2-blocking-100,binary,100,bot_123,4033,w,9,93.99,25,175.56,220,44.44,0
e2-blocking-100,binary,100,bot_123,4033,w,11,77.89,25,183.19,222,38.81,0
e2-blocking-100,binary,100,bot_123,4033,w,13,83.09,25,210.06,244,33.94,0
e2-blocking-100,binary,100,bot_123,4033,w,15,84.42,25,233.37,252,18.63,0
e2-blocking-100,binary,100,bot_123,4033,w,17,73.29,25,233.34,243,9.66,0
e2-blocking-100,binary,100,bot_123,4033,w,19,68.75,25,226.77,229,2.23,0
e2-blocking-100,binary,100,bot_123,4033,w,21,178.98,25,243.37,237,-6.37,0
e2-blocking-100,binary,100,bot_123,4033,w,23,107.02,25,202.99,250,47.01,0
e2-blocking-100,binary,100,bot_123,4033,w,25,87.29,25,207.15,241,33.85,0
e2-blocking-100,binary,100,bot_123,4033,w,27,73.17,25,189.83,190,0.17,0
e2-blocking-100,binary,100,bot_123,4033,w,29,58.42,25,197.66,201,3.34,0
e2-blocking-100,binary,100,bot_123,4033,w,31,57.56,25,174.97,160,-14.97,0
e2-blocking-100,binary,100,bot_123,4033,w,33,47.35,25,182.4,170,-12.4,0
e2-blocking-100,binary,100,bot_123,4033,w,35,36.64,25,174.48,156,-18.48,0
e2-blocking-100,binary,100,bot_123,4033,w,37,32.57,25,189.5,166,-23.5,0
e2-blocking-100,binary,100,bot_123,4033,w,39,29.89,25,201.63,161,-40.62,0
e2-blocking-100,binary,100,bot_123,4033,w,41,20.04,25,218.6,183,-35.6,0
e2-blocking-100,binary,100,bot_123,4033,w,43,115.68,25,211.02,166,-45.02,0
e2-blocking-100,binary,100,bot_123,4033,w,45,92.23,25,90.38,142,51.62,0
e2-blocking-100,binary,100,bot_123,4033,w,47,80.71,25,110.37,143,32.63,0
e2-blocking-100,binary,100,bot_123,4033,w,49,78.71,25,119.17,142,22.83,0
e2-blocking-100,binary,100,bot_123,4033,w,51,55.91,25,112.18,138,25.82,0
e2-blocking-100,binary,100,bot_123,4033,w,53,57.18,25,114.71,131,16.29,0
e2-blocking-100,binary,100,bot_123,4033,w,55,86.8,25,99.22,109,9.78,0
e2-blocking-100,binary,100,bot_123,4033,w,57,51.04,25,100.46,94,-6.46,0
e2-blocking-100,binary,100,bot_123,4033,w,59,50.67,25,101.32,93,-8.32,0
e2-blocking-100,binary,100,bot_124,4033,b,2,105.99,25,101.12,165,63.88,0
e2-blocking-100,binary,100,bot_124,4033,b,4,101.69,25,122.22,175,52.78,0
e2-blocking-100,binary,100,bot_124,4033,b,6,101.89,25,138.93,189,50.07,0
e2-blocking-100,binary,100,bot_124,4033,b,8,103.6,25,148.13,198,49.88,0
e2-blocking-100,binary,100,bot_124,4033,b,10,98.5,25,165.1,211,45.9,0
e2-blocking-100,binary,100,bot_124,4033,b,12,93.13,25,175.09,205,29.91,0
e2-blocking-100,binary,100,bot_124,4033,b,14,78.76,25,185.72,220,34.28,0
e2-blocking-100,binary,100,bot_124,4033,b,16,68.8,25,193.81,230,36.19,0
e2-blocking-100,binary,100,bot_124,4033,b,18,61.84,25,221.42,246,24.58,0
e2-blocking-100,binary,100,bot_124,4033,b,20,52.67,25,218.13,239,20.87,0
e2-blocking-100,binary,100,bot_124,4033,b,22,120.17,25,182.2,297,114.8,0
e2-blocking-100,binary,100,bot_124,4033,b,24,107.28,25,185.82,228,42.18,0
e2-blocking-100,binary,100,bot_124,4033,b,26,74.53,25,172.98,195,22.02,0
e2-blocking-100,binary,100,bot_124,4033,b,28,76.24,25,158.66,166,7.34,0
e2-blocking-100,binary,100,bot_124,4033,b,30,58.77,25,148.72,141,-7.72,0
e2-blocking-100,binary,100,bot_124,4033,b,32,61.31,25,172.82,165,-7.82,0
e2-blocking-100,binary,100,bot_124,4033,b,34,55.89,25,201.02,183,-18.02,0
e2-blocking-100,binary,100,bot_124,4033,b,36,50.01,25,161.61,133,-28.61,0
e2-blocking-100,binary,100,bot_124,4033,b,38,32.85,25,186.76,154,-32.76,0
e2-blocking-100,binary,100,bot_124,4033,b,40,20.67,25,189,153,-36,0
e2-blocking-100,binary,100,bot_124,4033,b,42,13.58,25,189.84,158,-31.84,0
e2-blocking-100,binary,100,bot_124,4033,b,44,110.58,25,108.65,173,64.35,0
e2-blocking-100,binary,100,bot_124,4033,b,46,91.19,25,103.38,144,40.62,0
e2-blocking-100,binary,100,bot_124,4033,b,48,80.17,25,97.89,127,29.11,0
e2-blocking-100,binary,100,bot_124,4033,b,50,83.75,25,109.09,136,26.91,0
e2-blocking-100,binary,100,bot_124,4033,b,52,74.29,25,112.23,117,4.77,0
e2-blocking-100,binary,100,bot_124,4033,b,54,67.27,25,116.87,122,5.13,0
e2-blocking-100,binary,100,bot_124,4033,b,56,51.22,25,121.53,156,34.47,0
e2-blocking-100,binary,100,bot_124,4033,b,58,49.05,25,106.26,105,-1.26,0
e2-blocking-100,binary,100,bot_124,4033,b,60,45.91,25,100.71,99,-1.71,0
e2-blocking-100,binary,100,bot_125,4034,w,1,109,25,98.77,165,66.23,0
e2-blocking-100,binary,100,bot_125,4034,w,3,103.83,25,120.02,169,48.98,0
e2-blocking-100,binary,100,bot_125,4034,w,5,104.81,25,136.22,181,44.78,0
e2-blocking-100,binary,100,bot_125,4034,w,7,106.04,25,145.69,191,45.31,0
e2-blocking-100,binary,100,bot_125,4034,w,9,101.07,25,162.46,203,40.54,0
e2-blocking-100,binary,100,bot_125,4034,w,11,97.52,25,170.84,196,25.16,0
e2-blocking-100,binary,100,bot_125,4034,w,13,82.93,25,181.5,212,30.5,0
e2-blocking-100,binary,100,bot_125,4034,w,15,73.4,25,189.54,221,31.46,0
e2-blocking-100,binary,100,bot_125,4034,w,17,66.99,25,216.76,235,18.24,0
e2-blocking-100,binary,100,bot_125,4034,w,19,58.21,25,213.01,227,13.99,0
e2-blocking-100,binary,100,bot_125,4034,w,21,120.04,25,182.02,293,110.98,0
e2-blocking-100,binary,100,bot_125,4034,w,23,105.37,25,188.02,219,30.98,0
e2-blocking-100,binary,100,bot_125,4034,w,25,72.03,25,175.29,187,11.71,0
e2-blocking-100,binary,100,bot_125,4034,w,27,73.58,25,161.91,159,-2.91,0
e2-blocking-100,binary,100,bot_125,4034,w,29,56.13,25,151.12,135,-16.12,0
e2-blocking-100,binary,100,bot_125,4034,w,31,57.36,25,176.6,156,-20.6,0
e2-blocking-100,binary,100,bot_125,4034,w,33,52.32,25,204.59,174,-30.59,0
e2-blocking-100,binary,100,bot_125,4034,w,35,45.18,25,166.74,126,-40.74,0
e2-blocking-100,binary,100,bot_125,4034,w,37,30.03,25,189.53,146,-43.53,0
e2-blocking-100,binary,100,bot_125,4034,w,39,18.33,25,191.55,143,-48.55,0
e2-blocking-100,binary,100,bot_125,4034,w,41,126.74,25,192.28,151,-41.28,0
e2-blocking-100,binary,100,bot_125,4034,w,43,108.44,25,110.88,153,42.12,0
e2-blocking-100,binary,100,bot_125,4034,w,45,89.64,25,104.7,135,30.3,0
e2-blocking-100,binary,100,bot_125,4034,w,47,78.27,25,100.06,121,20.94,0
e2-blocking-100,binary,100,bot_125,4034,w,49,82.13,25,111.07,130,18.93,0
e2-blocking-100,binary,100,bot_125,4034,w,51,72.25,25,114.11,110,-4.11,0
e2-blocking-100,binary,100,bot_125,4034,w,53,66.39,25,117.91,113,-4.91,0
e2-blocking-100,binary,100,bot_125,4034,w,55,50.5,25,122.28,147,24.72,0
e2-blocking-100,binary,100,bot_125,4034,w,57,47.57,25,107.56,95,-12.56,0
e2-blocking-100,binary,100,bot_125,4034,w,59,44.07,25,102.52,91,-11.52,0
e2-blocking-100,binary,100,bot_126,4034,b,2,107.81,25,138.57,191,52.43,0
e2-blocking-100,binary,100,bot_126,4034,b,4,104.47,25,138.81,187,48.19,0
e2-blocking-100,binary,100,bot_126,4034,b,6,105.32,25,149.93,198,48.07,0
e2-blocking-100,binary,100,bot_126,4034,b,8,100.4,25,168.97,219,50.03,0
e2-blocking-100,binary,100,bot_126,4034,b,10,85.04,25,175.72,219,43.28,0
e2-blocking-100,binary,100,bot_126,4034,b,12,89.9,25,203.1,243,39.9,0
e2-blocking-100,binary,100,bot_126,4034,b,14,90.92,25,225.92,252,26.08,0
e2-blocking-100,binary,100,bot_126,4034,b,16,78.44,25,228.51,244,15.49,0
e2-blocking-100,binary,100,bot_126,4034,b,18,73.31,25,222.4,232,9.6,0
e2-blocking-100,binary,100,bot_126,4034,b,20,186.04,25,238.81,240,1.19,0
e2-blocking-100,binary,100,bot_126,4034,b,22,105.48,25,204.47,252,47.53,0
e2-blocking-100,binary,100,bot_126,4034,b,24,85.66,25,208.74,242,33.26,0
e2-blocking-100,binary,100,bot_126,4034,b,26,71.04,25,191.88,192,0.12,0
e2-blocking-100,binary,100,bot_126,4034,b,28,57.95,25,198.02,198,-0.02,0
e2-blocking-100,binary,100,bot_126,4034,b,30,54.68,25,177.43,162,-15.43,0
e2-blocking-100,binary,100,bot_126,4034,b,32,44.09,25,185.45,172,-13.45,0
e2-blocking-100,binary,100,bot_126,4034,b,34,33.24,25,177.77,157,-20.77,0
e2-blocking-100,binary,100,bot_126,4034,b,36,30.9,25,191.36,163,-28.36,0
e2-blocking-100,binary,100,bot_126,4034,b,38,25.88,25,205.66,164,-41.66,0
e2-blocking-100,binary,100,bot_126,4034,b,40,17.09,25,221.76,183,-38.76,0
e2-blocking-100,binary,100,bot_126,4034,b,42,102.62,25,108.38,179,70.62,0
e2-blocking-100,binary,100,bot_126,4034,b,44,89.72,25,92.82,145,52.18,0
e2-blocking-100,binary,100,bot_126,4034,b,46,79.38,25,111.66,145,33.34,0
e2-blocking-100,binary,100,bot_126,4034,b,48,77.16,25,120.9,142,21.1,0
e2-blocking-100,binary,100,bot_126,4034,b,50,53.53,25,114.71,139,24.29,0
e2-blocking-100,binary,100,bot_126,4034,b,52,53.77,25,118.15,133,14.85,0
e2-blocking-100,binary,100,bot_126,4034,b,54,83.73,25,102.36,112,9.64,0
e2-blocking-100,binary,100,bot_126,4034,b,56,46.39,25,105,100,-5,0
e2-blocking-100,binary,100,bot_126,4034,b,58,46.69,25,105.43,97,-8.43,0
e2-blocking-100,binary,100,bot_126,4034,b,60,41.1,25,102.04,90,-12.04,0
e2-blocking-100,binary,100,bot_127,4035,w,1,110.36,25,136.73,197,60.27,0
e2-blocking-100,binary,100,bot_127,4035,w,3,108,25,135.44,179,43.56,0
e2-blocking-100,binary,100,bot_127,4035,w,5,108.6,25,147.02,194,46.98,0
e2-blocking-100,binary,100,bot_127,4035,w,7,104.92,25,164.21,211,46.79,0
e2-blocking-100,binary,100,bot_127,4035,w,9,91.22,25,169.61,212,42.39,0
e2-blocking-100,binary,100,bot_127,4035,w,11,95.85,25,196.91,237,40.09,0
e2-blocking-100,binary,100,bot_127,4035,w,13,99.93,25,216.8,243,26.2,0
e2-blocking-100,binary,100,bot_127,4035,w,15,88.73,25,217.8,235,17.2,0
e2-blocking-100,binary,100,bot_127,4035,w,17,81.99,25,213.38,222,8.62,0
e2-blocking-100,binary,100,bot_127,4035,w,19,196.42,25,229.67,230,0.33,0
e2-blocking-100,binary,100,bot_127,4035,w,21,102.38,25,207.52,250,42.48,0
e2-blocking-100,binary,100,bot_127,4035,w,23,82.13,25,212.29,239,26.71,0
e2-blocking-100,binary,100,bot_127,4035,w,25,66.96,25,195.9,189,-6.9,0
e2-blocking-100,binary,100,bot_127,4035,w,27,53.77,25,202.15,197,-5.15,0
e2-blocking-100,binary,100,bot_127,4035,w,29,49.96,25,182.38,162,-20.38,0
e2-blocking-100,binary,100,bot_127,4035,w,31,40.36,25,189.48,168,-21.48,0
e2-blocking-100,binary,100,bot_127,4035,w,33,28.84,25,181.9,155,-26.9,0
e2-blocking-100,binary,100,bot_127,4035,w,35,25.93,25,195.97,162,-33.97,0
e2-blocking-100,binary,100,bot_127,4035,w,37,21.75,25,210.1,162,-48.1,0
e2-blocking-100,binary,100,bot_127,4035,w,39,116.56,25,226.88,183,-43.88,0
e2-blocking-100,binary,100,bot_127,4035,w,41,97.9,25,112.98,166,53.02,0
e2-blocking-100,binary,100,bot_127,4035,w,43,84.54,25,98.08,144,45.92,0
e2-blocking-100,binary,100,bot_127,4035,w,45,75.04,25,115.98,144,28.02,0
e2-blocking-100,binary,100,bot_127,4035,w,47,71.79,25,126.17,144,17.83,0
e2-blocking-100,binary,100,bot_127,4035,w,49,48.01,25,120.28,138,17.72,0
e2-blocking-100,binary,100,bot_127,4035,w,51,47.13,25,124.63,133,8.37,0
e2-blocking-100,binary,100,bot_127,4035,w,53,78.8,25,107.3,108,0.7,0
e2-blocking-100,binary,100,bot_127,4035,w,55,42.98,25,108.69,96,-12.69,0
e2-blocking-100,binary,100,bot_127,4035,w,57,44.4,25,107.7,94,-13.7,0
e2-blocking-100,binary,100,bot_127,4035,w,59,39.58,25,103.17,82,-21.17,0
e2-blocking-100,binary,100,bot_128,4035,b,2,106.89,25,116.86,181,64.14,0
e2-blocking-100,binary,100,bot_128,4035,b,4,109.14,25,131.95,194,62.05,0
e2-blocking-100,binary,100,bot_128,4035,b,6,110.06,25,141.79,202,60.21,0
e2-blocking-100,binary,100,bot_128,4035,b,8,105.18,25,158.27,216,57.73,0
e2-blocking-100,binary,100,bot_128,4035,b,10,101.68,25,166.66,211,44.34,0
e2-blocking-100,binary,100,bot_128,4035,b,12,88.11,25,176.51,225,48.49,0
e2-blocking-100,binary,100,bot_128,4035,b,14,79.27,25,184,236,52,0
e2-blocking-100,binary,100,bot_128,4035,b,16,70.97,25,212.59,255,42.41,0
e2-blocking-100,binary,100,bot_128,4035,b,18,63.75,25,207.84,243,35.16,0
e2-blocking-100,binary,100,bot_128,4035,b,20,118.9,25,183.36,315,131.64,0
e2-blocking-100,binary,100,bot_128,4035,b,22,103.6,25,190.01,228,37.99,0
e2-blocking-100,binary,100,bot_128,4035,b,24,70.28,25,176.67,195,18.33,0
e2-blocking-100,binary,100,bot_128,4035,b,26,72.04,25,163.38,165,1.62,0
e2-blocking-100,binary,100,bot_128,4035,b,28,55.61,25,151.85,140,-11.85,0
e2-blocking-100,binary,100,bot_128,4035,b,30,55.86,25,178.15,163,-15.15,0
e2-blocking-100,binary,100,bot_128,4035,b,32,50.64,25,206.15,182,-24.15,0
e2-blocking-100,binary,100,bot_128,4035,b,34,42.69,25,169.02,133,-36.02,0
e2-blocking-100,binary,100,bot_128,4035,b,36,28.47,25,190.89,152,-38.89,0
e2-blocking-100,binary,100,bot_128,4035,b,38,16.62,25,193.13,149,-44.13,0
e2-blocking-100,binary,100,bot_128,4035,b,40,114.07,25,99.96,165,65.04,0
e2-blocking-100,binary,100,bot_128,4035,b,42,106.16,25,112.64,158,45.36,0
e2-blocking-100,binary,100,bot_128,4035,b,44,88.39,25,105.78,138,32.22,0
e2-blocking-100,binary,100,bot_128,4035,b,46,78.01,25,99.85,123,23.15,0
e2-blocking-100,binary,100,bot_128,4035,b,48,79.05,25,113.9,133,19.1,0
e2-blocking-100,binary,100,bot_128,4035,b,50,69.68,25,116.57,114,-2.57,0
e2-blocking-100,binary,100,bot_128,4035,b,52,62.03,25,122.17,119,-3.17,0
e2-blocking-100,binary,100,bot_128,4035,b,54,48.17,25,124.6,151,26.4,0
e2-blocking-100,binary,100,bot_128,4035,b,56,47.46,25,107.57,99,-8.57,0
e2-blocking-100,binary,100,bot_128,4035,b,58,38.87,25,107.53,99,-8.53,0
e2-blocking-100,binary,100,bot_128,4035,b,60,32.67,25,108.7,97,-11.7,0
e2-blocking-100,binary,100,bot_129,4036,w,1,121.22,25,216.69,173,-43.69,0
e2-blocking-100,binary,100,bot_129,4036,w,3,114.79,25,126.16,177,50.84,0
e2-blocking-100,binary,100,bot_129,4036,w,5,114.31,25,137.51,190,52.49,0
e2-blocking-100,binary,100,bot_129,4036,w,7,109.94,25,153.7,204,50.3,0
e2-blocking-100,binary,100,bot_129,4036,w,9,105.75,25,162.61,198,35.39,0
e2-blocking-100,binary,100,bot_129,4036,w,11,93.74,25,170.84,211,40.16,0
e2-blocking-100,binary,100,bot_129,4036,w,13,85.62,25,178.15,223,44.85,0
e2-blocking-100,binary,100,bot_129,4036,w,15,79.47,25,204.2,237,32.8,0
e2-blocking-100,binary,100,bot_129,4036,w,17,71.39,25,200.68,228,27.32,0
e2-blocking-100,binary,100,bot_129,4036,w,19,115.75,25,185.82,315,129.18,0
e2-blocking-100,binary,100,bot_129,4036,w,21,100.29,25,193.63,217,23.37,0
e2-blocking-100,binary,100,bot_129,4036,w,23,67.02,25,179.91,183,3.09,0
e2-blocking-100,binary,100,bot_129,4036,w,25,69.07,25,166.37,154,-12.37,0
e2-blocking-100,binary,100,bot_129,4036,w,27,54.09,25,153.32,126,-27.32,0
e2-blocking-100,binary,100,bot_129,4036,w,29,53.7,25,180.21,150,-30.21,0
e2-blocking-100,binary,100,bot_129,4036,w,31,46.83,25,209.68,169,-40.68,0
e2-blocking-100,binary,100,bot_129,4036,w,33,39.33,25,172.87,121,-51.87,0
e2-blocking-100,binary,100,bot_129,4036,w,35,24.72,25,195.18,140,-55.18,0
e2-blocking-100,binary,100,bot_129,4036,w,37,114.89,25,197.3,139,-58.3,0
e2-blocking-100,binary,100,bot_129,4036,w,39,110.13,25,104.04,147,42.96,0
e2-blocking-100,binary,100,bot_129,4036,w,41,105.81,25,112.57,150,37.43,0
e2-blocking-100,binary,100,bot_129,4036,w,43,86.5,25,107.89,132,24.11,0
e2-blocking-100,binary,100,bot_129,4036,w,45,74.47,25,103.52,117,13.48,0
e2-blocking-100,binary,100,bot_129,4036,w,47,75.77,25,116.89,126,9.11,0
e2-blocking-100,binary,100,bot_129,4036,w,49,66.02,25,120.81,107,-13.81,0
e2-blocking-100,binary,100,bot_129,4036,w,51,58.06,25,125.97,116,-9.97,0
e2-blocking-100,binary,100,bot_129,4036,w,53,44.73,25,127.88,144,16.12,0
e2-blocking-100,binary,100,bot_129,4036,w,55,45.11,25,109.89,95,-14.89,0
e2-blocking-100,binary,100,bot_129,4036,w,57,36.77,25,110.07,91,-19.07,0
e2-blocking-100,binary,100,bot_129,4036,w,59,29.56,25,111.78,87,-24.78,0
e2-blocking-100,binary,100,bot_130,4036,b,2,112.77,25,131.54,199,67.46,0
e2-blocking-100,binary,100,bot_130,4036,b,4,114.49,25,140.83,200,59.17,0
e2-blocking-100,binary,100,bot_130,4036,b,6,110.02,25,158.99,218,59.01,0
e2-blocking-100,binary,100,bot_130,4036,b,8,96.63,25,164.4,220,55.6,0
e2-blocking-100,binary,100,bot_130,4036,b,10,101.79,25,191,242,51,0
e2-blocking-100,binary,100,bot_130,4036,b,12,106.18,25,209.73,247,37.27,0
e2-blocking-100,binary,100,bot_130,4036,b,14,94.55,25,211.77,243,31.23,0
e2-blocking-100,binary,100,bot_130,4036,b,16,88.23,25,207.57,232,24.43,0
e2-blocking-100,binary,100,bot_130,4036,b,18,206.07,25,221.73,239,17.27,0
e2-blocking-100,binary,100,bot_130,4036,b,20,99.11,25,210.76,255,44.24,0
e2-blocking-100,binary,100,bot_130,4036,b,22,79.2,25,215.46,245,29.54,0
e2-blocking-100,binary,100,bot_130,4036,b,24,62.88,25,200.33,196,-4.33,0
e2-blocking-100,binary,100,bot_130,4036,b,26,49.6,25,206.45,204,-2.45,0
e2-blocking-100,binary,100,bot_130,4036,b,28,45.57,25,186.66,171,-15.66,0
e2-blocking-100,binary,100,bot_130,4036,b,30,35.13,25,194.89,177,-17.89,0
e2-blocking-100,binary,100,bot_130,4036,b,32,23.74,25,186.79,162,-24.79,0
e2-blocking-100,binary,100,bot_130,4036,b,34,20.66,25,201.8,169,-32.8,0
e2-blocking-100,binary,100,bot_130,4036,b,36,17.53,25,213.57,167,-46.57,0
e2-blocking-100,binary,100,bot_130,4036,b,38,101.02,25,140.1,201,60.9,0
e2-blocking-100,binary,100,bot_130,4036,b,40,94.56,25,117.21,175,57.79,0
e2-blocking-100,binary,100,bot_130,4036,b,42,81.33,25,101.83,153,51.17,0
e2-blocking-100,binary,100,bot_130,4036,b,44,70.59,25,120.73,153,32.27,0
e2-blocking-100,binary,100,bot_130,4036,b,46,66.92,25,131.09,152,20.91,0
e2-blocking-100,binary,100,bot_130,4036,b,48,42.82,25,125.52,148,22.48,0
e2-blocking-100,binary,100,bot_130,4036,b,50,46.47,25,125.43,136,10.57,0
e2-blocking-100,binary,100,bot_130,4036,b,52,73.6,25,112.32,116,3.68,0
e2-blocking-100,binary,100,bot_130,4036,b,54,42.67,25,108.79,99,-9.79,0
e2-blocking-100,binary,100,bot_130,4036,b,56,39.3,25,112.9,105,-7.9,0
e2-blocking-100,binary,100,bot_130,4036,b,58,32.41,25,110,94,-16,0
e2-blocking-100,binary,100,bot_130,4036,b,60,24.77,25,118.77,94,-24.77,0
e2-blocking-100,binary,100,bot_131,4037,w,1,111.6,25,132.64,196,63.36,0
e2-blocking-100,binary,100,bot_131,4037,w,3,112.72,25,142.88,199,56.12,0
e2-blocking-100,binary,100,bot_131,4037,w,5,109.02,25,160.3,216,55.7,0
e2-blocking-100,binary,100,bot_131,4037,w,7,95.7,25,165.26,218,52.74,0
e2-blocking-100,binary,100,bot_131,4037,w,9,99.85,25,192.99,241,48.01,0
e2-blocking-100,binary,100,bot_131,4037,w,11,104.38,25,211.92,247,35.08,0
e2-blocking-100,binary,100,bot_131,4037,w,13,92.77,25,213.6,241,27.4,0
e2-blocking-100,binary,100,bot_131,4037,w,15,86.35,25,209.45,230,20.55,0
e2-blocking-100,binary,100,bot_131,4037,w,17,202.57,25,224.29,237,12.71,0
e2-blocking-100,binary,100,bot_131,4037,w,19,96.57,25,212.78,253,40.22,0
e2-blocking-100,binary,100,bot_131,4037,w,21,77.16,25,217.4,241,23.6,0
e2-blocking-100,binary,100,bot_131,4037,w,23,61.1,25,201.97,191,-10.97,0
e2-blocking-100,binary,100,bot_131,4037,w,25,47.12,25,208.85,201,-7.85,0
e2-blocking-100,binary,100,bot_131,4037,w,27,43.53,25,189,167,-22,0
e2-blocking-100,binary,100,bot_131,4037,w,29,32.83,25,197.12,174,-23.12,0
e2-blocking-100,binary,100,bot_131,4037,w,31,21.04,25,189.07,158,-31.07,0
e2-blocking-100,binary,100,bot_131,4037,w,33,17.99,25,204.32,165,-39.32,0
e2-blocking-100,binary,100,bot_131,4037,w,35,109.01,25,217.53,166,-51.53,0
e2-blocking-100,binary,100,bot_131,4037,w,37,97.81,25,143.14,185,41.86,0
e2-blocking-100,binary,100,bot_131,4037,w,39,91.32,25,120.37,170,49.63,0
e2-blocking-100,binary,100,bot_131,4037,w,41,78.54,25,104.71,151,46.29,0
e2-blocking-100,binary,100,bot_131,4037,w,43,67.64,25,123.38,151,27.62,0
e2-blocking-100,binary,100,bot_131,4037,w,45,63.07,25,135.17,150,14.83,0
e2-blocking-100,binary,100,bot_131,4037,w,47,38.25,25,129.98,145,15.02,0
e2-blocking-100,binary,100,bot_131,4037,w,49,41.65,25,129.92,135,5.08,0
e2-blocking-100,binary,100,bot_131,4037,w,51,69.43,25,116.8,117,0.2,0
e2-blocking-100,binary,100,bot_131,4037,w,53,40.06,25,111.56,101,-10.56,0
e2-blocking-100,binary,100,bot_131,4037,w,55,34.17,25,118,103,-15,0
e2-blocking-100,binary,100,bot_131,4037,w,57,27.9,25,114.18,93,-21.18,0
e2-blocking-100,binary,100,bot_131,4037,w,59,20.89,25,122.73,96,-26.73,0
e2-blocking-100,binary,100,bot_132,4037,b,2,113.62,25,127.48,189,61.52,0
e2-blocking-100,binary,100,bot_132,4037,b,4,113.25,25,138.82,200,61.18,0
e2-blocking-100,binary,100,bot_132,4037,b,6,108.63,25,154.99,213,58.01,0
e2-blocking-100,binary,100,bot_132,4037,b,8,104.37,25,164.19,208,43.81,0
e2-blocking-100,binary,100,bot_132,4037,b,10,92.48,25,172.32,220,47.68,0
e2-blocking-100,binary,100,bot_132,4037,b,12,83.66,25,180.29,234,53.71,0
e2-blocking-100,binary,100,bot_132,4037,b,14,77.56,25,206.09,247,40.91,0
e2-blocking-100,binary,100,bot_132,4037,b,16,69.55,25,202.6,237,34.4,0
e2-blocking-100,binary,100,bot_132,4037,b,18,112.63,25,188.61,324,135.39,0
e2-blocking-100,binary,100,bot_132,4037,b,20,96.25,25,197.86,227,29.14,0
e2-blocking-100,binary,100,bot_132,4037,b,22,62.21,25,184.62,194,9.38,0
e2-blocking-100,binary,100,bot_132,4037,b,24,63.97,25,171.73,165,-6.73,0
e2-blocking-100,binary,100,bot_132,4037,b,26,49.04,25,158.58,137,-21.58,0
e2-blocking-100,binary,100,bot_132,4037,b,28,49.2,25,185.05,160,-25.05,0
e2-blocking-100,binary,100,bot_132,4037,b,30,41.89,25,214.66,180,-34.66,0
e2-blocking-100,binary,100,bot_132,4037,b,32,34.02,25,178.44,132,-46.44,0
e2-blocking-100,binary,100,bot_132,4037,b,34,20.23,25,200,151,-49,0
e2-blocking-100,binary,100,bot_132,4037,b,36,98.28,25,118.88,160,41.12,0
e2-blocking-100,binary,100,bot_132,4037,b,38,104.53,25,109.78,155,45.22,0
e2-blocking-100,binary,100,bot_132,4037,b,40,100.34,25,117.6,156,38.4,0
e2-blocking-100,binary,100,bot_132,4037,b,42,83.35,25,111.1,137,25.9,0
e2-blocking-100,binary,100,bot_132,4037,b,44,69.84,25,108.21,124,15.79,0
e2-blocking-100,binary,100,bot_132,4037,b,46,70.13,25,122.85,133,10.15,0
e2-blocking-100,binary,100,bot_132,4037,b,48,60.58,25,126.07,113,-13.07,0
e2-blocking-100,binary,100,bot_132,4037,b,50,55.09,25,129.43,119,-10.43,0
e2-blocking-100,binary,100,bot_132,4037,b,52,44.7,25,128.05,146,17.95,0
e2-blocking-100,binary,100,bot_132,4037,b,54,39.86,25,115.43,104,-11.43,0
e2-blocking-100,binary,100,bot_132,4037,b,56,33.41,25,113.32,95,-18.32,0
e2-blocking-100,binary,100,bot_132,4037,b,58,27.26,25,114.03,90,-24.03,0
e2-blocking-100,binary,100,bot_132,4037,b,60,17.82,25,122.08,90,-32.08,0
e2-blocking-100,binary,100,bot_133,4038,w,1,115.4,25,125.47,191,65.53,0
e2-blocking-100,binary,100,bot_133,4038,w,3,118.2,25,133.9,195,61.1,0
e2-blocking-100,binary,100,bot_133,4038,w,5,115.13,25,148.54,204,55.46,0
e2-blocking-100,binary,100,bot_133,4038,w,7,110.22,25,158.37,200,41.63,0
e2-blocking-100,binary,100,bot_133,4038,w,9,98.87,25,165.86,211,45.14,0
e2-blocking-100,binary,100,bot_133,4038,w,11,88.81,25,174.99,226,51.01,0
e2-blocking-100,binary,100,bot_133,4038,w,13,85.06,25,198.65,236,37.35,0
e2-blocking-100,binary,100,bot_133,4038,w,15,77.15,25,194.75,228,33.25,0
e2-blocking-100,binary,100,bot_133,4038,w,17,108.43,25,193.02,334,140.98,0
e2-blocking-100,binary,100,bot_133,4038,w,19,90.74,25,203.52,222,18.48,0
e2-blocking-100,binary,100,bot_133,4038,w,21,57.44,25,189.35,189,-0.35,0
e2-blocking-100,binary,100,bot_133,4038,w,23,57.95,25,177.89,160,-17.89,0
e2-blocking-100,binary,100,bot_133,4038,w,25,43.8,25,163.92,133,-30.92,0
e2-blocking-100,binary,100,bot_133,4038,w,27,44.13,25,190.01,155,-35.01,0
e2-blocking-100,binary,100,bot_133,4038,w,29,36.18,25,220.57,177,-43.57,0
e2-blocking-100,binary,100,bot_133,4038,w,31,27.97,25,184.6,129,-55.6,0
e2-blocking-100,binary,100,bot_133,4038,w,33,108.01,25,206.57,149,-57.57,0
e2-blocking-100,binary,100,bot_133,4038,w,35,91.98,25,125.21,144,18.79,0
e2-blocking-100,binary,100,bot_133,4038,w,37,98.24,25,115.67,155,39.33,0
e2-blocking-100,binary,100,bot_133,4038,w,39,93.66,25,124.02,154,29.98,0
e2-blocking-100,binary,100,bot_133,4038,w,41,80.58,25,114.23,133,18.77,0
e2-blocking-100,binary,100,bot_133,4038,w,43,65.25,25,112.81,121,8.19,0
e2-blocking-100,binary,100,bot_133,4038,w,45,66.94,25,125.97,127,1.03,0
e2-blocking-100,binary,100,bot_133,4038,w,47,57.57,25,129.56,108,-21.56,0
e2-blocking-100,binary,100,bot_133,4038,w,49,52.56,25,131.51,114,-17.51,0
e2-blocking-100,binary,100,bot_133,4038,w,51,42.14,25,130.37,140,9.63,0
e2-blocking-100,binary,100,bot_133,4038,w,53,37.24,25,117.85,97,-20.85,0
e2-blocking-100,binary,100,bot_133,4038,w,55,30.61,25,116.53,90,-26.53,0
e2-blocking-100,binary,100,bot_133,4038,w,57,24.46,25,117.08,83,-34.08,0
e2-blocking-100,binary,100,bot_133,4038,w,59,14.73,25,124.94,85,-39.94,0
e2-blocking-100,binary,100,bot_134,4038,b,2,120.52,25,134.82,192,57.18,0
e2-blocking-100,binary,100,bot_134,4038,b,4,114.43,25,154.63,214,59.37,0
e2-blocking-100,binary,100,bot_134,4038,b,6,103,25,158.2,215,56.8,0
e2-blocking-100,binary,100,bot_134,4038,b,8,107.17,25,185.61,238,52.39,0
e2-blocking-100,binary,100,bot_134,4038,b,10,111.46,25,204.65,244,39.35,0
e2-blocking-100,binary,100,bot_134,4038,b,12,98.27,25,208.3,238,29.7,0
e2-blocking-100,binary,100,bot_134,4038,b,14,94.32,25,201.5,227,25.5,0
e2-blocking-100,binary,100,bot_134,4038,b,16,215.03,25,215.15,232,16.85,0
e2-blocking-100,binary,100,bot_134,4038,b,18,94.36,25,214.78,249,34.22,0
e2-blocking-100,binary,100,bot_134,4038,b,20,74.65,25,219.52,236,16.48,0
e2-blocking-100,binary,100,bot_134,4038,b,22,58.58,25,204.54,187,-17.54,0
e2-blocking-100,binary,100,bot_134,4038,b,24,44.8,25,210.96,196,-14.96,0
e2-blocking-100,binary,100,bot_134,4038,b,26,41.14,25,190.91,162,-28.91,0
e2-blocking-100,binary,100,bot_134,4038,b,28,31.58,25,197.87,167,-30.87,0
e2-blocking-100,binary,100,bot_134,4038,b,30,19.24,25,190.5,153,-37.5,0
e2-blocking-100,binary,100,bot_134,4038,b,32,16.49,25,205.34,158,-47.34,0
e2-blocking-100,binary,100,bot_134,4038,b,34,94.08,25,137.59,172,34.41,0
e2-blocking-100,binary,100,bot_134,4038,b,36,96.19,25,144.68,181,36.32,0
e2-blocking-100,binary,100,bot_134,4038,b,38,87.66,25,123.62,166,42.38,0
e2-blocking-100,binary,100,bot_134,4038,b,40,75.76,25,107.5,145,37.5,0
e2-blocking-100,binary,100,bot_134,4038,b,42,65.46,25,125.93,150,24.07,0
e2-blocking-100,binary,100,bot_134,4038,b,44,58.97,25,138.99,149,10.01,0
e2-blocking-100,binary,100,bot_134,4038,b,46,35.64,25,132.62,144,11.38,0
e2-blocking-100,binary,100,bot_134,4038,b,48,39.41,25,131.95,134,2.05,0
e2-blocking-100,binary,100,bot_134,4038,b,50,65.28,25,120.82,118,-2.82,0
e2-blocking-100,binary,100,bot_134,4038,b,52,36.01,25,115.46,101,-14.46,0
e2-blocking-100,binary,100,bot_134,4038,b,54,30.04,25,122.17,104,-18.17,0
e2-blocking-100,binary,100,bot_134,4038,b,56,23.5,25,118.79,93,-25.79,0
e2-blocking-100,binary,100,bot_134,4038,b,58,17.36,25,126.1,96,-30.1,0
e2-blocking-100,binary,100,bot_134,4038,b,60,13.98,25,128.09,87,-41.09,0
e2-blocking-100,binary,100,bot_135,4039,w,1,121.51,25,133.93,200,66.07,0
e2-blocking-100,binary,100,bot_135,4039,w,3,115.42,25,153.53,210,56.47,0
e2-blocking-100,binary,100,bot_135,4039,w,5,104.12,25,157.02,210,52.98,0
e2-blocking-100,binary,100,bot_135,4039,w,7,108.4,25,184.59,234,49.41,0
e2-blocking-100,binary,100,bot_135,4039,w,9,112.85,25,203.43,240,36.57,0
e2-blocking-100,binary,100,bot_135,4039,w,11,99.37,25,207.32,236,28.68,0
e2-blocking-100,binary,100,bot_135,4039,w,13,95.44,25,200.28,225,24.72,0
e2-blocking-100,binary,100,bot_135,4039,w,15,215.46,25,213.58,229,15.42,0
e2-blocking-100,binary,100,bot_135,4039,w,17,89.03,25,219.76,245,25.24,0
e2-blocking-100,binary,100,bot_135,4039,w,19,68.92,25,225.28,232,6.72,0
e2-blocking-100,binary,100,bot_135,4039,w,21,51.93,25,211.07,185,-26.07,0
e2-blocking-100,binary,100,bot_135,4039,w,23,40.26,25,215.29,186,-29.29,0
e2-blocking-100,binary,100,bot_135,4039,w,25,35.12,25,196.79,155,-41.79,0
e2-blocking-100,binary,100,bot_135,4039,w,27,26.9,25,202.34,160,-42.34,0
e2-blocking-100,binary,100,bot_135,4039,w,29,14.87,25,194.11,142,-52.11,0
e2-blocking-100,binary,100,bot_135,4039,w,31,91.09,25,143.84,162,18.16,0
e2-blocking-100,binary,100,bot_135,4039,w,33,89.38,25,142.31,155,12.69,0
e2-blocking-100,binary,100,bot_135,4039,w,35,89.36,25,150.94,174,23.06,0
e2-blocking-100,binary,100,bot_135,4039,w,37,81.25,25,130.2,162,31.8,0
e2-blocking-100,binary,100,bot_135,4039,w,39,71.96,25,111,138,27,0
e2-blocking-100,binary,100,bot_135,4039,w,41,60.5,25,130.52,142,11.48,0
e2-blocking-100,binary,100,bot_135,4039,w,43,52.19,25,145.96,146,0.04,0
e2-blocking-100,binary,100,bot_135,4039,w,45,30.24,25,137.73,136,-1.73,0
e2-blocking-100,binary,100,bot_135,4039,w,47,35.45,25,136.69,126,-10.69,0
e2-blocking-100,binary,100,bot_135,4039,w,49,59.46,25,129.88,115,-14.88,0
e2-blocking-100,binary,100,bot_135,4039,w,51,27.21,25,124.35,101,-23.35,0
e2-blocking-100,binary,100,bot_135,4039,w,53,21.97,25,129.47,99,-30.47,0
e2-blocking-100,binary,100,bot_135,4039,w,55,12.5,25,129.13,93,-36.13,0
e2-blocking-100,binary,100,bot_135,4039,w,57,68.96,25,134.95,90,-44.95,0
e2-blocking-100,binary,100,bot_135,4039,w,59,49.71,25,78.28,89,10.72,0
e2-blocking-100,binary,100,bot_136,4039,b,2,120.44,25,131.49,198,66.51,0
e2-blocking-100,binary,100,bot_136,4039,b,4,117.22,25,146.05,206,59.95,0
e2-blocking-100,binary,100,bot_136,4039,b,6,113,25,155.71,203,47.29,0
e2-blocking-100,binary,100,bot_136,4039,b,8,101.18,25,163.54,216,52.46,0
e2-blocking-100,binary,100,bot_136,4039,b,10,91.63,25,172.24,229,56.76,0
e2-blocking-100,binary,100,bot_136,4039,b,12,88.9,25,194.73,238,43.27,0
e2-blocking-100,binary,100,bot_136,4039,b,14,81.27,25,190.33,231,40.67,0
e2-blocking-100,binary,100,bot_136,4039,b,16,103.12,25,198.35,344,145.65,0
e2-blocking-100,binary,100,bot_136,4039,b,18,85.72,25,209.12,226,16.88,0
e2-blocking-100,binary,100,bot_136,4039,b,20,51.49,25,194.83,193,-1.83,0
e2-blocking-100,binary,100,bot_136,4039,b,22,48.41,25,188.14,168,-20.14,0
e2-blocking-100,binary,100,bot_136,4039,b,24,36.08,25,171.93,140,-31.93,0
e2-blocking-100,binary,100,bot_136,4039,b,26,34.54,25,199.76,163,-36.76,0
e2-blocking-100,binary,100,bot_136,4039,b,28,24.44,25,232.54,187,-45.54,0
e2-blocking-100,binary,100,bot_136,4039,b,30,95.64,25,198.55,142,-56.55,0
e2-blocking-100,binary,100,bot_136,4039,b,32,89.81,25,131.81,150,18.19,0
e2-blocking-100,binary,100,bot_136,4039,b,34,81.43,25,136.39,153,16.61,0
e2-blocking-100,binary,100,bot_136,4039,b,36,90,25,124.09,158,33.91,0
e2-blocking-100,binary,100,bot_136,4039,b,38,85.5,25,132.37,158,25.63,0
e2-blocking-100,binary,100,bot_136,4039,b,40,70.45,25,124.23,140,15.77,0
e2-blocking-100,binary,100,bot_136,4039,b,42,57.96,25,120.34,125,4.66,0
e2-blocking-100,binary,100,bot_136,4039,b,44,57.38,25,135.69,132,-3.69,0
e2-blocking-100,binary,100,bot_136,4039,b,46,49.38,25,138.11,114,-24.11,0
e2-blocking-100,binary,100,bot_136,4039,b,48,45.18,25,138.35,119,-19.35,0
e2-blocking-100,binary,100,bot_136,4039,b,50,35.09,25,134.35,139,4.65,0
e2-blocking-100,binary,100,bot_136,4039,b,52,28.93,25,126.5,100,-26.5,0
e2-blocking-100,binary,100,bot_136,4039,b,54,22.47,25,124.12,92,-32.12,0
e2-blocking-100,binary,100,bot_136,4039,b,56,13.48,25,128.71,86,-42.71,0
e2-blocking-100,binary,100,bot_136,4039,b,58,68.68,25,79.76,94,14.24,0
e2-blocking-100,binary,100,bot_136,4039,b,60,59.86,25,72.07,67,-5.07,0
e2-blocking-100,binary,100,bot_137,4040,w,1,123.85,25,128.34,199,70.66,0
e2-blocking-100,binary,100,bot_137,4040,w,3,121.06,25,142.41,199,56.59,0
e2-blocking-100,binary,100,bot_137,4040,w,5,116.43,25,152.27,198,45.73,0
e2-blocking-100,binary,100,bot_137,4040,w,7,104.81,25,159.93,211,51.07,0
e2-blocking-100,binary,100,bot_137,4040,w,9,94.87,25,168.83,225,56.17,0
e2-blocking-100,binary,100,bot_137,4040,w,11,93.23,25,190.58,233,42.42,0
e2-blocking-100,binary,100,bot_137,4040,w,13,86.63,25,185.04,222,36.96,0
e2-blocking-100,binary,100,bot_137,4040,w,15,105.97,25,195.63,343,147.37,0
e2-blocking-100,binary,100,bot_137,4040,w,17,88.13,25,206.45,219,12.55,0
e2-blocking-100,binary,100,bot_137,4040,w,19,54.48,25,192.12,186,-6.12,0
e2-blocking-100,binary,100,bot_137,4040,w,21,53.47,25,182.56,160,-22.56,0
e2-blocking-100,binary,100,bot_137,4040,w,23,39.49,25,168.21,133,-35.21,0
e2-blocking-100,binary,100,bot_137,4040,w,25,39.07,25,195.48,156,-39.48,0
e2-blocking-100,binary,100,bot_137,4040,w,27,30.84,25,226.12,177,-49.12,0
e2-blocking-100,binary,100,bot_137,4040,w,29,22.1,25,190.84,129,-61.84,0
e2-blocking-100,binary,100,bot_137,4040,w,31,94.13,25,127.58,156,28.42,0
e2-blocking-100,binary,100,bot_137,4040,w,33,86.63,25,131.17,145,13.83,0
e2-blocking-100,binary,100,bot_137,4040,w,35,96.04,25,118.13,151,32.87,0
e2-blocking-100,binary,100,bot_137,4040,w,37,91.31,25,126.86,151,24.14,0
e2-blocking-100,binary,100,bot_137,4040,w,39,77.22,25,117.36,133,15.64,0
e2-blocking-100,binary,100,bot_137,4040,w,41,62.57,25,115.3,119,3.7,0
e2-blocking-100,binary,100,bot_137,4040,w,43,64.01,25,128.89,125,-3.89,0
e2-blocking-100,binary,100,bot_137,4040,w,45,54.24,25,132.67,106,-26.67,0
e2-blocking-100,binary,100,bot_137,4040,w,47,49.1,25,134.36,112,-22.36,0
e2-blocking-100,binary,100,bot_137,4040,w,49,38.63,25,134.02,135,0.98,0
e2-blocking-100,binary,100,bot_137,4040,w,51,33.88,25,121.6,94,-27.6,0
e2-blocking-100,binary,100,bot_137,4040,w,53,27.97,25,118.78,84,-34.78,0
e2-blocking-100,binary,100,bot_137,4040,w,55,21.06,25,120.42,78,-42.42,0
e2-blocking-100,binary,100,bot_137,4040,w,57,12.25,25,127.34,78,-49.34,0
e2-blocking-100,binary,100,bot_137,4040,w,59,64.56,25,67.75,71,3.25,0
e2-blocking-100,binary,100,bot_138,4040,b,2,121.42,25,147.54,213,65.46,0
e2-blocking-100,binary,100,bot_138,4040,b,4,111.01,25,149.96,211,61.04,0
e2-blocking-100,binary,100,bot_138,4040,b,6,115.75,25,176.87,234,57.13,0
e2-blocking-100,binary,100,bot_138,4040,b,8,121.27,25,194.45,239,44.55,0
e2-blocking-100,binary,100,bot_138,4040,b,10,107.33,25,199.79,234,34.21,0
e2-blocking-100,binary,100,bot_138,4040,b,12,102.78,25,192.99,226,33.01,0
e2-blocking-100,binary,100,bot_138,4040,b,14,227.38,25,204.58,232,27.42,0
e2-blocking-100,binary,100,bot_138,4040,b,16,91.89,25,217,248,31,0
e2-blocking-100,binary,100,bot_138,4040,b,18,71.81,25,222.37,235,12.63,0
e2-blocking-100,binary,100,bot_138,4040,b,20,56.08,25,207.02,186,-21.02,0
e2-blocking-100,binary,100,bot_138,4040,b,22,43,25,212.44,192,-20.44,0
e2-blocking-100,binary,100,bot_138,4040,b,24,39.24,25,192.69,157,-35.69,0
e2-blocking-100,binary,100,bot_138,4040,b,26,29.95,25,199.59,163,-36.59,0
e2-blocking-100,binary,100,bot_138,4040,b,28,17.77,25,191.62,148,-43.62,0
e2-blocking-100,binary,100,bot_138,4040,b,30,106.69,25,207.58,155,-52.58,0
e2-blocking-100,binary,100,bot_138,4040,b,32,91.71,25,139.77,159,19.23,0
e2-blocking-100,binary,100,bot_138,4040,b,34,93.67,25,147.27,176,28.73,0
e2-blocking-100,binary,100,bot_138,4040,b,36,84.83,25,126.85,167,40.15,0
e2-blocking-100,binary,100,bot_138,4040,b,38,75.61,25,107.77,143,35.23,0
e2-blocking-100,binary,100,bot_138,4040,b,40,63.29,25,127.61,149,21.39,0
e2-blocking-100,binary,100,bot_138,4040,b,42,56.16,25,142.05,148,5.95,0
e2-blocking-100,binary,100,bot_138,4040,b,44,32.55,25,135.34,143,7.66,0
e2-blocking-100,binary,100,bot_138,4040,b,46,37.39,25,134.59,132,-2.59,0
e2-blocking-100,binary,100,bot_138,4040,b,48,60.16,25,126.21,118,-8.21,0
e2-blocking-100,binary,100,bot_138,4040,b,50,31.79,25,119.73,100,-19.73,0
e2-blocking-100,binary,100,bot_138,4040,b,52,24.06,25,128.11,106,-22.11,0
e2-blocking-100,binary,100,bot_138,4040,b,54,17.57,25,124.47,95,-29.47,0
e2-blocking-100,binary,100,bot_138,4040,b,56,11.61,25,132.15,96,-36.15,0
e2-blocking-100,binary,100,bot_138,4040,b,58,62.55,25,134.72,92,-42.72,0
e2-blocking-100,binary,100,bot_138,4040,b,60,48.45,25,74.95,83,8.05,0
e2-blocking-100,binary,100,bot_139,4041,w,1,126.65,25,142.34,214,71.66,0
e2-blocking-100,binary,100,bot_139,4041,w,3,116.26,25,144.72,203,58.28,0
e2-blocking-100,binary,100,bot_139,4041,w,5,123.73,25,168.7,222,53.3,0
e2-blocking-100,binary,100,bot_139,4041,w,7,129,25,186.63,229,42.37,0
e2-blocking-100,binary,100,bot_139,4041,w,9,113.65,25,193.27,225,31.73,0
e2-blocking-100,binary,100,bot_139,4041,w,11,108.71,25,186.91,216,29.09,0
e2-blocking-100,binary,100,bot_139,4041,w,13,235.21,25,197.33,223,25.67,0
e2-blocking-100,binary,100,bot_139,4041,w,15,85.5,25,222.95,241,18.05,0
e2-blocking-100,binary,100,bot_139,4041,w,17,64.98,25,229.22,230,0.78,0
e2-blocking-100,binary,100,bot_139,4041,w,19,48.44,25,214.67,182,-32.67,0
e2-blocking-100,binary,100,bot_139,4041,w,21,37.53,25,217.95,181,-36.95,0
e2-blocking-100,binary,100,bot_139,4041,w,23,33.17,25,198.76,149,-49.76,0
e2-blocking-100,binary,100,bot_139,4041,w,25,24.04,25,204.93,155,-49.93,0
e2-blocking-100,binary,100,bot_139,4041,w,27,88.89,25,197.54,135,-62.54,0
e2-blocking-100,binary,100,bot_139,4041,w,29,85.32,25,148.74,148,-0.74,0
e2-blocking-100,binary,100,bot_139,4041,w,31,84.33,25,147.63,151,3.37,0
e2-blocking-100,binary,100,bot_139,4041,w,33,83.62,25,156.27,170,13.73,0
e2-blocking-100,binary,100,bot_139,4041,w,35,75.32,25,136.29,156,19.71,0
e2-blocking-100,binary,100,bot_139,4041,w,37,65.78,25,117.17,133,15.83,0
e2-blocking-100,binary,100,bot_139,4041,w,39,53.55,25,137.43,138,0.57,0
e2-blocking-100,binary,100,bot_139,4041,w,41,45.83,25,152.27,143,-9.27,0
e2-blocking-100,binary,100,bot_139,4041,w,43,26.31,25,141.62,128,-13.62,0
e2-blocking-100,binary,100,bot_139,4041,w,45,30.1,25,142.13,120,-22.13,0
e2-blocking-100,binary,100,bot_139,4041,w,47,48.67,25,143.42,117,-26.42,0
e2-blocking-100,binary,100,bot_139,4041,w,49,21.4,25,130.07,94,-36.07,0
e2-blocking-100,binary,100,bot_139,4041,w,51,16.86,25,134.64,93,-41.64,0
e2-blocking-100,binary,100,bot_139,4041,w,53,58.6,25,134.16,86,-48.16,0
e2-blocking-100,binary,100,bot_139,4041,w,55,56.18,25,79.78,79,-0.78,0
e2-blocking-100,binary,100,bot_139,4041,w,57,44.57,25,82.98,81,-1.98,0
e2-blocking-100,binary,100,bot_139,4041,w,59,42.55,25,80.83,70,-10.83,0
e2-blocking-100,binary,100,bot_140,4041,b,2,125.21,25,138.13,209,70.87,0
e2-blocking-100,binary,100,bot_140,4041,b,4,122.61,25,146.33,206,59.67,0
e2-blocking-100,binary,100,bot_140,4041,b,6,110.02,25,154.67,222,67.33,0
e2-blocking-100,binary,100,bot_140,4041,b,8,100.75,25,162.74,235,72.26,0
e2-blocking-100,binary,100,bot_140,4041,b,10,98.09,25,185.74,243,57.26,0
e2-blocking-100,binary,100,bot_140,4041,b,12,93.25,25,178.18,230,51.82,0
e2-blocking-100,binary,100,bot_140,4041,b,14,99.02,25,202.16,366,163.84,0
e2-blocking-100,binary,100,bot_140,4041,b,16,81.9,25,213.05,227,13.95,0
e2-blocking-100,binary,100,bot_140,4041,b,18,48.27,25,197.87,191,-6.87,0
e2-blocking-100,binary,100,bot_140,4041,b,20,44.6,25,192.29,170,-22.29,0
e2-blocking-100,binary,100,bot_140,4041,b,22,31.92,25,176.17,141,-35.17,0
e2-blocking-100,binary,100,bot_140,4041,b,24,30.64,25,203.52,165,-38.52,0
e2-blocking-100,binary,100,bot_140,4041,b,26,18.05,25,239.35,191,-48.35,0
e2-blocking-100,binary,100,bot_140,4041,b,28,81.2,25,136.32,153,16.68,0
e2-blocking-100,binary,100,bot_140,4041,b,30,84.4,25,137,151,14,0
e2-blocking-100,binary,100,bot_140,4041,b,32,74,25,144.1,156,11.9,0
e2-blocking-100,binary,100,bot_140,4041,b,34,81.61,25,132.7,161,28.3,0
e2-blocking-100,binary,100,bot_140,4041,b,36,77.99,25,140.39,161,20.61,0
e2-blocking-100,binary,100,bot_140,4041,b,38,62.39,25,132.45,143,10.55,0
e2-blocking-100,binary,100,bot_140,4041,b,40,51.25,25,126.91,125,-1.91,0
e2-blocking-100,binary,100,bot_140,4041,b,42,47.88,25,145.26,136,-9.26,0
e2-blocking-100,binary,100,bot_140,4041,b,44,40.22,25,147.47,119,-28.47,0
e2-blocking-100,binary,100,bot_140,4041,b,46,34.45,25,149.61,126,-23.61,0
e2-blocking-100,binary,100,bot_140,4041,b,48,25.02,25,141.49,136,-5.49,0
e2-blocking-100,binary,100,bot_140,4041,b,50,20.02,25,135.81,103,-32.81,0
e2-blocking-100,binary,100,bot_140,4041,b,52,11.33,25,135.41,97,-38.41,0
e2-blocking-100,binary,100,bot_140,4041,b,54,60.66,25,98.03,102,3.97,0
e2-blocking-100,binary,100,bot_140,4041,b,56,58.43,25,90.16,92,1.84,0
e2-blocking-100,binary,100,bot_140,4041,b,58,50.32,25,81.64,71,-10.64,0
e2-blocking-100,binary,100,bot_140,4041,b,60,41.36,25,79.66,67,-12.66,0
e2-blocking-100,binary,100,bot_141,4042,w,1,128.54,25,135.13,209,73.87,0
e2-blocking-100,binary,100,bot_141,4042,w,3,127.45,25,141.25,193,51.75,0
e2-blocking-100,binary,100,bot_141,4042,w,5,115.3,25,149.64,207,57.36,0
e2-blocking-100,binary,100,bot_141,4042,w,7,107.4,25,156.44,221,64.56,0
e2-blocking-100,binary,100,bot_141,4042,w,9,103.85,25,179.76,226,46.24,0
e2-blocking-100,binary,100,bot_141,4042,w,11,100.35,25,171.02,215,43.98,0
e2-blocking-100,binary,100,bot_141,4042,w,13,97.73,25,203.57,362,158.43,0
e2-blocking-100,binary,100,bot_141,4042,w,15,80.4,25,214.62,216,1.38,0
e2-blocking-100,binary,100,bot_141,4042,w,17,47.04,25,199.54,180,-19.54,0
e2-blocking-100,binary,100,bot_141,4042,w,19,43.36,25,193.62,157,-36.62,0
e2-blocking-100,binary,100,bot_141,4042,w,21,30.83,25,177.2,129,-48.2,0
e2-blocking-100,binary,100,bot_141,4042,w,23,29.1,25,205.28,153,-52.28,0
e2-blocking-100,binary,100,bot_141,4042,w,25,85.71,25,241.55,180,-61.55,0
e2-blocking-100,binary,100,bot_141,4042,w,27,78.25,25,138.96,133,-5.96,0
e2-blocking-100,binary,100,bot_141,4042,w,29,81.78,25,139.84,139,-0.84,0
e2-blocking-100,binary,100,bot_141,4042,w,31,70.34,25,148.14,145,-3.14,0
e2-blocking-100,binary,100,bot_141,4042,w,33,77.42,25,136.68,154,17.32,0
e2-blocking-100,binary,100,bot_141,4042,w,35,74.07,25,144.04,152,7.96,0
e2-blocking-100,binary,100,bot_141,4042,w,37,57.71,25,137.2,135,-2.2,0
e2-blocking-100,binary,100,bot_141,4042,w,39,47.92,25,130.24,115,-15.24,0
e2-blocking-100,binary,100,bot_141,4042,w,41,39.75,25,153.35,133,-20.35,0
e2-blocking-100,binary,100,bot_141,4042,w,43,34.02,25,153.41,114,-39.41,0
e2-blocking-100,binary,100,bot_141,4042,w,45,28.2,25,155.9,118,-37.9,0
e2-blocking-100,binary,100,bot_141,4042,w,47,18.17,25,148.33,122,-26.33,0
e2-blocking-100,binary,100,bot_141,4042,w,49,13.69,25,142.05,94,-48.05,0
e2-blocking-100,binary,100,bot_141,4042,w,51,57.95,25,92.68,97,4.32,0
e2-blocking-100,binary,100,bot_141,4042,w,53,55.27,25,103.59,86,-17.59,0
e2-blocking-100,binary,100,bot_141,4042,w,55,52.15,25,96.81,83,-13.81,0
e2-blocking-100,binary,100,bot_141,4042,w,57,43.43,25,88.22,62,-26.22,0
e2-blocking-100,binary,100,bot_141,4042,w,59,35.09,25,85.95,55,-30.95,0
e2-blocking-100,binary,100,bot_142,4042,b,2,120.21,25,140.62,207,66.38,0
e2-blocking-100,binary,100,bot_142,4042,b,4,127.4,25,165.23,229,63.77,0
e2-blocking-100,binary,100,bot_142,4042,b,6,134.47,25,181.49,234,52.51,0
e2-blocking-100,binary,100,bot_142,4042,b,8,117.09,25,190.08,234,43.92,0
e2-blocking-100,binary,100,bot_142,4042,b,10,112.6,25,182.88,223,40.12,0
e2-blocking-100,binary,100,bot_142,4042,b,12,240.95,25,193.48,231,37.52,0
e2-blocking-100,binary,100,bot_142,4042,b,14,83.91,25,224.55,245,20.45,0
e2-blocking-100,binary,100,bot_142,4042,b,16,63.05,25,231.17,234,2.83,0
e2-blocking-100,binary,100,bot_142,4042,b,18,46.67,25,215.93,187,-28.93,0
e2-blocking-100,binary,100,bot_142,4042,b,20,35.35,25,220.33,187,-33.33,0
e2-blocking-100,binary,100,bot_142,4042,b,22,31.66,25,200.28,154,-46.28,0
e2-blocking-100,binary,100,bot_142,4042,b,24,22.63,25,206.55,160,-46.55,0
e2-blocking-100,binary,100,bot_142,4042,b,26,76.78,25,140.46,150,9.54,0
e2-blocking-100,binary,100,bot_142,4042,b,28,82.07,25,151.99,153,1.01,0
e2-blocking-100,binary,100,bot_142,4042,b,30,80.76,25,151.24,156,4.76,0
e2-blocking-100,binary,100,bot_142,4042,b,32,80.49,25,159.02,171,11.98,0
e2-blocking-100,binary,100,bot_142,4042,b,34,70.88,25,140.49,159,18.51,0
e2-blocking-100,binary,100,bot_142,4042,b,36,61.43,25,121.57,136,14.43,0
e2-blocking-100,binary,100,bot_142,4042,b,38,49.18,25,141.71,141,-0.71,0
e2-blocking-100,binary,100,bot_142,4042,b,40,42.1,25,155.76,145,-10.76,0
e2-blocking-100,binary,100,bot_142,4042,b,42,22.93,25,144.64,125,-19.64,0
e2-blocking-100,binary,100,bot_142,4042,b,44,24.63,25,147.34,123,-24.34,0
e2-blocking-100,binary,100,bot_142,4042,b,46,36.54,25,156.08,124,-32.08,0
e2-blocking-100,binary,100,bot_142,4042,b,48,15.21,25,136.3,96,-40.3,0
e2-blocking-100,binary,100,bot_142,4042,b,50,66.31,25,142.06,96,-46.06,0
e2-blocking-100,binary,100,bot_142,4042,b,52,45.89,25,86.31,85,-1.31,0
e2-blocking-100,binary,100,bot_142,4042,b,54,48.98,25,87.3,84,-3.3,0
e2-blocking-100,binary,100,bot_142,4042,b,56,36.73,25,91.07,85,-6.07,0
e2-blocking-100,binary,100,bot_142,4042,b,58,32.61,25,90.82,75,-15.82,0
e2-blocking-100,binary,100,bot_142,4042,b,60,29.34,25,92.72,69,-23.72,0
e2-blocking-100,binary,100,bot_143,4043,w,1,124.07,25,137.41,208,70.59,0
e2-blocking-100,binary,100,bot_143,4043,w,3,134.17,25,157.97,216,58.03,0
e2-blocking-100,binary,100,bot_143,4043,w,5,140.39,25,175.27,223,47.73,0
e2-blocking-100,binary,100,bot_143,4043,w,7,121.83,25,185.34,225,39.66,0
e2-blocking-100,binary,100,bot_143,4043,w,9,118.03,25,177.33,212,34.67,0
e2-blocking-100,binary,100,bot_143,4043,w,11,118.27,25,187.41,218,30.59,0
e2-blocking-100,binary,100,bot_143,4043,w,13,61.98,25,260.55,248,-12.55,0
e2-blocking-100,binary,100,bot_143,4043,w,15,48.2,25,270.09,252,-18.09,0
e2-blocking-100,binary,100,bot_143,4043,w,17,34.17,25,233.4,204,-29.4,0
e2-blocking-100,binary,100,bot_143,4043,w,19,24.52,25,231.41,191,-40.41,0
e2-blocking-100,binary,100,bot_143,4043,w,21,136.86,25,202.87,152,-50.87,0
e2-blocking-100,binary,100,bot_143,4043,w,23,108.98,25,121.57,180,58.43,0
e2-blocking-100,binary,100,bot_143,4043,w,25,101.47,25,111.89,166,54.11,0
e2-blocking-100,binary,100,bot_143,4043,w,27,94.44,25,127.6,151,23.4,0
e2-blocking-100,binary,100,bot_143,4043,w,29,88.09,25,142.58,159,16.42,0
e2-blocking-100,binary,100,bot_143,4043,w,31,72.52,25,166.67,183,16.33,0
e2-blocking-100,binary,100,bot_143,4043,w,33,54.14,25,168.08,165,-3.08,0
e2-blocking-100,binary,100,bot_143,4043,w,35,30.74,25,169.51,162,-7.51,0
e2-blocking-100,binary,100,bot_143,4043,w,37,30.92,25,169.74,151,-18.74,0
e2-blocking-100,binary,100,bot_143,4043,w,39,26.45,25,173.78,147,-26.78,0
e2-blocking-100,binary,100,bot_143,4043,w,41,16.1,25,173.49,140,-33.49,0
e2-blocking-100,binary,100,bot_143,4043,w,43,83.98,25,88.35,143,54.65,0
e2-blocking-100,binary,100,bot_143,4043,w,45,100.54,25,86.12,116,29.88,0
e2-blocking-100,binary,100,bot_143,4043,w,47,62.68,25,89.32,101,11.68,0
e2-blocking-100,binary,100,bot_143,4043,w,49,56.13,25,96.23,101,4.77,0
e2-blocking-100,binary,100,bot_143,4043,w,51,45.61,25,98.22,96,-2.22,0
e2-blocking-100,binary,100,bot_143,4043,w,53,35.5,25,108.11,91,-17.11,0
e2-blocking-100,binary,100,bot_143,4043,w,55,17.34,25,125.33,91,-34.33,0
e2-blocking-100,binary,100,bot_143,4043,w,57,52.37,25,71.53,90,18.47,0
e2-blocking-100,binary,100,bot_143,4043,w,59,43.27,25,78.52,77,-1.52,0
e2-blocking-100,binary,100,bot_144,4043,b,2,130.24,25,138.4,204,65.6,0
e2-blocking-100,binary,100,bot_144,4043,b,4,119.32,25,145.64,219,73.36,0
e2-blocking-100,binary,100,bot_144,4043,b,6,111.24,25,152.63,233,80.37,0
e2-blocking-100,binary,100,bot_144,4043,b,8,106.84,25,176.78,238,61.22,0
e2-blocking-100,binary,100,bot_144,4043,b,10,103.53,25,168.11,227,58.89,0
e2-blocking-100,binary,100,bot_144,4043,b,12,54.93,25,202.69,263,60.31,0
e2-blocking-100,binary,100,bot_144,4043,b,14,51.56,25,236.68,239,2.32,0
e2-blocking-100,binary,100,bot_144,4043,b,16,38.73,25,209.54,200,-9.54,0
e2-blocking-100,binary,100,bot_144,4043,b,18,27.55,25,202.52,177,-25.52,0
e2-blocking-100,binary,100,bot_144,4043,b,20,18.46,25,210.44,176,-34.44,0
e2-blocking-100,binary,100,bot_144,4043,b,22,126.18,25,107.8,185,77.2,0
e2-blocking-100,binary,100,bot_144,4043,b,24,125.02,25,131.51,185,53.49,0
e2-blocking-100,binary,100,bot_144,4043,b,26,93.1,25,117.16,159,41.84,0
e2-blocking-100,binary,100,bot_144,4043,b,28,83.54,25,136.34,172,35.66,0
e2-blocking-100,binary,100,bot_144,4043,b,30,70.49,25,139.67,169,29.33,0
e2-blocking-100,binary,100,bot_144,4043,b,32,51.76,25,152.56,179,26.44,0
e2-blocking-100,binary,100,bot_144,4043,b,34,46.53,25,162.19,170,7.81,0
e2-blocking-100,binary,100,bot_144,4043,b,36,34.8,25,157.18,141,-16.18,0
e2-blocking-100,binary,100,bot_144,4043,b,38,28.19,25,146.24,130,-16.24,0
e2-blocking-100,binary,100,bot_144,4043,b,40,20.58,25,162.39,143,-19.39,0
e2-blocking-100,binary,100,bot_144,4043,b,42,109.09,25,158.26,128,-30.26,0
e2-blocking-100,binary,100,bot_144,4043,b,44,84.53,25,100.62,139,38.38,0
e2-blocking-100,binary,100,bot_144,4043,b,46,65.14,25,108.26,161,52.74,0
e2-blocking-100,binary,100,bot_144,4043,b,48,59.43,25,96.32,112,15.68,0
e2-blocking-100,binary,100,bot_144,4043,b,50,51.14,25,95.86,105,9.14,0
e2-blocking-100,binary,100,bot_144,4043,b,52,38,25,103.41,101,-2.41,0
e2-blocking-100,binary,100,bot_144,4043,b,54,20.51,25,120.09,108,-12.09,0
e2-blocking-100,binary,100,bot_144,4043,b,56,73.11,25,114.45,85,-29.45,0
e2-blocking-100,binary,100,bot_144,4043,b,58,52.67,25,69.11,74,4.89,0
e2-blocking-100,binary,100,bot_144,4043,b,60,18.69,25,69.84,77,7.16,0
e2-blocking-100,binary,100,bot_145,4044,w,1,133.85,25,135.35,201,65.65,0
e2-blocking-100,binary,100,bot_145,4044,w,3,124.89,25,140.14,208,67.86,0
e2-blocking-100,binary,100,bot_145,4044,w,5,118.77,25,145,219,74,0
e2-blocking-100,binary,100,bot_145,4044,w,7,114.18,25,169.41,223,53.59,0
e2-blocking-100,binary,100,bot_145,4044,w,9,111.66,25,159.83,211,51.17,0
e2-blocking-100,binary,100,bot_145,4044,w,11,60.2,25,197.29,252,54.71,0
e2-blocking-100,binary,100,bot_145,4044,w,13,57.92,25,230.31,230,-0.31,0
e2-blocking-100,binary,100,bot_145,4044,w,15,46.46,25,201.63,187,-14.63,0
e2-blocking-100,binary,100,bot_145,4044,w,17,33.62,25,196.12,167,-29.12,0
e2-blocking-100,binary,100,bot_145,4044,w,19,23.31,25,205.07,168,-37.07,0
e2-blocking-100,binary,100,bot_145,4044,w,21,15.95,25,213.97,162,-51.97,0
e2-blocking-100,binary,100,bot_145,4044,w,23,134.64,25,122.68,184,61.32,0
e2-blocking-100,binary,100,bot_145,4044,w,25,100.15,25,109.83,149,39.17,0
e2-blocking-100,binary,100,bot_145,4044,w,27,90.13,25,129.55,162,32.45,0
e2-blocking-100,binary,100,bot_145,4044,w,29,74.87,25,135.14,159,23.86,0
e2-blocking-100,binary,100,bot_145,4044,w,31,55.87,25,148.38,168,19.63,0
e2-blocking-100,binary,100,bot_145,4044,w,33,50.82,25,158.74,160,1.26,0
e2-blocking-100,binary,100,bot_145,4044,w,35,38.32,25,154.25,131,-23.25,0
e2-blocking-100,binary,100,bot_145,4044,w,37,31.63,25,142.99,123,-19.99,0
e2-blocking-100,binary,100,bot_145,4044,w,39,23.27,25,159.55,137,-22.55,0
e2-blocking-100,binary,100,bot_145,4044,w,41,11.1,25,155.93,122,-33.93,0
e2-blocking-100,binary,100,bot_145,4044,w,43,86.66,25,98.31,140,41.69,0
e2-blocking-100,binary,100,bot_145,4044,w,45,68.93,25,104.82,154,49.18,0
e2-blocking-100,binary,100,bot_145,4044,w,47,61.77,25,94.07,106,11.93,0
e2-blocking-100,binary,100,bot_145,4044,w,49,52.39,25,94.39,101,6.61,0
e2-blocking-100,binary,100,bot_145,4044,w,51,41.71,25,99.29,94,-5.29,0
e2-blocking-100,binary,100,bot_145,4044,w,53,24.45,25,116.06,102,-14.06,0
e2-blocking-100,binary,100,bot_145,4044,w,55,10.53,25,111.1,79,-32.1,0
e2-blocking-100,binary,100,bot_145,4044,w,57,52.45,25,68.77,78,9.23,0
e2-blocking-100,binary,100,bot_145,4044,w,59,23.51,25,65.29,67,1.71,0
e2-blocking-100,binary,100,bot_146,4044,b,2,139.21,25,153,226,73,0
e2-blocking-100,binary,100,bot_146,4044,b,4,146.07,25,169.74,233,63.26,0
e2-blocking-100,binary,100,bot_146,4044,b,6,126.29,25,180.82,239,58.18,0
e2-blocking-100,binary,100,bot_146,4044,b,8,122.61,25,172.86,225,52.14,0
e2-blocking-100,binary,100,bot_146,4044,b,10,122.67,25,182.5,233,50.5,0
e2-blocking-100,binary,100,bot_146,4044,b,12,67.16,25,255.2,257,1.8,0
e2-blocking-100,binary,100,bot_146,4044,b,14,52.66,25,265.88,263,-2.88,0
e2-blocking-100,binary,100,bot_146,4044,b,16,39.11,25,228.58,215,-13.58,0
e2-blocking-100,binary,100,bot_146,4044,b,18,29.48,25,226.07,200,-26.07,0
e2-blocking-100,binary,100,bot_146,4044,b,20,15.08,25,198.17,162,-36.17,0
e2-blocking-100,binary,100,bot_146,4044,b,22,129.94,25,231.11,186,-45.11,0
e2-blocking-100,binary,100,bot_146,4044,b,24,107.67,25,105.57,180,74.43,0
e2-blocking-100,binary,100,bot_146,4044,b,26,101.15,25,121.24,162,40.76,0
e2-blocking-100,binary,100,bot_146,4044,b,28,91.41,25,140.38,172,31.62,0
e2-blocking-100,binary,100,bot_146,4044,b,30,74.48,25,165.05,191,25.95,0
e2-blocking-100,binary,100,bot_146,4044,b,32,55.1,25,166.95,175,8.05,0
e2-blocking-100,binary,100,bot_146,4044,b,34,31.98,25,167.98,171,3.02,0
e2-blocking-100,binary,100,bot_146,4044,b,36,34.09,25,167.01,157,-10.01,0
e2-blocking-100,binary,100,bot_146,4044,b,38,30.41,25,170.01,153,-17.01,0
e2-blocking-100,binary,100,bot_146,4044,b,40,19.63,25,169.42,145,-24.42,0
e2-blocking-100,binary,100,bot_146,4044,b,42,95.58,25,177.55,140,-37.55,0
e2-blocking-100,binary,100,bot_146,4044,b,44,103.53,25,82.26,122,39.74,0
e2-blocking-100,binary,100,bot_146,4044,b,46,66.55,25,85.43,107,21.57,0
e2-blocking-100,binary,100,bot_146,4044,b,48,59.79,25,92.57,105,12.43,0
e2-blocking-100,binary,100,bot_146,4044,b,50,48.96,25,94.7,100,5.3,0
e2-blocking-100,binary,100,bot_146,4044,b,52,40.06,25,103.68,98,-5.68,0
e2-blocking-100,binary,100,bot_146,4044,b,54,21.18,25,121.06,98,-23.06,0
e2-blocking-100,binary,100,bot_146,4044,b,56,63.21,25,126.03,89,-37.03,0
e2-blocking-100,binary,100,bot_146,4044,b,58,44.48,25,77.67,83,5.33,0
e2-blocking-100,binary,100,bot_146,4044,b,60,30.51,25,105.42,93,-12.42,0
e2-blocking-100,binary,100,bot_147,4045,w,1,141.11,25,151.7,234,82.3,0
e2-blocking-100,binary,100,bot_147,4045,w,3,148.35,25,167.57,228,60.43,0
e2-blocking-100,binary,100,bot_147,4045,w,5,129.02,25,178.34,231,52.66,0
e2-blocking-100,binary,100,bot_147,4045,w,7,125.71,25,170.04,220,49.96,0
e2-blocking-100,binary,100,bot_147,4045,w,9,125.1,25,179.78,227,47.22,0
e2-blocking-100,binary,100,bot_147,4045,w,11,70.56,25,251.78,253,1.22,0
e2-blocking-100,binary,100,bot_147,4045,w,13,57.51,25,261.05,259,-2.05,0
e2-blocking-100,binary,100,bot_147,4045,w,15,42.26,25,225.36,212,-13.36,0
e2-blocking-100,binary,100,bot_147,4045,w,17,34.35,25,221.24,195,-26.24,0
e2-blocking-100,binary,100,bot_147,4045,w,19,20.64,25,192.61,155,-37.61,0
e2-blocking-100,binary,100,bot_147,4045,w,21,18.77,25,227.56,184,-43.56,0
e2-blocking-100,binary,100,bot_147,4045,w,23,111.02,25,102.73,191,88.27,0
e2-blocking-100,binary,100,bot_147,4045,w,25,105.93,25,116.46,156,39.54,0
e2-blocking-100,binary,100,bot_147,4045,w,27,95.11,25,135.91,164,28.09,0
e2-blocking-100,binary,100,bot_147,4045,w,29,78.42,25,160.79,184,23.21,0
e2-blocking-100,binary,100,bot_147,4045,w,31,59.15,25,162.74,169,6.26,0
e2-blocking-100,binary,100,bot_147,4045,w,33,35.07,25,164.85,167,2.15,0
e2-blocking-100,binary,100,bot_147,4045,w,35,36.26,25,164.65,153,-11.65,0
e2-blocking-100,binary,100,bot_147,4045,w,37,34.19,25,166.41,149,-17.41,0
e2-blocking-100,binary,100,bot_147,4045,w,39,24.25,25,164.99,141,-23.99,0
e2-blocking-100,binary,100,bot_147,4045,w,41,10.49,25,174.77,137,-37.77,0
e2-blocking-100,binary,100,bot_147,4045,w,43,106.12,25,79.99,127,47.01,0
e2-blocking-100,binary,100,bot_147,4045,w,45,71.24,25,80.61,103,22.39,0
e2-blocking-100,binary,100,bot_147,4045,w,47,63.31,25,88.95,105,16.05,0
e2-blocking-100,binary,100,bot_147,4045,w,49,51.18,25,92.38,96,3.62,0
e2-blocking-100,binary,100,bot_147,4045,w,51,41.52,25,102.23,98,-4.23,0
e2-blocking-100,binary,100,bot_147,4045,w,53,22.15,25,120.23,98,-22.23,0
e2-blocking-100,binary,100,bot_147,4045,w,55,63.41,25,126.21,90,-36.21,0
e2-blocking-100,binary,100,bot_147,4045,w,57,45.38,25,76.78,79,2.22,0
e2-blocking-100,binary,100,bot_147,4045,w,59,32.04,25,103.38,89,-14.38,0
e2-blocking-100,binary,100,bot_148,4045,b,2,128.63,25,136.11,219,82.89,0
e2-blocking-100,binary,100,bot_148,4045,b,4,121.39,25,142.39,231,88.61,0
e2-blocking-100,binary,100,bot_148,4045,b,6,119.08,25,164.48,234,69.52,0
e2-blocking-100,binary,100,bot_148,4045,b,8,116.96,25,154.17,222,67.83,0
e2-blocking-100,binary,100,bot_148,4045,b,10,65.45,25,192.15,260,67.85,0
e2-blocking-100,binary,100,bot_148,4045,b,12,63.18,25,224.96,237,12.04,0
e2-blocking-100,binary,100,bot_148,4045,b,14,51.56,25,196.14,196,-0.14,0
e2-blocking-100,binary,100,bot_148,4045,b,16,38.21,25,191.76,176,-15.76,0
e2-blocking-100,binary,100,bot_148,4045,b,18,27.05,25,201.76,177,-24.76,0
e2-blocking-100,binary,100,bot_148,4045,b,20,21.64,25,208.25,170,-38.25,0
e2-blocking-100,binary,100,bot_148,4045,b,22,153.3,25,218.17,179,-39.17,0
e2-blocking-100,binary,100,bot_148,4045,b,24,103.6,25,106.61,159,52.39,0
e2-blocking-100,binary,100,bot_148,4045,b,26,93.43,25,126.1,174,47.9,0
e2-blocking-100,binary,100,bot_148,4045,b,28,75.24,25,135.1,173,37.9,0
e2-blocking-100,binary,100,bot_148,4045,b,30,58.81,25,145.48,178,32.52,0
e2-blocking-100,binary,100,bot_148,4045,b,32,53.61,25,156.01,170,13.99,0
e2-blocking-100,binary,100,bot_148,4045,b,34,40.58,25,151.81,141,-10.81,0
e2-blocking-100,binary,100,bot_148,4045,b,36,34.92,25,139.48,130,-9.48,0
e2-blocking-100,binary,100,bot_148,4045,b,38,27.71,25,154.95,144,-10.95,0
e2-blocking-100,binary,100,bot_148,4045,b,40,14.52,25,152.52,131,-21.52,0
e2-blocking-100,binary,100,bot_148,4045,b,42,99.13,25,173.75,138,-35.75,0
e2-blocking-100,binary,100,bot_148,4045,b,44,73.78,25,99.67,160,60.33,0
e2-blocking-100,binary,100,bot_148,4045,b,46,67.37,25,88.22,113,24.78,0
e2-blocking-100,binary,100,bot_148,4045,b,48,54.6,25,92.2,110,17.8,0
e2-blocking-100,binary,100,bot_148,4045,b,50,47.19,25,93.58,100,6.42,0
e2-blocking-100,binary,100,bot_148,4045,b,52,28.85,25,111.43,107,-4.43,0
e2-blocking-100,binary,100,bot_148,4045,b,54,14.24,25,107.22,84,-23.22,0
e2-blocking-100,binary,100,bot_148,4045,b,56,53.92,25,67.59,84,16.41,0
e2-blocking-100,binary,100,bot_148,4045,b,58,24.77,25,63.7,73,9.3,0
e2-blocking-100,binary,100,bot_148,4045,b,60,27.81,25,67.64,64,-3.64,0
e2-blocking-100,binary,100,bot_149,4046,w,1,130.98,25,134.31,218,83.69,0
e2-blocking-100,binary,100,bot_149,4046,w,3,122.78,25,140.95,220,79.05,0
e2-blocking-100,binary,100,bot_149,4046,w,5,122.48,25,161.19,220,58.81,0
e2-blocking-100,binary,100,bot_149,4046,w,7,121.89,25,149.46,206,56.54,0
e2-blocking-100,binary,100,bot_149,4046,w,9,69.57,25,188.58,249,60.42,0
e2-blocking-100,binary,100,bot_149,4046,w,11,67.34,25,220.67,228,7.33,0
e2-blocking-100,binary,100,bot_149,4046,w,13,56.45,25,191.31,187,-4.31,0
e2-blocking-100,binary,100,bot_149,4046,w,15,41.98,25,188,168,-20,0
e2-blocking-100,binary,100,bot_149,4046,w,17,29.12,25,199.67,170,-29.67,0
e2-blocking-100,binary,100,bot_149,4046,w,19,26.7,25,203.03,160,-43.03,0
e2-blocking-100,binary,100,bot_149,4046,w,21,19.04,25,214.02,167,-47.02,0
e2-blocking-100,binary,100,bot_149,4046,w,23,122.64,25,201.88,149,-52.88,0
e2-blocking-100,binary,100,bot_149,4046,w,25,95.32,25,124.5,164,39.5,0
e2-blocking-100,binary,100,bot_149,4046,w,27,77.2,25,133.2,163,29.8,0
e2-blocking-100,binary,100,bot_149,4046,w,29,61,25,143.36,168,24.64,0
e2-blocking-100,binary,100,bot_149,4046,w,31,55.61,25,153.82,159,5.18,0
e2-blocking-100,binary,100,bot_149,4046,w,33,42.21,25,150.21,131,-19.21,0
e2-blocking-100,binary,100,bot_149,4046,w,35,37.43,25,137.22,119,-18.22,0
e2-blocking-100,binary,100,bot_149,4046,w,37,30.25,25,152.25,134,-18.25,0
e2-blocking-100,binary,100,bot_149,4046,w,39,16.6,25,150.25,119,-31.25,0
e2-blocking-100,binary,100,bot_149,4046,w,41,11.09,25,171.43,127,-44.43,0
e2-blocking-100,binary,100,bot_149,4046,w,43,76.44,25,96.99,156,59.01,0
e2-blocking-100,binary,100,bot_149,4046,w,45,70.5,25,84.93,102,17.07,0
e2-blocking-100,binary,100,bot_149,4046,w,47,55.78,25,90.95,98,7.05,0
e2-blocking-100,binary,100,bot_149,4046,w,49,49.26,25,91.72,88,-3.72,0
e2-blocking-100,binary,100,bot_149,4046,w,51,31.22,25,109.35,96,-13.35,0
e2-blocking-100,binary,100,bot_149,4046,w,53,16.56,25,104.83,72,-32.83,0
e2-blocking-100,binary,100,bot_149,4046,w,55,62.22,25,114.47,69,-45.47,0
e2-blocking-100,binary,100,bot_149,4046,w,57,26.97,25,61.74,67,5.26,0
e2-blocking-100,binary,100,bot_149,4046,w,59,30.72,25,63.91,57,-6.91,0
e2-blocking-100,binary,100,bot_150,4046,b,2,155.79,25,159.66,226,66.34,0
e2-blocking-100,binary,100,bot_150,4046,b,4,134.07,25,172.45,230,57.55,0
e2-blocking-100,binary,100,bot_150,4046,b,6,131.1,25,164.39,221,56.61,0
e2-blocking-100,binary,100,bot_150,4046,b,8,130.35,25,174.32,230,55.68,0
e2-blocking-100,binary,100,bot_150,4046,b,10,76.17,25,245.73,252,6.27,0
e2-blocking-100,binary,100,bot_150,4046,b,12,65.3,25,252.91,257,4.09,0
e2-blocking-100,binary,100,bot_150,4046,b,14,50.52,25,217.21,211,-6.21,0
e2-blocking-100,binary,100,bot_150,4046,b,16,41.06,25,214.25,194,-20.25,0
e2-blocking-100,binary,100,bot_150,4046,b,18,26.93,25,186.17,153,-33.17,0
e2-blocking-100,binary,100,bot_150,4046,b,20,23.34,25,222.26,186,-36.26,0
e2-blocking-100,binary,100,bot_150,4046,b,22,17.21,25,220.44,177,-43.44,0
e2-blocking-100,binary,100,bot_150,4046,b,24,109.89,25,113.45,173,59.55,0
e2-blocking-100,binary,100,bot_150,4046,b,26,98.49,25,132.4,165,32.6,0
e2-blocking-100,binary,100,bot_150,4046,b,28,81.7,25,157.66,186,28.34,0
e2-blocking-100,binary,100,bot_150,4046,b,30,62.07,25,159.61,171,11.39,0
e2-blocking-100,binary,100,bot_150,4046,b,32,37.48,25,162.46,169,6.54,0
e2-blocking-100,binary,100,bot_150,4046,b,34,38.49,25,162.44,155,-7.44,0
e2-blocking-100,binary,100,bot_150,4046,b,36,36.74,25,164.01,152,-12.01,0
e2-blocking-100,binary,100,bot_150,4046,b,38,26.01,25,163.05,144,-19.05,0
e2-blocking-100,binary,100,bot_150,4046,b,40,12.65,25,172.8,140,-32.8,0
e2-blocking-100,binary,100,bot_150,4046,b,42,115.27,25,160.79,122,-38.79,0
e2-blocking-100,binary,100,bot_150,4046,b,44,72.59,25,79.3,106,26.7,0
e2-blocking-100,binary,100,bot_150,4046,b,46,63.35,25,89.05,110,20.95,0
e2-blocking-100,binary,100,bot_150,4046,b,48,52.77,25,90.96,97,6.04,0
e2-blocking-100,binary,100,bot_150,4046,b,50,42.95,25,100.99,101,0.01,0
e2-blocking-100,binary,100,bot_150,4046,b,52,23.95,25,118.58,100,-18.58,0
e2-blocking-100,binary,100,bot_150,4046,b,54,10.14,25,123.65,91,-32.65,0
e2-blocking-100,binary,100,bot_150,4046,b,56,47.99,25,74.2,87,12.8,0
e2-blocking-100,binary,100,bot_150,4046,b,58,34.48,25,100.81,89,-11.81,0
e2-blocking-100,binary,100,bot_150,4046,b,60,31.73,25,98.19,90,-8.19,0
e2-blocking-100,binary,100,bot_151,4047,w,1,159.35,25,156.41,223,66.59,0
e2-blocking-100,binary,100,bot_151,4047,w,3,135,25,171.5,215,43.5,0
e2-blocking-100,binary,100,bot_151,4047,w,5,133.31,25,162.24,206,43.76,0
e2-blocking-100,binary,100,bot_151,4047,w,7,132.22,25,172.36,214,41.64,0
e2-blocking-100,binary,100,bot_151,4047,w,9,78.21,25,243.88,241,-2.88,0
e2-blocking-100,binary,100,bot_151,4047,w,11,67.26,25,251.2,245,-6.2,0
e2-blocking-100,binary,100,bot_151,4047,w,13,53.98,25,213.89,199,-14.89,0
e2-blocking-100,binary,100,bot_151,4047,w,15,44.13,25,211.08,182,-29.08,0
e2-blocking-100,binary,100,bot_151,4047,w,17,29.85,25,183.18,139,-44.18,0
e2-blocking-100,binary,100,bot_151,4047,w,19,27.15,25,218.56,173,-45.56,0
e2-blocking-100,binary,100,bot_151,4047,w,21,19.83,25,217.86,165,-52.86,0
e2-blocking-100,binary,100,bot_151,4047,w,23,127.68,25,202.71,145,-57.71,0
e2-blocking-100,binary,100,bot_151,4047,w,25,102.63,25,128.18,152,23.82,0
e2-blocking-100,binary,100,bot_151,4047,w,27,86.48,25,152.51,173,20.49,0
e2-blocking-100,binary,100,bot_151,4047,w,29,65.88,25,156.45,162,5.55,0
e2-blocking-100,binary,100,bot_151,4047,w,31,41.56,25,158.26,158,-0.26,0
e2-blocking-100,binary,100,bot_151,4047,w,33,44.04,25,157,144,-13,0
e2-blocking-100,binary,100,bot_151,4047,w,35,42.78,25,158.32,141,-17.32,0
e2-blocking-100,binary,100,bot_151,4047,w,37,29.54,25,159.75,134,-25.75,0
e2-blocking-100,binary,100,bot_151,4047,w,39,17.16,25,168.25,130,-38.25,0
e2-blocking-100,binary,100,bot_151,4047,w,41,12.6,25,156.42,113,-43.42,0
e2-blocking-100,binary,100,bot_151,4047,w,43,77.09,25,74.71,102,27.29,0
e2-blocking-100,binary,100,bot_151,4047,w,45,68.07,25,84.61,99,14.39,0
e2-blocking-100,binary,100,bot_151,4047,w,47,56.96,25,86.7,86,-0.7,0
e2-blocking-100,binary,100,bot_151,4047,w,49,45.35,25,98.36,92,-6.36,0
e2-blocking-100,binary,100,bot_151,4047,w,51,27.78,25,114.61,90,-24.61,0
e2-blocking-100,binary,100,bot_151,4047,w,53,14.18,25,119.62,81,-38.62,0
e2-blocking-100,binary,100,bot_151,4047,w,55,57.5,25,119.7,72,-47.7,0
e2-blocking-100,binary,100,bot_151,4047,w,57,39.64,25,95.69,80,-15.69,0
e2-blocking-100,binary,100,bot_151,4047,w,59,40.88,25,88.34,76,-12.34,0
e2-blocking-100,binary,100,bot_152,4047,b,2,123.78,25,140.73,240,99.27,0
e2-blocking-100,binary,100,bot_152,4047,b,4,125.13,25,158.73,235,76.27,0
e2-blocking-100,binary,100,bot_152,4047,b,6,123.48,25,147.66,222,74.34,0
e2-blocking-100,binary,100,bot_152,4047,b,8,71.84,25,186.65,261,74.35,0
e2-blocking-100,binary,100,bot_152,4047,b,10,69.89,25,218.94,240,21.06,0
e2-blocking-100,binary,100,bot_152,4047,b,12,59.64,25,188.23,198,9.77,0
e2-blocking-100,binary,100,bot_152,4047,b,14,43.94,25,186.3,182,-4.3,0
e2-blocking-100,binary,100,bot_152,4047,b,16,30.9,25,198,184,-14,0
e2-blocking-100,binary,100,bot_152,4047,b,18,28.22,25,201.59,174,-27.59,0
e2-blocking-100,binary,100,bot_152,4047,b,20,20.57,25,212.77,182,-30.77,0
e2-blocking-100,binary,100,bot_152,4047,b,22,15.63,25,200.8,161,-39.8,0
e2-blocking-100,binary,100,bot_152,4047,b,24,97,25,123.31,193,69.69,0
e2-blocking-100,binary,100,bot_152,4047,b,26,79,25,131.53,177,45.47,0
e2-blocking-100,binary,100,bot_152,4047,b,28,62.97,25,140.97,181,40.03,0
e2-blocking-100,binary,100,bot_152,4047,b,30,58.12,25,151.56,170,18.44,0
e2-blocking-100,binary,100,bot_152,4047,b,32,44.19,25,148.29,143,-5.29,0
e2-blocking-100,binary,100,bot_152,4047,b,34,39.91,25,135.1,131,-4.1,0
e2-blocking-100,binary,100,bot_152,4047,b,36,32.56,25,150.04,146,-4.04,0
e2-blocking-100,binary,100,bot_152,4047,b,38,18.74,25,148.34,131,-17.34,0
e2-blocking-100,binary,100,bot_152,4047,b,40,13.53,25,168.8,138,-30.8,0
e2-blocking-100,binary,100,bot_152,4047,b,42,85.27,25,195.41,162,-33.41,0
e2-blocking-100,binary,100,bot_152,4047,b,44,72.83,25,82.86,113,30.14,0
e2-blocking-100,binary,100,bot_152,4047,b,46,57.3,25,89.5,111,21.5,0
e2-blocking-100,binary,100,bot_152,4047,b,48,51.2,25,89.85,100,10.15,0
e2-blocking-100,binary,100,bot_152,4047,b,50,33.33,25,106.81,106,-0.81,0
e2-blocking-100,binary,100,bot_152,4047,b,52,18.94,25,102.48,83,-19.48,0
e2-blocking-100,binary,100,bot_152,4047,b,54,9.82,25,111.4,79,-32.4,0
e2-blocking-100,binary,100,bot_152,4047,b,56,29.41,25,59.18,82,22.82,0
e2-blocking-100,binary,100,bot_152,4047,b,58,32.99,25,61.61,66,4.39,0
e2-blocking-100,binary,100,bot_152,4047,b,60,20.04,25,69.24,75,5.76,0
e2-blocking-100,binary,100,bot_153,4048,w,1,125.48,25,139.02,243,103.98,0
e2-blocking-100,binary,100,bot_153,4048,w,3,132.23,25,151.64,225,73.36,0
e2-blocking-100,binary,100,bot_153,4048,w,5,130.92,25,140.48,206,65.52,0
e2-blocking-100,binary,100,bot_153,4048,w,7,79.88,25,179.09,254,74.91,0
e2-blocking-100,binary,100,bot_153,4048,w,9,75.19,25,214.07,235,20.93,0
e2-blocking-100,binary,100,bot_153,4048,w,11,67.49,25,180.45,189,8.55,0
e2-blocking-100,binary,100,bot_153,4048,w,13,52.36,25,178.4,173,-5.4,0
e2-blocking-100,binary,100,bot_153,4048,w,15,35.76,25,193.23,178,-15.23,0
e2-blocking-100,binary,100,bot_153,4048,w,17,30.91,25,199.73,164,-35.73,0
e2-blocking-100,binary,100,bot_153,4048,w,19,23.54,25,210.06,171,-39.06,0
e2-blocking-100,binary,100,bot_153,4048,w,21,18.6,25,197.64,150,-47.64,0
e2-blocking-100,binary,100,bot_153,4048,w,23,114.6,25,219.3,169,-50.3,0
e2-blocking-100,binary,100,bot_153,4048,w,25,81.89,25,128.86,166,37.14,0
e2-blocking-100,binary,100,bot_153,4048,w,27,65.57,25,138.45,175,36.55,0
e2-blocking-100,binary,100,bot_153,4048,w,29,61.25,25,148.19,164,15.81,0
e2-blocking-100,binary,100,bot_153,4048,w,31,48.04,25,144.23,135,-9.23,0
e2-blocking-100,binary,100,bot_153,4048,w,33,40.12,25,134.98,127,-7.98,0
e2-blocking-100,binary,100,bot_153,4048,w,35,36.47,25,145.66,136,-9.66,0
e2-blocking-100,binary,100,bot_153,4048,w,37,22.35,25,144.39,122,-22.39,0
e2-blocking-100,binary,100,bot_153,4048,w,39,17.67,25,164.73,129,-35.73,0
e2-blocking-100,binary,100,bot_153,4048,w,41,10.94,25,192.02,152,-40.02,0
e2-blocking-100,binary,100,bot_153,4048,w,43,76.27,25,78.75,110,31.25,0
e2-blocking-100,binary,100,bot_153,4048,w,45,59.86,25,87.05,102,14.95,0
e2-blocking-100,binary,100,bot_153,4048,w,47,54.17,25,86.9,93,6.1,0
e2-blocking-100,binary,100,bot_153,4048,w,49,36.34,25,103.94,97,-6.94,0
e2-blocking-100,binary,100,bot_153,4048,w,51,22.2,25,99.36,75,-24.36,0
e2-blocking-100,binary,100,bot_153,4048,w,53,12.48,25,108.08,70,-38.08,0
e2-blocking-100,binary,100,bot_153,4048,w,55,9.33,25,95.4,51,-44.4,0
e2-blocking-100,binary,100,bot_153,4048,w,57,38.68,25,55.93,63,7.07,0
e2-blocking-100,binary,100,bot_153,4048,w,59,26.59,25,62.14,64,1.86,0
e2-blocking-100,binary,100,bot_154,4048,b,2,145.57,25,161.07,219,57.93,0
e2-blocking-100,binary,100,bot_154,4048,b,4,138.13,25,157.49,221,63.51,0
e2-blocking-100,binary,100,bot_154,4048,b,6,142.94,25,161.04,223,61.96,0
e2-blocking-100,binary,100,bot_154,4048,b,8,88.69,25,232.94,249,16.06,0
e2-blocking-100,binary,100,bot_154,4048,b,10,77.72,25,240.76,252,11.24,0
e2-blocking-100,binary,100,bot_154,4048,b,12,62.51,25,205.2,208,2.8,0
e2-blocking-100,binary,100,bot_154,4048,b,14,53.33,25,201.2,190,-11.2,0
e2-blocking-100,binary,100,bot_154,4048,b,16,33.49,25,180.09,151,-29.09,0
e2-blocking-100,binary,100,bot_154,4048,b,18,29.85,25,216.02,182,-34.02,0
e2-blocking-100,binary,100,bot_154,4048,b,20,21.13,25,216.47,176,-40.47,0
e2-blocking-100,binary,100,bot_154,4048,b,22,17.36,25,200.12,154,-46.12,0
e2-blocking-100,binary,100,bot_154,4048,b,24,105.07,25,126.23,175,48.77,0
e2-blocking-100,binary,100,bot_154,4048,b,26,89.93,25,149.25,178,28.75,0
e2-blocking-100,binary,100,bot_154,4048,b,28,69.41,25,152.69,166,13.31,0
e2-blocking-100,binary,100,bot_154,4048,b,30,44.45,25,155.09,164,8.91,0
e2-blocking-100,binary,100,bot_154,4048,b,32,46.94,25,153.74,150,-3.74,0
e2-blocking-100,binary,100,bot_154,4048,b,34,44.96,25,156.11,146,-10.11,0
e2-blocking-100,binary,100,bot_154,4048,b,36,31.65,25,157.53,143,-14.53,0
e2-blocking-100,binary,100,bot_154,4048,b,38,18.8,25,166.68,138,-28.68,0
e2-blocking-100,binary,100,bot_154,4048,b,40,13.97,25,155.35,121,-34.35,0
e2-blocking-100,binary,100,bot_154,4048,b,42,86.71,25,143.63,103,-40.63,0
e2-blocking-100,binary,100,bot_154,4048,b,44,68.41,25,84.43,109,24.57,0
e2-blocking-100,binary,100,bot_154,4048,b,46,59.63,25,84.04,92,7.96,0
e2-blocking-100,binary,100,bot_154,4048,b,48,47.34,25,96.36,98,1.64,0
e2-blocking-100,binary,100,bot_154,4048,b,50,30.2,25,112.63,97,-15.63,0
e2-blocking-100,binary,100,bot_154,4048,b,52,16.01,25,117.83,88,-29.83,0
e2-blocking-100,binary,100,bot_154,4048,b,54,8.71,25,117.73,79,-38.73,0
e2-blocking-100,binary,100,bot_154,4048,b,56,47.87,25,123.01,93,-30.01,0
e2-blocking-100,binary,100,bot_154,4048,b,58,43.11,25,86.73,84,-2.73,0
e2-blocking-100,binary,100,bot_154,4048,b,60,18.66,25,105.82,93,-12.82,0
e2-blocking-100,binary,100,bot_155,4049,w,1,151.66,25,155.09,208,52.91,0
e2-blocking-100,binary,100,bot_155,4049,w,3,141.48,25,153.97,201,47.03,0
e2-blocking-100,binary,100,bot_155,4049,w,5,149.84,25,153.55,197,43.45,0
e2-blocking-100,binary,100,bot_155,4049,w,7,97.52,25,223.69,227,3.31,0
e2-blocking-100,binary,100,bot_155,4049,w,9,87.26,25,230.43,227,-3.43,0
e2-blocking-100,binary,100,bot_155,4049,w,11,73.74,25,193.54,183,-10.54,0
e2-blocking-100,binary,100,bot_155,4049,w,13,63.14,25,190.93,167,-23.93,0
e2-blocking-100,binary,100,bot_155,4049,w,15,37.29,25,175.68,135,-40.68,0
e2-blocking-100,binary,100,bot_155,4049,w,17,34.89,25,210.89,164,-46.89,0
e2-blocking-100,binary,100,bot_155,4049,w,19,24.17,25,213.33,159,-54.33,0
e2-blocking-100,binary,100,bot_155,4049,w,21,22.25,25,195.04,135,-60.04,0
e2-blocking-100,binary,100,bot_155,4049,w,23,123.48,25,207.22,144,-63.22,0
e2-blocking-100,binary,100,bot_155,4049,w,25,94.36,25,144.74,166,21.26,0
e2-blocking-100,binary,100,bot_155,4049,w,27,74.8,25,147.67,153,5.33,0
e2-blocking-100,binary,100,bot_155,4049,w,29,49.41,25,150.27,153,2.73,0
e2-blocking-100,binary,100,bot_155,4049,w,31,52.64,25,147.68,133,-14.68,0
e2-blocking-100,binary,100,bot_155,4049,w,33,51.88,25,149.6,127,-22.6,0
e2-blocking-100,binary,100,bot_155,4049,w,35,34.07,25,155.36,131,-24.36,0
e2-blocking-100,binary,100,bot_155,4049,w,37,22.54,25,163.02,126,-37.02,0
e2-blocking-100,binary,100,bot_155,4049,w,39,16.14,25,153.17,111,-42.17,0
e2-blocking-100,binary,100,bot_155,4049,w,41,12.74,25,139.5,91,-48.5,0
e2-blocking-100,binary,100,bot_155,4049,w,43,73.1,25,80.36,104,23.64,0
e2-blocking-100,binary,100,bot_155,4049,w,45,64.52,25,79.21,81,1.79,0
e2-blocking-100,binary,100,bot_155,4049,w,47,52.66,25,91.07,86,-5.07,0
e2-blocking-100,binary,100,bot_155,4049,w,49,32.84,25,109.61,88,-21.61,0
e2-blocking-100,binary,100,bot_155,4049,w,51,19.27,25,114.83,79,-35.83,0
e2-blocking-100,binary,100,bot_155,4049,w,53,13.8,25,113.21,66,-47.21,0
e2-blocking-100,binary,100,bot_155,4049,w,55,14.3,25,117.18,82,-35.18,0
e2-blocking-100,binary,100,bot_155,4049,w,57,50.35,25,79.39,74,-5.39,0
e2-blocking-100,binary,100,bot_155,4049,w,59,21.42,25,127.27,85,-42.27,0
e2-blocking-100,binary,100,bot_156,4049,b,2,136.11,25,147.76,240,92.24,0
e2-blocking-100,binary,100,bot_156,4049,b,4,132.03,25,139.47,220,80.53,0
e2-blocking-100,binary,100,bot_156,4049,b,6,82.46,25,176.95,268,91.05,0
e2-blocking-100,binary,100,bot_156,4049,b,8,76.16,25,213.19,252,38.81,0
e2-blocking-100,binary,100,bot_156,4049,b,10,68.97,25,179.35,207,27.65,0
e2-blocking-100,binary,100,bot_156,4049,b,12,55.93,25,175.34,190,14.66,0
e2-blocking-100,binary,100,bot_156,4049,b,14,39.01,25,190.02,194,3.98,0
e2-blocking-100,binary,100,bot_156,4049,b,16,31.97,25,198.27,177,-21.27,0
e2-blocking-100,binary,100,bot_156,4049,b,18,25.4,25,207.93,183,-24.93,0
e2-blocking-100,binary,100,bot_156,4049,b,20,20.56,25,196.2,161,-35.2,0
e2-blocking-100,binary,100,bot_156,4049,b,22,16.51,25,217.1,181,-36.1,0
e2-blocking-100,binary,100,bot_156,4049,b,24,85.27,25,125.54,190,64.46,0
e2-blocking-100,binary,100,bot_156,4049,b,26,68.59,25,135.46,183,47.54,0
e2-blocking-100,binary,100,bot_156,4049,b,28,65.03,25,144.89,172,27.11,0
e2-blocking-100,binary,100,bot_156,4049,b,30,48.49,25,144.18,146,1.82,0
e2-blocking-100,binary,100,bot_156,4049,b,32,40.56,25,134.66,141,6.34,0
e2-blocking-100,binary,100,bot_156,4049,b,34,39.01,25,143.24,149,5.76,0
e2-blocking-100,binary,100,bot_156,4049,b,36,25.73,25,141.19,129,-12.19,0
e2-blocking-100,binary,100,bot_156,4049,b,38,20.94,25,161.45,137,-24.45,0
e2-blocking-100,binary,100,bot_156,4049,b,40,15.19,25,187.39,157,-30.39,0
e2-blocking-100,binary,100,bot_156,4049,b,42,87.3,25,146.13,112,-34.13,0
e2-blocking-100,binary,100,bot_156,4049,b,44,65.28,25,81.66,109,27.34,0
e2-blocking-100,binary,100,bot_156,4049,b,46,58.63,25,82.2,101,18.8,0
e2-blocking-100,binary,100,bot_156,4049,b,48,40.89,25,99.17,105,5.83,0
e2-blocking-100,binary,100,bot_156,4049,b,50,26.54,25,94.77,81,-13.77,0
e2-blocking-100,binary,100,bot_156,4049,b,52,16.16,25,104.75,76,-28.75,0
e2-blocking-100,binary,100,bot_156,4049,b,54,12.51,25,91.47,58,-33.47,0
e2-blocking-100,binary,100,bot_156,4049,b,56,42.84,25,92.7,71,-21.7,0
e2-blocking-100,binary,100,bot_156,4049,b,58,5.11,25,58.91,75,16.09,0
e2-blocking-100,binary,100,bot_156,4049,b,60,20.44,25,90.86,76,-14.86,0
e2-blocking-100,binary,100,bot_157,4050,w,1,139.45,25,145.03,241,95.97,0
e2-blocking-100,binary,100,bot_157,4050,w,3,134.52,25,137.12,209,71.88,0
e2-blocking-100,binary,100,bot_157,4050,w,5,87.98,25,171.41,257,85.59,0
e2-blocking-100,binary,100,bot_157,4050,w,7,81.92,25,207.35,242,34.65,0
e2-blocking-100,binary,100,bot_157,4050,w,9,71.35,25,176.48,202,25.52,0
e2-blocking-100,binary,100,bot_157,4050,w,11,60.64,25,170.86,183,12.14,0
e2-blocking-100,binary,100,bot_157,4050,w,13,42.01,25,187.38,188,0.62,0
e2-blocking-100,binary,100,bot_157,4050,w,15,33.89,25,197.07,169,-28.07,0
e2-blocking-100,binary,100,bot_157,4050,w,17,27.62,25,205.9,175,-30.9,0
e2-blocking-100,binary,100,bot_157,4050,w,19,22.83,25,193.97,152,-41.97,0
e2-blocking-100,binary,100,bot_157,4050,w,21,18.33,25,215.33,173,-42.33,0
e2-blocking-100,binary,100,bot_157,4050,w,23,102.29,25,217.89,168,-49.89,0
e2-blocking-100,binary,100,bot_157,4050,w,25,71.27,25,132.82,177,44.18,0
e2-blocking-100,binary,100,bot_157,4050,w,27,67.6,25,141.59,166,24.41,0
e2-blocking-100,binary,100,bot_157,4050,w,29,51.29,25,141.4,141,-0.4,0
e2-blocking-100,binary,100,bot_157,4050,w,31,45,25,130.14,133,2.86,0
e2-blocking-100,binary,100,bot_157,4050,w,33,43.42,25,138.47,141,2.53,0
e2-blocking-100,binary,100,bot_157,4050,w,35,30.34,25,136.63,121,-15.62,0
e2-blocking-100,binary,100,bot_157,4050,w,37,27.74,25,154.51,126,-28.51,0
e2-blocking-100,binary,100,bot_157,4050,w,39,22.23,25,179.8,145,-34.8,0
e2-blocking-100,binary,100,bot_157,4050,w,41,16.45,25,137.56,99,-38.56,0
e2-blocking-100,binary,100,bot_157,4050,w,43,71.63,25,75.07,104,28.93,0
e2-blocking-100,binary,100,bot_157,4050,w,45,65.45,25,75.58,89,13.42,0
e2-blocking-100,binary,100,bot_157,4050,w,47,46.01,25,94.16,97,2.84,0
e2-blocking-100,binary,100,bot_157,4050,w,49,31.06,25,90.45,73,-17.45,0
e2-blocking-100,binary,100,bot_157,4050,w,51,21.05,25,99.55,68,-31.55,0
e2-blocking-100,binary,100,bot_157,4050,w,53,12.21,25,91.5,55,-36.5,0
e2-blocking-100,binary,100,bot_157,4050,w,55,8.6,25,88.28,63,-25.28,0
e2-blocking-100,binary,100,bot_157,4050,w,57,9.77,25,54.46,73,18.54,0
e2-blocking-100,binary,100,bot_157,4050,w,59,26.88,25,83.96,66,-17.96,0
e2-blocking-100,binary,100,bot_158,4050,b,2,144.91,25,150.58,222,71.42,0
e2-blocking-100,binary,100,bot_158,4050,b,4,152.34,25,150.53,217,66.47,0
e2-blocking-100,binary,100,bot_158,4050,b,6,100.9,25,220.24,244,23.76,0
e2-blocking-100,binary,100,bot_158,4050,b,8,92.49,25,225.41,243,17.59,0
e2-blocking-100,binary,100,bot_158,4050,b,10,78.55,25,188.72,196,7.28,0
e2-blocking-100,binary,100,bot_158,4050,b,12,67.17,25,186.39,182,-4.39,0
e2-blocking-100,binary,100,bot_158,4050,b,14,39.13,25,173.87,151,-22.87,0
e2-blocking-100,binary,100,bot_158,4050,b,16,37.21,25,208.93,178,-30.93,0
e2-blocking-100,binary,100,bot_158,4050,b,18,26.36,25,211.13,175,-36.13,0
e2-blocking-100,binary,100,bot_158,4050,b,20,24.45,25,192.79,151,-41.79,0
e2-blocking-100,binary,100,bot_158,4050,b,22,16.73,25,204.32,158,-46.32,0
e2-blocking-100,binary,100,bot_158,4050,b,24,97.86,25,141.25,192,50.75,0
e2-blocking-100,binary,100,bot_158,4050,b,26,77.64,25,144.65,164,19.35,0
e2-blocking-100,binary,100,bot_158,4050,b,28,52.58,25,147.09,164,16.91,0
e2-blocking-100,binary,100,bot_158,4050,b,30,55.97,25,144.35,143,-1.35,0
e2-blocking-100,binary,100,bot_158,4050,b,32,55.13,25,146.49,139,-7.49,0
e2-blocking-100,binary,100,bot_158,4050,b,34,36.73,25,152.77,145,-7.77,0
e2-blocking-100,binary,100,bot_158,4050,b,36,24.85,25,160.93,139,-21.93,0
e2-blocking-100,binary,100,bot_158,4050,b,38,18.54,25,150.88,128,-22.88,0
e2-blocking-100,binary,100,bot_158,4050,b,40,14.39,25,138.13,109,-29.13,0
e2-blocking-100,binary,100,bot_158,4050,b,42,82.63,25,150.12,116,-34.12,0
e2-blocking-100,binary,100,bot_158,4050,b,44,66.6,25,77.27,97,19.73,0
e2-blocking-100,binary,100,bot_158,4050,b,46,55.35,25,88.75,101,12.25,0
e2-blocking-100,binary,100,bot_158,4050,b,48,35.28,25,107.63,101,-6.62,0
e2-blocking-100,binary,100,bot_158,4050,b,50,21.3,25,112.72,92,-20.72,0
e2-blocking-100,binary,100,bot_158,4050,b,52,16.82,25,110.04,79,-31.04,0
e2-blocking-100,binary,100,bot_158,4050,b,54,16.23,25,114.95,87,-27.95,0
e2-blocking-100,binary,100,bot_158,4050,b,56,60.16,25,108.18,77,-31.18,0
e2-blocking-100,binary,100,bot_158,4050,b,58,22.93,25,126.25,96,-30.25,0
e2-blocking-100,binary,100,bot_158,4050,b,60,15.9,25,97.47,85,-12.47,0
e2-blocking-100,binary,100,bot_159,4051,w,1,149.72,25,145.9,216,70.1,0
e2-blocking-100,binary,100,bot_159,4051,w,3,156.78,25,145.67,197,51.33,0
e2-blocking-100,binary,100,bot_159,4051,w,5,105.73,25,215.31,229,13.69,0
e2-blocking-100,binary,100,bot_159,4051,w,7,98.14,25,219.43,229,9.57,0
e2-blocking-100,binary,100,bot_159,4051,w,9,85.95,25,181.31,178,-3.31,0
e2-blocking-100,binary,100,bot_159,4051,w,11,70.08,25,183.76,171,-12.76,0
e2-blocking-100,binary,100,bot_159,4051,w,13,42.3,25,171.19,141,-30.19,0
e2-blocking-100,binary,100,bot_159,4051,w,15,40.18,25,205.54,166,-39.54,0
e2-blocking-100,binary,100,bot_159,4051,w,17,29.66,25,208.06,162,-46.06,0
e2-blocking-100,binary,100,bot_159,4051,w,19,26.29,25,190.73,139,-51.73,0
e2-blocking-100,binary,100,bot_159,4051,w,21,19.58,25,201.41,146,-55.41,0
e2-blocking-100,binary,100,bot_159,4051,w,23,23.32,25,201.58,143,-58.58,0
e2-blocking-100,binary,100,bot_159,4051,w,25,96.01,25,199.05,159,-40.05,0
e2-blocking-100,binary,100,bot_159,4051,w,27,55.4,25,144.81,162,17.19,0
e2-blocking-100,binary,100,bot_159,4051,w,29,64.88,25,135.55,135,-0.55,0
e2-blocking-100,binary,100,bot_159,4051,w,31,64.16,25,137.69,125,-12.69,0
e2-blocking-100,binary,100,bot_159,4051,w,33,44.76,25,144.61,135,-9.61,0
e2-blocking-100,binary,100,bot_159,4051,w,35,31.98,25,153.54,131,-22.54,0
e2-blocking-100,binary,100,bot_159,4051,w,37,24.42,25,144.97,119,-25.97,0
e2-blocking-100,binary,100,bot_159,4051,w,39,18.43,25,133.69,104,-29.69,0
e2-blocking-100,binary,100,bot_159,4051,w,41,12.16,25,145.94,111,-34.94,0
e2-blocking-100,binary,100,bot_159,4051,w,43,74.09,25,143.23,94,-49.23,0
e2-blocking-100,binary,100,bot_159,4051,w,45,59.4,25,85.54,99,13.46,0
e2-blocking-100,binary,100,bot_159,4051,w,47,41.95,25,100.59,97,-3.59,0
e2-blocking-100,binary,100,bot_159,4051,w,49,26.09,25,107.9,86,-21.9,0
e2-blocking-100,binary,100,bot_159,4051,w,51,23.68,25,103.05,73,-30.05,0
e2-blocking-100,binary,100,bot_159,4051,w,53,24.09,25,107.25,77,-30.25,0
e2-blocking-100,binary,100,bot_159,4051,w,55,8.21,25,105.75,76,-29.75,0
e2-blocking-100,binary,100,bot_159,4051,w,57,36.46,25,125.39,88,-37.39,0
e2-blocking-100,binary,100,bot_159,4051,w,59,23.55,25,89.61,77,-12.61,0
e2-blocking-100,binary,100,bot_160,4051,b,2,135.77,25,136.05,220,83.95,0
e2-blocking-100,binary,100,bot_160,4051,b,4,89.76,25,170.32,266,95.68,0
e2-blocking-100,binary,100,bot_160,4051,b,6,84.24,25,204.94,250,45.06,0
e2-blocking-100,binary,100,bot_160,4051,b,8,73,25,175.06,212,36.94,0
e2-blocking-100,binary,100,bot_160,4051,b,10,63.9,25,168.29,193,24.71,0
e2-blocking-100,binary,100,bot_160,4051,b,12,44.54,25,184.68,192,7.32,0
e2-blocking-100,binary,100,bot_160,4051,b,14,36.76,25,193.67,175,-18.67,0
e2-blocking-100,binary,100,bot_160,4051,b,16,31.05,25,202.48,180,-22.48,0
e2-blocking-100,binary,100,bot_160,4051,b,18,24.73,25,191.91,160,-31.91,0
e2-blocking-100,binary,100,bot_160,4051,b,20,20.55,25,213.15,179,-34.15,0
e2-blocking-100,binary,100,bot_160,4051,b,22,17.08,25,215.52,173,-42.52,0
e2-blocking-100,binary,100,bot_160,4051,b,24,18.88,25,212.84,187,-25.84,0
e2-blocking-100,binary,100,bot_160,4051,b,26,76.45,25,132.02,178,45.98,0
e2-blocking-100,binary,100,bot_160,4051,b,28,59.58,25,132.54,138,5.46,0
e2-blocking-100,binary,100,bot_160,4051,b,30,47.54,25,127.83,143,15.17,0
e2-blocking-100,binary,100,bot_160,4051,b,32,49.89,25,131.95,146,14.05,0
e2-blocking-100,binary,100,bot_160,4051,b,34,36.96,25,129.87,125,-4.87,0
e2-blocking-100,binary,100,bot_160,4051,b,36,34.42,25,147.49,130,-17.49,0
e2-blocking-100,binary,100,bot_160,4051,b,38,30.25,25,171.98,148,-23.98,0
e2-blocking-100,binary,100,bot_160,4051,b,40,23.84,25,129.91,98,-31.91,0
e2-blocking-100,binary,100,bot_160,4051,b,42,11.56,25,136.19,99,-37.19,0
e2-blocking-100,binary,100,bot_160,4051,b,44,74.12,25,66.05,91,24.95,0
e2-blocking-100,binary,100,bot_160,4051,b,46,56.05,25,84,94,10,0
e2-blocking-100,binary,100,bot_160,4051,b,48,38.18,25,83.21,76,-7.21,0
e2-blocking-100,binary,100,bot_160,4051,b,50,28.17,25,92.4,69,-23.4,0
e2-blocking-100,binary,100,bot_160,4051,b,52,15.35,25,88.55,62,-26.55,0
e2-blocking-100,binary,100,bot_160,4051,b,54,15.54,25,81.33,67,-14.33,0
e2-blocking-100,binary,100,bot_160,4051,b,56,8.39,25,97.52,67,-30.52,0
e2-blocking-100,binary,100,bot_160,4051,b,58,32.65,25,78.6,77,-1.6,0
e2-blocking-100,binary,100,bot_160,4051,b,60,28.55,25,75.67,61,-14.67,0
e2-blocking-100,binary,100,bot_161,4052,w,1,136.51,25,135.52,226,90.48,0
e2-blocking-100,binary,100,bot_161,4052,w,3,94.74,25,165.95,260,94.05,0
e2-blocking-100,binary,100,bot_161,4052,w,5,89.8,25,199.6,242,42.4,0
e2-blocking-100,binary,100,bot_161,4052,w,7,77.26,25,171.04,207,35.96,0
e2-blocking-100,binary,100,bot_161,4052,w,9,68.33,25,163.9,187,23.1,0
e2-blocking-100,binary,100,bot_161,4052,w,11,47.01,25,182.42,186,3.58,0
e2-blocking-100,binary,100,bot_161,4052,w,13,40.96,25,189.31,163,-26.31,0
e2-blocking-100,binary,100,bot_161,4052,w,15,34.04,25,199.44,172,-27.44,0
e2-blocking-100,binary,100,bot_161,4052,w,17,28.15,25,188.51,150,-38.51,0
e2-blocking-100,binary,100,bot_161,4052,w,19,23.57,25,210.2,169,-41.2,0
e2-blocking-100,binary,100,bot_161,4052,w,21,22,25,210.64,164,-46.64,0
e2-blocking-100,binary,100,bot_161,4052,w,23,88.08,25,216.72,186,-30.72,0
e2-blocking-100,binary,100,bot_161,4052,w,25,70.58,25,138.59,162,23.41,0
e2-blocking-100,binary,100,bot_161,4052,w,27,54.9,25,137.69,137,-0.69,0
e2-blocking-100,binary,100,bot_161,4052,w,29,47.13,25,127.85,131,3.15,0
e2-blocking-100,binary,100,bot_161,4052,w,31,45.71,25,135.91,137,1.09,0
e2-blocking-100,binary,100,bot_161,4052,w,33,32.4,25,134.4,118,-16.4,0
e2-blocking-100,binary,100,bot_161,4052,w,35,29.51,25,152.6,124,-28.6,0
e2-blocking-100,binary,100,bot_161,4052,w,37,24.3,25,177.71,145,-32.71,0
e2-blocking-100,binary,100,bot_161,4052,w,39,18.07,25,135.91,95,-40.91,0
e2-blocking-100,binary,100,bot_161,4052,w,41,80.67,25,140.5,94,-46.5,0
e2-blocking-100,binary,100,bot_161,4052,w,43,68.16,25,72.38,84,11.62,0
e2-blocking-100,binary,100,bot_161,4052,w,45,48.63,25,91.73,93,1.27,0
e2-blocking-100,binary,100,bot_161,4052,w,47,33.7,25,87.85,70,-17.85,0
e2-blocking-100,binary,100,bot_161,4052,w,49,23.44,25,97.17,65,-32.17,0
e2-blocking-100,binary,100,bot_161,4052,w,51,14.08,25,89.81,54,-35.81,0
e2-blocking-100,binary,100,bot_161,4052,w,53,12.99,25,83.65,61,-22.65,0
e2-blocking-100,binary,100,bot_161,4052,w,55,18.78,25,98.79,65,-33.79,0
e2-blocking-100,binary,100,bot_161,4052,w,57,29.89,25,81,63,-18,0
e2-blocking-100,binary,100,bot_161,4052,w,59,26.49,25,78.23,54,-24.23,0
e2-blocking-100,binary,100,bot_162,4052,b,2,162.61,25,139.26,212,72.74,0
e2-blocking-100,binary,100,bot_162,4052,b,4,112,25,208.92,243,34.08,0
e2-blocking-100,binary,100,bot_162,4052,b,6,105.26,25,212.82,241,28.18,0
e2-blocking-100,binary,100,bot_162,4052,b,8,92.89,25,173.97,191,17.03,0
e2-blocking-100,binary,100,bot_162,4052,b,10,72.59,25,181.41,188,6.59,0
e2-blocking-100,binary,100,bot_162,4052,b,12,43.85,25,169.94,157,-12.94,0
e2-blocking-100,binary,100,bot_162,4052,b,14,42.93,25,203.05,183,-20.05,0
e2-blocking-100,binary,100,bot_162,4052,b,16,32.2,25,205.11,179,-26.11,0
e2-blocking-100,binary,100,bot_162,4052,b,18,28,25,189.48,157,-32.48,0
e2-blocking-100,binary,100,bot_162,4052,b,20,23.12,25,198.11,161,-37.11,0
e2-blocking-100,binary,100,bot_162,4052,b,22,24.98,25,201.51,162,-39.51,0
e2-blocking-100,binary,100,bot_162,4052,b,24,79.73,25,142.38,183,40.63,0
e2-blocking-100,binary,100,bot_162,4052,b,26,55.43,25,144.89,167,22.11,0
e2-blocking-100,binary,100,bot_162,4052,b,28,59.12,25,141.38,146,4.62,0
e2-blocking-100,binary,100,bot_162,4052,b,30,57.98,25,143.6,143,-0.6,0
e2-blocking-100,binary,100,bot_162,4052,b,32,39.72,25,149.79,147,-2.79,0
e2-blocking-100,binary,100,bot_162,4052,b,34,28.44,25,157.09,141,-16.09,0
e2-blocking-100,binary,100,bot_162,4052,b,36,21.7,25,147.53,129,-18.53,0
e2-blocking-100,binary,100,bot_162,4052,b,38,15.89,25,136.5,112,-24.5,0
e2-blocking-100,binary,100,bot_162,4052,b,40,9.62,25,148.52,117,-31.52,0
e2-blocking-100,binary,100,bot_162,4052,b,42,67.53,25,76.17,108,31.83,0
e2-blocking-100,binary,100,bot_162,4052,b,44,57.36,25,86.75,106,19.25,0
e2-blocking-100,binary,100,bot_162,4052,b,46,38.19,25,104.77,105,0.23,0
e2-blocking-100,binary,100,bot_162,4052,b,48,24.31,25,109.87,95,-14.87,0
e2-blocking-100,binary,100,bot_162,4052,b,50,20.9,25,105.7,80,-25.7,0
e2-blocking-100,binary,100,bot_162,4052,b,52,20.33,25,111.08,88,-23.08,0
e2-blocking-100,binary,100,bot_162,4052,b,54,7.68,25,106.05,83,-23.05,0
e2-blocking-100,binary,100,bot_162,4052,b,56,25.05,25,124.17,106,-18.17,0
e2-blocking-100,binary,100,bot_162,4052,b,58,18.9,25,93.98,88,-5.98,0
e2-blocking-100,binary,100,bot_162,4052,b,60,22.07,25,84.24,75,-9.24,0
e2-blocking-100,binary,100,bot_163,4053,w,1,163.41,25,138.58,204,65.42,0
e2-blocking-100,binary,100,bot_163,4053,w,3,112.95,25,207.87,227,19.13,0
e2-blocking-100,binary,100,bot_163,4053,w,5,106.42,25,211.66,227,15.34,0
e2-blocking-100,binary,100,bot_163,4053,w,7,94.03,25,172.93,177,4.07,0
e2-blocking-100,binary,100,bot_163,4053,w,9,73.73,25,179.43,173,-6.43,0
e2-blocking-100,binary,100,bot_163,4053,w,11,45.91,25,168.04,142,-26.04,0
e2-blocking-100,binary,100,bot_163,4053,w,13,46.05,25,199.74,166,-33.74,0
e2-blocking-100,binary,100,bot_163,4053,w,15,33.16,25,204.38,167,-37.38,0
e2-blocking-100,binary,100,bot_163,4053,w,17,28.92,25,188.68,143,-45.68,0
e2-blocking-100,binary,100,bot_163,4053,w,19,24.96,25,196.33,147,-49.33,0
e2-blocking-100,binary,100,bot_163,4053,w,21,23.05,25,199.95,149,-50.95,0
e2-blocking-100,binary,100,bot_163,4053,w,23,20.62,25,193.12,155,-38.12,0
e2-blocking-100,binary,100,bot_163,4053,w,25,58.33,25,142.04,176,33.96,0
e2-blocking-100,binary,100,bot_163,4053,w,27,69.61,25,130.75,130,-0.75,0
e2-blocking-100,binary,100,bot_163,4053,w,29,68.94,25,132.95,122,-10.95,0
e2-blocking-100,binary,100,bot_163,4053,w,31,49.21,25,139.87,132,-7.87,0
e2-blocking-100,binary,100,bot_163,4053,w,33,35.65,25,149.82,129,-20.82,0
e2-blocking-100,binary,100,bot_163,4053,w,35,27.78,25,141.54,118,-23.54,0
e2-blocking-100,binary,100,bot_163,4053,w,37,21.53,25,130.5,103,-27.5,0
e2-blocking-100,binary,100,bot_163,4053,w,39,16.13,25,142.08,108,-34.08,0
e2-blocking-100,binary,100,bot_163,4053,w,41,8.98,25,139.92,93,-46.92,0
e2-blocking-100,binary,100,bot_163,4053,w,43,60.83,25,83.42,106,22.58,0
e2-blocking-100,binary,100,bot_163,4053,w,45,48.07,25,94.33,92,-2.33,0
e2-blocking-100,binary,100,bot_163,4053,w,47,32.13,25,102.11,82,-20.11,0
e2-blocking-100,binary,100,bot_163,4053,w,49,27.63,25,98.72,69,-29.72,0
e2-blocking-100,binary,100,bot_163,4053,w,51,29.59,25,101.7,72,-29.7,0
e2-blocking-100,binary,100,bot_163,4053,w,53,13.49,25,99.57,70,-29.57,0
e2-blocking-100,binary,100,bot_163,4053,w,55,12.81,25,119.65,83,-36.65,0
e2-blocking-100,binary,100,bot_163,4053,w,57,29.06,25,83.81,77,-6.81,0
e2-blocking-100,binary,100,bot_163,4053,w,59,25.99,25,81.45,66,-15.45,0
e2-blocking-100,binary,100,bot_164,4053,b,2,96.01,25,164.61,271,106.39,0
e2-blocking-100,binary,100,bot_164,4053,b,4,91.2,25,198.05,253,54.95,0
e2-blocking-100,binary,100,bot_164,4053,b,6,78.79,25,169.63,219,49.37,0
e2-blocking-100,binary,100,bot_164,4053,b,8,69.56,25,162.52,199,36.48,0
e2-blocking-100,binary,100,bot_164,4053,b,10,48.76,25,181.54,198,16.46,0
e2-blocking-100,binary,100,bot_164,4053,b,12,42.53,25,187.48,175,-12.48,0
e2-blocking-100,binary,100,bot_164,4053,b,14,37.21,25,196.26,184,-12.26,0
e2-blocking-100,binary,100,bot_164,4053,b,16,30.79,25,185.85,160,-25.85,0
e2-blocking-100,binary,100,bot_164,4053,b,18,26.17,25,207.57,179,-28.57,0
e2-blocking-100,binary,100,bot_164,4053,b,20,25.18,25,207.65,174,-33.65,0
e2-blocking-100,binary,100,bot_164,4053,b,22,21.66,25,212.56,190,-22.56,0
e2-blocking-100,binary,100,bot_164,4053,b,24,93.6,25,196.18,170,-26.18,0
e2-blocking-100,binary,100,bot_164,4053,b,26,60.93,25,131.36,145,13.64,0
e2-blocking-100,binary,100,bot_164,4053,b,28,49.18,25,126.56,150,23.44,0
e2-blocking-100,binary,100,bot_164,4053,b,30,50.68,25,130.73,154,23.27,0
e2-blocking-100,binary,100,bot_164,4053,b,32,39.39,25,127.32,130,2.68,0
e2-blocking-100,binary,100,bot_164,4053,b,34,36.23,25,145.87,135,-10.87,0
e2-blocking-100,binary,100,bot_164,4053,b,36,32.16,25,170.3,154,-16.3,0
e2-blocking-100,binary,100,bot_164,4053,b,38,24.66,25,129.11,105,-24.11,0
e2-blocking-100,binary,100,bot_164,4053,b,40,13.38,25,134.48,104,-30.48,0
e2-blocking-100,binary,100,bot_164,4053,b,42,82.49,25,126.29,89,-37.29,0
e2-blocking-100,binary,100,bot_164,4053,b,44,57.76,25,82.61,98,15.39,0
e2-blocking-100,binary,100,bot_164,4053,b,46,40.09,25,81.62,84,2.38,0
e2-blocking-100,binary,100,bot_164,4053,b,48,29,25,91.84,77,-14.84,0
e2-blocking-100,binary,100,bot_164,4053,b,50,16.11,25,87.64,69,-18.64,0
e2-blocking-100,binary,100,bot_164,4053,b,52,16.36,25,80.8,74,-6.8,0
e2-blocking-100,binary,100,bot_164,4053,b,54,8.54,25,97.23,76,-21.23,0
e2-blocking-100,binary,100,bot_164,4053,b,56,38.52,25,102.29,78,-24.29,0
e2-blocking-100,binary,100,bot_164,4053,b,58,31.57,25,72.67,66,-6.67,0
e2-blocking-100,binary,100,bot_164,4053,b,60,19.99,25,79.06,69,-10.06,0
e2-blocking-100,binary,100,bot_165,4054,w,1,106.51,25,155.03,266,110.97,0
e2-blocking-100,binary,100,bot_165,4054,w,3,98.53,25,190.56,239,48.44,0
e2-blocking-100,binary,100,bot_165,4054,w,5,80.41,25,167.94,209,41.06,0
e2-blocking-100,binary,100,bot_165,4054,w,7,70.62,25,161.59,187,25.41,0
e2-blocking-100,binary,100,bot_165,4054,w,9,50.03,25,180.06,187,6.94,0
e2-blocking-100,binary,100,bot_165,4054,w,11,43.41,25,186.54,167,-19.54,0
e2-blocking-100,binary,100,bot_165,4054,w,13,40.07,25,193.47,174,-19.47,0
e2-blocking-100,binary,100,bot_165,4054,w,15,34.03,25,182.54,148,-34.54,0
e2-blocking-100,binary,100,bot_165,4054,w,17,29.48,25,204.02,166,-38.02,0
e2-blocking-100,binary,100,bot_165,4054,w,19,28.9,25,203.5,163,-40.5,0
e2-blocking-100,binary,100,bot_165,4054,w,21,25.63,25,211.26,183,-28.26,0
e2-blocking-100,binary,100,bot_165,4054,w,23,20.33,25,190.68,160,-30.68,0
e2-blocking-100,binary,100,bot_165,4054,w,25,65.85,25,125.84,147,21.16,0
e2-blocking-100,binary,100,bot_165,4054,w,27,52.79,25,122.86,144,21.14,0
e2-blocking-100,binary,100,bot_165,4054,w,29,54.47,25,126.78,146,19.22,0
e2-blocking-100,binary,100,bot_165,4054,w,31,44.28,25,122.32,118,-4.32,0
e2-blocking-100,binary,100,bot_165,4054,w,33,42.07,25,139.75,124,-15.75,0
e2-blocking-100,binary,100,bot_165,4054,w,35,36.12,25,166.62,145,-21.62,0
e2-blocking-100,binary,100,bot_165,4054,w,37,26.53,25,127.33,99,-28.33,0
e2-blocking-100,binary,100,bot_165,4054,w,39,15.37,25,132.47,98,-34.47,0
e2-blocking-100,binary,100,bot_165,4054,w,41,9.75,25,124.02,82,-42.02,0
e2-blocking-100,binary,100,bot_165,4054,w,43,60.83,25,79.79,94,14.21,0
e2-blocking-100,binary,100,bot_165,4054,w,45,41.51,25,80.26,79,-1.26,0
e2-blocking-100,binary,100,bot_165,4054,w,47,31.48,25,89.6,72,-17.6,0
e2-blocking-100,binary,100,bot_165,4054,w,49,17.37,25,86.34,63,-23.34,0
e2-blocking-100,binary,100,bot_165,4054,w,51,18.72,25,78.63,71,-7.63,0
e2-blocking-100,binary,100,bot_165,4054,w,53,10.29,25,95.73,73,-22.73,0
e2-blocking-100,binary,100,bot_165,4054,w,55,9.86,25,98.54,74,-24.54,0
e2-blocking-100,binary,100,bot_165,4054,w,57,35.4,25,68.83,68,-0.83,0
e2-blocking-100,binary,100,bot_165,4054,w,59,27.48,25,71.25,60,-11.25,0
e2-blocking-100,binary,100,bot_166,4054,b,2,117.27,25,203.93,253,49.07,0
e2-blocking-100,binary,100,bot_166,4054,b,4,110.52,25,207.74,248,40.26,0
e2-blocking-100,binary,100,bot_166,4054,b,6,96.38,25,170.56,193,22.44,0
e2-blocking-100,binary,100,bot_166,4054,b,8,75.5,25,177.61,191,13.39,0
e2-blocking-100,binary,100,bot_166,4054,b,10,49.23,25,164.79,157,-7.79,0
e2-blocking-100,binary,100,bot_166,4054,b,12,49.5,25,196.36,182,-14.36,0
e2-blocking-100,binary,100,bot_166,4054,b,14,35.18,25,202.35,185,-17.35,0
e2-blocking-100,binary,100,bot_166,4054,b,16,31.41,25,185.77,162,-23.77,0
e2-blocking-100,binary,100,bot_166,4054,b,18,28.83,25,192.23,163,-29.23,0
e2-blocking-100,binary,100,bot_166,4054,b,20,25.1,25,196.11,167,-29.11,0
e2-blocking-100,binary,100,bot_166,4054,b,22,24.36,25,189.89,169,-20.89,0
e2-blocking-100,binary,100,bot_166,4054,b,24,74.97,25,204.95,178,-26.95,0
e2-blocking-100,binary,100,bot_166,4054,b,26,73.96,25,126.86,146,19.14,0
e2-blocking-100,binary,100,bot_166,4054,b,28,73.77,25,128.18,135,6.82,0
e2-blocking-100,binary,100,bot_166,4054,b,30,49.6,25,139.66,149,9.34,0
e2-blocking-100,binary,100,bot_166,4054,b,32,39.19,25,146.12,145,-1.12,0
e2-blocking-100,binary,100,bot_166,4054,b,34,31.79,25,137.84,133,-4.84,0
e2-blocking-100,binary,100,bot_166,4054,b,36,25.3,25,126.59,117,-9.59,0
e2-blocking-100,binary,100,bot_166,4054,b,38,19.47,25,138.93,119,-19.93,0
e2-blocking-100,binary,100,bot_166,4054,b,40,12.42,25,136.59,105,-31.59,0
e2-blocking-100,binary,100,bot_166,4054,b,42,67.89,25,151.13,115,-36.13,0
e2-blocking-100,binary,100,bot_166,4054,b,44,51.84,25,90.98,105,14.02,0
e2-blocking-100,binary,100,bot_166,4054,b,46,36.51,25,97.49,93,-4.49,0
e2-blocking-100,binary,100,bot_166,4054,b,48,30.56,25,95.8,82,-13.8,0
e2-blocking-100,binary,100,bot_166,4054,b,50,33.61,25,98.02,80,-18.02,0
e2-blocking-100,binary,100,bot_166,4054,b,52,17.82,25,95.31,80,-15.31,0
e2-blocking-100,binary,100,bot_166,4054,b,54,16.06,25,116.18,92,-24.18,0
e2-blocking-100,binary,100,bot_166,4054,b,56,40.75,25,104.51,81,-23.51,0
e2-blocking-100,binary,100,bot_166,4054,b,58,28.73,25,78.61,78,-0.61,0
e2-blocking-100,binary,100,bot_166,4054,b,60,12.54,25,83.39,74,-9.39,0
e2-blocking-100,binary,100,bot_167,4055,w,1,121.53,25,199.96,268,68.04,0
e2-blocking-100,binary,100,bot_167,4055,w,3,113.11,25,205.2,261,55.8,0
e2-blocking-100,binary,100,bot_167,4055,w,5,97.6,25,169.78,203,33.22,0
e2-blocking-100,binary,100,bot_167,4055,w,7,77.12,25,176.34,199,22.66,0
e2-blocking-100,binary,100,bot_167,4055,w,9,49.93,25,164.22,166,1.78,0
e2-blocking-100,binary,100,bot_167,4055,w,11,50.48,25,195.4,190,-5.4,0
e2-blocking-100,binary,100,bot_167,4055,w,13,36.37,25,201.13,194,-7.13,0
e2-blocking-100,binary,100,bot_167,4055,w,15,33.9,25,183.46,170,-13.46,0
e2-blocking-100,binary,100,bot_167,4055,w,17,31.26,25,190.24,174,-16.24,0
e2-blocking-100,binary,100,bot_167,4055,w,19,27.36,25,193.47,175,-18.47,0
e2-blocking-100,binary,100,bot_167,4055,w,21,26.04,25,188.07,178,-10.07,0
e2-blocking-100,binary,100,bot_167,4055,w,23,15.66,25,202.95,188,-14.95,0
e2-blocking-100,binary,100,bot_167,4055,w,25,74.99,25,126.28,170,43.72,0
e2-blocking-100,binary,100,bot_167,4055,w,27,77.47,25,124.63,141,16.37,0
e2-blocking-100,binary,100,bot_167,4055,w,29,52.96,25,136.58,156,19.42,0
e2-blocking-100,binary,100,bot_167,4055,w,31,42.31,25,143.3,153,9.7,0
e2-blocking-100,binary,100,bot_167,4055,w,33,35.12,25,134.8,142,7.2,0
e2-blocking-100,binary,100,bot_167,4055,w,35,28.14,25,123.66,123,-0.66,0
e2-blocking-100,binary,100,bot_167,4055,w,37,22.2,25,136.07,125,-11.07,0
e2-blocking-100,binary,100,bot_167,4055,w,39,15.08,25,134.12,115,-19.12,0
e2-blocking-100,binary,100,bot_167,4055,w,41,10.22,25,148.2,122,-26.2,0
e2-blocking-100,binary,100,bot_167,4055,w,43,54.9,25,87.53,120,32.47,0
e2-blocking-100,binary,100,bot_167,4055,w,45,39.19,25,94.94,101,6.06,0
e2-blocking-100,binary,100,bot_167,4055,w,47,33.93,25,92.7,91,-1.7,0
e2-blocking-100,binary,100,bot_167,4055,w,49,36.32,25,95.06,85,-10.06,0
e2-blocking-100,binary,100,bot_167,4055,w,51,20.12,25,92.76,85,-7.76,0
e2-blocking-100,binary,100,bot_167,4055,w,53,18.93,25,113.5,96,-17.5,0
e2-blocking-100,binary,100,bot_167,4055,w,55,9.84,25,101.6,89,-12.6,0
e2-blocking-100,binary,100,bot_167,4055,w,57,32.58,25,75.59,86,10.41,0
e2-blocking-100,binary,100,bot_167,4055,w,59,15.14,25,80.81,84,3.19,0
e2-blocking-100,binary,100,bot_168,4055,b,2,105.46,25,183.52,234,50.48,0
e2-blocking-100,binary,100,bot_168,4055,b,4,83.43,25,165.07,207,41.93,0
e2-blocking-100,binary,100,bot_168,4055,b,6,73.41,25,158.77,185,26.23,0
e2-blocking-100,binary,100,bot_168,4055,b,8,52.76,25,177.49,184,6.51,0
e2-blocking-100,binary,100,bot_168,4055,b,10,45.29,25,184.56,164,-20.56,0
e2-blocking-100,binary,100,bot_168,4055,b,12,43.31,25,190.67,169,-21.67,0
e2-blocking-100,binary,100,bot_168,4055,b,14,37.89,25,178.66,144,-34.66,0
e2-blocking-100,binary,100,bot_168,4055,b,16,33.77,25,199.91,163,-36.91,0
e2-blocking-100,binary,100,bot_168,4055,b,18,32.53,25,200.06,160,-40.06,0
e2-blocking-100,binary,100,bot_168,4055,b,20,30.78,25,205.86,179,-26.86,0
e2-blocking-100,binary,100,bot_168,4055,b,22,24.86,25,185.69,157,-28.69,0
e2-blocking-100,binary,100,bot_168,4055,b,24,83.98,25,168.78,129,-39.78,0
e2-blocking-100,binary,100,bot_168,4055,b,26,56.04,25,119.58,140,20.42,0
e2-blocking-100,binary,100,bot_168,4055,b,28,59.29,25,121.8,145,23.2,0
e2-blocking-100,binary,100,bot_168,4055,b,30,49.95,25,117.02,115,-2.02,0
e2-blocking-100,binary,100,bot_168,4055,b,32,46.97,25,135.06,122,-13.06,0
e2-blocking-100,binary,100,bot_168,4055,b,34,40.35,25,162.53,143,-19.53,0
e2-blocking-100,binary,100,bot_168,4055,b,36,28.58,25,124.9,98,-26.9,0
e2-blocking-100,binary,100,bot_168,4055,b,38,20.48,25,127.29,94,-33.29,0
e2-blocking-100,binary,100,bot_168,4055,b,40,13.14,25,120.03,80,-40.03,0
e2-blocking-100,binary,100,bot_168,4055,b,42,72.02,25,128.81,84,-44.81,0
e2-blocking-100,binary,100,bot_168,4055,b,44,46.34,25,75.39,76,0.61,0
e2-blocking-100,binary,100,bot_168,4055,b,46,38,25,82.72,67,-15.72,0
e2-blocking-100,binary,100,bot_168,4055,b,48,19.67,25,83.67,62,-21.67,0
e2-blocking-100,binary,100,bot_168,4055,b,50,22.88,25,73.99,68,-5.99,0
e2-blocking-100,binary,100,bot_168,4055,b,52,13.79,25,92.46,71,-21.46,0
e2-blocking-100,binary,100,bot_168,4055,b,54,18.57,25,89.96,67,-22.96,0
e2-blocking-100,binary,100,bot_168,4055,b,56,41.89,25,95.43,63,-32.43,0
e2-blocking-100,binary,100,bot_168,4055,b,58,34.58,25,63.87,54,-9.87,0
e2-blocking-100,binary,100,bot_168,4055,b,60,8.58,25,74.3,47,-27.3,0
e2-blocking-100,binary,100,bot_169,4056,w,1,108.46,25,181.21,270,88.79,0
e2-blocking-100,binary,100,bot_169,4056,w,3,84.39,25,164.26,223,58.74,0
e2-blocking-100,binary,100,bot_169,4056,w,5,74.47,25,157.8,197,39.2,0
e2-blocking-100,binary,100,bot_169,4056,w,7,53.81,25,176.47,196,19.53,0
e2-blocking-100,binary,100,bot_169,4056,w,9,45.61,25,184.1,177,-7.1,0
e2-blocking-100,binary,100,bot_169,4056,w,11,44.38,25,189.55,182,-7.55,0
e2-blocking-100,binary,100,bot_169,4056,w,13,38.9,25,177.56,154,-23.56,0
e2-blocking-100,binary,100,bot_169,4056,w,15,34.74,25,198.83,176,-22.83,0
e2-blocking-100,binary,100,bot_169,4056,w,17,34.08,25,198.3,173,-25.3,0
e2-blocking-100,binary,100,bot_169,4056,w,19,31.99,25,205.2,188,-17.2,0
e2-blocking-100,binary,100,bot_169,4056,w,21,26.75,25,184.02,166,-18.02,0
e2-blocking-100,binary,100,bot_169,4056,w,23,15.86,25,167.09,138,-29.09,0
e2-blocking-100,binary,100,bot_169,4056,w,25,59.06,25,116.95,161,44.05,0
e2-blocking-100,binary,100,bot_169,4056,w,27,62.64,25,118.2,151,32.8,0
e2-blocking-100,binary,100,bot_169,4056,w,29,53.78,25,112.97,122,9.03,0
e2-blocking-100,binary,100,bot_169,4056,w,31,50,25,131.89,133,1.11,0
e2-blocking-100,binary,100,bot_169,4056,w,33,44.18,25,158.63,151,-7.63,0
e2-blocking-100,binary,100,bot_169,4056,w,35,30.17,25,123.49,108,-15.49,0
e2-blocking-100,binary,100,bot_169,4056,w,37,23.66,25,123.93,103,-20.93,0
e2-blocking-100,binary,100,bot_169,4056,w,39,15.99,25,117.03,89,-28.03,0
e2-blocking-100,binary,100,bot_169,4056,w,41,11.44,25,125.03,92,-33.03,0
e2-blocking-100,binary,100,bot_169,4056,w,43,50.14,25,71.68,90,18.32,0
e2-blocking-100,binary,100,bot_169,4056,w,45,41.71,25,79.01,74,-5.01,0
e2-blocking-100,binary,100,bot_169,4056,w,47,22.39,25,80.85,71,-9.85,0
e2-blocking-100,binary,100,bot_169,4056,w,49,27.58,25,69.58,74,4.42,0
e2-blocking-100,binary,100,bot_169,4056,w,51,16.18,25,90.45,79,-11.45,0
e2-blocking-100,binary,100,bot_169,4056,w,53,22.01,25,86.89,75,-11.89,0
e2-blocking-100,binary,100,bot_169,4056,w,55,5.2,25,93.12,75,-18.12,0
e2-blocking-100,binary,100,bot_169,4056,w,57,36.27,25,63.27,67,3.73,0
e2-blocking-100,binary,100,bot_169,4056,w,59,8.94,25,73.73,58,-15.73,0
e2-blocking-100,binary,100,bot_170,4056,b,2,118.45,25,199.78,223,23.22,0
e2-blocking-100,binary,100,bot_170,4056,b,4,99.56,25,167.74,167,-0.74,0
e2-blocking-100,binary,100,bot_170,4056,b,6,79.26,25,174.12,162,-12.12,0
e2-blocking-100,binary,100,bot_170,4056,b,8,51.17,25,163.16,131,-32.16,0
e2-blocking-100,binary,100,bot_170,4056,b,10,52.94,25,192.42,152,-40.42,0
e2-blocking-100,binary,100,bot_170,4056,b,12,37.76,25,199.41,159,-40.41,0
e2-blocking-100,binary,100,bot_170,4056,b,14,36.54,25,180.28,133,-47.28,0
e2-blocking-100,binary,100,bot_170,4056,b,16,33.9,25,187.15,137,-50.15,0
e2-blocking-100,binary,100,bot_170,4056,b,18,30.13,25,190.77,138,-52.77,0
e2-blocking-100,binary,100,bot_170,4056,b,20,28.46,25,185.56,150,-35.56,0
e2-blocking-100,binary,100,bot_170,4056,b,22,17.78,25,200.74,160,-40.74,0
e2-blocking-100,binary,100,bot_170,4056,b,24,90.85,25,179.78,129,-50.78,0
e2-blocking-100,binary,100,bot_170,4056,b,26,80.71,25,121.35,113,-8.35,0
e2-blocking-100,binary,100,bot_170,4056,b,28,56.6,25,132.95,129,-3.95,0
e2-blocking-100,binary,100,bot_170,4056,b,30,47.33,25,138.1,125,-13.1,0
e2-blocking-100,binary,100,bot_170,4056,b,32,39.02,25,130.48,114,-16.48,0
e2-blocking-100,binary,100,bot_170,4056,b,34,31.58,25,120.28,96,-24.28,0
e2-blocking-100,binary,100,bot_170,4056,b,36,25.17,25,132.91,96,-36.91,0
e2-blocking-100,binary,100,bot_170,4056,b,38,18.41,25,130.95,87,-43.95,0
e2-blocking-100,binary,100,bot_170,4056,b,40,14.02,25,144.66,94,-50.66,0
e2-blocking-100,binary,100,bot_170,4056,b,42,66.23,25,140.74,86,-54.74,0
e2-blocking-100,binary,100,bot_170,4056,b,44,41.96,25,92.17,76,-16.17,0
e2-blocking-100,binary,100,bot_170,4056,b,46,37.1,25,89.13,64,-25.13,0
e2-blocking-100,binary,100,bot_170,4056,b,48,40.23,25,91.63,63,-28.63,0
e2-blocking-100,binary,100,bot_170,4056,b,50,24.52,25,88.54,65,-23.54,0
e2-blocking-100,binary,100,bot_170,4056,b,52,24.16,25,108.2,73,-35.2,0
e2-blocking-100,binary,100,bot_170,4056,b,54,17.26,25,93.88,64,-29.88,0
e2-blocking-100,binary,100,bot_170,4056,b,56,40.53,25,106.2,60,-46.2,0
e2-blocking-100,binary,100,bot_170,4056,b,58,20.59,25,75.3,60,-15.3,0
e2-blocking-100,binary,100,bot_170,4056,b,60,6.96,25,69.09,28,-41.09,0
e2-blocking-100,binary,100,bot_171,4057,w,1,121.04,25,197.67,248,50.33,0
e2-blocking-100,binary,100,bot_171,4057,w,3,100.94,25,167.24,179,11.76,0
e2-blocking-100,binary,100,bot_171,4057,w,5,80.41,25,172.87,175,2.13,0
e2-blocking-100,binary,100,bot_171,4057,w,7,52.46,25,161.88,143,-18.88,0
e2-blocking-100,binary,100,bot_171,4057,w,9,55.01,25,190.28,163,-27.28,0
e2-blocking-100,binary,100,bot_171,4057,w,11,40.74,25,196.64,170,-26.64,0
e2-blocking-100,binary,100,bot_171,4057,w,13,41.97,25,174.59,142,-32.59,0
e2-blocking-100,binary,100,bot_171,4057,w,15,36.85,25,184.23,149,-35.23,0
e2-blocking-100,binary,100,bot_171,4057,w,17,33.01,25,187.45,150,-37.45,0
e2-blocking-100,binary,100,bot_171,4057,w,19,31.54,25,182.38,160,-22.38,0
e2-blocking-100,binary,100,bot_171,4057,w,21,20.88,25,197.55,169,-28.55,0
e2-blocking-100,binary,100,bot_171,4057,w,23,17.97,25,176.54,138,-38.54,0
e2-blocking-100,binary,100,bot_171,4057,w,25,84,25,118.15,137,18.85,0
e2-blocking-100,binary,100,bot_171,4057,w,27,60.01,25,129.34,138,8.66,0
e2-blocking-100,binary,100,bot_171,4057,w,29,49.7,25,135.89,134,-1.89,0
e2-blocking-100,binary,100,bot_171,4057,w,31,41.95,25,127.52,124,-3.52,0
e2-blocking-100,binary,100,bot_171,4057,w,33,31.63,25,120.17,110,-10.17,0
e2-blocking-100,binary,100,bot_171,4057,w,35,28.55,25,129.92,107,-22.92,0
e2-blocking-100,binary,100,bot_171,4057,w,37,22.56,25,126.92,96,-30.92,0
e2-blocking-100,binary,100,bot_171,4057,w,39,17.48,25,141.41,104,-37.41,0
e2-blocking-100,binary,100,bot_171,4057,w,41,12.4,25,136.78,95,-41.78,0
e2-blocking-100,binary,100,bot_171,4057,w,43,45.65,25,87.91,92,4.09,0
e2-blocking-100,binary,100,bot_171,4057,w,45,41.25,25,85.08,73,-12.08,0
e2-blocking-100,binary,100,bot_171,4057,w,47,43.88,25,88.35,69,-19.35,0
e2-blocking-100,binary,100,bot_171,4057,w,49,27.28,25,85.79,74,-11.79,0
e2-blocking-100,binary,100,bot_171,4057,w,51,27.25,25,104.75,81,-23.75,0
e2-blocking-100,binary,100,bot_171,4057,w,53,18.98,25,91.83,73,-18.83,0
e2-blocking-100,binary,100,bot_171,4057,w,55,7.07,25,101.99,67,-34.99,0
e2-blocking-100,binary,100,bot_171,4057,w,57,34.29,25,113.14,74,-39.14,0
e2-blocking-100,binary,100,bot_171,4057,w,59,8.72,25,66.94,35,-31.94,0
e2-blocking-100,binary,100,bot_172,4057,b,2,85.33,25,163.05,202,38.95,0
e2-blocking-100,binary,100,bot_172,4057,b,4,75.62,25,156.46,175,18.54,0
e2-blocking-100,binary,100,bot_172,4057,b,6,55.45,25,174.77,172,-2.77,0
e2-blocking-100,binary,100,bot_172,4057,b,8,46.91,25,182.73,152,-30.73,0
e2-blocking-100,binary,100,bot_172,4057,b,10,47.41,25,186.52,159,-27.52,0
e2-blocking-100,binary,100,bot_172,4057,b,12,41.96,25,174.83,133,-41.83,0
e2-blocking-100,binary,100,bot_172,4057,b,14,38.17,25,196,155,-41,0
e2-blocking-100,binary,100,bot_172,4057,b,16,36.25,25,196.18,150,-46.18,0
e2-blocking-100,binary,100,bot_172,4057,b,18,33.84,25,203.26,173,-30.26,0
e2-blocking-100,binary,100,bot_172,4057,b,20,28.58,25,182.33,151,-31.33,0
e2-blocking-100,binary,100,bot_172,4057,b,22,18.82,25,164.38,121,-43.38,0
e2-blocking-100,binary,100,bot_172,4057,b,24,75.5,25,176.37,131,-45.37,0
e2-blocking-100,binary,100,bot_172,4057,b,26,64.7,25,116.04,135,18.96,0
e2-blocking-100,binary,100,bot_172,4057,b,28,56.01,25,110.77,107,-3.77,0
e2-blocking-100,binary,100,bot_172,4057,b,30,53.06,25,128.81,115,-13.81,0
e2-blocking-100,binary,100,bot_172,4057,b,32,47.25,25,155.73,134,-21.73,0
e2-blocking-100,binary,100,bot_172,4057,b,34,33.88,25,119.75,87,-32.75,0
e2-blocking-100,binary,100,bot_172,4057,b,36,25.86,25,121.98,86,-35.98,0
e2-blocking-100,binary,100,bot_172,4057,b,38,19.14,25,113.91,72,-41.91,0
e2-blocking-100,binary,100,bot_172,4057,b,40,14.49,25,121.71,75,-46.71,0
e2-blocking-100,binary,100,bot_172,4057,b,42,60.19,25,119.45,67,-52.45,0
e2-blocking-100,binary,100,bot_172,4057,b,44,44.67,25,76.17,59,-17.17,0
e2-blocking-100,binary,100,bot_172,4057,b,46,23.81,25,79.33,57,-22.33,0
e2-blocking-100,binary,100,bot_172,4057,b,48,31.96,25,64.96,60,-4.96,0
e2-blocking-100,binary,100,bot_172,4057,b,50,18.66,25,87.96,67,-20.96,0
e2-blocking-100,binary,100,bot_172,4057,b,52,25.3,25,83.46,62,-21.46,0
e2-blocking-100,binary,100,bot_172,4057,b,54,8.27,25,89.66,60,-29.66,0
e2-blocking-100,binary,100,bot_172,4057,b,56,4.34,25,80.41,39,-41.41,0
e2-blocking-100,binary,100,bot_172,4057,b,58,10.96,25,72.17,57,-15.17,0
e2-blocking-100,binary,100,bot_172,4057,b,60,13.38,25,81.34,41,-40.34,0
e2-blocking-100,binary,100,bot_173,4058,w,1,85.77,25,162.83,251,88.17,0
e2-blocking-100,binary,100,bot_173,4058,w,3,77.58,25,154.45,195,40.55,0
e2-blocking-100,binary,100,bot_173,4058,w,5,58.05,25,171.99,191,19.01,0
e2-blocking-100,binary,100,bot_173,4058,w,7,48.08,25,181.31,172,-9.31,0
e2-blocking-100,binary,100,bot_173,4058,w,9,49.63,25,184.25,180,-4.25,0
e2-blocking-100,binary,100,bot_173,4058,w,11,43.97,25,172.68,152,-20.68,0
e2-blocking-100,binary,100,bot_173,4058,w,13,40.85,25,193.82,174,-19.82,0
e2-blocking-100,binary,100,bot_173,4058,w,15,38.6,25,193.98,171,-22.98,0
e2-blocking-100,binary,100,bot_173,4058,w,17,36.26,25,200.83,188,-12.83,0
e2-blocking-100,binary,100,bot_173,4058,w,19,30.01,25,180.8,167,-13.8,0
e2-blocking-100,binary,100,bot_173,4058,w,21,20.76,25,162.31,138,-24.31,0
e2-blocking-100,binary,100,bot_173,4058,w,23,17.38,25,173.6,147,-26.6,0
e2-blocking-100,binary,100,bot_173,4058,w,25,67.58,25,113.4,163,49.6,0
e2-blocking-100,binary,100,bot_173,4058,w,27,58.41,25,108.38,122,13.62,0
e2-blocking-100,binary,100,bot_173,4058,w,29,56.58,25,125.7,129,3.3,0
e2-blocking-100,binary,100,bot_173,4058,w,31,50.07,25,153.12,150,-3.12,0
e2-blocking-100,binary,100,bot_173,4058,w,33,35.14,25,118.87,105,-13.87,0
e2-blocking-100,binary,100,bot_173,4058,w,35,28.55,25,119.15,104,-15.15,0
e2-blocking-100,binary,100,bot_173,4058,w,37,21.63,25,111.43,88,-23.43,0
e2-blocking-100,binary,100,bot_173,4058,w,39,17.42,25,118.64,91,-27.64,0
e2-blocking-100,binary,100,bot_173,4058,w,41,60.66,25,118.94,86,-32.94,0
e2-blocking-100,binary,100,bot_173,4058,w,43,47.3,25,74.87,75,0.13,0
e2-blocking-100,binary,100,bot_173,4058,w,45,26.58,25,76.21,76,-0.21,0
e2-blocking-100,binary,100,bot_173,4058,w,47,6.11,25,62.32,76,13.68,0
e2-blocking-100,binary,100,bot_173,4058,w,49,22.24,25,85.58,84,-1.58,0
e2-blocking-100,binary,100,bot_173,4058,w,51,27.85,25,81.14,77,-4.14,0
e2-blocking-100,binary,100,bot_173,4058,w,53,10.59,25,87.6,75,-12.6,0
e2-blocking-100,binary,100,bot_173,4058,w,55,7.21,25,77.15,48,-29.15,0
e2-blocking-100,binary,100,bot_173,4058,w,57,14.26,25,94.88,69,-25.88,0
e2-blocking-100,binary,100,bot_173,4058,w,59,17.73,25,76.23,51,-25.23,0
e2-blocking-100,binary,100,bot_174,4058,b,2,101.95,25,166.93,170,3.07,0
e2-blocking-100,binary,100,bot_174,4058,b,4,81.4,25,171.81,165,-6.81,0
e2-blocking-100,binary,100,bot_174,4058,b,6,53.92,25,160.66,136,-24.66,0
e2-blocking-100,binary,100,bot_174,4058,b,8,57.53,25,187.76,153,-34.76,0
e2-blocking-100,binary,100,bot_174,4058,b,10,42.23,25,195.16,161,-34.16,0
e2-blocking-100,binary,100,bot_174,4058,b,12,43.4,25,173.17,134,-39.17,0
e2-blocking-100,binary,100,bot_174,4058,b,14,39.44,25,182.01,139,-43.01,0
e2-blocking-100,binary,100,bot_174,4058,b,16,36.24,25,184.08,139,-45.08,0
e2-blocking-100,binary,100,bot_174,4058,b,18,34.75,25,179,151,-28,0
e2-blocking-100,binary,100,bot_174,4058,b,20,24.63,25,193.58,161,-32.58,0
e2-blocking-100,binary,100,bot_174,4058,b,22,21.57,25,173.01,129,-44.01,0
e2-blocking-100,binary,100,bot_174,4058,b,24,99.97,25,163.7,116,-47.7,0
e2-blocking-100,binary,100,bot_174,4058,b,26,62.75,25,126.87,130,3.13,0
e2-blocking-100,binary,100,bot_174,4058,b,28,53.25,25,132.49,126,-6.49,0
e2-blocking-100,binary,100,bot_174,4058,b,30,45.92,25,123.92,116,-7.92,0
e2-blocking-100,binary,100,bot_174,4058,b,32,35.5,25,116.22,102,-14.22,0
e2-blocking-100,binary,100,bot_174,4058,b,34,33.03,25,125.16,95,-30.16,0
e2-blocking-100,binary,100,bot_174,4058,b,36,25.76,25,123.96,88,-35.96,0
e2-blocking-100,binary,100,bot_174,4058,b,38,21.89,25,137.16,94,-43.16,0
e2-blocking-100,binary,100,bot_174,4058,b,40,16.62,25,132.4,86,-46.4,0
e2-blocking-100,binary,100,bot_174,4058,b,42,49.75,25,83.09,79,-4.09,0
e2-blocking-100,binary,100,bot_174,4058,b,44,47.64,25,78.6,61,-17.6,0
e2-blocking-100,binary,100,bot_174,4058,b,46,50.23,25,81.77,59,-22.77,0
e2-blocking-100,binary,100,bot_174,4058,b,48,34.91,25,105.72,64,-41.72,0
e2-blocking-100,binary,100,bot_174,4058,b,50,33.04,25,99.06,73,-26.06,0
e2-blocking-100,binary,100,bot_174,4058,b,52,23.29,25,87.44,66,-21.44,0
e2-blocking-100,binary,100,bot_174,4058,b,54,7.69,25,101.89,64,-37.89,0
e2-blocking-100,binary,100,bot_174,4058,b,56,11.09,25,110.89,70,-40.89,0
e2-blocking-100,binary,100,bot_174,4058,b,58,12.64,25,63.04,29,-34.04,0
e2-blocking-100,binary,100,bot_174,4058,b,60,7.96,25,76.98,46,-30.98,0
e2-blocking-100,binary,100,bot_175,4059,w,1,103.09,25,169.17,194,24.83,0
e2-blocking-100,binary,100,bot_175,4059,w,3,82.61,25,170.6,174,3.4,0
e2-blocking-100,binary,100,bot_175,4059,w,5,55.27,25,159.53,144,-15.53,0
e2-blocking-100,binary,100,bot_175,4059,w,7,59.33,25,186.02,161,-25.02,0
e2-blocking-100,binary,100,bot_175,4059,w,9,45.44,25,191.89,167,-24.89,0
e2-blocking-100,binary,100,bot_175,4059,w,11,45.13,25,171.64,141,-30.64,0
e2-blocking-100,binary,100,bot_175,4059,w,13,40.55,25,180.79,149,-31.79,0
e2-blocking-100,binary,100,bot_175,4059,w,15,37.68,25,182.66,147,-35.66,0
e2-blocking-100,binary,100,bot_175,4059,w,17,36.08,25,177.73,158,-19.73,0
e2-blocking-100,binary,100,bot_175,4059,w,19,26.5,25,191.94,165,-26.94,0
e2-blocking-100,binary,100,bot_175,4059,w,21,23.62,25,171.2,135,-36.2,0
e2-blocking-100,binary,100,bot_175,4059,w,23,15.71,25,161.23,122,-39.23,0
e2-blocking-100,binary,100,bot_175,4059,w,25,64.55,25,124.61,148,23.39,0
e2-blocking-100,binary,100,bot_175,4059,w,27,55.67,25,130.11,132,1.89,0
e2-blocking-100,binary,100,bot_175,4059,w,29,48.5,25,121.21,122,0.79,0
e2-blocking-100,binary,100,bot_175,4059,w,31,37.1,25,114.16,108,-6.16,0
e2-blocking-100,binary,100,bot_175,4059,w,33,35.41,25,122.79,102,-20.79,0
e2-blocking-100,binary,100,bot_175,4059,w,35,28.8,25,120.98,93,-27.98,0
e2-blocking-100,binary,100,bot_175,4059,w,37,25.19,25,133.84,100,-33.84,0
e2-blocking-100,binary,100,bot_175,4059,w,39,19.01,25,130.01,91,-39.01,0
e2-blocking-100,binary,100,bot_175,4059,w,41,61.51,25,123.52,74,-49.52,0
e2-blocking-100,binary,100,bot_175,4059,w,43,50.69,25,75.27,65,-10.27,0
e2-blocking-100,binary,100,bot_175,4059,w,45,52.99,25,78.78,64,-14.78,0
e2-blocking-100,binary,100,bot_175,4059,w,47,5,25,104.21,68,-36.21,0
e2-blocking-100,binary,100,bot_175,4059,w,49,34.95,25,97.26,76,-21.26,0
e2-blocking-100,binary,100,bot_175,4059,w,51,24.76,25,85.82,70,-15.82,0
e2-blocking-100,binary,100,bot_175,4059,w,53,9.15,25,100.18,68,-32.18,0
e2-blocking-100,binary,100,bot_175,4059,w,55,13.72,25,107.92,72,-35.92,0
e2-blocking-100,binary,100,bot_175,4059,w,57,3.59,25,61.21,33,-28.21,0
e2-blocking-100,binary,100,bot_176,4059,b,2,78.75,25,153.24,184,30.76,0
e2-blocking-100,binary,100,bot_176,4059,b,4,59.75,25,170.42,181,10.58,0
e2-blocking-100,binary,100,bot_176,4059,b,6,50.24,25,179.05,161,-18.05,0
e2-blocking-100,binary,100,bot_176,4059,b,8,51.5,25,182.16,169,-13.16,0
e2-blocking-100,binary,100,bot_176,4059,b,10,45.55,25,170.68,144,-26.68,0
e2-blocking-100,binary,100,bot_176,4059,b,12,42.96,25,191.53,165,-26.53,0
e2-blocking-100,binary,100,bot_176,4059,b,14,40.7,25,191.87,159,-32.87,0
e2-blocking-100,binary,100,bot_176,4059,b,16,39.28,25,197.93,179,-18.93,0
e2-blocking-100,binary,100,bot_176,4059,b,18,32.25,25,178.68,158,-20.68,0
e2-blocking-100,binary,100,bot_176,4059,b,20,23.28,25,159.95,130,-29.95,0
e2-blocking-100,binary,100,bot_176,4059,b,22,19.95,25,170.74,138,-32.74,0
e2-blocking-100,binary,100,bot_176,4059,b,24,82.71,25,184.36,143,-41.36,0
e2-blocking-100,binary,100,bot_176,4059,b,26,61.27,25,106.14,113,6.86,0
e2-blocking-100,binary,100,bot_176,4059,b,28,59.74,25,122.49,121,-1.49,0
e2-blocking-100,binary,100,bot_176,4059,b,30,52.54,25,150.59,142,-8.59,0
e2-blocking-100,binary,100,bot_176,4059,b,32,37.52,25,116.18,96,-20.18,0
e2-blocking-100,binary,100,bot_176,4059,b,34,31.49,25,116.41,96,-20.41,0
e2-blocking-100,binary,100,bot_176,4059,b,36,24.2,25,108.62,80,-28.62,0
e2-blocking-100,binary,100,bot_176,4059,b,38,19.93,25,116.18,84,-32.18,0
e2-blocking-100,binary,100,bot_176,4059,b,40,9.82,25,117.48,80,-37.48,0
e2-blocking-100,binary,100,bot_176,4059,b,42,48.67,25,73.39,78,4.61,0
e2-blocking-100,binary,100,bot_176,4059,b,44,28.52,25,74.17,68,-6.17,0
e2-blocking-100,binary,100,bot_176,4059,b,46,8.23,25,60.07,70,9.93,0
e2-blocking-100,binary,100,bot_176,4059,b,48,24.44,25,114.51,76,-38.51,0
e2-blocking-100,binary,100,bot_176,4059,b,50,29.76,25,79.35,71,-8.35,0
e2-blocking-100,binary,100,bot_176,4059,b,52,13.88,25,84.28,67,-17.28,0
e2-blocking-100,binary,100,bot_176,4059,b,54,8.16,25,75.37,41,-34.37,0
e2-blocking-100,binary,100,bot_176,4059,b,56,16.09,25,93.31,64,-29.31,0
e2-blocking-100,binary,100,bot_177,4060,w,1,81.33,25,151.2,225,73.8,0
e2-blocking-100,binary,100,bot_177,4060,w,3,64.32,25,165.58,205,39.42,0
e2-blocking-100,binary,100,bot_177,4060,w,5,55.66,25,173.46,184,10.54,0
e2-blocking-100,binary,100,bot_177,4060,w,7,56.3,25,177.53,193,15.47,0
e2-blocking-100,binary,100,bot_177,4060,w,9,50.41,25,165.96,163,-2.96,0
e2-blocking-100,binary,100,bot_177,4060,w,11,46.89,25,187.64,187,-0.64,0
e2-blocking-100,binary,100,bot_177,4060,w,13,43.99,25,188.4,185,-3.4,0
e2-blocking-100,binary,100,bot_177,4060,w,15,42.72,25,195,196,1,0
e2-blocking-100,binary,100,bot_177,4060,w,17,36.37,25,174.57,180,5.43,0
e2-blocking-100,binary,100,bot_177,4060,w,19,25.79,25,157.88,152,-5.88,0
e2-blocking-100,binary,100,bot_177,4060,w,21,23.01,25,167.46,153,-14.46,0
e2-blocking-100,binary,100,bot_177,4060,w,23,16.02,25,181.51,159,-22.51,0
e2-blocking-100,binary,100,bot_177,4060,w,25,63.97,25,103.01,143,39.99,0
e2-blocking-100,binary,100,bot_177,4060,w,27,63.61,25,118.34,135,16.66,0
e2-blocking-100,binary,100,bot_177,4060,w,29,55.76,25,147.63,159,11.37,0
e2-blocking-100,binary,100,bot_177,4060,w,31,39.26,25,114.66,113,-1.66,0
e2-blocking-100,binary,100,bot_177,4060,w,33,34.3,25,113.69,111,-2.69,0
e2-blocking-100,binary,100,bot_177,4060,w,35,24.52,25,108.12,99,-9.12,0
e2-blocking-100,binary,100,bot_177,4060,w,37,23.53,25,112.47,100,-12.47,0
e2-blocking-100,binary,100,bot_177,4060,w,39,13.64,25,113.81,96,-17.81,0
e2-blocking-100,binary,100,bot_177,4060,w,41,59.46,25,115.47,87,-28.47,0
e2-blocking-100,binary,100,bot_177,4060,w,43,31.39,25,71.42,85,13.58,0
e2-blocking-100,binary,100,bot_177,4060,w,45,8.11,25,60.48,89,28.52,0
e2-blocking-100,binary,100,bot_177,4060,w,47,24.67,25,114.79,96,-18.79,0
e2-blocking-100,binary,100,bot_177,4060,w,49,31.85,25,77.02,87,9.98,0
e2-blocking-100,binary,100,bot_177,4060,w,51,20.88,25,77.61,77,-0.61,0
e2-blocking-100,binary,100,bot_177,4060,w,53,9.79,25,73.8,61,-12.8,0
e2-blocking-100,binary,100,bot_177,4060,w,55,18.82,25,91.46,76,-15.46,0
e2-blocking-100,binary,100,bot_177,4060,w,57,19.86,25,84.94,63,-21.94,0
e2-blocking-100,binary,100,bot_177,4060,w,59,3.09,25,68.05,47,-21.05,0
e2-blocking-100,binary,100,bot_178,4060,b,2,89.7,25,163.09,172,8.91,0
e2-blocking-100,binary,100,bot_178,4060,b,4,62.95,25,153.15,145,-8.15,0
e2-blocking-100,binary,100,bot_178,4060,b,6,65.82,25,179.26,162,-17.26,0
e2-blocking-100,binary,100,bot_178,4060,b,8,48.51,25,188.89,172,-16.89,0
e2-blocking-100,binary,100,bot_178,4060,b,10,50.4,25,166.69,144,-22.69,0
e2-blocking-100,binary,100,bot_178,4060,b,12,48.91,25,172.02,146,-26.02,0
e2-blocking-100,binary,100,bot_178,4060,b,14,40,25,179.88,151,-28.88,0
e2-blocking-100,binary,100,bot_178,4060,b,16,44.65,25,168.93,156,-12.93,0
e2-blocking-100,binary,100,bot_178,4060,b,18,33.8,25,184.49,165,-19.49,0
e2-blocking-100,binary,100,bot_178,4060,b,20,24.98,25,169.95,140,-29.95,0
e2-blocking-100,binary,100,bot_178,4060,b,22,17.4,25,159.59,127,-32.59,0
e2-blocking-100,binary,100,bot_178,4060,b,24,78.82,25,179.9,140,-39.9,0
e2-blocking-100,binary,100,bot_178,4060,b,26,57.62,25,127.81,136,8.19,0
e2-blocking-100,binary,100,bot_178,4060,b,28,51.24,25,118.71,127,8.29,0
e2-blocking-100,binary,100,bot_178,4060,b,30,37.98,25,112.92,112,-0.92,0
e2-blocking-100,binary,100,bot_178,4060,b,32,37.3,25,121.04,105,-16.04,0
e2-blocking-100,binary,100,bot_178,4060,b,34,30.46,25,119.22,96,-23.22,0
e2-blocking-100,binary,100,bot_178,4060,b,36,27.72,25,131.56,100,-31.56,0
e2-blocking-100,binary,100,bot_178,4060,b,38,22.29,25,126.78,94,-32.78,0
e2-blocking-100,binary,100,bot_178,4060,b,40,12.42,25,119.93,78,-41.93,0
e2-blocking-100,binary,100,bot_178,4060,b,42,54.89,25,71.31,75,3.69,0
e2-blocking-100,binary,100,bot_178,4060,b,44,58.46,25,73.36,63,-10.36,0
e2-blocking-100,binary,100,bot_178,4060,b,46,11.7,25,97.51,64,-33.51,0
e2-blocking-100,binary,100,bot_178,4060,b,48,40.71,25,91.33,74,-17.33,0
e2-blocking-100,binary,100,bot_178,4060,b,50,29.68,25,80.78,70,-10.78,0
e2-blocking-100,binary,100,bot_178,4060,b,52,17.72,25,91.77,70,-21.77,0
e2-blocking-100,binary,100,bot_178,4060,b,54,14.71,25,107.15,75,-32.15,0
e2-blocking-100,binary,100,bot_178,4060,b,56,8.41,25,56.51,33,-23.51,0
e2-blocking-100,binary,100,bot_178,4060,b,58,7.82,25,77.16,54,-23.16,0
e2-blocking-100,binary,100,bot_178,4060,b,60,3.87,25,67.48,28,-39.48,0
e2-blocking-100,binary,100,bot_179,4061,w,1,90.71,25,162.76,198,35.24,0
e2-blocking-100,binary,100,bot_179,4061,w,3,65.52,25,150.51,154,3.49,0
e2-blocking-100,binary,100,bot_179,4061,w,5,68.17,25,176.91,173,-3.91,0
e2-blocking-100,binary,100,bot_179,4061,w,7,50.24,25,186.95,183,-3.95,0
e2-blocking-100,binary,100,bot_179,4061,w,9,53.44,25,163.38,154,-9.38,0
e2-blocking-100,binary,100,bot_179,4061,w,11,51.55,25,169.59,156,-13.59,0
e2-blocking-100,binary,100,bot_179,4061,w,13,42.75,25,177.43,161,-16.43,0
e2-blocking-100,binary,100,bot_179,4061,w,15,47.72,25,166.2,163,-3.2,0
e2-blocking-100,binary,100,bot_179,4061,w,17,36.61,25,181.8,173,-8.8,0
e2-blocking-100,binary,100,bot_179,4061,w,19,28.3,25,167.16,146,-21.16,0
e2-blocking-100,binary,100,bot_179,4061,w,21,20.88,25,156.12,133,-23.12,0
e2-blocking-100,binary,100,bot_179,4061,w,23,16.18,25,176.66,147,-29.66,0
e2-blocking-100,binary,100,bot_179,4061,w,25,61.32,25,124.27,153,28.73,0
e2-blocking-100,binary,100,bot_179,4061,w,27,54.69,25,115.04,133,17.96,0
e2-blocking-100,binary,100,bot_179,4061,w,29,40.56,25,110.49,119,8.51,0
e2-blocking-100,binary,100,bot_179,4061,w,31,40.79,25,117.41,110,-7.41,0
e2-blocking-100,binary,100,bot_179,4061,w,33,34.11,25,115.78,102,-13.78,0
e2-blocking-100,binary,100,bot_179,4061,w,35,30.12,25,128.87,108,-20.87,0
e2-blocking-100,binary,100,bot_179,4061,w,37,25.8,25,123.47,102,-21.47,0
e2-blocking-100,binary,100,bot_179,4061,w,39,16.25,25,115.68,84,-31.68,0
e2-blocking-100,binary,100,bot_179,4061,w,41,64.35,25,113.45,77,-36.45,0
e2-blocking-100,binary,100,bot_179,4061,w,43,60.67,25,71.65,70,-1.65,0
e2-blocking-100,binary,100,bot_179,4061,w,45,14.12,25,94.85,68,-26.85,0
e2-blocking-100,binary,100,bot_179,4061,w,47,42.5,25,89.84,82,-7.84,0
e2-blocking-100,binary,100,bot_179,4061,w,49,29.62,25,81.1,80,-1.1,0
e2-blocking-100,binary,100,bot_179,4061,w,51,24.39,25,101.47,73,-28.47,0
e2-blocking-100,binary,100,bot_179,4061,w,53,21.11,25,100.58,77,-23.58,0
e2-blocking-100,binary,100,bot_179,4061,w,55,9.75,25,55.1,41,-14.1,0
e2-blocking-100,binary,100,bot_179,4061,w,57,9.57,25,75.69,63,-12.69,0
e2-blocking-100,binary,100,bot_179,4061,w,59,5.17,25,65.37,38,-27.37,0
e2-blocking-100,binary,100,bot_180,4061,b,2,65.4,25,164.21,189,24.79,0
e2-blocking-100,binary,100,bot_180,4061,b,4,57,25,171.99,170,-1.99,0
e2-blocking-100,binary,100,bot_180,4061,b,6,58.6,25,175.26,176,0.74,0
e2-blocking-100,binary,100,bot_180,4061,b,8,52.02,25,164.26,147,-17.26,0
e2-blocking-100,binary,100,bot_180,4061,b,10,49.24,25,185.32,171,-14.32,0
e2-blocking-100,binary,100,bot_180,4061,b,12,46.74,25,185.85,170,-15.85,0
e2-blocking-100,binary,100,bot_180,4061,b,14,44.89,25,193.45,184,-9.45,0
e2-blocking-100,binary,100,bot_180,4061,b,16,38.99,25,172.36,167,-5.36,0
e2-blocking-100,binary,100,bot_180,4061,b,18,26.82,25,156.41,140,-16.41,0
e2-blocking-100,binary,100,bot_180,4061,b,20,24.77,25,165.66,142,-23.66,0
e2-blocking-100,binary,100,bot_180,4061,b,22,17.69,25,179.69,148,-31.69,0
e2-blocking-100,binary,100,bot_180,4061,b,24,76.64,25,156.36,121,-35.36,0
e2-blocking-100,binary,100,bot_180,4061,b,26,65.67,25,116.34,124,7.66,0
e2-blocking-100,binary,100,bot_180,4061,b,28,58.05,25,145.44,148,2.56,0
e2-blocking-100,binary,100,bot_180,4061,b,30,40.86,25,113.6,101,-12.6,0
e2-blocking-100,binary,100,bot_180,4061,b,32,34.53,25,113.54,101,-12.54,0
e2-blocking-100,binary,100,bot_180,4061,b,34,27.24,25,105.41,86,-19.41,0
e2-blocking-100,binary,100,bot_180,4061,b,36,26.75,25,109.1,86,-23.1,0
e2-blocking-100,binary,100,bot_180,4061,b,38,16.95,25,110.47,82,-28.47,0
e2-blocking-100,binary,100,bot_180,4061,b,40,10.95,25,111.96,76,-35.96,0
e2-blocking-100,binary,100,bot_180,4061,b,42,34.32,25,68.42,79,10.58,0
e2-blocking-100,binary,100,bot_180,4061,b,44,9.4,25,59.19,80,20.81,0
e2-blocking-100,binary,100,bot_180,4061,b,46,26.95,25,111.72,87,-24.72,0
e2-blocking-100,binary,100,bot_180,4061,b,48,35.53,25,73.45,75,1.55,0
e2-blocking-100,binary,100,bot_180,4061,b,50,7.35,25,73.82,65,-8.82,0
e2-blocking-100,binary,100,bot_180,4061,b,52,12.33,25,71.64,55,-16.64,0
e2-blocking-100,binary,100,bot_180,4061,b,54,21.38,25,89.02,70,-19.02,0
e2-blocking-100,binary,100,bot_180,4061,b,56,24.05,25,80.65,50,-30.65,0
e2-blocking-100,binary,100,bot_180,4061,b,58,8.49,25,62.2,32,-30.2,0
e2-blocking-100,binary,100,bot_180,4061,b,60,26.5,25,72.39,37,-35.39,0
e2-blocking-100,binary,100,bot_181,4062,w,1,69.43,25,160.73,224,63.27,0
e2-blocking-100,binary,100,bot_181,4062,w,3,61.89,25,166.71,188,21.29,0
e2-blocking-100,binary,100,bot_181,4062,w,5,63.48,25,170.34,195,24.66,0
e2-blocking-100,binary,100,bot_181,4062,w,7,56.32,25,160.07,164,3.93,0
e2-blocking-100,binary,100,bot_181,4062,w,9,53.13,25,181.46,191,9.54,0
e2-blocking-100,binary,100,bot_181,4062,w,11,51.96,25,180.3,189,8.7,0
e2-blocking-100,binary,100,bot_181,4062,w,13,50,25,188.2,199,10.8,0
e2-blocking-100,binary,100,bot_181,4062,w,15,44.51,25,167.07,183,15.93,0
e2-blocking-100,binary,100,bot_181,4062,w,17,32.97,25,150.33,157,6.67,0
e2-blocking-100,binary,100,bot_181,4062,w,19,26.93,25,163.1,156,-7.1,0
e2-blocking-100,binary,100,bot_181,4062,w,21,20.7,25,177.08,162,-15.08,0
e2-blocking-100,binary,100,bot_181,4062,w,23,12.43,25,154.55,135,-19.55,0
e2-blocking-100,binary,100,bot_181,4062,w,25,69.06,25,112.56,151,38.44,0
e2-blocking-100,binary,100,bot_181,4062,w,27,61.69,25,142.07,161,18.93,0
e2-blocking-100,binary,100,bot_181,4062,w,29,42.48,25,111.57,116,4.43,0
e2-blocking-100,binary,100,bot_181,4062,w,31,39.42,25,108.61,112,3.39,0
e2-blocking-100,binary,100,bot_181,4062,w,33,30.65,25,101.71,99,-2.71,0
e2-blocking-100,binary,100,bot_181,4062,w,35,29.76,25,106.13,98,-8.13,0
e2-blocking-100,binary,100,bot_181,4062,w,37,20.24,25,107.15,96,-11.15,0
e2-blocking-100,binary,100,bot_181,4062,w,39,14.92,25,108.17,88,-20.17,0
e2-blocking-100,binary,100,bot_181,4062,w,41,45.41,25,113.66,86,-27.66,0
e2-blocking-100,binary,100,bot_181,4062,w,43,12.28,25,56.43,90,33.57,0
e2-blocking-100,binary,100,bot_181,4062,w,45,31,25,107.88,97,-10.88,0
e2-blocking-100,binary,100,bot_181,4062,w,47,39.74,25,68.38,84,15.62,0
e2-blocking-100,binary,100,bot_181,4062,w,49,12.28,25,68.08,71,2.92,0
e2-blocking-100,binary,100,bot_181,4062,w,51,19.86,25,83.26,66,-17.26,0
e2-blocking-100,binary,100,bot_181,4062,w,53,28.5,25,82.58,78,-4.58,0
e2-blocking-100,binary,100,bot_181,4062,w,55,30.69,25,73.52,58,-15.52,0
e2-blocking-100,binary,100,bot_181,4062,w,57,9.97,25,54.41,41,-13.41,0
e2-blocking-100,binary,100,bot_181,4062,w,59,5.06,25,69.49,49,-20.49,0
e2-blocking-100,binary,100,bot_182,4062,b,2,70.38,25,145.85,146,0.15,0
e2-blocking-100,binary,100,bot_182,4062,b,4,73.65,25,171.42,163,-8.42,0
e2-blocking-100,binary,100,bot_182,4062,b,6,52.8,25,184.52,177,-7.52,0
e2-blocking-100,binary,100,bot_182,4062,b,8,58.51,25,158.4,144,-14.4,0
e2-blocking-100,binary,100,bot_182,4062,b,10,56.15,25,164.78,147,-17.78,0
e2-blocking-100,binary,100,bot_182,4062,b,12,49.01,25,170.35,151,-19.35,0
e2-blocking-100,binary,100,bot_182,4062,b,14,55.3,25,158.22,153,-5.22,0
e2-blocking-100,binary,100,bot_182,4062,b,16,45.22,25,173.09,163,-10.09,0
e2-blocking-100,binary,100,bot_182,4062,b,18,32.01,25,164.13,142,-22.13,0
e2-blocking-100,binary,100,bot_182,4062,b,20,24.18,25,152.82,126,-26.82,0
e2-blocking-100,binary,100,bot_182,4062,b,22,19.2,25,174.08,138,-36.08,0
e2-blocking-100,binary,100,bot_182,4062,b,24,77.44,25,174.36,131,-43.36,0
e2-blocking-100,binary,100,bot_182,4062,b,26,57.64,25,112.13,126,13.87,0
e2-blocking-100,binary,100,bot_182,4062,b,28,42.28,25,108.79,114,5.21,0
e2-blocking-100,binary,100,bot_182,4062,b,30,41.59,25,116.34,105,-11.34,0
e2-blocking-100,binary,100,bot_182,4062,b,32,36.06,25,114.11,98,-16.11,0
e2-blocking-100,binary,100,bot_182,4062,b,34,31.89,25,126.93,104,-22.93,0
e2-blocking-100,binary,100,bot_182,4062,b,36,28.46,25,120.65,95,-25.65,0
e2-blocking-100,binary,100,bot_182,4062,b,38,19.15,25,112.82,78,-34.82,0
e2-blocking-100,binary,100,bot_182,4062,b,40,10.5,25,110.65,70,-40.65,0
e2-blocking-100,binary,100,bot_182,4062,b,42,62.41,25,69.83,74,4.17,0
e2-blocking-100,binary,100,bot_182,4062,b,44,18.14,25,91.25,62,-29.25,0
e2-blocking-100,binary,100,bot_182,4062,b,46,45.48,25,86.86,77,-9.86,0
e2-blocking-100,binary,100,bot_182,4062,b,48,31.72,25,79.41,79,-0.41,0
e2-blocking-100,binary,100,bot_182,4062,b,50,12.53,25,94.4,66,-28.4,0
e2-blocking-100,binary,100,bot_182,4062,b,52,27.17,25,94.46,75,-19.46,0
e2-blocking-100,binary,100,bot_182,4062,b,54,13.14,25,52.12,41,-11.12,0
e2-blocking-100,binary,100,bot_182,4062,b,56,14.91,25,70.41,60,-10.41,0
e2-blocking-100,binary,100,bot_182,4062,b,58,9.1,25,67.25,36,-31.25,0
e2-blocking-100,binary,100,bot_182,4062,b,60,1.51,25,71.64,37,-34.64,0
e2-blocking-100,binary,100,bot_183,4063,w,1,75.78,25,141.01,171,29.99,0
e2-blocking-100,binary,100,bot_183,4063,w,3,78.42,25,166.43,175,8.57,0
e2-blocking-100,binary,100,bot_183,4063,w,5,55.67,25,181.33,192,10.67,0
e2-blocking-100,binary,100,bot_183,4063,w,7,63.07,25,154.03,158,3.97,0
e2-blocking-100,binary,100,bot_183,4063,w,9,61.86,25,159.29,162,2.71,0
e2-blocking-100,binary,100,bot_183,4063,w,11,51.65,25,167.63,166,-1.62,0
e2-blocking-100,binary,100,bot_183,4063,w,13,58.32,25,155.06,165,9.94,0
e2-blocking-100,binary,100,bot_183,4063,w,15,48.75,25,169.35,175,5.65,0
e2-blocking-100,binary,100,bot_183,4063,w,17,34.92,25,159.72,155,-4.72,0
e2-blocking-100,binary,100,bot_183,4063,w,19,26.42,25,150.98,134,-16.98,0
e2-blocking-100,binary,100,bot_183,4063,w,21,21.97,25,171.04,152,-19.04,0
e2-blocking-100,binary,100,bot_183,4063,w,23,16.73,25,171.05,143,-28.05,0
e2-blocking-100,binary,100,bot_183,4063,w,25,58.13,25,112.16,155,42.84,0
e2-blocking-100,binary,100,bot_183,4063,w,27,43.59,25,107.32,132,24.68,0
e2-blocking-100,binary,100,bot_183,4063,w,29,43.84,25,114.64,120,5.36,0
e2-blocking-100,binary,100,bot_183,4063,w,31,38.83,25,111.36,111,-0.36,0
e2-blocking-100,binary,100,bot_183,4063,w,33,35.62,25,123.55,112,-11.55,0
e2-blocking-100,binary,100,bot_183,4063,w,35,31.85,25,117.04,107,-10.04,0
e2-blocking-100,binary,100,bot_183,4063,w,37,21.92,25,110.13,91,-19.12,0
e2-blocking-100,binary,100,bot_183,4063,w,39,13.97,25,107.2,81,-26.2,0
e2-blocking-100,binary,100,bot_183,4063,w,41,67.73,25,101.85,79,-22.85,0
e2-blocking-100,binary,100,bot_183,4063,w,43,21.42,25,88.12,67,-21.12,0
e2-blocking-100,binary,100,bot_183,4063,w,45,48.96,25,83.31,83,-0.31,0
e2-blocking-100,binary,100,bot_183,4063,w,47,35.33,25,76.15,84,7.85,0
e2-blocking-100,binary,100,bot_183,4063,w,49,16.45,25,90.46,71,-19.46,0
e2-blocking-100,binary,100,bot_183,4063,w,51,29.33,25,108.99,82,-26.99,0
e2-blocking-100,binary,100,bot_183,4063,w,53,15.92,25,74.51,49,-25.51,0
e2-blocking-100,binary,100,bot_183,4063,w,55,16.92,25,68.8,69,0.2,0
e2-blocking-100,binary,100,bot_183,4063,w,57,9.57,25,66.97,43,-23.97,0
e2-blocking-100,binary,100,bot_183,4063,w,59,2.69,25,70.44,43,-27.44,0
e2-blocking-100,binary,100,bot_184,4063,b,2,64.84,25,163.56,167,3.44,0
e2-blocking-100,binary,100,bot_184,4063,b,4,67.41,25,166.16,173,6.84,0
e2-blocking-100,binary,100,bot_184,4063,b,6,60.69,25,155.99,140,-15.99,0
e2-blocking-100,binary,100,bot_184,4063,b,8,59.29,25,175.45,166,-9.45,0
e2-blocking-100,binary,100,bot_184,4063,b,10,56.57,25,176.1,167,-9.1,0
e2-blocking-100,binary,100,bot_184,4063,b,12,53.27,25,185,183,-2,0
e2-blocking-100,binary,100,bot_184,4063,b,14,48.18,25,162.98,167,4.02,0
e2-blocking-100,binary,100,bot_184,4063,b,16,37.72,25,145.52,140,-5.52,0
e2-blocking-100,binary,100,bot_184,4063,b,18,27.79,25,163.86,143,-20.86,0
e2-blocking-100,binary,100,bot_184,4063,b,20,25.06,25,172.22,144,-28.22,0
e2-blocking-100,binary,100,bot_184,4063,b,22,15.45,25,151.03,119,-32.03,0
e2-blocking-100,binary,100,bot_184,4063,b,24,86.8,25,158.83,121,-37.83,0
e2-blocking-100,binary,100,bot_184,4063,b,26,68.02,25,135.49,138,2.51,0
e2-blocking-100,binary,100,bot_184,4063,b,28,49.74,25,104.4,93,-11.4,0
e2-blocking-100,binary,100,bot_184,4063,b,30,43.24,25,104.75,93,-11.75,0
e2-blocking-100,binary,100,bot_184,4063,b,32,31.09,25,101.57,85,-16.57,0
e2-blocking-100,binary,100,bot_184,4063,b,34,33,25,103.11,83,-20.11,0
e2-blocking-100,binary,100,bot_184,4063,b,36,24.12,25,103.11,80,-23.11,0
e2-blocking-100,binary,100,bot_184,4063,b,38,17.92,25,104.93,72,-32.93,0
e2-blocking-100,binary,100,bot_184,4063,b,40,11.11,25,110.91,70,-40.91,0
e2-blocking-100,binary,100,bot_184,4063,b,42,13.92,25,54.65,80,25.35,0
e2-blocking-100,binary,100,bot_184,4063,b,44,34.02,25,104.89,84,-20.89,0
e2-blocking-100,binary,100,bot_184,4063,b,46,42.59,25,65.54,72,6.46,0
e2-blocking-100,binary,100,bot_184,4063,b,48,15.83,25,64.95,58,-6.95,0
e2-blocking-100,binary,100,bot_184,4063,b,50,5.7,25,80.87,54,-26.87,0
e2-blocking-100,binary,100,bot_184,4063,b,52,7.26,25,78.19,63,-15.19,0
e2-blocking-100,binary,100,bot_184,4063,b,54,34.3,25,70.01,42,-28.01,0
e2-blocking-100,binary,100,bot_184,4063,b,56,10.24,25,54.23,28,-26.23,0
e2-blocking-100,binary,100,bot_184,4063,b,58,6.61,25,67.96,34,-33.96,0
e2-blocking-100,binary,100,bot_184,4063,b,60,10.33,25,69.32,29,-40.32,0
e2-blocking-100,binary,100,bot_185,4064,w,1,70.62,25,157.91,209,51.09,0
e2-blocking-100,binary,100,bot_185,4064,w,3,73.43,25,159.82,197,37.18,0
e2-blocking-100,binary,100,bot_185,4064,w,5,67.18,25,149.35,165,15.65,0
e2-blocking-100,binary,100,bot_185,4064,w,7,65.82,25,168.57,190,21.43,0
e2-blocking-100,binary,100,bot_185,4064,w,9,62.86,25,169.19,191,21.81,0
e2-blocking-100,binary,100,bot_185,4064,w,11,58.99,25,179.16,200,20.84,0
e2-blocking-100,binary,100,bot_185,4064,w,13,53.76,25,157.44,184,26.56,0
e2-blocking-100,binary,100,bot_185,4064,w,15,43.25,25,139.8,158,18.2,0
e2-blocking-100,binary,100,bot_185,4064,w,17,30.2,25,160.96,164,3.04,0
e2-blocking-100,binary,100,bot_185,4064,w,19,27.22,25,170.38,165,-5.38,0
e2-blocking-100,binary,100,bot_185,4064,w,21,16.33,25,150.55,141,-9.55,0
e2-blocking-100,binary,100,bot_185,4064,w,23,14.16,25,157.3,142,-15.3,0
e2-blocking-100,binary,100,bot_185,4064,w,25,70.22,25,133.77,171,37.23,0
e2-blocking-100,binary,100,bot_185,4064,w,27,51.65,25,102.44,114,11.56,0
e2-blocking-100,binary,100,bot_185,4064,w,29,45.4,25,102.6,115,12.4,0
e2-blocking-100,binary,100,bot_185,4064,w,31,32.9,25,99.51,106,6.49,0
e2-blocking-100,binary,100,bot_185,4064,w,33,35.43,25,100.5,104,3.5,0
e2-blocking-100,binary,100,bot_185,4064,w,35,26.09,25,101.18,103,1.82,0
e2-blocking-100,binary,100,bot_185,4064,w,37,20.18,25,103.11,93,-10.11,0
e2-blocking-100,binary,100,bot_185,4064,w,39,13.79,25,108.29,90,-18.29,0
e2-blocking-100,binary,100,bot_185,4064,w,41,22.07,25,112.11,90,-22.11,0
e2-blocking-100,binary,100,bot_185,4064,w,43,37.01,25,101.96,101,-0.96,0
e2-blocking-100,binary,100,bot_185,4064,w,45,44.72,25,63.64,89,25.36,0
e2-blocking-100,binary,100,bot_185,4064,w,47,19.44,25,61.27,71,9.73,0
e2-blocking-100,binary,100,bot_185,4064,w,49,8.39,25,78.49,72,-6.49,0
e2-blocking-100,binary,100,bot_185,4064,w,51,10.31,25,75.68,83,7.32,0
e2-blocking-100,binary,100,bot_185,4064,w,53,40.46,25,77.19,55,-22.19,0
e2-blocking-100,binary,100,bot_185,4064,w,55,11.92,25,51.69,46,-5.69,0
e2-blocking-100,binary,100,bot_185,4064,w,57,11.05,25,63.43,48,-15.43,0
e2-blocking-100,binary,100,bot_185,4064,w,59,4.03,25,66.7,48,-18.7,0
e2-blocking-100,binary,100,bot_186,4064,b,2,81.42,25,163.74,175,11.26,0
e2-blocking-100,binary,100,bot_186,4064,b,4,58.76,25,178.96,192,13.04,0
e2-blocking-100,binary,100,bot_186,4064,b,6,65.91,25,151.04,158,6.96,0
e2-blocking-100,binary,100,bot_186,4064,b,8,64.69,25,156.81,162,5.19,0
e2-blocking-100,binary,100,bot_186,4064,b,10,54.18,25,165.56,167,1.44,0
e2-blocking-100,binary,100,bot_186,4064,b,12,62.06,25,152.1,165,12.9,0
e2-blocking-100,binary,100,bot_186,4064,b,14,52.3,25,165.71,173,7.29,0
e2-blocking-100,binary,100,bot_186,4064,b,16,38.19,25,156.63,154,-2.63,0
e2-blocking-100,binary,100,bot_186,4064,b,18,28.83,25,148.75,133,-15.75,0
e2-blocking-100,binary,100,bot_186,4064,b,20,24.16,25,169.03,149,-20.03,0
e2-blocking-100,binary,100,bot_186,4064,b,22,18.51,25,169.31,139,-30.31,0
e2-blocking-100,binary,100,bot_186,4064,b,24,71.84,25,172.19,140,-32.19,0
e2-blocking-100,binary,100,bot_186,4064,b,26,46.63,25,104.43,128,23.57,0
e2-blocking-100,binary,100,bot_186,4064,b,28,46.46,25,111.54,116,4.46,0
e2-blocking-100,binary,100,bot_186,4064,b,30,41.49,25,108.86,107,-1.86,0
e2-blocking-100,binary,100,bot_186,4064,b,32,38.34,25,120.55,108,-12.55,0
e2-blocking-100,binary,100,bot_186,4064,b,34,34.89,25,113.84,103,-10.84,0
e2-blocking-100,binary,100,bot_186,4064,b,36,24.6,25,107.61,86,-21.61,0
e2-blocking-100,binary,100,bot_186,4064,b,38,16.56,25,104.76,78,-26.76,0
e2-blocking-100,binary,100,bot_186,4064,b,40,5.44,25,98.88,76,-22.88,0
e2-blocking-100,binary,100,bot_186,4064,b,42,24.85,25,84.6,69,-15.6,0
e2-blocking-100,binary,100,bot_186,4064,b,44,52.2,25,80.16,81,0.84,0
e2-blocking-100,binary,100,bot_186,4064,b,46,38.3,25,72.92,80,7.08,0
e2-blocking-100,binary,100,bot_186,4064,b,48,21.51,25,85.38,68,-17.38,0
e2-blocking-100,binary,100,bot_186,4064,b,50,35.71,25,102.57,75,-27.57,0
e2-blocking-100,binary,100,bot_186,4064,b,52,4.83,25,71.86,46,-25.86,0
e2-blocking-100,binary,100,bot_186,4064,b,54,21.46,25,64.2,68,3.8,0
e2-blocking-100,binary,100,bot_186,4064,b,56,12.27,25,64.47,39,-25.47,0
e2-blocking-100,binary,100,bot_186,4064,b,58,7.73,25,65.42,41,-24.42,0
e2-blocking-100,binary,100,bot_186,4064,b,60,8.33,25,60.21,27,-33.21,0
e2-blocking-100,binary,100,bot_187,4065,w,1,82.65,25,162.41,206,43.59,0
e2-blocking-100,binary,100,bot_187,4065,w,3,62.75,25,174.91,207,32.09,0
e2-blocking-100,binary,100,bot_187,4065,w,5,69.54,25,147.53,171,23.47,0
e2-blocking-100,binary,100,bot_187,4065,w,7,66.98,25,154.72,180,25.28,0
e2-blocking-100,binary,100,bot_187,4065,w,9,59.24,25,160.23,180,19.77,0
e2-blocking-100,binary,100,bot_187,4065,w,11,65.08,25,148.61,178,29.39,0
e2-blocking-100,binary,100,bot_187,4065,w,13,56.73,25,161.48,185,23.52,0
e2-blocking-100,binary,100,bot_187,4065,w,15,43.71,25,151.07,162,10.93,0
e2-blocking-100,binary,100,bot_187,4065,w,17,32.78,25,145.39,142,-3.39,0
e2-blocking-100,binary,100,bot_187,4065,w,19,28,25,165.01,156,-9.01,0
e2-blocking-100,binary,100,bot_187,4065,w,21,22.28,25,165.23,147,-18.23,0
e2-blocking-100,binary,100,bot_187,4065,w,23,16.42,25,167.6,146,-21.6,0
e2-blocking-100,binary,100,bot_187,4065,w,25,51.69,25,99.3,151,51.7,0
e2-blocking-100,binary,100,bot_187,4065,w,27,51.34,25,106.71,123,16.29,0
e2-blocking-100,binary,100,bot_187,4065,w,29,47.26,25,102.84,114,11.16,0
e2-blocking-100,binary,100,bot_187,4065,w,31,43.92,25,114.65,114,-0.65,0
e2-blocking-100,binary,100,bot_187,4065,w,33,40.99,25,107.52,109,1.48,0
e2-blocking-100,binary,100,bot_187,4065,w,35,29.89,25,102.13,91,-11.13,0
e2-blocking-100,binary,100,bot_187,4065,w,37,21.53,25,99.43,84,-15.43,0
e2-blocking-100,binary,100,bot_187,4065,w,39,10.24,25,93.85,81,-12.85,0
e2-blocking-100,binary,100,bot_187,4065,w,41,35.82,25,88.87,68,-20.87,0
e2-blocking-100,binary,100,bot_187,4065,w,43,59.69,25,71.89,82,10.11,0
e2-blocking-100,binary,100,bot_187,4065,w,45,46.03,25,64.55,81,16.45,0
e2-blocking-100,binary,100,bot_187,4065,w,47,30.93,25,75.61,68,-7.61,0
e2-blocking-100,binary,100,bot_187,4065,w,49,41.12,25,96.32,80,-16.32,0
e2-blocking-100,binary,100,bot_187,4065,w,51,7.61,25,68.95,53,-15.95,0
e2-blocking-100,binary,100,bot_187,4065,w,53,2.44,25,66.47,42,-24.47,0
e2-blocking-100,binary,100,bot_187,4065,w,55,2.44,25,73.78,48,-25.78,0
e2-blocking-100,binary,100,bot_187,4065,w,57,3.04,25,76.25,50,-26.25,0
e2-blocking-100,binary,100,bot_187,4065,w,59,1.54,25,63.27,35,-28.27,0
e2-blocking-100,binary,100,bot_188,4065,b,2,80.32,25,153.44,170,16.56,0
e2-blocking-100,binary,100,bot_188,4065,b,4,70.89,25,145.29,141,-4.29,0
e2-blocking-100,binary,100,bot_188,4065,b,6,72.39,25,161.49,164,2.51,0
e2-blocking-100,binary,100,bot_188,4065,b,8,67.41,25,164.85,163,-1.85,0
e2-blocking-100,binary,100,bot_188,4065,b,10,66.29,25,172.59,180,7.41,0
e2-blocking-100,binary,100,bot_188,4065,b,12,60.07,25,151.05,162,10.95,0
e2-blocking-100,binary,100,bot_188,4065,b,14,47.18,25,135.81,139,3.19,0
e2-blocking-100,binary,100,bot_188,4065,b,16,33.37,25,157.47,148,-9.47,0
e2-blocking-100,binary,100,bot_188,4065,b,18,28.86,25,168.8,148,-20.8,0
e2-blocking-100,binary,100,bot_188,4065,b,20,17.22,25,149.45,125,-24.45,0
e2-blocking-100,binary,100,bot_188,4065,b,22,16.27,25,155.49,125,-30.49,0
e2-blocking-100,binary,100,bot_188,4065,b,24,89.69,25,173.73,136,-37.73,0
e2-blocking-100,binary,100,bot_188,4065,b,26,53.51,25,100.93,99,-1.93,0
e2-blocking-100,binary,100,bot_188,4065,b,28,47.39,25,100.52,98,-2.52,0
e2-blocking-100,binary,100,bot_188,4065,b,30,34.79,25,97.37,91,-6.37,0
e2-blocking-100,binary,100,bot_188,4065,b,32,37.35,25,98.73,90,-8.73,0
e2-blocking-100,binary,100,bot_188,4065,b,34,26.25,25,101.34,89,-12.34,0
e2-blocking-100,binary,100,bot_188,4065,b,36,22.02,25,101.42,78,-23.42,0
e2-blocking-100,binary,100,bot_188,4065,b,38,15.91,25,106.23,75,-31.23,0
e2-blocking-100,binary,100,bot_188,4065,b,40,7.67,25,110.69,81,-29.69,0
e2-blocking-100,binary,100,bot_188,4065,b,42,38.21,25,100.85,96,-4.85,0
e2-blocking-100,binary,100,bot_188,4065,b,44,44.84,25,63.52,83,19.48,0
e2-blocking-100,binary,100,bot_188,4065,b,46,20.75,25,59.93,65,5.07,0
e2-blocking-100,binary,100,bot_188,4065,b,48,10.64,25,76.35,66,-10.35,0
e2-blocking-100,binary,100,bot_188,4065,b,50,12.36,25,73.54,73,-0.54,0
e2-blocking-100,binary,100,bot_188,4065,b,52,4.61,25,75.92,43,-32.92,0
e2-blocking-100,binary,100,bot_188,4065,b,54,2.33,25,70.32,32,-38.32,0
e2-blocking-100,binary,100,bot_188,4065,b,56,2.91,25,66.47,29,-37.47,0
e2-blocking-100,binary,100,bot_188,4065,b,58,1.33,25,70.45,33,-37.45,0
e2-blocking-100,binary,100,bot_188,4065,b,60,1.2,25,60.21,21,-39.21,0
e2-blocking-100,binary,100,bot_189,4066,w,1,84.06,25,150.52,205,54.48,0
e2-blocking-100,binary,100,bot_189,4066,w,3,74.34,25,142.03,164,21.97,0
e2-blocking-100,binary,100,bot_189,4066,w,5,77.01,25,157.12,183,25.88,0
e2-blocking-100,binary,100,bot_189,4066,w,7,71.85,25,160.27,190,29.73,0
e2-blocking-100,binary,100,bot_189,4066,w,9,70.6,25,168.3,197,28.7,0
e2-blocking-100,binary,100,bot_189,4066,w,11,65.58,25,145.63,182,36.37,0
e2-blocking-100,binary,100,bot_189,4066,w,13,52.38,25,130.46,160,29.54,0
e2-blocking-100,binary,100,bot_189,4066,w,15,39.36,25,151.85,164,12.15,0
e2-blocking-100,binary,100,bot_189,4066,w,17,31.22,25,167.15,171,3.85,0
e2-blocking-100,binary,100,bot_189,4066,w,19,18.09,25,148.91,145,-3.91,0
e2-blocking-100,binary,100,bot_189,4066,w,21,18.46,25,153.4,142,-11.4,0
e2-blocking-100,binary,100,bot_189,4066,w,23,21.27,25,171.28,156,-15.28,0
e2-blocking-100,binary,100,bot_189,4066,w,25,56.42,25,97.96,128,30.04,0
e2-blocking-100,binary,100,bot_189,4066,w,27,50.35,25,97.37,117,19.63,0
e2-blocking-100,binary,100,bot_189,4066,w,29,39.32,25,93.09,108,14.91,0
e2-blocking-100,binary,100,bot_189,4066,w,31,41.87,25,94.41,107,12.59,0
e2-blocking-100,binary,100,bot_189,4066,w,33,29.83,25,98.03,107,8.97,0
e2-blocking-100,binary,100,bot_189,4066,w,35,25.44,25,98.04,96,-2.04,0
e2-blocking-100,binary,100,bot_189,4066,w,37,20.73,25,101.46,92,-9.46,0
e2-blocking-100,binary,100,bot_189,4066,w,39,10.39,25,108.42,94,-14.42,0
e2-blocking-100,binary,100,bot_189,4066,w,41,45.39,25,124.03,105,-19.03,0
e2-blocking-100,binary,100,bot_189,4066,w,43,47.72,25,61.39,97,35.61,0
e2-blocking-100,binary,100,bot_189,4066,w,45,23.48,25,57.58,80,22.42,0
e2-blocking-100,binary,100,bot_189,4066,w,47,12.88,25,74.71,81,6.29,0
e2-blocking-100,binary,100,bot_189,4066,w,49,13.92,25,73,87,14,0
e2-blocking-100,binary,100,bot_189,4066,w,51,5.14,25,75.17,58,-17.17,0
e2-blocking-100,binary,100,bot_189,4066,w,53,3.13,25,69.33,47,-22.33,0
e2-blocking-100,binary,100,bot_189,4066,w,55,5.31,25,63.8,39,-24.8,0
e2-blocking-100,binary,100,bot_189,4066,w,57,2.43,25,69.29,48,-21.29,0
e2-blocking-100,binary,100,bot_189,4066,w,59,2.38,25,58.18,34,-24.18,0
e2-blocking-100,binary,100,bot_190,4066,b,2,67.04,25,170.73,183,12.27,0
e2-blocking-100,binary,100,bot_190,4066,b,4,72.32,25,145,148,3,0
e2-blocking-100,binary,100,bot_190,4066,b,6,74.97,25,146.75,152,5.25,0
e2-blocking-100,binary,100,bot_190,4066,b,8,63.46,25,155.43,155,-0.43,0
e2-blocking-100,binary,100,bot_190,4066,b,10,71.73,25,142.06,158,15.94,0
e2-blocking-100,binary,100,bot_190,4066,b,12,64.46,25,153.51,165,11.49,0
e2-blocking-100,binary,100,bot_190,4066,b,14,48.99,25,145.93,144,-1.93,0
e2-blocking-100,binary,100,bot_190,4066,b,16,39.28,25,138.73,122,-16.73,0
e2-blocking-100,binary,100,bot_190,4066,b,18,32.3,25,160.67,137,-23.67,0
e2-blocking-100,binary,100,bot_190,4066,b,20,26.32,25,161.28,125,-36.28,0
e2-blocking-100,binary,100,bot_190,4066,b,22,21.05,25,162.92,126,-36.92,0
e2-blocking-100,binary,100,bot_190,4066,b,24,66.15,25,155.72,122,-33.72,0
e2-blocking-100,binary,100,bot_190,4066,b,26,55.07,25,102.77,104,1.23,0
e2-blocking-100,binary,100,bot_190,4066,b,28,50.22,25,100.18,97,-3.18,0
e2-blocking-100,binary,100,bot_190,4066,b,30,47.72,25,111.08,95,-16.08,0
e2-blocking-100,binary,100,bot_190,4066,b,32,45.38,25,103.51,90,-13.51,0
e2-blocking-100,binary,100,bot_190,4066,b,34,34.95,25,96.98,72,-24.98,0
e2-blocking-100,binary,100,bot_190,4066,b,36,26.11,25,94.8,65,-29.8,0
e2-blocking-100,binary,100,bot_190,4066,b,38,14.13,25,90.19,69,-21.19,0
e2-blocking-100,binary,100,bot_190,4066,b,40,8.83,25,85.76,55,-30.76,0
e2-blocking-100,binary,100,bot_190,4066,b,42,62.97,25,68,72,4,0
e2-blocking-100,binary,100,bot_190,4066,b,44,50.27,25,60.7,66,5.3,0
e2-blocking-100,binary,100,bot_190,4066,b,46,35.53,25,70.26,52,-18.26,0
e2-blocking-100,binary,100,bot_190,4066,b,48,43.81,25,93.8,66,-27.8,0
e2-blocking-100,binary,100,bot_190,4066,b,50,10.22,25,66.36,39,-27.36,0
e2-blocking-100,binary,100,bot_190,4066,b,52,5.24,25,63.24,26,-37.24,0
e2-blocking-100,binary,100,bot_190,4066,b,54,2.58,25,73.31,35,-38.31,0
e2-blocking-100,binary,100,bot_190,4066,b,56,5.76,25,73.59,36,-37.59,0
e2-blocking-100,binary,100,bot_190,4066,b,58,4.25,25,60.56,21,-39.56,0
e2-blocking-100,binary,100,bot_190,4066,b,60,4.68,25,67.57,28,-39.57,0
e2-blocking-100,binary,100,bot_191,4067,w,1,69.03,25,169.02,221,51.98,0
e2-blocking-100,binary,100,bot_191,4067,w,3,74.89,25,142.36,168,25.64,0
e2-blocking-100,binary,100,bot_191,4067,w,5,78.2,25,143.41,171,27.59,0
e2-blocking-100,binary,100,bot_191,4067,w,7,66.59,25,152.21,177,24.79,0
e2-blocking-100,binary,100,bot_191,4067,w,9,73.26,25,140.61,177,36.39,0
e2-blocking-100,binary,100,bot_191,4067,w,11,70.58,25,147.72,177,29.28,0
e2-blocking-100,binary,100,bot_191,4067,w,13,54.11,25,140.77,159,18.23,0
e2-blocking-100,binary,100,bot_191,4067,w,15,43.53,25,134.35,140,5.65,0
e2-blocking-100,binary,100,bot_191,4067,w,17,34.56,25,159.45,156,-3.45,0
e2-blocking-100,binary,100,bot_191,4067,w,19,28.25,25,159.11,140,-19.11,0
e2-blocking-100,binary,100,bot_191,4067,w,21,22.56,25,161.38,142,-19.38,0
e2-blocking-100,binary,100,bot_191,4067,w,23,12.57,25,154.14,141,-13.14,0
e2-blocking-100,binary,100,bot_191,4067,w,25,57.27,25,100.98,130,29.02,0
e2-blocking-100,binary,100,bot_191,4067,w,27,52.11,25,98.41,112,13.59,0
e2-blocking-100,binary,100,bot_191,4067,w,29,49.91,25,108.66,112,3.34,0
e2-blocking-100,binary,100,bot_191,4067,w,31,47.05,25,101.43,107,5.57,0
e2-blocking-100,binary,100,bot_191,4067,w,33,36.64,25,95.08,89,-6.08,0
e2-blocking-100,binary,100,bot_191,4067,w,35,28.48,25,92.44,81,-11.44,0
e2-blocking-100,binary,100,bot_191,4067,w,37,21.14,25,83.16,77,-6.16,0
e2-blocking-100,binary,100,bot_191,4067,w,39,10.79,25,83.63,66,-17.63,0
e2-blocking-100,binary,100,bot_191,4067,w,41,3.72,25,84.79,72,-12.79,0
e2-blocking-100,binary,100,bot_191,4067,w,43,4.58,25,106.39,80,-26.39,0
e2-blocking-100,binary,100,bot_191,4067,w,45,44.88,25,98.43,71,-27.43,0
e2-blocking-100,binary,100,bot_191,4067,w,47,47.24,25,90.15,77,-13.15,0
e2-blocking-100,binary,100,bot_191,4067,w,49,12.28,25,64.22,53,-11.22,0
e2-blocking-100,binary,100,bot_191,4067,w,51,7.32,25,62.03,38,-24.03,0
e2-blocking-100,binary,100,bot_191,4067,w,53,5.43,25,70.99,45,-25.99,0
e2-blocking-100,binary,100,bot_191,4067,w,55,8.56,25,71.13,50,-21.13,0
e2-blocking-100,binary,100,bot_191,4067,w,57,4.41,25,60.44,35,-25.44,0
e2-blocking-100,binary,100,bot_191,4067,w,59,7.48,25,65,37,-28,0
e2-blocking-100,binary,100,bot_192,4067,b,2,75.35,25,141.02,147,5.98,0
e2-blocking-100,binary,100,bot_192,4067,b,4,78.53,25,155.73,165,9.27,0
e2-blocking-100,binary,100,bot_192,4067,b,6,76.73,25,155.29,169,13.71,0
e2-blocking-100,binary,100,bot_192,4067,b,8,75.84,25,163.2,181,17.8,0
e2-blocking-100,binary,100,bot_192,4067,b,10,67.22,25,144.14,168,23.86,0
e2-blocking-100,binary,100,bot_192,4067,b,12,57.58,25,125.39,146,20.61,0
e2-blocking-100,binary,100,bot_192,4067,b,14,45.01,25,145.99,150,4.01,0
e2-blocking-100,binary,100,bot_192,4067,b,16,36.85,25,161.22,155,-6.22,0
e2-blocking-100,binary,100,bot_192,4067,b,18,19.01,25,148.03,132,-16.03,0
e2-blocking-100,binary,100,bot_192,4067,b,20,20.18,25,151.7,130,-21.7,0
e2-blocking-100,binary,100,bot_192,4067,b,22,26.91,25,165.48,139,-26.48,0
e2-blocking-100,binary,100,bot_192,4067,b,24,68.6,25,141.1,103,-38.1,0
e2-blocking-100,binary,100,bot_192,4067,b,26,52.13,25,95.93,103,7.07,0
e2-blocking-100,binary,100,bot_192,4067,b,28,41.3,25,90.77,93,2.23,0
e2-blocking-100,binary,100,bot_192,4067,b,30,43.38,25,92.77,94,1.23,0
e2-blocking-100,binary,100,bot_192,4067,b,32,32,25,95.67,93,-2.67,0
e2-blocking-100,binary,100,bot_192,4067,b,34,27.85,25,95.27,81,-14.27,0
e2-blocking-100,binary,100,bot_192,4067,b,36,23.29,25,98.6,76,-22.6,0
e2-blocking-100,binary,100,bot_192,4067,b,38,13.19,25,105.48,88,-17.48,0
e2-blocking-100,binary,100,bot_192,4067,b,40,17.56,25,111.29,83,-28.29,0
e2-blocking-100,binary,100,bot_192,4067,b,42,4.48,25,119.14,83,-36.14,0
e2-blocking-100,binary,100,bot_192,4067,b,44,3.59,25,108.43,74,-34.43,0
e2-blocking-100,binary,100,bot_192,4067,b,46,16.49,25,71.05,76,4.95,0
e2-blocking-100,binary,100,bot_192,4067,b,48,18.58,25,68.28,75,6.72,0
e2-blocking-100,binary,100,bot_192,4067,b,50,7.79,25,71.89,46,-25.89,0
e2-blocking-100,binary,100,bot_192,4067,b,52,4.57,25,67.74,36,-31.74,0
e2-blocking-100,binary,100,bot_192,4067,b,54,8.41,25,60.75,28,-32.75,0
e2-blocking-100,binary,100,bot_192,4067,b,56,4.93,25,66.63,37,-29.63,0
e2-blocking-100,binary,100,bot_192,4067,b,58,2.15,25,57.55,24,-33.55,0
e2-blocking-100,binary,100,bot_192,4067,b,60,2.44,25,66.32,36,-30.32,0
e2-blocking-100,binary,100,bot_193,4068,w,1,75.93,25,141.32,174,32.68,0
e2-blocking-100,binary,100,bot_193,4068,w,3,80.96,25,153.11,177,23.89,0
e2-blocking-100,binary,100,bot_193,4068,w,5,79.56,25,152.42,180,27.58,0
e2-blocking-100,binary,100,bot_193,4068,w,7,79.47,25,160.1,189,28.9,0
e2-blocking-100,binary,100,bot_193,4068,w,9,69.55,25,141.81,177,35.19,0
e2-blocking-100,binary,100,bot_193,4068,w,11,60.12,25,122.7,155,32.3,0
e2-blocking-100,binary,100,bot_193,4068,w,13,47.56,25,143.35,159,15.65,0
e2-blocking-100,binary,100,bot_193,4068,w,15,40.15,25,157.93,165,7.07,0
e2-blocking-100,binary,100,bot_193,4068,w,17,21.11,25,146.43,143,-3.43,0
e2-blocking-100,binary,100,bot_193,4068,w,19,22.13,25,149.63,140,-9.63,0
e2-blocking-100,binary,100,bot_193,4068,w,21,31.23,25,161.19,146,-15.19,0
e2-blocking-100,binary,100,bot_193,4068,w,23,12.72,25,138.82,114,-24.82,0
e2-blocking-100,binary,100,bot_193,4068,w,25,54.6,25,93.69,123,29.31,0
e2-blocking-100,binary,100,bot_193,4068,w,27,43.54,25,88.72,102,13.28,0
e2-blocking-100,binary,100,bot_193,4068,w,29,45.41,25,90.79,104,13.21,0
e2-blocking-100,binary,100,bot_193,4068,w,31,33.9,25,93.83,104,10.17,0
e2-blocking-100,binary,100,bot_193,4068,w,33,29.79,25,93.43,93,-0.43,0
e2-blocking-100,binary,100,bot_193,4068,w,35,25.71,25,96.02,89,-7.02,0
e2-blocking-100,binary,100,bot_193,4068,w,37,15.37,25,119.45,96,-23.45,0
e2-blocking-100,binary,100,bot_193,4068,w,39,20.04,25,108.94,91,-17.94,0
e2-blocking-100,binary,100,bot_193,4068,w,41,6.95,25,116.48,93,-23.48,0
e2-blocking-100,binary,100,bot_193,4068,w,43,6.28,25,105.89,83,-22.89,0
e2-blocking-100,binary,100,bot_193,4068,w,45,24.77,25,100.22,81,-19.22,0
e2-blocking-100,binary,100,bot_193,4068,w,47,22.37,25,65.11,86,20.89,0
e2-blocking-100,binary,100,bot_193,4068,w,49,10.07,25,69.37,53,-16.37,0
e2-blocking-100,binary,100,bot_193,4068,w,51,6.19,25,66.26,44,-22.26,0
e2-blocking-100,binary,100,bot_193,4068,w,53,10.41,25,58.75,35,-23.75,0
e2-blocking-100,binary,100,bot_193,4068,w,55,9.14,25,62.54,42,-20.54,0
e2-blocking-100,binary,100,bot_193,4068,w,57,3.04,25,56.63,31,-25.63,0
e2-blocking-100,binary,100,bot_193,4068,w,59,3.17,25,65.24,44,-21.24,0
e2-blocking-100,binary,100,bot_194,4068,b,2,76.72,25,140.32,142,1.68,0
e2-blocking-100,binary,100,bot_194,4068,b,4,80.7,25,141.06,147,5.94,0
e2-blocking-100,binary,100,bot_194,4068,b,6,69.48,25,149.26,153,3.74,0
e2-blocking-100,binary,100,bot_194,4068,b,8,76.19,25,138.06,160,21.94,0
e2-blocking-100,binary,100,bot_194,4068,b,10,72.85,25,145.12,158,12.88,0
e2-blocking-100,binary,100,bot_194,4068,b,12,56.24,25,138.69,140,1.31,0
e2-blocking-100,binary,100,bot_194,4068,b,14,47.13,25,130.76,120,-10.76,0
e2-blocking-100,binary,100,bot_194,4068,b,16,37.2,25,156.34,137,-19.34,0
e2-blocking-100,binary,100,bot_194,4068,b,18,31.29,25,156.05,120,-36.05,0
e2-blocking-100,binary,100,bot_194,4068,b,20,25.46,25,158.26,123,-35.26,0
e2-blocking-100,binary,100,bot_194,4068,b,22,15.66,25,150.82,124,-26.82,0
e2-blocking-100,binary,100,bot_194,4068,b,24,71.79,25,144.36,98,-46.36,0
e2-blocking-100,binary,100,bot_194,4068,b,26,55.63,25,94.99,93,-1.99,0
e2-blocking-100,binary,100,bot_194,4068,b,28,53.52,25,105.23,92,-13.23,0
e2-blocking-100,binary,100,bot_194,4068,b,30,50.4,25,98.08,85,-13.08,0
e2-blocking-100,binary,100,bot_194,4068,b,32,41.04,25,90.6,67,-23.6,0
e2-blocking-100,binary,100,bot_194,4068,b,34,32.73,25,87.88,60,-27.88,0
e2-blocking-100,binary,100,bot_194,4068,b,36,8.42,25,79.75,61,-18.75,0
e2-blocking-100,binary,100,bot_194,4068,b,38,14.62,25,79.92,50,-29.92,0
e2-blocking-100,binary,100,bot_194,4068,b,40,7.54,25,80.72,56,-24.72,0
e2-blocking-100,binary,100,bot_194,4068,b,42,8.36,25,102.64,65,-37.64,0
e2-blocking-100,binary,100,bot_194,4068,b,44,13.48,25,91.81,53,-38.81,0
e2-blocking-100,binary,100,bot_194,4068,b,46,52.81,25,83.92,65,-18.92,0
e2-blocking-100,binary,100,bot_194,4068,b,48,15.4,25,61.36,40,-21.36,0
e2-blocking-100,binary,100,bot_194,4068,b,50,9.25,25,59.8,24,-35.8,0
e2-blocking-100,binary,100,bot_194,4068,b,52,8.42,25,67.97,30,-37.97,0
e2-blocking-100,binary,100,bot_194,4068,b,54,11.4,25,68.36,35,-33.36,0
e2-blocking-100,binary,100,bot_194,4068,b,56,7.01,25,57.8,22,-35.8,0
e2-blocking-100,binary,100,bot_194,4068,b,58,10.4,25,61.93,21,-40.93,0
e2-blocking-100,binary,100,bot_194,4068,b,60,1.57,25,58.23,17,-41.23,0
e2-blocking-100,binary,100,bot_195,4069,w,1,79.95,25,137.58,183,45.42,0
e2-blocking-100,binary,100,bot_195,4069,w,3,83.21,25,138.29,180,41.71,0
e2-blocking-100,binary,100,bot_195,4069,w,5,72.74,25,145.54,185,39.46,0
e2-blocking-100,binary,100,bot_195,4069,w,7,79.95,25,134.15,184,49.85,0
e2-blocking-100,binary,100,bot_195,4069,w,9,76.4,25,141.73,183,41.27,0
e2-blocking-100,binary,100,bot_195,4069,w,11,59.31,25,135.42,166,30.58,0
e2-blocking-100,binary,100,bot_195,4069,w,13,49.3,25,128.88,146,17.13,0
e2-blocking-100,binary,100,bot_195,4069,w,15,43.77,25,149.44,161,11.56,0
e2-blocking-100,binary,100,bot_195,4069,w,17,37.86,25,149.56,141,-8.56,0
e2-blocking-100,binary,100,bot_195,4069,w,19,31.73,25,152.13,147,-5.13,0
e2-blocking-100,binary,100,bot_195,4069,w,21,21.91,25,144.41,156,11.59,0
e2-blocking-100,binary,100,bot_195,4069,w,23,17.64,25,138.1,124,-14.1,0
e2-blocking-100,binary,100,bot_195,4069,w,25,70.29,25,137.14,118,-19.14,0
e2-blocking-100,binary,100,bot_195,4069,w,27,58.6,25,100.07,117,16.93,0
e2-blocking-100,binary,100,bot_195,4069,w,29,55.84,25,93.15,111,17.85,0
e2-blocking-100,binary,100,bot_195,4069,w,31,47.14,25,84.75,92,7.25,0
e2-blocking-100,binary,100,bot_195,4069,w,33,38.01,25,82.68,86,3.32,0
e2-blocking-100,binary,100,bot_195,4069,w,35,10.62,25,78.33,86,7.67,0
e2-blocking-100,binary,100,bot_195,4069,w,37,16.22,25,78.31,72,-6.31,0
e2-blocking-100,binary,100,bot_195,4069,w,39,9.27,25,79.56,78,-1.56,0
e2-blocking-100,binary,100,bot_195,4069,w,41,10.47,25,100.54,87,-13.54,0
e2-blocking-100,binary,100,bot_195,4069,w,43,16.37,25,88.8,72,-16.8,0
e2-blocking-100,binary,100,bot_195,4069,w,45,62.21,25,94.1,78,-16.1,0
e2-blocking-100,binary,100,bot_195,4069,w,47,17.68,25,59.46,61,1.54,0
e2-blocking-100,binary,100,bot_195,4069,w,49,12.11,25,57,46,-11,0
e2-blocking-100,binary,100,bot_195,4069,w,51,13.97,25,62.1,44,-18.1,0
e2-blocking-100,binary,100,bot_195,4069,w,53,14.64,25,65.18,50,-15.18,0
e2-blocking-100,binary,100,bot_195,4069,w,55,10.78,25,60.43,38,-22.43,0
e2-blocking-100,binary,100,bot_195,4069,w,57,12.05,25,60.06,38,-22.06,0
e2-blocking-100,binary,100,bot_195,4069,w,59,3.19,25,56.16,34,-22.16,0
e2-blocking-100,binary,100,bot_196,4069,b,2,83.93,25,149.99,165,15.01,0
e2-blocking-100,binary,100,bot_196,4069,b,4,83.17,25,148.8,167,18.2,0
e2-blocking-100,binary,100,bot_196,4069,b,6,82.34,25,157.21,182,24.79,0
e2-blocking-100,binary,100,bot_196,4069,b,8,73.47,25,138.04,169,30.96,0
e2-blocking-100,binary,100,bot_196,4069,b,10,63.58,25,119.21,147,27.79,0
e2-blocking-100,binary,100,bot_196,4069,b,12,51.09,25,139.59,151,11.41,0
e2-blocking-100,binary,100,bot_196,4069,b,14,43.71,25,154.35,155,0.65,0
e2-blocking-100,binary,100,bot_196,4069,b,16,24.15,25,143.52,137,-6.52,0
e2-blocking-100,binary,100,bot_196,4069,b,18,27.18,25,145,133,-12,0
e2-blocking-100,binary,100,bot_196,4069,b,20,44.33,25,147.9,130,-17.9,0
e2-blocking-100,binary,100,bot_196,4069,b,22,18.32,25,132.94,106,-26.94,0
e2-blocking-100,binary,100,bot_196,4069,b,24,13.24,25,138.24,106,-32.24,0
e2-blocking-100,binary,100,bot_196,4069,b,26,49.58,25,82.27,105,22.73,0
e2-blocking-100,binary,100,bot_196,4069,b,28,52.39,25,83.87,94,10.13,0
e2-blocking-100,binary,100,bot_196,4069,b,30,39.82,25,87.92,94,6.08,0
e2-blocking-100,binary,100,bot_196,4069,b,32,36.42,25,86.94,85,-1.94,0
e2-blocking-100,binary,100,bot_196,4069,b,34,33.21,25,88.62,79,-9.62,0
e2-blocking-100,binary,100,bot_196,4069,b,36,19.31,25,115.41,87,-28.41,0
e2-blocking-100,binary,100,bot_196,4069,b,38,24.24,25,104.62,83,-21.62,0
e2-blocking-100,binary,100,bot_196,4069,b,40,11.73,25,111.75,83,-28.75,0
e2-blocking-100,binary,100,bot_196,4069,b,42,9.27,25,102.68,75,-27.68,0
e2-blocking-100,binary,100,bot_196,4069,b,44,9.88,25,96.23,74,-22.23,0
e2-blocking-100,binary,100,bot_196,4069,b,46,26.16,25,61.57,85,23.43,0
e2-blocking-100,binary,100,bot_196,4069,b,48,14.97,25,64.21,44,-20.21,0
e2-blocking-100,binary,100,bot_196,4069,b,50,8.11,25,64.56,38,-26.56,0
e2-blocking-100,binary,100,bot_196,4069,b,52,10.44,25,58.68,35,-23.68,0
e2-blocking-100,binary,100,bot_196,4069,b,54,3.74,25,61.25,38,-23.25,0
e2-blocking-100,binary,100,bot_196,4069,b,56,4.29,25,55.41,28,-27.41,0
e2-blocking-100,binary,100,bot_196,4069,b,58,3.77,25,64.32,39,-25.32,0
e2-blocking-100,binary,100,bot_196,4069,b,60,2.25,25,60.29,26,-34.29,0
e2-blocking-100,binary,100,bot_197,4070,w,1,89.78,25,144.84,196,51.16,0
e2-blocking-100,binary,100,bot_197,4070,w,3,88.39,25,143.57,189,45.43,0
e2-blocking-100,binary,100,bot_197,4070,w,5,87.43,25,152.85,200,47.15,0
e2-blocking-100,binary,100,bot_197,4070,w,7,78.02,25,133.39,188,54.61,0
e2-blocking-100,binary,100,bot_197,4070,w,9,69.79,25,113,162,49,0
e2-blocking-100,binary,100,bot_197,4070,w,11,57.21,25,133.6,168,34.4,0
e2-blocking-100,binary,100,bot_197,4070,w,13,48.96,25,149.14,172,22.86,0
e2-blocking-100,binary,100,bot_197,4070,w,15,28.02,25,139.74,159,19.26,0
e2-blocking-100,binary,100,bot_197,4070,w,17,32.22,25,140.07,152,11.93,0
e2-blocking-100,binary,100,bot_197,4070,w,19,48.28,25,141.2,148,6.8,0
e2-blocking-100,binary,100,bot_197,4070,w,21,23.9,25,127.61,124,-3.61,0
e2-blocking-100,binary,100,bot_197,4070,w,23,19.03,25,132.56,123,-9.56,0
e2-blocking-100,binary,100,bot_197,4070,w,25,9.36,25,132.28,117,-15.28,0
e2-blocking-100,binary,100,bot_197,4070,w,27,58.3,25,78.08,121,42.92,0
e2-blocking-100,binary,100,bot_197,4070,w,29,46.31,25,81.38,112,30.62,0
e2-blocking-100,binary,100,bot_197,4070,w,31,44.28,25,79.21,100,20.79,0
e2-blocking-100,binary,100,bot_197,4070,w,33,37.77,25,84.21,96,11.79,0
e2-blocking-100,binary,100,bot_197,4070,w,35,24.62,25,110.79,94,-16.79,0
e2-blocking-100,binary,100,bot_197,4070,w,37,27.86,25,100.76,92,-8.76,0
e2-blocking-100,binary,100,bot_197,4070,w,39,15.38,25,107.9,94,-13.9,0
e2-blocking-100,binary,100,bot_197,4070,w,41,12.9,25,99.12,85,-14.12,0
e2-blocking-100,binary,100,bot_197,4070,w,43,15.17,25,90.92,83,-7.92,0
e2-blocking-100,binary,100,bot_197,4070,w,45,4.53,25,90.59,72,-18.59,0
e2-blocking-100,binary,100,bot_197,4070,w,47,1.98,25,73.51,50,-23.51,0
e2-blocking-100,binary,100,bot_197,4070,w,49,16.47,25,81.3,59,-22.3,0
e2-blocking-100,binary,100,bot_197,4070,w,51,14.76,25,54.39,42,-12.39,0
e2-blocking-100,binary,100,bot_197,4070,w,53,7.75,25,56.38,47,-9.37,0
e2-blocking-100,binary,100,bot_197,4070,w,55,10.54,25,57.72,36,-21.72,0
e2-blocking-100,binary,100,bot_197,4070,w,57,7.41,25,61.57,48,-13.57,0
e2-blocking-100,binary,100,bot_197,4070,w,59,5.14,25,56.55,36,-20.55,0
e2-blocking-100,binary,100,bot_198,4070,b,2,88.88,25,132.73,161,28.27,0
e2-blocking-100,binary,100,bot_198,4070,b,4,80.13,25,137.89,164,26.11,0
e2-blocking-100,binary,100,bot_198,4070,b,6,88.36,25,125.87,165,39.13,0
e2-blocking-100,binary,100,bot_198,4070,b,8,83.76,25,134.13,166,31.87,0
e2-blocking-100,binary,100,bot_198,4070,b,10,67.68,25,126.92,149,22.08,0
e2-blocking-100,binary,100,bot_198,4070,b,12,56.23,25,121.86,132,10.14,0
e2-blocking-100,binary,100,bot_198,4070,b,14,53.75,25,139.11,141,1.89,0
e2-blocking-100,binary,100,bot_198,4070,b,16,45.96,25,141.7,122,-19.7,0
e2-blocking-100,binary,100,bot_198,4070,b,18,40.48,25,143.47,129,-14.47,0
e2-blocking-100,binary,100,bot_198,4070,b,20,30.3,25,137.3,141,3.7,0
e2-blocking-100,binary,100,bot_198,4070,b,22,25.15,25,130.8,107,-23.8,0
e2-blocking-100,binary,100,bot_198,4070,b,24,18.65,25,128.16,101,-27.16,0
e2-blocking-100,binary,100,bot_198,4070,b,26,76.84,25,132.85,95,-37.85,0
e2-blocking-100,binary,100,bot_198,4070,b,28,64.07,25,84.55,96,11.45,0
e2-blocking-100,binary,100,bot_198,4070,b,30,55.29,25,76.51,76,-0.51,0
e2-blocking-100,binary,100,bot_198,4070,b,32,44.73,25,75.78,73,-2.78,0
e2-blocking-100,binary,100,bot_198,4070,b,34,10.53,25,77.85,79,1.15,0
e2-blocking-100,binary,100,bot_198,4070,b,36,18.81,25,75.93,63,-12.93,0
e2-blocking-100,binary,100,bot_198,4070,b,38,11.82,25,76.6,68,-8.6,0
e2-blocking-100,binary,100,bot_198,4070,b,40,12.72,25,98.15,77,-21.15,0
e2-blocking-100,binary,100,bot_198,4070,b,42,19.5,25,85.6,62,-23.6,0
e2-blocking-100,binary,100,bot_198,4070,b,44,9.31,25,89.75,67,-22.75,0
e2-blocking-100,binary,100,bot_198,4070,b,46,3.69,25,77.45,45,-32.45,0
e2-blocking-100,binary,100,bot_198,4070,b,48,4.93,25,89.32,54,-35.32,0
e2-blocking-100,binary,100,bot_198,4070,b,50,14.46,25,61.73,41,-20.73,0
e2-blocking-100,binary,100,bot_198,4070,b,52,17.06,25,63.19,40,-23.19,0
e2-blocking-100,binary,100,bot_198,4070,b,54,4.39,25,59.14,30,-29.14,0
e2-blocking-100,binary,100,bot_198,4070,b,56,13.39,25,58.2,32,-26.2,0
e2-blocking-100,binary,100,bot_198,4070,b,58,5.82,25,53.85,24,-29.85,0
e2-blocking-100,binary,100,bot_198,4070,b,60,1.95,25,60.87,30,-30.87,0
e2-blocking-100,binary,100,bot_199,4071,w,1,93.14,25,128.8,188,59.2,0
e2-blocking-100,binary,100,bot_199,4071,w,3,85.33,25,132.42,176,43.58,0
e2-blocking-100,binary,100,bot_199,4071,w,5,94.01,25,119.95,177,57.05,0
e2-blocking-100,binary,100,bot_199,4071,w,7,89.79,25,128.18,175,46.82,0
e2-blocking-100,binary,100,bot_199,4071,w,9,75.45,25,119.15,159,39.85,0
e2-blocking-100,binary,100,bot_199,4071,w,11,61.19,25,116.66,144,27.34,0
e2-blocking-100,binary,100,bot_199,4071,w,13,62.15,25,130.75,149,18.25,0
e2-blocking-100,binary,100,bot_199,4071,w,15,51.82,25,135.31,131,-4.31,0
e2-blocking-100,binary,100,bot_199,4071,w,17,47.37,25,136.12,137,0.88,0
e2-blocking-100,binary,100,bot_199,4071,w,19,36.57,25,132.76,159,26.24,0
e2-blocking-100,binary,100,bot_199,4071,w,21,31.63,25,123.74,118,-5.74,0
e2-blocking-100,binary,100,bot_199,4071,w,23,25.07,25,121.87,108,-13.87,0
e2-blocking-100,binary,100,bot_199,4071,w,25,16.32,25,125.54,106,-19.54,0
e2-blocking-100,binary,100,bot_199,4071,w,27,77.39,25,131.89,105,-26.89,0
e2-blocking-100,binary,100,bot_199,4071,w,29,61.14,25,70.57,90,19.43,0
e2-blocking-100,binary,100,bot_199,4071,w,31,48.95,25,71.66,84,12.34,0
e2-blocking-100,binary,100,bot_199,4071,w,33,16.15,25,72.46,84,11.54,0
e2-blocking-100,binary,100,bot_199,4071,w,35,25,25,69.43,68,-1.43,0
e2-blocking-100,binary,100,bot_199,4071,w,37,17.52,25,70.76,73,2.24,0
e2-blocking-100,binary,100,bot_199,4071,w,39,17.48,25,93.61,83,-10.61,0
e2-blocking-100,binary,100,bot_199,4071,w,41,25.03,25,79.58,66,-13.58,0
e2-blocking-100,binary,100,bot_199,4071,w,43,17.07,25,81.9,74,-7.9,0
e2-blocking-100,binary,100,bot_199,4071,w,45,7.33,25,74.67,57,-17.67,0
e2-blocking-100,binary,100,bot_199,4071,w,47,10.74,25,83.12,60,-23.12,0
e2-blocking-100,binary,100,bot_199,4071,w,49,21.01,25,68.71,46,-22.71,0
e2-blocking-100,binary,100,bot_199,4071,w,51,23.2,25,57.01,45,-12.01,0
e2-blocking-100,binary,100,bot_199,4071,w,53,7.44,25,55.93,38,-17.93,0
e2-blocking-100,binary,100,bot_199,4071,w,55,15.81,25,64.09,42,-22.09,0
e2-blocking-100,binary,100,bot_199,4071,w,57,3.7,25,51.17,32,-19.17,0
e2-blocking-100,binary,100,bot_199,4071,w,59,6.1,25,55.61,34,-21.61,0
e2-blocking-100,binary,100,bot_200,4071,b,2,90.78,25,140.85,172,31.15,0
e2-blocking-100,binary,100,bot_200,4071,b,4,92.22,25,148.45,185,36.55,0
e2-blocking-100,binary,100,bot_200,4071,b,6,83.32,25,128.19,173,44.81,0
e2-blocking-100,binary,100,bot_200,4071,b,8,74.29,25,108.78,150,41.22,0
e2-blocking-100,binary,100,bot_200,4071,b,10,62.34,25,128.66,154,25.34,0
e2-blocking-100,binary,100,bot_200,4071,b,12,54.21,25,144.02,157,12.98,0
e2-blocking-100,binary,100,bot_200,4071,b,14,31.49,25,136.54,151,14.46,0
e2-blocking-100,binary,100,bot_200,4071,b,16,36.41,25,135.63,138,2.37,0
e2-blocking-100,binary,100,bot_200,4071,b,18,58.31,25,127.87,126,-1.87,0
e2-blocking-100,binary,100,bot_200,4071,b,20,29.92,25,121.62,110,-11.62,0
e2-blocking-100,binary,100,bot_200,4071,b,22,22.17,25,129.67,113,-16.67,0
e2-blocking-100,binary,100,bot_200,4071,b,24,16.11,25,125.94,102,-23.94,0
e2-blocking-100,binary,100,bot_200,4071,b,26,11.42,25,132.07,100,-32.07,0
e2-blocking-100,binary,100,bot_200,4071,b,28,54,25,73.91,102,28.09,0
e2-blocking-100,binary,100,bot_200,4071,b,30,47.27,25,76.4,89,12.6,0
e2-blocking-100,binary,100,bot_200,4071,b,32,40.53,25,81.27,82,0.73,0
e2-blocking-100,binary,100,bot_200,4071,b,34,27.36,25,107.7,88,-19.7,0
e2-blocking-100,binary,100,bot_200,4071,b,36,30.66,25,98.17,85,-13.17,0
e2-blocking-100,binary,100,bot_200,4071,b,38,18.57,25,105.03,85,-20.03,0
e2-blocking-100,binary,100,bot_200,4071,b,40,14.72,25,97.83,77,-20.83,0
e2-blocking-100,binary,100,bot_200,4071,b,42,20.43,25,85.72,73,-12.72,0
e2-blocking-100,binary,100,bot_200,4071,b,44,10.89,25,83.76,62,-21.76,0
e2-blocking-100,binary,100,bot_200,4071,b,46,5.48,25,69.94,40,-29.94,0
e2-blocking-100,binary,100,bot_200,4071,b,48,6.23,25,77.9,51,-26.9,0
e2-blocking-100,binary,100,bot_200,4071,b,50,17.41,25,51.41,35,-16.41,0
e2-blocking-100,binary,100,bot_200,4071,b,52,10.81,25,53.25,39,-14.25,0
e2-blocking-100,binary,100,bot_200,4071,b,54,5.83,25,53.53,23,-30.53,0
e2-blocking-100,binary,100,bot_200,4071,b,56,9.49,25,59.63,38,-21.63,0
e2-blocking-100,binary,100,bot_200,4071,b,58,7.47,25,58.66,25,-33.66,0
e2-blocking-100,binary,100,bot_200,4071,b,60,1.3,25,53.53,22,-31.53,0
