label,format,games,username,game_id,color,ply,rtt_ms,applied_bytes,warmup
e2-nio-100,binary,100,bot_1,3492,w,1,137.3,25,62.02,63,0.98,0
e2-nio-100,binary,100,bot_1,3492,w,3,6.05,25,54.02,53,-1.02,0
e2-nio-100,binary,100,bot_1,3492,w,5,6.44,25,64.34,66,1.66,0
e2-nio-100,binary,100,bot_1,3492,w,7,3.46,25,56.98,59,2.02,0
e2-nio-100,binary,100,bot_1,3492,w,9,10.94,25,67.52,66,-1.52,0
e2-nio-100,binary,100,bot_1,3492,w,11,11.06,25,74.99,79,4.01,0
e2-nio-100,binary,100,bot_1,3492,w,13,8.5,25,84.86,90,5.14,0
e2-nio-100,binary,100,bot_1,3492,w,15,32.45,25,77.91,80,2.09,0
e2-nio-100,binary,100,bot_1,3492,w,17,28.39,25,79.36,105,25.64,0
e2-nio-100,binary,100,bot_1,3492,w,19,20.66,25,106.83,132,25.17,0
e2-nio-100,binary,100,bot_1,3492,w,21,28.06,25,109.85,141,31.15,0
e2-nio-100,binary,100,bot_1,3492,w,23,17.89,25,131.08,147,15.92,0
e2-nio-100,binary,100,bot_1,3492,w,25,15.45,25,139.35,151,11.65,0
e2-nio-100,binary,100,bot_1,3492,w,27,77.95,25,131.93,139,7.07,0
e2-nio-100,binary,100,bot_1,3492,w,29,59.74,25,71.37,121,49.63,0
e2-nio-100,binary,100,bot_1,3492,w,31,64.14,25,100.69,172,71.31,0
e2-nio-100,binary,100,bot_1,3492,w,33,75.43,25,141.8,205,63.2,0
e2-nio-100,binary,100,bot_1,3492,w,35,54.74,25,107.52,164,56.48,0
e2-nio-100,binary,100,bot_1,3492,w,37,46.88,25,132.75,183,50.25,0
e2-nio-100,binary,100,bot_1,3492,w,39,58.33,25,155.68,202,46.32,0
e2-nio-100,binary,100,bot_1,3492,w,41,45.23,25,127.86,176,48.14,0
e2-nio-100,binary,100,bot_1,3492,w,43,75.4,25,111.78,185,73.22,0
e2-nio-100,binary,100,bot_1,3492,w,45,85.2,25,120.69,187,66.31,0
e2-nio-100,binary,100,bot_1,3492,w,47,72.19,25,143.11,201,57.89,0
e2-nio-100,binary,100,bot_1,3492,w,49,94.27,25,137.46,191,53.54,0
e2-nio-100,binary,100,bot_1,3492,w,51,79.04,25,172.77,229,56.23,0
e2-nio-100,binary,100,bot_1,3492,w,53,71.87,25,176.66,221,44.34,0
e2-nio-100,binary,100,bot_1,3492,w,55,72.05,25,190.82,231,40.18,0
e2-nio-100,binary,100,bot_1,3492,w,57,57.48,25,242.58,269,26.42,0
e2-nio-100,binary,100,bot_1,3492,w,59,57.24,25,241.97,275,33.03,0
e2-nio-100,binary,100,bot_2,3492,b,2,10.27,25,54.02,163,108.98,0
e2-nio-100,binary,100,bot_2,3492,b,4,8.88,25,70.73,66,-4.73,0
e2-nio-100,binary,100,bot_2,3492,b,6,7.68,25,61,59,-2,0
e2-nio-100,binary,100,bot_2,3492,b,8,4.76,25,59.45,55,-4.45,0
e2-nio-100,binary,100,bot_2,3492,b,10,10.92,25,69.71,73,3.29,0
e2-nio-100,binary,100,bot_2,3492,b,12,11.95,25,91.46,95,3.54,0
e2-nio-100,binary,100,bot_2,3492,b,14,7.14,25,75.33,76,0.67,0
e2-nio-100,binary,100,bot_2,3492,b,16,31.54,25,77.37,102,24.63,0
e2-nio-100,binary,100,bot_2,3492,b,18,30.58,25,100.57,121,20.43,0
e2-nio-100,binary,100,bot_2,3492,b,20,36.55,25,90.03,102,11.97,0
e2-nio-100,binary,100,bot_2,3492,b,22,22.14,25,109.33,129,19.67,0
e2-nio-100,binary,100,bot_2,3492,b,24,17.51,25,133.52,144,10.48,0
e2-nio-100,binary,100,bot_2,3492,b,26,12.87,25,142.55,150,7.45,0
e2-nio-100,binary,100,bot_2,3492,b,28,56.57,25,87.78,159,71.22,0
e2-nio-100,binary,100,bot_2,3492,b,30,77.99,25,86.16,138,51.84,0
e2-nio-100,binary,100,bot_2,3492,b,32,69.66,25,113.08,170,56.92,0
e2-nio-100,binary,100,bot_2,3492,b,34,62.27,25,124.68,192,67.32,0
e2-nio-100,binary,100,bot_2,3492,b,36,56.88,25,125.86,173,47.14,0
e2-nio-100,binary,100,bot_2,3492,b,38,45.85,25,121.71,161,39.29,0
e2-nio-100,binary,100,bot_2,3492,b,40,54.12,25,170.62,215,44.38,0
e2-nio-100,binary,100,bot_2,3492,b,42,86.93,25,111.74,142,30.26,0
e2-nio-100,binary,100,bot_2,3492,b,44,81.86,25,117.39,178,60.61,0
e2-nio-100,binary,100,bot_2,3492,b,46,73.22,25,143.08,212,68.92,0
e2-nio-100,binary,100,bot_2,3492,b,48,68.09,25,123.79,180,56.21,0
e2-nio-100,binary,100,bot_2,3492,b,50,70.89,25,131.7,210,78.3,0
e2-nio-100,binary,100,bot_2,3492,b,52,59.39,25,165.95,230,64.05,0
e2-nio-100,binary,100,bot_2,3492,b,54,55.01,25,173.88,230,56.12,0
e2-nio-100,binary,100,bot_2,3492,b,56,40.48,25,213.94,270,56.06,0
e2-nio-100,binary,100,bot_2,3492,b,58,49.39,25,243.4,285,41.6,0
e2-nio-100,binary,100,bot_2,3492,b,60,31.23,25,242.81,285,42.19,0
e2-nio-100,binary,100,bot_3,3493,w,1,132.58,25,60.3,58,-2.3,0
e2-nio-100,binary,100,bot_3,3493,w,3,3.68,25,57.56,52,-5.56,0
e2-nio-100,binary,100,bot_3,3493,w,5,3.49,25,67.13,65,-2.13,0
e2-nio-100,binary,100,bot_3,3493,w,7,2.4,25,58.6,56,-2.6,0
e2-nio-100,binary,100,bot_3,3493,w,9,7.33,25,60.42,67,6.58,0
e2-nio-100,binary,100,bot_3,3493,w,11,8.97,25,77.26,79,1.74,0
e2-nio-100,binary,100,bot_3,3493,w,13,6.32,25,86.93,86,-0.93,0
e2-nio-100,binary,100,bot_3,3493,w,15,24.02,25,66.96,85,18.04,0
e2-nio-100,binary,100,bot_3,3493,w,17,26.05,25,81.57,104,22.43,0
e2-nio-100,binary,100,bot_3,3493,w,19,18.86,25,108.2,130,21.8,0
e2-nio-100,binary,100,bot_3,3493,w,21,24.18,25,113.76,139,25.24,0
e2-nio-100,binary,100,bot_3,3493,w,23,17.11,25,131.83,144,12.17,0
e2-nio-100,binary,100,bot_3,3493,w,25,14.22,25,140.62,147,6.38,0
e2-nio-100,binary,100,bot_3,3493,w,27,66.58,25,84.15,146,61.85,0
e2-nio-100,binary,100,bot_3,3493,w,29,57.62,25,73.59,119,45.41,0
e2-nio-100,binary,100,bot_3,3493,w,31,62.8,25,102.04,169,66.96,0
e2-nio-100,binary,100,bot_3,3493,w,33,72.49,25,144.55,203,58.45,0
e2-nio-100,binary,100,bot_3,3493,w,35,52.19,25,109.99,164,54.01,0
e2-nio-100,binary,100,bot_3,3493,w,37,43.8,25,135.8,184,48.2,0
e2-nio-100,binary,100,bot_3,3493,w,39,54.72,25,158.86,199,40.14,0
e2-nio-100,binary,100,bot_3,3493,w,41,47.21,25,126.45,173,46.55,0
e2-nio-100,binary,100,bot_3,3493,w,43,73.09,25,114.23,181,66.77,0
e2-nio-100,binary,100,bot_3,3493,w,45,80.89,25,124.87,187,62.13,0
e2-nio-100,binary,100,bot_3,3493,w,47,68.86,25,146.44,199,52.56,0
e2-nio-100,binary,100,bot_3,3493,w,49,89.57,25,142.19,190,47.81,0
e2-nio-100,binary,100,bot_3,3493,w,51,75.17,25,176.63,227,50.38,0
e2-nio-100,binary,100,bot_3,3493,w,53,68.87,25,179.65,218,38.35,0
e2-nio-100,binary,100,bot_3,3493,w,55,67.95,25,195.11,232,36.89,0
e2-nio-100,binary,100,bot_3,3493,w,57,53.04,25,247.21,268,20.79,0
e2-nio-100,binary,100,bot_3,3493,w,59,53.58,25,246.21,277,30.79,0
e2-nio-100,binary,100,bot_4,3493,b,2,8.02,25,56.35,171,114.65,0
e2-nio-100,binary,100,bot_4,3493,b,4,6.28,25,71.97,69,-2.97,0
e2-nio-100,binary,100,bot_4,3493,b,6,6.62,25,62.45,60,-2.45,0
e2-nio-100,binary,100,bot_4,3493,b,8,13.84,25,60.62,58,-2.62,0
e2-nio-100,binary,100,bot_4,3493,b,10,9.29,25,70.92,74,3.08,0
e2-nio-100,binary,100,bot_4,3493,b,12,7.68,25,95.69,99,3.31,0
e2-nio-100,binary,100,bot_4,3493,b,14,25.01,25,77.61,79,1.39,0
e2-nio-100,binary,100,bot_4,3493,b,16,29.98,25,78.53,97,18.47,0
e2-nio-100,binary,100,bot_4,3493,b,18,28.18,25,103.46,124,20.54,0
e2-nio-100,binary,100,bot_4,3493,b,20,33.75,25,92.97,107,14.03,0
e2-nio-100,binary,100,bot_4,3493,b,22,20.26,25,111.36,131,19.64,0
e2-nio-100,binary,100,bot_4,3493,b,24,14.67,25,136.43,148,11.57,0
e2-nio-100,binary,100,bot_4,3493,b,26,70.67,25,144.4,154,9.6,0
e2-nio-100,binary,100,bot_4,3493,b,28,53.76,25,89.88,153,63.12,0
e2-nio-100,binary,100,bot_4,3493,b,30,75.39,25,88.65,141,52.35,0
e2-nio-100,binary,100,bot_4,3493,b,32,67.41,25,115.43,173,57.57,0
e2-nio-100,binary,100,bot_4,3493,b,34,60.63,25,126.1,194,67.9,0
e2-nio-100,binary,100,bot_4,3493,b,36,55.47,25,127.65,175,47.35,0
e2-nio-100,binary,100,bot_4,3493,b,38,45.58,25,121.61,160,38.39,0
e2-nio-100,binary,100,bot_4,3493,b,40,55.98,25,168.77,217,48.23,0
e2-nio-100,binary,100,bot_4,3493,b,42,83.46,25,115.13,150,34.87,0
e2-nio-100,binary,100,bot_4,3493,b,44,79.08,25,120.14,179,58.86,0
e2-nio-100,binary,100,bot_4,3493,b,46,69.47,25,146.81,214,67.19,0
e2-nio-100,binary,100,bot_4,3493,b,48,65.27,25,126.79,182,55.21,0
e2-nio-100,binary,100,bot_4,3493,b,50,68.34,25,134.27,210,75.73,0
e2-nio-100,binary,100,bot_4,3493,b,52,55.97,25,169.18,231,61.82,0
e2-nio-100,binary,100,bot_4,3493,b,54,53.36,25,175.6,230,54.4,0
e2-nio-100,binary,100,bot_4,3493,b,56,37.36,25,216.85,270,53.15,0
e2-nio-100,binary,100,bot_4,3493,b,58,47.5,25,245.25,285,39.75,0
e2-nio-100,binary,100,bot_4,3493,b,60,30.05,25,243.09,283,39.91,0
e2-nio-100,binary,100,bot_5,3494,w,1,128.14,25,60.11,58,-2.11,0
e2-nio-100,binary,100,bot_5,3494,w,3,3.64,25,53.26,66,12.74,0
e2-nio-100,binary,100,bot_5,3494,w,5,5.48,25,66.95,68,1.05,0
e2-nio-100,binary,100,bot_5,3494,w,7,4.96,25,51.37,65,13.63,0
e2-nio-100,binary,100,bot_5,3494,w,9,5.96,25,61.69,65,3.31,0
e2-nio-100,binary,100,bot_5,3494,w,11,6.76,25,79.68,82,2.32,0
e2-nio-100,binary,100,bot_5,3494,w,13,24.58,25,89.17,89,-0.17,0
e2-nio-100,binary,100,bot_5,3494,w,15,19.66,25,71.09,85,13.91,0
e2-nio-100,binary,100,bot_5,3494,w,17,21.33,25,85.97,108,22.03,0
e2-nio-100,binary,100,bot_5,3494,w,19,14.45,25,111.73,132,20.27,0
e2-nio-100,binary,100,bot_5,3494,w,21,17.4,25,120.47,145,24.53,0
e2-nio-100,binary,100,bot_5,3494,w,23,11.82,25,137.16,149,11.84,0
e2-nio-100,binary,100,bot_5,3494,w,25,67.83,25,90.32,163,72.68,0
e2-nio-100,binary,100,bot_5,3494,w,27,61.21,25,89.59,140,50.41,0
e2-nio-100,binary,100,bot_5,3494,w,29,52.17,25,79.74,124,44.26,0
e2-nio-100,binary,100,bot_5,3494,w,31,55.28,25,109.73,166,56.27,0
e2-nio-100,binary,100,bot_5,3494,w,33,63.13,25,153.58,201,47.42,0
e2-nio-100,binary,100,bot_5,3494,w,35,38.33,25,123.95,171,47.05,0
e2-nio-100,binary,100,bot_5,3494,w,37,34.18,25,145.25,183,37.75,0
e2-nio-100,binary,100,bot_5,3494,w,39,42.81,25,172.91,202,29.09,0
e2-nio-100,binary,100,bot_5,3494,w,41,28.4,25,144.49,178,33.51,0
e2-nio-100,binary,100,bot_5,3494,w,43,70.14,25,117.33,183,65.67,0
e2-nio-100,binary,100,bot_5,3494,w,45,75.97,25,129.68,192,62.32,0
e2-nio-100,binary,100,bot_5,3494,w,47,66.23,25,149.1,204,54.9,0
e2-nio-100,binary,100,bot_5,3494,w,49,84.51,25,147.24,195,47.76,0
e2-nio-100,binary,100,bot_5,3494,w,51,68.47,25,183.35,235,51.65,0
e2-nio-100,binary,100,bot_5,3494,w,53,60.95,25,187.55,224,36.45,0
e2-nio-100,binary,100,bot_5,3494,w,55,61.87,25,201.32,236,34.68,0
e2-nio-100,binary,100,bot_5,3494,w,57,49.38,25,251.08,272,20.92,0
e2-nio-100,binary,100,bot_5,3494,w,59,49.45,25,250.56,281,30.44,0
e2-nio-100,binary,100,bot_6,3494,b,2,20.59,25,58.9,173,114.1,0
e2-nio-100,binary,100,bot_6,3494,b,4,5.66,25,62.89,60,-2.89,0
e2-nio-100,binary,100,bot_6,3494,b,6,18.51,25,61.05,62,0.95,0
e2-nio-100,binary,100,bot_6,3494,b,8,10.04,25,55.89,57,1.11,0
e2-nio-100,binary,100,bot_6,3494,b,10,8.31,25,71.88,75,3.12,0
e2-nio-100,binary,100,bot_6,3494,b,12,5.88,25,97.75,100,2.25,0
e2-nio-100,binary,100,bot_6,3494,b,14,19.38,25,63.25,85,21.75,0
e2-nio-100,binary,100,bot_6,3494,b,16,26.65,25,81.87,97,15.13,0
e2-nio-100,binary,100,bot_6,3494,b,18,25.17,25,107.47,124,16.53,0
e2-nio-100,binary,100,bot_6,3494,b,20,30.04,25,96.87,107,10.13,0
e2-nio-100,binary,100,bot_6,3494,b,22,17.16,25,114.54,129,14.46,0
e2-nio-100,binary,100,bot_6,3494,b,24,78.54,25,140.98,148,7.02,0
e2-nio-100,binary,100,bot_6,3494,b,26,55.58,25,88.25,152,63.75,0
e2-nio-100,binary,100,bot_6,3494,b,28,49.14,25,93.83,151,57.17,0
e2-nio-100,binary,100,bot_6,3494,b,30,61.51,25,102.45,150,47.55,0
e2-nio-100,binary,100,bot_6,3494,b,32,53.14,25,130.02,181,50.98,0
e2-nio-100,binary,100,bot_6,3494,b,34,51.49,25,134.55,194,59.45,0
e2-nio-100,binary,100,bot_6,3494,b,36,43.09,25,140.75,176,35.25,0
e2-nio-100,binary,100,bot_6,3494,b,38,33.82,25,132.69,163,30.31,0
e2-nio-100,binary,100,bot_6,3494,b,40,38.6,25,184.2,224,39.8,0
e2-nio-100,binary,100,bot_6,3494,b,42,79.54,25,118.92,134,15.08,0
e2-nio-100,binary,100,bot_6,3494,b,44,76.44,25,122.76,178,55.24,0
e2-nio-100,binary,100,bot_6,3494,b,46,69.17,25,146.99,209,62.01,0
e2-nio-100,binary,100,bot_6,3494,b,48,62.61,25,129.67,182,52.33,0
e2-nio-100,binary,100,bot_6,3494,b,50,65.83,25,136.79,208,71.21,0
e2-nio-100,binary,100,bot_6,3494,b,52,51.06,25,173.87,229,55.13,0
e2-nio-100,binary,100,bot_6,3494,b,54,49.63,25,179.61,227,47.39,0
e2-nio-100,binary,100,bot_6,3494,b,56,34.41,25,219.52,267,47.48,0
e2-nio-100,binary,100,bot_6,3494,b,58,44.78,25,247.94,284,36.06,0
e2-nio-100,binary,100,bot_6,3494,b,60,25.48,25,247.5,283,35.5,0
e2-nio-100,binary,100,bot_7,3495,w,1,122.55,25,55.14,56,0.86,0
e2-nio-100,binary,100,bot_7,3495,w,3,27.98,25,55.98,68,12.02,0
e2-nio-100,binary,100,bot_7,3495,w,5,12.3,25,54.48,54,-0.48,0
e2-nio-100,binary,100,bot_7,3495,w,7,3.55,25,54.35,56,1.65,0
e2-nio-100,binary,100,bot_7,3495,w,9,4.29,25,51.32,68,16.68,0
e2-nio-100,binary,100,bot_7,3495,w,11,27.69,25,78.97,85,6.03,0
e2-nio-100,binary,100,bot_7,3495,w,13,13.28,25,70.38,87,16.62,0
e2-nio-100,binary,100,bot_7,3495,w,15,15.52,25,76.61,85,8.39,0
e2-nio-100,binary,100,bot_7,3495,w,17,8.21,25,98.21,109,10.79,0
e2-nio-100,binary,100,bot_7,3495,w,19,29.51,25,115.99,125,9.01,0
e2-nio-100,binary,100,bot_7,3495,w,21,52.93,25,93.84,136,42.16,0
e2-nio-100,binary,100,bot_7,3495,w,23,54.48,25,90.28,150,59.72,0
e2-nio-100,binary,100,bot_7,3495,w,25,51.94,25,106.43,152,45.57,0
e2-nio-100,binary,100,bot_7,3495,w,27,37.86,25,112.54,144,31.46,0
e2-nio-100,binary,100,bot_7,3495,w,29,40.49,25,93.35,117,23.65,0
e2-nio-100,binary,100,bot_7,3495,w,31,41.4,25,124.53,159,34.47,0
e2-nio-100,binary,100,bot_7,3495,w,33,41.71,25,174.66,199,24.34,0
e2-nio-100,binary,100,bot_7,3495,w,35,21.91,25,140.21,162,21.79,0
e2-nio-100,binary,100,bot_7,3495,w,37,19.71,25,159.57,176,16.43,0
e2-nio-100,binary,100,bot_7,3495,w,39,91.65,25,198.09,208,9.91,0
e2-nio-100,binary,100,bot_7,3495,w,41,61.85,25,128.3,175,46.7,0
e2-nio-100,binary,100,bot_7,3495,w,43,46.49,25,131.61,181,49.39,0
e2-nio-100,binary,100,bot_7,3495,w,45,56.61,25,155.46,192,36.54,0
e2-nio-100,binary,100,bot_7,3495,w,47,38.55,25,145.13,196,50.88,0
e2-nio-100,binary,100,bot_7,3495,w,49,26.97,25,199.36,228,28.64,0
e2-nio-100,binary,100,bot_7,3495,w,51,34.11,25,206.38,229,22.62,0
e2-nio-100,binary,100,bot_7,3495,w,53,29.83,25,215.31,231,15.69,0
e2-nio-100,binary,100,bot_7,3495,w,55,28.85,25,262.73,275,12.27,0
e2-nio-100,binary,100,bot_7,3495,w,57,22.61,25,278.78,294,15.22,0
e2-nio-100,binary,100,bot_7,3495,w,59,18.14,25,287,292,5,0
e2-nio-100,binary,100,bot_8,3495,b,2,18.7,25,60.73,173,112.27,0
e2-nio-100,binary,100,bot_8,3495,b,4,5.38,25,53.23,77,23.77,0
e2-nio-100,binary,100,bot_8,3495,b,6,10.15,25,58.92,66,7.08,0
e2-nio-100,binary,100,bot_8,3495,b,8,22.23,25,60.47,59,-1.47,0
e2-nio-100,binary,100,bot_8,3495,b,10,12.19,25,75.74,77,1.26,0
e2-nio-100,binary,100,bot_8,3495,b,12,22.34,25,77.58,102,24.42,0
e2-nio-100,binary,100,bot_8,3495,b,14,12.95,25,69.33,78,8.67,0
e2-nio-100,binary,100,bot_8,3495,b,16,16.02,25,91.41,104,12.59,0
e2-nio-100,binary,100,bot_8,3495,b,18,14.66,25,120.29,126,5.71,0
e2-nio-100,binary,100,bot_8,3495,b,20,48.17,25,107.52,133,25.48,0
e2-nio-100,binary,100,bot_8,3495,b,22,65.39,25,79.39,128,48.61,0
e2-nio-100,binary,100,bot_8,3495,b,24,49.67,25,103.24,154,50.76,0
e2-nio-100,binary,100,bot_8,3495,b,26,36.41,25,106.65,155,48.35,0
e2-nio-100,binary,100,bot_8,3495,b,28,29.16,25,113.58,148,34.42,0
e2-nio-100,binary,100,bot_8,3495,b,30,40.72,25,122.6,160,37.4,0
e2-nio-100,binary,100,bot_8,3495,b,32,29.33,25,153.61,192,38.39,0
e2-nio-100,binary,100,bot_8,3495,b,34,26.89,25,157.45,196,38.55,0
e2-nio-100,binary,100,bot_8,3495,b,36,21.63,25,163.61,182,18.39,0
e2-nio-100,binary,100,bot_8,3495,b,38,14.18,25,151.69,168,16.31,0
e2-nio-100,binary,100,bot_8,3495,b,40,60.49,25,149.1,236,86.9,0
e2-nio-100,binary,100,bot_8,3495,b,42,63.21,25,133.11,182,48.89,0
e2-nio-100,binary,100,bot_8,3495,b,44,50.83,25,152.94,186,33.06,0
e2-nio-100,binary,100,bot_8,3495,b,46,65.22,25,165.98,210,44.02,0
e2-nio-100,binary,100,bot_8,3495,b,48,43.01,25,164.81,190,25.19,0
e2-nio-100,binary,100,bot_8,3495,b,50,36.93,25,177.46,192,14.54,0
e2-nio-100,binary,100,bot_8,3495,b,52,29.24,25,199.28,220,20.72,0
e2-nio-100,binary,100,bot_8,3495,b,54,27.15,25,202.97,220,17.03,0
e2-nio-100,binary,100,bot_8,3495,b,56,27.68,25,224.4,240,15.6,0
e2-nio-100,binary,100,bot_8,3495,b,58,18.4,25,268.78,279,10.22,0
e2-nio-100,binary,100,bot_8,3495,b,60,10.26,25,234.46,240,5.54,0
e2-nio-100,binary,100,bot_9,3496,w,1,118.91,25,54.5,169,114.5,0
e2-nio-100,binary,100,bot_9,3496,w,3,23.57,25,61.47,71,9.53,0
e2-nio-100,binary,100,bot_9,3496,w,5,5.46,25,54.9,60,5.1,0
e2-nio-100,binary,100,bot_9,3496,w,7,3.51,25,55.23,61,5.77,0
e2-nio-100,binary,100,bot_9,3496,w,9,3.23,25,54.38,63,8.62,0
e2-nio-100,binary,100,bot_9,3496,w,11,20.1,25,86.92,91,4.08,0
e2-nio-100,binary,100,bot_9,3496,w,13,7.92,25,75.86,89,13.14,0
e2-nio-100,binary,100,bot_9,3496,w,15,10.74,25,82.23,88,5.77,0
e2-nio-100,binary,100,bot_9,3496,w,17,34.11,25,78.42,114,35.58,0
e2-nio-100,binary,100,bot_9,3496,w,19,16.66,25,59.68,115,55.32,0
e2-nio-100,binary,100,bot_9,3496,w,21,46.06,25,100.58,141,40.42,0
e2-nio-100,binary,100,bot_9,3496,w,23,46.17,25,98.58,148,49.42,0
e2-nio-100,binary,100,bot_9,3496,w,25,45.02,25,113.7,151,37.3,0
e2-nio-100,binary,100,bot_9,3496,w,27,29.29,25,121.56,146,24.44,0
e2-nio-100,binary,100,bot_9,3496,w,29,33.59,25,100.62,121,20.38,0
e2-nio-100,binary,100,bot_9,3496,w,31,33.96,25,131.93,161,29.07,0
e2-nio-100,binary,100,bot_9,3496,w,33,32.14,25,183.48,203,19.52,0
e2-nio-100,binary,100,bot_9,3496,w,35,15.56,25,146.42,162,15.58,0
e2-nio-100,binary,100,bot_9,3496,w,37,55.63,25,110.09,195,84.91,0
e2-nio-100,binary,100,bot_9,3496,w,39,64.12,25,153.56,220,66.44,0
e2-nio-100,binary,100,bot_9,3496,w,41,53.32,25,137.12,177,39.88,0
e2-nio-100,binary,100,bot_9,3496,w,43,41.21,25,137.05,176,38.95,0
e2-nio-100,binary,100,bot_9,3496,w,45,47.32,25,164.53,196,31.47,0
e2-nio-100,binary,100,bot_9,3496,w,47,32.05,25,151.15,195,43.85,0
e2-nio-100,binary,100,bot_9,3496,w,49,23.86,25,202.27,223,20.73,0
e2-nio-100,binary,100,bot_9,3496,w,51,28.18,25,212.2,230,17.8,0
e2-nio-100,binary,100,bot_9,3496,w,53,23.57,25,221.41,233,11.59,0
e2-nio-100,binary,100,bot_9,3496,w,55,19.39,25,272.21,280,7.79,0
e2-nio-100,binary,100,bot_9,3496,w,57,13.41,25,288.27,294,5.73,0
e2-nio-100,binary,100,bot_9,3496,w,59,152.67,25,128.11,307,178.89,0
e2-nio-100,binary,100,bot_10,3496,b,2,14.17,25,64.93,63,-1.93,0
e2-nio-100,binary,100,bot_10,3496,b,4,9.04,25,55.88,74,18.13,0
e2-nio-100,binary,100,bot_10,3496,b,6,9.91,25,65,67,2,0
e2-nio-100,binary,100,bot_10,3496,b,8,12.93,25,64.67,65,0.33,0
e2-nio-100,binary,100,bot_10,3496,b,10,6.93,25,76.8,77,0.2,0
e2-nio-100,binary,100,bot_10,3496,b,12,15.97,25,82.91,98,15.09,0
e2-nio-100,binary,100,bot_10,3496,b,14,7.92,25,74.26,78,3.74,0
e2-nio-100,binary,100,bot_10,3496,b,16,39.58,25,99.35,106,6.65,0
e2-nio-100,binary,100,bot_10,3496,b,18,59.39,25,106.38,137,30.62,0
e2-nio-100,binary,100,bot_10,3496,b,20,43.46,25,112.33,126,13.67,0
e2-nio-100,binary,100,bot_10,3496,b,22,53.13,25,91.96,134,42.04,0
e2-nio-100,binary,100,bot_10,3496,b,24,39.7,25,112.67,154,41.33,0
e2-nio-100,binary,100,bot_10,3496,b,26,26.93,25,115.7,156,40.3,0
e2-nio-100,binary,100,bot_10,3496,b,28,23.57,25,118.75,144,25.25,0
e2-nio-100,binary,100,bot_10,3496,b,30,31.2,25,132.4,163,30.6,0
e2-nio-100,binary,100,bot_10,3496,b,32,23.97,25,159.77,190,30.23,0
e2-nio-100,binary,100,bot_10,3496,b,34,18.82,25,165.22,195,29.78,0
e2-nio-100,binary,100,bot_10,3496,b,36,88,25,170.54,182,11.46,0
e2-nio-100,binary,100,bot_10,3496,b,38,68.78,25,110.47,162,51.53,0
e2-nio-100,binary,100,bot_10,3496,b,40,52.56,25,156.35,216,59.65,0
e2-nio-100,binary,100,bot_10,3496,b,42,51.54,25,144.46,184,39.54,0
e2-nio-100,binary,100,bot_10,3496,b,44,44.28,25,159.5,186,26.5,0
e2-nio-100,binary,100,bot_10,3496,b,46,56.78,25,174.64,208,33.36,0
e2-nio-100,binary,100,bot_10,3496,b,48,33.81,25,174.69,193,18.31,0
e2-nio-100,binary,100,bot_10,3496,b,50,30.88,25,183.44,194,10.56,0
e2-nio-100,binary,100,bot_10,3496,b,52,24.34,25,204.32,218,13.68,0
e2-nio-100,binary,100,bot_10,3496,b,54,20.62,25,209.64,220,10.36,0
e2-nio-100,binary,100,bot_10,3496,b,56,18.83,25,233.32,238,4.68,0
e2-nio-100,binary,100,bot_10,3496,b,58,192.36,25,275.49,275,-0.49,0
e2-nio-100,binary,100,bot_10,3496,b,60,157.56,25,93.72,232,138.28,0
e2-nio-100,binary,100,bot_11,3497,w,1,107.93,25,55.82,161,105.18,0
e2-nio-100,binary,100,bot_11,3497,w,3,21.54,25,80.2,81,0.8,0
e2-nio-100,binary,100,bot_11,3497,w,5,10.85,25,57.79,61,3.21,0
e2-nio-100,binary,100,bot_11,3497,w,7,3.98,25,55.84,55,-0.84,0
e2-nio-100,binary,100,bot_11,3497,w,9,9.91,25,68.44,76,7.56,0
e2-nio-100,binary,100,bot_11,3497,w,11,23.85,25,88.51,94,5.49,0
e2-nio-100,binary,100,bot_11,3497,w,13,13.11,25,68.84,82,13.16,0
e2-nio-100,binary,100,bot_11,3497,w,15,10.54,25,88.23,96,7.77,0
e2-nio-100,binary,100,bot_11,3497,w,17,8.78,25,105.43,106,0.57,0
e2-nio-100,binary,100,bot_11,3497,w,19,16.03,25,81.64,98,16.36,0
e2-nio-100,binary,100,bot_11,3497,w,21,18.11,25,126.3,141,14.7,0
e2-nio-100,binary,100,bot_11,3497,w,23,17.84,25,126.6,143,16.4,0
e2-nio-100,binary,100,bot_11,3497,w,25,15.17,25,145.96,155,9.04,0
e2-nio-100,binary,100,bot_11,3497,w,27,61.26,25,91.06,158,66.94,0
e2-nio-100,binary,100,bot_11,3497,w,29,46.79,25,90.78,133,42.22,0
e2-nio-100,binary,100,bot_11,3497,w,31,57.88,25,108.7,160,51.3,0
e2-nio-100,binary,100,bot_11,3497,w,33,54.79,25,139.9,209,69.1,0
e2-nio-100,binary,100,bot_11,3497,w,35,40.91,25,123.85,156,32.15,0
e2-nio-100,binary,100,bot_11,3497,w,37,26.23,25,139.15,178,38.85,0
e2-nio-100,binary,100,bot_11,3497,w,39,35.43,25,182.66,222,39.34,0
e2-nio-100,binary,100,bot_11,3497,w,41,29.33,25,161.92,171,9.08,0
e2-nio-100,binary,100,bot_11,3497,w,43,22.39,25,156.95,166,9.05,0
e2-nio-100,binary,100,bot_11,3497,w,45,14.49,25,196.89,204,7.11,0
e2-nio-100,binary,100,bot_11,3497,w,47,121.85,25,174.13,177,2.87,0
e2-nio-100,binary,100,bot_11,3497,w,49,108.86,25,93.05,212,118.95,0
e2-nio-100,binary,100,bot_11,3497,w,51,122.29,25,106.54,232,125.46,0
e2-nio-100,binary,100,bot_11,3497,w,53,119.13,25,108.01,233,124.99,0
e2-nio-100,binary,100,bot_11,3497,w,55,103.14,25,155.04,277,121.96,0
e2-nio-100,binary,100,bot_11,3497,w,57,115.17,25,177.63,297,119.37,0
e2-nio-100,binary,100,bot_11,3497,w,59,89.89,25,187.94,300,112.06,0
e2-nio-100,binary,100,bot_12,3497,b,2,6,25,72.99,73,0.01,0
e2-nio-100,binary,100,bot_12,3497,b,4,10.93,25,50.8,68,17.2,0
e2-nio-100,binary,100,bot_12,3497,b,6,4.56,25,57.02,64,6.98,0
e2-nio-100,binary,100,bot_12,3497,b,8,12.98,25,72.86,74,1.14,0
e2-nio-100,binary,100,bot_12,3497,b,10,12.08,25,60.5,66,5.5,0
e2-nio-100,binary,100,bot_12,3497,b,12,20.15,25,75.09,94,18.91,0
e2-nio-100,binary,100,bot_12,3497,b,14,12.82,25,68.63,78,9.37,0
e2-nio-100,binary,100,bot_12,3497,b,16,7.15,25,101.61,107,5.39,0
e2-nio-100,binary,100,bot_12,3497,b,18,22.17,25,143.03,148,4.97,0
e2-nio-100,binary,100,bot_12,3497,b,20,21.51,25,113.47,126,12.53,0
e2-nio-100,binary,100,bot_12,3497,b,22,21.93,25,125.7,141,15.3,0
e2-nio-100,binary,100,bot_12,3497,b,24,13.57,25,137.73,152,14.27,0
e2-nio-100,binary,100,bot_12,3497,b,26,73.04,25,130.7,142,11.3,0
e2-nio-100,binary,100,bot_12,3497,b,28,48.09,25,81.22,140,58.78,0
e2-nio-100,binary,100,bot_12,3497,b,30,56.37,25,122.71,166,43.29,0
e2-nio-100,binary,100,bot_12,3497,b,32,74.28,25,131.13,185,53.87,0
e2-nio-100,binary,100,bot_12,3497,b,34,37.17,25,136.73,187,50.27,0
e2-nio-100,binary,100,bot_12,3497,b,36,44.3,25,148.72,187,38.28,0
e2-nio-100,binary,100,bot_12,3497,b,38,45.14,25,135.61,159,23.39,0
e2-nio-100,binary,100,bot_12,3497,b,40,23.84,25,183.46,216,32.54,0
e2-nio-100,binary,100,bot_12,3497,b,42,23.24,25,172.29,187,14.71,0
e2-nio-100,binary,100,bot_12,3497,b,44,21.55,25,182.64,191,8.36,0
e2-nio-100,binary,100,bot_12,3497,b,46,17.59,25,214.19,215,0.81,0
e2-nio-100,binary,100,bot_12,3497,b,48,133.46,25,99.12,207,107.88,0
e2-nio-100,binary,100,bot_12,3497,b,50,139.54,25,112.88,208,95.13,0
e2-nio-100,binary,100,bot_12,3497,b,52,140.23,25,108.52,216,107.48,0
e2-nio-100,binary,100,bot_12,3497,b,54,134.98,25,125.43,230,104.57,0
e2-nio-100,binary,100,bot_12,3497,b,56,132.95,25,162.93,252,89.07,0
e2-nio-100,binary,100,bot_12,3497,b,58,126.33,25,172.45,273,100.55,0
e2-nio-100,binary,100,bot_12,3497,b,60,115.25,25,139.04,216,76.96,0
e2-nio-100,binary,100,bot_13,3498,w,1,103.28,25,54.94,155,100.06,0
e2-nio-100,binary,100,bot_13,3498,w,3,17.6,25,67.81,75,7.19,0
e2-nio-100,binary,100,bot_13,3498,w,5,10.12,25,57.5,58,0.5,0
e2-nio-100,binary,100,bot_13,3498,w,7,4.24,25,56.24,57,0.76,0
e2-nio-100,binary,100,bot_13,3498,w,9,2.64,25,55.04,59,3.96,0
e2-nio-100,binary,100,bot_13,3498,w,11,18.84,25,87.45,89,1.55,0
e2-nio-100,binary,100,bot_13,3498,w,13,6.66,25,77.37,87,9.63,0
e2-nio-100,binary,100,bot_13,3498,w,15,36.29,25,85.54,89,3.46,0
e2-nio-100,binary,100,bot_13,3498,w,17,30.45,25,81.84,111,29.16,0
e2-nio-100,binary,100,bot_13,3498,w,19,13.03,25,63.05,110,46.95,0
e2-nio-100,binary,100,bot_13,3498,w,21,40.07,25,106.21,142,35.79,0
e2-nio-100,binary,100,bot_13,3498,w,23,38.46,25,106.48,151,44.52,0
e2-nio-100,binary,100,bot_13,3498,w,25,38.04,25,121.14,154,32.86,0
e2-nio-100,binary,100,bot_13,3498,w,27,24.72,25,126.28,147,20.72,0
e2-nio-100,binary,100,bot_13,3498,w,29,25.72,25,108.87,127,18.13,0
e2-nio-100,binary,100,bot_13,3498,w,31,26.46,25,139.63,164,24.37,0
e2-nio-100,binary,100,bot_13,3498,w,33,18.98,25,196.79,215,18.21,0
e2-nio-100,binary,100,bot_13,3498,w,35,57.69,25,106.41,178,71.59,0
e2-nio-100,binary,100,bot_13,3498,w,37,45.77,25,119.56,183,63.44,0
e2-nio-100,binary,100,bot_13,3498,w,39,55.84,25,162.46,225,62.54,0
e2-nio-100,binary,100,bot_13,3498,w,41,46.12,25,144.74,179,34.26,0
e2-nio-100,binary,100,bot_13,3498,w,43,37.12,25,141.51,172,30.49,0
e2-nio-100,binary,100,bot_13,3498,w,45,39.22,25,172.14,198,25.86,0
e2-nio-100,binary,100,bot_13,3498,w,47,25.96,25,156.88,192,35.12,0
e2-nio-100,binary,100,bot_13,3498,w,49,18.65,25,207.5,224,16.5,0
e2-nio-100,binary,100,bot_13,3498,w,51,22.29,25,218.11,229,10.89,0
e2-nio-100,binary,100,bot_13,3498,w,53,15.39,25,229.5,234,4.5,0
e2-nio-100,binary,100,bot_13,3498,w,55,148.72,25,279.58,280,0.42,0
e2-nio-100,binary,100,bot_13,3498,w,57,160.62,25,132.14,296,163.86,0
e2-nio-100,binary,100,bot_13,3498,w,59,139.02,25,141.02,298,156.98,0
e2-nio-100,binary,100,bot_14,3498,b,2,12.08,25,66.8,65,-1.8,0
e2-nio-100,binary,100,bot_14,3498,b,4,5.29,25,59.34,72,12.66,0
e2-nio-100,binary,100,bot_14,3498,b,6,4.3,25,63.43,69,5.57,0
e2-nio-100,binary,100,bot_14,3498,b,8,7.3,25,68.45,68,-0.45,0
e2-nio-100,binary,100,bot_14,3498,b,10,4.68,25,79.91,79,-0.91,0
e2-nio-100,binary,100,bot_14,3498,b,12,12.84,25,85.95,101,15.05,0
e2-nio-100,binary,100,bot_14,3498,b,14,5.55,25,76.38,79,2.62,0
e2-nio-100,binary,100,bot_14,3498,b,16,32.91,25,77.64,111,33.36,0
e2-nio-100,binary,100,bot_14,3498,b,18,51.97,25,113.72,141,27.28,0
e2-nio-100,binary,100,bot_14,3498,b,20,39.3,25,116.81,126,9.19,0
e2-nio-100,binary,100,bot_14,3498,b,22,46.93,25,98.52,134,35.48,0
e2-nio-100,binary,100,bot_14,3498,b,24,34.9,25,117.02,151,33.98,0
e2-nio-100,binary,100,bot_14,3498,b,26,24.03,25,118.12,152,33.88,0
e2-nio-100,binary,100,bot_14,3498,b,28,21.05,25,121.14,142,20.86,0
e2-nio-100,binary,100,bot_14,3498,b,30,26.54,25,137.06,159,21.94,0
e2-nio-100,binary,100,bot_14,3498,b,32,22.82,25,161.04,184,22.96,0
e2-nio-100,binary,100,bot_14,3498,b,34,74.74,25,171.17,187,15.83,0
e2-nio-100,binary,100,bot_14,3498,b,36,67.25,25,126.86,180,53.14,0
e2-nio-100,binary,100,bot_14,3498,b,38,65.4,25,114.09,155,40.91,0
e2-nio-100,binary,100,bot_14,3498,b,40,46.81,25,161.22,213,51.78,0
e2-nio-100,binary,100,bot_14,3498,b,42,42.42,25,153.09,186,32.91,0
e2-nio-100,binary,100,bot_14,3498,b,44,39.04,25,164.75,188,23.25,0
e2-nio-100,binary,100,bot_14,3498,b,46,47.69,25,184.18,209,24.82,0
e2-nio-100,binary,100,bot_14,3498,b,48,28.66,25,179.97,193,13.03,0
e2-nio-100,binary,100,bot_14,3498,b,50,24.59,25,189.94,195,5.06,0
e2-nio-100,binary,100,bot_14,3498,b,52,17.21,25,211.52,220,8.48,0
e2-nio-100,binary,100,bot_14,3498,b,54,14.15,25,216.36,218,1.64,0
e2-nio-100,binary,100,bot_14,3498,b,56,175.76,25,118.52,253,134.48,0
e2-nio-100,binary,100,bot_14,3498,b,58,169.37,25,129.48,275,145.52,0
e2-nio-100,binary,100,bot_14,3498,b,60,149.53,25,102.26,227,124.74,0
e2-nio-100,binary,100,bot_15,3499,w,1,78.38,25,62.62,145,82.38,0
e2-nio-100,binary,100,bot_15,3499,w,3,8.88,25,77.48,81,3.52,0
e2-nio-100,binary,100,bot_15,3499,w,5,14.21,25,65.06,65,-0.06,0
e2-nio-100,binary,100,bot_15,3499,w,7,2.83,25,54.18,57,2.82,0
e2-nio-100,binary,100,bot_15,3499,w,9,13.67,25,64.51,76,11.49,0
e2-nio-100,binary,100,bot_15,3499,w,11,28.5,25,84.23,96,11.77,0
e2-nio-100,binary,100,bot_15,3499,w,13,16.38,25,65.74,85,19.26,0
e2-nio-100,binary,100,bot_15,3499,w,15,14.61,25,84.33,98,13.67,0
e2-nio-100,binary,100,bot_15,3499,w,17,13.82,25,100.12,110,9.88,0
e2-nio-100,binary,100,bot_15,3499,w,19,18.41,25,79.24,100,20.76,0
e2-nio-100,binary,100,bot_15,3499,w,21,18.7,25,126.12,146,19.88,0
e2-nio-100,binary,100,bot_15,3499,w,23,21.13,25,123.11,146,22.89,0
e2-nio-100,binary,100,bot_15,3499,w,25,21.89,25,139.05,154,14.95,0
e2-nio-100,binary,100,bot_15,3499,w,27,74.5,25,142.07,150,7.93,0
e2-nio-100,binary,100,bot_15,3499,w,29,49.35,25,88.05,135,46.95,0
e2-nio-100,binary,100,bot_15,3499,w,31,62.96,25,103.76,162,58.24,0
e2-nio-100,binary,100,bot_15,3499,w,33,58.72,25,135.95,213,77.05,0
e2-nio-100,binary,100,bot_15,3499,w,35,43.2,25,121.48,161,39.52,0
e2-nio-100,binary,100,bot_15,3499,w,37,28.61,25,136.65,180,43.35,0
e2-nio-100,binary,100,bot_15,3499,w,39,39.23,25,178.93,227,48.07,0
e2-nio-100,binary,100,bot_15,3499,w,41,29.55,25,161.81,179,17.19,0
e2-nio-100,binary,100,bot_15,3499,w,43,24.76,25,154.48,168,13.52,0
e2-nio-100,binary,100,bot_15,3499,w,45,19.65,25,191.83,203,11.17,0
e2-nio-100,binary,100,bot_15,3499,w,47,12.14,25,169.91,178,8.09,0
e2-nio-100,binary,100,bot_15,3499,w,49,111.7,25,90.61,225,134.39,0
e2-nio-100,binary,100,bot_15,3499,w,51,127.97,25,101.14,231,129.86,0
e2-nio-100,binary,100,bot_15,3499,w,53,125.24,25,101.93,234,132.07,0
e2-nio-100,binary,100,bot_15,3499,w,55,109.15,25,149.38,279,129.62,0
e2-nio-100,binary,100,bot_15,3499,w,57,123.26,25,169.64,296,126.36,0
e2-nio-100,binary,100,bot_15,3499,w,59,98.2,25,179.92,300,120.08,0
e2-nio-100,binary,100,bot_16,3499,b,2,7.6,25,71.42,70,-1.42,0
e2-nio-100,binary,100,bot_16,3499,b,4,3.84,25,61.34,65,3.66,0
e2-nio-100,binary,100,bot_16,3499,b,6,6.07,25,56.19,67,10.81,0
e2-nio-100,binary,100,bot_16,3499,b,8,16.18,25,73.23,71,-2.23,0
e2-nio-100,binary,100,bot_16,3499,b,10,14.85,25,57.43,67,9.57,0
e2-nio-100,binary,100,bot_16,3499,b,12,23.9,25,71.12,94,22.88,0
e2-nio-100,binary,100,bot_16,3499,b,14,15.69,25,65.89,78,12.11,0
e2-nio-100,binary,100,bot_16,3499,b,16,12.45,25,96.28,107,10.72,0
e2-nio-100,binary,100,bot_16,3499,b,18,24.94,25,140.53,151,10.47,0
e2-nio-100,binary,100,bot_16,3499,b,20,23.13,25,111.47,127,15.53,0
e2-nio-100,binary,100,bot_16,3499,b,22,26.12,25,121.28,136,14.72,0
e2-nio-100,binary,100,bot_16,3499,b,24,16.8,25,134.96,152,17.04,0
e2-nio-100,binary,100,bot_16,3499,b,26,10.99,25,128.09,146,17.91,0
e2-nio-100,binary,100,bot_16,3499,b,28,50.69,25,79.26,150,70.74,0
e2-nio-100,binary,100,bot_16,3499,b,30,62.36,25,116.57,162,45.43,0
e2-nio-100,binary,100,bot_16,3499,b,32,79.3,25,125.92,185,59.08,0
e2-nio-100,binary,100,bot_16,3499,b,34,42.39,25,131.67,186,54.33,0
e2-nio-100,binary,100,bot_16,3499,b,36,47.93,25,145.3,185,39.7,0
e2-nio-100,binary,100,bot_16,3499,b,38,50.78,25,129.72,155,25.28,0
e2-nio-100,binary,100,bot_16,3499,b,40,30.54,25,176.73,212,35.27,0
e2-nio-100,binary,100,bot_16,3499,b,42,26.52,25,168.86,185,16.14,0
e2-nio-100,binary,100,bot_16,3499,b,44,23.97,25,180.11,191,10.89,0
e2-nio-100,binary,100,bot_16,3499,b,46,21.57,25,210.19,216,5.81,0
e2-nio-100,binary,100,bot_16,3499,b,48,146.91,25,199.02,198,-1.02,0
e2-nio-100,binary,100,bot_16,3499,b,50,142.84,25,109.57,208,98.43,0
e2-nio-100,binary,100,bot_16,3499,b,52,144.83,25,103.9,219,115.1,0
e2-nio-100,binary,100,bot_16,3499,b,54,141.2,25,118.92,230,111.08,0
e2-nio-100,binary,100,bot_16,3499,b,56,139.81,25,155.58,251,95.42,0
e2-nio-100,binary,100,bot_16,3499,b,58,133.07,25,165.76,275,109.24,0
e2-nio-100,binary,100,bot_16,3499,b,60,121.06,25,132.9,217,84.1,0
e2-nio-100,binary,100,bot_17,3500,w,1,78.76,25,63.32,138,74.68,0
e2-nio-100,binary,100,bot_17,3500,w,3,14.39,25,82.91,89,6.09,0
e2-nio-100,binary,100,bot_17,3500,w,5,8.88,25,59.71,62,2.29,0
e2-nio-100,binary,100,bot_17,3500,w,7,3.71,25,52.76,55,2.24,0
e2-nio-100,binary,100,bot_17,3500,w,9,9.66,25,69.17,75,5.83,0
e2-nio-100,binary,100,bot_17,3500,w,11,21.02,25,91.18,96,4.82,0
e2-nio-100,binary,100,bot_17,3500,w,13,11.35,25,70.11,81,10.89,0
e2-nio-100,binary,100,bot_17,3500,w,15,7.68,25,90.69,98,7.31,0
e2-nio-100,binary,100,bot_17,3500,w,17,35.4,25,92.37,118,25.63,0
e2-nio-100,binary,100,bot_17,3500,w,19,11.68,25,86.1,96,9.9,0
e2-nio-100,binary,100,bot_17,3500,w,21,12.07,25,131.05,144,12.95,0
e2-nio-100,binary,100,bot_17,3500,w,23,75.47,25,133.08,142,8.92,0
e2-nio-100,binary,100,bot_17,3500,w,25,56.06,25,99.19,159,59.81,0
e2-nio-100,binary,100,bot_17,3500,w,27,54.69,25,97.6,149,51.4,0
e2-nio-100,binary,100,bot_17,3500,w,29,41.28,25,96.42,129,32.58,0
e2-nio-100,binary,100,bot_17,3500,w,31,47.94,25,118.29,160,41.71,0
e2-nio-100,binary,100,bot_17,3500,w,33,49.8,25,145.73,201,55.27,0
e2-nio-100,binary,100,bot_17,3500,w,35,37.34,25,127.39,150,22.61,0
e2-nio-100,binary,100,bot_17,3500,w,37,21.63,25,143.51,170,26.49,0
e2-nio-100,binary,100,bot_17,3500,w,39,26.31,25,191.57,216,24.43,0
e2-nio-100,binary,100,bot_17,3500,w,41,22.2,25,169.23,169,-0.23,0
e2-nio-100,binary,100,bot_17,3500,w,43,16.17,25,162.98,162,-0.98,0
e2-nio-100,binary,100,bot_17,3500,w,45,120.15,25,96.84,211,114.16,0
e2-nio-100,binary,100,bot_17,3500,w,47,101.17,25,88.75,176,87.25,0
e2-nio-100,binary,100,bot_17,3500,w,49,101.75,25,100.12,210,109.88,0
e2-nio-100,binary,100,bot_17,3500,w,51,108.37,25,119.51,232,112.49,0
e2-nio-100,binary,100,bot_17,3500,w,53,106.55,25,121.66,234,112.34,0
e2-nio-100,binary,100,bot_17,3500,w,55,86.86,25,170.4,278,107.6,0
e2-nio-100,binary,100,bot_17,3500,w,57,99.18,25,193.71,297,103.29,0
e2-nio-100,binary,100,bot_17,3500,w,59,72.79,25,203.63,300,96.37,0
e2-nio-100,binary,100,bot_18,3500,b,2,9.35,25,73.43,71,-2.43,0
e2-nio-100,binary,100,bot_18,3500,b,4,8.18,25,53.55,61,7.45,0
e2-nio-100,binary,100,bot_18,3500,b,6,6.27,25,59.25,64,4.75,0
e2-nio-100,binary,100,bot_18,3500,b,8,11.01,25,74.48,73,-1.48,0
e2-nio-100,binary,100,bot_18,3500,b,10,8.66,25,64.07,68,3.93,0
e2-nio-100,binary,100,bot_18,3500,b,12,15.79,25,80.27,97,16.73,0
e2-nio-100,binary,100,bot_18,3500,b,14,9.98,25,71.85,80,8.15,0
e2-nio-100,binary,100,bot_18,3500,b,16,30.16,25,104.18,107,2.82,0
e2-nio-100,binary,100,bot_18,3500,b,18,15.62,25,110.87,142,31.13,0
e2-nio-100,binary,100,bot_18,3500,b,20,17.46,25,118.59,127,8.41,0
e2-nio-100,binary,100,bot_18,3500,b,22,13.69,25,134.6,144,9.4,0
e2-nio-100,binary,100,bot_18,3500,b,24,64.32,25,90.9,163,72.1,0
e2-nio-100,binary,100,bot_18,3500,b,26,55.99,25,86.34,139,52.66,0
e2-nio-100,binary,100,bot_18,3500,b,28,37.84,25,90.46,140,49.54,0
e2-nio-100,binary,100,bot_18,3500,b,30,45.81,25,133.84,172,38.16,0
e2-nio-100,binary,100,bot_18,3500,b,32,60.3,25,145.06,190,44.94,0
e2-nio-100,binary,100,bot_18,3500,b,34,27.63,25,145.45,192,46.55,0
e2-nio-100,binary,100,bot_18,3500,b,36,31.87,25,160.89,195,34.11,0
e2-nio-100,binary,100,bot_18,3500,b,38,30.16,25,151.44,171,19.56,0
e2-nio-100,binary,100,bot_18,3500,b,40,14.21,25,192.63,215,22.37,0
e2-nio-100,binary,100,bot_18,3500,b,42,13.64,25,182.1,191,8.9,0
e2-nio-100,binary,100,bot_18,3500,b,44,129.47,25,193.86,197,3.14,0
e2-nio-100,binary,100,bot_18,3500,b,46,101.29,25,113.1,219,105.9,0
e2-nio-100,binary,100,bot_18,3500,b,48,124.04,25,108.14,195,86.86,0
e2-nio-100,binary,100,bot_18,3500,b,50,125.3,25,127.17,215,87.83,0
e2-nio-100,binary,100,bot_18,3500,b,52,126.62,25,122.18,215,92.82,0
e2-nio-100,binary,100,bot_18,3500,b,54,121.23,25,139.12,231,91.88,0
e2-nio-100,binary,100,bot_18,3500,b,56,117.7,25,179.12,253,73.88,0
e2-nio-100,binary,100,bot_18,3500,b,58,110.62,25,188.47,274,85.53,0
e2-nio-100,binary,100,bot_18,3500,b,60,96.87,25,158.59,218,59.41,0
e2-nio-100,binary,100,bot_19,3501,b,2,9.78,25,69.22,64,-5.22,0
e2-nio-100,binary,100,bot_19,3501,b,4,5.46,25,59.79,61,1.21,0
e2-nio-100,binary,100,bot_19,3501,b,6,11.32,25,63.62,59,-4.62,0
e2-nio-100,binary,100,bot_19,3501,b,8,17.06,25,72.46,69,-3.46,0
e2-nio-100,binary,100,bot_19,3501,b,10,16.38,25,55.83,63,7.17,0
e2-nio-100,binary,100,bot_19,3501,b,12,25.93,25,69.72,100,30.28,0
e2-nio-100,binary,100,bot_19,3501,b,14,17.63,25,63.86,75,11.14,0
e2-nio-100,binary,100,bot_19,3501,b,16,16.5,25,92.27,103,10.73,0
e2-nio-100,binary,100,bot_19,3501,b,18,27.76,25,138.14,149,10.86,0
e2-nio-100,binary,100,bot_19,3501,b,20,26.45,25,108,128,20,0
e2-nio-100,binary,100,bot_19,3501,b,22,31.16,25,115.35,131,15.65,0
e2-nio-100,binary,100,bot_19,3501,b,24,21.82,25,129.75,147,17.25,0
e2-nio-100,binary,100,bot_19,3501,b,26,13.78,25,127.14,144,16.86,0
e2-nio-100,binary,100,bot_19,3501,b,28,10.1,25,133.11,138,4.89,0
e2-nio-100,binary,100,bot_19,3501,b,30,67.18,25,112.67,172,59.33,0
e2-nio-100,binary,100,bot_19,3501,b,32,83.96,25,121.23,182,60.77,0
e2-nio-100,binary,100,bot_19,3501,b,34,47.15,25,127.62,183,55.38,0
e2-nio-100,binary,100,bot_19,3501,b,36,52.86,25,140.76,179,38.24,0
e2-nio-100,binary,100,bot_19,3501,b,38,55.72,25,124.65,152,27.35,0
e2-nio-100,binary,100,bot_19,3501,b,40,35.33,25,172.16,210,37.84,0
e2-nio-100,binary,100,bot_19,3501,b,42,30.99,25,164.38,184,19.62,0
e2-nio-100,binary,100,bot_19,3501,b,44,28.35,25,175.63,188,12.37,0
e2-nio-100,binary,100,bot_19,3501,b,46,29.94,25,201.74,211,9.26,0
e2-nio-100,binary,100,bot_19,3501,b,48,13.96,25,195.16,197,1.84,0
e2-nio-100,binary,100,bot_19,3501,b,50,160.78,25,204.25,199,-5.25,0
e2-nio-100,binary,100,bot_19,3501,b,52,151.27,25,97.58,216,118.42,0
e2-nio-100,binary,100,bot_19,3501,b,54,148.01,25,111.72,225,113.28,0
e2-nio-100,binary,100,bot_19,3501,b,56,146.54,25,148.3,245,96.7,0
e2-nio-100,binary,100,bot_19,3501,b,58,141.22,25,157.54,272,114.46,0
e2-nio-100,binary,100,bot_19,3501,b,60,127.77,25,125.7,218,92.3,0
e2-nio-100,binary,100,bot_20,3501,w,1,74.08,25,55.31,122,66.69,0
e2-nio-100,binary,100,bot_20,3501,w,3,10.84,25,74.98,77,2.02,0
e2-nio-100,binary,100,bot_20,3501,w,5,3.76,25,63.14,60,-3.14,0
e2-nio-100,binary,100,bot_20,3501,w,7,5.25,25,51.98,55,3.02,0
e2-nio-100,binary,100,bot_20,3501,w,9,14.17,25,63.89,74,10.11,0
e2-nio-100,binary,100,bot_20,3501,w,11,37.77,25,86.45,83,-3.45,0
e2-nio-100,binary,100,bot_20,3501,w,13,19.03,25,63.55,83,19.45,0
e2-nio-100,binary,100,bot_20,3501,w,15,18.3,25,80.75,93,12.25,0
e2-nio-100,binary,100,bot_20,3501,w,17,19.13,25,94.34,104,9.66,0
e2-nio-100,binary,100,bot_20,3501,w,19,26.35,25,71.32,93,21.68,0
e2-nio-100,binary,100,bot_20,3501,w,21,24.43,25,120.76,141,20.24,0
e2-nio-100,binary,100,bot_20,3501,w,23,26.39,25,118.36,143,24.64,0
e2-nio-100,binary,100,bot_20,3501,w,25,24.54,25,135.17,152,16.83,0
e2-nio-100,binary,100,bot_20,3501,w,27,13.24,25,137.87,145,7.13,0
e2-nio-100,binary,100,bot_20,3501,w,29,67.11,25,121.33,126,4.67,0
e2-nio-100,binary,100,bot_20,3501,w,31,67.51,25,99.35,160,60.65,0
e2-nio-100,binary,100,bot_20,3501,w,33,62.7,25,131.63,211,79.37,0
e2-nio-100,binary,100,bot_20,3501,w,35,46.07,25,118.35,159,40.65,0
e2-nio-100,binary,100,bot_20,3501,w,37,35.39,25,129.76,177,47.24,0
e2-nio-100,binary,100,bot_20,3501,w,39,44.69,25,173.42,224,50.58,0
e2-nio-100,binary,100,bot_20,3501,w,41,35.28,25,156.14,176,19.86,0
e2-nio-100,binary,100,bot_20,3501,w,43,27.43,25,151.5,169,17.5,0
e2-nio-100,binary,100,bot_20,3501,w,45,25.17,25,186.4,199,12.6,0
e2-nio-100,binary,100,bot_20,3501,w,47,17.29,25,165.11,180,14.89,0
e2-nio-100,binary,100,bot_20,3501,w,49,9.77,25,215.52,213,-2.52,0
e2-nio-100,binary,100,bot_20,3501,w,51,136.01,25,94.1,239,144.9,0
e2-nio-100,binary,100,bot_20,3501,w,53,129.26,25,97.86,235,137.14,0
e2-nio-100,binary,100,bot_20,3501,w,55,114.4,25,144.62,277,132.38,0
e2-nio-100,binary,100,bot_20,3501,w,57,129.51,25,163.42,294,130.58,0
e2-nio-100,binary,100,bot_20,3501,w,59,107.27,25,171.37,298,126.63,0
e2-nio-100,binary,100,bot_21,3502,w,1,4.48,25,68.7,13,-55.7,0
e2-nio-100,binary,100,bot_21,3502,w,3,6.24,25,55.49,19,-36.49,0
e2-nio-100,binary,100,bot_21,3502,w,5,2.57,25,52.65,20,-32.65,0
e2-nio-100,binary,100,bot_21,3502,w,7,8.18,25,77.15,32,-45.15,0
e2-nio-100,binary,100,bot_21,3502,w,9,6.82,25,65.92,24,-41.92,0
e2-nio-100,binary,100,bot_21,3502,w,11,14.22,25,81.85,53,-28.85,0
e2-nio-100,binary,100,bot_21,3502,w,13,8.4,25,73.54,34,-39.54,0
e2-nio-100,binary,100,bot_21,3502,w,15,24.8,25,78.95,68,-10.95,0
e2-nio-100,binary,100,bot_21,3502,w,17,13.7,25,112.35,95,-17.35,0
e2-nio-100,binary,100,bot_21,3502,w,19,13.37,25,122.96,82,-40.96,0
e2-nio-100,binary,100,bot_21,3502,w,21,54.59,25,95.45,111,15.55,0
e2-nio-100,binary,100,bot_21,3502,w,23,59.52,25,95.12,103,7.88,0
e2-nio-100,binary,100,bot_21,3502,w,25,53.3,25,88.81,88,-0.81,0
e2-nio-100,binary,100,bot_21,3502,w,27,32.21,25,95.8,91,-4.8,0
e2-nio-100,binary,100,bot_21,3502,w,29,40.78,25,138.88,124,-14.88,0
e2-nio-100,binary,100,bot_21,3502,w,31,48.94,25,156.48,146,-10.48,0
e2-nio-100,binary,100,bot_21,3502,w,33,23.64,25,148.95,141,-7.95,0
e2-nio-100,binary,100,bot_21,3502,w,35,25.23,25,167.17,148,-19.17,0
e2-nio-100,binary,100,bot_21,3502,w,37,22.95,25,158.91,127,-31.91,0
e2-nio-100,binary,100,bot_21,3502,w,39,10.74,25,195.72,164,-31.72,0
e2-nio-100,binary,100,bot_21,3502,w,41,103.83,25,187.55,152,-35.55,0
e2-nio-100,binary,100,bot_21,3502,w,43,114.12,25,92.66,158,65.34,0
e2-nio-100,binary,100,bot_21,3502,w,45,95.98,25,118.54,178,59.46,0
e2-nio-100,binary,100,bot_21,3502,w,47,119.18,25,112.99,160,47.01,0
e2-nio-100,binary,100,bot_21,3502,w,49,117,25,135.23,183,47.77,0
e2-nio-100,binary,100,bot_21,3502,w,51,116.35,25,132.33,177,44.67,0
e2-nio-100,binary,100,bot_21,3502,w,53,112.33,25,148.22,192,43.78,0
e2-nio-100,binary,100,bot_21,3502,w,55,106.14,25,191.1,215,23.9,0
e2-nio-100,binary,100,bot_21,3502,w,57,103.55,25,195.29,233,37.71,0
e2-nio-100,binary,100,bot_21,3502,w,59,86.41,25,169.34,182,12.66,0
e2-nio-100,binary,100,bot_22,3502,b,2,13.86,25,82.64,80,-2.64,0
e2-nio-100,binary,100,bot_22,3502,b,4,15.64,25,63.18,63,-0.18,0
e2-nio-100,binary,100,bot_22,3502,b,6,2.55,25,54.21,51,-3.21,0
e2-nio-100,binary,100,bot_22,3502,b,8,7.22,25,71.56,75,3.44,0
e2-nio-100,binary,100,bot_22,3502,b,10,19.35,25,92.54,94,1.46,0
e2-nio-100,binary,100,bot_22,3502,b,12,8.82,25,72.25,80,7.75,0
e2-nio-100,binary,100,bot_22,3502,b,14,37.59,25,91.95,95,3.05,0
e2-nio-100,binary,100,bot_22,3502,b,16,30.61,25,96.99,115,18.01,0
e2-nio-100,binary,100,bot_22,3502,b,18,6.48,25,91.39,99,7.61,0
e2-nio-100,binary,100,bot_22,3502,b,20,63.89,25,135.33,143,7.67,0
e2-nio-100,binary,100,bot_22,3502,b,22,55.81,25,95.31,144,48.69,0
e2-nio-100,binary,100,bot_22,3502,b,24,48.49,25,107.02,161,53.98,0
e2-nio-100,binary,100,bot_22,3502,b,26,43.96,25,108.6,157,48.4,0
e2-nio-100,binary,100,bot_22,3502,b,28,33.91,25,103.8,130,26.2,0
e2-nio-100,binary,100,bot_22,3502,b,30,37.82,25,128.65,164,35.35,0
e2-nio-100,binary,100,bot_22,3502,b,32,40.83,25,155.09,199,43.91,0
e2-nio-100,binary,100,bot_22,3502,b,34,28.79,25,136.48,154,17.52,0
e2-nio-100,binary,100,bot_22,3502,b,36,15.82,25,149.36,168,18.64,0
e2-nio-100,binary,100,bot_22,3502,b,38,17.29,25,200.76,218,17.24,0
e2-nio-100,binary,100,bot_22,3502,b,40,11.32,25,180.24,177,-3.24,0
e2-nio-100,binary,100,bot_22,3502,b,42,111,25,90.42,179,88.58,0
e2-nio-100,binary,100,bot_22,3502,b,44,106.05,25,110.36,210,99.64,0
e2-nio-100,binary,100,bot_22,3502,b,46,93.18,25,96.87,178,81.13,0
e2-nio-100,binary,100,bot_22,3502,b,48,93.74,25,108.31,213,104.69,0
e2-nio-100,binary,100,bot_22,3502,b,50,91.25,25,136.21,239,102.79,0
e2-nio-100,binary,100,bot_22,3502,b,52,90.98,25,137.65,239,101.35,0
e2-nio-100,binary,100,bot_22,3502,b,54,70.28,25,186.48,284,97.52,0
e2-nio-100,binary,100,bot_22,3502,b,56,83.95,25,209.3,301,91.7,0
e2-nio-100,binary,100,bot_22,3502,b,58,59.57,25,216.43,305,88.57,0
e2-nio-100,binary,100,bot_22,3502,b,60,61.12,25,162.2,234,71.8,0
e2-nio-100,binary,100,bot_23,3503,w,1,4.88,25,61.42,60,-1.42,0
e2-nio-100,binary,100,bot_23,3503,w,3,4.78,25,56.92,63,6.08,0
e2-nio-100,binary,100,bot_23,3503,w,5,7.31,25,53.76,62,8.24,0
e2-nio-100,binary,100,bot_23,3503,w,7,6.67,25,70.42,71,0.58,0
e2-nio-100,binary,100,bot_23,3503,w,9,16.48,25,68.62,69,0.38,0
e2-nio-100,binary,100,bot_23,3503,w,11,12,25,84.06,94,9.94,0
e2-nio-100,binary,100,bot_23,3503,w,13,31.04,25,75.51,78,2.49,0
e2-nio-100,binary,100,bot_23,3503,w,15,23.28,25,80.24,105,24.76,0
e2-nio-100,binary,100,bot_23,3503,w,17,11.11,25,114.79,139,24.21,0
e2-nio-100,binary,100,bot_23,3503,w,19,77.42,25,125.36,125,-0.36,0
e2-nio-100,binary,100,bot_23,3503,w,21,52.55,25,96.89,148,51.11,0
e2-nio-100,binary,100,bot_23,3503,w,23,56.63,25,98,147,49,0
e2-nio-100,binary,100,bot_23,3503,w,25,51.81,25,90.29,132,41.71,0
e2-nio-100,binary,100,bot_23,3503,w,27,28.44,25,99.32,135,35.68,0
e2-nio-100,binary,100,bot_23,3503,w,29,38.3,25,141.3,168,26.7,0
e2-nio-100,binary,100,bot_23,3503,w,31,42.9,25,162.38,191,28.62,0
e2-nio-100,binary,100,bot_23,3503,w,33,21.09,25,151.14,182,30.86,0
e2-nio-100,binary,100,bot_23,3503,w,35,21.28,25,170.88,192,21.12,0
e2-nio-100,binary,100,bot_23,3503,w,37,20.57,25,161.39,172,10.61,0
e2-nio-100,binary,100,bot_23,3503,w,39,8.94,25,197.31,208,10.69,0
e2-nio-100,binary,100,bot_23,3503,w,41,93.13,25,92.54,196,103.46,0
e2-nio-100,binary,100,bot_23,3503,w,43,110.05,25,96.79,190,93.21,0
e2-nio-100,binary,100,bot_23,3503,w,45,93.22,25,121.63,209,87.37,0
e2-nio-100,binary,100,bot_23,3503,w,47,116.67,25,115.4,190,74.6,0
e2-nio-100,binary,100,bot_23,3503,w,49,113.01,25,139.09,216,76.91,0
e2-nio-100,binary,100,bot_23,3503,w,51,109.98,25,138.66,208,69.34,0
e2-nio-100,binary,100,bot_23,3503,w,53,107.7,25,153.13,227,73.87,0
e2-nio-100,binary,100,bot_23,3503,w,55,99.95,25,197.75,247,49.25,0
e2-nio-100,binary,100,bot_23,3503,w,57,99.42,25,199.43,261,61.57,0
e2-nio-100,binary,100,bot_23,3503,w,59,80.88,25,174.57,217,42.43,0
e2-nio-100,binary,100,bot_24,3503,b,2,12.37,25,82.89,80,-2.89,0
e2-nio-100,binary,100,bot_24,3503,b,4,14.19,25,64.44,62,-2.44,0
e2-nio-100,binary,100,bot_24,3503,b,6,6.53,25,52.84,54,1.16,0
e2-nio-100,binary,100,bot_24,3503,b,8,5.92,25,73.02,73,-0.02,0
e2-nio-100,binary,100,bot_24,3503,b,10,15.72,25,83.64,93,9.36,0
e2-nio-100,binary,100,bot_24,3503,b,12,7.16,25,73.9,79,5.1,0
e2-nio-100,binary,100,bot_24,3503,b,14,30.54,25,74.73,100,25.27,0
e2-nio-100,binary,100,bot_24,3503,b,16,28.67,25,98.48,115,16.52,0
e2-nio-100,binary,100,bot_24,3503,b,18,69.16,25,92.86,98,5.14,0
e2-nio-100,binary,100,bot_24,3503,b,20,55.92,25,77.58,149,71.42,0
e2-nio-100,binary,100,bot_24,3503,b,22,54.32,25,96.76,144,47.24,0
e2-nio-100,binary,100,bot_24,3503,b,24,46.9,25,108.57,160,51.43,0
e2-nio-100,binary,100,bot_24,3503,b,26,41.69,25,110.84,157,46.16,0
e2-nio-100,binary,100,bot_24,3503,b,28,31.93,25,105.75,129,23.25,0
e2-nio-100,binary,100,bot_24,3503,b,30,34.68,25,131.93,165,33.07,0
e2-nio-100,binary,100,bot_24,3503,b,32,36.86,25,159.31,196,36.69,0
e2-nio-100,binary,100,bot_24,3503,b,34,25.53,25,139.86,154,14.14,0
e2-nio-100,binary,100,bot_24,3503,b,36,14.12,25,151,166,15,0
e2-nio-100,binary,100,bot_24,3503,b,38,15.46,25,202.57,217,14.43,0
e2-nio-100,binary,100,bot_24,3503,b,40,116.17,25,182.26,177,-5.26,0
e2-nio-100,binary,100,bot_24,3503,b,42,106.18,25,94.32,173,78.68,0
e2-nio-100,binary,100,bot_24,3503,b,44,101.19,25,115.05,210,94.95,0
e2-nio-100,binary,100,bot_24,3503,b,46,89.67,25,100.47,179,78.53,0
e2-nio-100,binary,100,bot_24,3503,b,48,90.46,25,111.73,214,102.27,0
e2-nio-100,binary,100,bot_24,3503,b,50,82.87,25,144.3,242,97.7,0
e2-nio-100,binary,100,bot_24,3503,b,52,87.5,25,141.16,236,94.84,0
e2-nio-100,binary,100,bot_24,3503,b,54,63.22,25,193.33,287,93.67,0
e2-nio-100,binary,100,bot_24,3503,b,56,75.98,25,217.32,302,84.68,0
e2-nio-100,binary,100,bot_24,3503,b,58,56.44,25,219.82,305,85.18,0
e2-nio-100,binary,100,bot_24,3503,b,60,56.31,25,167.48,234,66.52,0
e2-nio-100,binary,100,bot_25,3504,w,1,3.85,25,58.28,56,-2.28,0
e2-nio-100,binary,100,bot_25,3504,w,3,6.7,25,58.51,61,2.49,0
e2-nio-100,binary,100,bot_25,3504,w,5,4.45,25,56.55,60,3.45,0
e2-nio-100,binary,100,bot_25,3504,w,7,15.73,25,72.28,71,-1.28,0
e2-nio-100,binary,100,bot_25,3504,w,9,9.89,25,54.42,68,13.58,0
e2-nio-100,binary,100,bot_25,3504,w,11,7.67,25,88.29,94,5.71,0
e2-nio-100,binary,100,bot_25,3504,w,13,21.31,25,61.92,81,19.08,0
e2-nio-100,binary,100,bot_25,3504,w,15,18.97,25,85.38,106,20.62,0
e2-nio-100,binary,100,bot_25,3504,w,17,37.93,25,128.78,147,18.22,0
e2-nio-100,binary,100,bot_25,3504,w,19,56.66,25,83.29,138,54.71,0
e2-nio-100,binary,100,bot_25,3504,w,21,42.73,25,106.42,148,41.58,0
e2-nio-100,binary,100,bot_25,3504,w,23,42.79,25,112.01,148,35.99,0
e2-nio-100,binary,100,bot_25,3504,w,25,39.19,25,103.17,138,34.83,0
e2-nio-100,binary,100,bot_25,3504,w,27,17.88,25,108.88,138,29.12,0
e2-nio-100,binary,100,bot_25,3504,w,29,21.87,25,157.77,177,19.23,0
e2-nio-100,binary,100,bot_25,3504,w,31,21.18,25,183.7,201,17.3,0
e2-nio-100,binary,100,bot_25,3504,w,33,11.04,25,160.34,182,21.66,0
e2-nio-100,binary,100,bot_25,3504,w,35,91.7,25,184.87,193,8.13,0
e2-nio-100,binary,100,bot_25,3504,w,37,110.21,25,100.9,185,84.1,0
e2-nio-100,binary,100,bot_25,3504,w,39,88.36,25,89.45,199,109.55,0
e2-nio-100,binary,100,bot_25,3504,w,41,78.98,25,107.75,186,78.25,0
e2-nio-100,binary,100,bot_25,3504,w,43,92.54,25,113.8,186,72.2,0
e2-nio-100,binary,100,bot_25,3504,w,45,75.52,25,139.83,206,66.17,0
e2-nio-100,binary,100,bot_25,3504,w,47,100.21,25,131.7,191,59.3,0
e2-nio-100,binary,100,bot_25,3504,w,49,83.41,25,168.7,231,62.3,0
e2-nio-100,binary,100,bot_25,3504,w,51,78.76,25,169.79,221,51.21,0
e2-nio-100,binary,100,bot_25,3504,w,53,78.3,25,184.22,232,47.78,0
e2-nio-100,binary,100,bot_25,3504,w,55,63.98,25,235.71,268,32.29,0
e2-nio-100,binary,100,bot_25,3504,w,57,66.11,25,233.15,274,40.85,0
e2-nio-100,binary,100,bot_25,3504,w,59,45.84,25,211.08,235,23.92,0
e2-nio-100,binary,100,bot_26,3504,b,2,8.65,25,86.62,85,-1.62,0
e2-nio-100,binary,100,bot_26,3504,b,4,9.12,25,66.35,69,2.65,0
e2-nio-100,binary,100,bot_26,3504,b,6,3.46,25,56.04,57,0.96,0
e2-nio-100,binary,100,bot_26,3504,b,8,19.31,25,69.3,81,11.7,0
e2-nio-100,binary,100,bot_26,3504,b,10,11.01,25,87.93,94,6.07,0
e2-nio-100,binary,100,bot_26,3504,b,12,22.98,25,59.82,86,26.18,0
e2-nio-100,binary,100,bot_26,3504,b,14,25.63,25,78.36,96,17.64,0
e2-nio-100,binary,100,bot_26,3504,b,16,22.38,25,104.31,118,13.69,0
e2-nio-100,binary,100,bot_26,3504,b,18,60.32,25,62.56,97,34.44,0
e2-nio-100,binary,100,bot_26,3504,b,20,46.91,25,85.26,137,51.74,0
e2-nio-100,binary,100,bot_26,3504,b,22,41.55,25,109.57,149,39.43,0
e2-nio-100,binary,100,bot_26,3504,b,24,40.16,25,115.03,153,37.97,0
e2-nio-100,binary,100,bot_26,3504,b,26,34.55,25,117.88,153,35.12,0
e2-nio-100,binary,100,bot_26,3504,b,28,24.34,25,113.3,127,13.7,0
e2-nio-100,binary,100,bot_26,3504,b,30,21.3,25,145.81,164,18.19,0
e2-nio-100,binary,100,bot_26,3504,b,32,26.87,25,170.33,187,16.67,0
e2-nio-100,binary,100,bot_26,3504,b,34,13.86,25,151.77,159,7.23,0
e2-nio-100,binary,100,bot_26,3504,b,36,88.37,25,81.47,170,88.53,0
e2-nio-100,binary,100,bot_26,3504,b,38,115.88,25,112.09,219,106.91,0
e2-nio-100,binary,100,bot_26,3504,b,40,92.48,25,106.71,183,76.29,0
e2-nio-100,binary,100,bot_26,3504,b,42,87.53,25,111.65,178,66.35,0
e2-nio-100,binary,100,bot_26,3504,b,44,80.36,25,135.88,216,80.12,0
e2-nio-100,binary,100,bot_26,3504,b,46,73.09,25,118.13,181,62.87,0
e2-nio-100,binary,100,bot_26,3504,b,48,75.62,25,126.7,214,87.3,0
e2-nio-100,binary,100,bot_26,3504,b,50,64.81,25,160.82,231,70.18,0
e2-nio-100,binary,100,bot_26,3504,b,52,62.32,25,166.48,232,65.52,0
e2-nio-100,binary,100,bot_26,3504,b,54,46.35,25,208.31,274,65.69,0
e2-nio-100,binary,100,bot_26,3504,b,56,55.23,25,237.37,289,51.63,0
e2-nio-100,binary,100,bot_26,3504,b,58,37.78,25,236.76,290,53.24,0
e2-nio-100,binary,100,bot_26,3504,b,60,37.78,25,185.13,219,33.87,0
e2-nio-100,binary,100,bot_27,3505,w,1,2.81,25,52.86,55,2.14,0
e2-nio-100,binary,100,bot_27,3505,w,3,4.86,25,56.22,68,11.78,0
e2-nio-100,binary,100,bot_27,3505,w,5,3.77,25,52.69,63,10.31,0
e2-nio-100,binary,100,bot_27,3505,w,7,7.87,25,70.78,71,0.22,0
e2-nio-100,binary,100,bot_27,3505,w,9,23.98,25,61.64,71,9.36,0
e2-nio-100,binary,100,bot_27,3505,w,11,19.99,25,74.03,91,16.97,0
e2-nio-100,binary,100,bot_27,3505,w,13,16.44,25,66.87,76,9.13,0
e2-nio-100,binary,100,bot_27,3505,w,15,10.16,25,94.38,100,5.62,0
e2-nio-100,binary,100,bot_27,3505,w,17,31.29,25,135.41,139,3.59,0
e2-nio-100,binary,100,bot_27,3505,w,19,46.06,25,92.56,134,41.44,0
e2-nio-100,binary,100,bot_27,3505,w,21,32.92,25,115.92,142,26.08,0
e2-nio-100,binary,100,bot_27,3505,w,23,32.53,25,122.14,147,24.86,0
e2-nio-100,binary,100,bot_27,3505,w,25,28.72,25,114.01,137,22.99,0
e2-nio-100,binary,100,bot_27,3505,w,27,13.61,25,113.2,130,16.8,0
e2-nio-100,binary,100,bot_27,3505,w,29,13.94,25,165.41,173,7.59,0
e2-nio-100,binary,100,bot_27,3505,w,31,109.96,25,195.16,201,5.84,0
e2-nio-100,binary,100,bot_27,3505,w,33,76.04,25,86.95,170,83.05,0
e2-nio-100,binary,100,bot_27,3505,w,35,73.61,25,106.87,186,79.13,0
e2-nio-100,binary,100,bot_27,3505,w,37,85.29,25,126.43,196,69.57,0
e2-nio-100,binary,100,bot_27,3505,w,39,72.36,25,106.25,197,90.75,0
e2-nio-100,binary,100,bot_27,3505,w,41,68.3,25,119.4,184,64.6,0
e2-nio-100,binary,100,bot_27,3505,w,43,71.45,25,134.1,196,61.9,0
e2-nio-100,binary,100,bot_27,3505,w,45,63.69,25,151.68,207,55.32,0
e2-nio-100,binary,100,bot_27,3505,w,47,81.31,25,150.48,198,47.52,0
e2-nio-100,binary,100,bot_27,3505,w,49,64.94,25,186.93,238,51.07,0
e2-nio-100,binary,100,bot_27,3505,w,51,58.2,25,190.34,226,35.66,0
e2-nio-100,binary,100,bot_27,3505,w,53,59.86,25,203.26,238,34.74,0
e2-nio-100,binary,100,bot_27,3505,w,55,46.6,25,254.13,272,17.87,0
e2-nio-100,binary,100,bot_27,3505,w,57,46.38,25,253.52,283,29.48,0
e2-nio-100,binary,100,bot_27,3505,w,59,38.09,25,218.59,229,10.41,0
e2-nio-100,binary,100,bot_28,3505,b,2,17.79,25,84.91,82,-2.91,0
e2-nio-100,binary,100,bot_28,3505,b,4,15.69,25,63.24,64,0.76,0
e2-nio-100,binary,100,bot_28,3505,b,6,5.33,25,55.64,56,0.36,0
e2-nio-100,binary,100,bot_28,3505,b,8,14.57,25,73.95,78,4.05,0
e2-nio-100,binary,100,bot_28,3505,b,10,23.5,25,80.02,101,20.98,0
e2-nio-100,binary,100,bot_28,3505,b,12,14.84,25,67.5,83,15.5,0
e2-nio-100,binary,100,bot_28,3505,b,14,11.82,25,92.27,105,12.73,0
e2-nio-100,binary,100,bot_28,3505,b,16,9.07,25,117.39,123,5.61,0
e2-nio-100,binary,100,bot_28,3505,b,18,47.22,25,77.95,106,28.05,0
e2-nio-100,binary,100,bot_28,3505,b,20,32.47,25,99.85,143,43.15,0
e2-nio-100,binary,100,bot_28,3505,b,22,28.91,25,122.4,152,29.6,0
e2-nio-100,binary,100,bot_28,3505,b,24,27.53,25,127.84,156,28.16,0
e2-nio-100,binary,100,bot_28,3505,b,26,21.39,25,130.84,155,24.16,0
e2-nio-100,binary,100,bot_28,3505,b,28,13.17,25,123.8,133,9.2,0
e2-nio-100,binary,100,bot_28,3505,b,30,11.79,25,155.95,166,10.05,0
e2-nio-100,binary,100,bot_28,3505,b,32,89.25,25,98.71,205,106.29,0
e2-nio-100,binary,100,bot_28,3505,b,34,83.57,25,97.76,169,71.24,0
e2-nio-100,binary,100,bot_28,3505,b,36,73.77,25,95.18,164,68.82,0
e2-nio-100,binary,100,bot_28,3505,b,38,95.64,25,131.65,213,81.35,0
e2-nio-100,binary,100,bot_28,3505,b,40,78.47,25,118.47,177,58.53,0
e2-nio-100,binary,100,bot_28,3505,b,42,75.75,25,123.44,177,53.56,0
e2-nio-100,binary,100,bot_28,3505,b,44,68.01,25,148.04,206,57.96,0
e2-nio-100,binary,100,bot_28,3505,b,46,61.9,25,130.43,181,50.57,0
e2-nio-100,binary,100,bot_28,3505,b,48,64.84,25,137.18,205,67.82,0
e2-nio-100,binary,100,bot_28,3505,b,50,49.72,25,174.94,226,51.06,0
e2-nio-100,binary,100,bot_28,3505,b,52,48.24,25,181.07,226,44.93,0
e2-nio-100,binary,100,bot_28,3505,b,54,32.39,25,221.4,267,45.6,0
e2-nio-100,binary,100,bot_28,3505,b,56,43.5,25,249.08,282,32.92,0
e2-nio-100,binary,100,bot_28,3505,b,58,24.68,25,248.24,281,32.76,0
e2-nio-100,binary,100,bot_28,3505,b,60,32.52,25,189.76,214,24.24,0
e2-nio-100,binary,100,bot_29,3506,b,2,18.68,25,83.8,81,-2.8,0
e2-nio-100,binary,100,bot_29,3506,b,4,5.08,25,60.86,61,0.14,0
e2-nio-100,binary,100,bot_29,3506,b,6,8.13,25,59.76,56,-3.76,0
e2-nio-100,binary,100,bot_29,3506,b,8,16.93,25,71.5,75,3.5,0
e2-nio-100,binary,100,bot_29,3506,b,10,30.68,25,93.3,93,-0.3,0
e2-nio-100,binary,100,bot_29,3506,b,12,18.16,25,64.14,80,15.86,0
e2-nio-100,binary,100,bot_29,3506,b,14,17.27,25,86.65,99,12.35,0
e2-nio-100,binary,100,bot_29,3506,b,16,14.8,25,111.59,120,8.41,0
e2-nio-100,binary,100,bot_29,3506,b,18,54.07,25,69.96,98,28.04,0
e2-nio-100,binary,100,bot_29,3506,b,20,38.98,25,93.23,137,43.77,0
e2-nio-100,binary,100,bot_29,3506,b,22,35.19,25,115.98,147,31.02,0
e2-nio-100,binary,100,bot_29,3506,b,24,34.49,25,120.66,151,30.34,0
e2-nio-100,binary,100,bot_29,3506,b,26,27.8,25,124.23,151,26.77,0
e2-nio-100,binary,100,bot_29,3506,b,28,19.88,25,117.46,126,8.54,0
e2-nio-100,binary,100,bot_29,3506,b,30,15.28,25,152.17,165,12.83,0
e2-nio-100,binary,100,bot_29,3506,b,32,17.42,25,179.96,191,11.04,0
e2-nio-100,binary,100,bot_29,3506,b,34,93.21,25,89.58,172,82.42,0
e2-nio-100,binary,100,bot_29,3506,b,36,81.13,25,88.41,163,74.59,0
e2-nio-100,binary,100,bot_29,3506,b,38,105.63,25,122.47,215,92.53,0
e2-nio-100,binary,100,bot_29,3506,b,40,76.25,25,120.66,187,66.34,0
e2-nio-100,binary,100,bot_29,3506,b,42,74.04,25,125.06,174,48.94,0
e2-nio-100,binary,100,bot_29,3506,b,44,65.33,25,150.67,203,52.33,0
e2-nio-100,binary,100,bot_29,3506,b,46,59.86,25,132.63,180,47.37,0
e2-nio-100,binary,100,bot_29,3506,b,48,63.59,25,138.55,202,63.45,0
e2-nio-100,binary,100,bot_29,3506,b,50,46.99,25,177.46,225,47.54,0
e2-nio-100,binary,100,bot_29,3506,b,52,45.8,25,183.72,222,38.28,0
e2-nio-100,binary,100,bot_29,3506,b,54,27.26,25,226.33,266,39.67,0
e2-nio-100,binary,100,bot_29,3506,b,56,41.07,25,251.48,281,29.52,0
e2-nio-100,binary,100,bot_29,3506,b,58,23.42,25,249.45,277,27.55,0
e2-nio-100,binary,100,bot_29,3506,b,60,30.92,25,191.17,209,17.83,0
e2-nio-100,binary,100,bot_30,3506,w,1,1,25,52.15,52,-0.15,0
e2-nio-100,binary,100,bot_30,3506,w,3,6.57,25,54.67,69,14.33,0
e2-nio-100,binary,100,bot_30,3506,w,5,2.55,25,59.41,62,2.59,0
e2-nio-100,binary,100,bot_30,3506,w,7,9.36,25,69.95,73,3.05,0
e2-nio-100,binary,100,bot_30,3506,w,9,5.04,25,59.47,74,14.53,0
e2-nio-100,binary,100,bot_30,3506,w,11,21.7,25,72.84,100,27.16,0
e2-nio-100,binary,100,bot_30,3506,w,13,18.21,25,65.02,80,14.98,0
e2-nio-100,binary,100,bot_30,3506,w,15,14.51,25,89.87,104,14.13,0
e2-nio-100,binary,100,bot_30,3506,w,17,34.29,25,132.61,144,11.39,0
e2-nio-100,binary,100,bot_30,3506,w,19,49.36,25,90.08,141,50.92,0
e2-nio-100,binary,100,bot_30,3506,w,21,37.14,25,111.85,147,35.15,0
e2-nio-100,binary,100,bot_30,3506,w,23,36.18,25,118.72,152,33.28,0
e2-nio-100,binary,100,bot_30,3506,w,25,32.09,25,110.39,142,31.61,0
e2-nio-100,binary,100,bot_30,3506,w,27,15.28,25,111.55,137,25.45,0
e2-nio-100,binary,100,bot_30,3506,w,29,18.74,25,160.75,178,17.25,0
e2-nio-100,binary,100,bot_30,3506,w,31,16.12,25,188.6,200,11.4,0
e2-nio-100,binary,100,bot_30,3506,w,33,88.19,25,163.82,178,14.18,0
e2-nio-100,binary,100,bot_30,3506,w,35,80.31,25,99.44,190,90.56,0
e2-nio-100,binary,100,bot_30,3506,w,37,98.8,25,112.31,190,77.69,0
e2-nio-100,binary,100,bot_30,3506,w,39,83.01,25,97.52,201,103.48,0
e2-nio-100,binary,100,bot_30,3506,w,41,65.77,25,122.16,186,63.84,0
e2-nio-100,binary,100,bot_30,3506,w,43,67.15,25,138.27,199,60.73,0
e2-nio-100,binary,100,bot_30,3506,w,45,61.78,25,153.64,206,52.36,0
e2-nio-100,binary,100,bot_30,3506,w,47,78.22,25,154.09,201,46.91,0
e2-nio-100,binary,100,bot_30,3506,w,49,61.43,25,190.52,241,50.48,0
e2-nio-100,binary,100,bot_30,3506,w,51,53.38,25,195.21,229,33.79,0
e2-nio-100,binary,100,bot_30,3506,w,53,54.62,25,208.49,241,32.51,0
e2-nio-100,binary,100,bot_30,3506,w,55,43.62,25,257.28,271,13.72,0
e2-nio-100,binary,100,bot_30,3506,w,57,42.89,25,256.91,286,29.09,0
e2-nio-100,binary,100,bot_30,3506,w,59,33.61,25,223.31,234,10.69,0
e2-nio-100,binary,100,bot_31,3507,w,1,9.62,25,50.76,62,11.24,0
e2-nio-100,binary,100,bot_31,3507,w,3,9.99,25,61.12,68,6.88,0
e2-nio-100,binary,100,bot_31,3507,w,5,6.18,25,54.13,61,6.87,0
e2-nio-100,binary,100,bot_31,3507,w,7,4.95,25,65.68,67,1.32,0
e2-nio-100,binary,100,bot_31,3507,w,9,16.48,25,69.17,78,8.83,0
e2-nio-100,binary,100,bot_31,3507,w,11,15.32,25,78.33,90,11.67,0
e2-nio-100,binary,100,bot_31,3507,w,13,11.31,25,72.07,78,5.93,0
e2-nio-100,binary,100,bot_31,3507,w,15,39.96,25,98.21,100,1.79,0
e2-nio-100,binary,100,bot_31,3507,w,17,27.07,25,100.62,131,30.38,0
e2-nio-100,binary,100,bot_31,3507,w,19,38.98,25,98.26,136,37.74,0
e2-nio-100,binary,100,bot_31,3507,w,21,24.92,25,123.91,146,22.09,0
e2-nio-100,binary,100,bot_31,3507,w,23,24.89,25,129.85,147,17.15,0
e2-nio-100,binary,100,bot_31,3507,w,25,18.8,25,123.46,139,15.54,0
e2-nio-100,binary,100,bot_31,3507,w,27,8.87,25,117.49,131,13.51,0
e2-nio-100,binary,100,bot_31,3507,w,29,73.56,25,91.67,185,93.33,0
e2-nio-100,binary,100,bot_31,3507,w,31,91.97,25,125.45,205,79.55,0
e2-nio-100,binary,100,bot_31,3507,w,33,66.52,25,96.74,175,78.26,0
e2-nio-100,binary,100,bot_31,3507,w,35,65.21,25,114.58,181,66.42,0
e2-nio-100,binary,100,bot_31,3507,w,37,73.2,25,139.3,194,54.7,0
e2-nio-100,binary,100,bot_31,3507,w,39,63.59,25,114.64,190,75.36,0
e2-nio-100,binary,100,bot_31,3507,w,41,64.5,25,123.62,185,61.38,0
e2-nio-100,binary,100,bot_31,3507,w,43,64.98,25,140.25,199,58.75,0
e2-nio-100,binary,100,bot_31,3507,w,45,60.54,25,154.89,204,49.11,0
e2-nio-100,binary,100,bot_31,3507,w,47,75.98,25,156.2,200,43.8,0
e2-nio-100,binary,100,bot_31,3507,w,49,59.18,25,192.77,241,48.23,0
e2-nio-100,binary,100,bot_31,3507,w,51,50.75,25,197.89,229,31.11,0
e2-nio-100,binary,100,bot_31,3507,w,53,50.65,25,212.48,242,29.52,0
e2-nio-100,binary,100,bot_31,3507,w,55,40.09,25,260.99,272,11.01,0
e2-nio-100,binary,100,bot_31,3507,w,57,38.91,25,260.78,286,25.22,0
e2-nio-100,binary,100,bot_31,3507,w,59,30.24,25,226.93,235,8.07,0
e2-nio-100,binary,100,bot_32,3507,b,2,12.37,25,67.61,74,6.39,0
e2-nio-100,binary,100,bot_32,3507,b,4,10.32,25,58.31,64,5.69,0
e2-nio-100,binary,100,bot_32,3507,b,6,6.41,25,57.65,61,3.35,0
e2-nio-100,binary,100,bot_32,3507,b,8,12.63,25,76.42,79,2.58,0
e2-nio-100,binary,100,bot_32,3507,b,10,16.34,25,87.16,101,13.84,0
e2-nio-100,binary,100,bot_32,3507,b,12,9.54,25,73.05,85,11.95,0
e2-nio-100,binary,100,bot_32,3507,b,14,5.92,25,98.16,106,7.84,0
e2-nio-100,binary,100,bot_32,3507,b,16,36.22,25,95.1,133,37.9,0
e2-nio-100,binary,100,bot_32,3507,b,18,42.62,25,84.38,109,24.62,0
e2-nio-100,binary,100,bot_32,3507,b,20,27.08,25,105.09,142,36.91,0
e2-nio-100,binary,100,bot_32,3507,b,22,22.75,25,128.47,151,22.53,0
e2-nio-100,binary,100,bot_32,3507,b,24,19.4,25,135.98,159,23.02,0
e2-nio-100,binary,100,bot_32,3507,b,26,16.45,25,136.32,153,16.68,0
e2-nio-100,binary,100,bot_32,3507,b,28,97.15,25,129.32,135,5.68,0
e2-nio-100,binary,100,bot_32,3507,b,30,84.54,25,97.66,168,70.34,0
e2-nio-100,binary,100,bot_32,3507,b,32,81.29,25,105.4,194,88.6,0
e2-nio-100,binary,100,bot_32,3507,b,34,69.79,25,112.57,176,63.43,0
e2-nio-100,binary,100,bot_32,3507,b,36,58.98,25,109.67,172,62.33,0
e2-nio-100,binary,100,bot_32,3507,b,38,78.06,25,148.29,218,69.71,0
e2-nio-100,binary,100,bot_32,3507,b,40,74.47,25,122.08,172,49.92,0
e2-nio-100,binary,100,bot_32,3507,b,42,72.22,25,126.92,178,51.08,0
e2-nio-100,binary,100,bot_32,3507,b,44,63.27,25,152.73,206,53.27,0
e2-nio-100,binary,100,bot_32,3507,b,46,58.75,25,133.89,183,49.11,0
e2-nio-100,binary,100,bot_32,3507,b,48,62.58,25,139.66,203,63.34,0
e2-nio-100,binary,100,bot_32,3507,b,50,44.84,25,179.46,226,46.54,0
e2-nio-100,binary,100,bot_32,3507,b,52,44.37,25,185.31,223,37.69,0
e2-nio-100,binary,100,bot_32,3507,b,54,26,25,227.34,266,38.66,0
e2-nio-100,binary,100,bot_32,3507,b,56,38.98,25,253.5,281,27.5,0
e2-nio-100,binary,100,bot_32,3507,b,58,22.34,25,250.46,277,26.54,0
e2-nio-100,binary,100,bot_32,3507,b,60,30.19,25,192.27,210,17.73,0
e2-nio-100,binary,100,bot_33,3508,w,1,26.12,25,58.67,71,12.33,0
e2-nio-100,binary,100,bot_33,3508,w,3,8.19,25,52.23,58,5.77,0
e2-nio-100,binary,100,bot_33,3508,w,5,5.73,25,53.12,59,5.88,0
e2-nio-100,binary,100,bot_33,3508,w,7,5.77,25,52.79,63,10.21,0
e2-nio-100,binary,100,bot_33,3508,w,9,24.04,25,82.61,88,5.39,0
e2-nio-100,binary,100,bot_33,3508,w,11,10.08,25,73.66,88,14.34,0
e2-nio-100,binary,100,bot_33,3508,w,13,13.03,25,79.7,85,5.3,0
e2-nio-100,binary,100,bot_33,3508,w,15,43.61,25,100.28,107,6.72,0
e2-nio-100,binary,100,bot_33,3508,w,17,18.77,25,57.89,117,59.11,0
e2-nio-100,binary,100,bot_33,3508,w,19,49.59,25,97.18,138,40.82,0
e2-nio-100,binary,100,bot_33,3508,w,21,51.07,25,93.63,145,51.37,0
e2-nio-100,binary,100,bot_33,3508,w,23,48.76,25,109.79,148,38.21,0
e2-nio-100,binary,100,bot_33,3508,w,25,32.57,25,118.09,143,24.91,0
e2-nio-100,binary,100,bot_33,3508,w,27,36.84,25,97.22,118,20.78,0
e2-nio-100,binary,100,bot_33,3508,w,29,37.42,25,128.44,158,29.56,0
e2-nio-100,binary,100,bot_33,3508,w,31,35.38,25,180.26,201,20.74,0
e2-nio-100,binary,100,bot_33,3508,w,33,15.86,25,146.18,163,16.82,0
e2-nio-100,binary,100,bot_33,3508,w,35,74.3,25,163.53,176,12.47,0
e2-nio-100,binary,100,bot_33,3508,w,37,68.07,25,149.61,215,65.39,0
e2-nio-100,binary,100,bot_33,3508,w,39,57.97,25,132.25,173,40.75,0
e2-nio-100,binary,100,bot_33,3508,w,41,43.2,25,135,175,40,0
e2-nio-100,binary,100,bot_33,3508,w,43,51.25,25,160.62,193,32.38,0
e2-nio-100,binary,100,bot_33,3508,w,45,35.41,25,147.93,192,44.07,0
e2-nio-100,binary,100,bot_33,3508,w,47,23.98,25,202.1,223,20.9,0
e2-nio-100,binary,100,bot_33,3508,w,49,30.67,25,209.67,228,18.33,0
e2-nio-100,binary,100,bot_33,3508,w,51,27.15,25,217.78,229,11.22,0
e2-nio-100,binary,100,bot_33,3508,w,53,22.81,25,268.73,277,8.27,0
e2-nio-100,binary,100,bot_33,3508,w,55,16.34,25,285.27,292,6.73,0
e2-nio-100,binary,100,bot_33,3508,w,57,167.3,25,293.88,293,-0.88,0
e2-nio-100,binary,100,bot_33,3508,w,59,101.9,25,116.3,262,145.7,0
e2-nio-100,binary,100,bot_34,3508,b,2,10.72,25,54.28,75,20.72,0
e2-nio-100,binary,100,bot_34,3508,b,4,11.95,25,63.39,66,2.61,0
e2-nio-100,binary,100,bot_34,3508,b,6,16.34,25,61.34,61,-0.34,0
e2-nio-100,binary,100,bot_34,3508,b,8,9.78,25,73.9,75,1.1,0
e2-nio-100,binary,100,bot_34,3508,b,10,18.11,25,81.4,99,17.6,0
e2-nio-100,binary,100,bot_34,3508,b,12,9.38,25,72.85,77,4.15,0
e2-nio-100,binary,100,bot_34,3508,b,14,10.94,25,96.07,103,6.93,0
e2-nio-100,binary,100,bot_34,3508,b,16,63.76,25,102.37,141,38.63,0
e2-nio-100,binary,100,bot_34,3508,b,18,44.83,25,110.89,125,14.11,0
e2-nio-100,binary,100,bot_34,3508,b,20,55.41,25,89.58,134,44.42,0
e2-nio-100,binary,100,bot_34,3508,b,22,42.15,25,110.52,156,45.48,0
e2-nio-100,binary,100,bot_34,3508,b,24,29.26,25,113.64,156,42.36,0
e2-nio-100,binary,100,bot_34,3508,b,26,24.96,25,117.52,144,26.48,0
e2-nio-100,binary,100,bot_34,3508,b,28,33.95,25,129.65,161,31.35,0
e2-nio-100,binary,100,bot_34,3508,b,30,25.48,25,158.28,191,32.72,0
e2-nio-100,binary,100,bot_34,3508,b,32,20.93,25,163.19,193,29.81,0
e2-nio-100,binary,100,bot_34,3508,b,34,17.15,25,169.07,179,9.93,0
e2-nio-100,binary,100,bot_34,3508,b,36,69.87,25,109.58,178,68.42,0
e2-nio-100,binary,100,bot_34,3508,b,38,53.93,25,155.23,218,62.77,0
e2-nio-100,binary,100,bot_34,3508,b,40,54.67,25,141.62,184,42.38,0
e2-nio-100,binary,100,bot_34,3508,b,42,45.77,25,158.11,186,27.89,0
e2-nio-100,binary,100,bot_34,3508,b,44,58.57,25,172.81,209,36.19,0
e2-nio-100,binary,100,bot_34,3508,b,46,35.65,25,172.59,194,21.41,0
e2-nio-100,binary,100,bot_34,3508,b,48,32.76,25,181.81,191,9.19,0
e2-nio-100,binary,100,bot_34,3508,b,50,25.48,25,203.28,219,15.72,0
e2-nio-100,binary,100,bot_34,3508,b,52,21.94,25,208.38,221,12.62,0
e2-nio-100,binary,100,bot_34,3508,b,54,20.72,25,231.48,239,7.52,0
e2-nio-100,binary,100,bot_34,3508,b,56,13.48,25,273.54,275,1.46,0
e2-nio-100,binary,100,bot_34,3508,b,58,159.31,25,91.9,243,151.1,0
e2-nio-100,binary,100,bot_34,3508,b,60,84.3,25,127.9,216,88.1,0
e2-nio-100,binary,100,bot_35,3509,w,1,6.66,25,88.57,86,-2.57,0
e2-nio-100,binary,100,bot_35,3509,w,3,7.05,25,59.74,65,5.26,0
e2-nio-100,binary,100,bot_35,3509,w,5,10.44,25,57.4,56,-1.4,0
e2-nio-100,binary,100,bot_35,3509,w,7,18.39,25,70.02,75,4.98,0
e2-nio-100,binary,100,bot_35,3509,w,9,8.3,25,90.89,94,3.11,0
e2-nio-100,binary,100,bot_35,3509,w,11,21.37,25,61.41,86,24.59,0
e2-nio-100,binary,100,bot_35,3509,w,13,22.41,25,81.48,96,14.52,0
e2-nio-100,binary,100,bot_35,3509,w,15,19.3,25,107.35,117,9.65,0
e2-nio-100,binary,100,bot_35,3509,w,17,57.89,25,65.04,96,30.96,0
e2-nio-100,binary,100,bot_35,3509,w,19,44.53,25,87.59,133,45.41,0
e2-nio-100,binary,100,bot_35,3509,w,21,39.14,25,111.96,146,34.04,0
e2-nio-100,binary,100,bot_35,3509,w,23,36.48,25,118.69,151,32.31,0
e2-nio-100,binary,100,bot_35,3509,w,25,30.2,25,122.22,152,29.78,0
e2-nio-100,binary,100,bot_35,3509,w,27,22.21,25,115.49,126,10.51,0
e2-nio-100,binary,100,bot_35,3509,w,29,17.32,25,149.9,166,16.1,0
e2-nio-100,binary,100,bot_35,3509,w,31,20.74,25,176.59,190,13.41,0
e2-nio-100,binary,100,bot_35,3509,w,33,108,25,154.98,159,4.02,0
e2-nio-100,binary,100,bot_35,3509,w,35,84.55,25,85.21,163,77.79,0
e2-nio-100,binary,100,bot_35,3509,w,37,107.94,25,120.13,218,97.87,0
e2-nio-100,binary,100,bot_35,3509,w,39,69.43,25,126.93,201,74.07,0
e2-nio-100,binary,100,bot_35,3509,w,41,71.82,25,127.22,173,45.78,0
e2-nio-100,binary,100,bot_35,3509,w,43,59.34,25,156.65,204,47.35,0
e2-nio-100,binary,100,bot_35,3509,w,45,56.44,25,136.27,179,42.73,0
e2-nio-100,binary,100,bot_35,3509,w,47,60.24,25,142.02,199,56.98,0
e2-nio-100,binary,100,bot_35,3509,w,49,41.76,25,182.41,223,40.59,0
e2-nio-100,binary,100,bot_35,3509,w,51,41.47,25,188.27,218,29.73,0
e2-nio-100,binary,100,bot_35,3509,w,53,24.05,25,229.18,262,32.82,0
e2-nio-100,binary,100,bot_35,3509,w,55,35.75,25,256.74,279,22.26,0
e2-nio-100,binary,100,bot_35,3509,w,57,20.4,25,252.38,274,21.62,0
e2-nio-100,binary,100,bot_35,3509,w,59,28.08,25,192.46,205,12.54,0
e2-nio-100,binary,100,bot_36,3509,b,2,11.02,25,62.97,66,3.03,0
e2-nio-100,binary,100,bot_36,3509,b,4,3.78,25,57.25,60,2.75,0
e2-nio-100,binary,100,bot_36,3509,b,6,11.26,25,68.43,75,6.57,0
e2-nio-100,binary,100,bot_36,3509,b,8,8.65,25,55.76,70,14.24,0
e2-nio-100,binary,100,bot_36,3509,b,10,29.99,25,88.91,94,5.09,0
e2-nio-100,binary,100,bot_36,3509,b,12,19.56,25,63.65,82,18.35,0
e2-nio-100,binary,100,bot_36,3509,b,14,16.3,25,88.13,107,18.87,0
e2-nio-100,binary,100,bot_36,3509,b,16,35.62,25,131.3,146,14.7,0
e2-nio-100,binary,100,bot_36,3509,b,18,51.78,25,88.25,143,54.75,0
e2-nio-100,binary,100,bot_36,3509,b,20,39.41,25,109.67,151,41.33,0
e2-nio-100,binary,100,bot_36,3509,b,22,39.36,25,115.61,151,35.39,0
e2-nio-100,binary,100,bot_36,3509,b,24,35.15,25,107.33,140,32.67,0
e2-nio-100,binary,100,bot_36,3509,b,26,16.6,25,110.28,137,26.72,0
e2-nio-100,binary,100,bot_36,3509,b,28,21.47,25,158.04,176,17.96,0
e2-nio-100,binary,100,bot_36,3509,b,30,18.79,25,185.97,200,14.03,0
e2-nio-100,binary,100,bot_36,3509,b,32,9.14,25,162.12,179,16.88,0
e2-nio-100,binary,100,bot_36,3509,b,34,83.09,25,96.83,201,104.17,0
e2-nio-100,binary,100,bot_36,3509,b,36,102.93,25,108.17,189,80.83,0
e2-nio-100,binary,100,bot_36,3509,b,38,87.13,25,94.5,198,103.5,0
e2-nio-100,binary,100,bot_36,3509,b,40,60.86,25,127.68,183,55.32,0
e2-nio-100,binary,100,bot_36,3509,b,42,61.47,25,143.53,202,58.47,0
e2-nio-100,binary,100,bot_36,3509,b,44,57.46,25,158.01,204,45.99,0
e2-nio-100,binary,100,bot_36,3509,b,46,71.9,25,160.32,203,42.68,0
e2-nio-100,binary,100,bot_36,3509,b,48,54.63,25,197.35,243,45.65,0
e2-nio-100,binary,100,bot_36,3509,b,50,44.26,25,204.47,233,28.53,0
e2-nio-100,binary,100,bot_36,3509,b,52,47.19,25,215.16,244,28.84,0
e2-nio-100,binary,100,bot_36,3509,b,54,37.55,25,263.83,274,10.17,0
e2-nio-100,binary,100,bot_36,3509,b,56,35.67,25,263.85,286,22.15,0
e2-nio-100,binary,100,bot_36,3509,b,58,27.77,25,232.01,240,7.99,0
e2-nio-100,binary,100,bot_36,3509,b,60,17.79,25,179.04,191,11.96,0
e2-nio-100,binary,100,bot_37,3510,w,1,10.77,25,69.26,76,6.74,0
e2-nio-100,binary,100,bot_37,3510,w,3,8.67,25,60,66,6,0
e2-nio-100,binary,100,bot_37,3510,w,5,5.72,25,58.42,61,2.58,0
e2-nio-100,binary,100,bot_37,3510,w,7,11.85,25,77.2,80,2.8,0
e2-nio-100,binary,100,bot_37,3510,w,9,13.25,25,90.24,101,10.76,0
e2-nio-100,binary,100,bot_37,3510,w,11,7.62,25,74.94,83,8.06,0
e2-nio-100,binary,100,bot_37,3510,w,13,35.53,25,99.39,104,4.61,0
e2-nio-100,binary,100,bot_37,3510,w,15,34.09,25,96.4,127,30.6,0
e2-nio-100,binary,100,bot_37,3510,w,17,40.61,25,85.91,108,22.09,0
e2-nio-100,binary,100,bot_37,3510,w,19,25.67,25,106.27,139,32.73,0
e2-nio-100,binary,100,bot_37,3510,w,21,20.9,25,130.25,150,19.75,0
e2-nio-100,binary,100,bot_37,3510,w,23,16.47,25,138.91,159,20.09,0
e2-nio-100,binary,100,bot_37,3510,w,25,12.51,25,140.39,155,14.61,0
e2-nio-100,binary,100,bot_37,3510,w,27,88.69,25,76.15,145,68.85,0
e2-nio-100,binary,100,bot_37,3510,w,29,80.26,25,101.86,171,69.14,0
e2-nio-100,binary,100,bot_37,3510,w,31,73.83,25,113.6,198,84.4,0
e2-nio-100,binary,100,bot_37,3510,w,33,62.22,25,119.98,178,58.02,0
e2-nio-100,binary,100,bot_37,3510,w,35,52.19,25,116.12,171,54.88,0
e2-nio-100,binary,100,bot_37,3510,w,37,67.93,25,157.93,223,65.07,0
e2-nio-100,binary,100,bot_37,3510,w,39,65.47,25,130.76,178,47.24,0
e2-nio-100,binary,100,bot_37,3510,w,41,68.43,25,130.53,176,45.47,0
e2-nio-100,binary,100,bot_37,3510,w,43,56.73,25,159.25,206,46.75,0
e2-nio-100,binary,100,bot_37,3510,w,45,54.36,25,138.59,181,42.41,0
e2-nio-100,binary,100,bot_37,3510,w,47,57.6,25,144.58,203,58.42,0
e2-nio-100,binary,100,bot_37,3510,w,49,37.85,25,186.1,225,38.9,0
e2-nio-100,binary,100,bot_37,3510,w,51,38.91,25,191.78,221,29.22,0
e2-nio-100,binary,100,bot_37,3510,w,53,21.24,25,231.82,265,33.18,0
e2-nio-100,binary,100,bot_37,3510,w,55,31.68,25,260.85,283,22.15,0
e2-nio-100,binary,100,bot_37,3510,w,57,17.98,25,254.74,275,20.26,0
e2-nio-100,binary,100,bot_37,3510,w,59,83.54,25,150.41,237,86.59,0
e2-nio-100,binary,100,bot_38,3510,b,2,8.98,25,61.83,71,9.17,0
e2-nio-100,binary,100,bot_38,3510,b,4,4.73,25,55.7,61,5.3,0
e2-nio-100,binary,100,bot_38,3510,b,6,4.2,25,66.08,69,2.92,0
e2-nio-100,binary,100,bot_38,3510,b,8,14.05,25,71.89,81,9.11,0
e2-nio-100,binary,100,bot_38,3510,b,10,10.42,25,82.99,93,10.01,0
e2-nio-100,binary,100,bot_38,3510,b,12,8.21,25,75.46,81,5.54,0
e2-nio-100,binary,100,bot_38,3510,b,14,32.61,25,75.57,108,32.43,0
e2-nio-100,binary,100,bot_38,3510,b,16,25.32,25,102.53,133,30.47,0
e2-nio-100,binary,100,bot_38,3510,b,18,35.3,25,102.31,140,37.69,0
e2-nio-100,binary,100,bot_38,3510,b,20,21.84,25,127.14,149,21.86,0
e2-nio-100,binary,100,bot_38,3510,b,22,21.97,25,132.79,151,18.21,0
e2-nio-100,binary,100,bot_38,3510,b,24,16.03,25,125.94,139,13.06,0
e2-nio-100,binary,100,bot_38,3510,b,26,70.26,25,118.32,129,10.68,0
e2-nio-100,binary,100,bot_38,3510,b,28,70.45,25,94.26,179,84.74,0
e2-nio-100,binary,100,bot_38,3510,b,30,86.5,25,130.79,207,76.21,0
e2-nio-100,binary,100,bot_38,3510,b,32,61.98,25,100.43,172,71.57,0
e2-nio-100,binary,100,bot_38,3510,b,34,57.36,25,122.62,183,60.38,0
e2-nio-100,binary,100,bot_38,3510,b,36,66.31,25,146.79,196,49.21,0
e2-nio-100,binary,100,bot_38,3510,b,38,59.43,25,119.08,183,63.92,0
e2-nio-100,binary,100,bot_38,3510,b,40,57.66,25,131.06,182,50.94,0
e2-nio-100,binary,100,bot_38,3510,b,42,57.66,25,147.12,203,55.88,0
e2-nio-100,binary,100,bot_38,3510,b,44,54.95,25,160.55,204,43.45,0
e2-nio-100,binary,100,bot_38,3510,b,46,71.59,25,160.47,201,40.53,0
e2-nio-100,binary,100,bot_38,3510,b,48,51.34,25,200.59,245,44.41,0
e2-nio-100,binary,100,bot_38,3510,b,50,40.84,25,207.89,233,25.11,0
e2-nio-100,binary,100,bot_38,3510,b,52,44.43,25,217.99,244,26.01,0
e2-nio-100,binary,100,bot_38,3510,b,54,34.81,25,266.71,275,8.29,0
e2-nio-100,binary,100,bot_38,3510,b,56,32.07,25,267.23,286,18.77,0
e2-nio-100,binary,100,bot_38,3510,b,58,101.77,25,234.33,240,5.67,0
e2-nio-100,binary,100,bot_38,3510,b,60,35.03,25,157.54,226,68.46,0
e2-nio-100,binary,100,bot_39,3511,w,1,13.91,25,57.9,72,14.1,0
e2-nio-100,binary,100,bot_39,3511,w,3,2.47,25,53.32,65,11.68,0
e2-nio-100,binary,100,bot_39,3511,w,5,6.79,25,64.31,73,8.69,0
e2-nio-100,binary,100,bot_39,3511,w,7,19.99,25,65.78,78,12.22,0
e2-nio-100,binary,100,bot_39,3511,w,9,18.83,25,75.07,94,18.93,0
e2-nio-100,binary,100,bot_39,3511,w,11,15.12,25,68.15,79,10.85,0
e2-nio-100,binary,100,bot_39,3511,w,13,9.29,25,94.75,103,8.25,0
e2-nio-100,binary,100,bot_39,3511,w,15,29.89,25,136.58,141,4.42,0
e2-nio-100,binary,100,bot_39,3511,w,17,44.34,25,93.9,138,44.1,0
e2-nio-100,binary,100,bot_39,3511,w,19,30.29,25,118.54,147,28.46,0
e2-nio-100,binary,100,bot_39,3511,w,21,30.25,25,124.4,150,25.6,0
e2-nio-100,binary,100,bot_39,3511,w,23,25.42,25,117.17,139,21.83,0
e2-nio-100,binary,100,bot_39,3511,w,25,11.95,25,114.77,133,18.23,0
e2-nio-100,binary,100,bot_39,3511,w,27,11.59,25,167.7,176,8.3,0
e2-nio-100,binary,100,bot_39,3511,w,29,98.77,25,119.36,214,94.64,0
e2-nio-100,binary,100,bot_39,3511,w,31,72.73,25,90.18,174,83.82,0
e2-nio-100,binary,100,bot_39,3511,w,33,71.26,25,109.17,187,77.83,0
e2-nio-100,binary,100,bot_39,3511,w,35,81.85,25,130.04,197,66.96,0
e2-nio-100,binary,100,bot_39,3511,w,37,71.81,25,108.82,196,87.18,0
e2-nio-100,binary,100,bot_39,3511,w,39,54.78,25,133.98,178,44.02,0
e2-nio-100,binary,100,bot_39,3511,w,41,52.78,25,151.83,201,49.17,0
e2-nio-100,binary,100,bot_39,3511,w,43,54.4,25,160.99,199,38.01,0
e2-nio-100,binary,100,bot_39,3511,w,45,66.87,25,165.08,201,35.92,0
e2-nio-100,binary,100,bot_39,3511,w,47,51.14,25,200.62,237,36.38,0
e2-nio-100,binary,100,bot_39,3511,w,49,36.13,25,212.66,234,21.34,0
e2-nio-100,binary,100,bot_39,3511,w,51,39.61,25,222.92,244,21.08,0
e2-nio-100,binary,100,bot_39,3511,w,53,31,25,270.63,277,6.37,0
e2-nio-100,binary,100,bot_39,3511,w,55,28.17,25,271.01,285,13.99,0
e2-nio-100,binary,100,bot_39,3511,w,57,72.29,25,197.89,267,69.11,0
e2-nio-100,binary,100,bot_39,3511,w,59,31.88,25,160.66,226,65.34,0
e2-nio-100,binary,100,bot_40,3511,b,2,13.35,25,55.02,63,7.98,0
e2-nio-100,binary,100,bot_40,3511,b,4,11.5,25,56.94,52,-4.94,0
e2-nio-100,binary,100,bot_40,3511,b,6,13.97,25,74.67,75,0.33,0
e2-nio-100,binary,100,bot_40,3511,b,8,21.34,25,82.17,95,12.83,0
e2-nio-100,binary,100,bot_40,3511,b,10,13.38,25,69.11,81,11.89,0
e2-nio-100,binary,100,bot_40,3511,b,12,9.64,25,94.6,104,9.4,0
e2-nio-100,binary,100,bot_40,3511,b,14,7.04,25,119.55,122,2.45,0
e2-nio-100,binary,100,bot_40,3511,b,16,46.02,25,79.62,102,22.38,0
e2-nio-100,binary,100,bot_40,3511,b,18,30.82,25,101.47,139,37.53,0
e2-nio-100,binary,100,bot_40,3511,b,20,27.39,25,123.88,147,23.12,0
e2-nio-100,binary,100,bot_40,3511,b,22,24.23,25,131.19,155,23.81,0
e2-nio-100,binary,100,bot_40,3511,b,24,19.32,25,133.1,152,18.9,0
e2-nio-100,binary,100,bot_40,3511,b,26,10.67,25,126.34,131,4.66,0
e2-nio-100,binary,100,bot_40,3511,b,28,97,25,158.83,164,5.17,0
e2-nio-100,binary,100,bot_40,3511,b,30,86.09,25,101.05,192,90.95,0
e2-nio-100,binary,100,bot_40,3511,b,32,78.94,25,102.69,169,66.31,0
e2-nio-100,binary,100,bot_40,3511,b,34,69.1,25,99.74,164,64.26,0
e2-nio-100,binary,100,bot_40,3511,b,36,89.01,25,138.14,213,74.86,0
e2-nio-100,binary,100,bot_40,3511,b,38,58.47,25,137.41,193,55.59,0
e2-nio-100,binary,100,bot_40,3511,b,40,61.7,25,137.47,176,38.53,0
e2-nio-100,binary,100,bot_40,3511,b,42,51.01,25,165.21,202,36.79,0
e2-nio-100,binary,100,bot_40,3511,b,44,49.44,25,144.03,183,38.97,0
e2-nio-100,binary,100,bot_40,3511,b,46,50.35,25,152.19,203,50.81,0
e2-nio-100,binary,100,bot_40,3511,b,48,33.87,25,189.79,224,34.21,0
e2-nio-100,binary,100,bot_40,3511,b,50,35.17,25,195.68,216,20.32,0
e2-nio-100,binary,100,bot_40,3511,b,52,19.23,25,233.54,259,25.46,0
e2-nio-100,binary,100,bot_40,3511,b,54,27.52,25,265.08,281,15.92,0
e2-nio-100,binary,100,bot_40,3511,b,56,81.78,25,257.39,270,12.61,0
e2-nio-100,binary,100,bot_40,3511,b,58,80.57,25,152.77,207,54.23,0
e2-nio-100,binary,100,bot_40,3511,b,60,34.9,25,186.38,202,15.62,0
e2-nio-100,binary,100,bot_41,3512,w,1,4.56,25,62.31,63,0.69,0
e2-nio-100,binary,100,bot_41,3512,w,3,2.81,25,53.11,59,5.89,0
e2-nio-100,binary,100,bot_41,3512,w,5,3.06,25,64.44,68,3.56,0
e2-nio-100,binary,100,bot_41,3512,w,7,31.39,25,74.86,92,17.14,0
e2-nio-100,binary,100,bot_41,3512,w,9,17.78,25,65.95,88,22.05,0
e2-nio-100,binary,100,bot_41,3512,w,11,18.25,25,72.55,87,14.45,0
e2-nio-100,binary,100,bot_41,3512,w,13,16.68,25,90.22,108,17.78,0
e2-nio-100,binary,100,bot_41,3512,w,15,12.55,25,112.46,129,16.54,0
e2-nio-100,binary,100,bot_41,3512,w,17,13.13,25,124.55,138,13.45,0
e2-nio-100,binary,100,bot_41,3512,w,19,63.11,25,81.81,160,78.19,0
e2-nio-100,binary,100,bot_41,3512,w,21,59.44,25,98.04,152,53.96,0
e2-nio-100,binary,100,bot_41,3512,w,23,49.95,25,100.66,144,43.34,0
e2-nio-100,binary,100,bot_41,3512,w,25,47.38,25,85.25,120,34.75,0
e2-nio-100,binary,100,bot_41,3512,w,27,48.15,25,117.11,160,42.89,0
e2-nio-100,binary,100,bot_41,3512,w,29,52.87,25,163.84,203,39.16,0
e2-nio-100,binary,100,bot_41,3512,w,31,29.47,25,132.8,167,34.2,0
e2-nio-100,binary,100,bot_41,3512,w,33,27.39,25,151.89,179,27.11,0
e2-nio-100,binary,100,bot_41,3512,w,35,30.18,25,185.89,207,21.11,0
e2-nio-100,binary,100,bot_41,3512,w,37,17.83,25,158.59,181,22.41,0
e2-nio-100,binary,100,bot_41,3512,w,39,51.48,25,137.48,179,41.52,0
e2-nio-100,binary,100,bot_41,3512,w,41,47.6,25,156.77,200,43.23,0
e2-nio-100,binary,100,bot_41,3512,w,43,50.94,25,164.35,199,34.65,0
e2-nio-100,binary,100,bot_41,3512,w,45,61.29,25,170.67,205,34.33,0
e2-nio-100,binary,100,bot_41,3512,w,47,46.4,25,205.29,241,35.71,0
e2-nio-100,binary,100,bot_41,3512,w,49,30.11,25,218.76,238,19.24,0
e2-nio-100,binary,100,bot_41,3512,w,51,34.69,25,227.85,248,20.15,0
e2-nio-100,binary,100,bot_41,3512,w,53,25.14,25,276.76,283,6.24,0
e2-nio-100,binary,100,bot_41,3512,w,55,113.74,25,276.17,290,13.83,0
e2-nio-100,binary,100,bot_41,3512,w,57,67.13,25,202.98,255,52.02,0
e2-nio-100,binary,100,bot_41,3512,w,59,27.02,25,165.55,230,64.45,0
e2-nio-100,binary,100,bot_42,3512,b,2,12.64,25,56.51,69,12.49,0
e2-nio-100,binary,100,bot_42,3512,b,4,7.25,25,58.86,60,1.14,0
e2-nio-100,binary,100,bot_42,3512,b,6,19.55,25,74.24,76,1.76,0
e2-nio-100,binary,100,bot_42,3512,b,8,26.46,25,73.76,103,29.24,0
e2-nio-100,binary,100,bot_42,3512,b,10,16.61,25,65.78,82,16.22,0
e2-nio-100,binary,100,bot_42,3512,b,12,21.39,25,87.24,103,15.76,0
e2-nio-100,binary,100,bot_42,3512,b,14,19.94,25,113.75,129,15.25,0
e2-nio-100,binary,100,bot_42,3512,b,16,16.73,25,110.41,121,10.59,0
e2-nio-100,binary,100,bot_42,3512,b,18,81.74,25,121.37,133,11.63,0
e2-nio-100,binary,100,bot_42,3512,b,20,57.67,25,96.3,158,61.7,0
e2-nio-100,binary,100,bot_42,3512,b,22,45.78,25,97.83,155,57.17,0
e2-nio-100,binary,100,bot_42,3512,b,24,37.79,25,105.19,153,47.81,0
e2-nio-100,binary,100,bot_42,3512,b,26,47,25,116.67,163,46.33,0
e2-nio-100,binary,100,bot_42,3512,b,28,43.56,25,139.22,187,47.78,0
e2-nio-100,binary,100,bot_42,3512,b,30,37.48,25,147.54,199,51.46,0
e2-nio-100,binary,100,bot_42,3512,b,32,30.29,25,154.15,182,27.85,0
e2-nio-100,binary,100,bot_42,3512,b,34,23.39,25,143.2,168,24.8,0
e2-nio-100,binary,100,bot_42,3512,b,36,25.41,25,196.54,224,27.46,0
e2-nio-100,binary,100,bot_42,3512,b,38,55.15,25,140.51,146,5.49,0
e2-nio-100,binary,100,bot_42,3512,b,40,57.5,25,141.57,181,39.43,0
e2-nio-100,binary,100,bot_42,3512,b,42,47.41,25,168.75,205,36.25,0
e2-nio-100,binary,100,bot_42,3512,b,44,47,25,146.54,186,39.46,0
e2-nio-100,binary,100,bot_42,3512,b,46,47.74,25,154.64,204,49.36,0
e2-nio-100,binary,100,bot_42,3512,b,48,31.71,25,191.53,226,34.47,0
e2-nio-100,binary,100,bot_42,3512,b,50,33.13,25,197.62,216,18.38,0
e2-nio-100,binary,100,bot_42,3512,b,52,18.43,25,234,258,24,0
e2-nio-100,binary,100,bot_42,3512,b,54,25.92,25,266.53,279,12.47,0
e2-nio-100,binary,100,bot_42,3512,b,56,65.15,25,183.21,285,101.79,0
e2-nio-100,binary,100,bot_42,3512,b,58,79.35,25,153.67,206,52.33,0
e2-nio-100,binary,100,bot_42,3512,b,60,32.37,25,189.01,202,12.99,0
e2-nio-100,binary,100,bot_43,3513,w,1,7.65,25,67.11,70,2.89,0
e2-nio-100,binary,100,bot_43,3513,w,3,5.04,25,54.24,55,0.76,0
e2-nio-100,binary,100,bot_43,3513,w,5,25.34,25,74.58,76,1.42,0
e2-nio-100,binary,100,bot_43,3513,w,7,13.18,25,85.87,94,8.13,0
e2-nio-100,binary,100,bot_43,3513,w,9,29.25,25,75.66,82,6.34,0
e2-nio-100,binary,100,bot_43,3513,w,11,27.78,25,76.48,95,18.52,0
e2-nio-100,binary,100,bot_43,3513,w,13,25.21,25,101.66,120,18.34,0
e2-nio-100,binary,100,bot_43,3513,w,15,62.2,25,60.74,96,35.26,0
e2-nio-100,binary,100,bot_43,3513,w,17,49.03,25,83.1,137,53.9,0
e2-nio-100,binary,100,bot_43,3513,w,19,45.91,25,105.08,146,40.92,0
e2-nio-100,binary,100,bot_43,3513,w,21,40.12,25,115.26,158,42.74,0
e2-nio-100,binary,100,bot_43,3513,w,23,34.27,25,118.37,158,39.63,0
e2-nio-100,binary,100,bot_43,3513,w,25,25.49,25,112.22,130,17.78,0
e2-nio-100,binary,100,bot_43,3513,w,27,23.69,25,143.26,168,24.74,0
e2-nio-100,binary,100,bot_43,3513,w,29,26.81,25,170.04,194,23.96,0
e2-nio-100,binary,100,bot_43,3513,w,31,15.07,25,150.87,161,10.13,0
e2-nio-100,binary,100,bot_43,3513,w,33,95.66,25,158.95,164,5.05,0
e2-nio-100,binary,100,bot_43,3513,w,35,118.98,25,108.86,220,111.14,0
e2-nio-100,binary,100,bot_43,3513,w,37,95.61,25,104.07,183,78.93,0
e2-nio-100,binary,100,bot_43,3513,w,39,88.96,25,110.44,181,70.56,0
e2-nio-100,binary,100,bot_43,3513,w,41,83.2,25,133.05,219,85.95,0
e2-nio-100,binary,100,bot_43,3513,w,43,74.94,25,115.88,183,67.12,0
e2-nio-100,binary,100,bot_43,3513,w,45,77.48,25,124.8,218,93.2,0
e2-nio-100,binary,100,bot_43,3513,w,47,67.57,25,158.5,237,78.5,0
e2-nio-100,binary,100,bot_43,3513,w,49,66.35,25,162.39,235,72.61,0
e2-nio-100,binary,100,bot_43,3513,w,51,49.61,25,205.5,275,69.5,0
e2-nio-100,binary,100,bot_43,3513,w,53,58.22,25,234.49,292,57.51,0
e2-nio-100,binary,100,bot_43,3513,w,55,40.91,25,234.16,293,58.84,0
e2-nio-100,binary,100,bot_43,3513,w,57,44.39,25,182.57,227,44.43,0
e2-nio-100,binary,100,bot_43,3513,w,59,97.52,25,199.62,198,-1.62,0
e2-nio-100,binary,100,bot_44,3513,b,2,5.66,25,55.38,57,1.63,0
e2-nio-100,binary,100,bot_44,3513,b,4,5.68,25,70.77,70,-0.77,0
e2-nio-100,binary,100,bot_44,3513,b,6,11.6,25,52.97,73,20.03,0
e2-nio-100,binary,100,bot_44,3513,b,8,10.42,25,85.6,93,7.4,0
e2-nio-100,binary,100,bot_44,3513,b,10,22.74,25,61.05,85,23.95,0
e2-nio-100,binary,100,bot_44,3513,b,12,22.72,25,81.57,103,21.43,0
e2-nio-100,binary,100,bot_44,3513,b,14,39.28,25,127.33,147,19.67,0
e2-nio-100,binary,100,bot_44,3513,b,16,59.34,25,80.63,137,56.37,0
e2-nio-100,binary,100,bot_44,3513,b,18,44.95,25,104.24,148,43.76,0
e2-nio-100,binary,100,bot_44,3513,b,20,47.66,25,107.11,147,39.89,0
e2-nio-100,binary,100,bot_44,3513,b,22,43.5,25,98.8,133,34.2,0
e2-nio-100,binary,100,bot_44,3513,b,24,22.31,25,104.52,133,28.48,0
e2-nio-100,binary,100,bot_44,3513,b,26,27.44,25,152.17,172,19.83,0
e2-nio-100,binary,100,bot_44,3513,b,28,26.49,25,178.37,196,17.63,0
e2-nio-100,binary,100,bot_44,3513,b,30,13.86,25,157.54,179,21.46,0
e2-nio-100,binary,100,bot_44,3513,b,32,9.19,25,182.19,191,8.81,0
e2-nio-100,binary,100,bot_44,3513,b,34,116.04,25,95.21,186,90.79,0
e2-nio-100,binary,100,bot_44,3513,b,36,91.94,25,85.9,199,113.1,0
e2-nio-100,binary,100,bot_44,3513,b,38,82.31,25,104.14,184,79.86,0
e2-nio-100,binary,100,bot_44,3513,b,40,97.69,25,108.83,182,73.17,0
e2-nio-100,binary,100,bot_44,3513,b,42,79.1,25,136.18,204,67.82,0
e2-nio-100,binary,100,bot_44,3513,b,44,106.51,25,125.3,184,58.7,0
e2-nio-100,binary,100,bot_44,3513,b,46,90.86,25,161.18,223,61.82,0
e2-nio-100,binary,100,bot_44,3513,b,48,85.36,25,163.22,216,52.78,0
e2-nio-100,binary,100,bot_44,3513,b,50,82.01,25,180.38,232,51.62,0
e2-nio-100,binary,100,bot_44,3513,b,52,70.55,25,228.87,263,34.13,0
e2-nio-100,binary,100,bot_44,3513,b,54,72.07,25,227.23,271,43.77,0
e2-nio-100,binary,100,bot_44,3513,b,56,52.95,25,203.75,230,26.25,0
e2-nio-100,binary,100,bot_44,3513,b,58,14.39,25,181.55,205,23.45,0
e2-nio-100,binary,100,bot_44,3513,b,60,86.5,25,161.59,242,80.41,0
e2-nio-100,binary,100,bot_45,3514,w,1,8.51,25,60.64,66,5.36,0
e2-nio-100,binary,100,bot_45,3514,w,3,17,25,59.6,63,3.4,0
e2-nio-100,binary,100,bot_45,3514,w,5,10.72,25,77.26,76,-1.26,0
e2-nio-100,binary,100,bot_45,3514,w,7,20.31,25,79.56,101,21.44,0
e2-nio-100,binary,100,bot_45,3514,w,9,11.4,25,70.87,78,7.13,0
e2-nio-100,binary,100,bot_45,3514,w,11,12.91,25,94.54,104,9.46,0
e2-nio-100,binary,100,bot_45,3514,w,13,79.62,25,123.76,126,2.24,0
e2-nio-100,binary,100,bot_45,3514,w,15,46.46,25,109.11,125,15.89,0
e2-nio-100,binary,100,bot_45,3514,w,17,60.59,25,84.16,130,45.84,0
e2-nio-100,binary,100,bot_45,3514,w,19,45.57,25,107.29,156,48.71,0
e2-nio-100,binary,100,bot_45,3514,w,21,32.49,25,110.56,156,45.44,0
e2-nio-100,binary,100,bot_45,3514,w,23,26.68,25,116,147,31,0
e2-nio-100,binary,100,bot_45,3514,w,25,36.52,25,126.85,162,35.15,0
e2-nio-100,binary,100,bot_45,3514,w,27,26.81,25,156.86,192,35.14,0
e2-nio-100,binary,100,bot_45,3514,w,29,24.71,25,159.56,194,34.44,0
e2-nio-100,binary,100,bot_45,3514,w,31,19.32,25,166.01,180,13.99,0
e2-nio-100,binary,100,bot_45,3514,w,33,83.39,25,154.38,169,14.62,0
e2-nio-100,binary,100,bot_45,3514,w,35,56.36,25,152.9,219,66.1,0
e2-nio-100,binary,100,bot_45,3514,w,37,59.33,25,136.95,181,44.05,0
e2-nio-100,binary,100,bot_45,3514,w,39,49.03,25,154.73,185,30.27,0
e2-nio-100,binary,100,bot_45,3514,w,41,62.67,25,168.62,208,39.38,0
e2-nio-100,binary,100,bot_45,3514,w,43,40.19,25,167.72,191,23.28,0
e2-nio-100,binary,100,bot_45,3514,w,45,35.01,25,179.46,190,10.54,0
e2-nio-100,binary,100,bot_45,3514,w,47,27.4,25,201.23,219,17.77,0
e2-nio-100,binary,100,bot_45,3514,w,49,24.35,25,205.87,221,15.13,0
e2-nio-100,binary,100,bot_45,3514,w,51,23.44,25,228.7,242,13.3,0
e2-nio-100,binary,100,bot_45,3514,w,53,14.01,25,273.22,279,5.78,0
e2-nio-100,binary,100,bot_45,3514,w,55,169.26,25,237.24,238,0.76,0
e2-nio-100,binary,100,bot_45,3514,w,57,87.21,25,125.74,219,93.26,0
e2-nio-100,binary,100,bot_45,3514,w,59,114.87,25,126.43,221,94.57,0
e2-nio-100,binary,100,bot_46,3514,b,2,8.71,25,55.77,61,5.23,0
e2-nio-100,binary,100,bot_46,3514,b,4,3.93,25,50.59,64,13.41,0
e2-nio-100,binary,100,bot_46,3514,b,6,26.44,25,80.18,87,6.82,0
e2-nio-100,binary,100,bot_46,3514,b,8,11.72,25,71.96,90,18.04,0
e2-nio-100,binary,100,bot_46,3514,b,10,14.51,25,77.75,87,9.25,0
e2-nio-100,binary,100,bot_46,3514,b,12,7.51,25,98.68,108,9.32,0
e2-nio-100,binary,100,bot_46,3514,b,14,20.39,25,56.68,133,76.32,0
e2-nio-100,binary,100,bot_46,3514,b,16,50.87,25,96,139,43,0
e2-nio-100,binary,100,bot_46,3514,b,18,53.72,25,91,149,58,0
e2-nio-100,binary,100,bot_46,3514,b,20,51,25,107.5,150,42.5,0
e2-nio-100,binary,100,bot_46,3514,b,22,36.31,25,114.26,144,29.74,0
e2-nio-100,binary,100,bot_46,3514,b,24,39.79,25,94.2,118,23.8,0
e2-nio-100,binary,100,bot_46,3514,b,26,39.77,25,126.09,159,32.91,0
e2-nio-100,binary,100,bot_46,3514,b,28,39.08,25,176.59,200,23.41,0
e2-nio-100,binary,100,bot_46,3514,b,30,19.56,25,142.52,164,21.48,0
e2-nio-100,binary,100,bot_46,3514,b,32,18.78,25,160,177,17,0
e2-nio-100,binary,100,bot_46,3514,b,34,71.37,25,146.85,228,81.15,0
e2-nio-100,binary,100,bot_46,3514,b,36,60.32,25,129.87,174,44.13,0
e2-nio-100,binary,100,bot_46,3514,b,38,45.31,25,132.94,180,47.06,0
e2-nio-100,binary,100,bot_46,3514,b,40,54.8,25,157.1,194,36.9,0
e2-nio-100,binary,100,bot_46,3514,b,42,37.47,25,145.97,196,50.03,0
e2-nio-100,binary,100,bot_46,3514,b,44,26.16,25,199.97,227,27.03,0
e2-nio-100,binary,100,bot_46,3514,b,46,33.46,25,206.88,230,23.12,0
e2-nio-100,binary,100,bot_46,3514,b,48,29.95,25,214.98,230,15.02,0
e2-nio-100,binary,100,bot_46,3514,b,50,27.62,25,263.92,275,11.08,0
e2-nio-100,binary,100,bot_46,3514,b,52,20.92,25,280.61,291,10.39,0
e2-nio-100,binary,100,bot_46,3514,b,54,16.29,25,288.8,290,1.2,0
e2-nio-100,binary,100,bot_46,3514,b,56,106.07,25,112.21,269,156.79,0
e2-nio-100,binary,100,bot_46,3514,b,58,108.56,25,102.93,177,74.07,0
e2-nio-100,binary,100,bot_46,3514,b,60,99.89,25,130.8,233,102.2,0
e2-nio-100,binary,100,bot_47,3515,w,1,4.27,25,51.99,59,7.01,0
e2-nio-100,binary,100,bot_47,3515,w,3,5.36,25,62.18,63,0.82,0
e2-nio-100,binary,100,bot_47,3515,w,5,37.36,25,81.43,80,-1.43,0
e2-nio-100,binary,100,bot_47,3515,w,7,19.77,25,64.18,83,18.82,0
e2-nio-100,binary,100,bot_47,3515,w,9,19.13,25,71.7,82,10.3,0
e2-nio-100,binary,100,bot_47,3515,w,11,19.29,25,87.81,103,15.19,0
e2-nio-100,binary,100,bot_47,3515,w,13,13.78,25,111.79,125,13.21,0
e2-nio-100,binary,100,bot_47,3515,w,15,15.98,25,121.82,136,14.18,0
e2-nio-100,binary,100,bot_47,3515,w,17,76.37,25,138.65,145,6.35,0
e2-nio-100,binary,100,bot_47,3515,w,19,64.83,25,92.48,149,56.52,0
e2-nio-100,binary,100,bot_47,3515,w,21,56.54,25,94.13,138,43.87,0
e2-nio-100,binary,100,bot_47,3515,w,23,51.33,25,80.5,118,37.5,0
e2-nio-100,binary,100,bot_47,3515,w,25,53.12,25,111.99,159,47.01,0
e2-nio-100,binary,100,bot_47,3515,w,27,62.29,25,154.3,200,45.7,0
e2-nio-100,binary,100,bot_47,3515,w,29,37.08,25,125.15,163,37.85,0
e2-nio-100,binary,100,bot_47,3515,w,31,33.71,25,145.6,175,29.4,0
e2-nio-100,binary,100,bot_47,3515,w,33,42.95,25,173,196,23,0
e2-nio-100,binary,100,bot_47,3515,w,35,32.17,25,145.44,170,24.56,0
e2-nio-100,binary,100,bot_47,3515,w,37,51.08,25,137.98,173,35.02,0
e2-nio-100,binary,100,bot_47,3515,w,39,46.22,25,157.91,196,38.09,0
e2-nio-100,binary,100,bot_47,3515,w,41,49.08,25,166.22,195,28.78,0
e2-nio-100,binary,100,bot_47,3515,w,43,61.04,25,170.91,202,31.09,0
e2-nio-100,binary,100,bot_47,3515,w,45,45.79,25,206.01,235,28.99,0
e2-nio-100,binary,100,bot_47,3515,w,47,28.53,25,220.37,234,13.63,0
e2-nio-100,binary,100,bot_47,3515,w,49,33.23,25,229.58,244,14.42,0
e2-nio-100,binary,100,bot_47,3515,w,51,24.07,25,278.03,278,-0.03,0
e2-nio-100,binary,100,bot_47,3515,w,53,89.3,25,216.44,309,92.56,0
e2-nio-100,binary,100,bot_47,3515,w,55,64.27,25,206.04,252,45.96,0
e2-nio-100,binary,100,bot_47,3515,w,57,25.53,25,167.05,224,56.95,0
e2-nio-100,binary,100,bot_47,3515,w,59,18.93,25,226.21,236,9.79,0
e2-nio-100,binary,100,bot_48,3515,b,2,8.4,25,57.52,53,-4.52,0
e2-nio-100,binary,100,bot_48,3515,b,4,6.81,25,73.42,71,-2.42,0
e2-nio-100,binary,100,bot_48,3515,b,6,27.01,25,74.02,103,28.98,0
e2-nio-100,binary,100,bot_48,3515,b,8,17.14,25,65.33,76,10.67,0
e2-nio-100,binary,100,bot_48,3515,b,10,23.7,25,84.87,93,8.13,0
e2-nio-100,binary,100,bot_48,3515,b,12,22,25,111.26,122,10.74,0
e2-nio-100,binary,100,bot_48,3515,b,14,22.17,25,104.92,109,4.08,0
e2-nio-100,binary,100,bot_48,3515,b,16,14.25,25,117.86,125,7.14,0
e2-nio-100,binary,100,bot_48,3515,b,18,64.71,25,89.85,158,68.15,0
e2-nio-100,binary,100,bot_48,3515,b,20,51.04,25,92.7,148,55.3,0
e2-nio-100,binary,100,bot_48,3515,b,22,44.49,25,98.6,146,47.4,0
e2-nio-100,binary,100,bot_48,3515,b,24,54.97,25,108.81,152,43.19,0
e2-nio-100,binary,100,bot_48,3515,b,26,52.57,25,130.53,175,44.47,0
e2-nio-100,binary,100,bot_48,3515,b,28,44.9,25,140.99,195,54.01,0
e2-nio-100,binary,100,bot_48,3515,b,30,36.8,25,147.38,176,28.62,0
e2-nio-100,binary,100,bot_48,3515,b,32,29.75,25,136.92,161,24.08,0
e2-nio-100,binary,100,bot_48,3515,b,34,32.21,25,190.61,225,34.39,0
e2-nio-100,binary,100,bot_48,3515,b,36,50.98,25,144.61,159,14.39,0
e2-nio-100,binary,100,bot_48,3515,b,38,54.18,25,145.15,178,32.85,0
e2-nio-100,binary,100,bot_48,3515,b,40,44.64,25,171.63,200,28.37,0
e2-nio-100,binary,100,bot_48,3515,b,42,46.99,25,146.74,178,31.26,0
e2-nio-100,binary,100,bot_48,3515,b,44,45.29,25,157.16,200,42.84,0
e2-nio-100,binary,100,bot_48,3515,b,46,29.23,25,193.95,222,28.05,0
e2-nio-100,binary,100,bot_48,3515,b,48,30.41,25,200.36,211,10.64,0
e2-nio-100,binary,100,bot_48,3515,b,50,16.08,25,236.2,253,16.8,0
e2-nio-100,binary,100,bot_48,3515,b,52,107.21,25,269.95,276,6.05,0
e2-nio-100,binary,100,bot_48,3515,b,54,62.54,25,185.37,256,70.63,0
e2-nio-100,binary,100,bot_48,3515,b,56,75.51,25,157.41,204,46.59,0
e2-nio-100,binary,100,bot_48,3515,b,58,28.21,25,193.47,201,7.53,0
e2-nio-100,binary,100,bot_48,3515,b,60,12.66,25,198.12,198,-0.12,0
e2-nio-100,binary,100,bot_49,3516,w,1,3.17,25,53.34,52,-1.34,0
e2-nio-100,binary,100,bot_49,3516,w,3,8.39,25,69.89,73,3.11,0
e2-nio-100,binary,100,bot_49,3516,w,5,21.77,25,90.52,95,4.48,0
e2-nio-100,binary,100,bot_49,3516,w,7,12.46,25,69.52,82,12.48,0
e2-nio-100,binary,100,bot_49,3516,w,9,9.35,25,89.23,95,5.77,0
e2-nio-100,binary,100,bot_49,3516,w,11,45.59,25,107.12,107,-0.12,0
e2-nio-100,binary,100,bot_49,3516,w,13,14.55,25,83.12,96,12.88,0
e2-nio-100,binary,100,bot_49,3516,w,15,14.47,25,128.98,144,15.02,0
e2-nio-100,binary,100,bot_49,3516,w,17,14.43,25,130.53,143,12.47,0
e2-nio-100,binary,100,bot_49,3516,w,19,58.29,25,97.52,167,69.48,0
e2-nio-100,binary,100,bot_49,3516,w,21,57.42,25,94.86,149,54.14,0
e2-nio-100,binary,100,bot_49,3516,w,23,43.71,25,93.97,129,35.03,0
e2-nio-100,binary,100,bot_49,3516,w,25,51.75,25,114.55,157,42.45,0
e2-nio-100,binary,100,bot_49,3516,w,27,52.44,25,142.93,204,61.07,0
e2-nio-100,binary,100,bot_49,3516,w,29,37.93,25,126.77,150,23.23,0
e2-nio-100,binary,100,bot_49,3516,w,31,23.36,25,141.86,171,29.14,0
e2-nio-100,binary,100,bot_49,3516,w,33,28.96,25,188.98,220,31.02,0
e2-nio-100,binary,100,bot_49,3516,w,35,24.39,25,167,167,0,0
e2-nio-100,binary,100,bot_49,3516,w,37,18.85,25,160.3,161,0.7,0
e2-nio-100,binary,100,bot_49,3516,w,39,132.9,25,202.74,201,-1.74,0
e2-nio-100,binary,100,bot_49,3516,w,41,105.01,25,84.96,174,89.04,0
e2-nio-100,binary,100,bot_49,3516,w,43,104.09,25,97.71,208,110.29,0
e2-nio-100,binary,100,bot_49,3516,w,45,111.83,25,116.26,228,111.74,0
e2-nio-100,binary,100,bot_49,3516,w,47,111.85,25,116.01,229,112.99,0
e2-nio-100,binary,100,bot_49,3516,w,49,91.82,25,165.66,276,110.34,0
e2-nio-100,binary,100,bot_49,3516,w,51,107.1,25,185.61,291,105.39,0
e2-nio-100,binary,100,bot_49,3516,w,53,80,25,196.83,296,99.17,0
e2-nio-100,binary,100,bot_49,3516,w,55,70.56,25,151.48,238,86.52,0
e2-nio-100,binary,100,bot_49,3516,w,57,41.97,25,170.74,196,25.26,0
e2-nio-100,binary,100,bot_49,3516,w,59,40.55,25,186.92,216,29.08,0
e2-nio-100,binary,100,bot_50,3516,b,2,9.71,25,75.68,74,-1.68,0
e2-nio-100,binary,100,bot_50,3516,b,4,11.58,25,61,65,4,0
e2-nio-100,binary,100,bot_50,3516,b,6,19.72,25,75.84,92,16.16,0
e2-nio-100,binary,100,bot_50,3516,b,8,12.06,25,69.51,76,6.49,0
e2-nio-100,binary,100,bot_50,3516,b,10,6.3,25,102.43,106,3.57,0
e2-nio-100,binary,100,bot_50,3516,b,12,19.84,25,106.96,148,41.04,0
e2-nio-100,binary,100,bot_50,3516,b,14,21.41,25,114.63,125,10.37,0
e2-nio-100,binary,100,bot_50,3516,b,16,18.11,25,129.84,139,9.16,0
e2-nio-100,binary,100,bot_50,3516,b,18,76.65,25,141.37,151,9.63,0
e2-nio-100,binary,100,bot_50,3516,b,20,60.78,25,81.79,135,53.21,0
e2-nio-100,binary,100,bot_50,3516,b,22,41.26,25,87.19,140,52.81,0
e2-nio-100,binary,100,bot_50,3516,b,24,48.85,25,130.64,170,39.36,0
e2-nio-100,binary,100,bot_50,3516,b,26,67.45,25,137.93,185,47.07,0
e2-nio-100,binary,100,bot_50,3516,b,28,29.96,25,143.24,191,47.76,0
e2-nio-100,binary,100,bot_50,3516,b,30,36.48,25,156.36,190,33.64,0
e2-nio-100,binary,100,bot_50,3516,b,32,36.65,25,144.66,165,20.34,0
e2-nio-100,binary,100,bot_50,3516,b,34,16.52,25,190.55,214,23.45,0
e2-nio-100,binary,100,bot_50,3516,b,36,16.35,25,179.21,188,8.79,0
e2-nio-100,binary,100,bot_50,3516,b,38,14.6,25,189.71,194,4.29,0
e2-nio-100,binary,100,bot_50,3516,b,40,104.94,25,109.52,227,117.48,0
e2-nio-100,binary,100,bot_50,3516,b,42,125.46,25,106.77,197,90.23,0
e2-nio-100,binary,100,bot_50,3516,b,44,127.74,25,124.83,214,89.17,0
e2-nio-100,binary,100,bot_50,3516,b,46,129.05,25,119.75,217,97.25,0
e2-nio-100,binary,100,bot_50,3516,b,48,125.04,25,135.3,232,96.7,0
e2-nio-100,binary,100,bot_50,3516,b,50,121.27,25,175.26,253,77.74,0
e2-nio-100,binary,100,bot_50,3516,b,52,114.13,25,184.97,278,93.03,0
e2-nio-100,binary,100,bot_50,3516,b,54,102,25,153.23,218,64.77,0
e2-nio-100,binary,100,bot_50,3516,b,56,41.39,25,161.34,216,54.66,0
e2-nio-100,binary,100,bot_50,3516,b,58,44.41,25,199.39,225,25.61,0
e2-nio-100,binary,100,bot_50,3516,b,60,31.63,25,163.23,188,24.77,0
e2-nio-100,binary,100,bot_51,3517,w,1,6.75,25,54.46,55,0.54,0
e2-nio-100,binary,100,bot_51,3517,w,3,15.77,25,72.68,76,3.32,0
e2-nio-100,binary,100,bot_51,3517,w,5,24.52,25,79.02,100,20.98,0
e2-nio-100,binary,100,bot_51,3517,w,7,16.41,25,65.88,82,16.12,0
e2-nio-100,binary,100,bot_51,3517,w,9,13.65,25,90.23,103,12.77,0
e2-nio-100,binary,100,bot_51,3517,w,11,11.16,25,115.2,125,9.8,0
e2-nio-100,binary,100,bot_51,3517,w,13,50.53,25,73.78,103,29.22,0
e2-nio-100,binary,100,bot_51,3517,w,15,36.23,25,96.01,140,43.99,0
e2-nio-100,binary,100,bot_51,3517,w,17,32.14,25,119.07,151,31.93,0
e2-nio-100,binary,100,bot_51,3517,w,19,31.07,25,124.13,155,30.87,0
e2-nio-100,binary,100,bot_51,3517,w,21,23.98,25,128.08,155,26.92,0
e2-nio-100,binary,100,bot_51,3517,w,23,16.19,25,121.1,132,10.9,0
e2-nio-100,binary,100,bot_51,3517,w,25,13.19,25,154.32,167,12.68,0
e2-nio-100,binary,100,bot_51,3517,w,27,102.8,25,184.45,193,8.55,0
e2-nio-100,binary,100,bot_51,3517,w,29,88.1,25,93.55,170,76.45,0
e2-nio-100,binary,100,bot_51,3517,w,31,76.76,25,92.68,167,74.32,0
e2-nio-100,binary,100,bot_51,3517,w,33,100.92,25,127.08,217,89.92,0
e2-nio-100,binary,100,bot_51,3517,w,35,48.78,25,146.61,215,68.39,0
e2-nio-100,binary,100,bot_51,3517,w,37,51.85,25,147.5,183,35.5,0
e2-nio-100,binary,100,bot_51,3517,w,39,40.47,25,175.82,206,30.18,0
e2-nio-100,binary,100,bot_51,3517,w,41,42.84,25,150.98,184,33.02,0
e2-nio-100,binary,100,bot_51,3517,w,43,40.99,25,161.51,205,43.49,0
e2-nio-100,binary,100,bot_51,3517,w,45,25.65,25,197.46,226,28.54,0
e2-nio-100,binary,100,bot_51,3517,w,47,24.99,25,205.81,218,12.19,0
e2-nio-100,binary,100,bot_51,3517,w,49,15.77,25,236.31,250,13.69,0
e2-nio-100,binary,100,bot_51,3517,w,51,80.71,25,207.89,306,98.11,0
e2-nio-100,binary,100,bot_51,3517,w,53,60.16,25,187.66,261,73.34,0
e2-nio-100,binary,100,bot_51,3517,w,55,71.99,25,160.82,206,45.18,0
e2-nio-100,binary,100,bot_51,3517,w,57,24.69,25,197.08,202,4.92,0
e2-nio-100,binary,100,bot_51,3517,w,59,10.17,25,200.68,200,-0.68,0
e2-nio-100,binary,100,bot_52,3517,b,2,8.69,25,70.05,76,5.95,0
e2-nio-100,binary,100,bot_52,3517,b,4,25.07,25,60.45,75,14.55,0
e2-nio-100,binary,100,bot_52,3517,b,6,21.41,25,72.71,95,22.29,0
e2-nio-100,binary,100,bot_52,3517,b,8,17.89,25,65.4,79,13.6,0
e2-nio-100,binary,100,bot_52,3517,b,10,13.52,25,90.97,102,11.03,0
e2-nio-100,binary,100,bot_52,3517,b,12,33.45,25,133.33,142,8.67,0
e2-nio-100,binary,100,bot_52,3517,b,14,48.52,25,90.28,140,49.72,0
e2-nio-100,binary,100,bot_52,3517,b,16,35.96,25,112.89,147,34.11,0
e2-nio-100,binary,100,bot_52,3517,b,18,34.92,25,119.81,150,30.19,0
e2-nio-100,binary,100,bot_52,3517,b,20,31.12,25,111.69,141,29.31,0
e2-nio-100,binary,100,bot_52,3517,b,22,14.8,25,111.96,134,22.04,0
e2-nio-100,binary,100,bot_52,3517,b,24,16.42,25,162.97,178,15.03,0
e2-nio-100,binary,100,bot_52,3517,b,26,12.72,25,192.06,203,10.94,0
e2-nio-100,binary,100,bot_52,3517,b,28,80.05,25,83.5,184,100.5,0
e2-nio-100,binary,100,bot_52,3517,b,30,77.66,25,102.46,189,86.54,0
e2-nio-100,binary,100,bot_52,3517,b,32,93.88,25,117.5,192,74.5,0
e2-nio-100,binary,100,bot_52,3517,b,34,82.38,25,100.63,199,98.37,0
e2-nio-100,binary,100,bot_52,3517,b,36,49.25,25,139.95,175,35.05,0
e2-nio-100,binary,100,bot_52,3517,b,38,43.32,25,160.38,200,39.62,0
e2-nio-100,binary,100,bot_52,3517,b,40,45.77,25,169.48,198,28.52,0
e2-nio-100,binary,100,bot_52,3517,b,42,58.3,25,173.59,204,30.41,0
e2-nio-100,binary,100,bot_52,3517,b,44,42.93,25,208.77,236,27.23,0
e2-nio-100,binary,100,bot_52,3517,b,46,25.74,25,223.11,236,12.89,0
e2-nio-100,binary,100,bot_52,3517,b,48,27.96,25,235.38,248,12.62,0
e2-nio-100,binary,100,bot_52,3517,b,50,111.43,25,279.68,282,2.32,0
e2-nio-100,binary,100,bot_52,3517,b,52,87.47,25,217.85,286,68.15,0
e2-nio-100,binary,100,bot_52,3517,b,54,62,25,208.55,255,46.45,0
e2-nio-100,binary,100,bot_52,3517,b,56,22.54,25,169.98,227,57.02,0
e2-nio-100,binary,100,bot_52,3517,b,58,15.95,25,228.86,237,8.14,0
e2-nio-100,binary,100,bot_52,3517,b,60,132.66,25,185.42,179,-6.42,0
e2-nio-100,binary,100,bot_53,3518,w,1,22.22,25,71.17,73,1.83,0
e2-nio-100,binary,100,bot_53,3518,w,3,7.19,25,52.77,70,17.23,0
e2-nio-100,binary,100,bot_53,3518,w,5,7.64,25,90.83,105,14.17,0
e2-nio-100,binary,100,bot_53,3518,w,7,21.49,25,60.75,90,29.25,0
e2-nio-100,binary,100,bot_53,3518,w,9,25.01,25,84.3,109,24.7,0
e2-nio-100,binary,100,bot_53,3518,w,11,39.9,25,126.01,150,23.99,0
e2-nio-100,binary,100,bot_53,3518,w,13,34.74,25,121.63,129,7.38,0
e2-nio-100,binary,100,bot_53,3518,w,15,38.25,25,107.64,139,31.36,0
e2-nio-100,binary,100,bot_53,3518,w,17,27.72,25,123.9,155,31.1,0
e2-nio-100,binary,100,bot_53,3518,w,19,18.41,25,123.21,152,28.79,0
e2-nio-100,binary,100,bot_53,3518,w,21,15.48,25,127.51,144,16.49,0
e2-nio-100,binary,100,bot_53,3518,w,23,18.2,25,145.43,162,16.57,0
e2-nio-100,binary,100,bot_53,3518,w,25,108.12,25,166.12,182,15.88,0
e2-nio-100,binary,100,bot_53,3518,w,27,57.49,25,118.05,184,65.95,0
e2-nio-100,binary,100,bot_53,3518,w,29,62.13,25,131.7,184,52.3,0
e2-nio-100,binary,100,bot_53,3518,w,31,62.15,25,117.59,159,41.41,0
e2-nio-100,binary,100,bot_53,3518,w,33,42.17,25,165.72,217,51.28,0
e2-nio-100,binary,100,bot_53,3518,w,35,36.96,25,158.57,189,30.43,0
e2-nio-100,binary,100,bot_53,3518,w,37,34.46,25,169.42,190,20.58,0
e2-nio-100,binary,100,bot_53,3518,w,39,40.02,25,191.84,215,23.16,0
e2-nio-100,binary,100,bot_53,3518,w,41,21.97,25,186.75,198,11.25,0
e2-nio-100,binary,100,bot_53,3518,w,43,18.98,25,195.91,200,4.09,0
e2-nio-100,binary,100,bot_53,3518,w,45,13.15,25,215.49,219,3.51,0
e2-nio-100,binary,100,bot_53,3518,w,47,164.48,25,95.17,234,138.83,0
e2-nio-100,binary,100,bot_53,3518,w,49,166.43,25,128.06,246,117.94,0
e2-nio-100,binary,100,bot_53,3518,w,51,160.2,25,138.69,278,139.31,0
e2-nio-100,binary,100,bot_53,3518,w,53,143.89,25,108.21,226,117.79,0
e2-nio-100,binary,100,bot_53,3518,w,55,68.44,25,140.14,222,81.86,0
e2-nio-100,binary,100,bot_53,3518,w,57,85.9,25,157.1,229,71.9,0
e2-nio-100,binary,100,bot_53,3518,w,59,59.1,25,136.08,200,63.92,0
e2-nio-100,binary,100,bot_54,3518,b,2,17.81,25,60.04,78,17.96,0
e2-nio-100,binary,100,bot_54,3518,b,4,16,25,78.43,81,2.57,0
e2-nio-100,binary,100,bot_54,3518,b,6,29.24,25,79.28,82,2.72,0
e2-nio-100,binary,100,bot_54,3518,b,8,25.56,25,73.55,90,16.45,0
e2-nio-100,binary,100,bot_54,3518,b,10,24.46,25,88.53,109,20.47,0
e2-nio-100,binary,100,bot_54,3518,b,12,8.54,25,66.84,101,34.16,0
e2-nio-100,binary,100,bot_54,3518,b,14,33.3,25,112.31,143,30.69,0
e2-nio-100,binary,100,bot_54,3518,b,16,32.19,25,112.68,146,33.32,0
e2-nio-100,binary,100,bot_54,3518,b,18,30.4,25,129.31,153,23.69,0
e2-nio-100,binary,100,bot_54,3518,b,20,17.76,25,133.37,147,13.63,0
e2-nio-100,binary,100,bot_54,3518,b,22,18.58,25,115.64,127,11.36,0
e2-nio-100,binary,100,bot_54,3518,b,24,17.37,25,148.93,163,14.07,0
e2-nio-100,binary,100,bot_54,3518,b,26,67.79,25,127.16,231,103.84,0
e2-nio-100,binary,100,bot_54,3518,b,28,52.69,25,111.43,163,51.57,0
e2-nio-100,binary,100,bot_54,3518,b,30,42.78,25,122.63,179,56.37,0
e2-nio-100,binary,100,bot_54,3518,b,32,52.45,25,165.74,224,58.26,0
e2-nio-100,binary,100,bot_54,3518,b,34,42.27,25,148.99,176,27.01,0
e2-nio-100,binary,100,bot_54,3518,b,36,32.8,25,145.88,169,23.12,0
e2-nio-100,binary,100,bot_54,3518,b,38,35.48,25,176.09,196,19.91,0
e2-nio-100,binary,100,bot_54,3518,b,40,23.27,25,159.49,184,24.51,0
e2-nio-100,binary,100,bot_54,3518,b,42,15.72,25,209.95,218,8.05,0
e2-nio-100,binary,100,bot_54,3518,b,44,16.79,25,223.66,228,4.34,0
e2-nio-100,binary,100,bot_54,3518,b,46,150.81,25,234.33,234,-0.33,0
e2-nio-100,binary,100,bot_54,3518,b,48,129.65,25,129.36,278,148.64,0
e2-nio-100,binary,100,bot_54,3518,b,50,152.12,25,140.6,292,151.4,0
e2-nio-100,binary,100,bot_54,3518,b,52,129.16,25,150.41,294,143.59,0
e2-nio-100,binary,100,bot_54,3518,b,54,93.37,25,126.53,256,129.47,0
e2-nio-100,binary,100,bot_54,3518,b,56,83.55,25,127.91,183,55.09,0
e2-nio-100,binary,100,bot_54,3518,b,58,74.94,25,154.1,226,71.9,0
e2-nio-100,binary,100,bot_54,3518,b,60,69.52,25,150.29,195,44.71,0
e2-nio-100,binary,100,bot_55,3519,w,1,6.11,25,64.82,71,6.18,0
e2-nio-100,binary,100,bot_55,3519,w,3,18.69,25,67.04,80,12.96,0
e2-nio-100,binary,100,bot_55,3519,w,5,16.96,25,76.82,93,16.18,0
e2-nio-100,binary,100,bot_55,3519,w,7,13.75,25,69.52,78,8.48,0
e2-nio-100,binary,100,bot_55,3519,w,9,7.39,25,96.77,101,4.23,0
e2-nio-100,binary,100,bot_55,3519,w,11,28.36,25,100.52,141,40.48,0
e2-nio-100,binary,100,bot_55,3519,w,13,41.83,25,95.68,138,42.32,0
e2-nio-100,binary,100,bot_55,3519,w,15,27.44,25,121.41,146,24.59,0
e2-nio-100,binary,100,bot_55,3519,w,17,27.33,25,127.35,150,22.65,0
e2-nio-100,binary,100,bot_55,3519,w,19,21.64,25,120.79,140,19.21,0
e2-nio-100,binary,100,bot_55,3519,w,21,10.13,25,116.39,132,15.61,0
e2-nio-100,binary,100,bot_55,3519,w,23,82.49,25,171.28,179,7.72,0
e2-nio-100,binary,100,bot_55,3519,w,25,94.86,25,122.57,207,84.43,0
e2-nio-100,binary,100,bot_55,3519,w,27,68.42,25,94.81,175,80.19,0
e2-nio-100,binary,100,bot_55,3519,w,29,67.17,25,112.73,183,70.27,0
e2-nio-100,binary,100,bot_55,3519,w,31,74.96,25,137.36,197,59.64,0
e2-nio-100,binary,100,bot_55,3519,w,33,68.22,25,113.62,193,79.38,0
e2-nio-100,binary,100,bot_55,3519,w,35,46.06,25,143.25,177,33.75,0
e2-nio-100,binary,100,bot_55,3519,w,37,38.91,25,164.73,203,38.27,0
e2-nio-100,binary,100,bot_55,3519,w,39,41.31,25,173.96,197,23.04,0
e2-nio-100,binary,100,bot_55,3519,w,41,53.93,25,178.09,206,27.91,0
e2-nio-100,binary,100,bot_55,3519,w,43,38.45,25,213.27,239,25.73,0
e2-nio-100,binary,100,bot_55,3519,w,45,25.27,25,223.61,234,10.39,0
e2-nio-100,binary,100,bot_55,3519,w,47,25.36,25,238.04,248,9.96,0
e2-nio-100,binary,100,bot_55,3519,w,49,86.41,25,215.09,306,90.91,0
e2-nio-100,binary,100,bot_55,3519,w,51,86.31,25,218.95,284,65.05,0
e2-nio-100,binary,100,bot_55,3519,w,53,59.88,25,210.71,253,42.29,0
e2-nio-100,binary,100,bot_55,3519,w,55,20.52,25,171.89,226,54.11,0
e2-nio-100,binary,100,bot_55,3519,w,57,14.17,25,230.55,236,5.45,0
e2-nio-100,binary,100,bot_55,3519,w,59,118.73,25,98.83,192,93.17,0
e2-nio-100,binary,100,bot_56,3519,b,2,13.64,25,75.29,77,1.71,0
e2-nio-100,binary,100,bot_56,3519,b,4,19.29,25,84.22,97,12.78,0
e2-nio-100,binary,100,bot_56,3519,b,6,11.37,25,71.19,82,10.81,0
e2-nio-100,binary,100,bot_56,3519,b,8,6.92,25,97.25,106,8.75,0
e2-nio-100,binary,100,bot_56,3519,b,10,42.97,25,121.15,123,1.85,0
e2-nio-100,binary,100,bot_56,3519,b,12,45.25,25,81.52,104,22.48,0
e2-nio-100,binary,100,bot_56,3519,b,14,28.23,25,104.05,142,37.95,0
e2-nio-100,binary,100,bot_56,3519,b,16,25.32,25,125.91,148,22.09,0
e2-nio-100,binary,100,bot_56,3519,b,18,21.31,25,134.1,156,21.9,0
e2-nio-100,binary,100,bot_56,3519,b,20,18.13,25,134.43,151,16.57,0
e2-nio-100,binary,100,bot_56,3519,b,22,9.34,25,127.64,131,3.36,0
e2-nio-100,binary,100,bot_56,3519,b,24,86.97,25,95.68,172,76.32,0
e2-nio-100,binary,100,bot_56,3519,b,26,82.08,25,104.56,193,88.44,0
e2-nio-100,binary,100,bot_56,3519,b,28,71.94,25,110.25,172,61.75,0
e2-nio-100,binary,100,bot_56,3519,b,30,62.06,25,106.65,168,61.35,0
e2-nio-100,binary,100,bot_56,3519,b,32,81.65,25,144.86,214,69.14,0
e2-nio-100,binary,100,bot_56,3519,b,34,47.57,25,147.47,200,52.53,0
e2-nio-100,binary,100,bot_56,3519,b,36,50.4,25,148.92,180,31.08,0
e2-nio-100,binary,100,bot_56,3519,b,38,37.25,25,179.04,201,21.96,0
e2-nio-100,binary,100,bot_56,3519,b,40,41.99,25,152.34,179,26.66,0
e2-nio-100,binary,100,bot_56,3519,b,42,38.78,25,163.72,201,37.28,0
e2-nio-100,binary,100,bot_56,3519,b,44,23.97,25,198.94,220,21.06,0
e2-nio-100,binary,100,bot_56,3519,b,46,22.72,25,207.99,218,10.01,0
e2-nio-100,binary,100,bot_56,3519,b,48,103.86,25,238.01,248,9.99,0
e2-nio-100,binary,100,bot_56,3519,b,50,78.06,25,210.26,281,70.74,0
e2-nio-100,binary,100,bot_56,3519,b,52,56.2,25,191.47,262,70.53,0
e2-nio-100,binary,100,bot_56,3519,b,54,69.25,25,163.6,206,42.4,0
e2-nio-100,binary,100,bot_56,3519,b,56,21.96,25,200.08,203,2.92,0
e2-nio-100,binary,100,bot_56,3519,b,58,109.8,25,202.23,199,-3.23,0
e2-nio-100,binary,100,bot_56,3519,b,60,110.41,25,106.35,208,101.65,0
e2-nio-100,binary,100,bot_57,3520,w,1,16,25,61.87,80,18.13,0
e2-nio-100,binary,100,bot_57,3520,w,3,14.26,25,80.33,83,2.67,0
e2-nio-100,binary,100,bot_57,3520,w,5,23.32,25,59.92,85,25.08,0
e2-nio-100,binary,100,bot_57,3520,w,7,22.26,25,76.73,93,16.27,0
e2-nio-100,binary,100,bot_57,3520,w,9,22.99,25,90.09,107,16.91,0
e2-nio-100,binary,100,bot_57,3520,w,11,6.67,25,68.83,99,30.17,0
e2-nio-100,binary,100,bot_57,3520,w,13,30.38,25,115.06,141,25.94,0
e2-nio-100,binary,100,bot_57,3520,w,15,28.94,25,115.85,144,28.15,0
e2-nio-100,binary,100,bot_57,3520,w,17,28.13,25,131.62,155,23.38,0
e2-nio-100,binary,100,bot_57,3520,w,19,15.89,25,135.24,148,12.76,0
e2-nio-100,binary,100,bot_57,3520,w,21,16.28,25,117.98,129,11.02,0
e2-nio-100,binary,100,bot_57,3520,w,23,85.34,25,151.17,164,12.83,0
e2-nio-100,binary,100,bot_57,3520,w,25,65.63,25,128.81,213,84.19,0
e2-nio-100,binary,100,bot_57,3520,w,27,50,25,114.2,166,51.8,0
e2-nio-100,binary,100,bot_57,3520,w,29,39.96,25,125.38,180,54.62,0
e2-nio-100,binary,100,bot_57,3520,w,31,50.22,25,167.92,225,57.08,0
e2-nio-100,binary,100,bot_57,3520,w,33,40.03,25,151.28,178,26.72,0
e2-nio-100,binary,100,bot_57,3520,w,35,30.74,25,147.92,170,22.08,0
e2-nio-100,binary,100,bot_57,3520,w,37,31.8,25,179.82,199,19.18,0
e2-nio-100,binary,100,bot_57,3520,w,39,20.98,25,161.75,184,22.25,0
e2-nio-100,binary,100,bot_57,3520,w,41,13.21,25,212.41,218,5.59,0
e2-nio-100,binary,100,bot_57,3520,w,43,12.47,25,228.02,230,1.98,0
e2-nio-100,binary,100,bot_57,3520,w,45,135.65,25,91.86,248,156.14,0
e2-nio-100,binary,100,bot_57,3520,w,47,123.3,25,136.16,282,145.84,0
e2-nio-100,binary,100,bot_57,3520,w,49,142.86,25,149.89,296,146.11,0
e2-nio-100,binary,100,bot_57,3520,w,51,120.76,25,158.43,297,138.57,0
e2-nio-100,binary,100,bot_57,3520,w,53,87.54,25,132.76,256,123.24,0
e2-nio-100,binary,100,bot_57,3520,w,55,73.3,25,138.23,188,49.77,0
e2-nio-100,binary,100,bot_57,3520,w,57,64.52,25,164.04,226,61.96,0
e2-nio-100,binary,100,bot_57,3520,w,59,62.62,25,157.66,196,38.34,0
e2-nio-100,binary,100,bot_58,3520,b,2,6.1,25,53.6,60,6.4,0
e2-nio-100,binary,100,bot_58,3520,b,4,31.17,25,93.03,98,4.97,0
e2-nio-100,binary,100,bot_58,3520,b,6,19.49,25,62.02,75,12.98,0
e2-nio-100,binary,100,bot_58,3520,b,8,21.14,25,87.98,100,12.02,0
e2-nio-100,binary,100,bot_58,3520,b,10,34.75,25,131.06,143,11.94,0
e2-nio-100,binary,100,bot_58,3520,b,12,30.51,25,125.93,123,-2.93,0
e2-nio-100,binary,100,bot_58,3520,b,14,33.03,25,113.27,135,21.73,0
e2-nio-100,binary,100,bot_58,3520,b,16,26.03,25,125.44,144,18.56,0
e2-nio-100,binary,100,bot_58,3520,b,18,16.77,25,124.65,142,17.35,0
e2-nio-100,binary,100,bot_58,3520,b,20,14.39,25,128.65,135,6.35,0
e2-nio-100,binary,100,bot_58,3520,b,22,16.49,25,147.29,153,5.71,0
e2-nio-100,binary,100,bot_58,3520,b,24,88.88,25,116.27,192,75.73,0
e2-nio-100,binary,100,bot_58,3520,b,26,54.72,25,120.45,176,55.55,0
e2-nio-100,binary,100,bot_58,3520,b,28,59.22,25,134.56,175,40.44,0
e2-nio-100,binary,100,bot_58,3520,b,30,60.75,25,119.28,149,29.72,0
e2-nio-100,binary,100,bot_58,3520,b,32,40.22,25,167.53,208,40.47,0
e2-nio-100,binary,100,bot_58,3520,b,34,35.26,25,160.21,182,21.79,0
e2-nio-100,binary,100,bot_58,3520,b,36,32.78,25,171.14,182,10.86,0
e2-nio-100,binary,100,bot_58,3520,b,38,36.58,25,195.15,208,12.85,0
e2-nio-100,binary,100,bot_58,3520,b,40,19.2,25,189.62,192,2.38,0
e2-nio-100,binary,100,bot_58,3520,b,42,17.4,25,197.71,192,-5.71,0
e2-nio-100,binary,100,bot_58,3520,b,44,169.34,25,217.75,211,-6.75,0
e2-nio-100,binary,100,bot_58,3520,b,46,159.98,25,99.48,215,115.52,0
e2-nio-100,binary,100,bot_58,3520,b,48,160.52,25,133.75,239,105.25,0
e2-nio-100,binary,100,bot_58,3520,b,50,153.26,25,145.66,269,123.34,0
e2-nio-100,binary,100,bot_58,3520,b,52,137.56,25,115.11,217,101.89,0
e2-nio-100,binary,100,bot_58,3520,b,54,63.39,25,144.05,213,68.95,0
e2-nio-100,binary,100,bot_58,3520,b,56,76.64,25,166.88,222,55.12,0
e2-nio-100,binary,100,bot_58,3520,b,58,52.4,25,142.71,190,47.29,0
e2-nio-100,binary,100,bot_58,3520,b,60,54.23,25,159.75,205,45.25,0
e2-nio-100,binary,100,bot_59,3521,w,1,13.38,25,74.47,74,-0.47,0
e2-nio-100,binary,100,bot_59,3521,w,3,24.37,25,75.32,98,22.68,0
e2-nio-100,binary,100,bot_59,3521,w,5,14.37,25,68.04,78,9.96,0
e2-nio-100,binary,100,bot_59,3521,w,7,17.83,25,90.15,101,10.85,0
e2-nio-100,binary,100,bot_59,3521,w,9,15.29,25,119.13,125,5.87,0
e2-nio-100,binary,100,bot_59,3521,w,11,62.21,25,114.91,119,4.09,0
e2-nio-100,binary,100,bot_59,3521,w,13,66.83,25,78.27,128,49.73,0
e2-nio-100,binary,100,bot_59,3521,w,15,51.28,25,101.96,153,51.04,0
e2-nio-100,binary,100,bot_59,3521,w,17,37.47,25,105.91,154,48.09,0
e2-nio-100,binary,100,bot_59,3521,w,19,29.69,25,113.24,148,34.76,0
e2-nio-100,binary,100,bot_59,3521,w,21,41.07,25,122.3,160,37.7,0
e2-nio-100,binary,100,bot_59,3521,w,23,30.03,25,152.92,191,38.08,0
e2-nio-100,binary,100,bot_59,3521,w,25,27.27,25,157.42,196,38.58,0
e2-nio-100,binary,100,bot_59,3521,w,27,22.21,25,162.86,182,19.14,0
e2-nio-100,binary,100,bot_59,3521,w,29,15.56,25,150.61,167,16.39,0
e2-nio-100,binary,100,bot_59,3521,w,31,72.9,25,209.25,225,15.75,0
e2-nio-100,binary,100,bot_59,3521,w,33,64.04,25,132.49,181,48.51,0
e2-nio-100,binary,100,bot_59,3521,w,35,51.24,25,152.69,185,32.31,0
e2-nio-100,binary,100,bot_59,3521,w,37,66.53,25,164.58,210,45.42,0
e2-nio-100,binary,100,bot_59,3521,w,39,44.97,25,162.69,189,26.31,0
e2-nio-100,binary,100,bot_59,3521,w,41,38.02,25,176.09,189,12.91,0
e2-nio-100,binary,100,bot_59,3521,w,43,30.43,25,198.15,217,18.85,0
e2-nio-100,binary,100,bot_59,3521,w,45,27.69,25,202.49,220,17.51,0
e2-nio-100,binary,100,bot_59,3521,w,47,27.67,25,224.63,242,17.37,0
e2-nio-100,binary,100,bot_59,3521,w,49,18.96,25,268.7,280,11.3,0
e2-nio-100,binary,100,bot_59,3521,w,51,11.25,25,233.79,240,6.21,0
e2-nio-100,binary,100,bot_59,3521,w,53,92.11,25,121.89,224,102.11,0
e2-nio-100,binary,100,bot_59,3521,w,55,120.08,25,121.02,216,94.98,0
e2-nio-100,binary,100,bot_59,3521,w,57,81.8,25,113.49,203,89.51,0
e2-nio-100,binary,100,bot_59,3521,w,59,88.37,25,128.01,213,84.99,0
e2-nio-100,binary,100,bot_60,3521,b,2,29.56,25,77.1,88,10.9,0
e2-nio-100,binary,100,bot_60,3521,b,4,15.78,25,68.12,91,22.88,0
e2-nio-100,binary,100,bot_60,3521,b,6,17.12,25,74.86,89,14.14,0
e2-nio-100,binary,100,bot_60,3521,b,8,11.87,25,94.64,110,15.36,0
e2-nio-100,binary,100,bot_60,3521,b,10,10.19,25,113.59,128,14.41,0
e2-nio-100,binary,100,bot_60,3521,b,12,56.24,25,90.7,151,60.3,0
e2-nio-100,binary,100,bot_60,3521,b,14,57.06,25,87.67,153,65.33,0
e2-nio-100,binary,100,bot_60,3521,b,16,54.24,25,104.04,153,48.96,0
e2-nio-100,binary,100,bot_60,3521,b,18,40.8,25,109.52,145,35.48,0
e2-nio-100,binary,100,bot_60,3521,b,20,43.34,25,90.42,118,27.58,0
e2-nio-100,binary,100,bot_60,3521,b,22,43.47,25,122.39,161,38.61,0
e2-nio-100,binary,100,bot_60,3521,b,24,45.5,25,170.84,198,27.16,0
e2-nio-100,binary,100,bot_60,3521,b,26,24.7,25,137.37,163,25.63,0
e2-nio-100,binary,100,bot_60,3521,b,28,21.73,25,157.48,178,20.52,0
e2-nio-100,binary,100,bot_60,3521,b,30,22.18,25,194.56,208,13.44,0
e2-nio-100,binary,100,bot_60,3521,b,32,64.61,25,125.73,186,60.27,0
e2-nio-100,binary,100,bot_60,3521,b,34,49.1,25,128.95,180,51.05,0
e2-nio-100,binary,100,bot_60,3521,b,36,61.29,25,150.77,189,38.23,0
e2-nio-100,binary,100,bot_60,3521,b,38,41.45,25,142.25,194,51.75,0
e2-nio-100,binary,100,bot_60,3521,b,40,29.52,25,196.82,228,31.18,0
e2-nio-100,binary,100,bot_60,3521,b,42,36.59,25,203.86,229,25.14,0
e2-nio-100,binary,100,bot_60,3521,b,44,32.9,25,212.2,230,17.8,0
e2-nio-100,binary,100,bot_60,3521,b,46,33.32,25,258.19,273,14.81,0
e2-nio-100,binary,100,bot_60,3521,b,48,26.86,25,274.44,290,15.56,0
e2-nio-100,binary,100,bot_60,3521,b,50,22.11,25,282.98,288,5.02,0
e2-nio-100,binary,100,bot_60,3521,b,52,117.27,25,262.04,260,-2.04,0
e2-nio-100,binary,100,bot_60,3521,b,54,109.35,25,102.28,183,80.72,0
e2-nio-100,binary,100,bot_60,3521,b,56,101.78,25,129.16,237,107.84,0
e2-nio-100,binary,100,bot_60,3521,b,58,99.22,25,118.84,188,69.16,0
e2-nio-100,binary,100,bot_60,3521,b,60,89.15,25,140.8,218,77.2,0
e2-nio-100,binary,100,bot_61,3522,w,1,30.5,25,75.95,93,17.05,0
e2-nio-100,binary,100,bot_61,3522,w,3,16.73,25,67.13,92,24.87,0
e2-nio-100,binary,100,bot_61,3522,w,5,16.85,25,73.97,89,15.03,0
e2-nio-100,binary,100,bot_61,3522,w,7,13.92,25,92.8,112,19.2,0
e2-nio-100,binary,100,bot_61,3522,w,9,11.01,25,113.53,130,16.47,0
e2-nio-100,binary,100,bot_61,3522,w,11,69.49,25,126.66,141,14.34,0
e2-nio-100,binary,100,bot_61,3522,w,13,60.17,25,84.49,154,69.51,0
e2-nio-100,binary,100,bot_61,3522,w,15,56.64,25,101.16,154,52.84,0
e2-nio-100,binary,100,bot_61,3522,w,17,44.7,25,105.77,148,42.23,0
e2-nio-100,binary,100,bot_61,3522,w,19,45.28,25,88.12,121,32.88,0
e2-nio-100,binary,100,bot_61,3522,w,21,44.91,25,120.93,164,43.07,0
e2-nio-100,binary,100,bot_61,3522,w,23,49.55,25,167.01,202,34.99,0
e2-nio-100,binary,100,bot_61,3522,w,25,27.71,25,134.56,164,29.44,0
e2-nio-100,binary,100,bot_61,3522,w,27,24.55,25,154.71,179,24.29,0
e2-nio-100,binary,100,bot_61,3522,w,29,26.45,25,189.99,208,18.01,0
e2-nio-100,binary,100,bot_61,3522,w,31,14.38,25,163.59,179,15.41,0
e2-nio-100,binary,100,bot_61,3522,w,33,45.05,25,144.54,176,31.46,0
e2-nio-100,binary,100,bot_61,3522,w,35,35.42,25,168.02,205,36.98,0
e2-nio-100,binary,100,bot_61,3522,w,37,37.43,25,177.85,199,21.15,0
e2-nio-100,binary,100,bot_61,3522,w,39,50.17,25,181.52,208,26.48,0
e2-nio-100,binary,100,bot_61,3522,w,41,34.98,25,216.84,241,24.16,0
e2-nio-100,binary,100,bot_61,3522,w,43,21.06,25,227.95,237,9.05,0
e2-nio-100,binary,100,bot_61,3522,w,45,111.54,25,241.97,250,8.03,0
e2-nio-100,binary,100,bot_61,3522,w,47,82.46,25,218.68,296,77.32,0
e2-nio-100,binary,100,bot_61,3522,w,49,82.37,25,222.89,286,63.11,0
e2-nio-100,binary,100,bot_61,3522,w,51,55.61,25,215.17,256,40.83,0
e2-nio-100,binary,100,bot_61,3522,w,53,14.68,25,177.61,229,51.39,0
e2-nio-100,binary,100,bot_61,3522,w,55,127.01,25,234.58,236,1.42,0
e2-nio-100,binary,100,bot_61,3522,w,57,113.74,25,103.83,186,82.17,0
e2-nio-100,binary,100,bot_61,3522,w,59,105.09,25,125.56,217,91.44,0
e2-nio-100,binary,100,bot_62,3522,b,2,25.52,25,74.38,91,16.62,0
e2-nio-100,binary,100,bot_62,3522,b,4,15.93,25,66.49,68,1.51,0
e2-nio-100,binary,100,bot_62,3522,b,6,19.97,25,88.55,92,3.45,0
e2-nio-100,binary,100,bot_62,3522,b,8,17.85,25,116.37,117,0.63,0
e2-nio-100,binary,100,bot_62,3522,b,10,15.15,25,112.09,110,-2.09,0
e2-nio-100,binary,100,bot_62,3522,b,12,69.75,25,75.6,130,54.4,0
e2-nio-100,binary,100,bot_62,3522,b,14,54.61,25,98.88,146,47.12,0
e2-nio-100,binary,100,bot_62,3522,b,16,42.09,25,101.46,145,43.54,0
e2-nio-100,binary,100,bot_62,3522,b,18,33.62,25,109.31,140,30.69,0
e2-nio-100,binary,100,bot_62,3522,b,20,44.14,25,119.2,150,30.8,0
e2-nio-100,binary,100,bot_62,3522,b,22,36.71,25,146.16,177,30.84,0
e2-nio-100,binary,100,bot_62,3522,b,24,30.83,25,154.05,191,36.95,0
e2-nio-100,binary,100,bot_62,3522,b,26,25.24,25,159.64,173,13.36,0
e2-nio-100,binary,100,bot_62,3522,b,28,19.07,25,147.26,158,10.74,0
e2-nio-100,binary,100,bot_62,3522,b,30,17.29,25,204.41,218,13.59,0
e2-nio-100,binary,100,bot_62,3522,b,32,43.51,25,151.24,144,-7.24,0
e2-nio-100,binary,100,bot_62,3522,b,34,48.13,25,151.18,174,22.82,0
e2-nio-100,binary,100,bot_62,3522,b,36,34.07,25,182.23,196,13.77,0
e2-nio-100,binary,100,bot_62,3522,b,38,39.28,25,155.09,171,15.91,0
e2-nio-100,binary,100,bot_62,3522,b,40,36.53,25,165.94,195,29.06,0
e2-nio-100,binary,100,bot_62,3522,b,42,21.93,25,200.77,212,11.23,0
e2-nio-100,binary,100,bot_62,3522,b,44,20.03,25,210.51,210,-0.51,0
e2-nio-100,binary,100,bot_62,3522,b,46,88.23,25,163.95,253,89.05,0
e2-nio-100,binary,100,bot_62,3522,b,48,74.24,25,214.05,274,59.95,0
e2-nio-100,binary,100,bot_62,3522,b,50,53.51,25,193.98,254,60.02,0
e2-nio-100,binary,100,bot_62,3522,b,52,65.82,25,166.81,201,34.19,0
e2-nio-100,binary,100,bot_62,3522,b,54,16.76,25,205.46,198,-7.46,0
e2-nio-100,binary,100,bot_62,3522,b,56,97.79,25,97.54,202,104.46,0
e2-nio-100,binary,100,bot_62,3522,b,58,106.25,25,110.61,203,92.39,0
e2-nio-100,binary,100,bot_62,3522,b,60,62.05,25,97.86,180,82.14,0
e2-nio-100,binary,100,bot_63,3523,w,1,17.27,25,84.79,79,-5.79,0
e2-nio-100,binary,100,bot_63,3523,w,3,5.78,25,78.23,81,2.77,0
e2-nio-100,binary,100,bot_63,3523,w,5,27.33,25,73.06,94,20.94,0
e2-nio-100,binary,100,bot_63,3523,w,7,26.38,25,86.15,110,23.85,0
e2-nio-100,binary,100,bot_63,3523,w,9,10.64,25,65.24,107,41.76,0
e2-nio-100,binary,100,bot_63,3523,w,11,37.58,25,108.51,140,31.49,0
e2-nio-100,binary,100,bot_63,3523,w,13,36.94,25,107.93,145,37.07,0
e2-nio-100,binary,100,bot_63,3523,w,15,36.31,25,123.01,149,25.99,0
e2-nio-100,binary,100,bot_63,3523,w,17,23.73,25,127.33,142,14.67,0
e2-nio-100,binary,100,bot_63,3523,w,19,24.27,25,110.43,123,12.57,0
e2-nio-100,binary,100,bot_63,3523,w,21,24.43,25,141.81,158,16.19,0
e2-nio-100,binary,100,bot_63,3523,w,23,24.61,25,191.07,206,14.93,0
e2-nio-100,binary,100,bot_63,3523,w,25,75.75,25,150.05,156,5.95,0
e2-nio-100,binary,100,bot_63,3523,w,27,49.39,25,115.93,177,61.07,0
e2-nio-100,binary,100,bot_63,3523,w,29,58.48,25,159.79,219,59.21,0
e2-nio-100,binary,100,bot_63,3523,w,31,47.82,25,142.93,174,31.07,0
e2-nio-100,binary,100,bot_63,3523,w,33,38.6,25,139.9,167,27.1,0
e2-nio-100,binary,100,bot_63,3523,w,35,41.37,25,170.12,194,23.88,0
e2-nio-100,binary,100,bot_63,3523,w,37,28.21,25,154.69,186,31.31,0
e2-nio-100,binary,100,bot_63,3523,w,39,21.41,25,204.73,218,13.27,0
e2-nio-100,binary,100,bot_63,3523,w,41,24.6,25,215.77,225,9.23,0
e2-nio-100,binary,100,bot_63,3523,w,43,19.67,25,225.19,229,3.81,0
e2-nio-100,binary,100,bot_63,3523,w,45,17.19,25,274.07,274,-0.07,0
e2-nio-100,binary,100,bot_63,3523,w,47,167.09,25,125.96,301,175.04,0
e2-nio-100,binary,100,bot_63,3523,w,49,146.59,25,133.22,289,155.78,0
e2-nio-100,binary,100,bot_63,3523,w,51,99.11,25,119.73,255,135.27,0
e2-nio-100,binary,100,bot_63,3523,w,53,97.05,25,114.41,174,59.59,0
e2-nio-100,binary,100,bot_63,3523,w,55,88.17,25,141.67,227,85.33,0
e2-nio-100,binary,100,bot_63,3523,w,57,85.31,25,133.45,187,53.55,0
e2-nio-100,binary,100,bot_63,3523,w,59,74.58,25,155.35,212,56.65,0
e2-nio-100,binary,100,bot_64,3523,b,2,10.9,25,87.7,104,16.3,0
e2-nio-100,binary,100,bot_64,3523,b,4,27.78,25,77.21,81,3.79,0
e2-nio-100,binary,100,bot_64,3523,b,6,29.76,25,79.74,104,24.26,0
e2-nio-100,binary,100,bot_64,3523,b,8,49.12,25,116.73,141,24.27,0
e2-nio-100,binary,100,bot_64,3523,b,10,39.38,25,116.75,126,9.25,0
e2-nio-100,binary,100,bot_64,3523,b,12,43.43,25,102.26,138,35.74,0
e2-nio-100,binary,100,bot_64,3523,b,14,32.17,25,119.66,155,35.34,0
e2-nio-100,binary,100,bot_64,3523,b,16,22.19,25,119.78,154,34.22,0
e2-nio-100,binary,100,bot_64,3523,b,18,18.74,25,123.57,146,22.43,0
e2-nio-100,binary,100,bot_64,3523,b,20,22.44,25,141.3,163,21.7,0
e2-nio-100,binary,100,bot_64,3523,b,22,21.91,25,161.08,184,22.92,0
e2-nio-100,binary,100,bot_64,3523,b,24,13.98,25,169.77,193,23.23,0
e2-nio-100,binary,100,bot_64,3523,b,26,67.43,25,127.58,202,74.42,0
e2-nio-100,binary,100,bot_64,3523,b,28,65.42,25,114.13,161,46.87,0
e2-nio-100,binary,100,bot_64,3523,b,30,48.24,25,159.93,217,57.07,0
e2-nio-100,binary,100,bot_64,3523,b,32,44.09,25,151.6,187,35.4,0
e2-nio-100,binary,100,bot_64,3523,b,34,40.09,25,163.83,190,26.17,0
e2-nio-100,binary,100,bot_64,3523,b,36,49.24,25,182.59,210,27.41,0
e2-nio-100,binary,100,bot_64,3523,b,38,30.03,25,178.71,195,16.29,0
e2-nio-100,binary,100,bot_64,3523,b,40,26.97,25,187.49,197,9.51,0
e2-nio-100,binary,100,bot_64,3523,b,42,19.67,25,209.12,221,11.88,0
e2-nio-100,binary,100,bot_64,3523,b,44,15.9,25,214.68,222,7.32,0
e2-nio-100,binary,100,bot_64,3523,b,46,190.64,25,240.08,243,2.92,0
e2-nio-100,binary,100,bot_64,3523,b,48,173.08,25,125.88,280,154.12,0
e2-nio-100,binary,100,bot_64,3523,b,50,152.51,25,99.5,233,133.5,0
e2-nio-100,binary,100,bot_64,3523,b,52,76.64,25,133.69,221,87.31,0
e2-nio-100,binary,100,bot_64,3523,b,54,100.66,25,141.55,226,84.45,0
e2-nio-100,binary,100,bot_64,3523,b,56,68.54,25,126.65,202,75.35,0
e2-nio-100,binary,100,bot_64,3523,b,58,73.13,25,142.38,216,73.62,0
e2-nio-100,binary,100,bot_64,3523,b,60,44.23,25,115.72,178,62.28,0
e2-nio-100,binary,100,bot_65,3524,w,1,24.43,25,70.43,100,29.57,0
e2-nio-100,binary,100,bot_65,3524,w,3,16.73,25,64.79,77,12.21,0
e2-nio-100,binary,100,bot_65,3524,w,5,14.37,25,94.35,103,8.65,0
e2-nio-100,binary,100,bot_65,3524,w,7,26.23,25,139.62,150,10.38,0
e2-nio-100,binary,100,bot_65,3524,w,9,23.97,25,110.27,126,15.73,0
e2-nio-100,binary,100,bot_65,3524,w,11,28.4,25,118.28,132,13.72,0
e2-nio-100,binary,100,bot_65,3524,w,13,18.89,25,132.75,150,17.25,0
e2-nio-100,binary,100,bot_65,3524,w,15,12.23,25,128.14,145,16.86,0
e2-nio-100,binary,100,bot_65,3524,w,17,60.71,25,134.36,138,3.64,0
e2-nio-100,binary,100,bot_65,3524,w,19,64.26,25,115.01,159,43.99,0
e2-nio-100,binary,100,bot_65,3524,w,21,81.61,25,123.53,181,57.47,0
e2-nio-100,binary,100,bot_65,3524,w,23,44.54,25,130.1,183,52.9,0
e2-nio-100,binary,100,bot_65,3524,w,25,50.32,25,143.18,180,36.82,0
e2-nio-100,binary,100,bot_65,3524,w,27,53,25,127.43,152,24.57,0
e2-nio-100,binary,100,bot_65,3524,w,29,32.61,25,174.82,209,34.18,0
e2-nio-100,binary,100,bot_65,3524,w,31,28.48,25,166.89,183,16.11,0
e2-nio-100,binary,100,bot_65,3524,w,33,25.45,25,178.53,188,9.47,0
e2-nio-100,binary,100,bot_65,3524,w,35,24.51,25,207.2,212,4.8,0
e2-nio-100,binary,100,bot_65,3524,w,37,11.58,25,197.66,196,-1.66,0
e2-nio-100,binary,100,bot_65,3524,w,39,144.86,25,107.92,213,105.08,0
e2-nio-100,binary,100,bot_65,3524,w,41,147.81,25,100.88,216,115.12,0
e2-nio-100,binary,100,bot_65,3524,w,43,144.33,25,115.46,227,111.54,0
e2-nio-100,binary,100,bot_65,3524,w,45,143.69,25,151.27,248,96.73,0
e2-nio-100,binary,100,bot_65,3524,w,47,136.83,25,161.97,272,110.03,0
e2-nio-100,binary,100,bot_65,3524,w,49,124.21,25,129.35,216,86.65,0
e2-nio-100,binary,100,bot_65,3524,w,51,55.03,25,150.94,219,68.06,0
e2-nio-100,binary,100,bot_65,3524,w,53,63.98,25,179.84,222,42.16,0
e2-nio-100,binary,100,bot_65,3524,w,55,44.34,25,150.66,191,40.34,0
e2-nio-100,binary,100,bot_65,3524,w,57,41.7,25,171.48,208,36.52,0
e2-nio-100,binary,100,bot_65,3524,w,59,26.45,25,133.36,162,28.64,0
e2-nio-100,binary,100,bot_66,3524,b,2,17.89,25,64.68,72,7.32,0
e2-nio-100,binary,100,bot_66,3524,b,4,16.98,25,82.02,80,-2.02,0
e2-nio-100,binary,100,bot_66,3524,b,6,17.81,25,95.96,93,-2.96,0
e2-nio-100,binary,100,bot_66,3524,b,8,21.98,25,75.63,83,7.37,0
e2-nio-100,binary,100,bot_66,3524,b,10,21.77,25,123.15,130,6.85,0
e2-nio-100,binary,100,bot_66,3524,b,12,24.55,25,119.72,131,11.28,0
e2-nio-100,binary,100,bot_66,3524,b,14,24.62,25,136.49,138,1.51,0
e2-nio-100,binary,100,bot_66,3524,b,16,10.97,25,140.16,135,-5.16,0
e2-nio-100,binary,100,bot_66,3524,b,18,51.04,25,86.46,129,42.54,0
e2-nio-100,binary,100,bot_66,3524,b,20,64.72,25,102.05,148,45.95,0
e2-nio-100,binary,100,bot_66,3524,b,22,60.66,25,133.83,198,64.17,0
e2-nio-100,binary,100,bot_66,3524,b,24,44.14,25,120.49,147,26.51,0
e2-nio-100,binary,100,bot_66,3524,b,26,31.04,25,134.16,166,31.84,0
e2-nio-100,binary,100,bot_66,3524,b,28,41.35,25,176.82,213,36.18,0
e2-nio-100,binary,100,bot_66,3524,b,30,32.37,25,159.01,166,6.99,0
e2-nio-100,binary,100,bot_66,3524,b,32,25.91,25,153.29,157,3.71,0
e2-nio-100,binary,100,bot_66,3524,b,34,22.19,25,189.32,190,0.68,0
e2-nio-100,binary,100,bot_66,3524,b,36,14.98,25,167.16,166,-1.16,0
e2-nio-100,binary,100,bot_66,3524,b,38,120.94,25,217.15,205,-12.15,0
e2-nio-100,binary,100,bot_66,3524,b,40,131.97,25,97.34,218,120.66,0
e2-nio-100,binary,100,bot_66,3524,b,42,127.48,25,99.68,223,123.32,0
e2-nio-100,binary,100,bot_66,3524,b,44,112.72,25,146,266,120,0
e2-nio-100,binary,100,bot_66,3524,b,46,126.62,25,166.26,286,119.74,0
e2-nio-100,binary,100,bot_66,3524,b,48,102.93,25,175.39,289,113.61,0
e2-nio-100,binary,100,bot_66,3524,b,50,84.12,25,136.69,236,99.31,0
e2-nio-100,binary,100,bot_66,3524,b,52,59.67,25,152.25,185,32.75,0
e2-nio-100,binary,100,bot_66,3524,b,54,56,25,171.94,214,42.06,0
e2-nio-100,binary,100,bot_66,3524,b,56,52.04,25,169.22,192,22.78,0
e2-nio-100,binary,100,bot_66,3524,b,58,44.3,25,185.51,205,19.49,0
e2-nio-100,binary,100,bot_66,3524,b,60,31.73,25,146.8,151,4.2,0
e2-nio-100,binary,100,bot_67,3525,w,1,22.72,25,60.15,75,14.85,0
e2-nio-100,binary,100,bot_67,3525,w,3,21.16,25,77.82,82,4.18,0
e2-nio-100,binary,100,bot_67,3525,w,5,21.96,25,91.31,95,3.69,0
e2-nio-100,binary,100,bot_67,3525,w,7,5.6,25,69.92,87,17.08,0
e2-nio-100,binary,100,bot_67,3525,w,9,27.96,25,117.35,132,14.65,0
e2-nio-100,binary,100,bot_67,3525,w,11,28.83,25,115.86,131,15.14,0
e2-nio-100,binary,100,bot_67,3525,w,13,25.69,25,134.03,143,8.97,0
e2-nio-100,binary,100,bot_67,3525,w,15,14.36,25,136.77,137,0.23,0
e2-nio-100,binary,100,bot_67,3525,w,17,14.04,25,120.23,118,-2.23,0
e2-nio-100,binary,100,bot_67,3525,w,19,68.64,25,98.87,166,67.13,0
e2-nio-100,binary,100,bot_67,3525,w,21,64.32,25,130.12,201,70.88,0
e2-nio-100,binary,100,bot_67,3525,w,23,48.39,25,115.92,151,35.08,0
e2-nio-100,binary,100,bot_67,3525,w,25,37.76,25,127.39,167,39.61,0
e2-nio-100,binary,100,bot_67,3525,w,27,47.21,25,170.91,215,44.09,0
e2-nio-100,binary,100,bot_67,3525,w,29,37.77,25,153.65,168,14.35,0
e2-nio-100,binary,100,bot_67,3525,w,31,28.83,25,149.95,161,11.05,0
e2-nio-100,binary,100,bot_67,3525,w,33,28.88,25,182.71,189,6.29,0
e2-nio-100,binary,100,bot_67,3525,w,35,18.8,25,163.75,172,8.25,0
e2-nio-100,binary,100,bot_67,3525,w,37,11.49,25,213.98,206,-7.98,0
e2-nio-100,binary,100,bot_67,3525,w,39,148.71,25,230.57,220,-10.57,0
e2-nio-100,binary,100,bot_67,3525,w,41,131.78,25,95.09,226,130.91,0
e2-nio-100,binary,100,bot_67,3525,w,43,117.67,25,141.66,273,131.34,0
e2-nio-100,binary,100,bot_67,3525,w,45,136.83,25,156.07,287,130.93,0
e2-nio-100,binary,100,bot_67,3525,w,47,115.46,25,163.49,286,122.51,0
e2-nio-100,binary,100,bot_67,3525,w,49,86.39,25,134.28,244,109.72,0
e2-nio-100,binary,100,bot_67,3525,w,51,66.49,25,145.42,184,38.58,0
e2-nio-100,binary,100,bot_67,3525,w,53,59.6,25,168.74,217,48.26,0
e2-nio-100,binary,100,bot_67,3525,w,55,56.53,25,164.29,191,26.71,0
e2-nio-100,binary,100,bot_67,3525,w,57,52.99,25,176.76,202,25.24,0
e2-nio-100,binary,100,bot_67,3525,w,59,38.41,25,139.44,147,7.56,0
e2-nio-100,binary,100,bot_68,3525,b,2,18.98,25,62.54,70,7.46,0
e2-nio-100,binary,100,bot_68,3525,b,4,19.64,25,89.35,95,5.65,0
e2-nio-100,binary,100,bot_68,3525,b,6,31.9,25,133.77,140,6.23,0
e2-nio-100,binary,100,bot_68,3525,b,8,28.64,25,127.89,117,-10.89,0
e2-nio-100,binary,100,bot_68,3525,b,10,31.26,25,115.28,127,11.72,0
e2-nio-100,binary,100,bot_68,3525,b,12,23.46,25,128.02,139,10.98,0
e2-nio-100,binary,100,bot_68,3525,b,14,14.96,25,126.31,136,9.69,0
e2-nio-100,binary,100,bot_68,3525,b,16,11.78,25,131.34,129,-2.34,0
e2-nio-100,binary,100,bot_68,3525,b,18,83.03,25,150.39,147,-3.39,0
e2-nio-100,binary,100,bot_68,3525,b,20,86.06,25,118.68,172,53.32,0
e2-nio-100,binary,100,bot_68,3525,b,22,50.13,25,124.87,174,49.13,0
e2-nio-100,binary,100,bot_68,3525,b,24,55.74,25,138.01,170,31.99,0
e2-nio-100,binary,100,bot_68,3525,b,26,59.07,25,121.12,143,21.88,0
e2-nio-100,binary,100,bot_68,3525,b,28,37.22,25,170.41,201,30.59,0
e2-nio-100,binary,100,bot_68,3525,b,30,32.9,25,162.5,176,13.5,0
e2-nio-100,binary,100,bot_68,3525,b,32,30.08,25,173.92,179,5.08,0
e2-nio-100,binary,100,bot_68,3525,b,34,32.17,25,199.6,205,5.4,0
e2-nio-100,binary,100,bot_68,3525,b,36,15.11,25,193.89,189,-4.89,0
e2-nio-100,binary,100,bot_68,3525,b,38,13.91,25,201.41,190,-11.41,0
e2-nio-100,binary,100,bot_68,3525,b,40,154.23,25,94.9,220,125.1,0
e2-nio-100,binary,100,bot_68,3525,b,42,153.3,25,106.32,214,107.68,0
e2-nio-100,binary,100,bot_68,3525,b,44,153.7,25,140.73,234,93.27,0
e2-nio-100,binary,100,bot_68,3525,b,46,146.15,25,152.71,266,113.29,0
e2-nio-100,binary,100,bot_68,3525,b,48,132.85,25,120.3,212,91.7,0
e2-nio-100,binary,100,bot_68,3525,b,50,59.75,25,147.04,212,64.96,0
e2-nio-100,binary,100,bot_68,3525,b,52,70.63,25,172.97,218,45.03,0
e2-nio-100,binary,100,bot_68,3525,b,54,48.15,25,146.95,185,38.05,0
e2-nio-100,binary,100,bot_68,3525,b,56,46.87,25,166.65,202,35.35,0
e2-nio-100,binary,100,bot_68,3525,b,58,29.35,25,130.6,162,31.4,0
e2-nio-100,binary,100,bot_68,3525,b,60,36.56,25,141.63,159,17.37,0
e2-nio-100,binary,100,bot_69,3526,w,1,20.01,25,60.83,75,14.17,0
e2-nio-100,binary,100,bot_69,3526,w,3,28.97,25,80.44,91,10.56,0
e2-nio-100,binary,100,bot_69,3526,w,5,46.73,25,119.14,130,10.86,0
e2-nio-100,binary,100,bot_69,3526,w,7,38.56,25,117.61,112,-5.61,0
e2-nio-100,binary,100,bot_69,3526,w,9,42.17,25,103.55,124,20.45,0
e2-nio-100,binary,100,bot_69,3526,w,11,30.2,25,121.53,141,19.47,0
e2-nio-100,binary,100,bot_69,3526,w,13,20.81,25,121.02,139,17.98,0
e2-nio-100,binary,100,bot_69,3526,w,15,17.89,25,124.96,130,5.04,0
e2-nio-100,binary,100,bot_69,3526,w,17,21.96,25,141.69,147,5.31,0
e2-nio-100,binary,100,bot_69,3526,w,19,19.96,25,163.3,168,4.7,0
e2-nio-100,binary,100,bot_69,3526,w,21,59.84,25,116.52,187,70.48,0
e2-nio-100,binary,100,bot_69,3526,w,23,63.89,25,130.13,170,39.87,0
e2-nio-100,binary,100,bot_69,3526,w,25,63.1,25,116.5,145,28.5,0
e2-nio-100,binary,100,bot_69,3526,w,27,43.86,25,164.13,203,38.87,0
e2-nio-100,binary,100,bot_69,3526,w,29,38.43,25,157.06,178,20.94,0
e2-nio-100,binary,100,bot_69,3526,w,31,36.23,25,167.6,179,11.4,0
e2-nio-100,binary,100,bot_69,3526,w,33,42.85,25,189.07,203,13.93,0
e2-nio-100,binary,100,bot_69,3526,w,35,24.9,25,183.75,185,1.25,0
e2-nio-100,binary,100,bot_69,3526,w,37,20.49,25,194.17,189,-5.17,0
e2-nio-100,binary,100,bot_69,3526,w,39,16.33,25,212.35,207,-5.35,0
e2-nio-100,binary,100,bot_69,3526,w,41,180.1,25,219.09,209,-10.09,0
e2-nio-100,binary,100,bot_69,3526,w,43,170.61,25,123.62,233,109.38,0
e2-nio-100,binary,100,bot_69,3526,w,45,163.78,25,135.09,267,131.91,0
e2-nio-100,binary,100,bot_69,3526,w,47,147.5,25,104.44,212,107.56,0
e2-nio-100,binary,100,bot_69,3526,w,49,70.79,25,138.44,215,76.56,0
e2-nio-100,binary,100,bot_69,3526,w,51,89.77,25,152.86,221,68.14,0
e2-nio-100,binary,100,bot_69,3526,w,53,61.88,25,133.31,195,61.69,0
e2-nio-100,binary,100,bot_69,3526,w,55,63.37,25,151.61,207,55.39,0
e2-nio-100,binary,100,bot_69,3526,w,57,37.47,25,122.56,169,46.44,0
e2-nio-100,binary,100,bot_70,3526,b,2,26.57,25,73.07,82,8.93,0
e2-nio-100,binary,100,bot_70,3526,b,4,25.53,25,87.35,104,16.65,0
e2-nio-100,binary,100,bot_70,3526,b,6,9.61,25,65.84,99,33.16,0
e2-nio-100,binary,100,bot_70,3526,b,8,35.4,25,110.5,137,26.5,0
e2-nio-100,binary,100,bot_70,3526,b,10,34.89,25,110.05,139,28.95,0
e2-nio-100,binary,100,bot_70,3526,b,12,32.89,25,126.75,145,18.25,0
e2-nio-100,binary,100,bot_70,3526,b,14,20.32,25,130.8,138,7.2,0
e2-nio-100,binary,100,bot_70,3526,b,16,20.97,25,113.32,119,5.68,0
e2-nio-100,binary,100,bot_70,3526,b,18,20,25,146.41,157,10.59,0
e2-nio-100,binary,100,bot_70,3526,b,20,85.8,25,200.17,207,6.83,0
e2-nio-100,binary,100,bot_70,3526,b,22,54.86,25,109.13,156,46.87,0
e2-nio-100,binary,100,bot_70,3526,b,24,44.49,25,120.91,173,52.09,0
e2-nio-100,binary,100,bot_70,3526,b,26,54.08,25,164.11,215,50.89,0
e2-nio-100,binary,100,bot_70,3526,b,28,44.55,25,146.51,170,23.49,0
e2-nio-100,binary,100,bot_70,3526,b,30,34.56,25,144.2,162,17.8,0
e2-nio-100,binary,100,bot_70,3526,b,32,36.54,25,174.84,190,15.16,0
e2-nio-100,binary,100,bot_70,3526,b,34,24.29,25,158.53,180,21.47,0
e2-nio-100,binary,100,bot_70,3526,b,36,16.8,25,209.1,214,4.9,0
e2-nio-100,binary,100,bot_70,3526,b,38,19.08,25,221.44,221,-0.44,0
e2-nio-100,binary,100,bot_70,3526,b,40,12.44,25,232.46,229,-3.46,0
e2-nio-100,binary,100,bot_70,3526,b,42,133.16,25,126.64,286,159.36,0
e2-nio-100,binary,100,bot_70,3526,b,44,155.29,25,137.51,288,150.49,0
e2-nio-100,binary,100,bot_70,3526,b,46,132.13,25,147.68,289,141.32,0
e2-nio-100,binary,100,bot_70,3526,b,48,95.78,25,123.65,251,127.35,0
e2-nio-100,binary,100,bot_70,3526,b,50,88.41,25,123.05,175,51.95,0
e2-nio-100,binary,100,bot_70,3526,b,52,80.54,25,148.73,220,71.27,0
e2-nio-100,binary,100,bot_70,3526,b,54,75.7,25,143.64,187,43.36,0
e2-nio-100,binary,100,bot_70,3526,b,56,66.61,25,163.29,208,44.71,0
e2-nio-100,binary,100,bot_71,3527,w,1,22.91,25,68.11,77,8.89,0
e2-nio-100,binary,100,bot_71,3527,w,3,25.11,25,82.36,98,15.64,0
e2-nio-100,binary,100,bot_71,3527,w,5,17.08,25,109.58,123,13.42,0
e2-nio-100,binary,100,bot_71,3527,w,7,20.84,25,116.93,136,19.07,0
e2-nio-100,binary,100,bot_71,3527,w,9,14.79,25,134.15,138,3.85,0
e2-nio-100,binary,100,bot_71,3527,w,11,81.47,25,144.35,143,-1.35,0
e2-nio-100,binary,100,bot_71,3527,w,13,64.43,25,86.13,130,43.87,0
e2-nio-100,binary,100,bot_71,3527,w,15,54.58,25,76.99,115,38.01,0
e2-nio-100,binary,100,bot_71,3527,w,17,58.26,25,106.73,164,57.27,0
e2-nio-100,binary,100,bot_71,3527,w,19,66.79,25,150.18,200,49.82,0
e2-nio-100,binary,100,bot_71,3527,w,21,42.7,25,119.57,164,44.43,0
e2-nio-100,binary,100,bot_71,3527,w,23,37.86,25,141.7,179,37.3,0
e2-nio-100,binary,100,bot_71,3527,w,25,48.43,25,166.16,192,25.84,0
e2-nio-100,binary,100,bot_71,3527,w,27,43.46,25,137.31,170,32.69,0
e2-nio-100,binary,100,bot_71,3527,w,29,42.26,25,147.51,166,18.49,0
e2-nio-100,binary,100,bot_71,3527,w,31,32.76,25,170.48,195,24.52,0
e2-nio-100,binary,100,bot_71,3527,w,33,33.13,25,182.2,193,10.8,0
e2-nio-100,binary,100,bot_71,3527,w,35,44.85,25,187.11,204,16.89,0
e2-nio-100,binary,100,bot_71,3527,w,37,32.88,25,219.03,233,13.97,0
e2-nio-100,binary,100,bot_71,3527,w,39,17.98,25,231.05,229,-2.05,0
e2-nio-100,binary,100,bot_71,3527,w,41,87.16,25,205,263,58,0
e2-nio-100,binary,100,bot_71,3527,w,43,79.35,25,221.39,287,65.61,0
e2-nio-100,binary,100,bot_71,3527,w,45,78.96,25,226.32,277,50.68,0
e2-nio-100,binary,100,bot_71,3527,w,47,54.02,25,216.88,247,30.12,0
e2-nio-100,binary,100,bot_71,3527,w,49,12.84,25,179.43,219,39.57,0
e2-nio-100,binary,100,bot_71,3527,w,51,114.68,25,117.18,237,119.82,0
e2-nio-100,binary,100,bot_71,3527,w,53,111.05,25,106.48,177,70.52,0
e2-nio-100,binary,100,bot_71,3527,w,55,102.8,25,127.5,205,77.5,0
e2-nio-100,binary,100,bot_71,3527,w,57,80.45,25,96.39,133,36.61,0
e2-nio-100,binary,100,bot_71,3527,w,59,79.19,25,147.5,198,50.5,0
e2-nio-100,binary,100,bot_72,3527,b,2,29.48,25,79.05,87,7.95,0
e2-nio-100,binary,100,bot_72,3527,b,4,27.33,25,104.73,115,10.27,0
e2-nio-100,binary,100,bot_72,3527,b,6,32.19,25,94.7,96,1.3,0
e2-nio-100,binary,100,bot_72,3527,b,8,18.95,25,112.75,117,4.25,0
e2-nio-100,binary,100,bot_72,3527,b,10,12.69,25,138.36,138,-0.36,0
e2-nio-100,binary,100,bot_72,3527,b,12,58.48,25,86.02,151,64.98,0
e2-nio-100,binary,100,bot_72,3527,b,14,52.98,25,90.18,140,49.82,0
e2-nio-100,binary,100,bot_72,3527,b,16,70.57,25,93.33,132,38.67,0
e2-nio-100,binary,100,bot_72,3527,b,18,63.65,25,119.17,162,42.83,0
e2-nio-100,binary,100,bot_72,3527,b,20,57.36,25,128.96,179,50.04,0
e2-nio-100,binary,100,bot_72,3527,b,22,51.77,25,131.65,158,26.35,0
e2-nio-100,binary,100,bot_72,3527,b,24,39.21,25,127.58,149,21.42,0
e2-nio-100,binary,100,bot_72,3527,b,26,46.96,25,177.13,209,31.87,0
e2-nio-100,binary,100,bot_72,3527,b,28,40.65,25,153.47,175,21.53,0
e2-nio-100,binary,100,bot_72,3527,b,30,46.2,25,153.14,172,18.86,0
e2-nio-100,binary,100,bot_72,3527,b,32,33.8,25,182.34,193,10.66,0
e2-nio-100,binary,100,bot_72,3527,b,34,37.48,25,156.81,167,10.19,0
e2-nio-100,binary,100,bot_72,3527,b,36,36.48,25,165.69,188,22.31,0
e2-nio-100,binary,100,bot_72,3527,b,38,20.23,25,202.26,212,9.74,0
e2-nio-100,binary,100,bot_72,3527,b,40,80.5,25,212.62,208,-4.62,0
e2-nio-100,binary,100,bot_72,3527,b,42,87.3,25,164.2,228,63.8,0
e2-nio-100,binary,100,bot_72,3527,b,44,71.45,25,216.79,273,56.21,0
e2-nio-100,binary,100,bot_72,3527,b,46,51.83,25,195.55,252,56.45,0
e2-nio-100,binary,100,bot_72,3527,b,48,62.06,25,170.5,202,31.5,0
e2-nio-100,binary,100,bot_72,3527,b,50,143.12,25,209.38,199,-10.38,0
e2-nio-100,binary,100,bot_72,3527,b,52,93.71,25,101.64,193,91.36,0
e2-nio-100,binary,100,bot_72,3527,b,54,100.84,25,116.11,204,87.89,0
e2-nio-100,binary,100,bot_72,3527,b,56,58.94,25,100.99,180,79.01,0
e2-nio-100,binary,100,bot_72,3527,b,58,72.6,25,104.49,162,57.51,0
e2-nio-100,binary,100,bot_72,3527,b,60,81.87,25,131.32,188,56.68,0
e2-nio-100,binary,100,bot_73,3528,w,1,29.64,25,75.56,96,20.44,0
e2-nio-100,binary,100,bot_73,3528,w,3,27.5,25,99.5,111,11.5,0
e2-nio-100,binary,100,bot_73,3528,w,5,64.32,25,59.39,98,38.61,0
e2-nio-100,binary,100,bot_73,3528,w,7,50.92,25,81.28,131,49.72,0
e2-nio-100,binary,100,bot_73,3528,w,9,49.82,25,101.18,138,36.82,0
e2-nio-100,binary,100,bot_73,3528,w,11,42.74,25,112.66,152,39.34,0
e2-nio-100,binary,100,bot_73,3528,w,13,36.22,25,116.45,151,34.55,0
e2-nio-100,binary,100,bot_73,3528,w,15,28.12,25,109.59,122,12.41,0
e2-nio-100,binary,100,bot_73,3528,w,17,28.52,25,138.3,157,18.7,0
e2-nio-100,binary,100,bot_73,3528,w,19,29.76,25,166.85,186,19.15,0
e2-nio-100,binary,100,bot_73,3528,w,21,18.48,25,147.25,151,3.75,0
e2-nio-100,binary,100,bot_73,3528,w,23,7.82,25,157.27,156,-1.27,0
e2-nio-100,binary,100,bot_73,3528,w,25,122.39,25,106.55,221,114.45,0
e2-nio-100,binary,100,bot_73,3528,w,27,99.64,25,100.12,175,74.88,0
e2-nio-100,binary,100,bot_73,3528,w,29,95.04,25,104.39,171,66.61,0
e2-nio-100,binary,100,bot_73,3528,w,31,89.5,25,126.7,209,82.3,0
e2-nio-100,binary,100,bot_73,3528,w,33,79.9,25,110.76,174,63.24,0
e2-nio-100,binary,100,bot_73,3528,w,35,81.84,25,120.4,210,89.6,0
e2-nio-100,binary,100,bot_73,3528,w,37,71.98,25,154.39,232,77.61,0
e2-nio-100,binary,100,bot_73,3528,w,39,75.14,25,153.54,224,70.46,0
e2-nio-100,binary,100,bot_73,3528,w,41,52.21,25,203.5,274,70.5,0
e2-nio-100,binary,100,bot_73,3528,w,43,61.3,25,231.55,291,59.45,0
e2-nio-100,binary,100,bot_73,3528,w,45,44.17,25,231.34,293,61.66,0
e2-nio-100,binary,100,bot_73,3528,w,47,48.04,25,181.02,224,42.98,0
e2-nio-100,binary,100,bot_73,3528,w,49,83.4,25,135.83,206,70.17,0
e2-nio-100,binary,100,bot_73,3528,w,51,68.27,25,143.63,206,62.37,0
e2-nio-100,binary,100,bot_73,3528,w,53,61.22,25,163.23,208,44.77,0
e2-nio-100,binary,100,bot_73,3528,w,55,53.74,25,154.27,210,55.73,0
e2-nio-100,binary,100,bot_73,3528,w,57,36.88,25,149.34,178,28.66,0
e2-nio-100,binary,100,bot_73,3528,w,59,43.75,25,159.52,199,39.48,0
e2-nio-100,binary,100,bot_74,3528,b,2,23.43,25,80.76,96,15.24,0
e2-nio-100,binary,100,bot_74,3528,b,4,49.46,25,116.18,130,13.82,0
e2-nio-100,binary,100,bot_74,3528,b,6,62.45,25,77.37,127,49.63,0
e2-nio-100,binary,100,bot_74,3528,b,8,47.89,25,101.27,138,36.73,0
e2-nio-100,binary,100,bot_74,3528,b,10,50.34,25,104.47,139,34.53,0
e2-nio-100,binary,100,bot_74,3528,b,12,46.32,25,96,124,28,0
e2-nio-100,binary,100,bot_74,3528,b,14,23.89,25,103.12,125,21.88,0
e2-nio-100,binary,100,bot_74,3528,b,16,30.05,25,149.62,163,13.38,0
e2-nio-100,binary,100,bot_74,3528,b,18,30.19,25,174.88,188,13.13,0
e2-nio-100,binary,100,bot_74,3528,b,20,14.96,25,156.54,171,14.46,0
e2-nio-100,binary,100,bot_74,3528,b,22,10.09,25,181.57,185,3.43,0
e2-nio-100,binary,100,bot_74,3528,b,24,127.23,25,172.03,165,-7.03,0
e2-nio-100,binary,100,bot_74,3528,b,26,94.11,25,83.74,192,108.26,0
e2-nio-100,binary,100,bot_74,3528,b,28,85.36,25,100.74,178,77.26,0
e2-nio-100,binary,100,bot_74,3528,b,30,101,25,105.87,179,73.13,0
e2-nio-100,binary,100,bot_74,3528,b,32,82.47,25,132.69,200,67.31,0
e2-nio-100,binary,100,bot_74,3528,b,34,109.13,25,122.92,181,58.08,0
e2-nio-100,binary,100,bot_74,3528,b,36,97.29,25,154.79,215,60.21,0
e2-nio-100,binary,100,bot_74,3528,b,38,89.32,25,159.39,209,49.61,0
e2-nio-100,binary,100,bot_74,3528,b,40,88.66,25,173.16,227,53.84,0
e2-nio-100,binary,100,bot_74,3528,b,42,78.84,25,220.05,250,29.95,0
e2-nio-100,binary,100,bot_74,3528,b,44,81.59,25,217.44,257,39.56,0
e2-nio-100,binary,100,bot_74,3528,b,46,63.23,25,192.95,215,22.05,0
e2-nio-100,binary,100,bot_74,3528,b,48,90.56,25,183.15,210,26.85,0
e2-nio-100,binary,100,bot_74,3528,b,50,82.88,25,164.93,227,62.07,0
e2-nio-100,binary,100,bot_74,3528,b,52,64.5,25,129.97,177,47.03,0
e2-nio-100,binary,100,bot_74,3528,b,54,75.6,25,154.77,194,39.23,0
e2-nio-100,binary,100,bot_74,3528,b,56,48.55,25,101.58,134,32.42,0
e2-nio-100,binary,100,bot_74,3528,b,58,60.75,25,142.06,158,15.94,0
e2-nio-100,binary,100,bot_74,3528,b,60,55.28,25,176.2,199,22.8,0
e2-nio-100,binary,100,bot_75,3529,w,1,31.02,25,78.73,99,20.27,0
e2-nio-100,binary,100,bot_75,3529,w,3,56.88,25,108.85,128,19.15,0
e2-nio-100,binary,100,bot_75,3529,w,5,42.24,25,113.62,114,0.38,0
e2-nio-100,binary,100,bot_75,3529,w,7,51.01,25,94.13,121,26.87,0
e2-nio-100,binary,100,bot_75,3529,w,9,37.83,25,114.38,140,25.62,0
e2-nio-100,binary,100,bot_75,3529,w,11,24.82,25,117.68,143,25.32,0
e2-nio-100,binary,100,bot_75,3529,w,13,21.88,25,120.4,133,12.6,0
e2-nio-100,binary,100,bot_75,3529,w,15,28.09,25,135.53,150,14.47,0
e2-nio-100,binary,100,bot_75,3529,w,17,22.25,25,161.46,176,14.54,0
e2-nio-100,binary,100,bot_75,3529,w,19,16.65,25,167.25,180,12.75,0
e2-nio-100,binary,100,bot_75,3529,w,21,69.33,25,125.88,187,61.12,0
e2-nio-100,binary,100,bot_75,3529,w,23,66.48,25,112.85,149,36.15,0
e2-nio-100,binary,100,bot_75,3529,w,25,49.96,25,158.36,204,45.64,0
e2-nio-100,binary,100,bot_75,3529,w,27,47.67,25,148.23,176,27.77,0
e2-nio-100,binary,100,bot_75,3529,w,29,41.49,25,162.34,179,16.66,0
e2-nio-100,binary,100,bot_75,3529,w,31,52.19,25,179.34,200,20.66,0
e2-nio-100,binary,100,bot_75,3529,w,33,30.08,25,178.52,186,7.48,0
e2-nio-100,binary,100,bot_75,3529,w,35,28.57,25,185.75,185,-0.75,0
e2-nio-100,binary,100,bot_75,3529,w,37,21.08,25,207.62,211,3.38,0
e2-nio-100,binary,100,bot_75,3529,w,39,17.27,25,213.13,213,-0.13,0
e2-nio-100,binary,100,bot_75,3529,w,41,13.65,25,238.59,233,-5.59,0
e2-nio-100,binary,100,bot_75,3529,w,43,175.04,25,124.19,284,159.81,0
e2-nio-100,binary,100,bot_75,3529,w,45,153.91,25,97.65,225,127.35,0
e2-nio-100,binary,100,bot_75,3529,w,47,78.37,25,132.66,214,81.34,0
e2-nio-100,binary,100,bot_75,3529,w,49,104.61,25,137.11,219,81.89,0
e2-nio-100,binary,100,bot_75,3529,w,51,71.16,25,124.07,197,72.93,0
e2-nio-100,binary,100,bot_75,3529,w,53,78.27,25,137.43,206,68.57,0
e2-nio-100,binary,100,bot_75,3529,w,55,46.86,25,112.98,169,56.02,0
e2-nio-100,binary,100,bot_75,3529,w,57,58.93,25,119.47,161,41.53,0
e2-nio-100,binary,100,bot_75,3529,w,59,56.41,25,158.3,198,39.7,0
e2-nio-100,binary,100,bot_76,3529,b,2,33.38,25,78.85,93,14.15,0
e2-nio-100,binary,100,bot_76,3529,b,4,15.2,25,61,99,38,0
e2-nio-100,binary,100,bot_76,3529,b,6,43.42,25,102.99,128,25.01,0
e2-nio-100,binary,100,bot_76,3529,b,8,41.31,25,103.67,137,33.33,0
e2-nio-100,binary,100,bot_76,3529,b,10,41.6,25,117.52,137,19.48,0
e2-nio-100,binary,100,bot_76,3529,b,12,27.28,25,123.69,130,6.31,0
e2-nio-100,binary,100,bot_76,3529,b,14,30.25,25,104.24,108,3.76,0
e2-nio-100,binary,100,bot_76,3529,b,16,29.98,25,136.01,147,10.99,0
e2-nio-100,binary,100,bot_76,3529,b,18,27.74,25,187.93,193,5.07,0
e2-nio-100,binary,100,bot_76,3529,b,20,76.19,25,149.59,148,-1.59,0
e2-nio-100,binary,100,bot_76,3529,b,22,51.23,25,114.16,166,51.84,0
e2-nio-100,binary,100,bot_76,3529,b,24,60.82,25,157.46,206,48.54,0
e2-nio-100,binary,100,bot_76,3529,b,26,50.26,25,140.44,165,24.56,0
e2-nio-100,binary,100,bot_76,3529,b,28,39.47,25,139.01,162,22.99,0
e2-nio-100,binary,100,bot_76,3529,b,30,44.13,25,167.45,185,17.55,0
e2-nio-100,binary,100,bot_76,3529,b,32,30.27,25,152.69,180,27.31,0
e2-nio-100,binary,100,bot_76,3529,b,34,22.59,25,203.58,209,5.42,0
e2-nio-100,binary,100,bot_76,3529,b,36,26.38,25,213.98,217,3.02,0
e2-nio-100,binary,100,bot_76,3529,b,38,21.88,25,223,219,-4,0
e2-nio-100,binary,100,bot_76,3529,b,40,19.41,25,271.86,265,-6.86,0
e2-nio-100,binary,100,bot_76,3529,b,42,181.89,25,288.96,278,-10.96,0
e2-nio-100,binary,100,bot_76,3529,b,44,150.21,25,129.76,281,151.24,0
e2-nio-100,binary,100,bot_76,3529,b,46,100.54,25,118.02,247,128.98,0
e2-nio-100,binary,100,bot_76,3529,b,48,100.69,25,110.72,166,55.28,0
e2-nio-100,binary,100,bot_76,3529,b,50,92.18,25,137.83,221,83.17,0
e2-nio-100,binary,100,bot_76,3529,b,52,88.64,25,129.95,178,48.05,0
e2-nio-100,binary,100,bot_76,3529,b,54,77.42,25,152.59,209,56.41,0
e2-nio-100,binary,100,bot_76,3529,b,56,61.44,25,115.33,140,24.67,0
e2-nio-100,binary,100,bot_76,3529,b,58,59.8,25,165.06,203,37.94,0
e2-nio-100,binary,100,bot_76,3529,b,60,58.13,25,191,225,34,0
e2-nio-100,binary,100,bot_77,3530,w,1,31.32,25,76.78,95,18.22,0
e2-nio-100,binary,100,bot_77,3530,w,3,23.21,25,104.53,121,16.47,0
e2-nio-100,binary,100,bot_77,3530,w,5,32.11,25,105.57,128,22.43,0
e2-nio-100,binary,100,bot_77,3530,w,7,19.77,25,129.21,136,6.79,0
e2-nio-100,binary,100,bot_77,3530,w,9,18.95,25,135.81,139,3.19,0
e2-nio-100,binary,100,bot_77,3530,w,11,12.2,25,129.68,127,-2.68,0
e2-nio-100,binary,100,bot_77,3530,w,13,61.2,25,70.13,122,51.87,0
e2-nio-100,binary,100,bot_77,3530,w,15,67.88,25,96.79,164,67.21,0
e2-nio-100,binary,100,bot_77,3530,w,17,82.61,25,134.75,195,60.25,0
e2-nio-100,binary,100,bot_77,3530,w,19,59.35,25,103.07,157,53.93,0
e2-nio-100,binary,100,bot_77,3530,w,21,53.18,25,126.88,169,42.12,0
e2-nio-100,binary,100,bot_77,3530,w,23,62.3,25,150.92,185,34.08,0
e2-nio-100,binary,100,bot_77,3530,w,25,61.08,25,121.51,167,45.49,0
e2-nio-100,binary,100,bot_77,3530,w,27,39.09,25,150.89,163,12.11,0
e2-nio-100,binary,100,bot_77,3530,w,29,30.21,25,172.91,194,21.09,0
e2-nio-100,binary,100,bot_77,3530,w,31,31.09,25,184.36,192,7.64,0
e2-nio-100,binary,100,bot_77,3530,w,33,38.32,25,194.27,208,13.73,0
e2-nio-100,binary,100,bot_77,3530,w,35,28.83,25,223.24,234,10.76,0
e2-nio-100,binary,100,bot_77,3530,w,37,77.58,25,234.9,229,-5.9,0
e2-nio-100,binary,100,bot_77,3530,w,39,82,25,210.19,247,36.81,0
e2-nio-100,binary,100,bot_77,3530,w,41,72.89,25,228.18,290,61.82,0
e2-nio-100,binary,100,bot_77,3530,w,43,71.01,25,234.26,278,43.74,0
e2-nio-100,binary,100,bot_77,3530,w,45,50.07,25,221.17,245,23.83,0
e2-nio-100,binary,100,bot_77,3530,w,47,121.81,25,182.93,215,32.07,0
e2-nio-100,binary,100,bot_77,3530,w,49,107.92,25,123.53,225,101.47,0
e2-nio-100,binary,100,bot_77,3530,w,51,106.08,25,111.65,178,66.35,0
e2-nio-100,binary,100,bot_77,3530,w,53,95.53,25,134.45,207,72.55,0
e2-nio-100,binary,100,bot_77,3530,w,55,76.24,25,100.6,134,33.4,0
e2-nio-100,binary,100,bot_77,3530,w,57,71.06,25,155.31,203,47.69,0
e2-nio-100,binary,100,bot_77,3530,w,59,73.19,25,176.09,229,52.91,0
e2-nio-100,binary,100,bot_78,3530,b,2,33.3,25,97.54,111,13.46,0
e2-nio-100,binary,100,bot_78,3530,b,4,39.56,25,86.92,91,4.08,0
e2-nio-100,binary,100,bot_78,3530,b,6,24.69,25,107,120,13,0
e2-nio-100,binary,100,bot_78,3530,b,8,19.26,25,131.83,133,1.17,0
e2-nio-100,binary,100,bot_78,3530,b,10,15,25,140.4,140,-0.4,0
e2-nio-100,binary,100,bot_78,3530,b,12,69.5,25,142.09,136,-6.09,0
e2-nio-100,binary,100,bot_78,3530,b,14,84.5,25,79.66,123,43.34,0
e2-nio-100,binary,100,bot_78,3530,b,16,78.56,25,103.62,154,50.38,0
e2-nio-100,binary,100,bot_78,3530,b,18,70.51,25,116.86,180,63.14,0
e2-nio-100,binary,100,bot_78,3530,b,20,60.08,25,121.88,162,40.12,0
e2-nio-100,binary,100,bot_78,3530,b,22,50.18,25,117.82,151,33.18,0
e2-nio-100,binary,100,bot_78,3530,b,24,63.34,25,162.24,206,43.76,0
e2-nio-100,binary,100,bot_78,3530,b,26,36.61,25,157.19,193,35.81,0
e2-nio-100,binary,100,bot_78,3530,b,28,44.97,25,154.3,167,12.7,0
e2-nio-100,binary,100,bot_78,3530,b,30,31.89,25,184.19,189,4.81,0
e2-nio-100,binary,100,bot_78,3530,b,32,37.42,25,156.93,162,5.07,0
e2-nio-100,binary,100,bot_78,3530,b,34,34.08,25,167.88,181,13.12,0
e2-nio-100,binary,100,bot_78,3530,b,36,18.29,25,204.05,207,2.95,0
e2-nio-100,binary,100,bot_78,3530,b,38,61.34,25,168.41,220,51.59,0
e2-nio-100,binary,100,bot_78,3530,b,40,84.84,25,166.61,222,55.39,0
e2-nio-100,binary,100,bot_78,3530,b,42,67.72,25,220.27,268,47.73,0
e2-nio-100,binary,100,bot_78,3530,b,44,48.61,25,198.39,244,45.61,0
e2-nio-100,binary,100,bot_78,3530,b,46,45.86,25,176.19,201,24.81,0
e2-nio-100,binary,100,bot_78,3530,b,48,126.26,25,114.58,200,85.42,0
e2-nio-100,binary,100,bot_78,3530,b,50,90.34,25,104.83,178,73.17,0
e2-nio-100,binary,100,bot_78,3530,b,52,96.97,25,119.83,192,72.17,0
e2-nio-100,binary,100,bot_78,3530,b,54,56.15,25,103.81,164,60.19,0
e2-nio-100,binary,100,bot_78,3530,b,56,70.47,25,106.83,147,40.17,0
e2-nio-100,binary,100,bot_78,3530,b,58,77.52,25,135.93,172,36.07,0
e2-nio-100,binary,100,bot_78,3530,b,60,50.8,25,138.83,178,39.17,0
e2-nio-100,binary,100,bot_79,3531,w,1,34.32,25,93.46,105,11.54,0
e2-nio-100,binary,100,bot_79,3531,w,3,10.17,25,87.61,83,-4.61,0
e2-nio-100,binary,100,bot_79,3531,w,5,10.3,25,132.59,131,-1.59,0
e2-nio-100,binary,100,bot_79,3531,w,7,60.86,25,90.91,141,50.09,0
e2-nio-100,binary,100,bot_79,3531,w,9,53.08,25,102.29,147,44.71,0
e2-nio-100,binary,100,bot_79,3531,w,11,51.19,25,101.12,138,36.88,0
e2-nio-100,binary,100,bot_79,3531,w,13,38.37,25,99.35,117,17.65,0
e2-nio-100,binary,100,bot_79,3531,w,15,43.26,25,122.88,149,26.12,0
e2-nio-100,binary,100,bot_79,3531,w,17,46.59,25,148.82,184,35.18,0
e2-nio-100,binary,100,bot_79,3531,w,19,34.2,25,130.62,138,7.38,0
e2-nio-100,binary,100,bot_79,3531,w,21,19.06,25,146.03,156,9.97,0
e2-nio-100,binary,100,bot_79,3531,w,23,22.58,25,195.29,203,7.71,0
e2-nio-100,binary,100,bot_79,3531,w,25,18.12,25,173.31,162,-11.31,0
e2-nio-100,binary,100,bot_79,3531,w,27,127.21,25,169.13,154,-15.13,0
e2-nio-100,binary,100,bot_79,3531,w,29,111.87,25,104.51,195,90.49,0
e2-nio-100,binary,100,bot_79,3531,w,31,95.67,25,94.3,167,72.7,0
e2-nio-100,binary,100,bot_79,3531,w,33,96.5,25,105.38,201,95.62,0
e2-nio-100,binary,100,bot_79,3531,w,35,95.9,25,131.7,226,94.3,0
e2-nio-100,binary,100,bot_79,3531,w,37,95.51,25,132.93,227,94.07,0
e2-nio-100,binary,100,bot_79,3531,w,39,74.78,25,182.1,272,89.9,0
e2-nio-100,binary,100,bot_79,3531,w,41,90.25,25,202.8,289,86.2,0
e2-nio-100,binary,100,bot_79,3531,w,43,62.74,25,213.27,295,81.73,0
e2-nio-100,binary,100,bot_79,3531,w,45,62.42,25,160.53,228,67.47,0
e2-nio-100,binary,100,bot_79,3531,w,47,26.86,25,186,199,13,0
e2-nio-100,binary,100,bot_79,3531,w,49,26.29,25,201.26,213,11.74,0
e2-nio-100,binary,100,bot_79,3531,w,51,25.81,25,197.33,197,-0.33,0
e2-nio-100,binary,100,bot_79,3531,w,53,13.43,25,216.45,210,-6.45,0
e2-nio-100,binary,100,bot_79,3531,w,55,63.69,25,122.1,173,50.9,0
e2-nio-100,binary,100,bot_79,3531,w,57,68.05,25,134.71,195,60.29,0
e2-nio-100,binary,100,bot_79,3531,w,59,58.12,25,176.26,231,54.74,0
e2-nio-100,binary,100,bot_80,3531,b,2,14.29,25,112.01,130,17.99,0
e2-nio-100,binary,100,bot_80,3531,b,4,16.17,25,120.05,114,-6.05,0
e2-nio-100,binary,100,bot_80,3531,b,6,68.84,25,136.89,131,-5.89,0
e2-nio-100,binary,100,bot_80,3531,b,8,62.61,25,92.1,135,42.9,0
e2-nio-100,binary,100,bot_80,3531,b,10,55.03,25,87.15,123,35.85,0
e2-nio-100,binary,100,bot_80,3531,b,12,35.31,25,92.81,126,33.19,0
e2-nio-100,binary,100,bot_80,3531,b,14,43.37,25,136.35,158,21.65,0
e2-nio-100,binary,100,bot_80,3531,b,16,53.75,25,151.82,178,26.18,0
e2-nio-100,binary,100,bot_80,3531,b,18,25.9,25,146.92,177,30.08,0
e2-nio-100,binary,100,bot_80,3531,b,20,28.84,25,163.74,182,18.26,0
e2-nio-100,binary,100,bot_80,3531,b,22,26.19,25,155.65,159,3.35,0
e2-nio-100,binary,100,bot_80,3531,b,24,12.38,25,194.24,201,6.76,0
e2-nio-100,binary,100,bot_80,3531,b,26,10.38,25,185.42,179,-6.42,0
e2-nio-100,binary,100,bot_80,3531,b,28,116.69,25,90.56,194,103.44,0
e2-nio-100,binary,100,bot_80,3531,b,30,98.03,25,116.44,205,88.56,0
e2-nio-100,binary,100,bot_80,3531,b,32,120.85,25,111.38,183,71.62,0
e2-nio-100,binary,100,bot_80,3531,b,34,119.59,25,132.72,205,72.28,0
e2-nio-100,binary,100,bot_80,3531,b,36,119.96,25,128.74,200,71.26,0
e2-nio-100,binary,100,bot_80,3531,b,38,114.35,25,146.16,218,71.84,0
e2-nio-100,binary,100,bot_80,3531,b,40,111.41,25,185.77,236,50.23,0
e2-nio-100,binary,100,bot_80,3531,b,42,105.96,25,192.97,260,67.03,0
e2-nio-100,binary,100,bot_80,3531,b,44,92.26,25,163.39,202,38.61,0
e2-nio-100,binary,100,bot_80,3531,b,46,35.32,25,165.51,205,39.49,0
e2-nio-100,binary,100,bot_80,3531,b,48,35.14,25,208.48,213,4.52,0
e2-nio-100,binary,100,bot_80,3531,b,50,22.97,25,171.86,176,4.14,0
e2-nio-100,binary,100,bot_80,3531,b,52,16.79,25,194.1,196,1.9,0
e2-nio-100,binary,100,bot_80,3531,b,54,73.87,25,149.32,140,-9.32,0
e2-nio-100,binary,100,bot_80,3531,b,56,84.33,25,118.61,159,40.39,0
e2-nio-100,binary,100,bot_80,3531,b,58,77.8,25,153.65,198,44.35,0
e2-nio-100,binary,100,bot_80,3531,b,60,70.91,25,128.78,164,35.22,0
e2-nio-100,binary,100,bot_81,3532,w,1,18.32,25,108.45,135,26.55,0
e2-nio-100,binary,100,bot_81,3532,w,3,19.82,25,115.39,111,-4.39,0
e2-nio-100,binary,100,bot_81,3532,w,5,20.25,25,127.45,125,-2.45,0
e2-nio-100,binary,100,bot_81,3532,w,7,10.48,25,140.65,138,-2.65,0
e2-nio-100,binary,100,bot_81,3532,w,9,62.68,25,80.76,136,55.24,0
e2-nio-100,binary,100,bot_81,3532,w,11,44.94,25,84.12,124,39.88,0
e2-nio-100,binary,100,bot_81,3532,w,13,52.1,25,127.04,154,26.96,0
e2-nio-100,binary,100,bot_81,3532,w,15,70.75,25,134.76,172,37.24,0
e2-nio-100,binary,100,bot_81,3532,w,17,32.97,25,140.39,175,34.61,0
e2-nio-100,binary,100,bot_81,3532,w,19,40.03,25,152.93,174,21.07,0
e2-nio-100,binary,100,bot_81,3532,w,21,39.51,25,141.4,148,6.6,0
e2-nio-100,binary,100,bot_81,3532,w,23,18.34,25,188.97,202,13.03,0
e2-nio-100,binary,100,bot_81,3532,w,25,17.56,25,178.16,177,-1.16,0
e2-nio-100,binary,100,bot_81,3532,w,27,15.87,25,188.39,183,-5.39,0
e2-nio-100,binary,100,bot_81,3532,w,29,116.22,25,221.45,206,-15.45,0
e2-nio-100,binary,100,bot_81,3532,w,31,127.16,25,105.13,187,81.87,0
e2-nio-100,binary,100,bot_81,3532,w,33,130.6,25,121.94,202,80.06,0
e2-nio-100,binary,100,bot_81,3532,w,35,131.94,25,116.86,206,89.14,0
e2-nio-100,binary,100,bot_81,3532,w,37,128.38,25,131.97,221,89.03,0
e2-nio-100,binary,100,bot_81,3532,w,39,124.47,25,171.67,242,70.33,0
e2-nio-100,binary,100,bot_81,3532,w,41,116.93,25,181.96,266,84.04,0
e2-nio-100,binary,100,bot_81,3532,w,43,106.45,25,148.21,208,59.79,0
e2-nio-100,binary,100,bot_81,3532,w,45,45.42,25,158.09,209,50.91,0
e2-nio-100,binary,100,bot_81,3532,w,47,51.21,25,192.51,218,25.49,0
e2-nio-100,binary,100,bot_81,3532,w,49,35.85,25,159.01,183,23.99,0
e2-nio-100,binary,100,bot_81,3532,w,51,26.57,25,185.83,200,14.17,0
e2-nio-100,binary,100,bot_81,3532,w,53,19.21,25,140.52,147,6.48,0
e2-nio-100,binary,100,bot_81,3532,w,55,23.13,25,154.67,150,-4.67,0
e2-nio-100,binary,100,bot_81,3532,w,57,20.48,25,194.06,186,-8.06,0
e2-nio-100,binary,100,bot_81,3532,w,59,84.88,25,115.1,185,69.9,0
e2-nio-100,binary,100,bot_82,3532,b,2,13.66,25,84.11,83,-1.11,0
e2-nio-100,binary,100,bot_82,3532,b,4,16.86,25,126.73,126,-0.73,0
e2-nio-100,binary,100,bot_82,3532,b,6,16.91,25,127.91,129,1.09,0
e2-nio-100,binary,100,bot_82,3532,b,8,74.3,25,147.9,138,-9.9,0
e2-nio-100,binary,100,bot_82,3532,b,10,59.47,25,92.69,135,42.31,0
e2-nio-100,binary,100,bot_82,3532,b,12,45.82,25,91.86,116,24.14,0
e2-nio-100,binary,100,bot_82,3532,b,14,55.53,25,110.83,143,32.17,0
e2-nio-100,binary,100,bot_82,3532,b,16,54.13,25,141.16,192,50.84,0
e2-nio-100,binary,100,bot_82,3532,b,18,39.52,25,125.21,138,12.79,0
e2-nio-100,binary,100,bot_82,3532,b,20,24.78,25,140.51,160,19.49,0
e2-nio-100,binary,100,bot_82,3532,b,22,32.53,25,185.42,205,19.58,0
e2-nio-100,binary,100,bot_82,3532,b,24,26.88,25,164.1,157,-7.1,0
e2-nio-100,binary,100,bot_82,3532,b,26,20.97,25,158.17,150,-8.17,0
e2-nio-100,binary,100,bot_82,3532,b,28,11.16,25,200.08,190,-10.08,0
e2-nio-100,binary,100,bot_82,3532,b,30,108.68,25,82.13,173,90.87,0
e2-nio-100,binary,100,bot_82,3532,b,32,106.55,25,95.2,197,101.8,0
e2-nio-100,binary,100,bot_82,3532,b,34,115.99,25,112.29,218,105.71,0
e2-nio-100,binary,100,bot_82,3532,b,36,115.28,25,112.3,217,104.7,0
e2-nio-100,binary,100,bot_82,3532,b,38,97.65,25,160.04,264,103.96,0
e2-nio-100,binary,100,bot_82,3532,b,40,111.09,25,181.67,281,99.33,0
e2-nio-100,binary,100,bot_82,3532,b,42,84.77,25,192.36,283,90.64,0
e2-nio-100,binary,100,bot_82,3532,b,44,75.21,25,146.54,226,79.46,0
e2-nio-100,binary,100,bot_82,3532,b,46,49.51,25,163.19,185,21.81,0
e2-nio-100,binary,100,bot_82,3532,b,48,47.57,25,179.91,207,27.09,0
e2-nio-100,binary,100,bot_82,3532,b,50,38.62,25,183.47,196,12.53,0
e2-nio-100,binary,100,bot_82,3532,b,52,29.99,25,199.91,203,3.09,0
e2-nio-100,binary,100,bot_82,3532,b,54,21.51,25,157.82,154,-3.82,0
e2-nio-100,binary,100,bot_82,3532,b,56,16.31,25,207.97,208,0.03,0
e2-nio-100,binary,100,bot_82,3532,b,58,92.65,25,231.09,228,-3.09,0
e2-nio-100,binary,100,bot_82,3532,b,60,49.7,25,147.24,209,61.76,0
e2-nio-100,binary,100,bot_83,3533,w,1,62.96,25,59.7,86,26.3,0
e2-nio-100,binary,100,bot_83,3533,w,3,53.23,25,78.99,122,43.01,0
e2-nio-100,binary,100,bot_83,3533,w,5,51.66,25,99.38,129,29.63,0
e2-nio-100,binary,100,bot_83,3533,w,7,44.15,25,111.29,146,34.71,0
e2-nio-100,binary,100,bot_83,3533,w,9,38.15,25,114.44,144,29.56,0
e2-nio-100,binary,100,bot_83,3533,w,11,29.26,25,108.46,113,4.54,0
e2-nio-100,binary,100,bot_83,3533,w,13,30.93,25,135.83,149,13.17,0
e2-nio-100,binary,100,bot_83,3533,w,15,32.94,25,163.48,178,14.52,0
e2-nio-100,binary,100,bot_83,3533,w,17,21.33,25,144.24,141,-3.24,0
e2-nio-100,binary,100,bot_83,3533,w,19,9.91,25,155.19,149,-6.19,0
e2-nio-100,binary,100,bot_83,3533,w,21,137.2,25,207.67,200,-7.67,0
e2-nio-100,binary,100,bot_83,3533,w,23,103.14,25,96.69,167,70.31,0
e2-nio-100,binary,100,bot_83,3533,w,25,99.91,25,100.13,161,60.87,0
e2-nio-100,binary,100,bot_83,3533,w,27,91.98,25,124.2,200,75.8,0
e2-nio-100,binary,100,bot_83,3533,w,29,81.94,25,108.56,167,58.44,0
e2-nio-100,binary,100,bot_83,3533,w,31,84.14,25,118.1,203,84.9,0
e2-nio-100,binary,100,bot_83,3533,w,33,74.91,25,151.65,226,74.35,0
e2-nio-100,binary,100,bot_83,3533,w,35,78.49,25,150.18,217,66.82,0
e2-nio-100,binary,100,bot_83,3533,w,37,55.48,25,200.42,266,65.58,0
e2-nio-100,binary,100,bot_83,3533,w,39,65.17,25,227.82,285,57.18,0
e2-nio-100,binary,100,bot_83,3533,w,41,47.77,25,227.92,286,58.08,0
e2-nio-100,binary,100,bot_83,3533,w,43,46.68,25,177.76,218,40.24,0
e2-nio-100,binary,100,bot_83,3533,w,45,13.93,25,197.82,195,-2.82,0
e2-nio-100,binary,100,bot_83,3533,w,47,72.41,25,140.61,221,80.39,0
e2-nio-100,binary,100,bot_83,3533,w,49,63.72,25,160.76,205,44.24,0
e2-nio-100,binary,100,bot_83,3533,w,51,56.79,25,151.47,205,53.53,0
e2-nio-100,binary,100,bot_83,3533,w,53,39.33,25,146.98,173,26.02,0
e2-nio-100,binary,100,bot_83,3533,w,55,48.48,25,154.67,195,40.33,0
e2-nio-100,binary,100,bot_83,3533,w,57,37.3,25,197.59,231,33.41,0
e2-nio-100,binary,100,bot_83,3533,w,59,27.04,25,168.88,193,24.12,0
e2-nio-100,binary,100,bot_84,3533,b,2,64.95,25,74.93,105,30.07,0
e2-nio-100,binary,100,bot_84,3533,b,4,50.21,25,98.95,119,20.05,0
e2-nio-100,binary,100,bot_84,3533,b,6,54.02,25,100.68,117,16.32,0
e2-nio-100,binary,100,bot_84,3533,b,8,50.22,25,91.99,101,9.01,0
e2-nio-100,binary,100,bot_84,3533,b,10,25.74,25,101.47,105,3.53,0
e2-nio-100,binary,100,bot_84,3533,b,12,33.81,25,145.8,141,-4.8,0
e2-nio-100,binary,100,bot_84,3533,b,14,34.44,25,170.64,167,-3.64,0
e2-nio-100,binary,100,bot_84,3533,b,16,17.85,25,153.89,151,-2.89,0
e2-nio-100,binary,100,bot_84,3533,b,18,15.01,25,176.8,165,-11.8,0
e2-nio-100,binary,100,bot_84,3533,b,20,13.71,25,168.76,144,-24.76,0
e2-nio-100,binary,100,bot_84,3533,b,22,96.98,25,81.67,184,102.33,0
e2-nio-100,binary,100,bot_84,3533,b,24,86.72,25,99.22,166,66.78,0
e2-nio-100,binary,100,bot_84,3533,b,26,102.65,25,104.3,169,64.7,0
e2-nio-100,binary,100,bot_84,3533,b,28,84.27,25,130.81,187,56.19,0
e2-nio-100,binary,100,bot_84,3533,b,30,110.8,25,121.26,167,45.74,0
e2-nio-100,binary,100,bot_84,3533,b,32,100.77,25,151.33,200,48.67,0
e2-nio-100,binary,100,bot_84,3533,b,34,92.45,25,156.32,195,38.68,0
e2-nio-100,binary,100,bot_84,3533,b,36,91.82,25,169.85,212,42.15,0
e2-nio-100,binary,100,bot_84,3533,b,38,83.83,25,214.88,235,20.12,0
e2-nio-100,binary,100,bot_84,3533,b,40,85.16,25,213.93,243,29.07,0
e2-nio-100,binary,100,bot_84,3533,b,42,67.14,25,188.86,201,12.14,0
e2-nio-100,binary,100,bot_84,3533,b,44,22.7,25,176.48,191,14.52,0
e2-nio-100,binary,100,bot_84,3533,b,46,105.61,25,227.61,209,-18.61,0
e2-nio-100,binary,100,bot_84,3533,b,48,69.5,25,124.88,164,39.12,0
e2-nio-100,binary,100,bot_84,3533,b,50,79.94,25,150.33,181,30.67,0
e2-nio-100,binary,100,bot_84,3533,b,52,51.27,25,98.76,123,24.24,0
e2-nio-100,binary,100,bot_84,3533,b,54,65.71,25,137.07,144,6.93,0
e2-nio-100,binary,100,bot_84,3533,b,56,58.36,25,173.17,188,14.83,0
e2-nio-100,binary,100,bot_84,3533,b,58,49.68,25,149.2,154,4.8,0
e2-nio-100,binary,100,bot_84,3533,b,60,33.29,25,169.73,164,-5.73,0
e2-nio-100,binary,100,bot_85,3534,w,1,65.99,25,74.16,121,46.84,0
e2-nio-100,binary,100,bot_85,3534,w,3,51.18,25,98.06,133,34.94,0
e2-nio-100,binary,100,bot_85,3534,w,5,55.42,25,99.25,132,32.75,0
e2-nio-100,binary,100,bot_85,3534,w,7,51.06,25,91.06,117,25.94,0
e2-nio-100,binary,100,bot_85,3534,w,9,26.71,25,100.88,121,20.12,0
e2-nio-100,binary,100,bot_85,3534,w,11,35.76,25,143.85,155,11.15,0
e2-nio-100,binary,100,bot_85,3534,w,13,39.09,25,166.08,178,11.92,0
e2-nio-100,binary,100,bot_85,3534,w,15,19.6,25,152.39,167,14.61,0
e2-nio-100,binary,100,bot_85,3534,w,17,19.21,25,172.82,178,5.18,0
e2-nio-100,binary,100,bot_85,3534,w,19,18.07,25,164.06,158,-6.06,0
e2-nio-100,binary,100,bot_85,3534,w,21,105.63,25,199.01,193,-6.01,0
e2-nio-100,binary,100,bot_85,3534,w,23,90.09,25,95.1,176,80.9,0
e2-nio-100,binary,100,bot_85,3534,w,25,107.03,25,99.85,179,79.15,0
e2-nio-100,binary,100,bot_85,3534,w,27,90.23,25,124.69,197,72.31,0
e2-nio-100,binary,100,bot_85,3534,w,29,114.72,25,117.36,179,61.64,0
e2-nio-100,binary,100,bot_85,3534,w,31,108.7,25,143.37,206,62.63,0
e2-nio-100,binary,100,bot_85,3534,w,33,103.39,25,145.31,199,53.69,0
e2-nio-100,binary,100,bot_85,3534,w,35,102.44,25,158.72,217,58.28,0
e2-nio-100,binary,100,bot_85,3534,w,37,94.99,25,203.06,238,34.94,0
e2-nio-100,binary,100,bot_85,3534,w,39,95.95,25,202.9,248,45.1,0
e2-nio-100,binary,100,bot_85,3534,w,41,75.34,25,180.11,207,26.89,0
e2-nio-100,binary,100,bot_85,3534,w,43,27.58,25,171.6,199,27.4,0
e2-nio-100,binary,100,bot_85,3534,w,45,21.92,25,221.83,214,-7.83,0
e2-nio-100,binary,100,bot_85,3534,w,47,84.99,25,183.72,173,-10.72,0
e2-nio-100,binary,100,bot_85,3534,w,49,85.73,25,144.51,189,44.49,0
e2-nio-100,binary,100,bot_85,3534,w,51,55.31,25,94.68,134,39.32,0
e2-nio-100,binary,100,bot_85,3534,w,53,69.99,25,132.7,158,25.3,0
e2-nio-100,binary,100,bot_85,3534,w,55,64.37,25,167.18,196,28.82,0
e2-nio-100,binary,100,bot_85,3534,w,57,57.17,25,142.36,165,22.64,0
e2-nio-100,binary,100,bot_85,3534,w,59,40.74,25,161.83,168,6.17,0
e2-nio-100,binary,100,bot_86,3534,b,2,55.46,25,76.76,127,50.24,0
e2-nio-100,binary,100,bot_86,3534,b,4,53.25,25,97.79,135,37.21,0
e2-nio-100,binary,100,bot_86,3534,b,6,45.99,25,109.49,152,42.51,0
e2-nio-100,binary,100,bot_86,3534,b,8,40.07,25,112.47,150,37.53,0
e2-nio-100,binary,100,bot_86,3534,b,10,30.94,25,106.77,119,12.23,0
e2-nio-100,binary,100,bot_86,3534,b,12,32.61,25,134.11,157,22.89,0
e2-nio-100,binary,100,bot_86,3534,b,14,35.35,25,160.98,187,26.02,0
e2-nio-100,binary,100,bot_86,3534,b,16,23.95,25,141.55,147,5.45,0
e2-nio-100,binary,100,bot_86,3534,b,18,12.91,25,152.2,157,4.8,0
e2-nio-100,binary,100,bot_86,3534,b,20,13.83,25,204.11,208,3.89,0
e2-nio-100,binary,100,bot_86,3534,b,22,106.51,25,94.12,181,86.88,0
e2-nio-100,binary,100,bot_86,3534,b,24,103.8,25,96.51,167,70.49,0
e2-nio-100,binary,100,bot_86,3534,b,26,97.79,25,118.4,206,87.6,0
e2-nio-100,binary,100,bot_86,3534,b,28,87.46,25,102.94,174,71.06,0
e2-nio-100,binary,100,bot_86,3534,b,30,88.09,25,114.13,209,94.87,0
e2-nio-100,binary,100,bot_86,3534,b,32,79.4,25,147.48,236,88.52,0
e2-nio-100,binary,100,bot_86,3534,b,34,83.85,25,144.8,228,83.2,0
e2-nio-100,binary,100,bot_86,3534,b,36,59.85,25,196.38,279,82.62,0
e2-nio-100,binary,100,bot_86,3534,b,38,70.17,25,223.09,298,74.91,0
e2-nio-100,binary,100,bot_86,3534,b,40,52.62,25,223.51,300,76.49,0
e2-nio-100,binary,100,bot_86,3534,b,42,52.11,25,172.13,228,55.87,0
e2-nio-100,binary,100,bot_86,3534,b,44,15.59,25,196.68,204,7.32,0
e2-nio-100,binary,100,bot_86,3534,b,46,12.98,25,214.52,217,2.48,0
e2-nio-100,binary,100,bot_86,3534,b,48,69.51,25,155.64,221,65.36,0
e2-nio-100,binary,100,bot_86,3534,b,50,63,25,145.51,212,66.49,0
e2-nio-100,binary,100,bot_86,3534,b,52,49.98,25,136.22,172,35.78,0
e2-nio-100,binary,100,bot_86,3534,b,54,53.95,25,149.12,200,50.88,0
e2-nio-100,binary,100,bot_86,3534,b,56,47.04,25,187.26,232,44.74,0
e2-nio-100,binary,100,bot_86,3534,b,58,31.6,25,164.63,202,37.37,0
e2-nio-100,binary,100,bot_86,3534,b,60,31.22,25,187.6,208,20.4,0
e2-nio-100,binary,100,bot_87,3535,w,1,68.37,25,77.03,112,34.97,0
e2-nio-100,binary,100,bot_87,3535,w,3,53.09,25,100.33,127,26.67,0
e2-nio-100,binary,100,bot_87,3535,w,5,39.5,25,104.02,127,22.98,0
e2-nio-100,binary,100,bot_87,3535,w,7,32.05,25,110.87,121,10.13,0
e2-nio-100,binary,100,bot_87,3535,w,9,42.84,25,120.47,132,11.53,0
e2-nio-100,binary,100,bot_87,3535,w,11,34.79,25,148.08,159,10.92,0
e2-nio-100,binary,100,bot_87,3535,w,13,29.82,25,154.96,170,15.04,0
e2-nio-100,binary,100,bot_87,3535,w,15,23.78,25,161.15,155,-6.15,0
e2-nio-100,binary,100,bot_87,3535,w,17,17.89,25,148.37,139,-9.37,0
e2-nio-100,binary,100,bot_87,3535,w,19,15.48,25,206.14,197,-9.14,0
e2-nio-100,binary,100,bot_87,3535,w,21,35.26,25,158.24,137,-21.24,0
e2-nio-100,binary,100,bot_87,3535,w,23,43.74,25,155.52,156,0.48,0
e2-nio-100,binary,100,bot_87,3535,w,25,29.99,25,186.06,179,-7.06,0
e2-nio-100,binary,100,bot_87,3535,w,27,36.88,25,157.05,149,-8.05,0
e2-nio-100,binary,100,bot_87,3535,w,29,35.16,25,166.94,172,5.06,0
e2-nio-100,binary,100,bot_87,3535,w,31,19.21,25,203.18,198,-5.18,0
e2-nio-100,binary,100,bot_87,3535,w,33,79.45,25,213.66,194,-19.66,0
e2-nio-100,binary,100,bot_87,3535,w,35,86.08,25,165.34,213,47.66,0
e2-nio-100,binary,100,bot_87,3535,w,37,67.94,25,220.37,260,39.63,0
e2-nio-100,binary,100,bot_87,3535,w,39,49.82,25,197.49,236,38.51,0
e2-nio-100,binary,100,bot_87,3535,w,41,49.08,25,173.85,190,16.15,0
e2-nio-100,binary,100,bot_87,3535,w,43,81.38,25,137.39,168,30.61,0
e2-nio-100,binary,100,bot_87,3535,w,45,63.75,25,148.07,182,33.93,0
e2-nio-100,binary,100,bot_87,3535,w,47,60.8,25,163.5,181,17.5,0
e2-nio-100,binary,100,bot_87,3535,w,49,49.42,25,158.36,185,26.64,0
e2-nio-100,binary,100,bot_87,3535,w,51,34.88,25,151.26,153,1.74,0
e2-nio-100,binary,100,bot_87,3535,w,53,40.58,25,162.85,174,11.15,0
e2-nio-100,binary,100,bot_87,3535,w,55,33.08,25,201.47,207,5.53,0
e2-nio-100,binary,100,bot_87,3535,w,57,24.7,25,171.03,173,1.97,0
e2-nio-100,binary,100,bot_87,3535,w,59,22.45,25,195.92,182,-13.92,0
e2-nio-100,binary,100,bot_88,3535,b,2,59.17,25,85.48,114,28.52,0
e2-nio-100,binary,100,bot_88,3535,b,4,55.74,25,102.31,114,11.69,0
e2-nio-100,binary,100,bot_88,3535,b,6,43.14,25,107.19,105,-2.19,0
e2-nio-100,binary,100,bot_88,3535,b,8,44.69,25,88.96,81,-7.96,0
e2-nio-100,binary,100,bot_88,3535,b,10,44.32,25,121.58,123,1.42,0
e2-nio-100,binary,100,bot_88,3535,b,12,47.6,25,168.89,164,-4.89,0
e2-nio-100,binary,100,bot_88,3535,b,14,26.13,25,136.02,124,-12.02,0
e2-nio-100,binary,100,bot_88,3535,b,16,23.33,25,155.96,140,-15.96,0
e2-nio-100,binary,100,bot_88,3535,b,18,24.63,25,191.96,170,-21.96,0
e2-nio-100,binary,100,bot_88,3535,b,20,14.22,25,165.57,140,-25.57,0
e2-nio-100,binary,100,bot_88,3535,b,22,37.25,25,153.04,147,-6.04,0
e2-nio-100,binary,100,bot_88,3535,b,24,28.36,25,174.58,178,3.42,0
e2-nio-100,binary,100,bot_88,3535,b,26,28.7,25,186.91,175,-11.91,0
e2-nio-100,binary,100,bot_88,3535,b,28,41.5,25,190.95,187,-3.95,0
e2-nio-100,binary,100,bot_88,3535,b,30,30.8,25,221.26,215,-6.26,0
e2-nio-100,binary,100,bot_88,3535,b,32,15.98,25,233.11,210,-23.11,0
e2-nio-100,binary,100,bot_88,3535,b,34,84.86,25,207.56,245,37.44,0
e2-nio-100,binary,100,bot_88,3535,b,36,76.33,25,224.67,269,44.33,0
e2-nio-100,binary,100,bot_88,3535,b,38,74.57,25,230.68,257,26.32,0
e2-nio-100,binary,100,bot_88,3535,b,40,51.83,25,219.32,227,7.68,0
e2-nio-100,binary,100,bot_88,3535,b,42,74.79,25,119.18,121,1.82,0
e2-nio-100,binary,100,bot_88,3535,b,44,77.99,25,169.84,205,35.16,0
e2-nio-100,binary,100,bot_88,3535,b,46,59.96,25,134.79,151,16.21,0
e2-nio-100,binary,100,bot_88,3535,b,48,70.48,25,159.95,174,14.05,0
e2-nio-100,binary,100,bot_88,3535,b,50,44.6,25,105.57,108,2.43,0
e2-nio-100,binary,100,bot_88,3535,b,52,55.09,25,147.78,136,-11.78,0
e2-nio-100,binary,100,bot_88,3535,b,54,49.51,25,182.02,174,-8.02,0
e2-nio-100,binary,100,bot_88,3535,b,56,45.03,25,153.77,140,-13.77,0
e2-nio-100,binary,100,bot_88,3535,b,58,30.15,25,173.08,151,-22.08,0
e2-nio-100,binary,100,bot_88,3535,b,60,28.09,25,187.82,163,-24.82,0
e2-nio-100,binary,100,bot_89,3536,w,1,62.1,25,82.86,129,46.14,0
e2-nio-100,binary,100,bot_89,3536,w,3,58.32,25,99.32,122,22.68,0
e2-nio-100,binary,100,bot_89,3536,w,5,47.43,25,103.15,114,10.85,0
e2-nio-100,binary,100,bot_89,3536,w,7,46.43,25,86.71,89,2.29,0
e2-nio-100,binary,100,bot_89,3536,w,9,47.1,25,118.71,130,11.29,0
e2-nio-100,binary,100,bot_89,3536,w,11,51.44,25,165.27,173,7.73,0
e2-nio-100,binary,100,bot_89,3536,w,13,27.9,25,134.45,136,1.55,0
e2-nio-100,binary,100,bot_89,3536,w,15,25.34,25,154.01,148,-6.01,0
e2-nio-100,binary,100,bot_89,3536,w,17,28.03,25,188.27,176,-12.27,0
e2-nio-100,binary,100,bot_89,3536,w,19,19,25,161.53,149,-12.53,0
e2-nio-100,binary,100,bot_89,3536,w,21,35.8,25,154.55,150,-4.55,0
e2-nio-100,binary,100,bot_89,3536,w,23,26.76,25,176.03,180,3.97,0
e2-nio-100,binary,100,bot_89,3536,w,25,27.06,25,188.52,176,-12.52,0
e2-nio-100,binary,100,bot_89,3536,w,27,36.17,25,196.6,193,-3.6,0
e2-nio-100,binary,100,bot_89,3536,w,29,27.64,25,224.31,219,-5.31,0
e2-nio-100,binary,100,bot_89,3536,w,31,77.06,25,235.32,212,-23.32,0
e2-nio-100,binary,100,bot_89,3536,w,33,80.76,25,211.45,234,22.55,0
e2-nio-100,binary,100,bot_89,3536,w,35,71.84,25,229.24,273,43.76,0
e2-nio-100,binary,100,bot_89,3536,w,37,69.28,25,235.98,263,27.02,0
e2-nio-100,binary,100,bot_89,3536,w,39,47.56,25,223.84,233,9.16,0
e2-nio-100,binary,100,bot_89,3536,w,41,73,25,121.01,120,-1.01,0
e2-nio-100,binary,100,bot_89,3536,w,43,74.47,25,173.36,209,35.64,0
e2-nio-100,binary,100,bot_89,3536,w,45,57.22,25,137.57,154,16.43,0
e2-nio-100,binary,100,bot_89,3536,w,47,68.37,25,162.04,176,13.96,0
e2-nio-100,binary,100,bot_89,3536,w,49,41.76,25,108.43,112,3.57,0
e2-nio-100,binary,100,bot_89,3536,w,51,52.12,25,150.74,140,-10.74,0
e2-nio-100,binary,100,bot_89,3536,w,53,46.41,25,185.14,178,-7.14,0
e2-nio-100,binary,100,bot_89,3536,w,55,41.35,25,157.46,145,-12.46,0
e2-nio-100,binary,100,bot_89,3536,w,57,27.88,25,175.45,155,-20.45,0
e2-nio-100,binary,100,bot_89,3536,w,59,25.72,25,190.27,165,-25.27,0
e2-nio-100,binary,100,bot_90,3536,b,2,56.33,25,97.34,129,31.66,0
e2-nio-100,binary,100,bot_90,3536,b,4,44.68,25,98.91,125,26.09,0
e2-nio-100,binary,100,bot_90,3536,b,6,36.15,25,106.77,122,15.23,0
e2-nio-100,binary,100,bot_90,3536,b,8,46.28,25,117.09,133,15.91,0
e2-nio-100,binary,100,bot_90,3536,b,10,41.58,25,141.16,157,15.84,0
e2-nio-100,binary,100,bot_90,3536,b,12,34.7,25,150.18,170,19.82,0
e2-nio-100,binary,100,bot_90,3536,b,14,27.66,25,156.94,153,-3.94,0
e2-nio-100,binary,100,bot_90,3536,b,16,21.33,25,145.08,139,-6.08,0
e2-nio-100,binary,100,bot_90,3536,b,18,21.31,25,200.5,196,-4.5,0
e2-nio-100,binary,100,bot_90,3536,b,20,33.36,25,159.97,143,-16.97,0
e2-nio-100,binary,100,bot_90,3536,b,22,41.4,25,157.98,158,0.02,0
e2-nio-100,binary,100,bot_90,3536,b,24,25.01,25,191.07,183,-8.07,0
e2-nio-100,binary,100,bot_90,3536,b,26,34.3,25,159.78,151,-8.78,0
e2-nio-100,binary,100,bot_90,3536,b,28,31.62,25,170.49,172,1.51,0
e2-nio-100,binary,100,bot_90,3536,b,30,14.88,25,207.68,200,-7.68,0
e2-nio-100,binary,100,bot_90,3536,b,32,58.97,25,170.9,212,41.1,0
e2-nio-100,binary,100,bot_90,3536,b,34,80.95,25,170.68,215,44.32,0
e2-nio-100,binary,100,bot_90,3536,b,36,64.06,25,224.07,260,35.93,0
e2-nio-100,binary,100,bot_90,3536,b,38,45.99,25,200.91,235,34.09,0
e2-nio-100,binary,100,bot_90,3536,b,40,43.35,25,179.19,193,13.81,0
e2-nio-100,binary,100,bot_90,3536,b,42,80,25,138.75,169,30.25,0
e2-nio-100,binary,100,bot_90,3536,b,44,59.87,25,151.83,183,31.17,0
e2-nio-100,binary,100,bot_90,3536,b,46,58.65,25,165.54,180,14.46,0
e2-nio-100,binary,100,bot_90,3536,b,48,47.27,25,160.24,187,26.76,0
e2-nio-100,binary,100,bot_90,3536,b,50,32.57,25,153.46,152,-1.46,0
e2-nio-100,binary,100,bot_90,3536,b,52,37.53,25,166.11,175,8.89,0
e2-nio-100,binary,100,bot_90,3536,b,54,31.53,25,203.05,206,2.95,0
e2-nio-100,binary,100,bot_90,3536,b,56,22.67,25,172.73,172,-0.73,0
e2-nio-100,binary,100,bot_90,3536,b,58,18.88,25,199.23,185,-14.23,0
e2-nio-100,binary,100,bot_90,3536,b,60,14.58,25,189.2,173,-16.2,0
e2-nio-100,binary,100,bot_91,3537,w,1,62.82,25,91.68,127,35.32,0
e2-nio-100,binary,100,bot_91,3537,w,3,49.79,25,93.93,116,22.07,0
e2-nio-100,binary,100,bot_91,3537,w,5,42.93,25,100.15,113,12.85,0
e2-nio-100,binary,100,bot_91,3537,w,7,51.35,25,112.54,123,10.46,0
e2-nio-100,binary,100,bot_91,3537,w,9,48.74,25,134.44,144,9.56,0
e2-nio-100,binary,100,bot_91,3537,w,11,40.57,25,145.01,163,17.99,0
e2-nio-100,binary,100,bot_91,3537,w,13,32.74,25,151.61,144,-7.61,0
e2-nio-100,binary,100,bot_91,3537,w,15,26.96,25,139.91,129,-10.91,0
e2-nio-100,binary,100,bot_91,3537,w,17,29.76,25,192.7,188,-4.7,0
e2-nio-100,binary,100,bot_91,3537,w,19,32,25,161.22,149,-12.22,0
e2-nio-100,binary,100,bot_91,3537,w,21,39.53,25,160.02,151,-9.02,0
e2-nio-100,binary,100,bot_91,3537,w,23,22.42,25,193.64,175,-18.64,0
e2-nio-100,binary,100,bot_91,3537,w,25,32.55,25,161.51,144,-17.51,0
e2-nio-100,binary,100,bot_91,3537,w,27,29.39,25,172.66,162,-10.66,0
e2-nio-100,binary,100,bot_91,3537,w,29,79.66,25,209.64,191,-18.64,0
e2-nio-100,binary,100,bot_91,3537,w,31,56.24,25,173.31,191,17.69,0
e2-nio-100,binary,100,bot_91,3537,w,33,76.99,25,174.59,206,31.41,0
e2-nio-100,binary,100,bot_91,3537,w,35,59.84,25,228.24,252,23.76,0
e2-nio-100,binary,100,bot_91,3537,w,37,41.42,25,205.34,226,20.66,0
e2-nio-100,binary,100,bot_91,3537,w,39,38.75,25,183.79,184,0.21,0
e2-nio-100,binary,100,bot_91,3537,w,41,77.55,25,141.13,162,20.87,0
e2-nio-100,binary,100,bot_91,3537,w,43,55.83,25,155.91,178,22.09,0
e2-nio-100,binary,100,bot_91,3537,w,45,54.86,25,169.35,174,4.65,0
e2-nio-100,binary,100,bot_91,3537,w,47,42.68,25,164.72,180,15.28,0
e2-nio-100,binary,100,bot_91,3537,w,49,29.68,25,156.32,147,-9.32,0
e2-nio-100,binary,100,bot_91,3537,w,51,34.92,25,168.83,170,1.17,0
e2-nio-100,binary,100,bot_91,3537,w,53,29.2,25,205.36,198,-7.36,0
e2-nio-100,binary,100,bot_91,3537,w,55,19.71,25,175.75,164,-11.75,0
e2-nio-100,binary,100,bot_91,3537,w,57,15.06,25,202.96,178,-24.96,0
e2-nio-100,binary,100,bot_91,3537,w,59,10.37,25,193.27,165,-28.27,0
e2-nio-100,binary,100,bot_92,3537,b,2,63.45,25,93.94,124,30.06,0
e2-nio-100,binary,100,bot_92,3537,b,4,54.51,25,96.06,113,16.94,0
e2-nio-100,binary,100,bot_92,3537,b,6,50.97,25,81.53,91,9.47,0
e2-nio-100,binary,100,bot_92,3537,b,8,51.42,25,113.78,131,17.22,0
e2-nio-100,binary,100,bot_92,3537,b,10,58.88,25,157.82,173,15.18,0
e2-nio-100,binary,100,bot_92,3537,b,12,33.37,25,128.86,136,7.14,0
e2-nio-100,binary,100,bot_92,3537,b,14,30.21,25,149.03,148,-1.03,0
e2-nio-100,binary,100,bot_92,3537,b,16,36.57,25,179.35,174,-5.35,0
e2-nio-100,binary,100,bot_92,3537,b,18,29.16,25,152.38,149,-3.37,0
e2-nio-100,binary,100,bot_92,3537,b,20,33.64,25,157.05,152,-5.05,0
e2-nio-100,binary,100,bot_92,3537,b,22,23.47,25,178.59,182,3.41,0
e2-nio-100,binary,100,bot_92,3537,b,24,24.43,25,191.16,177,-14.16,0
e2-nio-100,binary,100,bot_92,3537,b,26,31.27,25,201.86,198,-3.86,0
e2-nio-100,binary,100,bot_92,3537,b,28,23.49,25,228.48,221,-7.48,0
e2-nio-100,binary,100,bot_92,3537,b,30,60.39,25,185.48,228,42.52,0
e2-nio-100,binary,100,bot_92,3537,b,32,74.58,25,217.58,237,19.42,0
e2-nio-100,binary,100,bot_92,3537,b,34,66.19,25,234.86,275,40.14,0
e2-nio-100,binary,100,bot_92,3537,b,36,62.55,25,242.8,266,23.2,0
e2-nio-100,binary,100,bot_92,3537,b,38,41.83,25,229.87,234,4.13,0
e2-nio-100,binary,100,bot_92,3537,b,40,70.33,25,123.74,119,-4.74,0
e2-nio-100,binary,100,bot_92,3537,b,42,70.19,25,177.5,212,34.5,0
e2-nio-100,binary,100,bot_92,3537,b,44,53.26,25,141.52,154,12.48,0
e2-nio-100,binary,100,bot_92,3537,b,46,63.76,25,166.64,178,11.36,0
e2-nio-100,binary,100,bot_92,3537,b,48,38.77,25,111.59,110,-1.59,0
e2-nio-100,binary,100,bot_92,3537,b,50,48.5,25,154.33,140,-14.33,0
e2-nio-100,binary,100,bot_92,3537,b,52,41.89,25,189.72,181,-8.72,0
e2-nio-100,binary,100,bot_92,3537,b,54,36.57,25,162.29,147,-15.29,0
e2-nio-100,binary,100,bot_92,3537,b,56,23.44,25,180.03,156,-24.03,0
e2-nio-100,binary,100,bot_92,3537,b,58,20.08,25,196.23,168,-28.23,0
e2-nio-100,binary,100,bot_92,3537,b,60,73.99,25,163.77,130,-33.77,0
e2-nio-100,binary,100,bot_93,3538,w,1,66.74,25,91.25,132,40.75,0
e2-nio-100,binary,100,bot_93,3538,w,3,59.51,25,91.28,107,15.72,0
e2-nio-100,binary,100,bot_93,3538,w,5,51.88,25,80.41,91,10.59,0
e2-nio-100,binary,100,bot_93,3538,w,7,52.72,25,112.4,127,14.6,0
e2-nio-100,binary,100,bot_93,3538,w,9,60.83,25,155.79,170,14.21,0
e2-nio-100,binary,100,bot_93,3538,w,11,35.67,25,126.5,131,4.5,0
e2-nio-100,binary,100,bot_93,3538,w,13,32.02,25,147.16,144,-3.16,0
e2-nio-100,binary,100,bot_93,3538,w,15,40.35,25,175.59,167,-8.59,0
e2-nio-100,binary,100,bot_93,3538,w,17,33.94,25,148.08,140,-8.08,0
e2-nio-100,binary,100,bot_93,3538,w,19,31.67,25,159.12,150,-9.12,0
e2-nio-100,binary,100,bot_93,3538,w,21,21.74,25,180,178,-2,0
e2-nio-100,binary,100,bot_93,3538,w,23,22.64,25,192.93,174,-18.93,0
e2-nio-100,binary,100,bot_93,3538,w,25,28.9,25,204.29,193,-11.29,0
e2-nio-100,binary,100,bot_93,3538,w,27,81.51,25,231.62,214,-17.62,0
e2-nio-100,binary,100,bot_93,3538,w,29,58.4,25,187.05,208,20.95,0
e2-nio-100,binary,100,bot_93,3538,w,31,69.17,25,222.96,237,14.04,0
e2-nio-100,binary,100,bot_93,3538,w,33,60.86,25,240.23,273,32.77,0
e2-nio-100,binary,100,bot_93,3538,w,35,59.05,25,246.28,262,15.72,0
e2-nio-100,binary,100,bot_93,3538,w,37,40.2,25,231.58,229,-2.58,0
e2-nio-100,binary,100,bot_93,3538,w,39,68.78,25,125.25,115,-10.25,0
e2-nio-100,binary,100,bot_93,3538,w,41,69.71,25,177.79,208,30.21,0
e2-nio-100,binary,100,bot_93,3538,w,43,49.62,25,145.29,154,8.71,0
e2-nio-100,binary,100,bot_93,3538,w,45,58.99,25,171.48,179,7.52,0
e2-nio-100,binary,100,bot_93,3538,w,47,35.14,25,115.33,109,-6.33,0
e2-nio-100,binary,100,bot_93,3538,w,49,43.43,25,159.49,141,-18.49,0
e2-nio-100,binary,100,bot_93,3538,w,51,36,25,195.69,184,-11.69,0
e2-nio-100,binary,100,bot_93,3538,w,53,30.02,25,168.89,150,-18.89,0
e2-nio-100,binary,100,bot_93,3538,w,55,16.59,25,187.02,157,-30.02,0
e2-nio-100,binary,100,bot_93,3538,w,57,12.93,25,203.53,169,-34.53,0
e2-nio-100,binary,100,bot_93,3538,w,59,60.78,25,67.44,137,69.56,0
e2-nio-100,binary,100,bot_94,3538,b,2,54.07,25,89.79,119,29.21,0
e2-nio-100,binary,100,bot_94,3538,b,4,48.34,25,94.61,116,21.39,0
e2-nio-100,binary,100,bot_94,3538,b,6,52.94,25,110.99,125,14.01,0
e2-nio-100,binary,100,bot_94,3538,b,8,51.23,25,131.93,146,14.07,0
e2-nio-100,binary,100,bot_94,3538,b,10,42.63,25,143.07,166,22.93,0
e2-nio-100,binary,100,bot_94,3538,b,12,34.77,25,149.54,148,-1.54,0
e2-nio-100,binary,100,bot_94,3538,b,14,28.49,25,138.04,133,-5.04,0
e2-nio-100,binary,100,bot_94,3538,b,16,30.19,25,192.48,196,3.52,0
e2-nio-100,binary,100,bot_94,3538,b,18,30.81,25,162.09,156,-6.09,0
e2-nio-100,binary,100,bot_94,3538,b,20,37.95,25,162.03,154,-8.03,0
e2-nio-100,binary,100,bot_94,3538,b,22,20.55,25,195.55,177,-18.55,0
e2-nio-100,binary,100,bot_94,3538,b,24,28.96,25,165.15,148,-17.15,0
e2-nio-100,binary,100,bot_94,3538,b,26,24.09,25,178.1,167,-11.1,0
e2-nio-100,binary,100,bot_94,3538,b,28,62.68,25,165.93,208,42.07,0
e2-nio-100,binary,100,bot_94,3538,b,30,54.16,25,175.45,194,18.55,0
e2-nio-100,binary,100,bot_94,3538,b,32,73.43,25,178.07,207,28.93,0
e2-nio-100,binary,100,bot_94,3538,b,34,56.25,25,231.72,253,21.28,0
e2-nio-100,binary,100,bot_94,3538,b,36,37.25,25,209.21,228,18.79,0
e2-nio-100,binary,100,bot_94,3538,b,38,35.61,25,186.88,188,1.12,0
e2-nio-100,binary,100,bot_94,3538,b,40,75.51,25,143.5,166,22.5,0
e2-nio-100,binary,100,bot_94,3538,b,42,54.36,25,157.39,181,23.61,0
e2-nio-100,binary,100,bot_94,3538,b,44,53.28,25,170.78,175,4.22,0
e2-nio-100,binary,100,bot_94,3538,b,46,40.21,25,166.82,180,13.18,0
e2-nio-100,binary,100,bot_94,3538,b,48,28.13,25,157.69,147,-10.69,0
e2-nio-100,binary,100,bot_94,3538,b,50,35.16,25,168.68,166,-2.68,0
e2-nio-100,binary,100,bot_94,3538,b,52,27.2,25,207.19,197,-10.19,0
e2-nio-100,binary,100,bot_94,3538,b,54,15.94,25,179.13,163,-16.13,0
e2-nio-100,binary,100,bot_94,3538,b,56,11.93,25,205.67,175,-30.67,0
e2-nio-100,binary,100,bot_94,3538,b,58,115.89,25,197.02,165,-32.02,0
e2-nio-100,binary,100,bot_94,3538,b,60,78.89,25,96.58,112,15.42,0
e2-nio-100,binary,100,bot_95,3539,w,1,57.55,25,86.87,129,42.13,0
e2-nio-100,binary,100,bot_95,3539,w,3,51.42,25,91.72,117,25.28,0
e2-nio-100,binary,100,bot_95,3539,w,5,65.38,25,98.57,114,15.43,0
e2-nio-100,binary,100,bot_95,3539,w,7,56.44,25,126.51,145,18.49,0
e2-nio-100,binary,100,bot_95,3539,w,9,53.67,25,132.64,159,26.36,0
e2-nio-100,binary,100,bot_95,3539,w,11,46.38,25,137.16,139,1.84,0
e2-nio-100,binary,100,bot_95,3539,w,13,36.44,25,130.31,128,-2.31,0
e2-nio-100,binary,100,bot_95,3539,w,15,42.96,25,181.05,188,6.95,0
e2-nio-100,binary,100,bot_95,3539,w,17,28.06,25,164.77,167,2.23,0
e2-nio-100,binary,100,bot_95,3539,w,19,31.76,25,168.34,157,-11.34,0
e2-nio-100,binary,100,bot_95,3539,w,21,17.2,25,198.94,179,-19.94,0
e2-nio-100,binary,100,bot_95,3539,w,23,25.46,25,168.66,148,-20.66,0
e2-nio-100,binary,100,bot_95,3539,w,25,92.19,25,181.54,165,-16.54,0
e2-nio-100,binary,100,bot_95,3539,w,27,59.72,25,168.64,184,15.36,0
e2-nio-100,binary,100,bot_95,3539,w,29,52.13,25,177.44,193,15.56,0
e2-nio-100,binary,100,bot_95,3539,w,31,70.27,25,181.29,206,24.71,0
e2-nio-100,binary,100,bot_95,3539,w,33,53.69,25,234.35,253,18.65,0
e2-nio-100,binary,100,bot_95,3539,w,35,35.4,25,210.98,228,17.02,0
e2-nio-100,binary,100,bot_95,3539,w,37,32.93,25,189.5,187,-2.5,0
e2-nio-100,binary,100,bot_95,3539,w,39,74.13,25,144.83,164,19.17,0
e2-nio-100,binary,100,bot_95,3539,w,41,52.2,25,159.54,180,20.46,0
e2-nio-100,binary,100,bot_95,3539,w,43,51.15,25,172.88,173,0.12,0
e2-nio-100,binary,100,bot_95,3539,w,45,37.67,25,169.25,178,8.75,0
e2-nio-100,binary,100,bot_95,3539,w,47,26.7,25,159.1,146,-13.1,0
e2-nio-100,binary,100,bot_95,3539,w,49,32.26,25,171.73,163,-8.73,0
e2-nio-100,binary,100,bot_95,3539,w,51,25.42,25,208.98,198,-10.98,0
e2-nio-100,binary,100,bot_95,3539,w,53,11.75,25,183.23,163,-20.23,0
e2-nio-100,binary,100,bot_95,3539,w,55,9.33,25,208.6,176,-32.6,0
e2-nio-100,binary,100,bot_95,3539,w,57,107.31,25,89,168,79,0
e2-nio-100,binary,100,bot_95,3539,w,59,75.78,25,99.83,110,10.17,0
e2-nio-100,binary,100,bot_96,3539,b,2,64.02,25,86.74,106,19.26,0
e2-nio-100,binary,100,bot_96,3539,b,4,54.22,25,77.59,90,12.41,0
e2-nio-100,binary,100,bot_96,3539,b,6,57.4,25,107.58,134,26.42,0
e2-nio-100,binary,100,bot_96,3539,b,8,65.69,25,151.02,167,15.98,0
e2-nio-100,binary,100,bot_96,3539,b,10,40.77,25,121.48,137,15.52,0
e2-nio-100,binary,100,bot_96,3539,b,12,36.91,25,142.51,150,7.49,0
e2-nio-100,binary,100,bot_96,3539,b,14,46.87,25,168.03,166,-2.03,0
e2-nio-100,binary,100,bot_96,3539,b,16,43.37,25,140,144,4,0
e2-nio-100,binary,100,bot_96,3539,b,18,30.42,25,160.52,148,-12.52,0
e2-nio-100,binary,100,bot_96,3539,b,20,20.31,25,180.97,172,-8.97,0
e2-nio-100,binary,100,bot_96,3539,b,22,20.51,25,194.95,171,-23.95,0
e2-nio-100,binary,100,bot_96,3539,b,24,24.51,25,208.94,194,-14.94,0
e2-nio-100,binary,100,bot_96,3539,b,26,56.71,25,184.87,235,50.13,0
e2-nio-100,binary,100,bot_96,3539,b,28,56.36,25,189.12,209,19.88,0
e2-nio-100,binary,100,bot_96,3539,b,30,65.44,25,226.74,239,12.26,0
e2-nio-100,binary,100,bot_96,3539,b,32,60.4,25,240.54,270,29.46,0
e2-nio-100,binary,100,bot_96,3539,b,34,58.98,25,246.21,260,13.79,0
e2-nio-100,binary,100,bot_96,3539,b,36,37.94,25,234.18,229,-5.18,0
e2-nio-100,binary,100,bot_96,3539,b,38,66.78,25,127.34,113,-14.34,0
e2-nio-100,binary,100,bot_96,3539,b,40,67.03,25,180.15,208,27.85,0
e2-nio-100,binary,100,bot_96,3539,b,42,47.33,25,147.89,153,5.11,0
e2-nio-100,binary,100,bot_96,3539,b,44,56.05,25,174.6,179,4.4,0
e2-nio-100,binary,100,bot_96,3539,b,46,33.58,25,116.99,108,-8.99,0
e2-nio-100,binary,100,bot_96,3539,b,48,39.42,25,163.63,143,-20.63,0
e2-nio-100,binary,100,bot_96,3539,b,50,35.97,25,195.57,181,-14.57,0
e2-nio-100,binary,100,bot_96,3539,b,52,26.91,25,172.09,150,-22.09,0
e2-nio-100,binary,100,bot_96,3539,b,54,14.75,25,189.22,154,-35.22,0
e2-nio-100,binary,100,bot_96,3539,b,56,126.32,25,206.73,169,-37.73,0
e2-nio-100,binary,100,bot_96,3539,b,58,57.24,25,70.7,131,60.3,0
e2-nio-100,binary,100,bot_96,3539,b,60,79.1,25,104.83,135,30.17,0
e2-nio-100,binary,100,bot_97,3540,w,1,65.96,25,84.75,113,28.25,0
e2-nio-100,binary,100,bot_97,3540,w,3,57.04,25,74.3,87,12.7,0
e2-nio-100,binary,100,bot_97,3540,w,5,60.47,25,104.41,137,32.59,0
e2-nio-100,binary,100,bot_97,3540,w,7,69.87,25,147.16,171,23.84,0
e2-nio-100,binary,100,bot_97,3540,w,9,48.67,25,113.53,132,18.47,0
e2-nio-100,binary,100,bot_97,3540,w,11,41.25,25,138.26,150,11.74,0
e2-nio-100,binary,100,bot_97,3540,w,13,51.64,25,162.6,163,0.4,0
e2-nio-100,binary,100,bot_97,3540,w,15,51,25,133.2,142,8.8,0
e2-nio-100,binary,100,bot_97,3540,w,17,26.19,25,164.85,147,-17.85,0
e2-nio-100,binary,100,bot_97,3540,w,19,17.46,25,183.73,169,-14.73,0
e2-nio-100,binary,100,bot_97,3540,w,21,17.54,25,197.94,173,-24.94,0
e2-nio-100,binary,100,bot_97,3540,w,23,81.4,25,213.36,192,-21.36,0
e2-nio-100,binary,100,bot_97,3540,w,25,55.72,25,184.95,209,24.05,0
e2-nio-100,binary,100,bot_97,3540,w,27,54.49,25,191,204,13,0
e2-nio-100,binary,100,bot_97,3540,w,29,59.09,25,233.07,240,6.93,0
e2-nio-100,binary,100,bot_97,3540,w,31,55.09,25,245.87,270,24.13,0
e2-nio-100,binary,100,bot_97,3540,w,33,54.33,25,250.87,258,7.13,0
e2-nio-100,binary,100,bot_97,3540,w,35,35.15,25,237.07,227,-10.07,0
e2-nio-100,binary,100,bot_97,3540,w,37,63.82,25,130.27,110,-20.27,0
e2-nio-100,binary,100,bot_97,3540,w,39,65.55,25,181.51,205,23.49,0
e2-nio-100,binary,100,bot_97,3540,w,41,44.71,25,150.54,152,1.46,0
e2-nio-100,binary,100,bot_97,3540,w,43,51.95,25,178.73,179,0.27,0
e2-nio-100,binary,100,bot_97,3540,w,45,30.78,25,119.8,106,-13.8,0
e2-nio-100,binary,100,bot_97,3540,w,47,35.39,25,167.67,143,-24.67,0
e2-nio-100,binary,100,bot_97,3540,w,49,32.24,25,199.33,182,-17.33,0
e2-nio-100,binary,100,bot_97,3540,w,51,23.3,25,175.74,152,-23.74,0
e2-nio-100,binary,100,bot_97,3540,w,53,12.23,25,191.88,154,-37.88,0
e2-nio-100,binary,100,bot_97,3540,w,55,113.26,25,99.9,179,79.1,0
e2-nio-100,binary,100,bot_97,3540,w,57,54.11,25,73.8,131,57.2,0
e2-nio-100,binary,100,bot_97,3540,w,59,76.76,25,107.19,134,26.81,0
e2-nio-100,binary,100,bot_98,3540,b,2,53.07,25,90.52,120,29.48,0
e2-nio-100,binary,100,bot_98,3540,b,4,73.2,25,90.88,110,19.12,0
e2-nio-100,binary,100,bot_98,3540,b,6,65.84,25,116.97,139,22.03,0
e2-nio-100,binary,100,bot_98,3540,b,8,59.12,25,127.42,159,31.58,0
e2-nio-100,binary,100,bot_98,3540,b,10,53.6,25,129.73,141,11.27,0
e2-nio-100,binary,100,bot_98,3540,b,12,42.16,25,124.86,128,3.14,0
e2-nio-100,binary,100,bot_98,3540,b,14,50.18,25,174.32,188,13.68,0
e2-nio-100,binary,100,bot_98,3540,b,16,24.95,25,167.67,178,10.33,0
e2-nio-100,binary,100,bot_98,3540,b,18,27.15,25,173.1,159,-14.1,0
e2-nio-100,binary,100,bot_98,3540,b,20,17.08,25,198.99,176,-22.99,0
e2-nio-100,binary,100,bot_98,3540,b,22,20.96,25,173.18,150,-23.18,0
e2-nio-100,binary,100,bot_98,3540,b,24,66.76,25,146.7,189,42.3,0
e2-nio-100,binary,100,bot_98,3540,b,26,55.14,25,173.47,189,15.53,0
e2-nio-100,binary,100,bot_98,3540,b,28,49.14,25,180.43,195,14.57,0
e2-nio-100,binary,100,bot_98,3540,b,30,65.93,25,185.67,206,20.33,0
e2-nio-100,binary,100,bot_98,3540,b,32,49.06,25,239.04,254,14.96,0
e2-nio-100,binary,100,bot_98,3540,b,34,32.67,25,213.41,228,14.59,0
e2-nio-100,binary,100,bot_98,3540,b,36,29.31,25,192.95,189,-3.95,0
e2-nio-100,binary,100,bot_98,3540,b,38,71.97,25,147.06,165,17.94,0
e2-nio-100,binary,100,bot_98,3540,b,40,49.81,25,161.99,182,20.01,0
e2-nio-100,binary,100,bot_98,3540,b,42,48.37,25,175.65,175,-0.65,0
e2-nio-100,binary,100,bot_98,3540,b,44,34.15,25,172.43,178,5.57,0
e2-nio-100,binary,100,bot_98,3540,b,46,24.75,25,161.04,147,-14.04,0
e2-nio-100,binary,100,bot_98,3540,b,48,29.97,25,174.34,164,-10.34,0
e2-nio-100,binary,100,bot_98,3540,b,50,24.11,25,210.22,196,-14.22,0
e2-nio-100,binary,100,bot_98,3540,b,52,10.41,25,184.23,163,-21.23,0
e2-nio-100,binary,100,bot_98,3540,b,54,127.81,25,209.98,176,-33.98,0
e2-nio-100,binary,100,bot_98,3540,b,56,105.78,25,90.26,158,67.74,0
e2-nio-100,binary,100,bot_98,3540,b,58,74.29,25,101.54,110,8.46,0
e2-nio-100,binary,100,bot_98,3540,b,60,75.94,25,104.86,136,31.14,0
e2-nio-100,binary,100,bot_99,3541,w,1,55.18,25,88.54,130,41.46,0
e2-nio-100,binary,100,bot_99,3541,w,3,81.02,25,83.11,108,24.89,0
e2-nio-100,binary,100,bot_99,3541,w,5,73.18,25,109.07,141,31.93,0
e2-nio-100,binary,100,bot_99,3541,w,7,64.23,25,122.83,163,40.17,0
e2-nio-100,binary,100,bot_99,3541,w,9,58.51,25,123.87,145,21.13,0
e2-nio-100,binary,100,bot_99,3541,w,11,47.35,25,120.42,135,14.58,0
e2-nio-100,binary,100,bot_99,3541,w,13,58.74,25,166.55,191,24.45,0
e2-nio-100,binary,100,bot_99,3541,w,15,24.2,25,168.33,192,23.67,0
e2-nio-100,binary,100,bot_99,3541,w,17,25.61,25,174.64,161,-13.64,0
e2-nio-100,binary,100,bot_99,3541,w,19,15.22,25,200.84,179,-21.84,0
e2-nio-100,binary,100,bot_99,3541,w,21,85.87,25,175.79,154,-21.79,0
e2-nio-100,binary,100,bot_99,3541,w,23,64.19,25,149,169,20,0
e2-nio-100,binary,100,bot_99,3541,w,25,53,25,175.68,190,14.32,0
e2-nio-100,binary,100,bot_99,3541,w,27,46.73,25,182.83,198,15.17,0
e2-nio-100,binary,100,bot_99,3541,w,29,63.19,25,188.43,208,19.57,0
e2-nio-100,binary,100,bot_99,3541,w,31,46.65,25,241.43,256,14.57,0
e2-nio-100,binary,100,bot_99,3541,w,33,30.86,25,215.12,230,14.88,0
e2-nio-100,binary,100,bot_99,3541,w,35,26.99,25,195.24,192,-3.24,0
e2-nio-100,binary,100,bot_99,3541,w,37,71.75,25,147.26,163,15.74,0
e2-nio-100,binary,100,bot_99,3541,w,39,47.66,25,164.13,182,17.87,0
e2-nio-100,binary,100,bot_99,3541,w,41,46.64,25,177.37,175,-2.37,0
e2-nio-100,binary,100,bot_99,3541,w,43,32.09,25,174.38,177,2.62,0
e2-nio-100,binary,100,bot_99,3541,w,45,22.9,25,162.91,146,-16.91,0
e2-nio-100,binary,100,bot_99,3541,w,47,25.93,25,178.45,163,-15.45,0
e2-nio-100,binary,100,bot_99,3541,w,49,20.55,25,213.73,195,-18.73,0
e2-nio-100,binary,100,bot_99,3541,w,51,8.36,25,186.16,160,-26.16,0
e2-nio-100,binary,100,bot_99,3541,w,53,118.69,25,101.23,185,83.77,0
e2-nio-100,binary,100,bot_99,3541,w,55,103.07,25,92.97,159,66.03,0
e2-nio-100,binary,100,bot_99,3541,w,57,71.59,25,104.32,113,8.68,0
e2-nio-100,binary,100,bot_99,3541,w,59,71.52,25,109.38,139,29.63,0
e2-nio-100,binary,100,bot_100,3541,b,2,59.93,25,71.18,90,18.82,0
e2-nio-100,binary,100,bot_100,3541,b,4,65.67,25,99.17,143,43.83,0
e2-nio-100,binary,100,bot_100,3541,b,6,76.05,25,141.34,177,35.66,0
e2-nio-100,binary,100,bot_100,3541,b,8,57.24,25,105.04,134,28.96,0
e2-nio-100,binary,100,bot_100,3541,b,10,48.86,25,130.88,153,22.12,0
e2-nio-100,binary,100,bot_100,3541,b,12,59.86,25,153.83,165,11.17,0
e2-nio-100,binary,100,bot_100,3541,b,14,60.8,25,124.49,146,21.51,0
e2-nio-100,binary,100,bot_100,3541,b,16,24.69,25,166.64,152,-14.64,0
e2-nio-100,binary,100,bot_100,3541,b,18,16.23,25,184.65,172,-12.65,0
e2-nio-100,binary,100,bot_100,3541,b,20,16.12,25,199.38,176,-23.38,0
e2-nio-100,binary,100,bot_100,3541,b,22,58.45,25,169.08,217,47.92,0
e2-nio-100,binary,100,bot_100,3541,b,24,52.37,25,187.93,214,26.07,0
e2-nio-100,binary,100,bot_100,3541,b,26,52.84,25,192.6,207,14.4,0
e2-nio-100,binary,100,bot_100,3541,b,28,57.52,25,234.6,243,8.4,0
e2-nio-100,binary,100,bot_100,3541,b,30,53.11,25,247.84,273,25.16,0
e2-nio-100,binary,100,bot_100,3541,b,32,52.16,25,253.07,261,7.93,0
e2-nio-100,binary,100,bot_100,3541,b,34,33.49,25,239.05,230,-9.05,0
e2-nio-100,binary,100,bot_100,3541,b,36,61.34,25,132.74,113,-19.74,0
e2-nio-100,binary,100,bot_100,3541,b,38,62.52,25,184.34,211,26.66,0
e2-nio-100,binary,100,bot_100,3541,b,40,41.71,25,153.76,156,2.24,0
e2-nio-100,binary,100,bot_100,3541,b,42,47.97,25,182.88,183,0.12,0
e2-nio-100,binary,100,bot_100,3541,b,44,27.71,25,122.94,109,-13.94,0
e2-nio-100,binary,100,bot_100,3541,b,46,29.55,25,173.51,151,-22.51,0
e2-nio-100,binary,100,bot_100,3541,b,48,27.09,25,204.61,184,-20.61,0
e2-nio-100,binary,100,bot_100,3541,b,50,19.9,25,179.21,154,-25.21,0
e2-nio-100,binary,100,bot_100,3541,b,52,128.42,25,193.88,157,-36.88,0
e2-nio-100,binary,100,bot_100,3541,b,54,111.1,25,101.98,175,73.02,0
e2-nio-100,binary,100,bot_100,3541,b,56,52.97,25,74.72,132,57.28,0
e2-nio-100,binary,100,bot_100,3541,b,58,74.85,25,109.09,135,25.91,0
e2-nio-100,binary,100,bot_100,3541,b,60,80.08,25,116.9,144,27.1,0
e2-nio-100,binary,100,bot_101,3542,w,1,60.68,25,70.76,101,30.24,0
e2-nio-100,binary,100,bot_101,3542,w,3,66.5,25,98.27,144,45.73,0
e2-nio-100,binary,100,bot_101,3542,w,5,77.85,25,139.55,179,39.45,0
e2-nio-100,binary,100,bot_101,3542,w,7,57.21,25,105.19,136,30.81,0
e2-nio-100,binary,100,bot_101,3542,w,9,50.79,25,129.03,150,20.97,0
e2-nio-100,binary,100,bot_101,3542,w,11,60.91,25,152.51,163,10.49,0
e2-nio-100,binary,100,bot_101,3542,w,13,62.75,25,122.98,145,22.02,0
e2-nio-100,binary,100,bot_101,3542,w,15,22.46,25,168.96,150,-18.96,0
e2-nio-100,binary,100,bot_101,3542,w,17,14.45,25,186.32,169,-17.32,0
e2-nio-100,binary,100,bot_101,3542,w,19,68.71,25,201.49,175,-26.49,0
e2-nio-100,binary,100,bot_101,3542,w,21,55.63,25,171.46,197,25.54,0
e2-nio-100,binary,100,bot_101,3542,w,23,50.3,25,189.99,211,21.01,0
e2-nio-100,binary,100,bot_101,3542,w,25,49.66,25,195.77,207,11.23,0
e2-nio-100,binary,100,bot_101,3542,w,27,54.47,25,237.68,242,4.32,0
e2-nio-100,binary,100,bot_101,3542,w,29,48.99,25,252,274,22,0
e2-nio-100,binary,100,bot_101,3542,w,31,49.03,25,256.22,261,4.78,0
e2-nio-100,binary,100,bot_101,3542,w,33,30.99,25,241.68,230,-11.68,0
e2-nio-100,binary,100,bot_101,3542,w,35,59.08,25,134.95,114,-20.95,0
e2-nio-100,binary,100,bot_101,3542,w,37,57.77,25,189.04,212,22.96,0
e2-nio-100,binary,100,bot_101,3542,w,39,38.59,25,157.03,155,-2.03,0
e2-nio-100,binary,100,bot_101,3542,w,41,42.55,25,188.36,186,-2.36,0
e2-nio-100,binary,100,bot_101,3542,w,43,24.48,25,126.21,110,-16.21,0
e2-nio-100,binary,100,bot_101,3542,w,45,24.46,25,178.65,153,-25.65,0
e2-nio-100,binary,100,bot_101,3542,w,47,20.16,25,211.65,188,-23.65,0
e2-nio-100,binary,100,bot_101,3542,w,49,13.93,25,185.27,157,-28.27,0
e2-nio-100,binary,100,bot_101,3542,w,51,112.29,25,105.08,170,64.92,0
e2-nio-100,binary,100,bot_101,3542,w,53,105.25,25,108.62,179,70.38,0
e2-nio-100,binary,100,bot_101,3542,w,55,50.21,25,77.48,133,55.52,0
e2-nio-100,binary,100,bot_101,3542,w,57,69.53,25,114.61,139,24.39,0
e2-nio-100,binary,100,bot_101,3542,w,59,77.67,25,119.32,145,25.68,0
e2-nio-100,binary,100,bot_102,3542,b,2,83.39,25,80.71,105,24.29,0
e2-nio-100,binary,100,bot_102,3542,b,4,78.06,25,104.07,133,28.93,0
e2-nio-100,binary,100,bot_102,3542,b,6,67.88,25,119.21,160,40.79,0
e2-nio-100,binary,100,bot_102,3542,b,8,59.4,25,122.79,142,19.21,0
e2-nio-100,binary,100,bot_102,3542,b,10,48.48,25,119.38,132,12.62,0
e2-nio-100,binary,100,bot_102,3542,b,12,60.46,25,164.93,189,24.07,0
e2-nio-100,binary,100,bot_102,3542,b,14,20.85,25,171.48,193,21.52,0
e2-nio-100,binary,100,bot_102,3542,b,16,23.35,25,177.13,158,-19.12,0
e2-nio-100,binary,100,bot_102,3542,b,18,13.4,25,202.65,176,-26.65,0
e2-nio-100,binary,100,bot_102,3542,b,20,66.32,25,141.32,170,28.68,0
e2-nio-100,binary,100,bot_102,3542,b,22,60.89,25,152.51,169,16.49,0
e2-nio-100,binary,100,bot_102,3542,b,24,50.66,25,177.91,188,10.09,0
e2-nio-100,binary,100,bot_102,3542,b,26,45.19,25,184.41,193,8.59,0
e2-nio-100,binary,100,bot_102,3542,b,28,61.16,25,190.39,204,13.61,0
e2-nio-100,binary,100,bot_102,3542,b,30,44.3,25,243.71,251,7.29,0
e2-nio-100,binary,100,bot_102,3542,b,32,28.97,25,216.74,225,8.26,0
e2-nio-100,binary,100,bot_102,3542,b,34,25.14,25,196.92,188,-8.92,0
e2-nio-100,binary,100,bot_102,3542,b,36,69.93,25,149.21,161,11.79,0
e2-nio-100,binary,100,bot_102,3542,b,38,45.14,25,166.58,178,11.42,0
e2-nio-100,binary,100,bot_102,3542,b,40,44.92,25,178.9,171,-7.9,0
e2-nio-100,binary,100,bot_102,3542,b,42,30.11,25,175.98,171,-4.98,0
e2-nio-100,binary,100,bot_102,3542,b,44,21.38,25,164.31,143,-21.31,0
e2-nio-100,binary,100,bot_102,3542,b,46,24.44,25,180.06,158,-22.06,0
e2-nio-100,binary,100,bot_102,3542,b,48,18.88,25,215.14,189,-26.14,0
e2-nio-100,binary,100,bot_102,3542,b,50,112.11,25,187.14,154,-33.14,0
e2-nio-100,binary,100,bot_102,3542,b,52,117.2,25,102.57,168,65.43,0
e2-nio-100,binary,100,bot_102,3542,b,54,101.47,25,93.6,152,58.4,0
e2-nio-100,binary,100,bot_102,3542,b,56,71.58,25,104.35,107,2.65,0
e2-nio-100,binary,100,bot_102,3542,b,58,71.22,25,109.54,132,22.46,0
e2-nio-100,binary,100,bot_102,3542,b,60,47.27,25,98.42,132,33.58,0
e2-nio-100,binary,100,bot_103,3543,w,1,87,25,76.67,111,34.33,0
e2-nio-100,binary,100,bot_103,3543,w,3,82.5,25,99.57,136,36.43,0
e2-nio-100,binary,100,bot_103,3543,w,5,77.55,25,109.52,164,54.48,0
e2-nio-100,binary,100,bot_103,3543,w,7,65.2,25,117.26,146,28.74,0
e2-nio-100,binary,100,bot_103,3543,w,9,55.46,25,112.96,139,26.04,0
e2-nio-100,binary,100,bot_103,3543,w,11,73.02,25,152.99,187,34.01,0
e2-nio-100,binary,100,bot_103,3543,w,13,17.82,25,174.46,208,33.54,0
e2-nio-100,binary,100,bot_103,3543,w,15,21.14,25,179.38,163,-16.38,0
e2-nio-100,binary,100,bot_103,3543,w,17,97.59,25,204.55,180,-24.55,0
e2-nio-100,binary,100,bot_103,3543,w,19,63.73,25,143.58,159,15.42,0
e2-nio-100,binary,100,bot_103,3543,w,21,57.94,25,155.55,173,17.45,0
e2-nio-100,binary,100,bot_103,3543,w,23,48.61,25,179.82,191,11.18,0
e2-nio-100,binary,100,bot_103,3543,w,25,44.03,25,185.58,195,9.42,0
e2-nio-100,binary,100,bot_103,3543,w,27,58.96,25,192.59,207,14.41,0
e2-nio-100,binary,100,bot_103,3543,w,29,41.62,25,246.4,255,8.6,0
e2-nio-100,binary,100,bot_103,3543,w,31,26.89,25,218.74,228,9.26,0
e2-nio-100,binary,100,bot_103,3543,w,33,22.15,25,199.9,193,-6.9,0
e2-nio-100,binary,100,bot_103,3543,w,35,67.06,25,152.21,165,12.79,0
e2-nio-100,binary,100,bot_103,3543,w,37,41.01,25,170.72,181,10.28,0
e2-nio-100,binary,100,bot_103,3543,w,39,40.81,25,183.04,176,-7.04,0
e2-nio-100,binary,100,bot_103,3543,w,41,27.37,25,178.63,173,-5.63,0
e2-nio-100,binary,100,bot_103,3543,w,43,19.06,25,166.65,145,-21.65,0
e2-nio-100,binary,100,bot_103,3543,w,45,18.89,25,185.75,164,-21.75,0
e2-nio-100,binary,100,bot_103,3543,w,47,14.43,25,219.66,192,-27.66,0
e2-nio-100,binary,100,bot_103,3543,w,49,102.24,25,74.54,163,88.46,0
e2-nio-100,binary,100,bot_103,3543,w,51,111.64,25,108.01,172,63.99,0
e2-nio-100,binary,100,bot_103,3543,w,53,97.47,25,97.64,156,58.36,0
e2-nio-100,binary,100,bot_103,3543,w,55,67.17,25,108.88,114,5.12,0
e2-nio-100,binary,100,bot_103,3543,w,57,66.88,25,114,136,22,0
e2-nio-100,binary,100,bot_103,3543,w,59,45.11,25,100.47,132,31.53,0
e2-nio-100,binary,100,bot_104,3543,b,2,72.38,25,92.72,150,57.28,0
e2-nio-100,binary,100,bot_104,3543,b,4,89.49,25,127.85,181,53.15,0
e2-nio-100,binary,100,bot_104,3543,b,6,64.24,25,98.13,147,48.87,0
e2-nio-100,binary,100,bot_104,3543,b,8,60.52,25,119.3,154,34.7,0
e2-nio-100,binary,100,bot_104,3543,b,10,69.2,25,143.7,170,26.3,0
e2-nio-100,binary,100,bot_104,3543,b,12,70.62,25,116.3,160,43.7,0
e2-nio-100,binary,100,bot_104,3543,b,14,22.02,25,169.54,153,-16.54,0
e2-nio-100,binary,100,bot_104,3543,b,16,13.56,25,186.89,173,-13.89,0
e2-nio-100,binary,100,bot_104,3543,b,18,54,25,130.55,194,63.45,0
e2-nio-100,binary,100,bot_104,3543,b,20,54.33,25,172.49,201,28.51,0
e2-nio-100,binary,100,bot_104,3543,b,22,50.08,25,190.48,212,21.52,0
e2-nio-100,binary,100,bot_104,3543,b,24,47.73,25,197.71,212,14.29,0
e2-nio-100,binary,100,bot_104,3543,b,26,52.61,25,239.53,249,9.47,0
e2-nio-100,binary,100,bot_104,3543,b,28,47.35,25,253.66,279,25.34,0
e2-nio-100,binary,100,bot_104,3543,b,30,46.79,25,258.49,266,7.51,0
e2-nio-100,binary,100,bot_104,3543,b,32,30.14,25,242.8,234,-8.8,0
e2-nio-100,binary,100,bot_104,3543,b,34,57.87,25,135.95,116,-19.95,0
e2-nio-100,binary,100,bot_104,3543,b,36,55.05,25,191.48,217,25.52,0
e2-nio-100,binary,100,bot_104,3543,b,38,36.97,25,158.95,157,-1.95,0
e2-nio-100,binary,100,bot_104,3543,b,40,39.56,25,191.34,189,-2.34,0
e2-nio-100,binary,100,bot_104,3543,b,42,23.36,25,127.32,113,-14.32,0
e2-nio-100,binary,100,bot_104,3543,b,44,22.82,25,180.3,158,-22.3,0
e2-nio-100,binary,100,bot_104,3543,b,46,17.4,25,214.44,191,-23.44,0
e2-nio-100,binary,100,bot_104,3543,b,48,133.15,25,188.09,161,-27.09,0
e2-nio-100,binary,100,bot_104,3543,b,50,110.03,25,107.51,168,60.49,0
e2-nio-100,binary,100,bot_104,3543,b,52,103.13,25,111.09,181,69.91,0
e2-nio-100,binary,100,bot_104,3543,b,54,48.92,25,78.46,134,55.54,0
e2-nio-100,binary,100,bot_104,3543,b,56,67.18,25,117.09,141,23.91,0
e2-nio-100,binary,100,bot_104,3543,b,58,75.56,25,121.32,146,24.68,0
e2-nio-100,binary,100,bot_104,3543,b,60,63.32,25,121.71,126,4.29,0
e2-nio-100,binary,100,bot_105,3544,w,1,72.84,25,92.48,155,62.52,0
e2-nio-100,binary,100,bot_105,3544,w,3,90.81,25,126.8,176,49.2,0
e2-nio-100,binary,100,bot_105,3544,w,5,64.78,25,98.22,143,44.78,0
e2-nio-100,binary,100,bot_105,3544,w,7,61.54,25,118.23,152,33.77,0
e2-nio-100,binary,100,bot_105,3544,w,9,70.03,25,142.64,166,23.36,0
e2-nio-100,binary,100,bot_105,3544,w,11,71.72,25,115.68,157,41.32,0
e2-nio-100,binary,100,bot_105,3544,w,13,20.56,25,171.04,149,-22.04,0
e2-nio-100,binary,100,bot_105,3544,w,15,84.16,25,188.33,170,-18.33,0
e2-nio-100,binary,100,bot_105,3544,w,17,52.78,25,131.36,177,45.64,0
e2-nio-100,binary,100,bot_105,3544,w,19,51.74,25,174.99,198,23.01,0
e2-nio-100,binary,100,bot_105,3544,w,21,48.65,25,191.85,208,16.15,0
e2-nio-100,binary,100,bot_105,3544,w,23,45.14,25,200.24,208,7.76,0
e2-nio-100,binary,100,bot_105,3544,w,25,49.71,25,242.37,246,3.63,0
e2-nio-100,binary,100,bot_105,3544,w,27,44.97,25,255.94,271,15.06,0
e2-nio-100,binary,100,bot_105,3544,w,29,44.13,25,261.07,258,-3.07,0
e2-nio-100,binary,100,bot_105,3544,w,31,27.6,25,245.38,230,-15.38,0
e2-nio-100,binary,100,bot_105,3544,w,33,55.63,25,138.06,111,-27.06,0
e2-nio-100,binary,100,bot_105,3544,w,35,50.96,25,195.44,213,17.56,0
e2-nio-100,binary,100,bot_105,3544,w,37,35.71,25,160.24,152,-8.24,0
e2-nio-100,binary,100,bot_105,3544,w,39,36.69,25,194.17,183,-11.17,0
e2-nio-100,binary,100,bot_105,3544,w,41,21.85,25,128.8,106,-22.8,0
e2-nio-100,binary,100,bot_105,3544,w,43,20.92,25,182.19,155,-27.19,0
e2-nio-100,binary,100,bot_105,3544,w,45,14.21,25,217.62,188,-29.62,0
e2-nio-100,binary,100,bot_105,3544,w,47,121.05,25,108.49,167,58.51,0
e2-nio-100,binary,100,bot_105,3544,w,49,107.92,25,109.51,165,55.49,0
e2-nio-100,binary,100,bot_105,3544,w,51,100.62,25,113.7,176,62.3,0
e2-nio-100,binary,100,bot_105,3544,w,53,47.1,25,80.16,129,48.84,0
e2-nio-100,binary,100,bot_105,3544,w,55,63.7,25,120.49,137,16.51,0
e2-nio-100,binary,100,bot_105,3544,w,57,73.43,25,123.34,139,15.66,0
e2-nio-100,binary,100,bot_105,3544,w,59,60.1,25,125,120,-5,0
e2-nio-100,binary,100,bot_106,3544,b,2,83.33,25,98.73,139,40.27,0
e2-nio-100,binary,100,bot_106,3544,b,4,79.78,25,106.99,165,58.01,0
e2-nio-100,binary,100,bot_106,3544,b,6,68.32,25,114.11,145,30.89,0
e2-nio-100,binary,100,bot_106,3544,b,8,57.25,25,111.21,140,28.79,0
e2-nio-100,binary,100,bot_106,3544,b,10,75.62,25,150.45,188,37.55,0
e2-nio-100,binary,100,bot_106,3544,b,12,15.64,25,176.51,211,34.49,0
e2-nio-100,binary,100,bot_106,3544,b,14,19.51,25,181.04,165,-16.04,0
e2-nio-100,binary,100,bot_106,3544,b,16,84.09,25,146.68,193,46.32,0
e2-nio-100,binary,100,bot_106,3544,b,18,60.46,25,147,163,16,0
e2-nio-100,binary,100,bot_106,3544,b,20,53.59,25,160.14,175,14.86,0
e2-nio-100,binary,100,bot_106,3544,b,22,45.43,25,183.05,194,10.95,0
e2-nio-100,binary,100,bot_106,3544,b,24,41.94,25,187.81,196,8.19,0
e2-nio-100,binary,100,bot_106,3544,b,26,52.81,25,198.9,212,13.1,0
e2-nio-100,binary,100,bot_106,3544,b,28,35.71,25,252.54,260,7.46,0
e2-nio-100,binary,100,bot_106,3544,b,30,23.49,25,222.01,230,7.99,0
e2-nio-100,binary,100,bot_106,3544,b,32,18.33,25,203.78,194,-9.78,0
e2-nio-100,binary,100,bot_106,3544,b,34,62.94,25,156.65,169,12.35,0
e2-nio-100,binary,100,bot_106,3544,b,36,37.37,25,174.43,182,7.57,0
e2-nio-100,binary,100,bot_106,3544,b,38,35.82,25,188.17,181,-7.17,0
e2-nio-100,binary,100,bot_106,3544,b,40,23.08,25,182.72,175,-7.72,0
e2-nio-100,binary,100,bot_106,3544,b,42,16.83,25,168.92,147,-21.92,0
e2-nio-100,binary,100,bot_106,3544,b,44,15.33,25,189.66,167,-22.66,0
e2-nio-100,binary,100,bot_106,3544,b,46,102.83,25,223.42,194,-29.42,0
e2-nio-100,binary,100,bot_106,3544,b,48,100.2,25,76.75,153,76.25,0
e2-nio-100,binary,100,bot_106,3544,b,50,107.28,25,112.16,176,63.84,0
e2-nio-100,binary,100,bot_106,3544,b,52,94.55,25,100.62,158,57.38,0
e2-nio-100,binary,100,bot_106,3544,b,54,61.76,25,114.73,118,3.27,0
e2-nio-100,binary,100,bot_106,3544,b,56,61.37,25,119.77,140,20.23,0
e2-nio-100,binary,100,bot_106,3544,b,58,39.58,25,105.8,137,31.2,0
e2-nio-100,binary,100,bot_106,3544,b,60,64.13,25,118.7,135,16.3,0
e2-nio-100,binary,100,bot_107,3545,w,1,84.98,25,96.82,131,34.18,0
e2-nio-100,binary,100,bot_107,3545,w,3,84.06,25,102.86,152,49.14,0
e2-nio-100,binary,100,bot_107,3545,w,5,75.27,25,106.65,130,23.35,0
e2-nio-100,binary,100,bot_107,3545,w,7,65.07,25,103.81,126,22.19,0
e2-nio-100,binary,100,bot_107,3545,w,9,83.75,25,143.1,175,31.9,0
e2-nio-100,binary,100,bot_107,3545,w,11,14.07,25,178,207,29,0
e2-nio-100,binary,100,bot_107,3545,w,13,77.41,25,182.81,154,-28.81,0
e2-nio-100,binary,100,bot_107,3545,w,15,80.53,25,150.09,173,22.91,0
e2-nio-100,binary,100,bot_107,3545,w,17,57.59,25,149.92,154,4.08,0
e2-nio-100,binary,100,bot_107,3545,w,19,49.95,25,163.89,167,3.11,0
e2-nio-100,binary,100,bot_107,3545,w,21,42.08,25,186.47,186,-0.47,0
e2-nio-100,binary,100,bot_107,3545,w,23,39.6,25,190.21,187,-3.21,0
e2-nio-100,binary,100,bot_107,3545,w,25,48.08,25,203.74,205,1.26,0
e2-nio-100,binary,100,bot_107,3545,w,27,31.52,25,256.81,253,-3.81,0
e2-nio-100,binary,100,bot_107,3545,w,29,21.07,25,224.39,219,-5.39,0
e2-nio-100,binary,100,bot_107,3545,w,31,15.4,25,206.74,186,-20.74,0
e2-nio-100,binary,100,bot_107,3545,w,33,59.22,25,160.4,162,1.6,0
e2-nio-100,binary,100,bot_107,3545,w,35,35.29,25,176.53,172,-4.53,0
e2-nio-100,binary,100,bot_107,3545,w,37,33.21,25,190.78,172,-18.78,0
e2-nio-100,binary,100,bot_107,3545,w,39,21.25,25,184.45,164,-20.45,0
e2-nio-100,binary,100,bot_107,3545,w,41,15.31,25,170.39,136,-34.39,0
e2-nio-100,binary,100,bot_107,3545,w,43,14.83,25,190.15,154,-36.15,0
e2-nio-100,binary,100,bot_107,3545,w,45,88.92,25,105.67,195,89.33,0
e2-nio-100,binary,100,bot_107,3545,w,47,96.35,25,80.63,144,63.37,0
e2-nio-100,binary,100,bot_107,3545,w,49,100.48,25,119.08,171,51.92,0
e2-nio-100,binary,100,bot_107,3545,w,51,90.07,25,105.15,152,46.85,0
e2-nio-100,binary,100,bot_107,3545,w,53,56.65,25,120.11,112,-8.11,0
e2-nio-100,binary,100,bot_107,3545,w,55,55.53,25,125.37,132,6.63,0
e2-nio-100,binary,100,bot_107,3545,w,57,39.09,25,106.1,128,21.9,0
e2-nio-100,binary,100,bot_107,3545,w,59,59.96,25,122.76,128,5.24,0
e2-nio-100,binary,100,bot_108,3545,b,2,97.26,25,120.16,164,43.84,0
e2-nio-100,binary,100,bot_108,3545,b,4,71.34,25,91.85,134,42.15,0
e2-nio-100,binary,100,bot_108,3545,b,6,69.84,25,110.11,143,32.89,0
e2-nio-100,binary,100,bot_108,3545,b,8,79.27,25,132.94,155,22.06,0
e2-nio-100,binary,100,bot_108,3545,b,10,77.75,25,110.7,152,41.3,0
e2-nio-100,binary,100,bot_108,3545,b,12,19.58,25,172.13,143,-29.13,0
e2-nio-100,binary,100,bot_108,3545,b,14,71.1,25,141.79,176,34.21,0
e2-nio-100,binary,100,bot_108,3545,b,16,52.28,25,131.66,168,36.34,0
e2-nio-100,binary,100,bot_108,3545,b,18,49.86,25,176.62,191,14.38,0
e2-nio-100,binary,100,bot_108,3545,b,20,47.8,25,192.49,199,6.51,0
e2-nio-100,binary,100,bot_108,3545,b,22,43.86,25,201.32,200,-1.32,0
e2-nio-100,binary,100,bot_108,3545,b,24,48.77,25,243.08,240,-3.08,0
e2-nio-100,binary,100,bot_108,3545,b,26,43.44,25,257.22,262,4.78,0
e2-nio-100,binary,100,bot_108,3545,b,28,42.58,25,262.37,251,-11.37,0
e2-nio-100,binary,100,bot_108,3545,b,30,26.74,25,246.36,223,-23.36,0
e2-nio-100,binary,100,bot_108,3545,b,32,54.59,25,139.04,105,-34.04,0
e2-nio-100,binary,100,bot_108,3545,b,34,47.99,25,198.08,207,8.92,0
e2-nio-100,binary,100,bot_108,3545,b,36,33.81,25,162.33,148,-14.33,0
e2-nio-100,binary,100,bot_108,3545,b,38,33.26,25,197.6,181,-16.6,0
e2-nio-100,binary,100,bot_108,3545,b,40,19.15,25,131.53,104,-27.53,0
e2-nio-100,binary,100,bot_108,3545,b,42,17.74,25,185.52,152,-33.52,0
e2-nio-100,binary,100,bot_108,3545,b,44,143.04,25,220.6,186,-34.6,0
e2-nio-100,binary,100,bot_108,3545,b,46,117.86,25,112.27,152,39.73,0
e2-nio-100,binary,100,bot_108,3545,b,48,105,25,112.07,159,46.93,0
e2-nio-100,binary,100,bot_108,3545,b,50,99.37,25,115.2,165,49.8,0
e2-nio-100,binary,100,bot_108,3545,b,52,44.3,25,82.46,123,40.54,0
e2-nio-100,binary,100,bot_108,3545,b,54,59.38,25,124.68,131,6.32,0
e2-nio-100,binary,100,bot_108,3545,b,56,70.58,25,126.18,134,7.82,0
e2-nio-100,binary,100,bot_108,3545,b,58,54.94,25,130.46,121,-9.46,0
e2-nio-100,binary,100,bot_108,3545,b,60,54.3,25,124.84,136,11.16,0
e2-nio-100,binary,100,bot_109,3546,w,1,97.74,25,120.23,176,55.77,0
e2-nio-100,binary,100,bot_109,3546,w,3,71.98,25,90.96,135,44.04,0
e2-nio-100,binary,100,bot_109,3546,w,5,70.6,25,109.69,144,34.31,0
e2-nio-100,binary,100,bot_109,3546,w,7,80.52,25,131.36,158,26.64,0
e2-nio-100,binary,100,bot_109,3546,w,9,78.93,25,110.03,156,45.97,0
e2-nio-100,binary,100,bot_109,3546,w,11,74.06,25,173.89,143,-30.89,0
e2-nio-100,binary,100,bot_109,3546,w,13,68.75,25,143.7,159,15.3,0
e2-nio-100,binary,100,bot_109,3546,w,15,49.59,25,134.46,170,35.54,0
e2-nio-100,binary,100,bot_109,3546,w,17,43.92,25,182.61,197,14.39,0
e2-nio-100,binary,100,bot_109,3546,w,19,45.4,25,194.96,202,7.04,0
e2-nio-100,binary,100,bot_109,3546,w,21,40.92,25,204.25,200,-4.25,0
e2-nio-100,binary,100,bot_109,3546,w,23,45.23,25,246.58,241,-5.58,0
e2-nio-100,binary,100,bot_109,3546,w,25,43.03,25,257.45,256,-1.45,0
e2-nio-100,binary,100,bot_109,3546,w,27,37.71,25,267.2,249,-18.2,0
e2-nio-100,binary,100,bot_109,3546,w,29,22.09,25,250.57,224,-26.57,0
e2-nio-100,binary,100,bot_109,3546,w,31,52.25,25,141.38,103,-38.38,0
e2-nio-100,binary,100,bot_109,3546,w,33,44.08,25,201.89,207,5.11,0
e2-nio-100,binary,100,bot_109,3546,w,35,31.83,25,164.39,148,-16.39,0
e2-nio-100,binary,100,bot_109,3546,w,37,28.21,25,202.67,183,-19.67,0
e2-nio-100,binary,100,bot_109,3546,w,39,16.05,25,134.66,104,-30.66,0
e2-nio-100,binary,100,bot_109,3546,w,41,14.44,25,188.84,153,-35.84,0
e2-nio-100,binary,100,bot_109,3546,w,43,126.88,25,121.66,200,78.34,0
e2-nio-100,binary,100,bot_109,3546,w,45,111.53,25,118.88,158,39.12,0
e2-nio-100,binary,100,bot_109,3546,w,47,99.76,25,117.13,161,43.87,0
e2-nio-100,binary,100,bot_109,3546,w,49,94.63,25,120.28,168,47.72,0
e2-nio-100,binary,100,bot_109,3546,w,51,41.23,25,85.31,122,36.69,0
e2-nio-100,binary,100,bot_109,3546,w,53,55.38,25,128.7,135,6.3,0
e2-nio-100,binary,100,bot_109,3546,w,55,68.68,25,128,130,2,0
e2-nio-100,binary,100,bot_109,3546,w,57,52.55,25,132.93,124,-8.93,0
e2-nio-100,binary,100,bot_109,3546,w,59,51.93,25,127.3,139,11.7,0
e2-nio-100,binary,100,bot_110,3546,b,2,85.09,25,101.9,157,55.1,0
e2-nio-100,binary,100,bot_110,3546,b,4,76.62,25,105.2,134,28.8,0
e2-nio-100,binary,100,bot_110,3546,b,6,67.66,25,101.28,129,27.72,0
e2-nio-100,binary,100,bot_110,3546,b,8,86.49,25,140.44,178,37.56,0
e2-nio-100,binary,100,bot_110,3546,b,10,12.28,25,179.66,214,34.34,0
e2-nio-100,binary,100,bot_110,3546,b,12,58.38,25,146.1,175,28.9,0
e2-nio-100,binary,100,bot_110,3546,b,14,78.86,25,151.96,176,24.04,0
e2-nio-100,binary,100,bot_110,3546,b,16,57.6,25,149.66,155,5.34,0
e2-nio-100,binary,100,bot_110,3546,b,18,50.07,25,163.83,163,-0.83,0
e2-nio-100,binary,100,bot_110,3546,b,20,39.69,25,188.95,189,0.05,0
e2-nio-100,binary,100,bot_110,3546,b,22,37.57,25,192.38,188,-4.38,0
e2-nio-100,binary,100,bot_110,3546,b,24,41.54,25,210.75,210,-0.75,0
e2-nio-100,binary,100,bot_110,3546,b,26,26.03,25,262.45,260,-2.45,0
e2-nio-100,binary,100,bot_110,3546,b,28,17.78,25,228.05,221,-7.05,0
e2-nio-100,binary,100,bot_110,3546,b,30,11.37,25,210.72,189,-21.72,0
e2-nio-100,binary,100,bot_110,3546,b,32,54.89,25,164.91,168,3.09,0
e2-nio-100,binary,100,bot_110,3546,b,34,32.04,25,179.78,174,-5.78,0
e2-nio-100,binary,100,bot_110,3546,b,36,29.91,25,194.07,176,-18.07,0
e2-nio-100,binary,100,bot_110,3546,b,38,18.99,25,186.34,165,-21.34,0
e2-nio-100,binary,100,bot_110,3546,b,40,13.55,25,172.07,138,-34.07,0
e2-nio-100,binary,100,bot_110,3546,b,42,127.16,25,193.88,158,-35.88,0
e2-nio-100,binary,100,bot_110,3546,b,44,87.43,25,106.13,183,76.87,0
e2-nio-100,binary,100,bot_110,3546,b,46,92.46,25,83.95,145,61.05,0
e2-nio-100,binary,100,bot_110,3546,b,48,96.66,25,122.92,172,49.08,0
e2-nio-100,binary,100,bot_110,3546,b,50,86.17,25,108.94,155,46.06,0
e2-nio-100,binary,100,bot_110,3546,b,52,55.58,25,121.46,114,-7.46,0
e2-nio-100,binary,100,bot_110,3546,b,54,49.97,25,130.77,138,7.23,0
e2-nio-100,binary,100,bot_110,3546,b,56,37.89,25,106.96,129,22.04,0
e2-nio-100,binary,100,bot_110,3546,b,58,58.16,25,124.29,130,5.71,0
e2-nio-100,binary,100,bot_110,3546,b,60,51.69,25,117.81,121,3.19,0
e2-nio-100,binary,100,bot_111,3547,w,1,87.72,25,99.44,161,61.56,0
e2-nio-100,binary,100,bot_111,3547,w,3,85.39,25,95.86,126,30.14,0
e2-nio-100,binary,100,bot_111,3547,w,5,74.66,25,94.43,122,27.57,0
e2-nio-100,binary,100,bot_111,3547,w,7,96.99,25,130.65,170,39.35,0
e2-nio-100,binary,100,bot_111,3547,w,9,81.23,25,181.21,220,38.79,0
e2-nio-100,binary,100,bot_111,3547,w,11,56.39,25,147.47,153,5.53,0
e2-nio-100,binary,100,bot_111,3547,w,13,74.41,25,156.55,176,19.45,0
e2-nio-100,binary,100,bot_111,3547,w,15,53.16,25,154.04,152,-2.04,0
e2-nio-100,binary,100,bot_111,3547,w,17,45.51,25,168.49,159,-9.49,0
e2-nio-100,binary,100,bot_111,3547,w,19,36.06,25,192.59,186,-6.59,0
e2-nio-100,binary,100,bot_111,3547,w,21,34.82,25,195.24,187,-8.24,0
e2-nio-100,binary,100,bot_111,3547,w,23,37.16,25,215.15,212,-3.15,0
e2-nio-100,binary,100,bot_111,3547,w,25,25.37,25,263.01,254,-9.01,0
e2-nio-100,binary,100,bot_111,3547,w,27,14.97,25,230.78,216,-14.78,0
e2-nio-100,binary,100,bot_111,3547,w,29,9.12,25,212.96,185,-27.96,0
e2-nio-100,binary,100,bot_111,3547,w,31,51.76,25,168.09,165,-3.09,0
e2-nio-100,binary,100,bot_111,3547,w,33,30.03,25,181.78,170,-11.78,0
e2-nio-100,binary,100,bot_111,3547,w,35,26.29,25,197.68,175,-22.68,0
e2-nio-100,binary,100,bot_111,3547,w,37,18.76,25,186.36,158,-28.36,0
e2-nio-100,binary,100,bot_111,3547,w,39,11.88,25,173.72,134,-39.72,0
e2-nio-100,binary,100,bot_111,3547,w,41,126.78,25,194.3,154,-40.3,0
e2-nio-100,binary,100,bot_111,3547,w,43,86.89,25,106.45,177,70.55,0
e2-nio-100,binary,100,bot_111,3547,w,45,89.09,25,87.39,144,56.61,0
e2-nio-100,binary,100,bot_111,3547,w,47,93.21,25,126.4,172,45.6,0
e2-nio-100,binary,100,bot_111,3547,w,49,82.9,25,112.25,153,40.75,0
e2-nio-100,binary,100,bot_111,3547,w,51,52.88,25,124.25,110,-14.25,0
e2-nio-100,binary,100,bot_111,3547,w,53,46.75,25,134.02,135,0.98,0
e2-nio-100,binary,100,bot_111,3547,w,55,35.73,25,109.02,125,15.98,0
e2-nio-100,binary,100,bot_111,3547,w,57,55.03,25,127.34,126,-1.34,0
e2-nio-100,binary,100,bot_111,3547,w,59,48.75,25,120.71,119,-1.71,0
e2-nio-100,binary,100,bot_112,3547,b,2,78.24,25,84.88,117,32.12,0
e2-nio-100,binary,100,bot_112,3547,b,4,75.42,25,105.06,135,29.94,0
e2-nio-100,binary,100,bot_112,3547,b,6,88.59,25,123.06,144,20.94,0
e2-nio-100,binary,100,bot_112,3547,b,8,85.95,25,104.16,147,42.84,0
e2-nio-100,binary,100,bot_112,3547,b,10,53.87,25,124.37,151,26.63,0
e2-nio-100,binary,100,bot_112,3547,b,12,67.28,25,144.92,148,3.08,0
e2-nio-100,binary,100,bot_112,3547,b,14,46.83,25,137.35,157,19.65,0
e2-nio-100,binary,100,bot_112,3547,b,16,38.39,25,188,187,-1,0
e2-nio-100,binary,100,bot_112,3547,b,18,42.55,25,197.85,190,-7.85,0
e2-nio-100,binary,100,bot_112,3547,b,20,38.79,25,206.32,188,-18.32,0
e2-nio-100,binary,100,bot_112,3547,b,22,44.94,25,246.62,228,-18.62,0
e2-nio-100,binary,100,bot_112,3547,b,24,39.66,25,260.84,245,-15.84,0
e2-nio-100,binary,100,bot_112,3547,b,26,33.9,25,270.94,242,-28.94,0
e2-nio-100,binary,100,bot_112,3547,b,28,19.36,25,253.51,214,-39.51,0
e2-nio-100,binary,100,bot_112,3547,b,30,49.36,25,144.17,96,-48.17,0
e2-nio-100,binary,100,bot_112,3547,b,32,40.83,25,204.86,200,-4.86,0
e2-nio-100,binary,100,bot_112,3547,b,34,30.1,25,166.42,139,-27.42,0
e2-nio-100,binary,100,bot_112,3547,b,36,25.18,25,205.91,175,-30.91,0
e2-nio-100,binary,100,bot_112,3547,b,38,13.33,25,137.44,98,-39.44,0
e2-nio-100,binary,100,bot_112,3547,b,40,12.08,25,191.37,146,-45.37,0
e2-nio-100,binary,100,bot_112,3547,b,42,123.51,25,125.34,195,69.66,0
e2-nio-100,binary,100,bot_112,3547,b,44,109.91,25,120.57,151,30.43,0
e2-nio-100,binary,100,bot_112,3547,b,46,98.42,25,118.17,151,32.83,0
e2-nio-100,binary,100,bot_112,3547,b,48,93.28,25,121.94,158,36.06,0
e2-nio-100,binary,100,bot_112,3547,b,50,39.27,25,86.98,112,25.02,0
e2-nio-100,binary,100,bot_112,3547,b,52,53.89,25,130.24,127,-3.24,0
e2-nio-100,binary,100,bot_112,3547,b,54,65.63,25,130.94,125,-5.94,0
e2-nio-100,binary,100,bot_112,3547,b,56,47.9,25,137.83,120,-17.83,0
e2-nio-100,binary,100,bot_112,3547,b,58,49.27,25,130.2,132,1.8,0
e2-nio-100,binary,100,bot_112,3547,b,60,34.7,25,116.21,113,-3.21,0
e2-nio-100,binary,100,bot_113,3548,w,1,79.29,25,84.26,131,46.74,0
e2-nio-100,binary,100,bot_113,3548,w,3,76.06,25,104.16,137,32.84,0
e2-nio-100,binary,100,bot_113,3548,w,5,91.53,25,119.92,141,21.08,0
e2-nio-100,binary,100,bot_113,3548,w,7,88.36,25,102.21,147,44.79,0
e2-nio-100,binary,100,bot_113,3548,w,9,51.43,25,126.6,143,16.4,0
e2-nio-100,binary,100,bot_113,3548,w,11,65.46,25,146.64,149,2.36,0
e2-nio-100,binary,100,bot_113,3548,w,13,45.33,25,138.77,158,19.23,0
e2-nio-100,binary,100,bot_113,3548,w,15,35.74,25,190.76,189,-1.76,0
e2-nio-100,binary,100,bot_113,3548,w,17,40.32,25,200.13,191,-9.13,0
e2-nio-100,binary,100,bot_113,3548,w,19,35.7,25,209.49,192,-17.49,0
e2-nio-100,binary,100,bot_113,3548,w,21,39.49,25,252.13,233,-19.13,0
e2-nio-100,binary,100,bot_113,3548,w,23,34.18,25,266.34,248,-18.34,0
e2-nio-100,binary,100,bot_113,3548,w,25,28.73,25,276.18,247,-29.18,0
e2-nio-100,binary,100,bot_113,3548,w,27,18.38,25,254.57,214,-40.57,0
e2-nio-100,binary,100,bot_113,3548,w,29,46.14,25,147.39,100,-47.39,0
e2-nio-100,binary,100,bot_113,3548,w,31,35.79,25,210.14,204,-6.14,0
e2-nio-100,binary,100,bot_113,3548,w,33,25.61,25,171.05,144,-27.05,0
e2-nio-100,binary,100,bot_113,3548,w,35,20.44,25,210.72,179,-31.72,0
e2-nio-100,binary,100,bot_113,3548,w,37,10.26,25,140.52,100,-40.52,0
e2-nio-100,binary,100,bot_113,3548,w,39,118.73,25,194.85,149,-45.85,0
e2-nio-100,binary,100,bot_113,3548,w,41,117.76,25,130.84,186,55.16,0
e2-nio-100,binary,100,bot_113,3548,w,43,104.09,25,126.4,153,26.6,0
e2-nio-100,binary,100,bot_113,3548,w,45,94.88,25,121.44,150,28.56,0
e2-nio-100,binary,100,bot_113,3548,w,47,90.81,25,126.92,158,31.08,0
e2-nio-100,binary,100,bot_113,3548,w,49,36.7,25,89.26,111,21.74,0
e2-nio-100,binary,100,bot_113,3548,w,51,50.29,25,133.83,126,-7.83,0
e2-nio-100,binary,100,bot_113,3548,w,53,61.61,25,134.91,123,-11.91,0
e2-nio-100,binary,100,bot_113,3548,w,55,45.4,25,140.4,120,-20.4,0
e2-nio-100,binary,100,bot_113,3548,w,57,46.84,25,132.7,131,-1.7,0
e2-nio-100,binary,100,bot_113,3548,w,59,33.05,25,117.78,111,-6.78,0
e2-nio-100,binary,100,bot_114,3548,b,2,86.89,25,94.4,131,36.6,0
e2-nio-100,binary,100,bot_114,3548,b,4,75.57,25,93.59,126,32.41,0
e2-nio-100,binary,100,bot_114,3548,b,6,98.89,25,128.85,176,47.15,0
e2-nio-100,binary,100,bot_114,3548,b,8,69.29,25,127.76,229,101.24,0
e2-nio-100,binary,100,bot_114,3548,b,10,55.33,25,148.51,148,-0.51,0
e2-nio-100,binary,100,bot_114,3548,b,12,72.48,25,158.74,171,12.26,0
e2-nio-100,binary,100,bot_114,3548,b,14,51.47,25,155.96,149,-6.96,0
e2-nio-100,binary,100,bot_114,3548,b,16,43.8,25,170.19,153,-17.19,0
e2-nio-100,binary,100,bot_114,3548,b,18,35.16,25,193.4,180,-13.4,0
e2-nio-100,binary,100,bot_114,3548,b,20,33.85,25,196.23,179,-17.23,0
e2-nio-100,binary,100,bot_114,3548,b,22,34.86,25,217.39,203,-14.39,0
e2-nio-100,binary,100,bot_114,3548,b,24,22.73,25,265.49,247,-18.49,0
e2-nio-100,binary,100,bot_114,3548,b,26,13.31,25,232.2,208,-24.2,0
e2-nio-100,binary,100,bot_114,3548,b,28,8.12,25,213.69,179,-34.69,0
e2-nio-100,binary,100,bot_114,3548,b,30,50.35,25,169.63,159,-10.62,0
e2-nio-100,binary,100,bot_114,3548,b,32,28.91,25,182.3,162,-20.3,0
e2-nio-100,binary,100,bot_114,3548,b,34,24.46,25,199.4,168,-31.4,0
e2-nio-100,binary,100,bot_114,3548,b,36,15.6,25,189.06,152,-37.06,0
e2-nio-100,binary,100,bot_114,3548,b,38,10.06,25,175.49,129,-46.49,0
e2-nio-100,binary,100,bot_114,3548,b,40,112.54,25,99.16,162,62.84,0
e2-nio-100,binary,100,bot_114,3548,b,42,82.95,25,109.92,170,60.08,0
e2-nio-100,binary,100,bot_114,3548,b,44,84.51,25,92.4,140,47.6,0
e2-nio-100,binary,100,bot_114,3548,b,46,87.32,25,132.38,170,37.62,0
e2-nio-100,binary,100,bot_114,3548,b,48,78.25,25,114.6,150,35.4,0
e2-nio-100,binary,100,bot_114,3548,b,50,48.51,25,129.02,109,-20.02,0
e2-nio-100,binary,100,bot_114,3548,b,52,40.1,25,140.51,134,-6.51,0
e2-nio-100,binary,100,bot_114,3548,b,54,33.45,25,111.03,121,9.97,0
e2-nio-100,binary,100,bot_114,3548,b,56,51.13,25,131.05,123,-8.05,0
e2-nio-100,binary,100,bot_114,3548,b,58,45.93,25,123.46,118,-5.46,0
e2-nio-100,binary,100,bot_114,3548,b,60,40.09,25,108.42,88,-20.42,0
e2-nio-100,binary,100,bot_115,3549,w,1,91.76,25,90.94,127,36.06,0
e2-nio-100,binary,100,bot_115,3549,w,3,79.42,25,90.12,119,28.88,0
e2-nio-100,binary,100,bot_115,3549,w,5,104.01,25,124.09,171,46.91,0
e2-nio-100,binary,100,bot_115,3549,w,7,67.77,25,129.15,229,99.85,0
e2-nio-100,binary,100,bot_115,3549,w,9,53.96,25,149.9,143,-6.9,0
e2-nio-100,binary,100,bot_115,3549,w,11,69.86,25,161.43,167,5.57,0
e2-nio-100,binary,100,bot_115,3549,w,13,48.73,25,158.77,145,-13.77,0
e2-nio-100,binary,100,bot_115,3549,w,15,39.94,25,174.1,148,-26.1,0
e2-nio-100,binary,100,bot_115,3549,w,17,33,25,195.58,175,-20.58,0
e2-nio-100,binary,100,bot_115,3549,w,19,29.98,25,200.14,176,-24.14,0
e2-nio-100,binary,100,bot_115,3549,w,21,31.02,25,221.25,198,-23.25,0
e2-nio-100,binary,100,bot_115,3549,w,23,20.23,25,267.98,238,-29.98,0
e2-nio-100,binary,100,bot_115,3549,w,25,12.82,25,232.51,200,-32.51,0
e2-nio-100,binary,100,bot_115,3549,w,27,5.93,25,215.82,172,-43.82,0
e2-nio-100,binary,100,bot_115,3549,w,29,47.08,25,172.98,156,-16.98,0
e2-nio-100,binary,100,bot_115,3549,w,31,25.76,25,185.32,158,-27.32,0
e2-nio-100,binary,100,bot_115,3549,w,33,21.37,25,202.5,165,-37.5,0
e2-nio-100,binary,100,bot_115,3549,w,35,11.56,25,193.06,153,-40.06,0
e2-nio-100,binary,100,bot_115,3549,w,37,93.4,25,177.4,126,-51.4,0
e2-nio-100,binary,100,bot_115,3549,w,39,108.54,25,102.96,152,49.04,0
e2-nio-100,binary,100,bot_115,3549,w,41,78.93,25,113.75,168,54.25,0
e2-nio-100,binary,100,bot_115,3549,w,43,80.84,25,96.31,136,39.69,0
e2-nio-100,binary,100,bot_115,3549,w,45,82.94,25,136.75,166,29.25,0
e2-nio-100,binary,100,bot_115,3549,w,47,73.46,25,119.28,143,23.72,0
e2-nio-100,binary,100,bot_115,3549,w,49,43.4,25,134.31,106,-28.31,0
e2-nio-100,binary,100,bot_115,3549,w,51,34.38,25,145.89,132,-13.89,0
e2-nio-100,binary,100,bot_115,3549,w,53,31.11,25,113.24,114,0.76,0
e2-nio-100,binary,100,bot_115,3549,w,55,46.52,25,135.56,122,-13.56,0
e2-nio-100,binary,100,bot_115,3549,w,57,42.26,25,127.03,114,-13.03,0
e2-nio-100,binary,100,bot_115,3549,w,59,35.51,25,113.08,86,-27.08,0
e2-nio-100,binary,100,bot_116,3549,b,2,79.93,25,99.98,155,55.02,0
e2-nio-100,binary,100,bot_116,3549,b,4,97.95,25,113.23,155,41.77,0
e2-nio-100,binary,100,bot_116,3549,b,6,159.27,25,97.91,164,66.09,0
e2-nio-100,binary,100,bot_116,3549,b,8,50.69,25,127.42,146,18.58,0
e2-nio-100,binary,100,bot_116,3549,b,10,63.88,25,148.22,154,5.78,0
e2-nio-100,binary,100,bot_116,3549,b,12,43.16,25,140.74,162,21.26,0
e2-nio-100,binary,100,bot_116,3549,b,14,32.32,25,194.2,194,-0.2,0
e2-nio-100,binary,100,bot_116,3549,b,16,38.8,25,201.69,193,-8.69,0
e2-nio-100,binary,100,bot_116,3549,b,18,34.04,25,211.2,196,-15.2,0
e2-nio-100,binary,100,bot_116,3549,b,20,35.16,25,256.47,238,-18.47,0
e2-nio-100,binary,100,bot_116,3549,b,22,29.07,25,271.51,253,-18.51,0
e2-nio-100,binary,100,bot_116,3549,b,24,24.53,25,280.56,253,-27.56,0
e2-nio-100,binary,100,bot_116,3549,b,26,14.27,25,259.09,223,-36.09,0
e2-nio-100,binary,100,bot_116,3549,b,28,43.46,25,149.96,103,-46.96,0
e2-nio-100,binary,100,bot_116,3549,b,30,32.72,25,213.7,208,-5.7,0
e2-nio-100,binary,100,bot_116,3549,b,32,23.75,25,172.97,147,-25.97,0
e2-nio-100,binary,100,bot_116,3549,b,34,18.45,25,212.72,181,-31.72,0
e2-nio-100,binary,100,bot_116,3549,b,36,9.43,25,141.48,100,-41.48,0
e2-nio-100,binary,100,bot_116,3549,b,38,108.86,25,119.93,160,40.07,0
e2-nio-100,binary,100,bot_116,3549,b,40,114.01,25,134.62,190,55.38,0
e2-nio-100,binary,100,bot_116,3549,b,42,99.44,25,131.05,157,25.95,0
e2-nio-100,binary,100,bot_116,3549,b,44,89.09,25,126.8,156,29.2,0
e2-nio-100,binary,100,bot_116,3549,b,46,83.95,25,134.44,163,28.56,0
e2-nio-100,binary,100,bot_116,3549,b,48,31.88,25,93.74,115,21.26,0
e2-nio-100,binary,100,bot_116,3549,b,50,45.54,25,138.75,129,-9.75,0
e2-nio-100,binary,100,bot_116,3549,b,52,56.57,25,139.92,124,-15.92,0
e2-nio-100,binary,100,bot_116,3549,b,54,42.25,25,143.92,124,-19.92,0
e2-nio-100,binary,100,bot_116,3549,b,56,43.06,25,136.72,132,-4.72,0
e2-nio-100,binary,100,bot_116,3549,b,58,29.72,25,121,112,-9,0
e2-nio-100,binary,100,bot_116,3549,b,60,27.63,25,111.67,97,-14.67,0
e2-nio-100,binary,100,bot_117,3550,w,1,81.81,25,98.12,160,61.88,0
e2-nio-100,binary,100,bot_117,3550,w,3,107.8,25,103.42,142,38.58,0
e2-nio-100,binary,100,bot_117,3550,w,5,85.85,25,92.06,160,67.94,0
e2-nio-100,binary,100,bot_117,3550,w,7,76.77,25,110.33,156,45.67,0
e2-nio-100,binary,100,bot_117,3550,w,9,88.03,25,118.03,157,38.97,0
e2-nio-100,binary,100,bot_117,3550,w,11,73.57,25,141.77,173,31.23,0
e2-nio-100,binary,100,bot_117,3550,w,13,97.08,25,134.73,159,24.27,0
e2-nio-100,binary,100,bot_117,3550,w,15,81.73,25,170.16,198,27.84,0
e2-nio-100,binary,100,bot_117,3550,w,17,75.09,25,173.39,191,17.61,0
e2-nio-100,binary,100,bot_117,3550,w,19,75.34,25,187.39,201,13.61,0
e2-nio-100,binary,100,bot_117,3550,w,21,62.09,25,237.86,237,-0.86,0
e2-nio-100,binary,100,bot_117,3550,w,23,61.5,25,237.82,245,7.18,0
e2-nio-100,binary,100,bot_117,3550,w,25,40.85,25,216.43,206,-10.43,0
e2-nio-100,binary,100,bot_117,3550,w,27,41.17,25,152.18,226,73.82,0
e2-nio-100,binary,100,bot_117,3550,w,29,28.32,25,218.07,210,-8.07,0
e2-nio-100,binary,100,bot_117,3550,w,31,21.3,25,175.41,147,-28.41,0
e2-nio-100,binary,100,bot_117,3550,w,33,14.59,25,216.58,183,-33.58,0
e2-nio-100,binary,100,bot_117,3550,w,35,102.68,25,143.43,102,-41.43,0
e2-nio-100,binary,100,bot_117,3550,w,37,105.9,25,122.29,155,32.71,0
e2-nio-100,binary,100,bot_117,3550,w,39,107.74,25,140.87,192,51.13,0
e2-nio-100,binary,100,bot_117,3550,w,41,91.02,25,139.41,158,18.59,0
e2-nio-100,binary,100,bot_117,3550,w,43,79.05,25,136.35,159,22.65,0
e2-nio-100,binary,100,bot_117,3550,w,45,73.11,25,145.8,168,22.2,0
e2-nio-100,binary,100,bot_117,3550,w,47,26.03,25,99.28,115,15.72,0
e2-nio-100,binary,100,bot_117,3550,w,49,38.4,25,146,130,-16,0
e2-nio-100,binary,100,bot_117,3550,w,51,52.87,25,143.54,120,-23.54,0
e2-nio-100,binary,100,bot_117,3550,w,53,40.04,25,146.24,126,-20.24,0
e2-nio-100,binary,100,bot_117,3550,w,55,40.32,25,139.53,134,-5.53,0
e2-nio-100,binary,100,bot_117,3550,w,57,24.83,25,125.83,115,-10.83,0
e2-nio-100,binary,100,bot_117,3550,w,59,24.98,25,114.2,97,-17.2,0
e2-nio-100,binary,100,bot_118,3550,b,2,83.3,25,85.66,130,44.34,0
e2-nio-100,binary,100,bot_118,3550,b,4,113.13,25,114.9,185,70.1,0
e2-nio-100,binary,100,bot_118,3550,b,6,89.48,25,109.32,157,47.68,0
e2-nio-100,binary,100,bot_118,3550,b,8,83.74,25,115.51,153,37.49,0
e2-nio-100,binary,100,bot_118,3550,b,10,75.3,25,140.99,190,49.01,0
e2-nio-100,binary,100,bot_118,3550,b,12,69.03,25,122.71,157,34.29,0
e2-nio-100,binary,100,bot_118,3550,b,14,72.22,25,130.39,189,58.61,0
e2-nio-100,binary,100,bot_118,3550,b,16,61.27,25,164.22,207,42.78,0
e2-nio-100,binary,100,bot_118,3550,b,18,57.36,25,171.54,208,36.46,0
e2-nio-100,binary,100,bot_118,3550,b,20,42.76,25,211.82,248,36.18,0
e2-nio-100,binary,100,bot_118,3550,b,22,51.69,25,241.06,265,23.94,0
e2-nio-100,binary,100,bot_118,3550,b,24,33.62,25,240.62,264,23.38,0
e2-nio-100,binary,100,bot_118,3550,b,26,124.04,25,188.83,192,3.17,0
e2-nio-100,binary,100,bot_118,3550,b,28,42.76,25,177.63,173,-4.63,0
e2-nio-100,binary,100,bot_118,3550,b,30,21.76,25,189.38,172,-17.38,0
e2-nio-100,binary,100,bot_118,3550,b,32,16.78,25,207.12,183,-24.12,0
e2-nio-100,binary,100,bot_118,3550,b,34,8.7,25,195.69,164,-31.69,0
e2-nio-100,binary,100,bot_118,3550,b,36,82.96,25,93.79,152,58.21,0
e2-nio-100,binary,100,bot_118,3550,b,38,101.17,25,110.89,171,60.11,0
e2-nio-100,binary,100,bot_118,3550,b,40,68.47,25,123.82,185,61.18,0
e2-nio-100,binary,100,bot_118,3550,b,42,73.79,25,104.11,150,45.89,0
e2-nio-100,binary,100,bot_118,3550,b,44,73.3,25,146.4,181,34.6,0
e2-nio-100,binary,100,bot_118,3550,b,46,65.69,25,126.91,155,28.09,0
e2-nio-100,binary,100,bot_118,3550,b,48,34.85,25,143.27,124,-19.27,0
e2-nio-100,binary,100,bot_118,3550,b,50,24.48,25,155.17,148,-7.17,0
e2-nio-100,binary,100,bot_118,3550,b,52,28.48,25,115.62,124,8.38,0
e2-nio-100,binary,100,bot_118,3550,b,54,42.22,25,139.67,134,-5.67,0
e2-nio-100,binary,100,bot_118,3550,b,56,37.7,25,131.41,127,-4.41,0
e2-nio-100,binary,100,bot_118,3550,b,58,30.97,25,117.89,98,-19.89,0
e2-nio-100,binary,100,bot_118,3550,b,60,18.37,25,118.25,98,-20.25,0
e2-nio-100,binary,100,bot_119,3551,w,1,87.3,25,82.52,121,38.48,0
e2-nio-100,binary,100,bot_119,3551,w,3,114.35,25,113.63,171,57.38,0
e2-nio-100,binary,100,bot_119,3551,w,5,91.16,25,107.95,146,38.05,0
e2-nio-100,binary,100,bot_119,3551,w,7,85.47,25,113.71,141,27.29,0
e2-nio-100,binary,100,bot_119,3551,w,9,78.5,25,137.73,178,40.27,0
e2-nio-100,binary,100,bot_119,3551,w,11,71.63,25,119.66,145,25.34,0
e2-nio-100,binary,100,bot_119,3551,w,13,74.06,25,128.33,176,47.67,0
e2-nio-100,binary,100,bot_119,3551,w,15,62.79,25,162.83,196,33.17,0
e2-nio-100,binary,100,bot_119,3551,w,17,59.54,25,169.3,197,27.7,0
e2-nio-100,binary,100,bot_119,3551,w,19,45.13,25,209.49,238,28.51,0
e2-nio-100,binary,100,bot_119,3551,w,21,54.05,25,238.56,252,13.44,0
e2-nio-100,binary,100,bot_119,3551,w,23,36.19,25,238.25,252,13.75,0
e2-nio-100,binary,100,bot_119,3551,w,25,127.02,25,186.59,180,-6.59,0
e2-nio-100,binary,100,bot_119,3551,w,27,40.55,25,179.96,167,-12.96,0
e2-nio-100,binary,100,bot_119,3551,w,29,18.23,25,192.92,165,-27.92,0
e2-nio-100,binary,100,bot_119,3551,w,31,14.04,25,209.94,176,-33.94,0
e2-nio-100,binary,100,bot_119,3551,w,33,76.84,25,197.63,157,-40.62,0
e2-nio-100,binary,100,bot_119,3551,w,35,79.01,25,97.09,136,38.91,0
e2-nio-100,binary,100,bot_119,3551,w,37,95.67,25,116.59,165,48.41,0
e2-nio-100,binary,100,bot_119,3551,w,39,62.94,25,129.11,177,47.89,0
e2-nio-100,binary,100,bot_119,3551,w,41,67.48,25,110.74,144,33.26,0
e2-nio-100,binary,100,bot_119,3551,w,43,66.2,25,153.56,174,20.44,0
e2-nio-100,binary,100,bot_119,3551,w,45,58.05,25,134.58,147,12.42,0
e2-nio-100,binary,100,bot_119,3551,w,47,26.25,25,152.17,118,-34.17,0
e2-nio-100,binary,100,bot_119,3551,w,49,15.32,25,164.2,139,-25.2,0
e2-nio-100,binary,100,bot_119,3551,w,51,25.59,25,118.41,116,-2.41,0
e2-nio-100,binary,100,bot_119,3551,w,53,38.04,25,143.77,130,-13.77,0
e2-nio-100,binary,100,bot_119,3551,w,55,33.07,25,135.98,123,-12.98,0
e2-nio-100,binary,100,bot_119,3551,w,57,25.88,25,123.09,93,-30.09,0
e2-nio-100,binary,100,bot_119,3551,w,59,17.57,25,118.99,90,-28.99,0
e2-nio-100,binary,100,bot_120,3551,b,2,109.2,25,101.99,146,44.01,0
e2-nio-100,binary,100,bot_120,3551,b,4,87.44,25,90.44,161,70.56,0
e2-nio-100,binary,100,bot_120,3551,b,6,77.78,25,109.27,158,48.73,0
e2-nio-100,binary,100,bot_120,3551,b,8,89.66,25,116.49,158,41.51,0
e2-nio-100,binary,100,bot_120,3551,b,10,74.63,25,140.74,177,36.26,0
e2-nio-100,binary,100,bot_120,3551,b,12,98.77,25,133.16,162,28.84,0
e2-nio-100,binary,100,bot_120,3551,b,14,83.48,25,168.47,200,31.53,0
e2-nio-100,binary,100,bot_120,3551,b,16,77.61,25,170.9,191,20.1,0
e2-nio-100,binary,100,bot_120,3551,b,18,77.34,25,185.33,203,17.67,0
e2-nio-100,binary,100,bot_120,3551,b,20,62.46,25,237.49,240,2.51,0
e2-nio-100,binary,100,bot_120,3551,b,22,63.73,25,235.63,246,10.37,0
e2-nio-100,binary,100,bot_120,3551,b,24,43.84,25,213.38,207,-6.38,0
e2-nio-100,binary,100,bot_120,3551,b,26,39.99,25,153.14,230,76.86,0
e2-nio-100,binary,100,bot_120,3551,b,28,25.38,25,220.74,212,-8.74,0
e2-nio-100,binary,100,bot_120,3551,b,30,20.01,25,176.82,145,-31.82,0
e2-nio-100,binary,100,bot_120,3551,b,32,14.47,25,216.5,183,-33.5,0
e2-nio-100,binary,100,bot_120,3551,b,34,94.14,25,82.7,111,28.3,0
e2-nio-100,binary,100,bot_120,3551,b,36,102.1,25,125.88,156,30.12,0
e2-nio-100,binary,100,bot_120,3551,b,38,102.32,25,146.21,193,46.79,0
e2-nio-100,binary,100,bot_120,3551,b,40,86.15,25,144.21,157,12.79,0
e2-nio-100,binary,100,bot_120,3551,b,42,73.86,25,140.92,159,18.08,0
e2-nio-100,binary,100,bot_120,3551,b,44,66.88,25,152.26,170,17.74,0
e2-nio-100,binary,100,bot_120,3551,b,46,21.2,25,103.58,113,9.42,0
e2-nio-100,binary,100,bot_120,3551,b,48,29.82,25,154.15,131,-23.15,0
e2-nio-100,binary,100,bot_120,3551,b,50,48.59,25,147.58,115,-32.58,0
e2-nio-100,binary,100,bot_120,3551,b,52,37.72,25,148.8,126,-22.8,0
e2-nio-100,binary,100,bot_120,3551,b,54,37.73,25,142.42,132,-10.42,0
e2-nio-100,binary,100,bot_120,3551,b,56,20.87,25,129.55,115,-14.55,0
e2-nio-100,binary,100,bot_120,3551,b,58,22.7,25,116.31,94,-22.31,0
e2-nio-100,binary,100,bot_120,3551,b,60,17.05,25,141.17,111,-30.17,0
e2-nio-100,binary,100,bot_121,3552,w,1,114.63,25,96.64,146,49.36,0
e2-nio-100,binary,100,bot_121,3552,w,3,91.01,25,86.82,161,74.18,0
e2-nio-100,binary,100,bot_121,3552,w,5,81.18,25,105.32,155,49.68,0
e2-nio-100,binary,100,bot_121,3552,w,7,96.51,25,109.95,152,42.05,0
e2-nio-100,binary,100,bot_121,3552,w,9,78.05,25,137.24,174,36.76,0
e2-nio-100,binary,100,bot_121,3552,w,11,104.57,25,127.26,157,29.74,0
e2-nio-100,binary,100,bot_121,3552,w,13,88.04,25,164.02,195,30.98,0
e2-nio-100,binary,100,bot_121,3552,w,15,83.81,25,164.74,185,20.26,0
e2-nio-100,binary,100,bot_121,3552,w,17,81.14,25,181.29,200,18.71,0
e2-nio-100,binary,100,bot_121,3552,w,19,68.33,25,231.16,234,2.84,0
e2-nio-100,binary,100,bot_121,3552,w,21,70.36,25,228.91,240,11.09,0
e2-nio-100,binary,100,bot_121,3552,w,23,50.98,25,205.77,200,-5.77,0
e2-nio-100,binary,100,bot_121,3552,w,25,38.99,25,154.07,231,76.93,0
e2-nio-100,binary,100,bot_121,3552,w,27,23.84,25,222.21,211,-11.21,0
e2-nio-100,binary,100,bot_121,3552,w,29,17.73,25,179.13,146,-33.13,0
e2-nio-100,binary,100,bot_121,3552,w,31,125.46,25,219.47,182,-37.47,0
e2-nio-100,binary,100,bot_121,3552,w,33,91.78,25,84.8,104,19.2,0
e2-nio-100,binary,100,bot_121,3552,w,35,94.88,25,132.48,161,28.52,0
e2-nio-100,binary,100,bot_121,3552,w,37,95.29,25,153.31,195,41.69,0
e2-nio-100,binary,100,bot_121,3552,w,39,79.2,25,151.18,160,8.82,0
e2-nio-100,binary,100,bot_121,3552,w,41,67.02,25,147.52,160,12.48,0
e2-nio-100,binary,100,bot_121,3552,w,43,59.36,25,159.77,170,10.23,0
e2-nio-100,binary,100,bot_121,3552,w,45,16.33,25,108.1,110,1.9,0
e2-nio-100,binary,100,bot_121,3552,w,47,20.92,25,163.02,133,-30.02,0
e2-nio-100,binary,100,bot_121,3552,w,49,43.57,25,152.66,117,-35.66,0
e2-nio-100,binary,100,bot_121,3552,w,51,34.43,25,152.23,129,-23.23,0
e2-nio-100,binary,100,bot_121,3552,w,53,34.27,25,145.96,134,-11.96,0
e2-nio-100,binary,100,bot_121,3552,w,55,16.23,25,134.11,117,-17.11,0
e2-nio-100,binary,100,bot_121,3552,w,57,19.02,25,119.87,92,-27.87,0
e2-nio-100,binary,100,bot_121,3552,w,59,13.65,25,144.58,109,-35.58,0
e2-nio-100,binary,100,bot_122,3552,b,2,118.16,25,109.82,187,77.18,0
e2-nio-100,binary,100,bot_122,3552,b,4,95.05,25,104.36,157,52.64,0
e2-nio-100,binary,100,bot_122,3552,b,6,87.97,25,111.41,154,42.59,0
e2-nio-100,binary,100,bot_122,3552,b,8,82.3,25,133.97,193,59.03,0
e2-nio-100,binary,100,bot_122,3552,b,10,74.26,25,116.86,157,40.14,0
e2-nio-100,binary,100,bot_122,3552,b,12,76.88,25,125.5,191,65.5,0
e2-nio-100,binary,100,bot_122,3552,b,14,66.19,25,159.68,210,50.32,0
e2-nio-100,binary,100,bot_122,3552,b,16,64.21,25,164.63,210,45.38,0
e2-nio-100,binary,100,bot_122,3552,b,18,48.02,25,206.85,250,43.15,0
e2-nio-100,binary,100,bot_122,3552,b,20,56.85,25,235.85,266,30.15,0
e2-nio-100,binary,100,bot_122,3552,b,22,39.45,25,235.31,267,31.69,0
e2-nio-100,binary,100,bot_122,3552,b,24,130.7,25,184.08,199,14.92,0
e2-nio-100,binary,100,bot_122,3552,b,26,39.21,25,181.58,176,-5.58,0
e2-nio-100,binary,100,bot_122,3552,b,28,16.69,25,194.55,173,-21.55,0
e2-nio-100,binary,100,bot_122,3552,b,30,12.23,25,211.83,184,-27.83,0
e2-nio-100,binary,100,bot_122,3552,b,32,68.66,25,92.19,172,79.81,0
e2-nio-100,binary,100,bot_122,3552,b,34,77.73,25,99.22,144,44.78,0
e2-nio-100,binary,100,bot_122,3552,b,36,92.09,25,120.38,169,48.62,0
e2-nio-100,binary,100,bot_122,3552,b,38,59.92,25,131.73,181,49.27,0
e2-nio-100,binary,100,bot_122,3552,b,40,64.23,25,114.33,149,34.67,0
e2-nio-100,binary,100,bot_122,3552,b,42,59.77,25,160.57,182,21.43,0
e2-nio-100,binary,100,bot_122,3552,b,44,51.66,25,141.09,155,13.91,0
e2-nio-100,binary,100,bot_122,3552,b,46,20.42,25,158.39,128,-30.39,0
e2-nio-100,binary,100,bot_122,3552,b,48,12.15,25,167.34,142,-25.34,0
e2-nio-100,binary,100,bot_122,3552,b,50,25.58,25,117.85,117,-0.85,0
e2-nio-100,binary,100,bot_122,3552,b,52,35.38,25,146.17,136,-10.17,0
e2-nio-100,binary,100,bot_122,3552,b,54,30.52,25,138.43,127,-11.43,0
e2-nio-100,binary,100,bot_122,3552,b,56,19.66,25,129.72,101,-28.72,0
e2-nio-100,binary,100,bot_122,3552,b,58,12.25,25,124.3,99,-25.3,0
e2-nio-100,binary,100,bot_122,3552,b,60,6.38,25,102.77,71,-31.77,0
e2-nio-100,binary,100,bot_123,3553,w,1,121.34,25,107.64,185,77.36,0
e2-nio-100,binary,100,bot_123,3553,w,3,97.74,25,102.04,150,47.96,0
e2-nio-100,binary,100,bot_123,3553,w,5,92.24,25,107.09,146,38.91,0
e2-nio-100,binary,100,bot_123,3553,w,7,86.76,25,129.52,183,53.48,0
e2-nio-100,binary,100,bot_123,3553,w,9,78.27,25,112.34,147,34.66,0
e2-nio-100,binary,100,bot_123,3553,w,11,80.58,25,121.65,183,61.35,0
e2-nio-100,binary,100,bot_123,3553,w,13,70.5,25,155.71,204,48.29,0
e2-nio-100,binary,100,bot_123,3553,w,15,72.14,25,156.58,197,40.42,0
e2-nio-100,binary,100,bot_123,3553,w,17,50.95,25,204.57,243,38.43,0
e2-nio-100,binary,100,bot_123,3553,w,19,59.68,25,233.14,262,28.86,0
e2-nio-100,binary,100,bot_123,3553,w,21,42.13,25,233.23,265,31.77,0
e2-nio-100,binary,100,bot_123,3553,w,23,134.3,25,181.72,201,19.28,0
e2-nio-100,binary,100,bot_123,3553,w,25,38.68,25,182.42,168,-14.42,0
e2-nio-100,binary,100,bot_123,3553,w,27,15.57,25,195.04,164,-31.04,0
e2-nio-100,binary,100,bot_123,3553,w,29,124.4,25,213.07,174,-39.07,0
e2-nio-100,binary,100,bot_123,3553,w,31,66.37,25,94.04,151,56.96,0
e2-nio-100,binary,100,bot_123,3553,w,33,77.18,25,99.73,133,33.27,0
e2-nio-100,binary,100,bot_123,3553,w,35,90.96,25,121.5,159,37.5,0
e2-nio-100,binary,100,bot_123,3553,w,37,58.77,25,132.72,172,39.28,0
e2-nio-100,binary,100,bot_123,3553,w,39,62.41,25,116.18,138,21.82,0
e2-nio-100,binary,100,bot_123,3553,w,41,57.91,25,162.42,171,8.58,0
e2-nio-100,binary,100,bot_123,3553,w,43,49.85,25,142.85,147,4.15,0
e2-nio-100,binary,100,bot_123,3553,w,45,18.56,25,160.27,121,-39.27,0
e2-nio-100,binary,100,bot_123,3553,w,47,10.99,25,168.57,134,-34.57,0
e2-nio-100,binary,100,bot_123,3553,w,49,23.19,25,120.18,113,-7.18,0
e2-nio-100,binary,100,bot_123,3553,w,51,32.93,25,148.6,132,-16.6,0
e2-nio-100,binary,100,bot_123,3553,w,53,27.56,25,141.31,123,-18.31,0
e2-nio-100,binary,100,bot_123,3553,w,55,16.26,25,133.33,98,-35.33,0
e2-nio-100,binary,100,bot_123,3553,w,57,10.16,25,126.42,94,-32.42,0
e2-nio-100,binary,100,bot_123,3553,w,59,4.02,25,105.03,65,-40.03,0
e2-nio-100,binary,100,bot_124,3553,b,2,93.46,25,84.42,165,80.58,0
e2-nio-100,binary,100,bot_124,3553,b,4,84.2,25,102.04,158,55.96,0
e2-nio-100,binary,100,bot_124,3553,b,6,99.57,25,107.16,158,50.84,0
e2-nio-100,binary,100,bot_124,3553,b,8,80.58,25,134.74,180,45.26,0
e2-nio-100,binary,100,bot_124,3553,b,10,106.78,25,125.32,162,36.68,0
e2-nio-100,binary,100,bot_124,3553,b,12,93.91,25,158.22,197,38.78,0
e2-nio-100,binary,100,bot_124,3553,b,14,85.83,25,162.89,191,28.11,0
e2-nio-100,binary,100,bot_124,3553,b,16,85.9,25,176.11,207,30.89,0
e2-nio-100,binary,100,bot_124,3553,b,18,75.12,25,224.03,233,8.97,0
e2-nio-100,binary,100,bot_124,3553,b,20,78.13,25,220.93,238,17.07,0
e2-nio-100,binary,100,bot_124,3553,b,22,59.69,25,196.66,197,0.34,0
e2-nio-100,binary,100,bot_124,3553,b,24,37.11,25,155.81,236,80.19,0
e2-nio-100,binary,100,bot_124,3553,b,26,21.04,25,225.21,216,-9.21,0
e2-nio-100,binary,100,bot_124,3553,b,28,14.17,25,183.39,151,-32.39,0
e2-nio-100,binary,100,bot_124,3553,b,30,109.26,25,122.33,199,76.67,0
e2-nio-100,binary,100,bot_124,3553,b,32,85.95,25,90.61,109,18.39,0
e2-nio-100,binary,100,bot_124,3553,b,34,89.91,25,137.37,167,29.63,0
e2-nio-100,binary,100,bot_124,3553,b,36,91.34,25,157.47,201,43.53,0
e2-nio-100,binary,100,bot_124,3553,b,38,73.98,25,156.56,168,11.44,0
e2-nio-100,binary,100,bot_124,3553,b,40,62.21,25,152.21,167,14.79,0
e2-nio-100,binary,100,bot_124,3553,b,42,55.84,25,163.55,174,10.45,0
e2-nio-100,binary,100,bot_124,3553,b,44,13.89,25,110.22,113,2.78,0
e2-nio-100,binary,100,bot_124,3553,b,46,17.79,25,166.18,136,-30.18,0
e2-nio-100,binary,100,bot_124,3553,b,48,41.9,25,154.32,119,-35.32,0
e2-nio-100,binary,100,bot_124,3553,b,50,33.92,25,152.88,129,-23.88,0
e2-nio-100,binary,100,bot_124,3553,b,52,32.79,25,147.7,134,-13.7,0
e2-nio-100,binary,100,bot_124,3553,b,54,14.52,25,135.62,116,-19.62,0
e2-nio-100,binary,100,bot_124,3553,b,56,15.93,25,122.33,91,-31.33,0
e2-nio-100,binary,100,bot_124,3553,b,58,10.58,25,147.9,111,-36.9,0
e2-nio-100,binary,100,bot_124,3553,b,60,69.94,25,118.71,77,-41.71,0
e2-nio-100,binary,100,bot_125,3554,w,1,95.52,25,82.38,156,73.62,0
e2-nio-100,binary,100,bot_125,3554,w,3,89.33,25,95.96,144,48.04,0
e2-nio-100,binary,100,bot_125,3554,w,5,105.36,25,101.55,147,45.45,0
e2-nio-100,binary,100,bot_125,3554,w,7,86.81,25,128.15,165,36.85,0
e2-nio-100,binary,100,bot_125,3554,w,9,112.82,25,119.25,148,28.75,0
e2-nio-100,binary,100,bot_125,3554,w,11,104.4,25,147.65,178,30.35,0
e2-nio-100,binary,100,bot_125,3554,w,13,98.5,25,150.19,170,19.81,0
e2-nio-100,binary,100,bot_125,3554,w,15,96.86,25,164.44,188,23.56,0
e2-nio-100,binary,100,bot_125,3554,w,17,90.16,25,208.02,209,0.98,0
e2-nio-100,binary,100,bot_125,3554,w,19,89.92,25,209.01,218,8.99,0
e2-nio-100,binary,100,bot_125,3554,w,21,70.2,25,185.46,178,-7.46,0
e2-nio-100,binary,100,bot_125,3554,w,23,23.4,25,175.43,175,-0.43,0
e2-nio-100,binary,100,bot_125,3554,w,25,17.88,25,225.65,192,-33.65,0
e2-nio-100,binary,100,bot_125,3554,w,27,72.76,25,122.26,160,37.74,0
e2-nio-100,binary,100,bot_125,3554,w,29,83.39,25,146.88,165,18.12,0
e2-nio-100,binary,100,bot_125,3554,w,31,53.85,25,96.14,109,12.86,0
e2-nio-100,binary,100,bot_125,3554,w,33,67.93,25,134.71,132,-2.71,0
e2-nio-100,binary,100,bot_125,3554,w,35,61.85,25,169.67,171,1.33,0
e2-nio-100,binary,100,bot_125,3554,w,37,53.77,25,145.71,139,-6.71,0
e2-nio-100,binary,100,bot_125,3554,w,39,37.24,25,165.5,147,-18.5,0
e2-nio-100,binary,100,bot_125,3554,w,41,32.62,25,182.99,163,-19.99,0
e2-nio-100,binary,100,bot_125,3554,w,43,12.79,25,159.01,127,-32.01,0
e2-nio-100,binary,100,bot_125,3554,w,45,79.27,25,106.07,151,44.93,0
e2-nio-100,binary,100,bot_125,3554,w,47,40.12,25,156.06,193,36.94,0
e2-nio-100,binary,100,bot_125,3554,w,49,31.21,25,155.67,131,-24.67,0
e2-nio-100,binary,100,bot_125,3554,w,51,30.87,25,149.72,134,-15.72,0
e2-nio-100,binary,100,bot_125,3554,w,53,13.12,25,136.96,115,-21.96,0
e2-nio-100,binary,100,bot_125,3554,w,55,13.35,25,124.86,92,-32.86,0
e2-nio-100,binary,100,bot_125,3554,w,57,72.56,25,150.79,112,-38.79,0
e2-nio-100,binary,100,bot_125,3554,w,59,55.77,25,85.38,74,-11.38,0
e2-nio-100,binary,100,bot_126,3554,b,2,104.94,25,94.93,148,53.07,0
e2-nio-100,binary,100,bot_126,3554,b,4,102.11,25,98.21,144,45.79,0
e2-nio-100,binary,100,bot_126,3554,b,6,94.63,25,121.56,183,61.44,0
e2-nio-100,binary,100,bot_126,3554,b,8,85.95,25,104.45,148,43.55,0
e2-nio-100,binary,100,bot_126,3554,b,10,86.26,25,116,185,69,0
e2-nio-100,binary,100,bot_126,3554,b,12,77.57,25,149.1,209,59.9,0
e2-nio-100,binary,100,bot_126,3554,b,14,80.99,25,147.7,203,55.3,0
e2-nio-100,binary,100,bot_126,3554,b,16,57.14,25,198.86,252,53.14,0
e2-nio-100,binary,100,bot_126,3554,b,18,65.74,25,227.4,274,46.6,0
e2-nio-100,binary,100,bot_126,3554,b,20,49.88,25,225.94,272,46.06,0
e2-nio-100,binary,100,bot_126,3554,b,22,49.05,25,175.27,200,24.73,0
e2-nio-100,binary,100,bot_126,3554,b,24,13.93,25,198.51,183,-15.51,0
e2-nio-100,binary,100,bot_126,3554,b,26,85.9,25,216.04,194,-22.04,0
e2-nio-100,binary,100,bot_126,3554,b,28,66.91,25,157.53,192,34.47,0
e2-nio-100,binary,100,bot_126,3554,b,30,60.39,25,147.94,193,45.06,0
e2-nio-100,binary,100,bot_126,3554,b,32,45.17,25,141.11,157,15.89,0
e2-nio-100,binary,100,bot_126,3554,b,34,49.1,25,154.04,183,28.96,0
e2-nio-100,binary,100,bot_126,3554,b,36,41.66,25,192.8,216,23.2,0
e2-nio-100,binary,100,bot_126,3554,b,38,29.87,25,166.14,181,14.86,0
e2-nio-100,binary,100,bot_126,3554,b,40,27.57,25,191.37,190,-1.37,0
e2-nio-100,binary,100,bot_126,3554,b,42,17.45,25,186.94,180,-6.94,0
e2-nio-100,binary,100,bot_126,3554,b,44,92.06,25,148.98,123,-25.98,0
e2-nio-100,binary,100,bot_126,3554,b,46,84.93,25,104.03,145,40.97,0
e2-nio-100,binary,100,bot_126,3554,b,48,21.79,25,121.29,123,1.71,0
e2-nio-100,binary,100,bot_126,3554,b,50,30.54,25,150.8,142,-8.8,0
e2-nio-100,binary,100,bot_126,3554,b,52,25.24,25,143.52,135,-8.52,0
e2-nio-100,binary,100,bot_126,3554,b,54,14.58,25,135.55,110,-25.55,0
e2-nio-100,binary,100,bot_126,3554,b,56,8.36,25,128.08,103,-25.08,0
e2-nio-100,binary,100,bot_126,3554,b,58,35.21,25,56.37,89,32.63,0
e2-nio-100,binary,100,bot_126,3554,b,60,42.69,25,75.93,93,17.07,0
e2-nio-100,binary,100,bot_127,3555,w,1,105.35,25,94.78,139,44.22,0
e2-nio-100,binary,100,bot_127,3555,w,3,104.61,25,95.85,126,30.15,0
e2-nio-100,binary,100,bot_127,3555,w,5,99.92,25,116.32,164,47.68,0
e2-nio-100,binary,100,bot_127,3555,w,7,89.06,25,101.13,132,30.87,0
e2-nio-100,binary,100,bot_127,3555,w,9,89.71,25,112.45,168,55.55,0
e2-nio-100,binary,100,bot_127,3555,w,11,81.32,25,145.74,196,50.26,0
e2-nio-100,binary,100,bot_127,3555,w,13,86.5,25,142.11,188,45.89,0
e2-nio-100,binary,100,bot_127,3555,w,15,61.92,25,194.5,238,43.5,0
e2-nio-100,binary,100,bot_127,3555,w,17,72.98,25,220.27,256,35.73,0
e2-nio-100,binary,100,bot_127,3555,w,19,54.58,25,221.68,258,36.32,0
e2-nio-100,binary,100,bot_127,3555,w,21,54.44,25,169.42,186,16.58,0
e2-nio-100,binary,100,bot_127,3555,w,23,18.94,25,193.32,172,-21.32,0
e2-nio-100,binary,100,bot_127,3555,w,25,16.77,25,210.73,185,-25.73,0
e2-nio-100,binary,100,bot_127,3555,w,27,92.75,25,205.59,168,-37.59,0
e2-nio-100,binary,100,bot_127,3555,w,29,68.27,25,140.6,179,38.4,0
e2-nio-100,binary,100,bot_127,3555,w,31,53.9,25,132.01,139,6.99,0
e2-nio-100,binary,100,bot_127,3555,w,33,57.64,25,145.31,167,21.69,0
e2-nio-100,binary,100,bot_127,3555,w,35,51.31,25,183.08,200,16.92,0
e2-nio-100,binary,100,bot_127,3555,w,37,34.65,25,161.79,170,8.21,0
e2-nio-100,binary,100,bot_127,3555,w,39,37.46,25,181.6,175,-6.6,0
e2-nio-100,binary,100,bot_127,3555,w,41,20.72,25,183.5,168,-15.5,0
e2-nio-100,binary,100,bot_127,3555,w,43,13.99,25,147.14,110,-37.14,0
e2-nio-100,binary,100,bot_127,3555,w,45,88.08,25,102.13,141,38.87,0
e2-nio-100,binary,100,bot_127,3555,w,47,19.16,25,123.86,113,-10.86,0
e2-nio-100,binary,100,bot_127,3555,w,49,25.92,25,155.33,133,-22.33,0
e2-nio-100,binary,100,bot_127,3555,w,51,20.32,25,148.43,128,-20.43,0
e2-nio-100,binary,100,bot_127,3555,w,53,14.03,25,136.16,99,-37.16,0
e2-nio-100,binary,100,bot_127,3555,w,55,87.6,25,131.27,93,-38.27,0
e2-nio-100,binary,100,bot_127,3555,w,57,32.08,25,59.08,71,11.92,0
e2-nio-100,binary,100,bot_127,3555,w,59,40.65,25,77.89,79,1.11,0
e2-nio-100,binary,100,bot_128,3555,b,2,91.55,25,93.6,162,68.4,0
e2-nio-100,binary,100,bot_128,3555,b,4,109.14,25,97.72,166,68.28,0
e2-nio-100,binary,100,bot_128,3555,b,6,92.27,25,122.62,186,63.38,0
e2-nio-100,binary,100,bot_128,3555,b,8,115.91,25,116.21,168,51.79,0
e2-nio-100,binary,100,bot_128,3555,b,10,110.71,25,141.43,195,53.57,0
e2-nio-100,binary,100,bot_128,3555,b,12,106.09,25,142.64,187,44.36,0
e2-nio-100,binary,100,bot_128,3555,b,14,104.24,25,156.9,207,50.1,0
e2-nio-100,binary,100,bot_128,3555,b,16,96.93,25,201.08,226,24.92,0
e2-nio-100,binary,100,bot_128,3555,b,18,97.87,25,200.99,237,36.01,0
e2-nio-100,binary,100,bot_128,3555,b,20,78.18,25,177.25,195,17.75,0
e2-nio-100,binary,100,bot_128,3555,b,22,29.32,25,170.05,193,22.95,0
e2-nio-100,binary,100,bot_128,3555,b,24,24.51,25,219.27,205,-14.27,0
e2-nio-100,binary,100,bot_128,3555,b,26,12.98,25,181.95,167,-14.95,0
e2-nio-100,binary,100,bot_128,3555,b,28,89.42,25,141.2,200,58.8,0
e2-nio-100,binary,100,bot_128,3555,b,30,57.35,25,92.65,128,35.35,0
e2-nio-100,binary,100,bot_128,3555,b,32,73.26,25,129.43,151,21.57,0
e2-nio-100,binary,100,bot_128,3555,b,34,68.18,25,163.35,188,24.65,0
e2-nio-100,binary,100,bot_128,3555,b,36,60.15,25,139.38,158,18.62,0
e2-nio-100,binary,100,bot_128,3555,b,38,44.72,25,157.79,160,2.21,0
e2-nio-100,binary,100,bot_128,3555,b,40,36.72,25,179.4,184,4.6,0
e2-nio-100,binary,100,bot_128,3555,b,42,14.53,25,157.22,145,-12.22,0
e2-nio-100,binary,100,bot_128,3555,b,44,90.41,25,174.93,157,-17.93,0
e2-nio-100,binary,100,bot_128,3555,b,46,38.55,25,157.42,209,51.58,0
e2-nio-100,binary,100,bot_128,3555,b,48,28.12,25,158.99,142,-16.99,0
e2-nio-100,binary,100,bot_128,3555,b,50,28.83,25,152.01,143,-9.01,0
e2-nio-100,binary,100,bot_128,3555,b,52,11.65,25,138.34,122,-16.34,0
e2-nio-100,binary,100,bot_128,3555,b,54,10.12,25,127.9,106,-21.9,0
e2-nio-100,binary,100,bot_128,3555,b,56,60.45,25,80.77,132,51.23,0
e2-nio-100,binary,100,bot_128,3555,b,58,50.58,25,90.56,86,-4.56,0
e2-nio-100,binary,100,bot_128,3555,b,60,48.79,25,97.95,102,4.05,0
e2-nio-100,binary,100,bot_129,3556,w,1,91.71,25,93.2,167,73.8,0
e2-nio-100,binary,100,bot_129,3556,w,3,112.83,25,93.89,162,68.11,0
e2-nio-100,binary,100,bot_129,3556,w,5,94.54,25,120.2,183,62.8,0
e2-nio-100,binary,100,bot_129,3556,w,7,118.07,25,114.04,165,50.96,0
e2-nio-100,binary,100,bot_129,3556,w,9,114.39,25,137.78,190,52.22,0
e2-nio-100,binary,100,bot_129,3556,w,11,113,25,135.67,181,45.33,0
e2-nio-100,binary,100,bot_129,3556,w,13,109.92,25,150.83,199,48.17,0
e2-nio-100,binary,100,bot_129,3556,w,15,101.87,25,195.73,222,26.27,0
e2-nio-100,binary,100,bot_129,3556,w,17,100.79,25,198.09,236,37.91,0
e2-nio-100,binary,100,bot_129,3556,w,19,81.09,25,174.37,191,16.63,0
e2-nio-100,binary,100,bot_129,3556,w,21,31.38,25,168.97,192,23.03,0
e2-nio-100,binary,100,bot_129,3556,w,23,28.01,25,215.65,202,-13.65,0
e2-nio-100,binary,100,bot_129,3556,w,25,16.7,25,178.15,163,-15.15,0
e2-nio-100,binary,100,bot_129,3556,w,27,106.04,25,198.63,184,-14.63,0
e2-nio-100,binary,100,bot_129,3556,w,29,59.29,25,90.75,126,35.25,0
e2-nio-100,binary,100,bot_129,3556,w,31,77.98,25,124.81,146,21.19,0
e2-nio-100,binary,100,bot_129,3556,w,33,71.51,25,159.88,185,25.12,0
e2-nio-100,binary,100,bot_129,3556,w,35,64.62,25,134.97,151,16.03,0
e2-nio-100,binary,100,bot_129,3556,w,37,50.33,25,151.83,153,1.17,0
e2-nio-100,binary,100,bot_129,3556,w,39,41.54,25,173.74,180,6.26,0
e2-nio-100,binary,100,bot_129,3556,w,41,16.88,25,154.64,143,-11.64,0
e2-nio-100,binary,100,bot_129,3556,w,43,14.45,25,171.59,155,-16.59,0
e2-nio-100,binary,100,bot_129,3556,w,45,81.54,25,116.48,172,55.52,0
e2-nio-100,binary,100,bot_129,3556,w,47,66.7,25,118.36,131,12.64,0
e2-nio-100,binary,100,bot_129,3556,w,49,59.37,25,119.69,151,31.31,0
e2-nio-100,binary,100,bot_129,3556,w,51,36.68,25,114.44,130,15.56,0
e2-nio-100,binary,100,bot_129,3556,w,53,32,25,108.3,114,5.7,0
e2-nio-100,binary,100,bot_129,3556,w,55,21.49,25,136.67,121,-15.67,0
e2-nio-100,binary,100,bot_129,3556,w,57,15.08,25,114.74,89,-25.74,0
e2-nio-100,binary,100,bot_129,3556,w,59,53.88,25,93.14,106,12.86,0
e2-nio-100,binary,100,bot_130,3556,b,2,108.27,25,92.5,142,49.5,0
e2-nio-100,binary,100,bot_130,3556,b,4,103.72,25,112.61,183,70.39,0
e2-nio-100,binary,100,bot_130,3556,b,6,91.44,25,98.58,151,52.42,0
e2-nio-100,binary,100,bot_130,3556,b,8,92.44,25,109.68,186,76.32,0
e2-nio-100,binary,100,bot_130,3556,b,10,86.46,25,140.72,212,71.28,0
e2-nio-100,binary,100,bot_130,3556,b,12,88.58,25,140.07,210,69.93,0
e2-nio-100,binary,100,bot_130,3556,b,14,66.81,25,189.74,258,68.26,0
e2-nio-100,binary,100,bot_130,3556,b,16,79.31,25,213.9,274,60.1,0
e2-nio-100,binary,100,bot_130,3556,b,18,57.55,25,218.63,277,58.37,0
e2-nio-100,binary,100,bot_130,3556,b,20,58.59,25,164.94,204,39.06,0
e2-nio-100,binary,100,bot_130,3556,b,22,22.12,25,190.16,185,-5.16,0
e2-nio-100,binary,100,bot_130,3556,b,24,20.13,25,207.41,199,-8.41,0
e2-nio-100,binary,100,bot_130,3556,b,26,21.58,25,202.07,182,-20.07,0
e2-nio-100,binary,100,bot_130,3556,b,28,71.56,25,137.81,208,70.19,0
e2-nio-100,binary,100,bot_130,3556,b,30,57.44,25,128.37,151,22.63,0
e2-nio-100,binary,100,bot_130,3556,b,32,61.25,25,141.66,183,41.34,0
e2-nio-100,binary,100,bot_130,3556,b,34,51.99,25,182.48,217,34.52,0
e2-nio-100,binary,100,bot_130,3556,b,36,37.55,25,158.96,186,27.04,0
e2-nio-100,binary,100,bot_130,3556,b,38,41.74,25,177.48,191,13.52,0
e2-nio-100,binary,100,bot_130,3556,b,40,25.13,25,179.69,184,4.31,0
e2-nio-100,binary,100,bot_130,3556,b,42,18.55,25,142.67,123,-19.67,0
e2-nio-100,binary,100,bot_130,3556,b,44,92.99,25,167.89,146,-21.89,0
e2-nio-100,binary,100,bot_130,3556,b,46,49.26,25,96.96,141,44.04,0
e2-nio-100,binary,100,bot_130,3556,b,48,67.89,25,115.57,144,28.43,0
e2-nio-100,binary,100,bot_130,3556,b,50,53.14,25,116.96,139,22.04,0
e2-nio-100,binary,100,bot_130,3556,b,52,42.29,25,106.24,105,-1.24,0
e2-nio-100,binary,100,bot_130,3556,b,54,21.23,25,115.71,109,-6.71,0
e2-nio-100,binary,100,bot_130,3556,b,56,10.51,25,99.17,82,-17.17,0
e2-nio-100,binary,100,bot_130,3556,b,58,49.25,25,128.36,105,-23.36,0
e2-nio-100,binary,100,bot_130,3556,b,60,41.2,25,84.15,100,15.85,0
e2-nio-100,binary,100,bot_131,3557,w,1,109.56,25,91.82,137,45.18,0
e2-nio-100,binary,100,bot_131,3557,w,3,105.21,25,111.19,167,55.81,0
e2-nio-100,binary,100,bot_131,3557,w,5,92.19,25,97.85,135,37.15,0
e2-nio-100,binary,100,bot_131,3557,w,7,92.88,25,109.18,170,60.82,0
e2-nio-100,binary,100,bot_131,3557,w,9,88.83,25,138.56,197,58.44,0
e2-nio-100,binary,100,bot_131,3557,w,11,90.12,25,138.52,196,57.48,0
e2-nio-100,binary,100,bot_131,3557,w,13,68.6,25,188.1,243,54.9,0
e2-nio-100,binary,100,bot_131,3557,w,15,81.12,25,212.11,259,46.89,0
e2-nio-100,binary,100,bot_131,3557,w,17,58.22,25,217.89,261,43.11,0
e2-nio-100,binary,100,bot_131,3557,w,19,59.76,25,163.63,191,27.37,0
e2-nio-100,binary,100,bot_131,3557,w,21,24.06,25,188.51,173,-15.51,0
e2-nio-100,binary,100,bot_131,3557,w,23,22.72,25,204.85,188,-16.85,0
e2-nio-100,binary,100,bot_131,3557,w,25,23.2,25,200.24,171,-29.24,0
e2-nio-100,binary,100,bot_131,3557,w,27,84.02,25,218.91,184,-34.91,0
e2-nio-100,binary,100,bot_131,3557,w,29,60.41,25,125.2,137,11.8,0
e2-nio-100,binary,100,bot_131,3557,w,31,64.49,25,138.26,170,31.74,0
e2-nio-100,binary,100,bot_131,3557,w,33,54.77,25,179.63,205,25.37,0
e2-nio-100,binary,100,bot_131,3557,w,35,39.29,25,157.43,176,18.57,0
e2-nio-100,binary,100,bot_131,3557,w,37,44.12,25,175.38,180,4.62,0
e2-nio-100,binary,100,bot_131,3557,w,39,27.56,25,177.54,173,-4.54,0
e2-nio-100,binary,100,bot_131,3557,w,41,21.03,25,140.43,111,-29.43,0
e2-nio-100,binary,100,bot_131,3557,w,43,11.45,25,166.56,138,-28.56,0
e2-nio-100,binary,100,bot_131,3557,w,45,50.23,25,96.2,140,43.8,0
e2-nio-100,binary,100,bot_131,3557,w,47,69.73,25,114.12,136,21.88,0
e2-nio-100,binary,100,bot_131,3557,w,49,55.01,25,115.13,130,14.87,0
e2-nio-100,binary,100,bot_131,3557,w,51,43.53,25,104.7,96,-8.7,0
e2-nio-100,binary,100,bot_131,3557,w,53,23.13,25,113.99,100,-13.99,0
e2-nio-100,binary,100,bot_131,3557,w,55,11.4,25,98.72,75,-23.72,0
e2-nio-100,binary,100,bot_131,3557,w,57,6.94,25,127.65,97,-30.65,0
e2-nio-100,binary,100,bot_131,3557,w,59,42.57,25,82.94,95,12.06,0
e2-nio-100,binary,100,bot_132,3557,b,2,113.56,25,93.15,163,69.85,0
e2-nio-100,binary,100,bot_132,3557,b,4,95.5,25,119.18,183,63.82,0
e2-nio-100,binary,100,bot_132,3557,b,6,118.71,25,113.39,165,51.61,0
e2-nio-100,binary,100,bot_132,3557,b,8,116.1,25,136.05,188,51.95,0
e2-nio-100,binary,100,bot_132,3557,b,10,115.12,25,133.54,182,48.46,0
e2-nio-100,binary,100,bot_132,3557,b,12,111.69,25,149,199,50,0
e2-nio-100,binary,100,bot_132,3557,b,14,103.78,25,193.76,222,28.24,0
e2-nio-100,binary,100,bot_132,3557,b,16,101.99,25,196.9,237,40.1,0
e2-nio-100,binary,100,bot_132,3557,b,18,83.91,25,171.59,189,17.41,0
e2-nio-100,binary,100,bot_132,3557,b,20,33.14,25,167.13,190,22.87,0
e2-nio-100,binary,100,bot_132,3557,b,22,32.19,25,211.45,200,-11.45,0
e2-nio-100,binary,100,bot_132,3557,b,24,20.07,25,174.77,162,-12.77,0
e2-nio-100,binary,100,bot_132,3557,b,26,14.3,25,196.4,183,-13.4,0
e2-nio-100,binary,100,bot_132,3557,b,28,61.13,25,89.4,137,47.6,0
e2-nio-100,binary,100,bot_132,3557,b,30,81.44,25,121.47,147,25.53,0
e2-nio-100,binary,100,bot_132,3557,b,32,74.91,25,156.49,186,29.51,0
e2-nio-100,binary,100,bot_132,3557,b,34,68.26,25,131.34,150,18.66,0
e2-nio-100,binary,100,bot_132,3557,b,36,53.4,25,148.69,152,3.31,0
e2-nio-100,binary,100,bot_132,3557,b,38,44.84,25,170.33,179,8.67,0
e2-nio-100,binary,100,bot_132,3557,b,40,18.75,25,152.67,144,-8.67,0
e2-nio-100,binary,100,bot_132,3557,b,42,19.76,25,166.15,151,-15.15,0
e2-nio-100,binary,100,bot_132,3557,b,44,91.46,25,189.04,162,-27.04,0
e2-nio-100,binary,100,bot_132,3557,b,46,70.04,25,114.94,127,12.06,0
e2-nio-100,binary,100,bot_132,3557,b,48,63.24,25,115.72,149,33.28,0
e2-nio-100,binary,100,bot_132,3557,b,50,40.24,25,110.87,128,17.13,0
e2-nio-100,binary,100,bot_132,3557,b,52,35.41,25,104.99,112,7.01,0
e2-nio-100,binary,100,bot_132,3557,b,54,25.18,25,132.82,119,-13.82,0
e2-nio-100,binary,100,bot_132,3557,b,56,17.66,25,111.92,86,-25.92,0
e2-nio-100,binary,100,bot_132,3557,b,58,60.22,25,130.14,99,-31.14,0
e2-nio-100,binary,100,bot_132,3557,b,60,37.67,25,96.82,101,4.18,0
e2-nio-100,binary,100,bot_133,3558,w,1,115.03,25,91.45,166,74.55,0
e2-nio-100,binary,100,bot_133,3558,w,3,100,25,114.56,181,66.44,0
e2-nio-100,binary,100,bot_133,3558,w,5,122.7,25,109.47,157,47.53,0
e2-nio-100,binary,100,bot_133,3558,w,7,122.8,25,129.61,178,48.39,0
e2-nio-100,binary,100,bot_133,3558,w,9,123.4,25,125.38,177,51.62,0
e2-nio-100,binary,100,bot_133,3558,w,11,117.2,25,143.23,194,50.77,0
e2-nio-100,binary,100,bot_133,3558,w,13,113.8,25,183.22,213,29.78,0
e2-nio-100,binary,100,bot_133,3558,w,15,107.72,25,191.34,234,42.66,0
e2-nio-100,binary,100,bot_133,3558,w,17,92.25,25,163.39,180,16.61,0
e2-nio-100,binary,100,bot_133,3558,w,19,37.26,25,164.27,185,20.73,0
e2-nio-100,binary,100,bot_133,3558,w,21,38.19,25,205.52,195,-10.52,0
e2-nio-100,binary,100,bot_133,3558,w,23,26.33,25,168.54,157,-11.54,0
e2-nio-100,binary,100,bot_133,3558,w,25,16.96,25,194.46,180,-14.46,0
e2-nio-100,binary,100,bot_133,3558,w,27,12.26,25,147.49,121,-26.49,0
e2-nio-100,binary,100,bot_133,3558,w,29,88.22,25,114.95,154,39.05,0
e2-nio-100,binary,100,bot_133,3558,w,31,80.75,25,150.66,175,24.34,0
e2-nio-100,binary,100,bot_133,3558,w,33,72.85,25,126.84,144,17.16,0
e2-nio-100,binary,100,bot_133,3558,w,35,56.61,25,145.32,144,-1.32,0
e2-nio-100,binary,100,bot_133,3558,w,37,48.58,25,166.22,171,4.78,0
e2-nio-100,binary,100,bot_133,3558,w,39,20.62,25,150.57,137,-13.57,0
e2-nio-100,binary,100,bot_133,3558,w,41,19.9,25,165.97,149,-16.97,0
e2-nio-100,binary,100,bot_133,3558,w,43,10.67,25,186.94,158,-28.94,0
e2-nio-100,binary,100,bot_133,3558,w,45,74.34,25,110.4,129,18.6,0
e2-nio-100,binary,100,bot_133,3558,w,47,67.39,25,111.37,139,27.63,0
e2-nio-100,binary,100,bot_133,3558,w,49,43.35,25,107.97,124,16.03,0
e2-nio-100,binary,100,bot_133,3558,w,51,38.54,25,101.55,107,5.45,0
e2-nio-100,binary,100,bot_133,3558,w,53,28.41,25,129.28,114,-15.28,0
e2-nio-100,binary,100,bot_133,3558,w,55,22.38,25,106.87,78,-28.87,0
e2-nio-100,binary,100,bot_133,3558,w,57,8.12,25,126.8,93,-33.8,0
e2-nio-100,binary,100,bot_133,3558,w,59,41.85,25,92.03,106,13.97,0
e2-nio-100,binary,100,bot_134,3558,b,2,117.64,25,98.68,177,78.32,0
e2-nio-100,binary,100,bot_134,3558,b,4,98.98,25,90.96,153,62.04,0
e2-nio-100,binary,100,bot_134,3558,b,6,100.02,25,101.94,186,84.06,0
e2-nio-100,binary,100,bot_134,3558,b,8,103.7,25,123.93,210,86.07,0
e2-nio-100,binary,100,bot_134,3558,b,10,102.69,25,125.68,211,85.32,0
e2-nio-100,binary,100,bot_134,3558,b,12,82.48,25,174.44,253,78.56,0
e2-nio-100,binary,100,bot_134,3558,b,14,95,25,197.94,274,76.06,0
e2-nio-100,binary,100,bot_134,3558,b,16,69.17,25,206.85,277,70.15,0
e2-nio-100,binary,100,bot_134,3558,b,18,66.11,25,156.63,212,55.37,0
e2-nio-100,binary,100,bot_134,3558,b,20,34.16,25,178.63,183,4.37,0
e2-nio-100,binary,100,bot_134,3558,b,22,32.57,25,194.97,200,5.03,0
e2-nio-100,binary,100,bot_134,3558,b,24,29.86,25,193.06,186,-7.06,0
e2-nio-100,binary,100,bot_134,3558,b,26,17.21,25,212.66,197,-15.66,0
e2-nio-100,binary,100,bot_134,3558,b,28,83.05,25,165.02,146,-19.02,0
e2-nio-100,binary,100,bot_134,3558,b,30,68.61,25,134.28,191,56.72,0
e2-nio-100,binary,100,bot_134,3558,b,32,60.79,25,173.59,221,47.41,0
e2-nio-100,binary,100,bot_134,3558,b,34,41.78,25,155.33,194,38.67,0
e2-nio-100,binary,100,bot_134,3558,b,36,48.94,25,170.62,195,24.38,0
e2-nio-100,binary,100,bot_134,3558,b,38,30.69,25,174.49,191,16.51,0
e2-nio-100,binary,100,bot_134,3558,b,40,26.77,25,134.72,123,-11.72,0
e2-nio-100,binary,100,bot_134,3558,b,42,16.14,25,161.84,149,-12.84,0
e2-nio-100,binary,100,bot_134,3558,b,44,62.61,25,166.77,142,-24.77,0
e2-nio-100,binary,100,bot_134,3558,b,46,70.46,25,113.54,152,38.46,0
e2-nio-100,binary,100,bot_134,3558,b,48,59.74,25,110.42,142,31.58,0
e2-nio-100,binary,100,bot_134,3558,b,50,47.96,25,100.3,108,7.7,0
e2-nio-100,binary,100,bot_134,3558,b,52,27.11,25,110.13,113,2.87,0
e2-nio-100,binary,100,bot_134,3558,b,54,14.12,25,96.13,89,-7.13,0
e2-nio-100,binary,100,bot_134,3558,b,56,10.76,25,123.96,111,-12.96,0
e2-nio-100,binary,100,bot_134,3558,b,58,58.08,25,122.6,95,-27.6,0
e2-nio-100,binary,100,bot_134,3558,b,60,30.85,25,94.1,101,6.9,0
e2-nio-100,binary,100,bot_135,3559,w,1,118.85,25,98.02,161,62.98,0
e2-nio-100,binary,100,bot_135,3559,w,3,99.55,25,90.36,126,35.64,0
e2-nio-100,binary,100,bot_135,3559,w,5,100.59,25,101.34,161,59.66,0
e2-nio-100,binary,100,bot_135,3559,w,7,105.08,25,122.72,184,61.28,0
e2-nio-100,binary,100,bot_135,3559,w,9,104.14,25,124.14,187,62.86,0
e2-nio-100,binary,100,bot_135,3559,w,11,84.13,25,173.02,229,55.98,0
e2-nio-100,binary,100,bot_135,3559,w,13,96.34,25,196.61,249,52.39,0
e2-nio-100,binary,100,bot_135,3559,w,15,71.07,25,205.22,251,45.78,0
e2-nio-100,binary,100,bot_135,3559,w,17,67.58,25,154.78,187,32.22,0
e2-nio-100,binary,100,bot_135,3559,w,19,36.9,25,175.88,164,-11.88,0
e2-nio-100,binary,100,bot_135,3559,w,21,35.75,25,191.76,182,-9.76,0
e2-nio-100,binary,100,bot_135,3559,w,23,31.18,25,191.48,169,-22.48,0
e2-nio-100,binary,100,bot_135,3559,w,25,19.69,25,210.18,179,-31.18,0
e2-nio-100,binary,100,bot_135,3559,w,27,14.93,25,164.9,128,-36.9,0
e2-nio-100,binary,100,bot_135,3559,w,29,69.84,25,133.59,192,58.41,0
e2-nio-100,binary,100,bot_135,3559,w,31,62.08,25,172.49,206,33.51,0
e2-nio-100,binary,100,bot_135,3559,w,33,41.89,25,154.89,178,23.11,0
e2-nio-100,binary,100,bot_135,3559,w,35,50.68,25,169.13,177,7.87,0
e2-nio-100,binary,100,bot_135,3559,w,37,30.61,25,175.02,174,-1.02,0
e2-nio-100,binary,100,bot_135,3559,w,39,29.57,25,132.3,100,-32.3,0
e2-nio-100,binary,100,bot_135,3559,w,41,17.51,25,160.56,130,-30.56,0
e2-nio-100,binary,100,bot_135,3559,w,43,12.51,25,164.13,126,-38.12,0
e2-nio-100,binary,100,bot_135,3559,w,45,73.03,25,110.93,148,37.07,0
e2-nio-100,binary,100,bot_135,3559,w,47,62.15,25,108.26,127,18.74,0
e2-nio-100,binary,100,bot_135,3559,w,49,50.11,25,98.33,92,-6.33,0
e2-nio-100,binary,100,bot_135,3559,w,51,28.83,25,108.71,98,-10.71,0
e2-nio-100,binary,100,bot_135,3559,w,53,15.21,25,95.37,74,-21.37,0
e2-nio-100,binary,100,bot_135,3559,w,55,13.93,25,121.1,95,-26.1,0
e2-nio-100,binary,100,bot_135,3559,w,57,13.09,25,119.82,79,-40.82,0
e2-nio-100,binary,100,bot_135,3559,w,59,32.94,25,91.95,96,4.05,0
e2-nio-100,binary,100,bot_136,3559,b,2,100.68,25,113.83,195,81.17,0
e2-nio-100,binary,100,bot_136,3559,b,4,123.47,25,108.7,169,60.3,0
e2-nio-100,binary,100,bot_136,3559,b,6,124.14,25,128.27,188,59.73,0
e2-nio-100,binary,100,bot_136,3559,b,8,125.85,25,122.91,189,66.09,0
e2-nio-100,binary,100,bot_136,3559,b,10,119.96,25,140.42,204,63.58,0
e2-nio-100,binary,100,bot_136,3559,b,12,116.21,25,180.69,225,44.31,0
e2-nio-100,binary,100,bot_136,3559,b,14,109.93,25,189.09,245,55.91,0
e2-nio-100,binary,100,bot_136,3559,b,16,95.09,25,160.47,191,30.53,0
e2-nio-100,binary,100,bot_136,3559,b,18,39.04,25,162.68,197,34.32,0
e2-nio-100,binary,100,bot_136,3559,b,20,41.27,25,202.44,205,2.56,0
e2-nio-100,binary,100,bot_136,3559,b,22,29.52,25,165.35,168,2.65,0
e2-nio-100,binary,100,bot_136,3559,b,24,20.35,25,191.15,188,-3.15,0
e2-nio-100,binary,100,bot_136,3559,b,26,14.79,25,144.95,131,-13.95,0
e2-nio-100,binary,100,bot_136,3559,b,28,110.26,25,161.05,142,-19.05,0
e2-nio-100,binary,100,bot_136,3559,b,30,84.79,25,146.63,183,36.38,0
e2-nio-100,binary,100,bot_136,3559,b,32,75.25,25,124.42,153,28.58,0
e2-nio-100,binary,100,bot_136,3559,b,34,58.94,25,143.42,152,8.58,0
e2-nio-100,binary,100,bot_136,3559,b,36,51.65,25,162.95,180,17.05,0
e2-nio-100,binary,100,bot_136,3559,b,38,21.73,25,149.23,146,-3.23,0
e2-nio-100,binary,100,bot_136,3559,b,40,21.99,25,163.83,160,-3.83,0
e2-nio-100,binary,100,bot_136,3559,b,42,11.9,25,185.77,166,-19.77,0
e2-nio-100,binary,100,bot_136,3559,b,44,87.58,25,149.89,126,-23.89,0
e2-nio-100,binary,100,bot_136,3559,b,46,69.21,25,109.52,146,36.48,0
e2-nio-100,binary,100,bot_136,3559,b,48,44.42,25,106.9,132,25.1,0
e2-nio-100,binary,100,bot_136,3559,b,50,40.49,25,99.5,114,14.5,0
e2-nio-100,binary,100,bot_136,3559,b,52,29.89,25,127.71,119,-8.71,0
e2-nio-100,binary,100,bot_136,3559,b,54,24.72,25,104.45,84,-20.45,0
e2-nio-100,binary,100,bot_136,3559,b,56,9.71,25,125.12,103,-22.12,0
e2-nio-100,binary,100,bot_136,3559,b,58,54.08,25,127.76,103,-24.76,0
e2-nio-100,binary,100,bot_136,3559,b,60,44.21,25,102.12,98,-4.12,0
e2-nio-100,binary,100,bot_137,3560,w,1,103.02,25,111.48,179,67.52,0
e2-nio-100,binary,100,bot_137,3560,w,3,124.56,25,107.69,148,40.31,0
e2-nio-100,binary,100,bot_137,3560,w,5,126.42,25,126.14,165,38.86,0
e2-nio-100,binary,100,bot_137,3560,w,7,127.81,25,121,168,47,0
e2-nio-100,binary,100,bot_137,3560,w,9,123.58,25,136.71,182,45.29,0
e2-nio-100,binary,100,bot_137,3560,w,11,120.26,25,176.32,203,26.68,0
e2-nio-100,binary,100,bot_137,3560,w,13,112.59,25,186.54,228,41.46,0
e2-nio-100,binary,100,bot_137,3560,w,15,100.34,25,154.95,169,14.05,0
e2-nio-100,binary,100,bot_137,3560,w,17,40.28,25,162,179,17,0
e2-nio-100,binary,100,bot_137,3560,w,19,42.77,25,201.03,188,-13.03,0
e2-nio-100,binary,100,bot_137,3560,w,21,30.58,25,164.29,151,-13.29,0
e2-nio-100,binary,100,bot_137,3560,w,23,21.47,25,190.29,170,-20.29,0
e2-nio-100,binary,100,bot_137,3560,w,25,16.42,25,143.32,114,-29.32,0
e2-nio-100,binary,100,bot_137,3560,w,27,18.46,25,159.28,122,-37.28,0
e2-nio-100,binary,100,bot_137,3560,w,29,86.33,25,145.43,177,31.57,0
e2-nio-100,binary,100,bot_137,3560,w,31,77.47,25,122.12,134,11.88,0
e2-nio-100,binary,100,bot_137,3560,w,33,61.43,25,140.83,132,-8.83,0
e2-nio-100,binary,100,bot_137,3560,w,35,53.76,25,160.5,162,1.5,0
e2-nio-100,binary,100,bot_137,3560,w,37,21.58,25,149.22,128,-21.22,0
e2-nio-100,binary,100,bot_137,3560,w,39,25.89,25,159.63,139,-20.63,0
e2-nio-100,binary,100,bot_137,3560,w,41,15.29,25,182.43,149,-33.43,0
e2-nio-100,binary,100,bot_137,3560,w,43,15.39,25,145.64,108,-37.64,0
e2-nio-100,binary,100,bot_137,3560,w,45,72.42,25,106.22,141,34.78,0
e2-nio-100,binary,100,bot_137,3560,w,47,46.05,25,105.01,119,13.99,0
e2-nio-100,binary,100,bot_137,3560,w,49,44.79,25,95.03,96,0.97,0
e2-nio-100,binary,100,bot_137,3560,w,51,33.74,25,123.42,104,-19.42,0
e2-nio-100,binary,100,bot_137,3560,w,53,30.5,25,98.22,64,-34.22,0
e2-nio-100,binary,100,bot_137,3560,w,55,14.8,25,119.52,84,-35.52,0
e2-nio-100,binary,100,bot_137,3560,w,57,15.1,25,123.98,87,-36.98,0
e2-nio-100,binary,100,bot_137,3560,w,59,46.47,25,99.1,81,-18.1,0
e2-nio-100,binary,100,bot_138,3560,b,2,103.99,25,85.94,148,62.06,0
e2-nio-100,binary,100,bot_138,3560,b,4,103.62,25,98.2,181,82.8,0
e2-nio-100,binary,100,bot_138,3560,b,6,110.67,25,117.24,202,84.76,0
e2-nio-100,binary,100,bot_138,3560,b,8,109.61,25,118.55,204,85.45,0
e2-nio-100,binary,100,bot_138,3560,b,10,90.09,25,167.23,248,80.77,0
e2-nio-100,binary,100,bot_138,3560,b,12,105.34,25,187.51,265,77.49,0
e2-nio-100,binary,100,bot_138,3560,b,14,78.51,25,198.03,269,70.97,0
e2-nio-100,binary,100,bot_138,3560,b,16,70.08,25,152.53,211,58.47,0
e2-nio-100,binary,100,bot_138,3560,b,18,40.26,25,172.47,176,3.53,0
e2-nio-100,binary,100,bot_138,3560,b,20,38.81,25,188.68,195,6.32,0
e2-nio-100,binary,100,bot_138,3560,b,22,33.08,25,189.48,183,-6.48,0
e2-nio-100,binary,100,bot_138,3560,b,24,22.92,25,206.93,192,-14.93,0
e2-nio-100,binary,100,bot_138,3560,b,26,16.9,25,162.84,143,-19.84,0
e2-nio-100,binary,100,bot_138,3560,b,28,84.85,25,211.83,194,-17.83,0
e2-nio-100,binary,100,bot_138,3560,b,30,64.39,25,170.2,220,49.8,0
e2-nio-100,binary,100,bot_138,3560,b,32,44.02,25,152.81,193,40.19,0
e2-nio-100,binary,100,bot_138,3560,b,34,54.2,25,165.69,190,24.31,0
e2-nio-100,binary,100,bot_138,3560,b,36,32.64,25,173.05,190,16.95,0
e2-nio-100,binary,100,bot_138,3560,b,38,31.98,25,129.99,114,-15.99,0
e2-nio-100,binary,100,bot_138,3560,b,40,19.84,25,158.32,148,-10.32,0
e2-nio-100,binary,100,bot_138,3560,b,42,14.1,25,162.59,139,-23.59,0
e2-nio-100,binary,100,bot_138,3560,b,44,85.04,25,175.01,152,-23.01,0
e2-nio-100,binary,100,bot_138,3560,b,46,64.57,25,105.98,139,33.02,0
e2-nio-100,binary,100,bot_138,3560,b,48,51.95,25,96.52,103,6.48,0
e2-nio-100,binary,100,bot_138,3560,b,50,31.69,25,105.88,112,6.12,0
e2-nio-100,binary,100,bot_138,3560,b,52,16.59,25,94.15,88,-6.15,0
e2-nio-100,binary,100,bot_138,3560,b,54,15.99,25,119.21,110,-9.21,0
e2-nio-100,binary,100,bot_138,3560,b,56,15.29,25,117.52,95,-22.52,0
e2-nio-100,binary,100,bot_138,3560,b,58,33.78,25,134.21,111,-23.21,0
e2-nio-100,binary,100,bot_138,3560,b,60,29.46,25,89.08,97,7.92,0
e2-nio-100,binary,100,bot_139,3561,w,1,107.24,25,83.55,134,50.45,0
e2-nio-100,binary,100,bot_139,3561,w,3,105.55,25,96.21,158,61.79,0
e2-nio-100,binary,100,bot_139,3561,w,5,114.5,25,113.72,177,63.28,0
e2-nio-100,binary,100,bot_139,3561,w,7,114.41,25,113.27,177,63.73,0
e2-nio-100,binary,100,bot_139,3561,w,9,95.89,25,161.73,223,61.27,0
e2-nio-100,binary,100,bot_139,3561,w,11,109.59,25,183.14,240,56.86,0
e2-nio-100,binary,100,bot_139,3561,w,13,82.91,25,194.12,244,49.88,0
e2-nio-100,binary,100,bot_139,3561,w,15,73.03,25,148.82,187,38.18,0
e2-nio-100,binary,100,bot_139,3561,w,17,46.11,25,166.59,155,-11.59,0
e2-nio-100,binary,100,bot_139,3561,w,19,45.82,25,181.64,174,-7.64,0
e2-nio-100,binary,100,bot_139,3561,w,21,34.77,25,187.79,167,-20.79,0
e2-nio-100,binary,100,bot_139,3561,w,23,25.56,25,204.32,173,-31.32,0
e2-nio-100,binary,100,bot_139,3561,w,25,17.96,25,161.47,125,-36.47,0
e2-nio-100,binary,100,bot_139,3561,w,27,14.01,25,210.3,178,-32.3,0
e2-nio-100,binary,100,bot_139,3561,w,29,66.73,25,168.24,220,51.76,0
e2-nio-100,binary,100,bot_139,3561,w,31,45.95,25,150.94,179,28.06,0
e2-nio-100,binary,100,bot_139,3561,w,33,58.61,25,161.42,173,11.58,0
e2-nio-100,binary,100,bot_139,3561,w,35,35.05,25,170.98,176,5.02,0
e2-nio-100,binary,100,bot_139,3561,w,37,35.22,25,126.15,97,-29.15,0
e2-nio-100,binary,100,bot_139,3561,w,39,21.96,25,156.3,132,-24.3,0
e2-nio-100,binary,100,bot_139,3561,w,41,16.31,25,160.39,129,-31.39,0
e2-nio-100,binary,100,bot_139,3561,w,43,14.86,25,171.28,141,-30.28,0
e2-nio-100,binary,100,bot_139,3561,w,45,69.66,25,101.28,140,38.72,0
e2-nio-100,binary,100,bot_139,3561,w,47,53.68,25,94.89,93,-1.89,0
e2-nio-100,binary,100,bot_139,3561,w,49,34.77,25,102.83,104,1.17,0
e2-nio-100,binary,100,bot_139,3561,w,51,18.7,25,92.45,79,-13.45,0
e2-nio-100,binary,100,bot_139,3561,w,53,20.67,25,114.83,101,-13.83,0
e2-nio-100,binary,100,bot_139,3561,w,55,19.36,25,113.26,82,-31.26,0
e2-nio-100,binary,100,bot_139,3561,w,57,46.9,25,121.42,89,-32.42,0
e2-nio-100,binary,100,bot_139,3561,w,59,32.94,25,85.36,85,-0.36,0
e2-nio-100,binary,100,bot_140,3561,b,2,126.61,25,105.68,164,58.32,0
e2-nio-100,binary,100,bot_140,3561,b,4,129.54,25,123.08,179,55.92,0
e2-nio-100,binary,100,bot_140,3561,b,6,130.84,25,117.98,183,65.02,0
e2-nio-100,binary,100,bot_140,3561,b,8,127.15,25,133.27,198,64.73,0
e2-nio-100,binary,100,bot_140,3561,b,10,122.52,25,173.92,220,46.08,0
e2-nio-100,binary,100,bot_140,3561,b,12,115.65,25,183.42,244,60.58,0
e2-nio-100,binary,100,bot_140,3561,b,14,104.55,25,150.5,184,33.5,0
e2-nio-100,binary,100,bot_140,3561,b,16,42.91,25,160.17,192,31.83,0
e2-nio-100,binary,100,bot_140,3561,b,18,47.26,25,196.54,201,4.46,0
e2-nio-100,binary,100,bot_140,3561,b,20,33.4,25,161.51,166,4.49,0
e2-nio-100,binary,100,bot_140,3561,b,22,23.93,25,187.88,180,-7.88,0
e2-nio-100,binary,100,bot_140,3561,b,24,17.48,25,142.26,126,-16.26,0
e2-nio-100,binary,100,bot_140,3561,b,26,20.78,25,156.98,132,-24.98,0
e2-nio-100,binary,100,bot_140,3561,b,28,105.77,25,197.9,170,-27.9,0
e2-nio-100,binary,100,bot_140,3561,b,30,81.68,25,117.89,143,25.11,0
e2-nio-100,binary,100,bot_140,3561,b,32,65.5,25,136.71,141,4.29,0
e2-nio-100,binary,100,bot_140,3561,b,34,58.96,25,155.24,172,16.76,0
e2-nio-100,binary,100,bot_140,3561,b,36,24.14,25,146.55,140,-6.55,0
e2-nio-100,binary,100,bot_140,3561,b,38,30.09,25,155.43,150,-5.43,0
e2-nio-100,binary,100,bot_140,3561,b,40,19.56,25,178.19,157,-21.19,0
e2-nio-100,binary,100,bot_140,3561,b,42,21.34,25,139.55,114,-25.55,0
e2-nio-100,binary,100,bot_140,3561,b,44,89.56,25,162.84,135,-27.84,0
e2-nio-100,binary,100,bot_140,3561,b,46,49.7,25,101.33,128,26.67,0
e2-nio-100,binary,100,bot_140,3561,b,48,52.02,25,87.76,99,11.24,0
e2-nio-100,binary,100,bot_140,3561,b,50,37.93,25,119.09,111,-8.09,0
e2-nio-100,binary,100,bot_140,3561,b,52,37.33,25,91.27,67,-24.27,0
e2-nio-100,binary,100,bot_140,3561,b,54,19.39,25,114.81,92,-22.81,0
e2-nio-100,binary,100,bot_140,3561,b,56,19.68,25,119.37,96,-23.37,0
e2-nio-100,binary,100,bot_140,3561,b,58,51.91,25,93.55,97,3.45,0
e2-nio-100,binary,100,bot_140,3561,b,60,23.75,25,72.01,61,-11.01,0
e2-nio-100,binary,100,bot_141,3562,w,1,131.75,25,100.82,164,63.18,0
e2-nio-100,binary,100,bot_141,3562,w,3,137.69,25,114.75,165,50.25,0
e2-nio-100,binary,100,bot_141,3562,w,5,138.65,25,110.09,172,61.91,0
e2-nio-100,binary,100,bot_141,3562,w,7,132.71,25,127.6,186,58.4,0
e2-nio-100,binary,100,bot_141,3562,w,9,130.49,25,165.46,208,42.54,0
e2-nio-100,binary,100,bot_141,3562,w,11,122.05,25,176.72,231,54.28,0
e2-nio-100,binary,100,bot_141,3562,w,13,111.1,25,143.3,170,26.7,0
e2-nio-100,binary,100,bot_141,3562,w,15,48.54,25,155.28,183,27.72,0
e2-nio-100,binary,100,bot_141,3562,w,17,56.13,25,187.57,191,3.43,0
e2-nio-100,binary,100,bot_141,3562,w,19,37.36,25,157.53,158,0.47,0
e2-nio-100,binary,100,bot_141,3562,w,21,29.69,25,182.94,174,-8.94,0
e2-nio-100,binary,100,bot_141,3562,w,23,21.36,25,138.46,124,-14.46,0
e2-nio-100,binary,100,bot_141,3562,w,25,26.18,25,151.69,126,-25.69,0
e2-nio-100,binary,100,bot_141,3562,w,27,24.77,25,189.79,160,-29.79,0
e2-nio-100,binary,100,bot_141,3562,w,29,97.1,25,175.87,150,-25.87,0
e2-nio-100,binary,100,bot_141,3562,w,31,68.13,25,134.24,138,3.76,0
e2-nio-100,binary,100,bot_141,3562,w,33,61.7,25,152.73,167,14.27,0
e2-nio-100,binary,100,bot_141,3562,w,35,25.77,25,144.7,134,-10.7,0
e2-nio-100,binary,100,bot_141,3562,w,37,30.1,25,156.21,148,-8.21,0
e2-nio-100,binary,100,bot_141,3562,w,39,21.49,25,176.52,153,-23.52,0
e2-nio-100,binary,100,bot_141,3562,w,41,23.73,25,136.94,109,-27.94,0
e2-nio-100,binary,100,bot_141,3562,w,43,13.46,25,160.34,133,-27.34,0
e2-nio-100,binary,100,bot_141,3562,w,45,51.65,25,99.59,137,37.41,0
e2-nio-100,binary,100,bot_141,3562,w,47,53.72,25,86.05,95,8.95,0
e2-nio-100,binary,100,bot_141,3562,w,49,40.35,25,116.61,108,-8.61,0
e2-nio-100,binary,100,bot_141,3562,w,51,38.66,25,89.68,64,-25.68,0
e2-nio-100,binary,100,bot_141,3562,w,53,22.43,25,111.36,91,-20.36,0
e2-nio-100,binary,100,bot_141,3562,w,55,23.18,25,115.79,89,-26.79,0
e2-nio-100,binary,100,bot_141,3562,w,57,59.52,25,123.63,89,-34.63,0
e2-nio-100,binary,100,bot_141,3562,w,59,24.04,25,71.59,57,-14.59,0
e2-nio-100,binary,100,bot_142,3562,b,2,108.43,25,93.42,191,97.58,0
e2-nio-100,binary,100,bot_142,3562,b,4,120.23,25,108.39,212,103.61,0
e2-nio-100,binary,100,bot_142,3562,b,6,116.96,25,110.55,215,104.45,0
e2-nio-100,binary,100,bot_142,3562,b,8,100.45,25,157.51,257,99.49,0
e2-nio-100,binary,100,bot_142,3562,b,10,112.57,25,180.32,276,95.68,0
e2-nio-100,binary,100,bot_142,3562,b,12,85.02,25,192.55,280,87.45,0
e2-nio-100,binary,100,bot_142,3562,b,14,76.27,25,145.49,222,76.51,0
e2-nio-100,binary,100,bot_142,3562,b,16,51.56,25,161.22,179,17.78,0
e2-nio-100,binary,100,bot_142,3562,b,18,48.72,25,178.83,204,25.17,0
e2-nio-100,binary,100,bot_142,3562,b,20,40.38,25,181.59,189,7.41,0
e2-nio-100,binary,100,bot_142,3562,b,22,32.68,25,197.21,196,-1.21,0
e2-nio-100,binary,100,bot_142,3562,b,24,23.11,25,156.09,146,-10.09,0
e2-nio-100,binary,100,bot_142,3562,b,26,18.97,25,205.31,201,-4.31,0
e2-nio-100,binary,100,bot_142,3562,b,28,21,25,229.17,223,-6.17,0
e2-nio-100,binary,100,bot_142,3562,b,30,52.04,25,145.64,211,65.36,0
e2-nio-100,binary,100,bot_142,3562,b,32,62.42,25,157.57,195,37.43,0
e2-nio-100,binary,100,bot_142,3562,b,34,37.03,25,169.07,200,30.93,0
e2-nio-100,binary,100,bot_142,3562,b,36,39.55,25,121.74,117,-4.74,0
e2-nio-100,binary,100,bot_142,3562,b,38,25.12,25,153.13,152,-1.12,0
e2-nio-100,binary,100,bot_142,3562,b,40,18.91,25,157.78,145,-12.78,0
e2-nio-100,binary,100,bot_142,3562,b,42,19.35,25,166.76,157,-9.76,0
e2-nio-100,binary,100,bot_142,3562,b,44,84.99,25,164.63,145,-19.63,0
e2-nio-100,binary,100,bot_142,3562,b,46,55.95,25,92.6,110,17.4,0
e2-nio-100,binary,100,bot_142,3562,b,48,37.8,25,99.68,119,19.32,0
e2-nio-100,binary,100,bot_142,3562,b,50,20.66,25,90.59,97,6.41,0
e2-nio-100,binary,100,bot_142,3562,b,52,26.04,25,109.5,114,4.5,0
e2-nio-100,binary,100,bot_142,3562,b,54,19.73,25,112.98,101,-11.98,0
e2-nio-100,binary,100,bot_142,3562,b,56,11.57,25,118.73,108,-10.73,0
e2-nio-100,binary,100,bot_142,3562,b,58,33.21,25,85.21,111,25.79,0
e2-nio-100,binary,100,bot_142,3562,b,60,22.81,25,60.96,51,-9.96,0
e2-nio-100,binary,100,bot_143,3563,w,1,111.16,25,91.12,177,85.88,0
e2-nio-100,binary,100,bot_143,3563,w,3,126.44,25,102.56,184,81.44,0
e2-nio-100,binary,100,bot_143,3563,w,5,123.51,25,103.63,187,83.37,0
e2-nio-100,binary,100,bot_143,3563,w,7,106.77,25,151.62,232,80.38,0
e2-nio-100,binary,100,bot_143,3563,w,9,119.76,25,173.07,251,77.93,0
e2-nio-100,binary,100,bot_143,3563,w,11,94.34,25,183.66,255,71.34,0
e2-nio-100,binary,100,bot_143,3563,w,13,80.14,25,141.1,199,57.9,0
e2-nio-100,binary,100,bot_143,3563,w,15,55.53,25,156.91,158,1.09,0
e2-nio-100,binary,100,bot_143,3563,w,17,51.9,25,175.82,186,10.18,0
e2-nio-100,binary,100,bot_143,3563,w,19,45.8,25,175.79,167,-8.79,0
e2-nio-100,binary,100,bot_143,3563,w,21,38.19,25,191.57,176,-15.57,0
e2-nio-100,binary,100,bot_143,3563,w,23,27.06,25,151.73,125,-26.73,0
e2-nio-100,binary,100,bot_143,3563,w,25,23.56,25,200.68,181,-19.68,0
e2-nio-100,binary,100,bot_143,3563,w,27,23.23,25,226.95,205,-21.95,0
e2-nio-100,binary,100,bot_143,3563,w,29,65.48,25,219.23,183,-36.23,0
e2-nio-100,binary,100,bot_143,3563,w,31,70.1,25,150.11,170,19.89,0
e2-nio-100,binary,100,bot_143,3563,w,33,41.06,25,165.21,182,16.79,0
e2-nio-100,binary,100,bot_143,3563,w,35,42.76,25,118.39,98,-20.39,0
e2-nio-100,binary,100,bot_143,3563,w,37,29.42,25,148.84,133,-15.84,0
e2-nio-100,binary,100,bot_143,3563,w,39,21.78,25,154.9,133,-21.9,0
e2-nio-100,binary,100,bot_143,3563,w,41,24.36,25,161.73,141,-20.73,0
e2-nio-100,binary,100,bot_143,3563,w,43,16.52,25,159.38,130,-29.38,0
e2-nio-100,binary,100,bot_143,3563,w,45,58.73,25,89.49,103,13.51,0
e2-nio-100,binary,100,bot_143,3563,w,47,41.37,25,96.26,104,7.74,0
e2-nio-100,binary,100,bot_143,3563,w,49,22.4,25,89.16,85,-4.16,0
e2-nio-100,binary,100,bot_143,3563,w,51,28.42,25,107.39,101,-6.39,0
e2-nio-100,binary,100,bot_143,3563,w,53,22.01,25,110.81,91,-19.81,0
e2-nio-100,binary,100,bot_143,3563,w,55,13.59,25,116.8,97,-19.8,0
e2-nio-100,binary,100,bot_143,3563,w,57,43.87,25,129.02,92,-37.02,0
e2-nio-100,binary,100,bot_143,3563,w,59,23.96,25,59.31,39,-20.31,0
e2-nio-100,binary,100,bot_144,3563,b,2,141.78,25,110.62,180,69.38,0
e2-nio-100,binary,100,bot_144,3563,b,4,143.43,25,105.34,189,83.66,0
e2-nio-100,binary,100,bot_144,3563,b,6,139.22,25,121.06,202,80.94,0
e2-nio-100,binary,100,bot_144,3563,b,8,137.34,25,158.3,222,63.7,0
e2-nio-100,binary,100,bot_144,3563,b,10,130.39,25,168.4,245,76.6,0
e2-nio-100,binary,100,bot_144,3563,b,12,118.75,25,135.34,187,51.66,0
e2-nio-100,binary,100,bot_144,3563,b,14,51.23,25,152.98,198,45.02,0
e2-nio-100,binary,100,bot_144,3563,b,16,59.56,25,184.08,202,17.92,0
e2-nio-100,binary,100,bot_144,3563,b,18,40.04,25,154.89,171,16.11,0
e2-nio-100,binary,100,bot_144,3563,b,20,33.59,25,179.21,189,9.79,0
e2-nio-100,binary,100,bot_144,3563,b,22,21.78,25,138.12,140,1.88,0
e2-nio-100,binary,100,bot_144,3563,b,24,29.04,25,148.91,139,-9.91,0
e2-nio-100,binary,100,bot_144,3563,b,26,27.94,25,186.62,173,-13.62,0
e2-nio-100,binary,100,bot_144,3563,b,28,13.63,25,172.5,160,-12.5,0
e2-nio-100,binary,100,bot_144,3563,b,30,70.69,25,131.23,161,29.77,0
e2-nio-100,binary,100,bot_144,3563,b,32,65.9,25,148.64,183,34.36,0
e2-nio-100,binary,100,bot_144,3563,b,34,28.1,25,142.33,146,3.67,0
e2-nio-100,binary,100,bot_144,3563,b,36,32.5,25,153.84,161,7.16,0
e2-nio-100,binary,100,bot_144,3563,b,38,26.4,25,171.73,162,-9.73,0
e2-nio-100,binary,100,bot_144,3563,b,40,27.21,25,133.36,116,-17.36,0
e2-nio-100,binary,100,bot_144,3563,b,42,18.79,25,155.02,141,-14.02,0
e2-nio-100,binary,100,bot_144,3563,b,44,61.7,25,163.29,141,-22.29,0
e2-nio-100,binary,100,bot_144,3563,b,46,56.41,25,83.32,104,20.68,0
e2-nio-100,binary,100,bot_144,3563,b,48,44.23,25,112.62,116,3.38,0
e2-nio-100,binary,100,bot_144,3563,b,50,41.38,25,86.85,70,-16.85,0
e2-nio-100,binary,100,bot_144,3563,b,52,28.42,25,105.28,95,-10.28,0
e2-nio-100,binary,100,bot_144,3563,b,54,28.82,25,110.08,94,-16.08,0
e2-nio-100,binary,100,bot_144,3563,b,56,10.73,25,118.04,93,-25.04,0
e2-nio-100,binary,100,bot_144,3563,b,58,27.81,25,67.85,72,4.15,0
e2-nio-100,binary,100,bot_144,3563,b,60,26.39,25,94.76,80,-14.76,0
e2-nio-100,binary,100,bot_145,3564,w,1,143.84,25,108.93,155,46.07,0
e2-nio-100,binary,100,bot_145,3564,w,3,146.6,25,102.1,159,56.9,0
e2-nio-100,binary,100,bot_145,3564,w,5,143.18,25,116.73,169,52.27,0
e2-nio-100,binary,100,bot_145,3564,w,7,142.27,25,152.86,191,38.14,0
e2-nio-100,binary,100,bot_145,3564,w,9,135.17,25,163.64,215,51.36,0
e2-nio-100,binary,100,bot_145,3564,w,11,123.55,25,130.2,158,27.8,0
e2-nio-100,binary,100,bot_145,3564,w,13,53.69,25,151.71,177,25.29,0
e2-nio-100,binary,100,bot_145,3564,w,15,63.28,25,180.72,180,-0.72,0
e2-nio-100,binary,100,bot_145,3564,w,17,42.96,25,152,147,-5,0
e2-nio-100,binary,100,bot_145,3564,w,19,38.58,25,174.44,164,-10.44,0
e2-nio-100,binary,100,bot_145,3564,w,21,24.88,25,134.94,117,-17.94,0
e2-nio-100,binary,100,bot_145,3564,w,23,33.49,25,144.43,114,-30.43,0
e2-nio-100,binary,100,bot_145,3564,w,25,32.3,25,182.21,149,-33.21,0
e2-nio-100,binary,100,bot_145,3564,w,27,16.1,25,170.24,136,-34.24,0
e2-nio-100,binary,100,bot_145,3564,w,29,73.36,25,128.16,136,7.84,0
e2-nio-100,binary,100,bot_145,3564,w,31,69.67,25,144.82,160,15.18,0
e2-nio-100,binary,100,bot_145,3564,w,33,29.63,25,140.6,126,-14.6,0
e2-nio-100,binary,100,bot_145,3564,w,35,33.86,25,152.53,139,-13.53,0
e2-nio-100,binary,100,bot_145,3564,w,37,29.06,25,169.3,145,-24.3,0
e2-nio-100,binary,100,bot_145,3564,w,39,28.84,25,131.54,100,-31.54,0
e2-nio-100,binary,100,bot_145,3564,w,41,21.43,25,152.45,124,-28.45,0
e2-nio-100,binary,100,bot_145,3564,w,43,9.36,25,161.42,126,-35.42,0
e2-nio-100,binary,100,bot_145,3564,w,45,58.42,25,81.91,95,13.09,0
e2-nio-100,binary,100,bot_145,3564,w,47,47.37,25,109.44,98,-11.44,0
e2-nio-100,binary,100,bot_145,3564,w,49,43.04,25,84.94,55,-29.94,0
e2-nio-100,binary,100,bot_145,3564,w,51,32.23,25,100.53,77,-23.53,0
e2-nio-100,binary,100,bot_145,3564,w,53,32.87,25,106.08,77,-29.08,0
e2-nio-100,binary,100,bot_145,3564,w,55,14.04,25,114.87,76,-38.87,0
e2-nio-100,binary,100,bot_145,3564,w,57,32.44,25,98.46,56,-42.46,0
e2-nio-100,binary,100,bot_145,3564,w,59,31.79,25,88.55,62,-26.55,0
e2-nio-100,binary,100,bot_146,3564,b,2,130.01,25,99.17,203,103.83,0
e2-nio-100,binary,100,bot_146,3564,b,4,126.47,25,100.71,207,106.29,0
e2-nio-100,binary,100,bot_146,3564,b,6,111.57,25,147.03,251,103.97,0
e2-nio-100,binary,100,bot_146,3564,b,8,125.04,25,167.9,270,102.1,0
e2-nio-100,binary,100,bot_146,3564,b,10,100.89,25,177.3,272,94.7,0
e2-nio-100,binary,100,bot_146,3564,b,12,83.34,25,137.97,221,83.03,0
e2-nio-100,binary,100,bot_146,3564,b,14,57.88,25,154.26,173,18.74,0
e2-nio-100,binary,100,bot_146,3564,b,16,53.89,25,173.98,203,29.02,0
e2-nio-100,binary,100,bot_146,3564,b,18,48.84,25,172.67,180,7.33,0
e2-nio-100,binary,100,bot_146,3564,b,20,40.86,25,188.94,193,4.06,0
e2-nio-100,binary,100,bot_146,3564,b,22,28.91,25,149.82,140,-9.82,0
e2-nio-100,binary,100,bot_146,3564,b,24,26.5,25,197.77,197,-0.77,0
e2-nio-100,binary,100,bot_146,3564,b,26,24.84,25,225.36,223,-2.36,0
e2-nio-100,binary,100,bot_146,3564,b,28,65.98,25,218.78,199,-19.78,0
e2-nio-100,binary,100,bot_146,3564,b,30,73.69,25,146.58,185,38.42,0
e2-nio-100,binary,100,bot_146,3564,b,32,45.41,25,160.94,197,36.06,0
e2-nio-100,binary,100,bot_146,3564,b,34,44.68,25,116.47,111,-5.47,0
e2-nio-100,binary,100,bot_146,3564,b,36,31.16,25,147.1,147,-0.1,0
e2-nio-100,binary,100,bot_146,3564,b,38,23.68,25,152.99,144,-8.99,0
e2-nio-100,binary,100,bot_146,3564,b,40,26.84,25,159.24,150,-9.24,0
e2-nio-100,binary,100,bot_146,3564,b,42,19.48,25,156.4,140,-16.4,0
e2-nio-100,binary,100,bot_146,3564,b,44,66.94,25,135.54,107,-28.54,0
e2-nio-100,binary,100,bot_146,3564,b,46,43.78,25,93.77,114,20.23,0
e2-nio-100,binary,100,bot_146,3564,b,48,24.7,25,86.96,96,9.04,0
e2-nio-100,binary,100,bot_146,3564,b,50,30.83,25,105.06,110,4.94,0
e2-nio-100,binary,100,bot_146,3564,b,52,25.73,25,107.84,102,-5.84,0
e2-nio-100,binary,100,bot_146,3564,b,54,16.65,25,113.74,109,-4.74,0
e2-nio-100,binary,100,bot_146,3564,b,56,12.66,25,125.25,102,-23.25,0
e2-nio-100,binary,100,bot_146,3564,b,58,27.95,25,55.23,51,-4.23,0
e2-nio-100,binary,100,bot_146,3564,b,60,22.02,25,84.56,79,-5.56,0
e2-nio-100,binary,100,bot_147,3565,w,1,134.7,25,95.24,194,98.76,0
e2-nio-100,binary,100,bot_147,3565,w,3,131.14,25,95.87,186,90.13,0
e2-nio-100,binary,100,bot_147,3565,w,5,116.67,25,142.51,234,91.49,0
e2-nio-100,binary,100,bot_147,3565,w,7,134.34,25,158.55,249,90.45,0
e2-nio-100,binary,100,bot_147,3565,w,9,111.54,25,167.26,250,82.74,0
e2-nio-100,binary,100,bot_147,3565,w,11,85.53,25,135.54,207,71.46,0
e2-nio-100,binary,100,bot_147,3565,w,13,63.15,25,148.8,159,10.2,0
e2-nio-100,binary,100,bot_147,3565,w,15,57.83,25,170.36,189,18.64,0
e2-nio-100,binary,100,bot_147,3565,w,17,53.17,25,167.86,166,-1.86,0
e2-nio-100,binary,100,bot_147,3565,w,19,46.68,25,183.12,179,-4.12,0
e2-nio-100,binary,100,bot_147,3565,w,21,34.38,25,143.71,122,-21.71,0
e2-nio-100,binary,100,bot_147,3565,w,23,29.52,25,194.62,182,-12.62,0
e2-nio-100,binary,100,bot_147,3565,w,25,26.01,25,223.31,209,-14.31,0
e2-nio-100,binary,100,bot_147,3565,w,27,14.49,25,216.13,185,-31.13,0
e2-nio-100,binary,100,bot_147,3565,w,29,75.92,25,144.89,185,40.11,0
e2-nio-100,binary,100,bot_147,3565,w,31,48.21,25,158.4,182,23.6,0
e2-nio-100,binary,100,bot_147,3565,w,33,45.75,25,115.34,99,-16.34,0
e2-nio-100,binary,100,bot_147,3565,w,35,33.02,25,145.2,131,-14.2,0
e2-nio-100,binary,100,bot_147,3565,w,37,25.16,25,151.32,133,-18.32,0
e2-nio-100,binary,100,bot_147,3565,w,39,29.75,25,156.25,140,-16.25,0
e2-nio-100,binary,100,bot_147,3565,w,41,22.05,25,153.75,128,-25.75,0
e2-nio-100,binary,100,bot_147,3565,w,43,8.44,25,133.95,97,-36.95,0
e2-nio-100,binary,100,bot_147,3565,w,45,47,25,90.43,108,17.57,0
e2-nio-100,binary,100,bot_147,3565,w,47,26.69,25,85.14,86,0.86,0
e2-nio-100,binary,100,bot_147,3565,w,49,32.97,25,103.27,99,-4.27,0
e2-nio-100,binary,100,bot_147,3565,w,51,29.52,25,103.6,90,-13.6,0
e2-nio-100,binary,100,bot_147,3565,w,53,20.74,25,109.33,96,-13.33,0
e2-nio-100,binary,100,bot_147,3565,w,55,16.88,25,120.79,88,-32.79,0
e2-nio-100,binary,100,bot_147,3565,w,57,32.28,25,79.95,36,-43.95,0
e2-nio-100,binary,100,bot_147,3565,w,59,25.66,25,80.31,67,-13.31,0
e2-nio-100,binary,100,bot_148,3565,b,2,150.17,25,98.28,186,87.72,0
e2-nio-100,binary,100,bot_148,3565,b,4,151.88,25,107.72,192,84.28,0
e2-nio-100,binary,100,bot_148,3565,b,6,152.14,25,142.42,212,69.58,0
e2-nio-100,binary,100,bot_148,3565,b,8,144.55,25,154.23,242,87.77,0
e2-nio-100,binary,100,bot_148,3565,b,10,131.78,25,121.45,186,64.55,0
e2-nio-100,binary,100,bot_148,3565,b,12,58.96,25,147.15,195,47.85,0
e2-nio-100,binary,100,bot_148,3565,b,14,68.92,25,174.77,199,24.23,0
e2-nio-100,binary,100,bot_148,3565,b,16,47.16,25,147.83,168,20.17,0
e2-nio-100,binary,100,bot_148,3565,b,18,45.2,25,168.04,183,14.96,0
e2-nio-100,binary,100,bot_148,3565,b,20,28.35,25,131.45,140,8.55,0
e2-nio-100,binary,100,bot_148,3565,b,22,35.66,25,142.84,140,-2.84,0
e2-nio-100,binary,100,bot_148,3565,b,24,34.21,25,180.36,171,-9.36,0
e2-nio-100,binary,100,bot_148,3565,b,26,17.71,25,169.41,157,-12.41,0
e2-nio-100,binary,100,bot_148,3565,b,28,90,25,165.34,141,-24.34,0
e2-nio-100,binary,100,bot_148,3565,b,30,72.91,25,141.56,179,37.44,0
e2-nio-100,binary,100,bot_148,3565,b,32,32.98,25,137.18,147,9.82,0
e2-nio-100,binary,100,bot_148,3565,b,34,36.12,25,150.27,157,6.73,0
e2-nio-100,binary,100,bot_148,3565,b,36,29.46,25,169.02,161,-8.02,0
e2-nio-100,binary,100,bot_148,3565,b,38,30.82,25,129.55,114,-15.55,0
e2-nio-100,binary,100,bot_148,3565,b,40,23.22,25,150.71,140,-10.71,0
e2-nio-100,binary,100,bot_148,3565,b,42,11.25,25,159.6,140,-19.6,0
e2-nio-100,binary,100,bot_148,3565,b,44,65.84,25,134.4,102,-32.4,0
e2-nio-100,binary,100,bot_148,3565,b,46,49.35,25,107.44,114,6.56,0
e2-nio-100,binary,100,bot_148,3565,b,48,44.39,25,83.53,70,-13.53,0
e2-nio-100,binary,100,bot_148,3565,b,50,34.73,25,98.05,91,-7.05,0
e2-nio-100,binary,100,bot_148,3565,b,52,35.3,25,103.74,93,-10.74,0
e2-nio-100,binary,100,bot_148,3565,b,54,14.31,25,114.71,94,-20.71,0
e2-nio-100,binary,100,bot_148,3565,b,56,4.76,25,96.96,72,-24.96,0
e2-nio-100,binary,100,bot_148,3565,b,58,33.92,25,86.53,78,-8.53,0
e2-nio-100,binary,100,bot_148,3565,b,60,23.64,25,74.83,61,-13.83,0
e2-nio-100,binary,100,bot_149,3566,w,1,152.93,25,95.67,164,68.33,0
e2-nio-100,binary,100,bot_149,3566,w,3,158.11,25,101.38,156,54.62,0
e2-nio-100,binary,100,bot_149,3566,w,5,158.7,25,135.57,178,42.43,0
e2-nio-100,binary,100,bot_149,3566,w,7,151.68,25,147.18,208,60.82,0
e2-nio-100,binary,100,bot_149,3566,w,9,136.25,25,116.46,155,38.54,0
e2-nio-100,binary,100,bot_149,3566,w,11,62.5,25,144.73,167,22.27,0
e2-nio-100,binary,100,bot_149,3566,w,13,75.14,25,168.36,175,6.64,0
e2-nio-100,binary,100,bot_149,3566,w,15,50.65,25,144.42,142,-2.42,0
e2-nio-100,binary,100,bot_149,3566,w,17,52.34,25,161.52,158,-3.52,0
e2-nio-100,binary,100,bot_149,3566,w,19,31.84,25,128.13,122,-6.13,0
e2-nio-100,binary,100,bot_149,3566,w,21,40.27,25,137.98,117,-20.98,0
e2-nio-100,binary,100,bot_149,3566,w,23,35.39,25,179.69,148,-31.69,0
e2-nio-100,binary,100,bot_149,3566,w,25,18.76,25,168.74,137,-31.74,0
e2-nio-100,binary,100,bot_149,3566,w,27,18.1,25,162.66,119,-43.66,0
e2-nio-100,binary,100,bot_149,3566,w,29,75.56,25,138.99,167,28.01,0
e2-nio-100,binary,100,bot_149,3566,w,31,34.95,25,135.06,125,-10.06,0
e2-nio-100,binary,100,bot_149,3566,w,33,38.83,25,147.64,134,-13.64,0
e2-nio-100,binary,100,bot_149,3566,w,35,32.7,25,166.03,145,-21.03,0
e2-nio-100,binary,100,bot_149,3566,w,37,34.42,25,125.74,98,-27.74,0
e2-nio-100,binary,100,bot_149,3566,w,39,27.23,25,146.7,122,-24.7,0
e2-nio-100,binary,100,bot_149,3566,w,41,13.73,25,157.37,125,-32.37,0
e2-nio-100,binary,100,bot_149,3566,w,43,10.37,25,131,83,-48,0
e2-nio-100,binary,100,bot_149,3566,w,45,53.89,25,102.47,106,3.53,0
e2-nio-100,binary,100,bot_149,3566,w,47,47.1,25,80.32,51,-29.32,0
e2-nio-100,binary,100,bot_149,3566,w,49,44.73,25,87.97,63,-24.97,0
e2-nio-100,binary,100,bot_149,3566,w,51,37.42,25,101.89,76,-25.89,0
e2-nio-100,binary,100,bot_149,3566,w,53,16.16,25,112.87,79,-33.87,0
e2-nio-100,binary,100,bot_149,3566,w,55,4.78,25,97.48,60,-37.48,0
e2-nio-100,binary,100,bot_149,3566,w,57,42.79,25,105.62,55,-50.62,0
e2-nio-100,binary,100,bot_149,3566,w,59,26.43,25,71.66,42,-29.66,0
e2-nio-100,binary,100,bot_150,3566,b,2,134.2,25,92.68,206,113.32,0
e2-nio-100,binary,100,bot_150,3566,b,4,120.8,25,138.57,256,117.43,0
e2-nio-100,binary,100,bot_150,3566,b,6,140.4,25,152.53,270,117.47,0
e2-nio-100,binary,100,bot_150,3566,b,8,118.32,25,160.76,272,111.24,0
e2-nio-100,binary,100,bot_150,3566,b,10,86.88,25,133.83,229,95.17,0
e2-nio-100,binary,100,bot_150,3566,b,12,70.39,25,141.45,170,28.55,0
e2-nio-100,binary,100,bot_150,3566,b,14,62.02,25,166.45,208,41.55,0
e2-nio-100,binary,100,bot_150,3566,b,16,60.52,25,160.18,177,16.82,0
e2-nio-100,binary,100,bot_150,3566,b,18,57.75,25,172.01,191,18.99,0
e2-nio-100,binary,100,bot_150,3566,b,20,42.58,25,135.18,133,-2.18,0
e2-nio-100,binary,100,bot_150,3566,b,22,33.99,25,190.86,197,6.14,0
e2-nio-100,binary,100,bot_150,3566,b,24,31.58,25,217.66,219,1.34,0
e2-nio-100,binary,100,bot_150,3566,b,26,19.84,25,210.72,195,-15.72,0
e2-nio-100,binary,100,bot_150,3566,b,28,93.06,25,201.79,186,-15.79,0
e2-nio-100,binary,100,bot_150,3566,b,30,53.96,25,152.72,194,41.28,0
e2-nio-100,binary,100,bot_150,3566,b,32,50.27,25,110.77,112,1.23,0
e2-nio-100,binary,100,bot_150,3566,b,34,37.32,25,140.88,145,4.12,0
e2-nio-100,binary,100,bot_150,3566,b,36,30.29,25,146.17,141,-5.17,0
e2-nio-100,binary,100,bot_150,3566,b,38,34.08,25,151.9,149,-2.9,0
e2-nio-100,binary,100,bot_150,3566,b,40,26.12,25,149.67,140,-9.67,0
e2-nio-100,binary,100,bot_150,3566,b,42,10.9,25,131.46,108,-23.46,0
e2-nio-100,binary,100,bot_150,3566,b,44,62.54,25,133.78,107,-26.78,0
e2-nio-100,binary,100,bot_150,3566,b,46,29.52,25,82.41,99,16.59,0
e2-nio-100,binary,100,bot_150,3566,b,48,33.52,25,102.93,113,10.07,0
e2-nio-100,binary,100,bot_150,3566,b,50,33.53,25,99.42,108,8.58,0
e2-nio-100,binary,100,bot_150,3566,b,52,24.85,25,105.18,105,-0.18,0
e2-nio-100,binary,100,bot_150,3566,b,54,22.23,25,115.35,95,-20.35,0
e2-nio-100,binary,100,bot_150,3566,b,56,8.31,25,76.09,44,-32.09,0
e2-nio-100,binary,100,bot_150,3566,b,58,28.49,25,77.43,82,4.57,0
e2-nio-100,binary,100,bot_150,3566,b,60,17.55,25,85.42,74,-11.42,0
e2-nio-100,binary,100,bot_151,3567,w,1,134.45,25,92.36,187,94.64,0
e2-nio-100,binary,100,bot_151,3567,w,3,127.05,25,131.82,219,87.18,0
e2-nio-100,binary,100,bot_151,3567,w,5,148.24,25,144.47,232,87.53,0
e2-nio-100,binary,100,bot_151,3567,w,7,125.23,25,154.12,235,80.88,0
e2-nio-100,binary,100,bot_151,3567,w,9,90.36,25,129.8,195,65.2,0
e2-nio-100,binary,100,bot_151,3567,w,11,78.41,25,133.04,140,6.96,0
e2-nio-100,binary,100,bot_151,3567,w,13,69.57,25,159.15,179,19.85,0
e2-nio-100,binary,100,bot_151,3567,w,15,65.12,25,154.93,150,-4.93,0
e2-nio-100,binary,100,bot_151,3567,w,17,61.28,25,168.59,168,-0.59,0
e2-nio-100,binary,100,bot_151,3567,w,19,46.12,25,131.27,105,-26.27,0
e2-nio-100,binary,100,bot_151,3567,w,21,36.65,25,187.31,171,-16.31,0
e2-nio-100,binary,100,bot_151,3567,w,23,34.81,25,214.28,192,-22.28,0
e2-nio-100,binary,100,bot_151,3567,w,25,23.05,25,207.42,170,-37.42,0
e2-nio-100,binary,100,bot_151,3567,w,27,14.89,25,199.35,161,-38.35,0
e2-nio-100,binary,100,bot_151,3567,w,29,56.46,25,150.27,179,28.73,0
e2-nio-100,binary,100,bot_151,3567,w,31,51.32,25,109.74,88,-21.74,0
e2-nio-100,binary,100,bot_151,3567,w,33,38.96,25,139.4,124,-15.4,0
e2-nio-100,binary,100,bot_151,3567,w,35,31.49,25,144.95,126,-18.95,0
e2-nio-100,binary,100,bot_151,3567,w,37,35.79,25,150.14,133,-17.14,0
e2-nio-100,binary,100,bot_151,3567,w,39,27.11,25,148.67,123,-25.67,0
e2-nio-100,binary,100,bot_151,3567,w,41,11.66,25,130.7,91,-39.7,0
e2-nio-100,binary,100,bot_151,3567,w,43,12.9,25,131.69,90,-41.69,0
e2-nio-100,binary,100,bot_151,3567,w,45,30.51,25,82.11,95,12.89,0
e2-nio-100,binary,100,bot_151,3567,w,47,35.99,25,100.81,94,-6.81,0
e2-nio-100,binary,100,bot_151,3567,w,49,35.64,25,136.12,88,-48.12,0
e2-nio-100,binary,100,bot_151,3567,w,51,28.28,25,101.74,85,-16.74,0
e2-nio-100,binary,100,bot_151,3567,w,53,24.97,25,112.46,75,-37.46,0
e2-nio-100,binary,100,bot_151,3567,w,55,11.57,25,72.54,24,-48.54,0
e2-nio-100,binary,100,bot_151,3567,w,57,35.33,25,108.03,62,-46.03,0
e2-nio-100,binary,100,bot_151,3567,w,59,20.63,25,82.11,55,-27.11,0
e2-nio-100,binary,100,bot_152,3567,b,2,162.36,25,97.17,192,94.83,0
e2-nio-100,binary,100,bot_152,3567,b,4,162.89,25,131.9,220,88.1,0
e2-nio-100,binary,100,bot_152,3567,b,6,155.86,25,143.11,251,107.89,0
e2-nio-100,binary,100,bot_152,3567,b,8,140.36,25,112.22,197,84.78,0
e2-nio-100,binary,100,bot_152,3567,b,10,65.13,25,142.72,199,56.28,0
e2-nio-100,binary,100,bot_152,3567,b,12,79.8,25,163.73,210,46.27,0
e2-nio-100,binary,100,bot_152,3567,b,14,54.58,25,140.63,176,35.38,0
e2-nio-100,binary,100,bot_152,3567,b,16,57.92,25,156.34,187,30.66,0
e2-nio-100,binary,100,bot_152,3567,b,18,33.56,25,126.43,153,26.57,0
e2-nio-100,binary,100,bot_152,3567,b,20,42.65,25,135.62,148,12.38,0
e2-nio-100,binary,100,bot_152,3567,b,22,37.23,25,178.45,181,2.55,0
e2-nio-100,binary,100,bot_152,3567,b,24,21.26,25,166.36,168,1.64,0
e2-nio-100,binary,100,bot_152,3567,b,26,20.41,25,160.29,150,-10.29,0
e2-nio-100,binary,100,bot_152,3567,b,28,87.63,25,207.36,188,-19.36,0
e2-nio-100,binary,100,bot_152,3567,b,30,37.51,25,132.46,155,22.54,0
e2-nio-100,binary,100,bot_152,3567,b,32,44.23,25,142.23,160,17.77,0
e2-nio-100,binary,100,bot_152,3567,b,34,37.25,25,161.5,164,2.5,0
e2-nio-100,binary,100,bot_152,3567,b,36,38.77,25,121.28,116,-5.28,0
e2-nio-100,binary,100,bot_152,3567,b,38,31,25,142.91,142,-0.91,0
e2-nio-100,binary,100,bot_152,3567,b,40,16.66,25,154.47,145,-9.47,0
e2-nio-100,binary,100,bot_152,3567,b,42,13.72,25,127.63,103,-24.62,0
e2-nio-100,binary,100,bot_152,3567,b,44,69.15,25,138.43,115,-23.43,0
e2-nio-100,binary,100,bot_152,3567,b,46,49.68,25,77.63,71,-6.63,0
e2-nio-100,binary,100,bot_152,3567,b,48,8.39,25,85.48,85,-0.48,0
e2-nio-100,binary,100,bot_152,3567,b,50,40.44,25,98.88,98,-0.88,0
e2-nio-100,binary,100,bot_152,3567,b,52,18.85,25,110.19,102,-8.19,0
e2-nio-100,binary,100,bot_152,3567,b,54,6.81,25,95.55,84,-11.55,0
e2-nio-100,binary,100,bot_152,3567,b,56,8.61,25,102.26,77,-25.26,0
e2-nio-100,binary,100,bot_152,3567,b,58,30.14,25,67.95,67,-0.95,0
e2-nio-100,binary,100,bot_152,3567,b,60,18.95,25,71.38,55,-16.38,0
e2-nio-100,binary,100,bot_153,3568,w,1,163.36,25,96.41,161,64.59,0
e2-nio-100,binary,100,bot_153,3568,w,3,165.28,25,129.39,174,44.61,0
e2-nio-100,binary,100,bot_153,3568,w,5,158.85,25,140.05,206,65.95,0
e2-nio-100,binary,100,bot_153,3568,w,7,142.77,25,109.5,152,42.5,0
e2-nio-100,binary,100,bot_153,3568,w,9,67,25,141.3,167,25.7,0
e2-nio-100,binary,100,bot_153,3568,w,11,83.78,25,159.39,174,14.61,0
e2-nio-100,binary,100,bot_153,3568,w,13,57.22,25,137.98,144,6.02,0
e2-nio-100,binary,100,bot_153,3568,w,15,60.11,25,154.43,155,0.57,0
e2-nio-100,binary,100,bot_153,3568,w,17,34.86,25,125.47,121,-4.47,0
e2-nio-100,binary,100,bot_153,3568,w,19,44.83,25,133.53,118,-15.53,0
e2-nio-100,binary,100,bot_153,3568,w,21,38.91,25,176.85,151,-25.85,0
e2-nio-100,binary,100,bot_153,3568,w,23,23.69,25,164.29,135,-29.29,0
e2-nio-100,binary,100,bot_153,3568,w,25,23.07,25,157.5,119,-38.5,0
e2-nio-100,binary,100,bot_153,3568,w,27,12.75,25,205.36,157,-48.36,0
e2-nio-100,binary,100,bot_153,3568,w,29,39.15,25,130.99,145,14.01,0
e2-nio-100,binary,100,bot_153,3568,w,31,46.75,25,139.81,129,-10.81,0
e2-nio-100,binary,100,bot_153,3568,w,33,39.25,25,159.87,142,-17.87,0
e2-nio-100,binary,100,bot_153,3568,w,35,40.3,25,119.8,96,-23.8,0
e2-nio-100,binary,100,bot_153,3568,w,37,30.93,25,143.34,123,-20.34,0
e2-nio-100,binary,100,bot_153,3568,w,39,18.34,25,153.2,123,-30.2,0
e2-nio-100,binary,100,bot_153,3568,w,41,14.8,25,126.65,80,-46.65,0
e2-nio-100,binary,100,bot_153,3568,w,43,13.34,25,137.16,94,-43.16,0
e2-nio-100,binary,100,bot_153,3568,w,45,50.55,25,76.56,55,-21.56,0
e2-nio-100,binary,100,bot_153,3568,w,47,9.82,25,83.62,65,-18.62,0
e2-nio-100,binary,100,bot_153,3568,w,49,42.83,25,96.51,76,-20.51,0
e2-nio-100,binary,100,bot_153,3568,w,51,20.07,25,109.09,80,-29.09,0
e2-nio-100,binary,100,bot_153,3568,w,53,7.55,25,95.25,64,-31.25,0
e2-nio-100,binary,100,bot_153,3568,w,55,10.64,25,100.35,55,-45.35,0
e2-nio-100,binary,100,bot_153,3568,w,57,37.22,25,91.65,38,-53.65,0
e2-nio-100,binary,100,bot_153,3568,w,59,21.37,25,68.54,32,-36.54,0
e2-nio-100,binary,100,bot_154,3568,b,2,128.35,25,130.53,256,125.47,0
e2-nio-100,binary,100,bot_154,3568,b,4,150.72,25,142.01,268,125.99,0
e2-nio-100,binary,100,bot_154,3568,b,6,127.79,25,151.66,271,119.34,0
e2-nio-100,binary,100,bot_154,3568,b,8,92.92,25,127.17,231,103.83,0
e2-nio-100,binary,100,bot_154,3568,b,10,81.65,25,129.81,164,34.19,0
e2-nio-100,binary,100,bot_154,3568,b,12,72.78,25,156.09,207,50.91,0
e2-nio-100,binary,100,bot_154,3568,b,14,67.05,25,152.91,177,24.09,0
e2-nio-100,binary,100,bot_154,3568,b,16,63.45,25,166.12,194,27.88,0
e2-nio-100,binary,100,bot_154,3568,b,18,51.32,25,125.93,128,2.07,0
e2-nio-100,binary,100,bot_154,3568,b,20,41.37,25,182.48,195,12.52,0
e2-nio-100,binary,100,bot_154,3568,b,22,38.12,25,210.92,217,6.08,0
e2-nio-100,binary,100,bot_154,3568,b,24,28.62,25,201.82,192,-9.82,0
e2-nio-100,binary,100,bot_154,3568,b,26,18.28,25,195.93,186,-9.93,0
e2-nio-100,binary,100,bot_154,3568,b,28,81.43,25,202.18,182,-20.18,0
e2-nio-100,binary,100,bot_154,3568,b,30,55.31,25,105.69,112,6.31,0
e2-nio-100,binary,100,bot_154,3568,b,32,43.52,25,134.79,149,14.21,0
e2-nio-100,binary,100,bot_154,3568,b,34,38.33,25,137.99,141,3.01,0
e2-nio-100,binary,100,bot_154,3568,b,36,41.16,25,144.62,149,4.38,0
e2-nio-100,binary,100,bot_154,3568,b,38,32.18,25,143.48,139,-4.48,0
e2-nio-100,binary,100,bot_154,3568,b,40,14.9,25,127.4,110,-17.4,0
e2-nio-100,binary,100,bot_154,3568,b,42,19.3,25,125.13,105,-20.13,0
e2-nio-100,binary,100,bot_154,3568,b,44,40.55,25,129.3,108,-21.3,0
e2-nio-100,binary,100,bot_154,3568,b,46,42.35,25,94.5,111,16.5,0
e2-nio-100,binary,100,bot_154,3568,b,48,40.93,25,130.8,104,-26.8,0
e2-nio-100,binary,100,bot_154,3568,b,50,33.14,25,96.84,103,6.16,0
e2-nio-100,binary,100,bot_154,3568,b,52,30.37,25,107,92,-15,0
e2-nio-100,binary,100,bot_154,3568,b,54,16.48,25,67.49,40,-27.49,0
e2-nio-100,binary,100,bot_154,3568,b,56,8.33,25,104.35,80,-24.35,0
e2-nio-100,binary,100,bot_154,3568,b,58,24.07,25,78.73,80,1.27,0
e2-nio-100,binary,100,bot_154,3568,b,60,15.57,25,84.31,70,-14.31,0
e2-nio-100,binary,100,bot_155,3569,w,1,131.77,25,127.87,233,105.13,0
e2-nio-100,binary,100,bot_155,3569,w,3,153.82,25,138.97,235,96.03,0
e2-nio-100,binary,100,bot_155,3569,w,5,130.36,25,149.42,236,86.58,0
e2-nio-100,binary,100,bot_155,3569,w,7,94.01,25,125.58,198,72.42,0
e2-nio-100,binary,100,bot_155,3569,w,9,86.44,25,125.03,135,9.97,0
e2-nio-100,binary,100,bot_155,3569,w,11,77.21,25,152.02,180,27.98,0
e2-nio-100,binary,100,bot_155,3569,w,13,72.59,25,146.86,147,0.14,0
e2-nio-100,binary,100,bot_155,3569,w,15,64.75,25,164.85,168,3.15,0
e2-nio-100,binary,100,bot_155,3569,w,17,52.52,25,124.38,101,-23.38,0
e2-nio-100,binary,100,bot_155,3569,w,19,44.22,25,179.93,168,-11.93,0
e2-nio-100,binary,100,bot_155,3569,w,21,41.44,25,207.69,189,-18.69,0
e2-nio-100,binary,100,bot_155,3569,w,23,31.35,25,199.02,165,-34.02,0
e2-nio-100,binary,100,bot_155,3569,w,25,19.23,25,194.95,159,-35.95,0
e2-nio-100,binary,100,bot_155,3569,w,27,22.54,25,199.99,155,-44.99,0
e2-nio-100,binary,100,bot_155,3569,w,29,56.07,25,105,100,-5,0
e2-nio-100,binary,100,bot_155,3569,w,31,44.34,25,133.94,123,-10.94,0
e2-nio-100,binary,100,bot_155,3569,w,33,40.35,25,135.66,122,-13.66,0
e2-nio-100,binary,100,bot_155,3569,w,35,44.02,25,141.7,129,-12.7,0
e2-nio-100,binary,100,bot_155,3569,w,37,33.65,25,141.89,119,-22.89,0
e2-nio-100,binary,100,bot_155,3569,w,39,16.4,25,125.92,90,-35.92,0
e2-nio-100,binary,100,bot_155,3569,w,41,21.4,25,122.73,84,-38.73,0
e2-nio-100,binary,100,bot_155,3569,w,43,7.88,25,128.39,89,-39.39,0
e2-nio-100,binary,100,bot_155,3569,w,45,42.59,25,94.54,90,-4.54,0
e2-nio-100,binary,100,bot_155,3569,w,47,43.71,25,127.93,85,-42.93,0
e2-nio-100,binary,100,bot_155,3569,w,49,33.24,25,96.84,85,-11.84,0
e2-nio-100,binary,100,bot_155,3569,w,51,32.19,25,105.08,71,-34.08,0
e2-nio-100,binary,100,bot_155,3569,w,53,18.95,25,64.75,17,-47.75,0
e2-nio-100,binary,100,bot_155,3569,w,55,12.03,25,100.59,58,-42.59,0
e2-nio-100,binary,100,bot_155,3569,w,57,31.02,25,103.7,54,-49.7,0
e2-nio-100,binary,100,bot_155,3569,w,59,18.54,25,80.92,47,-33.92,0
e2-nio-100,binary,100,bot_156,3569,b,2,169.62,25,124.79,218,93.21,0
e2-nio-100,binary,100,bot_156,3569,b,4,162.9,25,135.97,250,114.03,0
e2-nio-100,binary,100,bot_156,3569,b,6,146.69,25,105.34,196,90.66,0
e2-nio-100,binary,100,bot_156,3569,b,8,70.06,25,138.66,201,62.34,0
e2-nio-100,binary,100,bot_156,3569,b,10,88.35,25,154.58,209,54.42,0
e2-nio-100,binary,100,bot_156,3569,b,12,61.11,25,134.07,179,44.93,0
e2-nio-100,binary,100,bot_156,3569,b,14,62.25,25,152.81,193,40.19,0
e2-nio-100,binary,100,bot_156,3569,b,16,36.93,25,123.37,155,31.63,0
e2-nio-100,binary,100,bot_156,3569,b,18,48.45,25,129.9,151,21.1,0
e2-nio-100,binary,100,bot_156,3569,b,20,42.56,25,173.09,185,11.91,0
e2-nio-100,binary,100,bot_156,3569,b,22,26.52,25,161.54,170,8.46,0
e2-nio-100,binary,100,bot_156,3569,b,24,23.99,25,156.54,156,-0.54,0
e2-nio-100,binary,100,bot_156,3569,b,26,15.17,25,203,190,-13,0
e2-nio-100,binary,100,bot_156,3569,b,28,55.23,25,175.66,166,-9.66,0
e2-nio-100,binary,100,bot_156,3569,b,30,48.87,25,137.7,162,24.3,0
e2-nio-100,binary,100,bot_156,3569,b,32,41.68,25,157.49,165,7.51,0
e2-nio-100,binary,100,bot_156,3569,b,34,42.46,25,117.66,123,5.34,0
e2-nio-100,binary,100,bot_156,3569,b,36,32.7,25,141.62,149,7.38,0
e2-nio-100,binary,100,bot_156,3569,b,38,21.2,25,150.46,149,-1.46,0
e2-nio-100,binary,100,bot_156,3569,b,40,16.25,25,125.21,106,-19.21,0
e2-nio-100,binary,100,bot_156,3569,b,42,15.7,25,134.79,120,-14.79,0
e2-nio-100,binary,100,bot_156,3569,b,44,51.71,25,109,81,-28,0
e2-nio-100,binary,100,bot_156,3569,b,46,12.5,25,80.9,87,6.1,0
e2-nio-100,binary,100,bot_156,3569,b,48,44.56,25,94.75,103,8.25,0
e2-nio-100,binary,100,bot_156,3569,b,50,22.06,25,107.1,105,-2.1,0
e2-nio-100,binary,100,bot_156,3569,b,52,8.52,25,94.4,91,-3.4,0
e2-nio-100,binary,100,bot_156,3569,b,54,12.95,25,98.08,81,-17.08,0
e2-nio-100,binary,100,bot_156,3569,b,56,38.76,25,90.16,66,-24.16,0
e2-nio-100,binary,100,bot_156,3569,b,58,22.92,25,66.99,62,-4.99,0
e2-nio-100,binary,100,bot_156,3569,b,60,14.92,25,67.85,51,-16.85,0
e2-nio-100,binary,100,bot_157,3570,w,1,174.41,25,119.88,178,58.12,0
e2-nio-100,binary,100,bot_157,3570,w,3,167.94,25,130.91,200,69.09,0
e2-nio-100,binary,100,bot_157,3570,w,5,148.11,25,103.74,151,47.26,0
e2-nio-100,binary,100,bot_157,3570,w,7,74.99,25,134.47,161,26.53,0
e2-nio-100,binary,100,bot_157,3570,w,9,96.4,25,146.01,167,20.99,0
e2-nio-100,binary,100,bot_157,3570,w,11,65.59,25,129.57,141,11.43,0
e2-nio-100,binary,100,bot_157,3570,w,13,67.81,25,147.32,153,5.68,0
e2-nio-100,binary,100,bot_157,3570,w,15,39.17,25,120.83,117,-3.83,0
e2-nio-100,binary,100,bot_157,3570,w,17,50.7,25,128.03,112,-16.03,0
e2-nio-100,binary,100,bot_157,3570,w,19,44.95,25,170.46,146,-24.46,0
e2-nio-100,binary,100,bot_157,3570,w,21,29.35,25,158.95,133,-25.95,0
e2-nio-100,binary,100,bot_157,3570,w,23,26.41,25,153.88,119,-34.88,0
e2-nio-100,binary,100,bot_157,3570,w,25,16.97,25,201.46,151,-50.46,0
e2-nio-100,binary,100,bot_157,3570,w,27,17.25,25,174.12,129,-45.12,0
e2-nio-100,binary,100,bot_157,3570,w,29,50.47,25,136.18,124,-12.18,0
e2-nio-100,binary,100,bot_157,3570,w,31,44.21,25,155.12,138,-17.12,0
e2-nio-100,binary,100,bot_157,3570,w,33,44.56,25,115.63,96,-19.63,0
e2-nio-100,binary,100,bot_157,3570,w,35,35.26,25,139.04,123,-16.04,0
e2-nio-100,binary,100,bot_157,3570,w,37,24.24,25,147.61,120,-27.61,0
e2-nio-100,binary,100,bot_157,3570,w,39,17.78,25,123.66,78,-45.66,0
e2-nio-100,binary,100,bot_157,3570,w,41,17.86,25,132.66,93,-39.66,0
e2-nio-100,binary,100,bot_157,3570,w,43,53.07,25,107.4,56,-51.4,0
e2-nio-100,binary,100,bot_157,3570,w,45,15.18,25,77.99,61,-16.99,0
e2-nio-100,binary,100,bot_157,3570,w,47,46.02,25,93.24,78,-15.24,0
e2-nio-100,binary,100,bot_157,3570,w,49,24.88,25,104.27,78,-26.27,0
e2-nio-100,binary,100,bot_157,3570,w,51,10.04,25,93.15,64,-29.15,0
e2-nio-100,binary,100,bot_157,3570,w,53,15.79,25,95.23,53,-42.23,0
e2-nio-100,binary,100,bot_157,3570,w,55,9.68,25,87.37,39,-48.37,0
e2-nio-100,binary,100,bot_157,3570,w,57,29.87,25,86.52,30,-56.52,0
e2-nio-100,binary,100,bot_157,3570,w,59,15.7,25,66.55,23,-43.55,0
e2-nio-100,binary,100,bot_158,3570,b,2,159.59,25,133.24,252,118.76,0
e2-nio-100,binary,100,bot_158,3570,b,4,137.91,25,141.96,255,113.04,0
e2-nio-100,binary,100,bot_158,3570,b,6,96.99,25,122.36,214,91.64,0
e2-nio-100,binary,100,bot_158,3570,b,8,91.53,25,120,149,29,0
e2-nio-100,binary,100,bot_158,3570,b,10,82.52,25,147.05,198,50.95,0
e2-nio-100,binary,100,bot_158,3570,b,12,77.32,25,141.98,162,20.02,0
e2-nio-100,binary,100,bot_158,3570,b,14,67.76,25,162.25,184,21.75,0
e2-nio-100,binary,100,bot_158,3570,b,16,54.33,25,122.99,117,-5.99,0
e2-nio-100,binary,100,bot_158,3570,b,18,46.81,25,177.42,182,4.58,0
e2-nio-100,binary,100,bot_158,3570,b,20,43.97,25,205.18,204,-1.18,0
e2-nio-100,binary,100,bot_158,3570,b,22,35.33,25,195.04,178,-17.04,0
e2-nio-100,binary,100,bot_158,3570,b,24,21.88,25,192.28,172,-20.28,0
e2-nio-100,binary,100,bot_158,3570,b,26,26.41,25,195.92,168,-27.92,0
e2-nio-100,binary,100,bot_158,3570,b,28,58.34,25,142.75,114,-28.75,0
e2-nio-100,binary,100,bot_158,3570,b,30,47.65,25,130.61,136,5.39,0
e2-nio-100,binary,100,bot_158,3570,b,32,44.01,25,131.85,130,-1.85,0
e2-nio-100,binary,100,bot_158,3570,b,34,48.02,25,137.72,136,-1.72,0
e2-nio-100,binary,100,bot_158,3570,b,36,35.87,25,139.67,129,-10.67,0
e2-nio-100,binary,100,bot_158,3570,b,38,18.6,25,123.73,102,-21.73,0
e2-nio-100,binary,100,bot_158,3570,b,40,24.99,25,119.04,92,-27.04,0
e2-nio-100,binary,100,bot_158,3570,b,42,10.88,25,125.44,98,-27.44,0
e2-nio-100,binary,100,bot_158,3570,b,44,47.49,25,89.71,97,7.29,0
e2-nio-100,binary,100,bot_158,3570,b,46,48.02,25,123.61,93,-30.61,0
e2-nio-100,binary,100,bot_158,3570,b,48,37.64,25,92.43,92,-0.43,0
e2-nio-100,binary,100,bot_158,3570,b,50,35.27,25,101.97,81,-20.97,0
e2-nio-100,binary,100,bot_158,3570,b,52,21.63,25,61.98,26,-35.98,0
e2-nio-100,binary,100,bot_158,3570,b,54,14.78,25,97.85,69,-28.85,0
e2-nio-100,binary,100,bot_158,3570,b,56,6.45,25,101.64,66,-35.64,0
e2-nio-100,binary,100,bot_158,3570,b,58,20.84,25,78.68,62,-16.68,0
e2-nio-100,binary,100,bot_158,3570,b,60,6.04,25,81.3,52,-29.3,0
e2-nio-100,binary,100,bot_159,3571,w,1,165.86,25,127.13,244,116.88,0
e2-nio-100,binary,100,bot_159,3571,w,3,144.37,25,135.76,234,98.24,0
e2-nio-100,binary,100,bot_159,3571,w,5,97.18,25,122.21,200,77.79,0
e2-nio-100,binary,100,bot_159,3571,w,7,92.67,25,118.85,136,17.15,0
e2-nio-100,binary,100,bot_159,3571,w,9,84.8,25,144.94,184,39.06,0
e2-nio-100,binary,100,bot_159,3571,w,11,80.31,25,138.63,146,7.37,0
e2-nio-100,binary,100,bot_159,3571,w,13,69.62,25,160.32,171,10.68,0
e2-nio-100,binary,100,bot_159,3571,w,15,55.96,25,120.92,102,-18.92,0
e2-nio-100,binary,100,bot_159,3571,w,17,49.85,25,174.63,169,-5.63,0
e2-nio-100,binary,100,bot_159,3571,w,19,47.88,25,201.19,189,-12.19,0
e2-nio-100,binary,100,bot_159,3571,w,21,38.28,25,192.07,164,-28.07,0
e2-nio-100,binary,100,bot_159,3571,w,23,23.22,25,190.88,161,-29.88,0
e2-nio-100,binary,100,bot_159,3571,w,25,27.69,25,194,155,-39,0
e2-nio-100,binary,100,bot_159,3571,w,27,59.56,25,141.28,101,-40.28,0
e2-nio-100,binary,100,bot_159,3571,w,29,49.36,25,129.09,122,-7.09,0
e2-nio-100,binary,100,bot_159,3571,w,31,45.66,25,130.03,123,-7.03,0
e2-nio-100,binary,100,bot_159,3571,w,33,49.69,25,136.25,129,-7.25,0
e2-nio-100,binary,100,bot_159,3571,w,35,37.82,25,137.83,121,-16.83,0
e2-nio-100,binary,100,bot_159,3571,w,37,19.58,25,122.94,96,-26.94,0
e2-nio-100,binary,100,bot_159,3571,w,39,26.49,25,117.37,82,-35.37,0
e2-nio-100,binary,100,bot_159,3571,w,41,12.09,25,124.55,90,-34.55,0
e2-nio-100,binary,100,bot_159,3571,w,43,49.81,25,87.67,87,-0.67,0
e2-nio-100,binary,100,bot_159,3571,w,45,50.56,25,121.12,85,-36.12,0
e2-nio-100,binary,100,bot_159,3571,w,47,40.26,25,89.96,83,-6.96,0
e2-nio-100,binary,100,bot_159,3571,w,49,36.81,25,100.46,75,-25.46,0
e2-nio-100,binary,100,bot_159,3571,w,51,23.19,25,60.27,19,-41.27,0
e2-nio-100,binary,100,bot_159,3571,w,53,16.61,25,96.13,62,-34.13,0
e2-nio-100,binary,100,bot_159,3571,w,55,9.03,25,99.23,58,-41.23,0
e2-nio-100,binary,100,bot_159,3571,w,57,27.47,25,97.6,51,-46.6,0
e2-nio-100,binary,100,bot_159,3571,w,59,9.02,25,77.42,40,-37.42,0
e2-nio-100,binary,100,bot_160,3571,b,2,171.97,25,127,241,114,0
e2-nio-100,binary,100,bot_160,3571,b,4,151.66,25,100.04,192,91.96,0
e2-nio-100,binary,100,bot_160,3571,b,6,75.95,25,133.62,190,56.38,0
e2-nio-100,binary,100,bot_160,3571,b,8,98.4,25,143.92,195,51.08,0
e2-nio-100,binary,100,bot_160,3571,b,10,66.75,25,128.42,172,43.58,0
e2-nio-100,binary,100,bot_160,3571,b,12,69.74,25,145.51,184,38.49,0
e2-nio-100,binary,100,bot_160,3571,b,14,40.12,25,119.91,147,27.09,0
e2-nio-100,binary,100,bot_160,3571,b,16,52.73,25,126.03,141,14.97,0
e2-nio-100,binary,100,bot_160,3571,b,18,47.34,25,167.99,175,7.01,0
e2-nio-100,binary,100,bot_160,3571,b,20,32,25,156.41,163,6.59,0
e2-nio-100,binary,100,bot_160,3571,b,22,29.31,25,150.9,148,-2.9,0
e2-nio-100,binary,100,bot_160,3571,b,24,19.66,25,198.88,180,-18.88,0
e2-nio-100,binary,100,bot_160,3571,b,26,19.05,25,172.45,158,-14.45,0
e2-nio-100,binary,100,bot_160,3571,b,28,53.3,25,133.32,152,18.68,0
e2-nio-100,binary,100,bot_160,3571,b,30,47.79,25,151.55,158,6.45,0
e2-nio-100,binary,100,bot_160,3571,b,32,48.25,25,111.9,115,3.1,0
e2-nio-100,binary,100,bot_160,3571,b,34,38.3,25,135.98,142,6.02,0
e2-nio-100,binary,100,bot_160,3571,b,36,27.52,25,144.33,139,-5.33,0
e2-nio-100,binary,100,bot_160,3571,b,38,20.18,25,121.23,97,-24.23,0
e2-nio-100,binary,100,bot_160,3571,b,40,21.17,25,129.31,113,-16.31,0
e2-nio-100,binary,100,bot_160,3571,b,42,54.72,25,105.66,76,-29.66,0
e2-nio-100,binary,100,bot_160,3571,b,44,19.32,25,73.73,81,7.27,0
e2-nio-100,binary,100,bot_160,3571,b,46,48.55,25,90.69,99,8.31,0
e2-nio-100,binary,100,bot_160,3571,b,48,29.12,25,100.02,98,-2.02,0
e2-nio-100,binary,100,bot_160,3571,b,50,13.25,25,90,84,-6,0
e2-nio-100,binary,100,bot_160,3571,b,52,20.83,25,90.15,71,-19.15,0
e2-nio-100,binary,100,bot_160,3571,b,54,13.94,25,83.06,58,-25.06,0
e2-nio-100,binary,100,bot_160,3571,b,56,9.16,25,81.74,49,-32.74,0
e2-nio-100,binary,100,bot_160,3571,b,58,18.71,25,63.51,49,-14.51,0
e2-nio-100,binary,100,bot_160,3571,b,60,29.45,25,79.2,45,-34.2,0
e2-nio-100,binary,100,bot_161,3572,w,1,173.91,25,125.4,212,86.6,0
e2-nio-100,binary,100,bot_161,3572,w,3,153.41,25,98.43,152,53.57,0
e2-nio-100,binary,100,bot_161,3572,w,5,77.6,25,133.2,160,26.8,0
e2-nio-100,binary,100,bot_161,3572,w,7,102.35,25,139.63,165,25.37,0
e2-nio-100,binary,100,bot_161,3572,w,9,69.75,25,125.47,143,17.53,0
e2-nio-100,binary,100,bot_161,3572,w,11,75.36,25,140.34,154,13.66,0
e2-nio-100,binary,100,bot_161,3572,w,13,44.99,25,114.9,116,1.1,0
e2-nio-100,binary,100,bot_161,3572,w,15,57.59,25,120.81,108,-12.81,0
e2-nio-100,binary,100,bot_161,3572,w,17,53.41,25,161.6,146,-15.6,0
e2-nio-100,binary,100,bot_161,3572,w,19,36.7,25,152.05,133,-19.05,0
e2-nio-100,binary,100,bot_161,3572,w,21,31.86,25,148.2,118,-30.2,0
e2-nio-100,binary,100,bot_161,3572,w,23,22.36,25,196.58,150,-46.58,0
e2-nio-100,binary,100,bot_161,3572,w,25,20.74,25,170.94,127,-43.94,0
e2-nio-100,binary,100,bot_161,3572,w,27,57.62,25,129.21,120,-9.21,0
e2-nio-100,binary,100,bot_161,3572,w,29,58.65,25,140.91,129,-11.91,0
e2-nio-100,binary,100,bot_161,3572,w,31,58.48,25,101.46,87,-14.46,0
e2-nio-100,binary,100,bot_161,3572,w,33,46.54,25,127.59,118,-9.59,0
e2-nio-100,binary,100,bot_161,3572,w,35,36.81,25,135.37,112,-23.37,0
e2-nio-100,binary,100,bot_161,3572,w,37,25.87,25,115.51,75,-40.51,0
e2-nio-100,binary,100,bot_161,3572,w,39,31.36,25,118.98,85,-33.98,0
e2-nio-100,binary,100,bot_161,3572,w,41,59.31,25,100.31,50,-50.31,0
e2-nio-100,binary,100,bot_161,3572,w,43,27.83,25,64.51,51,-13.51,0
e2-nio-100,binary,100,bot_161,3572,w,45,55.16,25,84.15,70,-14.15,0
e2-nio-100,binary,100,bot_161,3572,w,47,42.97,25,85.98,66,-19.98,0
e2-nio-100,binary,100,bot_161,3572,w,49,17.94,25,85.48,61,-24.48,0
e2-nio-100,binary,100,bot_161,3572,w,51,28.68,25,82.27,42,-40.27,0
e2-nio-100,binary,100,bot_161,3572,w,53,21.99,25,74.8,31,-43.8,0
e2-nio-100,binary,100,bot_161,3572,w,55,13.23,25,77.72,23,-54.72,0
e2-nio-100,binary,100,bot_161,3572,w,57,4.66,25,79.61,23,-56.61,0
e2-nio-100,binary,100,bot_161,3572,w,59,7.29,25,74.41,26,-48.41,0
e2-nio-100,binary,100,bot_162,3572,b,2,148.73,25,131.11,250,118.89,0
e2-nio-100,binary,100,bot_162,3572,b,4,100.13,25,118.62,216,97.38,0
e2-nio-100,binary,100,bot_162,3572,b,6,99.09,25,112.34,145,32.66,0
e2-nio-100,binary,100,bot_162,3572,b,8,90.93,25,138.98,197,58.02,0
e2-nio-100,binary,100,bot_162,3572,b,10,87.26,25,131.44,156,24.56,0
e2-nio-100,binary,100,bot_162,3572,b,12,76.01,25,153.93,184,30.07,0
e2-nio-100,binary,100,bot_162,3572,b,14,60.68,25,116.34,115,-1.34,0
e2-nio-100,binary,100,bot_162,3572,b,16,57.75,25,166.86,181,14.14,0
e2-nio-100,binary,100,bot_162,3572,b,18,55.57,25,193.5,203,9.5,0
e2-nio-100,binary,100,bot_162,3572,b,20,43.99,25,186.32,179,-7.32,0
e2-nio-100,binary,100,bot_162,3572,b,22,28.03,25,186.01,173,-13.01,0
e2-nio-100,binary,100,bot_162,3572,b,24,29.98,25,191.6,169,-22.6,0
e2-nio-100,binary,100,bot_162,3572,b,26,64.35,25,136.12,112,-24.12,0
e2-nio-100,binary,100,bot_162,3572,b,28,55.38,25,123.13,137,13.88,0
e2-nio-100,binary,100,bot_162,3572,b,30,52.6,25,122.91,137,14.09,0
e2-nio-100,binary,100,bot_162,3572,b,32,56.79,25,129.25,143,13.75,0
e2-nio-100,binary,100,bot_162,3572,b,34,43.15,25,132.61,134,1.39,0
e2-nio-100,binary,100,bot_162,3572,b,36,26.94,25,115.58,107,-8.58,0
e2-nio-100,binary,100,bot_162,3572,b,38,32.93,25,110.68,92,-18.68,0
e2-nio-100,binary,100,bot_162,3572,b,40,16.64,25,120.4,107,-13.4,0
e2-nio-100,binary,100,bot_162,3572,b,42,54.13,25,83.89,99,15.11,0
e2-nio-100,binary,100,bot_162,3572,b,44,52.68,25,119.08,103,-16.08,0
e2-nio-100,binary,100,bot_162,3572,b,46,46.76,25,83.54,94,10.46,0
e2-nio-100,binary,100,bot_162,3572,b,48,42.95,25,94.41,92,-2.41,0
e2-nio-100,binary,100,bot_162,3572,b,50,26.31,25,57.12,30,-27.12,0
e2-nio-100,binary,100,bot_162,3572,b,52,23.11,25,89.66,74,-15.66,0
e2-nio-100,binary,100,bot_162,3572,b,54,13.26,25,95.13,72,-23.13,0
e2-nio-100,binary,100,bot_162,3572,b,56,10.42,25,91.68,60,-31.68,0
e2-nio-100,binary,100,bot_162,3572,b,58,18.77,25,88.61,48,-40.61,0
e2-nio-100,binary,100,bot_162,3572,b,60,3.77,25,68.86,32,-36.86,0
e2-nio-100,binary,100,bot_163,3573,w,1,151.38,25,129.27,230,100.73,0
e2-nio-100,binary,100,bot_163,3573,w,3,100.75,25,117.74,184,66.26,0
e2-nio-100,binary,100,bot_163,3573,w,5,102.92,25,108.58,121,12.42,0
e2-nio-100,binary,100,bot_163,3573,w,7,94.17,25,136.18,175,38.82,0
e2-nio-100,binary,100,bot_163,3573,w,9,89.91,25,128.58,132,3.42,0
e2-nio-100,binary,100,bot_163,3573,w,11,78.98,25,151.03,164,12.97,0
e2-nio-100,binary,100,bot_163,3573,w,13,62.79,25,113.91,94,-19.91,0
e2-nio-100,binary,100,bot_163,3573,w,15,60,25,165.37,158,-7.37,0
e2-nio-100,binary,100,bot_163,3573,w,17,59.65,25,189.64,181,-8.64,0
e2-nio-100,binary,100,bot_163,3573,w,19,46.43,25,183.96,153,-30.96,0
e2-nio-100,binary,100,bot_163,3573,w,21,31.13,25,182.84,146,-36.84,0
e2-nio-100,binary,100,bot_163,3573,w,23,32.92,25,188.17,143,-45.17,0
e2-nio-100,binary,100,bot_163,3573,w,25,61.94,25,138.66,89,-49.66,0
e2-nio-100,binary,100,bot_163,3573,w,27,53.07,25,125.43,111,-14.43,0
e2-nio-100,binary,100,bot_163,3573,w,29,49.61,25,125.95,115,-10.95,0
e2-nio-100,binary,100,bot_163,3573,w,31,53.45,25,132.56,122,-10.56,0
e2-nio-100,binary,100,bot_163,3573,w,33,40.22,25,135.5,115,-20.5,0
e2-nio-100,binary,100,bot_163,3573,w,35,23.7,25,118.81,87,-31.81,0
e2-nio-100,binary,100,bot_163,3573,w,37,29.76,25,113.91,73,-40.91,0
e2-nio-100,binary,100,bot_163,3573,w,39,14.43,25,122.47,84,-38.47,0
e2-nio-100,binary,100,bot_163,3573,w,41,53.78,25,84.04,76,-8.04,0
e2-nio-100,binary,100,bot_163,3573,w,43,52.5,25,119.3,79,-40.3,0
e2-nio-100,binary,100,bot_163,3573,w,45,44.02,25,86.25,74,-12.25,0
e2-nio-100,binary,100,bot_163,3573,w,47,40.92,25,96.39,66,-30.39,0
e2-nio-100,binary,100,bot_163,3573,w,49,24.88,25,58.5,10,-48.5,0
e2-nio-100,binary,100,bot_163,3573,w,51,19.4,25,93.37,54,-39.37,0
e2-nio-100,binary,100,bot_163,3573,w,53,9.39,25,99,54,-45,0
e2-nio-100,binary,100,bot_163,3573,w,55,6.99,25,95.14,43,-52.14,0
e2-nio-100,binary,100,bot_163,3573,w,57,11.68,25,74.82,34,-40.82,0
e2-nio-100,binary,100,bot_163,3573,w,59,1.56,25,71.05,13,-58.05,0
e2-nio-100,binary,100,bot_164,3573,b,2,156.72,25,94.68,193,98.32,0
e2-nio-100,binary,100,bot_164,3573,b,4,82.02,25,129.14,188,58.86,0
e2-nio-100,binary,100,bot_164,3573,b,6,109.85,25,131.73,191,59.27,0
e2-nio-100,binary,100,bot_164,3573,b,8,75.81,25,119.35,171,51.65,0
e2-nio-100,binary,100,bot_164,3573,b,10,83.33,25,132.39,180,47.61,0
e2-nio-100,binary,100,bot_164,3573,b,12,50.25,25,109.55,145,35.45,0
e2-nio-100,binary,100,bot_164,3573,b,14,62.82,25,115.37,135,19.63,0
e2-nio-100,binary,100,bot_164,3573,b,16,62.37,25,152.17,170,17.83,0
e2-nio-100,binary,100,bot_164,3573,b,18,39.95,25,149.15,166,16.85,0
e2-nio-100,binary,100,bot_164,3573,b,20,34.31,25,145.66,149,3.34,0
e2-nio-100,binary,100,bot_164,3573,b,22,25.15,25,193.9,184,-9.9,0
e2-nio-100,binary,100,bot_164,3573,b,24,21.6,25,170.79,161,-9.79,0
e2-nio-100,binary,100,bot_164,3573,b,26,57.6,25,128.99,148,19.01,0
e2-nio-100,binary,100,bot_164,3573,b,28,53.15,25,146.27,156,9.73,0
e2-nio-100,binary,100,bot_164,3573,b,30,54.08,25,105.92,112,6.08,0
e2-nio-100,binary,100,bot_164,3573,b,32,43.96,25,130.25,140,9.75,0
e2-nio-100,binary,100,bot_164,3573,b,34,33.38,25,138.56,136,-2.56,0
e2-nio-100,binary,100,bot_164,3573,b,36,23.1,25,118.28,98,-20.28,0
e2-nio-100,binary,100,bot_164,3573,b,38,26.23,25,124.24,111,-13.24,0
e2-nio-100,binary,100,bot_164,3573,b,40,56.98,25,103.16,74,-29.16,0
e2-nio-100,binary,100,bot_164,3573,b,42,23.61,25,69.21,79,9.79,0
e2-nio-100,binary,100,bot_164,3573,b,44,52.21,25,87,96,9,0
e2-nio-100,binary,100,bot_164,3573,b,46,34.23,25,94.84,95,0.16,0
e2-nio-100,binary,100,bot_164,3573,b,48,15.74,25,87.68,85,-2.68,0
e2-nio-100,binary,100,bot_164,3573,b,50,25.13,25,85.87,68,-17.87,0
e2-nio-100,binary,100,bot_164,3573,b,52,18.89,25,77.85,54,-23.85,0
e2-nio-100,binary,100,bot_164,3573,b,54,12.21,25,78.66,45,-33.66,0
e2-nio-100,binary,100,bot_164,3573,b,56,24.19,25,80.87,45,-35.87,0
e2-nio-100,binary,100,bot_164,3573,b,58,5.56,25,76.17,44,-32.17,0
e2-nio-100,binary,100,bot_164,3573,b,60,4.63,25,78.83,37,-41.83,0
e2-nio-100,binary,100,bot_165,3574,w,1,158.52,25,92.7,163,70.3,0
e2-nio-100,binary,100,bot_165,3574,w,3,82.94,25,129.15,157,27.85,0
e2-nio-100,binary,100,bot_165,3574,w,5,111.08,25,130.32,160,29.68,0
e2-nio-100,binary,100,bot_165,3574,w,7,77.05,25,118.11,141,22.89,0
e2-nio-100,binary,100,bot_165,3574,w,9,84.41,25,131.72,153,21.28,0
e2-nio-100,binary,100,bot_165,3574,w,11,50.22,25,109.8,120,10.2,0
e2-nio-100,binary,100,bot_165,3574,w,13,63.65,25,114.45,105,-9.45,0
e2-nio-100,binary,100,bot_165,3574,w,15,64.24,25,150.14,138,-12.14,0
e2-nio-100,binary,100,bot_165,3574,w,17,41.71,25,147.3,137,-10.3,0
e2-nio-100,binary,100,bot_165,3574,w,19,37.52,25,142.18,117,-25.18,0
e2-nio-100,binary,100,bot_165,3574,w,21,28.54,25,190.77,151,-39.77,0
e2-nio-100,binary,100,bot_165,3574,w,23,23.33,25,169.05,132,-37.05,0
e2-nio-100,binary,100,bot_165,3574,w,25,60.36,25,126.53,119,-7.53,0
e2-nio-100,binary,100,bot_165,3574,w,27,61.51,25,138.15,130,-8.15,0
e2-nio-100,binary,100,bot_165,3574,w,29,61.2,25,98.77,86,-12.77,0
e2-nio-100,binary,100,bot_165,3574,w,31,49.08,25,125.04,119,-6.04,0
e2-nio-100,binary,100,bot_165,3574,w,33,42.07,25,130.29,110,-20.29,0
e2-nio-100,binary,100,bot_165,3574,w,35,29.43,25,111.94,76,-35.94,0
e2-nio-100,binary,100,bot_165,3574,w,37,37.06,25,113.25,84,-29.25,0
e2-nio-100,binary,100,bot_165,3574,w,39,61.33,25,98.12,50,-48.12,0
e2-nio-100,binary,100,bot_165,3574,w,41,31.19,25,61.04,51,-10.04,0
e2-nio-100,binary,100,bot_165,3574,w,43,58.03,25,81.31,69,-12.31,0
e2-nio-100,binary,100,bot_165,3574,w,45,9.62,25,81.11,64,-17.11,0
e2-nio-100,binary,100,bot_165,3574,w,47,22.1,25,81.36,61,-20.36,0
e2-nio-100,binary,100,bot_165,3574,w,49,30.42,25,80.52,43,-37.52,0
e2-nio-100,binary,100,bot_165,3574,w,51,24.17,25,72.63,32,-40.63,0
e2-nio-100,binary,100,bot_165,3574,w,53,15.83,25,75.07,25,-50.07,0
e2-nio-100,binary,100,bot_165,3574,w,55,11.42,25,73.01,19,-54.01,0
e2-nio-100,binary,100,bot_165,3574,w,57,14.39,25,80.54,21,-59.54,0
e2-nio-100,binary,100,bot_165,3574,w,59,7.73,25,76.05,14,-62.05,0
e2-nio-100,binary,100,bot_166,3574,b,2,101.16,25,117.29,219,101.71,0
e2-nio-100,binary,100,bot_166,3574,b,4,105.17,25,106.32,144,37.68,0
e2-nio-100,binary,100,bot_166,3574,b,6,96.98,25,133.4,199,65.6,0
e2-nio-100,binary,100,bot_166,3574,b,8,95.87,25,122.45,155,32.55,0
e2-nio-100,binary,100,bot_166,3574,b,10,85.13,25,144.8,184,39.2,0
e2-nio-100,binary,100,bot_166,3574,b,12,66.12,25,110.53,115,4.47,0
e2-nio-100,binary,100,bot_166,3574,b,14,62.84,25,162.58,181,18.42,0
e2-nio-100,binary,100,bot_166,3574,b,16,63.96,25,185.28,203,17.72,0
e2-nio-100,binary,100,bot_166,3574,b,18,50.63,25,180.11,177,-3.11,0
e2-nio-100,binary,100,bot_166,3574,b,20,35.36,25,178.63,170,-8.63,0
e2-nio-100,binary,100,bot_166,3574,b,22,37.11,25,183.89,167,-16.89,0
e2-nio-100,binary,100,bot_166,3574,b,24,67.7,25,132.54,109,-23.54,0
e2-nio-100,binary,100,bot_166,3574,b,26,58.73,25,119.73,134,14.27,0
e2-nio-100,binary,100,bot_166,3574,b,28,54.67,25,120.62,136,15.38,0
e2-nio-100,binary,100,bot_166,3574,b,30,60.77,25,125.26,141,15.74,0
e2-nio-100,binary,100,bot_166,3574,b,32,46.38,25,129.38,132,2.62,0
e2-nio-100,binary,100,bot_166,3574,b,34,31.63,25,110.89,107,-3.89,0
e2-nio-100,binary,100,bot_166,3574,b,36,36.66,25,106.82,90,-16.82,0
e2-nio-100,binary,100,bot_166,3574,b,38,18.66,25,118.63,109,-9.63,0
e2-nio-100,binary,100,bot_166,3574,b,40,57.41,25,80.75,96,15.25,0
e2-nio-100,binary,100,bot_166,3574,b,42,54.55,25,117.19,103,-14.19,0
e2-nio-100,binary,100,bot_166,3574,b,44,49.4,25,80.94,93,12.06,0
e2-nio-100,binary,100,bot_166,3574,b,46,45.84,25,129.75,93,-36.75,0
e2-nio-100,binary,100,bot_166,3574,b,48,28.48,25,54.84,32,-22.84,0
e2-nio-100,binary,100,bot_166,3574,b,50,27.27,25,85.44,70,-15.44,0
e2-nio-100,binary,100,bot_166,3574,b,52,16.92,25,91.37,69,-22.37,0
e2-nio-100,binary,100,bot_166,3574,b,54,12.7,25,89.39,59,-30.39,0
e2-nio-100,binary,100,bot_166,3574,b,56,7.34,25,86.17,51,-35.17,0
e2-nio-100,binary,100,bot_166,3574,b,58,5.77,25,67.14,37,-30.14,0
e2-nio-100,binary,100,bot_166,3574,b,60,3.08,25,67.09,29,-38.09,0
e2-nio-100,binary,100,bot_167,3575,w,1,104.89,25,113.46,199,85.54,0
e2-nio-100,binary,100,bot_167,3575,w,3,107.51,25,104.17,126,21.83,0
e2-nio-100,binary,100,bot_167,3575,w,5,98.22,25,132.37,180,47.63,0
e2-nio-100,binary,100,bot_167,3575,w,7,97.78,25,120.31,134,13.69,0
e2-nio-100,binary,100,bot_167,3575,w,9,87.57,25,142.36,163,20.64,0
e2-nio-100,binary,100,bot_167,3575,w,11,68.04,25,108.61,95,-13.61,0
e2-nio-100,binary,100,bot_167,3575,w,13,65.03,25,160.61,161,0.39,0
e2-nio-100,binary,100,bot_167,3575,w,15,65.36,25,183.96,184,0.04,0
e2-nio-100,binary,100,bot_167,3575,w,17,52.52,25,178.23,156,-22.23,0
e2-nio-100,binary,100,bot_167,3575,w,19,36.7,25,177.33,151,-26.33,0
e2-nio-100,binary,100,bot_167,3575,w,21,38.84,25,181.97,148,-33.97,0
e2-nio-100,binary,100,bot_167,3575,w,23,70,25,130.04,91,-39.04,0
e2-nio-100,binary,100,bot_167,3575,w,25,60.54,25,118.05,117,-1.05,0
e2-nio-100,binary,100,bot_167,3575,w,27,56.67,25,118.55,123,4.45,0
e2-nio-100,binary,100,bot_167,3575,w,29,63.42,25,122.61,126,3.39,0
e2-nio-100,binary,100,bot_167,3575,w,31,47.42,25,128.37,120,-8.37,0
e2-nio-100,binary,100,bot_167,3575,w,33,34.36,25,108.22,94,-14.22,0
e2-nio-100,binary,100,bot_167,3575,w,35,39.35,25,103.86,75,-28.86,0
e2-nio-100,binary,100,bot_167,3575,w,37,20.5,25,117.1,97,-20.1,0
e2-nio-100,binary,100,bot_167,3575,w,39,62.21,25,76.2,80,3.8,0
e2-nio-100,binary,100,bot_167,3575,w,41,56.58,25,115.19,89,-26.19,0
e2-nio-100,binary,100,bot_167,3575,w,43,53.64,25,76.67,75,-1.67,0
e2-nio-100,binary,100,bot_167,3575,w,45,48.05,25,127.61,80,-47.61,0
e2-nio-100,binary,100,bot_167,3575,w,47,32.04,25,70.9,16,-54.9,0
e2-nio-100,binary,100,bot_167,3575,w,49,29.77,25,83.6,57,-26.6,0
e2-nio-100,binary,100,bot_167,3575,w,51,18.66,25,89.71,58,-31.71,0
e2-nio-100,binary,100,bot_167,3575,w,53,14.73,25,87.55,47,-40.55,0
e2-nio-100,binary,100,bot_167,3575,w,55,10.08,25,83.22,39,-44.22,0
e2-nio-100,binary,100,bot_167,3575,w,57,11.54,25,72.85,23,-49.85,0
e2-nio-100,binary,100,bot_167,3575,w,59,4.61,25,65.89,15,-50.89,0
e2-nio-100,binary,100,bot_168,3575,b,2,86.59,25,125.98,199,73.02,0
e2-nio-100,binary,100,bot_168,3575,b,4,112.75,25,128.7,203,74.3,0
e2-nio-100,binary,100,bot_168,3575,b,6,78.77,25,116.39,182,65.61,0
e2-nio-100,binary,100,bot_168,3575,b,8,85.84,25,130.39,195,64.61,0
e2-nio-100,binary,100,bot_168,3575,b,10,51.03,25,109.01,163,53.99,0
e2-nio-100,binary,100,bot_168,3575,b,12,64.53,25,113.53,147,33.47,0
e2-nio-100,binary,100,bot_168,3575,b,14,66.01,25,148.32,179,30.68,0
e2-nio-100,binary,100,bot_168,3575,b,16,42.69,25,146.4,179,32.6,0
e2-nio-100,binary,100,bot_168,3575,b,18,38.94,25,140.7,159,18.3,0
e2-nio-100,binary,100,bot_168,3575,b,20,31.57,25,187.79,191,3.21,0
e2-nio-100,binary,100,bot_168,3575,b,22,25.5,25,166.92,173,6.08,0
e2-nio-100,binary,100,bot_168,3575,b,24,63.27,25,123.63,160,36.37,0
e2-nio-100,binary,100,bot_168,3575,b,26,64.48,25,135.15,158,22.85,0
e2-nio-100,binary,100,bot_168,3575,b,28,64.06,25,95.93,115,19.07,0
e2-nio-100,binary,100,bot_168,3575,b,30,51.52,25,122.59,149,26.41,0
e2-nio-100,binary,100,bot_168,3575,b,32,45.57,25,126.89,138,11.11,0
e2-nio-100,binary,100,bot_168,3575,b,34,31.24,25,110.11,107,-3.11,0
e2-nio-100,binary,100,bot_168,3575,b,36,40.5,25,109.81,113,3.19,0
e2-nio-100,binary,100,bot_168,3575,b,38,64.25,25,95.13,79,-16.13,0
e2-nio-100,binary,100,bot_168,3575,b,40,33.64,25,58.5,84,25.5,0
e2-nio-100,binary,100,bot_168,3575,b,42,60.17,25,79.22,99,19.78,0
e2-nio-100,binary,100,bot_168,3575,b,44,13.26,25,77.47,95,17.53,0
e2-nio-100,binary,100,bot_168,3575,b,46,5.17,25,78.65,90,11.35,0
e2-nio-100,binary,100,bot_168,3575,b,48,33.88,25,76.42,71,-5.42,0
e2-nio-100,binary,100,bot_168,3575,b,50,28.66,25,68.13,62,-6.13,0
e2-nio-100,binary,100,bot_168,3575,b,52,19.47,25,71.36,53,-18.36,0
e2-nio-100,binary,100,bot_168,3575,b,54,16.21,25,68.28,48,-20.28,0
e2-nio-100,binary,100,bot_168,3575,b,56,8.61,25,75.16,49,-26.16,0
e2-nio-100,binary,100,bot_168,3575,b,58,9.93,25,73.32,47,-26.32,0
e2-nio-100,binary,100,bot_168,3575,b,60,24.74,25,84.04,53,-31.04,0
e2-nio-100,binary,100,bot_169,3576,w,1,91.07,25,122.27,172,49.73,0
e2-nio-100,binary,100,bot_169,3576,w,3,122.61,25,118.35,162,43.65,0
e2-nio-100,binary,100,bot_169,3576,w,5,84.22,25,110.73,148,37.27,0
e2-nio-100,binary,100,bot_169,3576,w,7,90.76,25,125.74,160,34.26,0
e2-nio-100,binary,100,bot_169,3576,w,9,53.27,25,106.93,131,24.07,0
e2-nio-100,binary,100,bot_169,3576,w,11,66.67,25,111.07,114,2.93,0
e2-nio-100,binary,100,bot_169,3576,w,13,69.98,25,143.94,143,-0.94,0
e2-nio-100,binary,100,bot_169,3576,w,15,45.92,25,143.3,144,0.7,0
e2-nio-100,binary,100,bot_169,3576,w,17,42.64,25,136.67,125,-11.67,0
e2-nio-100,binary,100,bot_169,3576,w,19,35.65,25,183.91,156,-27.91,0
e2-nio-100,binary,100,bot_169,3576,w,21,27.96,25,164.66,139,-25.66,0
e2-nio-100,binary,100,bot_169,3576,w,23,67.92,25,118.86,124,5.14,0
e2-nio-100,binary,100,bot_169,3576,w,25,68.04,25,131.45,133,1.55,0
e2-nio-100,binary,100,bot_169,3576,w,27,67.29,25,92.64,90,-2.64,0
e2-nio-100,binary,100,bot_169,3576,w,29,53.14,25,120.89,126,5.11,0
e2-nio-100,binary,100,bot_169,3576,w,31,50.94,25,121.75,110,-11.75,0
e2-nio-100,binary,100,bot_169,3576,w,33,33.56,25,107.81,85,-22.81,0
e2-nio-100,binary,100,bot_169,3576,w,35,42.68,25,107.62,91,-16.62,0
e2-nio-100,binary,100,bot_169,3576,w,37,71.84,25,86.74,52,-34.74,0
e2-nio-100,binary,100,bot_169,3576,w,39,36.11,25,55.72,59,3.28,0
e2-nio-100,binary,100,bot_169,3576,w,41,63.73,25,75.51,73,-2.51,0
e2-nio-100,binary,100,bot_169,3576,w,43,18.11,25,72.44,68,-4.44,0
e2-nio-100,binary,100,bot_169,3576,w,45,8.37,25,75.65,66,-9.65,0
e2-nio-100,binary,100,bot_169,3576,w,47,41.47,25,97.98,41,-56.98,0
e2-nio-100,binary,100,bot_169,3576,w,49,28.63,25,68.3,40,-28.3,0
e2-nio-100,binary,100,bot_169,3576,w,51,21.84,25,68.82,28,-40.82,0
e2-nio-100,binary,100,bot_169,3576,w,53,20.64,25,64.07,19,-45.07,0
e2-nio-100,binary,100,bot_169,3576,w,55,13.88,25,69.7,20,-49.7,0
e2-nio-100,binary,100,bot_169,3576,w,57,14.25,25,77.35,21,-56.35,0
e2-nio-100,binary,100,bot_169,3576,w,59,7.05,25,79.78,25,-54.78,0
e2-nio-100,binary,100,bot_170,3576,b,2,110.77,25,100.84,153,52.16,0
e2-nio-100,binary,100,bot_170,3576,b,4,104.19,25,126.93,209,82.07,0
e2-nio-100,binary,100,bot_170,3576,b,6,101.32,25,116.96,162,45.04,0
e2-nio-100,binary,100,bot_170,3576,b,8,91.02,25,138.92,190,51.08,0
e2-nio-100,binary,100,bot_170,3576,b,10,70.31,25,106.35,121,14.65,0
e2-nio-100,binary,100,bot_170,3576,b,12,66.22,25,159.56,187,27.44,0
e2-nio-100,binary,100,bot_170,3576,b,14,67.03,25,182.38,213,30.62,0
e2-nio-100,binary,100,bot_170,3576,b,16,54.5,25,176.3,183,6.7,0
e2-nio-100,binary,100,bot_170,3576,b,18,39.47,25,174.59,176,1.41,0
e2-nio-100,binary,100,bot_170,3576,b,20,41.1,25,179.65,176,-3.65,0
e2-nio-100,binary,100,bot_170,3576,b,22,71.56,25,128.44,117,-11.44,0
e2-nio-100,binary,100,bot_170,3576,b,24,62.31,25,116.37,145,28.63,0
e2-nio-100,binary,100,bot_170,3576,b,26,58.74,25,116.48,144,27.52,0
e2-nio-100,binary,100,bot_170,3576,b,28,66.47,25,119.57,146,26.43,0
e2-nio-100,binary,100,bot_170,3576,b,30,50.13,25,125.68,138,12.32,0
e2-nio-100,binary,100,bot_170,3576,b,32,38.22,25,104.38,114,9.62,0
e2-nio-100,binary,100,bot_170,3576,b,34,43.95,25,99.15,91,-8.15,0
e2-nio-100,binary,100,bot_170,3576,b,36,24.61,25,113.11,115,1.89,0
e2-nio-100,binary,100,bot_170,3576,b,38,64.22,25,74.81,106,31.19,0
e2-nio-100,binary,100,bot_170,3576,b,40,58.41,25,113.41,110,-3.41,0
e2-nio-100,binary,100,bot_170,3576,b,42,55.99,25,74.38,96,21.62,0
e2-nio-100,binary,100,bot_170,3576,b,44,50.13,25,125.62,103,-22.62,0
e2-nio-100,binary,100,bot_170,3576,b,46,3.73,25,69.76,38,-31.76,0
e2-nio-100,binary,100,bot_170,3576,b,48,31.87,25,81.48,82,0.52,0
e2-nio-100,binary,100,bot_170,3576,b,50,20.66,25,87.74,76,-11.74,0
e2-nio-100,binary,100,bot_170,3576,b,52,16.08,25,86.26,68,-18.26,0
e2-nio-100,binary,100,bot_170,3576,b,54,11.98,25,81.31,62,-19.31,0
e2-nio-100,binary,100,bot_170,3576,b,56,3.96,25,71.92,45,-26.92,0
e2-nio-100,binary,100,bot_170,3576,b,58,5.67,25,64.93,39,-25.93,0
e2-nio-100,binary,100,bot_170,3576,b,60,2.05,25,61.93,28,-33.93,0
e2-nio-100,binary,100,bot_171,3577,w,1,111.71,25,100.22,185,84.78,0
e2-nio-100,binary,100,bot_171,3577,w,3,105.44,25,125.82,239,113.18,0
e2-nio-100,binary,100,bot_171,3577,w,5,103.55,25,114.51,190,75.49,0
e2-nio-100,binary,100,bot_171,3577,w,7,92.58,25,137.39,220,82.61,0
e2-nio-100,binary,100,bot_171,3577,w,9,72.33,25,104.61,149,44.39,0
e2-nio-100,binary,100,bot_171,3577,w,11,67.08,25,159.01,216,56.99,0
e2-nio-100,binary,100,bot_171,3577,w,13,69.28,25,180.16,241,60.84,0
e2-nio-100,binary,100,bot_171,3577,w,15,56.42,25,174.39,211,36.61,0
e2-nio-100,binary,100,bot_171,3577,w,17,41.02,25,173.09,206,32.91,0
e2-nio-100,binary,100,bot_171,3577,w,19,42.15,25,178.38,205,26.62,0
e2-nio-100,binary,100,bot_171,3577,w,21,72.7,25,127.33,146,18.67,0
e2-nio-100,binary,100,bot_171,3577,w,23,63.83,25,115,175,60,0
e2-nio-100,binary,100,bot_171,3577,w,25,58.7,25,116.67,166,49.33,0
e2-nio-100,binary,100,bot_171,3577,w,27,68.24,25,117.82,169,51.18,0
e2-nio-100,binary,100,bot_171,3577,w,29,51.95,25,123.82,159,35.18,0
e2-nio-100,binary,100,bot_171,3577,w,31,41.65,25,100.89,134,33.11,0
e2-nio-100,binary,100,bot_171,3577,w,33,45.99,25,96.78,112,15.22,0
e2-nio-100,binary,100,bot_171,3577,w,35,27.03,25,110.86,135,24.14,0
e2-nio-100,binary,100,bot_171,3577,w,37,69.9,25,136.31,122,-14.31,0
e2-nio-100,binary,100,bot_171,3577,w,39,59.17,25,112.68,131,18.32,0
e2-nio-100,binary,100,bot_171,3577,w,41,58.89,25,71.48,118,46.52,0
e2-nio-100,binary,100,bot_171,3577,w,43,53.1,25,122.59,124,1.41,0
e2-nio-100,binary,100,bot_171,3577,w,45,5.36,25,68.13,60,-8.13,0
e2-nio-100,binary,100,bot_171,3577,w,47,39.16,25,111.87,99,-12.87,0
e2-nio-100,binary,100,bot_171,3577,w,49,23.76,25,85.24,95,9.76,0
e2-nio-100,binary,100,bot_171,3577,w,51,19.48,25,82.64,88,5.36,0
e2-nio-100,binary,100,bot_171,3577,w,53,14.95,25,78.23,80,1.77,0
e2-nio-100,binary,100,bot_171,3577,w,55,5.98,25,70.05,67,-3.05,0
e2-nio-100,binary,100,bot_171,3577,w,57,7.66,25,62.91,59,-3.91,0
e2-nio-100,binary,100,bot_171,3577,w,59,3.32,25,60.36,51,-9.36,0
e2-nio-100,binary,100,bot_172,3577,b,2,124.07,25,116.84,170,53.16,0
e2-nio-100,binary,100,bot_172,3577,b,4,86.4,25,108.53,155,46.47,0
e2-nio-100,binary,100,bot_172,3577,b,6,93.58,25,123,168,45,0
e2-nio-100,binary,100,bot_172,3577,b,8,54.47,25,105.46,139,33.54,0
e2-nio-100,binary,100,bot_172,3577,b,10,68.29,25,109.37,123,13.63,0
e2-nio-100,binary,100,bot_172,3577,b,12,72.18,25,141.62,149,7.38,0
e2-nio-100,binary,100,bot_172,3577,b,14,47.32,25,142.01,153,10.99,0
e2-nio-100,binary,100,bot_172,3577,b,16,44.95,25,134.28,132,-2.28,0
e2-nio-100,binary,100,bot_172,3577,b,18,37.92,25,181.71,164,-17.71,0
e2-nio-100,binary,100,bot_172,3577,b,20,29.58,25,163.12,146,-17.12,0
e2-nio-100,binary,100,bot_172,3577,b,22,70.53,25,116.26,130,13.74,0
e2-nio-100,binary,100,bot_172,3577,b,24,70.04,25,129.39,138,8.61,0
e2-nio-100,binary,100,bot_172,3577,b,26,70.29,25,89.61,94,4.39,0
e2-nio-100,binary,100,bot_172,3577,b,28,54.75,25,119.29,132,12.71,0
e2-nio-100,binary,100,bot_172,3577,b,30,53.39,25,119.4,117,-2.4,0
e2-nio-100,binary,100,bot_172,3577,b,32,34.81,25,106.59,93,-13.59,0
e2-nio-100,binary,100,bot_172,3577,b,34,44.89,25,105.45,98,-7.45,0
e2-nio-100,binary,100,bot_172,3577,b,36,6.29,25,85.25,58,-27.25,0
e2-nio-100,binary,100,bot_172,3577,b,38,37.63,25,54.14,70,15.86,0
e2-nio-100,binary,100,bot_172,3577,b,40,66.46,25,72.73,78,5.27,0
e2-nio-100,binary,100,bot_172,3577,b,42,21.4,25,69.16,75,5.84,0
e2-nio-100,binary,100,bot_172,3577,b,44,12.27,25,71.84,70,-1.84,0
e2-nio-100,binary,100,bot_172,3577,b,46,7.48,25,94.23,45,-49.23,0
e2-nio-100,binary,100,bot_172,3577,b,48,31,25,65.33,50,-15.33,0
e2-nio-100,binary,100,bot_172,3577,b,50,25.93,25,64.71,34,-30.71,0
e2-nio-100,binary,100,bot_172,3577,b,52,21.21,25,63.68,29,-34.68,0
e2-nio-100,binary,100,bot_172,3577,b,54,17.3,25,66.24,26,-40.24,0
e2-nio-100,binary,100,bot_172,3577,b,56,17.43,25,74.11,26,-48.11,0
e2-nio-100,binary,100,bot_172,3577,b,58,10.4,25,76.46,30,-46.46,0
e2-nio-100,binary,100,bot_172,3577,b,60,2.79,25,64.66,13,-51.66,0
e2-nio-100,binary,100,bot_173,3578,w,1,124.98,25,115.95,189,73.05,0
e2-nio-100,binary,100,bot_173,3578,w,3,89.36,25,105.76,165,59.24,0
e2-nio-100,binary,100,bot_173,3578,w,5,95.75,25,120.99,179,58.01,0
e2-nio-100,binary,100,bot_173,3578,w,7,55.54,25,104.39,149,44.61,0
e2-nio-100,binary,100,bot_173,3578,w,9,69.49,25,107.86,133,25.14,0
e2-nio-100,binary,100,bot_173,3578,w,11,75.5,25,138.02,158,19.98,0
e2-nio-100,binary,100,bot_173,3578,w,13,49.02,25,140.52,163,22.48,0
e2-nio-100,binary,100,bot_173,3578,w,15,47.9,25,130.97,142,11.03,0
e2-nio-100,binary,100,bot_173,3578,w,17,41.84,25,178.02,173,-5.02,0
e2-nio-100,binary,100,bot_173,3578,w,19,32.34,25,160.36,156,-4.36,0
e2-nio-100,binary,100,bot_173,3578,w,21,73.49,25,113.08,139,25.92,0
e2-nio-100,binary,100,bot_173,3578,w,23,73.03,25,126.27,144,17.73,0
e2-nio-100,binary,100,bot_173,3578,w,25,73.8,25,85.94,98,12.06,0
e2-nio-100,binary,100,bot_173,3578,w,27,56.97,25,117,139,22,0
e2-nio-100,binary,100,bot_173,3578,w,29,56.24,25,116.93,123,6.07,0
e2-nio-100,binary,100,bot_173,3578,w,31,35.83,25,105.52,102,-3.52,0
e2-nio-100,binary,100,bot_173,3578,w,33,46.5,25,103.87,104,0.13,0
e2-nio-100,binary,100,bot_173,3578,w,35,7.17,25,84.28,67,-17.28,0
e2-nio-100,binary,100,bot_173,3578,w,37,42.74,25,113.66,73,-40.66,0
e2-nio-100,binary,100,bot_173,3578,w,39,68.97,25,70.15,83,12.85,0
e2-nio-100,binary,100,bot_173,3578,w,41,24.41,25,66.14,80,13.86,0
e2-nio-100,binary,100,bot_173,3578,w,43,15.33,25,69.1,79,9.9,0
e2-nio-100,binary,100,bot_173,3578,w,45,11.76,25,89.65,51,-38.65,0
e2-nio-100,binary,100,bot_173,3578,w,47,34.86,25,95.88,55,-40.88,0
e2-nio-100,binary,100,bot_173,3578,w,49,29.2,25,61.44,41,-20.44,0
e2-nio-100,binary,100,bot_173,3578,w,51,24.77,25,60.23,35,-25.23,0
e2-nio-100,binary,100,bot_173,3578,w,53,20.37,25,63.04,34,-29.04,0
e2-nio-100,binary,100,bot_173,3578,w,55,18.97,25,72.2,31,-41.2,0
e2-nio-100,binary,100,bot_173,3578,w,57,13.13,25,73.67,35,-38.67,0
e2-nio-100,binary,100,bot_173,3578,w,59,3.78,25,63.39,21,-42.39,0
e2-nio-100,binary,100,bot_174,3578,b,2,106.89,25,124.41,205,80.59,0
e2-nio-100,binary,100,bot_174,3578,b,4,105.14,25,112.87,156,43.13,0
e2-nio-100,binary,100,bot_174,3578,b,6,93.88,25,136.11,186,49.89,0
e2-nio-100,binary,100,bot_174,3578,b,8,73.82,25,103.13,114,10.88,0
e2-nio-100,binary,100,bot_174,3578,b,10,68.47,25,157.74,182,24.26,0
e2-nio-100,binary,100,bot_174,3578,b,12,70.97,25,178.44,207,28.56,0
e2-nio-100,binary,100,bot_174,3578,b,14,58.33,25,172.52,176,3.48,0
e2-nio-100,binary,100,bot_174,3578,b,16,43.49,25,170.66,172,1.34,0
e2-nio-100,binary,100,bot_174,3578,b,18,43.8,25,176.67,173,-3.67,0
e2-nio-100,binary,100,bot_174,3578,b,20,73.59,25,126.41,114,-12.41,0
e2-nio-100,binary,100,bot_174,3578,b,22,65.36,25,113.56,141,27.44,0
e2-nio-100,binary,100,bot_174,3578,b,24,59.96,25,115.45,142,26.55,0
e2-nio-100,binary,100,bot_174,3578,b,26,71.35,25,114.74,143,28.26,0
e2-nio-100,binary,100,bot_174,3578,b,28,54.3,25,121.48,133,11.52,0
e2-nio-100,binary,100,bot_174,3578,b,30,44.25,25,98.28,109,10.72,0
e2-nio-100,binary,100,bot_174,3578,b,32,47.94,25,94.73,86,-8.73,0
e2-nio-100,binary,100,bot_174,3578,b,34,30.05,25,107.89,109,1.11,0
e2-nio-100,binary,100,bot_174,3578,b,36,7.35,25,133.91,94,-39.91,0
e2-nio-100,binary,100,bot_174,3578,b,38,61.21,25,110.64,109,-1.64,0
e2-nio-100,binary,100,bot_174,3578,b,40,61.94,25,68.44,91,22.56,0
e2-nio-100,binary,100,bot_174,3578,b,42,57.05,25,118.6,97,-21.6,0
e2-nio-100,binary,100,bot_174,3578,b,44,8.55,25,64.92,35,-29.92,0
e2-nio-100,binary,100,bot_174,3578,b,46,6.84,25,109.8,75,-34.8,0
e2-nio-100,binary,100,bot_174,3578,b,48,27.79,25,81.2,70,-11.2,0
e2-nio-100,binary,100,bot_174,3578,b,50,23.63,25,78.45,62,-16.45,0
e2-nio-100,binary,100,bot_174,3578,b,52,19.18,25,74,55,-19,0
e2-nio-100,binary,100,bot_174,3578,b,54,7.14,25,68.97,44,-24.97,0
e2-nio-100,binary,100,bot_174,3578,b,56,10.19,25,60.22,34,-26.22,0
e2-nio-100,binary,100,bot_174,3578,b,58,5.75,25,58.08,26,-32.08,0
e2-nio-100,binary,100,bot_174,3578,b,60,3.3,25,72.09,31,-41.09,0
e2-nio-100,binary,100,bot_175,3579,w,1,113.61,25,118.29,200,81.71,0
e2-nio-100,binary,100,bot_175,3579,w,3,110.52,25,106.99,139,32.01,0
e2-nio-100,binary,100,bot_175,3579,w,5,101.93,25,128.17,167,38.83,0
e2-nio-100,binary,100,bot_175,3579,w,7,79.52,25,97.33,94,-3.33,0
e2-nio-100,binary,100,bot_175,3579,w,9,76.85,25,149.65,162,12.35,0
e2-nio-100,binary,100,bot_175,3579,w,11,77.73,25,171.43,190,18.57,0
e2-nio-100,binary,100,bot_175,3579,w,13,60.23,25,170.86,161,-9.86,0
e2-nio-100,binary,100,bot_175,3579,w,15,45.83,25,167.98,156,-11.98,0
e2-nio-100,binary,100,bot_175,3579,w,17,45.72,25,174.48,159,-15.48,0
e2-nio-100,binary,100,bot_175,3579,w,19,75.16,25,124.69,100,-24.69,0
e2-nio-100,binary,100,bot_175,3579,w,21,67.65,25,111.45,127,15.55,0
e2-nio-100,binary,100,bot_175,3579,w,23,61.51,25,113.89,132,18.11,0
e2-nio-100,binary,100,bot_175,3579,w,25,74.33,25,111.89,134,22.11,0
e2-nio-100,binary,100,bot_175,3579,w,27,55.55,25,120.16,125,4.84,0
e2-nio-100,binary,100,bot_175,3579,w,29,47.3,25,95.27,96,0.73,0
e2-nio-100,binary,100,bot_175,3579,w,31,49.54,25,93,75,-18,0
e2-nio-100,binary,100,bot_175,3579,w,33,32.99,25,105.41,102,-3.41,0
e2-nio-100,binary,100,bot_175,3579,w,35,9.46,25,131.87,86,-45.87,0
e2-nio-100,binary,100,bot_175,3579,w,37,68.11,25,141.91,95,-46.91,0
e2-nio-100,binary,100,bot_175,3579,w,39,65.42,25,65.19,81,15.81,0
e2-nio-100,binary,100,bot_175,3579,w,41,60.67,25,115.21,90,-25.21,0
e2-nio-100,binary,100,bot_175,3579,w,43,10.6,25,62.86,26,-36.86,0
e2-nio-100,binary,100,bot_175,3579,w,45,9.06,25,107.76,69,-38.76,0
e2-nio-100,binary,100,bot_175,3579,w,47,36.03,25,105.47,53,-52.47,0
e2-nio-100,binary,100,bot_175,3579,w,49,26.91,25,75.1,51,-24.1,0
e2-nio-100,binary,100,bot_175,3579,w,51,23.21,25,69.75,41,-28.75,0
e2-nio-100,binary,100,bot_175,3579,w,53,11.25,25,64.9,32,-32.9,0
e2-nio-100,binary,100,bot_175,3579,w,55,14.52,25,56.43,22,-34.43,0
e2-nio-100,binary,100,bot_175,3579,w,57,9.79,25,54.64,17,-37.64,0
e2-nio-100,binary,100,bot_175,3579,w,59,8.49,25,66.19,16,-50.19,0
e2-nio-100,binary,100,bot_176,3579,b,2,93.02,25,102.26,167,64.74,0
e2-nio-100,binary,100,bot_176,3579,b,4,99.45,25,117.53,178,60.47,0
e2-nio-100,binary,100,bot_176,3579,b,6,57.58,25,102.42,154,51.58,0
e2-nio-100,binary,100,bot_176,3579,b,8,71.54,25,105.71,135,29.29,0
e2-nio-100,binary,100,bot_176,3579,b,10,79.59,25,133.78,161,27.22,0
e2-nio-100,binary,100,bot_176,3579,b,12,51.9,25,138.05,166,27.95,0
e2-nio-100,binary,100,bot_176,3579,b,14,50.88,25,127.9,139,11.1,0
e2-nio-100,binary,100,bot_176,3579,b,16,45.23,25,175.11,172,-3.11,0
e2-nio-100,binary,100,bot_176,3579,b,18,36.58,25,156.21,153,-3.21,0
e2-nio-100,binary,100,bot_176,3579,b,20,76.78,25,109.79,135,25.21,0
e2-nio-100,binary,100,bot_176,3579,b,22,76.09,25,123.2,143,19.8,0
e2-nio-100,binary,100,bot_176,3579,b,24,77.93,25,81.77,95,13.23,0
e2-nio-100,binary,100,bot_176,3579,b,26,62.01,25,111.92,137,25.08,0
e2-nio-100,binary,100,bot_176,3579,b,28,57.52,25,115.8,122,6.2,0
e2-nio-100,binary,100,bot_176,3579,b,30,38.61,25,102.69,101,-1.69,0
e2-nio-100,binary,100,bot_176,3579,b,32,53.54,25,96.79,98,1.21,0
e2-nio-100,binary,100,bot_176,3579,b,34,11.28,25,80.12,65,-15.12,0
e2-nio-100,binary,100,bot_176,3579,b,36,8.62,25,109.47,70,-39.47,0
e2-nio-100,binary,100,bot_176,3579,b,38,74.45,25,64.71,84,19.29,0
e2-nio-100,binary,100,bot_176,3579,b,40,31.33,25,59.17,76,16.83,0
e2-nio-100,binary,100,bot_176,3579,b,42,20.07,25,64.46,76,11.54,0
e2-nio-100,binary,100,bot_176,3579,b,44,17.68,25,83.68,45,-38.68,0
e2-nio-100,binary,100,bot_176,3579,b,46,5.55,25,92.74,54,-38.74,0
e2-nio-100,binary,100,bot_176,3579,b,48,34.38,25,56.24,44,-12.24,0
e2-nio-100,binary,100,bot_176,3579,b,50,28.19,25,56.98,36,-20.98,0
e2-nio-100,binary,100,bot_176,3579,b,52,24.07,25,59.39,33,-26.39,0
e2-nio-100,binary,100,bot_176,3579,b,54,22.74,25,68.46,31,-37.46,0
e2-nio-100,binary,100,bot_176,3579,b,56,19.39,25,67.18,33,-34.18,0
e2-nio-100,binary,100,bot_176,3579,b,58,6.62,25,60.56,21,-39.56,0
e2-nio-100,binary,100,bot_176,3579,b,60,10.5,25,79.31,39,-40.31,0
e2-nio-100,binary,100,bot_177,3580,w,1,96.52,25,98.95,154,55.05,0
e2-nio-100,binary,100,bot_177,3580,w,3,105.08,25,111.78,154,42.22,0
e2-nio-100,binary,100,bot_177,3580,w,5,61.37,25,98.51,130,31.49,0
e2-nio-100,binary,100,bot_177,3580,w,7,73.85,25,103.1,114,10.9,0
e2-nio-100,binary,100,bot_177,3580,w,9,84.16,25,128.79,139,10.21,0
e2-nio-100,binary,100,bot_177,3580,w,11,53.49,25,136.72,147,10.28,0
e2-nio-100,binary,100,bot_177,3580,w,13,53.8,25,125.23,118,-7.23,0
e2-nio-100,binary,100,bot_177,3580,w,15,49.44,25,170.86,149,-21.86,0
e2-nio-100,binary,100,bot_177,3580,w,17,40.81,25,152.07,129,-23.07,0
e2-nio-100,binary,100,bot_177,3580,w,19,80.72,25,105.75,118,12.25,0
e2-nio-100,binary,100,bot_177,3580,w,21,79.25,25,119.92,125,5.08,0
e2-nio-100,binary,100,bot_177,3580,w,23,80.99,25,78.64,78,-0.64,0
e2-nio-100,binary,100,bot_177,3580,w,25,64.84,25,108.96,119,10.04,0
e2-nio-100,binary,100,bot_177,3580,w,27,61.37,25,112.17,104,-8.17,0
e2-nio-100,binary,100,bot_177,3580,w,29,40.81,25,100.38,84,-16.38,0
e2-nio-100,binary,100,bot_177,3580,w,31,57.37,25,92.9,79,-13.9,0
e2-nio-100,binary,100,bot_177,3580,w,33,13.06,25,78.4,49,-29.4,0
e2-nio-100,binary,100,bot_177,3580,w,35,10.76,25,107.4,53,-54.4,0
e2-nio-100,binary,100,bot_177,3580,w,37,80.4,25,119.92,62,-57.92,0
e2-nio-100,binary,100,bot_177,3580,w,39,35.98,25,53.69,56,2.31,0
e2-nio-100,binary,100,bot_177,3580,w,41,26.32,25,58.33,54,-4.33,0
e2-nio-100,binary,100,bot_177,3580,w,43,22.59,25,78.39,23,-55.39,0
e2-nio-100,binary,100,bot_177,3580,w,45,8.98,25,89.44,34,-55.44,0
e2-nio-100,binary,100,bot_177,3580,w,47,3.21,25,75.71,16,-59.71,0
e2-nio-100,binary,100,bot_177,3580,w,49,29.36,25,56.07,25,-31.07,0
e2-nio-100,binary,100,bot_177,3580,w,51,27.18,25,56.39,17,-39.39,0
e2-nio-100,binary,100,bot_177,3580,w,53,26.09,25,65.16,13,-52.16,0
e2-nio-100,binary,100,bot_177,3580,w,55,1.59,25,59.86,0,-59.86,0
e2-nio-100,binary,100,bot_177,3580,w,57,7.98,25,59.21,10,-49.21,0
e2-nio-100,binary,100,bot_177,3580,w,59,5.24,25,76.53,22,-54.53,0
e2-nio-100,binary,100,bot_178,3580,b,2,112.78,25,104.76,149,44.24,0
e2-nio-100,binary,100,bot_178,3580,b,4,104.07,25,126.33,179,52.67,0
e2-nio-100,binary,100,bot_178,3580,b,6,81.48,25,95.39,105,9.61,0
e2-nio-100,binary,100,bot_178,3580,b,8,81.48,25,145.3,167,21.7,0
e2-nio-100,binary,100,bot_178,3580,b,10,81.77,25,167.74,201,33.26,0
e2-nio-100,binary,100,bot_178,3580,b,12,63.09,25,167.55,168,0.45,0
e2-nio-100,binary,100,bot_178,3580,b,14,48.96,25,164.94,166,1.06,0
e2-nio-100,binary,100,bot_178,3580,b,16,47.24,25,172.91,169,-3.91,0
e2-nio-100,binary,100,bot_178,3580,b,18,83.77,25,116.05,104,-12.05,0
e2-nio-100,binary,100,bot_178,3580,b,20,70.52,25,108.68,137,28.32,0
e2-nio-100,binary,100,bot_178,3580,b,22,64,25,111.43,139,27.57,0
e2-nio-100,binary,100,bot_178,3580,b,24,75.08,25,111.21,142,30.79,0
e2-nio-100,binary,100,bot_178,3580,b,26,57.11,25,118.63,132,13.37,0
e2-nio-100,binary,100,bot_178,3580,b,28,50.05,25,92.55,103,10.45,0
e2-nio-100,binary,100,bot_178,3580,b,30,51.01,25,91.49,82,-9.49,0
e2-nio-100,binary,100,bot_178,3580,b,32,34.92,25,103.63,111,7.37,0
e2-nio-100,binary,100,bot_178,3580,b,34,11.82,25,129.51,92,-37.51,0
e2-nio-100,binary,100,bot_178,3580,b,36,7.74,25,139.87,101,-38.87,0
e2-nio-100,binary,100,bot_178,3580,b,38,67.54,25,63.9,93,29.1,0
e2-nio-100,binary,100,bot_178,3580,b,40,60.9,25,115.73,101,-14.73,0
e2-nio-100,binary,100,bot_178,3580,b,42,10.7,25,62.85,39,-23.85,0
e2-nio-100,binary,100,bot_178,3580,b,44,9.4,25,107.6,78,-29.6,0
e2-nio-100,binary,100,bot_178,3580,b,46,6.02,25,104.02,61,-43.02,0
e2-nio-100,binary,100,bot_178,3580,b,48,34.07,25,111.1,65,-46.1,0
e2-nio-100,binary,100,bot_178,3580,b,50,25.66,25,67.25,45,-22.25,0
e2-nio-100,binary,100,bot_178,3580,b,52,13.63,25,62.5,39,-23.5,0
e2-nio-100,binary,100,bot_178,3580,b,54,4.37,25,54.01,30,-24.01,0
e2-nio-100,binary,100,bot_178,3580,b,56,15.65,25,86.47,38,-48.47,0
e2-nio-100,binary,100,bot_178,3580,b,58,10.15,25,64.51,22,-42.51,0
e2-nio-100,binary,100,bot_178,3580,b,60,9.55,25,74.1,29,-45.1,0
e2-nio-100,binary,100,bot_179,3581,w,1,117.63,25,100.01,146,45.99,0
e2-nio-100,binary,100,bot_179,3581,w,3,105.46,25,125.4,172,46.6,0
e2-nio-100,binary,100,bot_179,3581,w,5,82.25,25,94.38,95,0.62,0
e2-nio-100,binary,100,bot_179,3581,w,7,83.29,25,143.65,155,11.35,0
e2-nio-100,binary,100,bot_179,3581,w,9,82.41,25,166.64,189,22.36,0
e2-nio-100,binary,100,bot_179,3581,w,11,64.3,25,166.34,159,-7.34,0
e2-nio-100,binary,100,bot_179,3581,w,13,51.12,25,162.94,155,-7.94,0
e2-nio-100,binary,100,bot_179,3581,w,15,48.61,25,171.22,159,-12.22,0
e2-nio-100,binary,100,bot_179,3581,w,17,9.45,25,114,94,-20,0
e2-nio-100,binary,100,bot_179,3581,w,19,75.58,25,103.67,136,32.33,0
e2-nio-100,binary,100,bot_179,3581,w,21,67.18,25,108.25,132,23.75,0
e2-nio-100,binary,100,bot_179,3581,w,23,77.5,25,108.76,137,28.24,0
e2-nio-100,binary,100,bot_179,3581,w,25,60.77,25,114.91,125,10.09,0
e2-nio-100,binary,100,bot_179,3581,w,27,55.29,25,87.28,94,6.72,0
e2-nio-100,binary,100,bot_179,3581,w,29,53.23,25,89.01,75,-14.01,0
e2-nio-100,binary,100,bot_179,3581,w,31,38.55,25,100.08,100,-0.08,0
e2-nio-100,binary,100,bot_179,3581,w,33,15.51,25,125.68,82,-43.68,0
e2-nio-100,binary,100,bot_179,3581,w,35,12.18,25,135.34,90,-45.34,0
e2-nio-100,binary,100,bot_179,3581,w,37,78.39,25,129.2,76,-53.2,0
e2-nio-100,binary,100,bot_179,3581,w,39,65.53,25,110.96,90,-20.96,0
e2-nio-100,binary,100,bot_179,3581,w,41,12.96,25,60.36,29,-31.36,0
e2-nio-100,binary,100,bot_179,3581,w,43,16.84,25,99.91,65,-34.91,0
e2-nio-100,binary,100,bot_179,3581,w,45,9.98,25,99.72,51,-48.72,0
e2-nio-100,binary,100,bot_179,3581,w,47,9.42,25,106.56,54,-52.56,0
e2-nio-100,binary,100,bot_179,3581,w,49,28.67,25,63.5,39,-24.5,0
e2-nio-100,binary,100,bot_179,3581,w,51,20.12,25,81.52,27,-54.52,0
e2-nio-100,binary,100,bot_179,3581,w,53,8.88,25,72.36,17,-55.36,0
e2-nio-100,binary,100,bot_179,3581,w,55,6.05,25,83.89,29,-54.89,0
e2-nio-100,binary,100,bot_179,3581,w,57,13.13,25,61.52,11,-50.52,0
e2-nio-100,binary,100,bot_179,3581,w,59,6.25,25,70.34,19,-51.34,0
e2-nio-100,binary,100,bot_180,3581,b,2,109.28,25,107.47,182,74.53,0
e2-nio-100,binary,100,bot_180,3581,b,4,63.4,25,96.53,157,60.47,0
e2-nio-100,binary,100,bot_180,3581,b,6,74.55,25,102.57,141,38.43,0
e2-nio-100,binary,100,bot_180,3581,b,8,85.34,25,127.56,167,39.44,0
e2-nio-100,binary,100,bot_180,3581,b,10,55.09,25,135.59,175,39.41,0
e2-nio-100,binary,100,bot_180,3581,b,12,55.42,25,123.55,144,20.45,0
e2-nio-100,binary,100,bot_180,3581,b,14,51.22,25,169.09,177,7.91,0
e2-nio-100,binary,100,bot_180,3581,b,16,43.5,25,149.45,155,5.55,0
e2-nio-100,binary,100,bot_180,3581,b,18,95.55,25,167.16,133,-34.16,0
e2-nio-100,binary,100,bot_180,3581,b,20,82.83,25,116.3,149,32.7,0
e2-nio-100,binary,100,bot_180,3581,b,22,87.22,25,72.36,96,23.64,0
e2-nio-100,binary,100,bot_180,3581,b,24,69.81,25,104.03,137,32.97,0
e2-nio-100,binary,100,bot_180,3581,b,26,65.5,25,108.16,126,17.84,0
e2-nio-100,binary,100,bot_180,3581,b,28,44.68,25,96.5,109,12.5,0
e2-nio-100,binary,100,bot_180,3581,b,30,59.67,25,90.67,100,9.33,0
e2-nio-100,binary,100,bot_180,3581,b,32,14.58,25,76.95,73,-3.95,0
e2-nio-100,binary,100,bot_180,3581,b,34,12.34,25,105.89,77,-28.89,0
e2-nio-100,binary,100,bot_180,3581,b,36,5.91,25,118.2,86,-32.2,0
e2-nio-100,binary,100,bot_180,3581,b,38,37.81,25,51.93,87,35.07,0
e2-nio-100,binary,100,bot_180,3581,b,40,28.16,25,56.68,78,21.32,0
e2-nio-100,binary,100,bot_180,3581,b,42,24.51,25,76.56,45,-31.56,0
e2-nio-100,binary,100,bot_180,3581,b,44,11.74,25,86.85,61,-25.85,0
e2-nio-100,binary,100,bot_180,3581,b,46,5.77,25,73.2,39,-34.2,0
e2-nio-100,binary,100,bot_180,3581,b,48,35.48,25,79.12,46,-33.12,0
e2-nio-100,binary,100,bot_180,3581,b,50,4.41,25,53.72,39,-14.72,0
e2-nio-100,binary,100,bot_180,3581,b,52,4.57,25,63.02,40,-23.02,0
e2-nio-100,binary,100,bot_180,3581,b,54,3.24,25,58.89,25,-33.89,0
e2-nio-100,binary,100,bot_180,3581,b,56,9.64,25,69.96,32,-37.96,0
e2-nio-100,binary,100,bot_180,3581,b,58,7.68,25,74.14,44,-30.14,0
e2-nio-100,binary,100,bot_180,3581,b,60,9.08,25,74.7,37,-37.7,0
e2-nio-100,binary,100,bot_181,3582,w,1,112.7,25,104.26,181,76.74,0
e2-nio-100,binary,100,bot_181,3582,w,3,63.96,25,96.37,148,51.63,0
e2-nio-100,binary,100,bot_181,3582,w,5,74.89,25,102.26,130,27.74,0
e2-nio-100,binary,100,bot_181,3582,w,7,86.91,25,125.75,157,31.25,0
e2-nio-100,binary,100,bot_181,3582,w,9,55.68,25,135.29,165,29.71,0
e2-nio-100,binary,100,bot_181,3582,w,11,56.4,25,122.41,134,11.59,0
e2-nio-100,binary,100,bot_181,3582,w,13,52.51,25,167.79,167,-0.79,0
e2-nio-100,binary,100,bot_181,3582,w,15,44.97,25,148.18,144,-4.18,0
e2-nio-100,binary,100,bot_181,3582,w,17,13.49,25,165.57,121,-44.57,0
e2-nio-100,binary,100,bot_181,3582,w,19,85.96,25,113.1,149,35.9,0
e2-nio-100,binary,100,bot_181,3582,w,21,87.76,25,71.87,88,16.13,0
e2-nio-100,binary,100,bot_181,3582,w,23,71.17,25,102.76,130,27.24,0
e2-nio-100,binary,100,bot_181,3582,w,25,66.97,25,106.92,117,10.08,0
e2-nio-100,binary,100,bot_181,3582,w,27,46.03,25,95.07,99,3.93,0
e2-nio-100,binary,100,bot_181,3582,w,29,62.69,25,87.74,90,2.26,0
e2-nio-100,binary,100,bot_181,3582,w,31,15.76,25,75.73,64,-11.73,0
e2-nio-100,binary,100,bot_181,3582,w,33,15.66,25,102.58,69,-33.58,0
e2-nio-100,binary,100,bot_181,3582,w,35,8.37,25,115.72,78,-37.72,0
e2-nio-100,binary,100,bot_181,3582,w,37,6.26,25,118.1,74,-44.1,0
e2-nio-100,binary,100,bot_181,3582,w,39,32.39,25,52.66,75,22.34,0
e2-nio-100,binary,100,bot_181,3582,w,41,28.53,25,72.28,34,-38.28,0
e2-nio-100,binary,100,bot_181,3582,w,43,15.45,25,83.25,52,-31.25,0
e2-nio-100,binary,100,bot_181,3582,w,45,6.33,25,72.8,34,-38.8,0
e2-nio-100,binary,100,bot_181,3582,w,47,9.31,25,73.51,34,-39.51,0
e2-nio-100,binary,100,bot_181,3582,w,49,4.51,25,54.01,37,-17.01,0
e2-nio-100,binary,100,bot_181,3582,w,51,8.55,25,77.69,30,-47.69,0
e2-nio-100,binary,100,bot_181,3582,w,53,8.96,25,59.25,13,-46.25,0
e2-nio-100,binary,100,bot_181,3582,w,55,13.6,25,65.67,22,-43.67,0
e2-nio-100,binary,100,bot_181,3582,w,57,11.21,25,70.58,31,-39.58,0
e2-nio-100,binary,100,bot_181,3582,w,59,11.8,25,71.57,28,-43.57,0
e2-nio-100,binary,100,bot_182,3582,b,2,106.81,25,124.14,196,71.86,0
e2-nio-100,binary,100,bot_182,3582,b,4,83.24,25,93.38,115,21.62,0
e2-nio-100,binary,100,bot_182,3582,b,6,84.75,25,142.26,175,32.74,0
e2-nio-100,binary,100,bot_182,3582,b,8,83.82,25,165.24,209,43.76,0
e2-nio-100,binary,100,bot_182,3582,b,10,65.87,25,164.77,177,12.23,0
e2-nio-100,binary,100,bot_182,3582,b,12,53.55,25,160.56,174,13.44,0
e2-nio-100,binary,100,bot_182,3582,b,14,50.38,25,169.36,179,9.64,0
e2-nio-100,binary,100,bot_182,3582,b,16,10.98,25,112.48,115,2.52,0
e2-nio-100,binary,100,bot_182,3582,b,18,89.73,25,172.97,144,-28.97,0
e2-nio-100,binary,100,bot_182,3582,b,20,70.01,25,105.44,148,42.56,0
e2-nio-100,binary,100,bot_182,3582,b,22,81.63,25,104.6,149,44.4,0
e2-nio-100,binary,100,bot_182,3582,b,24,63.84,25,111.8,139,27.2,0
e2-nio-100,binary,100,bot_182,3582,b,26,57.16,25,85.4,109,23.6,0
e2-nio-100,binary,100,bot_182,3582,b,28,54.87,25,87.27,90,2.73,0
e2-nio-100,binary,100,bot_182,3582,b,30,40.45,25,98.26,117,18.74,0
e2-nio-100,binary,100,bot_182,3582,b,32,19.62,25,121.6,94,-27.6,0
e2-nio-100,binary,100,bot_182,3582,b,34,15.45,25,132.07,104,-28.07,0
e2-nio-100,binary,100,bot_182,3582,b,36,9.28,25,126.66,91,-35.66,0
e2-nio-100,binary,100,bot_182,3582,b,38,75.21,25,138.24,101,-37.24,0
e2-nio-100,binary,100,bot_182,3582,b,40,15,25,58.34,48,-10.34,0
e2-nio-100,binary,100,bot_182,3582,b,42,19.95,25,96.84,82,-14.84,0
e2-nio-100,binary,100,bot_182,3582,b,44,13.7,25,95.88,68,-27.87,0
e2-nio-100,binary,100,bot_182,3582,b,46,13.26,25,102.73,67,-35.73,0
e2-nio-100,binary,100,bot_182,3582,b,48,36.56,25,87.17,53,-34.17,0
e2-nio-100,binary,100,bot_182,3582,b,50,5.82,25,77.44,38,-39.44,0
e2-nio-100,binary,100,bot_182,3582,b,52,6.32,25,68.59,33,-35.59,0
e2-nio-100,binary,100,bot_182,3582,b,54,9.21,25,80.78,46,-34.78,0
e2-nio-100,binary,100,bot_182,3582,b,56,13.54,25,61.29,31,-30.29,0
e2-nio-100,binary,100,bot_182,3582,b,58,9.61,25,66.96,35,-31.96,0
e2-nio-100,binary,100,bot_182,3582,b,60,8.11,25,76.44,45,-31.44,0
e2-nio-100,binary,100,bot_183,3583,w,1,107.87,25,123.75,182,58.25,0
e2-nio-100,binary,100,bot_183,3583,w,3,84.99,25,91.56,92,0.44,0
e2-nio-100,binary,100,bot_183,3583,w,5,87.48,25,139.73,151,11.27,0
e2-nio-100,binary,100,bot_183,3583,w,7,87.27,25,161.61,184,22.39,0
e2-nio-100,binary,100,bot_183,3583,w,9,70.38,25,160.18,151,-9.18,0
e2-nio-100,binary,100,bot_183,3583,w,11,58.86,25,155.46,149,-6.46,0
e2-nio-100,binary,100,bot_183,3583,w,13,52.72,25,166.74,155,-11.74,0
e2-nio-100,binary,100,bot_183,3583,w,15,11.31,25,112.47,94,-18.47,0
e2-nio-100,binary,100,bot_183,3583,w,17,13.99,25,170.31,120,-50.31,0
e2-nio-100,binary,100,bot_183,3583,w,19,34.91,25,157.44,110,-47.44,0
e2-nio-100,binary,100,bot_183,3583,w,21,23.49,25,163.69,120,-43.69,0
e2-nio-100,binary,100,bot_183,3583,w,23,26.02,25,154.94,118,-36.94,0
e2-nio-100,binary,100,bot_183,3583,w,25,9.31,25,140.59,97,-43.59,0
e2-nio-100,binary,100,bot_183,3583,w,27,75.58,25,131.8,82,-49.8,0
e2-nio-100,binary,100,bot_183,3583,w,29,57.54,25,83.17,104,20.83,0
e2-nio-100,binary,100,bot_183,3583,w,31,46.78,25,94.32,64,-30.32,0
e2-nio-100,binary,100,bot_183,3583,w,33,46.1,25,100.71,78,-22.71,0
e2-nio-100,binary,100,bot_183,3583,w,35,34.61,25,99.27,79,-20.27,0
e2-nio-100,binary,100,bot_183,3583,w,37,40.24,25,105.46,73,-32.46,0
e2-nio-100,binary,100,bot_183,3583,w,39,21,25,73.82,40,-33.82,0
e2-nio-100,binary,100,bot_183,3583,w,41,21.69,25,98.83,61,-37.83,0
e2-nio-100,binary,100,bot_183,3583,w,43,18.14,25,79.63,38,-41.63,0
e2-nio-100,binary,100,bot_183,3583,w,45,13.19,25,76.66,31,-45.66,0
e2-nio-100,binary,100,bot_183,3583,w,47,9.71,25,72.33,24,-48.33,0
e2-nio-100,binary,100,bot_183,3583,w,49,23.39,25,57.65,26,-31.65,0
e2-nio-100,binary,100,bot_183,3583,w,51,11.92,25,56.96,16,-40.96,0
e2-nio-100,binary,100,bot_183,3583,w,53,17.64,25,62.73,13,-49.73,0
e2-nio-100,binary,100,bot_183,3583,w,55,6.41,25,67.86,21,-46.86,0
e2-nio-100,binary,100,bot_183,3583,w,57,6.46,25,58.53,0,-58.53,0
e2-nio-100,binary,100,bot_183,3583,w,59,7.21,25,68.87,11,-57.87,0
e2-nio-100,binary,100,bot_184,3583,b,2,65.82,25,94.5,154,59.5,0
e2-nio-100,binary,100,bot_184,3583,b,4,76.75,25,100.33,137,36.67,0
e2-nio-100,binary,100,bot_184,3583,b,6,89.54,25,123.03,162,38.97,0
e2-nio-100,binary,100,bot_184,3583,b,8,57.42,25,133.65,174,40.35,0
e2-nio-100,binary,100,bot_184,3583,b,10,59.56,25,119.24,142,22.76,0
e2-nio-100,binary,100,bot_184,3583,b,12,55.16,25,165.16,174,8.84,0
e2-nio-100,binary,100,bot_184,3583,b,14,47.22,25,145.94,151,5.06,0
e2-nio-100,binary,100,bot_184,3583,b,16,15.8,25,163.22,126,-37.22,0
e2-nio-100,binary,100,bot_184,3583,b,18,13.58,25,170.24,136,-34.24,0
e2-nio-100,binary,100,bot_184,3583,b,20,17.39,25,125.34,115,-10.34,0
e2-nio-100,binary,100,bot_184,3583,b,22,23.35,25,157.68,134,-23.68,0
e2-nio-100,binary,100,bot_184,3583,b,24,17.45,25,151.2,130,-21.2,0
e2-nio-100,binary,100,bot_184,3583,b,26,12.31,25,138.02,101,-37.02,0
e2-nio-100,binary,100,bot_184,3583,b,28,82.36,25,67.72,96,28.28,0
e2-nio-100,binary,100,bot_184,3583,b,30,31.44,25,59.86,71,11.14,0
e2-nio-100,binary,100,bot_184,3583,b,32,39.35,25,79.14,80,0.86,0
e2-nio-100,binary,100,bot_184,3583,b,34,39.27,25,85.48,85,-0.48,0
e2-nio-100,binary,100,bot_184,3583,b,36,28.49,25,95.54,84,-11.54,0
e2-nio-100,binary,100,bot_184,3583,b,38,27.73,25,89.9,83,-6.9,0
e2-nio-100,binary,100,bot_184,3583,b,40,21.62,25,61.68,36,-25.68,0
e2-nio-100,binary,100,bot_184,3583,b,42,19.48,25,85.64,60,-25.64,0
e2-nio-100,binary,100,bot_184,3583,b,44,15.58,25,86.34,57,-29.34,0
e2-nio-100,binary,100,bot_184,3583,b,46,12.61,25,86.47,52,-34.47,0
e2-nio-100,binary,100,bot_184,3583,b,48,29.46,25,83.25,46,-37.25,0
e2-nio-100,binary,100,bot_184,3583,b,50,20.56,25,60.39,37,-23.39,0
e2-nio-100,binary,100,bot_184,3583,b,52,11.42,25,64.94,30,-34.94,0
e2-nio-100,binary,100,bot_184,3583,b,54,13.82,25,61.52,33,-28.52,0
e2-nio-100,binary,100,bot_184,3583,b,56,3,25,54.14,13,-41.14,0
e2-nio-100,binary,100,bot_184,3583,b,58,3.43,25,72.26,33,-39.26,0
e2-nio-100,binary,100,bot_184,3583,b,60,5.36,25,78.53,39,-39.53,0
e2-nio-100,binary,100,bot_185,3584,w,1,67.32,25,93.52,157,63.48,0
e2-nio-100,binary,100,bot_185,3584,w,3,78.86,25,97.83,128,30.17,0
e2-nio-100,binary,100,bot_185,3584,w,5,94.25,25,118.06,159,40.94,0
e2-nio-100,binary,100,bot_185,3584,w,7,61.53,25,130.37,171,40.63,0
e2-nio-100,binary,100,bot_185,3584,w,9,64.3,25,114.14,137,22.86,0
e2-nio-100,binary,100,bot_185,3584,w,11,63.36,25,156.67,167,10.33,0
e2-nio-100,binary,100,bot_185,3584,w,13,54.97,25,137.8,141,3.2,0
e2-nio-100,binary,100,bot_185,3584,w,15,23.9,25,154.68,113,-41.68,0
e2-nio-100,binary,100,bot_185,3584,w,17,20.32,25,165.73,130,-35.73,0
e2-nio-100,binary,100,bot_185,3584,w,19,15.67,25,126.95,101,-25.95,0
e2-nio-100,binary,100,bot_185,3584,w,21,19.33,25,161.62,124,-37.62,0
e2-nio-100,binary,100,bot_185,3584,w,23,12.97,25,155.67,123,-32.67,0
e2-nio-100,binary,100,bot_185,3584,w,25,75.12,25,141.73,93,-48.73,0
e2-nio-100,binary,100,bot_185,3584,w,27,79.32,25,70.76,81,10.24,0
e2-nio-100,binary,100,bot_185,3584,w,29,29.39,25,62.04,60,-2.04,0
e2-nio-100,binary,100,bot_185,3584,w,31,37.42,25,81.05,68,-13.05,0
e2-nio-100,binary,100,bot_185,3584,w,33,35.97,25,88.31,74,-14.31,0
e2-nio-100,binary,100,bot_185,3584,w,35,25.18,25,98.74,72,-26.74,0
e2-nio-100,binary,100,bot_185,3584,w,37,25.26,25,92.35,71,-21.35,0
e2-nio-100,binary,100,bot_185,3584,w,39,19.1,25,64.28,27,-37.28,0
e2-nio-100,binary,100,bot_185,3584,w,41,14.39,25,90.72,51,-39.72,0
e2-nio-100,binary,100,bot_185,3584,w,43,11.09,25,90.72,48,-42.72,0
e2-nio-100,binary,100,bot_185,3584,w,45,8.66,25,90.41,42,-48.41,0
e2-nio-100,binary,100,bot_185,3584,w,47,24.15,25,59.7,35,-24.7,0
e2-nio-100,binary,100,bot_185,3584,w,49,17.93,25,62.98,27,-35.98,0
e2-nio-100,binary,100,bot_185,3584,w,51,9.36,25,66.97,20,-46.97,0
e2-nio-100,binary,100,bot_185,3584,w,53,11.22,25,64.09,20,-44.09,0
e2-nio-100,binary,100,bot_185,3584,w,55,1.11,25,56.49,4,-52.49,0
e2-nio-100,binary,100,bot_185,3584,w,57,1.54,25,73.92,17,-56.92,0
e2-nio-100,binary,100,bot_185,3584,w,59,3.25,25,80.13,27,-53.13,0
e2-nio-100,binary,100,bot_186,3584,b,2,90.84,25,85.32,101,15.68,0
e2-nio-100,binary,100,bot_186,3584,b,4,100.86,25,126.55,152,25.45,0
e2-nio-100,binary,100,bot_186,3584,b,6,100.43,25,148.12,189,40.88,0
e2-nio-100,binary,100,bot_186,3584,b,8,83.69,25,146.68,154,7.32,0
e2-nio-100,binary,100,bot_186,3584,b,10,71.07,25,143.54,152,8.46,0
e2-nio-100,binary,100,bot_186,3584,b,12,63.75,25,155.37,166,10.63,0
e2-nio-100,binary,100,bot_186,3584,b,14,19.05,25,105.46,107,1.54,0
e2-nio-100,binary,100,bot_186,3584,b,16,26.01,25,157.93,128,-29.93,0
e2-nio-100,binary,100,bot_186,3584,b,18,31.47,25,160.72,129,-31.72,0
e2-nio-100,binary,100,bot_186,3584,b,20,20.47,25,166.97,132,-34.97,0
e2-nio-100,binary,100,bot_186,3584,b,22,23.38,25,157.87,126,-31.87,0
e2-nio-100,binary,100,bot_186,3584,b,24,7.86,25,141.82,103,-38.82,0
e2-nio-100,binary,100,bot_186,3584,b,26,68.23,25,72.86,95,22.14,0
e2-nio-100,binary,100,bot_186,3584,b,28,55.27,25,85.21,113,27.79,0
e2-nio-100,binary,100,bot_186,3584,b,30,43.46,25,97.51,75,-22.51,0
e2-nio-100,binary,100,bot_186,3584,b,32,43.28,25,104.09,89,-15.09,0
e2-nio-100,binary,100,bot_186,3584,b,34,30.76,25,103.41,88,-15.41,0
e2-nio-100,binary,100,bot_186,3584,b,36,36.09,25,109.89,84,-25.89,0
e2-nio-100,binary,100,bot_186,3584,b,38,18.72,25,75.85,49,-26.85,0
e2-nio-100,binary,100,bot_186,3584,b,40,18.31,25,102.3,71,-31.3,0
e2-nio-100,binary,100,bot_186,3584,b,42,14.93,25,82.92,46,-36.92,0
e2-nio-100,binary,100,bot_186,3584,b,44,9.55,25,80.64,41,-39.64,0
e2-nio-100,binary,100,bot_186,3584,b,46,32.79,25,78.74,36,-42.74,0
e2-nio-100,binary,100,bot_186,3584,b,48,20.84,25,59.77,32,-27.77,0
e2-nio-100,binary,100,bot_186,3584,b,50,9.68,25,59,25,-34,0
e2-nio-100,binary,100,bot_186,3584,b,52,13.11,25,67.65,25,-42.65,0
e2-nio-100,binary,100,bot_186,3584,b,54,4.29,25,69.89,30,-39.89,0
e2-nio-100,binary,100,bot_186,3584,b,56,2.11,25,62.79,13,-49.79,0
e2-nio-100,binary,100,bot_186,3584,b,58,4.53,25,72.07,22,-50.07,0
e2-nio-100,binary,100,bot_186,3584,b,60,10.58,25,68.86,32,-36.86,0
e2-nio-100,binary,100,bot_187,3585,w,1,92.77,25,83.45,97,13.55,0
e2-nio-100,binary,100,bot_187,3585,w,3,105.11,25,122.9,142,19.1,0
e2-nio-100,binary,100,bot_187,3585,w,5,106.14,25,142.4,179,36.6,0
e2-nio-100,binary,100,bot_187,3585,w,7,89.21,25,141.16,145,3.84,0
e2-nio-100,binary,100,bot_187,3585,w,9,76.65,25,138.48,147,8.52,0
e2-nio-100,binary,100,bot_187,3585,w,11,69.41,25,149.64,157,7.36,0
e2-nio-100,binary,100,bot_187,3585,w,13,23.46,25,101.64,102,0.36,0
e2-nio-100,binary,100,bot_187,3585,w,15,35.62,25,148.62,117,-31.62,0
e2-nio-100,binary,100,bot_187,3585,w,17,27.97,25,164.08,135,-29.08,0
e2-nio-100,binary,100,bot_187,3585,w,19,17.54,25,169.99,126,-43.99,0
e2-nio-100,binary,100,bot_187,3585,w,21,19.09,25,162.25,117,-45.25,0
e2-nio-100,binary,100,bot_187,3585,w,23,81.64,25,143.56,94,-49.56,0
e2-nio-100,binary,100,bot_187,3585,w,25,65.45,25,75.7,77,1.3,0
e2-nio-100,binary,100,bot_187,3585,w,27,53.24,25,87.11,105,17.89,0
e2-nio-100,binary,100,bot_187,3585,w,29,38.47,25,102.5,70,-32.5,0
e2-nio-100,binary,100,bot_187,3585,w,31,39.3,25,108.03,82,-26.03,0
e2-nio-100,binary,100,bot_187,3585,w,33,27.14,25,107.07,79,-28.07,0
e2-nio-100,binary,100,bot_187,3585,w,35,33.1,25,112.93,75,-37.93,0
e2-nio-100,binary,100,bot_187,3585,w,37,16.91,25,77.54,39,-38.54,0
e2-nio-100,binary,100,bot_187,3585,w,39,15.1,25,105.6,64,-41.6,0
e2-nio-100,binary,100,bot_187,3585,w,41,11.66,25,86.16,42,-44.16,0
e2-nio-100,binary,100,bot_187,3585,w,43,6.49,25,83.73,30,-53.73,0
e2-nio-100,binary,100,bot_187,3585,w,45,25.74,25,65.26,30,-35.26,0
e2-nio-100,binary,100,bot_187,3585,w,47,18.09,25,62.46,21,-41.46,0
e2-nio-100,binary,100,bot_187,3585,w,49,6.88,25,61.73,17,-44.73,0
e2-nio-100,binary,100,bot_187,3585,w,51,7.44,25,73.43,20,-53.43,0
e2-nio-100,binary,100,bot_187,3585,w,53,14.9,25,73.13,21,-52.13,0
e2-nio-100,binary,100,bot_187,3585,w,55,17.18,25,58.38,19,-39.38,0
e2-nio-100,binary,100,bot_187,3585,w,57,5.44,25,59.77,17,-42.77,0
e2-nio-100,binary,100,bot_187,3585,w,59,4.92,25,56.33,21,-35.33,0
e2-nio-100,binary,100,bot_188,3585,b,2,81.08,25,95.11,147,51.89,0
e2-nio-100,binary,100,bot_188,3585,b,4,99.25,25,112.93,176,63.07,0
e2-nio-100,binary,100,bot_188,3585,b,6,66.99,25,125.14,190,64.86,0
e2-nio-100,binary,100,bot_188,3585,b,8,72.2,25,105.9,154,48.1,0
e2-nio-100,binary,100,bot_188,3585,b,10,70.32,25,149.41,185,35.59,0
e2-nio-100,binary,100,bot_188,3585,b,12,62.88,25,129.71,158,28.29,0
e2-nio-100,binary,100,bot_188,3585,b,14,31.31,25,147,128,-19,0
e2-nio-100,binary,100,bot_188,3585,b,16,29.26,25,158.18,152,-6.18,0
e2-nio-100,binary,100,bot_188,3585,b,18,14.16,25,128.13,113,-15.13,0
e2-nio-100,binary,100,bot_188,3585,b,20,14.16,25,166.63,142,-24.63,0
e2-nio-100,binary,100,bot_188,3585,b,22,9.88,25,158.74,135,-23.74,0
e2-nio-100,binary,100,bot_188,3585,b,24,60.88,25,80.44,119,38.56,0
e2-nio-100,binary,100,bot_188,3585,b,26,77.3,25,72.78,96,23.22,0
e2-nio-100,binary,100,bot_188,3585,b,28,26.58,25,64.93,75,10.07,0
e2-nio-100,binary,100,bot_188,3585,b,30,33.78,25,84.67,80,-4.67,0
e2-nio-100,binary,100,bot_188,3585,b,32,30.34,25,93.96,90,-3.96,0
e2-nio-100,binary,100,bot_188,3585,b,34,20.41,25,103.23,87,-16.23,0
e2-nio-100,binary,100,bot_188,3585,b,36,20.85,25,96.82,87,-9.82,0
e2-nio-100,binary,100,bot_188,3585,b,38,16.74,25,66.97,42,-24.97,0
e2-nio-100,binary,100,bot_188,3585,b,40,14.07,25,90.91,63,-27.91,0
e2-nio-100,binary,100,bot_188,3585,b,42,4.73,25,96.92,65,-31.92,0
e2-nio-100,binary,100,bot_188,3585,b,44,23.99,25,95.78,59,-36.78,0
e2-nio-100,binary,100,bot_188,3585,b,46,18.51,25,65.33,48,-17.33,0
e2-nio-100,binary,100,bot_188,3585,b,48,13.48,25,67.54,42,-25.54,0
e2-nio-100,binary,100,bot_188,3585,b,50,5.7,25,70.43,34,-36.43,0
e2-nio-100,binary,100,bot_188,3585,b,52,7.58,25,67.65,32,-35.65,0
e2-nio-100,binary,100,bot_188,3585,b,54,19.35,25,59.81,33,-26.81,0
e2-nio-100,binary,100,bot_188,3585,b,56,15.79,25,60.98,35,-25.98,0
e2-nio-100,binary,100,bot_188,3585,b,58,10.64,25,58.41,22,-36.41,0
e2-nio-100,binary,100,bot_188,3585,b,60,7.77,25,66.1,38,-28.1,0
e2-nio-100,binary,100,bot_189,3586,w,1,81.2,25,94.7,157,62.3,0
e2-nio-100,binary,100,bot_189,3586,w,3,106.4,25,105.29,174,68.71,0
e2-nio-100,binary,100,bot_189,3586,w,5,75.27,25,117.07,189,71.93,0
e2-nio-100,binary,100,bot_189,3586,w,7,77.67,25,99.76,154,54.24,0
e2-nio-100,binary,100,bot_189,3586,w,9,78.13,25,141.51,185,43.49,0
e2-nio-100,binary,100,bot_189,3586,w,11,69.34,25,123.18,160,36.82,0
e2-nio-100,binary,100,bot_189,3586,w,13,39.11,25,138.72,127,-11.72,0
e2-nio-100,binary,100,bot_189,3586,w,15,38.14,25,150.32,152,1.68,0
e2-nio-100,binary,100,bot_189,3586,w,17,12.96,25,129.2,112,-17.2,0
e2-nio-100,binary,100,bot_189,3586,w,19,11.14,25,169.54,144,-25.54,0
e2-nio-100,binary,100,bot_189,3586,w,21,90.12,25,160.72,135,-25.72,0
e2-nio-100,binary,100,bot_189,3586,w,23,57.53,25,83.36,114,30.64,0
e2-nio-100,binary,100,bot_189,3586,w,25,75.52,25,74.54,97,22.46,0
e2-nio-100,binary,100,bot_189,3586,w,27,25.14,25,66.37,77,10.63,0
e2-nio-100,binary,100,bot_189,3586,w,29,32.32,25,86.12,81,-5.12,0
e2-nio-100,binary,100,bot_189,3586,w,31,27.88,25,96.39,92,-4.39,0
e2-nio-100,binary,100,bot_189,3586,w,33,17.53,25,106.01,89,-17.01,0
e2-nio-100,binary,100,bot_189,3586,w,35,17.45,25,100.22,90,-10.22,0
e2-nio-100,binary,100,bot_189,3586,w,37,14.16,25,69.63,44,-25.63,0
e2-nio-100,binary,100,bot_189,3586,w,39,10.6,25,94.37,67,-27.37,0
e2-nio-100,binary,100,bot_189,3586,w,41,13.82,25,99.07,64,-35.07,0
e2-nio-100,binary,100,bot_189,3586,w,43,18.24,25,66,64,-2,0
e2-nio-100,binary,100,bot_189,3586,w,45,14.86,25,68.99,51,-17.99,0
e2-nio-100,binary,100,bot_189,3586,w,47,9.67,25,71.4,48,-23.4,0
e2-nio-100,binary,100,bot_189,3586,w,49,2.76,25,73.33,38,-35.33,0
e2-nio-100,binary,100,bot_189,3586,w,51,18.01,25,72.7,37,-35.7,0
e2-nio-100,binary,100,bot_189,3586,w,53,13.53,25,65.74,37,-28.74,0
e2-nio-100,binary,100,bot_189,3586,w,55,9.49,25,67.28,38,-29.28,0
e2-nio-100,binary,100,bot_189,3586,w,57,4.66,25,64.47,26,-38.47,0
e2-nio-100,binary,100,bot_189,3586,w,59,5.05,25,71.01,44,-27.01,0
e2-nio-100,binary,100,bot_190,3586,b,2,107.54,25,120.83,167,46.17,0
e2-nio-100,binary,100,bot_190,3586,b,4,110.57,25,138.12,207,68.88,0
e2-nio-100,binary,100,bot_190,3586,b,6,93.64,25,136.88,175,38.12,0
e2-nio-100,binary,100,bot_190,3586,b,8,81.98,25,133.6,175,41.4,0
e2-nio-100,binary,100,bot_190,3586,b,10,75.54,25,143.34,184,40.66,0
e2-nio-100,binary,100,bot_190,3586,b,12,27.71,25,97.72,130,32.28,0
e2-nio-100,binary,100,bot_190,3586,b,14,40.61,25,143.9,146,2.1,0
e2-nio-100,binary,100,bot_190,3586,b,16,23.5,25,168.39,166,-2.39,0
e2-nio-100,binary,100,bot_190,3586,b,18,15.62,25,172.22,145,-27.22,0
e2-nio-100,binary,100,bot_190,3586,b,20,15.84,25,165.82,138,-27.82,0
e2-nio-100,binary,100,bot_190,3586,b,22,71.88,25,71.36,122,50.64,0
e2-nio-100,binary,100,bot_190,3586,b,24,63.6,25,77.84,96,18.16,0
e2-nio-100,binary,100,bot_190,3586,b,26,51.75,25,88.29,124,35.71,0
e2-nio-100,binary,100,bot_190,3586,b,28,36.65,25,104.42,90,-14.42,0
e2-nio-100,binary,100,bot_190,3586,b,30,36.43,25,110.94,104,-6.94,0
e2-nio-100,binary,100,bot_190,3586,b,32,23.75,25,110.76,99,-11.76,0
e2-nio-100,binary,100,bot_190,3586,b,34,30.38,25,115.85,93,-22.85,0
e2-nio-100,binary,100,bot_190,3586,b,36,15.44,25,78.71,55,-23.71,0
e2-nio-100,binary,100,bot_190,3586,b,38,13.2,25,107.59,83,-24.59,0
e2-nio-100,binary,100,bot_190,3586,b,40,7.85,25,89.93,62,-27.93,0
e2-nio-100,binary,100,bot_190,3586,b,42,39.88,25,75.15,50,-25.15,0
e2-nio-100,binary,100,bot_190,3586,b,44,23.17,25,67.79,46,-21.79,0
e2-nio-100,binary,100,bot_190,3586,b,46,16.85,25,63.51,39,-24.51,0
e2-nio-100,binary,100,bot_190,3586,b,48,5.79,25,62.58,33,-29.58,0
e2-nio-100,binary,100,bot_190,3586,b,50,5.64,25,76.03,40,-36.03,0
e2-nio-100,binary,100,bot_190,3586,b,52,11.73,25,59.9,37,-22.9,0
e2-nio-100,binary,100,bot_190,3586,b,54,12.54,25,62.99,38,-24.99,0
e2-nio-100,binary,100,bot_190,3586,b,56,2.65,25,62.43,33,-29.43,0
e2-nio-100,binary,100,bot_190,3586,b,58,5.02,25,56.04,29,-27.04,0
e2-nio-100,binary,100,bot_190,3586,b,60,5.51,25,66.16,41,-25.16,0
e2-nio-100,binary,100,bot_191,3587,w,1,108.16,25,120.65,162,41.35,0
e2-nio-100,binary,100,bot_191,3587,w,3,111.71,25,136.96,193,56.04,0
e2-nio-100,binary,100,bot_191,3587,w,5,95.14,25,135.36,162,26.64,0
e2-nio-100,binary,100,bot_191,3587,w,7,85.57,25,130.25,159,28.75,0
e2-nio-100,binary,100,bot_191,3587,w,9,77.77,25,140.79,169,28.21,0
e2-nio-100,binary,100,bot_191,3587,w,11,29.3,25,96.31,118,21.69,0
e2-nio-100,binary,100,bot_191,3587,w,13,42.81,25,141.69,132,-9.69,0
e2-nio-100,binary,100,bot_191,3587,w,15,18.7,25,173.17,165,-8.17,0
e2-nio-100,binary,100,bot_191,3587,w,17,13.21,25,174.75,135,-39.75,0
e2-nio-100,binary,100,bot_191,3587,w,19,86.75,25,171.46,129,-42.46,0
e2-nio-100,binary,100,bot_191,3587,w,21,67.15,25,76.07,104,27.93,0
e2-nio-100,binary,100,bot_191,3587,w,23,61.09,25,80.43,85,4.57,0
e2-nio-100,binary,100,bot_191,3587,w,25,49.32,25,90.61,113,22.39,0
e2-nio-100,binary,100,bot_191,3587,w,27,33.66,25,107.41,81,-26.41,0
e2-nio-100,binary,100,bot_191,3587,w,29,32.29,25,115.09,93,-22.09,0
e2-nio-100,binary,100,bot_191,3587,w,31,20.1,25,114.53,87,-27.53,0
e2-nio-100,binary,100,bot_191,3587,w,33,25.45,25,120.87,83,-37.87,0
e2-nio-100,binary,100,bot_191,3587,w,35,15.11,25,78.82,41,-37.82,0
e2-nio-100,binary,100,bot_191,3587,w,37,11.52,25,109.22,71,-38.22,0
e2-nio-100,binary,100,bot_191,3587,w,39,36.92,25,93.53,49,-44.53,0
e2-nio-100,binary,100,bot_191,3587,w,41,32.38,25,82.81,45,-37.81,0
e2-nio-100,binary,100,bot_191,3587,w,43,22.07,25,68.84,37,-31.84,0
e2-nio-100,binary,100,bot_191,3587,w,45,16.63,25,63.58,24,-39.58,0
e2-nio-100,binary,100,bot_191,3587,w,47,4.42,25,64.64,23,-41.64,0
e2-nio-100,binary,100,bot_191,3587,w,49,25.75,25,70.87,31,-39.87,0
e2-nio-100,binary,100,bot_191,3587,w,51,10.63,25,60.91,24,-36.91,0
e2-nio-100,binary,100,bot_191,3587,w,53,8.58,25,66.94,28,-38.94,0
e2-nio-100,binary,100,bot_191,3587,w,55,1.16,25,63.33,21,-42.33,0
e2-nio-100,binary,100,bot_191,3587,w,57,1.57,25,59.08,23,-36.08,0
e2-nio-100,binary,100,bot_191,3587,w,59,3.42,25,67.74,30,-37.74,0
e2-nio-100,binary,100,bot_192,3587,b,2,107.63,25,104,172,68,0
e2-nio-100,binary,100,bot_192,3587,b,4,77.61,25,114.81,186,71.19,0
e2-nio-100,binary,100,bot_192,3587,b,6,79.49,25,97.84,151,53.16,0
e2-nio-100,binary,100,bot_192,3587,b,8,80.77,25,138.87,181,42.13,0
e2-nio-100,binary,100,bot_192,3587,b,10,71.73,25,120.79,157,36.21,0
e2-nio-100,binary,100,bot_192,3587,b,12,41.46,25,136.32,123,-13.32,0
e2-nio-100,binary,100,bot_192,3587,b,14,41.57,25,147.82,149,1.18,0
e2-nio-100,binary,100,bot_192,3587,b,16,10.77,25,131.06,107,-24.06,0
e2-nio-100,binary,100,bot_192,3587,b,18,8.12,25,172.22,143,-29.22,0
e2-nio-100,binary,100,bot_192,3587,b,20,78.59,25,95.59,140,44.41,0
e2-nio-100,binary,100,bot_192,3587,b,22,54.16,25,86.7,110,23.3,0
e2-nio-100,binary,100,bot_192,3587,b,24,73.89,25,76.33,95,18.67,0
e2-nio-100,binary,100,bot_192,3587,b,26,22.78,25,68.72,75,6.28,0
e2-nio-100,binary,100,bot_192,3587,b,28,29.38,25,89,80,-9,0
e2-nio-100,binary,100,bot_192,3587,b,30,22.39,25,101.89,92,-9.89,0
e2-nio-100,binary,100,bot_192,3587,b,32,12.42,25,110.84,89,-21.84,0
e2-nio-100,binary,100,bot_192,3587,b,34,12.37,25,105.51,88,-17.51,0
e2-nio-100,binary,100,bot_192,3587,b,36,10.85,25,73.28,45,-28.28,0
e2-nio-100,binary,100,bot_192,3587,b,38,6.16,25,98.84,67,-31.84,0
e2-nio-100,binary,100,bot_192,3587,b,40,11.4,25,68.68,63,-5.68,0
e2-nio-100,binary,100,bot_192,3587,b,42,18.13,25,65.27,55,-10.27,0
e2-nio-100,binary,100,bot_192,3587,b,44,10.83,25,73.4,53,-20.4,0
e2-nio-100,binary,100,bot_192,3587,b,46,7.14,25,74.07,48,-26.07,0
e2-nio-100,binary,100,bot_192,3587,b,48,8.59,25,73.76,35,-38.76,0
e2-nio-100,binary,100,bot_192,3587,b,50,13.98,25,54.85,38,-16.85,0
e2-nio-100,binary,100,bot_192,3587,b,52,10.23,25,69.28,37,-32.28,0
e2-nio-100,binary,100,bot_192,3587,b,54,7.27,25,70.04,35,-35.04,0
e2-nio-100,binary,100,bot_192,3587,b,56,2.31,25,67.78,26,-41.78,0
e2-nio-100,binary,100,bot_192,3587,b,58,1.34,25,74.76,43,-31.76,0
e2-nio-100,binary,100,bot_192,3587,b,60,2.43,25,72.68,43,-29.68,0
e2-nio-100,binary,100,bot_193,3588,w,1,111.23,25,100.47,172,71.53,0
e2-nio-100,binary,100,bot_193,3588,w,3,81.54,25,111.28,181,69.72,0
e2-nio-100,binary,100,bot_193,3588,w,5,83.37,25,93.59,149,55.41,0
e2-nio-100,binary,100,bot_193,3588,w,7,85.83,25,133.87,181,47.13,0
e2-nio-100,binary,100,bot_193,3588,w,9,76.21,25,116.63,160,43.37,0
e2-nio-100,binary,100,bot_193,3588,w,11,46.52,25,131.07,120,-11.07,0
e2-nio-100,binary,100,bot_193,3588,w,13,48.07,25,142.85,146,3.15,0
e2-nio-100,binary,100,bot_193,3588,w,15,9.71,25,132.04,102,-30.04,0
e2-nio-100,binary,100,bot_193,3588,w,17,89.6,25,173.43,139,-34.43,0
e2-nio-100,binary,100,bot_193,3588,w,19,76.66,25,97.47,125,27.53,0
e2-nio-100,binary,100,bot_193,3588,w,21,52.73,25,88.14,107,18.86,0
e2-nio-100,binary,100,bot_193,3588,w,23,72.34,25,78.02,91,12.98,0
e2-nio-100,binary,100,bot_193,3588,w,25,21.47,25,70.02,71,0.98,0
e2-nio-100,binary,100,bot_193,3588,w,27,28.2,25,90.15,75,-15.15,0
e2-nio-100,binary,100,bot_193,3588,w,29,19.96,25,104.29,86,-18.29,0
e2-nio-100,binary,100,bot_193,3588,w,31,10.75,25,112.39,85,-27.39,0
e2-nio-100,binary,100,bot_193,3588,w,33,10.26,25,107.54,81,-26.54,0
e2-nio-100,binary,100,bot_193,3588,w,35,9.8,25,74.33,40,-34.33,0
e2-nio-100,binary,100,bot_193,3588,w,37,26.87,25,100.48,64,-36.48,0
e2-nio-100,binary,100,bot_193,3588,w,39,10.24,25,69.71,52,-17.71,0
e2-nio-100,binary,100,bot_193,3588,w,41,16.78,25,66.54,48,-18.54,0
e2-nio-100,binary,100,bot_193,3588,w,43,10.12,25,74,45,-29,0
e2-nio-100,binary,100,bot_193,3588,w,45,5.63,25,75.52,43,-32.52,0
e2-nio-100,binary,100,bot_193,3588,w,47,5.96,25,55.71,33,-22.71,0
e2-nio-100,binary,100,bot_193,3588,w,49,11.8,25,56.92,31,-25.92,0
e2-nio-100,binary,100,bot_193,3588,w,51,7,25,72.58,35,-37.58,0
e2-nio-100,binary,100,bot_193,3588,w,53,25.37,25,74.99,35,-39.99,0
e2-nio-100,binary,100,bot_193,3588,w,55,12,25,61.76,33,-28.76,0
e2-nio-100,binary,100,bot_193,3588,w,57,13.28,25,60.36,43,-17.36,0
e2-nio-100,binary,100,bot_193,3588,w,59,9.84,25,64.83,43,-21.83,0
e2-nio-100,binary,100,bot_194,3588,b,2,116.82,25,131.77,189,57.23,0
e2-nio-100,binary,100,bot_194,3588,b,4,103.3,25,127.15,154,26.85,0
e2-nio-100,binary,100,bot_194,3588,b,6,93.8,25,122.28,151,28.72,0
e2-nio-100,binary,100,bot_194,3588,b,8,89.57,25,128.45,160,31.55,0
e2-nio-100,binary,100,bot_194,3588,b,10,35.43,25,90.28,112,21.72,0
e2-nio-100,binary,100,bot_194,3588,b,12,49.31,25,134.84,127,-7.84,0
e2-nio-100,binary,100,bot_194,3588,b,14,17.49,25,174.04,171,-3.04,0
e2-nio-100,binary,100,bot_194,3588,b,16,12.23,25,175.97,134,-41.97,0
e2-nio-100,binary,100,bot_194,3588,b,18,74.56,25,101.17,138,36.83,0
e2-nio-100,binary,100,bot_194,3588,b,20,65.27,25,77.81,102,24.19,0
e2-nio-100,binary,100,bot_194,3588,b,22,60.34,25,81.4,82,0.6,0
e2-nio-100,binary,100,bot_194,3588,b,24,48.08,25,91.23,111,19.77,0
e2-nio-100,binary,100,bot_194,3588,b,26,31.7,25,109.43,78,-31.43,0
e2-nio-100,binary,100,bot_194,3588,b,28,28.56,25,118.86,94,-24.86,0
e2-nio-100,binary,100,bot_194,3588,b,30,18.47,25,116.5,84,-32.5,0
e2-nio-100,binary,100,bot_194,3588,b,32,21.16,25,125.57,84,-41.57,0
e2-nio-100,binary,100,bot_194,3588,b,34,12.66,25,81,38,-43,0
e2-nio-100,binary,100,bot_194,3588,b,36,9.73,25,111.1,69,-42.1,0
e2-nio-100,binary,100,bot_194,3588,b,38,28.86,25,79.5,53,-26.5,0
e2-nio-100,binary,100,bot_194,3588,b,40,27.44,25,88.06,45,-43.06,0
e2-nio-100,binary,100,bot_194,3588,b,42,18.04,25,73,37,-36,0
e2-nio-100,binary,100,bot_194,3588,b,44,13.77,25,66.51,25,-41.51,0
e2-nio-100,binary,100,bot_194,3588,b,46,23.6,25,66.18,18,-48.18,0
e2-nio-100,binary,100,bot_194,3588,b,48,20.76,25,76.12,30,-46.12,0
e2-nio-100,binary,100,bot_194,3588,b,50,8.74,25,62.81,22,-40.81,0
e2-nio-100,binary,100,bot_194,3588,b,52,6.8,25,68.64,23,-45.64,0
e2-nio-100,binary,100,bot_194,3588,b,54,18.96,25,65.38,38,-27.38,0
e2-nio-100,binary,100,bot_194,3588,b,56,19.94,25,64.3,36,-28.3,0
e2-nio-100,binary,100,bot_194,3588,b,58,13.42,25,62.7,35,-27.7,0
e2-nio-100,binary,100,bot_194,3588,b,60,5.47,25,54.61,23,-31.61,0
e2-nio-100,binary,100,bot_195,3589,w,1,122.22,25,126.67,192,65.33,0
e2-nio-100,binary,100,bot_195,3589,w,3,108.39,25,122.08,149,26.92,0
e2-nio-100,binary,100,bot_195,3589,w,5,97.08,25,119.43,149,29.57,0
e2-nio-100,binary,100,bot_195,3589,w,7,92.11,25,123.23,156,32.77,0
e2-nio-100,binary,100,bot_195,3589,w,9,38.63,25,87.52,110,22.48,0
e2-nio-100,binary,100,bot_195,3589,w,11,52.6,25,131.52,123,-8.52,0
e2-nio-100,binary,100,bot_195,3589,w,13,15.62,25,175.79,176,0.21,0
e2-nio-100,binary,100,bot_195,3589,w,15,99.5,25,178,131,-47,0
e2-nio-100,binary,100,bot_195,3589,w,17,71.95,25,103.76,129,25.24,0
e2-nio-100,binary,100,bot_195,3589,w,19,62.66,25,80.39,100,19.61,0
e2-nio-100,binary,100,bot_195,3589,w,21,58.75,25,83.07,80,-3.07,0
e2-nio-100,binary,100,bot_195,3589,w,23,45.41,25,93.81,108,14.19,0
e2-nio-100,binary,100,bot_195,3589,w,25,26.12,25,115.02,79,-36.02,0
e2-nio-100,binary,100,bot_195,3589,w,27,22.42,25,125.04,95,-30.04,0
e2-nio-100,binary,100,bot_195,3589,w,29,13.52,25,121.6,81,-40.6,0
e2-nio-100,binary,100,bot_195,3589,w,31,13.91,25,133.05,85,-48.05,0
e2-nio-100,binary,100,bot_195,3589,w,33,7.81,25,85.82,39,-46.82,0
e2-nio-100,binary,100,bot_195,3589,w,35,32.27,25,115.53,67,-48.53,0
e2-nio-100,binary,100,bot_195,3589,w,37,21.73,25,86.85,51,-35.85,0
e2-nio-100,binary,100,bot_195,3589,w,39,21.11,25,94.47,49,-45.47,0
e2-nio-100,binary,100,bot_195,3589,w,41,12.77,25,78.34,37,-41.34,0
e2-nio-100,binary,100,bot_195,3589,w,43,8.66,25,71.67,24,-47.67,0
e2-nio-100,binary,100,bot_195,3589,w,45,15.15,25,59.82,21,-38.82,0
e2-nio-100,binary,100,bot_195,3589,w,47,17.83,25,79.15,29,-50.15,0
e2-nio-100,binary,100,bot_195,3589,w,49,6.01,25,65.56,19,-46.56,0
e2-nio-100,binary,100,bot_195,3589,w,51,19.49,25,73.26,23,-50.26,0
e2-nio-100,binary,100,bot_195,3589,w,53,14.28,25,70.11,35,-35.11,0
e2-nio-100,binary,100,bot_195,3589,w,55,15.29,25,68.91,37,-31.91,0
e2-nio-100,binary,100,bot_195,3589,w,57,8.63,25,67.51,36,-31.51,0
e2-nio-100,binary,100,bot_195,3589,w,59,7.83,25,59.18,23,-36.18,0
e2-nio-100,binary,100,bot_196,3589,b,2,85.8,25,107.27,187,79.73,0
e2-nio-100,binary,100,bot_196,3589,b,4,87.93,25,88.78,154,65.22,0
e2-nio-100,binary,100,bot_196,3589,b,6,91.74,25,127.9,183,55.1,0
e2-nio-100,binary,100,bot_196,3589,b,8,81.42,25,111.59,164,52.41,0
e2-nio-100,binary,100,bot_196,3589,b,10,51.46,25,125.91,122,-3.91,0
e2-nio-100,binary,100,bot_196,3589,b,12,55.21,25,137.2,149,11.8,0
e2-nio-100,binary,100,bot_196,3589,b,14,8.47,25,133.09,105,-28.09,0
e2-nio-100,binary,100,bot_196,3589,b,16,82.02,25,91.85,149,57.15,0
e2-nio-100,binary,100,bot_196,3589,b,18,75.3,25,98.74,127,28.26,0
e2-nio-100,binary,100,bot_196,3589,b,20,51.34,25,89.61,108,18.39,0
e2-nio-100,binary,100,bot_196,3589,b,22,69.73,25,80.71,96,15.29,0
e2-nio-100,binary,100,bot_196,3589,b,24,20.08,25,71.39,74,2.61,0
e2-nio-100,binary,100,bot_196,3589,b,26,24.71,25,93.55,75,-18.55,0
e2-nio-100,binary,100,bot_196,3589,b,28,15.96,25,108.19,85,-23.19,0
e2-nio-100,binary,100,bot_196,3589,b,30,7.6,25,115.08,84,-31.08,0
e2-nio-100,binary,100,bot_196,3589,b,32,10.12,25,107.3,78,-29.3,0
e2-nio-100,binary,100,bot_196,3589,b,34,6.93,25,77.29,41,-36.29,0
e2-nio-100,binary,100,bot_196,3589,b,36,20.57,25,79.45,69,-10.45,0
e2-nio-100,binary,100,bot_196,3589,b,38,10.09,25,69.4,47,-22.4,0
e2-nio-100,binary,100,bot_196,3589,b,40,14.58,25,68.5,46,-22.5,0
e2-nio-100,binary,100,bot_196,3589,b,42,8.75,25,75.17,43,-32.17,0
e2-nio-100,binary,100,bot_196,3589,b,44,18.51,25,77.41,43,-34.41,0
e2-nio-100,binary,100,bot_196,3589,b,46,6.04,25,55.24,27,-28.24,0
e2-nio-100,binary,100,bot_196,3589,b,48,9.45,25,58.93,33,-25.93,0
e2-nio-100,binary,100,bot_196,3589,b,50,5,25,74.8,36,-38.8,0
e2-nio-100,binary,100,bot_196,3589,b,52,21.51,25,61.53,37,-24.53,0
e2-nio-100,binary,100,bot_196,3589,b,54,10.47,25,63.59,34,-29.59,0
e2-nio-100,binary,100,bot_196,3589,b,56,11.79,25,61.9,42,-19.9,0
e2-nio-100,binary,100,bot_196,3589,b,58,7.24,25,67.36,42,-25.36,0
e2-nio-100,binary,100,bot_196,3589,b,60,3.5,25,60.66,33,-27.66,0
e2-nio-100,binary,100,bot_197,3590,w,1,87.67,25,106.77,186,79.23,0
e2-nio-100,binary,100,bot_197,3590,w,3,95.16,25,81.33,136,54.67,0
e2-nio-100,binary,100,bot_197,3590,w,5,98.9,25,120.7,163,42.3,0
e2-nio-100,binary,100,bot_197,3590,w,7,88.24,25,106.98,143,36.02,0
e2-nio-100,binary,100,bot_197,3590,w,9,55.39,25,121.56,103,-18.56,0
e2-nio-100,binary,100,bot_197,3590,w,11,66.15,25,127.75,123,-4.75,0
e2-nio-100,binary,100,bot_197,3590,w,13,97.85,25,134.9,90,-44.9,0
e2-nio-100,binary,100,bot_197,3590,w,15,79.22,25,94.65,124,29.35,0
e2-nio-100,binary,100,bot_197,3590,w,17,72.29,25,101.75,112,10.25,0
e2-nio-100,binary,100,bot_197,3590,w,19,49.68,25,91.36,92,0.64,0
e2-nio-100,binary,100,bot_197,3590,w,21,66.18,25,84.29,83,-1.29,0
e2-nio-100,binary,100,bot_197,3590,w,23,18.3,25,73.18,59,-14.18,0
e2-nio-100,binary,100,bot_197,3590,w,25,21.4,25,96.86,61,-35.86,0
e2-nio-100,binary,100,bot_197,3590,w,27,12.53,25,111.61,72,-39.61,0
e2-nio-100,binary,100,bot_197,3590,w,29,7.07,25,115.44,69,-46.44,0
e2-nio-100,binary,100,bot_197,3590,w,31,8,25,109.29,62,-47.29,0
e2-nio-100,binary,100,bot_197,3590,w,33,37.29,25,79,26,-53,0
e2-nio-100,binary,100,bot_197,3590,w,35,19.07,25,80.07,48,-32.07,0
e2-nio-100,binary,100,bot_197,3590,w,37,8.47,25,70.98,32,-38.98,0
e2-nio-100,binary,100,bot_197,3590,w,39,12.49,25,70.59,30,-40.59,0
e2-nio-100,binary,100,bot_197,3590,w,41,6.19,25,77.73,29,-48.73,0
e2-nio-100,binary,100,bot_197,3590,w,43,13.41,25,72.59,29,-43.59,0
e2-nio-100,binary,100,bot_197,3590,w,45,5.4,25,55.98,7,-48.98,0
e2-nio-100,binary,100,bot_197,3590,w,47,7.84,25,60.44,15,-45.44,0
e2-nio-100,binary,100,bot_197,3590,w,49,18.83,25,77.3,22,-55.3,0
e2-nio-100,binary,100,bot_197,3590,w,51,19.34,25,63.67,20,-43.67,0
e2-nio-100,binary,100,bot_197,3590,w,53,9.2,25,64.92,18,-46.92,0
e2-nio-100,binary,100,bot_197,3590,w,55,10.48,25,63.22,30,-33.22,0
e2-nio-100,binary,100,bot_197,3590,w,57,4.93,25,69.68,30,-39.68,0
e2-nio-100,binary,100,bot_197,3590,w,59,1.28,25,62.84,20,-42.84,0
e2-nio-100,binary,100,bot_198,3590,b,2,116.72,25,113.56,149,35.44,0
e2-nio-100,binary,100,bot_198,3590,b,4,103.54,25,113.44,156,42.56,0
e2-nio-100,binary,100,bot_198,3590,b,6,98.03,25,116.74,164,47.26,0
e2-nio-100,binary,100,bot_198,3590,b,8,43.37,25,83.2,119,35.8,0
e2-nio-100,binary,100,bot_198,3590,b,10,57.33,25,126.75,130,3.25,0
e2-nio-100,binary,100,bot_198,3590,b,12,14.41,25,176.72,191,14.28,0
e2-nio-100,binary,100,bot_198,3590,b,14,87.39,25,98.95,146,47.05,0
e2-nio-100,binary,100,bot_198,3590,b,16,69.94,25,105.72,133,27.28,0
e2-nio-100,binary,100,bot_198,3590,b,18,60.55,25,82.23,103,20.77,0
e2-nio-100,binary,100,bot_198,3590,b,20,57.4,25,84.46,83,-1.46,0
e2-nio-100,binary,100,bot_198,3590,b,22,44.14,25,94.81,109,14.19,0
e2-nio-100,binary,100,bot_198,3590,b,24,23.94,25,117.25,83,-34.25,0
e2-nio-100,binary,100,bot_198,3590,b,26,19.58,25,127.93,99,-28.93,0
e2-nio-100,binary,100,bot_198,3590,b,28,12.28,25,123.32,83,-40.32,0
e2-nio-100,binary,100,bot_198,3590,b,30,11.89,25,135.77,91,-44.77,0
e2-nio-100,binary,100,bot_198,3590,b,32,6.3,25,87.18,43,-44.18,0
e2-nio-100,binary,100,bot_198,3590,b,34,25.92,25,90.79,76,-14.79,0
e2-nio-100,binary,100,bot_198,3590,b,36,19.75,25,89.28,57,-32.28,0
e2-nio-100,binary,100,bot_198,3590,b,38,18.25,25,97.55,54,-43.55,0
e2-nio-100,binary,100,bot_198,3590,b,40,10.08,25,81.07,42,-39.07,0
e2-nio-100,binary,100,bot_198,3590,b,42,14.45,25,75.9,29,-46.9,0
e2-nio-100,binary,100,bot_198,3590,b,44,10.79,25,63.91,25,-38.91,0
e2-nio-100,binary,100,bot_198,3590,b,46,13.5,25,83.47,38,-45.47,0
e2-nio-100,binary,100,bot_198,3590,b,48,3.63,25,67.94,24,-43.94,0
e2-nio-100,binary,100,bot_198,3590,b,50,14.61,25,61.97,30,-31.97,0
e2-nio-100,binary,100,bot_198,3590,b,52,12.15,25,72.31,40,-32.31,0
e2-nio-100,binary,100,bot_198,3590,b,54,12.75,25,71.23,41,-30.23,0
e2-nio-100,binary,100,bot_198,3590,b,56,6.62,25,69.47,39,-30.47,0
e2-nio-100,binary,100,bot_198,3590,b,58,3.83,25,63.38,29,-34.38,0
e2-nio-100,binary,100,bot_198,3590,b,60,3.55,25,62.14,24,-38.14,0
e2-nio-100,binary,100,bot_199,3591,w,1,119.8,25,109.74,141,31.26,0
e2-nio-100,binary,100,bot_199,3591,w,3,106.73,25,110.55,138,27.45,0
e2-nio-100,binary,100,bot_199,3591,w,5,99.23,25,115.23,148,32.77,0
e2-nio-100,binary,100,bot_199,3591,w,7,46.37,25,80.66,103,22.34,0
e2-nio-100,binary,100,bot_199,3591,w,9,62.33,25,121.79,111,-10.79,0
e2-nio-100,binary,100,bot_199,3591,w,11,84.53,25,179.29,188,8.71,0
e2-nio-100,binary,100,bot_199,3591,w,13,84.23,25,102.1,128,25.9,0
e2-nio-100,binary,100,bot_199,3591,w,15,66.77,25,108.9,122,13.1,0
e2-nio-100,binary,100,bot_199,3591,w,17,57.52,25,85.24,91,5.76,0
e2-nio-100,binary,100,bot_199,3591,w,19,55.41,25,86.57,71,-15.57,0
e2-nio-100,binary,100,bot_199,3591,w,21,41.43,25,97.47,96,-1.47,0
e2-nio-100,binary,100,bot_199,3591,w,23,20.76,25,120.43,72,-48.43,0
e2-nio-100,binary,100,bot_199,3591,w,25,16.58,25,130.93,84,-46.93,0
e2-nio-100,binary,100,bot_199,3591,w,27,10.4,25,125.28,70,-55.28,0
e2-nio-100,binary,100,bot_199,3591,w,29,8.89,25,138.87,80,-58.87,0
e2-nio-100,binary,100,bot_199,3591,w,31,19.4,25,89.59,32,-57.59,0
e2-nio-100,binary,100,bot_199,3591,w,33,21.51,25,95.23,61,-34.23,0
e2-nio-100,binary,100,bot_199,3591,w,35,15.99,25,93.22,45,-48.22,0
e2-nio-100,binary,100,bot_199,3591,w,37,14.58,25,101.34,45,-56.34,0
e2-nio-100,binary,100,bot_199,3591,w,39,6.31,25,84.89,32,-52.89,0
e2-nio-100,binary,100,bot_199,3591,w,41,7.84,25,75.42,23,-52.42,0
e2-nio-100,binary,100,bot_199,3591,w,43,7.83,25,66.93,14,-52.93,0
e2-nio-100,binary,100,bot_199,3591,w,45,10.53,25,86.48,27,-59.48,0
e2-nio-100,binary,100,bot_199,3591,w,47,16.19,25,69.76,11,-58.76,0
e2-nio-100,binary,100,bot_199,3591,w,49,11.98,25,64.63,14,-50.63,0
e2-nio-100,binary,100,bot_199,3591,w,51,10.31,25,74.14,27,-47.14,0
e2-nio-100,binary,100,bot_199,3591,w,53,11.02,25,73.27,31,-42.27,0
e2-nio-100,binary,100,bot_199,3591,w,55,4.5,25,71.59,29,-42.59,0
e2-nio-100,binary,100,bot_199,3591,w,57,1.52,25,65.32,17,-48.32,0
e2-nio-100,binary,100,bot_199,3591,w,59,1.17,25,64.41,14,-50.41,0
e2-nio-100,binary,100,bot_200,3591,b,2,98.52,25,78.49,152,73.51,0
e2-nio-100,binary,100,bot_200,3591,b,4,104.81,25,114.68,174,59.32,0
e2-nio-100,binary,100,bot_200,3591,b,6,92.84,25,102.34,155,52.66,0
e2-nio-100,binary,100,bot_200,3591,b,8,60.15,25,116.5,116,-0.5,0
e2-nio-100,binary,100,bot_200,3591,b,10,73.61,25,121.63,137,15.37,0
e2-nio-100,binary,100,bot_200,3591,b,12,90.71,25,69.34,106,36.66,0
e2-nio-100,binary,100,bot_200,3591,b,14,77.48,25,96.42,133,36.58,0
e2-nio-100,binary,100,bot_200,3591,b,16,70.83,25,103.11,123,19.89,0
e2-nio-100,binary,100,bot_200,3591,b,18,48.59,25,92.45,102,9.55,0
e2-nio-100,binary,100,bot_200,3591,b,20,64.21,25,86.24,94,7.76,0
e2-nio-100,binary,100,bot_200,3591,b,22,16.56,25,74.94,69,-5.94,0
e2-nio-100,binary,100,bot_200,3591,b,24,17.68,25,100.57,72,-28.57,0
e2-nio-100,binary,100,bot_200,3591,b,26,10.41,25,113.67,82,-31.67,0
e2-nio-100,binary,100,bot_200,3591,b,28,5.2,25,116.96,80,-36.96,0
e2-nio-100,binary,100,bot_200,3591,b,30,6.27,25,110.9,72,-38.9,0
e2-nio-100,binary,100,bot_200,3591,b,32,30.89,25,69.92,41,-28.92,0
e2-nio-100,binary,100,bot_200,3591,b,34,17.53,25,81.24,56,-25.24,0
e2-nio-100,binary,100,bot_200,3591,b,36,8.43,25,70.73,40,-30.73,0
e2-nio-100,binary,100,bot_200,3591,b,38,12.65,25,70.13,38,-32.13,0
e2-nio-100,binary,100,bot_200,3591,b,40,11.71,25,79.29,38,-41.29,0
e2-nio-100,binary,100,bot_200,3591,b,42,12.64,25,73.65,34,-39.65,0
e2-nio-100,binary,100,bot_200,3591,b,44,4.65,25,56.62,17,-39.62,0
e2-nio-100,binary,100,bot_200,3591,b,46,6.19,25,61.77,24,-37.77,0
e2-nio-100,binary,100,bot_200,3591,b,48,15.14,25,66.69,36,-30.69,0
e2-nio-100,binary,100,bot_200,3591,b,50,17.66,25,65.52,30,-35.52,0
e2-nio-100,binary,100,bot_200,3591,b,52,8.4,25,65.96,29,-36.96,0
e2-nio-100,binary,100,bot_200,3591,b,54,9.46,25,64.18,38,-26.18,0
e2-nio-100,binary,100,bot_200,3591,b,56,2.39,25,72.45,38,-34.45,0
e2-nio-100,binary,100,bot_200,3591,b,58,1.41,25,62.63,28,-34.63,0
e2-nio-100,binary,100,bot_200,3591,b,60,1.5,25,59.34,23,-36.34,0
