label,format,games,username,game_id,color,ply,rtt_ms,applied_bytes,warmup
e1-50,binary,50,bot_1,2862,w,1,24.47,25,70.26,69,-1.26,0
e1-50,binary,50,bot_1,2862,w,3,15.36,25,69.19,67,-2.19,0
e1-50,binary,50,bot_1,2862,w,5,12.89,25,63.58,70,6.42,0
e1-50,binary,50,bot_1,2862,w,7,14.81,25,58.36,68,9.64,0
e1-50,binary,50,bot_1,2862,w,9,25.11,25,61.93,71,9.07,0
e1-50,binary,50,bot_1,2862,w,11,2.5,25,56.79,51,-5.79,0
e1-50,binary,50,bot_1,2862,w,13,22.33,25,80.79,75,-5.79,0
e1-50,binary,50,bot_1,2862,w,15,24.62,25,69.48,78,8.52,0
e1-50,binary,50,bot_1,2862,w,17,21.06,25,65.77,87,21.23,0
e1-50,binary,50,bot_1,2862,w,19,20.88,25,62.24,73,10.76,0
e1-50,binary,50,bot_1,2862,w,21,23.51,25,69.78,84,14.22,0
e1-50,binary,50,bot_1,2862,w,23,18,25,80.87,116,35.13,0
e1-50,binary,50,bot_1,2862,w,25,10.57,25,134.92,138,3.08,0
e1-50,binary,50,bot_1,2862,w,27,50.7,25,101.61,102,0.39,0
e1-50,binary,50,bot_1,2862,w,29,42.65,25,81.18,120,38.82,0
e1-50,binary,50,bot_1,2862,w,31,26.68,25,89.3,123,33.7,0
e1-50,binary,50,bot_1,2862,w,33,33.45,25,114.86,150,35.14,0
e1-50,binary,50,bot_1,2862,w,35,19.49,25,112.84,138,25.16,0
e1-50,binary,50,bot_1,2862,w,37,28.68,25,58.6,146,87.4,0
e1-50,binary,50,bot_1,2862,w,39,17.4,25,68.93,132,63.07,0
e1-50,binary,50,bot_1,2862,w,41,17.75,25,157.7,167,9.3,0
e1-50,binary,50,bot_1,2862,w,43,13.97,25,154.9,164,9.1,0
e1-50,binary,50,bot_1,2862,w,45,63.71,25,113.07,182,68.93,0
e1-50,binary,50,bot_1,2862,w,47,71.68,25,112.58,154,41.42,0
e1-50,binary,50,bot_1,2862,w,49,51.11,25,124.17,166,41.83,0
e1-50,binary,50,bot_1,2862,w,51,50.84,25,137.57,177,39.43,0
e1-50,binary,50,bot_1,2862,w,53,39.05,25,124.01,159,34.99,0
e1-50,binary,50,bot_1,2862,w,55,23.01,25,96.59,121,24.41,0
e1-50,binary,50,bot_1,2862,w,57,89.52,25,135.73,133,-2.73,0
e1-50,binary,50,bot_1,2862,w,59,84.76,25,64.16,139,74.84,0
e1-50,binary,50,bot_2,2862,b,2,71.16,25,64.16,123,58.84,0
e1-50,binary,50,bot_2,2862,b,4,15.03,25,64.45,69,4.55,0
e1-50,binary,50,bot_2,2862,b,6,16.96,25,67.56,70,2.44,0
e1-50,binary,50,bot_2,2862,b,8,17.33,25,57.34,63,5.66,0
e1-50,binary,50,bot_2,2862,b,10,4.85,25,51.03,68,16.97,0
e1-50,binary,50,bot_2,2862,b,12,2.7,25,81.78,75,-6.78,0
e1-50,binary,50,bot_2,2862,b,14,17.36,25,69.95,82,12.05,0
e1-50,binary,50,bot_2,2862,b,16,30.21,25,69.29,85,15.71,0
e1-50,binary,50,bot_2,2862,b,18,18.02,25,59.88,72,12.12,0
e1-50,binary,50,bot_2,2862,b,20,21.91,25,61.31,73,11.69,0
e1-50,binary,50,bot_2,2862,b,22,43.07,25,99.25,113,13.75,0
e1-50,binary,50,bot_2,2862,b,24,11.22,25,78.88,88,9.12,0
e1-50,binary,50,bot_2,2862,b,26,9.01,25,96.79,99,2.21,0
e1-50,binary,50,bot_2,2862,b,28,47.43,25,66.01,108,41.99,0
e1-50,binary,50,bot_2,2862,b,30,43.18,25,93.32,127,33.68,0
e1-50,binary,50,bot_2,2862,b,32,43.11,25,92.92,112,19.08,0
e1-50,binary,50,bot_2,2862,b,34,33.53,25,111.01,136,24.99,0
e1-50,binary,50,bot_2,2862,b,36,96.31,25,94.52,106,11.48,0
e1-50,binary,50,bot_2,2862,b,38,71.29,25,108.46,129,20.54,0
e1-50,binary,50,bot_2,2862,b,40,18.52,25,140.5,150,9.5,0
e1-50,binary,50,bot_2,2862,b,42,17.47,25,170.65,180,9.35,0
e1-50,binary,50,bot_2,2862,b,44,76.94,25,160.53,165,4.47,0
e1-50,binary,50,bot_2,2862,b,46,51.18,25,91.84,145,53.16,0
e1-50,binary,50,bot_2,2862,b,48,54.78,25,141.29,200,58.71,0
e1-50,binary,50,bot_2,2862,b,50,53.53,25,149,187,38,0
e1-50,binary,50,bot_2,2862,b,52,47.9,25,158.84,197,38.16,0
e1-50,binary,50,bot_2,2862,b,54,37.93,25,124.87,151,26.13,0
e1-50,binary,50,bot_2,2862,b,56,9.38,25,96.21,105,8.79,0
e1-50,binary,50,bot_2,2862,b,58,88.22,25,87.28,162,74.72,0
e1-50,binary,50,bot_2,2862,b,60,88.16,25,113.34,185,71.66,0
e1-50,binary,50,bot_3,2863,w,1,20.92,25,69.83,64,-5.83,0
e1-50,binary,50,bot_3,2863,w,3,9.57,25,74.92,70,-4.92,0
e1-50,binary,50,bot_3,2863,w,5,10.08,25,65.96,67,1.04,0
e1-50,binary,50,bot_3,2863,w,7,11.82,25,61.66,66,4.34,0
e1-50,binary,50,bot_3,2863,w,9,21.39,25,65.98,71,5.02,0
e1-50,binary,50,bot_3,2863,w,11,21.76,25,61.49,70,8.51,0
e1-50,binary,50,bot_3,2863,w,13,10.09,25,60.79,61,0.21,0
e1-50,binary,50,bot_3,2863,w,15,18.1,25,76.01,79,2.99,0
e1-50,binary,50,bot_3,2863,w,17,16.63,25,70.31,86,15.69,0
e1-50,binary,50,bot_3,2863,w,19,14.94,25,67.98,73,5.02,0
e1-50,binary,50,bot_3,2863,w,21,16.2,25,77.48,85,7.52,0
e1-50,binary,50,bot_3,2863,w,23,11.03,25,88.08,117,28.92,0
e1-50,binary,50,bot_3,2863,w,25,58.63,25,136.33,133,-3.33,0
e1-50,binary,50,bot_3,2863,w,27,39.23,25,64.82,101,36.18,0
e1-50,binary,50,bot_3,2863,w,29,36.26,25,87.57,122,34.43,0
e1-50,binary,50,bot_3,2863,w,31,22.8,25,92.75,121,28.25,0
e1-50,binary,50,bot_3,2863,w,33,26.89,25,121.69,149,27.31,0
e1-50,binary,50,bot_3,2863,w,35,14.27,25,117.39,138,20.61,0
e1-50,binary,50,bot_3,2863,w,37,23.31,25,62.69,138,75.31,0
e1-50,binary,50,bot_3,2863,w,39,10.79,25,75.9,135,59.1,0
e1-50,binary,50,bot_3,2863,w,41,10.7,25,164.46,167,2.54,0
e1-50,binary,50,bot_3,2863,w,43,68.05,25,102.44,177,74.56,0
e1-50,binary,50,bot_3,2863,w,45,58.2,25,118.42,167,48.58,0
e1-50,binary,50,bot_3,2863,w,47,65.82,25,118.76,154,35.24,0
e1-50,binary,50,bot_3,2863,w,49,43.62,25,132.14,164,31.86,0
e1-50,binary,50,bot_3,2863,w,51,41.13,25,146.84,175,28.16,0
e1-50,binary,50,bot_3,2863,w,53,33.56,25,129.09,149,19.91,0
e1-50,binary,50,bot_3,2863,w,55,17.5,25,102.68,109,6.32,0
e1-50,binary,50,bot_3,2863,w,57,70.2,25,88.33,138,49.67,0
e1-50,binary,50,bot_3,2863,w,59,72.58,25,76.38,138,61.62,0
e1-50,binary,50,bot_4,2863,b,2,65.29,25,69.09,128,58.91,0
e1-50,binary,50,bot_4,2863,b,4,14.11,25,65.74,72,6.26,0
e1-50,binary,50,bot_4,2863,b,6,15.44,25,68.9,75,6.1,0
e1-50,binary,50,bot_4,2863,b,8,16.27,25,58,65,7,0
e1-50,binary,50,bot_4,2863,b,10,20.61,25,52.28,68,15.72,0
e1-50,binary,50,bot_4,2863,b,12,11.35,25,64.71,81,16.29,0
e1-50,binary,50,bot_4,2863,b,14,13.03,25,74.17,78,3.83,0
e1-50,binary,50,bot_4,2863,b,16,26.59,25,72.91,85,12.09,0
e1-50,binary,50,bot_4,2863,b,18,15.58,25,62.2,74,11.8,0
e1-50,binary,50,bot_4,2863,b,20,18.6,25,64.73,74,9.27,0
e1-50,binary,50,bot_4,2863,b,22,38.28,25,103.9,114,10.1,0
e1-50,binary,50,bot_4,2863,b,24,7.84,25,83.3,90,6.7,0
e1-50,binary,50,bot_4,2863,b,26,46.67,25,57.21,111,53.79,0
e1-50,binary,50,bot_4,2863,b,28,43.56,25,69.5,104,34.5,0
e1-50,binary,50,bot_4,2863,b,30,38.32,25,98.17,129,30.83,0
e1-50,binary,50,bot_4,2863,b,32,37.48,25,98.87,117,18.13,0
e1-50,binary,50,bot_4,2863,b,34,29.85,25,114.26,137,22.74,0
e1-50,binary,50,bot_4,2863,b,36,84.55,25,107.54,116,8.46,0
e1-50,binary,50,bot_4,2863,b,38,68.24,25,111.13,129,17.87,0
e1-50,binary,50,bot_4,2863,b,40,13.9,25,145.06,151,5.94,0
e1-50,binary,50,bot_4,2863,b,42,84.02,25,175.61,182,6.39,0
e1-50,binary,50,bot_4,2863,b,44,59.37,25,105.96,169,63.04,0
e1-50,binary,50,bot_4,2863,b,46,44.7,25,97.9,150,52.1,0
e1-50,binary,50,bot_4,2863,b,48,47.37,25,148.34,204,55.66,0
e1-50,binary,50,bot_4,2863,b,50,44.11,25,158.9,193,34.1,0
e1-50,binary,50,bot_4,2863,b,52,35.65,25,171.28,202,30.72,0
e1-50,binary,50,bot_4,2863,b,54,22.45,25,140.14,163,22.86,0
e1-50,binary,50,bot_4,2863,b,56,64.87,25,108.24,115,6.76,0
e1-50,binary,50,bot_4,2863,b,58,75.91,25,98.91,157,58.09,0
e1-50,binary,50,bot_4,2863,b,60,77.24,25,124.28,186,61.72,0
e1-50,binary,50,bot_5,2864,w,1,13.34,25,63.92,64,0.08,0
e1-50,binary,50,bot_5,2864,w,3,25.63,25,57.72,60,2.28,0
e1-50,binary,50,bot_5,2864,w,5,16.03,25,60.79,74,13.21,0
e1-50,binary,50,bot_5,2864,w,7,20.99,25,54.17,70,15.83,0
e1-50,binary,50,bot_5,2864,w,9,18.64,25,68.92,78,9.08,0
e1-50,binary,50,bot_5,2864,w,11,18.59,25,65.29,78,12.71,0
e1-50,binary,50,bot_5,2864,w,13,7.38,25,63.24,69,5.76,0
e1-50,binary,50,bot_5,2864,w,15,15.98,25,78.13,85,6.88,0
e1-50,binary,50,bot_5,2864,w,17,14.58,25,72.5,92,19.5,0
e1-50,binary,50,bot_5,2864,w,19,11.58,25,71.25,80,8.75,0
e1-50,binary,50,bot_5,2864,w,21,13.25,25,80.34,91,10.66,0
e1-50,binary,50,bot_5,2864,w,23,53.41,25,91.08,122,30.92,0
e1-50,binary,50,bot_5,2864,w,25,47.69,25,73.74,124,50.26,0
e1-50,binary,50,bot_5,2864,w,27,34.73,25,69.66,106,36.34,0
e1-50,binary,50,bot_5,2864,w,29,31.98,25,91.63,126,34.37,0
e1-50,binary,50,bot_5,2864,w,31,19.56,25,95.65,126,30.35,0
e1-50,binary,50,bot_5,2864,w,33,23.16,25,125.79,154,28.21,0
e1-50,binary,50,bot_5,2864,w,35,11.61,25,120.2,141,20.8,0
e1-50,binary,50,bot_5,2864,w,37,19.61,25,66.63,139,72.37,0
e1-50,binary,50,bot_5,2864,w,39,7.6,25,79.49,138,58.51,0
e1-50,binary,50,bot_5,2864,w,41,71.54,25,108.17,182,73.83,0
e1-50,binary,50,bot_5,2864,w,43,59.32,25,110.91,170,59.09,0
e1-50,binary,50,bot_5,2864,w,45,49.53,25,127.1,176,48.9,0
e1-50,binary,50,bot_5,2864,w,47,54.96,25,130.68,159,28.32,0
e1-50,binary,50,bot_5,2864,w,49,32.03,25,144.38,170,25.62,0
e1-50,binary,50,bot_5,2864,w,51,29.4,25,158.05,179,20.95,0
e1-50,binary,50,bot_5,2864,w,53,21.91,25,140.15,153,12.85,0
e1-50,binary,50,bot_5,2864,w,55,12.83,25,107.98,110,2.02,0
e1-50,binary,50,bot_5,2864,w,57,58.26,25,100.57,146,45.43,0
e1-50,binary,50,bot_5,2864,w,59,61.25,25,88.37,140,51.63,0
e1-50,binary,50,bot_6,2864,b,2,67.72,25,66.39,128,61.61,0
e1-50,binary,50,bot_6,2864,b,4,17.17,25,62.75,83,20.25,0
e1-50,binary,50,bot_6,2864,b,6,21.33,25,63.26,75,11.74,0
e1-50,binary,50,bot_6,2864,b,8,14.48,25,59.52,74,14.48,0
e1-50,binary,50,bot_6,2864,b,10,18.9,25,53.99,67,13.01,0
e1-50,binary,50,bot_6,2864,b,12,9.92,25,65.73,79,13.27,0
e1-50,binary,50,bot_6,2864,b,14,11.63,25,75.52,77,1.48,0
e1-50,binary,50,bot_6,2864,b,16,25.78,25,73.77,85,11.23,0
e1-50,binary,50,bot_6,2864,b,18,14.51,25,63.18,74,10.82,0
e1-50,binary,50,bot_6,2864,b,20,16.21,25,67.11,75,7.89,0
e1-50,binary,50,bot_6,2864,b,22,35.83,25,106.37,114,7.63,0
e1-50,binary,50,bot_6,2864,b,24,55.07,25,65.1,114,48.9,0
e1-50,binary,50,bot_6,2864,b,26,42.22,25,61.21,103,41.79,0
e1-50,binary,50,bot_6,2864,b,28,38.78,25,74.36,105,30.64,0
e1-50,binary,50,bot_6,2864,b,30,35.13,25,101.27,128,26.73,0
e1-50,binary,50,bot_6,2864,b,32,32.94,25,103.74,119,15.26,0
e1-50,binary,50,bot_6,2864,b,34,25.65,25,118.18,136,17.82,0
e1-50,binary,50,bot_6,2864,b,36,77.69,25,114.18,121,6.82,0
e1-50,binary,50,bot_6,2864,b,38,63.78,25,115.4,131,15.6,0
e1-50,binary,50,bot_6,2864,b,40,79.98,25,148.3,151,2.7,0
e1-50,binary,50,bot_6,2864,b,42,63.94,25,122.67,189,66.33,0
e1-50,binary,50,bot_6,2864,b,44,53.98,25,111.32,165,53.68,0
e1-50,binary,50,bot_6,2864,b,46,33.82,25,108.19,152,43.81,0
e1-50,binary,50,bot_6,2864,b,48,36.57,25,157.92,203,45.08,0
e1-50,binary,50,bot_6,2864,b,50,33.05,25,170.57,191,20.43,0
e1-50,binary,50,bot_6,2864,b,52,24.27,25,182.62,202,19.38,0
e1-50,binary,50,bot_6,2864,b,54,13.5,25,149.09,160,10.91,0
e1-50,binary,50,bot_6,2864,b,56,56.33,25,116.49,119,2.51,0
e1-50,binary,50,bot_6,2864,b,58,61.44,25,112.87,160,47.13,0
e1-50,binary,50,bot_6,2864,b,60,63.59,25,137.88,189,51.12,0
e1-50,binary,50,bot_7,2865,w,1,11.83,25,62.58,62,-0.58,0
e1-50,binary,50,bot_7,2865,w,3,17.84,25,66.05,70,3.95,0
e1-50,binary,50,bot_7,2865,w,5,14.11,25,62.55,75,12.45,0
e1-50,binary,50,bot_7,2865,w,7,18.7,25,56.68,73,16.32,0
e1-50,binary,50,bot_7,2865,w,9,15.86,25,71.73,78,6.27,0
e1-50,binary,50,bot_7,2865,w,11,10.44,25,73.78,81,7.22,0
e1-50,binary,50,bot_7,2865,w,13,3.78,25,66.65,66,-0.65,0
e1-50,binary,50,bot_7,2865,w,15,11.37,25,82.81,81,-1.81,0
e1-50,binary,50,bot_7,2865,w,17,10.48,25,76.46,88,11.54,0
e1-50,binary,50,bot_7,2865,w,19,7.81,25,74.49,79,4.51,0
e1-50,binary,50,bot_7,2865,w,21,26.21,25,86.91,89,2.09,0
e1-50,binary,50,bot_7,2865,w,23,43.1,25,101.07,127,25.93,0
e1-50,binary,50,bot_7,2865,w,25,43.67,25,76.9,119,42.1,0
e1-50,binary,50,bot_7,2865,w,27,31.15,25,73.13,100,26.87,0
e1-50,binary,50,bot_7,2865,w,29,28.45,25,95.34,119,23.66,0
e1-50,binary,50,bot_7,2865,w,31,15.66,25,99,117,18,0
e1-50,binary,50,bot_7,2865,w,33,16.9,25,131.93,150,18.07,0
e1-50,binary,50,bot_7,2865,w,35,50.73,25,122.09,133,10.91,0
e1-50,binary,50,bot_7,2865,w,37,14.25,25,72.16,138,65.84,0
e1-50,binary,50,bot_7,2865,w,39,61.51,25,90.15,139,48.85,0
e1-50,binary,50,bot_7,2865,w,41,66.22,25,113.1,170,56.9,0
e1-50,binary,50,bot_7,2865,w,43,52.18,25,118.13,169,50.88,0
e1-50,binary,50,bot_7,2865,w,45,44.11,25,132.46,174,41.54,0
e1-50,binary,50,bot_7,2865,w,47,49.52,25,136.42,157,20.58,0
e1-50,binary,50,bot_7,2865,w,49,27.91,25,148.88,168,19.12,0
e1-50,binary,50,bot_7,2865,w,51,23.41,25,163.94,180,16.06,0
e1-50,binary,50,bot_7,2865,w,53,15.99,25,145.75,154,8.25,0
e1-50,binary,50,bot_7,2865,w,55,10.33,25,110.7,111,0.3,0
e1-50,binary,50,bot_7,2865,w,57,52.25,25,106.83,150,43.17,0
e1-50,binary,50,bot_7,2865,w,59,55.93,25,94.14,140,45.86,0
e1-50,binary,50,bot_8,2865,b,2,61.55,25,71.15,128,56.85,0
e1-50,binary,50,bot_8,2865,b,4,16.2,25,62.91,76,13.09,0
e1-50,binary,50,bot_8,2865,b,6,18.34,25,66.16,77,10.84,0
e1-50,binary,50,bot_8,2865,b,8,11.8,25,62.09,76,13.91,0
e1-50,binary,50,bot_8,2865,b,10,12.49,25,60.59,72,11.41,0
e1-50,binary,50,bot_8,2865,b,12,5.13,25,69.59,76,6.41,0
e1-50,binary,50,bot_8,2865,b,14,4.68,25,82.55,81,-1.55,0
e1-50,binary,50,bot_8,2865,b,16,17.33,25,82.63,89,6.37,0
e1-50,binary,50,bot_8,2865,b,18,9.67,25,67.98,74,6.02,0
e1-50,binary,50,bot_8,2865,b,20,7.93,25,76.01,78,1.99,0
e1-50,binary,50,bot_8,2865,b,22,30.65,25,92.62,114,21.38,0
e1-50,binary,50,bot_8,2865,b,24,47.13,25,73.42,111,37.58,0
e1-50,binary,50,bot_8,2865,b,26,32.23,25,71.64,111,39.36,0
e1-50,binary,50,bot_8,2865,b,28,28.01,25,85.22,111,25.78,0
e1-50,binary,50,bot_8,2865,b,30,24.16,25,112.48,137,24.52,0
e1-50,binary,50,bot_8,2865,b,32,23.66,25,113.6,125,11.4,0
e1-50,binary,50,bot_8,2865,b,34,16.11,25,127.51,140,12.49,0
e1-50,binary,50,bot_8,2865,b,36,70.89,25,79.96,124,44.04,0
e1-50,binary,50,bot_8,2865,b,38,55.27,25,123.59,134,10.41,0
e1-50,binary,50,bot_8,2865,b,40,61.89,25,102.52,159,56.48,0
e1-50,binary,50,bot_8,2865,b,42,55.7,25,130.83,192,61.17,0
e1-50,binary,50,bot_8,2865,b,44,46.3,25,119.02,166,46.98,0
e1-50,binary,50,bot_8,2865,b,46,26.55,25,115.14,155,39.86,0
e1-50,binary,50,bot_8,2865,b,48,30.63,25,163.48,202,38.52,0
e1-50,binary,50,bot_8,2865,b,50,27.55,25,176.01,195,18.99,0
e1-50,binary,50,bot_8,2865,b,52,18.97,25,187.89,200,12.11,0
e1-50,binary,50,bot_8,2865,b,54,10.52,25,152,158,6,0
e1-50,binary,50,bot_8,2865,b,56,53.52,25,119,119,0,0
e1-50,binary,50,bot_8,2865,b,58,56.51,25,117.46,158,40.54,0
e1-50,binary,50,bot_8,2865,b,60,58.83,25,142.46,188,45.54,0
e1-50,binary,50,bot_9,2866,w,1,10.79,25,52.47,53,0.53,0
e1-50,binary,50,bot_9,2866,w,3,6.82,25,77.28,79,1.72,0
e1-50,binary,50,bot_9,2866,w,5,7.96,25,67.91,75,7.09,0
e1-50,binary,50,bot_9,2866,w,7,11.85,25,62.95,73,10.05,0
e1-50,binary,50,bot_9,2866,w,9,12.52,25,75.46,82,6.54,0
e1-50,binary,50,bot_9,2866,w,11,6.96,25,77.71,81,3.29,0
e1-50,binary,50,bot_9,2866,w,13,3.44,25,67.7,67,-0.7,0
e1-50,binary,50,bot_9,2866,w,15,6.93,25,86.28,86,-0.28,0
e1-50,binary,50,bot_9,2866,w,17,8.54,25,78.46,86,7.54,0
e1-50,binary,50,bot_9,2866,w,19,20.7,25,77.9,81,3.1,0
e1-50,binary,50,bot_9,2866,w,21,16.43,25,76.8,92,15.2,0
e1-50,binary,50,bot_9,2866,w,23,38.82,25,105.55,127,21.45,0
e1-50,binary,50,bot_9,2866,w,25,39.16,25,80.99,120,39.01,0
e1-50,binary,50,bot_9,2866,w,27,27.93,25,76.3,99,22.7,0
e1-50,binary,50,bot_9,2866,w,29,25.21,25,98.88,119,20.13,0
e1-50,binary,50,bot_9,2866,w,31,14.13,25,100.06,114,13.94,0
e1-50,binary,50,bot_9,2866,w,33,11.84,25,136.89,151,14.11,0
e1-50,binary,50,bot_9,2866,w,35,40.68,25,68.69,138,69.31,0
e1-50,binary,50,bot_9,2866,w,37,7.71,25,79.38,138,58.62,0
e1-50,binary,50,bot_9,2866,w,39,52.74,25,99.05,140,40.95,0
e1-50,binary,50,bot_9,2866,w,41,55.7,25,123.67,169,45.33,0
e1-50,binary,50,bot_9,2866,w,43,41.06,25,129.66,172,42.34,0
e1-50,binary,50,bot_9,2866,w,45,36.54,25,140.24,174,33.76,0
e1-50,binary,50,bot_9,2866,w,47,38,25,148.62,164,15.38,0
e1-50,binary,50,bot_9,2866,w,49,20.05,25,157.53,169,11.47,0
e1-50,binary,50,bot_9,2866,w,51,11.75,25,175.32,182,6.68,0
e1-50,binary,50,bot_9,2866,w,53,84.74,25,77.45,162,84.55,0
e1-50,binary,50,bot_9,2866,w,55,33.8,25,61.9,115,53.1,0
e1-50,binary,50,bot_9,2866,w,57,46.55,25,112.99,147,34.01,0
e1-50,binary,50,bot_9,2866,w,59,44.39,25,106.11,141,34.89,0
e1-50,binary,50,bot_10,2866,b,2,59.67,25,71.7,126,54.3,0
e1-50,binary,50,bot_10,2866,b,4,10.66,25,69.56,74,4.44,0
e1-50,binary,50,bot_10,2866,b,6,13.11,25,71.43,77,5.57,0
e1-50,binary,50,bot_10,2866,b,8,9.89,25,63.86,72,8.14,0
e1-50,binary,50,bot_10,2866,b,10,7.88,25,65.14,73,7.86,0
e1-50,binary,50,bot_10,2866,b,12,3.49,25,71.2,74,2.8,0
e1-50,binary,50,bot_10,2866,b,14,4.95,25,82.44,82,-0.44,0
e1-50,binary,50,bot_10,2866,b,16,12.75,25,87.5,90,2.5,0
e1-50,binary,50,bot_10,2866,b,18,6.69,25,71.2,76,4.8,0
e1-50,binary,50,bot_10,2866,b,20,19.58,25,68.03,85,16.97,0
e1-50,binary,50,bot_10,2866,b,22,25.99,25,96.69,110,13.31,0
e1-50,binary,50,bot_10,2866,b,24,43.1,25,77.38,112,34.62,0
e1-50,binary,50,bot_10,2866,b,26,27.78,25,76.21,111,34.79,0
e1-50,binary,50,bot_10,2866,b,28,23.67,25,89.46,114,24.54,0
e1-50,binary,50,bot_10,2866,b,30,19.29,25,117.45,140,22.55,0
e1-50,binary,50,bot_10,2866,b,32,18.05,25,119.65,129,9.35,0
e1-50,binary,50,bot_10,2866,b,34,73.74,25,133.8,142,8.2,0
e1-50,binary,50,bot_10,2866,b,36,63.73,25,86.38,124,37.62,0
e1-50,binary,50,bot_10,2866,b,38,45.22,25,132.92,137,4.08,0
e1-50,binary,50,bot_10,2866,b,40,49.66,25,115.27,164,48.73,0
e1-50,binary,50,bot_10,2866,b,42,45.36,25,140.51,192,51.49,0
e1-50,binary,50,bot_10,2866,b,44,38.22,25,127.3,165,37.7,0
e1-50,binary,50,bot_10,2866,b,46,20.1,25,120.74,154,33.26,0
e1-50,binary,50,bot_10,2866,b,48,20.95,25,172.44,199,26.56,0
e1-50,binary,50,bot_10,2866,b,50,16.55,25,187.31,197,9.69,0
e1-50,binary,50,bot_10,2866,b,52,94.93,25,197.25,199,1.75,0
e1-50,binary,50,bot_10,2866,b,54,64.66,25,78.49,152,73.51,0
e1-50,binary,50,bot_10,2866,b,56,42.82,25,88.18,111,22.82,0
e1-50,binary,50,bot_10,2866,b,58,44.91,25,128.44,164,35.56,0
e1-50,binary,50,bot_10,2866,b,60,46.19,25,155.45,189,33.55,0
e1-50,binary,50,bot_11,2867,w,1,4.72,25,79.32,79,-0.32,0
e1-50,binary,50,bot_11,2867,w,3,6.39,25,69.26,73,3.74,0
e1-50,binary,50,bot_11,2867,w,5,10.23,25,64.46,72,7.54,0
e1-50,binary,50,bot_11,2867,w,7,11,25,77.01,80,2.99,0
e1-50,binary,50,bot_11,2867,w,9,34.75,25,80.28,80,-0.28,0
e1-50,binary,50,bot_11,2867,w,11,14.83,25,51.55,73,21.45,0
e1-50,binary,50,bot_11,2867,w,13,9.3,25,68.7,72,3.3,0
e1-50,binary,50,bot_11,2867,w,15,25.97,25,81.72,82,0.28,0
e1-50,binary,50,bot_11,2867,w,17,13.08,25,63.29,76,12.71,0
e1-50,binary,50,bot_11,2867,w,19,12.18,25,81.37,89,7.63,0
e1-50,binary,50,bot_11,2867,w,21,33.8,25,110.44,120,9.56,0
e1-50,binary,50,bot_11,2867,w,23,35.18,25,84.58,115,30.42,0
e1-50,binary,50,bot_11,2867,w,25,21.1,25,83.24,96,12.76,0
e1-50,binary,50,bot_11,2867,w,27,18.85,25,105.56,120,14.44,0
e1-50,binary,50,bot_11,2867,w,29,10.11,25,103.42,112,8.58,0
e1-50,binary,50,bot_11,2867,w,31,59.07,25,85.22,158,72.78,0
e1-50,binary,50,bot_11,2867,w,33,35.49,25,72.56,123,50.44,0
e1-50,binary,50,bot_11,2867,w,35,28.84,25,92.85,145,52.15,0
e1-50,binary,50,bot_11,2867,w,37,43.64,25,108.34,142,33.66,0
e1-50,binary,50,bot_11,2867,w,39,45.91,25,133.37,168,34.63,0
e1-50,binary,50,bot_11,2867,w,41,30.5,25,140.18,172,31.82,0
e1-50,binary,50,bot_11,2867,w,43,26.42,25,150.24,175,24.76,0
e1-50,binary,50,bot_11,2867,w,45,25.82,25,161.32,171,9.68,0
e1-50,binary,50,bot_11,2867,w,47,119.7,25,168.45,169,0.55,0
e1-50,binary,50,bot_11,2867,w,49,99.79,25,97.18,180,82.82,0
e1-50,binary,50,bot_11,2867,w,51,72.65,25,89.33,153,63.67,0
e1-50,binary,50,bot_11,2867,w,53,26.62,25,69.15,109,39.85,0
e1-50,binary,50,bot_11,2867,w,55,39.95,25,120.23,144,23.77,0
e1-50,binary,50,bot_11,2867,w,57,31.94,25,118.51,137,18.49,0
e1-50,binary,50,bot_11,2867,w,59,23.29,25,138.61,161,22.39,0
e1-50,binary,50,bot_12,2867,b,2,8.96,25,71.42,72,0.58,0
e1-50,binary,50,bot_12,2867,b,4,11.85,25,72.91,74,1.09,0
e1-50,binary,50,bot_12,2867,b,6,9.05,25,64.4,68,3.6,0
e1-50,binary,50,bot_12,2867,b,8,5.72,25,67.27,71,3.73,0
e1-50,binary,50,bot_12,2867,b,10,28.96,25,62.36,91,28.64,0
e1-50,binary,50,bot_12,2867,b,12,9.91,25,61.88,71,9.12,0
e1-50,binary,50,bot_12,2867,b,14,8.37,25,80.99,84,3.01,0
e1-50,binary,50,bot_12,2867,b,16,18.64,25,61.27,82,20.73,0
e1-50,binary,50,bot_12,2867,b,18,13.75,25,73.44,79,5.56,0
e1-50,binary,50,bot_12,2867,b,20,16.93,25,105.8,112,6.2,0
e1-50,binary,50,bot_12,2867,b,22,36.17,25,84.53,112,27.47,0
e1-50,binary,50,bot_12,2867,b,24,19.36,25,84.71,113,28.29,0
e1-50,binary,50,bot_12,2867,b,26,19.87,25,93.07,108,14.93,0
e1-50,binary,50,bot_12,2867,b,28,14.9,25,122.2,135,12.8,0
e1-50,binary,50,bot_12,2867,b,30,78.35,25,128.02,132,3.98,0
e1-50,binary,50,bot_12,2867,b,32,57.75,25,87.85,141,53.15,0
e1-50,binary,50,bot_12,2867,b,34,57.94,25,91.6,121,29.4,0
e1-50,binary,50,bot_12,2867,b,36,39.11,25,104.42,126,21.58,0
e1-50,binary,50,bot_12,2867,b,38,40.29,25,125.02,163,37.98,0
e1-50,binary,50,bot_12,2867,b,40,36.75,25,148.6,188,39.4,0
e1-50,binary,50,bot_12,2867,b,42,30.16,25,135.86,160,24.14,0
e1-50,binary,50,bot_12,2867,b,44,14.7,25,125.54,145,19.46,0
e1-50,binary,50,bot_12,2867,b,46,12.46,25,180.44,195,14.56,0
e1-50,binary,50,bot_12,2867,b,48,96.1,25,99.64,207,107.36,0
e1-50,binary,50,bot_12,2867,b,50,75.06,25,105.58,193,87.42,0
e1-50,binary,50,bot_12,2867,b,52,52.74,25,89.49,150,60.51,0
e1-50,binary,50,bot_12,2867,b,54,34.82,25,96.06,111,14.94,0
e1-50,binary,50,bot_12,2867,b,56,30.53,25,142.15,170,27.85,0
e1-50,binary,50,bot_12,2867,b,58,33.99,25,168.25,188,19.75,0
e1-50,binary,50,bot_12,2867,b,60,15.37,25,115.84,127,11.16,0
e1-50,binary,50,bot_13,2868,w,1,5.64,25,72.79,73,0.21,0
e1-50,binary,50,bot_13,2868,w,3,9.14,25,67.61,70,2.39,0
e1-50,binary,50,bot_13,2868,w,5,5.69,25,69.15,70,0.85,0
e1-50,binary,50,bot_13,2868,w,7,6.73,25,81.25,82,0.75,0
e1-50,binary,50,bot_13,2868,w,9,28.2,25,58.57,81,22.43,0
e1-50,binary,50,bot_13,2868,w,11,12.12,25,54.37,73,18.63,0
e1-50,binary,50,bot_13,2868,w,13,6.74,25,71.12,71,-0.12,0
e1-50,binary,50,bot_13,2868,w,15,18.54,25,56.71,88,31.29,0
e1-50,binary,50,bot_13,2868,w,17,10.69,25,65.46,74,8.54,0
e1-50,binary,50,bot_13,2868,w,19,10.05,25,83.48,86,2.52,0
e1-50,binary,50,bot_13,2868,w,21,33.54,25,110.51,114,3.49,0
e1-50,binary,50,bot_13,2868,w,23,33.47,25,86.05,112,25.95,0
e1-50,binary,50,bot_13,2868,w,25,19.41,25,84.85,93,8.15,0
e1-50,binary,50,bot_13,2868,w,27,15.99,25,108.63,117,8.37,0
e1-50,binary,50,bot_13,2868,w,29,41.79,25,105.27,110,4.73,0
e1-50,binary,50,bot_13,2868,w,31,53.62,25,90.41,145,54.59,0
e1-50,binary,50,bot_13,2868,w,33,32.5,25,75.42,118,42.58,0
e1-50,binary,50,bot_13,2868,w,35,26.05,25,96.05,142,45.95,0
e1-50,binary,50,bot_13,2868,w,37,37.83,25,114.16,140,25.84,0
e1-50,binary,50,bot_13,2868,w,39,40.13,25,138.69,165,26.31,0
e1-50,binary,50,bot_13,2868,w,41,27.76,25,142.8,162,19.2,0
e1-50,binary,50,bot_13,2868,w,43,19.94,25,156.59,170,13.41,0
e1-50,binary,50,bot_13,2868,w,45,17.93,25,169.68,170,0.32,0
e1-50,binary,50,bot_13,2868,w,47,105.95,25,86.45,176,89.55,0
e1-50,binary,50,bot_13,2868,w,49,96.2,25,100.29,177,76.71,0
e1-50,binary,50,bot_13,2868,w,51,69.13,25,92.97,155,62.03,0
e1-50,binary,50,bot_13,2868,w,53,24.52,25,71.3,106,34.7,0
e1-50,binary,50,bot_13,2868,w,55,39.87,25,120.48,140,19.52,0
e1-50,binary,50,bot_13,2868,w,57,29.48,25,121.04,135,13.96,0
e1-50,binary,50,bot_13,2868,w,59,18.85,25,143,162,19,0
e1-50,binary,50,bot_14,2868,b,2,10.66,25,68.59,66,-2.59,0
e1-50,binary,50,bot_14,2868,b,4,8.3,25,70.48,74,3.52,0
e1-50,binary,50,bot_14,2868,b,6,7.8,25,65.31,65,-0.31,0
e1-50,binary,50,bot_14,2868,b,8,32.35,25,69.58,70,0.42,0
e1-50,binary,50,bot_14,2868,b,10,27.09,25,63.78,86,22.22,0
e1-50,binary,50,bot_14,2868,b,12,9.21,25,62.62,69,6.38,0
e1-50,binary,50,bot_14,2868,b,14,39.52,25,82.58,84,1.42,0
e1-50,binary,50,bot_14,2868,b,16,15.64,25,64.02,76,11.98,0
e1-50,binary,50,bot_14,2868,b,18,10.77,25,76.57,81,4.43,0
e1-50,binary,50,bot_14,2868,b,20,13.2,25,109.75,114,4.25,0
e1-50,binary,50,bot_14,2868,b,22,34.15,25,86.47,114,27.53,0
e1-50,binary,50,bot_14,2868,b,24,16.69,25,87.49,115,27.51,0
e1-50,binary,50,bot_14,2868,b,26,16.35,25,96.61,110,13.39,0
e1-50,binary,50,bot_14,2868,b,28,13.15,25,123.93,136,12.07,0
e1-50,binary,50,bot_14,2868,b,30,65.04,25,108.18,145,36.82,0
e1-50,binary,50,bot_14,2868,b,32,52.14,25,93.64,141,47.36,0
e1-50,binary,50,bot_14,2868,b,34,53.45,25,96.07,124,27.93,0
e1-50,binary,50,bot_14,2868,b,36,33.52,25,109.67,130,20.33,0
e1-50,binary,50,bot_14,2868,b,38,34.54,25,131.77,163,31.23,0
e1-50,binary,50,bot_14,2868,b,40,27.08,25,158.31,192,33.69,0
e1-50,binary,50,bot_14,2868,b,42,21.62,25,144.93,167,22.07,0
e1-50,binary,50,bot_14,2868,b,44,8.71,25,131.29,145,13.71,0
e1-50,binary,50,bot_14,2868,b,46,102.44,25,186.09,193,6.91,0
e1-50,binary,50,bot_14,2868,b,48,89.41,25,107.05,201,93.95,0
e1-50,binary,50,bot_14,2868,b,50,74.97,25,105.5,190,84.5,0
e1-50,binary,50,bot_14,2868,b,52,47.84,25,94.22,152,57.78,0
e1-50,binary,50,bot_14,2868,b,54,31.95,25,99.14,113,13.86,0
e1-50,binary,50,bot_14,2868,b,56,26.34,25,146.08,174,27.92,0
e1-50,binary,50,bot_14,2868,b,58,31.11,25,171.23,190,18.77,0
e1-50,binary,50,bot_14,2868,b,60,13.36,25,117.79,124,6.21,0
e1-50,binary,50,bot_15,2869,w,1,2.38,25,67.12,66,-1.12,0
e1-50,binary,50,bot_15,2869,w,3,5,25,66.28,70,3.72,0
e1-50,binary,50,bot_15,2869,w,5,9.73,25,66.28,70,3.72,0
e1-50,binary,50,bot_15,2869,w,7,17.03,25,83.6,83,-0.6,0
e1-50,binary,50,bot_15,2869,w,9,24.69,25,62.13,78,15.87,0
e1-50,binary,50,bot_15,2869,w,11,9.6,25,56.94,74,17.06,0
e1-50,binary,50,bot_15,2869,w,13,5.27,25,72.79,73,0.21,0
e1-50,binary,50,bot_15,2869,w,15,14.82,25,60.11,84,23.89,0
e1-50,binary,50,bot_15,2869,w,17,6.56,25,69.34,75,5.66,0
e1-50,binary,50,bot_15,2869,w,19,6.94,25,86.66,88,1.34,0
e1-50,binary,50,bot_15,2869,w,21,30.64,25,84.82,117,32.18,0
e1-50,binary,50,bot_15,2869,w,23,29.65,25,89.59,116,26.41,0
e1-50,binary,50,bot_15,2869,w,25,16.67,25,87.52,95,7.48,0
e1-50,binary,50,bot_15,2869,w,27,12.07,25,112.72,120,7.28,0
e1-50,binary,50,bot_15,2869,w,29,33.23,25,58.44,119,60.56,0
e1-50,binary,50,bot_15,2869,w,31,53.11,25,90.62,143,52.38,0
e1-50,binary,50,bot_15,2869,w,33,30.96,25,76.78,119,42.22,0
e1-50,binary,50,bot_15,2869,w,35,24.26,25,98.1,143,44.9,0
e1-50,binary,50,bot_15,2869,w,37,34.52,25,117.49,142,24.51,0
e1-50,binary,50,bot_15,2869,w,39,36.1,25,142.65,166,23.35,0
e1-50,binary,50,bot_15,2869,w,41,22.43,25,147.94,167,19.06,0
e1-50,binary,50,bot_15,2869,w,43,14.8,25,161.75,173,11.25,0
e1-50,binary,50,bot_15,2869,w,45,108.7,25,177.56,177,-0.56,0
e1-50,binary,50,bot_15,2869,w,47,98.5,25,93.94,178,84.06,0
e1-50,binary,50,bot_15,2869,w,49,90.9,25,105.63,182,76.37,0
e1-50,binary,50,bot_15,2869,w,51,64.78,25,97.36,159,61.64,0
e1-50,binary,50,bot_15,2869,w,53,22.36,25,73.45,105,31.55,0
e1-50,binary,50,bot_15,2869,w,55,39.68,25,120.75,140,19.25,0
e1-50,binary,50,bot_15,2869,w,57,27.25,25,123.3,136,12.7,0
e1-50,binary,50,bot_15,2869,w,59,14.34,25,147.39,164,16.61,0
e1-50,binary,50,bot_16,2869,b,2,11.05,25,68.5,67,-1.5,0
e1-50,binary,50,bot_16,2869,b,4,9.67,25,69.35,77,7.65,0
e1-50,binary,50,bot_16,2869,b,6,5.63,25,66.86,72,5.14,0
e1-50,binary,50,bot_16,2869,b,8,25.07,25,64.24,75,10.76,0
e1-50,binary,50,bot_16,2869,b,10,24.68,25,66.16,85,18.84,0
e1-50,binary,50,bot_16,2869,b,12,7.81,25,63.92,69,5.08,0
e1-50,binary,50,bot_16,2869,b,14,31.66,25,91.04,91,-0.04,0
e1-50,binary,50,bot_16,2869,b,16,13.12,25,66.48,76,9.52,0
e1-50,binary,50,bot_16,2869,b,18,8.52,25,78.95,80,1.05,0
e1-50,binary,50,bot_16,2869,b,20,39.35,25,111.86,114,2.14,0
e1-50,binary,50,bot_16,2869,b,22,33.18,25,87.72,113,25.28,0
e1-50,binary,50,bot_16,2869,b,24,14.4,25,89.78,114,24.22,0
e1-50,binary,50,bot_16,2869,b,26,13.34,25,99.63,111,11.37,0
e1-50,binary,50,bot_16,2869,b,28,66.81,25,126.93,133,6.07,0
e1-50,binary,50,bot_16,2869,b,30,59.16,25,113.05,142,28.95,0
e1-50,binary,50,bot_16,2869,b,32,49.79,25,96.1,144,47.9,0
e1-50,binary,50,bot_16,2869,b,34,51.92,25,97.59,124,26.41,0
e1-50,binary,50,bot_16,2869,b,36,32.01,25,110.83,130,19.17,0
e1-50,binary,50,bot_16,2869,b,38,31.12,25,135.34,166,30.66,0
e1-50,binary,50,bot_16,2869,b,40,24.81,25,160.38,191,30.62,0
e1-50,binary,50,bot_16,2869,b,42,19.16,25,147.48,165,17.52,0
e1-50,binary,50,bot_16,2869,b,44,95.19,25,132.37,143,10.63,0
e1-50,binary,50,bot_16,2869,b,46,95.33,25,94.41,194,99.59,0
e1-50,binary,50,bot_16,2869,b,48,87.14,25,109.13,197,87.87,0
e1-50,binary,50,bot_16,2869,b,50,72.78,25,107.56,189,81.44,0
e1-50,binary,50,bot_16,2869,b,52,43.9,25,97.93,153,55.07,0
e1-50,binary,50,bot_16,2869,b,54,29.87,25,101.34,114,12.66,0
e1-50,binary,50,bot_16,2869,b,56,23.71,25,148.57,178,29.43,0
e1-50,binary,50,bot_16,2869,b,58,26.88,25,175.62,193,17.38,0
e1-50,binary,50,bot_16,2869,b,60,11.38,25,119.75,123,3.25,0
e1-50,binary,50,bot_17,2870,w,1,2.19,25,50.69,51,0.31,0
e1-50,binary,50,bot_17,2870,w,3,5.54,25,67.69,71,3.31,0
e1-50,binary,50,bot_17,2870,w,5,5.69,25,70.44,76,5.56,0
e1-50,binary,50,bot_17,2870,w,7,12.76,25,77.82,87,9.18,0
e1-50,binary,50,bot_17,2870,w,9,22.47,25,64.4,81,16.6,0
e1-50,binary,50,bot_17,2870,w,11,6.43,25,60.21,79,18.79,0
e1-50,binary,50,bot_17,2870,w,13,27.17,25,74.98,78,3.02,0
e1-50,binary,50,bot_17,2870,w,15,12.65,25,61.96,86,24.04,0
e1-50,binary,50,bot_17,2870,w,17,5.24,25,70.5,77,6.5,0
e1-50,binary,50,bot_17,2870,w,19,47.23,25,89.36,92,2.64,0
e1-50,binary,50,bot_17,2870,w,21,29.03,25,85.87,109,23.13,0
e1-50,binary,50,bot_17,2870,w,23,26.29,25,92.41,119,26.59,0
e1-50,binary,50,bot_17,2870,w,25,14.46,25,89.72,98,8.28,0
e1-50,binary,50,bot_17,2870,w,27,69.8,25,115.4,123,7.6,0
e1-50,binary,50,bot_17,2870,w,29,30.34,25,60.95,112,51.05,0
e1-50,binary,50,bot_17,2870,w,31,47.21,25,96.08,147,50.92,0
e1-50,binary,50,bot_17,2870,w,33,27.35,25,80.13,120,39.87,0
e1-50,binary,50,bot_17,2870,w,35,19.82,25,103.07,146,42.93,0
e1-50,binary,50,bot_17,2870,w,37,26.34,25,125.78,151,25.22,0
e1-50,binary,50,bot_17,2870,w,39,28.38,25,150.76,173,22.24,0
e1-50,binary,50,bot_17,2870,w,41,16.2,25,154.16,170,15.84,0
e1-50,binary,50,bot_17,2870,w,43,78.1,25,166.8,176,9.2,0
e1-50,binary,50,bot_17,2870,w,45,94.44,25,104.68,190,85.32,0
e1-50,binary,50,bot_17,2870,w,47,92.81,25,99.16,180,80.84,0
e1-50,binary,50,bot_17,2870,w,49,84.77,25,111.91,184,72.09,0
e1-50,binary,50,bot_17,2870,w,51,58.24,25,103.95,163,59.05,0
e1-50,binary,50,bot_17,2870,w,53,18.76,25,77.03,105,27.97,0
e1-50,binary,50,bot_17,2870,w,55,32.52,25,128.17,145,16.83,0
e1-50,binary,50,bot_17,2870,w,57,22.48,25,127.99,134,6.01,0
e1-50,binary,50,bot_17,2870,w,59,10.35,25,150.94,161,10.06,0
e1-50,binary,50,bot_18,2870,b,2,7.03,25,73.75,75,1.25,0
e1-50,binary,50,bot_18,2870,b,4,7.16,25,71.1,74,2.9,0
e1-50,binary,50,bot_18,2870,b,6,13.91,25,68.95,69,0.05,0
e1-50,binary,50,bot_18,2870,b,8,21.61,25,67.51,75,7.49,0
e1-50,binary,50,bot_18,2870,b,10,22.89,25,67.93,85,17.07,0
e1-50,binary,50,bot_18,2870,b,12,6.56,25,64.92,67,2.08,0
e1-50,binary,50,bot_18,2870,b,14,29.22,25,69.69,93,23.31,0
e1-50,binary,50,bot_18,2870,b,16,10.39,25,69.12,78,8.88,0
e1-50,binary,50,bot_18,2870,b,18,8.59,25,79.03,80,0.97,0
e1-50,binary,50,bot_18,2870,b,20,27.11,25,81.85,124,42.15,0
e1-50,binary,50,bot_18,2870,b,22,31.93,25,89.29,113,23.71,0
e1-50,binary,50,bot_18,2870,b,24,12.51,25,91.68,113,21.32,0
e1-50,binary,50,bot_18,2870,b,26,10.69,25,102.29,111,8.71,0
e1-50,binary,50,bot_18,2870,b,28,54.96,25,79.23,145,65.77,0
e1-50,binary,50,bot_18,2870,b,30,55.41,25,116.72,142,25.28,0
e1-50,binary,50,bot_18,2870,b,32,44.89,25,101.29,144,42.71,0
e1-50,binary,50,bot_18,2870,b,34,46.65,25,103.44,126,22.56,0
e1-50,binary,50,bot_18,2870,b,36,29.37,25,113.02,127,13.98,0
e1-50,binary,50,bot_18,2870,b,38,26.67,25,139.74,162,22.26,0
e1-50,binary,50,bot_18,2870,b,40,19.71,25,165.03,188,22.97,0
e1-50,binary,50,bot_18,2870,b,42,13.82,25,153.07,165,11.93,0
e1-50,binary,50,bot_18,2870,b,44,88.57,25,70.66,144,73.34,0
e1-50,binary,50,bot_18,2870,b,46,91.79,25,98.05,183,84.95,0
e1-50,binary,50,bot_18,2870,b,48,82.78,25,113.41,198,84.59,0
e1-50,binary,50,bot_18,2870,b,50,69.15,25,111.18,186,74.82,0
e1-50,binary,50,bot_18,2870,b,52,38.18,25,103.3,153,49.7,0
e1-50,binary,50,bot_18,2870,b,54,25.87,25,105.45,115,9.55,0
e1-50,binary,50,bot_18,2870,b,56,15.91,25,156.04,178,21.96,0
e1-50,binary,50,bot_18,2870,b,58,19.04,25,183.91,196,12.09,0
e1-50,binary,50,bot_18,2870,b,60,66.91,25,124.97,125,0.03,0
e1-50,binary,50,bot_19,2871,w,1,3.9,25,57.17,58,0.83,0
e1-50,binary,50,bot_19,2871,w,3,7.83,25,73.44,75,1.56,0
e1-50,binary,50,bot_19,2871,w,5,8.21,25,64.52,67,2.48,0
e1-50,binary,50,bot_19,2871,w,7,16.46,25,72.69,80,7.31,0
e1-50,binary,50,bot_19,2871,w,9,19.76,25,71.14,87,15.86,0
e1-50,binary,50,bot_19,2871,w,11,23.41,25,69.37,70,0.63,0
e1-50,binary,50,bot_19,2871,w,13,24.61,25,74.08,92,17.92,0
e1-50,binary,50,bot_19,2871,w,15,5.45,25,74.3,79,4.7,0
e1-50,binary,50,bot_19,2871,w,17,19.43,25,67.13,92,24.87,0
e1-50,binary,50,bot_19,2871,w,19,19.58,25,84.1,123,38.9,0
e1-50,binary,50,bot_19,2871,w,21,26,25,95.8,118,22.2,0
e1-50,binary,50,bot_19,2871,w,23,8.09,25,96.12,113,16.88,0
e1-50,binary,50,bot_19,2871,w,25,48.76,25,72.66,121,48.34,0
e1-50,binary,50,bot_19,2871,w,27,47.8,25,85.87,136,50.13,0
e1-50,binary,50,bot_19,2871,w,29,46.38,25,125.6,148,22.4,0
e1-50,binary,50,bot_19,2871,w,31,37.34,25,109.14,145,35.86,0
e1-50,binary,50,bot_19,2871,w,33,38.5,25,111.75,132,20.25,0
e1-50,binary,50,bot_19,2871,w,35,24.15,25,118.26,131,12.74,0
e1-50,binary,50,bot_19,2871,w,37,18.57,25,147.82,161,13.18,0
e1-50,binary,50,bot_19,2871,w,39,11.85,25,172.51,186,13.49,0
e1-50,binary,50,bot_19,2871,w,41,84.29,25,90.32,175,84.68,0
e1-50,binary,50,bot_19,2871,w,43,84.07,25,75.97,132,56.03,0
e1-50,binary,50,bot_19,2871,w,45,81.47,25,108.16,184,75.84,0
e1-50,binary,50,bot_19,2871,w,47,72.83,25,123.39,196,72.61,0
e1-50,binary,50,bot_19,2871,w,49,60.37,25,120,183,63,0
e1-50,binary,50,bot_19,2871,w,51,33.18,25,108.06,148,39.94,0
e1-50,binary,50,bot_19,2871,w,53,21.5,25,109.88,116,6.12,0
e1-50,binary,50,bot_19,2871,w,55,9.77,25,161.92,176,14.08,0
e1-50,binary,50,bot_19,2871,w,57,78.39,25,191.52,195,3.48,0
e1-50,binary,50,bot_19,2871,w,59,56.91,25,75.43,124,48.57,0
e1-50,binary,50,bot_20,2871,b,2,4.17,25,65.95,68,2.05,0
e1-50,binary,50,bot_20,2871,b,4,7.27,25,76.37,79,2.63,0
e1-50,binary,50,bot_20,2871,b,6,11.92,25,78.23,81,2.77,0
e1-50,binary,50,bot_20,2871,b,8,21.23,25,65.57,77,11.43,0
e1-50,binary,50,bot_20,2871,b,10,4.68,25,61.89,76,14.11,0
e1-50,binary,50,bot_20,2871,b,12,23.16,25,58.29,77,18.71,0
e1-50,binary,50,bot_20,2871,b,14,9.25,25,65.27,85,19.73,0
e1-50,binary,50,bot_20,2871,b,16,28.71,25,71.81,72,0.19,0
e1-50,binary,50,bot_20,2871,b,18,42.89,25,75.1,89,13.9,0
e1-50,binary,50,bot_20,2871,b,20,26.55,25,88.08,102,13.92,0
e1-50,binary,50,bot_20,2871,b,22,20.67,25,96.66,119,22.34,0
e1-50,binary,50,bot_20,2871,b,24,52.69,25,97.4,101,3.6,0
e1-50,binary,50,bot_20,2871,b,26,54.08,25,77.66,121,43.34,0
e1-50,binary,50,bot_20,2871,b,28,26.95,25,64.49,107,42.51,0
e1-50,binary,50,bot_20,2871,b,30,40.67,25,102.13,144,41.87,0
e1-50,binary,50,bot_20,2871,b,32,24.6,25,82.24,114,31.76,0
e1-50,binary,50,bot_20,2871,b,34,17.4,25,104.7,138,33.3,0
e1-50,binary,50,bot_20,2871,b,36,17.89,25,134.26,154,19.74,0
e1-50,binary,50,bot_20,2871,b,38,17.98,25,161.88,176,14.12,0
e1-50,binary,50,bot_20,2871,b,40,89.48,25,162.15,169,6.85,0
e1-50,binary,50,bot_20,2871,b,42,60.63,25,95.4,175,79.6,0
e1-50,binary,50,bot_20,2871,b,44,87.52,25,111.53,191,79.47,0
e1-50,binary,50,bot_20,2871,b,46,83.5,25,108.48,179,70.52,0
e1-50,binary,50,bot_20,2871,b,48,74.89,25,121.85,186,64.15,0
e1-50,binary,50,bot_20,2871,b,50,50.21,25,111.94,163,51.06,0
e1-50,binary,50,bot_20,2871,b,52,15.28,25,80.47,103,22.53,0
e1-50,binary,50,bot_20,2871,b,54,25.06,25,136.05,147,10.95,0
e1-50,binary,50,bot_20,2871,b,56,13.76,25,136.74,136,-0.74,0
e1-50,binary,50,bot_20,2871,b,58,59.12,25,95.07,164,68.93,0
e1-50,binary,50,bot_20,2871,b,60,89.5,25,68.81,117,48.19,0
e1-50,binary,50,bot_21,2872,w,1,3.63,25,66.77,62,-4.77,0
e1-50,binary,50,bot_21,2872,w,3,6.25,25,77.44,76,-1.44,0
e1-50,binary,50,bot_21,2872,w,5,11.17,25,79.06,78,-1.06,0
e1-50,binary,50,bot_21,2872,w,7,19.62,25,67.2,74,6.8,0
e1-50,binary,50,bot_21,2872,w,9,21.15,25,63.34,73,9.66,0
e1-50,binary,50,bot_21,2872,w,11,18.62,25,62.31,74,11.69,0
e1-50,binary,50,bot_21,2872,w,13,25.34,25,70.38,82,11.62,0
e1-50,binary,50,bot_21,2872,w,15,23,25,57.47,66,8.53,0
e1-50,binary,50,bot_21,2872,w,17,33.77,25,84.49,93,8.51,0
e1-50,binary,50,bot_21,2872,w,19,21.49,25,93.16,100,6.84,0
e1-50,binary,50,bot_21,2872,w,21,14.73,25,101.92,116,14.08,0
e1-50,binary,50,bot_21,2872,w,23,40.8,25,61.32,100,38.68,0
e1-50,binary,50,bot_21,2872,w,25,47.37,25,84.18,116,31.82,0
e1-50,binary,50,bot_21,2872,w,27,21.62,25,69.64,97,27.36,0
e1-50,binary,50,bot_21,2872,w,29,30.32,25,111.62,137,25.38,0
e1-50,binary,50,bot_21,2872,w,31,16.64,25,89.45,106,16.55,0
e1-50,binary,50,bot_21,2872,w,33,11.43,25,110.46,126,15.54,0
e1-50,binary,50,bot_21,2872,w,35,86.02,25,144.85,149,4.15,0
e1-50,binary,50,bot_21,2872,w,37,87.55,25,97.48,174,76.52,0
e1-50,binary,50,bot_21,2872,w,39,75.19,25,97.95,159,61.05,0
e1-50,binary,50,bot_21,2872,w,41,46.64,25,108.59,169,60.41,0
e1-50,binary,50,bot_21,2872,w,43,74.41,25,125.05,186,60.95,0
e1-50,binary,50,bot_21,2872,w,45,70.82,25,121.03,171,49.97,0
e1-50,binary,50,bot_21,2872,w,47,62.36,25,134.27,176,41.73,0
e1-50,binary,50,bot_21,2872,w,49,40.89,25,120.94,152,31.06,0
e1-50,binary,50,bot_21,2872,w,51,6.27,25,89.46,99,9.54,0
e1-50,binary,50,bot_21,2872,w,53,64.7,25,102.09,159,56.91,0
e1-50,binary,50,bot_21,2872,w,55,76.72,25,111.43,138,26.57,0
e1-50,binary,50,bot_21,2872,w,57,49.01,25,104.63,143,38.37,0
e1-50,binary,50,bot_21,2872,w,59,71.79,25,86.83,125,38.17,0
e1-50,binary,50,bot_22,2872,b,2,7.39,25,73.47,75,1.53,0
e1-50,binary,50,bot_22,2872,b,4,7.26,25,65.32,65,-0.32,0
e1-50,binary,50,bot_22,2872,b,6,14.39,25,74.72,80,5.28,0
e1-50,binary,50,bot_22,2872,b,8,18.77,25,72.35,87,14.65,0
e1-50,binary,50,bot_22,2872,b,10,20.44,25,55.74,72,16.26,0
e1-50,binary,50,bot_22,2872,b,12,19.91,25,78.68,92,13.32,0
e1-50,binary,50,bot_22,2872,b,14,17.68,25,61.39,82,20.61,0
e1-50,binary,50,bot_22,2872,b,16,16.95,25,68.97,87,18.03,0
e1-50,binary,50,bot_22,2872,b,18,14.4,25,89.37,117,27.63,0
e1-50,binary,50,bot_22,2872,b,20,22.22,25,100.56,117,16.44,0
e1-50,binary,50,bot_22,2872,b,22,47.49,25,106.62,115,8.38,0
e1-50,binary,50,bot_22,2872,b,24,40.15,25,81.1,116,34.9,0
e1-50,binary,50,bot_22,2872,b,26,35.66,25,98.12,141,42.88,0
e1-50,binary,50,bot_22,2872,b,28,32.71,25,139.74,156,16.26,0
e1-50,binary,50,bot_22,2872,b,30,25.98,25,121.79,147,25.21,0
e1-50,binary,50,bot_22,2872,b,32,24.1,25,126.47,138,11.53,0
e1-50,binary,50,bot_22,2872,b,34,13.01,25,129.53,136,6.47,0
e1-50,binary,50,bot_22,2872,b,36,85.45,25,91.6,173,81.4,0
e1-50,binary,50,bot_22,2872,b,38,69.27,25,99.95,183,83.05,0
e1-50,binary,50,bot_22,2872,b,40,69.59,25,104.63,176,71.38,0
e1-50,binary,50,bot_22,2872,b,42,69.97,25,91.14,133,41.86,0
e1-50,binary,50,bot_22,2872,b,44,63.37,25,125.6,189,63.4,0
e1-50,binary,50,bot_22,2872,b,46,55.01,25,141.29,202,60.71,0
e1-50,binary,50,bot_22,2872,b,48,44.42,25,136.12,188,51.88,0
e1-50,binary,50,bot_22,2872,b,50,23.28,25,117.18,148,30.82,0
e1-50,binary,50,bot_22,2872,b,52,70.41,25,123.04,119,-4.04,0
e1-50,binary,50,bot_22,2872,b,54,40.85,25,110.1,163,52.9,0
e1-50,binary,50,bot_22,2872,b,56,51.51,25,134.87,201,66.13,0
e1-50,binary,50,bot_22,2872,b,58,50.55,25,82.07,120,37.93,0
e1-50,binary,50,bot_22,2872,b,60,30.84,25,86.94,148,61.06,0
e1-50,binary,50,bot_23,2873,w,1,3.44,25,73.56,76,2.44,0
e1-50,binary,50,bot_23,2873,w,3,5.82,25,66.68,67,0.32,0
e1-50,binary,50,bot_23,2873,w,5,11.91,25,77.19,82,4.81,0
e1-50,binary,50,bot_23,2873,w,7,15.91,25,75.23,87,11.77,0
e1-50,binary,50,bot_23,2873,w,9,16.38,25,59.32,73,13.68,0
e1-50,binary,50,bot_23,2873,w,11,14.97,25,83.57,96,12.43,0
e1-50,binary,50,bot_23,2873,w,13,13.56,25,65.07,79,13.93,0
e1-50,binary,50,bot_23,2873,w,15,13.38,25,72.56,88,15.44,0
e1-50,binary,50,bot_23,2873,w,17,11.12,25,92.64,116,23.36,0
e1-50,binary,50,bot_23,2873,w,19,17.96,25,105.02,118,12.98,0
e1-50,binary,50,bot_23,2873,w,21,43,25,111.13,119,7.87,0
e1-50,binary,50,bot_23,2873,w,23,36.5,25,84.77,118,33.23,0
e1-50,binary,50,bot_23,2873,w,25,32.64,25,101.23,141,39.77,0
e1-50,binary,50,bot_23,2873,w,27,30.26,25,142.21,157,14.79,0
e1-50,binary,50,bot_23,2873,w,29,23.73,25,124.12,148,23.88,0
e1-50,binary,50,bot_23,2873,w,31,20.55,25,130.02,140,9.98,0
e1-50,binary,50,bot_23,2873,w,33,49.15,25,133.37,138,4.63,0
e1-50,binary,50,bot_23,2873,w,35,78.22,25,98.55,172,73.45,0
e1-50,binary,50,bot_23,2873,w,37,62.5,25,106.76,186,79.24,0
e1-50,binary,50,bot_23,2873,w,39,63.9,25,110.43,179,68.57,0
e1-50,binary,50,bot_23,2873,w,41,63.38,25,98.04,138,39.96,0
e1-50,binary,50,bot_23,2873,w,43,58.03,25,130.69,191,60.31,0
e1-50,binary,50,bot_23,2873,w,45,49.78,25,146.48,205,58.52,0
e1-50,binary,50,bot_23,2873,w,47,38.05,25,142.65,189,46.35,0
e1-50,binary,50,bot_23,2873,w,49,19.13,25,121.18,144,22.82,0
e1-50,binary,50,bot_23,2873,w,51,59.04,25,84.51,119,34.49,0
e1-50,binary,50,bot_23,2873,w,53,37.86,25,113.34,160,46.66,0
e1-50,binary,50,bot_23,2873,w,55,46.23,25,140.16,198,57.84,0
e1-50,binary,50,bot_23,2873,w,57,47.36,25,85.21,120,34.79,0
e1-50,binary,50,bot_23,2873,w,59,28.24,25,89.46,138,48.54,0
e1-50,binary,50,bot_24,2873,b,2,4.99,25,78.57,72,-6.57,0
e1-50,binary,50,bot_24,2873,b,4,10.57,25,80.12,77,-3.12,0
e1-50,binary,50,bot_24,2873,b,6,17.29,25,70,72,2,0
e1-50,binary,50,bot_24,2873,b,8,17.04,25,67.93,75,7.07,0
e1-50,binary,50,bot_24,2873,b,10,16.57,25,64.03,71,6.97,0
e1-50,binary,50,bot_24,2873,b,12,18.59,25,77.74,84,6.26,0
e1-50,binary,50,bot_24,2873,b,14,20.66,25,59.88,64,4.12,0
e1-50,binary,50,bot_24,2873,b,16,28.21,25,90.14,94,3.86,0
e1-50,binary,50,bot_24,2873,b,18,17.71,25,97.03,100,2.97,0
e1-50,binary,50,bot_24,2873,b,20,12.9,25,102.86,113,10.14,0
e1-50,binary,50,bot_24,2873,b,22,37.79,25,64.07,99,34.93,0
e1-50,binary,50,bot_24,2873,b,24,44.3,25,87.2,115,27.8,0
e1-50,binary,50,bot_24,2873,b,26,19.24,25,71.77,95,23.23,0
e1-50,binary,50,bot_24,2873,b,28,28.33,25,113.27,134,20.73,0
e1-50,binary,50,bot_24,2873,b,30,15,25,90.76,106,15.24,0
e1-50,binary,50,bot_24,2873,b,32,9.61,25,112.21,124,11.79,0
e1-50,binary,50,bot_24,2873,b,34,78.04,25,113.65,154,40.35,0
e1-50,binary,50,bot_24,2873,b,36,84.17,25,100.65,170,69.35,0
e1-50,binary,50,bot_24,2873,b,38,71.81,25,101.25,155,53.75,0
e1-50,binary,50,bot_24,2873,b,40,43.24,25,111.38,168,56.62,0
e1-50,binary,50,bot_24,2873,b,42,70.35,25,129.44,184,54.56,0
e1-50,binary,50,bot_24,2873,b,44,68.23,25,123.63,168,44.37,0
e1-50,binary,50,bot_24,2873,b,46,56.29,25,140.39,176,35.61,0
e1-50,binary,50,bot_24,2873,b,48,33.95,25,127.69,151,23.31,0
e1-50,binary,50,bot_24,2873,b,50,50.37,25,95.45,101,5.55,0
e1-50,binary,50,bot_24,2873,b,52,56.91,25,109.61,155,45.39,0
e1-50,binary,50,bot_24,2873,b,54,68.19,25,119.95,144,24.05,0
e1-50,binary,50,bot_24,2873,b,56,43.84,25,109.48,142,32.52,0
e1-50,binary,50,bot_24,2873,b,58,58.55,25,100.52,135,34.48,0
e1-50,binary,50,bot_24,2873,b,60,52.31,25,104.02,118,13.98,0
e1-50,binary,50,bot_25,2874,w,1,2.89,25,53.66,54,0.34,0
e1-50,binary,50,bot_25,2874,w,3,4.32,25,68.06,65,-3.06,0
e1-50,binary,50,bot_25,2874,w,5,10.09,25,78.7,83,4.3,0
e1-50,binary,50,bot_25,2874,w,7,14.75,25,75.91,85,9.09,0
e1-50,binary,50,bot_25,2874,w,9,15.17,25,60.74,70,9.26,0
e1-50,binary,50,bot_25,2874,w,11,12.97,25,85.42,94,8.58,0
e1-50,binary,50,bot_25,2874,w,13,10.97,25,67.53,79,11.47,0
e1-50,binary,50,bot_25,2874,w,15,10.13,25,75.67,89,13.33,0
e1-50,binary,50,bot_25,2874,w,17,7.57,25,96.18,113,16.82,0
e1-50,binary,50,bot_25,2874,w,19,14.29,25,109.04,118,8.96,0
e1-50,binary,50,bot_25,2874,w,21,39.34,25,114.82,120,5.18,0
e1-50,binary,50,bot_25,2874,w,23,31.98,25,89.53,121,31.47,0
e1-50,binary,50,bot_25,2874,w,25,27.74,25,106.1,143,36.9,0
e1-50,binary,50,bot_25,2874,w,27,25.36,25,147.17,159,11.83,0
e1-50,binary,50,bot_25,2874,w,29,19.12,25,128.94,149,20.06,0
e1-50,binary,50,bot_25,2874,w,31,15.65,25,134.95,143,8.05,0
e1-50,binary,50,bot_25,2874,w,33,36.79,25,99.08,149,49.92,0
e1-50,binary,50,bot_25,2874,w,35,73.02,25,104.04,175,70.96,0
e1-50,binary,50,bot_25,2874,w,37,57.38,25,111.92,187,75.08,0
e1-50,binary,50,bot_25,2874,w,39,58.5,25,116.07,179,62.93,0
e1-50,binary,50,bot_25,2874,w,41,58.14,25,103.54,142,38.46,0
e1-50,binary,50,bot_25,2874,w,43,55.85,25,132.66,186,53.34,0
e1-50,binary,50,bot_25,2874,w,45,47.5,25,148.79,202,53.21,0
e1-50,binary,50,bot_25,2874,w,47,35.5,25,145.15,190,44.85,0
e1-50,binary,50,bot_25,2874,w,49,18.42,25,121.68,142,20.32,0
e1-50,binary,50,bot_25,2874,w,51,57.75,25,85.83,120,34.17,0
e1-50,binary,50,bot_25,2874,w,53,36.73,25,114.33,155,40.67,0
e1-50,binary,50,bot_25,2874,w,55,44.3,25,141.99,194,52.01,0
e1-50,binary,50,bot_25,2874,w,57,45.96,25,86.51,116,29.49,0
e1-50,binary,50,bot_25,2874,w,59,27.13,25,90.44,132,41.56,0
e1-50,binary,50,bot_26,2874,b,2,3.93,25,79.63,78,-1.63,0
e1-50,binary,50,bot_26,2874,b,4,9.15,25,81.66,82,0.34,0
e1-50,binary,50,bot_26,2874,b,6,14.84,25,72.63,77,4.37,0
e1-50,binary,50,bot_26,2874,b,8,13.68,25,71.33,81,9.67,0
e1-50,binary,50,bot_26,2874,b,10,13.5,25,67.09,77,9.91,0
e1-50,binary,50,bot_26,2874,b,12,15.33,25,81.06,88,6.94,0
e1-50,binary,50,bot_26,2874,b,14,17.46,25,62.96,69,6.04,0
e1-50,binary,50,bot_26,2874,b,16,23.07,25,95.45,100,4.55,0
e1-50,binary,50,bot_26,2874,b,18,15.3,25,99.42,102,2.58,0
e1-50,binary,50,bot_26,2874,b,20,10.77,25,104.44,114,9.56,0
e1-50,binary,50,bot_26,2874,b,22,35.74,25,66.07,101,34.93,0
e1-50,binary,50,bot_26,2874,b,24,41.62,25,89.86,117,27.14,0
e1-50,binary,50,bot_26,2874,b,26,16.53,25,74.42,96,21.58,0
e1-50,binary,50,bot_26,2874,b,28,24.97,25,116.34,137,20.66,0
e1-50,binary,50,bot_26,2874,b,30,13.32,25,92.17,108,15.83,0
e1-50,binary,50,bot_26,2874,b,32,54.43,25,114.64,125,10.36,0
e1-50,binary,50,bot_26,2874,b,34,76.54,25,114.65,146,31.35,0
e1-50,binary,50,bot_26,2874,b,36,79.44,25,105.45,173,67.55,0
e1-50,binary,50,bot_26,2874,b,38,68.04,25,104.99,158,53.01,0
e1-50,binary,50,bot_26,2874,b,40,43.25,25,110.87,165,54.13,0
e1-50,binary,50,bot_26,2874,b,42,66.59,25,133.36,186,52.64,0
e1-50,binary,50,bot_26,2874,b,44,64.37,25,127.54,173,45.46,0
e1-50,binary,50,bot_26,2874,b,46,56,25,140.53,178,37.47,0
e1-50,binary,50,bot_26,2874,b,48,31.82,25,129.89,155,25.11,0
e1-50,binary,50,bot_26,2874,b,50,48.07,25,97.87,109,11.13,0
e1-50,binary,50,bot_26,2874,b,52,52.46,25,114.04,162,47.96,0
e1-50,binary,50,bot_26,2874,b,54,62.97,25,125.49,152,26.51,0
e1-50,binary,50,bot_26,2874,b,56,41.06,25,112.24,146,33.76,0
e1-50,binary,50,bot_26,2874,b,58,52.45,25,106.89,142,35.11,0
e1-50,binary,50,bot_26,2874,b,60,47.39,25,108.88,125,16.12,0
e1-50,binary,50,bot_27,2875,w,1,2.63,25,76.18,72,-4.18,0
e1-50,binary,50,bot_27,2875,w,3,7.27,25,83.57,79,-4.57,0
e1-50,binary,50,bot_27,2875,w,5,9.69,25,77.89,80,2.11,0
e1-50,binary,50,bot_27,2875,w,7,7.35,25,77.77,85,7.23,0
e1-50,binary,50,bot_27,2875,w,9,7.79,25,72.78,78,5.22,0
e1-50,binary,50,bot_27,2875,w,11,9.46,25,87.09,90,2.91,0
e1-50,binary,50,bot_27,2875,w,13,12.91,25,67.59,71,3.41,0
e1-50,binary,50,bot_27,2875,w,15,14.44,25,104.21,104,-0.21,0
e1-50,binary,50,bot_27,2875,w,17,10.82,25,103.08,102,-1.08,0
e1-50,binary,50,bot_27,2875,w,19,50.03,25,108.61,116,7.39,0
e1-50,binary,50,bot_27,2875,w,21,30.97,25,70.84,102,31.16,0
e1-50,binary,50,bot_27,2875,w,23,35.62,25,95.85,119,23.15,0
e1-50,binary,50,bot_27,2875,w,25,12.38,25,78.57,95,16.43,0
e1-50,binary,50,bot_27,2875,w,27,20.04,25,121.23,137,15.77,0
e1-50,binary,50,bot_27,2875,w,29,8.97,25,96.48,107,10.52,0
e1-50,binary,50,bot_27,2875,w,31,43.14,25,89.16,131,41.84,0
e1-50,binary,50,bot_27,2875,w,33,73.21,25,117.88,145,27.12,0
e1-50,binary,50,bot_27,2875,w,35,72.98,25,112.04,176,63.96,0
e1-50,binary,50,bot_27,2875,w,37,61.67,25,111.46,159,47.54,0
e1-50,binary,50,bot_27,2875,w,39,42.48,25,111.48,161,49.52,0
e1-50,binary,50,bot_27,2875,w,41,60.74,25,140.6,189,48.4,0
e1-50,binary,50,bot_27,2875,w,43,58.61,25,133.33,174,40.67,0
e1-50,binary,50,bot_27,2875,w,45,50.06,25,146.46,179,32.54,0
e1-50,binary,50,bot_27,2875,w,47,26.28,25,135.43,156,20.57,0
e1-50,binary,50,bot_27,2875,w,49,44.01,25,101.98,107,5.02,0
e1-50,binary,50,bot_27,2875,w,51,49.96,25,116.4,162,45.6,0
e1-50,binary,50,bot_27,2875,w,53,60.06,25,128.48,151,22.52,0
e1-50,binary,50,bot_27,2875,w,55,39.55,25,113.65,141,27.35,0
e1-50,binary,50,bot_27,2875,w,57,48.33,25,111.06,144,32.94,0
e1-50,binary,50,bot_27,2875,w,59,45.09,25,111.1,125,13.9,0
e1-50,binary,50,bot_28,2875,b,2,3.58,25,69.03,67,-2.03,0
e1-50,binary,50,bot_28,2875,b,4,8.66,25,80.03,82,1.97,0
e1-50,binary,50,bot_28,2875,b,6,14.06,25,76.89,80,3.11,0
e1-50,binary,50,bot_28,2875,b,8,13.16,25,63.01,65,1.99,0
e1-50,binary,50,bot_28,2875,b,10,11.44,25,87.69,91,3.31,0
e1-50,binary,50,bot_28,2875,b,12,9.55,25,68.71,74,5.29,0
e1-50,binary,50,bot_28,2875,b,14,7.25,25,78.22,86,7.78,0
e1-50,binary,50,bot_28,2875,b,16,6.01,25,98.55,108,9.45,0
e1-50,binary,50,bot_28,2875,b,18,64.9,25,110.13,117,6.87,0
e1-50,binary,50,bot_28,2875,b,20,37.97,25,72.37,117,44.63,0
e1-50,binary,50,bot_28,2875,b,22,29.81,25,92.17,118,25.83,0
e1-50,binary,50,bot_28,2875,b,24,24.2,25,109.47,140,30.53,0
e1-50,binary,50,bot_28,2875,b,26,23.14,25,149.35,157,7.65,0
e1-50,binary,50,bot_28,2875,b,28,16.86,25,131.45,147,15.55,0
e1-50,binary,50,bot_28,2875,b,30,49.38,25,139.05,142,2.95,0
e1-50,binary,50,bot_28,2875,b,32,35.27,25,99.64,138,38.36,0
e1-50,binary,50,bot_28,2875,b,34,70.85,25,106.18,174,67.82,0
e1-50,binary,50,bot_28,2875,b,36,54.7,25,114.47,181,66.53,0
e1-50,binary,50,bot_28,2875,b,38,56.26,25,118.52,175,56.48,0
e1-50,binary,50,bot_28,2875,b,40,55.34,25,106.49,144,37.51,0
e1-50,binary,50,bot_28,2875,b,42,52.77,25,134.02,183,48.98,0
e1-50,binary,50,bot_28,2875,b,44,44.37,25,151.93,200,48.07,0
e1-50,binary,50,bot_28,2875,b,46,32.66,25,147.95,188,40.05,0
e1-50,binary,50,bot_28,2875,b,48,16.44,25,123.28,139,15.72,0
e1-50,binary,50,bot_28,2875,b,50,57.86,25,85.86,119,33.14,0
e1-50,binary,50,bot_28,2875,b,52,34.41,25,116.58,156,39.42,0
e1-50,binary,50,bot_28,2875,b,54,40.48,25,145.69,195,49.31,0
e1-50,binary,50,bot_28,2875,b,56,43.74,25,88.75,118,29.25,0
e1-50,binary,50,bot_28,2875,b,58,25.58,25,91.98,130,38.02,0
e1-50,binary,50,bot_28,2875,b,60,33.06,25,121.78,156,34.22,0
e1-50,binary,50,bot_29,2876,w,1,2.13,25,67.31,64,-3.31,0
e1-50,binary,50,bot_29,2876,w,3,7.47,25,81.24,82,0.76,0
e1-50,binary,50,bot_29,2876,w,5,12.74,25,78.38,81,2.63,0
e1-50,binary,50,bot_29,2876,w,7,11.88,25,64.43,66,1.57,0
e1-50,binary,50,bot_29,2876,w,9,8.69,25,90.39,91,0.61,0
e1-50,binary,50,bot_29,2876,w,11,7.37,25,70.68,73,2.32,0
e1-50,binary,50,bot_29,2876,w,13,5.77,25,79.61,84,4.39,0
e1-50,binary,50,bot_29,2876,w,15,41.18,25,57.6,123,65.4,0
e1-50,binary,50,bot_29,2876,w,17,49.39,25,96.44,118,21.56,0
e1-50,binary,50,bot_29,2876,w,19,35.06,25,74.56,108,33.44,0
e1-50,binary,50,bot_29,2876,w,21,24.14,25,97.87,115,17.13,0
e1-50,binary,50,bot_29,2876,w,23,17.63,25,115.87,138,22.13,0
e1-50,binary,50,bot_29,2876,w,25,14.63,25,136.16,147,10.84,0
e1-50,binary,50,bot_29,2876,w,27,59.56,25,137.55,143,5.45,0
e1-50,binary,50,bot_29,2876,w,29,30.69,25,113.04,151,37.96,0
e1-50,binary,50,bot_29,2876,w,31,27.68,25,106.59,136,29.41,0
e1-50,binary,50,bot_29,2876,w,33,58.17,25,118.65,177,58.35,0
e1-50,binary,50,bot_29,2876,w,35,43.69,25,125.55,185,59.45,0
e1-50,binary,50,bot_29,2876,w,37,44.63,25,130.27,177,46.73,0
e1-50,binary,50,bot_29,2876,w,39,44.74,25,117.62,149,31.38,0
e1-50,binary,50,bot_29,2876,w,41,49.99,25,136.64,178,41.36,0
e1-50,binary,50,bot_29,2876,w,43,41.8,25,154.44,198,43.56,0
e1-50,binary,50,bot_29,2876,w,45,30.76,25,149.88,183,33.12,0
e1-50,binary,50,bot_29,2876,w,47,13.7,25,125.93,140,14.07,0
e1-50,binary,50,bot_29,2876,w,49,55.31,25,88.47,119,30.53,0
e1-50,binary,50,bot_29,2876,w,51,31.86,25,119.12,154,34.88,0
e1-50,binary,50,bot_29,2876,w,53,37.99,25,148.11,192,43.89,0
e1-50,binary,50,bot_29,2876,w,55,41.4,25,91.05,115,23.95,0
e1-50,binary,50,bot_29,2876,w,57,23.3,25,94.24,126,31.76,0
e1-50,binary,50,bot_29,2876,w,59,28.89,25,126.07,156,29.93,0
e1-50,binary,50,bot_30,2876,b,2,6.54,25,84.49,86,1.51,0
e1-50,binary,50,bot_30,2876,b,4,8.59,25,79.1,85,5.9,0
e1-50,binary,50,bot_30,2876,b,6,6.73,25,77.51,88,10.49,0
e1-50,binary,50,bot_30,2876,b,8,7.11,25,73.35,83,9.65,0
e1-50,binary,50,bot_30,2876,b,10,8.37,25,87.6,95,7.4,0
e1-50,binary,50,bot_30,2876,b,12,10.26,25,70.57,76,5.43,0
e1-50,binary,50,bot_30,2876,b,14,71.21,25,108.21,112,3.79,0
e1-50,binary,50,bot_30,2876,b,16,26.62,25,63.51,103,39.49,0
e1-50,binary,50,bot_30,2876,b,18,40.29,25,66.51,114,47.49,0
e1-50,binary,50,bot_30,2876,b,20,23.23,25,78.87,112,33.13,0
e1-50,binary,50,bot_30,2876,b,22,26.75,25,105.14,127,21.86,0
e1-50,binary,50,bot_30,2876,b,24,16.45,25,96.6,113,16.4,0
e1-50,binary,50,bot_30,2876,b,26,11.09,25,130.2,143,12.8,0
e1-50,binary,50,bot_30,2876,b,28,42.89,25,59.06,116,56.94,0
e1-50,binary,50,bot_30,2876,b,30,35.16,25,96.87,126,29.13,0
e1-50,binary,50,bot_30,2876,b,32,63.64,25,127.77,154,26.23,0
e1-50,binary,50,bot_30,2876,b,34,64.04,25,121.6,177,55.4,0
e1-50,binary,50,bot_30,2876,b,36,52.21,25,120.87,163,42.13,0
e1-50,binary,50,bot_30,2876,b,38,36.09,25,117.01,160,42.99,0
e1-50,binary,50,bot_30,2876,b,40,52.61,25,148.28,192,43.72,0
e1-50,binary,50,bot_30,2876,b,42,54.93,25,137.22,177,39.78,0
e1-50,binary,50,bot_30,2876,b,44,45.1,25,151.63,185,33.37,0
e1-50,binary,50,bot_30,2876,b,46,26.22,25,135.34,158,22.66,0
e1-50,binary,50,bot_30,2876,b,48,41.15,25,104.94,110,5.06,0
e1-50,binary,50,bot_30,2876,b,50,45.05,25,121.14,167,45.86,0
e1-50,binary,50,bot_30,2876,b,52,54.93,25,133.97,157,23.03,0
e1-50,binary,50,bot_30,2876,b,54,35.52,25,117.52,147,29.48,0
e1-50,binary,50,bot_30,2876,b,56,43.1,25,116.55,150,33.45,0
e1-50,binary,50,bot_30,2876,b,58,41.69,25,114.16,129,14.84,0
e1-50,binary,50,bot_30,2876,b,60,30.83,25,108.51,128,19.49,0
e1-50,binary,50,bot_31,2877,w,1,5.21,25,83.35,84,0.65,0
e1-50,binary,50,bot_31,2877,w,3,7.08,25,80.61,87,6.39,0
e1-50,binary,50,bot_31,2877,w,5,5.66,25,78.51,89,10.49,0
e1-50,binary,50,bot_31,2877,w,7,6.09,25,75.35,85,9.65,0
e1-50,binary,50,bot_31,2877,w,9,6.22,25,89.17,96,6.83,0
e1-50,binary,50,bot_31,2877,w,11,7.2,25,74.05,78,3.95,0
e1-50,binary,50,bot_31,2877,w,13,59.35,25,84.06,125,40.94,0
e1-50,binary,50,bot_31,2877,w,15,20.95,25,69.35,106,36.65,0
e1-50,binary,50,bot_31,2877,w,17,30.4,25,76.32,113,36.68,0
e1-50,binary,50,bot_31,2877,w,19,15.54,25,86.74,116,29.26,0
e1-50,binary,50,bot_31,2877,w,21,15.71,25,116.56,134,17.44,0
e1-50,binary,50,bot_31,2877,w,23,67.2,25,109.61,121,11.39,0
e1-50,binary,50,bot_31,2877,w,25,54.06,25,91.34,149,57.66,0
e1-50,binary,50,bot_31,2877,w,27,33.08,25,68.14,111,42.86,0
e1-50,binary,50,bot_31,2877,w,29,25.7,25,106.55,131,24.45,0
e1-50,binary,50,bot_31,2877,w,31,50.25,25,141.3,162,20.7,0
e1-50,binary,50,bot_31,2877,w,33,51.65,25,134.49,182,47.51,0
e1-50,binary,50,bot_31,2877,w,35,41.85,25,131.42,164,32.58,0
e1-50,binary,50,bot_31,2877,w,37,28.64,25,124.14,158,33.86,0
e1-50,binary,50,bot_31,2877,w,39,39.98,25,160.24,195,34.76,0
e1-50,binary,50,bot_31,2877,w,41,51.04,25,141.15,180,38.85,0
e1-50,binary,50,bot_31,2877,w,43,40.18,25,156.66,187,30.34,0
e1-50,binary,50,bot_31,2877,w,45,22.12,25,139.38,160,20.62,0
e1-50,binary,50,bot_31,2877,w,47,38.92,25,107.25,111,3.75,0
e1-50,binary,50,bot_31,2877,w,49,42.4,25,123.72,166,42.28,0
e1-50,binary,50,bot_31,2877,w,51,51.01,25,137.99,157,19.01,0
e1-50,binary,50,bot_31,2877,w,53,32.96,25,119.98,147,27.02,0
e1-50,binary,50,bot_31,2877,w,55,40.14,25,119.56,149,29.44,0
e1-50,binary,50,bot_31,2877,w,57,37.67,25,118.09,131,12.91,0
e1-50,binary,50,bot_31,2877,w,59,26.42,25,113.09,130,16.91,0
e1-50,binary,50,bot_32,2877,b,2,6.59,25,81.83,85,3.17,0
e1-50,binary,50,bot_32,2877,b,4,12.34,25,78.89,84,5.11,0
e1-50,binary,50,bot_32,2877,b,6,10.27,25,66.51,70,3.49,0
e1-50,binary,50,bot_32,2877,b,8,7.71,25,90.85,95,4.15,0
e1-50,binary,50,bot_32,2877,b,10,5.88,25,71.78,77,5.22,0
e1-50,binary,50,bot_32,2877,b,12,41.53,25,80.54,86,5.46,0
e1-50,binary,50,bot_32,2877,b,14,37.52,25,60.79,117,56.21,0
e1-50,binary,50,bot_32,2877,b,16,37.51,25,108.06,127,18.94,0
e1-50,binary,50,bot_32,2877,b,18,29.83,25,79.39,107,27.61,0
e1-50,binary,50,bot_32,2877,b,20,19.07,25,103.04,116,12.96,0
e1-50,binary,50,bot_32,2877,b,22,12.66,25,120.28,135,14.72,0
e1-50,binary,50,bot_32,2877,b,24,58.85,25,89.73,156,66.27,0
e1-50,binary,50,bot_32,2877,b,26,44,25,88.57,141,52.43,0
e1-50,binary,50,bot_32,2877,b,28,24.45,25,118.91,149,30.09,0
e1-50,binary,50,bot_32,2877,b,30,21.36,25,111.87,135,23.13,0
e1-50,binary,50,bot_32,2877,b,32,49.27,25,127.16,174,46.84,0
e1-50,binary,50,bot_32,2877,b,34,34.16,25,134.95,184,49.05,0
e1-50,binary,50,bot_32,2877,b,36,35.83,25,138.71,180,41.29,0
e1-50,binary,50,bot_32,2877,b,38,36.26,25,126.55,154,27.45,0
e1-50,binary,50,bot_32,2877,b,40,47.85,25,138.34,169,30.66,0
e1-50,binary,50,bot_32,2877,b,42,39.19,25,156.91,199,42.09,0
e1-50,binary,50,bot_32,2877,b,44,28.29,25,152.17,183,30.83,0
e1-50,binary,50,bot_32,2877,b,46,11.77,25,127.75,142,14.25,0
e1-50,binary,50,bot_32,2877,b,48,51.37,25,92.55,122,29.45,0
e1-50,binary,50,bot_32,2877,b,50,29.67,25,121.26,155,33.74,0
e1-50,binary,50,bot_32,2877,b,52,35.7,25,150.33,194,43.67,0
e1-50,binary,50,bot_32,2877,b,54,39.35,25,93.13,118,24.87,0
e1-50,binary,50,bot_32,2877,b,56,21.71,25,95.85,127,31.15,0
e1-50,binary,50,bot_32,2877,b,58,26.36,25,128.88,157,28.12,0
e1-50,binary,50,bot_32,2877,b,60,13.85,25,114.55,132,17.45,0
e1-50,binary,50,bot_33,2878,w,1,5.05,25,83.34,86,2.66,0
e1-50,binary,50,bot_33,2878,w,3,10.96,25,77.82,86,8.18,0
e1-50,binary,50,bot_33,2878,w,5,40.41,25,71.03,75,3.97,0
e1-50,binary,50,bot_33,2878,w,7,25.25,25,61.26,92,30.74,0
e1-50,binary,50,bot_33,2878,w,9,25.56,25,57.81,78,20.19,0
e1-50,binary,50,bot_33,2878,w,11,31.63,25,61.39,87,25.61,0
e1-50,binary,50,bot_33,2878,w,13,26.39,25,71.89,120,48.11,0
e1-50,binary,50,bot_33,2878,w,15,20.12,25,125.59,139,13.41,0
e1-50,binary,50,bot_33,2878,w,17,15.3,25,93.93,109,15.07,0
e1-50,binary,50,bot_33,2878,w,19,49.14,25,74.44,127,52.56,0
e1-50,binary,50,bot_33,2878,w,21,30.87,25,84.91,134,49.09,0
e1-50,binary,50,bot_33,2878,w,23,41.45,25,106.8,155,48.2,0
e1-50,binary,50,bot_33,2878,w,25,31.28,25,101.13,139,37.87,0
e1-50,binary,50,bot_33,2878,w,27,14.7,25,128.02,142,13.98,0
e1-50,binary,50,bot_33,2878,w,29,31.3,25,53.89,140,86.11,0
e1-50,binary,50,bot_33,2878,w,31,32.87,25,143.31,170,26.69,0
e1-50,binary,50,bot_33,2878,w,33,24.9,25,143.96,174,30.04,0
e1-50,binary,50,bot_33,2878,w,35,22.35,25,151.97,178,26.03,0
e1-50,binary,50,bot_33,2878,w,37,20.63,25,142.78,156,13.22,0
e1-50,binary,50,bot_33,2878,w,39,47.23,25,138.77,146,7.23,0
e1-50,binary,50,bot_33,2878,w,41,37.08,25,158.95,195,36.05,0
e1-50,binary,50,bot_33,2878,w,43,27.34,25,153.06,179,25.94,0
e1-50,binary,50,bot_33,2878,w,45,11.05,25,128.44,140,11.56,0
e1-50,binary,50,bot_33,2878,w,47,50.01,25,93.95,121,27.05,0
e1-50,binary,50,bot_33,2878,w,49,28.45,25,122.46,155,32.54,0
e1-50,binary,50,bot_33,2878,w,51,34.09,25,151.89,190,38.11,0
e1-50,binary,50,bot_33,2878,w,53,36.64,25,95.87,118,22.13,0
e1-50,binary,50,bot_33,2878,w,55,18.52,25,99.08,131,31.92,0
e1-50,binary,50,bot_33,2878,w,57,23.88,25,131.43,154,22.57,0
e1-50,binary,50,bot_34,2878,b,2,8.55,25,81.6,78,-3.6,0
e1-50,binary,50,bot_34,2878,b,4,4.87,25,79.13,82,2.87,0
e1-50,binary,50,bot_34,2878,b,6,32.51,25,67.3,100,32.7,0
e1-50,binary,50,bot_34,2878,b,8,21.76,25,56.31,72,15.69,0
e1-50,binary,50,bot_34,2878,b,10,26.07,25,57.15,72,14.85,0
e1-50,binary,50,bot_34,2878,b,12,49.25,25,92.96,116,23.04,0
e1-50,binary,50,bot_34,2878,b,14,15.1,25,75.26,93,17.74,0
e1-50,binary,50,bot_34,2878,b,16,16.65,25,89.33,100,10.67,0
e1-50,binary,50,bot_34,2878,b,18,52.84,25,103.48,109,5.52,0
e1-50,binary,50,bot_34,2878,b,20,51.03,25,85.65,127,41.35,0
e1-50,binary,50,bot_34,2878,b,22,50.4,25,85.79,109,23.21,0
e1-50,binary,50,bot_34,2878,b,24,38.23,25,106.59,139,32.41,0
e1-50,binary,50,bot_34,2878,b,26,15.16,25,87.13,110,22.87,0
e1-50,binary,50,bot_34,2878,b,28,88,25,123.94,130,6.06,0
e1-50,binary,50,bot_34,2878,b,30,28.35,25,131.29,154,22.71,0
e1-50,binary,50,bot_34,2878,b,32,31.83,25,155.72,181,25.28,0
e1-50,binary,50,bot_34,2878,b,34,26.01,25,147.55,163,15.45,0
e1-50,binary,50,bot_34,2878,b,36,14.98,25,137.46,151,13.54,0
e1-50,binary,50,bot_34,2878,b,38,15.57,25,182.63,194,11.37,0
e1-50,binary,50,bot_34,2878,b,40,46.41,25,145.99,179,33.01,0
e1-50,binary,50,bot_34,2878,b,42,36.65,25,160.29,183,22.71,0
e1-50,binary,50,bot_34,2878,b,44,20.16,25,141.34,155,13.66,0
e1-50,binary,50,bot_34,2878,b,46,37.15,25,109.13,106,-3.12,0
e1-50,binary,50,bot_34,2878,b,48,40.32,25,125.67,160,34.33,0
e1-50,binary,50,bot_34,2878,b,50,47.53,25,142.01,155,12.99,0
e1-50,binary,50,bot_34,2878,b,52,31.05,25,121.71,141,19.29,0
e1-50,binary,50,bot_34,2878,b,54,40.2,25,119.55,141,21.45,0
e1-50,binary,50,bot_34,2878,b,56,32.88,25,122.6,127,4.4,0
e1-50,binary,50,bot_34,2878,b,58,22.25,25,117.76,127,9.24,0
e1-50,binary,50,bot_35,2879,w,1,16.16,25,68.02,85,16.98,0
e1-50,binary,50,bot_35,2879,w,3,6.65,25,63.87,73,9.13,0
e1-50,binary,50,bot_35,2879,w,5,14.14,25,80.03,86,5.97,0
e1-50,binary,50,bot_35,2879,w,7,12.09,25,75,96,21,0
e1-50,binary,50,bot_35,2879,w,9,10.25,25,72.37,84,11.63,0
e1-50,binary,50,bot_35,2879,w,11,10.88,25,82.84,94,11.16,0
e1-50,binary,50,bot_35,2879,w,13,52.34,25,92.21,122,29.79,0
e1-50,binary,50,bot_35,2879,w,15,46.55,25,74.41,123,48.59,0
e1-50,binary,50,bot_35,2879,w,17,33.76,25,70.71,103,32.29,0
e1-50,binary,50,bot_35,2879,w,19,30.66,25,93.02,122,28.98,0
e1-50,binary,50,bot_35,2879,w,21,17.7,25,97.25,123,25.75,0
e1-50,binary,50,bot_35,2879,w,23,20.48,25,128.47,156,27.53,0
e1-50,binary,50,bot_35,2879,w,25,10.01,25,121.82,141,19.18,0
e1-50,binary,50,bot_35,2879,w,27,17.06,25,69.35,143,73.65,0
e1-50,binary,50,bot_35,2879,w,29,69.91,25,81.27,137,55.73,0
e1-50,binary,50,bot_35,2879,w,31,69.64,25,109.75,174,64.25,0
e1-50,binary,50,bot_35,2879,w,33,55.92,25,114.3,173,58.7,0
e1-50,binary,50,bot_35,2879,w,35,46.38,25,130.22,179,48.78,0
e1-50,binary,50,bot_35,2879,w,37,53.2,25,132.59,159,26.41,0
e1-50,binary,50,bot_35,2879,w,39,30.54,25,146.06,172,25.94,0
e1-50,binary,50,bot_35,2879,w,41,27.65,25,159.68,182,22.32,0
e1-50,binary,50,bot_35,2879,w,43,19.85,25,142.04,155,12.96,0
e1-50,binary,50,bot_35,2879,w,45,12.42,25,108.45,112,3.55,0
e1-50,binary,50,bot_35,2879,w,47,57.12,25,101.79,148,46.21,0
e1-50,binary,50,bot_35,2879,w,49,59.42,25,90.38,141,50.62,0
e1-50,binary,50,bot_35,2879,w,51,44.98,25,118.22,169,50.78,0
e1-50,binary,50,bot_35,2879,w,53,30.11,25,95.93,118,22.07,0
e1-50,binary,50,bot_35,2879,w,55,25.14,25,96.54,105,8.46,0
e1-50,binary,50,bot_35,2879,w,57,19.48,25,124.53,135,10.47,0
e1-50,binary,50,bot_35,2879,w,59,13.13,25,96.45,103,6.55,0
e1-50,binary,50,bot_36,2879,b,2,9.17,25,66.22,81,14.78,0
e1-50,binary,50,bot_36,2879,b,4,8.21,25,78.99,82,3.01,0
e1-50,binary,50,bot_36,2879,b,6,22.52,25,77.2,89,11.8,0
e1-50,binary,50,bot_36,2879,b,8,12.66,25,65.19,74,8.81,0
e1-50,binary,50,bot_36,2879,b,10,12.62,25,70.83,79,8.17,0
e1-50,binary,50,bot_36,2879,b,12,32.13,25,110.16,117,6.84,0
e1-50,binary,50,bot_36,2879,b,14,49.75,25,70.81,120,49.19,0
e1-50,binary,50,bot_36,2879,b,16,35.22,25,68.5,112,43.5,0
e1-50,binary,50,bot_36,2879,b,18,31.65,25,81.58,112,30.42,0
e1-50,binary,50,bot_36,2879,b,20,27.96,25,108.65,136,27.35,0
e1-50,binary,50,bot_36,2879,b,22,28.56,25,108.46,123,14.54,0
e1-50,binary,50,bot_36,2879,b,24,20.73,25,122.94,141,18.06,0
e1-50,binary,50,bot_36,2879,b,26,74.43,25,117.38,124,6.62,0
e1-50,binary,50,bot_36,2879,b,28,58.5,25,120.55,135,14.45,0
e1-50,binary,50,bot_36,2879,b,30,65.22,25,99.41,167,67.59,0
e1-50,binary,50,bot_36,2879,b,32,59.54,25,127.15,194,66.85,0
e1-50,binary,50,bot_36,2879,b,34,49.86,25,115.51,168,52.49,0
e1-50,binary,50,bot_36,2879,b,36,28.6,25,113.27,157,43.73,0
e1-50,binary,50,bot_36,2879,b,38,34.3,25,160.02,204,43.98,0
e1-50,binary,50,bot_36,2879,b,40,31.11,25,172.5,194,21.5,0
e1-50,binary,50,bot_36,2879,b,42,21.79,25,185.13,203,17.87,0
e1-50,binary,50,bot_36,2879,b,44,12.16,25,150.42,161,10.58,0
e1-50,binary,50,bot_36,2879,b,46,55.14,25,117.63,121,3.37,0
e1-50,binary,50,bot_36,2879,b,48,58.98,25,115.26,162,46.74,0
e1-50,binary,50,bot_36,2879,b,50,60.96,25,140.44,190,49.56,0
e1-50,binary,50,bot_36,2879,b,52,30.97,25,100.81,137,36.19,0
e1-50,binary,50,bot_36,2879,b,54,17.73,25,150.12,171,20.88,0
e1-50,binary,50,bot_36,2879,b,56,20.5,25,141.57,157,15.43,0
e1-50,binary,50,bot_36,2879,b,58,15.34,25,144.33,154,9.67,0
e1-50,binary,50,bot_36,2879,b,60,5.18,25,95.49,99,3.51,0
e1-50,binary,50,bot_37,2880,w,1,9.98,25,78.78,85,6.22,0
e1-50,binary,50,bot_37,2880,w,3,32.77,25,61.43,81,19.57,0
e1-50,binary,50,bot_37,2880,w,5,24.52,25,62.14,91,28.86,0
e1-50,binary,50,bot_37,2880,w,7,24.49,25,58.78,77,18.22,0
e1-50,binary,50,bot_37,2880,w,9,28.62,25,64.54,86,21.46,0
e1-50,binary,50,bot_37,2880,w,11,23.66,25,74.98,118,43.02,0
e1-50,binary,50,bot_37,2880,w,13,14.31,25,131.11,141,9.89,0
e1-50,binary,50,bot_37,2880,w,15,12.17,25,97.07,108,10.93,0
e1-50,binary,50,bot_37,2880,w,17,46.6,25,77.15,125,47.85,0
e1-50,binary,50,bot_37,2880,w,19,28.47,25,87.38,132,44.62,0
e1-50,binary,50,bot_37,2880,w,21,36.4,25,111.86,156,44.14,0
e1-50,binary,50,bot_37,2880,w,23,22.58,25,109.83,143,33.17,0
e1-50,binary,50,bot_37,2880,w,25,38.93,25,135.17,145,9.83,0
e1-50,binary,50,bot_37,2880,w,27,24.06,25,61.74,136,74.26,0
e1-50,binary,50,bot_37,2880,w,29,24.78,25,151.41,174,22.59,0
e1-50,binary,50,bot_37,2880,w,31,20.14,25,148.59,173,24.41,0
e1-50,binary,50,bot_37,2880,w,33,15.3,25,159.09,178,18.91,0
e1-50,binary,50,bot_37,2880,w,35,90.8,25,150.37,161,10.63,0
e1-50,binary,50,bot_37,2880,w,37,56.72,25,118.72,171,52.28,0
e1-50,binary,50,bot_37,2880,w,39,58.16,25,130.47,187,56.53,0
e1-50,binary,50,bot_37,2880,w,41,43.67,25,119.56,170,50.44,0
e1-50,binary,50,bot_37,2880,w,43,25.13,25,94.21,135,40.79,0
e1-50,binary,50,bot_37,2880,w,45,17.66,25,128.66,135,6.34,0
e1-50,binary,50,bot_37,2880,w,47,7.68,25,143.3,145,1.7,0
e1-50,binary,50,bot_37,2880,w,49,74.12,25,90.22,189,98.78,0
e1-50,binary,50,bot_37,2880,w,51,47.12,25,77.65,122,44.35,0
e1-50,binary,50,bot_37,2880,w,53,49.21,25,71.1,107,35.9,0
e1-50,binary,50,bot_37,2880,w,55,38.84,25,105.59,149,43.41,0
e1-50,binary,50,bot_37,2880,w,57,36.1,25,73.97,114,40.03,0
e1-50,binary,50,bot_37,2880,w,59,25.96,25,97.59,114,16.41,0
e1-50,binary,50,bot_38,2880,b,2,22.15,25,79.81,72,-7.81,0
e1-50,binary,50,bot_38,2880,b,4,31.4,25,68.12,82,13.88,0
e1-50,binary,50,bot_38,2880,b,6,19.23,25,58.84,64,5.16,0
e1-50,binary,50,bot_38,2880,b,8,23.45,25,59.88,65,5.12,0
e1-50,binary,50,bot_38,2880,b,10,45.37,25,96.93,107,10.07,0
e1-50,binary,50,bot_38,2880,b,12,13.33,25,76.95,82,5.05,0
e1-50,binary,50,bot_38,2880,b,14,13.68,25,92.14,88,-4.14,0
e1-50,binary,50,bot_38,2880,b,16,50.3,25,106.28,99,-7.28,0
e1-50,binary,50,bot_38,2880,b,18,48.16,25,88.44,118,29.56,0
e1-50,binary,50,bot_38,2880,b,20,46.5,25,89.53,100,10.47,0
e1-50,binary,50,bot_38,2880,b,22,35.4,25,109.17,127,17.83,0
e1-50,binary,50,bot_38,2880,b,24,12.23,25,90.21,94,3.79,0
e1-50,binary,50,bot_38,2880,b,26,76.8,25,103.73,124,20.27,0
e1-50,binary,50,bot_38,2880,b,28,24.48,25,134.19,138,3.81,0
e1-50,binary,50,bot_38,2880,b,30,27.45,25,160.36,166,5.64,0
e1-50,binary,50,bot_38,2880,b,32,20.97,25,152.61,153,0.39,0
e1-50,binary,50,bot_38,2880,b,34,11.77,25,140.49,137,-3.49,0
e1-50,binary,50,bot_38,2880,b,36,63.02,25,132.83,201,68.17,0
e1-50,binary,50,bot_38,2880,b,38,66.38,25,135.8,171,35.2,0
e1-50,binary,50,bot_38,2880,b,40,59.83,25,146.7,183,36.3,0
e1-50,binary,50,bot_38,2880,b,42,48.89,25,114.28,135,20.72,0
e1-50,binary,50,bot_38,2880,b,44,13.84,25,92.11,95,2.89,0
e1-50,binary,50,bot_38,2880,b,46,9.19,25,154.82,150,-4.82,0
e1-50,binary,50,bot_38,2880,b,48,107.89,25,181.42,167,-14.42,0
e1-50,binary,50,bot_38,2880,b,50,52.95,25,80.5,133,52.5,0
e1-50,binary,50,bot_38,2880,b,52,44.79,25,124.36,149,24.64,0
e1-50,binary,50,bot_38,2880,b,54,52.04,25,109.84,137,27.16,0
e1-50,binary,50,bot_38,2880,b,56,49.2,25,109.84,127,17.16,0
e1-50,binary,50,bot_38,2880,b,58,25.23,25,76.61,90,13.39,0
e1-50,binary,50,bot_38,2880,b,60,17.77,25,70.19,75,4.81,0
e1-50,binary,50,bot_39,2881,w,1,14.04,25,86,83,-3,0
e1-50,binary,50,bot_39,2881,w,3,21.84,25,72.31,84,11.69,0
e1-50,binary,50,bot_39,2881,w,5,19.04,25,67.86,92,24.14,0
e1-50,binary,50,bot_39,2881,w,7,18.5,25,64.53,78,13.47,0
e1-50,binary,50,bot_39,2881,w,9,21.3,25,72.06,89,16.94,0
e1-50,binary,50,bot_39,2881,w,11,15.79,25,83.22,121,37.78,0
e1-50,binary,50,bot_39,2881,w,13,10.47,25,134.99,139,4.01,0
e1-50,binary,50,bot_39,2881,w,15,41.73,25,62.59,112,49.41,0
e1-50,binary,50,bot_39,2881,w,17,39.34,25,84.48,127,42.52,0
e1-50,binary,50,bot_39,2881,w,19,24.97,25,90.8,127,36.2,0
e1-50,binary,50,bot_39,2881,w,21,31,25,117.48,155,37.52,0
e1-50,binary,50,bot_39,2881,w,23,17.99,25,113.93,141,27.07,0
e1-50,binary,50,bot_39,2881,w,25,26.21,25,59.64,143,83.36,0
e1-50,binary,50,bot_39,2881,w,27,15.13,25,71.4,138,66.6,0
e1-50,binary,50,bot_39,2881,w,29,16.37,25,158.96,171,12.04,0
e1-50,binary,50,bot_39,2881,w,31,84.78,25,156.48,169,12.52,0
e1-50,binary,50,bot_39,2881,w,33,61.05,25,115.61,174,58.39,0
e1-50,binary,50,bot_39,2881,w,35,69.17,25,115.27,160,44.73,0
e1-50,binary,50,bot_39,2881,w,37,48.98,25,126.5,167,40.5,0
e1-50,binary,50,bot_39,2881,w,39,47.82,25,140.4,180,39.6,0
e1-50,binary,50,bot_39,2881,w,41,37.13,25,125.86,157,31.14,0
e1-50,binary,50,bot_39,2881,w,43,21.38,25,98.41,118,19.59,0
e1-50,binary,50,bot_39,2881,w,45,77.11,25,81.61,144,62.39,0
e1-50,binary,50,bot_39,2881,w,47,79.73,25,68.85,142,73.15,0
e1-50,binary,50,bot_39,2881,w,49,59.62,25,103.56,172,68.44,0
e1-50,binary,50,bot_39,2881,w,51,39.64,25,85.56,118,32.44,0
e1-50,binary,50,bot_39,2881,w,53,37.91,25,83.04,104,20.96,0
e1-50,binary,50,bot_39,2881,w,55,32.24,25,112.08,140,27.92,0
e1-50,binary,50,bot_39,2881,w,57,25.6,25,84.34,109,24.66,0
e1-50,binary,50,bot_39,2881,w,59,17.82,25,106.22,113,6.78,0
e1-50,binary,50,bot_40,2881,b,2,15.8,25,71.4,84,12.6,0
e1-50,binary,50,bot_40,2881,b,4,28.68,25,70.74,90,19.26,0
e1-50,binary,50,bot_40,2881,b,6,17.52,25,60.38,78,17.62,0
e1-50,binary,50,bot_40,2881,b,8,20.67,25,62.57,79,16.43,0
e1-50,binary,50,bot_40,2881,b,10,41.74,25,100.62,119,18.38,0
e1-50,binary,50,bot_40,2881,b,12,8.95,25,81.33,95,13.67,0
e1-50,binary,50,bot_40,2881,b,14,54.42,25,99.76,107,7.24,0
e1-50,binary,50,bot_40,2881,b,16,45.31,25,67.83,108,40.17,0
e1-50,binary,50,bot_40,2881,b,18,40.5,25,96.03,134,37.97,0
e1-50,binary,50,bot_40,2881,b,20,41.41,25,94.69,118,23.31,0
e1-50,binary,50,bot_40,2881,b,22,32.26,25,112.29,141,28.71,0
e1-50,binary,50,bot_40,2881,b,24,88.23,25,103.82,121,17.18,0
e1-50,binary,50,bot_40,2881,b,26,70.06,25,109.55,133,23.45,0
e1-50,binary,50,bot_40,2881,b,28,16.81,25,142.19,157,14.81,0
e1-50,binary,50,bot_40,2881,b,30,15.79,25,172.35,188,15.65,0
e1-50,binary,50,bot_40,2881,b,32,63.21,25,102.38,186,83.62,0
e1-50,binary,50,bot_40,2881,b,34,48.34,25,94.44,154,59.56,0
e1-50,binary,50,bot_40,2881,b,36,52.18,25,143.71,205,61.29,0
e1-50,binary,50,bot_40,2881,b,38,50.45,25,152.16,192,39.84,0
e1-50,binary,50,bot_40,2881,b,40,43.16,25,163.76,204,40.24,0
e1-50,binary,50,bot_40,2881,b,42,31.48,25,131.14,160,28.86,0
e1-50,binary,50,bot_40,2881,b,44,73.68,25,99.19,112,12.81,0
e1-50,binary,50,bot_40,2881,b,46,83.5,25,91.73,160,68.27,0
e1-50,binary,50,bot_40,2881,b,48,80.8,25,120.87,191,70.13,0
e1-50,binary,50,bot_40,2881,b,50,43.73,25,89.81,141,51.19,0
e1-50,binary,50,bot_40,2881,b,52,32,25,136.48,167,30.52,0
e1-50,binary,50,bot_40,2881,b,54,38.49,25,123.42,152,28.58,0
e1-50,binary,50,bot_40,2881,b,56,35.74,25,123.54,147,23.46,0
e1-50,binary,50,bot_40,2881,b,58,16.66,25,84.48,101,16.52,0
e1-50,binary,50,bot_40,2881,b,60,11.12,25,90.78,101,10.22,0
e1-50,binary,50,bot_41,2882,w,1,3.44,25,83.12,85,1.88,0
e1-50,binary,50,bot_41,2882,w,3,14.12,25,85.95,95,9.05,0
e1-50,binary,50,bot_41,2882,w,5,8.39,25,69.3,78,8.7,0
e1-50,binary,50,bot_41,2882,w,7,25.17,25,78.45,84,5.55,0
e1-50,binary,50,bot_41,2882,w,9,28.86,25,94.11,111,16.89,0
e1-50,binary,50,bot_41,2882,w,11,45.01,25,75.46,115,39.54,0
e1-50,binary,50,bot_41,2882,w,13,30.18,25,73.72,115,41.28,0
e1-50,binary,50,bot_41,2882,w,15,25.49,25,87.75,117,29.25,0
e1-50,binary,50,bot_41,2882,w,17,20.7,25,115.9,142,26.1,0
e1-50,binary,50,bot_41,2882,w,19,20.29,25,117.11,131,13.89,0
e1-50,binary,50,bot_41,2882,w,21,12.5,25,131.05,144,12.95,0
e1-50,binary,50,bot_41,2882,w,23,67.68,25,83.15,132,48.85,0
e1-50,binary,50,bot_41,2882,w,25,51.93,25,126.86,138,11.14,0
e1-50,binary,50,bot_41,2882,w,27,57.95,25,106.56,165,58.44,0
e1-50,binary,50,bot_41,2882,w,29,52.27,25,134.16,196,61.84,0
e1-50,binary,50,bot_41,2882,w,31,43.57,25,121.7,169,47.3,0
e1-50,binary,50,bot_41,2882,w,33,23.78,25,117.8,159,41.2,0
e1-50,binary,50,bot_41,2882,w,35,26.84,25,167.21,205,37.79,0
e1-50,binary,50,bot_41,2882,w,37,22.75,25,180.87,199,18.13,0
e1-50,binary,50,bot_41,2882,w,39,14.59,25,192.29,204,11.71,0
e1-50,binary,50,bot_41,2882,w,41,8.12,25,154.42,159,4.58,0
e1-50,binary,50,bot_41,2882,w,43,47.58,25,83.37,126,42.63,0
e1-50,binary,50,bot_41,2882,w,45,52.86,25,121.07,162,40.93,0
e1-50,binary,50,bot_41,2882,w,47,54.13,25,147.2,191,43.8,0
e1-50,binary,50,bot_41,2882,w,49,28.5,25,103.27,137,33.73,0
e1-50,binary,50,bot_41,2882,w,51,15.81,25,151.96,170,18.04,0
e1-50,binary,50,bot_41,2882,w,53,17.07,25,145.03,158,12.97,0
e1-50,binary,50,bot_41,2882,w,55,10.82,25,148.85,155,6.15,0
e1-50,binary,50,bot_41,2882,w,57,47.5,25,68.56,121,52.44,0
e1-50,binary,50,bot_41,2882,w,59,45.68,25,64.65,93,28.35,0
e1-50,binary,50,bot_42,2882,b,2,9.81,25,83.39,79,-4.39,0
e1-50,binary,50,bot_42,2882,b,4,10.15,25,76.91,82,5.09,0
e1-50,binary,50,bot_42,2882,b,6,6.66,25,75.27,75,-0.27,0
e1-50,binary,50,bot_42,2882,b,8,18.63,25,74.89,91,16.11,0
e1-50,binary,50,bot_42,2882,b,10,41.29,25,103.07,123,19.93,0
e1-50,binary,50,bot_42,2882,b,12,41.68,25,78.6,116,37.4,0
e1-50,binary,50,bot_42,2882,b,14,29.71,25,74.47,95,20.53,0
e1-50,binary,50,bot_42,2882,b,16,28.52,25,95.46,112,16.54,0
e1-50,binary,50,bot_42,2882,b,18,14.4,25,99.95,112,12.05,0
e1-50,binary,50,bot_42,2882,b,20,14.61,25,134.12,146,11.88,0
e1-50,binary,50,bot_42,2882,b,22,49.85,25,123.07,127,3.93,0
e1-50,binary,50,bot_42,2882,b,24,12.31,25,74.31,133,58.69,0
e1-50,binary,50,bot_42,2882,b,26,58.98,25,92.72,135,42.28,0
e1-50,binary,50,bot_42,2882,b,28,63.03,25,116.32,166,49.68,0
e1-50,binary,50,bot_42,2882,b,30,48.95,25,121.54,166,44.46,0
e1-50,binary,50,bot_42,2882,b,32,41.71,25,134.96,169,34.04,0
e1-50,binary,50,bot_42,2882,b,34,47.23,25,138.89,154,15.11,0
e1-50,binary,50,bot_42,2882,b,36,26.74,25,150.29,163,12.71,0
e1-50,binary,50,bot_42,2882,b,38,21.11,25,166.18,174,7.82,0
e1-50,binary,50,bot_42,2882,b,40,13.81,25,147.62,148,0.38,0
e1-50,binary,50,bot_42,2882,b,42,51.3,25,111.45,106,-5.45,0
e1-50,binary,50,bot_42,2882,b,44,51.45,25,107.81,142,34.19,0
e1-50,binary,50,bot_42,2882,b,46,53.3,25,97.02,136,38.98,0
e1-50,binary,50,bot_42,2882,b,48,42.63,25,120,161,41,0
e1-50,binary,50,bot_42,2882,b,50,27.84,25,98.4,113,14.6,0
e1-50,binary,50,bot_42,2882,b,52,22.35,25,99.54,101,1.46,0
e1-50,binary,50,bot_42,2882,b,54,15.27,25,128.74,132,3.26,0
e1-50,binary,50,bot_42,2882,b,56,61.51,25,100.63,97,-3.63,0
e1-50,binary,50,bot_42,2882,b,58,38.52,25,59.46,93,33.54,0
e1-50,binary,50,bot_42,2882,b,60,42.87,25,69.51,101,31.49,0
e1-50,binary,50,bot_43,2883,w,1,18.25,25,56.83,77,20.17,0
e1-50,binary,50,bot_43,2883,w,3,23.56,25,75.11,95,19.89,0
e1-50,binary,50,bot_43,2883,w,5,24.24,25,75.35,82,6.65,0
e1-50,binary,50,bot_43,2883,w,7,18.4,25,67.78,93,25.22,0
e1-50,binary,50,bot_43,2883,w,9,17.83,25,85.92,124,38.08,0
e1-50,binary,50,bot_43,2883,w,11,24.73,25,97.51,120,22.49,0
e1-50,binary,50,bot_43,2883,w,13,54.66,25,98.15,114,15.85,0
e1-50,binary,50,bot_43,2883,w,15,45.15,25,76.17,118,41.83,0
e1-50,binary,50,bot_43,2883,w,17,43.26,25,90.39,140,49.61,0
e1-50,binary,50,bot_43,2883,w,19,38.26,25,134.02,156,21.98,0
e1-50,binary,50,bot_43,2883,w,21,30.41,25,116.7,150,33.3,0
e1-50,binary,50,bot_43,2883,w,23,32.44,25,117.95,135,17.05,0
e1-50,binary,50,bot_43,2883,w,25,19.1,25,123.39,135,11.61,0
e1-50,binary,50,bot_43,2883,w,27,12.75,25,153.68,161,7.32,0
e1-50,binary,50,bot_43,2883,w,29,76.76,25,92.86,196,103.14,0
e1-50,binary,50,bot_43,2883,w,31,76.33,25,97.99,175,77.01,0
e1-50,binary,50,bot_43,2883,w,33,78.17,25,82.3,132,49.7,0
e1-50,binary,50,bot_43,2883,w,35,71.87,25,117.41,188,70.59,0
e1-50,binary,50,bot_43,2883,w,37,62.12,25,134.13,199,64.87,0
e1-50,binary,50,bot_43,2883,w,39,52.38,25,128.04,188,59.96,0
e1-50,binary,50,bot_43,2883,w,41,28.31,25,112.54,150,37.46,0
e1-50,binary,50,bot_43,2883,w,43,16.07,25,115.37,118,2.63,0
e1-50,binary,50,bot_43,2883,w,45,54.62,25,163.31,172,8.69,0
e1-50,binary,50,bot_43,2883,w,47,61.67,25,124.04,198,73.96,0
e1-50,binary,50,bot_43,2883,w,49,53.77,25,78.93,121,42.07,0
e1-50,binary,50,bot_43,2883,w,51,36.41,25,81.05,148,66.95,0
e1-50,binary,50,bot_43,2883,w,53,45.68,25,108.71,163,54.29,0
e1-50,binary,50,bot_43,2883,w,55,18.34,25,110.76,142,31.24,0
e1-50,binary,50,bot_43,2883,w,57,17.78,25,98.02,113,14.98,0
e1-50,binary,50,bot_43,2883,w,59,22.43,25,87.95,99,11.05,0
e1-50,binary,50,bot_44,2883,b,2,21.69,25,59.35,70,10.65,0
e1-50,binary,50,bot_44,2883,b,4,7.81,25,66.89,81,14.11,0
e1-50,binary,50,bot_44,2883,b,6,25.61,25,55.26,70,14.74,0
e1-50,binary,50,bot_44,2883,b,8,39.55,25,78.63,87,8.37,0
e1-50,binary,50,bot_44,2883,b,10,24.59,25,90.07,100,9.93,0
e1-50,binary,50,bot_44,2883,b,12,16.78,25,100.13,117,16.87,0
e1-50,binary,50,bot_44,2883,b,14,44.77,25,57.77,105,47.23,0
e1-50,binary,50,bot_44,2883,b,16,51.02,25,80.6,117,36.4,0
e1-50,binary,50,bot_44,2883,b,18,23.57,25,67.83,103,35.17,0
e1-50,binary,50,bot_44,2883,b,20,35.09,25,107.18,137,29.82,0
e1-50,binary,50,bot_44,2883,b,22,19.11,25,87.38,108,20.62,0
e1-50,binary,50,bot_44,2883,b,24,12.94,25,109.08,133,23.92,0
e1-50,binary,50,bot_44,2883,b,26,10.05,25,142.08,152,9.92,0
e1-50,binary,50,bot_44,2883,b,28,103.76,25,169.89,174,4.11,0
e1-50,binary,50,bot_44,2883,b,30,78.53,25,94.69,163,68.31,0
e1-50,binary,50,bot_44,2883,b,32,51.98,25,103.6,171,67.4,0
e1-50,binary,50,bot_44,2883,b,34,79.46,25,119.94,190,70.06,0
e1-50,binary,50,bot_44,2883,b,36,74.28,25,117.68,177,59.32,0
e1-50,binary,50,bot_44,2883,b,38,68.24,25,128.47,178,49.53,0
e1-50,binary,50,bot_44,2883,b,40,46.09,25,115.84,156,40.16,0
e1-50,binary,50,bot_44,2883,b,42,9.9,25,85.85,101,15.15,0
e1-50,binary,50,bot_44,2883,b,44,16,25,145.76,150,4.24,0
e1-50,binary,50,bot_44,2883,b,46,81.17,25,107.03,149,41.97,0
e1-50,binary,50,bot_44,2883,b,48,50.4,25,103.7,152,48.3,0
e1-50,binary,50,bot_44,2883,b,50,76.51,25,81.94,123,41.06,0
e1-50,binary,50,bot_44,2883,b,52,61.91,25,95.16,119,23.84,0
e1-50,binary,50,bot_44,2883,b,54,39.64,25,100.65,134,33.35,0
e1-50,binary,50,bot_44,2883,b,56,22.8,25,102.12,108,5.88,0
e1-50,binary,50,bot_44,2883,b,58,20.02,25,79.16,84,4.84,0
e1-50,binary,50,bot_44,2883,b,60,13.54,25,98.73,109,10.27,0
e1-50,binary,50,bot_45,2884,w,1,15.63,25,84.03,76,-8.03,0
e1-50,binary,50,bot_45,2884,w,3,6.52,25,80.42,82,1.58,0
e1-50,binary,50,bot_45,2884,w,5,15.46,25,61.43,80,18.57,0
e1-50,binary,50,bot_45,2884,w,7,14.36,25,79.13,87,7.87,0
e1-50,binary,50,bot_45,2884,w,9,37.07,25,107.3,121,13.7,0
e1-50,binary,50,bot_45,2884,w,11,37.16,25,82.85,115,32.15,0
e1-50,binary,50,bot_45,2884,w,13,23.45,25,80.86,96,15.14,0
e1-50,binary,50,bot_45,2884,w,15,23.45,25,100.8,115,14.2,0
e1-50,binary,50,bot_45,2884,w,17,12.98,25,100.93,107,6.07,0
e1-50,binary,50,bot_45,2884,w,19,72.94,25,138.28,142,3.72,0
e1-50,binary,50,bot_45,2884,w,21,38.8,25,69.32,119,49.68,0
e1-50,binary,50,bot_45,2884,w,23,40.37,25,80.62,131,50.38,0
e1-50,binary,50,bot_45,2884,w,25,50.62,25,101.29,134,32.71,0
e1-50,binary,50,bot_45,2884,w,27,54.03,25,125.24,160,34.76,0
e1-50,binary,50,bot_45,2884,w,29,39.37,25,131.29,162,30.71,0
e1-50,binary,50,bot_45,2884,w,31,35.63,25,141.03,165,23.97,0
e1-50,binary,50,bot_45,2884,w,33,36.16,25,150.56,157,6.44,0
e1-50,binary,50,bot_45,2884,w,35,19.76,25,158,160,2,0
e1-50,binary,50,bot_45,2884,w,37,120.66,25,177.89,175,-2.89,0
e1-50,binary,50,bot_45,2884,w,39,83.01,25,78.99,145,66.01,0
e1-50,binary,50,bot_45,2884,w,41,32.64,25,63.08,110,46.92,0
e1-50,binary,50,bot_45,2884,w,43,45.67,25,113.98,139,25.02,0
e1-50,binary,50,bot_45,2884,w,45,41.21,25,109.28,134,24.72,0
e1-50,binary,50,bot_45,2884,w,47,33.2,25,129.13,156,26.87,0
e1-50,binary,50,bot_45,2884,w,49,19.2,25,107.53,115,7.47,0
e1-50,binary,50,bot_45,2884,w,51,13.31,25,109.05,103,-6.05,0
e1-50,binary,50,bot_45,2884,w,53,64.93,25,75.68,140,64.32,0
e1-50,binary,50,bot_45,2884,w,55,43.03,25,83.19,101,17.81,0
e1-50,binary,50,bot_45,2884,w,57,31.77,25,66.71,92,25.29,0
e1-50,binary,50,bot_45,2884,w,59,35.2,25,77.19,103,25.81,0
e1-50,binary,50,bot_46,2884,b,2,11.51,25,78.52,92,13.48,0
e1-50,binary,50,bot_46,2884,b,4,27.59,25,72.49,77,4.51,0
e1-50,binary,50,bot_46,2884,b,6,18.23,25,68.83,81,12.17,0
e1-50,binary,50,bot_46,2884,b,8,24.07,25,98.43,111,12.57,0
e1-50,binary,50,bot_46,2884,b,10,41.23,25,79.28,114,34.72,0
e1-50,binary,50,bot_46,2884,b,12,25.06,25,78.94,115,36.06,0
e1-50,binary,50,bot_46,2884,b,14,23.63,25,89.28,110,20.72,0
e1-50,binary,50,bot_46,2884,b,16,17.23,25,119.77,142,22.23,0
e1-50,binary,50,bot_46,2884,b,18,14.02,25,123.91,135,11.09,0
e1-50,binary,50,bot_46,2884,b,20,60.61,25,86.01,157,70.99,0
e1-50,binary,50,bot_46,2884,b,22,61.22,25,88.73,126,37.27,0
e1-50,binary,50,bot_46,2884,b,24,42.65,25,101.66,140,38.34,0
e1-50,binary,50,bot_46,2884,b,26,45.09,25,120.06,169,48.94,0
e1-50,binary,50,bot_46,2884,b,28,41.22,25,144.61,197,52.39,0
e1-50,binary,50,bot_46,2884,b,30,34.63,25,131.18,169,37.82,0
e1-50,binary,50,bot_46,2884,b,32,17.23,25,123.56,158,34.44,0
e1-50,binary,50,bot_46,2884,b,34,16.7,25,176.75,203,26.25,0
e1-50,binary,50,bot_46,2884,b,36,13.35,25,190.8,201,10.2,0
e1-50,binary,50,bot_46,2884,b,38,82.38,25,98.41,210,111.59,0
e1-50,binary,50,bot_46,2884,b,40,61.21,25,81.95,156,74.05,0
e1-50,binary,50,bot_46,2884,b,42,39.16,25,91.91,116,24.09,0
e1-50,binary,50,bot_46,2884,b,44,40.31,25,132.99,171,38.01,0
e1-50,binary,50,bot_46,2884,b,46,41.99,25,159.85,192,32.15,0
e1-50,binary,50,bot_46,2884,b,48,21.83,25,109.5,134,24.5,0
e1-50,binary,50,bot_46,2884,b,50,9.67,25,157.46,168,10.54,0
e1-50,binary,50,bot_46,2884,b,52,79.07,25,153.36,158,4.64,0
e1-50,binary,50,bot_46,2884,b,54,32.74,25,96.4,152,55.6,0
e1-50,binary,50,bot_46,2884,b,56,39.32,25,76.16,110,33.84,0
e1-50,binary,50,bot_46,2884,b,58,40.27,25,69.9,93,23.1,0
e1-50,binary,50,bot_46,2884,b,60,33.56,25,89.64,117,27.36,0
e1-50,binary,50,bot_47,2885,w,1,27.83,25,70.85,77,6.15,0
e1-50,binary,50,bot_47,2885,w,3,8.72,25,70.8,62,-8.8,0
e1-50,binary,50,bot_47,2885,w,5,28.05,25,82.78,67,-15.78,0
e1-50,binary,50,bot_47,2885,w,7,24.48,25,79.4,105,25.6,0
e1-50,binary,50,bot_47,2885,w,9,30.48,25,90.84,98,7.16,0
e1-50,binary,50,bot_47,2885,w,11,11.3,25,92.86,96,3.14,0
e1-50,binary,50,bot_47,2885,w,13,8.63,25,104.58,95,-9.58,0
e1-50,binary,50,bot_47,2885,w,15,52.55,25,81.14,118,36.86,0
e1-50,binary,50,bot_47,2885,w,17,52.54,25,119.41,128,8.59,0
e1-50,binary,50,bot_47,2885,w,19,42.02,25,104.22,128,23.78,0
e1-50,binary,50,bot_47,2885,w,21,44.11,25,106.04,111,4.96,0
e1-50,binary,50,bot_47,2885,w,23,26.7,25,115.67,113,-2.67,0
e1-50,binary,50,bot_47,2885,w,25,22.71,25,143.68,145,1.32,0
e1-50,binary,50,bot_47,2885,w,27,16.32,25,168.29,171,2.71,0
e1-50,binary,50,bot_47,2885,w,29,98.47,25,156.96,150,-6.96,0
e1-50,binary,50,bot_47,2885,w,31,86.38,25,73.42,119,45.58,0
e1-50,binary,50,bot_47,2885,w,33,85.32,25,104.48,174,69.52,0
e1-50,binary,50,bot_47,2885,w,35,77.09,25,119.1,186,66.9,0
e1-50,binary,50,bot_47,2885,w,37,64.67,25,115.73,176,60.27,0
e1-50,binary,50,bot_47,2885,w,39,35.19,25,106.24,140,33.76,0
e1-50,binary,50,bot_47,2885,w,41,23.72,25,107.63,103,-4.63,0
e1-50,binary,50,bot_47,2885,w,43,12.72,25,159.16,167,7.84,0
e1-50,binary,50,bot_47,2885,w,45,14.98,25,188.06,185,-3.06,0
e1-50,binary,50,bot_47,2885,w,47,59,25,73.5,120,46.5,0
e1-50,binary,50,bot_47,2885,w,49,39.94,25,77.88,148,70.12,0
e1-50,binary,50,bot_47,2885,w,51,54.37,25,99.54,150,50.46,0
e1-50,binary,50,bot_47,2885,w,53,23.61,25,105.58,133,27.42,0
e1-50,binary,50,bot_47,2885,w,55,23.72,25,91.89,99,7.11,0
e1-50,binary,50,bot_47,2885,w,57,27.54,25,82.84,84,1.16,0
e1-50,binary,50,bot_47,2885,w,59,13.56,25,109.7,113,3.3,0
e1-50,binary,50,bot_48,2885,b,2,11.43,25,63.11,86,22.89,0
e1-50,binary,50,bot_48,2885,b,4,4.59,25,70.84,73,2.16,0
e1-50,binary,50,bot_48,2885,b,6,46.45,25,72.32,96,23.68,0
e1-50,binary,50,bot_48,2885,b,8,28.12,25,86.71,106,19.29,0
e1-50,binary,50,bot_48,2885,b,10,23.04,25,95.13,120,24.87,0
e1-50,binary,50,bot_48,2885,b,12,10.9,25,93.29,99,5.71,0
e1-50,binary,50,bot_48,2885,b,14,56.77,25,75.51,132,56.49,0
e1-50,binary,50,bot_48,2885,b,16,28.34,25,63.2,110,46.8,0
e1-50,binary,50,bot_48,2885,b,18,43.75,25,99.34,145,45.66,0
e1-50,binary,50,bot_48,2885,b,20,25.03,25,82.23,118,35.77,0
e1-50,binary,50,bot_48,2885,b,22,17.55,25,104.75,143,38.25,0
e1-50,binary,50,bot_48,2885,b,24,22.15,25,130,151,21,0
e1-50,binary,50,bot_48,2885,b,26,23.29,25,156.29,173,16.71,0
e1-50,binary,50,bot_48,2885,b,28,12.65,25,157.69,168,10.31,0
e1-50,binary,50,bot_48,2885,b,30,65.6,25,90.68,183,92.32,0
e1-50,binary,50,bot_48,2885,b,32,92.19,25,106.66,188,81.34,0
e1-50,binary,50,bot_48,2885,b,34,89.77,25,102.11,177,74.89,0
e1-50,binary,50,bot_48,2885,b,36,82.32,25,114.28,181,66.72,0
e1-50,binary,50,bot_48,2885,b,38,55.6,25,106.48,162,55.52,0
e1-50,binary,50,bot_48,2885,b,40,17.39,25,78.33,102,23.67,0
e1-50,binary,50,bot_48,2885,b,42,29.08,25,131.84,144,12.16,0
e1-50,binary,50,bot_48,2885,b,44,19.07,25,131.41,133,1.59,0
e1-50,binary,50,bot_48,2885,b,46,67.86,25,152.8,158,5.2,0
e1-50,binary,50,bot_48,2885,b,48,91.81,25,66.56,114,47.44,0
e1-50,binary,50,bot_48,2885,b,50,72.39,25,84.99,114,29.01,0
e1-50,binary,50,bot_48,2885,b,52,50.08,25,90.14,133,42.86,0
e1-50,binary,50,bot_48,2885,b,54,29.29,25,95.99,109,13.01,0
e1-50,binary,50,bot_48,2885,b,56,24.07,25,74.95,88,13.05,0
e1-50,binary,50,bot_48,2885,b,58,25.69,25,86.67,103,16.33,0
e1-50,binary,50,bot_48,2885,b,60,8.91,25,81.07,84,2.93,0
e1-50,binary,50,bot_49,2886,w,1,5.17,25,90.4,97,6.6,0
e1-50,binary,50,bot_49,2886,w,3,34.3,25,76.65,82,5.35,0
e1-50,binary,50,bot_49,2886,w,5,55.9,25,86.58,123,36.42,0
e1-50,binary,50,bot_49,2886,w,7,19.7,25,70.69,107,36.31,0
e1-50,binary,50,bot_49,2886,w,9,27.02,25,79.59,111,31.41,0
e1-50,binary,50,bot_49,2886,w,11,13.17,25,89.21,116,26.79,0
e1-50,binary,50,bot_49,2886,w,13,11.94,25,120.54,135,14.46,0
e1-50,binary,50,bot_49,2886,w,15,59.59,25,77.45,125,47.55,0
e1-50,binary,50,bot_49,2886,w,17,49.65,25,95.99,148,52.01,0
e1-50,binary,50,bot_49,2886,w,19,28.15,25,73.17,113,39.83,0
e1-50,binary,50,bot_49,2886,w,21,22.96,25,109.37,128,18.63,0
e1-50,binary,50,bot_49,2886,w,23,46.46,25,145.45,159,13.55,0
e1-50,binary,50,bot_49,2886,w,25,49.77,25,136.63,180,43.37,0
e1-50,binary,50,bot_49,2886,w,27,39.63,25,133.57,162,28.43,0
e1-50,binary,50,bot_49,2886,w,29,26.16,25,126.22,156,29.78,0
e1-50,binary,50,bot_49,2886,w,31,37.11,25,164.4,194,29.6,0
e1-50,binary,50,bot_49,2886,w,33,43.46,25,148.97,184,35.03,0
e1-50,binary,50,bot_49,2886,w,35,33.38,25,163.46,187,23.54,0
e1-50,binary,50,bot_49,2886,w,37,17.72,25,143.73,158,14.27,0
e1-50,binary,50,bot_49,2886,w,39,34.86,25,111.4,112,0.6,0
e1-50,binary,50,bot_49,2886,w,41,37.39,25,128.56,167,38.44,0
e1-50,binary,50,bot_49,2886,w,43,42.78,25,146.94,164,17.06,0
e1-50,binary,50,bot_49,2886,w,45,28.44,25,124.25,148,23.75,0
e1-50,binary,50,bot_49,2886,w,47,35.82,25,123.98,146,22.02,0
e1-50,binary,50,bot_49,2886,w,49,27.93,25,127.51,136,8.49,0
e1-50,binary,50,bot_49,2886,w,51,21.18,25,118.9,130,11.1,0
e1-50,binary,50,bot_49,2886,w,53,13.96,25,110.12,113,2.88,0
e1-50,binary,50,bot_49,2886,w,55,9.6,25,89.96,89,-0.96,0
e1-50,binary,50,bot_49,2886,w,57,47.42,25,65.44,113,47.56,0
e1-50,binary,50,bot_49,2886,w,59,42.06,25,67.94,102,34.06,0
e1-50,binary,50,bot_50,2886,b,2,4.65,25,72.88,61,-11.88,0
e1-50,binary,50,bot_50,2886,b,4,37.27,25,56.1,72,15.9,0
e1-50,binary,50,bot_50,2886,b,6,36.15,25,62.07,100,37.93,0
e1-50,binary,50,bot_50,2886,b,8,32.89,25,112.73,115,2.27,0
e1-50,binary,50,bot_50,2886,b,10,27.31,25,81.86,91,9.14,0
e1-50,binary,50,bot_50,2886,b,12,15.6,25,106.55,101,-5.55,0
e1-50,binary,50,bot_50,2886,b,14,49.28,25,123.95,117,-6.95,0
e1-50,binary,50,bot_50,2886,b,16,52.95,25,95.73,138,42.27,0
e1-50,binary,50,bot_50,2886,b,18,39.83,25,92.26,123,30.74,0
e1-50,binary,50,bot_50,2886,b,20,20.4,25,122.94,132,9.06,0
e1-50,binary,50,bot_50,2886,b,22,14.68,25,118.19,124,5.81,0
e1-50,binary,50,bot_50,2886,b,24,43.79,25,132.52,161,28.48,0
e1-50,binary,50,bot_50,2886,b,26,30.16,25,139.1,172,32.9,0
e1-50,binary,50,bot_50,2886,b,28,31.21,25,143.43,166,22.57,0
e1-50,binary,50,bot_50,2886,b,30,29.79,25,133.39,142,8.61,0
e1-50,binary,50,bot_50,2886,b,32,43.35,25,141.52,157,15.48,0
e1-50,binary,50,bot_50,2886,b,34,33.64,25,162.28,183,20.72,0
e1-50,binary,50,bot_50,2886,b,36,24.11,25,156.43,169,12.57,0
e1-50,binary,50,bot_50,2886,b,38,9.26,25,130.19,126,-4.19,0
e1-50,binary,50,bot_50,2886,b,40,47.7,25,96.37,110,13.63,0
e1-50,binary,50,bot_50,2886,b,42,26.11,25,124.75,141,16.25,0
e1-50,binary,50,bot_50,2886,b,44,32,25,153.62,174,20.38,0
e1-50,binary,50,bot_50,2886,b,46,31.45,25,101.15,109,7.85,0
e1-50,binary,50,bot_50,2886,b,48,17.3,25,100.24,115,14.76,0
e1-50,binary,50,bot_50,2886,b,50,21.04,25,134.68,141,6.32,0
e1-50,binary,50,bot_50,2886,b,52,12.11,25,115.19,115,-0.19,0
e1-50,binary,50,bot_50,2886,b,54,8.35,25,107.15,99,-8.15,0
e1-50,binary,50,bot_50,2886,b,56,56.53,25,102.48,90,-12.48,0
e1-50,binary,50,bot_50,2886,b,58,43.29,25,80.65,104,23.35,0
e1-50,binary,50,bot_50,2886,b,60,47.14,25,77.2,98,20.8,0
e1-50,binary,50,bot_51,2887,w,1,28.03,25,55.49,82,26.51,0
e1-50,binary,50,bot_51,2887,w,3,34.16,25,58.69,86,27.31,0
e1-50,binary,50,bot_51,2887,w,5,30.22,25,68.01,117,48.99,0
e1-50,binary,50,bot_51,2887,w,7,24.47,25,121.15,136,14.85,0
e1-50,binary,50,bot_51,2887,w,9,18.54,25,90.71,109,18.29,0
e1-50,binary,50,bot_51,2887,w,11,52.44,25,71.4,131,59.6,0
e1-50,binary,50,bot_51,2887,w,13,31.39,25,84.36,133,48.64,0
e1-50,binary,50,bot_51,2887,w,15,42.81,25,105.5,158,52.5,0
e1-50,binary,50,bot_51,2887,w,17,32.55,25,99.87,141,41.13,0
e1-50,binary,50,bot_51,2887,w,19,16.17,25,126.65,143,16.35,0
e1-50,binary,50,bot_51,2887,w,21,36.96,25,127.28,138,10.72,0
e1-50,binary,50,bot_51,2887,w,23,34.46,25,141.76,173,31.24,0
e1-50,binary,50,bot_51,2887,w,25,24.87,25,144.13,178,33.87,0
e1-50,binary,50,bot_51,2887,w,27,23.59,25,150.76,180,29.24,0
e1-50,binary,50,bot_51,2887,w,29,21.27,25,142.24,157,14.76,0
e1-50,binary,50,bot_51,2887,w,31,39.13,25,145.67,158,12.33,0
e1-50,binary,50,bot_51,2887,w,33,29.9,25,166.01,197,30.99,0
e1-50,binary,50,bot_51,2887,w,35,20.49,25,160.12,182,21.88,0
e1-50,binary,50,bot_51,2887,w,37,7.84,25,131.64,138,6.36,0
e1-50,binary,50,bot_51,2887,w,39,44.28,25,99.86,125,25.14,0
e1-50,binary,50,bot_51,2887,w,41,24.32,25,126.58,153,26.42,0
e1-50,binary,50,bot_51,2887,w,43,30.14,25,155.44,186,30.56,0
e1-50,binary,50,bot_51,2887,w,45,28.6,25,103.97,123,19.03,0
e1-50,binary,50,bot_51,2887,w,47,15.6,25,101.94,127,25.06,0
e1-50,binary,50,bot_51,2887,w,49,17.8,25,138.03,154,15.97,0
e1-50,binary,50,bot_51,2887,w,51,8.78,25,118.53,128,9.47,0
e1-50,binary,50,bot_51,2887,w,53,5.85,25,109.66,112,2.34,0
e1-50,binary,50,bot_51,2887,w,55,46.91,25,78.71,112,33.29,0
e1-50,binary,50,bot_51,2887,w,57,41.42,25,82.55,118,35.45,0
e1-50,binary,50,bot_51,2887,w,59,43.6,25,80.72,112,31.28,0
e1-50,binary,50,bot_52,2887,b,2,27.91,25,55.42,71,15.58,0
e1-50,binary,50,bot_52,2887,b,4,51.25,25,91.28,113,21.72,0
e1-50,binary,50,bot_52,2887,b,6,16.3,25,74.12,93,18.88,0
e1-50,binary,50,bot_52,2887,b,8,19.43,25,86.71,99,12.29,0
e1-50,binary,50,bot_52,2887,b,10,60.63,25,95.23,101,5.77,0
e1-50,binary,50,bot_52,2887,b,12,51.1,25,85.84,126,40.16,0
e1-50,binary,50,bot_52,2887,b,14,54.17,25,81.98,101,19.02,0
e1-50,binary,50,bot_52,2887,b,16,42.47,25,102.43,133,30.57,0
e1-50,binary,50,bot_52,2887,b,18,18.27,25,83.72,105,21.28,0
e1-50,binary,50,bot_52,2887,b,20,11.76,25,120.73,124,3.27,0
e1-50,binary,50,bot_52,2887,b,22,31.66,25,128.29,152,23.71,0
e1-50,binary,50,bot_52,2887,b,24,34.75,25,152.48,174,21.52,0
e1-50,binary,50,bot_52,2887,b,26,29.4,25,144.03,155,10.97,0
e1-50,binary,50,bot_52,2887,b,28,16.85,25,135.11,146,10.89,0
e1-50,binary,50,bot_52,2887,b,30,21.79,25,178.74,187,8.26,0
e1-50,binary,50,bot_52,2887,b,32,40,25,152.43,174,21.57,0
e1-50,binary,50,bot_52,2887,b,34,30.49,25,166.06,177,10.94,0
e1-50,binary,50,bot_52,2887,b,36,15.58,25,145.63,149,3.37,0
e1-50,binary,50,bot_52,2887,b,38,32.75,25,113.42,104,-9.42,0
e1-50,binary,50,bot_52,2887,b,40,35.75,25,129.99,155,25.01,0
e1-50,binary,50,bot_52,2887,b,42,39.87,25,150.13,157,6.87,0
e1-50,binary,50,bot_52,2887,b,44,26.51,25,126.05,139,12.95,0
e1-50,binary,50,bot_52,2887,b,46,33.94,25,126.15,136,9.85,0
e1-50,binary,50,bot_52,2887,b,48,24.62,25,130.59,128,-2.59,0
e1-50,binary,50,bot_52,2887,b,50,18.64,25,121.38,122,0.62,0
e1-50,binary,50,bot_52,2887,b,52,11.68,25,112.18,103,-9.18,0
e1-50,binary,50,bot_52,2887,b,54,40.97,25,92.28,80,-12.28,0
e1-50,binary,50,bot_52,2887,b,56,44.7,25,68.02,96,27.98,0
e1-50,binary,50,bot_52,2887,b,58,39.86,25,70.26,94,23.74,0
e1-50,binary,50,bot_52,2887,b,60,31.12,25,77.47,104,26.53,0
e1-50,binary,50,bot_53,2888,w,1,28.51,25,54.79,74,19.21,0
e1-50,binary,50,bot_53,2888,w,3,52.18,25,90.41,114,23.59,0
e1-50,binary,50,bot_53,2888,w,5,16.69,25,73.82,94,20.18,0
e1-50,binary,50,bot_53,2888,w,7,21.63,25,84.8,101,16.2,0
e1-50,binary,50,bot_53,2888,w,9,8.79,25,93.55,103,9.45,0
e1-50,binary,50,bot_53,2888,w,11,54.47,25,82.75,133,50.25,0
e1-50,binary,50,bot_53,2888,w,13,58.29,25,78.15,101,22.85,0
e1-50,binary,50,bot_53,2888,w,15,47.79,25,97.51,132,34.49,0
e1-50,binary,50,bot_53,2888,w,17,22.89,25,78.92,105,26.08,0
e1-50,binary,50,bot_53,2888,w,19,18.21,25,114.12,122,7.88,0
e1-50,binary,50,bot_53,2888,w,21,40.07,25,151.97,150,-1.97,0
e1-50,binary,50,bot_53,2888,w,23,42.43,25,144.26,173,28.74,0
e1-50,binary,50,bot_53,2888,w,25,35.04,25,138.29,153,14.71,0
e1-50,binary,50,bot_53,2888,w,27,21.88,25,130.31,146,15.69,0
e1-50,binary,50,bot_53,2888,w,29,31.36,25,170.56,187,16.44,0
e1-50,binary,50,bot_53,2888,w,31,37.44,25,155.03,177,21.97,0
e1-50,binary,50,bot_53,2888,w,33,26.72,25,169.77,181,11.23,0
e1-50,binary,50,bot_53,2888,w,35,13.5,25,147.66,150,2.34,0
e1-50,binary,50,bot_53,2888,w,37,30.36,25,77.66,106,28.34,0
e1-50,binary,50,bot_53,2888,w,39,33.41,25,132.29,157,24.71,0
e1-50,binary,50,bot_53,2888,w,41,38.93,25,151.14,157,5.86,0
e1-50,binary,50,bot_53,2888,w,43,23.57,25,128.99,140,11.01,0
e1-50,binary,50,bot_53,2888,w,45,26.92,25,133.3,143,9.7,0
e1-50,binary,50,bot_53,2888,w,47,19.86,25,135.31,133,-2.31,0
e1-50,binary,50,bot_53,2888,w,49,14.44,25,125.68,126,0.32,0
e1-50,binary,50,bot_53,2888,w,51,8.82,25,106.12,105,-1.12,0
e1-50,binary,50,bot_53,2888,w,53,29.64,25,59.71,92,32.29,0
e1-50,binary,50,bot_53,2888,w,55,41.51,25,71.19,99,27.81,0
e1-50,binary,50,bot_53,2888,w,57,37.24,25,72.94,95,22.06,0
e1-50,binary,50,bot_53,2888,w,59,29.14,25,79.53,106,26.47,0
e1-50,binary,50,bot_54,2888,b,2,35.72,25,57.2,75,17.8,0
e1-50,binary,50,bot_54,2888,b,4,32.67,25,65.52,106,40.48,0
e1-50,binary,50,bot_54,2888,b,6,28.07,25,117.5,123,5.5,0
e1-50,binary,50,bot_54,2888,b,8,21.27,25,87.94,98,10.06,0
e1-50,binary,50,bot_54,2888,b,10,62.72,25,114,111,-3,0
e1-50,binary,50,bot_54,2888,b,12,35.28,25,80.32,122,41.68,0
e1-50,binary,50,bot_54,2888,b,14,46.93,25,101.41,148,46.59,0
e1-50,binary,50,bot_54,2888,b,16,37.04,25,95.24,131,35.76,0
e1-50,binary,50,bot_54,2888,b,18,18.74,25,124.07,134,9.93,0
e1-50,binary,50,bot_54,2888,b,20,9.89,25,122.63,129,6.37,0
e1-50,binary,50,bot_54,2888,b,22,40.11,25,136.17,165,28.83,0
e1-50,binary,50,bot_54,2888,b,24,27.35,25,141.84,172,30.16,0
e1-50,binary,50,bot_54,2888,b,26,28.63,25,145.76,169,23.24,0
e1-50,binary,50,bot_54,2888,b,28,27.6,25,135.73,145,9.27,0
e1-50,binary,50,bot_54,2888,b,30,37.77,25,146.62,160,13.38,0
e1-50,binary,50,bot_54,2888,b,32,28.64,25,167.27,187,19.73,0
e1-50,binary,50,bot_54,2888,b,34,19.16,25,161.61,172,10.39,0
e1-50,binary,50,bot_54,2888,b,36,45.02,25,132.63,129,-3.63,0
e1-50,binary,50,bot_54,2888,b,38,42.41,25,101.89,116,14.11,0
e1-50,binary,50,bot_54,2888,b,40,23.51,25,127.46,144,16.54,0
e1-50,binary,50,bot_54,2888,b,42,29.17,25,156.25,179,22.75,0
e1-50,binary,50,bot_54,2888,b,44,26.66,25,105.82,112,6.18,0
e1-50,binary,50,bot_54,2888,b,46,14.75,25,102.69,113,10.31,0
e1-50,binary,50,bot_54,2888,b,48,16.03,25,139.96,142,2.04,0
e1-50,binary,50,bot_54,2888,b,50,16.21,25,119.9,118,-1.9,0
e1-50,binary,50,bot_54,2888,b,52,48.77,25,110.73,103,-7.73,0
e1-50,binary,50,bot_54,2888,b,54,44.87,25,80.82,94,13.18,0
e1-50,binary,50,bot_54,2888,b,56,39.34,25,84.57,110,25.43,0
e1-50,binary,50,bot_54,2888,b,58,42.5,25,81.61,102,20.39,0
e1-50,binary,50,bot_54,2888,b,60,28.77,25,72.93,85,12.07,0
e1-50,binary,50,bot_55,2889,w,1,36.57,25,56.76,76,19.24,0
e1-50,binary,50,bot_55,2889,w,3,34.97,25,63.25,103,39.75,0
e1-50,binary,50,bot_55,2889,w,5,30.89,25,114.73,119,4.27,0
e1-50,binary,50,bot_55,2889,w,7,25.25,25,83.84,93,9.16,0
e1-50,binary,50,bot_55,2889,w,9,13.48,25,108.76,106,-2.76,0
e1-50,binary,50,bot_55,2889,w,11,38.65,25,76.77,131,54.23,0
e1-50,binary,50,bot_55,2889,w,13,51,25,97.71,142,44.29,0
e1-50,binary,50,bot_55,2889,w,15,38.33,25,93.79,129,35.21,0
e1-50,binary,50,bot_55,2889,w,17,19.55,25,123.74,134,10.26,0
e1-50,binary,50,bot_55,2889,w,19,11.75,25,121.02,128,6.98,0
e1-50,binary,50,bot_55,2889,w,21,42.03,25,134.22,163,28.78,0
e1-50,binary,50,bot_55,2889,w,23,28.36,25,140.88,172,31.12,0
e1-50,binary,50,bot_55,2889,w,25,29.79,25,144.79,169,24.21,0
e1-50,binary,50,bot_55,2889,w,27,29.09,25,134.1,143,8.9,0
e1-50,binary,50,bot_55,2889,w,29,33.56,25,150.73,167,16.27,0
e1-50,binary,50,bot_55,2889,w,31,25.21,25,170.69,185,14.31,0
e1-50,binary,50,bot_55,2889,w,33,15.36,25,165.49,170,4.51,0
e1-50,binary,50,bot_55,2889,w,35,37.55,25,81.11,133,51.89,0
e1-50,binary,50,bot_55,2889,w,37,39.35,25,105.03,114,8.97,0
e1-50,binary,50,bot_55,2889,w,39,21.94,25,128.99,140,11.01,0
e1-50,binary,50,bot_55,2889,w,41,26,25,159.42,174,14.58,0
e1-50,binary,50,bot_55,2889,w,43,23.18,25,109.29,111,1.71,0
e1-50,binary,50,bot_55,2889,w,45,13.15,25,104.27,109,4.73,0
e1-50,binary,50,bot_55,2889,w,47,12.74,25,143.38,141,-2.38,0
e1-50,binary,50,bot_55,2889,w,49,5.26,25,55.13,122,66.87,0
e1-50,binary,50,bot_55,2889,w,51,42.78,25,78.95,103,24.05,0
e1-50,binary,50,bot_55,2889,w,53,41.48,25,84.33,93,8.67,0
e1-50,binary,50,bot_55,2889,w,55,35.8,25,88.21,109,20.79,0
e1-50,binary,50,bot_55,2889,w,57,36.65,25,87.51,104,16.49,0
e1-50,binary,50,bot_55,2889,w,59,23.23,25,78.55,86,7.45,0
e1-50,binary,50,bot_56,2889,b,2,54.32,25,88.2,111,22.8,0
e1-50,binary,50,bot_56,2889,b,4,18.48,25,72.02,93,20.98,0
e1-50,binary,50,bot_56,2889,b,6,24.79,25,81.73,98,16.27,0
e1-50,binary,50,bot_56,2889,b,8,11.74,25,90.64,102,11.36,0
e1-50,binary,50,bot_56,2889,b,10,67.7,25,123.05,122,-1.05,0
e1-50,binary,50,bot_56,2889,b,12,58.43,25,78.4,102,23.6,0
e1-50,binary,50,bot_56,2889,b,14,49.65,25,95.79,133,37.21,0
e1-50,binary,50,bot_56,2889,b,16,25.88,25,75.5,100,24.5,0
e1-50,binary,50,bot_56,2889,b,18,21.38,25,110.97,114,3.03,0
e1-50,binary,50,bot_56,2889,b,20,42.94,25,149.09,146,-3.09,0
e1-50,binary,50,bot_56,2889,b,22,45.77,25,140.83,169,28.17,0
e1-50,binary,50,bot_56,2889,b,24,37.39,25,135.91,149,13.09,0
e1-50,binary,50,bot_56,2889,b,26,24.03,25,128.22,144,15.78,0
e1-50,binary,50,bot_56,2889,b,28,35.84,25,167.14,181,13.86,0
e1-50,binary,50,bot_56,2889,b,30,33.95,25,158.53,173,14.47,0
e1-50,binary,50,bot_56,2889,b,32,23.36,25,172.95,178,5.05,0
e1-50,binary,50,bot_56,2889,b,34,70.89,25,149.74,146,-3.74,0
e1-50,binary,50,bot_56,2889,b,36,28,25,79.3,96,16.7,0
e1-50,binary,50,bot_56,2889,b,38,29.89,25,135.5,155,19.5,0
e1-50,binary,50,bot_56,2889,b,40,34.64,25,155.75,158,2.25,0
e1-50,binary,50,bot_56,2889,b,42,20.84,25,131.49,138,6.51,0
e1-50,binary,50,bot_56,2889,b,44,23.5,25,137,141,4,0
e1-50,binary,50,bot_56,2889,b,46,15.94,25,139.08,133,-6.08,0
e1-50,binary,50,bot_56,2889,b,48,85.2,25,130.92,123,-7.92,0
e1-50,binary,50,bot_56,2889,b,50,43.64,25,108.98,94,-14.98,0
e1-50,binary,50,bot_56,2889,b,52,27.98,25,61.14,85,23.86,0
e1-50,binary,50,bot_56,2889,b,54,39.09,25,73.41,94,20.59,0
e1-50,binary,50,bot_56,2889,b,56,35.2,25,74.98,90,15.02,0
e1-50,binary,50,bot_56,2889,b,58,27.51,25,81.12,98,16.88,0
e1-50,binary,50,bot_56,2889,b,60,12.91,25,65.73,69,3.27,0
e1-50,binary,50,bot_57,2890,w,1,57.9,25,84.51,113,28.49,0
e1-50,binary,50,bot_57,2890,w,3,22.51,25,67.66,96,28.34,0
e1-50,binary,50,bot_57,2890,w,5,35.4,25,71.42,103,31.58,0
e1-50,binary,50,bot_57,2890,w,7,19.29,25,82.89,104,21.11,0
e1-50,binary,50,bot_57,2890,w,9,22.58,25,109.56,119,9.44,0
e1-50,binary,50,bot_57,2890,w,11,11.1,25,102.04,106,3.96,0
e1-50,binary,50,bot_57,2890,w,13,62.15,25,83.69,142,58.31,0
e1-50,binary,50,bot_57,2890,w,15,39.05,25,62.06,96,33.94,0
e1-50,binary,50,bot_57,2890,w,17,30.14,25,102.01,116,13.99,0
e1-50,binary,50,bot_57,2890,w,19,55.43,25,136.04,148,11.96,0
e1-50,binary,50,bot_57,2890,w,21,57.84,25,128.07,168,39.93,0
e1-50,binary,50,bot_57,2890,w,23,45.35,25,127.83,154,26.17,0
e1-50,binary,50,bot_57,2890,w,25,30.96,25,121.98,150,28.02,0
e1-50,binary,50,bot_57,2890,w,27,49.68,25,155.45,182,26.55,0
e1-50,binary,50,bot_57,2890,w,29,29.62,25,162.88,177,14.12,0
e1-50,binary,50,bot_57,2890,w,31,18.67,25,177.62,184,6.38,0
e1-50,binary,50,bot_57,2890,w,33,70.47,25,149.4,147,-2.4,0
e1-50,binary,50,bot_57,2890,w,35,25.51,25,81.73,101,19.27,0
e1-50,binary,50,bot_57,2890,w,37,26.85,25,138.49,158,19.51,0
e1-50,binary,50,bot_57,2890,w,39,30.68,25,159.82,163,3.18,0
e1-50,binary,50,bot_57,2890,w,41,18.49,25,133.79,141,7.21,0
e1-50,binary,50,bot_57,2890,w,43,20.07,25,140.52,144,3.48,0
e1-50,binary,50,bot_57,2890,w,45,12.28,25,142.66,137,-5.66,0
e1-50,binary,50,bot_57,2890,w,47,73.34,25,85.89,136,50.11,0
e1-50,binary,50,bot_57,2890,w,49,36.82,25,67.32,101,33.68,0
e1-50,binary,50,bot_57,2890,w,51,27.71,25,61.38,85,23.62,0
e1-50,binary,50,bot_57,2890,w,53,35.02,25,77.38,95,17.62,0
e1-50,binary,50,bot_57,2890,w,55,30.17,25,80.03,98,17.97,0
e1-50,binary,50,bot_57,2890,w,57,24.14,25,84.46,100,15.54,0
e1-50,binary,50,bot_57,2890,w,59,12.22,25,66.35,68,1.65,0
e1-50,binary,50,bot_58,2890,b,2,39.79,25,58.6,104,45.4,0
e1-50,binary,50,bot_58,2890,b,4,44.74,25,100.86,111,10.14,0
e1-50,binary,50,bot_58,2890,b,6,32.77,25,76.52,98,21.48,0
e1-50,binary,50,bot_58,2890,b,8,21.38,25,100.75,107,6.25,0
e1-50,binary,50,bot_58,2890,b,10,15.03,25,118.14,127,8.86,0
e1-50,binary,50,bot_58,2890,b,12,70.67,25,141.03,140,-1.03,0
e1-50,binary,50,bot_58,2890,b,14,45.88,25,86.72,136,49.28,0
e1-50,binary,50,bot_58,2890,b,16,26.5,25,117,143,26,0
e1-50,binary,50,bot_58,2890,b,18,23.1,25,110.49,128,17.51,0
e1-50,binary,50,bot_58,2890,b,20,53.11,25,123.5,165,41.5,0
e1-50,binary,50,bot_58,2890,b,22,37.73,25,131.43,177,45.57,0
e1-50,binary,50,bot_58,2890,b,24,38.91,25,135.72,169,33.28,0
e1-50,binary,50,bot_58,2890,b,26,39.33,25,123.3,141,17.7,0
e1-50,binary,50,bot_58,2890,b,28,30.97,25,153.04,185,31.96,0
e1-50,binary,50,bot_58,2890,b,30,23.3,25,172.52,184,11.48,0
e1-50,binary,50,bot_58,2890,b,32,14.58,25,167.28,168,0.72,0
e1-50,binary,50,bot_58,2890,b,34,36.49,25,82.24,135,52.76,0
e1-50,binary,50,bot_58,2890,b,36,37.93,25,106.82,116,9.18,0
e1-50,binary,50,bot_58,2890,b,38,20.75,25,130.03,140,9.97,0
e1-50,binary,50,bot_58,2890,b,40,23.85,25,161.49,174,12.51,0
e1-50,binary,50,bot_58,2890,b,42,19.81,25,112.7,113,0.3,0
e1-50,binary,50,bot_58,2890,b,44,11.96,25,105.42,108,2.58,0
e1-50,binary,50,bot_58,2890,b,46,66.52,25,146.72,141,-5.72,0
e1-50,binary,50,bot_58,2890,b,48,50.7,25,57.98,113,55.02,0
e1-50,binary,50,bot_58,2890,b,50,41.11,25,81.02,100,18.98,0
e1-50,binary,50,bot_58,2890,b,52,36.02,25,89.98,100,10.02,0
e1-50,binary,50,bot_58,2890,b,54,35.58,25,88.59,106,17.41,0
e1-50,binary,50,bot_58,2890,b,56,31.57,25,92.65,106,13.35,0
e1-50,binary,50,bot_58,2890,b,58,19.21,25,82.79,88,5.21,0
e1-50,binary,50,bot_58,2890,b,60,13.78,25,81.33,75,-6.33,0
e1-50,binary,50,bot_59,2891,w,1,40.59,25,58.04,110,51.96,0
e1-50,binary,50,bot_59,2891,w,3,46.72,25,99.02,112,12.98,0
e1-50,binary,50,bot_59,2891,w,5,34.4,25,75.15,100,24.85,0
e1-50,binary,50,bot_59,2891,w,7,22.54,25,99.45,108,8.55,0
e1-50,binary,50,bot_59,2891,w,9,16.16,25,117.2,128,10.8,0
e1-50,binary,50,bot_59,2891,w,11,11.42,25,139.26,141,1.74,0
e1-50,binary,50,bot_59,2891,w,13,47.32,25,86.27,146,59.73,0
e1-50,binary,50,bot_59,2891,w,15,27.37,25,116.32,143,26.68,0
e1-50,binary,50,bot_59,2891,w,17,24.8,25,109.21,128,18.79,0
e1-50,binary,50,bot_59,2891,w,19,53.21,25,123.56,170,46.44,0
e1-50,binary,50,bot_59,2891,w,21,40.53,25,128.66,176,47.34,0
e1-50,binary,50,bot_59,2891,w,23,41.28,25,133.5,168,34.5,0
e1-50,binary,50,bot_59,2891,w,25,41.72,25,120.75,141,20.25,0
e1-50,binary,50,bot_59,2891,w,27,28.03,25,155.57,192,36.43,0
e1-50,binary,50,bot_59,2891,w,29,21.57,25,174.2,182,7.8,0
e1-50,binary,50,bot_59,2891,w,31,68.86,25,168.86,165,-3.86,0
e1-50,binary,50,bot_59,2891,w,33,35.18,25,83.59,123,39.41,0
e1-50,binary,50,bot_59,2891,w,35,36.21,25,108.56,114,5.44,0
e1-50,binary,50,bot_59,2891,w,37,19.21,25,131.54,138,6.46,0
e1-50,binary,50,bot_59,2891,w,39,21.21,25,164.07,173,8.93,0
e1-50,binary,50,bot_59,2891,w,41,16.8,25,115.69,112,-3.69,0
e1-50,binary,50,bot_59,2891,w,43,10.72,25,106.6,103,-3.6,0
e1-50,binary,50,bot_59,2891,w,45,54.67,25,89.93,146,56.07,0
e1-50,binary,50,bot_59,2891,w,47,50.18,25,58.5,107,48.5,0
e1-50,binary,50,bot_59,2891,w,49,37.06,25,85.21,102,16.79,0
e1-50,binary,50,bot_59,2891,w,51,31.49,25,95.06,103,7.94,0
e1-50,binary,50,bot_59,2891,w,53,28.46,25,95.88,111,15.12,0
e1-50,binary,50,bot_59,2891,w,55,25.78,25,98.51,108,9.49,0
e1-50,binary,50,bot_59,2891,w,57,15.6,25,86.43,89,2.57,0
e1-50,binary,50,bot_59,2891,w,59,8.81,25,86.34,78,-8.34,0
e1-50,binary,50,bot_60,2891,b,2,25.47,25,64.67,79,14.33,0
e1-50,binary,50,bot_60,2891,b,4,39.03,25,67.72,89,21.28,0
e1-50,binary,50,bot_60,2891,b,6,22.59,25,79.55,89,9.45,0
e1-50,binary,50,bot_60,2891,b,8,24.54,25,107.57,104,-3.57,0
e1-50,binary,50,bot_60,2891,b,10,13.75,25,99.37,89,-10.37,0
e1-50,binary,50,bot_60,2891,b,12,72.65,25,133.18,118,-15.18,0
e1-50,binary,50,bot_60,2891,b,14,41.18,25,59.87,82,22.13,0
e1-50,binary,50,bot_60,2891,b,16,32.45,25,99.58,102,2.42,0
e1-50,binary,50,bot_60,2891,b,18,60.27,25,131.15,129,-2.15,0
e1-50,binary,50,bot_60,2891,b,20,60.65,25,125.15,152,26.85,0
e1-50,binary,50,bot_60,2891,b,22,48.25,25,124.89,140,15.11,0
e1-50,binary,50,bot_60,2891,b,24,33.52,25,119.43,134,14.57,0
e1-50,binary,50,bot_60,2891,b,26,55.57,25,151.23,167,15.77,0
e1-50,binary,50,bot_60,2891,b,28,27.53,25,165.67,167,1.33,0
e1-50,binary,50,bot_60,2891,b,30,14.52,25,181.84,176,-5.84,0
e1-50,binary,50,bot_60,2891,b,32,58.65,25,105.16,146,40.84,0
e1-50,binary,50,bot_60,2891,b,34,23.28,25,83.82,91,7.18,0
e1-50,binary,50,bot_60,2891,b,36,23.99,25,141.3,149,7.7,0
e1-50,binary,50,bot_60,2891,b,38,27.34,25,163.44,155,-8.44,0
e1-50,binary,50,bot_60,2891,b,40,14.95,25,137.2,131,-6.2,0
e1-50,binary,50,bot_60,2891,b,42,14.38,25,146.53,136,-10.53,0
e1-50,binary,50,bot_60,2891,b,44,75.63,25,147.96,132,-15.96,0
e1-50,binary,50,bot_60,2891,b,46,67.25,25,91.97,118,26.03,0
e1-50,binary,50,bot_60,2891,b,48,34.96,25,68.77,91,22.23,0
e1-50,binary,50,bot_60,2891,b,50,25.69,25,62.87,72,9.13,0
e1-50,binary,50,bot_60,2891,b,52,32.41,25,79.35,82,2.65,0
e1-50,binary,50,bot_60,2891,b,54,27.03,25,83.02,84,0.98,0
e1-50,binary,50,bot_60,2891,b,56,20.97,25,87.49,85,-2.49,0
e1-50,binary,50,bot_60,2891,b,58,9.17,25,69.22,57,-12.22,0
e1-50,binary,50,bot_60,2891,b,60,19.76,25,71.42,52,-19.42,0
e1-50,binary,50,bot_61,2892,w,1,10.22,25,101.21,72,-29.21,0
e1-50,binary,50,bot_61,2892,w,3,43.66,25,63.51,98,34.49,0
e1-50,binary,50,bot_61,2892,w,5,28.31,25,73.71,80,6.29,0
e1-50,binary,50,bot_61,2892,w,7,32.46,25,99.04,94,-5.04,0
e1-50,binary,50,bot_61,2892,w,9,29.32,25,83.15,71,-12.15,0
e1-50,binary,50,bot_61,2892,w,11,16.55,25,124.51,110,-14.51,0
e1-50,binary,50,bot_61,2892,w,13,42.82,25,58.88,88,29.13,0
e1-50,binary,50,bot_61,2892,w,15,38.01,25,93.95,96,2.05,0
e1-50,binary,50,bot_61,2892,w,17,68.04,25,123.22,122,-1.22,0
e1-50,binary,50,bot_61,2892,w,19,68.28,25,117.11,146,28.89,0
e1-50,binary,50,bot_61,2892,w,21,56.34,25,116.68,131,14.32,0
e1-50,binary,50,bot_61,2892,w,23,39.2,25,114.1,130,15.9,0
e1-50,binary,50,bot_61,2892,w,25,62.78,25,145.3,161,15.7,0
e1-50,binary,50,bot_61,2892,w,27,24.92,25,168.42,161,-7.42,0
e1-50,binary,50,bot_61,2892,w,29,86.32,25,184.47,171,-13.47,0
e1-50,binary,50,bot_61,2892,w,31,57.19,25,106.47,129,22.53,0
e1-50,binary,50,bot_61,2892,w,33,22.15,25,84.81,85,0.19,0
e1-50,binary,50,bot_61,2892,w,35,22.04,25,143.17,144,0.83,0
e1-50,binary,50,bot_61,2892,w,37,25.31,25,165.36,151,-14.36,0
e1-50,binary,50,bot_61,2892,w,39,12.95,25,139.09,126,-13.09,0
e1-50,binary,50,bot_61,2892,w,41,11.78,25,149.19,133,-16.19,0
e1-50,binary,50,bot_61,2892,w,43,68.14,25,94.18,133,38.82,0
e1-50,binary,50,bot_61,2892,w,45,65.17,25,93.92,114,20.08,0
e1-50,binary,50,bot_61,2892,w,47,34.7,25,68.82,84,15.18,0
e1-50,binary,50,bot_61,2892,w,49,24.68,25,63.66,69,5.34,0
e1-50,binary,50,bot_61,2892,w,51,30.39,25,81.25,77,-4.25,0
e1-50,binary,50,bot_61,2892,w,53,24.8,25,85.21,79,-6.21,0
e1-50,binary,50,bot_61,2892,w,55,18.69,25,89.65,80,-9.65,0
e1-50,binary,50,bot_61,2892,w,57,6.82,25,71.52,52,-19.52,0
e1-50,binary,50,bot_61,2892,w,59,17.96,25,73.16,48,-25.16,0
e1-50,binary,50,bot_62,2892,b,2,64.94,25,110.26,118,7.74,0
e1-50,binary,50,bot_62,2892,b,4,36.6,25,73.08,112,38.92,0
e1-50,binary,50,bot_62,2892,b,6,26.43,25,95.63,120,24.37,0
e1-50,binary,50,bot_62,2892,b,8,19.69,25,113.92,143,29.08,0
e1-50,binary,50,bot_62,2892,b,10,16.55,25,134.64,161,26.36,0
e1-50,binary,50,bot_62,2892,b,12,60.58,25,136.66,148,11.34,0
e1-50,binary,50,bot_62,2892,b,14,32.64,25,111.14,149,37.86,0
e1-50,binary,50,bot_62,2892,b,16,29.74,25,104.67,139,34.33,0
e1-50,binary,50,bot_62,2892,b,18,60.86,25,116.01,180,63.99,0
e1-50,binary,50,bot_62,2892,b,20,46.01,25,123.25,187,63.75,0
e1-50,binary,50,bot_62,2892,b,22,46.94,25,128.03,180,51.97,0
e1-50,binary,50,bot_62,2892,b,24,47.05,25,115.27,150,34.73,0
e1-50,binary,50,bot_62,2892,b,26,23.85,25,159.28,210,50.72,0
e1-50,binary,50,bot_62,2892,b,28,17.8,25,177.03,190,12.97,0
e1-50,binary,50,bot_62,2892,b,30,54.15,25,109.12,184,74.88,0
e1-50,binary,50,bot_62,2892,b,32,32.59,25,86.46,132,45.54,0
e1-50,binary,50,bot_62,2892,b,34,32.81,25,112.24,124,11.76,0
e1-50,binary,50,bot_62,2892,b,36,17.34,25,133.67,145,11.33,0
e1-50,binary,50,bot_62,2892,b,38,17.59,25,167.66,181,13.34,0
e1-50,binary,50,bot_62,2892,b,40,13.89,25,118.66,119,0.34,0
e1-50,binary,50,bot_62,2892,b,42,70.8,25,107.85,108,0.15,0
e1-50,binary,50,bot_62,2892,b,44,50.96,25,93.66,150,56.34,0
e1-50,binary,50,bot_62,2892,b,46,45.74,25,63.31,117,53.69,0
e1-50,binary,50,bot_62,2892,b,48,35.48,25,87.36,109,21.64,0
e1-50,binary,50,bot_62,2892,b,50,27.69,25,99.1,113,13.9,0
e1-50,binary,50,bot_62,2892,b,52,25.44,25,99.33,118,18.67,0
e1-50,binary,50,bot_62,2892,b,54,22.18,25,102.32,116,13.68,0
e1-50,binary,50,bot_62,2892,b,56,12.37,25,89.8,96,6.2,0
e1-50,binary,50,bot_62,2892,b,58,6.34,25,88.88,85,-3.88,0
e1-50,binary,50,bot_62,2892,b,60,15.14,25,67.24,73,5.76,0
e1-50,binary,50,bot_63,2893,w,1,58.09,25,136.93,143,6.07,0
e1-50,binary,50,bot_63,2893,w,3,38.61,25,65.54,110,44.46,0
e1-50,binary,50,bot_63,2893,w,5,35.21,25,88.53,132,43.47,0
e1-50,binary,50,bot_63,2893,w,7,21.69,25,93.67,129,35.33,0
e1-50,binary,50,bot_63,2893,w,9,25.97,25,122.95,156,33.05,0
e1-50,binary,50,bot_63,2893,w,11,13.09,25,118.52,146,27.48,0
e1-50,binary,50,bot_63,2893,w,13,22.14,25,64.02,145,80.98,0
e1-50,binary,50,bot_63,2893,w,15,9.32,25,77.58,142,64.42,0
e1-50,binary,50,bot_63,2893,w,17,82.26,25,165.86,178,12.14,0
e1-50,binary,50,bot_63,2893,w,19,64.66,25,105.33,173,67.67,0
e1-50,binary,50,bot_63,2893,w,21,55.37,25,121.24,177,55.76,0
e1-50,binary,50,bot_63,2893,w,23,61.46,25,123.92,162,38.08,0
e1-50,binary,50,bot_63,2893,w,25,37.35,25,138.74,145,6.26,0
e1-50,binary,50,bot_63,2893,w,27,35.99,25,151.89,154,2.11,0
e1-50,binary,50,bot_63,2893,w,29,27.68,25,134.65,129,-5.65,0
e1-50,binary,50,bot_63,2893,w,31,14.23,25,106.27,88,-18.27,0
e1-50,binary,50,bot_63,2893,w,33,63.77,25,94.77,120,25.23,0
e1-50,binary,50,bot_63,2893,w,35,66.31,25,82.93,116,33.07,0
e1-50,binary,50,bot_63,2893,w,37,50.57,25,112.77,146,33.23,0
e1-50,binary,50,bot_63,2893,w,39,34.44,25,91.25,91,-0.25,0
e1-50,binary,50,bot_63,2893,w,41,30.01,25,91.37,80,-11.37,0
e1-50,binary,50,bot_63,2893,w,43,24.99,25,119.03,109,-10.03,0
e1-50,binary,50,bot_63,2893,w,45,18.14,25,91.45,77,-14.45,0
e1-50,binary,50,bot_63,2893,w,47,10.17,25,113.97,87,-26.97,0
e1-50,binary,50,bot_63,2893,w,49,49.2,25,63.95,80,16.05,0
e1-50,binary,50,bot_63,2893,w,51,22.5,25,69.67,87,17.33,0
e1-50,binary,50,bot_63,2893,w,53,21.6,25,82.12,81,-1.12,0
e1-50,binary,50,bot_63,2893,w,55,17.26,25,71.23,58,-13.23,0
e1-50,binary,50,bot_63,2893,w,57,17.01,25,63.23,49,-14.23,0
e1-50,binary,50,bot_63,2893,w,59,4.23,25,68.63,50,-18.63,0
e1-50,binary,50,bot_64,2893,b,2,46.02,25,57.92,101,43.08,0
e1-50,binary,50,bot_64,2893,b,4,42.58,25,70.73,94,23.27,0
e1-50,binary,50,bot_64,2893,b,6,36.94,25,99.52,119,19.48,0
e1-50,binary,50,bot_64,2893,b,8,34.65,25,101.86,108,6.14,0
e1-50,binary,50,bot_64,2893,b,10,28.09,25,115.89,127,11.11,0
e1-50,binary,50,bot_64,2893,b,12,81.4,25,110.6,108,-2.6,0
e1-50,binary,50,bot_64,2893,b,14,66.14,25,113.19,120,6.81,0
e1-50,binary,50,bot_64,2893,b,16,13.93,25,144.89,138,-6.89,0
e1-50,binary,50,bot_64,2893,b,18,68.14,25,119.28,186,66.72,0
e1-50,binary,50,bot_64,2893,b,20,56.86,25,108.45,157,48.55,0
e1-50,binary,50,bot_64,2893,b,22,39.53,25,102.88,142,39.12,0
e1-50,binary,50,bot_64,2893,b,24,41.7,25,153.08,195,41.92,0
e1-50,binary,50,bot_64,2893,b,26,38.1,25,164.97,182,17.03,0
e1-50,binary,50,bot_64,2893,b,28,30.07,25,176.84,193,16.16,0
e1-50,binary,50,bot_64,2893,b,30,17.07,25,145.46,154,8.54,0
e1-50,binary,50,bot_64,2893,b,32,60.42,25,112.61,107,-5.61,0
e1-50,binary,50,bot_64,2893,b,34,68.41,25,106.25,149,42.75,0
e1-50,binary,50,bot_64,2893,b,36,68.64,25,132.9,179,46.1,0
e1-50,binary,50,bot_64,2893,b,38,35.66,25,96.77,128,31.23,0
e1-50,binary,50,bot_64,2893,b,40,24.51,25,143.64,158,14.36,0
e1-50,binary,50,bot_64,2893,b,42,25.14,25,136.96,147,10.04,0
e1-50,binary,50,bot_64,2893,b,44,21.51,25,138.13,144,5.87,0
e1-50,binary,50,bot_64,2893,b,46,8.8,25,92.06,91,-1.06,0
e1-50,binary,50,bot_64,2893,b,48,51.51,25,100.1,91,-9.1,0
e1-50,binary,50,bot_64,2893,b,50,53.7,25,69.32,99,29.68,0
e1-50,binary,50,bot_64,2893,b,52,34.67,25,100.91,104,3.09,0
e1-50,binary,50,bot_64,2893,b,54,23.33,25,101.51,103,1.49,0
e1-50,binary,50,bot_64,2893,b,56,21.42,25,75.19,73,-2.19,0
e1-50,binary,50,bot_64,2893,b,58,16.8,25,72.58,69,-3.58,0
e1-50,binary,50,bot_64,2893,b,60,4.7,25,74.13,62,-12.13,0
e1-50,binary,50,bot_65,2894,w,1,37.2,25,73,121,48,0
e1-50,binary,50,bot_65,2894,w,3,27.6,25,94.42,123,28.58,0
e1-50,binary,50,bot_65,2894,w,5,21.17,25,112.53,146,33.47,0
e1-50,binary,50,bot_65,2894,w,7,19.11,25,153.41,163,9.59,0
e1-50,binary,50,bot_65,2894,w,9,14.48,25,133.93,150,16.07,0
e1-50,binary,50,bot_65,2894,w,11,35.47,25,108.33,160,51.67,0
e1-50,binary,50,bot_65,2894,w,13,32.66,25,102.12,141,38.88,0
e1-50,binary,50,bot_65,2894,w,15,65.86,25,111.16,180,68.84,0
e1-50,binary,50,bot_65,2894,w,17,50.05,25,119.16,190,70.84,0
e1-50,binary,50,bot_65,2894,w,19,51.54,25,123.32,182,58.68,0
e1-50,binary,50,bot_65,2894,w,21,50.53,25,111.44,152,40.56,0
e1-50,binary,50,bot_65,2894,w,23,19.54,25,163.38,220,56.62,0
e1-50,binary,50,bot_65,2894,w,25,77.41,25,181.72,195,13.28,0
e1-50,binary,50,bot_65,2894,w,27,50.1,25,113.21,177,63.79,0
e1-50,binary,50,bot_65,2894,w,29,30.34,25,88.85,136,47.15,0
e1-50,binary,50,bot_65,2894,w,31,28.29,25,116.89,130,13.11,0
e1-50,binary,50,bot_65,2894,w,33,14.67,25,136.35,149,12.65,0
e1-50,binary,50,bot_65,2894,w,35,16.54,25,168.64,184,15.36,0
e1-50,binary,50,bot_65,2894,w,37,10.7,25,121.87,124,2.13,0
e1-50,binary,50,bot_65,2894,w,39,58.95,25,61.45,122,60.55,0
e1-50,binary,50,bot_65,2894,w,41,48.69,25,95.98,155,59.02,0
e1-50,binary,50,bot_65,2894,w,43,42.92,25,66.25,122,55.75,0
e1-50,binary,50,bot_65,2894,w,45,32.29,25,90.72,115,24.28,0
e1-50,binary,50,bot_65,2894,w,47,24.59,25,102.2,118,15.8,0
e1-50,binary,50,bot_65,2894,w,49,22.22,25,102.62,123,20.38,0
e1-50,binary,50,bot_65,2894,w,51,18.05,25,106.52,121,14.48,0
e1-50,binary,50,bot_65,2894,w,53,12.05,25,90.07,99,8.93,0
e1-50,binary,50,bot_65,2894,w,55,19.59,25,90.8,88,-2.8,0
e1-50,binary,50,bot_65,2894,w,57,13.22,25,69.2,74,4.8,0
e1-50,binary,50,bot_65,2894,w,59,10.12,25,68.42,75,6.58,0
e1-50,binary,50,bot_66,2894,b,2,29.84,25,72.11,81,8.89,0
e1-50,binary,50,bot_66,2894,b,4,33.91,25,97.44,95,-2.44,0
e1-50,binary,50,bot_66,2894,b,6,10.31,25,80.63,73,-7.63,0
e1-50,binary,50,bot_66,2894,b,8,17.15,25,123.9,113,-10.9,0
e1-50,binary,50,bot_66,2894,b,10,52.62,25,97.71,84,-13.71,0
e1-50,binary,50,bot_66,2894,b,12,40.89,25,91.1,95,3.9,0
e1-50,binary,50,bot_66,2894,b,14,71.85,25,119.32,123,3.68,0
e1-50,binary,50,bot_66,2894,b,16,71.1,25,114.24,149,34.76,0
e1-50,binary,50,bot_66,2894,b,18,60.52,25,112.51,133,20.49,0
e1-50,binary,50,bot_66,2894,b,20,41.51,25,111.9,134,22.1,0
e1-50,binary,50,bot_66,2894,b,22,67.03,25,142.3,164,21.7,0
e1-50,binary,50,bot_66,2894,b,24,22.75,25,170.57,159,-11.57,0
e1-50,binary,50,bot_66,2894,b,26,73.11,25,133.24,181,47.76,0
e1-50,binary,50,bot_66,2894,b,28,56.04,25,107.22,127,19.78,0
e1-50,binary,50,bot_66,2894,b,30,21.41,25,85.14,84,-1.14,0
e1-50,binary,50,bot_66,2894,b,32,20.89,25,144,141,-3,0
e1-50,binary,50,bot_66,2894,b,34,24.73,25,166.2,149,-17.2,0
e1-50,binary,50,bot_66,2894,b,36,11.39,25,140.37,125,-15.37,0
e1-50,binary,50,bot_66,2894,b,38,69.02,25,150.83,132,-18.83,0
e1-50,binary,50,bot_66,2894,b,40,67.49,25,94.11,122,27.89,0
e1-50,binary,50,bot_66,2894,b,42,64.17,25,94.58,112,17.42,0
e1-50,binary,50,bot_66,2894,b,44,33.61,25,69.51,81,11.49,0
e1-50,binary,50,bot_66,2894,b,46,23.9,25,64.21,67,2.79,0
e1-50,binary,50,bot_66,2894,b,48,28.37,25,83.05,76,-7.05,0
e1-50,binary,50,bot_66,2894,b,50,23.01,25,86.88,78,-8.88,0
e1-50,binary,50,bot_66,2894,b,52,17.32,25,91.02,79,-12.02,0
e1-50,binary,50,bot_66,2894,b,54,5.56,25,72.68,53,-19.68,0
e1-50,binary,50,bot_66,2894,b,56,14.31,25,61.43,50,-11.43,0
e1-50,binary,50,bot_66,2894,b,58,15.3,25,64.42,53,-11.42,0
e1-50,binary,50,bot_66,2894,b,60,5.22,25,62.8,49,-13.8,0
e1-50,binary,50,bot_67,2895,w,1,43.92,25,58.59,90,31.41,0
e1-50,binary,50,bot_67,2895,w,3,49.74,25,81.91,102,20.09,0
e1-50,binary,50,bot_67,2895,w,5,22.75,25,68.64,86,17.36,0
e1-50,binary,50,bot_67,2895,w,7,32.9,25,109.29,123,13.71,0
e1-50,binary,50,bot_67,2895,w,9,18.05,25,88.32,95,6.68,0
e1-50,binary,50,bot_67,2895,w,11,11.7,25,110.31,117,6.69,0
e1-50,binary,50,bot_67,2895,w,13,8.76,25,143.36,137,-6.36,0
e1-50,binary,50,bot_67,2895,w,15,90.22,25,95.48,168,72.52,0
e1-50,binary,50,bot_67,2895,w,17,76.84,25,96.32,147,50.68,0
e1-50,binary,50,bot_67,2895,w,19,50.28,25,105.18,154,48.82,0
e1-50,binary,50,bot_67,2895,w,21,77.83,25,121.59,173,51.41,0
e1-50,binary,50,bot_67,2895,w,23,72.93,25,118.98,162,43.02,0
e1-50,binary,50,bot_67,2895,w,25,65.92,25,130.75,163,32.25,0
e1-50,binary,50,bot_67,2895,w,27,44.1,25,117.79,141,23.21,0
e1-50,binary,50,bot_67,2895,w,29,8.22,25,87.53,88,0.47,0
e1-50,binary,50,bot_67,2895,w,31,79.25,25,149.31,136,-13.31,0
e1-50,binary,50,bot_67,2895,w,33,78.47,25,109.71,128,18.29,0
e1-50,binary,50,bot_67,2895,w,35,50,25,103.93,135,31.07,0
e1-50,binary,50,bot_67,2895,w,37,73.47,25,85.05,111,25.95,0
e1-50,binary,50,bot_67,2895,w,39,58.33,25,99.03,109,9.97,0
e1-50,binary,50,bot_67,2895,w,41,36.23,25,104.04,119,14.96,0
e1-50,binary,50,bot_67,2895,w,43,20.51,25,104.29,94,-10.29,0
e1-50,binary,50,bot_67,2895,w,45,16.71,25,82.52,70,-12.52,0
e1-50,binary,50,bot_67,2895,w,47,10.41,25,101.71,93,-8.71,0
e1-50,binary,50,bot_67,2895,w,49,45.94,25,63.97,96,32.03,0
e1-50,binary,50,bot_67,2895,w,51,37.65,25,70.4,99,28.6,0
e1-50,binary,50,bot_67,2895,w,53,4.59,25,60.44,70,9.56,0
e1-50,binary,50,bot_67,2895,w,55,4.09,25,65.55,63,-2.55,0
e1-50,binary,50,bot_67,2895,w,57,19.34,25,60.65,64,3.35,0
e1-50,binary,50,bot_67,2895,w,59,8.82,25,59.47,56,-3.47,0
e1-50,binary,50,bot_68,2895,b,2,44.63,25,76.52,91,14.48,0
e1-50,binary,50,bot_68,2895,b,4,42.2,25,91.38,114,22.62,0
e1-50,binary,50,bot_68,2895,b,6,37.18,25,135.09,129,-6.09,0
e1-50,binary,50,bot_68,2895,b,8,29.44,25,117.98,123,5.02,0
e1-50,binary,50,bot_68,2895,b,10,30.28,25,120.1,111,-9.1,0
e1-50,binary,50,bot_68,2895,b,12,16.67,25,125.85,110,-15.85,0
e1-50,binary,50,bot_68,2895,b,14,97.62,25,157.48,137,-20.48,0
e1-50,binary,50,bot_68,2895,b,16,74.73,25,94.39,156,61.61,0
e1-50,binary,50,bot_68,2895,b,18,72.9,25,101.46,150,48.54,0
e1-50,binary,50,bot_68,2895,b,20,75.4,25,85.45,106,20.55,0
e1-50,binary,50,bot_68,2895,b,22,68.05,25,121.05,171,49.95,0
e1-50,binary,50,bot_68,2895,b,24,58.43,25,137.87,183,45.13,0
e1-50,binary,50,bot_68,2895,b,26,49.02,25,131.46,169,37.54,0
e1-50,binary,50,bot_68,2895,b,28,25.89,25,114.71,131,16.29,0
e1-50,binary,50,bot_68,2895,b,30,12.6,25,118.82,100,-18.82,0
e1-50,binary,50,bot_68,2895,b,32,44.51,25,106.49,158,51.51,0
e1-50,binary,50,bot_68,2895,b,34,57.46,25,128.6,180,51.4,0
e1-50,binary,50,bot_68,2895,b,36,51.04,25,81.59,103,21.41,0
e1-50,binary,50,bot_68,2895,b,38,35.19,25,82.32,129,46.68,0
e1-50,binary,50,bot_68,2895,b,40,40.87,25,113.44,145,31.56,0
e1-50,binary,50,bot_68,2895,b,42,15.75,25,113.35,122,8.65,0
e1-50,binary,50,bot_68,2895,b,44,14.13,25,101.73,95,-6.73,0
e1-50,binary,50,bot_68,2895,b,46,15.56,25,94.96,83,-11.96,0
e1-50,binary,50,bot_68,2895,b,48,57.11,25,116.04,98,-18.04,0
e1-50,binary,50,bot_68,2895,b,50,54.68,25,69.74,89,19.26,0
e1-50,binary,50,bot_68,2895,b,52,35,25,67.79,78,10.21,0
e1-50,binary,50,bot_68,2895,b,54,22.66,25,86.97,64,-22.97,0
e1-50,binary,50,bot_68,2895,b,56,22.73,25,82.05,58,-24.05,0
e1-50,binary,50,bot_68,2895,b,58,15.77,25,63.24,60,-3.24,0
e1-50,binary,50,bot_68,2895,b,60,8.92,25,69.98,56,-13.98,0
e1-50,binary,50,bot_69,2896,w,1,47.96,25,73.59,98,24.41,0
e1-50,binary,50,bot_69,2896,w,3,45.75,25,87.88,114,26.12,0
e1-50,binary,50,bot_69,2896,w,5,41.27,25,130.89,128,-2.89,0
e1-50,binary,50,bot_69,2896,w,7,32.23,25,114.62,127,12.38,0
e1-50,binary,50,bot_69,2896,w,9,33.77,25,116.63,113,-3.63,0
e1-50,binary,50,bot_69,2896,w,11,21.61,25,120.87,110,-10.87,0
e1-50,binary,50,bot_69,2896,w,13,15.27,25,151.17,140,-11.17,0
e1-50,binary,50,bot_69,2896,w,15,85.87,25,176.55,166,-10.55,0
e1-50,binary,50,bot_69,2896,w,17,80.54,25,93.73,147,53.27,0
e1-50,binary,50,bot_69,2896,w,19,80.87,25,79.38,109,29.62,0
e1-50,binary,50,bot_69,2896,w,21,76.43,25,113,170,57,0
e1-50,binary,50,bot_69,2896,w,23,67.45,25,128.77,182,53.23,0
e1-50,binary,50,bot_69,2896,w,25,55.49,25,124.85,170,45.15,0
e1-50,binary,50,bot_69,2896,w,27,30,25,111.04,130,18.96,0
e1-50,binary,50,bot_69,2896,w,29,18.77,25,112.65,99,-13.65,0
e1-50,binary,50,bot_69,2896,w,31,9.11,25,162.3,156,-6.3,0
e1-50,binary,50,bot_69,2896,w,33,63.77,25,121.87,189,67.13,0
e1-50,binary,50,bot_69,2896,w,35,55.2,25,77.63,104,26.38,0
e1-50,binary,50,bot_69,2896,w,37,37.53,25,80.01,136,55.99,0
e1-50,binary,50,bot_69,2896,w,39,48.97,25,105.24,146,40.76,0
e1-50,binary,50,bot_69,2896,w,41,20.06,25,109.1,127,17.9,0
e1-50,binary,50,bot_69,2896,w,43,20.19,25,95.49,94,-1.49,0
e1-50,binary,50,bot_69,2896,w,45,25.72,25,84.68,81,-3.68,0
e1-50,binary,50,bot_69,2896,w,47,13.8,25,109.72,102,-7.72,0
e1-50,binary,50,bot_69,2896,w,49,64.31,25,130.11,108,-22.11,0
e1-50,binary,50,bot_69,2896,w,51,37.99,25,64.48,77,12.52,0
e1-50,binary,50,bot_69,2896,w,53,26.1,25,83.7,62,-21.7,0
e1-50,binary,50,bot_69,2896,w,55,6.22,25,78.5,58,-20.5,0
e1-50,binary,50,bot_69,2896,w,57,13.39,25,71.3,52,-19.3,0
e1-50,binary,50,bot_69,2896,w,59,7.98,25,68.94,56,-12.94,0
e1-50,binary,50,bot_70,2896,b,2,53.48,25,78.17,104,25.83,0
e1-50,binary,50,bot_70,2896,b,4,25.94,25,65.42,89,23.58,0
e1-50,binary,50,bot_70,2896,b,6,39.15,25,103.28,122,18.72,0
e1-50,binary,50,bot_70,2896,b,8,22.53,25,83.99,93,9.01,0
e1-50,binary,50,bot_70,2896,b,10,16.52,25,105.45,117,11.55,0
e1-50,binary,50,bot_70,2896,b,12,15.62,25,136.45,135,-1.45,0
e1-50,binary,50,bot_70,2896,b,14,16.05,25,163.95,156,-7.95,0
e1-50,binary,50,bot_70,2896,b,16,80.97,25,92.68,155,62.32,0
e1-50,binary,50,bot_70,2896,b,18,56.22,25,99.59,157,57.41,0
e1-50,binary,50,bot_70,2896,b,20,84.3,25,114.87,174,59.13,0
e1-50,binary,50,bot_70,2896,b,22,80.75,25,111.12,163,51.88,0
e1-50,binary,50,bot_70,2896,b,24,73.17,25,123.46,167,43.54,0
e1-50,binary,50,bot_70,2896,b,26,46.8,25,115.25,148,32.75,0
e1-50,binary,50,bot_70,2896,b,28,13.09,25,82.59,89,6.41,0
e1-50,binary,50,bot_70,2896,b,30,20.93,25,140.54,136,-4.54,0
e1-50,binary,50,bot_70,2896,b,32,94.39,25,140.55,126,-14.55,0
e1-50,binary,50,bot_70,2896,b,34,54.64,25,99.43,140,40.57,0
e1-50,binary,50,bot_70,2896,b,36,82.67,25,75.47,107,31.53,0
e1-50,binary,50,bot_70,2896,b,38,67.6,25,89.58,103,13.42,0
e1-50,binary,50,bot_70,2896,b,40,45.17,25,95.03,119,23.97,0
e1-50,binary,50,bot_70,2896,b,42,26.47,25,98.57,95,-3.57,0
e1-50,binary,50,bot_70,2896,b,44,23.95,25,75.03,70,-5.03,0
e1-50,binary,50,bot_70,2896,b,46,20.12,25,92.29,95,2.71,0
e1-50,binary,50,bot_70,2896,b,48,4.44,25,85.4,75,-10.4,0
e1-50,binary,50,bot_70,2896,b,50,40.45,25,67.58,108,40.42,0
e1-50,binary,50,bot_70,2896,b,52,5.13,25,60.23,74,13.77,0
e1-50,binary,50,bot_70,2896,b,54,7.12,25,62.5,65,2.5,0
e1-50,binary,50,bot_70,2896,b,56,2.62,25,71.3,55,-16.3,0
e1-50,binary,50,bot_70,2896,b,58,9.1,25,61.93,57,-4.93,0
e1-50,binary,50,bot_70,2896,b,60,14.95,25,69.31,59,-10.31,0
e1-50,binary,50,bot_71,2897,w,1,53.32,25,83.73,116,32.27,0
e1-50,binary,50,bot_71,2897,w,3,56.28,25,80.05,85,4.95,0
e1-50,binary,50,bot_71,2897,w,5,45.52,25,99.61,115,15.39,0
e1-50,binary,50,bot_71,2897,w,7,20.85,25,81.01,87,5.99,0
e1-50,binary,50,bot_71,2897,w,9,14.03,25,118.4,106,-12.4,0
e1-50,binary,50,bot_71,2897,w,11,35.13,25,156.96,134,-22.96,0
e1-50,binary,50,bot_71,2897,w,13,37.85,25,149.04,156,6.96,0
e1-50,binary,50,bot_71,2897,w,15,31.92,25,141.49,137,-4.49,0
e1-50,binary,50,bot_71,2897,w,17,19.25,25,132.79,129,-3.79,0
e1-50,binary,50,bot_71,2897,w,19,30.34,25,175.47,169,-6.47,0
e1-50,binary,50,bot_71,2897,w,21,17.82,25,175.63,162,-13.63,0
e1-50,binary,50,bot_71,2897,w,23,69.99,25,136.35,183,46.65,0
e1-50,binary,50,bot_71,2897,w,25,54.92,25,108.22,126,17.78,0
e1-50,binary,50,bot_71,2897,w,27,19.86,25,86.57,84,-2.57,0
e1-50,binary,50,bot_71,2897,w,29,19.3,25,145.48,138,-7.48,0
e1-50,binary,50,bot_71,2897,w,31,21.28,25,169.69,150,-19.69,0
e1-50,binary,50,bot_71,2897,w,33,9.09,25,142.56,125,-17.56,0
e1-50,binary,50,bot_71,2897,w,35,56.63,25,112.5,140,27.5,0
e1-50,binary,50,bot_71,2897,w,37,65.05,25,96.54,122,25.46,0
e1-50,binary,50,bot_71,2897,w,39,61.48,25,97.21,113,15.79,0
e1-50,binary,50,bot_71,2897,w,41,31.59,25,70.56,80,9.44,0
e1-50,binary,50,bot_71,2897,w,43,22.34,25,65.76,66,0.24,0
e1-50,binary,50,bot_71,2897,w,45,25.93,25,85.5,76,-9.5,0
e1-50,binary,50,bot_71,2897,w,47,19.68,25,90.21,78,-12.21,0
e1-50,binary,50,bot_71,2897,w,49,14.46,25,93.89,78,-15.89,0
e1-50,binary,50,bot_71,2897,w,51,25.77,25,75.16,54,-21.16,0
e1-50,binary,50,bot_71,2897,w,53,11.68,25,63.93,45,-18.93,0
e1-50,binary,50,bot_71,2897,w,55,13.25,25,66.37,50,-16.37,0
e1-50,binary,50,bot_71,2897,w,57,35.4,25,65.33,49,-16.33,0
e1-50,binary,50,bot_71,2897,w,59,19.4,25,61.92,50,-11.92,0
e1-50,binary,50,bot_72,2897,b,2,33.55,25,82.14,107,24.86,0
e1-50,binary,50,bot_72,2897,b,4,45.61,25,102.68,131,28.32,0
e1-50,binary,50,bot_72,2897,b,6,35.92,25,96.46,114,17.54,0
e1-50,binary,50,bot_72,2897,b,8,17.86,25,124.95,118,-6.95,0
e1-50,binary,50,bot_72,2897,b,10,7.46,25,124.77,111,-13.77,0
e1-50,binary,50,bot_72,2897,b,12,37.43,25,138.8,147,8.2,0
e1-50,binary,50,bot_72,2897,b,14,26.47,25,142.54,153,10.46,0
e1-50,binary,50,bot_72,2897,b,16,26.33,25,148.02,152,3.98,0
e1-50,binary,50,bot_72,2897,b,18,24.55,25,138.93,130,-8.93,0
e1-50,binary,50,bot_72,2897,b,20,17.2,25,165.39,168,2.61,0
e1-50,binary,50,bot_72,2897,b,22,77.43,25,181.53,170,-11.53,0
e1-50,binary,50,bot_72,2897,b,24,48.14,25,115.28,157,41.72,0
e1-50,binary,50,bot_72,2897,b,26,29,25,90.55,117,26.45,0
e1-50,binary,50,bot_72,2897,b,28,23.7,25,121.89,113,-8.89,0
e1-50,binary,50,bot_72,2897,b,30,11.75,25,139.37,131,-8.37,0
e1-50,binary,50,bot_72,2897,b,32,13.62,25,171.55,164,-7.55,0
e1-50,binary,50,bot_72,2897,b,34,58.73,25,124.73,105,-19.73,0
e1-50,binary,50,bot_72,2897,b,36,56.32,25,64.33,93,28.67,0
e1-50,binary,50,bot_72,2897,b,38,46.6,25,98.09,134,35.91,0
e1-50,binary,50,bot_72,2897,b,40,41.32,25,69.11,103,33.89,0
e1-50,binary,50,bot_72,2897,b,42,30.3,25,92.99,95,2.01,0
e1-50,binary,50,bot_72,2897,b,44,21.74,25,104.96,99,-5.96,0
e1-50,binary,50,bot_72,2897,b,46,19.64,25,105.42,103,-2.42,0
e1-50,binary,50,bot_72,2897,b,48,14.72,25,109.96,101,-8.96,0
e1-50,binary,50,bot_72,2897,b,50,9.58,25,92.43,78,-14.43,0
e1-50,binary,50,bot_72,2897,b,52,12.37,25,75.39,72,-3.39,0
e1-50,binary,50,bot_72,2897,b,54,9.34,25,73.52,56,-17.52,0
e1-50,binary,50,bot_72,2897,b,56,8.04,25,70.61,59,-11.61,0
e1-50,binary,50,bot_72,2897,b,58,13.64,25,57.44,69,11.56,0
e1-50,binary,50,bot_72,2897,b,60,10.27,25,60.09,55,-5.09,0
e1-50,binary,50,bot_73,2898,w,1,32.36,25,59.27,90,30.73,0
e1-50,binary,50,bot_73,2898,w,3,52.01,25,91.47,114,22.53,0
e1-50,binary,50,bot_73,2898,w,5,30.32,25,77.3,91,13.7,0
e1-50,binary,50,bot_73,2898,w,7,23.1,25,99.59,115,15.41,0
e1-50,binary,50,bot_73,2898,w,9,32.07,25,119.99,116,-3.99,0
e1-50,binary,50,bot_73,2898,w,11,33.61,25,145.24,139,-6.24,0
e1-50,binary,50,bot_73,2898,w,13,20.29,25,150.11,139,-11.11,0
e1-50,binary,50,bot_73,2898,w,15,12.93,25,163.72,146,-17.72,0
e1-50,binary,50,bot_73,2898,w,17,97.65,25,101.2,161,59.8,0
e1-50,binary,50,bot_73,2898,w,19,95.85,25,96.12,157,60.88,0
e1-50,binary,50,bot_73,2898,w,21,88.38,25,108.23,162,53.77,0
e1-50,binary,50,bot_73,2898,w,23,61.91,25,100.29,138,37.71,0
e1-50,binary,50,bot_73,2898,w,25,20.5,25,75.3,81,5.7,0
e1-50,binary,50,bot_73,2898,w,27,36.03,25,124.51,120,-4.51,0
e1-50,binary,50,bot_73,2898,w,29,24.21,25,126.29,112,-14.29,0
e1-50,binary,50,bot_73,2898,w,31,12.15,25,149.36,138,-11.36,0
e1-50,binary,50,bot_73,2898,w,33,100.91,25,118.15,94,-24.15,0
e1-50,binary,50,bot_73,2898,w,35,74.95,25,83.07,91,7.93,0
e1-50,binary,50,bot_73,2898,w,37,54.52,25,85.83,112,26.17,0
e1-50,binary,50,bot_73,2898,w,39,33.6,25,91.94,84,-7.94,0
e1-50,binary,50,bot_73,2898,w,41,26.75,25,72.04,66,-6.04,0
e1-50,binary,50,bot_73,2898,w,43,27.63,25,84.7,82,-2.7,0
e1-50,binary,50,bot_73,2898,w,45,11.23,25,79.25,64,-15.25,0
e1-50,binary,50,bot_73,2898,w,47,4.57,25,98.53,75,-23.53,0
e1-50,binary,50,bot_73,2898,w,49,9.95,25,55.24,70,14.76,0
e1-50,binary,50,bot_73,2898,w,51,10.86,25,58.76,52,-6.76,0
e1-50,binary,50,bot_73,2898,w,53,7.44,25,67.55,43,-24.55,0
e1-50,binary,50,bot_73,2898,w,55,6.78,25,64.18,47,-17.18,0
e1-50,binary,50,bot_73,2898,w,57,11.14,25,55.22,49,-6.22,0
e1-50,binary,50,bot_73,2898,w,59,5.5,25,53.2,37,-16.2,0
e1-50,binary,50,bot_74,2898,b,2,57.97,25,114.2,114,-0.2,0
e1-50,binary,50,bot_74,2898,b,4,48.51,25,97.5,116,18.5,0
e1-50,binary,50,bot_74,2898,b,6,50.42,25,99.09,96,-3.09,0
e1-50,binary,50,bot_74,2898,b,8,31.17,25,111.41,101,-10.41,0
e1-50,binary,50,bot_74,2898,b,10,29.15,25,137.32,136,-1.32,0
e1-50,binary,50,bot_74,2898,b,12,23.29,25,161.71,161,-0.71,0
e1-50,binary,50,bot_74,2898,b,14,17.89,25,148.85,135,-13.85,0
e1-50,binary,50,bot_74,2898,b,16,94.35,25,133.25,113,-20.25,0
e1-50,binary,50,bot_74,2898,b,18,94.98,25,95.14,160,64.86,0
e1-50,binary,50,bot_74,2898,b,20,85.39,25,110.83,175,64.17,0
e1-50,binary,50,bot_74,2898,b,22,70.91,25,109.48,166,56.52,0
e1-50,binary,50,bot_74,2898,b,24,40.25,25,101.42,132,30.58,0
e1-50,binary,50,bot_74,2898,b,26,27.7,25,103.57,93,-10.57,0
e1-50,binary,50,bot_74,2898,b,28,19.79,25,152.33,157,4.67,0
e1-50,binary,50,bot_74,2898,b,30,22.13,25,180.64,174,-6.64,0
e1-50,binary,50,bot_74,2898,b,32,8.64,25,122.58,102,-20.58,0
e1-50,binary,50,bot_74,2898,b,34,42.06,25,75.75,146,70.25,0
e1-50,binary,50,bot_74,2898,b,36,59.02,25,94.79,138,43.21,0
e1-50,binary,50,bot_74,2898,b,38,25.86,25,103.34,127,23.66,0
e1-50,binary,50,bot_74,2898,b,40,27.26,25,88.36,90,1.64,0
e1-50,binary,50,bot_74,2898,b,42,31.6,25,78.76,73,-5.76,0
e1-50,binary,50,bot_74,2898,b,44,17.12,25,106.15,101,-5.15,0
e1-50,binary,50,bot_74,2898,b,46,8.92,25,127.6,108,-19.6,0
e1-50,binary,50,bot_74,2898,b,48,47.41,25,118.03,90,-28.03,0
e1-50,binary,50,bot_74,2898,b,50,26.66,25,83.28,61,-22.28,0
e1-50,binary,50,bot_74,2898,b,52,8.78,25,75.97,55,-20.97,0
e1-50,binary,50,bot_74,2898,b,54,8.6,25,75.82,57,-18.82,0
e1-50,binary,50,bot_74,2898,b,56,20.77,25,74.15,57,-17.15,0
e1-50,binary,50,bot_74,2898,b,58,10.39,25,73.34,59,-14.34,0
e1-50,binary,50,bot_74,2898,b,60,13.9,25,70.44,50,-20.44,0
e1-50,binary,50,bot_75,2899,w,1,62.71,25,109.2,119,9.8,0
e1-50,binary,50,bot_75,2899,w,3,56.02,25,89.6,116,26.4,0
e1-50,binary,50,bot_75,2899,w,5,56.24,25,93.27,97,3.73,0
e1-50,binary,50,bot_75,2899,w,7,36.45,25,107,103,-4,0
e1-50,binary,50,bot_75,2899,w,9,37.43,25,127.97,139,11.03,0
e1-50,binary,50,bot_75,2899,w,11,33.72,25,151.6,163,11.4,0
e1-50,binary,50,bot_75,2899,w,13,26.88,25,139.29,136,-3.29,0
e1-50,binary,50,bot_75,2899,w,15,12.52,25,127.67,120,-7.67,0
e1-50,binary,50,bot_75,2899,w,17,10.06,25,182.78,172,-10.78,0
e1-50,binary,50,bot_75,2899,w,19,97.95,25,98.03,183,84.97,0
e1-50,binary,50,bot_75,2899,w,21,76.53,25,104.37,179,74.63,0
e1-50,binary,50,bot_75,2899,w,23,54.66,25,88.01,135,46.99,0
e1-50,binary,50,bot_75,2899,w,25,35.72,25,95.3,93,-2.3,0
e1-50,binary,50,bot_75,2899,w,27,32.12,25,141.02,152,10.98,0
e1-50,binary,50,bot_75,2899,w,29,35.35,25,166.82,170,3.18,0
e1-50,binary,50,bot_75,2899,w,31,16.84,25,114.5,110,-4.5,0
e1-50,binary,50,bot_75,2899,w,33,49.49,25,160.39,140,-20.39,0
e1-50,binary,50,bot_75,2899,w,35,62.91,25,90.71,134,43.29,0
e1-50,binary,50,bot_75,2899,w,37,27.8,25,101.42,125,23.58,0
e1-50,binary,50,bot_75,2899,w,39,30.59,25,84.94,88,3.06,0
e1-50,binary,50,bot_75,2899,w,41,34.35,25,75.96,71,-4.96,0
e1-50,binary,50,bot_75,2899,w,43,22.32,25,101.02,97,-4.02,0
e1-50,binary,50,bot_75,2899,w,45,13.02,25,122.89,102,-20.89,0
e1-50,binary,50,bot_75,2899,w,47,9.77,25,115.21,89,-26.21,0
e1-50,binary,50,bot_75,2899,w,49,35.04,25,92.05,63,-29.05,0
e1-50,binary,50,bot_75,2899,w,51,13.28,25,71.38,51,-20.38,0
e1-50,binary,50,bot_75,2899,w,53,6.36,25,77.93,62,-15.93,0
e1-50,binary,50,bot_75,2899,w,55,16.29,25,62.52,55,-7.52,0
e1-50,binary,50,bot_75,2899,w,57,8.91,25,74.78,56,-18.78,0
e1-50,binary,50,bot_75,2899,w,59,11.16,25,68.69,48,-20.69,0
e1-50,binary,50,bot_76,2899,b,2,57.77,25,86.33,124,37.67,0
e1-50,binary,50,bot_76,2899,b,4,34.95,25,73.07,104,30.93,0
e1-50,binary,50,bot_76,2899,b,6,28.34,25,93.67,125,31.33,0
e1-50,binary,50,bot_76,2899,b,8,42.26,25,109.74,122,12.26,0
e1-50,binary,50,bot_76,2899,b,10,44.5,25,134.81,148,13.19,0
e1-50,binary,50,bot_76,2899,b,12,28.51,25,142.18,152,9.82,0
e1-50,binary,50,bot_76,2899,b,14,24.67,25,151.92,154,2.08,0
e1-50,binary,50,bot_76,2899,b,16,22.68,25,164.86,152,-12.86,0
e1-50,binary,50,bot_76,2899,b,18,118.79,25,168.65,152,-16.65,0
e1-50,binary,50,bot_76,2899,b,20,107.97,25,88.88,158,69.12,0
e1-50,binary,50,bot_76,2899,b,22,79.88,25,81.98,130,48.02,0
e1-50,binary,50,bot_76,2899,b,24,30.4,25,65.31,91,25.69,0
e1-50,binary,50,bot_76,2899,b,26,43.4,25,116.57,125,8.43,0
e1-50,binary,50,bot_76,2899,b,28,36.05,25,114.34,118,3.66,0
e1-50,binary,50,bot_76,2899,b,30,28.2,25,133.68,142,8.32,0
e1-50,binary,50,bot_76,2899,b,32,12.58,25,115.26,104,-11.26,0
e1-50,binary,50,bot_76,2899,b,34,77.4,25,80.57,102,21.43,0
e1-50,binary,50,bot_76,2899,b,36,57.23,25,83.14,119,35.86,0
e1-50,binary,50,bot_76,2899,b,38,36.56,25,89.09,89,-0.09,0
e1-50,binary,50,bot_76,2899,b,40,28.51,25,70.22,73,2.78,0
e1-50,binary,50,bot_76,2899,b,42,29.44,25,82.91,89,6.09,0
e1-50,binary,50,bot_76,2899,b,44,12.71,25,77.93,73,-4.93,0
e1-50,binary,50,bot_76,2899,b,46,7.17,25,96.33,82,-14.33,0
e1-50,binary,50,bot_76,2899,b,48,3.81,25,84.62,66,-18.62,0
e1-50,binary,50,bot_76,2899,b,50,12.96,25,56.73,64,7.27,0
e1-50,binary,50,bot_76,2899,b,52,10.42,25,65.69,52,-13.69,0
e1-50,binary,50,bot_76,2899,b,54,19.36,25,68.13,52,-16.13,0
e1-50,binary,50,bot_76,2899,b,56,8.29,25,57.67,51,-6.67,0
e1-50,binary,50,bot_76,2899,b,58,6.08,25,57.24,44,-13.24,0
e1-50,binary,50,bot_76,2899,b,60,8.28,25,86.32,75,-11.32,0
e1-50,binary,50,bot_77,2900,w,1,57.52,25,91.06,137,45.94,0
e1-50,binary,50,bot_77,2900,w,3,43.29,25,89.24,122,32.76,0
e1-50,binary,50,bot_77,2900,w,5,22.97,25,120.31,130,9.69,0
e1-50,binary,50,bot_77,2900,w,7,19.5,25,113.63,117,3.38,0
e1-50,binary,50,bot_77,2900,w,9,46.25,25,130.1,157,26.9,0
e1-50,binary,50,bot_77,2900,w,11,32.78,25,136.32,165,28.68,0
e1-50,binary,50,bot_77,2900,w,13,33.86,25,140.7,162,21.3,0
e1-50,binary,50,bot_77,2900,w,15,34.44,25,128.4,136,7.6,0
e1-50,binary,50,bot_77,2900,w,17,15.16,25,167.18,190,22.82,0
e1-50,binary,50,bot_77,2900,w,19,63.1,25,125.75,186,60.25,0
e1-50,binary,50,bot_77,2900,w,21,46.97,25,116.41,159,42.59,0
e1-50,binary,50,bot_77,2900,w,23,27.76,25,91.81,122,30.19,0
e1-50,binary,50,bot_77,2900,w,25,21.43,25,124.26,119,-5.26,0
e1-50,binary,50,bot_77,2900,w,27,10.49,25,140.59,133,-7.59,0
e1-50,binary,50,bot_77,2900,w,29,11.62,25,173.53,167,-6.53,0
e1-50,binary,50,bot_77,2900,w,31,49.79,25,74.88,117,42.12,0
e1-50,binary,50,bot_77,2900,w,33,54.01,25,66.65,96,29.35,0
e1-50,binary,50,bot_77,2900,w,35,43.17,25,101.49,139,37.51,0
e1-50,binary,50,bot_77,2900,w,37,39.51,25,70.85,106,35.15,0
e1-50,binary,50,bot_77,2900,w,39,27.51,25,95.89,101,5.11,0
e1-50,binary,50,bot_77,2900,w,41,19.3,25,107.32,104,-3.32,0
e1-50,binary,50,bot_77,2900,w,43,16.92,25,107.91,108,0.09,0
e1-50,binary,50,bot_77,2900,w,45,10.76,25,113.92,106,-7.92,0
e1-50,binary,50,bot_77,2900,w,47,20,25,95.55,83,-12.55,0
e1-50,binary,50,bot_77,2900,w,49,9.56,25,78.2,73,-5.2,0
e1-50,binary,50,bot_77,2900,w,51,6.15,25,76.77,60,-16.77,0
e1-50,binary,50,bot_77,2900,w,53,5.49,25,73.13,63,-10.13,0
e1-50,binary,50,bot_77,2900,w,55,11.23,25,59.86,68,8.14,0
e1-50,binary,50,bot_77,2900,w,57,7.83,25,62.51,62,-0.51,0
e1-50,binary,50,bot_77,2900,w,59,5.33,25,62.17,53,-9.17,0
e1-50,binary,50,bot_78,2900,b,2,53.19,25,92.2,135,42.8,0
e1-50,binary,50,bot_78,2900,b,4,31.26,25,70.09,99,28.91,0
e1-50,binary,50,bot_78,2900,b,6,24.84,25,107.51,115,7.49,0
e1-50,binary,50,bot_78,2900,b,8,49.06,25,142.87,148,5.13,0
e1-50,binary,50,bot_78,2900,b,10,50.24,25,136.17,169,32.83,0
e1-50,binary,50,bot_78,2900,b,12,41.08,25,132.17,150,17.83,0
e1-50,binary,50,bot_78,2900,b,14,27.69,25,124.84,145,20.16,0
e1-50,binary,50,bot_78,2900,b,16,46.61,25,161.69,182,20.31,0
e1-50,binary,50,bot_78,2900,b,18,84.56,25,179.22,175,-4.22,0
e1-50,binary,50,bot_78,2900,b,20,66.52,25,139.89,183,43.11,0
e1-50,binary,50,bot_78,2900,b,22,53.12,25,109.86,138,28.14,0
e1-50,binary,50,bot_78,2900,b,24,18.09,25,88.15,96,7.85,0
e1-50,binary,50,bot_78,2900,b,26,15.96,25,148.57,150,1.43,0
e1-50,binary,50,bot_78,2900,b,28,17.49,25,173.73,164,-9.73,0
e1-50,binary,50,bot_78,2900,b,30,66.09,25,144.29,136,-8.29,0
e1-50,binary,50,bot_78,2900,b,32,53.71,25,115.19,145,29.81,0
e1-50,binary,50,bot_78,2900,b,34,61.76,25,99.92,135,35.08,0
e1-50,binary,50,bot_78,2900,b,36,58.55,25,100.25,123,22.75,0
e1-50,binary,50,bot_78,2900,b,38,30.09,25,71.7,91,19.3,0
e1-50,binary,50,bot_78,2900,b,40,20.87,25,67.16,76,8.84,0
e1-50,binary,50,bot_78,2900,b,42,23.81,25,87.95,88,0.05,0
e1-50,binary,50,bot_78,2900,b,44,16.66,25,93.21,91,-2.21,0
e1-50,binary,50,bot_78,2900,b,46,11.68,25,96.62,88,-8.62,0
e1-50,binary,50,bot_78,2900,b,48,19.5,25,67.91,68,0.09,0
e1-50,binary,50,bot_78,2900,b,50,8.63,25,66.66,58,-8.66,0
e1-50,binary,50,bot_78,2900,b,52,10.38,25,69.16,59,-10.16,0
e1-50,binary,50,bot_78,2900,b,54,28.59,25,72.29,61,-11.29,0
e1-50,binary,50,bot_78,2900,b,56,19.63,25,61.54,55,-6.54,0
e1-50,binary,50,bot_78,2900,b,58,12.65,25,69.8,62,-7.8,0
e1-50,binary,50,bot_78,2900,b,60,8.73,25,62.86,52,-10.86,0
e1-50,binary,50,bot_79,2901,w,1,59.83,25,86.71,127,40.29,0
e1-50,binary,50,bot_79,2901,w,3,60.33,25,89.57,96,6.43,0
e1-50,binary,50,bot_79,2901,w,5,41.35,25,102.61,104,1.39,0
e1-50,binary,50,bot_79,2901,w,7,42.9,25,122.29,137,14.71,0
e1-50,binary,50,bot_79,2901,w,9,38.79,25,146.97,167,20.03,0
e1-50,binary,50,bot_79,2901,w,11,32.32,25,133.55,137,3.45,0
e1-50,binary,50,bot_79,2901,w,13,15.78,25,124.92,124,-0.92,0
e1-50,binary,50,bot_79,2901,w,15,14.19,25,179.17,180,0.83,0
e1-50,binary,50,bot_79,2901,w,17,112.15,25,193.33,178,-15.33,0
e1-50,binary,50,bot_79,2901,w,19,79.35,25,101.44,178,76.56,0
e1-50,binary,50,bot_79,2901,w,21,58.09,25,85.08,133,47.92,0
e1-50,binary,50,bot_79,2901,w,23,37.16,25,93.9,93,-0.9,0
e1-50,binary,50,bot_79,2901,w,25,35.24,25,138.01,150,11.99,0
e1-50,binary,50,bot_79,2901,w,27,37.56,25,164.41,171,6.59,0
e1-50,binary,50,bot_79,2901,w,29,19.25,25,112.09,110,-2.09,0
e1-50,binary,50,bot_79,2901,w,31,7.38,25,159.64,141,-18.64,0
e1-50,binary,50,bot_79,2901,w,33,64.41,25,89.22,144,54.78,0
e1-50,binary,50,bot_79,2901,w,35,28.92,25,100.27,129,28.73,0
e1-50,binary,50,bot_79,2901,w,37,33.32,25,82.19,87,4.81,0
e1-50,binary,50,bot_79,2901,w,39,35.87,25,74.38,71,-3.38,0
e1-50,binary,50,bot_79,2901,w,41,25.13,25,98.17,97,-1.17,0
e1-50,binary,50,bot_79,2901,w,43,15.64,25,120.04,102,-18.04,0
e1-50,binary,50,bot_79,2901,w,45,12.79,25,112.15,90,-22.15,0
e1-50,binary,50,bot_79,2901,w,47,6.83,25,89.86,65,-24.86,0
e1-50,binary,50,bot_79,2901,w,49,19.08,25,85.56,56,-29.56,0
e1-50,binary,50,bot_79,2901,w,51,22.34,25,80.77,70,-10.77,0
e1-50,binary,50,bot_79,2901,w,53,12.83,25,65.88,50,-15.88,0
e1-50,binary,50,bot_79,2901,w,55,5.77,25,77.35,56,-21.35,0
e1-50,binary,50,bot_79,2901,w,57,8.04,25,71.53,48,-23.53,0
e1-50,binary,50,bot_79,2901,w,59,12.53,25,81.94,74,-7.94,0
e1-50,binary,50,bot_80,2901,b,2,38.48,25,69.61,94,24.39,0
e1-50,binary,50,bot_80,2901,b,4,33.3,25,88.23,112,23.77,0
e1-50,binary,50,bot_80,2901,b,6,48.2,25,103.76,108,4.24,0
e1-50,binary,50,bot_80,2901,b,8,52.46,25,126.75,133,6.25,0
e1-50,binary,50,bot_80,2901,b,10,35.53,25,135.14,138,2.86,0
e1-50,binary,50,bot_80,2901,b,12,32.73,25,143.86,140,-3.86,0
e1-50,binary,50,bot_80,2901,b,14,33.57,25,153.38,132,-21.38,0
e1-50,binary,50,bot_80,2901,b,16,17.82,25,160.16,138,-22.16,0
e1-50,binary,50,bot_80,2901,b,18,110.05,25,86.85,163,76.15,0
e1-50,binary,50,bot_80,2901,b,20,81.43,25,80.05,123,42.95,0
e1-50,binary,50,bot_80,2901,b,22,31.68,25,64.01,86,21.99,0
e1-50,binary,50,bot_80,2901,b,24,44.67,25,115.14,117,1.86,0
e1-50,binary,50,bot_80,2901,b,26,38.92,25,111.47,110,-1.47,0
e1-50,binary,50,bot_80,2901,b,28,30.92,25,131.08,133,1.92,0
e1-50,binary,50,bot_80,2901,b,30,13.82,25,113.15,97,-16.15,0
e1-50,binary,50,bot_80,2901,b,32,88.06,25,113.52,85,-28.52,0
e1-50,binary,50,bot_80,2901,b,34,60.84,25,79.51,109,29.49,0
e1-50,binary,50,bot_80,2901,b,36,39.44,25,86.33,79,-7.33,0
e1-50,binary,50,bot_80,2901,b,38,30.04,25,68.59,66,-2.59,0
e1-50,binary,50,bot_80,2901,b,40,32.25,25,79.92,80,0.08,0
e1-50,binary,50,bot_80,2901,b,42,15.09,25,75.63,65,-10.63,0
e1-50,binary,50,bot_80,2901,b,44,11.16,25,92.22,73,-19.22,0
e1-50,binary,50,bot_80,2901,b,46,8.02,25,80.33,57,-23.33,0
e1-50,binary,50,bot_80,2901,b,48,3.88,25,76.08,48,-28.08,0
e1-50,binary,50,bot_80,2901,b,50,15.75,25,61.64,45,-16.64,0
e1-50,binary,50,bot_80,2901,b,52,11.46,25,56.91,52,-4.91,0
e1-50,binary,50,bot_80,2901,b,54,4.85,25,61.38,46,-15.38,0
e1-50,binary,50,bot_80,2901,b,56,2.4,25,61.21,39,-22.21,0
e1-50,binary,50,bot_80,2901,b,58,18.45,25,89.13,68,-21.13,0
e1-50,binary,50,bot_80,2901,b,60,12.27,25,59.69,44,-15.69,0
e1-50,binary,50,bot_81,2902,w,1,39.45,25,69.17,107,37.83,0
e1-50,binary,50,bot_81,2902,w,3,9.83,25,77.09,108,30.91,0
e1-50,binary,50,bot_81,2902,w,5,56.16,25,95.56,108,12.44,0
e1-50,binary,50,bot_81,2902,w,7,59.05,25,120.33,139,18.67,0
e1-50,binary,50,bot_81,2902,w,9,44.3,25,126.39,141,14.61,0
e1-50,binary,50,bot_81,2902,w,11,38.01,25,138.73,144,5.27,0
e1-50,binary,50,bot_81,2902,w,13,40.7,25,145.72,132,-13.72,0
e1-50,binary,50,bot_81,2902,w,15,21.87,25,155.45,144,-11.45,0
e1-50,binary,50,bot_81,2902,w,17,14.53,25,172.46,157,-15.46,0
e1-50,binary,50,bot_81,2902,w,19,93.83,25,153.82,130,-23.82,0
e1-50,binary,50,bot_81,2902,w,21,36.36,25,59.24,90,30.76,0
e1-50,binary,50,bot_81,2902,w,23,48.33,25,111.04,121,9.96,0
e1-50,binary,50,bot_81,2902,w,25,47.39,25,103.07,117,13.93,0
e1-50,binary,50,bot_81,2902,w,27,37.45,25,125.35,139,13.65,0
e1-50,binary,50,bot_81,2902,w,29,21.23,25,105.34,96,-9.34,0
e1-50,binary,50,bot_81,2902,w,31,15.02,25,107.22,84,-23.22,0
e1-50,binary,50,bot_81,2902,w,33,74.82,25,135.84,112,-23.84,0
e1-50,binary,50,bot_81,2902,w,35,45.17,25,81.27,80,-1.27,0
e1-50,binary,50,bot_81,2902,w,37,33.64,25,64.69,72,7.31,0
e1-50,binary,50,bot_81,2902,w,39,36.36,25,76.12,83,6.88,0
e1-50,binary,50,bot_81,2902,w,41,17.16,25,74.52,77,2.48,0
e1-50,binary,50,bot_81,2902,w,43,13.54,25,89.98,80,-9.98,0
e1-50,binary,50,bot_81,2902,w,45,11.15,25,77.33,62,-15.33,0
e1-50,binary,50,bot_81,2902,w,47,8.28,25,71.93,48,-23.93,0
e1-50,binary,50,bot_81,2902,w,49,20.18,25,69.1,42,-27.1,0
e1-50,binary,50,bot_81,2902,w,51,12.84,25,58.24,46,-12.24,0
e1-50,binary,50,bot_81,2902,w,53,4.06,25,67.23,50,-17.23,0
e1-50,binary,50,bot_81,2902,w,55,8.28,25,50.73,42,-8.73,0
e1-50,binary,50,bot_81,2902,w,57,13.54,25,81.4,72,-9.4,0
e1-50,binary,50,bot_81,2902,w,59,14.51,25,57.5,49,-8.5,0
e1-50,binary,50,bot_82,2902,b,2,65.73,25,84.54,89,4.46,0
e1-50,binary,50,bot_82,2902,b,4,47.99,25,130.4,106,-24.4,0
e1-50,binary,50,bot_82,2902,b,6,54.23,25,110.66,130,19.34,0
e1-50,binary,50,bot_82,2902,b,8,49.01,25,137.06,160,22.94,0
e1-50,binary,50,bot_82,2902,b,10,40.25,25,125.11,133,7.89,0
e1-50,binary,50,bot_82,2902,b,12,21.51,25,119.52,122,2.48,0
e1-50,binary,50,bot_82,2902,b,14,22.76,25,170.81,177,6.19,0
e1-50,binary,50,bot_82,2902,b,16,19.23,25,184.65,170,-14.65,0
e1-50,binary,50,bot_82,2902,b,18,11.01,25,195.77,175,-20.77,0
e1-50,binary,50,bot_82,2902,b,20,66.66,25,76.57,135,58.43,0
e1-50,binary,50,bot_82,2902,b,22,44.48,25,86.54,86,-0.54,0
e1-50,binary,50,bot_82,2902,b,24,47.58,25,125.99,139,13.01,0
e1-50,binary,50,bot_82,2902,b,26,48.52,25,153.01,165,11.99,0
e1-50,binary,50,bot_82,2902,b,28,24.87,25,106.44,108,1.56,0
e1-50,binary,50,bot_82,2902,b,30,12.32,25,154.89,141,-13.89,0
e1-50,binary,50,bot_82,2902,b,32,12.31,25,149.81,129,-20.81,0
e1-50,binary,50,bot_82,2902,b,34,34.83,25,94.25,134,39.75,0
e1-50,binary,50,bot_82,2902,b,36,42.93,25,72.52,81,8.48,0
e1-50,binary,50,bot_82,2902,b,38,42.63,25,67.48,65,-2.48,0
e1-50,binary,50,bot_82,2902,b,40,38.32,25,84.74,86,1.26,0
e1-50,binary,50,bot_82,2902,b,42,23.71,25,111.8,93,-18.8,0
e1-50,binary,50,bot_82,2902,b,44,19.49,25,105.36,83,-22.36,0
e1-50,binary,50,bot_82,2902,b,46,10.94,25,85.73,61,-24.73,0
e1-50,binary,50,bot_82,2902,b,48,8.43,25,81.4,53,-28.4,0
e1-50,binary,50,bot_82,2902,b,50,15.96,25,69.5,62,-7.5,0
e1-50,binary,50,bot_82,2902,b,52,10.99,25,65.93,51,-14.93,0
e1-50,binary,50,bot_82,2902,b,54,18.21,25,78.45,55,-23.45,0
e1-50,binary,50,bot_82,2902,b,56,17.42,25,66.78,47,-19.78,0
e1-50,binary,50,bot_82,2902,b,58,19.27,25,88.64,74,-14.64,0
e1-50,binary,50,bot_82,2902,b,60,10.52,25,61.75,49,-12.75,0
e1-50,binary,50,bot_83,2903,w,1,66.47,25,84.25,97,12.75,0
e1-50,binary,50,bot_83,2903,w,3,50.74,25,127.82,103,-24.82,0
e1-50,binary,50,bot_83,2903,w,5,55.48,25,109.22,133,23.78,0
e1-50,binary,50,bot_83,2903,w,7,50.35,25,135.97,159,23.03,0
e1-50,binary,50,bot_83,2903,w,9,41.48,25,123.77,135,11.23,0
e1-50,binary,50,bot_83,2903,w,11,22.41,25,118.99,124,5.01,0
e1-50,binary,50,bot_83,2903,w,13,24.03,25,169.88,178,8.12,0
e1-50,binary,50,bot_83,2903,w,15,20.28,25,183.6,173,-10.6,0
e1-50,binary,50,bot_83,2903,w,17,12.09,25,194.82,176,-18.82,0
e1-50,binary,50,bot_83,2903,w,19,73.66,25,156.04,131,-25.04,0
e1-50,binary,50,bot_83,2903,w,21,45.73,25,85.3,89,3.7,0
e1-50,binary,50,bot_83,2903,w,23,49.56,25,124.25,137,12.75,0
e1-50,binary,50,bot_83,2903,w,25,51,25,150.37,165,14.63,0
e1-50,binary,50,bot_83,2903,w,27,26.8,25,104.94,108,3.06,0
e1-50,binary,50,bot_83,2903,w,29,14.04,25,153.53,141,-12.53,0
e1-50,binary,50,bot_83,2903,w,31,14.69,25,147.45,129,-18.45,0
e1-50,binary,50,bot_83,2903,w,33,44.83,25,150.85,126,-24.85,0
e1-50,binary,50,bot_83,2903,w,35,45.26,25,70.77,81,10.23,0
e1-50,binary,50,bot_83,2903,w,37,44.49,25,65.74,66,0.26,0
e1-50,binary,50,bot_83,2903,w,39,41.22,25,81.68,84,2.32,0
e1-50,binary,50,bot_83,2903,w,41,27.57,25,108.26,89,-19.26,0
e1-50,binary,50,bot_83,2903,w,43,19.86,25,105.19,86,-19.19,0
e1-50,binary,50,bot_83,2903,w,45,14.15,25,82.51,59,-23.51,0
e1-50,binary,50,bot_83,2903,w,47,11.38,25,77.95,51,-26.95,0
e1-50,binary,50,bot_83,2903,w,49,19.84,25,65.67,59,-6.67,0
e1-50,binary,50,bot_83,2903,w,51,13.62,25,63.33,49,-14.33,0
e1-50,binary,50,bot_83,2903,w,53,5.9,25,75.68,54,-21.68,0
e1-50,binary,50,bot_83,2903,w,55,19,25,72.77,47,-25.77,0
e1-50,binary,50,bot_83,2903,w,57,6.02,25,86.63,75,-11.63,0
e1-50,binary,50,bot_83,2903,w,59,12.28,25,59.4,51,-8.4,0
e1-50,binary,50,bot_84,2903,b,2,11.21,25,75.63,111,35.37,0
e1-50,binary,50,bot_84,2903,b,4,57.73,25,94,115,21,0
e1-50,binary,50,bot_84,2903,b,6,60.53,25,118.85,144,25.15,0
e1-50,binary,50,bot_84,2903,b,8,46.93,25,123.73,144,20.27,0
e1-50,binary,50,bot_84,2903,b,10,40.66,25,136,146,10,0
e1-50,binary,50,bot_84,2903,b,12,45.04,25,141.24,132,-9.24,0
e1-50,binary,50,bot_84,2903,b,14,25.11,25,152.08,144,-8.08,0
e1-50,binary,50,bot_84,2903,b,16,17.99,25,169.08,158,-11.08,0
e1-50,binary,50,bot_84,2903,b,18,10.81,25,150.47,131,-19.47,0
e1-50,binary,50,bot_84,2903,b,20,39.54,25,56.04,97,40.96,0
e1-50,binary,50,bot_84,2903,b,22,50.11,25,109.19,124,14.81,0
e1-50,binary,50,bot_84,2903,b,24,50.16,25,100.25,119,18.75,0
e1-50,binary,50,bot_84,2903,b,26,39.45,25,123.05,142,18.95,0
e1-50,binary,50,bot_84,2903,b,28,24.28,25,102.18,97,-5.18,0
e1-50,binary,50,bot_84,2903,b,30,17.96,25,104.18,86,-18.18,0
e1-50,binary,50,bot_84,2903,b,32,11.27,25,132.81,115,-17.81,0
e1-50,binary,50,bot_84,2903,b,34,47.74,25,78.3,92,13.7,0
e1-50,binary,50,bot_84,2903,b,36,35.61,25,62.64,77,14.36,0
e1-50,binary,50,bot_84,2903,b,38,38.29,25,74.21,87,12.79,0
e1-50,binary,50,bot_84,2903,b,40,16.97,25,74.44,84,9.56,0
e1-50,binary,50,bot_84,2903,b,42,15.52,25,87.86,83,-4.86,0
e1-50,binary,50,bot_84,2903,b,44,12.61,25,75.91,64,-11.91,0
e1-50,binary,50,bot_84,2903,b,46,10.56,25,69.76,53,-16.76,0
e1-50,binary,50,bot_84,2903,b,48,20.49,25,68.83,49,-19.83,0
e1-50,binary,50,bot_84,2903,b,50,13.04,25,58.12,53,-5.12,0
e1-50,binary,50,bot_84,2903,b,52,6.91,25,64.39,53,-11.39,0
e1-50,binary,50,bot_84,2903,b,54,2.62,25,64.05,46,-18.05,0
e1-50,binary,50,bot_84,2903,b,56,16.86,25,77.61,73,-4.61,0
e1-50,binary,50,bot_84,2903,b,58,19.47,25,68.32,51,-17.32,0
e1-50,binary,50,bot_84,2903,b,60,14.32,25,65.49,52,-13.49,0
e1-50,binary,50,bot_85,2904,w,1,27.15,25,58.72,130,71.28,0
e1-50,binary,50,bot_85,2904,w,3,21.71,25,64.46,115,50.54,0
e1-50,binary,50,bot_85,2904,w,5,22.13,25,153.45,150,-3.45,0
e1-50,binary,50,bot_85,2904,w,7,18.67,25,149.95,146,-3.95,0
e1-50,binary,50,bot_85,2904,w,9,78.92,25,161.43,153,-8.43,0
e1-50,binary,50,bot_85,2904,w,11,74.99,25,109.17,141,31.83,0
e1-50,binary,50,bot_85,2904,w,13,53.54,25,121.77,151,29.23,0
e1-50,binary,50,bot_85,2904,w,15,54.12,25,134.33,165,30.67,0
e1-50,binary,50,bot_85,2904,w,17,41.2,25,121.89,146,24.11,0
e1-50,binary,50,bot_85,2904,w,19,23.92,25,95.56,111,15.44,0
e1-50,binary,50,bot_85,2904,w,21,12.37,25,134.12,119,-15.12,0
e1-50,binary,50,bot_85,2904,w,23,86.95,25,61.91,133,71.09,0
e1-50,binary,50,bot_85,2904,w,25,66.53,25,97.47,164,66.53,0
e1-50,binary,50,bot_85,2904,w,27,43.89,25,81.08,102,20.92,0
e1-50,binary,50,bot_85,2904,w,29,44.52,25,76.15,88,11.85,0
e1-50,binary,50,bot_85,2904,w,31,35.44,25,108.97,128,19.03,0
e1-50,binary,50,bot_85,2904,w,33,30.99,25,79.04,95,15.96,0
e1-50,binary,50,bot_85,2904,w,35,23.36,25,100.46,94,-6.46,0
e1-50,binary,50,bot_85,2904,w,37,13.16,25,112.69,96,-16.69,0
e1-50,binary,50,bot_85,2904,w,39,9.98,25,115.3,100,-15.3,0
e1-50,binary,50,bot_85,2904,w,41,32.54,25,72.26,106,33.74,0
e1-50,binary,50,bot_85,2904,w,43,6.94,25,59.62,73,13.38,0
e1-50,binary,50,bot_85,2904,w,45,26.94,25,85.17,67,-18.17,0
e1-50,binary,50,bot_85,2904,w,47,1.22,25,75.84,55,-20.84,0
e1-50,binary,50,bot_85,2904,w,49,4.89,25,69.73,56,-13.73,0
e1-50,binary,50,bot_85,2904,w,51,7.97,25,62.67,56,-6.67,0
e1-50,binary,50,bot_85,2904,w,53,5.36,25,67.46,55,-12.46,0
e1-50,binary,50,bot_85,2904,w,55,1.38,25,66.16,51,-15.16,0
e1-50,binary,50,bot_85,2904,w,57,3.04,25,90.98,72,-18.98,0
e1-50,binary,50,bot_85,2904,w,59,3.65,25,68.66,49,-19.66,0
e1-50,binary,50,bot_86,2904,b,2,74.19,25,105.78,108,2.22,0
e1-50,binary,50,bot_86,2904,b,4,21.61,25,137.47,132,-5.47,0
e1-50,binary,50,bot_86,2904,b,6,20.82,25,167.31,163,-4.31,0
e1-50,binary,50,bot_86,2904,b,8,16.25,25,157.62,149,-8.62,0
e1-50,binary,50,bot_86,2904,b,10,55.13,25,88.08,140,51.92,0
e1-50,binary,50,bot_86,2904,b,12,56.87,25,139.17,185,45.83,0
e1-50,binary,50,bot_86,2904,b,14,57.89,25,144.54,170,25.46,0
e1-50,binary,50,bot_86,2904,b,16,51.6,25,155.12,181,25.88,0
e1-50,binary,50,bot_86,2904,b,18,41.61,25,121.35,134,12.65,0
e1-50,binary,50,bot_86,2904,b,20,11.59,25,94.09,90,-4.09,0
e1-50,binary,50,bot_86,2904,b,22,96.99,25,157.3,140,-17.3,0
e1-50,binary,50,bot_86,2904,b,24,93.01,25,108.35,167,58.65,0
e1-50,binary,50,bot_86,2904,b,26,49.38,25,84.05,123,38.95,0
e1-50,binary,50,bot_86,2904,b,28,39.15,25,129.7,146,16.3,0
e1-50,binary,50,bot_86,2904,b,30,46.34,25,115.52,131,15.48,0
e1-50,binary,50,bot_86,2904,b,32,43.49,25,115.69,123,7.31,0
e1-50,binary,50,bot_86,2904,b,34,21.31,25,80.13,82,1.87,0
e1-50,binary,50,bot_86,2904,b,36,10.77,25,77.57,73,-4.57,0
e1-50,binary,50,bot_86,2904,b,38,12.25,25,99.25,85,-14.25,0
e1-50,binary,50,bot_86,2904,b,40,61.11,25,103,84,-19,0
e1-50,binary,50,bot_86,2904,b,42,40.89,25,82.4,86,3.6,0
e1-50,binary,50,bot_86,2904,b,44,8.87,25,78.7,57,-21.7,0
e1-50,binary,50,bot_86,2904,b,46,6.92,25,53.93,53,-0.93,0
e1-50,binary,50,bot_86,2904,b,48,8.28,25,79.21,57,-22.21,0
e1-50,binary,50,bot_86,2904,b,50,15.28,25,78.36,60,-18.36,0
e1-50,binary,50,bot_86,2904,b,52,9.75,25,72.42,56,-16.42,0
e1-50,binary,50,bot_86,2904,b,54,6.07,25,73.46,55,-18.46,0
e1-50,binary,50,bot_86,2904,b,56,2.88,25,69.01,46,-23.01,0
e1-50,binary,50,bot_86,2904,b,58,3.34,25,68.47,49,-19.47,0
e1-50,binary,50,bot_86,2904,b,60,9.71,25,75.27,57,-18.27,0
e1-50,binary,50,bot_87,2905,w,1,75.39,25,105.06,95,-10.06,0
e1-50,binary,50,bot_87,2905,w,3,22,25,136.6,113,-23.6,0
e1-50,binary,50,bot_87,2905,w,5,21.56,25,166.46,143,-23.46,0
e1-50,binary,50,bot_87,2905,w,7,16.57,25,157.13,128,-29.13,0
e1-50,binary,50,bot_87,2905,w,9,65.7,25,143.6,110,-33.6,0
e1-50,binary,50,bot_87,2905,w,11,58.24,25,137.72,170,32.28,0
e1-50,binary,50,bot_87,2905,w,13,61.05,25,141.21,152,10.79,0
e1-50,binary,50,bot_87,2905,w,15,54.55,25,152.07,164,11.93,0
e1-50,binary,50,bot_87,2905,w,17,43.8,25,119.34,117,-2.34,0
e1-50,binary,50,bot_87,2905,w,19,12.74,25,93.13,73,-20.13,0
e1-50,binary,50,bot_87,2905,w,21,7.9,25,156.02,125,-31.02,0
e1-50,binary,50,bot_87,2905,w,23,96.22,25,105.13,156,50.88,0
e1-50,binary,50,bot_87,2905,w,25,51.31,25,82.17,107,24.83,0
e1-50,binary,50,bot_87,2905,w,27,42.6,25,126.45,126,-0.45,0
e1-50,binary,50,bot_87,2905,w,29,49.58,25,112.29,114,1.71,0
e1-50,binary,50,bot_87,2905,w,31,47.15,25,111.92,104,-7.92,0
e1-50,binary,50,bot_87,2905,w,33,23.88,25,77.82,66,-11.82,0
e1-50,binary,50,bot_87,2905,w,35,15.7,25,72.25,53,-19.25,0
e1-50,binary,50,bot_87,2905,w,37,17.88,25,93.57,65,-28.57,0
e1-50,binary,50,bot_87,2905,w,39,10.65,25,99.3,65,-34.3,0
e1-50,binary,50,bot_87,2905,w,41,47.26,25,75.95,72,-3.95,0
e1-50,binary,50,bot_87,2905,w,43,13.58,25,73.89,40,-33.89,0
e1-50,binary,50,bot_87,2905,w,45,12.14,25,72.46,33,-39.46,0
e1-50,binary,50,bot_87,2905,w,47,15.09,25,72.2,38,-34.2,0
e1-50,binary,50,bot_87,2905,w,49,20.2,25,73.18,44,-29.18,0
e1-50,binary,50,bot_87,2905,w,51,12.68,25,68.72,42,-26.72,0
e1-50,binary,50,bot_87,2905,w,53,8.01,25,74.41,43,-31.41,0
e1-50,binary,50,bot_87,2905,w,55,4.44,25,67.37,34,-33.37,0
e1-50,binary,50,bot_87,2905,w,57,5.85,25,65.9,37,-28.9,0
e1-50,binary,50,bot_87,2905,w,59,5.22,25,72.98,43,-29.98,0
e1-50,binary,50,bot_88,2905,b,2,23.12,25,62.99,119,56.01,0
e1-50,binary,50,bot_88,2905,b,4,23.72,25,152.01,154,1.99,0
e1-50,binary,50,bot_88,2905,b,6,19.83,25,148.72,150,1.28,0
e1-50,binary,50,bot_88,2905,b,8,14.59,25,159.68,157,-2.68,0
e1-50,binary,50,bot_88,2905,b,10,77.39,25,106.76,151,44.24,0
e1-50,binary,50,bot_88,2905,b,12,55.59,25,119.68,153,33.32,0
e1-50,binary,50,bot_88,2905,b,14,56.59,25,131.88,169,37.12,0
e1-50,binary,50,bot_88,2905,b,16,42.47,25,120.65,152,31.35,0
e1-50,binary,50,bot_88,2905,b,18,25.27,25,94.15,113,18.85,0
e1-50,binary,50,bot_88,2905,b,20,14.74,25,131.75,122,-9.75,0
e1-50,binary,50,bot_88,2905,b,22,94.7,25,144.4,129,-15.4,0
e1-50,binary,50,bot_88,2905,b,24,70.97,25,93.13,166,72.87,0
e1-50,binary,50,bot_88,2905,b,26,45.28,25,79.63,107,27.37,0
e1-50,binary,50,bot_88,2905,b,28,46.94,25,73.69,93,19.31,0
e1-50,binary,50,bot_88,2905,b,30,37.1,25,107.34,134,26.66,0
e1-50,binary,50,bot_88,2905,b,32,34.12,25,75.95,100,24.05,0
e1-50,binary,50,bot_88,2905,b,34,24.83,25,99.01,100,0.99,0
e1-50,binary,50,bot_88,2905,b,36,15.6,25,110.4,102,-8.4,0
e1-50,binary,50,bot_88,2905,b,38,12.34,25,112.93,107,-5.93,0
e1-50,binary,50,bot_88,2905,b,40,41.2,25,117.67,105,-12.67,0
e1-50,binary,50,bot_88,2905,b,42,10.01,25,56.64,80,23.36,0
e1-50,binary,50,bot_88,2905,b,44,5.02,25,82.69,73,-9.69,0
e1-50,binary,50,bot_88,2905,b,46,2.8,25,74.78,63,-11.78,0
e1-50,binary,50,bot_88,2905,b,48,6.56,25,68.21,63,-5.21,0
e1-50,binary,50,bot_88,2905,b,50,9.4,25,61.39,62,0.61,0
e1-50,binary,50,bot_88,2905,b,52,4.21,25,66.52,61,-5.52,0
e1-50,binary,50,bot_88,2905,b,54,3.39,25,64.12,53,-11.12,0
e1-50,binary,50,bot_88,2905,b,56,5.46,25,88.61,73,-15.61,0
e1-50,binary,50,bot_88,2905,b,58,5.02,25,67.3,53,-14.3,0
e1-50,binary,50,bot_88,2905,b,60,5.41,25,68.81,54,-14.81,0
e1-50,binary,50,bot_89,2906,w,1,30.89,25,54.31,121,66.69,0
e1-50,binary,50,bot_89,2906,w,3,31.54,25,144.6,152,7.4,0
e1-50,binary,50,bot_89,2906,w,5,24.11,25,144.62,155,10.38,0
e1-50,binary,50,bot_89,2906,w,7,20.98,25,153.28,157,3.72,0
e1-50,binary,50,bot_89,2906,w,9,18.07,25,144.86,139,-5.86,0
e1-50,binary,50,bot_89,2906,w,11,73.88,25,168.7,166,-2.7,0
e1-50,binary,50,bot_89,2906,w,13,60.9,25,127.78,170,42.22,0
e1-50,binary,50,bot_89,2906,w,15,45.66,25,117.64,157,39.36,0
e1-50,binary,50,bot_89,2906,w,17,26.76,25,92.47,120,27.53,0
e1-50,binary,50,bot_89,2906,w,19,19.91,25,126.27,118,-8.27,0
e1-50,binary,50,bot_89,2906,w,21,9.25,25,141.75,129,-12.75,0
e1-50,binary,50,bot_89,2906,w,23,86.66,25,175.49,164,-11.49,0
e1-50,binary,50,bot_89,2906,w,25,48.95,25,75.79,109,33.21,0
e1-50,binary,50,bot_89,2906,w,27,52.09,25,68.13,94,25.88,0
e1-50,binary,50,bot_89,2906,w,29,41.64,25,102.91,137,34.09,0
e1-50,binary,50,bot_89,2906,w,31,38.58,25,71.63,101,29.37,0
e1-50,binary,50,bot_89,2906,w,33,27.22,25,96.22,99,2.78,0
e1-50,binary,50,bot_89,2906,w,35,18.66,25,108.01,101,-7.01,0
e1-50,binary,50,bot_89,2906,w,37,15.15,25,109.82,105,-4.82,0
e1-50,binary,50,bot_89,2906,w,39,9.27,25,115.39,104,-11.39,0
e1-50,binary,50,bot_89,2906,w,41,12.56,25,54.18,85,30.82,0
e1-50,binary,50,bot_89,2906,w,43,7.59,25,80.12,70,-10.12,0
e1-50,binary,50,bot_89,2906,w,45,7.39,25,79.6,59,-20.6,0
e1-50,binary,50,bot_89,2906,w,47,11.02,25,75.52,61,-14.52,0
e1-50,binary,50,bot_89,2906,w,49,11.09,25,59.86,61,1.14,0
e1-50,binary,50,bot_89,2906,w,51,5.88,25,64.99,60,-4.99,0
e1-50,binary,50,bot_89,2906,w,53,5.3,25,62.14,51,-11.14,0
e1-50,binary,50,bot_89,2906,w,55,7.59,25,86.52,71,-15.52,0
e1-50,binary,50,bot_89,2906,w,57,7.15,25,65.19,50,-15.19,0
e1-50,binary,50,bot_89,2906,w,59,6.46,25,67.19,54,-13.19,0
e1-50,binary,50,bot_90,2906,b,2,26.71,25,132.66,141,8.34,0
e1-50,binary,50,bot_90,2906,b,4,30.57,25,157.08,165,7.92,0
e1-50,binary,50,bot_90,2906,b,6,24.07,25,149.52,149,-0.52,0
e1-50,binary,50,bot_90,2906,b,8,13.35,25,139.09,136,-3.09,0
e1-50,binary,50,bot_90,2906,b,10,21.06,25,185.83,180,-5.83,0
e1-50,binary,50,bot_90,2906,b,12,66.62,25,135.9,183,47.1,0
e1-50,binary,50,bot_90,2906,b,14,62.68,25,143.83,180,36.17,0
e1-50,binary,50,bot_90,2906,b,16,50.72,25,112.62,130,17.38,0
e1-50,binary,50,bot_90,2906,b,18,15.34,25,90.8,90,-0.8,0
e1-50,binary,50,bot_90,2906,b,20,11.2,25,152.91,146,-6.91,0
e1-50,binary,50,bot_90,2906,b,22,13.21,25,178.28,160,-18.28,0
e1-50,binary,50,bot_90,2906,b,24,56.25,25,77.04,136,58.96,0
e1-50,binary,50,bot_90,2906,b,26,49.94,25,119.38,142,22.62,0
e1-50,binary,50,bot_90,2906,b,28,57.84,25,103.96,130,26.04,0
e1-50,binary,50,bot_90,2906,b,30,53.5,25,105.49,120,14.51,0
e1-50,binary,50,bot_90,2906,b,32,27.41,25,74.53,86,11.47,0
e1-50,binary,50,bot_90,2906,b,34,18.04,25,70.09,71,0.91,0
e1-50,binary,50,bot_90,2906,b,36,19.58,25,91.9,84,-7.9,0
e1-50,binary,50,bot_90,2906,b,38,12.78,25,97.19,86,-11.19,0
e1-50,binary,50,bot_90,2906,b,40,56.1,25,101.2,84,-17.2,0
e1-50,binary,50,bot_90,2906,b,42,15.58,25,71.89,59,-12.89,0
e1-50,binary,50,bot_90,2906,b,44,4.54,25,70.64,52,-18.64,0
e1-50,binary,50,bot_90,2906,b,46,5.33,25,70.15,56,-14.15,0
e1-50,binary,50,bot_90,2906,b,48,21.79,25,71.6,61,-10.6,0
e1-50,binary,50,bot_90,2906,b,50,14.02,25,67.34,55,-12.34,0
e1-50,binary,50,bot_90,2906,b,52,9.17,25,73.32,58,-15.32,0
e1-50,binary,50,bot_90,2906,b,54,5.5,25,66.33,50,-16.33,0
e1-50,binary,50,bot_90,2906,b,56,6.84,25,64.96,52,-12.96,0
e1-50,binary,50,bot_90,2906,b,58,7.34,25,70.91,56,-14.91,0
e1-50,binary,50,bot_90,2906,b,60,9.54,25,65.85,51,-14.85,0
e1-50,binary,50,bot_91,2907,w,1,84.68,25,92.25,157,64.75,0
e1-50,binary,50,bot_91,2907,w,3,67.75,25,101.45,168,66.55,0
e1-50,binary,50,bot_91,2907,w,5,67.61,25,106.63,162,55.38,0
e1-50,binary,50,bot_91,2907,w,7,67.44,25,93.76,119,25.24,0
e1-50,binary,50,bot_91,2907,w,9,60.21,25,128.68,180,51.32,0
e1-50,binary,50,bot_91,2907,w,11,52.53,25,143.73,192,48.27,0
e1-50,binary,50,bot_91,2907,w,13,40.55,25,140.14,179,38.86,0
e1-50,binary,50,bot_91,2907,w,15,20.73,25,119.69,136,16.31,0
e1-50,binary,50,bot_91,2907,w,17,59.79,25,83.65,117,33.35,0
e1-50,binary,50,bot_91,2907,w,19,38.67,25,112.59,153,40.41,0
e1-50,binary,50,bot_91,2907,w,21,47.48,25,139,190,51,0
e1-50,binary,50,bot_91,2907,w,23,48.46,25,84.16,108,23.84,0
e1-50,binary,50,bot_91,2907,w,25,28.98,25,88.79,133,44.21,0
e1-50,binary,50,bot_91,2907,w,27,37.11,25,117.96,151,33.04,0
e1-50,binary,50,bot_91,2907,w,29,13.71,25,115.4,126,10.6,0
e1-50,binary,50,bot_91,2907,w,31,10.86,25,104.7,101,-3.7,0
e1-50,binary,50,bot_91,2907,w,33,10.44,25,100.11,91,-9.11,0
e1-50,binary,50,bot_91,2907,w,35,45.57,25,78.22,113,34.78,0
e1-50,binary,50,bot_91,2907,w,37,49.77,25,74.6,97,22.4,0
e1-50,binary,50,bot_91,2907,w,39,30.62,25,72.17,85,12.83,0
e1-50,binary,50,bot_91,2907,w,41,17.92,25,77.53,72,-5.53,0
e1-50,binary,50,bot_91,2907,w,43,18.04,25,64.84,66,1.16,0
e1-50,binary,50,bot_91,2907,w,45,11.5,25,67.17,67,-0.17,0
e1-50,binary,50,bot_91,2907,w,47,3.61,25,75.75,63,-12.75,0
e1-50,binary,50,bot_91,2907,w,49,2.22,25,80.76,64,-16.76,0
e1-50,binary,50,bot_91,2907,w,51,4.71,25,74.91,57,-17.91,0
e1-50,binary,50,bot_91,2907,w,53,9.56,25,85.27,84,-1.27,0
e1-50,binary,50,bot_91,2907,w,55,6.77,25,65.17,57,-8.17,0
e1-50,binary,50,bot_91,2907,w,57,8.98,25,64.48,57,-7.48,0
e1-50,binary,50,bot_91,2907,w,59,8.17,25,53.04,43,-10.04,0
e1-50,binary,50,bot_92,2907,b,2,86.5,25,98.48,147,48.52,0
e1-50,binary,50,bot_92,2907,b,4,74.75,25,98.44,130,31.56,0
e1-50,binary,50,bot_92,2907,b,6,45.04,25,109.87,141,31.13,0
e1-50,binary,50,bot_92,2907,b,8,73.08,25,126.59,158,31.41,0
e1-50,binary,50,bot_92,2907,b,10,70.33,25,121.52,147,25.48,0
e1-50,binary,50,bot_92,2907,b,12,60,25,136.63,156,19.37,0
e1-50,binary,50,bot_92,2907,b,14,38.45,25,123.11,129,5.89,0
e1-50,binary,50,bot_92,2907,b,16,54.99,25,90.87,78,-12.87,0
e1-50,binary,50,bot_92,2907,b,18,61.99,25,104.51,130,25.49,0
e1-50,binary,50,bot_92,2907,b,20,73.72,25,114.12,119,4.88,0
e1-50,binary,50,bot_92,2907,b,22,46.53,25,106.77,121,14.23,0
e1-50,binary,50,bot_92,2907,b,24,66.05,25,92.74,108,15.26,0
e1-50,binary,50,bot_92,2907,b,26,55.32,25,101.06,97,-4.06,0
e1-50,binary,50,bot_92,2907,b,28,33.63,25,106.26,109,2.74,0
e1-50,binary,50,bot_92,2907,b,30,18.08,25,106.36,85,-21.36,0
e1-50,binary,50,bot_92,2907,b,32,13.72,25,85.67,63,-22.67,0
e1-50,binary,50,bot_92,2907,b,34,56.49,25,104.91,82,-22.91,0
e1-50,binary,50,bot_92,2907,b,36,44.54,25,65.54,77,11.46,0
e1-50,binary,50,bot_92,2907,b,38,35.2,25,73.27,89,15.73,0
e1-50,binary,50,bot_92,2907,b,40,17.12,25,62.02,58,-4.02,0
e1-50,binary,50,bot_92,2907,b,42,24.68,25,66.61,52,-14.61,0
e1-50,binary,50,bot_92,2907,b,44,18.63,25,61.55,52,-9.55,0
e1-50,binary,50,bot_92,2907,b,46,7.14,25,60.95,46,-14.95,0
e1-50,binary,50,bot_92,2907,b,48,2.63,25,62.45,40,-22.45,0
e1-50,binary,50,bot_92,2907,b,50,1.67,25,61.86,38,-23.86,0
e1-50,binary,50,bot_92,2907,b,52,18.16,25,89.25,68,-21.25,0
e1-50,binary,50,bot_92,2907,b,54,11.53,25,59.96,43,-16.96,0
e1-50,binary,50,bot_92,2907,b,56,12.48,25,66.14,47,-19.14,0
e1-50,binary,50,bot_92,2907,b,58,9.48,25,66.01,48,-18.01,0
e1-50,binary,50,bot_92,2907,b,60,17.08,25,57.36,38,-19.36,0
e1-50,binary,50,bot_93,2908,w,1,66.71,25,120.55,163,42.45,0
e1-50,binary,50,bot_93,2908,w,3,56.17,25,109.14,133,23.86,0
e1-50,binary,50,bot_93,2908,w,5,38.01,25,104.35,119,14.65,0
e1-50,binary,50,bot_93,2908,w,7,39.61,25,155.12,177,21.88,0
e1-50,binary,50,bot_93,2908,w,9,35.92,25,167.19,164,-3.19,0
e1-50,binary,50,bot_93,2908,w,11,27.97,25,178.94,174,-4.94,0
e1-50,binary,50,bot_93,2908,w,13,15.58,25,146.93,134,-12.93,0
e1-50,binary,50,bot_93,2908,w,15,59.09,25,113.87,89,-24.87,0
e1-50,binary,50,bot_93,2908,w,17,65.62,25,108.92,131,22.08,0
e1-50,binary,50,bot_93,2908,w,19,66.34,25,135.18,161,25.82,0
e1-50,binary,50,bot_93,2908,w,21,32.75,25,99.41,108,8.59,0
e1-50,binary,50,bot_93,2908,w,23,20.44,25,147.63,141,-6.63,0
e1-50,binary,50,bot_93,2908,w,25,23.37,25,138.67,126,-12.67,0
e1-50,binary,50,bot_93,2908,w,27,17.08,25,142.56,124,-18.56,0
e1-50,binary,50,bot_93,2908,w,29,6.19,25,94.64,70,-24.64,0
e1-50,binary,50,bot_93,2908,w,31,48.26,25,62.06,72,9.94,0
e1-50,binary,50,bot_93,2908,w,33,46.89,25,76.49,85,8.51,0
e1-50,binary,50,bot_93,2908,w,35,29.78,25,105.9,88,-17.9,0
e1-50,binary,50,bot_93,2908,w,37,20.58,25,104.34,84,-20.34,0
e1-50,binary,50,bot_93,2908,w,39,15.86,25,80.8,57,-23.8,0
e1-50,binary,50,bot_93,2908,w,41,14.03,25,75,51,-24,0
e1-50,binary,50,bot_93,2908,w,43,26,25,76.27,49,-27.27,0
e1-50,binary,50,bot_93,2908,w,45,18.03,25,59.01,43,-16.01,0
e1-50,binary,50,bot_93,2908,w,47,10.14,25,71.54,53,-18.54,0
e1-50,binary,50,bot_93,2908,w,49,21.3,25,71.2,46,-25.2,0
e1-50,binary,50,bot_93,2908,w,51,9.73,25,82.96,74,-8.96,0
e1-50,binary,50,bot_93,2908,w,53,1.51,25,61.41,39,-22.41,0
e1-50,binary,50,bot_93,2908,w,55,1.28,25,58.25,28,-30.25,0
e1-50,binary,50,bot_93,2908,w,57,2.23,25,62.23,34,-28.23,0
e1-50,binary,50,bot_93,2908,w,59,2.21,25,73.08,44,-29.08,0
e1-50,binary,50,bot_94,2908,b,2,63.67,25,106.46,125,18.54,0
e1-50,binary,50,bot_94,2908,b,4,54.48,25,122.16,129,6.84,0
e1-50,binary,50,bot_94,2908,b,6,60.48,25,125.08,115,-10.08,0
e1-50,binary,50,bot_94,2908,b,8,36.48,25,139.82,133,-6.82,0
e1-50,binary,50,bot_94,2908,b,10,34.28,25,153.33,145,-8.33,0
e1-50,binary,50,bot_94,2908,b,12,25.63,25,136.55,119,-17.55,0
e1-50,binary,50,bot_94,2908,b,14,13.02,25,107.78,77,-30.78,0
e1-50,binary,50,bot_94,2908,b,16,61.51,25,97.28,111,13.72,0
e1-50,binary,50,bot_94,2908,b,18,64.29,25,85.25,105,19.75,0
e1-50,binary,50,bot_94,2908,b,20,47.25,25,116.18,136,19.82,0
e1-50,binary,50,bot_94,2908,b,22,32.53,25,93.45,80,-13.45,0
e1-50,binary,50,bot_94,2908,b,24,26.84,25,94.78,69,-25.78,0
e1-50,binary,50,bot_94,2908,b,26,20.67,25,123.4,102,-21.4,0
e1-50,binary,50,bot_94,2908,b,28,14.72,25,94.87,66,-28.87,0
e1-50,binary,50,bot_94,2908,b,30,49.88,25,116.28,76,-40.28,0
e1-50,binary,50,bot_94,2908,b,32,47.42,25,64.98,67,2.02,0
e1-50,binary,50,bot_94,2908,b,34,20.07,25,71.38,72,0.62,0
e1-50,binary,50,bot_94,2908,b,36,18.19,25,85.25,68,-17.25,0
e1-50,binary,50,bot_94,2908,b,38,14.97,25,73.44,48,-25.44,0
e1-50,binary,50,bot_94,2908,b,40,14.32,25,66.12,37,-29.12,0
e1-50,binary,50,bot_94,2908,b,42,4.27,25,68.27,37,-31.27,0
e1-50,binary,50,bot_94,2908,b,44,15.77,25,55.32,46,-9.32,0
e1-50,binary,50,bot_94,2908,b,46,11.87,25,59.36,42,-17.36,0
e1-50,binary,50,bot_94,2908,b,48,6.19,25,59.74,34,-25.74,0
e1-50,binary,50,bot_94,2908,b,50,22.28,25,72.1,59,-13.1,0
e1-50,binary,50,bot_94,2908,b,52,8.43,25,61.6,36,-25.6,0
e1-50,binary,50,bot_94,2908,b,54,1.7,25,67.73,34,-33.73,0
e1-50,binary,50,bot_94,2908,b,56,3.24,25,61.69,28,-33.69,0
e1-50,binary,50,bot_94,2908,b,58,2.01,25,58.17,24,-34.17,0
e1-50,binary,50,bot_94,2908,b,60,2.26,25,69.52,36,-33.52,0
e1-50,binary,50,bot_95,2909,w,1,66.89,25,103.65,144,40.35,0
e1-50,binary,50,bot_95,2909,w,3,57.55,25,119.09,135,15.91,0
e1-50,binary,50,bot_95,2909,w,5,65.05,25,120.19,122,1.81,0
e1-50,binary,50,bot_95,2909,w,7,42.26,25,133.65,140,6.35,0
e1-50,binary,50,bot_95,2909,w,9,39.76,25,148.16,151,2.84,0
e1-50,binary,50,bot_95,2909,w,11,32.72,25,129.76,125,-4.76,0
e1-50,binary,50,bot_95,2909,w,13,16.81,25,103.49,84,-19.49,0
e1-50,binary,50,bot_95,2909,w,15,67.84,25,90.66,115,24.34,0
e1-50,binary,50,bot_95,2909,w,17,69.75,25,79.44,114,34.56,0
e1-50,binary,50,bot_95,2909,w,19,53.53,25,108.89,144,35.11,0
e1-50,binary,50,bot_95,2909,w,21,36.32,25,89.17,90,0.83,0
e1-50,binary,50,bot_95,2909,w,23,33.16,25,88.06,78,-10.06,0
e1-50,binary,50,bot_95,2909,w,25,28.2,25,115.9,107,-8.9,0
e1-50,binary,50,bot_95,2909,w,27,21.46,25,88.24,75,-13.24,0
e1-50,binary,50,bot_95,2909,w,29,13.44,25,110.73,82,-28.73,0
e1-50,binary,50,bot_95,2909,w,31,57.37,25,105.1,69,-36.1,0
e1-50,binary,50,bot_95,2909,w,33,25.48,25,66.54,85,18.46,0
e1-50,binary,50,bot_95,2909,w,35,25.64,25,78.37,79,0.63,0
e1-50,binary,50,bot_95,2909,w,37,20.08,25,68.52,57,-11.52,0
e1-50,binary,50,bot_95,2909,w,39,19.19,25,61.26,48,-13.26,0
e1-50,binary,50,bot_95,2909,w,41,6.34,25,66.59,48,-18.59,0
e1-50,binary,50,bot_95,2909,w,43,1.85,25,64.46,43,-21.46,0
e1-50,binary,50,bot_95,2909,w,45,4.91,25,55.96,48,-7.96,0
e1-50,binary,50,bot_95,2909,w,47,8.67,25,57.22,38,-19.22,0
e1-50,binary,50,bot_95,2909,w,49,24.83,25,69.32,61,-8.32,0
e1-50,binary,50,bot_95,2909,w,51,11.88,25,58.06,38,-20.06,0
e1-50,binary,50,bot_95,2909,w,53,4.16,25,65.27,38,-27.27,0
e1-50,binary,50,bot_95,2909,w,55,4.59,25,59.51,31,-28.51,0
e1-50,binary,50,bot_95,2909,w,57,3.8,25,56.41,28,-28.41,0
e1-50,binary,50,bot_95,2909,w,59,5.26,25,66.31,39,-27.31,0
e1-50,binary,50,bot_96,2909,b,2,58.79,25,106.46,122,15.54,0
e1-50,binary,50,bot_96,2909,b,4,43.52,25,98.97,105,6.03,0
e1-50,binary,50,bot_96,2909,b,6,45.98,25,148.96,167,18.04,0
e1-50,binary,50,bot_96,2909,b,8,42.81,25,160.23,154,-6.23,0
e1-50,binary,50,bot_96,2909,b,10,34.63,25,172.27,165,-7.27,0
e1-50,binary,50,bot_96,2909,b,12,20.95,25,141.64,127,-14.64,0
e1-50,binary,50,bot_96,2909,b,14,63.78,25,109.36,79,-30.36,0
e1-50,binary,50,bot_96,2909,b,16,74.2,25,100.6,120,19.4,0
e1-50,binary,50,bot_96,2909,b,18,74.74,25,126.74,148,21.26,0
e1-50,binary,50,bot_96,2909,b,20,41.38,25,92.11,98,5.89,0
e1-50,binary,50,bot_96,2909,b,22,28.47,25,139.88,128,-11.88,0
e1-50,binary,50,bot_96,2909,b,24,30.97,25,131.03,116,-15.03,0
e1-50,binary,50,bot_96,2909,b,26,26.49,25,133.05,113,-20.05,0
e1-50,binary,50,bot_96,2909,b,28,12.19,25,88.8,63,-25.8,0
e1-50,binary,50,bot_96,2909,b,30,5.08,25,96.86,62,-34.86,0
e1-50,binary,50,bot_96,2909,b,32,58.92,25,64,74,10,0
e1-50,binary,50,bot_96,2909,b,34,41.59,25,94.21,72,-22.21,0
e1-50,binary,50,bot_96,2909,b,36,28.18,25,96.42,74,-22.42,0
e1-50,binary,50,bot_96,2909,b,38,27.85,25,68.63,42,-26.62,0
e1-50,binary,50,bot_96,2909,b,40,21.68,25,67.5,39,-28.5,0
e1-50,binary,50,bot_96,2909,b,42,9.85,25,68.84,38,-30.84,0
e1-50,binary,50,bot_96,2909,b,44,23.62,25,82.14,46,-36.14,0
e1-50,binary,50,bot_96,2909,b,46,12.54,25,79.46,47,-32.46,0
e1-50,binary,50,bot_96,2909,b,48,22.52,25,69.99,41,-28.99,0
e1-50,binary,50,bot_96,2909,b,50,12.75,25,79.93,67,-12.93,0
e1-50,binary,50,bot_96,2909,b,52,4.5,25,58.21,33,-25.21,0
e1-50,binary,50,bot_96,2909,b,54,2.8,25,56.59,24,-32.59,0
e1-50,binary,50,bot_96,2909,b,56,4.08,25,61.19,28,-33.19,0
e1-50,binary,50,bot_96,2909,b,58,4.89,25,70.34,36,-34.34,0
e1-50,binary,50,bot_96,2909,b,60,2.22,25,71.09,39,-32.09,0
e1-50,binary,50,bot_97,2910,w,1,61.81,25,103.78,146,42.22,0
e1-50,binary,50,bot_97,2910,w,3,46.14,25,96.61,115,18.39,0
e1-50,binary,50,bot_97,2910,w,5,50.27,25,145.56,175,29.44,0
e1-50,binary,50,bot_97,2910,w,7,47.45,25,155.17,163,7.83,0
e1-50,binary,50,bot_97,2910,w,9,38.97,25,167.98,173,5.02,0
e1-50,binary,50,bot_97,2910,w,11,27.92,25,134.62,130,-4.62,0
e1-50,binary,50,bot_97,2910,w,13,67.59,25,105.33,85,-20.33,0
e1-50,binary,50,bot_97,2910,w,15,79.41,25,95.66,130,34.34,0
e1-50,binary,50,bot_97,2910,w,17,77.26,25,124.44,162,37.56,0
e1-50,binary,50,bot_97,2910,w,19,41.48,25,92.08,110,17.92,0
e1-50,binary,50,bot_97,2910,w,21,29.89,25,138.62,136,-2.62,0
e1-50,binary,50,bot_97,2910,w,23,33.63,25,128.35,125,-3.35,0
e1-50,binary,50,bot_97,2910,w,25,31.38,25,127.98,119,-8.98,0
e1-50,binary,50,bot_97,2910,w,27,14.62,25,86.48,69,-17.48,0
e1-50,binary,50,bot_97,2910,w,29,10.33,25,91.54,68,-23.54,0
e1-50,binary,50,bot_97,2910,w,31,67.3,25,106.08,76,-30.08,0
e1-50,binary,50,bot_97,2910,w,33,47.53,25,87.84,75,-12.84,0
e1-50,binary,50,bot_97,2910,w,35,33.33,25,90.85,80,-10.85,0
e1-50,binary,50,bot_97,2910,w,37,31.52,25,64.84,51,-13.84,0
e1-50,binary,50,bot_97,2910,w,39,24.67,25,64.38,46,-18.38,0
e1-50,binary,50,bot_97,2910,w,41,12.72,25,65.93,46,-19.93,0
e1-50,binary,50,bot_97,2910,w,43,7.2,25,79.58,52,-27.58,0
e1-50,binary,50,bot_97,2910,w,45,17,25,75.09,55,-20.09,0
e1-50,binary,50,bot_97,2910,w,47,24.75,25,67.7,50,-17.7,0
e1-50,binary,50,bot_97,2910,w,49,17.28,25,75.9,72,-3.9,0
e1-50,binary,50,bot_97,2910,w,51,10.07,25,63.23,37,-26.23,0
e1-50,binary,50,bot_97,2910,w,53,5.36,25,54.24,30,-24.24,0
e1-50,binary,50,bot_97,2910,w,55,4.03,25,61.67,35,-26.67,0
e1-50,binary,50,bot_97,2910,w,57,7.34,25,67.59,41,-26.59,0
e1-50,binary,50,bot_97,2910,w,59,3.09,25,69.78,46,-23.78,0
e1-50,binary,50,bot_98,2910,b,2,60.48,25,116.14,136,19.86,0
e1-50,binary,50,bot_98,2910,b,4,68.27,25,116.28,120,3.72,0
e1-50,binary,50,bot_98,2910,b,6,47.5,25,128.21,138,9.79,0
e1-50,binary,50,bot_98,2910,b,8,44.29,25,143.78,152,8.22,0
e1-50,binary,50,bot_98,2910,b,10,35.77,25,126.99,125,-1.99,0
e1-50,binary,50,bot_98,2910,b,12,19.57,25,100.55,88,-12.55,0
e1-50,binary,50,bot_98,2910,b,14,74.51,25,84.11,110,25.89,0
e1-50,binary,50,bot_98,2910,b,16,77.26,25,71.53,111,39.47,0
e1-50,binary,50,bot_98,2910,b,18,57.26,25,105.61,142,36.39,0
e1-50,binary,50,bot_98,2910,b,20,37.88,25,87.53,88,0.47,0
e1-50,binary,50,bot_98,2910,b,22,36.29,25,84.79,74,-10.79,0
e1-50,binary,50,bot_98,2910,b,24,30.62,25,113.49,107,-6.49,0
e1-50,binary,50,bot_98,2910,b,26,23.59,25,86.19,76,-10.19,0
e1-50,binary,50,bot_98,2910,b,28,15.34,25,108.87,83,-25.87,0
e1-50,binary,50,bot_98,2910,b,30,9.22,25,102.45,71,-31.45,0
e1-50,binary,50,bot_98,2910,b,32,28.08,25,64.12,91,26.88,0
e1-50,binary,50,bot_98,2910,b,34,28.36,25,75.79,82,6.21,0
e1-50,binary,50,bot_98,2910,b,36,25.47,25,63.16,55,-8.16,0
e1-50,binary,50,bot_98,2910,b,38,22.6,25,57.88,49,-8.88,0
e1-50,binary,50,bot_98,2910,b,40,11.08,25,61.87,46,-15.87,0
e1-50,binary,50,bot_98,2910,b,42,5.8,25,60.09,40,-20.09,0
e1-50,binary,50,bot_98,2910,b,44,12.93,25,67.19,42,-25.19,0
e1-50,binary,50,bot_98,2910,b,46,14.14,25,51.75,36,-15.75,0
e1-50,binary,50,bot_98,2910,b,48,28.87,25,65.02,57,-8.02,0
e1-50,binary,50,bot_98,2910,b,50,5.01,25,54.32,39,-15.32,0
e1-50,binary,50,bot_98,2910,b,52,8.19,25,61.26,39,-22.26,0
e1-50,binary,50,bot_98,2910,b,54,7.54,25,56.35,29,-27.35,0
e1-50,binary,50,bot_98,2910,b,56,5.56,25,54.72,26,-28.72,0
e1-50,binary,50,bot_98,2910,b,58,7.79,25,63.82,39,-24.82,0
e1-50,binary,50,bot_98,2910,b,60,2.17,25,60.72,31,-29.72,0
e1-50,binary,50,bot_99,2911,w,1,62.09,25,114.58,149,34.42,0
e1-50,binary,50,bot_99,2911,w,3,70.67,25,113.72,121,7.28,0
e1-50,binary,50,bot_99,2911,w,5,50.22,25,125.07,138,12.93,0
e1-50,binary,50,bot_99,2911,w,7,49.68,25,138.68,150,11.32,0
e1-50,binary,50,bot_99,2911,w,9,38.04,25,125.01,130,4.99,0
e1-50,binary,50,bot_99,2911,w,11,22.41,25,97.29,93,-4.29,0
e1-50,binary,50,bot_99,2911,w,13,88.71,25,136.7,104,-32.7,0
e1-50,binary,50,bot_99,2911,w,15,83.34,25,65.14,112,46.86,0
e1-50,binary,50,bot_99,2911,w,17,63.72,25,99.66,142,42.34,0
e1-50,binary,50,bot_99,2911,w,19,42.34,25,82.72,88,5.28,0
e1-50,binary,50,bot_99,2911,w,21,41.53,25,79.27,72,-7.27,0
e1-50,binary,50,bot_99,2911,w,23,33.62,25,110.74,111,0.26,0
e1-50,binary,50,bot_99,2911,w,25,28.1,25,81.86,78,-3.86,0
e1-50,binary,50,bot_99,2911,w,27,21.59,25,102.25,79,-23.25,0
e1-50,binary,50,bot_99,2911,w,29,10.5,25,101.69,78,-23.69,0
e1-50,binary,50,bot_99,2911,w,31,36.33,25,118.09,84,-34.09,0
e1-50,binary,50,bot_99,2911,w,33,29.55,25,75,84,9,0
e1-50,binary,50,bot_99,2911,w,35,3.43,25,62.49,58,-4.49,0
e1-50,binary,50,bot_99,2911,w,37,22.4,25,58.45,51,-7.45,0
e1-50,binary,50,bot_99,2911,w,39,11.84,25,61.11,50,-11.11,0
e1-50,binary,50,bot_99,2911,w,41,8.5,25,57.71,42,-15.71,0
e1-50,binary,50,bot_99,2911,w,43,4.8,25,65.66,44,-21.66,0
e1-50,binary,50,bot_99,2911,w,45,2.79,25,50.49,40,-10.49,0
e1-50,binary,50,bot_99,2911,w,47,29.86,25,64.24,59,-5.24,0
e1-50,binary,50,bot_99,2911,w,49,6.22,25,53.27,40,-13.27,0
e1-50,binary,50,bot_99,2911,w,51,2.04,25,53.94,24,-29.94,0
e1-50,binary,50,bot_99,2911,w,53,11.56,25,63.76,32,-31.76,0
e1-50,binary,50,bot_99,2911,w,55,6.8,25,53.76,26,-27.76,0
e1-50,binary,50,bot_99,2911,w,57,9.52,25,62.34,39,-23.34,0
e1-50,binary,50,bot_99,2911,w,59,2.98,25,59.12,30,-29.12,0
e1-50,binary,50,bot_100,2911,b,2,49.85,25,93.03,111,17.97,0
e1-50,binary,50,bot_100,2911,b,4,53.82,25,142.18,171,28.82,0
e1-50,binary,50,bot_100,2911,b,6,51.95,25,150.52,158,7.48,0
e1-50,binary,50,bot_100,2911,b,8,46.24,25,160.54,169,8.46,0
e1-50,binary,50,bot_100,2911,b,10,36.18,25,126.45,122,-4.45,0
e1-50,binary,50,bot_100,2911,b,12,8.14,25,97.39,77,-20.39,0
e1-50,binary,50,bot_100,2911,b,14,86.82,25,88.62,135,46.38,0
e1-50,binary,50,bot_100,2911,b,16,84.66,25,117,158,41,0
e1-50,binary,50,bot_100,2911,b,18,46.23,25,87.29,108,20.71,0
e1-50,binary,50,bot_100,2911,b,20,34.5,25,134.24,134,-0.24,0
e1-50,binary,50,bot_100,2911,b,22,41.29,25,120.65,119,-1.65,0
e1-50,binary,50,bot_100,2911,b,24,38.43,25,120.81,113,-7.81,0
e1-50,binary,50,bot_100,2911,b,26,18.35,25,82.93,68,-14.93,0
e1-50,binary,50,bot_100,2911,b,28,19.2,25,82.79,62,-20.79,0
e1-50,binary,50,bot_100,2911,b,30,7.68,25,103.62,72,-31.62,0
e1-50,binary,50,bot_100,2911,b,32,51.05,25,84.14,78,-6.14,0
e1-50,binary,50,bot_100,2911,b,34,37.17,25,86.86,74,-12.86,0
e1-50,binary,50,bot_100,2911,b,36,34.32,25,84.65,46,-38.65,0
e1-50,binary,50,bot_100,2911,b,38,30.36,25,58.6,38,-20.6,0
e1-50,binary,50,bot_100,2911,b,40,17.06,25,61.46,40,-21.46,0
e1-50,binary,50,bot_100,2911,b,42,10.46,25,76.27,50,-26.27,0
e1-50,binary,50,bot_100,2911,b,44,23.23,25,78.54,50,-28.54,0
e1-50,binary,50,bot_100,2911,b,46,28.04,25,77.25,45,-32.25,0
e1-50,binary,50,bot_100,2911,b,48,20.16,25,73,69,-4,0
e1-50,binary,50,bot_100,2911,b,50,3.91,25,60.76,33,-27.76,0
e1-50,binary,50,bot_100,2911,b,52,1.76,25,68.63,37,-31.63,0
e1-50,binary,50,bot_100,2911,b,54,5.73,25,59.99,37,-22.99,0
e1-50,binary,50,bot_100,2911,b,56,11.11,25,63.68,37,-26.68,0
e1-50,binary,50,bot_100,2911,b,58,5.11,25,67.66,44,-23.66,0
e1-50,binary,50,bot_100,2911,b,60,1.97,25,61.67,31,-30.67,0
