label,format,games,username,game_id,color,ply,rtt_ms,applied_bytes,warmup
e1-100,binary,100,bot_1,2912,w,1,31.9,25,58.87,61,2.13,0
e1-100,binary,100,bot_1,2912,w,3,13.81,25,83.69,85,1.31,0
e1-100,binary,100,bot_1,2912,w,5,9.42,25,67.72,87,19.28,0
e1-100,binary,100,bot_1,2912,w,7,30.32,25,74.96,73,-1.96,0
e1-100,binary,100,bot_1,2912,w,9,12.7,25,59.73,73,13.27,0
e1-100,binary,100,bot_1,2912,w,11,11.84,25,86.44,88,1.56,0
e1-100,binary,100,bot_1,2912,w,13,42.65,25,99.93,102,2.07,0
e1-100,binary,100,bot_1,2912,w,15,40.06,25,72.39,105,32.61,0
e1-100,binary,100,bot_1,2912,w,17,41.49,25,72.52,99,26.48,0
e1-100,binary,100,bot_1,2912,w,19,32.26,25,86.85,113,26.15,0
e1-100,binary,100,bot_1,2912,w,21,19.54,25,79.64,91,11.36,0
e1-100,binary,100,bot_1,2912,w,23,73.87,25,101.59,152,50.41,0
e1-100,binary,100,bot_1,2912,w,25,40.19,25,68.78,102,33.22,0
e1-100,binary,100,bot_1,2912,w,27,45.78,25,108.31,148,39.69,0
e1-100,binary,100,bot_1,2912,w,29,46.39,25,102.41,140,37.59,0
e1-100,binary,100,bot_1,2912,w,31,28.88,25,123.48,141,17.52,0
e1-100,binary,100,bot_1,2912,w,33,28.28,25,137.77,161,23.23,0
e1-100,binary,100,bot_1,2912,w,35,25.26,25,157.74,176,18.26,0
e1-100,binary,100,bot_1,2912,w,37,20,25,160.7,178,17.3,0
e1-100,binary,100,bot_1,2912,w,39,17.1,25,214.62,224,9.38,0
e1-100,binary,100,bot_1,2912,w,41,119.61,25,203.03,202,-1.03,0
e1-100,binary,100,bot_1,2912,w,43,118.04,25,82.42,160,77.58,0
e1-100,binary,100,bot_1,2912,w,45,126.7,25,110.44,204,93.56,0
e1-100,binary,100,bot_1,2912,w,47,109.57,25,106.17,203,96.83,0
e1-100,binary,100,bot_1,2912,w,49,121.14,25,135.43,227,91.57,0
e1-100,binary,100,bot_1,2912,w,51,98.86,25,146.63,248,101.37,0
e1-100,binary,100,bot_1,2912,w,53,100.05,25,134.48,216,81.52,0
e1-100,binary,100,bot_1,2912,w,55,66.4,25,152.45,224,71.55,0
e1-100,binary,100,bot_1,2912,w,57,37.99,25,217,263,46,0
e1-100,binary,100,bot_1,2912,w,59,36.27,25,231.13,272,40.87,0
e1-100,binary,100,bot_2,2912,b,2,305.69,25,59.48,352,292.52,0
e1-100,binary,100,bot_2,2912,b,4,28.73,25,85.4,84,-1.4,0
e1-100,binary,100,bot_2,2912,b,6,5.97,25,74.86,73,-1.86,0
e1-100,binary,100,bot_2,2912,b,8,20.63,25,51.39,71,19.61,0
e1-100,binary,100,bot_2,2912,b,10,10.35,25,74.8,76,1.2,0
e1-100,binary,100,bot_2,2912,b,12,11.56,25,89.29,90,0.71,0
e1-100,binary,100,bot_2,2912,b,14,40.39,25,60.41,93,32.59,0
e1-100,binary,100,bot_2,2912,b,16,35.4,25,75.32,105,29.68,0
e1-100,binary,100,bot_2,2912,b,18,33.12,25,102.96,134,31.04,0
e1-100,binary,100,bot_2,2912,b,20,20.04,25,78.16,100,21.84,0
e1-100,binary,100,bot_2,2912,b,22,57.97,25,137.53,148,10.47,0
e1-100,binary,100,bot_2,2912,b,24,42.2,25,79.69,143,63.31,0
e1-100,binary,100,bot_2,2912,b,26,47.5,25,85.94,116,30.06,0
e1-100,binary,100,bot_2,2912,b,28,46.39,25,124.53,161,36.47,0
e1-100,binary,100,bot_2,2912,b,30,25.33,25,120.6,156,35.4,0
e1-100,binary,100,bot_2,2912,b,32,31.67,25,142.34,161,18.66,0
e1-100,binary,100,bot_2,2912,b,34,26.47,25,146.1,165,18.9,0
e1-100,binary,100,bot_2,2912,b,36,26.98,25,154.67,170,15.33,0
e1-100,binary,100,bot_2,2912,b,38,18.29,25,168.92,179,10.08,0
e1-100,binary,100,bot_2,2912,b,40,10.92,25,184.67,192,7.33,0
e1-100,binary,100,bot_2,2912,b,42,89.74,25,71.67,177,105.33,0
e1-100,binary,100,bot_2,2912,b,44,105.93,25,84.34,189,104.66,0
e1-100,binary,100,bot_2,2912,b,46,110.3,25,112.79,226,113.21,0
e1-100,binary,100,bot_2,2912,b,48,102.79,25,115.97,212,96.03,0
e1-100,binary,100,bot_2,2912,b,50,113,25,136.89,244,107.11,0
e1-100,binary,100,bot_2,2912,b,52,92.77,25,130.03,214,83.97,0
e1-100,binary,100,bot_2,2912,b,54,83.73,25,148.58,235,86.42,0
e1-100,binary,100,bot_2,2912,b,56,57.77,25,129.89,182,52.11,0
e1-100,binary,100,bot_2,2912,b,58,52.53,25,182.86,207,24.14,0
e1-100,binary,100,bot_2,2912,b,60,39.92,25,194.02,216,21.98,0
e1-100,binary,100,bot_3,2913,w,1,24.68,25,53.23,52,-1.23,0
e1-100,binary,100,bot_3,2913,w,3,18.51,25,79.35,79,-0.35,0
e1-100,binary,100,bot_3,2913,w,5,16.07,25,62.46,85,22.54,0
e1-100,binary,100,bot_3,2913,w,7,13.29,25,67.48,65,-2.48,0
e1-100,binary,100,bot_3,2913,w,9,9.23,25,66.88,61,-5.88,0
e1-100,binary,100,bot_3,2913,w,11,27.15,25,85,83,-2,0
e1-100,binary,100,bot_3,2913,w,13,26.64,25,82.24,89,6.76,0
e1-100,binary,100,bot_3,2913,w,15,60.26,25,93.1,94,0.9,0
e1-100,binary,100,bot_3,2913,w,17,53.47,25,59.51,94,34.49,0
e1-100,binary,100,bot_3,2913,w,19,41.02,25,78.18,109,30.82,0
e1-100,binary,100,bot_3,2913,w,21,25.98,25,73.3,93,19.7,0
e1-100,binary,100,bot_3,2913,w,23,15.03,25,138.85,145,6.15,0
e1-100,binary,100,bot_3,2913,w,25,55.81,25,103.32,106,2.68,0
e1-100,binary,100,bot_3,2913,w,27,61.31,25,92.25,141,48.75,0
e1-100,binary,100,bot_3,2913,w,29,55.21,25,92.55,139,46.45,0
e1-100,binary,100,bot_4,2913,b,2,306.48,25,58.34,357,298.66,0
e1-100,binary,100,bot_4,2913,b,4,34.32,25,79.07,88,8.93,0
e1-100,binary,100,bot_4,2913,b,6,10.45,25,70.02,80,9.98,0
e1-100,binary,100,bot_4,2913,b,8,4.57,25,66.18,74,7.82,0
e1-100,binary,100,bot_4,2913,b,10,10.8,25,79.24,83,3.76,0
e1-100,binary,100,bot_4,2913,b,12,17.66,25,85.36,107,21.64,0
e1-100,binary,100,bot_4,2913,b,14,11.38,25,81.82,102,20.18,0
e1-100,binary,100,bot_4,2913,b,16,45.27,25,66.01,121,54.99,0
e1-100,binary,100,bot_4,2913,b,18,42.85,25,94.41,141,46.59,0
e1-100,binary,100,bot_4,2913,b,20,31.59,25,65.86,101,35.14,0
e1-100,binary,100,bot_4,2913,b,22,17.4,25,119.41,140,20.59,0
e1-100,binary,100,bot_4,2913,b,24,12.84,25,139.65,149,9.35,0
e1-100,binary,100,bot_4,2913,b,26,59.37,25,74.52,125,50.48,0
e1-100,binary,100,bot_4,2913,b,28,57.99,25,112.79,167,54.21,0
e1-100,binary,100,bot_5,2914,w,1,17.84,25,56.84,54,-2.84,0
e1-100,binary,100,bot_5,2914,w,3,27.23,25,70.13,75,4.87,0
e1-100,binary,100,bot_5,2914,w,5,22.39,25,56.74,90,33.26,0
e1-100,binary,100,bot_5,2914,w,7,18.76,25,61.35,72,10.65,0
e1-100,binary,100,bot_5,2914,w,9,15.76,25,67.1,69,1.9,0
e1-100,binary,100,bot_5,2914,w,11,14.08,25,76.78,88,11.22,0
e1-100,binary,100,bot_5,2914,w,13,34.2,25,75.07,91,15.93,0
e1-100,binary,100,bot_5,2914,w,15,16.49,25,84.92,95,10.08,0
e1-100,binary,100,bot_5,2914,w,17,12.42,25,90.89,98,7.11,0
e1-100,binary,100,bot_5,2914,w,19,59.95,25,112.06,119,6.94,0
e1-100,binary,100,bot_5,2914,w,21,35.38,25,105.86,103,-2.86,0
e1-100,binary,100,bot_5,2914,w,23,31.42,25,120.99,154,33.01,0
e1-100,binary,100,bot_5,2914,w,25,17.59,25,95.71,116,20.29,0
e1-100,binary,100,bot_5,2914,w,27,22.18,25,125.71,143,17.29,0
e1-100,binary,100,bot_5,2914,w,29,15.44,25,147.37,160,12.63,0
e1-100,binary,100,bot_5,2914,w,31,67.19,25,134.02,144,9.98,0
e1-100,binary,100,bot_5,2914,w,33,53.74,25,112.75,167,54.25,0
e1-100,binary,100,bot_5,2914,w,35,56.03,25,127.32,180,52.68,0
e1-100,binary,100,bot_5,2914,w,37,51.66,25,130.28,183,52.72,0
e1-100,binary,100,bot_5,2914,w,39,50.94,25,180.62,222,41.38,0
e1-100,binary,100,bot_5,2914,w,41,35.58,25,176.18,203,26.82,0
e1-100,binary,100,bot_5,2914,w,43,28.87,25,128.76,142,13.24,0
e1-100,binary,100,bot_5,2914,w,45,26.53,25,174.03,188,13.97,0
e1-100,binary,100,bot_5,2914,w,47,15.97,25,195.16,206,10.84,0
e1-100,binary,100,bot_5,2914,w,49,11.21,25,204.27,209,4.73,0
e1-100,binary,100,bot_5,2914,w,51,144.77,25,103.88,261,157.12,0
e1-100,binary,100,bot_5,2914,w,53,154.62,25,77.1,202,124.9,0
e1-100,binary,100,bot_5,2914,w,55,126.7,25,91.64,204,112.36,0
e1-100,binary,100,bot_5,2914,w,57,103.16,25,151.95,239,87.05,0
e1-100,binary,100,bot_5,2914,w,59,96.45,25,173.38,262,88.62,0
e1-100,binary,100,bot_6,2914,b,2,300.7,25,60.36,356,295.64,0
e1-100,binary,100,bot_6,2914,b,4,41.22,25,72.29,89,16.71,0
e1-100,binary,100,bot_6,2914,b,6,16.89,25,63.67,80,16.33,0
e1-100,binary,100,bot_6,2914,b,8,7.46,25,57.07,70,12.93,0
e1-100,binary,100,bot_6,2914,b,10,17.13,25,72.84,83,10.16,0
e1-100,binary,100,bot_6,2914,b,12,22.12,25,102.95,111,8.05,0
e1-100,binary,100,bot_6,2914,b,14,17.04,25,76.14,103,26.86,0
e1-100,binary,100,bot_6,2914,b,16,12.69,25,103.28,114,10.72,0
e1-100,binary,100,bot_6,2914,b,18,11.91,25,128.17,134,5.83,0
e1-100,binary,100,bot_6,2914,b,20,2.96,25,52.53,107,54.47,0
e1-100,binary,100,bot_6,2914,b,22,39.91,25,97.78,129,31.22,0
e1-100,binary,100,bot_6,2914,b,24,26.99,25,125.58,152,26.42,0
e1-100,binary,100,bot_6,2914,b,26,23.32,25,96.23,108,11.77,0
e1-100,binary,100,bot_6,2914,b,28,18.35,25,145.22,161,15.78,0
e1-100,binary,100,bot_6,2914,b,30,16.08,25,139.87,149,9.13,0
e1-100,binary,100,bot_6,2914,b,32,61.09,25,113.23,175,61.77,0
e1-100,binary,100,bot_6,2914,b,34,58.31,25,114.28,163,48.72,0
e1-100,binary,100,bot_6,2914,b,36,58.7,25,123.32,174,50.68,0
e1-100,binary,100,bot_6,2914,b,38,46.85,25,138.83,184,45.17,0
e1-100,binary,100,bot_6,2914,b,40,38.77,25,157.37,203,45.63,0
e1-100,binary,100,bot_6,2914,b,42,24.24,25,158.25,184,25.75,0
e1-100,binary,100,bot_6,2914,b,44,25.11,25,184.95,204,19.05,0
e1-100,binary,100,bot_6,2914,b,46,21.48,25,217.54,233,15.46,0
e1-100,binary,100,bot_6,2914,b,48,16.36,25,208.56,214,5.44,0
e1-100,binary,100,bot_6,2914,b,50,169.7,25,249.96,251,1.04,0
e1-100,binary,100,bot_6,2914,b,52,136.92,25,85.58,221,135.42,0
e1-100,binary,100,bot_6,2914,b,54,124.31,25,111.38,256,144.62,0
e1-100,binary,100,bot_6,2914,b,56,98.86,25,86.89,203,116.11,0
e1-100,binary,100,bot_6,2914,b,58,99.11,25,136.09,228,91.91,0
e1-100,binary,100,bot_6,2914,b,60,90.77,25,142.75,229,86.25,0
e1-100,binary,100,bot_7,2915,w,1,12.7,25,53.91,51,-2.91,0
e1-100,binary,100,bot_7,2915,w,3,19.78,25,54.29,56,1.71,0
e1-100,binary,100,bot_7,2915,w,5,7.94,25,92.88,88,-4.88,0
e1-100,binary,100,bot_7,2915,w,7,9.05,25,74.08,76,1.92,0
e1-100,binary,100,bot_7,2915,w,9,14.7,25,59.84,64,4.16,0
e1-100,binary,100,bot_7,2915,w,11,10.67,25,79.11,82,2.89,0
e1-100,binary,100,bot_7,2915,w,13,53.76,25,94.47,97,2.53,0
e1-100,binary,100,bot_7,2915,w,15,38.02,25,83.22,96,12.78,0
e1-100,binary,100,bot_7,2915,w,17,30.85,25,72.25,104,31.75,0
e1-100,binary,100,bot_7,2915,w,19,33.48,25,88.3,123,34.7,0
e1-100,binary,100,bot_7,2915,w,21,25.6,25,81.35,96,14.65,0
e1-100,binary,100,bot_7,2915,w,23,67.05,25,84.29,157,72.71,0
e1-100,binary,100,bot_7,2915,w,25,39.77,25,74.84,117,42.16,0
e1-100,binary,100,bot_7,2915,w,27,52.99,25,92.83,131,38.17,0
e1-100,binary,100,bot_7,2915,w,29,45.45,25,119.27,160,40.73,0
e1-100,binary,100,bot_7,2915,w,31,50.39,25,97.31,134,36.69,0
e1-100,binary,100,bot_7,2915,w,33,36.76,25,131.36,163,31.64,0
e1-100,binary,100,bot_7,2915,w,35,32.6,25,152.4,177,24.6,0
e1-100,binary,100,bot_7,2915,w,37,27.76,25,155.77,174,18.23,0
e1-100,binary,100,bot_7,2915,w,39,29.57,25,190.83,213,22.17,0
e1-100,binary,100,bot_7,2915,w,41,19.21,25,176.03,185,8.97,0
e1-100,binary,100,bot_7,2915,w,43,32.72,25,124.06,155,30.94,0
e1-100,binary,100,bot_7,2915,w,45,33.94,25,153.11,186,32.89,0
e1-100,binary,100,bot_7,2915,w,47,35.69,25,186.32,218,31.68,0
e1-100,binary,100,bot_7,2915,w,49,28.94,25,189.77,214,24.23,0
e1-100,binary,100,bot_7,2915,w,51,25.73,25,226.75,243,16.25,0
e1-100,binary,100,bot_7,2915,w,53,18.13,25,204.2,214,9.8,0
e1-100,binary,100,bot_7,2915,w,55,44.77,25,169.05,246,76.95,0
e1-100,binary,100,bot_7,2915,w,57,48.43,25,193.9,217,23.1,0
e1-100,binary,100,bot_7,2915,w,59,53.51,25,219.39,245,25.61,0
e1-100,binary,100,bot_8,2916,w,1,6.49,25,54.75,53,-1.75,0
e1-100,binary,100,bot_8,2916,w,3,33.73,25,63.55,67,3.45,0
e1-100,binary,100,bot_8,2916,w,5,2.84,25,53.79,90,36.21,0
e1-100,binary,100,bot_8,2916,w,7,21.89,25,57.82,70,12.18,0
e1-100,binary,100,bot_8,2916,w,9,18.26,25,64.3,69,4.7,0
e1-100,binary,100,bot_8,2916,w,11,18.39,25,72.59,86,13.41,0
e1-100,binary,100,bot_8,2916,w,13,37.88,25,71.55,90,18.45,0
e1-100,binary,100,bot_8,2916,w,15,21.49,25,99,100,1,0
e1-100,binary,100,bot_8,2916,w,17,17.02,25,85.99,97,11.01,0
e1-100,binary,100,bot_8,2916,w,19,14.38,25,107.95,119,11.05,0
e1-100,binary,100,bot_8,2916,w,21,12.58,25,95.58,100,4.42,0
e1-100,binary,100,bot_8,2916,w,23,40.47,25,111.2,162,50.8,0
e1-100,binary,100,bot_8,2916,w,25,22.8,25,90.75,116,25.25,0
e1-100,binary,100,bot_8,2916,w,27,32.56,25,114.78,140,25.22,0
e1-100,binary,100,bot_8,2916,w,29,25.05,25,138.37,159,20.63,0
e1-100,binary,100,bot_8,2916,w,31,25.71,25,122.78,139,16.22,0
e1-100,binary,100,bot_8,2916,w,33,24.29,25,146.04,160,13.96,0
e1-100,binary,100,bot_8,2916,w,35,76.19,25,171.85,185,13.15,0
e1-100,binary,100,bot_8,2916,w,37,67.79,25,114.76,174,59.24,0
e1-100,binary,100,bot_8,2916,w,39,65.47,25,165.71,217,51.29,0
e1-100,binary,100,bot_8,2916,w,41,47.11,25,164.75,200,35.25,0
e1-100,binary,100,bot_8,2916,w,43,35.17,25,121.9,143,21.1,0
e1-100,binary,100,bot_8,2916,w,45,38.65,25,161.88,185,23.12,0
e1-100,binary,100,bot_8,2916,w,47,28.21,25,182.59,205,22.41,0
e1-100,binary,100,bot_8,2916,w,49,19.26,25,196.37,217,20.63,0
e1-100,binary,100,bot_8,2916,w,51,16.45,25,243.23,253,9.77,0
e1-100,binary,100,bot_8,2916,w,53,8.4,25,201.92,205,3.08,0
e1-100,binary,100,bot_8,2916,w,55,142.72,25,76.95,212,135.05,0
e1-100,binary,100,bot_8,2916,w,57,126.72,25,129.55,231,101.45,0
e1-100,binary,100,bot_8,2916,w,59,116.03,25,154.55,260,105.45,0
e1-100,binary,100,bot_9,2915,b,2,297.91,25,60.95,356,295.05,0
e1-100,binary,100,bot_9,2915,b,4,3.6,25,61.75,78,16.25,0
e1-100,binary,100,bot_9,2915,b,6,9.96,25,72.72,75,2.28,0
e1-100,binary,100,bot_9,2915,b,8,13.22,25,80.26,85,4.74,0
e1-100,binary,100,bot_9,2915,b,10,11.22,25,72.89,83,10.11,0
e1-100,binary,100,bot_9,2915,b,12,12.2,25,100.34,106,5.66,0
e1-100,binary,100,bot_9,2915,b,14,20.81,25,53.4,102,48.6,0
e1-100,binary,100,bot_9,2915,b,16,40.42,25,76.21,109,32.79,0
e1-100,binary,100,bot_9,2915,b,18,42.68,25,96.74,121,24.26,0
e1-100,binary,100,bot_9,2915,b,20,22.64,25,79.64,108,28.36,0
e1-100,binary,100,bot_9,2915,b,22,80.05,25,96.65,117,20.35,0
e1-100,binary,100,bot_9,2915,b,24,49.34,25,102.7,165,62.3,0
e1-100,binary,100,bot_9,2915,b,26,45.04,25,74.85,109,34.15,0
e1-100,binary,100,bot_9,2915,b,28,48.63,25,115.22,163,47.78,0
e1-100,binary,100,bot_9,2915,b,30,44.94,25,108.76,149,40.24,0
e1-100,binary,100,bot_9,2915,b,32,40.73,25,122.82,168,45.18,0
e1-100,binary,100,bot_9,2915,b,34,32.26,25,137.52,170,32.48,0
e1-100,binary,100,bot_9,2915,b,36,26.45,25,150.13,177,26.88,0
e1-100,binary,100,bot_9,2915,b,38,29.78,25,157.07,181,23.93,0
e1-100,binary,100,bot_9,2915,b,40,16.88,25,197.53,222,24.47,0
e1-100,binary,100,bot_9,2915,b,42,42.25,25,165.98,175,9.02,0
e1-100,binary,100,bot_9,2915,b,44,45.15,25,158.91,181,22.09,0
e1-100,binary,100,bot_9,2915,b,46,43.3,25,198.65,222,23.35,0
e1-100,binary,100,bot_9,2915,b,48,36.27,25,179.41,205,25.59,0
e1-100,binary,100,bot_9,2915,b,50,28.46,25,225.82,245,19.18,0
e1-100,binary,100,bot_9,2915,b,52,23.51,25,218.48,235,16.52,0
e1-100,binary,100,bot_9,2915,b,54,89.11,25,215.4,224,8.6,0
e1-100,binary,100,bot_9,2915,b,56,35.32,25,173.55,208,34.45,0
e1-100,binary,100,bot_9,2915,b,58,37.9,25,201.04,240,38.96,0
e1-100,binary,100,bot_9,2915,b,60,38.47,25,200.73,244,43.27,0
e1-100,binary,100,bot_10,2916,b,2,296.2,25,61.54,352,290.46,0
e1-100,binary,100,bot_10,2916,b,4,42.94,25,69.85,95,25.15,0
e1-100,binary,100,bot_10,2916,b,6,19.34,25,61.55,84,22.45,0
e1-100,binary,100,bot_10,2916,b,8,10.25,25,54.61,72,17.39,0
e1-100,binary,100,bot_10,2916,b,10,20.09,25,70.08,84,13.92,0
e1-100,binary,100,bot_10,2916,b,12,25.83,25,99.15,113,13.85,0
e1-100,binary,100,bot_10,2916,b,14,6.36,25,67.22,101,33.78,0
e1-100,binary,100,bot_10,2916,b,16,18.14,25,98.14,116,17.86,0
e1-100,binary,100,bot_10,2916,b,18,17.69,25,122.24,136,13.76,0
e1-100,binary,100,bot_10,2916,b,20,10.24,25,90.62,101,10.38,0
e1-100,binary,100,bot_10,2916,b,22,56.52,25,118.17,126,7.83,0
e1-100,binary,100,bot_10,2916,b,24,32,25,121.12,157,35.88,0
e1-100,binary,100,bot_10,2916,b,26,30.05,25,89.7,109,19.3,0
e1-100,binary,100,bot_10,2916,b,28,27.84,25,135.71,164,28.29,0
e1-100,binary,100,bot_10,2916,b,30,22.12,25,133.12,155,21.88,0
e1-100,binary,100,bot_10,2916,b,32,20.64,25,141.96,164,22.04,0
e1-100,binary,100,bot_10,2916,b,34,18.88,25,148.46,169,20.54,0
e1-100,binary,100,bot_10,2916,b,36,64.98,25,117.2,190,72.8,0
e1-100,binary,100,bot_10,2916,b,38,58.43,25,126.95,191,64.05,0
e1-100,binary,100,bot_10,2916,b,40,46.69,25,149.65,211,61.35,0
e1-100,binary,100,bot_10,2916,b,42,32.41,25,150.7,189,38.3,0
e1-100,binary,100,bot_10,2916,b,44,34.71,25,175.34,200,24.66,0
e1-100,binary,100,bot_10,2916,b,46,34.05,25,205.48,235,29.52,0
e1-100,binary,100,bot_10,2916,b,48,31.45,25,193.31,212,18.69,0
e1-100,binary,100,bot_10,2916,b,50,21.73,25,235.93,246,10.07,0
e1-100,binary,100,bot_10,2916,b,52,14.43,25,215.68,223,7.32,0
e1-100,binary,100,bot_10,2916,b,54,147,25,251.84,250,-1.84,0
e1-100,binary,100,bot_10,2916,b,56,113.19,25,72.26,205,132.74,0
e1-100,binary,100,bot_10,2916,b,58,116.66,25,117.44,234,116.56,0
e1-100,binary,100,bot_10,2916,b,60,107.43,25,124.75,231,106.25,0
e1-100,binary,100,bot_11,2917,w,1,357.41,25,55.14,401,345.86,0
e1-100,binary,100,bot_11,2917,w,3,29.15,25,84.65,89,4.35,0
e1-100,binary,100,bot_11,2917,w,5,6.57,25,74.08,79,4.92,0
e1-100,binary,100,bot_11,2917,w,7,2.04,25,68.47,71,2.53,0
e1-100,binary,100,bot_11,2917,w,9,13.41,25,72.22,92,19.78,0
e1-100,binary,100,bot_11,2917,w,11,14.17,25,87.76,100,12.24,0
e1-100,binary,100,bot_11,2917,w,13,7.29,25,85.76,99,13.24,0
e1-100,binary,100,bot_11,2917,w,15,40.09,25,70.57,112,41.43,0
e1-100,binary,100,bot_11,2917,w,17,37.18,25,99.66,141,41.34,0
e1-100,binary,100,bot_11,2917,w,19,26.29,25,71.27,102,30.73,0
e1-100,binary,100,bot_11,2917,w,21,10.95,25,125.57,142,16.43,0
e1-100,binary,100,bot_11,2917,w,23,47.81,25,74.24,158,83.76,0
e1-100,binary,100,bot_11,2917,w,25,54.65,25,78.89,116,37.11,0
e1-100,binary,100,bot_11,2917,w,27,53.64,25,117.08,165,47.92,0
e1-100,binary,100,bot_11,2917,w,29,29.58,25,116.82,161,44.18,0
e1-100,binary,100,bot_11,2917,w,31,38.06,25,135.81,166,30.19,0
e1-100,binary,100,bot_11,2917,w,33,32.2,25,140.49,167,26.51,0
e1-100,binary,100,bot_11,2917,w,35,35.24,25,146.53,174,27.47,0
e1-100,binary,100,bot_11,2917,w,37,24.09,25,162.74,182,19.26,0
e1-100,binary,100,bot_11,2917,w,39,16.04,25,179.78,199,19.22,0
e1-100,binary,100,bot_11,2917,w,41,8.63,25,172.42,178,5.58,0
e1-100,binary,100,bot_11,2917,w,43,110.83,25,80.43,210,129.57,0
e1-100,binary,100,bot_11,2917,w,45,118.11,25,105.33,236,130.67,0
e1-100,binary,100,bot_11,2917,w,47,108.99,25,110.22,219,108.78,0
e1-100,binary,100,bot_11,2917,w,49,120.38,25,129.79,256,126.21,0
e1-100,binary,100,bot_11,2917,w,51,98.86,25,123.86,222,98.14,0
e1-100,binary,100,bot_11,2917,w,53,90.54,25,142.57,244,101.43,0
e1-100,binary,100,bot_11,2917,w,55,66.82,25,120.54,189,68.46,0
e1-100,binary,100,bot_11,2917,w,57,59.49,25,176.16,219,42.84,0
e1-100,binary,100,bot_11,2917,w,59,51.43,25,182.64,221,38.36,0
e1-100,binary,100,bot_12,2917,b,2,16.31,25,80.89,85,4.11,0
e1-100,binary,100,bot_12,2917,b,4,12.03,25,65.32,87,21.68,0
e1-100,binary,100,bot_12,2917,b,6,10.19,25,71.02,71,-0.02,0
e1-100,binary,100,bot_12,2917,b,8,25.87,25,71.6,67,-4.6,0
e1-100,binary,100,bot_12,2917,b,10,19.05,25,78.69,86,7.31,0
e1-100,binary,100,bot_12,2917,b,12,19.29,25,90.11,99,8.89,0
e1-100,binary,100,bot_12,2917,b,14,47.24,25,106.43,106,-0.43,0
e1-100,binary,100,bot_12,2917,b,16,48.73,25,65.08,100,34.92,0
e1-100,binary,100,bot_12,2917,b,18,37.15,25,82,114,32,0
e1-100,binary,100,bot_12,2917,b,20,22.83,25,76.48,97,20.52,0
e1-100,binary,100,bot_12,2917,b,22,90.55,25,143.8,150,6.2,0
e1-100,binary,100,bot_12,2917,b,24,43.74,25,65.68,108,42.32,0
e1-100,binary,100,bot_12,2917,b,26,53.89,25,100.03,149,48.97,0
e1-100,binary,100,bot_12,2917,b,28,51,25,98,145,47,0
e1-100,binary,100,bot_12,2917,b,30,36.34,25,115.7,139,23.3,0
e1-100,binary,100,bot_12,2917,b,32,32.6,25,133.64,166,32.36,0
e1-100,binary,100,bot_12,2917,b,34,33.57,25,149.35,176,26.65,0
e1-100,binary,100,bot_12,2917,b,36,25.19,25,155.78,185,29.22,0
e1-100,binary,100,bot_12,2917,b,38,25.91,25,205.78,224,18.22,0
e1-100,binary,100,bot_12,2917,b,40,16.86,25,195.11,201,5.89,0
e1-100,binary,100,bot_12,2917,b,42,140.22,25,150.26,148,-2.26,0
e1-100,binary,100,bot_12,2917,b,44,140.18,25,96.76,196,99.24,0
e1-100,binary,100,bot_12,2917,b,46,119.44,25,95.97,203,107.03,0
e1-100,binary,100,bot_12,2917,b,48,136.86,25,119.49,217,97.51,0
e1-100,binary,100,bot_12,2917,b,50,109.63,25,136.29,246,109.71,0
e1-100,binary,100,bot_12,2917,b,52,113.27,25,120.72,210,89.28,0
e1-100,binary,100,bot_12,2917,b,54,80.3,25,138.47,219,80.53,0
e1-100,binary,100,bot_12,2917,b,56,53.46,25,201.41,257,55.59,0
e1-100,binary,100,bot_12,2917,b,58,49.01,25,218.88,268,49.12,0
e1-100,binary,100,bot_12,2917,b,60,33.94,25,174.27,215,40.73,0
e1-100,binary,100,bot_13,2918,w,1,348.91,25,53.67,397,343.33,0
e1-100,binary,100,bot_13,2918,w,3,4.94,25,60.99,78,17.01,0
e1-100,binary,100,bot_13,2918,w,5,11.83,25,70.71,74,3.29,0
e1-100,binary,100,bot_13,2918,w,7,15.03,25,78.31,83,4.69,0
e1-100,binary,100,bot_13,2918,w,9,11.85,25,72.4,83,10.6,0
e1-100,binary,100,bot_13,2918,w,11,15.28,25,97.48,105,7.52,0
e1-100,binary,100,bot_13,2918,w,13,12.98,25,91.9,93,1.1,0
e1-100,binary,100,bot_13,2918,w,15,41.67,25,75.13,112,36.87,0
e1-100,binary,100,bot_13,2918,w,17,44.86,25,94.75,124,29.25,0
e1-100,binary,100,bot_13,2918,w,19,23.47,25,79.1,109,29.9,0
e1-100,binary,100,bot_13,2918,w,21,87.21,25,89.75,109,19.25,0
e1-100,binary,100,bot_13,2918,w,23,50.54,25,101.33,167,65.67,0
e1-100,binary,100,bot_13,2918,w,25,47.78,25,72.34,109,36.66,0
e1-100,binary,100,bot_13,2918,w,27,52.48,25,111.45,165,53.55,0
e1-100,binary,100,bot_13,2918,w,29,47.54,25,105.68,149,43.32,0
e1-100,binary,100,bot_13,2918,w,31,45.08,25,118.32,168,49.68,0
e1-100,binary,100,bot_13,2918,w,33,35.65,25,133.5,169,35.5,0
e1-100,binary,100,bot_13,2918,w,35,31.63,25,145,177,32,0
e1-100,binary,100,bot_13,2918,w,37,32.71,25,153.63,179,25.38,0
e1-100,binary,100,bot_13,2918,w,39,24.5,25,190.25,221,30.75,0
e1-100,binary,100,bot_13,2918,w,41,37.44,25,170.49,188,17.51,0
e1-100,binary,100,bot_13,2918,w,43,40.2,25,163.96,184,20.04,0
e1-100,binary,100,bot_13,2918,w,45,37.83,25,204.25,224,19.75,0
e1-100,binary,100,bot_13,2918,w,47,32.36,25,183.35,206,22.65,0
e1-100,binary,100,bot_13,2918,w,49,27.64,25,226.52,244,17.48,0
e1-100,binary,100,bot_13,2918,w,51,18.2,25,223.87,237,13.13,0
e1-100,binary,100,bot_13,2918,w,53,59.08,25,199.59,251,51.41,0
e1-100,binary,100,bot_13,2918,w,55,32.46,25,176.41,210,33.59,0
e1-100,binary,100,bot_13,2918,w,57,35.61,25,203.29,239,35.71,0
e1-100,binary,100,bot_13,2918,w,59,36.65,25,202.52,243,40.48,0
e1-100,binary,100,bot_14,2918,b,2,22.94,25,51.17,57,5.83,0
e1-100,binary,100,bot_14,2918,b,4,10.46,25,90.41,89,-1.41,0
e1-100,binary,100,bot_14,2918,b,6,11.27,25,71.89,78,6.11,0
e1-100,binary,100,bot_14,2918,b,8,16.39,25,58.12,66,7.88,0
e1-100,binary,100,bot_14,2918,b,10,13.97,25,75.79,81,5.21,0
e1-100,binary,100,bot_14,2918,b,12,7.86,25,90.23,99,8.77,0
e1-100,binary,100,bot_14,2918,b,14,42.78,25,98.03,105,6.97,0
e1-100,binary,100,bot_14,2918,b,16,35.93,25,67.04,103,35.96,0
e1-100,binary,100,bot_14,2918,b,18,35.76,25,85.95,125,39.05,0
e1-100,binary,100,bot_14,2918,b,20,25.6,25,81.08,99,17.92,0
e1-100,binary,100,bot_14,2918,b,22,72.1,25,78.93,160,81.07,0
e1-100,binary,100,bot_14,2918,b,24,44.16,25,70.63,114,43.37,0
e1-100,binary,100,bot_14,2918,b,26,59.25,25,86.24,128,41.76,0
e1-100,binary,100,bot_14,2918,b,28,49.29,25,115.68,162,46.32,0
e1-100,binary,100,bot_14,2918,b,30,55.9,25,91.85,134,42.15,0
e1-100,binary,100,bot_14,2918,b,32,42,25,126.02,166,39.98,0
e1-100,binary,100,bot_14,2918,b,34,37.95,25,147.93,178,30.07,0
e1-100,binary,100,bot_14,2918,b,36,31.43,25,152.42,177,24.58,0
e1-100,binary,100,bot_14,2918,b,38,37.46,25,182.89,211,28.11,0
e1-100,binary,100,bot_14,2918,b,40,28.75,25,168.22,187,18.78,0
e1-100,binary,100,bot_14,2918,b,42,31.47,25,125.14,152,26.86,0
e1-100,binary,100,bot_14,2918,b,44,30.82,25,155.94,184,28.06,0
e1-100,binary,100,bot_14,2918,b,46,34.36,25,187.68,215,27.32,0
e1-100,binary,100,bot_14,2918,b,48,28.28,25,190.52,212,21.48,0
e1-100,binary,100,bot_14,2918,b,50,23.9,25,228.77,245,16.23,0
e1-100,binary,100,bot_14,2918,b,52,62.74,25,205.61,212,6.39,0
e1-100,binary,100,bot_14,2918,b,54,43.58,25,169.67,217,47.33,0
e1-100,binary,100,bot_14,2918,b,56,47.03,25,195.3,217,21.7,0
e1-100,binary,100,bot_14,2918,b,58,52.23,25,220.82,244,23.18,0
e1-100,binary,100,bot_14,2918,b,60,35.32,25,183.97,210,26.03,0
e1-100,binary,100,bot_15,2919,w,1,337.17,25,59.68,386,326.32,0
e1-100,binary,100,bot_15,2919,w,3,22.73,25,87.28,98,10.72,0
e1-100,binary,100,bot_15,2919,w,5,23.36,25,59.42,77,17.58,0
e1-100,binary,100,bot_15,2919,w,7,14.74,25,56.65,69,12.35,0
e1-100,binary,100,bot_15,2919,w,9,35.44,25,82.11,82,-0.11,0
e1-100,binary,100,bot_15,2919,w,11,25.28,25,62.42,97,34.58,0
e1-100,binary,100,bot_15,2919,w,13,29.9,25,71.13,94,22.87,0
e1-100,binary,100,bot_15,2919,w,15,24.12,25,85.7,110,24.3,0
e1-100,binary,100,bot_15,2919,w,17,20.26,25,114.87,142,27.13,0
e1-100,binary,100,bot_15,2919,w,19,9.12,25,89.42,105,15.58,0
e1-100,binary,100,bot_15,2919,w,21,47.89,25,107.31,150,42.69,0
e1-100,binary,100,bot_15,2919,w,23,29.04,25,92.49,146,53.51,0
e1-100,binary,100,bot_15,2919,w,25,31.43,25,102.23,127,24.77,0
e1-100,binary,100,bot_15,2919,w,27,32.49,25,138.41,163,24.59,0
e1-100,binary,100,bot_15,2919,w,29,18.77,25,126.53,152,25.47,0
e1-100,binary,100,bot_15,2919,w,31,20.27,25,153.99,170,16.01,0
e1-100,binary,100,bot_15,2919,w,33,16.46,25,156.21,165,8.79,0
e1-100,binary,100,bot_15,2919,w,35,101.95,25,172.25,178,5.75,0
e1-100,binary,100,bot_15,2919,w,37,118.34,25,101.09,191,89.91,0
e1-100,binary,100,bot_15,2919,w,39,99.84,25,92.14,189,96.86,0
e1-100,binary,100,bot_15,2919,w,41,69.25,25,90.64,176,85.36,0
e1-100,binary,100,bot_15,2919,w,43,88.51,25,101.63,192,90.37,0
e1-100,binary,100,bot_15,2919,w,45,85.18,25,138,231,93,0
e1-100,binary,100,bot_15,2919,w,47,75.75,25,143.17,228,84.83,0
e1-100,binary,100,bot_15,2919,w,49,86.47,25,163.19,255,91.81,0
e1-100,binary,100,bot_15,2919,w,51,77.19,25,145.71,214,68.29,0
e1-100,binary,100,bot_15,2919,w,53,65.6,25,167.02,234,66.98,0
e1-100,binary,100,bot_15,2919,w,55,31.54,25,157.56,201,43.44,0
e1-100,binary,100,bot_15,2919,w,57,25.1,25,210.55,225,14.45,0
e1-100,binary,100,bot_15,2919,w,59,85.65,25,216.35,223,6.65,0
e1-100,binary,100,bot_16,2919,b,2,18.26,25,84.91,89,4.09,0
e1-100,binary,100,bot_16,2919,b,4,24.12,25,76.49,90,13.51,0
e1-100,binary,100,bot_16,2919,b,6,18.78,25,59.66,76,16.34,0
e1-100,binary,100,bot_16,2919,b,8,6.15,25,66.8,76,9.2,0
e1-100,binary,100,bot_16,2919,b,10,41.5,25,70.08,98,27.92,0
e1-100,binary,100,bot_16,2919,b,12,29.08,25,82.54,101,18.46,0
e1-100,binary,100,bot_16,2919,b,14,30.14,25,82.26,105,22.74,0
e1-100,binary,100,bot_16,2919,b,16,32.9,25,82.25,98,15.75,0
e1-100,binary,100,bot_16,2919,b,18,22.39,25,96.7,110,13.3,0
e1-100,binary,100,bot_16,2919,b,20,49.93,25,90.52,93,2.48,0
e1-100,binary,100,bot_16,2919,b,22,59.91,25,115.65,157,41.35,0
e1-100,binary,100,bot_16,2919,b,24,30.46,25,78.16,100,21.84,0
e1-100,binary,100,bot_16,2919,b,26,30.63,25,123.55,148,24.45,0
e1-100,binary,100,bot_16,2919,b,28,31.78,25,117.12,143,25.88,0
e1-100,binary,100,bot_16,2919,b,30,20.74,25,132.26,144,11.74,0
e1-100,binary,100,bot_16,2919,b,32,15.45,25,150.35,164,13.65,0
e1-100,binary,100,bot_16,2919,b,34,12.68,25,170.29,180,9.71,0
e1-100,binary,100,bot_16,2919,b,36,96.18,25,89.49,185,95.51,0
e1-100,binary,100,bot_16,2919,b,38,103.06,25,116.68,229,112.32,0
e1-100,binary,100,bot_16,2919,b,40,93.74,25,116.89,207,90.11,0
e1-100,binary,100,bot_16,2919,b,42,98.46,25,102.84,162,59.16,0
e1-100,binary,100,bot_16,2919,b,44,102.3,25,135.48,214,78.52,0
e1-100,binary,100,bot_16,2919,b,46,93.92,25,121.65,198,76.35,0
e1-100,binary,100,bot_16,2919,b,48,100.49,25,156.39,222,65.61,0
e1-100,binary,100,bot_16,2919,b,50,76.32,25,167.69,244,76.31,0
e1-100,binary,100,bot_16,2919,b,52,76,25,160.69,229,68.31,0
e1-100,binary,100,bot_16,2919,b,54,52.07,25,164.47,220,55.53,0
e1-100,binary,100,bot_16,2919,b,56,22.7,25,232.16,253,20.84,0
e1-100,binary,100,bot_16,2919,b,58,16.25,25,251.72,267,15.28,0
e1-100,binary,100,bot_16,2919,b,60,80.46,25,141.56,218,76.44,0
e1-100,binary,100,bot_17,2920,b,2,30.15,25,66.07,64,-2.07,0
e1-100,binary,100,bot_17,2920,b,4,5,25,52.18,90,37.82,0
e1-100,binary,100,bot_17,2920,b,6,4.96,25,81.72,78,-3.72,0
e1-100,binary,100,bot_17,2920,b,8,8.65,25,66.05,67,0.95,0
e1-100,binary,100,bot_17,2920,b,10,23.55,25,67.54,85,17.46,0
e1-100,binary,100,bot_17,2920,b,12,41.84,25,67.08,91,23.92,0
e1-100,binary,100,bot_17,2920,b,14,27.54,25,93.05,101,7.95,0
e1-100,binary,100,bot_17,2920,b,16,21.58,25,81.79,102,20.21,0
e1-100,binary,100,bot_17,2920,b,18,21.64,25,100.78,119,18.22,0
e1-100,binary,100,bot_17,2920,b,20,17.21,25,90.52,100,9.48,0
e1-100,binary,100,bot_17,2920,b,22,50.22,25,101.49,165,63.51,0
e1-100,binary,100,bot_17,2920,b,24,28.75,25,85.34,120,34.66,0
e1-100,binary,100,bot_17,2920,b,26,41.39,25,105.59,135,29.41,0
e1-100,binary,100,bot_17,2920,b,28,33.07,25,130.96,163,32.04,0
e1-100,binary,100,bot_17,2920,b,30,36.04,25,112.87,141,28.13,0
e1-100,binary,100,bot_17,2920,b,32,30.05,25,140.05,165,24.95,0
e1-100,binary,100,bot_17,2920,b,34,20.6,25,164.32,179,14.68,0
e1-100,binary,100,bot_17,2920,b,36,16.97,25,165.59,173,7.41,0
e1-100,binary,100,bot_17,2920,b,38,73.86,25,158.11,234,75.89,0
e1-100,binary,100,bot_17,2920,b,40,54.22,25,157.69,200,42.31,0
e1-100,binary,100,bot_17,2920,b,42,41.77,25,115.09,140,24.91,0
e1-100,binary,100,bot_17,2920,b,44,45.67,25,154.84,183,28.16,0
e1-100,binary,100,bot_17,2920,b,46,31.9,25,179.04,212,32.96,0
e1-100,binary,100,bot_17,2920,b,48,23.14,25,192.54,223,30.46,0
e1-100,binary,100,bot_17,2920,b,50,24.28,25,235.41,256,20.59,0
e1-100,binary,100,bot_17,2920,b,52,13.77,25,197,210,13,0
e1-100,binary,100,bot_17,2920,b,54,10.23,25,202.98,215,12.02,0
e1-100,binary,100,bot_17,2920,b,56,148.84,25,230.7,227,-3.7,0
e1-100,binary,100,bot_17,2920,b,58,118.91,25,152.74,270,117.26,0
e1-100,binary,100,bot_17,2920,b,60,90.34,25,116.99,219,102.01,0
e1-100,binary,100,bot_18,2921,w,1,319.64,25,59.03,369,309.97,0
e1-100,binary,100,bot_18,2921,w,3,31.98,25,81.36,87,5.64,0
e1-100,binary,100,bot_18,2921,w,5,8.78,25,71.74,79,7.26,0
e1-100,binary,100,bot_18,2921,w,7,3.16,25,67.47,73,5.53,0
e1-100,binary,100,bot_18,2921,w,9,23.07,25,82.62,83,0.38,0
e1-100,binary,100,bot_18,2921,w,11,15.1,25,87.38,101,13.62,0
e1-100,binary,100,bot_18,2921,w,13,7.41,25,85.89,105,19.11,0
e1-100,binary,100,bot_18,2921,w,15,41.82,25,69.06,113,43.94,0
e1-100,binary,100,bot_18,2921,w,17,39.11,25,98.08,143,44.92,0
e1-100,binary,100,bot_18,2921,w,19,27.66,25,69.69,102,32.31,0
e1-100,binary,100,bot_18,2921,w,21,13.21,25,123.53,142,18.47,0
e1-100,binary,100,bot_18,2921,w,23,60.3,25,141.38,149,7.63,0
e1-100,binary,100,bot_18,2921,w,25,56.26,25,77.3,116,38.7,0
e1-100,binary,100,bot_18,2921,w,27,54.87,25,115.9,166,50.1,0
e1-100,binary,100,bot_18,2921,w,29,30.63,25,115.91,163,47.09,0
e1-100,binary,100,bot_18,2921,w,31,40.08,25,133.83,167,33.17,0
e1-100,binary,100,bot_18,2921,w,33,34.17,25,138.6,168,29.4,0
e1-100,binary,100,bot_18,2921,w,35,37.63,25,144.15,175,30.85,0
e1-100,binary,100,bot_18,2921,w,37,26.65,25,159.99,181,21.01,0
e1-100,binary,100,bot_18,2921,w,39,17.62,25,178.25,200,21.75,0
e1-100,binary,100,bot_18,2921,w,41,9.98,25,171.27,178,6.73,0
e1-100,binary,100,bot_18,2921,w,43,120.65,25,200.78,200,-0.78,0
e1-100,binary,100,bot_18,2921,w,45,121.66,25,101.66,233,131.34,0
e1-100,binary,100,bot_18,2921,w,47,111.99,25,107.24,218,110.76,0
e1-100,binary,100,bot_18,2921,w,49,126.14,25,123.88,255,131.12,0
e1-100,binary,100,bot_18,2921,w,51,102.35,25,120.33,221,100.67,0
e1-100,binary,100,bot_18,2921,w,53,94.15,25,139.18,244,104.82,0
e1-100,binary,100,bot_18,2921,w,55,72.04,25,115.07,190,74.93,0
e1-100,binary,100,bot_18,2921,w,57,62.93,25,172.63,220,47.37,0
e1-100,binary,100,bot_18,2921,w,59,58.66,25,175.31,218,42.69,0
e1-100,binary,100,bot_19,2920,w,1,330.68,25,52.54,381,328.46,0
e1-100,binary,100,bot_19,2920,w,3,45.22,25,67.26,93,25.74,0
e1-100,binary,100,bot_19,2920,w,5,2.97,25,59.77,60,0.23,0
e1-100,binary,100,bot_19,2920,w,7,7.76,25,77.7,80,2.3,0
e1-100,binary,100,bot_19,2920,w,9,24.72,25,86.24,91,4.76,0
e1-100,binary,100,bot_19,2920,w,11,30.35,25,94.56,114,19.44,0
e1-100,binary,100,bot_19,2920,w,13,13.35,25,60.68,98,37.32,0
e1-100,binary,100,bot_19,2920,w,15,28.35,25,87.88,111,23.12,0
e1-100,binary,100,bot_19,2920,w,17,25.39,25,114.17,133,18.83,0
e1-100,binary,100,bot_19,2920,w,19,15.33,25,86.09,104,17.91,0
e1-100,binary,100,bot_19,2920,w,21,69.8,25,106.04,119,12.96,0
e1-100,binary,100,bot_19,2920,w,23,42.3,25,110.2,157,46.8,0
e1-100,binary,100,bot_19,2920,w,25,36.72,25,82.96,110,27.04,0
e1-100,binary,100,bot_19,2920,w,27,39.12,25,124.42,162,37.58,0
e1-100,binary,100,bot_19,2920,w,29,34.95,25,119.39,149,29.61,0
e1-100,binary,100,bot_19,2920,w,31,31.99,25,130.43,163,32.57,0
e1-100,binary,100,bot_19,2920,w,33,21.24,25,147.06,174,26.94,0
e1-100,binary,100,bot_19,2920,w,35,13.68,25,162.73,180,17.27,0
e1-100,binary,100,bot_19,2920,w,37,81.56,25,171.86,185,13.14,0
e1-100,binary,100,bot_19,2920,w,39,55.04,25,141.34,213,71.66,0
e1-100,binary,100,bot_19,2920,w,41,37.05,25,146.32,192,45.68,0
e1-100,binary,100,bot_19,2920,w,43,40.57,25,169.39,202,32.61,0
e1-100,binary,100,bot_19,2920,w,45,44.99,25,194.18,231,36.82,0
e1-100,binary,100,bot_19,2920,w,47,42.52,25,182.12,206,23.88,0
e1-100,binary,100,bot_19,2920,w,49,33.51,25,224,238,14,0
e1-100,binary,100,bot_19,2920,w,51,24.64,25,205.31,221,15.69,0
e1-100,binary,100,bot_19,2920,w,53,23.25,25,236.79,241,4.21,0
e1-100,binary,100,bot_19,2920,w,55,7.22,25,199.16,201,1.84,0
e1-100,binary,100,bot_19,2920,w,57,129.38,25,103.85,244,140.15,0
e1-100,binary,100,bot_19,2920,w,59,113.6,25,118.03,227,108.97,0
e1-100,binary,100,bot_20,2921,b,2,23.13,25,76.58,87,10.42,0
e1-100,binary,100,bot_20,2921,b,4,14.91,25,62.93,87,24.07,0
e1-100,binary,100,bot_20,2921,b,6,12.49,25,68.46,68,-0.46,0
e1-100,binary,100,bot_20,2921,b,8,7.83,25,69.43,66,-3.43,0
e1-100,binary,100,bot_20,2921,b,10,21.02,25,76.38,92,15.63,0
e1-100,binary,100,bot_20,2921,b,12,25.12,25,83.81,93,9.19,0
e1-100,binary,100,bot_20,2921,b,14,50.01,25,103.68,103,-0.68,0
e1-100,binary,100,bot_20,2921,b,16,51.48,25,61.96,98,36.04,0
e1-100,binary,100,bot_20,2921,b,18,39.05,25,80.11,113,32.89,0
e1-100,binary,100,bot_20,2921,b,20,24.23,25,75.05,95,19.95,0
e1-100,binary,100,bot_20,2921,b,22,13.16,25,140.91,147,6.09,0
e1-100,binary,100,bot_20,2921,b,24,44.86,25,65.15,119,53.85,0
e1-100,binary,100,bot_20,2921,b,26,57.1,25,96.64,147,50.36,0
e1-100,binary,100,bot_20,2921,b,28,53.91,25,94.99,142,47.01,0
e1-100,binary,100,bot_20,2921,b,30,39.11,25,112.75,137,24.25,0
e1-100,binary,100,bot_20,2921,b,32,34.9,25,131.32,164,32.68,0
e1-100,binary,100,bot_20,2921,b,34,37.22,25,145.66,173,27.34,0
e1-100,binary,100,bot_20,2921,b,36,27.37,25,153.74,185,31.26,0
e1-100,binary,100,bot_20,2921,b,38,28.45,25,203.23,223,19.77,0
e1-100,binary,100,bot_20,2921,b,40,18.19,25,193.73,201,7.27,0
e1-100,binary,100,bot_20,2921,b,42,11.36,25,147.8,146,-1.8,0
e1-100,binary,100,bot_20,2921,b,44,144.51,25,93,201,108,0
e1-100,binary,100,bot_20,2921,b,46,121.57,25,93.85,204,110.15,0
e1-100,binary,100,bot_20,2921,b,48,141.6,25,114.77,214,99.23,0
e1-100,binary,100,bot_20,2921,b,50,112.79,25,133.46,248,114.54,0
e1-100,binary,100,bot_20,2921,b,52,117.68,25,116.08,208,91.92,0
e1-100,binary,100,bot_20,2921,b,54,86.87,25,131.92,215,83.08,0
e1-100,binary,100,bot_20,2921,b,56,57.69,25,197.23,258,60.77,0
e1-100,binary,100,bot_20,2921,b,58,53.04,25,215.21,265,49.79,0
e1-100,binary,100,bot_20,2921,b,60,37.02,25,171.29,218,46.71,0
e1-100,binary,100,bot_21,2922,w,1,315,25,52.79,362,309.21,0
e1-100,binary,100,bot_21,2922,w,3,2.71,25,62.87,80,17.13,0
e1-100,binary,100,bot_21,2922,w,5,8.22,25,74.43,76,1.57,0
e1-100,binary,100,bot_21,2922,w,7,12.46,25,81.01,86,4.99,0
e1-100,binary,100,bot_21,2922,w,9,9.38,25,74.65,84,9.35,0
e1-100,binary,100,bot_21,2922,w,11,48.84,25,103.85,107,3.15,0
e1-100,binary,100,bot_21,2922,w,13,19.06,25,55.03,100,44.97,0
e1-100,binary,100,bot_21,2922,w,15,39.32,25,77.24,110,32.76,0
e1-100,binary,100,bot_21,2922,w,17,39.44,25,99.92,125,25.08,0
e1-100,binary,100,bot_21,2922,w,19,20.91,25,81.28,109,27.72,0
e1-100,binary,100,bot_21,2922,w,21,78.48,25,98.15,118,19.85,0
e1-100,binary,100,bot_21,2922,w,23,47.47,25,104.61,166,61.39,0
e1-100,binary,100,bot_21,2922,w,25,42.94,25,76.93,111,34.07,0
e1-100,binary,100,bot_21,2922,w,27,45.59,25,118.29,166,47.71,0
e1-100,binary,100,bot_21,2922,w,29,42.69,25,111.11,151,39.89,0
e1-100,binary,100,bot_21,2922,w,31,37.82,25,125.77,170,44.23,0
e1-100,binary,100,bot_21,2922,w,33,28.25,25,141.58,174,32.42,0
e1-100,binary,100,bot_21,2922,w,35,23.68,25,152.83,180,27.17,0
e1-100,binary,100,bot_21,2922,w,37,27.39,25,159.75,183,23.25,0
e1-100,binary,100,bot_21,2922,w,39,14.43,25,199.89,223,23.11,0
e1-100,binary,100,bot_21,2922,w,41,35.23,25,172.06,180,7.94,0
e1-100,binary,100,bot_21,2922,w,43,36.91,25,167.41,186,18.59,0
e1-100,binary,100,bot_21,2922,w,45,34.71,25,207.35,226,18.65,0
e1-100,binary,100,bot_21,2922,w,47,30.63,25,185.13,208,22.87,0
e1-100,binary,100,bot_21,2922,w,49,25.5,25,228.47,243,14.53,0
e1-100,binary,100,bot_21,2922,w,51,72.58,25,226.07,239,12.93,0
e1-100,binary,100,bot_21,2922,w,53,55.91,25,202.46,236,33.54,0
e1-100,binary,100,bot_21,2922,w,55,29.91,25,178.95,209,30.05,0
e1-100,binary,100,bot_21,2922,w,57,34.46,25,204.31,241,36.69,0
e1-100,binary,100,bot_21,2922,w,59,34.95,25,204.08,241,36.92,0
e1-100,binary,100,bot_22,2922,b,2,22.58,25,52.77,61,8.23,0
e1-100,binary,100,bot_22,2922,b,4,6.21,25,93.95,92,-1.95,0
e1-100,binary,100,bot_22,2922,b,6,7.98,25,75.22,78,2.78,0
e1-100,binary,100,bot_22,2922,b,8,13.17,25,61.63,68,6.38,0
e1-100,binary,100,bot_22,2922,b,10,9.17,25,80.6,84,3.4,0
e1-100,binary,100,bot_22,2922,b,12,48.54,25,60.08,104,43.92,0
e1-100,binary,100,bot_22,2922,b,14,35.76,25,85.14,99,13.86,0
e1-100,binary,100,bot_22,2922,b,16,28.35,25,75.18,110,34.82,0
e1-100,binary,100,bot_22,2922,b,18,32.61,25,89.27,125,35.73,0
e1-100,binary,100,bot_22,2922,b,20,24.5,25,82.54,99,16.46,0
e1-100,binary,100,bot_22,2922,b,22,65.07,25,86.36,160,73.64,0
e1-100,binary,100,bot_22,2922,b,24,38.61,25,75.83,119,43.17,0
e1-100,binary,100,bot_22,2922,b,26,51.71,25,94.43,132,37.57,0
e1-100,binary,100,bot_22,2922,b,28,44.03,25,120.38,162,41.62,0
e1-100,binary,100,bot_22,2922,b,30,48.45,25,99.19,137,37.81,0
e1-100,binary,100,bot_22,2922,b,32,36.84,25,132.27,165,32.73,0
e1-100,binary,100,bot_22,2922,b,34,31.74,25,153.21,177,23.79,0
e1-100,binary,100,bot_22,2922,b,36,26.75,25,156.56,176,19.44,0
e1-100,binary,100,bot_22,2922,b,38,27.03,25,192.92,216,23.08,0
e1-100,binary,100,bot_22,2922,b,40,19.06,25,178.2,187,8.8,0
e1-100,binary,100,bot_22,2922,b,42,29.61,25,126.92,153,26.08,0
e1-100,binary,100,bot_22,2922,b,44,28.67,25,158.24,184,25.76,0
e1-100,binary,100,bot_22,2922,b,46,32.88,25,189.16,213,23.84,0
e1-100,binary,100,bot_22,2922,b,48,25.49,25,193.3,215,21.7,0
e1-100,binary,100,bot_22,2922,b,50,23.72,25,229.07,246,16.93,0
e1-100,binary,100,bot_22,2922,b,52,44.79,25,167.53,230,62.47,0
e1-100,binary,100,bot_22,2922,b,54,40.2,25,173.08,219,45.92,0
e1-100,binary,100,bot_22,2922,b,56,46.85,25,195.44,215,19.56,0
e1-100,binary,100,bot_22,2922,b,58,48.23,25,225.08,249,23.92,0
e1-100,binary,100,bot_22,2922,b,60,32.2,25,187.33,213,25.67,0
e1-100,binary,100,bot_23,2923,w,1,10.1,25,81.55,82,0.45,0
e1-100,binary,100,bot_23,2923,w,3,7.32,25,69.4,90,20.6,0
e1-100,binary,100,bot_23,2923,w,5,22.59,25,56.74,84,27.26,0
e1-100,binary,100,bot_23,2923,w,7,9.45,25,63.16,78,14.84,0
e1-100,binary,100,bot_23,2923,w,9,9.46,25,89.69,92,2.31,0
e1-100,binary,100,bot_23,2923,w,11,31.69,25,80.44,116,35.56,0
e1-100,binary,100,bot_23,2923,w,13,35.06,25,76.8,109,32.2,0
e1-100,binary,100,bot_23,2923,w,15,37.58,25,77.02,104,26.98,0
e1-100,binary,100,bot_23,2923,w,17,26.73,25,92.41,120,27.59,0
e1-100,binary,100,bot_23,2923,w,19,15.11,25,84.12,96,11.88,0
e1-100,binary,100,bot_23,2923,w,21,66.56,25,109.28,158,48.72,0
e1-100,binary,100,bot_23,2923,w,23,35.08,25,74.12,107,32.88,0
e1-100,binary,100,bot_23,2923,w,25,39.05,25,115.44,153,37.56,0
e1-100,binary,100,bot_23,2923,w,27,38.67,25,110.24,147,36.76,0
e1-100,binary,100,bot_23,2923,w,29,25.51,25,126.94,146,19.06,0
e1-100,binary,100,bot_23,2923,w,31,24.54,25,141.39,164,22.61,0
e1-100,binary,100,bot_23,2923,w,33,22.03,25,160.97,179,18.03,0
e1-100,binary,100,bot_23,2923,w,35,15.87,25,164.6,181,16.4,0
e1-100,binary,100,bot_23,2923,w,37,127.58,25,221.62,231,9.38,0
e1-100,binary,100,bot_23,2923,w,39,104.85,25,106.25,207,100.75,0
e1-100,binary,100,bot_23,2923,w,41,112.58,25,87.98,165,77.02,0
e1-100,binary,100,bot_23,2923,w,43,117.57,25,119.44,213,93.56,0
e1-100,binary,100,bot_23,2923,w,45,104.28,25,111.7,205,93.3,0
e1-100,binary,100,bot_23,2923,w,47,113.63,25,143.3,231,87.7,0
e1-100,binary,100,bot_23,2923,w,49,90.56,25,154.65,252,97.35,0
e1-100,binary,100,bot_23,2923,w,51,90.74,25,144.62,224,79.38,0
e1-100,binary,100,bot_23,2923,w,53,60.25,25,157.65,225,67.35,0
e1-100,binary,100,bot_23,2923,w,55,31.54,25,223.57,262,38.43,0
e1-100,binary,100,bot_23,2923,w,57,28.38,25,239.82,275,35.18,0
e1-100,binary,100,bot_23,2923,w,59,25.22,25,183.84,211,27.16,0
e1-100,binary,100,bot_24,2923,b,2,26.33,25,87.69,90,2.31,0
e1-100,binary,100,bot_24,2923,b,4,31,25,76.3,75,-1.3,0
e1-100,binary,100,bot_24,2923,b,6,18.51,25,53.07,67,13.93,0
e1-100,binary,100,bot_24,2923,b,8,7.61,25,77.57,79,1.43,0
e1-100,binary,100,bot_24,2923,b,10,39.53,25,91.92,93,1.08,0
e1-100,binary,100,bot_24,2923,b,12,36.65,25,64.31,88,23.69,0
e1-100,binary,100,bot_24,2923,b,14,32.09,25,78.67,106,27.33,0
e1-100,binary,100,bot_24,2923,b,16,30.25,25,105.14,135,29.86,0
e1-100,binary,100,bot_24,2923,b,18,15.95,25,82.42,101,18.58,0
e1-100,binary,100,bot_24,2923,b,20,52.67,25,142.88,150,7.12,0
e1-100,binary,100,bot_24,2923,b,22,37.93,25,83.36,142,58.64,0
e1-100,binary,100,bot_24,2923,b,24,41.9,25,91.14,117,25.86,0
e1-100,binary,100,bot_24,2923,b,26,41.31,25,129.57,161,31.43,0
e1-100,binary,100,bot_24,2923,b,28,24.21,25,121.37,152,30.63,0
e1-100,binary,100,bot_24,2923,b,30,27.05,25,147.13,166,18.87,0
e1-100,binary,100,bot_24,2923,b,32,22.61,25,150.01,168,17.99,0
e1-100,binary,100,bot_24,2923,b,34,21.49,25,160.28,176,15.72,0
e1-100,binary,100,bot_24,2923,b,36,13.82,25,173.62,182,8.38,0
e1-100,binary,100,bot_24,2923,b,38,109.69,25,81.46,203,121.54,0
e1-100,binary,100,bot_24,2923,b,40,85.12,25,75.4,169,93.6,0
e1-100,binary,100,bot_24,2923,b,42,102.19,25,88.48,190,101.52,0
e1-100,binary,100,bot_24,2923,b,44,102.09,25,120.91,226,105.09,0
e1-100,binary,100,bot_24,2923,b,46,96.4,25,122.21,217,94.79,0
e1-100,binary,100,bot_24,2923,b,48,106.09,25,143.62,247,103.38,0
e1-100,binary,100,bot_24,2923,b,50,86.76,25,136.12,215,78.88,0
e1-100,binary,100,bot_24,2923,b,52,75.68,25,157.14,237,79.86,0
e1-100,binary,100,bot_24,2923,b,54,46.33,25,141.83,191,49.17,0
e1-100,binary,100,bot_24,2923,b,56,42.43,25,193.1,213,19.9,0
e1-100,binary,100,bot_24,2923,b,58,35.03,25,197.61,216,18.39,0
e1-100,binary,100,bot_24,2923,b,60,29.18,25,211.16,226,14.84,0
e1-100,binary,100,bot_25,2924,w,1,8.17,25,76.37,74,-2.37,0
e1-100,binary,100,bot_25,2924,w,3,30.04,25,71.25,87,15.75,0
e1-100,binary,100,bot_25,2924,w,5,20.45,25,58.26,75,16.74,0
e1-100,binary,100,bot_25,2924,w,7,7.45,25,65.33,75,9.67,0
e1-100,binary,100,bot_25,2924,w,9,51.01,25,92.19,89,-3.19,0
e1-100,binary,100,bot_25,2924,w,11,30.9,25,80.77,102,21.23,0
e1-100,binary,100,bot_25,2924,w,13,33.68,25,77.97,104,26.03,0
e1-100,binary,100,bot_25,2924,w,15,37.04,25,77.76,99,21.24,0
e1-100,binary,100,bot_25,2924,w,17,25.56,25,93.63,114,20.37,0
e1-100,binary,100,bot_25,2924,w,19,14.11,25,85.29,91,5.71,0
e1-100,binary,100,bot_25,2924,w,21,63.52,25,112.55,156,43.45,0
e1-100,binary,100,bot_25,2924,w,23,33.19,25,75.95,102,26.05,0
e1-100,binary,100,bot_25,2924,w,25,34.01,25,120.42,151,30.58,0
e1-100,binary,100,bot_25,2924,w,27,36.04,25,112.95,143,30.05,0
e1-100,binary,100,bot_25,2924,w,29,23.37,25,129.22,144,14.78,0
e1-100,binary,100,bot_25,2924,w,31,20.07,25,145.8,161,15.2,0
e1-100,binary,100,bot_25,2924,w,33,18.57,25,164.4,177,12.6,0
e1-100,binary,100,bot_25,2924,w,35,11.56,25,168.64,177,8.36,0
e1-100,binary,100,bot_25,2924,w,37,113.98,25,107.22,237,129.78,0
e1-100,binary,100,bot_25,2924,w,39,102.75,25,108.09,204,95.91,0
e1-100,binary,100,bot_25,2924,w,41,107.91,25,92.9,163,70.1,0
e1-100,binary,100,bot_25,2924,w,43,112.61,25,124.7,210,85.3,0
e1-100,binary,100,bot_25,2924,w,45,102.06,25,114,199,85,0
e1-100,binary,100,bot_25,2924,w,47,109.73,25,147.16,223,75.84,0
e1-100,binary,100,bot_25,2924,w,49,85.92,25,158.9,247,88.1,0
e1-100,binary,100,bot_25,2924,w,51,88.09,25,147.57,219,71.43,0
e1-100,binary,100,bot_25,2924,w,53,57.86,25,159.46,221,61.54,0
e1-100,binary,100,bot_25,2924,w,55,28.44,25,226.61,256,29.39,0
e1-100,binary,100,bot_25,2924,w,57,24.38,25,243.79,271,27.21,0
e1-100,binary,100,bot_25,2924,w,59,22.41,25,186.92,204,17.08,0
e1-100,binary,100,bot_26,2924,b,2,24.43,25,89.83,94,4.17,0
e1-100,binary,100,bot_26,2924,b,4,25.68,25,57.3,81,23.7,0
e1-100,binary,100,bot_26,2924,b,6,17.11,25,54.32,69,14.68,0
e1-100,binary,100,bot_26,2924,b,8,6.06,25,79.07,81,1.93,0
e1-100,binary,100,bot_26,2924,b,10,29.48,25,58.45,104,45.55,0
e1-100,binary,100,bot_26,2924,b,12,34.62,25,66.39,91,24.61,0
e1-100,binary,100,bot_26,2924,b,14,29.9,25,80.74,110,29.26,0
e1-100,binary,100,bot_26,2924,b,16,27.73,25,107.54,138,30.46,0
e1-100,binary,100,bot_26,2924,b,18,14.37,25,84.06,104,19.94,0
e1-100,binary,100,bot_26,2924,b,20,50.52,25,145.14,153,7.86,0
e1-100,binary,100,bot_26,2924,b,22,34.56,25,86.69,144,57.31,0
e1-100,binary,100,bot_26,2924,b,24,38.86,25,94.43,122,27.57,0
e1-100,binary,100,bot_26,2924,b,26,38.85,25,131.93,160,28.07,0
e1-100,binary,100,bot_26,2924,b,28,22.4,25,123.02,154,30.98,0
e1-100,binary,100,bot_26,2924,b,30,24.33,25,149.88,168,18.12,0
e1-100,binary,100,bot_26,2924,b,32,20.6,25,152.01,166,13.99,0
e1-100,binary,100,bot_26,2924,b,34,17.41,25,164.41,176,11.59,0
e1-100,binary,100,bot_26,2924,b,36,138.46,25,177.55,183,5.45,0
e1-100,binary,100,bot_26,2924,b,38,107.08,25,84.43,192,107.57,0
e1-100,binary,100,bot_26,2924,b,40,80.75,25,79.52,172,92.48,0
e1-100,binary,100,bot_26,2924,b,42,96.76,25,93.72,192,98.28,0
e1-100,binary,100,bot_26,2924,b,44,97.01,25,126.07,229,102.93,0
e1-100,binary,100,bot_26,2924,b,46,87.43,25,130.92,223,92.08,0
e1-100,binary,100,bot_26,2924,b,48,99.31,25,150.44,250,99.56,0
e1-100,binary,100,bot_26,2924,b,50,82.93,25,140.02,216,75.98,0
e1-100,binary,100,bot_26,2924,b,52,72.17,25,160.79,238,77.21,0
e1-100,binary,100,bot_26,2924,b,54,40.61,25,147.89,197,49.11,0
e1-100,binary,100,bot_26,2924,b,56,38.09,25,197.43,216,18.57,0
e1-100,binary,100,bot_26,2924,b,58,28.76,25,203.69,218,14.31,0
e1-100,binary,100,bot_26,2924,b,60,23.36,25,216.65,229,12.35,0
e1-100,binary,100,bot_27,2925,w,1,6.79,25,78.21,79,0.79,0
e1-100,binary,100,bot_27,2925,w,3,22.62,25,77.63,84,6.37,0
e1-100,binary,100,bot_27,2925,w,5,16.2,25,62.1,78,15.9,0
e1-100,binary,100,bot_27,2925,w,7,32.2,25,68.99,75,6.01,0
e1-100,binary,100,bot_27,2925,w,9,35.91,25,75.58,100,24.42,0
e1-100,binary,100,bot_27,2925,w,11,27.62,25,84.06,100,15.94,0
e1-100,binary,100,bot_27,2925,w,13,26.8,25,85.48,103,17.52,0
e1-100,binary,100,bot_27,2925,w,15,29.99,25,85.47,97,11.53,0
e1-100,binary,100,bot_27,2925,w,17,17.58,25,101.41,111,9.59,0
e1-100,binary,100,bot_27,2925,w,19,37.72,25,57.43,98,40.57,0
e1-100,binary,100,bot_27,2925,w,21,44.95,25,129.92,165,35.08,0
e1-100,binary,100,bot_27,2925,w,23,25.13,25,82.25,100,17.75,0
e1-100,binary,100,bot_27,2925,w,25,23.63,25,130.5,149,18.5,0
e1-100,binary,100,bot_27,2925,w,27,24.55,25,124.25,142,17.75,0
e1-100,binary,100,bot_27,2925,w,29,15.06,25,138.28,144,5.72,0
e1-100,binary,100,bot_27,2925,w,31,92.3,25,156.19,164,7.81,0
e1-100,binary,100,bot_27,2925,w,33,87.33,25,90.68,178,87.32,0
e1-100,binary,100,bot_27,2925,w,35,87.91,25,97.33,174,76.67,0
e1-100,binary,100,bot_27,2925,w,37,90.02,25,128.73,223,94.27,0
e1-100,binary,100,bot_27,2925,w,39,80.44,25,130.13,204,73.87,0
e1-100,binary,100,bot_27,2925,w,41,85.69,25,116.06,166,49.94,0
e1-100,binary,100,bot_27,2925,w,43,86.47,25,152.32,223,70.68,0
e1-100,binary,100,bot_27,2925,w,45,78.55,25,137.1,197,59.9,0
e1-100,binary,100,bot_27,2925,w,47,81.45,25,174.96,231,56.04,0
e1-100,binary,100,bot_27,2925,w,49,65.92,25,177.8,239,61.2,0
e1-100,binary,100,bot_27,2925,w,51,62.23,25,175.1,226,50.9,0
e1-100,binary,100,bot_27,2925,w,53,39.77,25,176.61,219,42.39,0
e1-100,binary,100,bot_27,2925,w,55,68.84,25,172.25,248,75.75,0
e1-100,binary,100,bot_27,2925,w,57,72.44,25,169.08,259,89.92,0
e1-100,binary,100,bot_27,2925,w,59,59.73,25,160.54,209,48.46,0
e1-100,binary,100,bot_28,2925,b,2,14.28,25,93.74,96,2.26,0
e1-100,binary,100,bot_28,2925,b,4,22.17,25,60.85,77,16.15,0
e1-100,binary,100,bot_28,2925,b,6,11.7,25,59.76,70,10.24,0
e1-100,binary,100,bot_28,2925,b,8,30.32,25,59.65,86,26.35,0
e1-100,binary,100,bot_28,2925,b,10,22.24,25,65.19,95,29.81,0
e1-100,binary,100,bot_28,2925,b,12,24.3,25,76.75,98,21.25,0
e1-100,binary,100,bot_28,2925,b,14,18.56,25,90.93,113,22.07,0
e1-100,binary,100,bot_28,2925,b,16,15.46,25,119.33,143,23.67,0
e1-100,binary,100,bot_28,2925,b,18,46.38,25,98.24,110,11.76,0
e1-100,binary,100,bot_28,2925,b,20,41.68,25,113.6,145,31.4,0
e1-100,binary,100,bot_28,2925,b,22,24.66,25,98.16,138,39.84,0
e1-100,binary,100,bot_28,2925,b,24,25.09,25,109.24,129,19.76,0
e1-100,binary,100,bot_28,2925,b,26,24.26,25,146.77,165,18.23,0
e1-100,binary,100,bot_28,2925,b,28,12.67,25,132.12,151,18.88,0
e1-100,binary,100,bot_28,2925,b,30,14.52,25,159.79,170,10.21,0
e1-100,binary,100,bot_28,2925,b,32,94.96,25,93.89,181,87.11,0
e1-100,binary,100,bot_28,2925,b,34,83.21,25,98.47,180,81.53,0
e1-100,binary,100,bot_28,2925,b,36,100.75,25,119.03,201,81.97,0
e1-100,binary,100,bot_28,2925,b,38,85.23,25,107.66,192,84.34,0
e1-100,binary,100,bot_28,2925,b,40,60.13,25,99.37,170,70.63,0
e1-100,binary,100,bot_28,2925,b,42,80.3,25,108.91,186,77.09,0
e1-100,binary,100,bot_28,2925,b,44,70.18,25,152.83,229,76.17,0
e1-100,binary,100,bot_28,2925,b,46,64.94,25,153.86,223,69.14,0
e1-100,binary,100,bot_28,2925,b,48,71.39,25,178.84,252,73.16,0
e1-100,binary,100,bot_28,2925,b,50,60.47,25,162.27,219,56.73,0
e1-100,binary,100,bot_28,2925,b,52,52.22,25,179.86,232,52.14,0
e1-100,binary,100,bot_28,2925,b,54,86.35,25,195.78,225,29.22,0
e1-100,binary,100,bot_28,2925,b,56,99.38,25,170.73,229,58.27,0
e1-100,binary,100,bot_28,2925,b,58,57.09,25,159.53,223,63.47,0
e1-100,binary,100,bot_28,2925,b,60,57.47,25,174.41,229,54.59,0
e1-100,binary,100,bot_29,2926,w,1,5.6,25,67.36,69,1.64,0
e1-100,binary,100,bot_29,2926,w,3,20.75,25,78.92,84,5.08,0
e1-100,binary,100,bot_29,2926,w,5,12.39,25,65.75,79,13.25,0
e1-100,binary,100,bot_29,2926,w,7,25.1,25,76.65,81,4.35,0
e1-100,binary,100,bot_29,2926,w,9,31.76,25,79.92,100,20.08,0
e1-100,binary,100,bot_29,2926,w,11,25.12,25,86.51,99,12.49,0
e1-100,binary,100,bot_29,2926,w,13,22.2,25,90.07,106,15.93,0
e1-100,binary,100,bot_29,2926,w,15,25.14,25,90.72,97,6.28,0
e1-100,binary,100,bot_29,2926,w,17,11.38,25,107.71,112,4.29,0
e1-100,binary,100,bot_29,2926,w,19,33.57,25,61.93,97,35.07,0
e1-100,binary,100,bot_29,2926,w,21,34.42,25,140.04,169,28.96,0
e1-100,binary,100,bot_29,2926,w,23,18.64,25,88.75,102,13.25,0
e1-100,binary,100,bot_29,2926,w,25,19.74,25,134.3,147,12.7,0
e1-100,binary,100,bot_29,2926,w,27,18.36,25,130.45,141,10.55,0
e1-100,binary,100,bot_29,2926,w,29,95.7,25,143.84,145,1.16,0
e1-100,binary,100,bot_29,2926,w,31,77.43,25,91.46,161,69.54,0
e1-100,binary,100,bot_29,2926,w,33,80.15,25,96.99,174,77.01,0
e1-100,binary,100,bot_29,2926,w,35,80.5,25,104.39,168,63.61,0
e1-100,binary,100,bot_29,2926,w,37,81.01,25,136.74,218,81.26,0
e1-100,binary,100,bot_29,2926,w,39,71.36,25,139.16,202,62.84,0
e1-100,binary,100,bot_29,2926,w,41,74.97,25,127.35,170,42.65,0
e1-100,binary,100,bot_29,2926,w,43,75.71,25,164.26,221,56.74,0
e1-100,binary,100,bot_29,2926,w,45,67.13,25,148.58,196,47.42,0
e1-100,binary,100,bot_29,2926,w,47,68.27,25,187.75,236,48.25,0
e1-100,binary,100,bot_29,2926,w,49,58.43,25,184.56,235,50.44,0
e1-100,binary,100,bot_29,2926,w,51,48.82,25,188.96,229,40.04,0
e1-100,binary,100,bot_29,2926,w,53,33.21,25,182.95,213,30.05,0
e1-100,binary,100,bot_29,2926,w,55,62.16,25,178.52,245,66.48,0
e1-100,binary,100,bot_29,2926,w,57,62.8,25,178.44,261,82.56,0
e1-100,binary,100,bot_29,2926,w,59,54.3,25,165.17,206,40.83,0
e1-100,binary,100,bot_30,2926,b,2,13.19,25,95.05,96,0.95,0
e1-100,binary,100,bot_30,2926,b,4,20.88,25,62.25,75,12.75,0
e1-100,binary,100,bot_30,2926,b,6,10.47,25,61.22,66,4.78,0
e1-100,binary,100,bot_30,2926,b,8,26.89,25,62.74,80,17.26,0
e1-100,binary,100,bot_30,2926,b,10,19.66,25,67.64,92,24.36,0
e1-100,binary,100,bot_30,2926,b,12,22.47,25,78.46,98,19.54,0
e1-100,binary,100,bot_30,2926,b,14,14.82,25,94.38,110,15.62,0
e1-100,binary,100,bot_30,2926,b,16,12.24,25,122.16,142,19.84,0
e1-100,binary,100,bot_30,2926,b,18,43.38,25,101.13,105,3.87,0
e1-100,binary,100,bot_30,2926,b,20,35.75,25,119.59,146,26.41,0
e1-100,binary,100,bot_30,2926,b,22,20.83,25,101.98,129,27.02,0
e1-100,binary,100,bot_30,2926,b,24,20.3,25,114.38,127,12.62,0
e1-100,binary,100,bot_30,2926,b,26,17.61,25,153.49,166,12.51,0
e1-100,binary,100,bot_30,2926,b,28,8.16,25,136.34,148,11.66,0
e1-100,binary,100,bot_30,2926,b,30,76.41,25,92.57,183,90.43,0
e1-100,binary,100,bot_30,2926,b,32,84.14,25,104.47,175,70.53,0
e1-100,binary,100,bot_30,2926,b,34,71.52,25,110.87,184,73.13,0
e1-100,binary,100,bot_30,2926,b,36,89.19,25,131.07,205,73.93,0
e1-100,binary,100,bot_30,2926,b,38,73.62,25,120.23,194,73.77,0
e1-100,binary,100,bot_30,2926,b,40,52.32,25,106.36,166,59.64,0
e1-100,binary,100,bot_30,2926,b,42,67.3,25,121.32,184,62.68,0
e1-100,binary,100,bot_30,2926,b,44,59.3,25,163.08,228,64.92,0
e1-100,binary,100,bot_30,2926,b,46,58.35,25,160.44,217,56.56,0
e1-100,binary,100,bot_30,2926,b,48,61.34,25,189.59,247,57.41,0
e1-100,binary,100,bot_30,2926,b,50,49.94,25,173.11,220,46.89,0
e1-100,binary,100,bot_30,2926,b,52,41.14,25,190.4,229,38.6,0
e1-100,binary,100,bot_30,2926,b,54,78.03,25,204.52,227,22.48,0
e1-100,binary,100,bot_30,2926,b,56,93.87,25,176.86,228,51.14,0
e1-100,binary,100,bot_30,2926,b,58,50.83,25,166.57,219,52.43,0
e1-100,binary,100,bot_30,2926,b,60,48.27,25,183.13,227,43.87,0
e1-100,binary,100,bot_31,2927,w,1,4.27,25,60.54,59,-1.54,0
e1-100,binary,100,bot_31,2927,w,3,15.37,25,67.12,73,5.88,0
e1-100,binary,100,bot_31,2927,w,5,5.64,25,71.84,78,6.16,0
e1-100,binary,100,bot_31,2927,w,7,18.39,25,66.16,80,13.84,0
e1-100,binary,100,bot_31,2927,w,9,21.98,25,90.21,102,11.79,0
e1-100,binary,100,bot_31,2927,w,11,16.65,25,94.98,97,2.02,0
e1-100,binary,100,bot_31,2927,w,13,11.67,25,100.91,108,7.09,0
e1-100,binary,100,bot_31,2927,w,15,63.83,25,76.36,118,41.64,0
e1-100,binary,100,bot_31,2927,w,17,31.06,25,72.36,112,39.64,0
e1-100,binary,100,bot_31,2927,w,19,24.7,25,71.43,100,28.57,0
e1-100,binary,100,bot_31,2927,w,21,18.89,25,154.88,173,18.12,0
e1-100,binary,100,bot_31,2927,w,23,11.96,25,95.51,103,7.49,0
e1-100,binary,100,bot_31,2927,w,25,86.36,25,144.37,152,7.63,0
e1-100,binary,100,bot_31,2927,w,27,66.47,25,86.57,148,61.43,0
e1-100,binary,100,bot_31,2927,w,29,70.18,25,93.09,158,64.91,0
e1-100,binary,100,bot_31,2927,w,31,61.12,25,107.69,161,53.31,0
e1-100,binary,100,bot_31,2927,w,33,58.62,25,118.41,178,59.59,0
e1-100,binary,100,bot_31,2927,w,35,57.11,25,127.93,173,45.07,0
e1-100,binary,100,bot_31,2927,w,37,51.79,25,165,226,61,0
e1-100,binary,100,bot_31,2927,w,39,50.08,25,159.27,204,44.73,0
e1-100,binary,100,bot_31,2927,w,41,53.27,25,150.48,179,28.52,0
e1-100,binary,100,bot_31,2927,w,43,49.46,25,192.02,228,35.98,0
e1-100,binary,100,bot_31,2927,w,45,43.08,25,172.66,205,32.34,0
e1-100,binary,100,bot_31,2927,w,47,39.27,25,215.66,243,27.34,0
e1-100,binary,100,bot_31,2927,w,49,34.16,25,207.81,232,24.19,0
e1-100,binary,100,bot_31,2927,w,51,31.58,25,207.71,224,16.29,0
e1-100,binary,100,bot_31,2927,w,53,19.14,25,197.5,207,9.5,0
e1-100,binary,100,bot_31,2927,w,55,46.86,25,192.6,239,46.4,0
e1-100,binary,100,bot_31,2927,w,57,47.55,25,192.2,246,53.8,0
e1-100,binary,100,bot_31,2927,w,59,36.43,25,181.63,207,25.37,0
e1-100,binary,100,bot_32,2927,b,2,14.54,25,112.1,111,-1.1,0
e1-100,binary,100,bot_32,2927,b,4,13.46,25,69.92,78,8.08,0
e1-100,binary,100,bot_32,2927,b,6,21.09,25,68.61,66,-2.61,0
e1-100,binary,100,bot_32,2927,b,8,19.18,25,70.67,81,10.33,0
e1-100,binary,100,bot_32,2927,b,10,9.07,25,78.02,91,12.98,0
e1-100,binary,100,bot_32,2927,b,12,13.28,25,87.36,97,9.64,0
e1-100,binary,100,bot_32,2927,b,14,48.74,25,101.97,106,4.03,0
e1-100,binary,100,bot_32,2927,b,16,46.61,25,74.52,130,55.48,0
e1-100,binary,100,bot_32,2927,b,18,34.09,25,72.45,96,23.55,0
e1-100,binary,100,bot_32,2927,b,20,26.44,25,129.02,145,15.98,0
e1-100,binary,100,bot_32,2927,b,22,14.97,25,107.81,119,11.19,0
e1-100,binary,100,bot_32,2927,b,24,15.27,25,119.87,124,4.13,0
e1-100,binary,100,bot_32,2927,b,26,68.85,25,96.5,175,78.5,0
e1-100,binary,100,bot_32,2927,b,28,71.04,25,76.78,135,58.22,0
e1-100,binary,100,bot_32,2927,b,30,60.7,25,107.7,169,61.3,0
e1-100,binary,100,bot_32,2927,b,32,66.37,25,121.16,174,52.84,0
e1-100,binary,100,bot_32,2927,b,34,51.92,25,131.41,182,50.59,0
e1-100,binary,100,bot_32,2927,b,36,68.76,25,151.2,201,49.8,0
e1-100,binary,100,bot_32,2927,b,38,57.28,25,139.07,183,43.93,0
e1-100,binary,100,bot_32,2927,b,40,40.51,25,116.49,155,38.51,0
e1-100,binary,100,bot_32,2927,b,42,47.58,25,139.81,180,40.19,0
e1-100,binary,100,bot_32,2927,b,44,44.1,25,177.86,215,37.14,0
e1-100,binary,100,bot_32,2927,b,46,39.52,25,179.13,211,31.87,0
e1-100,binary,100,bot_32,2927,b,48,36.39,25,215.64,242,26.36,0
e1-100,binary,100,bot_32,2927,b,50,27.51,25,195.29,217,21.71,0
e1-100,binary,100,bot_32,2927,b,52,22.49,25,207.56,228,20.44,0
e1-100,binary,100,bot_32,2927,b,54,58.61,25,224.56,232,7.44,0
e1-100,binary,100,bot_32,2927,b,56,65.36,25,207.1,242,34.9,0
e1-100,binary,100,bot_32,2927,b,58,37.52,25,181.24,216,34.76,0
e1-100,binary,100,bot_32,2927,b,60,26.37,25,203.43,228,24.57,0
e1-100,binary,100,bot_33,2928,w,1,5.84,25,60.41,79,18.59,0
e1-100,binary,100,bot_33,2928,w,3,13.73,25,68.67,72,3.33,0
e1-100,binary,100,bot_33,2928,w,5,19.16,25,73.72,78,4.28,0
e1-100,binary,100,bot_33,2928,w,7,14.86,25,69.34,81,11.66,0
e1-100,binary,100,bot_33,2928,w,9,18.66,25,93.91,104,10.09,0
e1-100,binary,100,bot_33,2928,w,11,12.16,25,89.02,91,1.98,0
e1-100,binary,100,bot_33,2928,w,13,45.29,25,71.48,118,46.52,0
e1-100,binary,100,bot_33,2928,w,15,52.37,25,87.34,118,30.66,0
e1-100,binary,100,bot_33,2928,w,17,26.78,25,76.15,107,30.85,0
e1-100,binary,100,bot_33,2928,w,19,10.83,25,86.2,106,19.8,0
e1-100,binary,100,bot_33,2928,w,21,52.88,25,99.09,178,78.91,0
e1-100,binary,100,bot_33,2928,w,23,50.86,25,69.29,107,37.71,0
e1-100,binary,100,bot_33,2928,w,25,58,25,105.84,159,53.16,0
e1-100,binary,100,bot_33,2928,w,27,50.44,25,102.53,146,43.47,0
e1-100,binary,100,bot_33,2928,w,29,49.33,25,113.97,163,49.03,0
e1-100,binary,100,bot_33,2928,w,31,40.59,25,128.41,165,36.59,0
e1-100,binary,100,bot_33,2928,w,33,36.21,25,140.42,174,33.58,0
e1-100,binary,100,bot_33,2928,w,35,35.45,25,150.66,176,25.34,0
e1-100,binary,100,bot_33,2928,w,37,27.71,25,187.11,222,34.89,0
e1-100,binary,100,bot_33,2928,w,39,32.56,25,174.59,196,21.41,0
e1-100,binary,100,bot_33,2928,w,41,33.42,25,171.14,186,14.86,0
e1-100,binary,100,bot_33,2928,w,43,31.65,25,210.44,227,16.56,0
e1-100,binary,100,bot_33,2928,w,45,28.47,25,187.37,207,19.63,0
e1-100,binary,100,bot_33,2928,w,47,20.21,25,233.71,246,12.29,0
e1-100,binary,100,bot_33,2928,w,49,50.04,25,181.4,259,77.6,0
e1-100,binary,100,bot_33,2928,w,51,51.95,25,206.06,238,31.94,0
e1-100,binary,100,bot_33,2928,w,53,27.44,25,181.33,209,27.67,0
e1-100,binary,100,bot_33,2928,w,55,30.61,25,208.03,242,33.97,0
e1-100,binary,100,bot_33,2928,w,57,32.44,25,206.52,242,35.48,0
e1-100,binary,100,bot_33,2928,w,59,27.19,25,189.55,209,19.45,0
e1-100,binary,100,bot_34,2928,b,2,11.57,25,89.55,89,-0.55,0
e1-100,binary,100,bot_34,2928,b,4,12.25,25,70.98,79,8.02,0
e1-100,binary,100,bot_34,2928,b,6,17.71,25,57.13,69,11.87,0
e1-100,binary,100,bot_34,2928,b,8,16,25,73.83,81,7.17,0
e1-100,binary,100,bot_34,2928,b,10,9.47,25,88.73,99,10.27,0
e1-100,binary,100,bot_34,2928,b,12,52.95,25,91.59,97,5.41,0
e1-100,binary,100,bot_34,2928,b,14,38.63,25,64.21,102,37.79,0
e1-100,binary,100,bot_34,2928,b,16,37.17,25,84.49,130,45.51,0
e1-100,binary,100,bot_34,2928,b,18,26.9,25,79.63,98,18.38,0
e1-100,binary,100,bot_34,2928,b,20,85.94,25,144.96,151,6.04,0
e1-100,binary,100,bot_34,2928,b,22,44.23,25,70.86,117,46.14,0
e1-100,binary,100,bot_34,2928,b,24,60.03,25,85.43,131,45.57,0
e1-100,binary,100,bot_34,2928,b,26,50.07,25,115.22,167,51.78,0
e1-100,binary,100,bot_34,2928,b,28,56.93,25,90.92,135,44.08,0
e1-100,binary,100,bot_34,2928,b,30,43.82,25,124.28,165,40.72,0
e1-100,binary,100,bot_34,2928,b,32,39.78,25,146.38,180,33.62,0
e1-100,binary,100,bot_34,2928,b,34,32.68,25,151.22,180,28.78,0
e1-100,binary,100,bot_34,2928,b,36,40.83,25,179.62,208,28.38,0
e1-100,binary,100,bot_34,2928,b,38,33.55,25,165.29,186,20.71,0
e1-100,binary,100,bot_34,2928,b,40,27.88,25,128.48,149,20.52,0
e1-100,binary,100,bot_34,2928,b,42,28.39,25,158.27,181,22.73,0
e1-100,binary,100,bot_34,2928,b,44,31.28,25,190.73,210,19.27,0
e1-100,binary,100,bot_34,2928,b,46,25.17,25,193.37,210,16.63,0
e1-100,binary,100,bot_34,2928,b,48,89.7,25,230.8,240,9.2,0
e1-100,binary,100,bot_34,2928,b,50,44.6,25,167.55,206,38.45,0
e1-100,binary,100,bot_34,2928,b,52,39.95,25,173.08,214,40.92,0
e1-100,binary,100,bot_34,2928,b,54,45.22,25,197.13,213,15.87,0
e1-100,binary,100,bot_34,2928,b,56,47.41,25,225.96,245,19.04,0
e1-100,binary,100,bot_34,2928,b,58,32.09,25,187.4,208,20.6,0
e1-100,binary,100,bot_34,2928,b,60,21.24,25,207.54,222,14.46,0
e1-100,binary,100,bot_35,2929,w,1,41.6,25,70.83,89,18.17,0
e1-100,binary,100,bot_35,2929,w,3,17.61,25,63.19,83,19.81,0
e1-100,binary,100,bot_35,2929,w,5,8.98,25,55.77,71,15.23,0
e1-100,binary,100,bot_35,2929,w,7,18.86,25,71.2,84,12.8,0
e1-100,binary,100,bot_35,2929,w,9,24.69,25,100.28,112,11.72,0
e1-100,binary,100,bot_35,2929,w,11,23.79,25,68.76,99,30.24,0
e1-100,binary,100,bot_35,2929,w,13,16.54,25,99.69,115,15.31,0
e1-100,binary,100,bot_35,2929,w,15,15.81,25,124.08,136,11.92,0
e1-100,binary,100,bot_35,2929,w,17,8.55,25,92.22,101,8.78,0
e1-100,binary,100,bot_35,2929,w,19,52.32,25,122.16,130,7.84,0
e1-100,binary,100,bot_35,2929,w,21,30.29,25,122.91,155,32.09,0
e1-100,binary,100,bot_35,2929,w,23,27.96,25,91.87,108,16.13,0
e1-100,binary,100,bot_35,2929,w,25,25.23,25,138.3,163,24.7,0
e1-100,binary,100,bot_35,2929,w,27,19.77,25,135.62,154,18.38,0
e1-100,binary,100,bot_35,2929,w,29,18.26,25,144.37,162,17.63,0
e1-100,binary,100,bot_35,2929,w,31,80.69,25,151.02,166,14.98,0
e1-100,binary,100,bot_35,2929,w,33,63.07,25,118.77,176,57.23,0
e1-100,binary,100,bot_35,2929,w,35,55.79,25,129.6,186,56.4,0
e1-100,binary,100,bot_35,2929,w,37,46.12,25,150.03,204,53.97,0
e1-100,binary,100,bot_35,2929,w,39,30.19,25,152.86,188,35.14,0
e1-100,binary,100,bot_35,2929,w,41,32.57,25,177.45,201,23.55,0
e1-100,binary,100,bot_35,2929,w,43,30.5,25,209.02,235,25.98,0
e1-100,binary,100,bot_35,2929,w,45,26.84,25,197.9,213,15.1,0
e1-100,binary,100,bot_35,2929,w,47,16.52,25,241.14,248,6.86,0
e1-100,binary,100,bot_35,2929,w,49,11.27,25,218.81,223,4.19,0
e1-100,binary,100,bot_35,2929,w,51,135.88,25,99.92,259,159.08,0
e1-100,binary,100,bot_35,2929,w,53,109.12,25,76.33,205,128.67,0
e1-100,binary,100,bot_35,2929,w,55,113.45,25,120.84,233,112.16,0
e1-100,binary,100,bot_35,2929,w,57,100.77,25,131.95,234,102.05,0
e1-100,binary,100,bot_35,2929,w,59,98.14,25,142.51,215,72.49,0
e1-100,binary,100,bot_36,2929,b,2,25.32,25,54.29,85,30.71,0
e1-100,binary,100,bot_36,2929,b,4,21.18,25,58.8,65,6.2,0
e1-100,binary,100,bot_36,2929,b,6,17.93,25,64.85,61,-3.85,0
e1-100,binary,100,bot_36,2929,b,8,17.13,25,73.78,81,7.22,0
e1-100,binary,100,bot_36,2929,b,10,36.93,25,72.43,84,11.57,0
e1-100,binary,100,bot_36,2929,b,12,20.58,25,80.92,93,12.08,0
e1-100,binary,100,bot_36,2929,b,14,16.26,25,87.02,91,3.98,0
e1-100,binary,100,bot_36,2929,b,16,13.26,25,109.18,113,3.82,0
e1-100,binary,100,bot_36,2929,b,18,12.44,25,96.69,94,-2.69,0
e1-100,binary,100,bot_36,2929,b,20,37.88,25,113.83,154,40.17,0
e1-100,binary,100,bot_36,2929,b,22,21.4,25,92.24,110,17.76,0
e1-100,binary,100,bot_36,2929,b,24,30.29,25,117.2,134,16.8,0
e1-100,binary,100,bot_36,2929,b,26,23.51,25,139.64,153,13.36,0
e1-100,binary,100,bot_36,2929,b,28,22.22,25,126.46,134,7.54,0
e1-100,binary,100,bot_36,2929,b,30,19.75,25,151.26,158,6.74,0
e1-100,binary,100,bot_36,2929,b,32,63.05,25,120.86,190,69.14,0
e1-100,binary,100,bot_36,2929,b,34,62.11,25,120.23,173,52.77,0
e1-100,binary,100,bot_36,2929,b,36,60.35,25,171.16,215,43.84,0
e1-100,binary,100,bot_36,2929,b,38,45.03,25,166.84,197,30.16,0
e1-100,binary,100,bot_36,2929,b,40,33.67,25,123.53,137,13.47,0
e1-100,binary,100,bot_36,2929,b,42,35.56,25,164.93,182,17.07,0
e1-100,binary,100,bot_36,2929,b,44,25.64,25,185.17,199,13.83,0
e1-100,binary,100,bot_36,2929,b,46,17.14,25,198.37,209,10.63,0
e1-100,binary,100,bot_36,2929,b,48,12.93,25,246.65,246,-0.65,0
e1-100,binary,100,bot_36,2929,b,50,170.15,25,203.85,199,-4.85,0
e1-100,binary,100,bot_36,2929,b,52,138.77,25,80.24,201,120.76,0
e1-100,binary,100,bot_36,2929,b,54,122.03,25,133.77,226,92.23,0
e1-100,binary,100,bot_36,2929,b,56,111.61,25,158.82,257,98.18,0
e1-100,binary,100,bot_36,2929,b,58,82.21,25,125.05,210,84.95,0
e1-100,binary,100,bot_36,2929,b,60,93.33,25,124.35,204,79.65,0
e1-100,binary,100,bot_37,2931,b,2,19.57,25,59.61,85,25.39,0
e1-100,binary,100,bot_37,2931,b,4,16.29,25,64.23,65,0.77,0
e1-100,binary,100,bot_37,2931,b,6,13.55,25,69.26,61,-8.26,0
e1-100,binary,100,bot_37,2931,b,8,9.82,25,80.95,82,1.05,0
e1-100,binary,100,bot_37,2931,b,10,31.16,25,77.81,85,7.19,0
e1-100,binary,100,bot_37,2931,b,12,12.73,25,88.67,89,0.33,0
e1-100,binary,100,bot_37,2931,b,14,62.86,25,94.98,91,-3.98,0
e1-100,binary,100,bot_37,2931,b,16,44.84,25,74.73,112,37.27,0
e1-100,binary,100,bot_37,2931,b,18,30.33,25,68.81,96,27.19,0
e1-100,binary,100,bot_37,2931,b,20,22.29,25,131.32,148,16.68,0
e1-100,binary,100,bot_37,2931,b,22,12.51,25,100.25,106,5.75,0
e1-100,binary,100,bot_37,2931,b,24,78.96,25,135.17,139,3.83,0
e1-100,binary,100,bot_37,2931,b,26,56.52,25,91.91,147,55.09,0
e1-100,binary,100,bot_37,2931,b,28,47.91,25,103.47,131,27.53,0
e1-100,binary,100,bot_37,2931,b,30,43.09,25,123.39,161,37.61,0
e1-100,binary,100,bot_37,2931,b,32,44.88,25,138.35,173,34.65,0
e1-100,binary,100,bot_37,2931,b,34,33.36,25,148.25,182,33.75,0
e1-100,binary,100,bot_37,2931,b,36,34.69,25,197.07,219,21.93,0
e1-100,binary,100,bot_37,2931,b,38,24.08,25,187.77,198,10.23,0
e1-100,binary,100,bot_37,2931,b,40,19.92,25,138.62,135,-3.62,0
e1-100,binary,100,bot_37,2931,b,42,15.94,25,184.51,183,-1.51,0
e1-100,binary,100,bot_37,2931,b,44,130.11,25,86.35,209,122.65,0
e1-100,binary,100,bot_37,2931,b,46,156.49,25,99.92,205,105.08,0
e1-100,binary,100,bot_37,2931,b,48,124.21,25,123.05,248,124.95,0
e1-100,binary,100,bot_37,2931,b,50,132.23,25,100.21,200,99.79,0
e1-100,binary,100,bot_37,2931,b,52,105.21,25,113.15,204,90.85,0
e1-100,binary,100,bot_37,2931,b,54,79.56,25,174.58,240,65.42,0
e1-100,binary,100,bot_37,2931,b,56,71.32,25,197.48,259,61.52,0
e1-100,binary,100,bot_37,2931,b,58,48.98,25,159.31,217,57.69,0
e1-100,binary,100,bot_37,2931,b,60,58.15,25,155.93,205,49.07,0
e1-100,binary,100,bot_38,2931,w,1,37.83,25,75.59,84,8.41,0
e1-100,binary,100,bot_38,2931,w,3,14.03,25,66.49,75,8.51,0
e1-100,binary,100,bot_38,2931,w,5,3.52,25,60.82,64,3.18,0
e1-100,binary,100,bot_38,2931,w,7,13.8,25,76.29,79,2.71,0
e1-100,binary,100,bot_38,2931,w,9,19.12,25,105.93,104,-1.93,0
e1-100,binary,100,bot_38,2931,w,11,13.31,25,80.07,100,19.93,0
e1-100,binary,100,bot_38,2931,w,13,9.22,25,106.67,109,2.33,0
e1-100,binary,100,bot_38,2931,w,15,51.04,25,88.37,141,52.63,0
e1-100,binary,100,bot_38,2931,w,17,39.03,25,58.45,92,33.55,0
e1-100,binary,100,bot_38,2931,w,19,28.23,25,108.88,128,19.12,0
e1-100,binary,100,bot_38,2931,w,21,19.53,25,132.91,144,11.09,0
e1-100,binary,100,bot_38,2931,w,23,15.6,25,103.79,105,1.21,0
e1-100,binary,100,bot_38,2931,w,25,68.84,25,101.7,169,67.3,0
e1-100,binary,100,bot_38,2931,w,27,40.94,25,107.33,153,45.67,0
e1-100,binary,100,bot_38,2931,w,29,50.82,25,122.99,159,36.01,0
e1-100,binary,100,bot_38,2931,w,31,46.69,25,125.9,158,32.1,0
e1-100,binary,100,bot_38,2931,w,33,47.03,25,134.69,168,33.31,0
e1-100,binary,100,bot_38,2931,w,35,34.79,25,151.36,173,21.64,0
e1-100,binary,100,bot_38,2931,w,37,26.67,25,169.22,192,22.78,0
e1-100,binary,100,bot_38,2931,w,39,14.38,25,167.44,177,9.56,0
e1-100,binary,100,bot_38,2931,w,41,14.44,25,195.45,200,4.55,0
e1-100,binary,100,bot_38,2931,w,43,139.9,25,230.02,230,-0.02,0
e1-100,binary,100,bot_38,2931,w,45,121.77,25,97.51,213,115.49,0
e1-100,binary,100,bot_38,2931,w,47,141.76,25,108.13,249,140.87,0
e1-100,binary,100,bot_38,2931,w,49,116.98,25,105.68,215,109.32,0
e1-100,binary,100,bot_38,2931,w,51,107.08,25,127.62,244,116.38,0
e1-100,binary,100,bot_38,2931,w,53,83.01,25,103.53,194,90.47,0
e1-100,binary,100,bot_38,2931,w,55,79.7,25,156.51,221,64.49,0
e1-100,binary,100,bot_38,2931,w,57,75.54,25,158.66,216,57.34,0
e1-100,binary,100,bot_38,2931,w,59,68.8,25,170.8,205,34.2,0
e1-100,binary,100,bot_39,2932,w,1,36.32,25,76.82,80,3.18,0
e1-100,binary,100,bot_39,2932,w,3,12.56,25,67.75,73,5.25,0
e1-100,binary,100,bot_39,2932,w,5,9.44,25,61.59,64,2.41,0
e1-100,binary,100,bot_39,2932,w,7,13.5,25,76.78,75,-1.78,0
e1-100,binary,100,bot_39,2932,w,9,18.42,25,106.6,101,-5.6,0
e1-100,binary,100,bot_39,2932,w,11,12.63,25,80.82,95,14.18,0
e1-100,binary,100,bot_39,2932,w,13,54.47,25,108.42,107,-1.42,0
e1-100,binary,100,bot_39,2932,w,15,46.33,25,90.94,134,43.06,0
e1-100,binary,100,bot_39,2932,w,17,35.55,25,61.78,92,30.22,0
e1-100,binary,100,bot_39,2932,w,19,20.36,25,116.48,131,14.52,0
e1-100,binary,100,bot_39,2932,w,21,15.67,25,136.77,142,5.23,0
e1-100,binary,100,bot_39,2932,w,23,69.1,25,111.02,109,-2.02,0
e1-100,binary,100,bot_39,2932,w,25,60.18,25,110.34,159,48.66,0
e1-100,binary,100,bot_39,2932,w,27,32.8,25,115.39,160,44.61,0
e1-100,binary,100,bot_39,2932,w,29,43.67,25,130.31,161,30.69,0
e1-100,binary,100,bot_39,2932,w,31,36.91,25,135.93,162,26.07,0
e1-100,binary,100,bot_39,2932,w,33,39.9,25,141.88,169,27.12,0
e1-100,binary,100,bot_39,2932,w,35,29.64,25,156.85,174,17.15,0
e1-100,binary,100,bot_39,2932,w,37,20.17,25,175.74,192,16.26,0
e1-100,binary,100,bot_39,2932,w,39,11.63,25,169.8,174,4.2,0
e1-100,binary,100,bot_39,2932,w,41,11.53,25,198.22,196,-2.22,0
e1-100,binary,100,bot_39,2932,w,43,128.61,25,94.98,236,141.02,0
e1-100,binary,100,bot_39,2932,w,45,114.1,25,105.09,213,107.91,0
e1-100,binary,100,bot_39,2932,w,47,132.21,25,117.64,248,130.36,0
e1-100,binary,100,bot_39,2932,w,49,105.89,25,116.81,216,99.19,0
e1-100,binary,100,bot_39,2932,w,51,96.32,25,137.52,246,108.48,0
e1-100,binary,100,bot_39,2932,w,53,76.79,25,110.15,186,75.85,0
e1-100,binary,100,bot_39,2932,w,55,67.65,25,168.02,215,46.98,0
e1-100,binary,100,bot_39,2932,w,57,64.26,25,169.75,212,42.25,0
e1-100,binary,100,bot_39,2932,w,59,57.42,25,182.68,204,21.32,0
e1-100,binary,100,bot_40,2930,b,2,21.68,25,57.76,88,30.24,0
e1-100,binary,100,bot_40,2930,b,4,17.49,25,62.9,70,7.1,0
e1-100,binary,100,bot_40,2930,b,6,14.73,25,68.12,65,-3.12,0
e1-100,binary,100,bot_40,2930,b,8,12.35,25,78.48,86,7.52,0
e1-100,binary,100,bot_40,2930,b,10,33.32,25,75.81,88,12.19,0
e1-100,binary,100,bot_40,2930,b,12,15.12,25,86.23,93,6.77,0
e1-100,binary,100,bot_40,2930,b,14,10.36,25,92.87,95,2.13,0
e1-100,binary,100,bot_40,2930,b,16,47.09,25,72.66,126,53.34,0
e1-100,binary,100,bot_40,2930,b,18,32.8,25,66.23,99,32.77,0
e1-100,binary,100,bot_40,2930,b,20,26.25,25,127.05,151,23.95,0
e1-100,binary,100,bot_40,2930,b,22,14.86,25,98.13,113,14.87,0
e1-100,binary,100,bot_40,2930,b,24,17.96,25,130.32,141,10.68,0
e1-100,binary,100,bot_40,2930,b,26,68.34,25,152.27,158,5.73,0
e1-100,binary,100,bot_40,2930,b,28,51.01,25,100.03,139,38.97,0
e1-100,binary,100,bot_40,2930,b,30,49.27,25,117.12,165,47.88,0
e1-100,binary,100,bot_40,2930,b,32,52.02,25,131.08,175,43.92,0
e1-100,binary,100,bot_40,2930,b,34,41.99,25,139.59,184,44.41,0
e1-100,binary,100,bot_40,2930,b,36,42.71,25,189,220,31,0
e1-100,binary,100,bot_40,2930,b,38,27.98,25,183.84,204,20.16,0
e1-100,binary,100,bot_40,2930,b,40,24.29,25,133.99,140,6.01,0
e1-100,binary,100,bot_40,2930,b,42,21.67,25,178.83,186,7.17,0
e1-100,binary,100,bot_40,2930,b,44,12.25,25,198.7,200,1.3,0
e1-100,binary,100,bot_40,2930,b,46,167.35,25,89.34,213,123.66,0
e1-100,binary,100,bot_40,2930,b,48,136.03,25,111.78,251,139.22,0
e1-100,binary,100,bot_40,2930,b,50,146.29,25,85.6,197,111.4,0
e1-100,binary,100,bot_40,2930,b,52,118.78,25,99.38,201,101.63,0
e1-100,binary,100,bot_40,2930,b,54,94.71,25,159.7,236,76.3,0
e1-100,binary,100,bot_40,2930,b,56,85.74,25,183.57,258,74.43,0
e1-100,binary,100,bot_40,2930,b,58,61,25,146.19,215,68.81,0
e1-100,binary,100,bot_40,2930,b,60,71.37,25,143.8,201,57.2,0
e1-100,binary,100,bot_41,2932,b,2,17.88,25,60.95,85,24.05,0
e1-100,binary,100,bot_41,2932,b,4,14.6,25,66.09,68,1.91,0
e1-100,binary,100,bot_41,2932,b,6,11.19,25,64.82,64,-0.82,0
e1-100,binary,100,bot_41,2932,b,8,7.33,25,83.43,85,1.57,0
e1-100,binary,100,bot_41,2932,b,10,27.92,25,81.03,88,6.97,0
e1-100,binary,100,bot_41,2932,b,12,10.2,25,91.34,93,1.66,0
e1-100,binary,100,bot_41,2932,b,14,54.72,25,58.45,102,43.55,0
e1-100,binary,100,bot_41,2932,b,16,41.95,25,77.61,113,35.39,0
e1-100,binary,100,bot_41,2932,b,18,26.99,25,72.31,97,24.69,0
e1-100,binary,100,bot_41,2932,b,20,17.59,25,136.23,146,9.77,0
e1-100,binary,100,bot_41,2932,b,22,9.98,25,102.37,107,4.63,0
e1-100,binary,100,bot_41,2932,b,24,63.02,25,90.92,150,59.08,0
e1-100,binary,100,bot_41,2932,b,26,56.1,25,91.67,140,48.33,0
e1-100,binary,100,bot_41,2932,b,28,43.31,25,108.38,129,20.63,0
e1-100,binary,100,bot_41,2932,b,30,38.62,25,127.57,161,33.43,0
e1-100,binary,100,bot_41,2932,b,32,40.51,25,142.37,169,26.63,0
e1-100,binary,100,bot_41,2932,b,34,29.65,25,151.57,180,28.43,0
e1-100,binary,100,bot_41,2932,b,36,28.94,25,202.85,223,20.15,0
e1-100,binary,100,bot_41,2932,b,38,20.22,25,191.64,198,6.36,0
e1-100,binary,100,bot_41,2932,b,40,14.09,25,144.91,142,-2.91,0
e1-100,binary,100,bot_41,2932,b,42,157.21,25,191.16,188,-3.16,0
e1-100,binary,100,bot_41,2932,b,44,124.5,25,91.09,205,113.91,0
e1-100,binary,100,bot_41,2932,b,46,145.65,25,110.86,210,99.14,0
e1-100,binary,100,bot_41,2932,b,48,114.77,25,131.94,250,118.06,0
e1-100,binary,100,bot_41,2932,b,50,123.76,25,109.43,200,90.57,0
e1-100,binary,100,bot_41,2932,b,52,92.58,25,126.09,208,81.91,0
e1-100,binary,100,bot_41,2932,b,54,64.75,25,190.01,252,61.99,0
e1-100,binary,100,bot_41,2932,b,56,57.44,25,210.99,263,52.01,0
e1-100,binary,100,bot_41,2932,b,58,37.8,25,170.63,219,48.38,0
e1-100,binary,100,bot_41,2932,b,60,43,25,170.46,211,40.54,0
e1-100,binary,100,bot_42,2930,w,1,38.45,25,73.97,90,16.03,0
e1-100,binary,100,bot_42,2930,w,3,15.5,25,65.08,80,14.92,0
e1-100,binary,100,bot_42,2930,w,5,5.52,25,58.93,68,9.07,0
e1-100,binary,100,bot_42,2930,w,7,15.59,25,74.41,82,7.59,0
e1-100,binary,100,bot_42,2930,w,9,21.23,25,103.84,110,6.16,0
e1-100,binary,100,bot_42,2930,w,11,14.99,25,78.27,104,25.73,0
e1-100,binary,100,bot_42,2930,w,13,11,25,104.96,114,9.04,0
e1-100,binary,100,bot_42,2930,w,15,62.03,25,131.3,135,3.7,0
e1-100,binary,100,bot_42,2930,w,17,40.55,25,56.66,96,39.34,0
e1-100,binary,100,bot_42,2930,w,19,32.38,25,105.11,130,24.89,0
e1-100,binary,100,bot_42,2930,w,21,22.73,25,129.72,148,18.28,0
e1-100,binary,100,bot_42,2930,w,23,19.39,25,100.07,108,7.93,0
e1-100,binary,100,bot_42,2930,w,25,14.51,25,149.05,160,10.95,0
e1-100,binary,100,bot_42,2930,w,27,47.49,25,101.46,162,60.54,0
e1-100,binary,100,bot_42,2930,w,29,55.53,25,118.28,162,43.72,0
e1-100,binary,100,bot_42,2930,w,31,52.61,25,120.01,162,41.99,0
e1-100,binary,100,bot_42,2930,w,33,53.19,25,128.87,174,45.13,0
e1-100,binary,100,bot_42,2930,w,35,40.54,25,145.31,179,33.69,0
e1-100,binary,100,bot_42,2930,w,37,33.64,25,162.34,199,36.66,0
e1-100,binary,100,bot_42,2930,w,39,20.24,25,161.9,177,15.1,0
e1-100,binary,100,bot_42,2930,w,41,20.97,25,188.81,201,12.19,0
e1-100,binary,100,bot_42,2930,w,43,14.88,25,224.47,233,8.53,0
e1-100,binary,100,bot_42,2930,w,45,138.05,25,216.31,217,0.69,0
e1-100,binary,100,bot_42,2930,w,47,153.2,25,96.66,252,155.34,0
e1-100,binary,100,bot_42,2930,w,49,125.88,25,96.66,220,123.34,0
e1-100,binary,100,bot_42,2930,w,51,115.7,25,119.78,254,134.22,0
e1-100,binary,100,bot_42,2930,w,53,91.79,25,94.32,202,107.68,0
e1-100,binary,100,bot_42,2930,w,55,88.73,25,146.97,231,84.03,0
e1-100,binary,100,bot_42,2930,w,57,82.57,25,151.33,226,74.67,0
e1-100,binary,100,bot_42,2930,w,59,76.02,25,164.3,214,49.7,0
e1-100,binary,100,bot_43,2933,w,1,22.23,25,89.94,92,2.06,0
e1-100,binary,100,bot_43,2933,w,3,19.39,25,63.78,73,9.22,0
e1-100,binary,100,bot_43,2933,w,5,8.8,25,62.9,62,-0.9,0
e1-100,binary,100,bot_43,2933,w,7,25.05,25,64.54,78,13.46,0
e1-100,binary,100,bot_43,2933,w,9,17.37,25,69.88,91,21.12,0
e1-100,binary,100,bot_43,2933,w,11,20.6,25,80.34,94,13.66,0
e1-100,binary,100,bot_43,2933,w,13,12.11,25,97.01,107,9.99,0
e1-100,binary,100,bot_43,2933,w,15,10.83,25,123.51,136,12.49,0
e1-100,binary,100,bot_43,2933,w,17,39.78,25,104.75,105,0.25,0
e1-100,binary,100,bot_43,2933,w,19,32.5,25,122.89,145,22.11,0
e1-100,binary,100,bot_43,2933,w,21,19.16,25,103.68,123,19.32,0
e1-100,binary,100,bot_43,2933,w,23,19.09,25,115.64,122,6.36,0
e1-100,binary,100,bot_43,2933,w,25,15.88,25,155.2,162,6.8,0
e1-100,binary,100,bot_43,2933,w,27,83.84,25,137.82,143,5.18,0
e1-100,binary,100,bot_43,2933,w,29,72.15,25,96.49,170,73.51,0
e1-100,binary,100,bot_43,2933,w,31,80.81,25,107.68,171,63.32,0
e1-100,binary,100,bot_43,2933,w,33,64.83,25,117.79,184,66.21,0
e1-100,binary,100,bot_43,2933,w,35,82.29,25,138.01,204,65.99,0
e1-100,binary,100,bot_43,2933,w,37,65.99,25,128.41,194,65.59,0
e1-100,binary,100,bot_43,2933,w,39,48.31,25,110.17,163,52.83,0
e1-100,binary,100,bot_43,2933,w,41,60.17,25,128.22,184,55.78,0
e1-100,binary,100,bot_43,2933,w,43,50.82,25,171.58,228,56.42,0
e1-100,binary,100,bot_43,2933,w,45,53.02,25,165.85,214,48.15,0
e1-100,binary,100,bot_43,2933,w,47,52.64,25,198.62,246,47.38,0
e1-100,binary,100,bot_43,2933,w,49,41.26,25,182.01,220,37.99,0
e1-100,binary,100,bot_43,2933,w,51,37.05,25,194.22,224,29.78,0
e1-100,binary,100,bot_43,2933,w,53,75.56,25,207.19,223,15.81,0
e1-100,binary,100,bot_43,2933,w,55,83.96,25,187.17,232,44.83,0
e1-100,binary,100,bot_43,2933,w,57,48.17,25,169.55,214,44.45,0
e1-100,binary,100,bot_43,2933,w,59,42.02,25,190.18,227,36.82,0
e1-100,binary,100,bot_44,2933,b,2,19.67,25,79.2,89,9.8,0
e1-100,binary,100,bot_44,2933,b,4,9.89,25,68.05,74,5.95,0
e1-100,binary,100,bot_44,2933,b,6,24.21,25,77.77,73,-4.77,0
e1-100,binary,100,bot_44,2933,b,8,30.03,25,81.89,93,11.11,0
e1-100,binary,100,bot_44,2933,b,10,23.34,25,88.34,92,3.66,0
e1-100,binary,100,bot_44,2933,b,12,20.15,25,92.1,99,6.9,0
e1-100,binary,100,bot_44,2933,b,14,23.4,25,92.68,90,-2.68,0
e1-100,binary,100,bot_44,2933,b,16,10.09,25,109.03,107,-2.03,0
e1-100,binary,100,bot_44,2933,b,18,32.02,25,63.65,89,25.35,0
e1-100,binary,100,bot_44,2933,b,20,29.75,25,144.33,162,17.67,0
e1-100,binary,100,bot_44,2933,b,22,16.79,25,90.6,96,5.4,0
e1-100,binary,100,bot_44,2933,b,24,17.66,25,136.36,142,5.64,0
e1-100,binary,100,bot_44,2933,b,26,14.63,25,134.27,137,2.73,0
e1-100,binary,100,bot_44,2933,b,28,83.89,25,79.63,150,70.37,0
e1-100,binary,100,bot_44,2933,b,30,73.89,25,94.67,153,58.33,0
e1-100,binary,100,bot_44,2933,b,32,76.11,25,100.92,169,68.08,0
e1-100,binary,100,bot_44,2933,b,34,75.03,25,109.81,161,51.19,0
e1-100,binary,100,bot_44,2933,b,36,74.52,25,142.75,211,68.25,0
e1-100,binary,100,bot_44,2933,b,38,65.95,25,144.05,194,49.95,0
e1-100,binary,100,bot_44,2933,b,40,69.77,25,132.98,165,32.02,0
e1-100,binary,100,bot_44,2933,b,42,69.99,25,170.41,214,43.59,0
e1-100,binary,100,bot_44,2933,b,44,61.73,25,153.79,189,35.21,0
e1-100,binary,100,bot_44,2933,b,46,60.98,25,194.45,231,36.55,0
e1-100,binary,100,bot_44,2933,b,48,51.77,25,190.63,227,36.37,0
e1-100,binary,100,bot_44,2933,b,50,43.95,25,194.22,219,24.78,0
e1-100,binary,100,bot_44,2933,b,52,29.02,25,187.17,208,20.83,0
e1-100,binary,100,bot_44,2933,b,54,57.71,25,182.47,243,60.53,0
e1-100,binary,100,bot_44,2933,b,56,57.79,25,183.01,251,67.99,0
e1-100,binary,100,bot_44,2933,b,58,50.23,25,168.64,201,32.36,0
e1-100,binary,100,bot_44,2933,b,60,60.46,25,158.4,181,22.6,0
e1-100,binary,100,bot_45,2934,w,1,20.57,25,91.8,88,-3.8,0
e1-100,binary,100,bot_45,2934,w,3,18.21,25,65.07,70,4.93,0
e1-100,binary,100,bot_45,2934,w,5,7.6,25,64.11,60,-4.11,0
e1-100,binary,100,bot_45,2934,w,7,23.56,25,66,76,10,0
e1-100,binary,100,bot_45,2934,w,9,15.57,25,71.58,84,12.42,0
e1-100,binary,100,bot_45,2934,w,11,19.26,25,81.56,89,7.44,0
e1-100,binary,100,bot_45,2934,w,13,10.42,25,98.48,102,3.52,0
e1-100,binary,100,bot_45,2934,w,15,8.83,25,125.36,131,5.64,0
e1-100,binary,100,bot_45,2934,w,17,36.9,25,70.91,103,32.09,0
e1-100,binary,100,bot_45,2934,w,19,29.15,25,126.32,144,17.68,0
e1-100,binary,100,bot_45,2934,w,21,17.46,25,105.35,117,11.65,0
e1-100,binary,100,bot_45,2934,w,23,17.16,25,117.7,119,1.3,0
e1-100,binary,100,bot_45,2934,w,25,12.96,25,158.1,158,-0.1,0
e1-100,binary,100,bot_45,2934,w,27,74.55,25,74.04,146,71.96,0
e1-100,binary,100,bot_45,2934,w,29,67.5,25,101.15,166,64.85,0
e1-100,binary,100,bot_45,2934,w,31,76.95,25,111.28,167,55.72,0
e1-100,binary,100,bot_45,2934,w,33,60.47,25,122.28,178,55.72,0
e1-100,binary,100,bot_45,2934,w,35,77.74,25,142.61,200,57.39,0
e1-100,binary,100,bot_45,2934,w,37,62.71,25,132.45,186,53.55,0
e1-100,binary,100,bot_45,2934,w,39,46.61,25,111.51,156,44.49,0
e1-100,binary,100,bot_45,2934,w,41,55.25,25,133.02,184,50.98,0
e1-100,binary,100,bot_45,2934,w,43,47.96,25,174.41,224,49.59,0
e1-100,binary,100,bot_45,2934,w,45,47.48,25,171.5,214,42.5,0
e1-100,binary,100,bot_45,2934,w,47,46.6,25,205.11,244,38.89,0
e1-100,binary,100,bot_45,2934,w,49,34.23,25,189.07,218,28.93,0
e1-100,binary,100,bot_45,2934,w,51,29.95,25,200.83,224,23.17,0
e1-100,binary,100,bot_45,2934,w,53,69.27,25,213.38,224,10.62,0
e1-100,binary,100,bot_45,2934,w,55,76.47,25,195.15,233,37.85,0
e1-100,binary,100,bot_45,2934,w,57,43.42,25,174.57,213,38.43,0
e1-100,binary,100,bot_45,2934,w,59,35.13,25,196.96,227,30.04,0
e1-100,binary,100,bot_46,2934,b,2,18.35,25,80.11,90,9.89,0
e1-100,binary,100,bot_46,2934,b,4,8.47,25,69.38,76,6.62,0
e1-100,binary,100,bot_46,2934,b,6,22.99,25,79.15,77,-2.15,0
e1-100,binary,100,bot_46,2934,b,8,27.52,25,84.58,96,11.42,0
e1-100,binary,100,bot_46,2934,b,10,20.86,25,90.96,95,4.04,0
e1-100,binary,100,bot_46,2934,b,12,16.65,25,95.79,103,7.21,0
e1-100,binary,100,bot_46,2934,b,14,19.14,25,97.15,97,-0.15,0
e1-100,binary,100,bot_46,2934,b,16,44.57,25,111.34,110,-1.34,0
e1-100,binary,100,bot_46,2934,b,18,30.1,25,65.77,92,26.23,0
e1-100,binary,100,bot_46,2934,b,20,24.77,25,149.12,167,17.88,0
e1-100,binary,100,bot_46,2934,b,22,14.08,25,93.37,100,6.63,0
e1-100,binary,100,bot_46,2934,b,24,14.55,25,139.45,146,6.55,0
e1-100,binary,100,bot_46,2934,b,26,85.37,25,137.55,140,2.45,0
e1-100,binary,100,bot_46,2934,b,28,79.04,25,83.93,147,63.07,0
e1-100,binary,100,bot_46,2934,b,30,68.8,25,99.82,156,56.18,0
e1-100,binary,100,bot_46,2934,b,32,69.62,25,107.48,175,67.52,0
e1-100,binary,100,bot_46,2934,b,34,69.5,25,115.38,165,49.62,0
e1-100,binary,100,bot_46,2934,b,36,67.12,25,149.84,217,67.16,0
e1-100,binary,100,bot_46,2934,b,38,60.91,25,148.8,198,49.2,0
e1-100,binary,100,bot_46,2934,b,40,67.77,25,135.18,168,32.82,0
e1-100,binary,100,bot_46,2934,b,42,65.53,25,175.16,216,40.84,0
e1-100,binary,100,bot_46,2934,b,44,58.54,25,156.78,192,35.22,0
e1-100,binary,100,bot_46,2934,b,46,54.59,25,200.49,234,33.51,0
e1-100,binary,100,bot_46,2934,b,48,45.15,25,196.87,229,32.13,0
e1-100,binary,100,bot_46,2934,b,50,39.26,25,199.25,220,20.75,0
e1-100,binary,100,bot_46,2934,b,52,26.81,25,189.73,206,16.27,0
e1-100,binary,100,bot_46,2934,b,54,54.07,25,185.81,242,56.19,0
e1-100,binary,100,bot_46,2934,b,56,53.54,25,186.79,251,64.21,0
e1-100,binary,100,bot_46,2934,b,58,45.93,25,172.65,203,30.35,0
e1-100,binary,100,bot_46,2934,b,60,57.52,25,161.6,179,17.4,0
e1-100,binary,100,bot_47,2935,w,1,18.26,25,93.82,94,0.18,0
e1-100,binary,100,bot_47,2935,w,3,17.02,25,66.32,73,6.68,0
e1-100,binary,100,bot_47,2935,w,5,5.87,25,65.81,65,-0.81,0
e1-100,binary,100,bot_47,2935,w,7,22.12,25,67.43,81,13.57,0
e1-100,binary,100,bot_47,2935,w,9,14.09,25,72.93,89,16.07,0
e1-100,binary,100,bot_47,2935,w,11,18.02,25,82.73,92,9.27,0
e1-100,binary,100,bot_47,2935,w,13,8.36,25,100.37,107,6.63,0
e1-100,binary,100,bot_47,2935,w,15,59.32,25,126.74,133,6.26,0
e1-100,binary,100,bot_47,2935,w,17,35.63,25,71.5,97,25.5,0
e1-100,binary,100,bot_47,2935,w,19,28.02,25,127.45,146,18.55,0
e1-100,binary,100,bot_47,2935,w,21,16.37,25,106.37,119,12.63,0
e1-100,binary,100,bot_47,2935,w,23,16.53,25,118.44,123,4.56,0
e1-100,binary,100,bot_47,2935,w,25,81.59,25,159.79,163,3.21,0
e1-100,binary,100,bot_47,2935,w,27,72.76,25,75.2,136,60.8,0
e1-100,binary,100,bot_47,2935,w,29,63.34,25,105.19,169,63.81,0
e1-100,binary,100,bot_47,2935,w,31,70.28,25,117.73,175,57.27,0
e1-100,binary,100,bot_47,2935,w,33,55.53,25,127.48,183,55.52,0
e1-100,binary,100,bot_47,2935,w,35,73.18,25,147.17,202,54.83,0
e1-100,binary,100,bot_47,2935,w,37,61.91,25,133.8,184,50.2,0
e1-100,binary,100,bot_47,2935,w,39,44.43,25,113.2,156,42.8,0
e1-100,binary,100,bot_47,2935,w,41,52.17,25,135.78,184,48.22,0
e1-100,binary,100,bot_47,2935,w,43,46.76,25,175.46,219,43.54,0
e1-100,binary,100,bot_47,2935,w,45,44.34,25,174.57,213,38.43,0
e1-100,binary,100,bot_47,2935,w,47,43.38,25,208.48,244,35.52,0
e1-100,binary,100,bot_47,2935,w,49,32.59,25,190.63,215,24.37,0
e1-100,binary,100,bot_47,2935,w,51,27.43,25,202.94,225,22.06,0
e1-100,binary,100,bot_47,2935,w,53,65.52,25,217.33,226,8.67,0
e1-100,binary,100,bot_47,2935,w,55,71.96,25,199.94,238,38.06,0
e1-100,binary,100,bot_47,2935,w,57,41.68,25,176.49,214,37.51,0
e1-100,binary,100,bot_47,2935,w,59,31.56,25,200.37,229,28.63,0
e1-100,binary,100,bot_48,2936,w,1,12.28,25,112.5,106,-6.5,0
e1-100,binary,100,bot_48,2936,w,3,14.28,25,69,77,8,0
e1-100,binary,100,bot_48,2936,w,5,21.25,25,68.01,65,-3.01,0
e1-100,binary,100,bot_48,2936,w,7,19.67,25,69.99,81,11.01,0
e1-100,binary,100,bot_48,2936,w,9,10.68,25,76.29,90,13.71,0
e1-100,binary,100,bot_48,2936,w,11,15.23,25,85.49,94,8.51,0
e1-100,binary,100,bot_48,2936,w,13,7.9,25,100.61,105,4.39,0
e1-100,binary,100,bot_48,2936,w,15,47.1,25,74.49,143,68.51,0
e1-100,binary,100,bot_48,2936,w,17,35.4,25,71.8,95,23.2,0
e1-100,binary,100,bot_48,2936,w,19,21.01,25,134.52,147,12.48,0
e1-100,binary,100,bot_48,2936,w,21,11.84,25,110.98,120,9.02,0
e1-100,binary,100,bot_48,2936,w,23,76.67,25,126.12,128,1.88,0
e1-100,binary,100,bot_48,2936,w,25,63.38,25,101.6,168,66.4,0
e1-100,binary,100,bot_48,2936,w,27,66.83,25,81.2,138,56.8,0
e1-100,binary,100,bot_48,2936,w,29,56.68,25,111.89,171,59.11,0
e1-100,binary,100,bot_48,2936,w,31,60.43,25,126.98,173,46.02,0
e1-100,binary,100,bot_48,2936,w,33,46.4,25,137.03,182,44.97,0
e1-100,binary,100,bot_48,2936,w,35,64.09,25,155.75,197,41.25,0
e1-100,binary,100,bot_48,2936,w,37,51.68,25,145.13,181,35.87,0
e1-100,binary,100,bot_48,2936,w,39,36.47,25,120.34,154,33.66,0
e1-100,binary,100,bot_48,2936,w,41,40.3,25,146.88,182,35.12,0
e1-100,binary,100,bot_48,2936,w,43,40.79,25,181.14,211,29.86,0
e1-100,binary,100,bot_48,2936,w,45,34.77,25,183.9,210,26.1,0
e1-100,binary,100,bot_48,2936,w,47,31.27,25,221.03,241,19.97,0
e1-100,binary,100,bot_48,2936,w,49,22.78,25,199.73,215,15.27,0
e1-100,binary,100,bot_48,2936,w,51,67.48,25,210.55,224,13.45,0
e1-100,binary,100,bot_48,2936,w,53,54.27,25,188.22,213,24.78,0
e1-100,binary,100,bot_48,2936,w,55,58.26,25,214.46,243,28.54,0
e1-100,binary,100,bot_48,2936,w,57,35.96,25,182.93,212,29.07,0
e1-100,binary,100,bot_48,2936,w,59,24.07,25,206.56,225,18.44,0
e1-100,binary,100,bot_49,2935,b,2,16.88,25,81.45,90,8.55,0
e1-100,binary,100,bot_49,2935,b,4,7.57,25,70.17,80,9.83,0
e1-100,binary,100,bot_49,2935,b,6,21.72,25,80.58,78,-2.58,0
e1-100,binary,100,bot_49,2935,b,8,26.1,25,86.02,101,14.98,0
e1-100,binary,100,bot_49,2935,b,10,19.04,25,92.91,99,6.09,0
e1-100,binary,100,bot_49,2935,b,12,14.95,25,97.52,108,10.48,0
e1-100,binary,100,bot_49,2935,b,14,16.31,25,100.36,101,0.64,0
e1-100,binary,100,bot_49,2935,b,16,35.17,25,69.15,122,52.85,0
e1-100,binary,100,bot_49,2935,b,18,27.81,25,68.23,96,27.77,0
e1-100,binary,100,bot_49,2935,b,20,21.39,25,152.46,172,19.54,0
e1-100,binary,100,bot_49,2935,b,22,12.4,25,95.1,104,8.9,0
e1-100,binary,100,bot_49,2935,b,24,12.07,25,142,150,8,0
e1-100,binary,100,bot_49,2935,b,26,70.51,25,82.87,156,73.13,0
e1-100,binary,100,bot_49,2935,b,28,73.64,25,89.62,155,65.38,0
e1-100,binary,100,bot_49,2935,b,30,66.98,25,101.7,157,55.3,0
e1-100,binary,100,bot_49,2935,b,32,64.35,25,112.66,176,63.34,0
e1-100,binary,100,bot_49,2935,b,34,64.35,25,120.63,169,48.37,0
e1-100,binary,100,bot_49,2935,b,36,60.22,25,156.65,223,66.35,0
e1-100,binary,100,bot_49,2935,b,38,55.18,25,154.39,205,50.61,0
e1-100,binary,100,bot_49,2935,b,40,61.21,25,142.24,175,32.76,0
e1-100,binary,100,bot_49,2935,b,42,57.63,25,183.55,224,40.45,0
e1-100,binary,100,bot_49,2935,b,44,51.4,25,164.24,200,35.76,0
e1-100,binary,100,bot_49,2935,b,46,48.17,25,206.82,240,33.18,0
e1-100,binary,100,bot_49,2935,b,48,38.55,25,203.29,236,32.71,0
e1-100,binary,100,bot_49,2935,b,50,35.58,25,203.49,225,21.51,0
e1-100,binary,100,bot_49,2935,b,52,22.21,25,194.46,209,14.54,0
e1-100,binary,100,bot_49,2935,b,54,50.45,25,189.27,243,53.73,0
e1-100,binary,100,bot_49,2935,b,56,49.88,25,190.21,250,59.79,0
e1-100,binary,100,bot_49,2935,b,58,41.21,25,177.21,207,29.79,0
e1-100,binary,100,bot_49,2935,b,60,55.85,25,163.12,180,16.88,0
e1-100,binary,100,bot_50,2936,b,2,16.13,25,66.37,74,7.63,0
e1-100,binary,100,bot_50,2936,b,4,6.56,25,70.98,79,8.02,0
e1-100,binary,100,bot_50,2936,b,6,19.61,25,65.01,80,14.99,0
e1-100,binary,100,bot_50,2936,b,8,24.02,25,88.1,102,13.9,0
e1-100,binary,100,bot_50,2936,b,10,17.97,25,93.89,98,4.11,0
e1-100,binary,100,bot_50,2936,b,12,13.42,25,99.17,109,9.83,0
e1-100,binary,100,bot_50,2936,b,14,77.79,25,104.16,105,0.84,0
e1-100,binary,100,bot_50,2936,b,16,32.57,25,70.92,113,42.08,0
e1-100,binary,100,bot_50,2936,b,18,22.22,25,74.05,103,28.95,0
e1-100,binary,100,bot_50,2936,b,20,16.12,25,157.28,171,13.72,0
e1-100,binary,100,bot_50,2936,b,22,10.31,25,97.08,102,4.92,0
e1-100,binary,100,bot_50,2936,b,24,74.64,25,89.28,160,70.72,0
e1-100,binary,100,bot_50,2936,b,26,65.59,25,87.21,145,57.79,0
e1-100,binary,100,bot_50,2936,b,28,68.38,25,94.48,156,61.52,0
e1-100,binary,100,bot_50,2936,b,30,56.86,25,111.93,162,50.07,0
e1-100,binary,100,bot_50,2936,b,32,54.08,25,122.87,178,55.13,0
e1-100,binary,100,bot_50,2936,b,34,51.83,25,133.74,174,40.26,0
e1-100,binary,100,bot_50,2936,b,36,45,25,171.41,230,58.59,0
e1-100,binary,100,bot_50,2936,b,38,45.83,25,163.21,203,39.79,0
e1-100,binary,100,bot_50,2936,b,40,48.5,25,155.67,182,26.33,0
e1-100,binary,100,bot_50,2936,b,42,43.79,25,198.18,228,29.82,0
e1-100,binary,100,bot_50,2936,b,44,39.14,25,176.65,207,30.35,0
e1-100,binary,100,bot_50,2936,b,46,32.86,25,221.72,246,24.28,0
e1-100,binary,100,bot_50,2936,b,48,28.98,25,212.98,234,21.02,0
e1-100,binary,100,bot_50,2936,b,50,26.7,25,212.95,225,12.05,0
e1-100,binary,100,bot_50,2936,b,52,38.26,25,171.05,228,56.95,0
e1-100,binary,100,bot_50,2936,b,54,41.4,25,197.7,241,43.3,0
e1-100,binary,100,bot_50,2936,b,56,42.37,25,197,245,48,0
e1-100,binary,100,bot_50,2936,b,58,32.21,25,185.88,212,26.12,0
e1-100,binary,100,bot_50,2936,b,60,53.72,25,165.46,174,8.54,0
e1-100,binary,100,bot_51,2937,w,1,4.21,25,93.89,92,-1.89,0
e1-100,binary,100,bot_51,2937,w,3,14.02,25,76.47,79,2.53,0
e1-100,binary,100,bot_51,2937,w,5,11.53,25,63.35,71,7.65,0
e1-100,binary,100,bot_51,2937,w,7,34.49,25,82.89,88,5.11,0
e1-100,binary,100,bot_51,2937,w,9,45.71,25,62.75,95,32.25,0
e1-100,binary,100,bot_51,2937,w,11,32.24,25,88.5,102,13.5,0
e1-100,binary,100,bot_51,2937,w,13,24.96,25,78.83,111,32.17,0
e1-100,binary,100,bot_51,2937,w,15,26.44,25,95.61,124,28.39,0
e1-100,binary,100,bot_51,2937,w,17,20.17,25,87.15,102,14.85,0
e1-100,binary,100,bot_51,2937,w,19,56.34,25,95.26,165,69.74,0
e1-100,binary,100,bot_51,2937,w,21,33.29,25,81.03,122,40.97,0
e1-100,binary,100,bot_51,2937,w,23,46.6,25,99.85,136,36.15,0
e1-100,binary,100,bot_51,2937,w,25,39.05,25,125.21,165,39.79,0
e1-100,binary,100,bot_51,2937,w,27,42.92,25,105.57,141,35.43,0
e1-100,binary,100,bot_51,2937,w,29,33.25,25,136.34,166,29.66,0
e1-100,binary,100,bot_51,2937,w,31,27.1,25,157.73,178,20.27,0
e1-100,binary,100,bot_51,2937,w,33,19.61,25,163.52,177,13.48,0
e1-100,binary,100,bot_51,2937,w,35,20.61,25,199.49,220,20.51,0
e1-100,binary,100,bot_51,2937,w,37,61.21,25,151.02,210,58.98,0
e1-100,binary,100,bot_51,2937,w,39,46.1,25,110.88,142,31.12,0
e1-100,binary,100,bot_51,2937,w,41,52.18,25,148.25,184,35.75,0
e1-100,binary,100,bot_51,2937,w,43,35.88,25,175.24,221,45.76,0
e1-100,binary,100,bot_51,2937,w,45,26.43,25,189.34,226,36.66,0
e1-100,binary,100,bot_51,2937,w,47,30.53,25,229.1,257,27.9,0
e1-100,binary,100,bot_51,2937,w,49,17.67,25,193.5,212,18.5,0
e1-100,binary,100,bot_51,2937,w,51,18.68,25,194.38,214,19.62,0
e1-100,binary,100,bot_51,2937,w,53,17.9,25,226.55,227,0.45,0
e1-100,binary,100,bot_51,2937,w,55,141.54,25,260.94,263,2.06,0
e1-100,binary,100,bot_51,2937,w,57,98.77,25,108.56,217,108.44,0
e1-100,binary,100,bot_51,2937,w,59,107.79,25,111.55,216,104.45,0
e1-100,binary,100,bot_52,2937,b,2,7.42,25,75.26,74,-1.26,0
e1-100,binary,100,bot_52,2937,b,4,11.98,25,73.76,83,9.24,0
e1-100,binary,100,bot_52,2937,b,6,8.58,25,75.58,83,7.42,0
e1-100,binary,100,bot_52,2937,b,8,36.93,25,88.45,117,28.55,0
e1-100,binary,100,bot_52,2937,b,10,17.78,25,56.55,96,39.45,0
e1-100,binary,100,bot_52,2937,b,12,36.48,25,79.83,107,27.17,0
e1-100,binary,100,bot_52,2937,b,14,32.26,25,107.19,127,19.81,0
e1-100,binary,100,bot_52,2937,b,16,18.48,25,83.27,104,20.73,0
e1-100,binary,100,bot_52,2937,b,18,73.9,25,102.25,118,15.75,0
e1-100,binary,100,bot_52,2937,b,20,45.31,25,107.05,158,50.95,0
e1-100,binary,100,bot_52,2937,b,22,40,25,79.74,109,29.26,0
e1-100,binary,100,bot_52,2937,b,24,42.73,25,120.92,163,42.08,0
e1-100,binary,100,bot_52,2937,b,26,38.8,25,115.32,149,33.68,0
e1-100,binary,100,bot_52,2937,b,28,34.27,25,128.31,166,37.69,0
e1-100,binary,100,bot_52,2937,b,30,24.34,25,144.17,175,30.83,0
e1-100,binary,100,bot_52,2937,b,32,17.58,25,158.88,181,22.12,0
e1-100,binary,100,bot_52,2937,b,34,24.36,25,163.14,177,13.86,0
e1-100,binary,100,bot_52,2937,b,36,69.93,25,203.45,220,16.55,0
e1-100,binary,100,bot_52,2937,b,38,41.97,25,141.39,192,50.61,0
e1-100,binary,100,bot_52,2937,b,40,46.13,25,163.79,199,35.21,0
e1-100,binary,100,bot_52,2937,b,42,56,25,183.02,225,41.98,0
e1-100,binary,100,bot_52,2937,b,44,47.49,25,177.04,203,25.96,0
e1-100,binary,100,bot_52,2937,b,46,39.34,25,218.32,233,14.68,0
e1-100,binary,100,bot_52,2937,b,48,28.75,25,201.12,222,20.88,0
e1-100,binary,100,bot_52,2937,b,50,29.92,25,229.87,236,6.13,0
e1-100,binary,100,bot_52,2937,b,52,10.7,25,196.03,204,7.97,0
e1-100,binary,100,bot_52,2937,b,54,11.4,25,224.94,232,7.06,0
e1-100,binary,100,bot_52,2937,b,56,117.83,25,113.89,244,130.11,0
e1-100,binary,100,bot_52,2937,b,58,119.86,25,122.11,209,86.89,0
e1-100,binary,100,bot_52,2937,b,60,70.67,25,151.63,244,92.37,0
e1-100,binary,100,bot_53,2938,w,1,8.18,25,76.94,75,-1.94,0
e1-100,binary,100,bot_53,2938,w,3,10.34,25,74.88,78,3.12,0
e1-100,binary,100,bot_53,2938,w,5,32.92,25,77.79,86,8.21,0
e1-100,binary,100,bot_53,2938,w,7,34.02,25,90.9,113,22.1,0
e1-100,binary,100,bot_53,2938,w,9,16.09,25,58.25,98,39.75,0
e1-100,binary,100,bot_53,2938,w,11,32.33,25,84.03,112,27.97,0
e1-100,binary,100,bot_53,2938,w,13,37.47,25,101.83,122,20.17,0
e1-100,binary,100,bot_53,2938,w,15,20.33,25,81.82,108,26.18,0
e1-100,binary,100,bot_53,2938,w,17,77.85,25,98.62,118,19.38,0
e1-100,binary,100,bot_53,2938,w,19,46.76,25,105.46,163,57.54,0
e1-100,binary,100,bot_53,2938,w,21,41.11,25,78.74,109,30.26,0
e1-100,binary,100,bot_53,2938,w,23,43.93,25,119.9,165,45.1,0
e1-100,binary,100,bot_53,2938,w,25,40.89,25,113.04,150,36.96,0
e1-100,binary,100,bot_53,2938,w,27,36.43,25,127.22,168,40.78,0
e1-100,binary,100,bot_53,2938,w,29,27.01,25,141.76,173,31.24,0
e1-100,binary,100,bot_53,2938,w,31,22.74,25,153.75,181,27.25,0
e1-100,binary,100,bot_53,2938,w,33,27.19,25,160.31,180,19.69,0
e1-100,binary,100,bot_53,2938,w,35,12.76,25,201.37,223,21.63,0
e1-100,binary,100,bot_53,2938,w,37,31.14,25,174.98,184,9.02,0
e1-100,binary,100,bot_53,2938,w,39,32.31,25,172.47,189,16.53,0
e1-100,binary,100,bot_53,2938,w,41,30.24,25,211.89,228,16.11,0
e1-100,binary,100,bot_53,2938,w,43,27.42,25,188.44,208,19.56,0
e1-100,binary,100,bot_53,2938,w,45,80.51,25,235.57,248,12.43,0
e1-100,binary,100,bot_53,2938,w,47,47.5,25,183.59,239,55.41,0
e1-100,binary,100,bot_53,2938,w,49,49.76,25,208.52,241,32.48,0
e1-100,binary,100,bot_53,2938,w,51,26.48,25,182.16,210,27.84,0
e1-100,binary,100,bot_53,2938,w,53,28.81,25,209.75,244,34.25,0
e1-100,binary,100,bot_53,2938,w,55,31.17,25,207.79,244,36.21,0
e1-100,binary,100,bot_53,2938,w,57,24.98,25,191.7,212,20.3,0
e1-100,binary,100,bot_53,2938,w,59,52.28,25,166.86,174,7.14,0
e1-100,binary,100,bot_54,2938,b,2,7.17,25,81.54,84,2.46,0
e1-100,binary,100,bot_54,2938,b,4,10.99,25,63.97,65,1.03,0
e1-100,binary,100,bot_54,2938,b,6,27.25,25,63.93,89,25.07,0
e1-100,binary,100,bot_54,2938,b,8,44.05,25,64.59,91,26.41,0
e1-100,binary,100,bot_54,2938,b,10,32.06,25,88.48,97,8.52,0
e1-100,binary,100,bot_54,2938,b,12,24.32,25,78.7,103,24.3,0
e1-100,binary,100,bot_54,2938,b,14,31.02,25,90.97,121,30.03,0
e1-100,binary,100,bot_54,2938,b,16,23.12,25,84.09,97,12.91,0
e1-100,binary,100,bot_54,2938,b,18,61.22,25,90.36,161,70.64,0
e1-100,binary,100,bot_54,2938,b,20,35.13,25,79.24,118,38.76,0
e1-100,binary,100,bot_54,2938,b,22,49.1,25,97.28,131,33.72,0
e1-100,binary,100,bot_54,2938,b,24,40.92,25,123.39,160,36.61,0
e1-100,binary,100,bot_54,2938,b,26,45.3,25,102.7,136,33.3,0
e1-100,binary,100,bot_54,2938,b,28,35.15,25,134.33,163,28.67,0
e1-100,binary,100,bot_54,2938,b,30,31.54,25,153.27,174,20.73,0
e1-100,binary,100,bot_54,2938,b,32,24.05,25,159.23,174,14.77,0
e1-100,binary,100,bot_54,2938,b,34,24.93,25,195.1,215,19.9,0
e1-100,binary,100,bot_54,2938,b,36,19.15,25,179.81,184,4.19,0
e1-100,binary,100,bot_54,2938,b,38,26.3,25,129.98,150,20.02,0
e1-100,binary,100,bot_54,2938,b,40,26.52,25,160.18,181,20.82,0
e1-100,binary,100,bot_54,2938,b,42,29.45,25,192.6,210,17.4,0
e1-100,binary,100,bot_54,2938,b,44,22.59,25,196.05,211,14.95,0
e1-100,binary,100,bot_54,2938,b,46,65.35,25,193.49,262,68.51,0
e1-100,binary,100,bot_54,2938,b,48,42.48,25,169.58,205,35.42,0
e1-100,binary,100,bot_54,2938,b,50,37.65,25,175.45,212,36.55,0
e1-100,binary,100,bot_54,2938,b,52,43.77,25,198.68,211,12.32,0
e1-100,binary,100,bot_54,2938,b,54,46.18,25,227.31,244,16.69,0
e1-100,binary,100,bot_54,2938,b,56,30.41,25,189.18,207,17.82,0
e1-100,binary,100,bot_54,2938,b,58,22.27,25,208.35,220,11.65,0
e1-100,binary,100,bot_54,2938,b,60,55.87,25,176.52,213,36.48,0
e1-100,binary,100,bot_55,2939,w,1,2.09,25,59.05,62,2.95,0
e1-100,binary,100,bot_55,2939,w,3,8.8,25,76.45,80,3.55,0
e1-100,binary,100,bot_55,2939,w,5,26.02,25,84.91,92,7.09,0
e1-100,binary,100,bot_55,2939,w,7,32.44,25,92.5,115,22.5,0
e1-100,binary,100,bot_55,2939,w,9,15.24,25,58.94,100,41.06,0
e1-100,binary,100,bot_55,2939,w,11,31.05,25,85.31,114,28.69,0
e1-100,binary,100,bot_55,2939,w,13,25.43,25,114.06,136,21.94,0
e1-100,binary,100,bot_55,2939,w,15,16.97,25,84.67,108,23.33,0
e1-100,binary,100,bot_55,2939,w,17,72.09,25,103.96,121,17.04,0
e1-100,binary,100,bot_55,2939,w,19,43.66,25,108.76,160,51.24,0
e1-100,binary,100,bot_55,2939,w,21,38.42,25,81.32,112,30.68,0
e1-100,binary,100,bot_55,2939,w,23,40.67,25,122.97,166,43.03,0
e1-100,binary,100,bot_55,2939,w,25,36.7,25,117.5,152,34.5,0
e1-100,binary,100,bot_55,2939,w,27,32.7,25,129.66,169,39.34,0
e1-100,binary,100,bot_55,2939,w,29,22.78,25,145.66,176,30.34,0
e1-100,binary,100,bot_55,2939,w,31,15.59,25,160.8,184,23.2,0
e1-100,binary,100,bot_55,2939,w,33,20.18,25,167.34,182,14.66,0
e1-100,binary,100,bot_55,2939,w,35,57.39,25,139.75,232,92.25,0
e1-100,binary,100,bot_55,2939,w,37,39.21,25,144.08,195,50.92,0
e1-100,binary,100,bot_55,2939,w,39,43.06,25,166.87,203,36.13,0
e1-100,binary,100,bot_55,2939,w,41,52.24,25,186.82,228,41.18,0
e1-100,binary,100,bot_55,2939,w,43,45.55,25,178.99,206,27.01,0
e1-100,binary,100,bot_55,2939,w,45,35.6,25,222.05,237,14.95,0
e1-100,binary,100,bot_55,2939,w,47,26.21,25,203.69,223,19.31,0
e1-100,binary,100,bot_55,2939,w,49,25.58,25,234.32,241,6.68,0
e1-100,binary,100,bot_55,2939,w,51,9.05,25,197.54,204,6.46,0
e1-100,binary,100,bot_55,2939,w,53,140.02,25,227.01,235,7.99,0
e1-100,binary,100,bot_55,2939,w,55,115.93,25,115.42,231,115.58,0
e1-100,binary,100,bot_55,2939,w,57,117.22,25,124.71,212,87.29,0
e1-100,binary,100,bot_55,2939,w,59,67.78,25,154.54,248,93.46,0
e1-100,binary,100,bot_56,2939,b,2,6.01,25,82.24,84,1.76,0
e1-100,binary,100,bot_56,2939,b,4,9.99,25,64.67,72,7.33,0
e1-100,binary,100,bot_56,2939,b,6,26.61,25,64.44,89,24.56,0
e1-100,binary,100,bot_56,2939,b,8,43,25,65.79,96,30.21,0
e1-100,binary,100,bot_56,2939,b,10,30.67,25,89.89,103,13.11,0
e1-100,binary,100,bot_56,2939,b,12,23.26,25,80.05,109,28.95,0
e1-100,binary,100,bot_56,2939,b,14,24.7,25,97.66,122,24.34,0
e1-100,binary,100,bot_56,2939,b,16,18.99,25,88.61,103,14.39,0
e1-100,binary,100,bot_56,2939,b,18,53.75,25,97.92,169,71.08,0
e1-100,binary,100,bot_56,2939,b,20,31.81,25,82.34,123,40.66,0
e1-100,binary,100,bot_56,2939,b,22,45.53,25,101.14,138,36.86,0
e1-100,binary,100,bot_56,2939,b,24,37.82,25,126.25,166,39.75,0
e1-100,binary,100,bot_56,2939,b,26,41.43,25,107.48,143,35.52,0
e1-100,binary,100,bot_56,2939,b,28,32.57,25,137.23,168,30.77,0
e1-100,binary,100,bot_56,2939,b,30,25.18,25,159.62,181,21.38,0
e1-100,binary,100,bot_56,2939,b,32,17.29,25,165.68,180,14.32,0
e1-100,binary,100,bot_56,2939,b,34,94.28,25,202.73,221,18.27,0
e1-100,binary,100,bot_56,2939,b,36,58.7,25,153.23,202,48.77,0
e1-100,binary,100,bot_56,2939,b,38,44.34,25,112.55,144,31.45,0
e1-100,binary,100,bot_56,2939,b,40,49.27,25,151.26,186,34.74,0
e1-100,binary,100,bot_56,2939,b,42,34.16,25,176.89,221,44.11,0
e1-100,binary,100,bot_56,2939,b,44,23.19,25,192.77,230,37.23,0
e1-100,binary,100,bot_56,2939,b,46,27.51,25,232.13,259,26.88,0
e1-100,binary,100,bot_56,2939,b,48,15.47,25,195.44,214,18.56,0
e1-100,binary,100,bot_56,2939,b,50,14.45,25,198.72,217,18.28,0
e1-100,binary,100,bot_56,2939,b,52,15.93,25,228.91,231,2.09,0
e1-100,binary,100,bot_56,2939,b,54,123.73,25,148.4,280,131.6,0
e1-100,binary,100,bot_56,2939,b,56,95.77,25,111.45,220,108.55,0
e1-100,binary,100,bot_56,2939,b,58,106.59,25,112.74,217,104.26,0
e1-100,binary,100,bot_56,2939,b,60,56.32,25,158.86,214,55.14,0
e1-100,binary,100,bot_57,2940,w,1,3.57,25,81.32,70,-11.32,0
e1-100,binary,100,bot_57,2940,w,3,7.59,25,67.26,63,-4.26,0
e1-100,binary,100,bot_57,2940,w,5,21.59,25,69.46,82,12.54,0
e1-100,binary,100,bot_57,2940,w,7,40.12,25,68.85,86,17.15,0
e1-100,binary,100,bot_57,2940,w,9,25.43,25,95.13,94,-1.13,0
e1-100,binary,100,bot_57,2940,w,11,20.24,25,83.09,95,11.91,0
e1-100,binary,100,bot_57,2940,w,13,18.87,25,103.51,114,10.49,0
e1-100,binary,100,bot_57,2940,w,15,15.89,25,91.9,92,0.1,0
e1-100,binary,100,bot_57,2940,w,17,47.34,25,104.37,160,55.63,0
e1-100,binary,100,bot_57,2940,w,19,26.82,25,87.18,115,27.82,0
e1-100,binary,100,bot_57,2940,w,21,39.08,25,107.99,130,22.01,0
e1-100,binary,100,bot_57,2940,w,23,28.68,25,135.25,158,22.75,0
e1-100,binary,100,bot_57,2940,w,25,32.05,25,116.78,134,17.22,0
e1-100,binary,100,bot_57,2940,w,27,29.99,25,140.04,156,15.96,0
e1-100,binary,100,bot_57,2940,w,29,16.54,25,168.32,178,9.68,0
e1-100,binary,100,bot_57,2940,w,31,81.51,25,169.72,171,1.28,0
e1-100,binary,100,bot_57,2940,w,33,69.12,25,162.41,216,53.59,0
e1-100,binary,100,bot_57,2940,w,35,50.95,25,161.04,200,38.96,0
e1-100,binary,100,bot_57,2940,w,37,38.37,25,118.52,139,20.48,0
e1-100,binary,100,bot_57,2940,w,39,42.45,25,158.12,183,24.88,0
e1-100,binary,100,bot_57,2940,w,41,30.27,25,180.71,208,27.29,0
e1-100,binary,100,bot_57,2940,w,43,21.18,25,194.57,221,26.43,0
e1-100,binary,100,bot_57,2940,w,45,20.5,25,239.27,255,15.73,0
e1-100,binary,100,bot_57,2940,w,47,11.91,25,198.86,207,8.14,0
e1-100,binary,100,bot_57,2940,w,49,9.91,25,203.29,209,5.71,0
e1-100,binary,100,bot_57,2940,w,51,131.89,25,125.43,238,112.57,0
e1-100,binary,100,bot_57,2940,w,53,118.65,25,152.88,264,111.12,0
e1-100,binary,100,bot_57,2940,w,55,88.99,25,118.37,215,96.63,0
e1-100,binary,100,bot_57,2940,w,57,102.38,25,116.06,206,89.94,0
e1-100,binary,100,bot_57,2940,w,59,52.2,25,162.98,205,42.02,0
e1-100,binary,100,bot_58,2940,b,2,6.83,25,78.59,80,1.41,0
e1-100,binary,100,bot_58,2940,b,4,23.76,25,86.55,92,5.45,0
e1-100,binary,100,bot_58,2940,b,6,28.88,25,96.03,115,18.97,0
e1-100,binary,100,bot_58,2940,b,8,10.5,25,63.43,101,37.57,0
e1-100,binary,100,bot_58,2940,b,10,25.06,25,91.02,114,22.98,0
e1-100,binary,100,bot_58,2940,b,12,23.07,25,116.76,136,19.24,0
e1-100,binary,100,bot_58,2940,b,14,13.14,25,88.07,106,17.93,0
e1-100,binary,100,bot_58,2940,b,16,66.84,25,108.75,122,13.25,0
e1-100,binary,100,bot_58,2940,b,18,40.42,25,112.28,157,44.72,0
e1-100,binary,100,bot_58,2940,b,20,35.1,25,84.5,109,24.5,0
e1-100,binary,100,bot_58,2940,b,22,35.66,25,127.8,165,37.2,0
e1-100,binary,100,bot_58,2940,b,24,30.61,25,124.01,151,26.99,0
e1-100,binary,100,bot_58,2940,b,26,27.83,25,134.94,165,30.06,0
e1-100,binary,100,bot_58,2940,b,28,20.86,25,147.25,175,27.75,0
e1-100,binary,100,bot_58,2940,b,30,13.43,25,163.32,178,14.68,0
e1-100,binary,100,bot_58,2940,b,32,65.51,25,119.85,200,80.15,0
e1-100,binary,100,bot_58,2940,b,34,54.68,25,141.5,209,67.5,0
e1-100,binary,100,bot_58,2940,b,36,36.54,25,146.72,190,43.28,0
e1-100,binary,100,bot_58,2940,b,38,39.95,25,169.88,201,31.12,0
e1-100,binary,100,bot_58,2940,b,40,43.93,25,195.22,230,34.78,0
e1-100,binary,100,bot_58,2940,b,42,42.05,25,182.54,206,23.46,0
e1-100,binary,100,bot_58,2940,b,44,32.37,25,224.98,239,14.02,0
e1-100,binary,100,bot_58,2940,b,46,24.17,25,205.6,218,12.4,0
e1-100,binary,100,bot_58,2940,b,48,21.87,25,238.39,242,3.61,0
e1-100,binary,100,bot_58,2940,b,50,128.34,25,200.52,203,2.48,0
e1-100,binary,100,bot_58,2940,b,52,127.43,25,105.65,230,124.35,0
e1-100,binary,100,bot_58,2940,b,54,112.24,25,119.57,230,110.43,0
e1-100,binary,100,bot_58,2940,b,56,110.45,25,131.1,213,81.9,0
e1-100,binary,100,bot_58,2940,b,58,63.51,25,159.04,248,88.96,0
e1-100,binary,100,bot_58,2940,b,60,57.84,25,148.64,188,39.36,0
e1-100,binary,100,bot_59,2941,w,1,5.52,25,77.7,66,-11.7,0
e1-100,binary,100,bot_59,2941,w,3,22.41,25,68.11,79,10.89,0
e1-100,binary,100,bot_59,2941,w,5,27.91,25,96.99,101,4.01,0
e1-100,binary,100,bot_59,2941,w,7,8.11,25,65.7,88,22.3,0
e1-100,binary,100,bot_59,2941,w,9,21.9,25,94.14,101,6.86,0
e1-100,binary,100,bot_59,2941,w,11,20.65,25,119.26,122,2.74,0
e1-100,binary,100,bot_59,2941,w,13,11.83,25,89.3,91,1.7,0
e1-100,binary,100,bot_59,2941,w,15,57.37,25,118.21,116,-2.21,0
e1-100,binary,100,bot_59,2941,w,17,35.92,25,116.9,147,30.1,0
e1-100,binary,100,bot_59,2941,w,19,32.71,25,86.94,97,10.06,0
e1-100,binary,100,bot_59,2941,w,21,31.02,25,132.52,154,21.48,0
e1-100,binary,100,bot_59,2941,w,23,26.21,25,128.64,141,12.36,0
e1-100,binary,100,bot_59,2941,w,25,25.21,25,137.53,152,14.47,0
e1-100,binary,100,bot_59,2941,w,27,18.66,25,149.37,163,13.63,0
e1-100,binary,100,bot_59,2941,w,29,79.72,25,165.12,164,-1.12,0
e1-100,binary,100,bot_59,2941,w,31,61.95,25,123.02,175,51.98,0
e1-100,binary,100,bot_59,2941,w,33,50.26,25,145.96,197,51.04,0
e1-100,binary,100,bot_59,2941,w,35,34.13,25,149.1,179,29.9,0
e1-100,binary,100,bot_59,2941,w,37,37.16,25,172.68,189,16.32,0
e1-100,binary,100,bot_59,2941,w,39,38.1,25,201.13,223,21.87,0
e1-100,binary,100,bot_59,2941,w,41,36.84,25,187.76,198,10.24,0
e1-100,binary,100,bot_59,2941,w,43,26.58,25,230.83,233,2.17,0
e1-100,binary,100,bot_59,2941,w,45,20.31,25,209.49,208,-1.49,0
e1-100,binary,100,bot_59,2941,w,47,15.31,25,245.07,235,-10.07,0
e1-100,binary,100,bot_59,2941,w,49,119.9,25,65.65,200,134.35,0
e1-100,binary,100,bot_59,2941,w,51,120.01,25,113.55,222,108.45,0
e1-100,binary,100,bot_59,2941,w,53,102.52,25,129.8,228,98.2,0
e1-100,binary,100,bot_59,2941,w,55,102.18,25,138.63,205,66.37,0
e1-100,binary,100,bot_59,2941,w,57,59.05,25,163.95,240,76.05,0
e1-100,binary,100,bot_59,2941,w,59,52.67,25,153.74,181,27.26,0
e1-100,binary,100,bot_60,2941,b,2,26.9,25,68.37,68,-0.37,0
e1-100,binary,100,bot_60,2941,b,4,20.53,25,70.48,86,15.52,0
e1-100,binary,100,bot_60,2941,b,6,39.88,25,69.52,91,21.48,0
e1-100,binary,100,bot_60,2941,b,8,24.33,25,96.17,99,2.83,0
e1-100,binary,100,bot_60,2941,b,10,18.87,25,84.41,99,14.59,0
e1-100,binary,100,bot_60,2941,b,12,17.39,25,104.93,119,14.07,0
e1-100,binary,100,bot_60,2941,b,14,15.03,25,92.93,98,5.07,0
e1-100,binary,100,bot_60,2941,b,16,45.87,25,105.77,156,50.23,0
e1-100,binary,100,bot_60,2941,b,18,25.49,25,88.18,116,27.82,0
e1-100,binary,100,bot_60,2941,b,20,37.42,25,109.77,135,25.23,0
e1-100,binary,100,bot_60,2941,b,22,27.83,25,135.69,160,24.31,0
e1-100,binary,100,bot_60,2941,b,24,30.83,25,117.74,137,19.26,0
e1-100,binary,100,bot_60,2941,b,26,29.3,25,140.86,160,19.14,0
e1-100,binary,100,bot_60,2941,b,28,14.89,25,169.88,181,11.13,0
e1-100,binary,100,bot_60,2941,b,30,68,25,115.13,189,73.88,0
e1-100,binary,100,bot_60,2941,b,32,66.96,25,164.31,219,54.69,0
e1-100,binary,100,bot_60,2941,b,34,48.89,25,163.06,201,37.94,0
e1-100,binary,100,bot_60,2941,b,36,36.13,25,120.92,142,21.08,0
e1-100,binary,100,bot_60,2941,b,38,40.53,25,160.06,185,24.94,0
e1-100,binary,100,bot_60,2941,b,40,29.17,25,181.7,208,26.3,0
e1-100,binary,100,bot_60,2941,b,42,20.11,25,195.63,221,25.37,0
e1-100,binary,100,bot_60,2941,b,44,17.6,25,242.19,257,14.81,0
e1-100,binary,100,bot_60,2941,b,46,9.3,25,201.21,209,7.79,0
e1-100,binary,100,bot_60,2941,b,48,152.51,25,204.66,208,3.34,0
e1-100,binary,100,bot_60,2941,b,50,127.8,25,128.69,236,107.31,0
e1-100,binary,100,bot_60,2941,b,52,116.94,25,154.17,263,108.83,0
e1-100,binary,100,bot_60,2941,b,54,85.45,25,121.66,212,90.34,0
e1-100,binary,100,bot_60,2941,b,56,97.8,25,120.23,205,84.77,0
e1-100,binary,100,bot_60,2941,b,58,48.82,25,165.91,208,42.09,0
e1-100,binary,100,bot_60,2941,b,60,48.95,25,171.67,207,35.33,0
e1-100,binary,100,bot_61,2942,w,1,16.25,25,57.8,74,16.2,0
e1-100,binary,100,bot_61,2942,w,3,17.91,25,71.93,89,17.07,0
e1-100,binary,100,bot_61,2942,w,5,17.11,25,80.51,99,18.49,0
e1-100,binary,100,bot_61,2942,w,7,10.95,25,89.32,104,14.68,0
e1-100,binary,100,bot_61,2942,w,9,40.91,25,62.11,119,56.89,0
e1-100,binary,100,bot_61,2942,w,11,44.92,25,76.23,136,59.77,0
e1-100,binary,100,bot_61,2942,w,13,33.05,25,73.78,102,28.22,0
e1-100,binary,100,bot_61,2942,w,15,19.44,25,136.06,152,15.94,0
e1-100,binary,100,bot_61,2942,w,17,11.74,25,111.01,121,9.99,0
e1-100,binary,100,bot_61,2942,w,19,67.67,25,78.11,141,62.89,0
e1-100,binary,100,bot_61,2942,w,21,60.59,25,104.44,173,68.56,0
e1-100,binary,100,bot_61,2942,w,23,64.82,25,83.34,144,60.66,0
e1-100,binary,100,bot_61,2942,w,25,52.59,25,115.96,180,64.04,0
e1-100,binary,100,bot_61,2942,w,27,55.81,25,131.43,183,51.57,0
e1-100,binary,100,bot_61,2942,w,29,43.09,25,140.4,192,51.6,0
e1-100,binary,100,bot_61,2942,w,31,58.34,25,161.63,209,47.37,0
e1-100,binary,100,bot_61,2942,w,33,53.08,25,149.35,193,43.65,0
e1-100,binary,100,bot_61,2942,w,35,24.29,25,131.94,154,22.06,0
e1-100,binary,100,bot_61,2942,w,37,24.81,25,161.9,183,21.1,0
e1-100,binary,100,bot_61,2942,w,39,27.53,25,194.53,215,20.47,0
e1-100,binary,100,bot_61,2942,w,41,77.86,25,198.2,218,19.8,0
e1-100,binary,100,bot_61,2942,w,43,63.74,25,195.36,249,53.64,0
e1-100,binary,100,bot_61,2942,w,45,37.69,25,174.33,214,39.67,0
e1-100,binary,100,bot_61,2942,w,47,36.02,25,177.11,218,40.89,0
e1-100,binary,100,bot_61,2942,w,49,41.38,25,201.14,218,16.86,0
e1-100,binary,100,bot_61,2942,w,51,43.49,25,230.09,249,18.91,0
e1-100,binary,100,bot_61,2942,w,53,29.24,25,189.82,213,23.18,0
e1-100,binary,100,bot_61,2942,w,55,21.17,25,209.76,224,14.24,0
e1-100,binary,100,bot_61,2942,w,57,53.23,25,179.08,216,36.92,0
e1-100,binary,100,bot_61,2942,w,59,48.91,25,173.57,200,26.43,0
e1-100,binary,100,bot_62,2942,b,2,17.44,25,66.76,71,4.24,0
e1-100,binary,100,bot_62,2942,b,4,20.92,25,91.6,97,5.4,0
e1-100,binary,100,bot_62,2942,b,6,15.3,25,86.12,89,2.88,0
e1-100,binary,100,bot_62,2942,b,8,57.99,25,102.69,101,-1.69,0
e1-100,binary,100,bot_62,2942,b,10,60.93,25,78.9,106,27.1,0
e1-100,binary,100,bot_62,2942,b,12,29.28,25,74.02,107,32.98,0
e1-100,binary,100,bot_62,2942,b,14,16.84,25,79.72,100,20.28,0
e1-100,binary,100,bot_62,2942,b,16,11,25,162.44,169,6.56,0
e1-100,binary,100,bot_62,2942,b,18,64.87,25,100.61,99,-1.61,0
e1-100,binary,100,bot_62,2942,b,20,70.85,25,92.78,148,55.22,0
e1-100,binary,100,bot_62,2942,b,22,61.88,25,91.03,140,48.97,0
e1-100,binary,100,bot_62,2942,b,24,64.96,25,97.92,151,53.08,0
e1-100,binary,100,bot_62,2942,b,26,52.9,25,116.03,155,38.97,0
e1-100,binary,100,bot_62,2942,b,28,52.05,25,124.74,169,44.26,0
e1-100,binary,100,bot_62,2942,b,30,48.89,25,136.85,168,31.15,0
e1-100,binary,100,bot_62,2942,b,32,41.47,25,174.6,220,45.4,0
e1-100,binary,100,bot_62,2942,b,34,29.63,25,175.71,209,33.29,0
e1-100,binary,100,bot_62,2942,b,36,30.72,25,174.21,182,7.79,0
e1-100,binary,100,bot_62,2942,b,38,28.83,25,213.21,222,8.79,0
e1-100,binary,100,bot_62,2942,b,40,26.25,25,189.55,200,10.45,0
e1-100,binary,100,bot_62,2942,b,42,61.57,25,197.23,258,60.77,0
e1-100,binary,100,bot_62,2942,b,44,46.71,25,183.74,230,46.26,0
e1-100,binary,100,bot_62,2942,b,46,49.09,25,209.27,229,19.73,0
e1-100,binary,100,bot_62,2942,b,48,25.37,25,183.01,203,19.99,0
e1-100,binary,100,bot_62,2942,b,50,26.77,25,211.6,236,24.4,0
e1-100,binary,100,bot_62,2942,b,52,30.81,25,208.62,235,26.38,0
e1-100,binary,100,bot_62,2942,b,54,22.18,25,194.37,206,11.63,0
e1-100,binary,100,bot_62,2942,b,56,49.84,25,169.17,172,2.83,0
e1-100,binary,100,bot_62,2942,b,58,39.07,25,160.26,193,32.74,0
e1-100,binary,100,bot_62,2942,b,60,37.31,25,169.96,200,30.04,0
e1-100,binary,100,bot_63,2943,w,1,18.95,25,75.05,71,-4.05,0
e1-100,binary,100,bot_63,2943,w,3,18.36,25,79.53,85,5.47,0
e1-100,binary,100,bot_63,2943,w,5,16.87,25,92.47,99,6.53,0
e1-100,binary,100,bot_63,2943,w,7,45.69,25,67.03,108,40.97,0
e1-100,binary,100,bot_63,2943,w,9,46.33,25,67.54,101,33.46,0
e1-100,binary,100,bot_63,2943,w,11,36.16,25,82.97,112,29.03,0
e1-100,binary,100,bot_63,2943,w,13,21.8,25,77.42,94,16.58,0
e1-100,binary,100,bot_63,2943,w,15,77.16,25,98.71,159,60.29,0
e1-100,binary,100,bot_63,2943,w,17,43.36,25,65.82,103,37.18,0
e1-100,binary,100,bot_63,2943,w,19,51.32,25,102.64,147,44.36,0
e1-100,binary,100,bot_63,2943,w,21,50.45,25,98.43,141,42.57,0
e1-100,binary,100,bot_63,2943,w,23,31.76,25,120.37,141,20.63,0
e1-100,binary,100,bot_63,2943,w,25,32.16,25,133.97,161,27.03,0
e1-100,binary,100,bot_63,2943,w,27,30.34,25,152.6,174,21.4,0
e1-100,binary,100,bot_63,2943,w,29,23.27,25,157.59,182,24.41,0
e1-100,binary,100,bot_63,2943,w,31,22.8,25,208.87,223,14.13,0
e1-100,binary,100,bot_63,2943,w,33,15.38,25,196.57,199,2.43,0
e1-100,binary,100,bot_63,2943,w,35,128.69,25,71.85,159,87.15,0
e1-100,binary,100,bot_63,2943,w,37,136.29,25,100.63,197,96.38,0
e1-100,binary,100,bot_63,2943,w,39,116.67,25,98.82,201,102.18,0
e1-100,binary,100,bot_63,2943,w,41,132.32,25,124.08,218,93.92,0
e1-100,binary,100,bot_63,2943,w,43,106.79,25,138.89,245,106.11,0
e1-100,binary,100,bot_63,2943,w,45,110.38,25,123.86,209,85.14,0
e1-100,binary,100,bot_63,2943,w,47,73.76,25,145.11,222,76.89,0
e1-100,binary,100,bot_63,2943,w,49,46.65,25,208.23,259,50.77,0
e1-100,binary,100,bot_63,2943,w,51,44.21,25,223.52,269,45.48,0
e1-100,binary,100,bot_63,2943,w,53,30.51,25,177.7,211,33.3,0
e1-100,binary,100,bot_63,2943,w,55,28.85,25,183.11,210,26.89,0
e1-100,binary,100,bot_63,2943,w,57,24.13,25,188.63,202,13.37,0
e1-100,binary,100,bot_63,2943,w,59,15.21,25,206.51,208,1.49,0
e1-100,binary,100,bot_64,2943,b,2,11.86,25,73.45,91,17.55,0
e1-100,binary,100,bot_64,2943,b,4,12.87,25,88.51,106,17.49,0
e1-100,binary,100,bot_64,2943,b,6,46.23,25,87.85,103,15.15,0
e1-100,binary,100,bot_64,2943,b,8,38.58,25,72.21,115,42.79,0
e1-100,binary,100,bot_64,2943,b,10,35.23,25,101.11,145,43.89,0
e1-100,binary,100,bot_64,2943,b,12,23.59,25,74.35,109,34.65,0
e1-100,binary,100,bot_64,2943,b,14,67.1,25,128.26,149,20.74,0
e1-100,binary,100,bot_64,2943,b,16,44.36,25,77.6,153,75.4,0
e1-100,binary,100,bot_64,2943,b,18,50.53,25,83.07,123,39.93,0
e1-100,binary,100,bot_64,2943,b,20,49.48,25,121.49,171,49.51,0
e1-100,binary,100,bot_64,2943,b,22,27.22,25,118.89,167,48.11,0
e1-100,binary,100,bot_64,2943,b,24,34.18,25,139.87,170,30.13,0
e1-100,binary,100,bot_64,2943,b,26,28.3,25,144.35,175,30.65,0
e1-100,binary,100,bot_64,2943,b,28,31.01,25,150.76,179,28.24,0
e1-100,binary,100,bot_64,2943,b,30,20.83,25,166.27,188,21.73,0
e1-100,binary,100,bot_64,2943,b,32,12.77,25,183.03,203,19.97,0
e1-100,binary,100,bot_64,2943,b,34,97.24,25,174.29,183,8.71,0
e1-100,binary,100,bot_64,2943,b,36,108.66,25,82.12,203,120.88,0
e1-100,binary,100,bot_64,2943,b,38,113.5,25,109.94,239,129.06,0
e1-100,binary,100,bot_64,2943,b,40,105.8,25,113.37,222,108.63,0
e1-100,binary,100,bot_64,2943,b,42,115.83,25,134.44,260,125.56,0
e1-100,binary,100,bot_64,2943,b,44,95.2,25,127.58,225,97.42,0
e1-100,binary,100,bot_64,2943,b,46,87.17,25,145.57,247,101.43,0
e1-100,binary,100,bot_64,2943,b,48,61.78,25,125.83,192,66.17,0
e1-100,binary,100,bot_64,2943,b,50,56.04,25,179.63,219,39.37,0
e1-100,binary,100,bot_64,2943,b,52,45.31,25,188.75,225,36.25,0
e1-100,binary,100,bot_64,2943,b,54,43.24,25,198.1,222,23.9,0
e1-100,binary,100,bot_64,2943,b,56,30.23,25,195.57,211,15.43,0
e1-100,binary,100,bot_64,2943,b,58,17.05,25,187.63,199,11.37,0
e1-100,binary,100,bot_64,2943,b,60,68.58,25,190.39,191,0.61,0
e1-100,binary,100,bot_65,2944,w,1,29.03,25,60.93,78,17.07,0
e1-100,binary,100,bot_65,2944,w,3,20.94,25,66.45,87,20.55,0
e1-100,binary,100,bot_65,2944,w,5,23.29,25,77.74,91,13.26,0
e1-100,binary,100,bot_65,2944,w,7,16.89,25,92.53,104,11.47,0
e1-100,binary,100,bot_65,2944,w,9,14.45,25,120.21,133,12.79,0
e1-100,binary,100,bot_65,2944,w,11,45.32,25,99.27,98,-1.27,0
e1-100,binary,100,bot_65,2944,w,13,39.18,25,116.08,137,20.92,0
e1-100,binary,100,bot_65,2944,w,15,23.14,25,99.66,125,25.34,0
e1-100,binary,100,bot_65,2944,w,17,23.3,25,111.11,119,7.89,0
e1-100,binary,100,bot_65,2944,w,19,20.56,25,150.48,158,7.52,0
e1-100,binary,100,bot_65,2944,w,21,10.24,25,134.46,141,6.54,0
e1-100,binary,100,bot_65,2944,w,23,90.15,25,163.95,162,-1.95,0
e1-100,binary,100,bot_65,2944,w,25,88.73,25,100.17,167,66.83,0
e1-100,binary,100,bot_65,2944,w,27,77.5,25,104.38,175,70.62,0
e1-100,binary,100,bot_65,2944,w,29,94.19,25,125.64,196,70.36,0
e1-100,binary,100,bot_65,2944,w,31,78.86,25,114.22,187,72.78,0
e1-100,binary,100,bot_65,2944,w,33,55.8,25,103.47,163,59.53,0
e1-100,binary,100,bot_65,2944,w,35,73.42,25,115.58,180,64.42,0
e1-100,binary,100,bot_65,2944,w,37,64.33,25,158.09,226,67.91,0
e1-100,binary,100,bot_65,2944,w,39,61.63,25,157.13,215,57.87,0
e1-100,binary,100,bot_65,2944,w,41,66.4,25,184.04,243,58.96,0
e1-100,binary,100,bot_65,2944,w,43,55.65,25,167.15,214,46.85,0
e1-100,binary,100,bot_65,2944,w,45,47.3,25,184.39,222,37.61,0
e1-100,binary,100,bot_65,2944,w,47,81.64,25,200.68,221,20.32,0
e1-100,binary,100,bot_65,2944,w,49,95.64,25,174.7,225,50.3,0
e1-100,binary,100,bot_65,2944,w,51,54.44,25,162.4,215,52.6,0
e1-100,binary,100,bot_65,2944,w,53,56.38,25,179.05,220,40.95,0
e1-100,binary,100,bot_65,2944,w,55,49.36,25,182.82,213,30.18,0
e1-100,binary,100,bot_65,2944,w,57,44.95,25,177.6,197,19.4,0
e1-100,binary,100,bot_65,2944,w,59,22.06,25,156.99,174,17.01,0
e1-100,binary,100,bot_66,2944,b,2,34.74,25,76.85,93,16.15,0
e1-100,binary,100,bot_66,2944,b,4,27.34,25,84.29,93,8.71,0
e1-100,binary,100,bot_66,2944,b,6,25.11,25,87.16,97,9.84,0
e1-100,binary,100,bot_66,2944,b,8,27.36,25,88.4,92,3.6,0
e1-100,binary,100,bot_66,2944,b,10,13.54,25,105.58,108,2.42,0
e1-100,binary,100,bot_66,2944,b,12,35.32,25,60.09,92,31.91,0
e1-100,binary,100,bot_66,2944,b,14,39.93,25,134.68,161,26.32,0
e1-100,binary,100,bot_66,2944,b,16,21.77,25,85.62,96,10.38,0
e1-100,binary,100,bot_66,2944,b,18,21.15,25,132.96,143,10.04,0
e1-100,binary,100,bot_66,2944,b,20,20.99,25,127.82,136,8.18,0
e1-100,binary,100,bot_66,2944,b,22,11.89,25,141.63,138,-3.62,0
e1-100,binary,100,bot_66,2944,b,24,80.99,25,88.43,166,77.57,0
e1-100,binary,100,bot_66,2944,b,26,83.91,25,93.17,169,75.83,0
e1-100,binary,100,bot_66,2944,b,28,84.21,25,100.9,165,64.1,0
e1-100,binary,100,bot_66,2944,b,30,85.77,25,132.23,214,81.77,0
e1-100,binary,100,bot_66,2944,b,32,76.75,25,133.96,198,64.04,0
e1-100,binary,100,bot_66,2944,b,34,81.46,25,120.64,161,40.36,0
e1-100,binary,100,bot_66,2944,b,36,82.34,25,157.33,216,58.67,0
e1-100,binary,100,bot_66,2944,b,38,73.5,25,142.2,190,47.8,0
e1-100,binary,100,bot_66,2944,b,40,74.83,25,181.34,228,46.66,0
e1-100,binary,100,bot_66,2944,b,42,63.12,25,180.12,231,50.88,0
e1-100,binary,100,bot_66,2944,b,44,54.68,25,182.82,223,40.18,0
e1-100,binary,100,bot_66,2944,b,46,36.72,25,179.67,213,33.33,0
e1-100,binary,100,bot_66,2944,b,48,65.47,25,175.25,241,65.75,0
e1-100,binary,100,bot_66,2944,b,50,68.01,25,173.67,255,81.33,0
e1-100,binary,100,bot_66,2944,b,52,56.62,25,163.29,203,39.71,0
e1-100,binary,100,bot_66,2944,b,54,48.72,25,170.14,207,36.86,0
e1-100,binary,100,bot_66,2944,b,56,37.9,25,161.44,192,30.56,0
e1-100,binary,100,bot_66,2944,b,58,35.7,25,171.46,197,25.54,0
e1-100,binary,100,bot_66,2944,b,60,22.61,25,134.66,138,3.34,0
e1-100,binary,100,bot_67,2945,w,1,40.01,25,71.58,91,19.42,0
e1-100,binary,100,bot_67,2945,w,3,28.43,25,83.21,93,9.79,0
e1-100,binary,100,bot_67,2945,w,5,28.44,25,83.93,96,12.07,0
e1-100,binary,100,bot_67,2945,w,7,31.22,25,84.07,90,5.93,0
e1-100,binary,100,bot_67,2945,w,9,20.34,25,98.7,101,2.3,0
e1-100,binary,100,bot_67,2945,w,11,39.83,25,55.21,92,36.79,0
e1-100,binary,100,bot_67,2945,w,13,54.7,25,120.71,153,32.29,0
e1-100,binary,100,bot_67,2945,w,15,28.84,25,79.69,92,12.31,0
e1-100,binary,100,bot_67,2945,w,17,27.46,25,126.74,141,14.26,0
e1-100,binary,100,bot_67,2945,w,19,28.61,25,120.3,135,14.7,0
e1-100,binary,100,bot_67,2945,w,21,18.72,25,134.37,136,1.63,0
e1-100,binary,100,bot_67,2945,w,23,13.67,25,152.14,156,3.86,0
e1-100,binary,100,bot_67,2945,w,25,102.18,25,173.76,173,-0.76,0
e1-100,binary,100,bot_67,2945,w,27,92.25,25,93.08,168,74.92,0
e1-100,binary,100,bot_67,2945,w,29,95.74,25,123.72,220,96.28,0
e1-100,binary,100,bot_67,2945,w,31,87.11,25,123.48,202,78.52,0
e1-100,binary,100,bot_67,2945,w,33,91.4,25,110.3,158,47.7,0
e1-100,binary,100,bot_67,2945,w,35,92.05,25,146.28,214,67.72,0
e1-100,binary,100,bot_67,2945,w,37,84.56,25,130.84,192,61.16,0
e1-100,binary,100,bot_67,2945,w,39,89.05,25,167.56,221,53.44,0
e1-100,binary,100,bot_67,2945,w,41,70.25,25,173.85,233,59.15,0
e1-100,binary,100,bot_67,2945,w,43,68.32,25,168.56,218,49.44,0
e1-100,binary,100,bot_67,2945,w,45,45.43,25,170.84,212,41.16,0
e1-100,binary,100,bot_67,2945,w,47,94.32,25,238.49,240,1.51,0
e1-100,binary,100,bot_67,2945,w,49,78.3,25,162.94,251,88.06,0
e1-100,binary,100,bot_67,2945,w,51,69.23,25,151.32,195,43.68,0
e1-100,binary,100,bot_67,2945,w,53,65.33,25,154.48,194,39.52,0
e1-100,binary,100,bot_67,2945,w,55,46.31,25,153.75,192,38.25,0
e1-100,binary,100,bot_67,2945,w,57,42.45,25,165,201,36,0
e1-100,binary,100,bot_67,2945,w,59,28.34,25,128.96,138,9.04,0
e1-100,binary,100,bot_68,2945,b,2,24.29,25,63.3,95,31.7,0
e1-100,binary,100,bot_68,2945,b,4,28.09,25,72.91,92,19.09,0
e1-100,binary,100,bot_68,2945,b,6,21.65,25,87.94,109,21.06,0
e1-100,binary,100,bot_68,2945,b,8,17.36,25,117.51,140,22.49,0
e1-100,binary,100,bot_68,2945,b,10,52.71,25,91.72,103,11.28,0
e1-100,binary,100,bot_68,2945,b,12,46.71,25,108.33,139,30.67,0
e1-100,binary,100,bot_68,2945,b,14,28.34,25,94.03,139,44.97,0
e1-100,binary,100,bot_68,2945,b,16,29.17,25,104.72,124,19.28,0
e1-100,binary,100,bot_68,2945,b,18,30.44,25,140.47,159,18.53,0
e1-100,binary,100,bot_68,2945,b,20,17.17,25,127.86,148,20.14,0
e1-100,binary,100,bot_68,2945,b,22,18.46,25,155.75,166,10.25,0
e1-100,binary,100,bot_68,2945,b,24,14.11,25,158.57,163,4.43,0
e1-100,binary,100,bot_68,2945,b,26,90.39,25,91.85,185,93.15,0
e1-100,binary,100,bot_68,2945,b,28,110.99,25,108.49,191,82.51,0
e1-100,binary,100,bot_68,2945,b,30,95.76,25,96.61,183,86.39,0
e1-100,binary,100,bot_68,2945,b,32,65.5,25,93.93,169,75.07,0
e1-100,binary,100,bot_68,2945,b,34,84.54,25,105.13,184,78.87,0
e1-100,binary,100,bot_68,2945,b,36,78.3,25,144.69,226,81.31,0
e1-100,binary,100,bot_68,2945,b,38,70.34,25,148.89,222,73.11,0
e1-100,binary,100,bot_68,2945,b,40,76.67,25,173.58,252,78.42,0
e1-100,binary,100,bot_68,2945,b,42,66.03,25,156.71,215,58.29,0
e1-100,binary,100,bot_68,2945,b,44,57.4,25,175.18,231,55.82,0
e1-100,binary,100,bot_68,2945,b,46,19.36,25,170.43,204,33.57,0
e1-100,binary,100,bot_68,2945,b,48,106.27,25,164.15,247,82.85,0
e1-100,binary,100,bot_68,2945,b,50,61.13,25,156.33,222,65.67,0
e1-100,binary,100,bot_68,2945,b,52,60.2,25,171.63,229,57.37,0
e1-100,binary,100,bot_68,2945,b,54,58.78,25,175.34,225,49.66,0
e1-100,binary,100,bot_68,2945,b,56,55.32,25,167.4,199,31.6,0
e1-100,binary,100,bot_68,2945,b,58,28.65,25,150.59,177,26.41,0
e1-100,binary,100,bot_68,2945,b,60,39.26,25,178.86,192,13.14,0
e1-100,binary,100,bot_69,2946,w,1,28.17,25,59.76,90,30.24,0
e1-100,binary,100,bot_69,2946,w,3,33.33,25,67.66,80,12.34,0
e1-100,binary,100,bot_69,2946,w,5,27.73,25,82.88,98,15.13,0
e1-100,binary,100,bot_69,2946,w,7,24.98,25,110.25,128,17.75,0
e1-100,binary,100,bot_69,2946,w,9,11.67,25,86.82,93,6.18,0
e1-100,binary,100,bot_69,2946,w,11,47.81,25,147.98,143,-4.98,0
e1-100,binary,100,bot_69,2946,w,13,31.13,25,90.19,133,42.81,0
e1-100,binary,100,bot_69,2946,w,15,34.21,25,99.22,113,13.78,0
e1-100,binary,100,bot_69,2946,w,17,34.22,25,136.61,151,14.39,0
e1-100,binary,100,bot_69,2946,w,19,20.34,25,125.06,142,16.94,0
e1-100,binary,100,bot_69,2946,w,21,22.27,25,151.93,157,5.07,0
e1-100,binary,100,bot_69,2946,w,23,18.36,25,154.28,155,0.72,0
e1-100,binary,100,bot_69,2946,w,25,12.39,25,169.49,166,-3.49,0
e1-100,binary,100,bot_69,2946,w,27,123.35,25,96.47,182,85.53,0
e1-100,binary,100,bot_69,2946,w,29,103.37,25,88.34,177,88.66,0
e1-100,binary,100,bot_69,2946,w,31,74.02,25,86.07,166,79.93,0
e1-100,binary,100,bot_69,2946,w,33,92.24,25,98.02,181,82.98,0
e1-100,binary,100,bot_69,2946,w,35,90.56,25,132.55,221,88.45,0
e1-100,binary,100,bot_69,2946,w,37,81.4,25,137.16,219,81.84,0
e1-100,binary,100,bot_69,2946,w,39,91.16,25,158.22,244,85.78,0
e1-100,binary,100,bot_69,2946,w,41,81.48,25,141.37,203,61.63,0
e1-100,binary,100,bot_69,2946,w,43,68.5,25,164.19,223,58.81,0
e1-100,binary,100,bot_69,2946,w,45,37.8,25,150.89,187,36.11,0
e1-100,binary,100,bot_69,2946,w,47,30.79,25,204.69,212,7.31,0
e1-100,binary,100,bot_69,2946,w,49,21.82,25,210.42,211,0.58,0
e1-100,binary,100,bot_69,2946,w,51,89.11,25,223.47,225,1.53,0
e1-100,binary,100,bot_69,2946,w,53,81.06,25,153.61,212,58.39,0
e1-100,binary,100,bot_69,2946,w,55,79.45,25,142.18,185,42.82,0
e1-100,binary,100,bot_69,2946,w,57,42.49,25,137.63,176,38.37,0
e1-100,binary,100,bot_69,2946,w,59,56.43,25,161.63,187,25.37,0
e1-100,binary,100,bot_70,2946,b,2,30.39,25,81.2,96,14.8,0
e1-100,binary,100,bot_70,2946,b,4,33.08,25,78.94,100,21.06,0
e1-100,binary,100,bot_70,2946,b,6,36.25,25,78.7,92,13.3,0
e1-100,binary,100,bot_70,2946,b,8,24.63,25,94.52,105,10.48,0
e1-100,binary,100,bot_70,2946,b,10,13.21,25,86.12,83,-3.12,0
e1-100,binary,100,bot_70,2946,b,12,62.49,25,113.32,148,34.68,0
e1-100,binary,100,bot_70,2946,b,14,32.75,25,76.07,94,17.93,0
e1-100,binary,100,bot_70,2946,b,16,32.71,25,121.52,143,21.48,0
e1-100,binary,100,bot_70,2946,b,18,34.75,25,114.11,134,19.89,0
e1-100,binary,100,bot_70,2946,b,20,22.67,25,130.12,136,5.88,0
e1-100,binary,100,bot_70,2946,b,22,18.28,25,147.53,156,8.47,0
e1-100,binary,100,bot_70,2946,b,24,15.37,25,167.58,172,4.42,0
e1-100,binary,100,bot_70,2946,b,26,104.23,25,172.94,172,-0.94,0
e1-100,binary,100,bot_70,2946,b,28,107.27,25,112.88,223,110.13,0
e1-100,binary,100,bot_70,2946,b,30,98.1,25,112.54,200,87.46,0
e1-100,binary,100,bot_70,2946,b,32,101.09,25,100.19,159,58.81,0
e1-100,binary,100,bot_70,2946,b,34,106.98,25,130.63,206,75.37,0
e1-100,binary,100,bot_70,2946,b,36,99.48,25,116.4,191,74.6,0
e1-100,binary,100,bot_70,2946,b,38,104.18,25,152.96,218,65.04,0
e1-100,binary,100,bot_70,2946,b,40,79.62,25,164.76,241,76.24,0
e1-100,binary,100,bot_70,2946,b,42,78.76,25,157.76,223,65.24,0
e1-100,binary,100,bot_70,2946,b,44,54.26,25,162.69,216,53.31,0
e1-100,binary,100,bot_70,2946,b,46,25.01,25,229.96,253,23.04,0
e1-100,binary,100,bot_70,2946,b,48,19.04,25,249.02,265,15.98,0
e1-100,binary,100,bot_70,2946,b,50,100.66,25,190.92,196,5.08,0
e1-100,binary,100,bot_70,2946,b,52,78.16,25,142.05,214,71.95,0
e1-100,binary,100,bot_70,2946,b,54,62.65,25,137.37,199,61.63,0
e1-100,binary,100,bot_70,2946,b,56,59.27,25,148.45,209,60.55,0
e1-100,binary,100,bot_70,2946,b,58,44.38,25,111.93,137,25.07,0
e1-100,binary,100,bot_70,2946,b,60,35.69,25,153.23,191,37.77,0
e1-100,binary,100,bot_71,2947,w,1,14.36,25,87.03,81,-6.03,0
e1-100,binary,100,bot_71,2947,w,3,57.29,25,103.39,92,-11.39,0
e1-100,binary,100,bot_71,2947,w,5,59.42,25,80.38,98,17.63,0
e1-100,binary,100,bot_71,2947,w,7,27.74,25,75.53,96,20.47,0
e1-100,binary,100,bot_71,2947,w,9,13.91,25,82.73,92,9.27,0
e1-100,binary,100,bot_71,2947,w,11,8.52,25,164.77,160,-4.77,0
e1-100,binary,100,bot_71,2947,w,13,54.27,25,66.52,99,32.48,0
e1-100,binary,100,bot_71,2947,w,15,64.64,25,99.03,141,41.97,0
e1-100,binary,100,bot_71,2947,w,17,56.19,25,96.27,130,33.73,0
e1-100,binary,100,bot_71,2947,w,19,59.56,25,103.31,145,41.69,0
e1-100,binary,100,bot_71,2947,w,21,48.65,25,120.46,145,24.54,0
e1-100,binary,100,bot_71,2947,w,23,44.93,25,131.8,160,28.2,0
e1-100,binary,100,bot_71,2947,w,25,42.32,25,143.63,163,19.37,0
e1-100,binary,100,bot_71,2947,w,27,35.94,25,179.79,210,30.21,0
e1-100,binary,100,bot_71,2947,w,29,25.46,25,179.6,203,23.4,0
e1-100,binary,100,bot_71,2947,w,31,27.04,25,177.96,176,-1.96,0
e1-100,binary,100,bot_71,2947,w,33,23.98,25,218.01,216,-2.01,0
e1-100,binary,100,bot_71,2947,w,35,81.73,25,194.91,194,-0.91,0
e1-100,binary,100,bot_71,2947,w,37,57.47,25,200.91,228,27.09,0
e1-100,binary,100,bot_71,2947,w,39,41.98,25,188.36,218,29.64,0
e1-100,binary,100,bot_71,2947,w,41,45.64,25,212.88,221,8.13,0
e1-100,binary,100,bot_71,2947,w,43,22.94,25,185.31,197,11.69,0
e1-100,binary,100,bot_71,2947,w,45,22.21,25,216.02,231,14.98,0
e1-100,binary,100,bot_71,2947,w,47,28.69,25,210.71,226,15.29,0
e1-100,binary,100,bot_71,2947,w,49,18.39,25,198.03,198,-0.03,0
e1-100,binary,100,bot_71,2947,w,51,44.54,25,174.34,169,-5.34,0
e1-100,binary,100,bot_71,2947,w,53,33.7,25,165.68,186,20.32,0
e1-100,binary,100,bot_71,2947,w,55,31.98,25,175.24,192,16.76,0
e1-100,binary,100,bot_71,2947,w,57,20.96,25,136.34,134,-2.34,0
e1-100,binary,100,bot_71,2947,w,59,12.37,25,174.65,181,6.35,0
e1-100,binary,100,bot_72,2947,b,2,10.33,25,89.86,85,-4.86,0
e1-100,binary,100,bot_72,2947,b,4,40.37,25,62.71,99,36.29,0
e1-100,binary,100,bot_72,2947,b,6,42.9,25,78.37,118,39.63,0
e1-100,binary,100,bot_72,2947,b,8,31.2,25,75.36,82,6.64,0
e1-100,binary,100,bot_72,2947,b,10,16.61,25,138.86,132,-6.86,0
e1-100,binary,100,bot_72,2947,b,12,54.85,25,113.42,102,-11.42,0
e1-100,binary,100,bot_72,2947,b,14,64.29,25,80.97,114,33.03,0
e1-100,binary,100,bot_72,2947,b,16,57,25,108.54,153,44.46,0
e1-100,binary,100,bot_72,2947,b,18,62.8,25,85.34,121,35.66,0
e1-100,binary,100,bot_72,2947,b,20,48.02,25,120.17,159,38.83,0
e1-100,binary,100,bot_72,2947,b,22,50.16,25,136.62,165,28.38,0
e1-100,binary,100,bot_72,2947,b,24,39.57,25,143.93,169,25.07,0
e1-100,binary,100,bot_72,2947,b,26,52.11,25,167.97,188,20.03,0
e1-100,binary,100,bot_72,2947,b,28,47.95,25,154.94,170,15.06,0
e1-100,binary,100,bot_72,2947,b,30,21.83,25,134.15,137,2.85,0
e1-100,binary,100,bot_72,2947,b,32,21.73,25,165.12,168,2.88,0
e1-100,binary,100,bot_72,2947,b,34,23.54,25,198.55,200,1.45,0
e1-100,binary,100,bot_72,2947,b,36,51.08,25,164.59,223,58.41,0
e1-100,binary,100,bot_72,2947,b,38,54.21,25,205.17,239,33.83,0
e1-100,binary,100,bot_72,2947,b,40,32.88,25,179.11,200,20.89,0
e1-100,binary,100,bot_72,2947,b,42,35.68,25,177.3,201,23.7,0
e1-100,binary,100,bot_72,2947,b,44,38.89,25,203.98,204,0.02,0
e1-100,binary,100,bot_72,2947,b,46,39.88,25,234,233,-1,0
e1-100,binary,100,bot_72,2947,b,48,24.79,25,194.32,201,6.68,0
e1-100,binary,100,bot_72,2947,b,50,19.36,25,212.17,208,-4.17,0
e1-100,binary,100,bot_72,2947,b,52,45.35,25,186.67,206,19.33,0
e1-100,binary,100,bot_72,2947,b,54,41.6,25,181.16,191,9.84,0
e1-100,binary,100,bot_72,2947,b,56,22.01,25,156.69,164,7.31,0
e1-100,binary,100,bot_72,2947,b,58,31.92,25,186.42,183,-3.42,0
e1-100,binary,100,bot_72,2947,b,60,116.71,25,158.85,147,-11.85,0
e1-100,binary,100,bot_73,2948,w,1,39.14,25,61.63,95,33.37,0
e1-100,binary,100,bot_73,2948,w,3,34.48,25,76.26,107,30.74,0
e1-100,binary,100,bot_73,2948,w,5,32.01,25,103.94,136,32.06,0
e1-100,binary,100,bot_73,2948,w,7,18,25,80.33,102,21.67,0
e1-100,binary,100,bot_73,2948,w,9,56.32,25,139.24,149,9.76,0
e1-100,binary,100,bot_73,2948,w,11,40.52,25,81.15,145,63.85,0
e1-100,binary,100,bot_73,2948,w,13,45.55,25,87.75,117,29.25,0
e1-100,binary,100,bot_73,2948,w,15,43.87,25,127.01,162,34.99,0
e1-100,binary,100,bot_73,2948,w,17,24.29,25,121.7,157,35.3,0
e1-100,binary,100,bot_73,2948,w,19,29.19,25,144.82,163,18.18,0
e1-100,binary,100,bot_73,2948,w,21,24.8,25,147.75,166,18.25,0
e1-100,binary,100,bot_73,2948,w,23,25.27,25,156.35,172,15.65,0
e1-100,binary,100,bot_73,2948,w,25,16.69,25,170.53,181,10.47,0
e1-100,binary,100,bot_73,2948,w,27,121.11,25,186.49,192,5.51,0
e1-100,binary,100,bot_73,2948,w,29,87.55,25,73.15,171,97.85,0
e1-100,binary,100,bot_73,2948,w,31,103.77,25,86.5,191,104.5,0
e1-100,binary,100,bot_73,2948,w,33,106.26,25,116.73,228,111.27,0
e1-100,binary,100,bot_73,2948,w,35,98.76,25,119.86,216,96.14,0
e1-100,binary,100,bot_73,2948,w,37,109.24,25,140.51,247,106.49,0
e1-100,binary,100,bot_73,2948,w,39,89.71,25,133.13,215,81.87,0
e1-100,binary,100,bot_73,2948,w,41,78.7,25,153.39,235,81.61,0
e1-100,binary,100,bot_73,2948,w,43,51.75,25,136.13,188,51.87,0
e1-100,binary,100,bot_73,2948,w,45,45.91,25,189.44,212,22.56,0
e1-100,binary,100,bot_73,2948,w,47,35.13,25,198.24,218,19.76,0
e1-100,binary,100,bot_73,2948,w,49,33.46,25,207.09,224,16.91,0
e1-100,binary,100,bot_73,2948,w,51,19.22,25,206.73,212,5.27,0
e1-100,binary,100,bot_73,2948,w,53,90.67,25,130.55,207,76.45,0
e1-100,binary,100,bot_73,2948,w,55,49.61,25,130.97,187,56.03,0
e1-100,binary,100,bot_73,2948,w,57,75.63,25,142.02,182,39.98,0
e1-100,binary,100,bot_73,2948,w,59,44.54,25,122,152,30,0
e1-100,binary,100,bot_74,2948,b,2,38.92,25,73.08,88,14.92,0
e1-100,binary,100,bot_74,2948,b,4,40.5,25,73.81,83,9.19,0
e1-100,binary,100,bot_74,2948,b,6,30.6,25,88.52,96,7.48,0
e1-100,binary,100,bot_74,2948,b,8,18.32,25,80.8,73,-7.8,0
e1-100,binary,100,bot_74,2948,b,10,72.16,25,103.62,134,30.38,0
e1-100,binary,100,bot_74,2948,b,12,38.13,25,71.01,86,14.99,0
e1-100,binary,100,bot_74,2948,b,14,42.82,25,111.59,132,20.41,0
e1-100,binary,100,bot_74,2948,b,16,44.82,25,104.01,123,18.99,0
e1-100,binary,100,bot_74,2948,b,18,27.24,25,125.17,124,-1.17,0
e1-100,binary,100,bot_74,2948,b,20,26.81,25,139.16,142,2.84,0
e1-100,binary,100,bot_74,2948,b,22,23.32,25,159.75,158,-1.75,0
e1-100,binary,100,bot_74,2948,b,24,18.39,25,162.21,161,-1.21,0
e1-100,binary,100,bot_74,2948,b,26,13.86,25,218.08,209,-9.08,0
e1-100,binary,100,bot_74,2948,b,28,108.29,25,103.26,201,97.74,0
e1-100,binary,100,bot_74,2948,b,30,115.39,25,85.49,150,64.51,0
e1-100,binary,100,bot_74,2948,b,32,121.94,25,115.49,195,79.51,0
e1-100,binary,100,bot_74,2948,b,34,106.07,25,109.94,192,82.06,0
e1-100,binary,100,bot_74,2948,b,36,117.3,25,139.62,214,74.38,0
e1-100,binary,100,bot_74,2948,b,38,93.61,25,151.7,237,85.3,0
e1-100,binary,100,bot_74,2948,b,40,93.03,25,142.07,208,65.93,0
e1-100,binary,100,bot_74,2948,b,42,62.49,25,155.61,211,55.39,0
e1-100,binary,100,bot_74,2948,b,44,32.8,25,222.37,250,27.63,0
e1-100,binary,100,bot_74,2948,b,46,30.52,25,237.47,259,21.53,0
e1-100,binary,100,bot_74,2948,b,48,26.5,25,182.51,194,11.49,0
e1-100,binary,100,bot_74,2948,b,50,21.37,25,190.76,198,7.24,0
e1-100,binary,100,bot_74,2948,b,52,91.7,25,197.51,191,-6.51,0
e1-100,binary,100,bot_74,2948,b,54,72.69,25,135.06,200,64.94,0
e1-100,binary,100,bot_74,2948,b,56,55.29,25,100.65,125,24.35,0
e1-100,binary,100,bot_74,2948,b,58,44.62,25,145.45,195,49.55,0
e1-100,binary,100,bot_74,2948,b,60,36.08,25,158.45,177,18.55,0
e1-100,binary,100,bot_75,2949,w,1,19.27,25,82.16,99,16.84,0
e1-100,binary,100,bot_75,2949,w,3,14.99,25,88.35,97,8.65,0
e1-100,binary,100,bot_75,2949,w,5,12.21,25,110.29,120,9.71,0
e1-100,binary,100,bot_75,2949,w,7,48.05,25,93.53,99,5.47,0
e1-100,binary,100,bot_75,2949,w,9,33.97,25,117.75,158,40.25,0
e1-100,binary,100,bot_75,2949,w,11,18.87,25,94.59,115,20.41,0
e1-100,binary,100,bot_75,2949,w,13,24.77,25,122.99,143,20.01,0
e1-100,binary,100,bot_75,2949,w,15,17.91,25,145,160,15,0
e1-100,binary,100,bot_75,2949,w,17,16.93,25,131.49,142,10.51,0
e1-100,binary,100,bot_75,2949,w,19,56.04,25,110.95,183,72.05,0
e1-100,binary,100,bot_75,2949,w,21,58.67,25,124.74,179,54.26,0
e1-100,binary,100,bot_75,2949,w,23,55.15,25,126.98,181,54.02,0
e1-100,binary,100,bot_75,2949,w,25,54.15,25,177.45,223,45.55,0
e1-100,binary,100,bot_75,2949,w,27,39,25,172.76,203,30.24,0
e1-100,binary,100,bot_75,2949,w,29,30.28,25,127.23,143,15.77,0
e1-100,binary,100,bot_75,2949,w,31,28.96,25,171.58,191,19.42,0
e1-100,binary,100,bot_75,2949,w,33,19.67,25,191.3,206,14.7,0
e1-100,binary,100,bot_75,2949,w,35,13.52,25,201.93,212,10.07,0
e1-100,binary,100,bot_75,2949,w,37,159.1,25,250.87,250,-0.87,0
e1-100,binary,100,bot_75,2949,w,39,160.32,25,71.1,200,128.9,0
e1-100,binary,100,bot_75,2949,w,41,133.22,25,85.5,203,117.5,0
e1-100,binary,100,bot_75,2949,w,43,111.79,25,143.54,233,89.46,0
e1-100,binary,100,bot_75,2949,w,45,102.14,25,167.89,263,95.11,0
e1-100,binary,100,bot_75,2949,w,47,72.76,25,134.53,220,85.47,0
e1-100,binary,100,bot_75,2949,w,49,86.85,25,130.02,205,74.98,0
e1-100,binary,100,bot_75,2949,w,51,42.4,25,172.41,209,36.59,0
e1-100,binary,100,bot_75,2949,w,53,41.47,25,179.4,211,31.6,0
e1-100,binary,100,bot_75,2949,w,55,20.94,25,130.58,142,11.42,0
e1-100,binary,100,bot_75,2949,w,57,30.17,25,196,204,8,0
e1-100,binary,100,bot_75,2949,w,59,21.68,25,187.07,186,-1.07,0
e1-100,binary,100,bot_76,2949,b,2,14.97,25,101.12,112,10.88,0
e1-100,binary,100,bot_76,2949,b,4,14.62,25,125.32,132,6.68,0
e1-100,binary,100,bot_76,2949,b,6,11.04,25,93.35,97,3.65,0
e1-100,binary,100,bot_76,2949,b,8,46.4,25,91.72,129,37.28,0
e1-100,binary,100,bot_76,2949,b,10,27.24,25,126.24,149,22.76,0
e1-100,binary,100,bot_76,2949,b,12,25.63,25,93.84,103,9.16,0
e1-100,binary,100,bot_76,2949,b,14,20.78,25,142.72,157,14.28,0
e1-100,binary,100,bot_76,2949,b,16,16.7,25,139.12,147,7.88,0
e1-100,binary,100,bot_76,2949,b,18,78.89,25,147.84,155,7.16,0
e1-100,binary,100,bot_76,2949,b,20,60.41,25,112.08,157,44.92,0
e1-100,binary,100,bot_76,2949,b,22,60.46,25,121.51,171,49.49,0
e1-100,binary,100,bot_76,2949,b,24,50.96,25,134.52,179,44.48,0
e1-100,binary,100,bot_76,2949,b,26,42.08,25,153.98,199,45.02,0
e1-100,binary,100,bot_76,2949,b,28,27.62,25,154.99,180,25.01,0
e1-100,binary,100,bot_76,2949,b,30,29.04,25,180.9,196,15.1,0
e1-100,binary,100,bot_76,2949,b,32,25.36,25,213.78,228,14.22,0
e1-100,binary,100,bot_76,2949,b,34,20.96,25,203.79,208,4.21,0
e1-100,binary,100,bot_76,2949,b,36,10.65,25,247.05,246,-1.05,0
e1-100,binary,100,bot_76,2949,b,38,141.2,25,81.68,226,144.32,0
e1-100,binary,100,bot_76,2949,b,40,128.85,25,107.11,253,145.89,0
e1-100,binary,100,bot_76,2949,b,42,99.75,25,85.91,205,119.09,0
e1-100,binary,100,bot_76,2949,b,44,105.23,25,129.65,226,96.35,0
e1-100,binary,100,bot_76,2949,b,46,96.85,25,136.34,224,87.66,0
e1-100,binary,100,bot_76,2949,b,48,90.38,25,150.18,209,58.82,0
e1-100,binary,100,bot_76,2949,b,50,52.87,25,170.36,238,67.64,0
e1-100,binary,100,bot_76,2949,b,52,47.27,25,158.68,182,23.32,0
e1-100,binary,100,bot_76,2949,b,54,27.54,25,172.38,194,21.62,0
e1-100,binary,100,bot_76,2949,b,56,24.62,25,156.42,159,2.58,0
e1-100,binary,100,bot_76,2949,b,58,14.87,25,136.9,148,11.1,0
e1-100,binary,100,bot_76,2949,b,60,17.32,25,163.88,167,3.12,0
e1-100,binary,100,bot_77,2950,w,1,39.55,25,63.57,100,36.43,0
e1-100,binary,100,bot_77,2950,w,3,41.56,25,79.72,115,35.28,0
e1-100,binary,100,bot_77,2950,w,5,29.74,25,76.75,83,6.25,0
e1-100,binary,100,bot_77,2950,w,7,14.46,25,140.98,133,-7.98,0
e1-100,binary,100,bot_77,2950,w,9,45.55,25,69.99,111,41.01,0
e1-100,binary,100,bot_77,2950,w,11,61.34,25,84.02,116,31.98,0
e1-100,binary,100,bot_77,2950,w,13,53.82,25,111.78,151,39.22,0
e1-100,binary,100,bot_77,2950,w,15,61.35,25,86.21,118,31.79,0
e1-100,binary,100,bot_77,2950,w,17,44.59,25,123.3,156,32.7,0
e1-100,binary,100,bot_77,2950,w,19,44.77,25,141.77,165,23.23,0
e1-100,binary,100,bot_77,2950,w,21,35.59,25,148.18,167,18.82,0
e1-100,binary,100,bot_77,2950,w,23,44.86,25,175.4,193,17.6,0
e1-100,binary,100,bot_77,2950,w,25,41.82,25,161.26,172,10.74,0
e1-100,binary,100,bot_77,2950,w,27,19.1,25,136.88,138,1.12,0
e1-100,binary,100,bot_77,2950,w,29,18.75,25,168.15,169,0.85,0
e1-100,binary,100,bot_77,2950,w,31,72.18,25,201.58,200,-1.58,0
e1-100,binary,100,bot_77,2950,w,33,47.8,25,167.49,203,35.51,0
e1-100,binary,100,bot_77,2950,w,35,50.93,25,208.5,240,31.5,0
e1-100,binary,100,bot_77,2950,w,37,30.82,25,181.08,197,15.92,0
e1-100,binary,100,bot_77,2950,w,39,32.8,25,180.18,202,21.82,0
e1-100,binary,100,bot_77,2950,w,41,36.89,25,206.05,203,-3.05,0
e1-100,binary,100,bot_77,2950,w,43,35.48,25,238.5,235,-3.5,0
e1-100,binary,100,bot_77,2950,w,45,21.78,25,197.32,200,2.68,0
e1-100,binary,100,bot_77,2950,w,47,16.11,25,215.59,206,-9.59,0
e1-100,binary,100,bot_77,2950,w,49,40.83,25,191.14,208,16.86,0
e1-100,binary,100,bot_77,2950,w,51,38.23,25,184.57,191,6.43,0
e1-100,binary,100,bot_77,2950,w,53,20.04,25,158.6,162,3.4,0
e1-100,binary,100,bot_77,2950,w,55,28.21,25,190.13,182,-8.13,0
e1-100,binary,100,bot_77,2950,w,57,104.66,25,99.87,155,55.13,0
e1-100,binary,100,bot_77,2950,w,59,99.5,25,124.15,193,68.85,0
e1-100,binary,100,bot_78,2950,b,2,57.5,25,82.25,95,12.75,0
e1-100,binary,100,bot_78,2950,b,4,27.1,25,76.08,91,14.92,0
e1-100,binary,100,bot_78,2950,b,6,12.81,25,84.15,87,2.85,0
e1-100,binary,100,bot_78,2950,b,8,61.7,25,164.86,153,-11.86,0
e1-100,binary,100,bot_78,2950,b,10,52.31,25,67.68,86,18.32,0
e1-100,binary,100,bot_78,2950,b,12,61.07,25,102.78,138,35.22,0
e1-100,binary,100,bot_78,2950,b,14,53.12,25,99.62,127,27.38,0
e1-100,binary,100,bot_78,2950,b,16,53.85,25,109.47,139,29.53,0
e1-100,binary,100,bot_78,2950,b,18,45.19,25,124.35,142,17.65,0
e1-100,binary,100,bot_78,2950,b,20,40.33,25,136.38,154,17.62,0
e1-100,binary,100,bot_78,2950,b,22,39.14,25,146.84,157,10.16,0
e1-100,binary,100,bot_78,2950,b,24,32.57,25,182.54,201,18.46,0
e1-100,binary,100,bot_78,2950,b,26,24.24,25,180.31,194,13.69,0
e1-100,binary,100,bot_78,2950,b,28,25.38,25,179.95,172,-7.95,0
e1-100,binary,100,bot_78,2950,b,30,22.02,25,219.8,211,-8.8,0
e1-100,binary,100,bot_78,2950,b,32,58.77,25,166.65,211,44.35,0
e1-100,binary,100,bot_78,2950,b,34,54.8,25,203.24,223,19.76,0
e1-100,binary,100,bot_78,2950,b,36,39.27,25,190.94,215,24.06,0
e1-100,binary,100,bot_78,2950,b,38,44.25,25,214.54,217,2.46,0
e1-100,binary,100,bot_78,2950,b,40,20.31,25,187.67,192,4.33,0
e1-100,binary,100,bot_78,2950,b,42,19.61,25,218.33,228,9.67,0
e1-100,binary,100,bot_78,2950,b,44,25.42,25,213.82,221,7.18,0
e1-100,binary,100,bot_78,2950,b,46,14.63,25,201.57,196,-5.57,0
e1-100,binary,100,bot_78,2950,b,48,41.47,25,177.27,166,-11.27,0
e1-100,binary,100,bot_78,2950,b,50,30.98,25,168.48,180,11.52,0
e1-100,binary,100,bot_78,2950,b,52,28.68,25,178.59,188,9.41,0
e1-100,binary,100,bot_78,2950,b,54,17.18,25,140.31,132,-8.31,0
e1-100,binary,100,bot_78,2950,b,56,80.06,25,178.27,176,-2.27,0
e1-100,binary,100,bot_78,2950,b,58,93.57,25,87.83,164,76.17,0
e1-100,binary,100,bot_78,2950,b,60,91.83,25,104.32,175,70.68,0
e1-100,binary,100,bot_79,2951,w,1,49.73,25,89.52,125,35.48,0
e1-100,binary,100,bot_79,2951,w,3,37.93,25,59.35,75,15.65,0
e1-100,binary,100,bot_79,2951,w,5,26.54,25,110.38,112,1.62,0
e1-100,binary,100,bot_79,2951,w,7,18.74,25,133.67,128,-5.67,0
e1-100,binary,100,bot_79,2951,w,9,13.24,25,106.19,90,-16.19,0
e1-100,binary,100,bot_79,2951,w,11,64.03,25,106.71,156,49.29,0
e1-100,binary,100,bot_79,2951,w,13,36.2,25,112.02,141,28.98,0
e1-100,binary,100,bot_79,2951,w,15,47.56,25,126.38,145,18.62,0
e1-100,binary,100,bot_79,2951,w,17,41.45,25,131.19,146,14.81,0
e1-100,binary,100,bot_79,2951,w,19,42.86,25,138.78,154,15.22,0
e1-100,binary,100,bot_79,2951,w,21,31.62,25,154.75,158,3.25,0
e1-100,binary,100,bot_79,2951,w,23,22.2,25,173.7,176,2.3,0
e1-100,binary,100,bot_79,2951,w,25,13.26,25,168.4,161,-7.4,0
e1-100,binary,100,bot_79,2951,w,27,12.76,25,197.11,186,-11.11,0
e1-100,binary,100,bot_79,2951,w,29,139.2,25,230.6,215,-15.6,0
e1-100,binary,100,bot_79,2951,w,31,119.21,25,99.96,199,99.04,0
e1-100,binary,100,bot_79,2951,w,33,138.67,25,111.12,236,124.88,0
e1-100,binary,100,bot_79,2951,w,35,113.97,25,108.76,202,93.24,0
e1-100,binary,100,bot_79,2951,w,37,104.39,25,129.99,230,100.01,0
e1-100,binary,100,bot_79,2951,w,39,79.87,25,106.8,179,72.2,0
e1-100,binary,100,bot_79,2951,w,41,77.18,25,159.13,205,45.88,0
e1-100,binary,100,bot_79,2951,w,43,74.07,25,160.09,199,38.91,0
e1-100,binary,100,bot_79,2951,w,45,66.36,25,173.31,190,16.69,0
e1-100,binary,100,bot_79,2951,w,47,46.28,25,177.16,202,24.84,0
e1-100,binary,100,bot_79,2951,w,49,39.91,25,165.61,171,5.39,0
e1-100,binary,100,bot_79,2951,w,51,22.65,25,176.8,180,3.2,0
e1-100,binary,100,bot_79,2951,w,53,19.43,25,161.77,149,-12.77,0
e1-100,binary,100,bot_79,2951,w,55,11.08,25,140.08,132,-8.08,0
e1-100,binary,100,bot_79,2951,w,57,87.3,25,119.74,170,50.26,0
e1-100,binary,100,bot_79,2951,w,59,75.83,25,126.45,168,41.55,0
e1-100,binary,100,bot_80,2951,b,2,44.24,25,75.35,101,25.65,0
e1-100,binary,100,bot_80,2951,b,4,29.58,25,69.6,83,13.4,0
e1-100,binary,100,bot_80,2951,b,6,21.23,25,132.48,135,2.52,0
e1-100,binary,100,bot_80,2951,b,8,11.84,25,100.75,95,-5.75,0
e1-100,binary,100,bot_80,2951,b,10,77.98,25,136.23,125,-11.23,0
e1-100,binary,100,bot_80,2951,b,12,56.11,25,91.97,131,39.03,0
e1-100,binary,100,bot_80,2951,b,14,47.44,25,103.98,115,11.02,0
e1-100,binary,100,bot_80,2951,b,16,41.92,25,124.35,148,23.65,0
e1-100,binary,100,bot_80,2951,b,18,44.14,25,138.81,155,16.19,0
e1-100,binary,100,bot_80,2951,b,20,32.05,25,149.34,167,17.66,0
e1-100,binary,100,bot_80,2951,b,22,31.13,25,200.65,208,7.35,0
e1-100,binary,100,bot_80,2951,b,24,21.7,25,190.16,187,-3.16,0
e1-100,binary,100,bot_80,2951,b,26,16.76,25,142.06,129,-13.06,0
e1-100,binary,100,bot_80,2951,b,28,12.77,25,187.8,175,-12.8,0
e1-100,binary,100,bot_80,2951,b,30,126.85,25,89.79,202,112.21,0
e1-100,binary,100,bot_80,2951,b,32,152.02,25,104.55,198,93.45,0
e1-100,binary,100,bot_80,2951,b,34,120.81,25,126.31,238,111.69,0
e1-100,binary,100,bot_80,2951,b,36,128.38,25,104.39,192,87.61,0
e1-100,binary,100,bot_80,2951,b,38,100.41,25,118.02,197,78.98,0
e1-100,binary,100,bot_80,2951,b,40,73.2,25,180.87,234,53.13,0
e1-100,binary,100,bot_80,2951,b,42,66.19,25,202.57,254,51.43,0
e1-100,binary,100,bot_80,2951,b,44,43.82,25,164.59,213,48.41,0
e1-100,binary,100,bot_80,2951,b,46,54.49,25,159.46,200,40.54,0
e1-100,binary,100,bot_80,2951,b,48,33.72,25,180.91,200,19.09,0
e1-100,binary,100,bot_80,2951,b,50,32.62,25,188.83,202,13.17,0
e1-100,binary,100,bot_80,2951,b,52,15.46,25,136.22,133,-3.22,0
e1-100,binary,100,bot_80,2951,b,54,20.33,25,206.14,199,-7.14,0
e1-100,binary,100,bot_80,2951,b,56,79.41,25,194.5,178,-16.5,0
e1-100,binary,100,bot_80,2951,b,58,69.82,25,141.86,203,61.14,0
e1-100,binary,100,bot_80,2951,b,60,52.41,25,140.73,190,49.27,0
e1-100,binary,100,bot_81,2952,w,1,45.68,25,73.44,104,30.56,0
e1-100,binary,100,bot_81,2952,w,3,31.82,25,67.17,77,9.83,0
e1-100,binary,100,bot_81,2952,w,5,24.87,25,128.48,128,-0.48,0
e1-100,binary,100,bot_81,2952,w,7,13.74,25,99.2,90,-9.2,0
e1-100,binary,100,bot_81,2952,w,9,15.82,25,132.53,120,-12.53,0
e1-100,binary,100,bot_81,2952,w,11,57.25,25,92.32,144,51.68,0
e1-100,binary,100,bot_81,2952,w,13,49.25,25,101.87,115,13.13,0
e1-100,binary,100,bot_81,2952,w,15,45.33,25,121.1,143,21.9,0
e1-100,binary,100,bot_81,2952,w,17,48.69,25,134.43,153,18.57,0
e1-100,binary,100,bot_81,2952,w,19,38.21,25,143.38,163,19.62,0
e1-100,binary,100,bot_81,2952,w,21,38.98,25,192.76,200,7.24,0
e1-100,binary,100,bot_81,2952,w,23,25.45,25,186.42,186,-0.42,0
e1-100,binary,100,bot_81,2952,w,25,21.51,25,136.86,124,-12.86,0
e1-100,binary,100,bot_81,2952,w,27,19.51,25,181.02,169,-12.02,0
e1-100,binary,100,bot_81,2952,w,29,144,25,202.21,185,-17.21,0
e1-100,binary,100,bot_81,2952,w,31,162.75,25,93.58,189,95.42,0
e1-100,binary,100,bot_81,2952,w,33,130.75,25,116.88,233,116.12,0
e1-100,binary,100,bot_81,2952,w,35,139.28,25,92.88,184,91.12,0
e1-100,binary,100,bot_81,2952,w,37,112.78,25,105.47,187,81.53,0
e1-100,binary,100,bot_81,2952,w,39,88.2,25,166.19,224,57.81,0
e1-100,binary,100,bot_81,2952,w,41,78.45,25,190.76,246,55.24,0
e1-100,binary,100,bot_81,2952,w,43,53.79,25,153.62,202,48.38,0
e1-100,binary,100,bot_81,2952,w,45,65.41,25,149.36,190,40.64,0
e1-100,binary,100,bot_81,2952,w,47,35.92,25,178.58,196,17.42,0
e1-100,binary,100,bot_81,2952,w,49,35.62,25,185.61,198,12.39,0
e1-100,binary,100,bot_81,2952,w,51,16.68,25,134.93,129,-5.93,0
e1-100,binary,100,bot_81,2952,w,53,23.38,25,202.95,194,-8.95,0
e1-100,binary,100,bot_81,2952,w,55,17.42,25,191.78,173,-18.78,0
e1-100,binary,100,bot_81,2952,w,57,73.58,25,139.16,212,72.84,0
e1-100,binary,100,bot_81,2952,w,59,55.71,25,137.75,185,47.25,0
e1-100,binary,100,bot_82,2952,b,2,40.39,25,57.2,65,7.8,0
e1-100,binary,100,bot_82,2952,b,4,30.67,25,106.62,99,-7.62,0
e1-100,binary,100,bot_82,2952,b,6,21.38,25,131.1,117,-14.1,0
e1-100,binary,100,bot_82,2952,b,8,18.18,25,101.21,75,-26.21,0
e1-100,binary,100,bot_82,2952,b,10,84.44,25,151.1,129,-22.1,0
e1-100,binary,100,bot_82,2952,b,12,44.54,25,103.77,123,19.23,0
e1-100,binary,100,bot_82,2952,b,14,52.97,25,120.84,131,10.16,0
e1-100,binary,100,bot_82,2952,b,16,49.98,25,122.66,130,7.34,0
e1-100,binary,100,bot_82,2952,b,18,50.38,25,131.45,142,10.55,0
e1-100,binary,100,bot_82,2952,b,20,38.12,25,147.93,147,-0.93,0
e1-100,binary,100,bot_82,2952,b,22,31.19,25,164.71,165,0.29,0
e1-100,binary,100,bot_82,2952,b,24,18.52,25,163.33,152,-11.33,0
e1-100,binary,100,bot_82,2952,b,26,19.59,25,190.13,175,-15.13,0
e1-100,binary,100,bot_82,2952,b,28,13.14,25,226.21,209,-17.21,0
e1-100,binary,100,bot_82,2952,b,30,127.42,25,92.32,200,107.68,0
e1-100,binary,100,bot_82,2952,b,32,148.4,25,101.51,228,126.49,0
e1-100,binary,100,bot_82,2952,b,34,122.73,25,99.79,194,94.21,0
e1-100,binary,100,bot_82,2952,b,36,112.33,25,122.67,225,102.33,0
e1-100,binary,100,bot_82,2952,b,38,89.06,25,97.3,173,75.7,0
e1-100,binary,100,bot_82,2952,b,40,86.05,25,149.88,201,51.12,0
e1-100,binary,100,bot_82,2952,b,42,80.53,25,153.55,195,41.45,0
e1-100,binary,100,bot_82,2952,b,44,72.8,25,167.4,184,16.6,0
e1-100,binary,100,bot_82,2952,b,46,48.94,25,174.76,205,30.24,0
e1-100,binary,100,bot_82,2952,b,48,42.23,25,163.42,166,2.58,0
e1-100,binary,100,bot_82,2952,b,50,24.41,25,175.13,176,0.88,0
e1-100,binary,100,bot_82,2952,b,52,22.75,25,158.38,141,-17.38,0
e1-100,binary,100,bot_82,2952,b,54,12.52,25,138.72,128,-10.72,0
e1-100,binary,100,bot_82,2952,b,56,103.09,25,167.39,149,-18.39,0
e1-100,binary,100,bot_82,2952,b,58,79.02,25,123.08,162,38.92,0
e1-100,binary,100,bot_82,2952,b,60,77.03,25,101.94,122,20.06,0
e1-100,binary,100,bot_83,2953,w,1,43.79,25,53.79,83,29.21,0
e1-100,binary,100,bot_83,2953,w,3,35.23,25,102.4,106,3.6,0
e1-100,binary,100,bot_83,2953,w,5,24.62,25,127.85,126,-1.85,0
e1-100,binary,100,bot_83,2953,w,7,21.97,25,97.6,83,-14.6,0
e1-100,binary,100,bot_83,2953,w,9,16.38,25,147.18,136,-11.18,0
e1-100,binary,100,bot_83,2953,w,11,64.17,25,142.36,124,-18.36,0
e1-100,binary,100,bot_83,2953,w,13,58.55,25,115.25,137,21.75,0
e1-100,binary,100,bot_83,2953,w,15,56.16,25,116.42,137,20.58,0
e1-100,binary,100,bot_83,2953,w,17,57.22,25,124.79,147,22.21,0
e1-100,binary,100,bot_83,2953,w,19,44.43,25,141.28,155,13.72,0
e1-100,binary,100,bot_83,2953,w,21,37.31,25,158.75,175,16.25,0
e1-100,binary,100,bot_83,2953,w,23,22.67,25,159.67,161,1.33,0
e1-100,binary,100,bot_83,2953,w,25,24.8,25,185.13,182,-3.13,0
e1-100,binary,100,bot_83,2953,w,27,18.24,25,220.75,214,-6.75,0
e1-100,binary,100,bot_83,2953,w,29,12.47,25,212.4,198,-14.4,0
e1-100,binary,100,bot_83,2953,w,31,158.91,25,91.32,241,149.68,0
e1-100,binary,100,bot_83,2953,w,33,132.21,25,90.35,201,110.65,0
e1-100,binary,100,bot_83,2953,w,35,120.38,25,115.25,235,119.75,0
e1-100,binary,100,bot_83,2953,w,37,97.69,25,88.17,180,91.83,0
e1-100,binary,100,bot_83,2953,w,39,94.15,25,141.22,210,68.78,0
e1-100,binary,100,bot_83,2953,w,41,85.93,25,147.71,207,59.29,0
e1-100,binary,100,bot_83,2953,w,43,83.09,25,157.04,192,34.96,0
e1-100,binary,100,bot_83,2953,w,45,50.32,25,173.24,219,45.76,0
e1-100,binary,100,bot_83,2953,w,47,43.96,25,161.9,170,8.1,0
e1-100,binary,100,bot_83,2953,w,49,25.63,25,174.2,181,6.8,0
e1-100,binary,100,bot_83,2953,w,51,22.79,25,158.3,147,-11.3,0
e1-100,binary,100,bot_83,2953,w,53,13.27,25,138.4,136,-2.4,0
e1-100,binary,100,bot_83,2953,w,55,14.94,25,166.23,154,-12.23,0
e1-100,binary,100,bot_83,2953,w,57,82.72,25,120.56,180,59.44,0
e1-100,binary,100,bot_83,2953,w,59,81.8,25,96.94,130,33.06,0
e1-100,binary,100,bot_84,2953,b,2,35.02,25,64.17,78,13.83,0
e1-100,binary,100,bot_84,2953,b,4,29.23,25,123.88,130,6.12,0
e1-100,binary,100,bot_84,2953,b,6,16.45,25,96.69,91,-5.69,0
e1-100,binary,100,bot_84,2953,b,8,20.14,25,127.96,121,-6.96,0
e1-100,binary,100,bot_84,2953,b,10,13.09,25,149.49,136,-13.49,0
e1-100,binary,100,bot_84,2953,b,12,52.04,25,99.27,134,34.73,0
e1-100,binary,100,bot_84,2953,b,14,51.02,25,115.47,144,28.53,0
e1-100,binary,100,bot_84,2953,b,16,53.47,25,129.8,156,26.2,0
e1-100,binary,100,bot_84,2953,b,18,45.69,25,135.97,163,27.03,0
e1-100,binary,100,bot_84,2953,b,20,46.11,25,185.56,200,14.44,0
e1-100,binary,100,bot_84,2953,b,22,31.55,25,180.32,187,6.68,0
e1-100,binary,100,bot_84,2953,b,24,26.77,25,131.33,125,-6.33,0
e1-100,binary,100,bot_84,2953,b,26,23.69,25,176.81,172,-4.81,0
e1-100,binary,100,bot_84,2953,b,28,15.78,25,195.31,184,-11.31,0
e1-100,binary,100,bot_84,2953,b,30,179.07,25,206.42,188,-18.42,0
e1-100,binary,100,bot_84,2953,b,32,140.66,25,107.41,237,129.59,0
e1-100,binary,100,bot_84,2953,b,34,150.46,25,81.26,183,101.74,0
e1-100,binary,100,bot_84,2953,b,36,122.63,25,95.63,186,90.37,0
e1-100,binary,100,bot_84,2953,b,38,98.39,25,156.45,224,67.55,0
e1-100,binary,100,bot_84,2953,b,40,90.18,25,179.45,244,64.55,0
e1-100,binary,100,bot_84,2953,b,42,64.51,25,142.8,199,56.2,0
e1-100,binary,100,bot_84,2953,b,44,77.33,25,138.45,192,53.55,0
e1-100,binary,100,bot_84,2953,b,46,38.79,25,175.91,197,21.09,0
e1-100,binary,100,bot_84,2953,b,48,38.5,25,182.65,197,14.35,0
e1-100,binary,100,bot_84,2953,b,50,18.95,25,132.6,129,-3.6,0
e1-100,binary,100,bot_84,2953,b,52,27.63,25,198.63,191,-7.62,0
e1-100,binary,100,bot_84,2953,b,54,19.94,25,189.12,173,-16.12,0
e1-100,binary,100,bot_84,2953,b,56,90.51,25,210.17,195,-15.17,0
e1-100,binary,100,bot_84,2953,b,58,63.38,25,130.27,183,52.73,0
e1-100,binary,100,bot_84,2953,b,60,55.78,25,106.82,159,52.18,0
e1-100,binary,100,bot_85,2954,w,1,10.78,25,94.11,74,-20.11,0
e1-100,binary,100,bot_85,2954,w,3,36.16,25,115.55,136,20.45,0
e1-100,binary,100,bot_85,2954,w,5,20.38,25,93.23,91,-2.23,0
e1-100,binary,100,bot_85,2954,w,7,28.42,25,119.12,116,-3.12,0
e1-100,binary,100,bot_85,2954,w,9,21.76,25,141.28,133,-8.28,0
e1-100,binary,100,bot_85,2954,w,11,20.3,25,128.28,115,-13.28,0
e1-100,binary,100,bot_85,2954,w,13,76.94,25,153.25,139,-14.25,0
e1-100,binary,100,bot_85,2954,w,15,60.86,25,122.58,154,31.42,0
e1-100,binary,100,bot_85,2954,w,17,58.22,25,124.07,154,29.93,0
e1-100,binary,100,bot_85,2954,w,19,56.77,25,174.76,198,23.24,0
e1-100,binary,100,bot_85,2954,w,21,41.79,25,169.95,183,13.05,0
e1-100,binary,100,bot_85,2954,w,23,31.86,25,125.43,124,-1.43,0
e1-100,binary,100,bot_85,2954,w,25,31.78,25,168.72,170,1.28,0
e1-100,binary,100,bot_85,2954,w,27,21.81,25,189.03,186,-3.03,0
e1-100,binary,100,bot_85,2954,w,29,15.43,25,200.03,193,-7.03,0
e1-100,binary,100,bot_85,2954,w,31,10.8,25,248.73,230,-18.73,0
e1-100,binary,100,bot_85,2954,w,33,163.18,25,69.51,189,119.49,0
e1-100,binary,100,bot_85,2954,w,35,134.08,25,84.94,184,99.06,0
e1-100,binary,100,bot_85,2954,w,37,114.57,25,140.89,214,73.11,0
e1-100,binary,100,bot_85,2954,w,39,105.23,25,164.93,243,78.07,0
e1-100,binary,100,bot_85,2954,w,41,74.86,25,132.43,200,67.57,0
e1-100,binary,100,bot_85,2954,w,43,87.79,25,129.28,190,60.72,0
e1-100,binary,100,bot_85,2954,w,45,45.26,25,169.45,193,23.55,0
e1-100,binary,100,bot_85,2954,w,47,45.45,25,175.24,192,16.76,0
e1-100,binary,100,bot_85,2954,w,49,22.67,25,128.86,126,-2.86,0
e1-100,binary,100,bot_85,2954,w,51,32.61,25,193.66,189,-4.66,0
e1-100,binary,100,bot_85,2954,w,53,22.82,25,185.23,171,-14.23,0
e1-100,binary,100,bot_85,2954,w,55,16.97,25,206.53,195,-11.53,0
e1-100,binary,100,bot_85,2954,w,57,67.27,25,127.14,194,66.86,0
e1-100,binary,100,bot_85,2954,w,59,60.67,25,101.88,155,53.12,0
e1-100,binary,100,bot_86,2954,b,2,50.19,25,124.08,113,-11.08,0
e1-100,binary,100,bot_86,2954,b,4,28.84,25,124.56,137,12.44,0
e1-100,binary,100,bot_86,2954,b,6,27.12,25,92.35,90,-2.35,0
e1-100,binary,100,bot_86,2954,b,8,22.8,25,140.77,146,5.23,0
e1-100,binary,100,bot_86,2954,b,10,18.33,25,137.36,136,-1.36,0
e1-100,binary,100,bot_86,2954,b,12,17.06,25,145.75,143,-2.75,0
e1-100,binary,100,bot_86,2954,b,14,62.42,25,110.56,164,53.44,0
e1-100,binary,100,bot_86,2954,b,16,62.06,25,119.9,157,37.1,0
e1-100,binary,100,bot_86,2954,b,18,53.04,25,132.36,167,34.64,0
e1-100,binary,100,bot_86,2954,b,20,44.28,25,151.79,187,35.21,0
e1-100,binary,100,bot_86,2954,b,22,28.98,25,153.85,172,18.15,0
e1-100,binary,100,bot_86,2954,b,24,31.11,25,178.92,186,7.08,0
e1-100,binary,100,bot_86,2954,b,26,27.75,25,211.55,220,8.45,0
e1-100,binary,100,bot_86,2954,b,28,22.94,25,201.85,200,-1.85,0
e1-100,binary,100,bot_86,2954,b,30,12.89,25,244.85,237,-7.85,0
e1-100,binary,100,bot_86,2954,b,32,150.44,25,222.19,211,-11.19,0
e1-100,binary,100,bot_86,2954,b,34,130.28,25,105.38,245,139.62,0
e1-100,binary,100,bot_86,2954,b,36,102.37,25,83.21,193,109.79,0
e1-100,binary,100,bot_86,2954,b,38,107.53,25,127.2,218,90.8,0
e1-100,binary,100,bot_86,2954,b,40,97.89,25,135.23,217,81.77,0
e1-100,binary,100,bot_86,2954,b,42,92.17,25,148.39,199,50.61,0
e1-100,binary,100,bot_86,2954,b,44,54.87,25,168.21,231,62.79,0
e1-100,binary,100,bot_86,2954,b,46,47.93,25,158.32,178,19.68,0
e1-100,binary,100,bot_86,2954,b,48,29.39,25,170.75,190,19.25,0
e1-100,binary,100,bot_86,2954,b,50,27.15,25,153.7,151,-2.7,0
e1-100,binary,100,bot_86,2954,b,52,16.49,25,135.44,143,7.56,0
e1-100,binary,100,bot_86,2954,b,54,18.54,25,163.21,160,-3.21,0
e1-100,binary,100,bot_86,2954,b,56,97.68,25,182.42,173,-9.42,0
e1-100,binary,100,bot_86,2954,b,58,84.19,25,94.38,136,41.62,0
e1-100,binary,100,bot_86,2954,b,60,63.66,25,141.89,176,34.11,0
e1-100,binary,100,bot_87,2955,w,1,38.76,25,56.29,103,46.71,0
e1-100,binary,100,bot_87,2955,w,3,50.29,25,124.8,164,39.2,0
e1-100,binary,100,bot_87,2955,w,5,26.72,25,80.94,103,22.06,0
e1-100,binary,100,bot_87,2955,w,7,25.36,25,128.84,151,22.16,0
e1-100,binary,100,bot_87,2955,w,9,26.44,25,122.43,144,21.57,0
e1-100,binary,100,bot_87,2955,w,11,17.57,25,135.66,145,9.34,0
e1-100,binary,100,bot_87,2955,w,13,12.2,25,153.59,165,11.41,0
e1-100,binary,100,bot_87,2955,w,15,90.84,25,87.34,190,102.66,0
e1-100,binary,100,bot_87,2955,w,17,90.67,25,94.63,175,80.37,0
e1-100,binary,100,bot_87,2955,w,19,93.6,25,125.63,226,100.37,0
e1-100,binary,100,bot_87,2955,w,21,84.13,25,126.49,207,80.51,0
e1-100,binary,100,bot_87,2955,w,23,89.23,25,112.6,167,54.4,0
e1-100,binary,100,bot_87,2955,w,25,88.35,25,150.18,223,72.82,0
e1-100,binary,100,bot_87,2955,w,27,81.46,25,133.79,200,66.21,0
e1-100,binary,100,bot_87,2955,w,29,85.88,25,170.56,230,59.44,0
e1-100,binary,100,bot_87,2955,w,31,68.68,25,175.21,243,67.79,0
e1-100,binary,100,bot_87,2955,w,33,65.96,25,171.05,226,54.95,0
e1-100,binary,100,bot_87,2955,w,35,43.31,25,172.96,221,48.04,0
e1-100,binary,100,bot_87,2955,w,37,74.81,25,166.76,267,100.24,0
e1-100,binary,100,bot_87,2955,w,39,76.3,25,165.23,261,95.77,0
e1-100,binary,100,bot_87,2955,w,41,65.84,25,154.54,205,50.46,0
e1-100,binary,100,bot_87,2955,w,43,63.14,25,157.53,202,44.47,0
e1-100,binary,100,bot_87,2955,w,45,42.6,25,156.74,200,43.26,0
e1-100,binary,100,bot_87,2955,w,47,39.48,25,167.85,206,38.15,0
e1-100,binary,100,bot_87,2955,w,49,23.66,25,133.53,147,13.47,0
e1-100,binary,100,bot_87,2955,w,51,14.08,25,173.17,194,20.83,0
e1-100,binary,100,bot_87,2955,w,53,103.44,25,186.54,183,-3.54,0
e1-100,binary,100,bot_87,2955,w,55,93.52,25,102.47,192,89.53,0
e1-100,binary,100,bot_87,2955,w,57,63.82,25,97.42,174,76.58,0
e1-100,binary,100,bot_87,2955,w,59,90.35,25,106.39,157,50.61,0
e1-100,binary,100,bot_88,2955,b,2,44.93,25,110.14,128,17.86,0
e1-100,binary,100,bot_88,2955,b,4,27.51,25,95.13,124,28.87,0
e1-100,binary,100,bot_88,2955,b,6,26.99,25,107.11,113,5.89,0
e1-100,binary,100,bot_88,2955,b,8,27.32,25,143.68,148,4.32,0
e1-100,binary,100,bot_88,2955,b,10,15.33,25,129.58,135,5.42,0
e1-100,binary,100,bot_88,2955,b,12,16.83,25,157.41,154,-3.41,0
e1-100,binary,100,bot_88,2955,b,14,108.3,25,162.63,153,-9.62,0
e1-100,binary,100,bot_88,2955,b,16,86.51,25,95.42,165,69.58,0
e1-100,binary,100,bot_88,2955,b,18,105.94,25,113.66,183,69.34,0
e1-100,binary,100,bot_88,2955,b,20,90.66,25,101.91,174,72.09,0
e1-100,binary,100,bot_88,2955,b,22,63.89,25,95.53,158,62.47,0
e1-100,binary,100,bot_88,2955,b,24,82.53,25,107.03,175,67.97,0
e1-100,binary,100,bot_88,2955,b,26,75.95,25,146.98,214,67.02,0
e1-100,binary,100,bot_88,2955,b,28,68.28,25,150.96,211,60.04,0
e1-100,binary,100,bot_88,2955,b,30,75.67,25,174.6,239,64.4,0
e1-100,binary,100,bot_88,2955,b,32,64.83,25,157.87,205,47.13,0
e1-100,binary,100,bot_88,2955,b,34,56.21,25,176.12,220,43.88,0
e1-100,binary,100,bot_88,2955,b,36,109.71,25,171.89,193,21.11,0
e1-100,binary,100,bot_88,2955,b,38,104.56,25,165.29,219,53.71,0
e1-100,binary,100,bot_88,2955,b,40,59.56,25,157.45,211,53.55,0
e1-100,binary,100,bot_88,2955,b,42,58.83,25,173.12,217,43.88,0
e1-100,binary,100,bot_88,2955,b,44,58.03,25,176.11,217,40.89,0
e1-100,binary,100,bot_88,2955,b,46,51.84,25,170.63,190,19.37,0
e1-100,binary,100,bot_88,2955,b,48,26.37,25,153.06,169,15.94,0
e1-100,binary,100,bot_88,2955,b,50,36.06,25,182.44,183,0.56,0
e1-100,binary,100,bot_88,2955,b,52,11.17,25,156.18,148,-8.18,0
e1-100,binary,100,bot_88,2955,b,54,103.13,25,121.02,202,80.98,0
e1-100,binary,100,bot_88,2955,b,56,90.43,25,118.78,190,71.22,0
e1-100,binary,100,bot_88,2955,b,58,65.19,25,119.1,161,41.9,0
e1-100,binary,100,bot_88,2955,b,60,72.37,25,106.86,174,67.14,0
e1-100,binary,100,bot_89,2956,w,1,70.73,25,80.37,148,67.63,0
e1-100,binary,100,bot_89,2956,w,3,42.66,25,72.09,102,29.91,0
e1-100,binary,100,bot_89,2956,w,5,57,25,88.59,116,27.41,0
e1-100,binary,100,bot_89,2956,w,7,47.89,25,116.98,148,31.02,0
e1-100,binary,100,bot_89,2956,w,9,54.34,25,93.39,121,27.61,0
e1-100,binary,100,bot_89,2956,w,11,40.45,25,127.61,152,24.39,0
e1-100,binary,100,bot_89,2956,w,13,35.79,25,150.01,165,14.99,0
e1-100,binary,100,bot_89,2956,w,15,30.32,25,153.51,163,9.49,0
e1-100,binary,100,bot_89,2956,w,17,35.09,25,185.26,198,12.74,0
e1-100,binary,100,bot_89,2956,w,19,32.36,25,171.05,174,2.95,0
e1-100,binary,100,bot_89,2956,w,21,17.72,25,138.17,139,0.83,0
e1-100,binary,100,bot_89,2956,w,23,16.78,25,169.9,171,1.1,0
e1-100,binary,100,bot_89,2956,w,25,48.85,25,162.22,224,61.78,0
e1-100,binary,100,bot_89,2956,w,27,44.73,25,170.67,205,34.33,0
e1-100,binary,100,bot_89,2956,w,29,47.5,25,212.08,242,29.92,0
e1-100,binary,100,bot_89,2956,w,31,29.27,25,182.45,196,13.55,0
e1-100,binary,100,bot_89,2956,w,33,31.28,25,181.7,203,21.3,0
e1-100,binary,100,bot_89,2956,w,35,34.66,25,208.5,206,-2.5,0
e1-100,binary,100,bot_89,2956,w,37,29.85,25,244.41,241,-3.41,0
e1-100,binary,100,bot_89,2956,w,39,18.77,25,200.59,202,1.41,0
e1-100,binary,100,bot_89,2956,w,41,12.2,25,220.04,211,-9.04,0
e1-100,binary,100,bot_89,2956,w,43,34.89,25,197.01,213,15.99,0
e1-100,binary,100,bot_89,2956,w,45,32.37,25,190.55,195,4.45,0
e1-100,binary,100,bot_89,2956,w,47,16.44,25,162.1,163,0.9,0
e1-100,binary,100,bot_89,2956,w,49,21.66,25,196.84,190,-6.84,0
e1-100,binary,100,bot_90,2956,b,2,50.41,25,101.63,153,51.37,0
e1-100,binary,100,bot_90,2956,b,4,46.06,25,74.01,96,21.99,0
e1-100,binary,100,bot_90,2956,b,6,50.47,25,113.53,150,36.47,0
e1-100,binary,100,bot_90,2956,b,8,46.2,25,107.37,134,26.63,0
e1-100,binary,100,bot_90,2956,b,10,42.97,25,120.58,155,34.42,0
e1-100,binary,100,bot_90,2956,b,12,33.89,25,135.79,156,20.21,0
e1-100,binary,100,bot_90,2956,b,14,29.33,25,147.19,163,15.81,0
e1-100,binary,100,bot_90,2956,b,16,31.61,25,155.02,166,10.98,0
e1-100,binary,100,bot_90,2956,b,18,22.03,25,192.59,206,13.41,0
e1-100,binary,100,bot_90,2956,b,20,23.03,25,180.49,189,8.51,0
e1-100,binary,100,bot_90,2956,b,22,23.23,25,182.48,178,-4.48,0
e1-100,binary,100,bot_90,2956,b,24,83.37,25,221.57,217,-4.57,0
e1-100,binary,100,bot_90,2956,b,26,56.49,25,168.16,194,25.84,0
e1-100,binary,100,bot_90,2956,b,28,52.66,25,205.25,228,22.75,0
e1-100,binary,100,bot_90,2956,b,30,36.97,25,193.23,219,25.77,0
e1-100,binary,100,bot_90,2956,b,32,42.27,25,216.67,225,8.33,0
e1-100,binary,100,bot_90,2956,b,34,18.94,25,188.87,198,9.13,0
e1-100,binary,100,bot_90,2956,b,36,18.46,25,219.2,231,11.8,0
e1-100,binary,100,bot_90,2956,b,38,23.87,25,215.02,222,6.98,0
e1-100,binary,100,bot_90,2956,b,40,12.22,25,203.71,200,-3.71,0
e1-100,binary,100,bot_90,2956,b,42,39.19,25,179.12,166,-13.12,0
e1-100,binary,100,bot_90,2956,b,44,28.33,25,171.18,181,9.82,0
e1-100,binary,100,bot_90,2956,b,46,25.81,25,181.36,189,7.64,0
e1-100,binary,100,bot_90,2956,b,48,17.09,25,140.36,133,-7.36,0
e1-100,binary,100,bot_91,2957,w,1,44.49,25,70.57,101,30.43,0
e1-100,binary,100,bot_91,2957,w,3,60.67,25,84.64,107,22.36,0
e1-100,binary,100,bot_91,2957,w,5,50.84,25,114.62,143,28.38,0
e1-100,binary,100,bot_91,2957,w,7,58.02,25,89.82,114,24.18,0
e1-100,binary,100,bot_91,2957,w,9,44.2,25,123.53,146,22.47,0
e1-100,binary,100,bot_91,2957,w,11,40.94,25,145.42,158,12.58,0
e1-100,binary,100,bot_91,2957,w,13,33.59,25,150.27,158,7.73,0
e1-100,binary,100,bot_91,2957,w,15,41.85,25,178.52,185,6.48,0
e1-100,binary,100,bot_91,2957,w,17,40.8,25,164.05,164,-0.05,0
e1-100,binary,100,bot_91,2957,w,19,16.11,25,139.62,131,-8.62,0
e1-100,binary,100,bot_91,2957,w,21,80.3,25,171.62,162,-9.62,0
e1-100,binary,100,bot_91,2957,w,23,47.05,25,164.05,194,29.95,0
e1-100,binary,100,bot_91,2957,w,25,41.03,25,174.42,196,21.58,0
e1-100,binary,100,bot_91,2957,w,27,42.53,25,217.08,235,17.92,0
e1-100,binary,100,bot_91,2957,w,29,25.68,25,185.94,187,1.06,0
e1-100,binary,100,bot_91,2957,w,31,30.81,25,182.13,193,10.87,0
e1-100,binary,100,bot_91,2957,w,33,29.95,25,213.53,201,-12.53,0
e1-100,binary,100,bot_91,2957,w,35,27.92,25,246.67,235,-11.67,0
e1-100,binary,100,bot_91,2957,w,37,17.52,25,202.05,194,-8.05,0
e1-100,binary,100,bot_91,2957,w,39,10.46,25,221.91,203,-18.91,0
e1-100,binary,100,bot_91,2957,w,41,34.57,25,197.11,204,6.89,0
e1-100,binary,100,bot_91,2957,w,43,29.4,25,193.63,190,-3.63,0
e1-100,binary,100,bot_91,2957,w,45,14.39,25,164.13,156,-8.13,0
e1-100,binary,100,bot_91,2957,w,47,18.75,25,200.41,185,-15.41,0
e1-100,binary,100,bot_91,2957,w,49,102.39,25,102.28,152,49.72,0
e1-100,binary,100,bot_91,2957,w,51,96.93,25,126.7,188,61.3,0
e1-100,binary,100,bot_91,2957,w,53,87.78,25,121.01,181,59.99,0
e1-100,binary,100,bot_91,2957,w,55,64.05,25,120.19,151,30.81,0
e1-100,binary,100,bot_91,2957,w,57,71.28,25,107.88,165,57.12,0
e1-100,binary,100,bot_91,2957,w,59,68.51,25,136.73,180,43.27,0
e1-100,binary,100,bot_92,2957,b,2,51.77,25,68.41,68,-0.41,0
e1-100,binary,100,bot_92,2957,b,4,59.7,25,104.15,120,15.85,0
e1-100,binary,100,bot_92,2957,b,6,51.98,25,100.9,105,4.1,0
e1-100,binary,100,bot_92,2957,b,8,51.84,25,111.44,122,10.56,0
e1-100,binary,100,bot_92,2957,b,10,42.86,25,126.18,126,-0.18,0
e1-100,binary,100,bot_92,2957,b,12,38.18,25,138.45,134,-4.45,0
e1-100,binary,100,bot_92,2957,b,14,37.17,25,148.86,137,-11.86,0
e1-100,binary,100,bot_92,2957,b,16,30.63,25,184.28,180,-4.28,0
e1-100,binary,100,bot_92,2957,b,18,21.32,25,182.02,182,-0.02,0
e1-100,binary,100,bot_92,2957,b,20,20.71,25,185.17,160,-25.17,0
e1-100,binary,100,bot_92,2957,b,22,60.11,25,179.8,219,39.2,0
e1-100,binary,100,bot_92,2957,b,24,52.83,25,171.85,178,6.15,0
e1-100,binary,100,bot_92,2957,b,26,49.1,25,208.88,209,0.12,0
e1-100,binary,100,bot_92,2957,b,28,33.23,25,196.87,199,2.13,0
e1-100,binary,100,bot_92,2957,b,30,39.9,25,219.35,204,-15.35,0
e1-100,binary,100,bot_92,2957,b,32,17.24,25,190.29,179,-11.29,0
e1-100,binary,100,bot_92,2957,b,34,18.43,25,218.8,208,-10.8,0
e1-100,binary,100,bot_92,2957,b,36,22.15,25,216.55,203,-13.55,0
e1-100,binary,100,bot_92,2957,b,38,10.3,25,205.51,181,-24.51,0
e1-100,binary,100,bot_92,2957,b,40,36.3,25,182.22,154,-28.22,0
e1-100,binary,100,bot_92,2957,b,42,25.84,25,173.78,169,-4.78,0
e1-100,binary,100,bot_92,2957,b,44,23.22,25,183.96,174,-9.96,0
e1-100,binary,100,bot_92,2957,b,46,14.5,25,142.97,120,-22.97,0
e1-100,binary,100,bot_92,2957,b,48,79.49,25,177.4,157,-20.4,0
e1-100,binary,100,bot_92,2957,b,50,90.47,25,90.78,155,64.22,0
e1-100,binary,100,bot_92,2957,b,52,89.91,25,106.4,165,58.6,0
e1-100,binary,100,bot_92,2957,b,54,61.09,25,99.87,150,50.13,0
e1-100,binary,100,bot_92,2957,b,56,87.16,25,109.83,136,26.17,0
e1-100,binary,100,bot_92,2957,b,58,72.05,25,115.09,148,32.91,0
e1-100,binary,100,bot_92,2957,b,60,67.36,25,135.29,164,28.71,0
e1-100,binary,100,bot_93,2958,w,1,53.55,25,67.17,91,23.83,0
e1-100,binary,100,bot_93,2958,w,3,63.48,25,100.27,134,33.73,0
e1-100,binary,100,bot_93,2958,w,5,54.78,25,97.64,124,26.36,0
e1-100,binary,100,bot_93,2958,w,7,57.31,25,105.47,132,26.53,0
e1-100,binary,100,bot_93,2958,w,9,47.07,25,122.24,138,15.76,0
e1-100,binary,100,bot_93,2958,w,11,42.9,25,133.83,151,17.17,0
e1-100,binary,100,bot_93,2958,w,13,40.32,25,145.72,154,8.28,0
e1-100,binary,100,bot_93,2958,w,15,33.97,25,181.51,200,18.49,0
e1-100,binary,100,bot_93,2958,w,17,20.02,25,183.17,201,17.83,0
e1-100,binary,100,bot_93,2958,w,19,70.17,25,187.25,173,-14.25,0
e1-100,binary,100,bot_93,2958,w,21,58.55,25,180.86,214,33.14,0
e1-100,binary,100,bot_93,2958,w,23,51.65,25,172.92,187,14.08,0
e1-100,binary,100,bot_93,2958,w,25,47.09,25,210.85,219,8.15,0
e1-100,binary,100,bot_93,2958,w,27,32.04,25,198.11,210,11.89,0
e1-100,binary,100,bot_93,2958,w,29,36.85,25,222.46,217,-5.46,0
e1-100,binary,100,bot_93,2958,w,31,15.87,25,191.55,190,-1.55,0
e1-100,binary,100,bot_93,2958,w,33,16.69,25,220.41,216,-4.41,0
e1-100,binary,100,bot_93,2958,w,35,20.2,25,218.4,213,-5.4,0
e1-100,binary,100,bot_93,2958,w,37,142.18,25,207.02,193,-14.02,0
e1-100,binary,100,bot_93,2958,w,39,84.13,25,137.47,220,82.53,0
e1-100,binary,100,bot_93,2958,w,41,65.49,25,141.73,177,35.27,0
e1-100,binary,100,bot_93,2958,w,43,37.38,25,163.98,191,27.02,0
e1-100,binary,100,bot_93,2958,w,45,36.81,25,143.25,142,-1.25,0
e1-100,binary,100,bot_93,2958,w,47,22.47,25,129.96,142,12.04,0
e1-100,binary,100,bot_93,2958,w,49,27.64,25,153.91,153,-0.91,0
e1-100,binary,100,bot_93,2958,w,51,22.04,25,173.91,166,-7.91,0
e1-100,binary,100,bot_93,2958,w,53,9.41,25,147.91,137,-10.91,0
e1-100,binary,100,bot_93,2958,w,55,69.92,25,136.08,182,45.92,0
e1-100,binary,100,bot_93,2958,w,57,76.1,25,131.08,165,33.92,0
e1-100,binary,100,bot_93,2958,w,59,77.54,25,137.67,178,40.33,0
e1-100,binary,100,bot_94,2958,b,2,63.07,25,82.27,106,23.73,0
e1-100,binary,100,bot_94,2958,b,4,55.9,25,109.75,142,32.25,0
e1-100,binary,100,bot_94,2958,b,6,62.3,25,86.12,110,23.88,0
e1-100,binary,100,bot_94,2958,b,8,46.46,25,121.55,149,27.45,0
e1-100,binary,100,bot_94,2958,b,10,47.03,25,139.6,156,16.4,0
e1-100,binary,100,bot_94,2958,b,12,37.44,25,146.29,158,11.71,0
e1-100,binary,100,bot_94,2958,b,14,49.07,25,171.13,180,8.87,0
e1-100,binary,100,bot_94,2958,b,16,48.64,25,157.42,161,3.58,0
e1-100,binary,100,bot_94,2958,b,18,14.46,25,141.08,130,-11.08,0
e1-100,binary,100,bot_94,2958,b,20,62.8,25,138.2,178,39.8,0
e1-100,binary,100,bot_94,2958,b,22,44.49,25,166.74,195,28.26,0
e1-100,binary,100,bot_94,2958,b,24,38.18,25,177.48,198,20.52,0
e1-100,binary,100,bot_94,2958,b,26,41.27,25,218.3,234,15.7,0
e1-100,binary,100,bot_94,2958,b,28,24.6,25,186.83,187,0.17,0
e1-100,binary,100,bot_94,2958,b,30,28.39,25,184.57,191,6.43,0
e1-100,binary,100,bot_94,2958,b,32,26.57,25,217.35,203,-14.35,0
e1-100,binary,100,bot_94,2958,b,34,25.62,25,249.27,236,-13.27,0
e1-100,binary,100,bot_94,2958,b,36,16.15,25,203.7,193,-10.7,0
e1-100,binary,100,bot_94,2958,b,38,114.41,25,105.79,218,112.21,0
e1-100,binary,100,bot_94,2958,b,40,65.48,25,149.89,203,53.11,0
e1-100,binary,100,bot_94,2958,b,42,58.04,25,162.56,197,34.44,0
e1-100,binary,100,bot_94,2958,b,44,31.16,25,120.69,127,6.31,0
e1-100,binary,100,bot_94,2958,b,46,42.89,25,183.5,190,6.5,0
e1-100,binary,100,bot_94,2958,b,48,29.73,25,177.92,169,-8.92,0
e1-100,binary,100,bot_94,2958,b,50,23,25,200.34,197,-3.34,0
e1-100,binary,100,bot_94,2958,b,52,19.96,25,189.11,180,-9.11,0
e1-100,binary,100,bot_94,2958,b,54,76.66,25,176.57,156,-20.57,0
e1-100,binary,100,bot_94,2958,b,56,65.09,25,110.82,150,39.18,0
e1-100,binary,100,bot_94,2958,b,58,71.89,25,127.51,173,45.49,0
e1-100,binary,100,bot_94,2958,b,60,62.92,25,114.89,162,47.11,0
e1-100,binary,100,bot_95,2959,w,1,66.55,25,79.17,116,36.83,0
e1-100,binary,100,bot_95,2959,w,3,58.67,25,106.38,148,41.62,0
e1-100,binary,100,bot_95,2959,w,5,63.81,25,84.42,118,33.58,0
e1-100,binary,100,bot_95,2959,w,7,50.27,25,118.14,155,36.86,0
e1-100,binary,100,bot_95,2959,w,9,52.73,25,134.32,159,24.68,0
e1-100,binary,100,bot_95,2959,w,11,41.16,25,142.37,166,23.63,0
e1-100,binary,100,bot_95,2959,w,13,55.38,25,164.71,184,19.29,0
e1-100,binary,100,bot_95,2959,w,15,54.76,25,152.13,165,12.88,0
e1-100,binary,100,bot_95,2959,w,17,60.38,25,143.12,135,-8.12,0
e1-100,binary,100,bot_95,2959,w,19,60.81,25,139.45,162,22.55,0
e1-100,binary,100,bot_95,2959,w,21,42.02,25,169.18,198,28.82,0
e1-100,binary,100,bot_95,2959,w,23,33.37,25,182.35,205,22.65,0
e1-100,binary,100,bot_95,2959,w,25,38.87,25,220.66,237,16.34,0
e1-100,binary,100,bot_95,2959,w,27,23.15,25,188.28,192,3.72,0
e1-100,binary,100,bot_95,2959,w,29,25.99,25,186.98,194,7.02,0
e1-100,binary,100,bot_95,2959,w,31,23.69,25,220.33,207,-13.33,0
e1-100,binary,100,bot_95,2959,w,33,22.84,25,252.12,241,-11.12,0
e1-100,binary,100,bot_95,2959,w,35,122.27,25,205.25,194,-11.25,0
e1-100,binary,100,bot_95,2959,w,37,112.71,25,107,207,100,0
e1-100,binary,100,bot_95,2959,w,39,61.5,25,153.84,205,51.16,0
e1-100,binary,100,bot_95,2959,w,41,55.21,25,165.38,199,33.62,0
e1-100,binary,100,bot_95,2959,w,43,26.88,25,124.99,132,7.01,0
e1-100,binary,100,bot_95,2959,w,45,39.51,25,186.82,193,6.18,0
e1-100,binary,100,bot_95,2959,w,47,27.23,25,180.48,173,-7.48,0
e1-100,binary,100,bot_95,2959,w,49,19.59,25,203.78,201,-2.78,0
e1-100,binary,100,bot_95,2959,w,51,15.6,25,193.54,184,-9.54,0
e1-100,binary,100,bot_95,2959,w,53,66.77,25,95.83,166,70.17,0
e1-100,binary,100,bot_95,2959,w,55,59.96,25,116.03,155,38.97,0
e1-100,binary,100,bot_95,2959,w,57,68.41,25,131,178,47,0
e1-100,binary,100,bot_95,2959,w,59,57.92,25,119.99,167,47.01,0
e1-100,binary,100,bot_96,2959,b,2,69.68,25,93.94,134,40.06,0
e1-100,binary,100,bot_96,2959,b,4,60.6,25,92.27,124,31.73,0
e1-100,binary,100,bot_96,2959,b,6,63.65,25,99.2,136,36.8,0
e1-100,binary,100,bot_96,2959,b,8,51.88,25,117.15,139,21.85,0
e1-100,binary,100,bot_96,2959,b,10,50.52,25,126.2,151,24.8,0
e1-100,binary,100,bot_96,2959,b,12,47.54,25,138.28,153,14.72,0
e1-100,binary,100,bot_96,2959,b,14,39.62,25,176.21,204,27.79,0
e1-100,binary,100,bot_96,2959,b,16,19.53,25,183.21,209,25.79,0
e1-100,binary,100,bot_96,2959,b,18,50.66,25,159.74,193,33.26,0
e1-100,binary,100,bot_96,2959,b,20,57.23,25,182.15,215,32.85,0
e1-100,binary,100,bot_96,2959,b,22,50.32,25,174.26,187,12.74,0
e1-100,binary,100,bot_96,2959,b,24,43.97,25,213.83,217,3.17,0
e1-100,binary,100,bot_96,2959,b,26,31,25,199,211,12,0
e1-100,binary,100,bot_96,2959,b,28,34.93,25,224.59,218,-6.59,0
e1-100,binary,100,bot_96,2959,b,30,14.69,25,192.46,191,-1.46,0
e1-100,binary,100,bot_96,2959,b,32,15.71,25,221.1,217,-4.1,0
e1-100,binary,100,bot_96,2959,b,34,16.76,25,221.56,215,-6.56,0
e1-100,binary,100,bot_96,2959,b,36,129.41,25,112.71,207,94.29,0
e1-100,binary,100,bot_96,2959,b,38,80.76,25,141.15,225,83.85,0
e1-100,binary,100,bot_96,2959,b,40,63.63,25,143.39,176,32.61,0
e1-100,binary,100,bot_96,2959,b,42,35.53,25,165.52,191,25.48,0
e1-100,binary,100,bot_96,2959,b,44,35.43,25,144.99,142,-2.99,0
e1-100,binary,100,bot_96,2959,b,46,21.14,25,131.16,140,8.84,0
e1-100,binary,100,bot_96,2959,b,48,25.64,25,155.9,154,-1.9,0
e1-100,binary,100,bot_96,2959,b,50,20.48,25,175.38,165,-10.38,0
e1-100,binary,100,bot_96,2959,b,52,98.57,25,149.29,136,-13.29,0
e1-100,binary,100,bot_96,2959,b,54,68.78,25,136.98,175,38.02,0
e1-100,binary,100,bot_96,2959,b,56,75.12,25,131.89,163,31.11,0
e1-100,binary,100,bot_96,2959,b,58,76.04,25,139.29,177,37.71,0
e1-100,binary,100,bot_96,2959,b,60,56.64,25,136.19,165,28.81,0
e1-100,binary,100,bot_97,2960,w,1,73.22,25,90.67,134,43.33,0
e1-100,binary,100,bot_97,2960,w,3,63.48,25,89.35,121,31.65,0
e1-100,binary,100,bot_97,2960,w,5,66.72,25,96.15,132,35.85,0
e1-100,binary,100,bot_97,2960,w,7,54.44,25,114.33,138,23.67,0
e1-100,binary,100,bot_97,2960,w,9,53.07,25,123.79,152,28.21,0
e1-100,binary,100,bot_97,2960,w,11,50.16,25,135.45,150,14.55,0
e1-100,binary,100,bot_97,2960,w,13,43.04,25,173.24,202,28.76,0
e1-100,binary,100,bot_97,2960,w,15,64.44,25,184.7,208,23.3,0
e1-100,binary,100,bot_97,2960,w,17,48.69,25,161.34,177,15.66,0
e1-100,binary,100,bot_97,2960,w,19,55.96,25,183.37,210,26.63,0
e1-100,binary,100,bot_97,2960,w,21,49.06,25,175.52,183,7.48,0
e1-100,binary,100,bot_97,2960,w,23,41.63,25,216.16,216,-0.16,0
e1-100,binary,100,bot_97,2960,w,25,29.71,25,200.3,206,5.7,0
e1-100,binary,100,bot_97,2960,w,27,32.03,25,227.57,217,-10.57,0
e1-100,binary,100,bot_97,2960,w,29,12.89,25,194.16,185,-9.16,0
e1-100,binary,100,bot_97,2960,w,31,13.66,25,223.04,213,-10.04,0
e1-100,binary,100,bot_97,2960,w,33,132.11,25,226.2,214,-12.2,0
e1-100,binary,100,bot_97,2960,w,35,124.48,25,117.37,190,72.63,0
e1-100,binary,100,bot_97,2960,w,37,77.51,25,144.48,224,79.52,0
e1-100,binary,100,bot_97,2960,w,39,61.47,25,145.78,175,29.22,0
e1-100,binary,100,bot_97,2960,w,41,33.67,25,167.08,189,21.92,0
e1-100,binary,100,bot_97,2960,w,43,32.01,25,148.51,142,-6.51,0
e1-100,binary,100,bot_97,2960,w,45,19.28,25,132.91,137,4.09,0
e1-100,binary,100,bot_97,2960,w,47,23.36,25,158.28,152,-6.28,0
e1-100,binary,100,bot_97,2960,w,49,17.57,25,178.32,166,-12.32,0
e1-100,binary,100,bot_97,2960,w,51,90.13,25,88.81,141,52.19,0
e1-100,binary,100,bot_97,2960,w,53,66.42,25,139.27,172,32.73,0
e1-100,binary,100,bot_97,2960,w,55,71.89,25,134.68,158,23.32,0
e1-100,binary,100,bot_97,2960,w,57,71.8,25,143.7,176,32.3,0
e1-100,binary,100,bot_97,2960,w,59,53.45,25,139.36,161,21.64,0
e1-100,binary,100,bot_98,2960,b,2,62.38,25,102.68,142,39.32,0
e1-100,binary,100,bot_98,2960,b,4,65.96,25,82.19,110,27.81,0
e1-100,binary,100,bot_98,2960,b,6,54.65,25,113.94,145,31.06,0
e1-100,binary,100,bot_98,2960,b,8,58.97,25,128.34,146,17.66,0
e1-100,binary,100,bot_98,2960,b,10,44.54,25,138.92,156,17.08,0
e1-100,binary,100,bot_98,2960,b,12,60.53,25,159.43,174,14.57,0
e1-100,binary,100,bot_98,2960,b,14,59.14,25,149.11,160,10.89,0
e1-100,binary,100,bot_98,2960,b,16,46.53,25,110.98,141,30.02,0
e1-100,binary,100,bot_98,2960,b,18,57.67,25,142.62,156,13.38,0
e1-100,binary,100,bot_98,2960,b,20,38.64,25,172.46,194,21.54,0
e1-100,binary,100,bot_98,2960,b,22,31.15,25,184.59,199,14.41,0
e1-100,binary,100,bot_98,2960,b,24,36.33,25,223.24,230,6.76,0
e1-100,binary,100,bot_98,2960,b,26,21.16,25,190.06,185,-5.06,0
e1-100,binary,100,bot_98,2960,b,28,22.98,25,190.06,187,-3.06,0
e1-100,binary,100,bot_98,2960,b,30,20.91,25,223.42,202,-21.42,0
e1-100,binary,100,bot_98,2960,b,32,19.71,25,255.59,234,-21.59,0
e1-100,binary,100,bot_98,2960,b,34,103.82,25,104,201,97,0
e1-100,binary,100,bot_98,2960,b,36,110.21,25,109.22,200,90.78,0
e1-100,binary,100,bot_98,2960,b,38,59.16,25,156.39,200,43.61,0
e1-100,binary,100,bot_98,2960,b,40,53.31,25,167.45,194,26.55,0
e1-100,binary,100,bot_98,2960,b,42,24.93,25,126.63,126,-0.62,0
e1-100,binary,100,bot_98,2960,b,44,35.93,25,190.38,189,-1.38,0
e1-100,binary,100,bot_98,2960,b,46,25.48,25,182.5,169,-13.5,0
e1-100,binary,100,bot_98,2960,b,48,19.29,25,203.88,194,-9.88,0
e1-100,binary,100,bot_98,2960,b,50,82.32,25,196.08,179,-17.08,0
e1-100,binary,100,bot_98,2960,b,52,63.45,25,99.14,155,55.86,0
e1-100,binary,100,bot_98,2960,b,54,54.36,25,122.31,155,32.69,0
e1-100,binary,100,bot_98,2960,b,56,63.86,25,135.4,174,38.6,0
e1-100,binary,100,bot_98,2960,b,58,52.49,25,125.56,164,38.44,0
e1-100,binary,100,bot_98,2960,b,60,55.35,25,144.85,164,19.15,0
e1-100,binary,100,bot_99,2961,w,1,67.54,25,97.79,146,48.21,0
e1-100,binary,100,bot_99,2961,w,3,69.79,25,78.05,108,29.95,0
e1-100,binary,100,bot_99,2961,w,5,59.06,25,109.4,141,31.6,0
e1-100,binary,100,bot_99,2961,w,7,62.77,25,124.73,147,22.27,0
e1-100,binary,100,bot_99,2961,w,9,49.55,25,133.87,153,19.13,0
e1-100,binary,100,bot_99,2961,w,11,66.38,25,153.52,170,16.48,0
e1-100,binary,100,bot_99,2961,w,13,54.19,25,142.31,153,10.69,0
e1-100,binary,100,bot_99,2961,w,15,38,25,118.95,133,14.05,0
e1-100,binary,100,bot_99,2961,w,17,42.94,25,144.38,161,16.62,0
e1-100,binary,100,bot_99,2961,w,19,42.72,25,179.23,192,12.77,0
e1-100,binary,100,bot_99,2961,w,21,37.51,25,181.13,188,6.87,0
e1-100,binary,100,bot_99,2961,w,23,34.12,25,218.03,219,0.97,0
e1-100,binary,100,bot_99,2961,w,25,25.81,25,196.88,192,-4.88,0
e1-100,binary,100,bot_99,2961,w,27,20.29,25,209.64,204,-5.64,0
e1-100,binary,100,bot_99,2961,w,29,54.53,25,188.35,211,22.65,0
e1-100,binary,100,bot_99,2961,w,31,60.85,25,211.7,221,9.3,0
e1-100,binary,100,bot_99,2961,w,33,37.38,25,181.41,192,10.59,0
e1-100,binary,100,bot_99,2961,w,35,29.4,25,206.22,206,-0.22,0
e1-100,binary,100,bot_99,2961,w,37,30.61,25,200.88,202,1.12,0
e1-100,binary,100,bot_99,2961,w,39,25.19,25,197.99,190,-7.99,0
e1-100,binary,100,bot_99,2961,w,41,12.22,25,166.44,153,-13.44,0
e1-100,binary,100,bot_99,2961,w,43,114.27,25,206.39,187,-19.39,0
e1-100,binary,100,bot_99,2961,w,45,95.05,25,109.62,147,37.38,0
e1-100,binary,100,bot_99,2961,w,47,90.84,25,132.88,188,55.12,0
e1-100,binary,100,bot_99,2961,w,49,84.17,25,124.76,178,53.24,0
e1-100,binary,100,bot_99,2961,w,51,59.77,25,124.52,150,25.48,0
e1-100,binary,100,bot_99,2961,w,53,67.35,25,111.9,164,52.1,0
e1-100,binary,100,bot_99,2961,w,55,64.55,25,140.56,178,37.44,0
e1-100,binary,100,bot_99,2961,w,57,54.46,25,144.51,178,33.49,0
e1-100,binary,100,bot_99,2961,w,59,52.92,25,138.36,171,32.64,0
e1-100,binary,100,bot_100,2961,b,2,65.57,25,87.5,115,27.5,0
e1-100,binary,100,bot_100,2961,b,4,68.54,25,94.68,126,31.32,0
e1-100,binary,100,bot_100,2961,b,6,59.39,25,109.44,129,19.56,0
e1-100,binary,100,bot_100,2961,b,8,56.63,25,120.38,143,22.62,0
e1-100,binary,100,bot_100,2961,b,10,54.32,25,131.08,141,9.92,0
e1-100,binary,100,bot_100,2961,b,12,47.51,25,169.07,196,26.93,0
e1-100,binary,100,bot_100,2961,b,14,47.85,25,161.3,180,18.7,0
e1-100,binary,100,bot_100,2961,b,16,50.95,25,153.09,155,1.91,0
e1-100,binary,100,bot_100,2961,b,18,46.69,25,195.09,202,6.91,0
e1-100,binary,100,bot_100,2961,b,20,40.77,25,175.04,182,6.96,0
e1-100,binary,100,bot_100,2961,b,22,35.16,25,219.59,221,1.41,0
e1-100,binary,100,bot_100,2961,b,24,30.79,25,211.18,210,-1.18,0
e1-100,binary,100,bot_100,2961,b,26,28.43,25,211.14,203,-8.14,0
e1-100,binary,100,bot_100,2961,b,28,57.04,25,199.94,184,-15.94,0
e1-100,binary,100,bot_100,2961,b,30,43.5,25,195.66,214,18.34,0
e1-100,binary,100,bot_100,2961,b,32,44.42,25,195.13,220,24.87,0
e1-100,binary,100,bot_100,2961,b,34,34.02,25,183.61,185,1.39,0
e1-100,binary,100,bot_100,2961,b,36,34.65,25,183.55,178,-5.55,0
e1-100,binary,100,bot_100,2961,b,38,24.6,25,174.97,170,-4.97,0
e1-100,binary,100,bot_100,2961,b,40,21.28,25,185.74,176,-9.74,0
e1-100,binary,100,bot_100,2961,b,42,14.33,25,142.77,121,-21.77,0
e1-100,binary,100,bot_100,2961,b,44,70.74,25,84.82,164,79.18,0
e1-100,binary,100,bot_100,2961,b,46,88.05,25,92.87,153,60.13,0
e1-100,binary,100,bot_100,2961,b,48,88.66,25,107.44,164,56.56,0
e1-100,binary,100,bot_100,2961,b,50,60.18,25,100.43,150,49.57,0
e1-100,binary,100,bot_100,2961,b,52,85.99,25,110.9,136,25.1,0
e1-100,binary,100,bot_100,2961,b,54,70.92,25,115.96,149,33.04,0
e1-100,binary,100,bot_100,2961,b,56,66.28,25,136.58,166,29.42,0
e1-100,binary,100,bot_100,2961,b,58,67.01,25,126.84,147,20.16,0
e1-100,binary,100,bot_100,2961,b,60,45.79,25,146.96,165,18.04,0
e1-100,binary,100,bot_101,2962,w,1,69.12,25,84.24,121,36.76,0
e1-100,binary,100,bot_101,2962,w,3,72.2,25,91.07,120,28.93,0
e1-100,binary,100,bot_101,2962,w,5,65.36,25,103.3,122,18.7,0
e1-100,binary,100,bot_101,2962,w,7,62.72,25,114.3,142,27.7,0
e1-100,binary,100,bot_101,2962,w,9,61.85,25,123.1,135,11.9,0
e1-100,binary,100,bot_101,2962,w,11,56.8,25,160.04,189,28.96,0
e1-100,binary,100,bot_101,2962,w,13,53.39,25,156.09,178,21.91,0
e1-100,binary,100,bot_101,2962,w,15,58.5,25,145.03,150,4.97,0
e1-100,binary,100,bot_101,2962,w,17,54.93,25,186.31,199,12.69,0
e1-100,binary,100,bot_101,2962,w,19,48.46,25,167.2,175,7.8,0
e1-100,binary,100,bot_101,2962,w,21,43.95,25,211.06,216,4.94,0
e1-100,binary,100,bot_101,2962,w,23,36.34,25,205.54,208,2.46,0
e1-100,binary,100,bot_101,2962,w,25,33.43,25,205.72,199,-6.72,0
e1-100,binary,100,bot_101,2962,w,27,19.58,25,197.13,184,-13.13,0
e1-100,binary,100,bot_101,2962,w,29,48.3,25,191.34,216,24.66,0
e1-100,binary,100,bot_101,2962,w,31,47.64,25,192.34,222,29.66,0
e1-100,binary,100,bot_101,2962,w,33,36.98,25,181.35,184,2.65,0
e1-100,binary,100,bot_101,2962,w,35,32.07,25,186.18,183,-3.18,0
e1-100,binary,100,bot_101,2962,w,37,20.82,25,178.81,169,-9.81,0
e1-100,binary,100,bot_101,2962,w,39,17.34,25,189.67,175,-14.67,0
e1-100,binary,100,bot_101,2962,w,41,108.18,25,145.61,120,-25.61,0
e1-100,binary,100,bot_101,2962,w,43,69.22,25,85.82,146,60.18,0
e1-100,binary,100,bot_101,2962,w,45,85.28,25,95.53,150,54.47,0
e1-100,binary,100,bot_101,2962,w,47,86.2,25,109.82,159,49.18,0
e1-100,binary,100,bot_101,2962,w,49,58.26,25,102.21,147,44.79,0
e1-100,binary,100,bot_101,2962,w,51,83.11,25,113.84,133,19.16,0
e1-100,binary,100,bot_101,2962,w,53,67.83,25,119.02,147,27.98,0
e1-100,binary,100,bot_101,2962,w,55,63,25,139.93,164,24.07,0
e1-100,binary,100,bot_101,2962,w,57,63.64,25,130.18,144,13.82,0
e1-100,binary,100,bot_101,2962,w,59,41.68,25,151.12,162,10.88,0
e1-100,binary,100,bot_102,2962,b,2,72.4,25,75.49,103,27.51,0
e1-100,binary,100,bot_102,2962,b,4,61.69,25,106.81,136,29.19,0
e1-100,binary,100,bot_102,2962,b,6,69.21,25,118.59,142,23.41,0
e1-100,binary,100,bot_102,2962,b,8,54.77,25,128.49,149,20.51,0
e1-100,binary,100,bot_102,2962,b,10,71.51,25,148.62,168,19.38,0
e1-100,binary,100,bot_102,2962,b,12,60.13,25,135.91,151,15.09,0
e1-100,binary,100,bot_102,2962,b,14,43.04,25,114.25,130,15.75,0
e1-100,binary,100,bot_102,2962,b,16,50.21,25,137.46,158,20.54,0
e1-100,binary,100,bot_102,2962,b,18,45.33,25,176.81,193,16.19,0
e1-100,binary,100,bot_102,2962,b,20,42.01,25,176.75,188,11.25,0
e1-100,binary,100,bot_102,2962,b,22,41.01,25,210.86,217,6.14,0
e1-100,binary,100,bot_102,2962,b,24,30.7,25,192.26,190,-2.26,0
e1-100,binary,100,bot_102,2962,b,26,25.39,25,204.63,201,-3.63,0
e1-100,binary,100,bot_102,2962,b,28,62.84,25,220.14,201,-19.14,0
e1-100,binary,100,bot_102,2962,b,30,68.03,25,204.15,214,9.85,0
e1-100,binary,100,bot_102,2962,b,32,39.87,25,178.51,188,9.49,0
e1-100,binary,100,bot_102,2962,b,34,33.73,25,202.75,201,-1.75,0
e1-100,binary,100,bot_102,2962,b,36,27.31,25,203.94,199,-4.94,0
e1-100,binary,100,bot_102,2962,b,38,21.75,25,201.63,186,-15.63,0
e1-100,binary,100,bot_102,2962,b,40,10.63,25,168.27,148,-20.27,0
e1-100,binary,100,bot_102,2962,b,42,98.34,25,126.24,198,71.76,0
e1-100,binary,100,bot_102,2962,b,44,91.91,25,113.21,146,32.79,0
e1-100,binary,100,bot_102,2962,b,46,86.2,25,137.95,186,48.05,0
e1-100,binary,100,bot_102,2962,b,48,81.73,25,127.47,177,49.53,0
e1-100,binary,100,bot_102,2962,b,50,56.66,25,127.8,150,22.2,0
e1-100,binary,100,bot_102,2962,b,52,65.2,25,114.31,161,46.69,0
e1-100,binary,100,bot_102,2962,b,54,62.14,25,142.8,175,32.2,0
e1-100,binary,100,bot_102,2962,b,56,50.51,25,148.45,175,26.55,0
e1-100,binary,100,bot_102,2962,b,58,48.04,25,143.38,171,27.62,0
e1-100,binary,100,bot_102,2962,b,60,35.26,25,107.22,115,7.78,0
e1-100,binary,100,bot_103,2963,w,1,73.34,25,74.53,119,44.47,0
e1-100,binary,100,bot_103,2963,w,3,66.19,25,102.41,140,37.59,0
e1-100,binary,100,bot_103,2963,w,5,74.21,25,113.9,141,27.1,0
e1-100,binary,100,bot_103,2963,w,7,57.29,25,125.62,153,27.38,0
e1-100,binary,100,bot_103,2963,w,9,75.35,25,145.04,174,28.96,0
e1-100,binary,100,bot_103,2963,w,11,61.78,25,133.76,157,23.24,0
e1-100,binary,100,bot_103,2963,w,13,44.98,25,112.88,135,22.12,0
e1-100,binary,100,bot_103,2963,w,15,52.74,25,135.44,164,28.56,0
e1-100,binary,100,bot_103,2963,w,17,47.12,25,175.3,201,25.7,0
e1-100,binary,100,bot_103,2963,w,19,45.55,25,173.46,192,18.54,0
e1-100,binary,100,bot_103,2963,w,21,44.57,25,207.29,222,14.71,0
e1-100,binary,100,bot_103,2963,w,23,33.26,25,190.03,195,4.97,0
e1-100,binary,100,bot_103,2963,w,25,27.78,25,202.87,204,1.13,0
e1-100,binary,100,bot_103,2963,w,27,66.68,25,216.11,203,-13.11,0
e1-100,binary,100,bot_103,2963,w,29,73.65,25,198.15,214,15.85,0
e1-100,binary,100,bot_103,2963,w,31,42.33,25,175.77,191,15.23,0
e1-100,binary,100,bot_103,2963,w,33,37.73,25,199.5,207,7.5,0
e1-100,binary,100,bot_103,2963,w,35,24.73,25,206.4,201,-5.4,0
e1-100,binary,100,bot_103,2963,w,37,19.84,25,203.54,186,-17.54,0
e1-100,binary,100,bot_103,2963,w,39,83.45,25,169.41,148,-21.41,0
e1-100,binary,100,bot_103,2963,w,41,96.28,25,128.07,185,56.93,0
e1-100,binary,100,bot_103,2963,w,43,90.61,25,114.55,147,32.45,0
e1-100,binary,100,bot_103,2963,w,45,84.47,25,139.72,188,48.28,0
e1-100,binary,100,bot_103,2963,w,47,80.49,25,128.62,176,47.38,0
e1-100,binary,100,bot_103,2963,w,49,55.88,25,128.51,149,20.49,0
e1-100,binary,100,bot_103,2963,w,51,64.16,25,115.3,161,45.7,0
e1-100,binary,100,bot_103,2963,w,53,59.72,25,145.1,176,30.9,0
e1-100,binary,100,bot_103,2963,w,55,49.12,25,149.77,175,25.23,0
e1-100,binary,100,bot_103,2963,w,57,46.57,25,144.74,170,25.26,0
e1-100,binary,100,bot_103,2963,w,59,34.42,25,107.83,111,3.17,0
e1-100,binary,100,bot_104,2963,b,2,77.88,25,85.25,125,39.75,0
e1-100,binary,100,bot_104,2963,b,4,67.5,25,101.16,133,31.84,0
e1-100,binary,100,bot_104,2963,b,6,68.09,25,108.95,150,41.05,0
e1-100,binary,100,bot_104,2963,b,8,67.84,25,116.99,140,23.01,0
e1-100,binary,100,bot_104,2963,b,10,64.61,25,152.19,194,41.81,0
e1-100,binary,100,bot_104,2963,b,12,58.36,25,151.19,182,30.81,0
e1-100,binary,100,bot_104,2963,b,14,65.22,25,137.93,152,14.07,0
e1-100,binary,100,bot_104,2963,b,16,61.7,25,179.18,201,21.82,0
e1-100,binary,100,bot_104,2963,b,18,55.17,25,160.25,175,14.75,0
e1-100,binary,100,bot_104,2963,b,20,51.43,25,203.63,218,14.37,0
e1-100,binary,100,bot_104,2963,b,22,41.24,25,200.67,213,12.33,0
e1-100,binary,100,bot_104,2963,b,24,37.05,25,201.7,204,2.3,0
e1-100,binary,100,bot_104,2963,b,26,24.07,25,192.53,188,-4.53,0
e1-100,binary,100,bot_104,2963,b,28,51.97,25,187.82,223,35.18,0
e1-100,binary,100,bot_104,2963,b,30,51.34,25,188.86,230,41.14,0
e1-100,binary,100,bot_104,2963,b,32,42.66,25,175.85,187,11.15,0
e1-100,binary,100,bot_104,2963,b,34,29.71,25,188.68,193,4.32,0
e1-100,binary,100,bot_104,2963,b,36,18.37,25,181.46,174,-7.46,0
e1-100,binary,100,bot_104,2963,b,38,14.41,25,192.64,181,-11.64,0
e1-100,binary,100,bot_104,2963,b,40,92.38,25,87.42,139,51.58,0
e1-100,binary,100,bot_104,2963,b,42,67.2,25,87.59,153,65.41,0
e1-100,binary,100,bot_104,2963,b,44,82.78,25,97.83,157,59.17,0
e1-100,binary,100,bot_104,2963,b,46,82.91,25,113.14,167,53.86,0
e1-100,binary,100,bot_104,2963,b,48,56.09,25,104.25,153,48.75,0
e1-100,binary,100,bot_104,2963,b,50,80.95,25,116.32,141,24.68,0
e1-100,binary,100,bot_104,2963,b,52,65,25,121.87,154,32.13,0
e1-100,binary,100,bot_104,2963,b,54,59.46,25,143.79,172,28.21,0
e1-100,binary,100,bot_104,2963,b,56,59.73,25,134.32,152,17.68,0
e1-100,binary,100,bot_104,2963,b,58,37.56,25,155.57,171,15.43,0
e1-100,binary,100,bot_104,2963,b,60,47.6,25,120.89,123,2.11,0
e1-100,binary,100,bot_105,2964,w,1,82.57,25,80.94,122,41.06,0
e1-100,binary,100,bot_105,2964,w,3,72.56,25,95.95,125,29.05,0
e1-100,binary,100,bot_105,2964,w,5,73.77,25,103.26,143,39.74,0
e1-100,binary,100,bot_105,2964,w,7,73.6,25,111.24,133,21.76,0
e1-100,binary,100,bot_105,2964,w,9,71.97,25,145.22,185,39.78,0
e1-100,binary,100,bot_105,2964,w,11,64.05,25,145.83,173,27.17,0
e1-100,binary,100,bot_105,2964,w,13,68.44,25,134.38,145,10.63,0
e1-100,binary,100,bot_105,2964,w,15,66.77,25,173.67,195,21.33,0
e1-100,binary,100,bot_105,2964,w,17,58.51,25,157.02,170,12.98,0
e1-100,binary,100,bot_105,2964,w,19,55.72,25,199.66,214,14.34,0
e1-100,binary,100,bot_105,2964,w,21,46.65,25,195.68,209,13.32,0
e1-100,binary,100,bot_105,2964,w,23,40.67,25,197.64,200,2.36,0
e1-100,binary,100,bot_105,2964,w,25,27.14,25,189.08,186,-3.08,0
e1-100,binary,100,bot_105,2964,w,27,55.01,25,185.11,221,35.89,0
e1-100,binary,100,bot_105,2964,w,29,55.23,25,185.45,229,43.55,0
e1-100,binary,100,bot_105,2964,w,31,48.31,25,170.46,178,7.54,0
e1-100,binary,100,bot_105,2964,w,33,27.63,25,190.78,198,7.22,0
e1-100,binary,100,bot_105,2964,w,35,15.79,25,184.07,168,-16.07,0
e1-100,binary,100,bot_105,2964,w,37,112.64,25,195.7,177,-18.7,0
e1-100,binary,100,bot_105,2964,w,39,92.02,25,87.28,122,34.72,0
e1-100,binary,100,bot_105,2964,w,41,65.88,25,88.8,145,56.2,0
e1-100,binary,100,bot_105,2964,w,43,80.02,25,100.55,151,50.45,0
e1-100,binary,100,bot_105,2964,w,45,79.52,25,116.52,161,44.48,0
e1-100,binary,100,bot_105,2964,w,47,53.61,25,106.66,149,42.34,0
e1-100,binary,100,bot_105,2964,w,49,77.87,25,119.54,138,18.46,0
e1-100,binary,100,bot_105,2964,w,51,59.1,25,127.83,154,26.17,0
e1-100,binary,100,bot_105,2964,w,53,55.12,25,148.28,171,22.72,0
e1-100,binary,100,bot_105,2964,w,55,54.84,25,139.36,151,11.64,0
e1-100,binary,100,bot_105,2964,w,57,33.65,25,159.6,168,8.4,0
e1-100,binary,100,bot_105,2964,w,59,44.11,25,124.52,123,-1.52,0
e1-100,binary,100,bot_106,2964,b,2,71.25,25,97.45,148,50.55,0
e1-100,binary,100,bot_106,2964,b,4,80.29,25,108.05,147,38.95,0
e1-100,binary,100,bot_106,2964,b,6,63.91,25,118.83,158,39.17,0
e1-100,binary,100,bot_106,2964,b,8,81.28,25,139.07,180,40.93,0
e1-100,binary,100,bot_106,2964,b,10,64.58,25,130.38,168,37.62,0
e1-100,binary,100,bot_106,2964,b,12,47.02,25,111.28,144,32.72,0
e1-100,binary,100,bot_106,2964,b,14,57.94,25,130.34,167,36.66,0
e1-100,binary,100,bot_106,2964,b,16,49.81,25,172.48,208,35.52,0
e1-100,binary,100,bot_106,2964,b,18,51.21,25,167.69,196,28.31,0
e1-100,binary,100,bot_106,2964,b,20,50.61,25,200.96,225,24.04,0
e1-100,binary,100,bot_106,2964,b,22,38.1,25,185.15,200,14.85,0
e1-100,binary,100,bot_106,2964,b,24,34.09,25,196.73,206,9.27,0
e1-100,binary,100,bot_106,2964,b,26,72.74,25,209.81,206,-3.81,0
e1-100,binary,100,bot_106,2964,b,28,80.43,25,191.09,215,23.91,0
e1-100,binary,100,bot_106,2964,b,30,45.32,25,172.61,197,24.39,0
e1-100,binary,100,bot_106,2964,b,32,44.13,25,194,211,17,0
e1-100,binary,100,bot_106,2964,b,34,19.54,25,211.35,207,-4.35,0
e1-100,binary,100,bot_106,2964,b,36,17.11,25,206.36,192,-14.36,0
e1-100,binary,100,bot_106,2964,b,38,71.49,25,80.7,162,81.3,0
e1-100,binary,100,bot_106,2964,b,40,92.65,25,131.87,192,60.13,0
e1-100,binary,100,bot_106,2964,b,42,86.59,25,118.84,153,34.16,0
e1-100,binary,100,bot_106,2964,b,44,80.93,25,143.29,191,47.71,0
e1-100,binary,100,bot_106,2964,b,46,78.62,25,130.42,179,48.58,0
e1-100,binary,100,bot_106,2964,b,48,54.64,25,129.61,151,21.39,0
e1-100,binary,100,bot_106,2964,b,50,62.86,25,116.44,162,45.56,0
e1-100,binary,100,bot_106,2964,b,52,57.95,25,146.46,174,27.54,0
e1-100,binary,100,bot_106,2964,b,54,47,25,151.52,174,22.48,0
e1-100,binary,100,bot_106,2964,b,56,44.69,25,146.45,169,22.55,0
e1-100,binary,100,bot_106,2964,b,58,33.54,25,108.04,110,1.96,0
e1-100,binary,100,bot_106,2964,b,60,41.41,25,109.91,122,12.09,0
e1-100,binary,100,bot_107,2965,w,1,75.14,25,93.86,148,54.14,0
e1-100,binary,100,bot_107,2965,w,3,82.63,25,105.98,142,36.02,0
e1-100,binary,100,bot_107,2965,w,5,69.03,25,113.42,152,38.58,0
e1-100,binary,100,bot_107,2965,w,7,86.21,25,134.06,172,37.94,0
e1-100,binary,100,bot_107,2965,w,9,71.62,25,122.39,160,37.61,0
e1-100,binary,100,bot_107,2965,w,11,50.99,25,107.63,141,33.37,0
e1-100,binary,100,bot_107,2965,w,13,65.21,25,123.33,160,36.67,0
e1-100,binary,100,bot_107,2965,w,15,56.9,25,165.44,204,38.56,0
e1-100,binary,100,bot_107,2965,w,17,56.8,25,162.01,192,29.99,0
e1-100,binary,100,bot_107,2965,w,19,58.83,25,192.19,222,29.81,0
e1-100,binary,100,bot_107,2965,w,21,46.88,25,176.18,196,19.82,0
e1-100,binary,100,bot_107,2965,w,23,37.62,25,193.86,205,11.14,0
e1-100,binary,100,bot_107,2965,w,25,75.51,25,207.12,202,-5.12,0
e1-100,binary,100,bot_107,2965,w,27,89.02,25,181.84,207,25.16,0
e1-100,binary,100,bot_107,2965,w,29,48.08,25,169.45,194,24.55,0
e1-100,binary,100,bot_107,2965,w,31,53.12,25,185.76,201,15.24,0
e1-100,binary,100,bot_107,2965,w,33,15.39,25,215.41,205,-10.41,0
e1-100,binary,100,bot_107,2965,w,35,116.32,25,211.06,190,-21.06,0
e1-100,binary,100,bot_107,2965,w,37,68.26,25,83.7,148,64.3,0
e1-100,binary,100,bot_107,2965,w,39,88.88,25,135.65,191,55.35,0
e1-100,binary,100,bot_107,2965,w,41,83.26,25,122.26,152,29.74,0
e1-100,binary,100,bot_107,2965,w,43,77.43,25,146.78,187,40.22,0
e1-100,binary,100,bot_107,2965,w,45,74.21,25,134.86,177,42.14,0
e1-100,binary,100,bot_107,2965,w,47,52.21,25,132.06,149,16.94,0
e1-100,binary,100,bot_107,2965,w,49,59.21,25,120.1,161,40.9,0
e1-100,binary,100,bot_107,2965,w,51,53.97,25,150.37,171,20.63,0
e1-100,binary,100,bot_107,2965,w,53,42.49,25,155.98,174,18.02,0
e1-100,binary,100,bot_107,2965,w,55,42.11,25,149.02,165,15.98,0
e1-100,binary,100,bot_107,2965,w,57,31.18,25,110.25,105,-5.25,0
e1-100,binary,100,bot_107,2965,w,59,38.43,25,112.88,120,7.12,0
e1-100,binary,100,bot_108,2965,b,2,76.51,25,92.23,134,41.77,0
e1-100,binary,100,bot_108,2965,b,4,78.94,25,98.16,148,49.84,0
e1-100,binary,100,bot_108,2965,b,6,78.43,25,106.4,141,34.6,0
e1-100,binary,100,bot_108,2965,b,8,78.73,25,138.74,191,52.26,0
e1-100,binary,100,bot_108,2965,b,10,69.95,25,140.32,182,41.68,0
e1-100,binary,100,bot_108,2965,b,12,72.72,25,129.86,150,20.14,0
e1-100,binary,100,bot_108,2965,b,14,74.11,25,166.14,201,34.86,0
e1-100,binary,100,bot_108,2965,b,16,65.49,25,150.16,175,24.84,0
e1-100,binary,100,bot_108,2965,b,18,65.83,25,189.91,216,26.09,0
e1-100,binary,100,bot_108,2965,b,20,56.35,25,186.37,215,28.63,0
e1-100,binary,100,bot_108,2965,b,22,46.61,25,191.28,208,16.72,0
e1-100,binary,100,bot_108,2965,b,24,31.38,25,184.78,192,7.22,0
e1-100,binary,100,bot_108,2965,b,26,59.87,25,180.52,226,45.48,0
e1-100,binary,100,bot_108,2965,b,28,60.49,25,180.4,237,56.6,0
e1-100,binary,100,bot_108,2965,b,30,52.38,25,166.78,185,18.22,0
e1-100,binary,100,bot_108,2965,b,32,24.59,25,193.95,216,22.05,0
e1-100,binary,100,bot_108,2965,b,34,13.96,25,185.98,169,-16.98,0
e1-100,binary,100,bot_108,2965,b,36,98.45,25,106.01,190,83.99,0
e1-100,binary,100,bot_108,2965,b,38,90.31,25,88.94,125,36.06,0
e1-100,binary,100,bot_108,2965,b,40,64.61,25,89.85,147,57.15,0
e1-100,binary,100,bot_108,2965,b,42,75.74,25,104.94,157,52.06,0
e1-100,binary,100,bot_108,2965,b,44,77.12,25,118.88,165,46.12,0
e1-100,binary,100,bot_108,2965,b,46,52.34,25,107.66,150,42.34,0
e1-100,binary,100,bot_108,2965,b,48,76.19,25,121.54,142,20.46,0
e1-100,binary,100,bot_108,2965,b,50,56.13,25,130.8,158,27.2,0
e1-100,binary,100,bot_108,2965,b,52,53.06,25,150.57,173,22.43,0
e1-100,binary,100,bot_108,2965,b,54,51.54,25,142.96,154,11.04,0
e1-100,binary,100,bot_108,2965,b,56,29.6,25,163.96,174,10.04,0
e1-100,binary,100,bot_108,2965,b,58,42.18,25,126.76,125,-1.76,0
e1-100,binary,100,bot_108,2965,b,60,41.88,25,139.63,147,7.37,0
e1-100,binary,100,bot_109,2966,w,1,79.63,25,89.72,129,39.28,0
e1-100,binary,100,bot_109,2966,w,3,82.01,25,95.05,133,37.95,0
e1-100,binary,100,bot_109,2966,w,5,83.05,25,102.02,128,25.98,0
e1-100,binary,100,bot_109,2966,w,7,84.41,25,133.52,178,44.48,0
e1-100,binary,100,bot_109,2966,w,9,75.41,25,135.23,170,34.77,0
e1-100,binary,100,bot_109,2966,w,11,80.17,25,121.97,135,13.03,0
e1-100,binary,100,bot_109,2966,w,13,79.67,25,160.09,191,30.91,0
e1-100,binary,100,bot_109,2966,w,15,69.58,25,146.16,167,20.84,0
e1-100,binary,100,bot_109,2966,w,17,71.33,25,184.82,204,19.18,0
e1-100,binary,100,bot_109,2966,w,19,61.41,25,181.76,205,23.24,0
e1-100,binary,100,bot_109,2966,w,21,51.26,25,186.32,197,10.68,0
e1-100,binary,100,bot_109,2966,w,23,34.72,25,181.59,184,2.41,0
e1-100,binary,100,bot_109,2966,w,25,63.42,25,177.31,214,36.69,0
e1-100,binary,100,bot_109,2966,w,27,65.2,25,176.38,230,53.62,0
e1-100,binary,100,bot_109,2966,w,29,56.26,25,163.47,174,10.53,0
e1-100,binary,100,bot_109,2966,w,31,20.43,25,198.18,217,18.82,0
e1-100,binary,100,bot_109,2966,w,33,117.3,25,191.18,164,-27.18,0
e1-100,binary,100,bot_109,2966,w,35,93.84,25,110.2,172,61.8,0
e1-100,binary,100,bot_109,2966,w,37,85.47,25,93.8,121,27.2,0
e1-100,binary,100,bot_109,2966,w,39,62.65,25,92.3,139,46.7,0
e1-100,binary,100,bot_109,2966,w,41,71.38,25,109.52,150,40.48,0
e1-100,binary,100,bot_109,2966,w,43,72.33,25,123.68,161,37.32,0
e1-100,binary,100,bot_109,2966,w,45,49.59,25,110.35,142,31.65,0
e1-100,binary,100,bot_109,2966,w,47,73.91,25,123.9,134,10.1,0
e1-100,binary,100,bot_109,2966,w,49,53.82,25,133.07,150,16.93,0
e1-100,binary,100,bot_109,2966,w,51,50.51,25,153.26,164,10.74,0
e1-100,binary,100,bot_109,2966,w,53,48.36,25,146.21,149,2.79,0
e1-100,binary,100,bot_109,2966,w,55,26.83,25,166.75,167,0.25,0
e1-100,binary,100,bot_109,2966,w,57,39.7,25,129.29,121,-8.29,0
e1-100,binary,100,bot_109,2966,w,59,39.27,25,142.21,140,-2.21,0
e1-100,binary,100,bot_110,2966,b,2,87.06,25,101.67,143,41.33,0
e1-100,binary,100,bot_110,2966,b,4,75.7,25,106.46,150,43.54,0
e1-100,binary,100,bot_110,2966,b,6,93.15,25,127.03,171,43.97,0
e1-100,binary,100,bot_110,2966,b,8,77.52,25,115.9,161,45.1,0
e1-100,binary,100,bot_110,2966,b,10,54.71,25,104.29,144,39.71,0
e1-100,binary,100,bot_110,2966,b,12,71.5,25,117.36,162,44.64,0
e1-100,binary,100,bot_110,2966,b,14,63.03,25,159.36,203,43.64,0
e1-100,binary,100,bot_110,2966,b,16,60.75,25,157.99,193,35.01,0
e1-100,binary,100,bot_110,2966,b,18,64.9,25,185.84,222,36.16,0
e1-100,binary,100,bot_110,2966,b,20,53.01,25,170.01,195,24.99,0
e1-100,binary,100,bot_110,2966,b,22,44.32,25,187.25,203,15.75,0
e1-100,binary,100,bot_110,2966,b,24,79.44,25,203.01,202,-1.01,0
e1-100,binary,100,bot_110,2966,b,26,95.61,25,174.97,203,28.03,0
e1-100,binary,100,bot_110,2966,b,28,52.2,25,165.07,195,29.93,0
e1-100,binary,100,bot_110,2966,b,30,58.42,25,181.27,201,19.73,0
e1-100,binary,100,bot_110,2966,b,32,13.15,25,217.32,202,-15.32,0
e1-100,binary,100,bot_110,2966,b,34,101.8,25,117.53,201,83.47,0
e1-100,binary,100,bot_110,2966,b,36,67.24,25,84.82,145,60.18,0
e1-100,binary,100,bot_110,2966,b,38,86.74,25,137.82,189,51.18,0
e1-100,binary,100,bot_110,2966,b,40,81,25,124.11,151,26.89,0
e1-100,binary,100,bot_110,2966,b,42,76.95,25,146.85,183,36.15,0
e1-100,binary,100,bot_110,2966,b,44,71.17,25,137.9,175,37.1,0
e1-100,binary,100,bot_110,2966,b,46,50.02,25,134.21,148,13.79,0
e1-100,binary,100,bot_110,2966,b,48,57.4,25,121.93,162,40.07,0
e1-100,binary,100,bot_110,2966,b,50,50.74,25,153.45,173,19.55,0
e1-100,binary,100,bot_110,2966,b,52,42.21,25,155.92,171,15.08,0
e1-100,binary,100,bot_110,2966,b,54,39.51,25,151.68,165,13.32,0
e1-100,binary,100,bot_110,2966,b,56,29.18,25,111.82,104,-7.82,0
e1-100,binary,100,bot_110,2966,b,58,35.44,25,115.91,121,5.09,0
e1-100,binary,100,bot_110,2966,b,60,28.02,25,115.56,120,4.44,0
e1-100,binary,100,bot_111,2967,w,1,93.48,25,95.32,142,46.68,0
e1-100,binary,100,bot_111,2967,w,3,82.38,25,99.33,141,41.67,0
e1-100,binary,100,bot_111,2967,w,5,99,25,120.77,161,40.23,0
e1-100,binary,100,bot_111,2967,w,7,82.33,25,110.61,153,42.39,0
e1-100,binary,100,bot_111,2967,w,9,57.9,25,101.51,140,38.49,0
e1-100,binary,100,bot_111,2967,w,11,77.76,25,111.37,156,44.63,0
e1-100,binary,100,bot_111,2967,w,13,68.33,25,154.66,199,44.34,0
e1-100,binary,100,bot_111,2967,w,15,63.86,25,154.9,192,37.1,0
e1-100,binary,100,bot_111,2967,w,17,70.41,25,179.83,219,39.17,0
e1-100,binary,100,bot_111,2967,w,19,58.71,25,164.05,188,23.95,0
e1-100,binary,100,bot_111,2967,w,21,50.47,25,181.45,200,18.55,0
e1-100,binary,100,bot_111,2967,w,23,84.7,25,197.48,198,0.52,0
e1-100,binary,100,bot_111,2967,w,25,96.84,25,173.36,201,27.64,0
e1-100,binary,100,bot_111,2967,w,27,55.29,25,161.39,193,31.61,0
e1-100,binary,100,bot_111,2967,w,29,63.02,25,177.42,198,20.58,0
e1-100,binary,100,bot_111,2967,w,31,109.23,25,221.7,202,-19.7,0
e1-100,binary,100,bot_111,2967,w,33,97.89,25,121.06,191,69.94,0
e1-100,binary,100,bot_111,2967,w,35,65.22,25,86.95,142,55.05,0
e1-100,binary,100,bot_111,2967,w,37,84.34,25,140.27,186,45.73,0
e1-100,binary,100,bot_111,2967,w,39,78.68,25,126.38,149,22.62,0
e1-100,binary,100,bot_111,2967,w,41,74.62,25,149.13,179,29.88,0
e1-100,binary,100,bot_111,2967,w,43,67.95,25,141.11,173,31.89,0
e1-100,binary,100,bot_111,2967,w,45,48.27,25,135.94,146,10.06,0
e1-100,binary,100,bot_111,2967,w,47,55.23,25,124.04,156,31.96,0
e1-100,binary,100,bot_111,2967,w,49,50.39,25,153.63,166,12.37,0
e1-100,binary,100,bot_111,2967,w,51,40.14,25,157.87,166,8.13,0
e1-100,binary,100,bot_111,2967,w,53,37.9,25,153.22,158,4.78,0
e1-100,binary,100,bot_111,2967,w,55,26.76,25,114.03,100,-14.03,0
e1-100,binary,100,bot_111,2967,w,57,33.32,25,118.02,117,-1.02,0
e1-100,binary,100,bot_111,2967,w,59,26.78,25,116.71,118,1.29,0
e1-100,binary,100,bot_112,2967,b,2,86.1,25,91.6,147,55.4,0
e1-100,binary,100,bot_112,2967,b,4,86.28,25,98.95,142,43.05,0
e1-100,binary,100,bot_112,2967,b,6,87.69,25,130.83,192,61.17,0
e1-100,binary,100,bot_112,2967,b,8,78.36,25,132.24,181,48.76,0
e1-100,binary,100,bot_112,2967,b,10,83.67,25,118.33,142,23.67,0
e1-100,binary,100,bot_112,2967,b,12,84.04,25,154.94,199,44.06,0
e1-100,binary,100,bot_112,2967,b,14,75.68,25,140.09,175,34.91,0
e1-100,binary,100,bot_112,2967,b,16,77.78,25,178.62,208,29.38,0
e1-100,binary,100,bot_112,2967,b,18,63.31,25,180.36,217,36.64,0
e1-100,binary,100,bot_112,2967,b,20,58.17,25,179.3,205,25.7,0
e1-100,binary,100,bot_112,2967,b,22,38.64,25,177.75,195,17.25,0
e1-100,binary,100,bot_112,2967,b,24,66.94,25,173.95,224,50.05,0
e1-100,binary,100,bot_112,2967,b,26,70.46,25,171.31,234,62.69,0
e1-100,binary,100,bot_112,2967,b,28,58.21,25,161.83,183,21.17,0
e1-100,binary,100,bot_112,2967,b,30,18.75,25,199.89,228,28.11,0
e1-100,binary,100,bot_112,2967,b,32,106.81,25,101.69,177,75.31,0
e1-100,binary,100,bot_112,2967,b,34,91.74,25,112.06,176,63.94,0
e1-100,binary,100,bot_112,2967,b,36,83.68,25,95.6,126,30.4,0
e1-100,binary,100,bot_112,2967,b,38,60.74,25,94.17,145,50.83,0
e1-100,binary,100,bot_112,2967,b,40,68.32,25,112.86,159,46.14,0
e1-100,binary,100,bot_112,2967,b,42,69.83,25,126.19,168,41.81,0
e1-100,binary,100,bot_112,2967,b,44,47.55,25,112.23,147,34.77,0
e1-100,binary,100,bot_112,2967,b,46,71.34,25,126.85,143,16.15,0
e1-100,binary,100,bot_112,2967,b,48,49.86,25,137.24,158,20.76,0
e1-100,binary,100,bot_112,2967,b,50,47.66,25,156.44,174,17.56,0
e1-100,binary,100,bot_112,2967,b,52,44.4,25,150.49,157,6.51,0
e1-100,binary,100,bot_112,2967,b,54,23.63,25,170.31,175,4.69,0
e1-100,binary,100,bot_112,2967,b,56,36.88,25,132.43,126,-6.43,0
e1-100,binary,100,bot_112,2967,b,58,39.39,25,141.99,142,0.01,0
e1-100,binary,100,bot_112,2967,b,60,31.23,25,146.53,139,-7.53,0
e1-100,binary,100,bot_113,2968,w,1,89.62,25,88.39,149,60.61,0
e1-100,binary,100,bot_113,2968,w,3,90.09,25,95.17,135,39.83,0
e1-100,binary,100,bot_113,2968,w,5,92.34,25,126.65,186,59.35,0
e1-100,binary,100,bot_113,2968,w,7,82.87,25,127.72,177,49.28,0
e1-100,binary,100,bot_113,2968,w,9,87.72,25,114,137,23,0
e1-100,binary,100,bot_113,2968,w,11,86.77,25,151.93,194,42.07,0
e1-100,binary,100,bot_113,2968,w,13,79.77,25,135.65,169,33.35,0
e1-100,binary,100,bot_113,2968,w,15,83.26,25,173.14,200,26.86,0
e1-100,binary,100,bot_113,2968,w,17,66.97,25,176.86,211,34.14,0
e1-100,binary,100,bot_113,2968,w,19,63.56,25,173.69,197,23.31,0
e1-100,binary,100,bot_113,2968,w,21,41.26,25,175.11,191,15.89,0
e1-100,binary,100,bot_113,2968,w,23,71.14,25,170.09,217,46.91,0
e1-100,binary,100,bot_113,2968,w,25,74.27,25,167.36,229,61.64,0
e1-100,binary,100,bot_113,2968,w,27,60.64,25,159.67,178,18.33,0
e1-100,binary,100,bot_113,2968,w,29,129.05,25,205.49,234,28.51,0
e1-100,binary,100,bot_113,2968,w,31,101.67,25,106.39,167,60.61,0
e1-100,binary,100,bot_113,2968,w,33,85.84,25,117.87,174,56.13,0
e1-100,binary,100,bot_113,2968,w,35,80.36,25,98.98,123,24.02,0
e1-100,binary,100,bot_113,2968,w,37,56.87,25,97.96,141,43.04,0
e1-100,binary,100,bot_113,2968,w,39,63.33,25,117.91,156,38.09,0
e1-100,binary,100,bot_113,2968,w,41,63.38,25,132.71,167,34.29,0
e1-100,binary,100,bot_113,2968,w,43,43.2,25,116.53,144,27.47,0
e1-100,binary,100,bot_113,2968,w,45,66.57,25,131.78,142,10.22,0
e1-100,binary,100,bot_113,2968,w,47,44.47,25,142.72,159,16.28,0
e1-100,binary,100,bot_113,2968,w,49,41.16,25,163.09,173,9.91,0
e1-100,binary,100,bot_113,2968,w,51,38.76,25,156.27,156,-0.27,0
e1-100,binary,100,bot_113,2968,w,53,20.91,25,173.15,171,-2.15,0
e1-100,binary,100,bot_113,2968,w,55,34.3,25,135.08,124,-11.08,0
e1-100,binary,100,bot_113,2968,w,57,33.51,25,147.95,145,-2.95,0
e1-100,binary,100,bot_113,2968,w,59,26.51,25,151.41,139,-12.41,0
e1-100,binary,100,bot_114,2968,b,2,85.88,25,96.03,146,49.97,0
e1-100,binary,100,bot_114,2968,b,4,104.72,25,114.92,164,49.08,0
e1-100,binary,100,bot_114,2968,b,6,89.13,25,103.59,154,50.41,0
e1-100,binary,100,bot_114,2968,b,8,63.02,25,96.49,144,47.51,0
e1-100,binary,100,bot_114,2968,b,10,81.66,25,107.76,160,52.24,0
e1-100,binary,100,bot_114,2968,b,12,74.41,25,148.46,200,51.54,0
e1-100,binary,100,bot_114,2968,b,14,67.07,25,151.85,196,44.15,0
e1-100,binary,100,bot_114,2968,b,16,74.33,25,175.92,224,48.08,0
e1-100,binary,100,bot_114,2968,b,18,62.66,25,160.02,190,29.98,0
e1-100,binary,100,bot_114,2968,b,20,54.63,25,177.51,206,28.49,0
e1-100,binary,100,bot_114,2968,b,22,88.68,25,193.27,199,5.73,0
e1-100,binary,100,bot_114,2968,b,24,102.01,25,168,204,36,0
e1-100,binary,100,bot_114,2968,b,26,58.27,25,158.69,197,38.31,0
e1-100,binary,100,bot_114,2968,b,28,66.86,25,174.44,199,24.56,0
e1-100,binary,100,bot_114,2968,b,30,99.04,25,116.52,212,95.48,0
e1-100,binary,100,bot_114,2968,b,32,94.43,25,124.55,192,67.45,0
e1-100,binary,100,bot_114,2968,b,34,62.44,25,89.75,141,51.25,0
e1-100,binary,100,bot_114,2968,b,36,80.96,25,143.66,188,44.34,0
e1-100,binary,100,bot_114,2968,b,38,75.92,25,129.22,150,20.78,0
e1-100,binary,100,bot_114,2968,b,40,72.34,25,151.04,179,27.96,0
e1-100,binary,100,bot_114,2968,b,42,65.13,25,143.77,172,28.23,0
e1-100,binary,100,bot_114,2968,b,44,47.11,25,136.96,144,7.04,0
e1-100,binary,100,bot_114,2968,b,46,54.39,25,124.64,156,31.36,0
e1-100,binary,100,bot_114,2968,b,48,48.53,25,154.88,164,9.12,0
e1-100,binary,100,bot_114,2968,b,50,38.65,25,158.94,165,6.06,0
e1-100,binary,100,bot_114,2968,b,52,35.44,25,155.46,160,4.54,0
e1-100,binary,100,bot_114,2968,b,54,25.13,25,115.1,101,-14.1,0
e1-100,binary,100,bot_114,2968,b,56,31.79,25,119.46,118,-1.46,0
e1-100,binary,100,bot_114,2968,b,58,24.57,25,118.53,118,-0.53,0
e1-100,binary,100,bot_114,2968,b,60,14.23,25,141.07,133,-8.07,0
e1-100,binary,100,bot_115,2969,w,1,88.79,25,92.71,140,47.29,0
e1-100,binary,100,bot_115,2969,w,3,114.78,25,104.61,146,41.39,0
e1-100,binary,100,bot_115,2969,w,5,97.8,25,94.55,141,46.45,0
e1-100,binary,100,bot_115,2969,w,7,67.16,25,92.54,139,46.46,0
e1-100,binary,100,bot_115,2969,w,9,86.2,25,103.72,154,50.28,0
e1-100,binary,100,bot_115,2969,w,11,81.54,25,141.48,193,51.52,0
e1-100,binary,100,bot_115,2969,w,13,74.42,25,144.6,188,43.4,0
e1-100,binary,100,bot_115,2969,w,15,82.48,25,167.39,214,46.61,0
e1-100,binary,100,bot_115,2969,w,17,71.3,25,151.32,178,26.68,0
e1-100,binary,100,bot_115,2969,w,19,62.89,25,169.85,194,24.15,0
e1-100,binary,100,bot_115,2969,w,21,25.19,25,164.26,165,0.74,0
e1-100,binary,100,bot_115,2969,w,23,131.14,25,216.85,189,-27.85,0
e1-100,binary,100,bot_115,2969,w,25,66.27,25,151.24,186,34.76,0
e1-100,binary,100,bot_115,2969,w,27,62.77,25,168.88,196,27.12,0
e1-100,binary,100,bot_115,2969,w,29,65.21,25,168.99,194,25.01,0
e1-100,binary,100,bot_115,2969,w,31,61.67,25,160.83,168,7.17,0
e1-100,binary,100,bot_115,2969,w,33,31.58,25,147.86,150,2.14,0
e1-100,binary,100,bot_115,2969,w,35,39.51,25,178.83,168,-10.83,0
e1-100,binary,100,bot_115,2969,w,37,13.82,25,153.24,131,-22.24,0
e1-100,binary,100,bot_115,2969,w,39,121.49,25,199.04,167,-32.04,0
e1-100,binary,100,bot_115,2969,w,41,94.55,25,114.61,169,54.39,0
e1-100,binary,100,bot_115,2969,w,43,67.85,25,116.39,142,25.61,0
e1-100,binary,100,bot_115,2969,w,45,75.51,25,103.67,153,49.33,0
e1-100,binary,100,bot_115,2969,w,47,69.64,25,135.86,171,35.14,0
e1-100,binary,100,bot_115,2969,w,49,55.14,25,144.63,176,31.37,0
e1-100,binary,100,bot_115,2969,w,51,56.53,25,134.74,162,27.26,0
e1-100,binary,100,bot_115,2969,w,53,23.91,25,116.14,129,12.86,0
e1-100,binary,100,bot_115,2969,w,55,30.05,25,121.05,114,-7.05,0
e1-100,binary,100,bot_115,2969,w,57,22.98,25,119.99,110,-9.99,0
e1-100,binary,100,bot_115,2969,w,59,12.31,25,142.85,128,-14.85,0
e1-100,binary,100,bot_116,2969,b,2,94.55,25,90.78,141,50.22,0
e1-100,binary,100,bot_116,2969,b,4,100.43,25,119.03,195,75.97,0
e1-100,binary,100,bot_116,2969,b,6,90.75,25,119.79,182,62.21,0
e1-100,binary,100,bot_116,2969,b,8,95.27,25,106.32,139,32.68,0
e1-100,binary,100,bot_116,2969,b,10,96.34,25,141.87,194,52.13,0
e1-100,binary,100,bot_116,2969,b,12,88.2,25,127.3,174,46.7,0
e1-100,binary,100,bot_116,2969,b,14,92.22,25,164.52,204,39.48,0
e1-100,binary,100,bot_116,2969,b,16,71.98,25,172.29,219,46.71,0
e1-100,binary,100,bot_116,2969,b,18,69.94,25,166.9,203,36.1,0
e1-100,binary,100,bot_116,2969,b,20,46.85,25,169.48,198,28.52,0
e1-100,binary,100,bot_116,2969,b,22,18.3,25,236.66,227,-9.66,0
e1-100,binary,100,bot_116,2969,b,24,80.54,25,161,257,96,0
e1-100,binary,100,bot_116,2969,b,26,72,25,148.69,180,31.31,0
e1-100,binary,100,bot_116,2969,b,28,66.22,25,153.63,185,31.38,0
e1-100,binary,100,bot_116,2969,b,30,48.44,25,151.66,184,32.34,0
e1-100,binary,100,bot_116,2969,b,32,44.28,25,163.29,193,29.71,0
e1-100,binary,100,bot_116,2969,b,34,30.43,25,126.76,126,-0.76,0
e1-100,binary,100,bot_116,2969,b,36,18.52,25,169.57,176,6.43,0
e1-100,binary,100,bot_116,2969,b,38,9.77,25,183.62,165,-18.62,0
e1-100,binary,100,bot_116,2969,b,40,95.87,25,100.27,189,88.73,0
e1-100,binary,100,bot_116,2969,b,42,66.19,25,95.48,157,61.52,0
e1-100,binary,100,bot_116,2969,b,44,90.85,25,105.89,141,35.11,0
e1-100,binary,100,bot_116,2969,b,46,74.9,25,112.64,156,43.36,0
e1-100,binary,100,bot_116,2969,b,48,72.16,25,130.09,167,36.91,0
e1-100,binary,100,bot_116,2969,b,50,68.27,25,125.69,148,22.31,0
e1-100,binary,100,bot_116,2969,b,52,52.14,25,145.69,169,23.31,0
e1-100,binary,100,bot_116,2969,b,54,32.53,25,137.26,130,-7.26,0
e1-100,binary,100,bot_116,2969,b,56,29.83,25,151.84,150,-1.84,0
e1-100,binary,100,bot_116,2969,b,58,24.05,25,154.34,144,-10.34,0
e1-100,binary,100,bot_116,2969,b,60,8.6,25,119.22,98,-21.22,0
e1-100,binary,100,bot_117,2970,w,1,95.37,25,90.31,140,49.69,0
e1-100,binary,100,bot_117,2970,w,3,101.81,25,117.87,185,67.13,0
e1-100,binary,100,bot_117,2970,w,5,92.34,25,118.21,174,55.79,0
e1-100,binary,100,bot_117,2970,w,7,96.47,25,104.91,130,25.09,0
e1-100,binary,100,bot_117,2970,w,9,98.77,25,139.12,184,44.88,0
e1-100,binary,100,bot_117,2970,w,11,91.02,25,124.54,167,42.46,0
e1-100,binary,100,bot_117,2970,w,13,96.84,25,160.01,192,31.99,0
e1-100,binary,100,bot_117,2970,w,15,73.34,25,170.63,213,42.37,0
e1-100,binary,100,bot_117,2970,w,17,73.83,25,162.91,196,33.09,0
e1-100,binary,100,bot_117,2970,w,19,50.29,25,165.97,188,22.03,0
e1-100,binary,100,bot_117,2970,w,21,21.16,25,233.65,218,-15.65,0
e1-100,binary,100,bot_117,2970,w,23,99.94,25,253.1,232,-21.1,0
e1-100,binary,100,bot_117,2970,w,25,76.05,25,145.41,171,25.59,0
e1-100,binary,100,bot_117,2970,w,27,70.06,25,149.6,176,26.4,0
e1-100,binary,100,bot_117,2970,w,29,52.48,25,147.31,177,29.69,0
e1-100,binary,100,bot_117,2970,w,31,48.54,25,158.9,185,26.1,0
e1-100,binary,100,bot_117,2970,w,33,35.66,25,121.18,116,-5.18,0
e1-100,binary,100,bot_117,2970,w,35,23.69,25,164.19,167,2.81,0
e1-100,binary,100,bot_117,2970,w,37,13.91,25,179.66,158,-21.66,0
e1-100,binary,100,bot_117,2970,w,39,105.64,25,198.54,174,-24.54,0
e1-100,binary,100,bot_117,2970,w,41,68.61,25,93.15,152,58.85,0
e1-100,binary,100,bot_117,2970,w,43,95.34,25,101.09,132,30.91,0
e1-100,binary,100,bot_117,2970,w,45,79.07,25,108.11,146,37.89,0
e1-100,binary,100,bot_117,2970,w,47,77.14,25,124.69,157,32.31,0
e1-100,binary,100,bot_117,2970,w,49,72.46,25,121.41,140,18.59,0
e1-100,binary,100,bot_117,2970,w,51,56.36,25,142.46,161,18.54,0
e1-100,binary,100,bot_117,2970,w,53,31.62,25,138.76,125,-13.76,0
e1-100,binary,100,bot_117,2970,w,55,26.65,25,155.01,144,-11.01,0
e1-100,binary,100,bot_117,2970,w,57,21.92,25,156.52,138,-18.52,0
e1-100,binary,100,bot_117,2970,w,59,6.9,25,120.91,93,-27.91,0
e1-100,binary,100,bot_118,2970,b,2,117.38,25,101.97,158,56.03,0
e1-100,binary,100,bot_118,2970,b,4,99.42,25,92.86,154,61.14,0
e1-100,binary,100,bot_118,2970,b,6,68.28,25,91.5,149,57.5,0
e1-100,binary,100,bot_118,2970,b,8,88.03,25,101.94,163,61.06,0
e1-100,binary,100,bot_118,2970,b,10,84.22,25,138.8,202,63.2,0
e1-100,binary,100,bot_118,2970,b,12,74.86,25,144.14,199,54.86,0
e1-100,binary,100,bot_118,2970,b,14,85.17,25,164.63,226,61.37,0
e1-100,binary,100,bot_118,2970,b,16,74.14,25,148.43,186,37.57,0
e1-100,binary,100,bot_118,2970,b,18,64.64,25,168.2,207,38.8,0
e1-100,binary,100,bot_118,2970,b,20,27.91,25,161.52,176,14.48,0
e1-100,binary,100,bot_118,2970,b,22,21.9,25,213.85,200,-13.85,0
e1-100,binary,100,bot_118,2970,b,24,68.53,25,149.14,213,63.86,0
e1-100,binary,100,bot_118,2970,b,26,64.8,25,166.86,208,41.14,0
e1-100,binary,100,bot_118,2970,b,28,68.57,25,165.77,202,36.23,0
e1-100,binary,100,bot_118,2970,b,30,64.74,25,157.81,177,19.19,0
e1-100,binary,100,bot_118,2970,b,32,33.65,25,145.93,161,15.07,0
e1-100,binary,100,bot_118,2970,b,34,41.97,25,176.45,178,1.55,0
e1-100,binary,100,bot_118,2970,b,36,16.88,25,150.46,140,-10.46,0
e1-100,binary,100,bot_118,2970,b,38,15.09,25,196.63,177,-19.63,0
e1-100,binary,100,bot_118,2970,b,40,97.17,25,112.43,185,72.57,0
e1-100,binary,100,bot_118,2970,b,42,69.13,25,115.18,150,34.82,0
e1-100,binary,100,bot_118,2970,b,44,76.74,25,102.49,164,61.51,0
e1-100,binary,100,bot_118,2970,b,46,71.73,25,134.26,179,44.74,0
e1-100,binary,100,bot_118,2970,b,48,57.01,25,142.65,186,43.35,0
e1-100,binary,100,bot_118,2970,b,50,58.65,25,132.68,172,39.32,0
e1-100,binary,100,bot_118,2970,b,52,23.96,25,115.34,138,22.66,0
e1-100,binary,100,bot_118,2970,b,54,26.71,25,123.86,121,-2.86,0
e1-100,binary,100,bot_118,2970,b,56,19.97,25,122.74,116,-6.74,0
e1-100,binary,100,bot_118,2970,b,58,10.11,25,144.82,133,-11.82,0
e1-100,binary,100,bot_118,2970,b,60,92.86,25,132.52,105,-27.52,0
e1-100,binary,100,bot_119,2971,w,1,122.31,25,97.52,150,52.48,0
e1-100,binary,100,bot_119,2971,w,3,102.65,25,89.2,144,54.8,0
e1-100,binary,100,bot_119,2971,w,5,71.49,25,88.46,143,54.54,0
e1-100,binary,100,bot_119,2971,w,7,90.68,25,99.5,155,55.5,0
e1-100,binary,100,bot_119,2971,w,9,87.83,25,135.35,198,62.65,0
e1-100,binary,100,bot_119,2971,w,11,78.88,25,139.86,195,55.14,0
e1-100,binary,100,bot_119,2971,w,13,89.07,25,160.5,221,60.5,0
e1-100,binary,100,bot_119,2971,w,15,79.91,25,142.92,178,35.08,0
e1-100,binary,100,bot_119,2971,w,17,67.5,25,165.04,199,33.96,0
e1-100,binary,100,bot_119,2971,w,19,34.9,25,153.98,164,10.02,0
e1-100,binary,100,bot_119,2971,w,21,27.84,25,207.78,189,-18.78,0
e1-100,binary,100,bot_119,2971,w,23,18.67,25,213.5,187,-26.5,0
e1-100,binary,100,bot_119,2971,w,25,71.61,25,159.97,217,57.03,0
e1-100,binary,100,bot_119,2971,w,27,75.4,25,159.14,194,34.86,0
e1-100,binary,100,bot_119,2971,w,29,71.68,25,150.44,170,19.56,0
e1-100,binary,100,bot_119,2971,w,31,38,25,141.89,158,16.11,0
e1-100,binary,100,bot_119,2971,w,33,48.76,25,169.54,173,3.46,0
e1-100,binary,100,bot_119,2971,w,35,25.02,25,141.97,134,-7.97,0
e1-100,binary,100,bot_119,2971,w,37,23.26,25,187.73,172,-15.73,0
e1-100,binary,100,bot_119,2971,w,39,17.62,25,188.91,168,-20.91,0
e1-100,binary,100,bot_119,2971,w,41,86.47,25,170.73,141,-29.73,0
e1-100,binary,100,bot_119,2971,w,43,81.15,25,97.62,165,67.38,0
e1-100,binary,100,bot_119,2971,w,45,82.34,25,124.07,172,47.93,0
e1-100,binary,100,bot_119,2971,w,47,64.11,25,136.24,183,46.76,0
e1-100,binary,100,bot_119,2971,w,49,65.97,25,125.09,168,42.91,0
e1-100,binary,100,bot_119,2971,w,51,22.05,25,117.13,148,30.87,0
e1-100,binary,100,bot_119,2971,w,53,22.43,25,128.19,120,-8.19,0
e1-100,binary,100,bot_119,2971,w,55,14.81,25,127.88,114,-13.88,0
e1-100,binary,100,bot_119,2971,w,57,6.74,25,148.16,130,-18.16,0
e1-100,binary,100,bot_119,2971,w,59,84.68,25,74.68,109,34.32,0
e1-100,binary,100,bot_120,2971,b,2,105.95,25,114.05,197,82.95,0
e1-100,binary,100,bot_120,2971,b,4,96.77,25,113.87,180,66.13,0
e1-100,binary,100,bot_120,2971,b,6,98.79,25,102.6,139,36.4,0
e1-100,binary,100,bot_120,2971,b,8,105.41,25,132.24,187,54.76,0
e1-100,binary,100,bot_120,2971,b,10,97.5,25,118.19,170,51.81,0
e1-100,binary,100,bot_120,2971,b,12,102.48,25,154.57,197,42.43,0
e1-100,binary,100,bot_120,2971,b,14,78.12,25,166.08,219,52.92,0
e1-100,binary,100,bot_120,2971,b,16,77.36,25,159.26,204,44.74,0
e1-100,binary,100,bot_120,2971,b,18,53.1,25,163.66,196,32.34,0
e1-100,binary,100,bot_120,2971,b,20,24.04,25,230.85,230,-0.85,0
e1-100,binary,100,bot_120,2971,b,22,17.98,25,249.99,243,-6.99,0
e1-100,binary,100,bot_120,2971,b,24,99.89,25,191.65,174,-17.65,0
e1-100,binary,100,bot_120,2971,b,26,74.31,25,145.64,183,37.36,0
e1-100,binary,100,bot_120,2971,b,28,58.31,25,141.56,183,41.44,0
e1-100,binary,100,bot_120,2971,b,30,55.03,25,152.44,191,38.56,0
e1-100,binary,100,bot_120,2971,b,32,42.22,25,114.19,119,4.81,0
e1-100,binary,100,bot_120,2971,b,34,31.72,25,156.45,172,15.55,0
e1-100,binary,100,bot_120,2971,b,36,22.37,25,171.52,163,-8.52,0
e1-100,binary,100,bot_120,2971,b,38,18.08,25,189.11,178,-11.11,0
e1-100,binary,100,bot_120,2971,b,40,9.25,25,179.83,164,-15.83,0
e1-100,binary,100,bot_120,2971,b,42,106.37,25,89.68,143,53.32,0
e1-100,binary,100,bot_120,2971,b,44,86.56,25,101.02,148,46.98,0
e1-100,binary,100,bot_120,2971,b,46,85.79,25,115.64,164,48.36,0
e1-100,binary,100,bot_120,2971,b,48,81.35,25,112.07,142,29.93,0
e1-100,binary,100,bot_120,2971,b,50,69.2,25,131.76,164,32.24,0
e1-100,binary,100,bot_120,2971,b,52,30.39,25,140.09,128,-12.09,0
e1-100,binary,100,bot_120,2971,b,54,25.07,25,156.44,145,-11.44,0
e1-100,binary,100,bot_120,2971,b,56,20.62,25,157.94,138,-19.94,0
e1-100,binary,100,bot_120,2971,b,58,71.85,25,122.19,95,-27.19,0
e1-100,binary,100,bot_120,2971,b,60,71.01,25,83.29,134,50.71,0
e1-100,binary,100,bot_121,2972,w,1,112.72,25,108.22,195,86.78,0
e1-100,binary,100,bot_121,2972,w,3,102.17,25,108.45,171,62.55,0
e1-100,binary,100,bot_121,2972,w,5,106.34,25,94.61,129,34.39,0
e1-100,binary,100,bot_121,2972,w,7,111.26,25,126.16,178,51.84,0
e1-100,binary,100,bot_121,2972,w,9,101.67,25,114.51,166,51.49,0
e1-100,binary,100,bot_121,2972,w,11,108.55,25,148.86,191,42.14,0
e1-100,binary,100,bot_121,2972,w,13,83.59,25,161.01,213,51.99,0
e1-100,binary,100,bot_121,2972,w,15,85.12,25,150.72,189,38.28,0
e1-100,binary,100,bot_121,2972,w,17,55.89,25,161.27,189,27.73,0
e1-100,binary,100,bot_121,2972,w,19,25.85,25,229.24,225,-4.24,0
e1-100,binary,100,bot_121,2972,w,21,20.71,25,247.47,241,-6.47,0
e1-100,binary,100,bot_121,2972,w,23,20.04,25,189.46,171,-18.46,0
e1-100,binary,100,bot_121,2972,w,25,93.25,25,198.99,178,-20.99,0
e1-100,binary,100,bot_121,2972,w,27,67.02,25,133.31,177,43.69,0
e1-100,binary,100,bot_121,2972,w,29,64.34,25,143.43,188,44.57,0
e1-100,binary,100,bot_121,2972,w,31,47.83,25,108.22,113,4.78,0
e1-100,binary,100,bot_121,2972,w,33,39.16,25,150.34,174,23.66,0
e1-100,binary,100,bot_121,2972,w,35,28.5,25,165.97,161,-4.97,0
e1-100,binary,100,bot_121,2972,w,37,24.88,25,183.4,177,-6.4,0
e1-100,binary,100,bot_121,2972,w,39,14.55,25,175.54,166,-9.54,0
e1-100,binary,100,bot_121,2972,w,41,17.85,25,143.82,127,-16.82,0
e1-100,binary,100,bot_121,2972,w,43,13.93,25,164.53,137,-27.53,0
e1-100,binary,100,bot_121,2972,w,45,94.86,25,105.91,170,64.09,0
e1-100,binary,100,bot_121,2972,w,47,86.52,25,106.42,138,31.58,0
e1-100,binary,100,bot_121,2972,w,49,71.44,25,123.26,163,39.74,0
e1-100,binary,100,bot_121,2972,w,51,53.81,25,114.2,119,4.8,0
e1-100,binary,100,bot_121,2972,w,53,51.87,25,129.93,144,14.07,0
e1-100,binary,100,bot_121,2972,w,55,39.62,25,138.04,137,-1.04,0
e1-100,binary,100,bot_121,2972,w,57,16.88,25,111.09,102,-9.09,0
e1-100,binary,100,bot_121,2972,w,59,13.79,25,154.14,136,-18.14,0
e1-100,binary,100,bot_122,2972,b,2,106.39,25,85.29,157,71.71,0
e1-100,binary,100,bot_122,2972,b,4,78.18,25,82.01,149,66.99,0
e1-100,binary,100,bot_122,2972,b,6,95.35,25,95.04,165,69.96,0
e1-100,binary,100,bot_122,2972,b,8,95.94,25,127.14,203,75.86,0
e1-100,binary,100,bot_122,2972,b,10,85.39,25,133.06,198,64.94,0
e1-100,binary,100,bot_122,2972,b,12,96.31,25,152.94,226,73.06,0
e1-100,binary,100,bot_122,2972,b,14,82.09,25,140.81,189,48.19,0
e1-100,binary,100,bot_122,2972,b,16,71.37,25,161.41,210,48.59,0
e1-100,binary,100,bot_122,2972,b,18,38.61,25,149.99,170,20.01,0
e1-100,binary,100,bot_122,2972,b,20,36.22,25,199.17,189,-10.17,0
e1-100,binary,100,bot_122,2972,b,22,26.06,25,206.22,190,-16.22,0
e1-100,binary,100,bot_122,2972,b,24,19.92,25,219.88,204,-15.88,0
e1-100,binary,100,bot_122,2972,b,26,85.75,25,149.24,208,58.76,0
e1-100,binary,100,bot_122,2972,b,28,84.95,25,136.44,169,32.56,0
e1-100,binary,100,bot_122,2972,b,30,45.83,25,134.32,163,28.68,0
e1-100,binary,100,bot_122,2972,b,32,64.52,25,153.35,166,12.65,0
e1-100,binary,100,bot_122,2972,b,34,35.8,25,130.85,135,4.15,0
e1-100,binary,100,bot_122,2972,b,36,34.6,25,175.54,169,-6.54,0
e1-100,binary,100,bot_122,2972,b,38,30.27,25,175.37,165,-10.37,0
e1-100,binary,100,bot_122,2972,b,40,24.83,25,157.5,137,-20.5,0
e1-100,binary,100,bot_122,2972,b,42,12.16,25,190.69,174,-16.69,0
e1-100,binary,100,bot_122,2972,b,44,104.67,25,195.57,174,-21.57,0
e1-100,binary,100,bot_122,2972,b,46,73.53,25,127.45,188,60.55,0
e1-100,binary,100,bot_122,2972,b,48,80.17,25,110.41,162,51.59,0
e1-100,binary,100,bot_122,2972,b,50,44.31,25,99.64,137,37.36,0
e1-100,binary,100,bot_122,2972,b,52,54.16,25,97.56,118,20.44,0
e1-100,binary,100,bot_122,2972,b,54,39.28,25,104.91,124,19.09,0
e1-100,binary,100,bot_122,2972,b,56,28.45,25,128.03,133,4.97,0
e1-100,binary,100,bot_122,2972,b,58,20.89,25,116.79,99,-17.79,0
e1-100,binary,100,bot_122,2972,b,60,18.12,25,137.9,117,-20.9,0
e1-100,binary,100,bot_123,2973,w,1,108.88,25,82.29,140,57.71,0
e1-100,binary,100,bot_123,2973,w,3,84.2,25,76.27,123,46.73,0
e1-100,binary,100,bot_123,2973,w,5,101.29,25,89.34,144,54.66,0
e1-100,binary,100,bot_123,2973,w,7,100.86,25,122.15,182,59.85,0
e1-100,binary,100,bot_123,2973,w,9,94.68,25,123.96,171,47.04,0
e1-100,binary,100,bot_123,2973,w,11,104.14,25,145.56,202,56.44,0
e1-100,binary,100,bot_123,2973,w,13,85.62,25,137.27,169,31.73,0
e1-100,binary,100,bot_123,2973,w,15,74.25,25,158.63,191,32.37,0
e1-100,binary,100,bot_123,2973,w,17,44.23,25,143.97,146,2.03,0
e1-100,binary,100,bot_123,2973,w,19,40.96,25,194.55,168,-26.55,0
e1-100,binary,100,bot_123,2973,w,21,32.4,25,200.19,171,-29.19,0
e1-100,binary,100,bot_123,2973,w,23,26.78,25,213.47,180,-33.47,0
e1-100,binary,100,bot_123,2973,w,25,106.47,25,208.48,176,-32.48,0
e1-100,binary,100,bot_123,2973,w,27,88.81,25,132.24,155,22.76,0
e1-100,binary,100,bot_123,2973,w,29,48.33,25,132,150,18,0
e1-100,binary,100,bot_123,2973,w,31,71.57,25,146.17,149,2.83,0
e1-100,binary,100,bot_123,2973,w,33,41.25,25,125.36,118,-7.36,0
e1-100,binary,100,bot_123,2973,w,35,40.54,25,169.14,153,-16.14,0
e1-100,binary,100,bot_123,2973,w,37,36.57,25,168.64,149,-19.64,0
e1-100,binary,100,bot_123,2973,w,39,27.47,25,154.59,122,-32.59,0
e1-100,binary,100,bot_123,2973,w,41,15.6,25,187.5,161,-26.5,0
e1-100,binary,100,bot_123,2973,w,43,16.16,25,189.17,159,-30.17,0
e1-100,binary,100,bot_123,2973,w,45,91.96,25,206.65,167,-39.65,0
e1-100,binary,100,bot_123,2973,w,47,85.75,25,104.59,145,40.41,0
e1-100,binary,100,bot_123,2973,w,49,48.45,25,96.46,134,37.54,0
e1-100,binary,100,bot_123,2973,w,51,59,25,92.89,110,17.11,0
e1-100,binary,100,bot_123,2973,w,53,45.52,25,99.17,115,15.83,0
e1-100,binary,100,bot_123,2973,w,55,35.68,25,121.43,125,3.57,0
e1-100,binary,100,bot_123,2973,w,57,28.09,25,109.8,91,-18.8,0
e1-100,binary,100,bot_123,2973,w,59,25.1,25,130.65,110,-20.65,0
e1-100,binary,100,bot_124,2973,b,2,104.44,25,106.56,175,68.44,0
e1-100,binary,100,bot_124,2973,b,4,111.6,25,89.13,134,44.87,0
e1-100,binary,100,bot_124,2973,b,6,116.41,25,120.79,183,62.21,0
e1-100,binary,100,bot_124,2973,b,8,103.87,25,112.11,172,59.89,0
e1-100,binary,100,bot_124,2973,b,10,112.72,25,144.24,199,54.76,0
e1-100,binary,100,bot_124,2973,b,12,89.39,25,155.57,221,65.43,0
e1-100,binary,100,bot_124,2973,b,14,90.04,25,145.56,192,46.44,0
e1-100,binary,100,bot_124,2973,b,16,59.36,25,158.06,193,34.94,0
e1-100,binary,100,bot_124,2973,b,18,30.22,25,224.85,230,5.15,0
e1-100,binary,100,bot_124,2973,b,20,26.76,25,241.46,243,1.54,0
e1-100,binary,100,bot_124,2973,b,22,24.43,25,184.83,178,-6.83,0
e1-100,binary,100,bot_124,2973,b,24,18.8,25,193.35,182,-11.35,0
e1-100,binary,100,bot_124,2973,b,26,73.7,25,126.84,194,67.16,0
e1-100,binary,100,bot_124,2973,b,28,70.18,25,137.62,188,50.38,0
e1-100,binary,100,bot_124,2973,b,30,52.98,25,103.02,113,9.98,0
e1-100,binary,100,bot_124,2973,b,32,43.05,25,146.79,179,32.21,0
e1-100,binary,100,bot_124,2973,b,34,34.48,25,160.03,162,1.97,0
e1-100,binary,100,bot_124,2973,b,36,31.49,25,177.04,178,0.96,0
e1-100,binary,100,bot_124,2973,b,38,18.86,25,171.44,169,-2.44,0
e1-100,binary,100,bot_124,2973,b,40,24.28,25,137.31,125,-12.31,0
e1-100,binary,100,bot_124,2973,b,42,20.48,25,157.73,135,-22.73,0
e1-100,binary,100,bot_124,2973,b,44,11.45,25,186.67,164,-22.67,0
e1-100,binary,100,bot_124,2973,b,46,92.45,25,100.41,154,53.59,0
e1-100,binary,100,bot_124,2973,b,48,81.52,25,113.21,160,46.79,0
e1-100,binary,100,bot_124,2973,b,50,63.65,25,103.99,115,11.01,0
e1-100,binary,100,bot_124,2973,b,52,61.05,25,120.63,143,22.37,0
e1-100,binary,100,bot_124,2973,b,54,49.64,25,127.69,137,9.31,0
e1-100,binary,100,bot_124,2973,b,56,26.18,25,101.74,101,-0.74,0
e1-100,binary,100,bot_124,2973,b,58,25.23,25,142.68,134,-8.68,0
e1-100,binary,100,bot_124,2973,b,60,10.67,25,137.8,126,-11.8,0
e1-100,binary,100,bot_125,2974,w,1,106.94,25,104.55,174,69.45,0
e1-100,binary,100,bot_125,2974,w,3,116.86,25,83.84,119,35.16,0
e1-100,binary,100,bot_125,2974,w,5,124.64,25,112.68,166,53.32,0
e1-100,binary,100,bot_125,2974,w,7,108.05,25,107.88,165,57.12,0
e1-100,binary,100,bot_125,2974,w,9,119.6,25,137.18,187,49.82,0
e1-100,binary,100,bot_125,2974,w,11,96.8,25,148.7,209,60.3,0
e1-100,binary,100,bot_125,2974,w,13,96.07,25,138.74,179,40.26,0
e1-100,binary,100,bot_125,2974,w,15,63.92,25,154.9,186,31.1,0
e1-100,binary,100,bot_125,2974,w,17,33.98,25,221.19,225,3.81,0
e1-100,binary,100,bot_125,2974,w,19,32.57,25,234.9,232,-2.9,0
e1-100,binary,100,bot_125,2974,w,21,27.97,25,180.78,166,-14.78,0
e1-100,binary,100,bot_125,2974,w,23,24.59,25,187.12,176,-11.12,0
e1-100,binary,100,bot_125,2974,w,25,19.11,25,193.45,168,-25.45,0
e1-100,binary,100,bot_125,2974,w,27,76.88,25,131.59,188,56.41,0
e1-100,binary,100,bot_125,2974,w,29,59.31,25,96.42,101,4.58,0
e1-100,binary,100,bot_125,2974,w,31,48.13,25,142.58,177,34.42,0
e1-100,binary,100,bot_125,2974,w,33,42.11,25,152.69,157,4.31,0
e1-100,binary,100,bot_125,2974,w,35,36.89,25,172.67,175,2.33,0
e1-100,binary,100,bot_125,2974,w,37,24.03,25,166.93,160,-6.93,0
e1-100,binary,100,bot_125,2974,w,39,26.99,25,135.14,125,-10.14,0
e1-100,binary,100,bot_125,2974,w,41,23.38,25,154.89,130,-24.89,0
e1-100,binary,100,bot_125,2974,w,43,17.21,25,180.98,160,-20.98,0
e1-100,binary,100,bot_125,2974,w,45,14.82,25,163.19,137,-26.19,0
e1-100,binary,100,bot_125,2974,w,47,97.36,25,188.86,154,-34.86,0
e1-100,binary,100,bot_125,2974,w,49,72.1,25,94.82,106,11.18,0
e1-100,binary,100,bot_125,2974,w,51,65.53,25,116.33,141,24.67,0
e1-100,binary,100,bot_125,2974,w,53,55.71,25,120.93,129,8.07,0
e1-100,binary,100,bot_125,2974,w,55,36.22,25,91.54,94,2.46,0
e1-100,binary,100,bot_125,2974,w,57,33.03,25,134.87,128,-6.87,0
e1-100,binary,100,bot_125,2974,w,59,15.99,25,132.7,123,-9.7,0
e1-100,binary,100,bot_126,2974,b,2,86.55,25,73.54,150,76.46,0
e1-100,binary,100,bot_126,2974,b,4,105.28,25,85,172,87,0
e1-100,binary,100,bot_126,2974,b,6,109.22,25,113.76,208,94.24,0
e1-100,binary,100,bot_126,2974,b,8,101.73,25,116.93,195,78.07,0
e1-100,binary,100,bot_126,2974,b,10,111.67,25,138.11,226,87.89,0
e1-100,binary,100,bot_126,2974,b,12,91.46,25,131.39,197,65.61,0
e1-100,binary,100,bot_126,2974,b,14,81.82,25,150.3,215,64.7,0
e1-100,binary,100,bot_126,2974,b,16,54.99,25,132.83,166,33.17,0
e1-100,binary,100,bot_126,2974,b,18,49.79,25,185.54,189,3.46,0
e1-100,binary,100,bot_126,2974,b,20,37.62,25,196.07,198,1.93,0
e1-100,binary,100,bot_126,2974,b,22,36.58,25,204.07,202,-2.07,0
e1-100,binary,100,bot_126,2974,b,24,22.81,25,203.42,197,-6.42,0
e1-100,binary,100,bot_126,2974,b,26,103.53,25,193.22,182,-11.22,0
e1-100,binary,100,bot_126,2974,b,28,52.67,25,128.16,173,44.84,0
e1-100,binary,100,bot_126,2974,b,30,83.52,25,134,163,29,0
e1-100,binary,100,bot_126,2974,b,32,52.53,25,113.85,132,18.15,0
e1-100,binary,100,bot_126,2974,b,34,49.91,25,159.03,170,10.97,0
e1-100,binary,100,bot_126,2974,b,36,41.01,25,163.7,170,6.3,0
e1-100,binary,100,bot_126,2974,b,38,38.75,25,142.55,136,-6.55,0
e1-100,binary,100,bot_126,2974,b,40,23.35,25,179.67,176,-3.67,0
e1-100,binary,100,bot_126,2974,b,42,26.25,25,179.23,171,-8.23,0
e1-100,binary,100,bot_126,2974,b,44,21.51,25,196.45,183,-13.45,0
e1-100,binary,100,bot_126,2974,b,46,14.02,25,178.98,163,-15.98,0
e1-100,binary,100,bot_126,2974,b,48,53.98,25,92.04,159,66.96,0
e1-100,binary,100,bot_126,2974,b,50,67.55,25,84.29,125,40.71,0
e1-100,binary,100,bot_126,2974,b,52,50.44,25,94.6,129,34.4,0
e1-100,binary,100,bot_126,2974,b,54,45.17,25,112.32,137,24.68,0
e1-100,binary,100,bot_126,2974,b,56,36.47,25,101.42,108,6.58,0
e1-100,binary,100,bot_126,2974,b,58,33.03,25,122.18,124,1.82,0
e1-100,binary,100,bot_126,2974,b,60,17.06,25,115.44,100,-15.44,0
e1-100,binary,100,bot_127,2975,w,1,88.49,25,72.33,172,99.67,0
e1-100,binary,100,bot_127,2975,w,3,106.77,25,83.75,191,107.25,0
e1-100,binary,100,bot_127,2975,w,5,112.16,25,111.27,227,115.73,0
e1-100,binary,100,bot_127,2975,w,7,104.19,25,114.94,210,95.06,0
e1-100,binary,100,bot_127,2975,w,9,114.35,25,135.9,246,110.1,0
e1-100,binary,100,bot_127,2975,w,11,93.89,25,128.9,212,83.1,0
e1-100,binary,100,bot_127,2975,w,13,84.89,25,147.76,235,87.24,0
e1-100,binary,100,bot_127,2975,w,15,58.99,25,128.73,180,51.27,0
e1-100,binary,100,bot_127,2975,w,17,53.43,25,182.26,208,25.74,0
e1-100,binary,100,bot_127,2975,w,19,41.01,25,193.11,216,22.89,0
e1-100,binary,100,bot_127,2975,w,21,39.59,25,201.33,212,10.67,0
e1-100,binary,100,bot_127,2975,w,23,26.34,25,199.59,204,4.41,0
e1-100,binary,100,bot_127,2975,w,25,13.52,25,191.13,192,0.87,0
e1-100,binary,100,bot_127,2975,w,27,57.59,25,123.7,193,69.3,0
e1-100,binary,100,bot_127,2975,w,29,87.07,25,130.33,169,38.67,0
e1-100,binary,100,bot_127,2975,w,31,55,25,111.14,141,29.86,0
e1-100,binary,100,bot_127,2975,w,33,53.94,25,154.64,178,23.36,0
e1-100,binary,100,bot_127,2975,w,35,43.31,25,161.15,181,19.85,0
e1-100,binary,100,bot_127,2975,w,37,42.73,25,138.2,143,4.8,0
e1-100,binary,100,bot_127,2975,w,39,26.23,25,177.03,184,6.97,0
e1-100,binary,100,bot_127,2975,w,41,29.81,25,176.01,181,4.99,0
e1-100,binary,100,bot_127,2975,w,43,25.9,25,191.92,191,-0.92,0
e1-100,binary,100,bot_127,2975,w,45,16.92,25,175.87,174,-1.87,0
e1-100,binary,100,bot_127,2975,w,47,63.05,25,169.58,154,-15.58,0
e1-100,binary,100,bot_127,2975,w,49,69.95,25,81.87,133,51.13,0
e1-100,binary,100,bot_127,2975,w,51,53.44,25,91.91,139,47.09,0
e1-100,binary,100,bot_127,2975,w,53,47.91,25,109.83,145,35.17,0
e1-100,binary,100,bot_127,2975,w,55,36.67,25,101.38,115,13.62,0
e1-100,binary,100,bot_127,2975,w,57,37.85,25,116.9,125,8.1,0
e1-100,binary,100,bot_127,2975,w,59,21.65,25,110.62,104,-6.62,0
e1-100,binary,100,bot_128,2975,b,2,126,25,74.3,118,43.7,0
e1-100,binary,100,bot_128,2975,b,4,135.14,25,101.8,163,61.2,0
e1-100,binary,100,bot_128,2975,b,6,115.65,25,99.92,165,65.08,0
e1-100,binary,100,bot_128,2975,b,8,130.68,25,125.72,185,59.28,0
e1-100,binary,100,bot_128,2975,b,10,103.89,25,141.57,211,69.43,0
e1-100,binary,100,bot_128,2975,b,12,107.67,25,126.7,175,48.3,0
e1-100,binary,100,bot_128,2975,b,14,71.07,25,147.74,187,39.26,0
e1-100,binary,100,bot_128,2975,b,16,45.22,25,209.62,223,13.38,0
e1-100,binary,100,bot_128,2975,b,18,43.33,25,224.07,232,7.93,0
e1-100,binary,100,bot_128,2975,b,20,30.58,25,178.24,173,-5.24,0
e1-100,binary,100,bot_128,2975,b,22,28.41,25,183.29,180,-3.29,0
e1-100,binary,100,bot_128,2975,b,24,23.24,25,189.34,173,-16.34,0
e1-100,binary,100,bot_128,2975,b,26,92.43,25,207.61,180,-27.61,0
e1-100,binary,100,bot_128,2975,b,28,61.2,25,94.57,109,14.43,0
e1-100,binary,100,bot_128,2975,b,30,52.23,25,138.58,182,43.42,0
e1-100,binary,100,bot_128,2975,b,32,45.94,25,148.95,161,12.05,0
e1-100,binary,100,bot_128,2975,b,34,41.76,25,167.87,179,11.13,0
e1-100,binary,100,bot_128,2975,b,36,27.17,25,163.87,165,1.13,0
e1-100,binary,100,bot_128,2975,b,38,29.81,25,132.4,131,-1.4,0
e1-100,binary,100,bot_128,2975,b,40,27.84,25,150.34,134,-16.34,0
e1-100,binary,100,bot_128,2975,b,42,22.12,25,176.02,164,-12.02,0
e1-100,binary,100,bot_128,2975,b,44,20.88,25,157.11,140,-17.11,0
e1-100,binary,100,bot_128,2975,b,46,11.75,25,188.27,162,-26.27,0
e1-100,binary,100,bot_128,2975,b,48,77.68,25,89.12,111,21.88,0
e1-100,binary,100,bot_128,2975,b,50,72.42,25,109.42,139,29.58,0
e1-100,binary,100,bot_128,2975,b,52,60.88,25,115.67,128,12.33,0
e1-100,binary,100,bot_128,2975,b,54,39.89,25,87.81,94,6.19,0
e1-100,binary,100,bot_128,2975,b,56,34.57,25,133.34,129,-4.34,0
e1-100,binary,100,bot_128,2975,b,58,18.58,25,130.18,128,-2.18,0
e1-100,binary,100,bot_128,2975,b,60,10.03,25,112.81,93,-19.81,0
e1-100,binary,100,bot_129,2976,w,1,127.6,25,73,111,38,0
e1-100,binary,100,bot_129,2976,w,3,138.63,25,98.32,146,47.68,0
e1-100,binary,100,bot_129,2976,w,5,118.07,25,97.38,156,58.62,0
e1-100,binary,100,bot_129,2976,w,7,134.32,25,122.06,171,48.94,0
e1-100,binary,100,bot_129,2976,w,9,106.99,25,138.89,199,60.11,0
e1-100,binary,100,bot_129,2976,w,11,110.71,25,123.4,163,39.6,0
e1-100,binary,100,bot_129,2976,w,13,77.46,25,141.35,172,30.65,0
e1-100,binary,100,bot_129,2976,w,15,51.38,25,203.5,210,6.5,0
e1-100,binary,100,bot_129,2976,w,17,46.07,25,221.79,221,-0.79,0
e1-100,binary,100,bot_129,2976,w,19,32.67,25,175.53,165,-10.53,0
e1-100,binary,100,bot_129,2976,w,21,33.46,25,178.69,173,-5.69,0
e1-100,binary,100,bot_129,2976,w,23,26.35,25,186.39,167,-19.39,0
e1-100,binary,100,bot_129,2976,w,25,19.13,25,202.62,173,-29.62,0
e1-100,binary,100,bot_129,2976,w,27,73.22,25,141.49,101,-40.49,0
e1-100,binary,100,bot_129,2976,w,29,57.93,25,132.87,174,41.13,0
e1-100,binary,100,bot_129,2976,w,31,52.74,25,142.28,156,13.72,0
e1-100,binary,100,bot_129,2976,w,33,48.6,25,161.86,175,13.14,0
e1-100,binary,100,bot_129,2976,w,35,32.32,25,159.66,160,0.34,0
e1-100,binary,100,bot_129,2976,w,37,34.8,25,127.35,128,0.65,0
e1-100,binary,100,bot_129,2976,w,39,36.08,25,141.59,129,-12.59,0
e1-100,binary,100,bot_129,2976,w,41,34.23,25,163.55,152,-11.55,0
e1-100,binary,100,bot_129,2976,w,43,28.93,25,149.22,134,-15.22,0
e1-100,binary,100,bot_129,2976,w,45,23.59,25,176.53,153,-23.53,0
e1-100,binary,100,bot_129,2976,w,47,20.16,25,122.39,89,-33.39,0
e1-100,binary,100,bot_129,2976,w,49,13.86,25,167.06,132,-35.06,0
e1-100,binary,100,bot_129,2976,w,51,74.34,25,101.53,125,23.47,0
e1-100,binary,100,bot_129,2976,w,53,46.34,25,81.34,91,9.66,0
e1-100,binary,100,bot_129,2976,w,55,45.03,25,122.88,124,1.13,0
e1-100,binary,100,bot_129,2976,w,57,30.13,25,118.45,121,2.55,0
e1-100,binary,100,bot_129,2976,w,59,18.51,25,104.5,91,-13.5,0
e1-100,binary,100,bot_130,2976,b,2,107.24,25,82.85,178,95.15,0
e1-100,binary,100,bot_130,2976,b,4,117.09,25,106.31,212,105.69,0
e1-100,binary,100,bot_130,2976,b,6,108.3,25,110.83,196,85.17,0
e1-100,binary,100,bot_130,2976,b,8,119.39,25,130.72,231,100.28,0
e1-100,binary,100,bot_130,2976,b,10,97.85,25,124.81,197,72.19,0
e1-100,binary,100,bot_130,2976,b,12,89.84,25,143.02,219,75.98,0
e1-100,binary,100,bot_130,2976,b,14,65.47,25,122.01,165,42.99,0
e1-100,binary,100,bot_130,2976,b,16,58.84,25,176.79,195,18.21,0
e1-100,binary,100,bot_130,2976,b,18,49.65,25,184.36,197,12.64,0
e1-100,binary,100,bot_130,2976,b,20,47.6,25,193.53,193,-0.53,0
e1-100,binary,100,bot_130,2976,b,22,34.22,25,191.42,191,-0.42,0
e1-100,binary,100,bot_130,2976,b,24,23.25,25,181.52,175,-6.52,0
e1-100,binary,100,bot_130,2976,b,26,12.25,25,186.94,171,-15.94,0
e1-100,binary,100,bot_130,2976,b,28,94.93,25,123.34,163,39.66,0
e1-100,binary,100,bot_130,2976,b,30,66.1,25,100.44,125,24.56,0
e1-100,binary,100,bot_130,2976,b,32,67.09,25,140.94,160,19.06,0
e1-100,binary,100,bot_130,2976,b,34,54.33,25,149.4,165,15.6,0
e1-100,binary,100,bot_130,2976,b,36,54.02,25,126.41,126,-0.41,0
e1-100,binary,100,bot_130,2976,b,38,40.3,25,163.36,163,-0.36,0
e1-100,binary,100,bot_130,2976,b,40,42.9,25,163.36,166,2.64,0
e1-100,binary,100,bot_130,2976,b,42,38.68,25,178.86,180,1.14,0
e1-100,binary,100,bot_130,2976,b,44,29.38,25,163.3,159,-4.3,0
e1-100,binary,100,bot_130,2976,b,46,14.43,25,162.29,151,-11.29,0
e1-100,binary,100,bot_130,2976,b,48,13.66,25,139.26,127,-12.26,0
e1-100,binary,100,bot_130,2976,b,50,72.05,25,153.65,134,-19.65,0
e1-100,binary,100,bot_130,2976,b,52,57.61,25,100.9,142,41.1,0
e1-100,binary,100,bot_130,2976,b,54,50,25,88.14,101,12.86,0
e1-100,binary,100,bot_130,2976,b,56,50.13,25,104.13,115,10.87,0
e1-100,binary,100,bot_130,2976,b,58,34.69,25,97.67,95,-2.67,0
e1-100,binary,100,bot_130,2976,b,60,18.5,25,97.04,81,-16.04,0
e1-100,binary,100,bot_131,2977,w,1,109.52,25,81.06,174,92.94,0
e1-100,binary,100,bot_131,2977,w,3,119.55,25,103.88,199,95.12,0
e1-100,binary,100,bot_131,2977,w,5,110.26,25,108.92,183,74.08,0
e1-100,binary,100,bot_131,2977,w,7,122.61,25,127.54,219,91.46,0
e1-100,binary,100,bot_131,2977,w,9,99.84,25,122.85,186,63.15,0
e1-100,binary,100,bot_131,2977,w,11,91.89,25,141.3,208,66.7,0
e1-100,binary,100,bot_131,2977,w,13,69.07,25,118.16,153,34.84,0
e1-100,binary,100,bot_131,2977,w,15,60.65,25,174.96,182,7.04,0
e1-100,binary,100,bot_131,2977,w,17,53.5,25,180.52,183,2.48,0
e1-100,binary,100,bot_131,2977,w,19,49.39,25,191.61,180,-11.61,0
e1-100,binary,100,bot_131,2977,w,21,36.69,25,188.65,180,-8.65,0
e1-100,binary,100,bot_131,2977,w,23,26.37,25,178.56,163,-15.56,0
e1-100,binary,100,bot_131,2977,w,25,14.08,25,185.08,164,-21.08,0
e1-100,binary,100,bot_131,2977,w,27,110.15,25,170.88,139,-31.88,0
e1-100,binary,100,bot_131,2977,w,29,71.87,25,94.58,113,18.42,0
e1-100,binary,100,bot_131,2977,w,31,71.52,25,135.91,146,10.09,0
e1-100,binary,100,bot_131,2977,w,33,60.13,25,143.13,152,8.87,0
e1-100,binary,100,bot_131,2977,w,35,59.25,25,120.85,113,-7.85,0
e1-100,binary,100,bot_131,2977,w,37,46.34,25,157.75,152,-5.75,0
e1-100,binary,100,bot_131,2977,w,39,49.33,25,157.33,153,-4.33,0
e1-100,binary,100,bot_131,2977,w,41,46.33,25,170.74,168,-2.74,0
e1-100,binary,100,bot_131,2977,w,43,33.01,25,159.68,148,-11.68,0
e1-100,binary,100,bot_131,2977,w,45,17.64,25,159.52,146,-13.52,0
e1-100,binary,100,bot_131,2977,w,47,18.89,25,134.03,116,-18.03,0
e1-100,binary,100,bot_131,2977,w,49,15.87,25,147.52,127,-20.52,0
e1-100,binary,100,bot_131,2977,w,51,75.13,25,161.81,133,-28.81,0
e1-100,binary,100,bot_131,2977,w,53,54.87,25,83.39,94,10.61,0
e1-100,binary,100,bot_131,2977,w,55,56.57,25,97.48,112,14.52,0
e1-100,binary,100,bot_131,2977,w,57,36.73,25,96.05,93,-3.05,0
e1-100,binary,100,bot_131,2977,w,59,25.94,25,89.76,72,-17.76,0
e1-100,binary,100,bot_132,2977,b,2,142.42,25,94.48,173,78.52,0
e1-100,binary,100,bot_132,2977,b,4,120.79,25,94.57,183,88.43,0
e1-100,binary,100,bot_132,2977,b,6,139.02,25,117.31,197,79.69,0
e1-100,binary,100,bot_132,2977,b,8,111.56,25,134.51,227,92.49,0
e1-100,binary,100,bot_132,2977,b,10,115.18,25,118.67,188,69.33,0
e1-100,binary,100,bot_132,2977,b,12,82.51,25,136.26,198,61.74,0
e1-100,binary,100,bot_132,2977,b,14,55.43,25,199.46,238,38.54,0
e1-100,binary,100,bot_132,2977,b,16,50.5,25,217.54,248,30.46,0
e1-100,binary,100,bot_132,2977,b,18,35.31,25,172.92,196,23.08,0
e1-100,binary,100,bot_132,2977,b,20,35.27,25,176.96,194,17.04,0
e1-100,binary,100,bot_132,2977,b,22,28.02,25,184.74,188,3.26,0
e1-100,binary,100,bot_132,2977,b,24,22.1,25,199.66,194,-5.66,0
e1-100,binary,100,bot_132,2977,b,26,11.73,25,139.66,122,-17.66,0
e1-100,binary,100,bot_132,2977,b,28,61.82,25,129.31,207,77.69,0
e1-100,binary,100,bot_132,2977,b,30,54.32,25,140.81,181,40.19,0
e1-100,binary,100,bot_132,2977,b,32,53.25,25,157.52,198,40.48,0
e1-100,binary,100,bot_132,2977,b,34,35.89,25,156.31,184,27.69,0
e1-100,binary,100,bot_132,2977,b,36,38.81,25,123.28,149,25.72,0
e1-100,binary,100,bot_132,2977,b,38,39.61,25,137.72,153,15.28,0
e1-100,binary,100,bot_132,2977,b,40,40.62,25,157.23,174,16.77,0
e1-100,binary,100,bot_132,2977,b,42,32.6,25,145.64,161,15.36,0
e1-100,binary,100,bot_132,2977,b,44,28.5,25,171.74,173,1.26,0
e1-100,binary,100,bot_132,2977,b,46,24.82,25,117.55,104,-13.55,0
e1-100,binary,100,bot_132,2977,b,48,20.54,25,160.38,147,-13.38,0
e1-100,binary,100,bot_132,2977,b,50,12.67,25,147.56,130,-17.56,0
e1-100,binary,100,bot_132,2977,b,52,52.06,25,75.59,118,42.41,0
e1-100,binary,100,bot_132,2977,b,54,56.2,25,111.55,134,22.45,0
e1-100,binary,100,bot_132,2977,b,56,39.11,25,109.26,134,24.74,0
e1-100,binary,100,bot_132,2977,b,58,24.66,25,98.39,105,6.61,0
e1-100,binary,100,bot_132,2977,b,60,19.48,25,101.9,96,-5.9,0
e1-100,binary,100,bot_133,2978,w,1,143,25,93.84,144,50.16,0
e1-100,binary,100,bot_133,2978,w,3,122.69,25,92.61,150,57.39,0
e1-100,binary,100,bot_133,2978,w,5,144.15,25,112.29,154,41.71,0
e1-100,binary,100,bot_133,2978,w,7,112.95,25,133.71,195,61.29,0
e1-100,binary,100,bot_133,2978,w,9,121.09,25,112.26,146,33.74,0
e1-100,binary,100,bot_133,2978,w,11,88.91,25,129.81,155,25.19,0
e1-100,binary,100,bot_133,2978,w,13,60.09,25,194.72,199,4.28,0
e1-100,binary,100,bot_133,2978,w,15,54.65,25,213.72,208,-5.72,0
e1-100,binary,100,bot_133,2978,w,17,37.47,25,170.93,162,-8.93,0
e1-100,binary,100,bot_133,2978,w,19,37.8,25,175.06,169,-6.06,0
e1-100,binary,100,bot_133,2978,w,21,29.19,25,183.68,165,-18.68,0
e1-100,binary,100,bot_133,2978,w,23,24.3,25,197.48,167,-30.48,0
e1-100,binary,100,bot_133,2978,w,25,12.96,25,138.52,93,-45.52,0
e1-100,binary,100,bot_133,2978,w,27,76.83,25,212.89,165,-47.89,0
e1-100,binary,100,bot_133,2978,w,29,55.86,25,139.47,155,15.53,0
e1-100,binary,100,bot_133,2978,w,31,59.62,25,151.55,168,16.45,0
e1-100,binary,100,bot_133,2978,w,33,40.59,25,151.95,155,3.05,0
e1-100,binary,100,bot_133,2978,w,35,43.96,25,118,120,2,0
e1-100,binary,100,bot_133,2978,w,37,43.78,25,132.9,123,-9.9,0
e1-100,binary,100,bot_133,2978,w,39,47.05,25,151.16,144,-7.16,0
e1-100,binary,100,bot_133,2978,w,41,38.53,25,139.44,128,-11.44,0
e1-100,binary,100,bot_133,2978,w,43,39.39,25,160.53,135,-25.53,0
e1-100,binary,100,bot_133,2978,w,45,31.7,25,109.75,77,-32.75,0
e1-100,binary,100,bot_133,2978,w,47,28.8,25,152.06,124,-28.06,0
e1-100,binary,100,bot_133,2978,w,49,19.75,25,140.49,109,-31.49,0
e1-100,binary,100,bot_133,2978,w,51,9.37,25,130.07,93,-37.07,0
e1-100,binary,100,bot_133,2978,w,53,75.01,25,149.63,107,-42.63,0
e1-100,binary,100,bot_133,2978,w,55,46.55,25,101.87,112,10.13,0
e1-100,binary,100,bot_133,2978,w,57,28.59,25,95.1,87,-8.1,0
e1-100,binary,100,bot_133,2978,w,59,22.79,25,97.97,76,-21.97,0
e1-100,binary,100,bot_134,2978,b,2,126.26,25,97.01,206,108.99,0
e1-100,binary,100,bot_134,2978,b,4,112.37,25,106.93,196,89.07,0
e1-100,binary,100,bot_134,2978,b,6,131.3,25,118.59,229,110.41,0
e1-100,binary,100,bot_134,2978,b,8,103.7,25,118.99,197,78.01,0
e1-100,binary,100,bot_134,2978,b,10,96.19,25,137.26,224,86.74,0
e1-100,binary,100,bot_134,2978,b,12,74.63,25,112.43,167,54.57,0
e1-100,binary,100,bot_134,2978,b,14,65.18,25,170.4,196,25.6,0
e1-100,binary,100,bot_134,2978,b,16,61.5,25,172.49,193,20.51,0
e1-100,binary,100,bot_134,2978,b,18,55.07,25,185.78,188,2.22,0
e1-100,binary,100,bot_134,2978,b,20,41.5,25,183.69,185,1.31,0
e1-100,binary,100,bot_134,2978,b,22,31.12,25,173.86,169,-4.86,0
e1-100,binary,100,bot_134,2978,b,24,16.79,25,182.35,172,-10.35,0
e1-100,binary,100,bot_134,2978,b,26,13.4,25,168.39,147,-21.39,0
e1-100,binary,100,bot_134,2978,b,28,77.55,25,89.33,132,42.67,0
e1-100,binary,100,bot_134,2978,b,30,76.9,25,130.28,151,20.72,0
e1-100,binary,100,bot_134,2978,b,32,65.21,25,137.85,163,25.15,0
e1-100,binary,100,bot_134,2978,b,34,63.37,25,116.58,123,6.42,0
e1-100,binary,100,bot_134,2978,b,36,50.34,25,154.07,163,8.93,0
e1-100,binary,100,bot_134,2978,b,38,54.03,25,152.82,162,9.18,0
e1-100,binary,100,bot_134,2978,b,40,50.07,25,166.84,178,11.16,0
e1-100,binary,100,bot_134,2978,b,42,36.27,25,156.62,161,4.38,0
e1-100,binary,100,bot_134,2978,b,44,21.9,25,155.42,160,4.58,0
e1-100,binary,100,bot_134,2978,b,46,24.8,25,128.38,125,-3.38,0
e1-100,binary,100,bot_134,2978,b,48,22.98,25,140.39,134,-6.39,0
e1-100,binary,100,bot_134,2978,b,50,17.67,25,154.4,139,-15.4,0
e1-100,binary,100,bot_134,2978,b,52,11.23,25,122.88,99,-23.88,0
e1-100,binary,100,bot_134,2978,b,54,64.02,25,89.72,131,41.28,0
e1-100,binary,100,bot_134,2978,b,56,45.13,25,87.48,100,12.52,0
e1-100,binary,100,bot_134,2978,b,58,31.87,25,83.82,79,-4.82,0
e1-100,binary,100,bot_134,2978,b,60,37.02,25,106.32,94,-12.32,0
e1-100,binary,100,bot_135,2979,w,1,127.31,25,96.27,193,96.73,0
e1-100,binary,100,bot_135,2979,w,3,115.91,25,103.24,167,63.76,0
e1-100,binary,100,bot_135,2979,w,5,134.57,25,115.17,204,88.83,0
e1-100,binary,100,bot_135,2979,w,7,109.93,25,112.76,171,58.24,0
e1-100,binary,100,bot_135,2979,w,9,100.32,25,133.66,198,64.34,0
e1-100,binary,100,bot_135,2979,w,11,76.92,25,109.89,146,36.11,0
e1-100,binary,100,bot_135,2979,w,13,71.26,25,164.61,172,7.39,0
e1-100,binary,100,bot_135,2979,w,15,67.7,25,166.29,166,-0.29,0
e1-100,binary,100,bot_135,2979,w,17,60.43,25,179.45,159,-20.45,0
e1-100,binary,100,bot_135,2979,w,19,43.32,25,181.41,174,-7.41,0
e1-100,binary,100,bot_135,2979,w,21,33.95,25,171.35,150,-21.35,0
e1-100,binary,100,bot_135,2979,w,23,18.8,25,180.41,157,-23.41,0
e1-100,binary,100,bot_135,2979,w,25,15.61,25,165.75,127,-38.75,0
e1-100,binary,100,bot_135,2979,w,27,87.84,25,142.09,106,-36.09,0
e1-100,binary,100,bot_135,2979,w,29,81.08,25,125.94,132,6.06,0
e1-100,binary,100,bot_135,2979,w,31,69.3,25,133.29,144,10.71,0
e1-100,binary,100,bot_135,2979,w,33,68.67,25,110.89,103,-7.89,0
e1-100,binary,100,bot_135,2979,w,35,56.38,25,148.39,143,-5.39,0
e1-100,binary,100,bot_135,2979,w,37,61.18,25,145.48,137,-8.48,0
e1-100,binary,100,bot_135,2979,w,39,56.31,25,159.99,158,-1.99,0
e1-100,binary,100,bot_135,2979,w,41,39.43,25,153.55,141,-12.55,0
e1-100,binary,100,bot_135,2979,w,43,25.92,25,152.14,148,-4.14,0
e1-100,binary,100,bot_135,2979,w,45,26.58,25,126.62,112,-14.62,0
e1-100,binary,100,bot_135,2979,w,47,26.49,25,136.88,120,-16.88,0
e1-100,binary,100,bot_135,2979,w,49,19.9,25,151.6,124,-27.6,0
e1-100,binary,100,bot_135,2979,w,51,13.69,25,120.42,84,-36.42,0
e1-100,binary,100,bot_135,2979,w,53,74.75,25,143.57,110,-33.57,0
e1-100,binary,100,bot_135,2979,w,55,46.69,25,86.07,84,-2.07,0
e1-100,binary,100,bot_135,2979,w,57,33.15,25,82.67,66,-16.67,0
e1-100,binary,100,bot_135,2979,w,59,38.51,25,105,82,-23,0
e1-100,binary,100,bot_136,2979,b,2,123.26,25,91.67,178,86.33,0
e1-100,binary,100,bot_136,2979,b,4,147.87,25,108.7,182,73.3,0
e1-100,binary,100,bot_136,2979,b,6,117.18,25,129.66,223,93.34,0
e1-100,binary,100,bot_136,2979,b,8,125.5,25,107.57,174,66.43,0
e1-100,binary,100,bot_136,2979,b,10,95.29,25,123.27,182,58.73,0
e1-100,binary,100,bot_136,2979,b,12,67.93,25,186.83,222,35.17,0
e1-100,binary,100,bot_136,2979,b,14,59.35,25,209.18,239,29.82,0
e1-100,binary,100,bot_136,2979,b,16,39.48,25,168.96,194,25.04,0
e1-100,binary,100,bot_136,2979,b,18,45.88,25,167.68,188,20.32,0
e1-100,binary,100,bot_136,2979,b,20,32.08,25,181.28,184,2.72,0
e1-100,binary,100,bot_136,2979,b,22,28.78,25,192.95,187,-5.95,0
e1-100,binary,100,bot_136,2979,b,24,15.36,25,136.13,114,-22.13,0
e1-100,binary,100,bot_136,2979,b,26,17,25,209.49,185,-24.49,0
e1-100,binary,100,bot_136,2979,b,28,60.7,25,134.79,183,48.21,0
e1-100,binary,100,bot_136,2979,b,30,64.51,25,146.85,188,41.15,0
e1-100,binary,100,bot_136,2979,b,32,46.35,25,146.4,176,29.6,0
e1-100,binary,100,bot_136,2979,b,34,49.23,25,112.72,141,28.28,0
e1-100,binary,100,bot_136,2979,b,36,45.88,25,130.6,148,17.4,0
e1-100,binary,100,bot_136,2979,b,38,51.68,25,146.88,168,21.12,0
e1-100,binary,100,bot_136,2979,b,40,42.2,25,135.64,152,16.36,0
e1-100,binary,100,bot_136,2979,b,42,44.21,25,155.69,156,0.31,0
e1-100,binary,100,bot_136,2979,b,44,35.22,25,106.12,94,-12.12,0
e1-100,binary,100,bot_136,2979,b,46,32.87,25,147.95,137,-10.95,0
e1-100,binary,100,bot_136,2979,b,48,23.11,25,137.14,125,-12.14,0
e1-100,binary,100,bot_136,2979,b,50,11.86,25,128.25,109,-19.25,0
e1-100,binary,100,bot_136,2979,b,52,15.6,25,144.81,120,-24.81,0
e1-100,binary,100,bot_136,2979,b,54,47.16,25,101.33,137,35.67,0
e1-100,binary,100,bot_136,2979,b,56,31.42,25,92.31,100,7.69,0
e1-100,binary,100,bot_136,2979,b,58,26.58,25,94.05,88,-6.05,0
e1-100,binary,100,bot_136,2979,b,60,34.06,25,90,90,0,0
e1-100,binary,100,bot_137,2980,w,1,126.1,25,90.39,151,60.61,0
e1-100,binary,100,bot_137,2980,w,3,150.46,25,106.12,147,40.88,0
e1-100,binary,100,bot_137,2980,w,5,118.79,25,128.29,187,58.71,0
e1-100,binary,100,bot_137,2980,w,7,126.71,25,106.16,140,33.84,0
e1-100,binary,100,bot_137,2980,w,9,97.08,25,121.4,147,25.6,0
e1-100,binary,100,bot_137,2980,w,11,70.29,25,183.77,185,1.23,0
e1-100,binary,100,bot_137,2980,w,13,61.53,25,207.22,205,-2.22,0
e1-100,binary,100,bot_137,2980,w,15,41.38,25,167.09,161,-6.09,0
e1-100,binary,100,bot_137,2980,w,17,49.19,25,164.74,163,-1.74,0
e1-100,binary,100,bot_137,2980,w,19,95.76,25,119.52,166,46.48,0
e1-100,binary,100,bot_137,2980,w,21,90.97,25,128.57,163,34.43,0
e1-100,binary,100,bot_137,2980,w,23,60.02,25,92.19,107,14.81,0
e1-100,binary,100,bot_137,2980,w,25,76.09,25,148.62,159,10.38,0
e1-100,binary,100,bot_137,2980,w,27,70.16,25,135.1,123,-12.1,0
e1-100,binary,100,bot_137,2980,w,29,66.33,25,157,152,-5,0
e1-100,binary,100,bot_137,2980,w,31,60.03,25,148.94,144,-4.94,0
e1-100,binary,100,bot_137,2980,w,33,44.56,25,139.53,114,-25.53,0
e1-100,binary,100,bot_137,2980,w,35,51.48,25,127.68,126,-1.68,0
e1-100,binary,100,bot_137,2980,w,37,43.62,25,159.8,136,-23.8,0
e1-100,binary,100,bot_137,2980,w,39,33.89,25,163.66,137,-26.66,0
e1-100,binary,100,bot_137,2980,w,41,29.71,25,161.35,132,-29.35,0
e1-100,binary,100,bot_137,2980,w,43,19.8,25,118.47,82,-36.47,0
e1-100,binary,100,bot_137,2980,w,45,19.87,25,130.91,100,-30.91,0
e1-100,binary,100,bot_137,2980,w,47,11.36,25,131.21,94,-37.21,0
e1-100,binary,100,bot_137,2980,w,49,68,25,149.38,107,-42.38,0
e1-100,binary,100,bot_137,2980,w,51,81.73,25,77.7,82,4.3,0
e1-100,binary,100,bot_137,2980,w,53,72.53,25,90.43,99,8.57,0
e1-100,binary,100,bot_137,2980,w,55,57.93,25,81.99,81,-0.99,0
e1-100,binary,100,bot_137,2980,w,57,54.14,25,115.16,63,-52.16,0
e1-100,binary,100,bot_137,2980,w,59,44.78,25,82.26,75,-7.26,0
e1-100,binary,100,bot_138,2980,b,2,118.17,25,100.93,187,86.07,0
e1-100,binary,100,bot_138,2980,b,4,137.66,25,112.07,221,108.93,0
e1-100,binary,100,bot_138,2980,b,6,112.49,25,110.24,188,77.76,0
e1-100,binary,100,bot_138,2980,b,8,103.12,25,130.94,215,84.06,0
e1-100,binary,100,bot_138,2980,b,10,79.42,25,107.28,163,55.72,0
e1-100,binary,100,bot_138,2980,b,12,76.32,25,160.07,189,28.93,0
e1-100,binary,100,bot_138,2980,b,14,73.43,25,160.51,180,19.49,0
e1-100,binary,100,bot_138,2980,b,16,64.96,25,174.82,174,-0.82,0
e1-100,binary,100,bot_138,2980,b,18,113.75,25,108.33,94,-14.33,0
e1-100,binary,100,bot_138,2980,b,20,100.08,25,108.07,150,41.93,0
e1-100,binary,100,bot_138,2980,b,22,81.5,25,121.31,158,36.69,0
e1-100,binary,100,bot_138,2980,b,24,78.71,25,100.77,108,7.23,0
e1-100,binary,100,bot_138,2980,b,26,55.62,25,98.86,121,22.14,0
e1-100,binary,100,bot_138,2980,b,28,62,25,119.51,136,16.49,0
e1-100,binary,100,bot_138,2980,b,30,61.34,25,134.67,147,12.33,0
e1-100,binary,100,bot_138,2980,b,32,41.57,25,117.85,124,6.15,0
e1-100,binary,100,bot_138,2980,b,34,65.01,25,133.58,125,-8.58,0
e1-100,binary,100,bot_138,2980,b,36,44.41,25,142.64,140,-2.64,0
e1-100,binary,100,bot_138,2980,b,38,39.07,25,165.4,155,-10.4,0
e1-100,binary,100,bot_138,2980,b,40,37.17,25,158.07,137,-21.07,0
e1-100,binary,100,bot_138,2980,b,42,23.87,25,172.71,148,-24.71,0
e1-100,binary,100,bot_138,2980,b,44,28.3,25,142.3,114,-28.3,0
e1-100,binary,100,bot_138,2980,b,46,22.08,25,158.9,130,-28.9,0
e1-100,binary,100,bot_138,2980,b,48,16.76,25,162.01,125,-37.01,0
e1-100,binary,100,bot_138,2980,b,50,64.36,25,67.22,87,19.78,0
e1-100,binary,100,bot_138,2980,b,52,67,25,87.19,120,32.81,0
e1-100,binary,100,bot_138,2980,b,54,58.53,25,73.45,96,22.55,0
e1-100,binary,100,bot_138,2980,b,56,6.83,25,59.96,69,9.04,0
e1-100,binary,100,bot_138,2980,b,58,50.61,25,70.46,76,5.54,0
e1-100,binary,100,bot_138,2980,b,60,42.32,25,79.39,75,-4.39,0
e1-100,binary,100,bot_139,2981,w,1,126.14,25,93.56,169,75.44,0
e1-100,binary,100,bot_139,2981,w,3,146.94,25,102.96,196,93.04,0
e1-100,binary,100,bot_139,2981,w,5,121.28,25,101.26,162,60.74,0
e1-100,binary,100,bot_139,2981,w,7,110.74,25,124.17,193,68.83,0
e1-100,binary,100,bot_139,2981,w,9,86.73,25,99.67,140,40.33,0
e1-100,binary,100,bot_139,2981,w,11,82.75,25,153.25,170,16.75,0
e1-100,binary,100,bot_139,2981,w,13,78.49,25,155.62,162,6.38,0
e1-100,binary,100,bot_139,2981,w,15,69.14,25,170.48,155,-15.48,0
e1-100,binary,100,bot_139,2981,w,17,108.01,25,114,95,-19,0
e1-100,binary,100,bot_139,2981,w,19,95.85,25,112.3,133,20.7,0
e1-100,binary,100,bot_139,2981,w,21,76.12,25,126.63,139,12.37,0
e1-100,binary,100,bot_139,2981,w,23,76.39,25,103.22,87,-16.22,0
e1-100,binary,100,bot_139,2981,w,25,52.58,25,101.77,99,-2.77,0
e1-100,binary,100,bot_139,2981,w,27,59.04,25,122.45,114,-8.45,0
e1-100,binary,100,bot_139,2981,w,29,56.17,25,139.83,127,-12.83,0
e1-100,binary,100,bot_139,2981,w,31,38.27,25,121.05,102,-19.05,0
e1-100,binary,100,bot_139,2981,w,33,60.37,25,138.3,105,-33.3,0
e1-100,binary,100,bot_139,2981,w,35,38.68,25,148.34,121,-27.34,0
e1-100,binary,100,bot_139,2981,w,37,35.14,25,169.41,134,-35.41,0
e1-100,binary,100,bot_139,2981,w,39,32.42,25,162.92,117,-45.92,0
e1-100,binary,100,bot_139,2981,w,41,20.64,25,176.02,128,-48.02,0
e1-100,binary,100,bot_139,2981,w,43,24.71,25,146.01,101,-45.01,0
e1-100,binary,100,bot_139,2981,w,45,15.93,25,165.08,120,-45.08,0
e1-100,binary,100,bot_139,2981,w,47,84.94,25,168.54,114,-54.54,0
e1-100,binary,100,bot_139,2981,w,49,61.24,25,70.43,68,-2.43,0
e1-100,binary,100,bot_139,2981,w,51,60.26,25,93.95,110,16.05,0
e1-100,binary,100,bot_139,2981,w,53,54.29,25,77.69,82,4.31,0
e1-100,binary,100,bot_139,2981,w,55,4.24,25,62.67,54,-8.67,0
e1-100,binary,100,bot_139,2981,w,57,47.16,25,73.88,60,-13.87,0
e1-100,binary,100,bot_139,2981,w,59,39.01,25,82.68,60,-22.68,0
e1-100,binary,100,bot_140,2981,b,2,161.8,25,94.55,186,91.45,0
e1-100,binary,100,bot_140,2981,b,4,129.3,25,118.14,228,109.86,0
e1-100,binary,100,bot_140,2981,b,6,137.34,25,95.1,181,85.9,0
e1-100,binary,100,bot_140,2981,b,8,109.43,25,108.93,183,74.07,0
e1-100,binary,100,bot_140,2981,b,10,84.77,25,169.54,221,51.46,0
e1-100,binary,100,bot_140,2981,b,12,75.81,25,193.17,239,45.83,0
e1-100,binary,100,bot_140,2981,b,14,52.85,25,155.29,198,42.71,0
e1-100,binary,100,bot_140,2981,b,16,55.36,25,151.23,185,33.77,0
e1-100,binary,100,bot_140,2981,b,18,94.4,25,120.88,179,58.12,0
e1-100,binary,100,bot_140,2981,b,20,87.27,25,132.19,180,47.81,0
e1-100,binary,100,bot_140,2981,b,22,58.11,25,94.05,122,27.95,0
e1-100,binary,100,bot_140,2981,b,24,71.06,25,153.82,181,27.18,0
e1-100,binary,100,bot_140,2981,b,26,65.74,25,139.86,142,2.14,0
e1-100,binary,100,bot_140,2981,b,28,61.2,25,162.18,173,10.82,0
e1-100,binary,100,bot_140,2981,b,30,55.2,25,153.86,161,7.14,0
e1-100,binary,100,bot_140,2981,b,32,41.42,25,142.68,132,-10.68,0
e1-100,binary,100,bot_140,2981,b,34,48.45,25,130.91,143,12.09,0
e1-100,binary,100,bot_140,2981,b,36,38.36,25,164.81,155,-9.81,0
e1-100,binary,100,bot_140,2981,b,38,28.89,25,168.41,155,-13.41,0
e1-100,binary,100,bot_140,2981,b,40,26.04,25,165.16,149,-16.16,0
e1-100,binary,100,bot_140,2981,b,42,17.83,25,119.95,95,-24.95,0
e1-100,binary,100,bot_140,2981,b,44,18.46,25,132.84,113,-19.84,0
e1-100,binary,100,bot_140,2981,b,46,9.07,25,133.13,103,-30.13,0
e1-100,binary,100,bot_140,2981,b,48,60.74,25,81.71,120,38.29,0
e1-100,binary,100,bot_140,2981,b,50,79.66,25,79.86,95,15.14,0
e1-100,binary,100,bot_140,2981,b,52,68.05,25,94.82,109,14.18,0
e1-100,binary,100,bot_140,2981,b,54,55.12,25,84.5,93,8.5,0
e1-100,binary,100,bot_140,2981,b,56,50.38,25,118.93,78,-40.93,0
e1-100,binary,100,bot_140,2981,b,58,40.92,25,86.16,88,1.84,0
e1-100,binary,100,bot_140,2981,b,60,42.24,25,77.85,72,-5.85,0
e1-100,binary,100,bot_141,2982,w,1,166.02,25,90.64,155,64.36,0
e1-100,binary,100,bot_141,2982,w,3,134.46,25,113.32,193,79.68,0
e1-100,binary,100,bot_141,2982,w,5,144.09,25,87.87,140,52.13,0
e1-100,binary,100,bot_141,2982,w,7,117.3,25,100.87,144,43.13,0
e1-100,binary,100,bot_141,2982,w,9,92.23,25,162.14,180,17.86,0
e1-100,binary,100,bot_141,2982,w,11,82.44,25,186.84,202,15.16,0
e1-100,binary,100,bot_141,2982,w,13,56.66,25,150.61,160,9.39,0
e1-100,binary,100,bot_141,2982,w,15,60.51,25,147.38,150,2.63,0
e1-100,binary,100,bot_141,2982,w,17,90.41,25,124.92,155,30.08,0
e1-100,binary,100,bot_141,2982,w,19,84.11,25,135.34,151,15.66,0
e1-100,binary,100,bot_141,2982,w,21,56.62,25,95.54,93,-2.54,0
e1-100,binary,100,bot_141,2982,w,23,67.55,25,157.41,153,-4.41,0
e1-100,binary,100,bot_141,2982,w,25,61.49,25,144.25,118,-26.25,0
e1-100,binary,100,bot_141,2982,w,27,55.97,25,167.51,150,-17.51,0
e1-100,binary,100,bot_141,2982,w,29,49.91,25,159.23,135,-24.23,0
e1-100,binary,100,bot_141,2982,w,31,36.74,25,147.41,106,-41.41,0
e1-100,binary,100,bot_141,2982,w,33,44.6,25,134.81,115,-19.81,0
e1-100,binary,100,bot_141,2982,w,35,34.36,25,168.76,129,-39.76,0
e1-100,binary,100,bot_141,2982,w,37,23.66,25,173.6,131,-42.6,0
e1-100,binary,100,bot_141,2982,w,39,21.73,25,169.54,124,-45.54,0
e1-100,binary,100,bot_141,2982,w,41,15.17,25,122.51,77,-45.51,0
e1-100,binary,100,bot_141,2982,w,43,15.42,25,135.93,93,-42.93,0
e1-100,binary,100,bot_141,2982,w,45,88.31,25,135.59,83,-52.59,0
e1-100,binary,100,bot_141,2982,w,47,57.73,25,84.63,90,5.38,0
e1-100,binary,100,bot_141,2982,w,49,76.75,25,82.86,77,-5.86,0
e1-100,binary,100,bot_141,2982,w,51,62.04,25,100.92,94,-6.92,0
e1-100,binary,100,bot_141,2982,w,53,51.59,25,87.96,74,-13.96,0
e1-100,binary,100,bot_141,2982,w,55,47.8,25,82.64,59,-23.64,0
e1-100,binary,100,bot_141,2982,w,57,39.16,25,87.87,67,-20.87,0
e1-100,binary,100,bot_141,2982,w,59,40.16,25,79.9,51,-28.9,0
e1-100,binary,100,bot_142,2982,b,2,151.18,25,98.69,223,124.31,0
e1-100,binary,100,bot_142,2982,b,4,124.83,25,97.72,190,92.28,0
e1-100,binary,100,bot_142,2982,b,6,114.29,25,121.01,224,102.99,0
e1-100,binary,100,bot_142,2982,b,8,90.72,25,95.63,172,76.37,0
e1-100,binary,100,bot_142,2982,b,10,87.74,25,148.15,199,50.85,0
e1-100,binary,100,bot_142,2982,b,12,81.53,25,152.53,193,40.47,0
e1-100,binary,100,bot_142,2982,b,14,74.26,25,166.03,180,13.97,0
e1-100,binary,100,bot_142,2982,b,16,107.96,25,113.72,121,7.28,0
e1-100,binary,100,bot_142,2982,b,18,93.19,25,114.91,151,36.09,0
e1-100,binary,100,bot_142,2982,b,20,73.53,25,128.99,159,30.01,0
e1-100,binary,100,bot_142,2982,b,22,73.07,25,106.6,110,3.4,0
e1-100,binary,100,bot_142,2982,b,24,51.41,25,102.57,118,15.43,0
e1-100,binary,100,bot_142,2982,b,26,58.59,25,122.77,130,7.23,0
e1-100,binary,100,bot_142,2982,b,28,54.5,25,141.33,143,1.67,0
e1-100,binary,100,bot_142,2982,b,30,36.96,25,121.97,118,-3.97,0
e1-100,binary,100,bot_142,2982,b,32,57.52,25,141.36,125,-16.36,0
e1-100,binary,100,bot_142,2982,b,34,36.78,25,150.09,141,-9.09,0
e1-100,binary,100,bot_142,2982,b,36,33.01,25,171.73,152,-19.73,0
e1-100,binary,100,bot_142,2982,b,38,30.75,25,164.72,133,-31.72,0
e1-100,binary,100,bot_142,2982,b,40,19.95,25,176.83,145,-31.83,0
e1-100,binary,100,bot_142,2982,b,42,22.79,25,148.19,114,-34.19,0
e1-100,binary,100,bot_142,2982,b,44,13.53,25,167.32,134,-33.32,0
e1-100,binary,100,bot_142,2982,b,46,72.34,25,99.61,140,40.39,0
e1-100,binary,100,bot_142,2982,b,48,59.94,25,72.01,82,9.99,0
e1-100,binary,100,bot_142,2982,b,50,60.21,25,93.77,122,28.23,0
e1-100,binary,100,bot_142,2982,b,52,51.69,25,80.07,94,13.93,0
e1-100,binary,100,bot_142,2982,b,54,42.1,25,63.97,66,2.03,0
e1-100,binary,100,bot_142,2982,b,56,44.29,25,76.77,75,-1.77,0
e1-100,binary,100,bot_142,2982,b,58,36.77,25,85,76,-9,0
e1-100,binary,100,bot_142,2982,b,60,25.85,25,76.05,68,-8.05,0
e1-100,binary,100,bot_143,2983,w,1,157.94,25,92.25,202,109.75,0
e1-100,binary,100,bot_143,2983,w,3,130.66,25,91.96,162,70.04,0
e1-100,binary,100,bot_143,2983,w,5,119.55,25,115.98,197,81.02,0
e1-100,binary,100,bot_143,2983,w,7,96.27,25,89.69,142,52.31,0
e1-100,binary,100,bot_143,2983,w,9,92.92,25,142.61,170,27.39,0
e1-100,binary,100,bot_143,2983,w,11,85.08,25,148.6,169,20.4,0
e1-100,binary,100,bot_143,2983,w,13,80.7,25,159.51,154,-5.51,0
e1-100,binary,100,bot_143,2983,w,15,104.91,25,116.78,112,-4.78,0
e1-100,binary,100,bot_143,2983,w,17,88.35,25,119.74,133,13.26,0
e1-100,binary,100,bot_143,2983,w,19,69.05,25,133.42,142,8.58,0
e1-100,binary,100,bot_143,2983,w,21,70.94,25,108.77,88,-20.77,0
e1-100,binary,100,bot_143,2983,w,23,48.95,25,104.96,96,-8.96,0
e1-100,binary,100,bot_143,2983,w,25,56.73,25,124.65,108,-16.65,0
e1-100,binary,100,bot_143,2983,w,27,50.7,25,145.16,124,-21.16,0
e1-100,binary,100,bot_143,2983,w,29,33.55,25,125.27,97,-28.27,0
e1-100,binary,100,bot_143,2983,w,31,51.09,25,147.92,108,-39.92,0
e1-100,binary,100,bot_143,2983,w,33,31.53,25,155.3,122,-33.3,0
e1-100,binary,100,bot_143,2983,w,35,28.53,25,176.29,130,-46.29,0
e1-100,binary,100,bot_143,2983,w,37,27.54,25,168,112,-56,0
e1-100,binary,100,bot_143,2983,w,39,18.31,25,178.5,121,-57.5,0
e1-100,binary,100,bot_143,2983,w,41,19.62,25,151.51,100,-51.51,0
e1-100,binary,100,bot_143,2983,w,43,75.26,25,169.81,120,-49.81,0
e1-100,binary,100,bot_143,2983,w,45,69.46,25,102.43,118,15.57,0
e1-100,binary,100,bot_143,2983,w,47,58.24,25,73.81,66,-7.81,0
e1-100,binary,100,bot_143,2983,w,49,57.83,25,96.16,105,8.84,0
e1-100,binary,100,bot_143,2983,w,51,50.21,25,81.54,78,-3.54,0
e1-100,binary,100,bot_143,2983,w,53,38.17,25,68.02,52,-16.02,0
e1-100,binary,100,bot_143,2983,w,55,42.8,25,78.22,58,-20.22,0
e1-100,binary,100,bot_143,2983,w,57,35.65,25,86.08,59,-27.08,0
e1-100,binary,100,bot_143,2983,w,59,24.12,25,77.75,50,-27.75,0
e1-100,binary,100,bot_144,2983,b,2,139.4,25,108.58,228,119.42,0
e1-100,binary,100,bot_144,2983,b,4,149.04,25,82.78,175,92.22,0
e1-100,binary,100,bot_144,2983,b,6,121.52,25,96.69,178,81.31,0
e1-100,binary,100,bot_144,2983,b,8,97,25,157.69,215,57.31,0
e1-100,binary,100,bot_144,2983,b,10,88.9,25,180.64,234,53.36,0
e1-100,binary,100,bot_144,2983,b,12,63.31,25,143.94,190,46.06,0
e1-100,binary,100,bot_144,2983,b,14,69.59,25,139.61,181,41.39,0
e1-100,binary,100,bot_144,2983,b,16,88.39,25,126.94,180,53.06,0
e1-100,binary,100,bot_144,2983,b,18,83.4,25,136.05,173,36.95,0
e1-100,binary,100,bot_144,2983,b,20,54.37,25,97.7,115,17.3,0
e1-100,binary,100,bot_144,2983,b,22,65.59,25,159.6,178,18.4,0
e1-100,binary,100,bot_144,2983,b,24,58.9,25,147.11,145,-2.11,0
e1-100,binary,100,bot_144,2983,b,26,53.73,25,169.82,176,6.18,0
e1-100,binary,100,bot_144,2983,b,28,46,25,163.29,162,-1.29,0
e1-100,binary,100,bot_144,2983,b,30,34.18,25,150.01,130,-20.01,0
e1-100,binary,100,bot_144,2983,b,32,41.72,25,137.79,137,-0.79,0
e1-100,binary,100,bot_144,2983,b,34,29.04,25,173.86,155,-18.86,0
e1-100,binary,100,bot_144,2983,b,36,19.37,25,177.6,154,-23.6,0
e1-100,binary,100,bot_144,2983,b,38,17.99,25,173.41,149,-24.41,0
e1-100,binary,100,bot_144,2983,b,40,13.06,25,124.25,95,-29.25,0
e1-100,binary,100,bot_144,2983,b,42,15.67,25,135.58,108,-27.58,0
e1-100,binary,100,bot_144,2983,b,44,80.91,25,79,107,28,0
e1-100,binary,100,bot_144,2983,b,46,56.22,25,85.89,107,21.11,0
e1-100,binary,100,bot_144,2983,b,48,74.5,25,85.11,95,9.89,0
e1-100,binary,100,bot_144,2983,b,50,60.36,25,102.64,113,10.36,0
e1-100,binary,100,bot_144,2983,b,52,48.91,25,90.48,93,2.52,0
e1-100,binary,100,bot_144,2983,b,54,44.66,25,85.65,75,-10.65,0
e1-100,binary,100,bot_144,2983,b,56,36.86,25,90.2,85,-5.2,0
e1-100,binary,100,bot_144,2983,b,58,37.66,25,82.46,71,-11.46,0
e1-100,binary,100,bot_144,2983,b,60,20.95,25,89.19,67,-22.19,0
e1-100,binary,100,bot_145,2984,w,1,143.57,25,105.04,185,79.96,0
e1-100,binary,100,bot_145,2984,w,3,152.67,25,79.07,124,44.93,0
e1-100,binary,100,bot_145,2984,w,5,124.3,25,93.97,127,33.03,0
e1-100,binary,100,bot_145,2984,w,7,100.43,25,154.61,162,7.39,0
e1-100,binary,100,bot_145,2984,w,9,92.3,25,177.41,186,8.59,0
e1-100,binary,100,bot_145,2984,w,11,67.42,25,139.83,138,-1.83,0
e1-100,binary,100,bot_145,2984,w,13,75.08,25,135.26,131,-4.26,0
e1-100,binary,100,bot_145,2984,w,15,85.62,25,129.71,143,13.29,0
e1-100,binary,100,bot_145,2984,w,17,80.87,25,138.54,136,-2.54,0
e1-100,binary,100,bot_145,2984,w,19,51.69,25,100.38,77,-23.38,0
e1-100,binary,100,bot_145,2984,w,21,62.48,25,162.77,140,-22.77,0
e1-100,binary,100,bot_145,2984,w,23,56.23,25,149.84,106,-43.84,0
e1-100,binary,100,bot_145,2984,w,25,53.5,25,169.94,135,-34.94,0
e1-100,binary,100,bot_145,2984,w,27,43.79,25,165.46,124,-41.46,0
e1-100,binary,100,bot_145,2984,w,29,33.06,25,151.09,90,-61.09,0
e1-100,binary,100,bot_145,2984,w,31,40.63,25,138.8,96,-42.8,0
e1-100,binary,100,bot_145,2984,w,33,26.83,25,175.93,115,-60.93,0
e1-100,binary,100,bot_145,2984,w,35,17.18,25,179.63,114,-65.63,0
e1-100,binary,100,bot_145,2984,w,37,15.45,25,175.87,108,-67.87,0
e1-100,binary,100,bot_145,2984,w,39,11.68,25,125.39,64,-61.39,0
e1-100,binary,100,bot_145,2984,w,41,92.19,25,139.66,78,-61.66,0
e1-100,binary,100,bot_145,2984,w,43,76.91,25,82.97,65,-17.97,0
e1-100,binary,100,bot_145,2984,w,45,54.12,25,87.86,73,-14.86,0
e1-100,binary,100,bot_145,2984,w,47,70.63,25,88.93,68,-20.93,0
e1-100,binary,100,bot_145,2984,w,49,55.88,25,107.11,81,-26.11,0
e1-100,binary,100,bot_145,2984,w,51,43.93,25,95.44,64,-31.44,0
e1-100,binary,100,bot_145,2984,w,53,41.23,25,88.99,50,-38.99,0
e1-100,binary,100,bot_145,2984,w,55,32.26,25,94.76,55,-39.76,0
e1-100,binary,100,bot_145,2984,w,57,31.37,25,88.78,42,-46.78,0
e1-100,binary,100,bot_145,2984,w,59,14.82,25,95.36,38,-57.36,0
e1-100,binary,100,bot_146,2984,b,2,135.72,25,86.81,190,103.19,0
e1-100,binary,100,bot_146,2984,b,4,122.84,25,112.83,225,112.17,0
e1-100,binary,100,bot_146,2984,b,6,97.96,25,87.86,172,84.14,0
e1-100,binary,100,bot_146,2984,b,8,97.7,25,137.58,197,59.42,0
e1-100,binary,100,bot_146,2984,b,10,87.91,25,145.66,197,51.34,0
e1-100,binary,100,bot_146,2984,b,12,85.59,25,154.56,180,25.44,0
e1-100,binary,100,bot_146,2984,b,14,102.83,25,118.94,142,23.06,0
e1-100,binary,100,bot_146,2984,b,16,87.12,25,121.02,154,32.98,0
e1-100,binary,100,bot_146,2984,b,18,66.71,25,135.57,163,27.43,0
e1-100,binary,100,bot_146,2984,b,20,68.81,25,110.94,111,0.06,0
e1-100,binary,100,bot_146,2984,b,22,45.43,25,108.31,119,10.69,0
e1-100,binary,100,bot_146,2984,b,24,54.24,25,127.28,130,2.72,0
e1-100,binary,100,bot_146,2984,b,26,48.22,25,147.77,148,0.23,0
e1-100,binary,100,bot_146,2984,b,28,30.48,25,128.16,118,-10.16,0
e1-100,binary,100,bot_146,2984,b,30,46.79,25,152.68,133,-19.68,0
e1-100,binary,100,bot_146,2984,b,32,29,25,157.94,146,-11.94,0
e1-100,binary,100,bot_146,2984,b,34,24.14,25,181.09,156,-25.09,0
e1-100,binary,100,bot_146,2984,b,36,22.34,25,173.54,137,-36.54,0
e1-100,binary,100,bot_146,2984,b,38,15.64,25,181.59,144,-37.59,0
e1-100,binary,100,bot_146,2984,b,40,15.45,25,156.08,120,-36.08,0
e1-100,binary,100,bot_146,2984,b,42,59.58,25,104.94,148,43.06,0
e1-100,binary,100,bot_146,2984,b,44,64.3,25,107.6,136,28.4,0
e1-100,binary,100,bot_146,2984,b,46,55.47,25,76.93,82,5.07,0
e1-100,binary,100,bot_146,2984,b,48,51.42,25,102.6,124,21.4,0
e1-100,binary,100,bot_146,2984,b,50,45.28,25,86.43,93,6.57,0
e1-100,binary,100,bot_146,2984,b,52,38.28,25,68.17,64,-4.17,0
e1-100,binary,100,bot_146,2984,b,54,37.28,25,83.88,76,-7.88,0
e1-100,binary,100,bot_146,2984,b,56,30.95,25,90.78,74,-16.78,0
e1-100,binary,100,bot_146,2984,b,58,19.85,25,81.92,64,-17.92,0
e1-100,binary,100,bot_146,2984,b,60,9.62,25,88.68,55,-33.68,0
e1-100,binary,100,bot_147,2985,w,1,139.86,25,83.04,156,72.96,0
e1-100,binary,100,bot_147,2985,w,3,127.42,25,108.46,184,75.54,0
e1-100,binary,100,bot_147,2985,w,5,98.82,25,86.9,134,47.1,0
e1-100,binary,100,bot_147,2985,w,7,103.37,25,131.57,157,25.43,0
e1-100,binary,100,bot_147,2985,w,9,94.82,25,138.43,154,15.57,0
e1-100,binary,100,bot_147,2985,w,11,87.27,25,152.88,140,-12.88,0
e1-100,binary,100,bot_147,2985,w,13,99.52,25,122.29,116,-6.29,0
e1-100,binary,100,bot_147,2985,w,15,85.92,25,122.13,119,-3.13,0
e1-100,binary,100,bot_147,2985,w,17,63.49,25,138.72,131,-7.72,0
e1-100,binary,100,bot_147,2985,w,19,66.71,25,113.03,77,-36.03,0
e1-100,binary,100,bot_147,2985,w,21,42.92,25,110.74,86,-24.74,0
e1-100,binary,100,bot_147,2985,w,23,52.44,25,129.03,96,-33.03,0
e1-100,binary,100,bot_147,2985,w,25,46.29,25,149.62,111,-38.62,0
e1-100,binary,100,bot_147,2985,w,27,28.04,25,130.5,86,-44.5,0
e1-100,binary,100,bot_147,2985,w,29,43.44,25,156.12,98,-58.12,0
e1-100,binary,100,bot_147,2985,w,31,27.06,25,159.87,110,-49.87,0
e1-100,binary,100,bot_147,2985,w,33,23.58,25,181.52,117,-64.52,0
e1-100,binary,100,bot_147,2985,w,35,18.63,25,177.32,104,-73.32,0
e1-100,binary,100,bot_147,2985,w,37,61.22,25,118.86,141,22.14,0
e1-100,binary,100,bot_147,2985,w,39,47.81,25,105.31,100,-5.31,0
e1-100,binary,100,bot_147,2985,w,41,55.08,25,108.62,105,-3.62,0
e1-100,binary,100,bot_147,2985,w,43,56.04,25,115.59,102,-13.59,0
e1-100,binary,100,bot_147,2985,w,45,49.79,25,82.7,55,-27.7,0
e1-100,binary,100,bot_147,2985,w,47,47.98,25,105.49,89,-16.49,0
e1-100,binary,100,bot_147,2985,w,49,35.36,25,96.35,67,-29.35,0
e1-100,binary,100,bot_147,2985,w,51,28.45,25,78.25,35,-43.25,0
e1-100,binary,100,bot_147,2985,w,53,27.05,25,94.48,49,-45.48,0
e1-100,binary,100,bot_147,2985,w,55,23.85,25,97.68,42,-55.68,0
e1-100,binary,100,bot_147,2985,w,57,11.68,25,89.98,35,-54.98,0
e1-100,binary,100,bot_147,2985,w,59,38.38,25,62.28,34,-28.28,0
e1-100,binary,100,bot_148,2985,b,2,159.57,25,72.06,167,94.94,0
e1-100,binary,100,bot_148,2985,b,4,132.08,25,86.3,168,81.7,0
e1-100,binary,100,bot_148,2985,b,6,109.86,25,145.29,198,52.71,0
e1-100,binary,100,bot_148,2985,b,8,100.32,25,169.63,227,57.37,0
e1-100,binary,100,bot_148,2985,b,10,71.54,25,136.18,186,49.82,0
e1-100,binary,100,bot_148,2985,b,12,79.36,25,131.7,173,41.3,0
e1-100,binary,100,bot_148,2985,b,14,83.48,25,131.8,175,43.2,0
e1-100,binary,100,bot_148,2985,b,16,78.65,25,140.98,171,30.02,0
e1-100,binary,100,bot_148,2985,b,18,49.09,25,103.01,110,6.99,0
e1-100,binary,100,bot_148,2985,b,20,61.29,25,164.18,173,8.82,0
e1-100,binary,100,bot_148,2985,b,22,53.33,25,153.01,139,-14.01,0
e1-100,binary,100,bot_148,2985,b,24,47.83,25,175.74,172,-3.74,0
e1-100,binary,100,bot_148,2985,b,26,41.2,25,168.07,158,-10.07,0
e1-100,binary,100,bot_148,2985,b,28,29.16,25,154.94,127,-27.94,0
e1-100,binary,100,bot_148,2985,b,30,36.86,25,142.48,130,-12.48,0
e1-100,binary,100,bot_148,2985,b,32,22.03,25,180.87,151,-29.87,0
e1-100,binary,100,bot_148,2985,b,34,12.92,25,183.68,151,-32.68,0
e1-100,binary,100,bot_148,2985,b,36,96.89,25,179.31,141,-38.31,0
e1-100,binary,100,bot_148,2985,b,38,69.2,25,71.07,80,8.93,0
e1-100,binary,100,bot_148,2985,b,40,70.58,25,110.07,107,-3.07,0
e1-100,binary,100,bot_148,2985,b,42,60.91,25,99.31,103,3.69,0
e1-100,binary,100,bot_148,2985,b,44,45.25,25,96.41,100,3.59,0
e1-100,binary,100,bot_148,2985,b,46,57.1,25,103.06,100,-3.06,0
e1-100,binary,100,bot_148,2985,b,48,44.49,25,118.67,115,-3.67,0
e1-100,binary,100,bot_148,2985,b,50,31.16,25,107.89,92,-15.89,0
e1-100,binary,100,bot_148,2985,b,52,29.4,25,100.24,77,-23.24,0
e1-100,binary,100,bot_148,2985,b,54,19.7,25,107.56,84,-23.56,0
e1-100,binary,100,bot_148,2985,b,56,19.42,25,100.9,74,-26.9,0
e1-100,binary,100,bot_148,2985,b,58,46.57,25,103.62,64,-39.62,0
e1-100,binary,100,bot_148,2985,b,60,25.8,25,58.87,44,-14.87,0
e1-100,binary,100,bot_149,2986,w,1,161.96,25,69.74,139,69.26,0
e1-100,binary,100,bot_149,2986,w,3,136.17,25,82.85,138,55.15,0
e1-100,binary,100,bot_149,2986,w,5,117.59,25,138.01,164,25.99,0
e1-100,binary,100,bot_149,2986,w,7,107.82,25,162.45,195,32.55,0
e1-100,binary,100,bot_149,2986,w,9,77.66,25,129.62,150,20.38,0
e1-100,binary,100,bot_149,2986,w,11,85.55,25,127.13,143,15.87,0
e1-100,binary,100,bot_149,2986,w,13,82.29,25,132.94,148,15.06,0
e1-100,binary,100,bot_149,2986,w,15,77.29,25,142.32,145,2.68,0
e1-100,binary,100,bot_149,2986,w,17,48.65,25,103.37,81,-22.37,0
e1-100,binary,100,bot_149,2986,w,19,59.65,25,165.84,145,-20.84,0
e1-100,binary,100,bot_149,2986,w,21,51.38,25,154.99,112,-42.99,0
e1-100,binary,100,bot_149,2986,w,23,46.22,25,177.24,144,-33.24,0
e1-100,binary,100,bot_149,2986,w,25,39.82,25,169.31,130,-39.31,0
e1-100,binary,100,bot_149,2986,w,27,26.78,25,157.27,100,-57.27,0
e1-100,binary,100,bot_149,2986,w,29,34.63,25,144.61,101,-43.61,0
e1-100,binary,100,bot_149,2986,w,31,19.8,25,182.97,126,-56.97,0
e1-100,binary,100,bot_149,2986,w,33,10.26,25,186.17,123,-63.17,0
e1-100,binary,100,bot_149,2986,w,35,82.16,25,118.57,123,4.43,0
e1-100,binary,100,bot_149,2986,w,37,67.17,25,73.03,56,-17.03,0
e1-100,binary,100,bot_149,2986,w,39,68.32,25,112.23,85,-27.23,0
e1-100,binary,100,bot_149,2986,w,41,58.52,25,101.59,80,-21.59,0
e1-100,binary,100,bot_149,2986,w,43,43.22,25,98.32,78,-20.32,0
e1-100,binary,100,bot_149,2986,w,45,54.68,25,105.44,80,-25.44,0
e1-100,binary,100,bot_149,2986,w,47,42.17,25,120.92,92,-28.92,0
e1-100,binary,100,bot_149,2986,w,49,27.81,25,111.13,71,-40.13,0
e1-100,binary,100,bot_149,2986,w,51,25.72,25,103.82,57,-46.82,0
e1-100,binary,100,bot_149,2986,w,53,19.33,25,107.8,60,-47.8,0
e1-100,binary,100,bot_149,2986,w,55,15.77,25,104.49,53,-51.49,0
e1-100,binary,100,bot_149,2986,w,57,37.3,25,77.67,49,-28.67,0
e1-100,binary,100,bot_149,2986,w,59,22.92,25,61.69,23,-38.69,0
e1-100,binary,100,bot_150,2986,b,2,133.74,25,101.7,227,125.3,0
e1-100,binary,100,bot_150,2986,b,4,104.75,25,80.68,180,99.32,0
e1-100,binary,100,bot_150,2986,b,6,110.5,25,124.06,204,79.94,0
e1-100,binary,100,bot_150,2986,b,8,99.41,25,133.55,204,70.45,0
e1-100,binary,100,bot_150,2986,b,10,95.02,25,145.46,187,41.54,0
e1-100,binary,100,bot_150,2986,b,12,97.58,25,124.25,159,34.75,0
e1-100,binary,100,bot_150,2986,b,14,83.92,25,124.05,156,31.95,0
e1-100,binary,100,bot_150,2986,b,16,59.85,25,142.35,169,26.65,0
e1-100,binary,100,bot_150,2986,b,18,62.23,25,117.56,116,-1.56,0
e1-100,binary,100,bot_150,2986,b,20,38.64,25,114.91,124,9.09,0
e1-100,binary,100,bot_150,2986,b,22,48.67,25,132.92,134,1.08,0
e1-100,binary,100,bot_150,2986,b,24,42.71,25,153.37,149,-4.37,0
e1-100,binary,100,bot_150,2986,b,26,24.63,25,133.83,123,-10.83,0
e1-100,binary,100,bot_150,2986,b,28,38.46,25,161.52,137,-24.52,0
e1-100,binary,100,bot_150,2986,b,30,23.91,25,163.27,147,-16.27,0
e1-100,binary,100,bot_150,2986,b,32,18.45,25,186.69,156,-30.69,0
e1-100,binary,100,bot_150,2986,b,34,86.93,25,184.87,144,-40.87,0
e1-100,binary,100,bot_150,2986,b,36,55.11,25,125.09,159,33.91,0
e1-100,binary,100,bot_150,2986,b,38,44.96,25,108.34,128,19.66,0
e1-100,binary,100,bot_150,2986,b,40,49.57,25,114.26,135,20.74,0
e1-100,binary,100,bot_150,2986,b,42,50.36,25,121.34,132,10.66,0
e1-100,binary,100,bot_150,2986,b,44,47.32,25,85.49,81,-4.49,0
e1-100,binary,100,bot_150,2986,b,46,43.14,25,110.4,118,7.6,0
e1-100,binary,100,bot_150,2986,b,48,30.91,25,100.89,95,-5.89,0
e1-100,binary,100,bot_150,2986,b,50,24.25,25,82.69,62,-20.69,0
e1-100,binary,100,bot_150,2986,b,52,23.26,25,98.77,77,-21.77,0
e1-100,binary,100,bot_150,2986,b,54,19.24,25,102.24,73,-29.24,0
e1-100,binary,100,bot_150,2986,b,56,42.59,25,94.35,63,-31.35,0
e1-100,binary,100,bot_150,2986,b,58,33.56,25,67.22,56,-11.22,0
e1-100,binary,100,bot_150,2986,b,60,27.37,25,64.43,40,-24.43,0
e1-100,binary,100,bot_151,2987,w,1,134.79,25,100.94,196,95.06,0
e1-100,binary,100,bot_151,2987,w,3,106.16,25,79.27,143,63.73,0
e1-100,binary,100,bot_151,2987,w,5,112.06,25,122.3,167,44.7,0
e1-100,binary,100,bot_151,2987,w,7,99.99,25,132.82,167,34.18,0
e1-100,binary,100,bot_151,2987,w,9,96.75,25,143.82,150,6.18,0
e1-100,binary,100,bot_151,2987,w,11,97.26,25,124.52,133,8.48,0
e1-100,binary,100,bot_151,2987,w,13,82.43,25,125.48,127,1.52,0
e1-100,binary,100,bot_151,2987,w,15,57.82,25,144.25,139,-5.25,0
e1-100,binary,100,bot_151,2987,w,17,59.28,25,120.52,87,-33.52,0
e1-100,binary,100,bot_151,2987,w,19,36.64,25,116.81,96,-20.81,0
e1-100,binary,100,bot_151,2987,w,21,46.68,25,134.93,105,-29.93,0
e1-100,binary,100,bot_151,2987,w,23,40.86,25,155.24,121,-34.24,0
e1-100,binary,100,bot_151,2987,w,25,23.04,25,135.3,94,-41.3,0
e1-100,binary,100,bot_151,2987,w,27,35.44,25,164.63,110,-54.63,0
e1-100,binary,100,bot_151,2987,w,29,22.03,25,165.19,119,-46.19,0
e1-100,binary,100,bot_151,2987,w,31,14.89,25,190.31,130,-60.31,0
e1-100,binary,100,bot_151,2987,w,33,72.87,25,120.08,130,9.92,0
e1-100,binary,100,bot_151,2987,w,35,52.2,25,128.49,141,12.51,0
e1-100,binary,100,bot_151,2987,w,37,43.06,25,110.3,109,-1.3,0
e1-100,binary,100,bot_151,2987,w,39,45.66,25,118.2,116,-2.2,0
e1-100,binary,100,bot_151,2987,w,41,46.73,25,124.99,113,-11.99,0
e1-100,binary,100,bot_151,2987,w,43,44.43,25,88.48,62,-26.48,0
e1-100,binary,100,bot_151,2987,w,45,39.96,25,113.59,97,-16.59,0
e1-100,binary,100,bot_151,2987,w,47,28.25,25,103.54,75,-28.54,0
e1-100,binary,100,bot_151,2987,w,49,21.45,25,85.6,42,-43.6,0
e1-100,binary,100,bot_151,2987,w,51,20.7,25,101.37,54,-47.37,0
e1-100,binary,100,bot_151,2987,w,53,16.36,25,104.91,50,-54.91,0
e1-100,binary,100,bot_151,2987,w,55,42.28,25,94.53,36,-58.53,0
e1-100,binary,100,bot_151,2987,w,57,30.25,25,70.61,32,-38.61,0
e1-100,binary,100,bot_151,2987,w,59,24.46,25,66.94,17,-49.94,0
e1-100,binary,100,bot_152,2987,b,2,137.51,25,81.44,186,104.56,0
e1-100,binary,100,bot_152,2987,b,4,119.09,25,136.57,210,73.43,0
e1-100,binary,100,bot_152,2987,b,6,109.32,25,161.01,243,81.99,0
e1-100,binary,100,bot_152,2987,b,8,80.02,25,127.25,195,67.75,0
e1-100,binary,100,bot_152,2987,b,10,87.01,25,126.44,190,63.56,0
e1-100,binary,100,bot_152,2987,b,12,79.23,25,136.06,187,50.94,0
e1-100,binary,100,bot_152,2987,b,14,73.38,25,146.45,183,36.55,0
e1-100,binary,100,bot_152,2987,b,16,45.82,25,106.22,118,11.78,0
e1-100,binary,100,bot_152,2987,b,18,56.81,25,168.85,182,13.15,0
e1-100,binary,100,bot_152,2987,b,20,48.92,25,157.63,147,-10.63,0
e1-100,binary,100,bot_152,2987,b,22,43.71,25,179.61,180,0.39,0
e1-100,binary,100,bot_152,2987,b,24,36.31,25,172.73,168,-4.73,0
e1-100,binary,100,bot_152,2987,b,26,23.87,25,160.14,136,-24.14,0
e1-100,binary,100,bot_152,2987,b,28,32.02,25,147.09,136,-11.09,0
e1-100,binary,100,bot_152,2987,b,30,17.63,25,184.98,160,-24.98,0
e1-100,binary,100,bot_152,2987,b,32,86.72,25,188.37,156,-32.37,0
e1-100,binary,100,bot_152,2987,b,34,79.93,25,120.5,145,24.5,0
e1-100,binary,100,bot_152,2987,b,36,67.22,25,72.37,81,8.63,0
e1-100,binary,100,bot_152,2987,b,38,66.79,25,113.6,113,-0.6,0
e1-100,binary,100,bot_152,2987,b,40,55.85,25,104.14,106,1.86,0
e1-100,binary,100,bot_152,2987,b,42,41.31,25,99.87,103,3.13,0
e1-100,binary,100,bot_152,2987,b,44,51.58,25,108.47,110,1.53,0
e1-100,binary,100,bot_152,2987,b,46,39.63,25,123.38,119,-4.38,0
e1-100,binary,100,bot_152,2987,b,48,23.25,25,115.43,100,-15.43,0
e1-100,binary,100,bot_152,2987,b,50,21.47,25,107.44,85,-22.44,0
e1-100,binary,100,bot_152,2987,b,52,13.91,25,113.51,91,-22.51,0
e1-100,binary,100,bot_152,2987,b,54,9.53,25,110.97,85,-25.97,0
e1-100,binary,100,bot_152,2987,b,56,30.26,25,84.76,83,-1.76,0
e1-100,binary,100,bot_152,2987,b,58,18.26,25,66.74,53,-13.74,0
e1-100,binary,100,bot_152,2987,b,60,9.93,25,73.02,54,-19.02,0
e1-100,binary,100,bot_153,2988,w,1,141.56,25,77.85,140,62.15,0
e1-100,binary,100,bot_153,2988,w,3,125.58,25,130.37,156,25.63,0
e1-100,binary,100,bot_153,2988,w,5,114.66,25,155.94,187,31.06,0
e1-100,binary,100,bot_153,2988,w,7,84.42,25,122.7,141,18.3,0
e1-100,binary,100,bot_153,2988,w,9,92.33,25,121.98,138,16.02,0
e1-100,binary,100,bot_153,2988,w,11,75.95,25,139.37,149,9.63,0
e1-100,binary,100,bot_153,2988,w,13,69.3,25,150.59,144,-6.59,0
e1-100,binary,100,bot_153,2988,w,15,43.1,25,108.94,77,-31.94,0
e1-100,binary,100,bot_153,2988,w,17,55.03,25,170.72,141,-29.72,0
e1-100,binary,100,bot_153,2988,w,19,45.61,25,161.06,109,-52.06,0
e1-100,binary,100,bot_153,2988,w,21,40.16,25,183.16,142,-41.16,0
e1-100,binary,100,bot_153,2988,w,23,32.78,25,176.28,129,-47.28,0
e1-100,binary,100,bot_153,2988,w,25,19.77,25,164.25,99,-65.25,0
e1-100,binary,100,bot_153,2988,w,27,27.8,25,151.35,99,-52.35,0
e1-100,binary,100,bot_153,2988,w,29,13.04,25,189.64,124,-65.64,0
e1-100,binary,100,bot_153,2988,w,31,77.07,25,101.07,124,22.93,0
e1-100,binary,100,bot_153,2988,w,33,76.32,25,124.04,107,-17.04,0
e1-100,binary,100,bot_153,2988,w,35,64.81,25,74.88,52,-22.88,0
e1-100,binary,100,bot_153,2988,w,37,64.72,25,115.8,85,-30.8,0
e1-100,binary,100,bot_153,2988,w,39,53.95,25,106.04,77,-29.04,0
e1-100,binary,100,bot_153,2988,w,41,40.48,25,100.65,72,-28.65,0
e1-100,binary,100,bot_153,2988,w,43,48.76,25,111.3,82,-29.3,0
e1-100,binary,100,bot_153,2988,w,45,37,25,126.03,90,-36.03,0
e1-100,binary,100,bot_153,2988,w,47,21,25,117.61,70,-47.61,0
e1-100,binary,100,bot_153,2988,w,49,19.34,25,109.49,55,-54.49,0
e1-100,binary,100,bot_153,2988,w,51,11.65,25,115.77,59,-56.77,0
e1-100,binary,100,bot_153,2988,w,53,54.92,25,113.31,52,-61.31,0
e1-100,binary,100,bot_153,2988,w,55,27.59,25,87.4,45,-42.4,0
e1-100,binary,100,bot_153,2988,w,57,15.73,25,69.28,22,-47.28,0
e1-100,binary,100,bot_153,2988,w,59,8.07,25,74.84,21,-53.84,0
e1-100,binary,100,bot_154,2988,b,2,111.81,25,73.7,171,97.3,0
e1-100,binary,100,bot_154,2988,b,4,115.72,25,118.52,199,80.48,0
e1-100,binary,100,bot_154,2988,b,6,102.22,25,130.44,201,70.56,0
e1-100,binary,100,bot_154,2988,b,8,100.71,25,139.99,180,40.01,0
e1-100,binary,100,bot_154,2988,b,10,95.59,25,126.08,163,36.92,0
e1-100,binary,100,bot_154,2988,b,12,80.65,25,127.02,146,18.98,0
e1-100,binary,100,bot_154,2988,b,14,55.04,25,146.68,160,13.32,0
e1-100,binary,100,bot_154,2988,b,16,56.64,25,123.19,109,-14.19,0
e1-100,binary,100,bot_154,2988,b,18,35.25,25,117.91,116,-1.91,0
e1-100,binary,100,bot_154,2988,b,20,44.78,25,136.76,127,-9.76,0
e1-100,binary,100,bot_154,2988,b,22,39.55,25,156.48,140,-16.48,0
e1-100,binary,100,bot_154,2988,b,24,22.1,25,135.97,112,-23.97,0
e1-100,binary,100,bot_154,2988,b,26,34.04,25,166.2,129,-37.2,0
e1-100,binary,100,bot_154,2988,b,28,21.01,25,166.16,136,-30.16,0
e1-100,binary,100,bot_154,2988,b,30,109.94,25,192.18,148,-44.18,0
e1-100,binary,100,bot_154,2988,b,32,70.43,25,122.67,142,19.33,0
e1-100,binary,100,bot_154,2988,b,34,50.56,25,129.86,154,24.14,0
e1-100,binary,100,bot_154,2988,b,36,42.6,25,110.74,124,13.26,0
e1-100,binary,100,bot_154,2988,b,38,45.85,25,117.8,130,12.2,0
e1-100,binary,100,bot_154,2988,b,40,45.62,25,126.11,129,2.89,0
e1-100,binary,100,bot_154,2988,b,42,43.02,25,90.1,79,-11.1,0
e1-100,binary,100,bot_154,2988,b,44,38.37,25,115.16,112,-3.16,0
e1-100,binary,100,bot_154,2988,b,46,26.68,25,105.06,90,-15.06,0
e1-100,binary,100,bot_154,2988,b,48,19.96,25,87.59,58,-29.59,0
e1-100,binary,100,bot_154,2988,b,50,17.29,25,105,73,-32,0
e1-100,binary,100,bot_154,2988,b,52,13.11,25,108.17,69,-39.17,0
e1-100,binary,100,bot_154,2988,b,54,32.86,25,56.12,60,3.88,0
e1-100,binary,100,bot_154,2988,b,56,26.84,25,74.01,50,-24.01,0
e1-100,binary,100,bot_154,2988,b,58,20.55,25,70.64,36,-34.64,0
e1-100,binary,100,bot_154,2988,b,60,14.16,25,67.87,25,-42.87,0
e1-100,binary,100,bot_155,2989,w,1,118.54,25,66.36,145,78.64,0
e1-100,binary,100,bot_155,2989,w,3,125.51,25,107.74,165,57.26,0
e1-100,binary,100,bot_155,2989,w,5,110.61,25,121.39,165,43.61,0
e1-100,binary,100,bot_155,2989,w,7,107.25,25,133.66,148,14.34,0
e1-100,binary,100,bot_155,2989,w,9,93.69,25,127.95,148,20.05,0
e1-100,binary,100,bot_155,2989,w,11,77.55,25,130.05,126,-4.05,0
e1-100,binary,100,bot_155,2989,w,13,50.31,25,151.35,141,-10.35,0
e1-100,binary,100,bot_155,2989,w,15,52.44,25,127.43,91,-36.43,0
e1-100,binary,100,bot_155,2989,w,17,32.28,25,120.78,96,-24.78,0
e1-100,binary,100,bot_155,2989,w,19,41.85,25,139.64,105,-34.64,0
e1-100,binary,100,bot_155,2989,w,21,36.58,25,159.41,115,-44.41,0
e1-100,binary,100,bot_155,2989,w,23,18.5,25,139.48,91,-48.48,0
e1-100,binary,100,bot_155,2989,w,25,26.38,25,173.99,112,-61.99,0
e1-100,binary,100,bot_155,2989,w,27,14.64,25,172.54,117,-55.54,0
e1-100,binary,100,bot_155,2989,w,29,93.43,25,121.12,140,18.88,0
e1-100,binary,100,bot_155,2989,w,31,66.29,25,126.75,122,-4.75,0
e1-100,binary,100,bot_155,2989,w,33,47.48,25,132.79,137,4.21,0
e1-100,binary,100,bot_155,2989,w,35,41,25,112.24,105,-7.24,0
e1-100,binary,100,bot_155,2989,w,37,43.5,25,120.09,114,-6.09,0
e1-100,binary,100,bot_155,2989,w,39,42.9,25,128.75,109,-19.75,0
e1-100,binary,100,bot_155,2989,w,41,40.71,25,92.42,60,-32.42,0
e1-100,binary,100,bot_155,2989,w,43,35.03,25,118.49,98,-20.49,0
e1-100,binary,100,bot_155,2989,w,45,24.01,25,107.72,76,-31.72,0
e1-100,binary,100,bot_155,2989,w,47,15.33,25,92.23,44,-48.23,0
e1-100,binary,100,bot_155,2989,w,49,12.9,25,109.47,57,-52.47,0
e1-100,binary,100,bot_155,2989,w,51,57.88,25,114.3,57,-57.3,0
e1-100,binary,100,bot_155,2989,w,53,25.4,25,63.68,44,-19.68,0
e1-100,binary,100,bot_155,2989,w,55,21.16,25,79.78,38,-41.78,0
e1-100,binary,100,bot_155,2989,w,57,15.23,25,76.05,25,-51.05,0
e1-100,binary,100,bot_155,2989,w,59,9.23,25,72.95,14,-58.95,0
e1-100,binary,100,bot_156,2989,b,2,129.45,25,127.35,211,83.65,0
e1-100,binary,100,bot_156,2989,b,4,116.94,25,154.41,245,90.59,0
e1-100,binary,100,bot_156,2989,b,6,87.75,25,120.09,196,75.91,0
e1-100,binary,100,bot_156,2989,b,8,97.24,25,118.03,191,72.97,0
e1-100,binary,100,bot_156,2989,b,10,73.98,25,141.42,187,45.58,0
e1-100,binary,100,bot_156,2989,b,12,67.3,25,152.8,181,28.2,0
e1-100,binary,100,bot_156,2989,b,14,40.92,25,111.08,113,1.92,0
e1-100,binary,100,bot_156,2989,b,16,53.34,25,172.63,176,3.37,0
e1-100,binary,100,bot_156,2989,b,18,42.84,25,164.26,147,-17.26,0
e1-100,binary,100,bot_156,2989,b,20,35.46,25,187.95,182,-5.95,0
e1-100,binary,100,bot_156,2989,b,22,29.28,25,179.89,169,-10.89,0
e1-100,binary,100,bot_156,2989,b,24,15.38,25,168.64,138,-30.64,0
e1-100,binary,100,bot_156,2989,b,26,23.27,25,155.25,133,-22.25,0
e1-100,binary,100,bot_156,2989,b,28,96.46,25,194.22,159,-35.22,0
e1-100,binary,100,bot_156,2989,b,30,73.64,25,104.06,148,43.94,0
e1-100,binary,100,bot_156,2989,b,32,71.06,25,129.39,146,16.61,0
e1-100,binary,100,bot_156,2989,b,34,60.2,25,79.9,83,3.1,0
e1-100,binary,100,bot_156,2989,b,36,61.78,25,119,115,-4,0
e1-100,binary,100,bot_156,2989,b,38,47.53,25,112.64,110,-2.64,0
e1-100,binary,100,bot_156,2989,b,40,34.64,25,106.33,103,-3.33,0
e1-100,binary,100,bot_156,2989,b,42,46.16,25,113.99,109,-4.99,0
e1-100,binary,100,bot_156,2989,b,44,34.45,25,128.6,118,-10.6,0
e1-100,binary,100,bot_156,2989,b,46,17.58,25,120.84,100,-20.84,0
e1-100,binary,100,bot_156,2989,b,48,15.83,25,112.98,83,-29.98,0
e1-100,binary,100,bot_156,2989,b,50,9.03,25,118.33,86,-32.33,0
e1-100,binary,100,bot_156,2989,b,52,46.41,25,70.84,83,12.16,0
e1-100,binary,100,bot_156,2989,b,54,26.11,25,88.62,67,-21.62,0
e1-100,binary,100,bot_156,2989,b,56,15.08,25,69.71,45,-24.71,0
e1-100,binary,100,bot_156,2989,b,58,7.88,25,74.78,43,-31.78,0
e1-100,binary,100,bot_156,2989,b,60,3.93,25,70.05,35,-35.05,0
e1-100,binary,100,bot_157,2990,w,1,130.64,25,126.59,179,52.41,0
e1-100,binary,100,bot_157,2990,w,3,118.07,25,153.25,204,50.75,0
e1-100,binary,100,bot_157,2990,w,5,88.44,25,118.92,156,37.08,0
e1-100,binary,100,bot_157,2990,w,7,98.89,25,116.82,149,32.18,0
e1-100,binary,100,bot_157,2990,w,9,72.61,25,142.8,156,13.2,0
e1-100,binary,100,bot_157,2990,w,11,65.7,25,154.47,151,-3.47,0
e1-100,binary,100,bot_157,2990,w,13,38.69,25,113.34,82,-31.34,0
e1-100,binary,100,bot_157,2990,w,15,51.39,25,174.67,145,-29.67,0
e1-100,binary,100,bot_157,2990,w,17,39.26,25,167.89,117,-50.89,0
e1-100,binary,100,bot_157,2990,w,19,32.21,25,191.21,151,-40.21,0
e1-100,binary,100,bot_157,2990,w,21,27.02,25,182.13,136,-46.13,0
e1-100,binary,100,bot_157,2990,w,23,13.08,25,170.95,108,-62.95,0
e1-100,binary,100,bot_157,2990,w,25,19.42,25,159.1,102,-57.1,0
e1-100,binary,100,bot_157,2990,w,27,86.02,25,114.14,137,22.86,0
e1-100,binary,100,bot_157,2990,w,29,71.61,25,106.15,117,10.85,0
e1-100,binary,100,bot_157,2990,w,31,68.6,25,131.86,117,-14.86,0
e1-100,binary,100,bot_157,2990,w,33,59.02,25,81.15,58,-23.15,0
e1-100,binary,100,bot_157,2990,w,35,59.65,25,121.1,92,-29.1,0
e1-100,binary,100,bot_157,2990,w,37,46.14,25,114.03,88,-26.03,0
e1-100,binary,100,bot_157,2990,w,39,33.41,25,107.44,79,-28.44,0
e1-100,binary,100,bot_157,2990,w,41,45.23,25,114.81,85,-29.81,0
e1-100,binary,100,bot_157,2990,w,43,33.25,25,129.78,95,-34.78,0
e1-100,binary,100,bot_157,2990,w,45,15.95,25,122.4,77,-45.4,0
e1-100,binary,100,bot_157,2990,w,47,14.8,25,113.99,59,-54.99,0
e1-100,binary,100,bot_157,2990,w,49,62.11,25,119.28,63,-56.28,0
e1-100,binary,100,bot_157,2990,w,51,45.55,25,71.73,54,-17.73,0
e1-100,binary,100,bot_157,2990,w,53,24.85,25,89.87,45,-44.87,0
e1-100,binary,100,bot_157,2990,w,55,13.71,25,71.04,21,-50.04,0
e1-100,binary,100,bot_157,2990,w,57,6.5,25,76.14,21,-55.14,0
e1-100,binary,100,bot_157,2990,w,59,2.73,25,71.23,11,-60.23,0
e1-100,binary,100,bot_158,2990,b,2,126.86,25,106.34,209,102.66,0
e1-100,binary,100,bot_158,2990,b,4,111.58,25,120.38,209,88.62,0
e1-100,binary,100,bot_158,2990,b,6,109.15,25,132.25,193,60.75,0
e1-100,binary,100,bot_158,2990,b,8,92.71,25,128.92,183,54.08,0
e1-100,binary,100,bot_158,2990,b,10,76.45,25,131.04,160,28.96,0
e1-100,binary,100,bot_158,2990,b,12,48.75,25,152.7,175,22.3,0
e1-100,binary,100,bot_158,2990,b,14,50.04,25,129.9,123,-6.9,0
e1-100,binary,100,bot_158,2990,b,16,29.83,25,123.04,130,6.96,0
e1-100,binary,100,bot_158,2990,b,18,39.46,25,142,137,-5,0
e1-100,binary,100,bot_158,2990,b,20,33.74,25,162.22,150,-12.22,0
e1-100,binary,100,bot_158,2990,b,22,17.69,25,139.97,123,-16.97,0
e1-100,binary,100,bot_158,2990,b,24,23.11,25,178.16,147,-31.16,0
e1-100,binary,100,bot_158,2990,b,26,103.09,25,174.61,149,-25.61,0
e1-100,binary,100,bot_158,2990,b,28,91.18,25,123.63,163,39.37,0
e1-100,binary,100,bot_158,2990,b,30,66.22,25,126.61,154,27.39,0
e1-100,binary,100,bot_158,2990,b,32,45.59,25,134.35,160,25.65,0
e1-100,binary,100,bot_158,2990,b,34,40.16,25,112.98,130,17.02,0
e1-100,binary,100,bot_158,2990,b,36,42.92,25,120.59,138,17.41,0
e1-100,binary,100,bot_158,2990,b,38,41.36,25,130.29,134,3.71,0
e1-100,binary,100,bot_158,2990,b,40,39.22,25,94.18,85,-9.18,0
e1-100,binary,100,bot_158,2990,b,42,33.98,25,119.57,123,3.43,0
e1-100,binary,100,bot_158,2990,b,44,23.64,25,108.13,99,-9.13,0
e1-100,binary,100,bot_158,2990,b,46,13.77,25,93.8,67,-26.8,0
e1-100,binary,100,bot_158,2990,b,48,11.94,25,110.67,82,-28.67,0
e1-100,binary,100,bot_158,2990,b,50,50.28,25,67.95,88,20.05,0
e1-100,binary,100,bot_158,2990,b,52,24.38,25,64.77,68,3.23,0
e1-100,binary,100,bot_158,2990,b,54,19.42,25,81.67,65,-16.67,0
e1-100,binary,100,bot_158,2990,b,56,13.69,25,77.73,49,-28.73,0
e1-100,binary,100,bot_158,2990,b,58,8.2,25,74.71,39,-35.71,0
e1-100,binary,100,bot_158,2990,b,60,8.36,25,70.78,31,-39.78,0
e1-100,binary,100,bot_159,2991,w,1,128.15,25,104.38,188,83.62,0
e1-100,binary,100,bot_159,2991,w,3,114.61,25,116.93,174,57.07,0
e1-100,binary,100,bot_159,2991,w,5,113.2,25,129.17,158,28.83,0
e1-100,binary,100,bot_159,2991,w,7,89.67,25,132.01,164,31.99,0
e1-100,binary,100,bot_159,2991,w,9,71.35,25,136.13,137,0.87,0
e1-100,binary,100,bot_159,2991,w,11,43.65,25,157.82,152,-5.82,0
e1-100,binary,100,bot_159,2991,w,13,43.87,25,136.12,102,-34.12,0
e1-100,binary,100,bot_159,2991,w,15,26.97,25,125.84,105,-20.84,0
e1-100,binary,100,bot_159,2991,w,17,34.16,25,147.36,112,-35.36,0
e1-100,binary,100,bot_159,2991,w,19,27.95,25,168.05,126,-42.05,0
e1-100,binary,100,bot_159,2991,w,21,13.72,25,143.89,99,-44.89,0
e1-100,binary,100,bot_159,2991,w,23,18.95,25,182.45,123,-59.45,0
e1-100,binary,100,bot_159,2991,w,25,85.6,25,121.54,133,11.46,0
e1-100,binary,100,bot_159,2991,w,27,85.32,25,129.53,136,6.47,0
e1-100,binary,100,bot_159,2991,w,29,60.74,25,132.06,128,-4.06,0
e1-100,binary,100,bot_159,2991,w,31,45.19,25,134.49,132,-2.49,0
e1-100,binary,100,bot_159,2991,w,33,36.8,25,116.29,107,-9.29,0
e1-100,binary,100,bot_159,2991,w,35,40.33,25,123.14,113,-10.14,0
e1-100,binary,100,bot_159,2991,w,37,36.75,25,134.86,111,-23.86,0
e1-100,binary,100,bot_159,2991,w,39,33.53,25,99.98,64,-35.98,0
e1-100,binary,100,bot_159,2991,w,41,27.79,25,125.74,102,-23.74,0
e1-100,binary,100,bot_159,2991,w,43,18.9,25,112.86,77,-35.86,0
e1-100,binary,100,bot_159,2991,w,45,8.61,25,98.97,49,-49.97,0
e1-100,binary,100,bot_159,2991,w,47,64.41,25,115.95,62,-53.95,0
e1-100,binary,100,bot_159,2991,w,49,47.56,25,70.62,57,-13.62,0
e1-100,binary,100,bot_159,2991,w,51,21.5,25,67.59,46,-21.59,0
e1-100,binary,100,bot_159,2991,w,53,15.14,25,85.92,43,-42.92,0
e1-100,binary,100,bot_159,2991,w,55,8.36,25,83.04,30,-53.04,0
e1-100,binary,100,bot_159,2991,w,57,33.16,25,78.6,19,-59.6,0
e1-100,binary,100,bot_159,2991,w,59,1.65,25,65.22,4,-61.22,0
e1-100,binary,100,bot_160,2991,b,2,120.34,25,151.45,226,74.55,0
e1-100,binary,100,bot_160,2991,b,4,92.4,25,114.63,176,61.37,0
e1-100,binary,100,bot_160,2991,b,6,101.8,25,114.63,172,57.37,0
e1-100,binary,100,bot_160,2991,b,8,71.62,25,143.66,169,25.34,0
e1-100,binary,100,bot_160,2991,b,10,64.82,25,155.42,163,7.58,0
e1-100,binary,100,bot_160,2991,b,12,37.33,25,114.59,95,-19.59,0
e1-100,binary,100,bot_160,2991,b,14,49.45,25,176.75,157,-19.75,0
e1-100,binary,100,bot_160,2991,b,16,36.28,25,171.11,134,-37.11,0
e1-100,binary,100,bot_160,2991,b,18,28.93,25,194.37,166,-28.37,0
e1-100,binary,100,bot_160,2991,b,20,25.18,25,183.85,148,-35.85,0
e1-100,binary,100,bot_160,2991,b,22,10.87,25,173.17,123,-50.17,0
e1-100,binary,100,bot_160,2991,b,24,84.05,25,165.09,121,-44.09,0
e1-100,binary,100,bot_160,2991,b,26,78.6,25,121.25,144,22.75,0
e1-100,binary,100,bot_160,2991,b,28,67.45,25,110.41,133,22.59,0
e1-100,binary,100,bot_160,2991,b,30,61.55,25,139.16,135,-4.16,0
e1-100,binary,100,bot_160,2991,b,32,53.17,25,87.37,75,-12.37,0
e1-100,binary,100,bot_160,2991,b,34,53.43,25,127.38,108,-19.38,0
e1-100,binary,100,bot_160,2991,b,36,40.1,25,120.16,104,-16.16,0
e1-100,binary,100,bot_160,2991,b,38,27.17,25,113.41,93,-20.41,0
e1-100,binary,100,bot_160,2991,b,40,39.01,25,121,98,-23,0
e1-100,binary,100,bot_160,2991,b,42,27.61,25,135.42,107,-28.42,0
e1-100,binary,100,bot_160,2991,b,44,12.58,25,125.53,87,-38.53,0
e1-100,binary,100,bot_160,2991,b,46,9.9,25,118.78,70,-48.78,0
e1-100,binary,100,bot_160,2991,b,48,49.55,25,74.14,83,8.86,0
e1-100,binary,100,bot_160,2991,b,50,40.7,25,76.7,68,-8.7,0
e1-100,binary,100,bot_160,2991,b,52,19.44,25,95.37,60,-35.37,0
e1-100,binary,100,bot_160,2991,b,54,9.98,25,74.83,32,-42.83,0
e1-100,binary,100,bot_160,2991,b,56,3.26,25,79.4,31,-48.4,0
e1-100,binary,100,bot_160,2991,b,58,3.03,25,55.24,32,-23.24,0
e1-100,binary,100,bot_160,2991,b,60,31.13,25,97.37,42,-55.37,0
e1-100,binary,100,bot_161,2992,w,1,121.81,25,150.27,221,70.73,0
e1-100,binary,100,bot_161,2992,w,3,93.57,25,113.61,162,48.39,0
e1-100,binary,100,bot_161,2992,w,5,102.98,25,114.31,162,47.69,0
e1-100,binary,100,bot_161,2992,w,7,68.62,25,146.68,160,13.32,0
e1-100,binary,100,bot_161,2992,w,9,61.79,25,158.52,152,-6.52,0
e1-100,binary,100,bot_161,2992,w,11,33.9,25,117.97,85,-32.97,0
e1-100,binary,100,bot_161,2992,w,13,45.68,25,180.6,148,-32.6,0
e1-100,binary,100,bot_161,2992,w,15,32.69,25,174.79,126,-48.79,0
e1-100,binary,100,bot_161,2992,w,17,25.7,25,197.63,156,-41.63,0
e1-100,binary,100,bot_161,2992,w,19,22.03,25,187.04,139,-48.04,0
e1-100,binary,100,bot_161,2992,w,21,8.92,25,175.14,112,-63.14,0
e1-100,binary,100,bot_161,2992,w,23,67.72,25,108.02,121,12.98,0
e1-100,binary,100,bot_161,2992,w,25,74.88,25,124.85,130,5.15,0
e1-100,binary,100,bot_161,2992,w,27,64.18,25,113.68,120,6.32,0
e1-100,binary,100,bot_161,2992,w,29,61.14,25,139.43,124,-15.43,0
e1-100,binary,100,bot_161,2992,w,31,48.47,25,92.19,67,-25.19,0
e1-100,binary,100,bot_161,2992,w,33,48.84,25,131.99,102,-29.99,0
e1-100,binary,100,bot_161,2992,w,35,36.01,25,124.27,97,-27.27,0
e1-100,binary,100,bot_161,2992,w,37,24.68,25,115.8,83,-32.8,0
e1-100,binary,100,bot_161,2992,w,39,35.8,25,124.23,89,-35.23,0
e1-100,binary,100,bot_161,2992,w,41,24.81,25,138.25,100,-38.25,0
e1-100,binary,100,bot_161,2992,w,43,10.99,25,127.08,80,-47.08,0
e1-100,binary,100,bot_161,2992,w,45,43.38,25,122.08,64,-58.08,0
e1-100,binary,100,bot_161,2992,w,47,46.71,25,76.98,69,-7.98,0
e1-100,binary,100,bot_161,2992,w,49,37.12,25,80.29,60,-20.29,0
e1-100,binary,100,bot_161,2992,w,51,15.35,25,99.44,52,-47.44,0
e1-100,binary,100,bot_161,2992,w,53,7.02,25,77.77,24,-53.77,0
e1-100,binary,100,bot_161,2992,w,55,18.27,25,55.72,29,-26.72,0
e1-100,binary,100,bot_161,2992,w,57,26.02,25,57.33,20,-37.33,0
e1-100,binary,100,bot_161,2992,w,59,23.11,25,57.53,17,-40.53,0
e1-100,binary,100,bot_162,2992,b,2,115.55,25,115.95,199,83.05,0
e1-100,binary,100,bot_162,2992,b,4,115.39,25,126.65,180,53.35,0
e1-100,binary,100,bot_162,2992,b,6,87.77,25,134.03,185,50.97,0
e1-100,binary,100,bot_162,2992,b,8,67.72,25,139.6,156,16.4,0
e1-100,binary,100,bot_162,2992,b,10,41.17,25,160.28,169,8.72,0
e1-100,binary,100,bot_162,2992,b,12,41.44,25,138.6,120,-18.6,0
e1-100,binary,100,bot_162,2992,b,14,25.5,25,127.01,121,-6.01,0
e1-100,binary,100,bot_162,2992,b,16,31.72,25,149.83,129,-20.83,0
e1-100,binary,100,bot_162,2992,b,18,25.41,25,170.57,144,-26.57,0
e1-100,binary,100,bot_162,2992,b,20,12.19,25,145.17,115,-30.17,0
e1-100,binary,100,bot_162,2992,b,22,86.95,25,188.11,144,-44.11,0
e1-100,binary,100,bot_162,2992,b,24,80.02,25,127.18,141,13.82,0
e1-100,binary,100,bot_162,2992,b,26,80.65,25,134.48,156,21.52,0
e1-100,binary,100,bot_162,2992,b,28,58.21,25,135.17,148,12.83,0
e1-100,binary,100,bot_162,2992,b,30,40.9,25,137.95,151,13.05,0
e1-100,binary,100,bot_162,2992,b,32,34.7,25,118.31,118,-0.31,0
e1-100,binary,100,bot_162,2992,b,34,38.08,25,125.29,125,-0.29,0
e1-100,binary,100,bot_162,2992,b,36,33.13,25,138.44,125,-13.44,0
e1-100,binary,100,bot_162,2992,b,38,30.72,25,103.05,80,-23.05,0
e1-100,binary,100,bot_162,2992,b,40,26.15,25,127.27,115,-12.27,0
e1-100,binary,100,bot_162,2992,b,42,17.43,25,114.23,90,-24.23,0
e1-100,binary,100,bot_162,2992,b,44,6.57,25,101.09,64,-37.09,0
e1-100,binary,100,bot_162,2992,b,46,55.92,25,87.87,82,-5.87,0
e1-100,binary,100,bot_162,2992,b,48,45.1,25,73.02,69,-4.02,0
e1-100,binary,100,bot_162,2992,b,50,17.94,25,71.12,60,-11.12,0
e1-100,binary,100,bot_162,2992,b,52,11.61,25,89.42,57,-32.42,0
e1-100,binary,100,bot_162,2992,b,54,38.54,25,86.39,44,-42.39,0
e1-100,binary,100,bot_162,2992,b,56,27.22,25,59.88,29,-30.88,0
e1-100,binary,100,bot_162,2992,b,58,24.56,25,65.12,43,-22.12,0
e1-100,binary,100,bot_162,2992,b,60,20.58,25,71.59,46,-25.59,0
e1-100,binary,100,bot_163,2993,w,1,67.02,25,149.88,183,33.12,0
e1-100,binary,100,bot_163,2993,w,3,66.52,25,164.93,177,12.07,0
e1-100,binary,100,bot_163,2993,w,5,71.24,25,163.18,179,15.82,0
e1-100,binary,100,bot_163,2993,w,7,67.71,25,154.73,154,-0.73,0
e1-100,binary,100,bot_163,2993,w,9,34.93,25,144.81,139,-5.81,0
e1-100,binary,100,bot_163,2993,w,11,44.98,25,173.38,156,-17.38,0
e1-100,binary,100,bot_163,2993,w,13,19.02,25,148,119,-29,0
e1-100,binary,100,bot_163,2993,w,15,17.79,25,193.68,156,-37.68,0
e1-100,binary,100,bot_163,2993,w,17,112.3,25,194.21,152,-42.21,0
e1-100,binary,100,bot_163,2993,w,19,70.43,25,113.9,129,15.1,0
e1-100,binary,100,bot_163,2993,w,21,78.01,25,100.84,143,42.16,0
e1-100,binary,100,bot_163,2993,w,23,74.32,25,131.93,157,25.07,0
e1-100,binary,100,bot_163,2993,w,25,60.71,25,139.24,164,24.76,0
e1-100,binary,100,bot_163,2993,w,27,61.55,25,129.8,151,21.2,0
e1-100,binary,100,bot_163,2993,w,29,9.13,25,126.37,144,17.63,0
e1-100,binary,100,bot_163,2993,w,31,78.63,25,101.83,115,13.17,0
e1-100,binary,100,bot_163,2993,w,33,71.04,25,88.85,96,7.15,0
e1-100,binary,100,bot_163,2993,w,35,50.34,25,91.45,101,9.55,0
e1-100,binary,100,bot_163,2993,w,37,65.46,25,94.26,96,1.74,0
e1-100,binary,100,bot_163,2993,w,39,53.85,25,109.12,108,-1.12,0
e1-100,binary,100,bot_163,2993,w,41,41.56,25,97.61,88,-9.61,0
e1-100,binary,100,bot_163,2993,w,43,39.26,25,90.72,73,-17.72,0
e1-100,binary,100,bot_163,2993,w,45,29.31,25,97.72,81,-16.72,0
e1-100,binary,100,bot_163,2993,w,47,28.61,25,91.52,71,-20.52,0
e1-100,binary,100,bot_163,2993,w,49,12.71,25,97.45,62,-35.45,0
e1-100,binary,100,bot_163,2993,w,51,31.08,25,95.99,52,-43.99,0
e1-100,binary,100,bot_163,2993,w,53,15.85,25,68.43,52,-16.43,0
e1-100,binary,100,bot_163,2993,w,55,5.88,25,69.52,39,-30.52,0
e1-100,binary,100,bot_163,2993,w,57,12.55,25,97.77,53,-44.77,0
e1-100,binary,100,bot_163,2993,w,59,25.23,25,102.08,58,-44.08,0
e1-100,binary,100,bot_164,2993,b,2,77.97,25,143.6,141,-2.6,0
e1-100,binary,100,bot_164,2993,b,4,72.08,25,147.59,155,7.41,0
e1-100,binary,100,bot_164,2993,b,6,54.7,25,145.1,156,10.9,0
e1-100,binary,100,bot_164,2993,b,8,50.91,25,156.56,165,8.44,0
e1-100,binary,100,bot_164,2993,b,10,37.82,25,118.96,94,-24.96,0
e1-100,binary,100,bot_164,2993,b,12,27.2,25,160.76,146,-14.76,0
e1-100,binary,100,bot_164,2993,b,14,18.4,25,175.26,134,-41.26,0
e1-100,binary,100,bot_164,2993,b,16,12.9,25,193.88,152,-41.88,0
e1-100,binary,100,bot_164,2993,b,18,70.93,25,91.2,143,51.8,0
e1-100,binary,100,bot_164,2993,b,20,98.87,25,97.53,108,10.47,0
e1-100,binary,100,bot_164,2993,b,22,81.55,25,105.75,124,18.25,0
e1-100,binary,100,bot_164,2993,b,24,80.25,25,121.52,137,15.48,0
e1-100,binary,100,bot_164,2993,b,26,77,25,116.78,117,0.22,0
e1-100,binary,100,bot_164,2993,b,28,68.21,25,136.87,138,1.13,0
e1-100,binary,100,bot_164,2993,b,30,64.14,25,159.62,115,-44.62,0
e1-100,binary,100,bot_164,2993,b,32,59.25,25,104.62,130,25.38,0
e1-100,binary,100,bot_164,2993,b,34,60.78,25,111.08,129,17.92,0
e1-100,binary,100,bot_164,2993,b,36,53.51,25,78.91,77,-1.91,0
e1-100,binary,100,bot_164,2993,b,38,51.16,25,102.55,114,11.45,0
e1-100,binary,100,bot_164,2993,b,40,40.88,25,90.99,91,0.01,0
e1-100,binary,100,bot_164,2993,b,42,34.27,25,72.43,59,-13.43,0
e1-100,binary,100,bot_164,2993,b,44,33.82,25,87.56,73,-14.56,0
e1-100,binary,100,bot_164,2993,b,46,30.63,25,90.99,68,-22.99,0
e1-100,binary,100,bot_164,2993,b,48,15.77,25,86.13,60,-26.12,0
e1-100,binary,100,bot_164,2993,b,50,6.95,25,91.41,51,-40.41,0
e1-100,binary,100,bot_164,2993,b,52,33.54,25,57.45,35,-22.45,0
e1-100,binary,100,bot_164,2993,b,54,20.95,25,61.35,23,-38.35,0
e1-100,binary,100,bot_164,2993,b,56,6.76,25,67.27,19,-48.27,0
e1-100,binary,100,bot_164,2993,b,58,7.24,25,85.69,45,-40.69,0
e1-100,binary,100,bot_164,2993,b,60,18.55,25,66.03,37,-29.03,0
e1-100,binary,100,bot_165,2994,w,1,79.14,25,142.85,179,36.15,0
e1-100,binary,100,bot_165,2994,w,3,72.96,25,146.74,173,26.26,0
e1-100,binary,100,bot_165,2994,w,5,56.88,25,142.98,174,31.02,0
e1-100,binary,100,bot_165,2994,w,7,53.26,25,154.2,181,26.8,0
e1-100,binary,100,bot_165,2994,w,9,39.93,25,116.58,110,-6.58,0
e1-100,binary,100,bot_165,2994,w,11,29.38,25,158.76,162,3.24,0
e1-100,binary,100,bot_165,2994,w,13,21.23,25,172.62,151,-21.62,0
e1-100,binary,100,bot_165,2994,w,15,16.1,25,190.97,168,-22.97,0
e1-100,binary,100,bot_165,2994,w,17,80.54,25,181.35,154,-27.35,0
e1-100,binary,100,bot_165,2994,w,19,102.83,25,93.29,122,28.71,0
e1-100,binary,100,bot_165,2994,w,21,84.14,25,103.41,140,36.59,0
e1-100,binary,100,bot_165,2994,w,23,83.17,25,118.28,153,34.72,0
e1-100,binary,100,bot_165,2994,w,25,78.96,25,114.55,132,17.45,0
e1-100,binary,100,bot_165,2994,w,27,71.83,25,134.28,155,20.72,0
e1-100,binary,100,bot_165,2994,w,29,50.67,25,102.63,138,35.37,0
e1-100,binary,100,bot_165,2994,w,31,57.68,25,106.13,139,32.87,0
e1-100,binary,100,bot_165,2994,w,33,58.72,25,113.05,137,23.95,0
e1-100,binary,100,bot_165,2994,w,35,51.82,25,80.62,88,7.38,0
e1-100,binary,100,bot_165,2994,w,37,50.6,25,103.01,123,19.99,0
e1-100,binary,100,bot_165,2994,w,39,37.82,25,94,102,8,0
e1-100,binary,100,bot_165,2994,w,41,31.23,25,75.53,69,-6.53,0
e1-100,binary,100,bot_165,2994,w,43,31.67,25,89.74,83,-6.74,0
e1-100,binary,100,bot_165,2994,w,45,27.72,25,93.85,76,-17.85,0
e1-100,binary,100,bot_165,2994,w,47,15.52,25,86.27,70,-16.27,0
e1-100,binary,100,bot_165,2994,w,49,45.49,25,94.53,64,-30.53,0
e1-100,binary,100,bot_165,2994,w,51,31,25,60.99,47,-13.99,0
e1-100,binary,100,bot_165,2994,w,53,18.52,25,64.09,37,-27.09,0
e1-100,binary,100,bot_165,2994,w,55,5.12,25,68.93,31,-37.93,0
e1-100,binary,100,bot_165,2994,w,57,29.17,25,87.48,57,-30.48,0
e1-100,binary,100,bot_165,2994,w,59,16.23,25,68.04,46,-22.04,0
e1-100,binary,100,bot_166,2994,b,2,70,25,161.38,175,13.62,0
e1-100,binary,100,bot_166,2994,b,4,74.31,25,160.11,177,16.89,0
e1-100,binary,100,bot_166,2994,b,6,70.69,25,151.66,153,1.34,0
e1-100,binary,100,bot_166,2994,b,8,37.19,25,142.65,139,-3.65,0
e1-100,binary,100,bot_166,2994,b,10,47.78,25,170.57,156,-14.57,0
e1-100,binary,100,bot_166,2994,b,12,22.34,25,144.71,117,-27.71,0
e1-100,binary,100,bot_166,2994,b,14,21.29,25,190.09,155,-35.09,0
e1-100,binary,100,bot_166,2994,b,16,15.91,25,190.93,151,-39.93,0
e1-100,binary,100,bot_166,2994,b,18,73.35,25,111,136,25,0
e1-100,binary,100,bot_166,2994,b,20,80.1,25,98.71,145,46.29,0
e1-100,binary,100,bot_166,2994,b,22,78.44,25,127.88,155,27.12,0
e1-100,binary,100,bot_166,2994,b,24,60.99,25,139.13,165,25.87,0
e1-100,binary,100,bot_166,2994,b,26,63.83,25,127.52,150,22.48,0
e1-100,binary,100,bot_166,2994,b,28,77.72,25,128.07,146,17.93,0
e1-100,binary,100,bot_166,2994,b,30,74.97,25,105.66,105,-0.66,0
e1-100,binary,100,bot_166,2994,b,32,66.03,25,94.09,100,5.91,0
e1-100,binary,100,bot_166,2994,b,34,47.85,25,93.89,101,7.11,0
e1-100,binary,100,bot_166,2994,b,36,61.9,25,98.18,98,-0.18,0
e1-100,binary,100,bot_166,2994,b,38,49.63,25,113.43,112,-1.43,0
e1-100,binary,100,bot_166,2994,b,40,36.7,25,102.25,88,-14.25,0
e1-100,binary,100,bot_166,2994,b,42,35.28,25,94.44,74,-20.44,0
e1-100,binary,100,bot_166,2994,b,44,25.25,25,101.96,82,-19.96,0
e1-100,binary,100,bot_166,2994,b,46,25.78,25,94.49,71,-23.49,0
e1-100,binary,100,bot_166,2994,b,48,11.61,25,98.4,63,-35.4,0
e1-100,binary,100,bot_166,2994,b,50,28.47,25,56.93,51,-5.93,0
e1-100,binary,100,bot_166,2994,b,52,15.21,25,68.02,47,-21.02,0
e1-100,binary,100,bot_166,2994,b,54,4.28,25,70.98,39,-31.98,0
e1-100,binary,100,bot_166,2994,b,56,11.13,25,99.27,53,-46.27,0
e1-100,binary,100,bot_166,2994,b,58,20.1,25,83.31,61,-22.31,0
e1-100,binary,100,bot_166,2994,b,60,15.56,25,54.74,19,-35.74,0
e1-100,binary,100,bot_167,2995,w,1,70.39,25,160.7,217,56.3,0
e1-100,binary,100,bot_167,2995,w,3,78.56,25,156.06,192,35.94,0
e1-100,binary,100,bot_167,2995,w,5,75.54,25,146.4,168,21.6,0
e1-100,binary,100,bot_167,2995,w,7,40.35,25,139.6,157,17.4,0
e1-100,binary,100,bot_167,2995,w,9,52.57,25,165.62,170,4.38,0
e1-100,binary,100,bot_167,2995,w,11,29.17,25,137.75,133,-4.75,0
e1-100,binary,100,bot_167,2995,w,13,25.52,25,185.26,170,-15.26,0
e1-100,binary,100,bot_167,2995,w,15,19.67,25,186.63,168,-18.63,0
e1-100,binary,100,bot_167,2995,w,17,15.83,25,166.68,139,-27.68,0
e1-100,binary,100,bot_167,2995,w,19,83.4,25,95.36,177,81.64,0
e1-100,binary,100,bot_167,2995,w,21,86.17,25,120.37,171,50.63,0
e1-100,binary,100,bot_167,2995,w,23,67.54,25,132.94,182,49.06,0
e1-100,binary,100,bot_167,2995,w,25,69.06,25,121.84,166,44.16,0
e1-100,binary,100,bot_167,2995,w,27,37.8,25,105.74,135,29.26,0
e1-100,binary,100,bot_167,2995,w,29,42.22,25,109.7,124,14.3,0
e1-100,binary,100,bot_167,2995,w,31,31.8,25,112.46,122,9.54,0
e1-100,binary,100,bot_167,2995,w,33,15.6,25,140.52,139,-1.52,0
e1-100,binary,100,bot_167,2995,w,35,7.91,25,129.82,104,-25.82,0
e1-100,binary,100,bot_167,2995,w,37,76.92,25,86.88,130,43.12,0
e1-100,binary,100,bot_167,2995,w,39,60.08,25,80.08,106,25.92,0
e1-100,binary,100,bot_167,2995,w,41,58.37,25,110.89,82,-28.89,0
e1-100,binary,100,bot_167,2995,w,43,46.99,25,80.04,98,17.96,0
e1-100,binary,100,bot_167,2995,w,45,46.58,25,74.05,82,7.95,0
e1-100,binary,100,bot_167,2995,w,47,25.13,25,85.29,77,-8.29,0
e1-100,binary,100,bot_167,2995,w,49,3.55,25,95.01,73,-22.01,0
e1-100,binary,100,bot_167,2995,w,51,18.74,25,108.18,73,-35.18,0
e1-100,binary,100,bot_167,2995,w,53,7.83,25,67.55,53,-14.55,0
e1-100,binary,100,bot_167,2995,w,55,14.52,25,95.79,67,-28.79,0
e1-100,binary,100,bot_167,2995,w,57,7.53,25,99.29,70,-29.29,0
e1-100,binary,100,bot_167,2995,w,59,2.44,25,54.38,39,-15.37,0
e1-100,binary,100,bot_168,2995,b,2,75.85,25,144.14,162,17.86,0
e1-100,binary,100,bot_168,2995,b,4,60.01,25,139.93,165,25.07,0
e1-100,binary,100,bot_168,2995,b,6,56.56,25,151.05,173,21.95,0
e1-100,binary,100,bot_168,2995,b,8,43.11,25,113.34,100,-13.34,0
e1-100,binary,100,bot_168,2995,b,10,33.86,25,154.7,153,-1.7,0
e1-100,binary,100,bot_168,2995,b,12,24.03,25,169.92,146,-23.92,0
e1-100,binary,100,bot_168,2995,b,14,19.71,25,187.73,159,-28.73,0
e1-100,binary,100,bot_168,2995,b,16,10.97,25,178.26,144,-34.26,0
e1-100,binary,100,bot_168,2995,b,18,120.08,25,150.46,112,-38.46,0
e1-100,binary,100,bot_168,2995,b,20,89.32,25,98.36,128,29.64,0
e1-100,binary,100,bot_168,2995,b,22,88.75,25,112.53,146,33.47,0
e1-100,binary,100,bot_168,2995,b,24,82.77,25,110.52,125,14.48,0
e1-100,binary,100,bot_168,2995,b,26,65.08,25,129.78,144,14.22,0
e1-100,binary,100,bot_168,2995,b,28,50.56,25,117.87,108,-9.87,0
e1-100,binary,100,bot_168,2995,b,30,46.08,25,135.6,130,-5.6,0
e1-100,binary,100,bot_168,2995,b,32,34.85,25,142.89,128,-14.89,0
e1-100,binary,100,bot_168,2995,b,34,12.12,25,115.83,83,-32.83,0
e1-100,binary,100,bot_168,2995,b,36,80.08,25,162.02,121,-41.02,0
e1-100,binary,100,bot_168,2995,b,38,61.76,25,69.71,98,28.29,0
e1-100,binary,100,bot_168,2995,b,40,8.36,25,58.69,70,11.31,0
e1-100,binary,100,bot_168,2995,b,42,54.67,25,66.37,77,10.63,0
e1-100,binary,100,bot_168,2995,b,44,46.12,25,75.53,75,-0.53,0
e1-100,binary,100,bot_168,2995,b,46,29.47,25,72.8,72,-0.8,0
e1-100,binary,100,bot_168,2995,b,48,14.22,25,84.6,63,-21.6,0
e1-100,binary,100,bot_168,2995,b,50,1.6,25,75.86,32,-43.86,0
e1-100,binary,100,bot_168,2995,b,52,21.09,25,61.18,32,-29.18,0
e1-100,binary,100,bot_168,2995,b,54,8.26,25,65.72,26,-39.72,0
e1-100,binary,100,bot_168,2995,b,56,9.24,25,83.59,50,-33.59,0
e1-100,binary,100,bot_168,2995,b,58,22.01,25,83.07,44,-39.07,0
e1-100,binary,100,bot_168,2995,b,60,12.49,25,63.43,19,-44.43,0
e1-100,binary,100,bot_169,2996,w,1,76.83,25,143.33,189,45.67,0
e1-100,binary,100,bot_169,2996,w,3,61.07,25,138.91,175,36.09,0
e1-100,binary,100,bot_169,2996,w,5,57.89,25,149.77,183,33.23,0
e1-100,binary,100,bot_169,2996,w,7,43.77,25,112.55,110,-2.55,0
e1-100,binary,100,bot_169,2996,w,9,34.91,25,153.9,164,10.1,0
e1-100,binary,100,bot_169,2996,w,11,25.9,25,168.09,156,-12.09,0
e1-100,binary,100,bot_169,2996,w,13,21.27,25,186.5,171,-15.5,0
e1-100,binary,100,bot_169,2996,w,15,11.64,25,177.96,158,-19.96,0
e1-100,binary,100,bot_169,2996,w,17,13.35,25,148.52,123,-25.52,0
e1-100,binary,100,bot_169,2996,w,19,91.49,25,96.23,146,49.77,0
e1-100,binary,100,bot_169,2996,w,21,89.81,25,111.41,157,45.59,0
e1-100,binary,100,bot_169,2996,w,23,83.71,25,109.42,137,27.58,0
e1-100,binary,100,bot_169,2996,w,25,66.03,25,128.76,156,27.24,0
e1-100,binary,100,bot_169,2996,w,27,50.78,25,117.39,116,-1.39,0
e1-100,binary,100,bot_169,2996,w,29,47.22,25,134.48,138,3.52,0
e1-100,binary,100,bot_169,2996,w,31,35.51,25,142.1,135,-7.1,0
e1-100,binary,100,bot_169,2996,w,33,13.4,25,114.57,95,-19.57,0
e1-100,binary,100,bot_169,2996,w,35,8.69,25,159.29,131,-28.29,0
e1-100,binary,100,bot_169,2996,w,37,64.54,25,67.49,115,47.51,0
e1-100,binary,100,bot_169,2996,w,39,9.93,25,56.96,81,24.04,0
e1-100,binary,100,bot_169,2996,w,41,59.13,25,61.95,84,22.05,0
e1-100,binary,100,bot_169,2996,w,43,48.61,25,73.07,82,8.93,0
e1-100,binary,100,bot_169,2996,w,45,30.9,25,71,77,6,0
e1-100,binary,100,bot_169,2996,w,47,17.19,25,81.74,71,-10.74,0
e1-100,binary,100,bot_169,2996,w,49,3.05,25,74.75,41,-33.75,0
e1-100,binary,100,bot_169,2996,w,51,26,25,72.86,36,-36.86,0
e1-100,binary,100,bot_169,2996,w,53,9.33,25,64.72,35,-29.72,0
e1-100,binary,100,bot_169,2996,w,55,11.03,25,81.84,60,-21.84,0
e1-100,binary,100,bot_169,2996,w,57,3.6,25,82.08,52,-30.08,0
e1-100,binary,100,bot_169,2996,w,59,5.85,25,69.68,30,-39.68,0
e1-100,binary,100,bot_170,2996,b,2,80.1,25,154.58,171,16.42,0
e1-100,binary,100,bot_170,2996,b,4,77.1,25,144.78,145,0.22,0
e1-100,binary,100,bot_170,2996,b,6,41.11,25,138.9,135,-3.9,0
e1-100,binary,100,bot_170,2996,b,8,54.23,25,163.94,147,-16.94,0
e1-100,binary,100,bot_170,2996,b,10,31.76,25,135.15,109,-26.15,0
e1-100,binary,100,bot_170,2996,b,12,27.86,25,182.82,148,-34.82,0
e1-100,binary,100,bot_170,2996,b,14,24.07,25,182.1,142,-40.1,0
e1-100,binary,100,bot_170,2996,b,16,19.11,25,163.36,115,-48.36,0
e1-100,binary,100,bot_170,2996,b,18,92.66,25,194.53,148,-46.53,0
e1-100,binary,100,bot_170,2996,b,20,89.98,25,116.58,148,31.42,0
e1-100,binary,100,bot_170,2996,b,22,71.01,25,129.49,159,29.51,0
e1-100,binary,100,bot_170,2996,b,24,71.95,25,118.77,142,23.23,0
e1-100,binary,100,bot_170,2996,b,26,39.24,25,104.14,118,13.86,0
e1-100,binary,100,bot_170,2996,b,28,45.42,25,106.42,105,-1.42,0
e1-100,binary,100,bot_170,2996,b,30,34.02,25,110.19,105,-5.19,0
e1-100,binary,100,bot_170,2996,b,32,20.81,25,135.48,119,-16.48,0
e1-100,binary,100,bot_170,2996,b,34,12.26,25,125.46,86,-39.46,0
e1-100,binary,100,bot_170,2996,b,36,89.38,25,148.33,103,-45.33,0
e1-100,binary,100,bot_170,2996,b,38,65.37,25,74.84,87,12.16,0
e1-100,binary,100,bot_170,2996,b,40,63.68,25,105.54,62,-43.54,0
e1-100,binary,100,bot_170,2996,b,42,49.6,25,77.39,85,7.61,0
e1-100,binary,100,bot_170,2996,b,44,46.82,25,73.55,68,-5.55,0
e1-100,binary,100,bot_170,2996,b,46,29.6,25,81.12,59,-22.12,0
e1-100,binary,100,bot_170,2996,b,48,7.34,25,91.35,55,-36.35,0
e1-100,binary,100,bot_170,2996,b,50,3.92,25,106.1,56,-50.1,0
e1-100,binary,100,bot_170,2996,b,52,12.07,25,63.29,37,-26.29,0
e1-100,binary,100,bot_170,2996,b,54,18.86,25,91.4,48,-43.4,0
e1-100,binary,100,bot_170,2996,b,56,10.68,25,96.11,54,-42.11,0
e1-100,binary,100,bot_170,2996,b,58,1.84,25,63.69,14,-49.69,0
e1-100,binary,100,bot_170,2996,b,60,38.48,25,83.37,37,-46.37,0
e1-100,binary,100,bot_171,2997,w,1,84.43,25,150.54,209,58.46,0
e1-100,binary,100,bot_171,2997,w,3,82.65,25,138.82,177,38.18,0
e1-100,binary,100,bot_171,2997,w,5,44.58,25,135.59,168,32.41,0
e1-100,binary,100,bot_171,2997,w,7,59.89,25,158.06,177,18.94,0
e1-100,binary,100,bot_171,2997,w,9,33.87,25,133.12,142,8.88,0
e1-100,binary,100,bot_171,2997,w,11,29.64,25,180.64,179,-1.64,0
e1-100,binary,100,bot_171,2997,w,13,26.3,25,179.54,172,-7.54,0
e1-100,binary,100,bot_171,2997,w,15,21.7,25,160.69,144,-16.69,0
e1-100,binary,100,bot_171,2997,w,17,9.55,25,193.23,180,-13.23,0
e1-100,binary,100,bot_171,2997,w,19,91.8,25,114.97,191,76.03,0
e1-100,binary,100,bot_171,2997,w,21,73.18,25,127.65,192,64.35,0
e1-100,binary,100,bot_171,2997,w,23,75.01,25,115.69,172,56.31,0
e1-100,binary,100,bot_171,2997,w,25,41.1,25,102.78,144,41.22,0
e1-100,binary,100,bot_171,2997,w,27,48.65,25,103.16,128,24.84,0
e1-100,binary,100,bot_171,2997,w,29,36.26,25,107.99,130,22.01,0
e1-100,binary,100,bot_171,2997,w,31,25.91,25,130.54,140,9.46,0
e1-100,binary,100,bot_171,2997,w,33,18.01,25,119.68,105,-14.68,0
e1-100,binary,100,bot_171,2997,w,35,13.82,25,142.28,125,-17.28,0
e1-100,binary,100,bot_171,2997,w,37,70.8,25,69.61,114,44.39,0
e1-100,binary,100,bot_171,2997,w,39,68.11,25,101.47,85,-16.47,0
e1-100,binary,100,bot_171,2997,w,41,62.17,25,121.46,98,-23.46,0
e1-100,binary,100,bot_171,2997,w,43,52.44,25,67.86,91,23.14,0
e1-100,binary,100,bot_171,2997,w,45,33.27,25,77.4,82,4.6,0
e1-100,binary,100,bot_171,2997,w,47,9.44,25,89.48,83,-6.48,0
e1-100,binary,100,bot_171,2997,w,49,7.68,25,102.34,80,-22.34,0
e1-100,binary,100,bot_171,2997,w,51,16.68,25,82.14,60,-22.14,0
e1-100,binary,100,bot_171,2997,w,53,22.53,25,87.69,71,-16.69,0
e1-100,binary,100,bot_171,2997,w,55,14.09,25,92.56,80,-12.56,0
e1-100,binary,100,bot_171,2997,w,57,4.81,25,61.12,37,-24.12,0
e1-100,binary,100,bot_171,2997,w,59,6.92,25,82.56,61,-21.56,0
e1-100,binary,100,bot_172,2997,b,2,65.87,25,134.31,153,18.69,0
e1-100,binary,100,bot_172,2997,b,4,62.5,25,145.24,162,16.76,0
e1-100,binary,100,bot_172,2997,b,6,47,25,109.13,87,-22.13,0
e1-100,binary,100,bot_172,2997,b,8,38.52,25,150.58,144,-6.58,0
e1-100,binary,100,bot_172,2997,b,10,26.98,25,167.06,134,-33.06,0
e1-100,binary,100,bot_172,2997,b,12,22.54,25,185.36,149,-36.36,0
e1-100,binary,100,bot_172,2997,b,14,12.71,25,176.99,137,-39.99,0
e1-100,binary,100,bot_172,2997,b,16,15.38,25,146.43,101,-45.43,0
e1-100,binary,100,bot_172,2997,b,18,104.91,25,167.23,110,-57.23,0
e1-100,binary,100,bot_172,2997,b,20,92.77,25,108.35,132,23.65,0
e1-100,binary,100,bot_172,2997,b,22,85.79,25,107.17,113,5.83,0
e1-100,binary,100,bot_172,2997,b,24,70.38,25,124.3,132,7.7,0
e1-100,binary,100,bot_172,2997,b,26,53.12,25,114.96,97,-17.96,0
e1-100,binary,100,bot_172,2997,b,28,50.66,25,131.02,121,-10.02,0
e1-100,binary,100,bot_172,2997,b,30,38.76,25,138.84,117,-21.84,0
e1-100,binary,100,bot_172,2997,b,32,15.61,25,112.37,82,-30.37,0
e1-100,binary,100,bot_172,2997,b,34,11.53,25,156.46,117,-39.46,0
e1-100,binary,100,bot_172,2997,b,36,72.76,25,140.47,97,-43.47,0
e1-100,binary,100,bot_172,2997,b,38,11.98,25,54.83,68,13.17,0
e1-100,binary,100,bot_172,2997,b,40,4.85,25,58.64,69,10.36,0
e1-100,binary,100,bot_172,2997,b,42,52.46,25,70.01,74,3.99,0
e1-100,binary,100,bot_172,2997,b,44,33.6,25,67.79,63,-4.79,0
e1-100,binary,100,bot_172,2997,b,46,22.66,25,76.84,53,-23.84,0
e1-100,binary,100,bot_172,2997,b,48,5.92,25,71.87,24,-47.87,0
e1-100,binary,100,bot_172,2997,b,50,7.77,25,67.57,18,-49.57,0
e1-100,binary,100,bot_172,2997,b,52,12.18,25,61.87,21,-40.87,0
e1-100,binary,100,bot_172,2997,b,54,15.44,25,77.43,42,-35.43,0
e1-100,binary,100,bot_172,2997,b,56,5.71,25,79.63,37,-42.63,0
e1-100,binary,100,bot_172,2997,b,58,6.71,25,66.02,13,-53.02,0
e1-100,binary,100,bot_172,2997,b,60,1.71,25,69.82,20,-49.82,0
e1-100,binary,100,bot_173,2998,w,1,72.34,25,128.19,190,61.81,0
e1-100,binary,100,bot_173,2998,w,3,69.37,25,138.44,183,44.56,0
e1-100,binary,100,bot_173,2998,w,5,51.37,25,104.67,109,4.33,0
e1-100,binary,100,bot_173,2998,w,7,41.76,25,147.95,172,24.05,0
e1-100,binary,100,bot_173,2998,w,9,32.12,25,162.37,156,-6.37,0
e1-100,binary,100,bot_173,2998,w,11,28.08,25,180.37,174,-6.37,0
e1-100,binary,100,bot_173,2998,w,13,16.73,25,173.52,164,-9.52,0
e1-100,binary,100,bot_173,2998,w,15,21,25,140.62,123,-17.62,0
e1-100,binary,100,bot_173,2998,w,17,17.06,25,161.23,133,-28.23,0
e1-100,binary,100,bot_173,2998,w,19,104.81,25,190.9,162,-28.9,0
e1-100,binary,100,bot_173,2998,w,21,89.47,25,103.44,138,34.56,0
e1-100,binary,100,bot_173,2998,w,23,76.9,25,118,159,41,0
e1-100,binary,100,bot_173,2998,w,25,58.95,25,108.83,116,7.17,0
e1-100,binary,100,bot_173,2998,w,27,57.51,25,124.22,141,16.78,0
e1-100,binary,100,bot_173,2998,w,29,46.3,25,131.13,135,3.87,0
e1-100,binary,100,bot_173,2998,w,31,21.84,25,106.12,100,-6.12,0
e1-100,binary,100,bot_173,2998,w,33,21.44,25,146.47,132,-14.47,0
e1-100,binary,100,bot_173,2998,w,35,9.3,25,139.74,123,-16.74,0
e1-100,binary,100,bot_173,2998,w,37,12.45,25,53.86,95,41.14,0
e1-100,binary,100,bot_173,2998,w,39,5.89,25,57.63,88,30.37,0
e1-100,binary,100,bot_173,2998,w,41,60.79,25,115.68,87,-28.68,0
e1-100,binary,100,bot_173,2998,w,43,34.93,25,66.46,80,13.54,0
e1-100,binary,100,bot_173,2998,w,45,23.04,25,76.58,71,-5.58,0
e1-100,binary,100,bot_173,2998,w,47,6.59,25,71.25,42,-29.25,0
e1-100,binary,100,bot_173,2998,w,49,8.71,25,66.36,37,-29.36,0
e1-100,binary,100,bot_173,2998,w,51,15.45,25,73.42,38,-35.42,0
e1-100,binary,100,bot_173,2998,w,53,16.5,25,76.49,62,-14.49,0
e1-100,binary,100,bot_173,2998,w,55,7.09,25,78.48,56,-22.48,0
e1-100,binary,100,bot_173,2998,w,57,7.91,25,64.67,31,-33.67,0
e1-100,binary,100,bot_173,2998,w,59,2.8,25,68.67,39,-29.67,0
e1-100,binary,100,bot_174,2998,b,2,88.39,25,132.82,141,8.18,0
e1-100,binary,100,bot_174,2998,b,4,47.65,25,132.61,137,4.39,0
e1-100,binary,100,bot_174,2998,b,6,67.9,25,150.01,137,-13.01,0
e1-100,binary,100,bot_174,2998,b,8,38.14,25,128.53,106,-22.53,0
e1-100,binary,100,bot_174,2998,b,10,37.99,25,171.95,139,-32.95,0
e1-100,binary,100,bot_174,2998,b,12,33.69,25,171.76,135,-36.76,0
e1-100,binary,100,bot_174,2998,b,14,27.73,25,154.5,106,-48.5,0
e1-100,binary,100,bot_174,2998,b,16,14.44,25,188.55,145,-43.55,0
e1-100,binary,100,bot_174,2998,b,18,13.77,25,191.32,144,-47.32,0
e1-100,binary,100,bot_174,2998,b,20,78.25,25,122.84,163,40.16,0
e1-100,binary,100,bot_174,2998,b,22,84.35,25,106.05,130,23.95,0
e1-100,binary,100,bot_174,2998,b,24,47.47,25,96.86,118,21.14,0
e1-100,binary,100,bot_174,2998,b,26,57.64,25,94.14,98,3.86,0
e1-100,binary,100,bot_174,2998,b,28,43.74,25,100.59,102,1.41,0
e1-100,binary,100,bot_174,2998,b,30,33.07,25,123.67,114,-9.67,0
e1-100,binary,100,bot_174,2998,b,32,25.29,25,112.46,77,-35.46,0
e1-100,binary,100,bot_174,2998,b,34,22.95,25,132.95,98,-34.95,0
e1-100,binary,100,bot_174,2998,b,36,81.51,25,123.45,77,-46.45,0
e1-100,binary,100,bot_174,2998,b,38,70.6,25,98.91,56,-42.91,0
e1-100,binary,100,bot_174,2998,b,40,10.91,25,118.69,70,-48.69,0
e1-100,binary,100,bot_174,2998,b,42,54.24,25,66.06,72,5.94,0
e1-100,binary,100,bot_174,2998,b,44,34.21,25,76.44,55,-21.44,0
e1-100,binary,100,bot_174,2998,b,46,11.02,25,87.93,55,-32.93,0
e1-100,binary,100,bot_174,2998,b,48,9.79,25,100.22,52,-48.22,0
e1-100,binary,100,bot_174,2998,b,50,4.2,25,79.75,32,-47.75,0
e1-100,binary,100,bot_174,2998,b,52,25.69,25,84.51,44,-40.51,0
e1-100,binary,100,bot_174,2998,b,54,16.61,25,90.07,51,-39.07,0
e1-100,binary,100,bot_174,2998,b,56,7.28,25,58.61,10,-48.61,0
e1-100,binary,100,bot_174,2998,b,58,9.94,25,79.52,31,-48.52,0
e1-100,binary,100,bot_174,2998,b,60,3.38,25,79.12,26,-53.12,0
e1-100,binary,100,bot_175,2999,w,1,89.77,25,131.23,170,38.77,0
e1-100,binary,100,bot_175,2999,w,3,49.94,25,130.89,153,22.11,0
e1-100,binary,100,bot_175,2999,w,5,79.87,25,137.72,143,5.28,0
e1-100,binary,100,bot_175,2999,w,7,47.79,25,118.69,113,-5.69,0
e1-100,binary,100,bot_175,2999,w,9,43.79,25,165.89,151,-14.89,0
e1-100,binary,100,bot_175,2999,w,11,36.51,25,168.53,149,-19.53,0
e1-100,binary,100,bot_175,2999,w,13,29.89,25,151.78,120,-31.78,0
e1-100,binary,100,bot_175,2999,w,15,18.39,25,184.66,156,-28.66,0
e1-100,binary,100,bot_175,2999,w,17,17.95,25,187.46,157,-30.46,0
e1-100,binary,100,bot_175,2999,w,19,13.42,25,204.93,166,-38.93,0
e1-100,binary,100,bot_175,2999,w,21,87.48,25,103.02,157,53.98,0
e1-100,binary,100,bot_175,2999,w,23,49.47,25,95.76,133,37.24,0
e1-100,binary,100,bot_175,2999,w,25,60.7,25,91.15,114,22.85,0
e1-100,binary,100,bot_175,2999,w,27,46.78,25,98.16,114,15.84,0
e1-100,binary,100,bot_175,2999,w,29,37.38,25,120.03,127,6.97,0
e1-100,binary,100,bot_175,2999,w,31,29.48,25,108.45,93,-15.45,0
e1-100,binary,100,bot_175,2999,w,33,26.51,25,129.06,112,-17.06,0
e1-100,binary,100,bot_175,2999,w,35,10.45,25,122.67,88,-34.67,0
e1-100,binary,100,bot_175,2999,w,37,76.42,25,110.55,70,-40.55,0
e1-100,binary,100,bot_175,2999,w,39,12.76,25,116.87,80,-36.87,0
e1-100,binary,100,bot_175,2999,w,41,62.97,25,110.63,75,-35.63,0
e1-100,binary,100,bot_175,2999,w,43,35.36,25,75.34,67,-8.34,0
e1-100,binary,100,bot_175,2999,w,45,16.07,25,82.99,61,-21.99,0
e1-100,binary,100,bot_175,2999,w,47,13.42,25,96.63,59,-37.63,0
e1-100,binary,100,bot_175,2999,w,49,8.78,25,75.58,42,-33.58,0
e1-100,binary,100,bot_175,2999,w,51,30.18,25,92.47,53,-39.47,0
e1-100,binary,100,bot_175,2999,w,53,20.41,25,86.21,57,-29.21,0
e1-100,binary,100,bot_175,2999,w,55,9.48,25,56.38,20,-36.38,0
e1-100,binary,100,bot_175,2999,w,57,12.52,25,77,45,-32,0
e1-100,binary,100,bot_175,2999,w,59,6.21,25,76.02,38,-38.02,0
e1-100,binary,100,bot_176,2999,b,2,75.46,25,131.87,169,37.13,0
e1-100,binary,100,bot_176,2999,b,4,57.86,25,97.93,95,-2.93,0
e1-100,binary,100,bot_176,2999,b,6,46.21,25,144.11,170,25.89,0
e1-100,binary,100,bot_176,2999,b,8,38.87,25,155.74,150,-5.74,0
e1-100,binary,100,bot_176,2999,b,10,32.88,25,175.77,165,-10.77,0
e1-100,binary,100,bot_176,2999,b,12,20.63,25,169.79,153,-16.79,0
e1-100,binary,100,bot_176,2999,b,14,24.34,25,137.43,113,-24.43,0
e1-100,binary,100,bot_176,2999,b,16,21.39,25,156.95,122,-34.95,0
e1-100,binary,100,bot_176,2999,b,18,14.33,25,183.75,148,-35.75,0
e1-100,binary,100,bot_176,2999,b,20,106.86,25,165.99,124,-41.99,0
e1-100,binary,100,bot_176,2999,b,22,84.75,25,109.67,144,34.33,0
e1-100,binary,100,bot_176,2999,b,24,69.04,25,98.31,100,1.69,0
e1-100,binary,100,bot_176,2999,b,26,62.31,25,119.36,133,13.64,0
e1-100,binary,100,bot_176,2999,b,28,53.97,25,122.92,122,-0.92,0
e1-100,binary,100,bot_176,2999,b,30,32.22,25,95.53,86,-9.53,0
e1-100,binary,100,bot_176,2999,b,32,29.47,25,138.33,120,-18.33,0
e1-100,binary,100,bot_176,2999,b,34,12.61,25,135.77,116,-19.77,0
e1-100,binary,100,bot_176,2999,b,36,6.25,25,115.46,78,-37.46,0
e1-100,binary,100,bot_176,2999,b,38,9.06,25,54.45,82,27.55,0
e1-100,binary,100,bot_176,2999,b,40,10.84,25,112.26,77,-35.26,0
e1-100,binary,100,bot_176,2999,b,42,38.78,25,62.63,78,15.37,0
e1-100,binary,100,bot_176,2999,b,44,24.71,25,74.89,63,-11.89,0
e1-100,binary,100,bot_176,2999,b,46,8.98,25,68.82,36,-32.82,0
e1-100,binary,100,bot_176,2999,b,48,12.79,25,62.08,27,-35.08,0
e1-100,binary,100,bot_176,2999,b,50,7.08,25,68.93,31,-37.93,0
e1-100,binary,100,bot_176,2999,b,52,17.4,25,75.71,58,-17.71,0
e1-100,binary,100,bot_176,2999,b,54,12.18,25,73.43,46,-27.43,0
e1-100,binary,100,bot_176,2999,b,56,13.87,25,58.59,20,-38.59,0
e1-100,binary,100,bot_176,2999,b,58,8.45,25,62.95,27,-35.95,0
e1-100,binary,100,bot_176,2999,b,60,3.7,25,83.26,41,-42.26,0
e1-100,binary,100,bot_177,3000,w,1,76.15,25,132.25,190,57.75,0
e1-100,binary,100,bot_177,3000,w,3,58.36,25,97.45,104,6.55,0
e1-100,binary,100,bot_177,3000,w,5,47.35,25,143.19,179,35.81,0
e1-100,binary,100,bot_177,3000,w,7,40.64,25,154.07,159,4.93,0
e1-100,binary,100,bot_177,3000,w,9,34.34,25,175.09,178,2.91,0
e1-100,binary,100,bot_177,3000,w,11,22.26,25,168.53,162,-6.53,0
e1-100,binary,100,bot_177,3000,w,13,25.75,25,136.32,126,-10.32,0
e1-100,binary,100,bot_177,3000,w,15,22.4,25,155.94,132,-23.94,0
e1-100,binary,100,bot_177,3000,w,17,16.04,25,182.17,159,-23.17,0
e1-100,binary,100,bot_177,3000,w,19,13.36,25,164.64,138,-26.64,0
e1-100,binary,100,bot_177,3000,w,21,85.45,25,108.2,167,58.8,0
e1-100,binary,100,bot_177,3000,w,23,70.54,25,96.52,106,9.48,0
e1-100,binary,100,bot_177,3000,w,25,64.11,25,117.75,142,24.25,0
e1-100,binary,100,bot_177,3000,w,27,54.68,25,122.11,130,7.89,0
e1-100,binary,100,bot_177,3000,w,29,33.46,25,94.4,95,0.6,0
e1-100,binary,100,bot_177,3000,w,31,30.64,25,137.25,129,-8.25,0
e1-100,binary,100,bot_177,3000,w,33,14.47,25,134.08,123,-11.08,0
e1-100,binary,100,bot_177,3000,w,35,8.16,25,114.13,86,-28.13,0
e1-100,binary,100,bot_177,3000,w,37,7.11,25,114.82,79,-35.82,0
e1-100,binary,100,bot_177,3000,w,39,13.84,25,109.49,84,-25.49,0
e1-100,binary,100,bot_177,3000,w,41,46.98,25,110.45,78,-32.45,0
e1-100,binary,100,bot_177,3000,w,43,27.64,25,72.11,68,-4.11,0
e1-100,binary,100,bot_177,3000,w,45,12.22,25,78.49,42,-36.49,0
e1-100,binary,100,bot_177,3000,w,47,13.19,25,61.53,37,-24.53,0
e1-100,binary,100,bot_177,3000,w,49,8.02,25,68.05,39,-29.05,0
e1-100,binary,100,bot_177,3000,w,51,17.27,25,76.25,70,-6.25,0
e1-100,binary,100,bot_177,3000,w,53,12.96,25,73,56,-17,0
e1-100,binary,100,bot_177,3000,w,55,14.43,25,58.04,28,-30.04,0
e1-100,binary,100,bot_177,3000,w,57,10.74,25,60.82,35,-25.82,0
e1-100,binary,100,bot_177,3000,w,59,4.37,25,82.46,51,-31.46,0
e1-100,binary,100,bot_178,3000,b,2,51.42,25,129.37,147,17.63,0
e1-100,binary,100,bot_178,3000,b,4,82.28,25,135.26,135,-0.26,0
e1-100,binary,100,bot_178,3000,b,6,50.62,25,115.82,105,-10.82,0
e1-100,binary,100,bot_178,3000,b,8,47.67,25,161.47,143,-18.47,0
e1-100,binary,100,bot_178,3000,b,10,39.49,25,165.4,141,-24.4,0
e1-100,binary,100,bot_178,3000,b,12,35.89,25,145.63,109,-36.63,0
e1-100,binary,100,bot_178,3000,b,14,21.57,25,181.52,148,-33.52,0
e1-100,binary,100,bot_178,3000,b,16,23.39,25,182.03,145,-37.03,0
e1-100,binary,100,bot_178,3000,b,18,18.41,25,199.77,158,-41.77,0
e1-100,binary,100,bot_178,3000,b,20,104.67,25,180.89,136,-44.89,0
e1-100,binary,100,bot_178,3000,b,22,52,25,93.91,127,33.09,0
e1-100,binary,100,bot_178,3000,b,24,65.78,25,86.03,105,18.97,0
e1-100,binary,100,bot_178,3000,b,26,48.96,25,96.02,108,11.98,0
e1-100,binary,100,bot_178,3000,b,28,41.25,25,116.18,119,2.82,0
e1-100,binary,100,bot_178,3000,b,30,33.74,25,104.15,86,-18.15,0
e1-100,binary,100,bot_178,3000,b,32,30.13,25,125.31,104,-21.31,0
e1-100,binary,100,bot_178,3000,b,34,14.2,25,118.39,82,-36.39,0
e1-100,binary,100,bot_178,3000,b,36,7.48,25,107.55,63,-44.55,0
e1-100,binary,100,bot_178,3000,b,38,16.9,25,126.23,81,-45.23,0
e1-100,binary,100,bot_178,3000,b,40,11,25,106.7,69,-37.7,0
e1-100,binary,100,bot_178,3000,b,42,37.86,25,72.84,70,-2.84,0
e1-100,binary,100,bot_178,3000,b,44,5.55,25,80.79,57,-23.79,0
e1-100,binary,100,bot_178,3000,b,46,18.53,25,91.48,53,-38.48,0
e1-100,binary,100,bot_178,3000,b,48,13.36,25,70.97,33,-37.97,0
e1-100,binary,100,bot_178,3000,b,50,35.19,25,87.32,42,-45.32,0
e1-100,binary,100,bot_178,3000,b,52,24.93,25,81.59,47,-34.59,0
e1-100,binary,100,bot_178,3000,b,54,12.13,25,53.66,14,-39.66,0
e1-100,binary,100,bot_178,3000,b,56,16.52,25,72.91,37,-35.91,0
e1-100,binary,100,bot_178,3000,b,58,10.59,25,71.59,32,-39.59,0
e1-100,binary,100,bot_178,3000,b,60,3.22,25,87.72,41,-46.72,0
e1-100,binary,100,bot_179,3001,w,1,56.41,25,124.34,165,40.66,0
e1-100,binary,100,bot_179,3001,w,3,91.08,25,126.22,138,11.78,0
e1-100,binary,100,bot_179,3001,w,5,60.74,25,105.32,109,3.68,0
e1-100,binary,100,bot_179,3001,w,7,58.57,25,149.74,145,-4.74,0
e1-100,binary,100,bot_179,3001,w,9,48.49,25,155.69,148,-7.69,0
e1-100,binary,100,bot_179,3001,w,11,47.12,25,133.56,113,-20.56,0
e1-100,binary,100,bot_179,3001,w,13,31.59,25,171.75,154,-17.75,0
e1-100,binary,100,bot_179,3001,w,15,33.8,25,172.15,153,-19.15,0
e1-100,binary,100,bot_179,3001,w,17,29.01,25,188.67,164,-24.67,0
e1-100,binary,100,bot_179,3001,w,19,19.82,25,172.91,146,-26.91,0
e1-100,binary,100,bot_179,3001,w,21,9.86,25,166.4,133,-33.4,0
e1-100,binary,100,bot_179,3001,w,23,75.28,25,76.37,120,43.63,0
e1-100,binary,100,bot_179,3001,w,25,57.55,25,87.9,115,27.1,0
e1-100,binary,100,bot_179,3001,w,27,51.86,25,106,121,15,0
e1-100,binary,100,bot_179,3001,w,29,43.18,25,94.82,88,-6.82,0
e1-100,binary,100,bot_179,3001,w,31,44.07,25,110.46,98,-12.46,0
e1-100,binary,100,bot_179,3001,w,33,28.26,25,103.88,76,-27.88,0
e1-100,binary,100,bot_179,3001,w,35,10.04,25,105.72,69,-36.72,0
e1-100,binary,100,bot_179,3001,w,37,21.01,25,121.89,83,-38.89,0
e1-100,binary,100,bot_179,3001,w,39,17.07,25,100.41,68,-32.41,0
e1-100,binary,100,bot_179,3001,w,41,43.78,25,106.99,68,-38.99,0
e1-100,binary,100,bot_179,3001,w,43,8.99,25,102.42,58,-44.42,0
e1-100,binary,100,bot_179,3001,w,45,28.04,25,91.23,48,-43.23,0
e1-100,binary,100,bot_179,3001,w,47,18.22,25,66.26,34,-32.26,0
e1-100,binary,100,bot_179,3001,w,49,40.1,25,82.26,44,-38.26,0
e1-100,binary,100,bot_179,3001,w,51,29.59,25,76.73,48,-28.73,0
e1-100,binary,100,bot_179,3001,w,53,14.38,25,51.36,20,-31.36,0
e1-100,binary,100,bot_179,3001,w,55,20.48,25,68.84,40,-28.84,0
e1-100,binary,100,bot_179,3001,w,57,14.19,25,77,33,-44,0
e1-100,binary,100,bot_179,3001,w,59,6.09,25,84.99,43,-41.99,0
e1-100,binary,100,bot_180,3001,b,2,62.3,25,93.49,93,-0.49,0
e1-100,binary,100,bot_180,3001,b,4,53.69,25,137.44,171,33.56,0
e1-100,binary,100,bot_180,3001,b,6,47.19,25,147.82,152,4.18,0
e1-100,binary,100,bot_180,3001,b,8,43.25,25,166.7,168,1.3,0
e1-100,binary,100,bot_180,3001,b,10,28.84,25,162.45,154,-8.45,0
e1-100,binary,100,bot_180,3001,b,12,31.96,25,130.26,120,-10.26,0
e1-100,binary,100,bot_180,3001,b,14,31.48,25,146.52,119,-27.52,0
e1-100,binary,100,bot_180,3001,b,16,25.89,25,172.23,148,-24.23,0
e1-100,binary,100,bot_180,3001,b,18,23.35,25,154.58,126,-28.58,0
e1-100,binary,100,bot_180,3001,b,20,15.22,25,184.82,146,-38.82,0
e1-100,binary,100,bot_180,3001,b,22,89.98,25,133.18,91,-42.18,0
e1-100,binary,100,bot_180,3001,b,24,74.65,25,107.34,130,22.66,0
e1-100,binary,100,bot_180,3001,b,26,62.64,25,113.89,118,4.11,0
e1-100,binary,100,bot_180,3001,b,28,40.73,25,87.11,86,-1.11,0
e1-100,binary,100,bot_180,3001,b,30,36.03,25,131.99,123,-8.99,0
e1-100,binary,100,bot_180,3001,b,32,20.29,25,128.66,120,-8.66,0
e1-100,binary,100,bot_180,3001,b,34,11.32,25,111.38,87,-24.38,0
e1-100,binary,100,bot_180,3001,b,36,8.75,25,113.14,70,-43.14,0
e1-100,binary,100,bot_180,3001,b,38,15.5,25,108.01,77,-31.01,0
e1-100,binary,100,bot_180,3001,b,40,8.27,25,108.96,73,-35.96,0
e1-100,binary,100,bot_180,3001,b,42,4.08,25,70.75,62,-8.75,0
e1-100,binary,100,bot_180,3001,b,44,4.19,25,77.15,32,-45.15,0
e1-100,binary,100,bot_180,3001,b,46,14.83,25,59.88,35,-24.88,0
e1-100,binary,100,bot_180,3001,b,48,10.44,25,65.61,31,-34.61,0
e1-100,binary,100,bot_180,3001,b,50,18.66,25,74.96,63,-11.96,0
e1-100,binary,100,bot_180,3001,b,52,16.57,25,69.52,46,-23.52,0
e1-100,binary,100,bot_180,3001,b,54,17.45,25,54.94,16,-38.94,0
e1-100,binary,100,bot_180,3001,b,56,4.94,25,57.64,25,-32.64,0
e1-100,binary,100,bot_180,3001,b,58,6.56,25,79.75,42,-37.75,0
e1-100,binary,100,bot_180,3001,b,60,2.8,25,72.47,25,-47.47,0
e1-100,binary,100,bot_181,3002,w,1,62.94,25,92.96,115,22.04,0
e1-100,binary,100,bot_181,3002,w,3,55.07,25,136.12,182,45.88,0
e1-100,binary,100,bot_181,3002,w,5,49.2,25,145.76,164,18.24,0
e1-100,binary,100,bot_181,3002,w,7,44.84,25,165.44,184,18.56,0
e1-100,binary,100,bot_181,3002,w,9,29.85,25,161.96,168,6.04,0
e1-100,binary,100,bot_181,3002,w,11,32.43,25,129.88,136,6.12,0
e1-100,binary,100,bot_181,3002,w,13,32.88,25,145.01,136,-9.01,0
e1-100,binary,100,bot_181,3002,w,15,27.67,25,170.21,163,-7.21,0
e1-100,binary,100,bot_181,3002,w,17,24.51,25,153.58,141,-12.58,0
e1-100,binary,100,bot_181,3002,w,19,16.9,25,183.25,162,-21.25,0
e1-100,binary,100,bot_181,3002,w,21,11.78,25,131.21,99,-32.21,0
e1-100,binary,100,bot_181,3002,w,23,74.56,25,107.56,151,43.44,0
e1-100,binary,100,bot_181,3002,w,25,66.19,25,110.06,123,12.94,0
e1-100,binary,100,bot_181,3002,w,27,42.21,25,85.56,94,8.44,0
e1-100,binary,100,bot_181,3002,w,29,38.38,25,129.59,131,1.41,0
e1-100,binary,100,bot_181,3002,w,31,22.9,25,125.93,128,2.07,0
e1-100,binary,100,bot_181,3002,w,33,13.52,25,109.39,95,-14.39,0
e1-100,binary,100,bot_181,3002,w,35,11.11,25,110.84,78,-32.84,0
e1-100,binary,100,bot_181,3002,w,37,19.12,25,104.36,84,-20.36,0
e1-100,binary,100,bot_181,3002,w,39,11.61,25,105.49,81,-24.49,0
e1-100,binary,100,bot_181,3002,w,41,6.57,25,109.2,69,-40.2,0
e1-100,binary,100,bot_181,3002,w,43,4.28,25,77.13,45,-32.13,0
e1-100,binary,100,bot_181,3002,w,45,2.45,25,69.72,34,-35.72,0
e1-100,binary,100,bot_181,3002,w,47,13.56,25,62.21,45,-17.21,0
e1-100,binary,100,bot_181,3002,w,49,20.54,25,73.11,73,-0.11,0
e1-100,binary,100,bot_181,3002,w,51,4.66,25,67.03,55,-12.03,0
e1-100,binary,100,bot_181,3002,w,53,21.96,25,66.1,24,-42.1,0
e1-100,binary,100,bot_181,3002,w,55,8.16,25,54.01,34,-20.01,0
e1-100,binary,100,bot_181,3002,w,57,9.49,25,76.93,50,-26.93,0
e1-100,binary,100,bot_181,3002,w,59,5.75,25,69.37,34,-35.37,0
e1-100,binary,100,bot_182,3002,b,2,92.51,25,124.84,132,7.16,0
e1-100,binary,100,bot_182,3002,b,4,63.5,25,102.54,101,-1.54,0
e1-100,binary,100,bot_182,3002,b,6,64.55,25,143.63,136,-7.63,0
e1-100,binary,100,bot_182,3002,b,8,52.55,25,151.46,140,-11.46,0
e1-100,binary,100,bot_182,3002,b,10,51.27,25,129.29,103,-26.29,0
e1-100,binary,100,bot_182,3002,b,12,36.81,25,166.53,143,-23.53,0
e1-100,binary,100,bot_182,3002,b,14,38.71,25,167.27,143,-24.27,0
e1-100,binary,100,bot_182,3002,b,16,34.72,25,182.93,154,-28.93,0
e1-100,binary,100,bot_182,3002,b,18,24.87,25,167.78,136,-31.78,0
e1-100,binary,100,bot_182,3002,b,20,12.26,25,164.06,128,-36.06,0
e1-100,binary,100,bot_182,3002,b,22,88.29,25,143.2,104,-39.2,0
e1-100,binary,100,bot_182,3002,b,24,58.87,25,86.66,110,23.34,0
e1-100,binary,100,bot_182,3002,b,26,53.44,25,104.55,119,14.45,0
e1-100,binary,100,bot_182,3002,b,28,45.18,25,92.84,84,-8.84,0
e1-100,binary,100,bot_182,3002,b,30,45.82,25,108.67,95,-13.67,0
e1-100,binary,100,bot_182,3002,b,32,30.11,25,102.06,74,-28.06,0
e1-100,binary,100,bot_182,3002,b,34,11.28,25,104.22,65,-39.22,0
e1-100,binary,100,bot_182,3002,b,36,22.89,25,120.04,80,-40.04,0
e1-100,binary,100,bot_182,3002,b,38,19.24,25,98.29,66,-32.29,0
e1-100,binary,100,bot_182,3002,b,40,4.89,25,105.24,65,-40.24,0
e1-100,binary,100,bot_182,3002,b,42,11.59,25,99.8,54,-45.8,0
e1-100,binary,100,bot_182,3002,b,44,8.48,25,87.47,40,-47.47,0
e1-100,binary,100,bot_182,3002,b,46,26.52,25,83.8,34,-49.8,0
e1-100,binary,100,bot_182,3002,b,48,43.78,25,78.58,40,-38.58,0
e1-100,binary,100,bot_182,3002,b,50,33.14,25,73.17,43,-30.17,0
e1-100,binary,100,bot_182,3002,b,52,3.68,25,62.96,15,-47.96,0
e1-100,binary,100,bot_182,3002,b,54,23.96,25,65.37,36,-29.37,0
e1-100,binary,100,bot_182,3002,b,56,17.33,25,74.41,30,-44.41,0
e1-100,binary,100,bot_182,3002,b,58,8.91,25,82.18,40,-42.18,0
e1-100,binary,100,bot_182,3002,b,60,1.94,25,65.19,19,-46.19,0
e1-100,binary,100,bot_183,3003,w,1,93.59,25,124.54,163,38.46,0
e1-100,binary,100,bot_183,3003,w,3,64.64,25,101.91,126,24.09,0
e1-100,binary,100,bot_183,3003,w,5,65.57,25,142.51,160,17.49,0
e1-100,binary,100,bot_183,3003,w,7,53.24,25,150.48,165,14.52,0
e1-100,binary,100,bot_183,3003,w,9,52.34,25,128.13,126,-2.13,0
e1-100,binary,100,bot_183,3003,w,11,38.22,25,165.38,165,-0.38,0
e1-100,binary,100,bot_183,3003,w,13,40.25,25,165.94,168,2.06,0
e1-100,binary,100,bot_183,3003,w,15,37.11,25,180.53,178,-2.53,0
e1-100,binary,100,bot_183,3003,w,17,27.33,25,165.32,158,-7.32,0
e1-100,binary,100,bot_183,3003,w,19,13.52,25,163.13,149,-14.13,0
e1-100,binary,100,bot_183,3003,w,21,11.99,25,140.88,124,-16.88,0
e1-100,binary,100,bot_183,3003,w,23,61.13,25,85.36,141,55.64,0
e1-100,binary,100,bot_183,3003,w,25,55.64,25,102.77,140,37.23,0
e1-100,binary,100,bot_183,3003,w,27,47.88,25,90.22,101,10.78,0
e1-100,binary,100,bot_183,3003,w,29,48.04,25,106.28,114,7.72,0
e1-100,binary,100,bot_183,3003,w,31,32.89,25,99.39,91,-8.39,0
e1-100,binary,100,bot_183,3003,w,33,15.28,25,100.24,81,-19.24,0
e1-100,binary,100,bot_183,3003,w,35,27.68,25,115.09,92,-23.09,0
e1-100,binary,100,bot_183,3003,w,37,22,25,95.49,82,-13.49,0
e1-100,binary,100,bot_183,3003,w,39,8.9,25,101.31,82,-19.31,0
e1-100,binary,100,bot_183,3003,w,41,15.97,25,95.41,67,-28.41,0
e1-100,binary,100,bot_183,3003,w,43,8.43,25,87.36,59,-28.36,0
e1-100,binary,100,bot_183,3003,w,45,8.3,25,80.01,50,-30.01,0
e1-100,binary,100,bot_183,3003,w,47,43.99,25,78.65,62,-16.65,0
e1-100,binary,100,bot_183,3003,w,49,36.6,25,69.66,58,-11.66,0
e1-100,binary,100,bot_183,3003,w,51,3.71,25,60.48,31,-29.48,0
e1-100,binary,100,bot_183,3003,w,53,1.14,25,58.15,27,-31.15,0
e1-100,binary,100,bot_183,3003,w,55,25.32,25,87.01,56,-31.01,0
e1-100,binary,100,bot_183,3003,w,57,13.15,25,77.82,54,-23.82,0
e1-100,binary,100,bot_183,3003,w,59,4.52,25,61.44,35,-26.44,0
e1-100,binary,100,bot_184,3003,b,2,56.74,25,133.98,186,52.02,0
e1-100,binary,100,bot_184,3003,b,4,51.48,25,143.46,166,22.54,0
e1-100,binary,100,bot_184,3003,b,6,47.51,25,162.79,187,24.21,0
e1-100,binary,100,bot_184,3003,b,8,31.34,25,160.5,172,11.5,0
e1-100,binary,100,bot_184,3003,b,10,34.01,25,128.26,139,10.74,0
e1-100,binary,100,bot_184,3003,b,12,35.19,25,142.63,140,-2.63,0
e1-100,binary,100,bot_184,3003,b,14,31.84,25,165.95,165,-0.95,0
e1-100,binary,100,bot_184,3003,b,16,26.5,25,151.61,146,-5.61,0
e1-100,binary,100,bot_184,3003,b,18,21.85,25,178.26,165,-13.26,0
e1-100,binary,100,bot_184,3003,b,20,17.44,25,125.42,98,-27.42,0
e1-100,binary,100,bot_184,3003,b,22,90.05,25,170.2,141,-29.2,0
e1-100,binary,100,bot_184,3003,b,24,72.38,25,103.74,123,19.26,0
e1-100,binary,100,bot_184,3003,b,26,44.58,25,83.16,98,14.84,0
e1-100,binary,100,bot_184,3003,b,28,42.12,25,125.84,133,7.16,0
e1-100,binary,100,bot_184,3003,b,30,26.65,25,122.15,131,8.85,0
e1-100,binary,100,bot_184,3003,b,32,16.22,25,106.76,99,-7.76,0
e1-100,binary,100,bot_184,3003,b,34,13.44,25,108.46,83,-25.46,0
e1-100,binary,100,bot_184,3003,b,36,21.78,25,101.77,89,-12.77,0
e1-100,binary,100,bot_184,3003,b,38,15.34,25,101.77,83,-18.77,0
e1-100,binary,100,bot_184,3003,b,40,7.15,25,108.7,78,-30.7,0
e1-100,binary,100,bot_184,3003,b,42,6.63,25,74.74,49,-25.74,0
e1-100,binary,100,bot_184,3003,b,44,4.51,25,67.74,36,-31.74,0
e1-100,binary,100,bot_184,3003,b,46,17.9,25,79.61,47,-32.61,0
e1-100,binary,100,bot_184,3003,b,48,23.77,25,69.9,74,4.1,0
e1-100,binary,100,bot_184,3003,b,50,6.78,25,64.97,61,-3.97,0
e1-100,binary,100,bot_184,3003,b,52,4.14,25,63.77,27,-36.77,0
e1-100,binary,100,bot_184,3003,b,54,3.97,25,87.98,49,-38.98,0
e1-100,binary,100,bot_184,3003,b,56,11.81,25,74.74,59,-15.74,0
e1-100,binary,100,bot_184,3003,b,58,8.07,25,67.16,39,-28.16,0
e1-100,binary,100,bot_184,3003,b,60,2.92,25,67.65,32,-35.65,0
e1-100,binary,100,bot_185,3004,w,1,60.57,25,130.59,203,72.41,0
e1-100,binary,100,bot_185,3004,w,3,53.07,25,142.05,176,33.95,0
e1-100,binary,100,bot_185,3004,w,5,51.46,25,159.21,192,32.79,0
e1-100,binary,100,bot_185,3004,w,7,34.07,25,158.07,179,20.93,0
e1-100,binary,100,bot_185,3004,w,9,36.43,25,125.68,146,20.32,0
e1-100,binary,100,bot_185,3004,w,11,37.91,25,139.5,148,8.5,0
e1-100,binary,100,bot_185,3004,w,13,37.73,25,160.09,171,10.91,0
e1-100,binary,100,bot_185,3004,w,15,30.79,25,147.43,154,6.57,0
e1-100,binary,100,bot_185,3004,w,17,26.77,25,173.43,170,-3.43,0
e1-100,binary,100,bot_185,3004,w,19,23.12,25,119.29,99,-20.29,0
e1-100,binary,100,bot_185,3004,w,21,18.31,25,162.6,142,-20.6,0
e1-100,binary,100,bot_185,3004,w,23,87.5,25,150.29,127,-23.29,0
e1-100,binary,100,bot_185,3004,w,25,49.27,25,78.39,103,24.61,0
e1-100,binary,100,bot_185,3004,w,27,50.63,25,117.2,134,16.8,0
e1-100,binary,100,bot_185,3004,w,29,34.91,25,113.52,132,18.48,0
e1-100,binary,100,bot_185,3004,w,31,21.82,25,101.23,99,-2.23,0
e1-100,binary,100,bot_185,3004,w,33,17.27,25,104.61,92,-12.61,0
e1-100,binary,100,bot_185,3004,w,35,25.08,25,98.4,92,-6.4,0
e1-100,binary,100,bot_185,3004,w,37,18.53,25,98.58,87,-11.58,0
e1-100,binary,100,bot_185,3004,w,39,10.91,25,104.99,79,-25.99,0
e1-100,binary,100,bot_185,3004,w,41,9,25,72.28,54,-18.28,0
e1-100,binary,100,bot_185,3004,w,43,6.36,25,66.06,40,-26.06,0
e1-100,binary,100,bot_185,3004,w,45,5.7,25,76.69,51,-25.69,0
e1-100,binary,100,bot_185,3004,w,47,28.66,25,64.51,79,14.49,0
e1-100,binary,100,bot_185,3004,w,49,13.88,25,57.62,61,3.38,0
e1-100,binary,100,bot_185,3004,w,51,7.16,25,60.35,28,-32.35,0
e1-100,binary,100,bot_185,3004,w,53,9.84,25,82.02,49,-33.02,0
e1-100,binary,100,bot_185,3004,w,55,18.79,25,89.03,60,-29.03,0
e1-100,binary,100,bot_185,3004,w,57,12.55,25,62.77,43,-19.77,0
e1-100,binary,100,bot_185,3004,w,59,6.14,25,66.01,33,-33.01,0
e1-100,binary,100,bot_186,3004,b,2,70.33,25,96.05,103,6.95,0
e1-100,binary,100,bot_186,3004,b,4,69.96,25,137.83,137,-0.83,0
e1-100,binary,100,bot_186,3004,b,6,58,25,145.52,144,-1.52,0
e1-100,binary,100,bot_186,3004,b,8,56.86,25,123.47,104,-19.47,0
e1-100,binary,100,bot_186,3004,b,10,43.79,25,159.96,144,-15.96,0
e1-100,binary,100,bot_186,3004,b,12,47.09,25,159.33,143,-16.33,0
e1-100,binary,100,bot_186,3004,b,14,43.06,25,174.26,158,-16.26,0
e1-100,binary,100,bot_186,3004,b,16,31.8,25,160.82,138,-22.82,0
e1-100,binary,100,bot_186,3004,b,18,16.42,25,160.46,137,-23.46,0
e1-100,binary,100,bot_186,3004,b,20,17.26,25,135.63,110,-25.63,0
e1-100,binary,100,bot_186,3004,b,22,14.36,25,148.95,119,-29.95,0
e1-100,binary,100,bot_186,3004,b,24,62.83,25,96.33,134,37.67,0
e1-100,binary,100,bot_186,3004,b,26,53.91,25,84.23,84,-0.23,0
e1-100,binary,100,bot_186,3004,b,28,54.51,25,99.59,101,1.41,0
e1-100,binary,100,bot_186,3004,b,30,34.88,25,97.74,82,-15.74,0
e1-100,binary,100,bot_186,3004,b,32,23.59,25,91.99,64,-27.99,0
e1-100,binary,100,bot_186,3004,b,34,31.17,25,111.61,78,-33.61,0
e1-100,binary,100,bot_186,3004,b,36,25.67,25,91.84,66,-25.84,0
e1-100,binary,100,bot_186,3004,b,38,10.95,25,99.27,67,-32.27,0
e1-100,binary,100,bot_186,3004,b,40,19.09,25,92.34,53,-39.34,0
e1-100,binary,100,bot_186,3004,b,42,10.95,25,84.78,44,-40.78,0
e1-100,binary,100,bot_186,3004,b,44,10.99,25,77.24,35,-42.24,0
e1-100,binary,100,bot_186,3004,b,46,50.61,25,87.16,42,-45.16,0
e1-100,binary,100,bot_186,3004,b,48,40.11,25,66.71,45,-21.71,0
e1-100,binary,100,bot_186,3004,b,50,6.08,25,58.26,22,-36.26,0
e1-100,binary,100,bot_186,3004,b,52,3.83,25,55.54,13,-42.54,0
e1-100,binary,100,bot_186,3004,b,54,6.91,25,83.9,44,-39.9,0
e1-100,binary,100,bot_186,3004,b,56,16.53,25,74.54,43,-31.54,0
e1-100,binary,100,bot_186,3004,b,58,3.57,25,59.44,21,-38.44,0
e1-100,binary,100,bot_186,3004,b,60,3.02,25,73.28,29,-44.28,0
e1-100,binary,100,bot_187,3005,w,1,76.15,25,90.47,111,20.53,0
e1-100,binary,100,bot_187,3005,w,3,75.42,25,131.81,132,0.19,0
e1-100,binary,100,bot_187,3005,w,5,63.73,25,139.4,143,3.6,0
e1-100,binary,100,bot_187,3005,w,7,62,25,117.99,102,-15.99,0
e1-100,binary,100,bot_187,3005,w,9,49.08,25,155.24,142,-13.24,0
e1-100,binary,100,bot_187,3005,w,11,52.79,25,154,141,-13,0
e1-100,binary,100,bot_187,3005,w,13,48.69,25,168.28,159,-9.28,0
e1-100,binary,100,bot_187,3005,w,15,35.13,25,157.71,140,-17.71,0
e1-100,binary,100,bot_187,3005,w,17,20.02,25,157.44,141,-16.44,0
e1-100,binary,100,bot_187,3005,w,19,21.61,25,131.52,110,-21.52,0
e1-100,binary,100,bot_187,3005,w,21,18.16,25,145.3,120,-25.3,0
e1-100,binary,100,bot_187,3005,w,23,12.43,25,159.67,126,-33.67,0
e1-100,binary,100,bot_187,3005,w,25,55.96,25,82.26,92,9.74,0
e1-100,binary,100,bot_187,3005,w,27,58.54,25,95.39,105,9.61,0
e1-100,binary,100,bot_187,3005,w,29,39.43,25,93.26,85,-8.26,0
e1-100,binary,100,bot_187,3005,w,31,28.39,25,87.3,64,-23.3,0
e1-100,binary,100,bot_187,3005,w,33,33.99,25,109.56,79,-30.56,0
e1-100,binary,100,bot_187,3005,w,35,29.09,25,88.51,67,-21.51,0
e1-100,binary,100,bot_187,3005,w,37,14.35,25,95.9,67,-28.9,0
e1-100,binary,100,bot_187,3005,w,39,22.62,25,88.94,56,-32.94,0
e1-100,binary,100,bot_187,3005,w,41,13.41,25,82.26,45,-37.26,0
e1-100,binary,100,bot_187,3005,w,43,13.41,25,74.65,35,-39.65,0
e1-100,binary,100,bot_187,3005,w,45,6.77,25,84.21,44,-40.21,0
e1-100,binary,100,bot_187,3005,w,47,4.18,25,88.4,40,-48.4,0
e1-100,binary,100,bot_187,3005,w,49,3.97,25,81.21,34,-47.21,0
e1-100,binary,100,bot_187,3005,w,51,7.6,25,72.69,24,-48.69,0
e1-100,binary,100,bot_187,3005,w,53,9.24,25,81.7,46,-35.7,0
e1-100,binary,100,bot_187,3005,w,55,21.64,25,85.36,43,-42.36,0
e1-100,binary,100,bot_187,3005,w,57,5.4,25,57.71,26,-31.71,0
e1-100,binary,100,bot_187,3005,w,59,3.22,25,77.13,35,-42.13,0
e1-100,binary,100,bot_188,3005,b,2,54.75,25,140.59,160,19.41,0
e1-100,binary,100,bot_188,3005,b,4,58.57,25,152.38,171,18.62,0
e1-100,binary,100,bot_188,3005,b,6,39,25,153.34,159,5.66,0
e1-100,binary,100,bot_188,3005,b,8,42.45,25,119.56,124,4.44,0
e1-100,binary,100,bot_188,3005,b,10,43.2,25,133.8,126,-7.8,0
e1-100,binary,100,bot_188,3005,b,12,45.44,25,152.53,148,-4.53,0
e1-100,binary,100,bot_188,3005,b,14,37.04,25,140.99,132,-8.99,0
e1-100,binary,100,bot_188,3005,b,16,35.32,25,164.77,143,-21.77,0
e1-100,binary,100,bot_188,3005,b,18,29,25,113.05,80,-33.05,0
e1-100,binary,100,bot_188,3005,b,20,25.07,25,155.74,123,-32.74,0
e1-100,binary,100,bot_188,3005,b,22,16.08,25,144.09,109,-35.09,0
e1-100,binary,100,bot_188,3005,b,24,60.08,25,132.51,92,-40.51,0
e1-100,binary,100,bot_188,3005,b,26,60.16,25,107.54,110,2.46,0
e1-100,binary,100,bot_188,3005,b,28,42.76,25,105.52,111,5.48,0
e1-100,binary,100,bot_188,3005,b,30,27.48,25,95.68,83,-12.68,0
e1-100,binary,100,bot_188,3005,b,32,20.88,25,100.34,76,-24.34,0
e1-100,binary,100,bot_188,3005,b,34,29.85,25,93.72,75,-18.72,0
e1-100,binary,100,bot_188,3005,b,36,23.24,25,93.85,71,-22.85,0
e1-100,binary,100,bot_188,3005,b,38,17.9,25,98.09,60,-38.09,0
e1-100,binary,100,bot_188,3005,b,40,13.94,25,67.3,36,-31.3,0
e1-100,binary,100,bot_188,3005,b,42,10.25,25,62.2,23,-39.2,0
e1-100,binary,100,bot_188,3005,b,44,10.16,25,72.27,33,-39.27,0
e1-100,binary,100,bot_188,3005,b,46,3.52,25,76.64,30,-46.64,0
e1-100,binary,100,bot_188,3005,b,48,3.08,25,98.42,50,-48.42,0
e1-100,binary,100,bot_188,3005,b,50,1.91,25,67.85,19,-48.85,0
e1-100,binary,100,bot_188,3005,b,52,15.87,25,75.92,31,-44.92,0
e1-100,binary,100,bot_188,3005,b,54,8.33,25,83.59,40,-43.59,0
e1-100,binary,100,bot_188,3005,b,56,18.64,25,56.64,25,-31.64,0
e1-100,binary,100,bot_188,3005,b,58,9.13,25,59.24,12,-47.24,0
e1-100,binary,100,bot_188,3005,b,60,1.87,25,67.11,19,-48.11,0
e1-100,binary,100,bot_189,3006,w,1,59.46,25,136.09,184,47.91,0
e1-100,binary,100,bot_189,3006,w,3,63.26,25,148.06,191,42.94,0
e1-100,binary,100,bot_189,3006,w,5,44.96,25,147.73,178,30.27,0
e1-100,binary,100,bot_189,3006,w,7,47.87,25,114.08,144,29.92,0
e1-100,binary,100,bot_189,3006,w,9,45.04,25,131.51,149,17.49,0
e1-100,binary,100,bot_189,3006,w,11,49.84,25,148.63,169,20.37,0
e1-100,binary,100,bot_189,3006,w,13,39.73,25,138.2,155,16.8,0
e1-100,binary,100,bot_189,3006,w,15,41.39,25,158.52,159,0.48,0
e1-100,binary,100,bot_189,3006,w,17,30.55,25,111.07,95,-16.07,0
e1-100,binary,100,bot_189,3006,w,19,27.08,25,153.74,139,-14.74,0
e1-100,binary,100,bot_189,3006,w,21,18.38,25,141.79,124,-17.79,0
e1-100,binary,100,bot_189,3006,w,23,7.69,25,131.54,108,-23.54,0
e1-100,binary,100,bot_189,3006,w,25,62.59,25,105.21,133,27.79,0
e1-100,binary,100,bot_189,3006,w,27,44.73,25,103.63,128,24.37,0
e1-100,binary,100,bot_189,3006,w,29,27.53,25,96.05,101,4.95,0
e1-100,binary,100,bot_189,3006,w,31,21.93,25,99.02,91,-8.02,0
e1-100,binary,100,bot_189,3006,w,33,32.06,25,91.66,89,-2.66,0
e1-100,binary,100,bot_189,3006,w,35,25.73,25,91.3,85,-6.3,0
e1-100,binary,100,bot_189,3006,w,37,19.97,25,96.18,74,-22.18,0
e1-100,binary,100,bot_189,3006,w,39,14.75,25,66,52,-14,0
e1-100,binary,100,bot_189,3006,w,41,11.6,25,61.19,40,-21.19,0
e1-100,binary,100,bot_189,3006,w,43,11.44,25,71.11,49,-22.11,0
e1-100,binary,100,bot_189,3006,w,45,5.35,25,74.7,46,-28.7,0
e1-100,binary,100,bot_189,3006,w,47,4.45,25,97.08,65,-32.08,0
e1-100,binary,100,bot_189,3006,w,49,3.29,25,66.44,35,-31.44,0
e1-100,binary,100,bot_189,3006,w,51,18,25,79.45,47,-32.45,0
e1-100,binary,100,bot_189,3006,w,53,10.44,25,81.58,55,-26.58,0
e1-100,binary,100,bot_189,3006,w,55,22.51,25,71.88,40,-31.88,0
e1-100,binary,100,bot_189,3006,w,57,10.87,25,57.14,28,-29.14,0
e1-100,binary,100,bot_189,3006,w,59,2.44,25,67.84,36,-31.84,0
e1-100,binary,100,bot_190,3006,b,2,80.15,25,126.85,147,20.15,0
e1-100,binary,100,bot_190,3006,b,4,68.53,25,134.35,158,23.65,0
e1-100,binary,100,bot_190,3006,b,6,67.84,25,111.93,117,5.07,0
e1-100,binary,100,bot_190,3006,b,8,54.56,25,150.05,158,7.95,0
e1-100,binary,100,bot_190,3006,b,10,58.88,25,147.89,153,5.11,0
e1-100,binary,100,bot_190,3006,b,12,53.94,25,162.72,173,10.28,0
e1-100,binary,100,bot_190,3006,b,14,39.39,25,153.41,153,-0.41,0
e1-100,binary,100,bot_190,3006,b,16,22.58,25,155.46,157,1.54,0
e1-100,binary,100,bot_190,3006,b,18,22.74,25,130.52,121,-9.52,0
e1-100,binary,100,bot_190,3006,b,20,19.96,25,143.52,131,-12.52,0
e1-100,binary,100,bot_190,3006,b,22,14.87,25,157.27,137,-20.27,0
e1-100,binary,100,bot_190,3006,b,24,67.1,25,124.62,94,-30.62,0
e1-100,binary,100,bot_190,3006,b,26,62.82,25,91.02,115,23.98,0
e1-100,binary,100,bot_190,3006,b,28,43.14,25,89.48,95,5.52,0
e1-100,binary,100,bot_190,3006,b,30,29.8,25,85.9,74,-11.9,0
e1-100,binary,100,bot_190,3006,b,32,35.02,25,108.37,90,-18.37,0
e1-100,binary,100,bot_190,3006,b,34,31.18,25,86.44,79,-7.44,0
e1-100,binary,100,bot_190,3006,b,36,16.5,25,93.78,80,-13.78,0
e1-100,binary,100,bot_190,3006,b,38,24.44,25,87.16,68,-19.16,0
e1-100,binary,100,bot_190,3006,b,40,15.86,25,80.19,55,-25.19,0
e1-100,binary,100,bot_190,3006,b,42,15.56,25,72.43,45,-27.43,0
e1-100,binary,100,bot_190,3006,b,44,8.93,25,82,53,-29,0
e1-100,binary,100,bot_190,3006,b,46,6.29,25,86.28,51,-35.28,0
e1-100,binary,100,bot_190,3006,b,48,6.56,25,78.65,43,-35.65,0
e1-100,binary,100,bot_190,3006,b,50,5.49,25,69.26,33,-36.26,0
e1-100,binary,100,bot_190,3006,b,52,11.96,25,78.89,56,-22.89,0
e1-100,binary,100,bot_190,3006,b,54,6.1,25,81.8,53,-28.8,0
e1-100,binary,100,bot_190,3006,b,56,8.48,25,54.66,37,-17.66,0
e1-100,binary,100,bot_190,3006,b,58,6.12,25,74.25,45,-29.25,0
e1-100,binary,100,bot_190,3006,b,60,4.63,25,59.96,32,-27.96,0
e1-100,binary,100,bot_191,3007,w,1,86.25,25,120.88,156,35.12,0
e1-100,binary,100,bot_191,3007,w,3,74.78,25,127.63,154,26.37,0
e1-100,binary,100,bot_191,3007,w,5,73.05,25,106.34,114,7.66,0
e1-100,binary,100,bot_191,3007,w,7,58.6,25,146.28,155,8.72,0
e1-100,binary,100,bot_191,3007,w,9,65.24,25,141.34,148,6.66,0
e1-100,binary,100,bot_191,3007,w,11,63.99,25,152.07,164,11.93,0
e1-100,binary,100,bot_191,3007,w,13,43.44,25,149.48,151,1.52,0
e1-100,binary,100,bot_191,3007,w,15,28.67,25,149.52,157,7.48,0
e1-100,binary,100,bot_191,3007,w,17,28.11,25,125.08,122,-3.08,0
e1-100,binary,100,bot_191,3007,w,19,28.57,25,134.77,129,-5.77,0
e1-100,binary,100,bot_191,3007,w,21,21.19,25,150.32,131,-19.32,0
e1-100,binary,100,bot_191,3007,w,23,15.46,25,118.64,92,-26.64,0
e1-100,binary,100,bot_191,3007,w,25,11.81,25,142.04,120,-22.04,0
e1-100,binary,100,bot_191,3007,w,27,47.86,25,84.35,103,18.65,0
e1-100,binary,100,bot_191,3007,w,29,34.99,25,81.36,73,-8.36,0
e1-100,binary,100,bot_191,3007,w,31,40.63,25,103.3,91,-12.3,0
e1-100,binary,100,bot_191,3007,w,33,34.2,25,84.09,80,-4.09,0
e1-100,binary,100,bot_191,3007,w,35,19.12,25,90.98,78,-12.98,0
e1-100,binary,100,bot_191,3007,w,37,27.62,25,83.89,63,-20.89,0
e1-100,binary,100,bot_191,3007,w,39,19.32,25,76.32,51,-25.32,0
e1-100,binary,100,bot_191,3007,w,41,17.08,25,70.69,41,-29.69,0
e1-100,binary,100,bot_191,3007,w,43,10.47,25,80.35,53,-27.35,0
e1-100,binary,100,bot_191,3007,w,45,7.74,25,84.93,52,-32.93,0
e1-100,binary,100,bot_191,3007,w,47,8.23,25,77.07,43,-34.07,0
e1-100,binary,100,bot_191,3007,w,49,7.92,25,66.61,31,-35.61,0
e1-100,binary,100,bot_191,3007,w,51,16,25,74.57,55,-19.57,0
e1-100,binary,100,bot_191,3007,w,53,9.66,25,78.08,49,-29.08,0
e1-100,binary,100,bot_191,3007,w,55,13.93,25,69.6,33,-36.6,0
e1-100,binary,100,bot_191,3007,w,57,9.33,25,70.56,42,-28.56,0
e1-100,binary,100,bot_191,3007,w,59,7.14,25,63.42,36,-27.42,0
e1-100,binary,100,bot_192,3007,b,2,68.58,25,142.98,172,29.02,0
e1-100,binary,100,bot_192,3007,b,4,51.03,25,142,159,17,0
e1-100,binary,100,bot_192,3007,b,6,52.06,25,109.97,125,15.03,0
e1-100,binary,100,bot_192,3007,b,8,48.9,25,127.47,128,0.53,0
e1-100,binary,100,bot_192,3007,b,10,55.72,25,143.06,150,6.94,0
e1-100,binary,100,bot_192,3007,b,12,44.78,25,133.23,139,5.77,0
e1-100,binary,100,bot_192,3007,b,14,48.53,25,151.43,137,-14.43,0
e1-100,binary,100,bot_192,3007,b,16,39.59,25,101.54,77,-24.54,0
e1-100,binary,100,bot_192,3007,b,18,37.07,25,143.74,118,-25.74,0
e1-100,binary,100,bot_192,3007,b,20,23.33,25,137.07,112,-25.07,0
e1-100,binary,100,bot_192,3007,b,22,13.89,25,126.3,94,-32.3,0
e1-100,binary,100,bot_192,3007,b,24,19.92,25,140.25,101,-39.25,0
e1-100,binary,100,bot_192,3007,b,26,60.32,25,152.69,111,-41.69,0
e1-100,binary,100,bot_192,3007,b,28,33.68,25,90.74,84,-6.74,0
e1-100,binary,100,bot_192,3007,b,30,29.63,25,90.26,71,-19.26,0
e1-100,binary,100,bot_192,3007,b,32,37.73,25,85.94,72,-13.94,0
e1-100,binary,100,bot_192,3007,b,34,27.62,25,89.43,70,-19.43,0
e1-100,binary,100,bot_192,3007,b,36,21.72,25,94.55,59,-35.55,0
e1-100,binary,100,bot_192,3007,b,38,16.38,25,64.33,38,-26.33,0
e1-100,binary,100,bot_192,3007,b,40,11.92,25,61.08,27,-34.08,0
e1-100,binary,100,bot_192,3007,b,42,14.56,25,68.01,32,-36.01,0
e1-100,binary,100,bot_192,3007,b,44,9.76,25,70.23,28,-42.23,0
e1-100,binary,100,bot_192,3007,b,46,7.65,25,93.89,49,-44.89,0
e1-100,binary,100,bot_192,3007,b,48,6.13,25,63.56,17,-46.56,0
e1-100,binary,100,bot_192,3007,b,50,22.17,25,75.36,29,-46.36,0
e1-100,binary,100,bot_192,3007,b,52,13.6,25,78.44,41,-37.44,0
e1-100,binary,100,bot_192,3007,b,54,5.81,25,68.42,24,-44.42,0
e1-100,binary,100,bot_192,3007,b,56,13.86,25,54.17,15,-39.17,0
e1-100,binary,100,bot_192,3007,b,58,5.1,25,66.02,23,-43.02,0
e1-100,binary,100,bot_192,3007,b,60,10.85,25,55.47,22,-33.47,0
e1-100,binary,100,bot_193,3008,w,1,72.44,25,140.26,204,63.74,0
e1-100,binary,100,bot_193,3008,w,3,54.45,25,138.9,178,39.1,0
e1-100,binary,100,bot_193,3008,w,5,53.14,25,108.96,146,37.04,0
e1-100,binary,100,bot_193,3008,w,7,50.06,25,126.2,149,22.8,0
e1-100,binary,100,bot_193,3008,w,9,58.06,25,140.94,170,29.06,0
e1-100,binary,100,bot_193,3008,w,11,46.98,25,131.09,159,27.91,0
e1-100,binary,100,bot_193,3008,w,13,50.03,25,150.1,157,6.9,0
e1-100,binary,100,bot_193,3008,w,15,41.23,25,99.78,92,-7.78,0
e1-100,binary,100,bot_193,3008,w,17,39.34,25,141.55,133,-8.55,0
e1-100,binary,100,bot_193,3008,w,19,25.43,25,135.03,127,-8.03,0
e1-100,binary,100,bot_193,3008,w,21,14.92,25,125.52,110,-15.52,0
e1-100,binary,100,bot_193,3008,w,23,22.04,25,137.85,118,-19.85,0
e1-100,binary,100,bot_193,3008,w,25,12.81,25,150.32,126,-24.32,0
e1-100,binary,100,bot_193,3008,w,27,34.32,25,89.7,112,22.3,0
e1-100,binary,100,bot_193,3008,w,29,29.6,25,90.3,90,-0.3,0
e1-100,binary,100,bot_193,3008,w,31,37.64,25,86.28,92,5.72,0
e1-100,binary,100,bot_193,3008,w,33,28.45,25,89.02,84,-5.02,0
e1-100,binary,100,bot_193,3008,w,35,21.88,25,94.7,81,-13.7,0
e1-100,binary,100,bot_193,3008,w,37,18.5,25,62.23,54,-8.23,0
e1-100,binary,100,bot_193,3008,w,39,12.57,25,60.73,44,-16.73,0
e1-100,binary,100,bot_193,3008,w,41,15.78,25,67.02,48,-19.02,0
e1-100,binary,100,bot_193,3008,w,43,11.38,25,68.61,44,-24.61,0
e1-100,binary,100,bot_193,3008,w,45,9.28,25,92.42,65,-27.42,0
e1-100,binary,100,bot_193,3008,w,47,7.42,25,62.48,35,-27.48,0
e1-100,binary,100,bot_193,3008,w,49,24.44,25,73.32,45,-28.32,0
e1-100,binary,100,bot_193,3008,w,51,15.8,25,76.26,58,-18.26,0
e1-100,binary,100,bot_193,3008,w,53,7.37,25,66.85,43,-23.85,0
e1-100,binary,100,bot_193,3008,w,55,17.95,25,62.29,29,-33.29,0
e1-100,binary,100,bot_193,3008,w,57,4.88,25,64.87,41,-23.87,0
e1-100,binary,100,bot_193,3008,w,59,13.67,25,58.69,38,-20.69,0
e1-100,binary,100,bot_194,3008,b,2,77.89,25,124.33,145,20.67,0
e1-100,binary,100,bot_194,3008,b,4,75.24,25,104.28,108,3.72,0
e1-100,binary,100,bot_194,3008,b,6,60.31,25,144.61,146,1.39,0
e1-100,binary,100,bot_194,3008,b,8,67.51,25,139.05,138,-1.05,0
e1-100,binary,100,bot_194,3008,b,10,66.79,25,149.17,155,5.83,0
e1-100,binary,100,bot_194,3008,b,12,46.33,25,146.59,142,-4.59,0
e1-100,binary,100,bot_194,3008,b,14,31.27,25,146.97,148,1.03,0
e1-100,binary,100,bot_194,3008,b,16,29.48,25,123.67,116,-7.67,0
e1-100,binary,100,bot_194,3008,b,18,30.68,25,132.69,124,-8.69,0
e1-100,binary,100,bot_194,3008,b,20,23.56,25,147.95,124,-23.95,0
e1-100,binary,100,bot_194,3008,b,22,18.93,25,115.13,83,-32.13,0
e1-100,binary,100,bot_194,3008,b,24,14.98,25,138.99,112,-26.99,0
e1-100,binary,100,bot_194,3008,b,26,60.19,25,122.2,87,-35.2,0
e1-100,binary,100,bot_194,3008,b,28,39.09,25,77.27,63,-14.27,0
e1-100,binary,100,bot_194,3008,b,30,44.95,25,98.87,80,-18.87,0
e1-100,binary,100,bot_194,3008,b,32,35.32,25,82.6,71,-11.6,0
e1-100,binary,100,bot_194,3008,b,34,25.84,25,84.22,65,-19.22,0
e1-100,binary,100,bot_194,3008,b,36,30.69,25,80.79,53,-27.79,0
e1-100,binary,100,bot_194,3008,b,38,22.18,25,73.35,43,-30.35,0
e1-100,binary,100,bot_194,3008,b,40,19.77,25,67.91,32,-35.91,0
e1-100,binary,100,bot_194,3008,b,42,13.4,25,77.32,44,-33.32,0
e1-100,binary,100,bot_194,3008,b,44,11.1,25,81.56,44,-37.56,0
e1-100,binary,100,bot_194,3008,b,46,11.02,25,74.21,35,-39.21,0
e1-100,binary,100,bot_194,3008,b,48,10.88,25,63.57,23,-40.57,0
e1-100,binary,100,bot_194,3008,b,50,19.45,25,71.03,46,-25.03,0
e1-100,binary,100,bot_194,3008,b,52,13.78,25,73.91,40,-33.91,0
e1-100,binary,100,bot_194,3008,b,54,6.07,25,65.11,24,-41.11,0
e1-100,binary,100,bot_194,3008,b,56,13.51,25,66.35,35,-31.35,0
e1-100,binary,100,bot_194,3008,b,58,7.64,25,58.09,26,-32.09,0
e1-100,binary,100,bot_194,3008,b,60,8.43,25,63.53,40,-23.53,0
e1-100,binary,100,bot_195,3009,w,1,81.61,25,121.62,159,37.38,0
e1-100,binary,100,bot_195,3009,w,3,79.86,25,99,109,10,0
e1-100,binary,100,bot_195,3009,w,5,62.08,25,142.94,146,3.06,0
e1-100,binary,100,bot_195,3009,w,7,69.22,25,137.27,137,-0.27,0
e1-100,binary,100,bot_195,3009,w,9,69.36,25,146.36,154,7.64,0
e1-100,binary,100,bot_195,3009,w,11,49.99,25,142.8,140,-2.8,0
e1-100,binary,100,bot_195,3009,w,13,35.58,25,142.71,146,3.29,0
e1-100,binary,100,bot_195,3009,w,15,31.55,25,121.37,117,-4.37,0
e1-100,binary,100,bot_195,3009,w,17,33.98,25,129.24,123,-6.24,0
e1-100,binary,100,bot_195,3009,w,19,26.02,25,145.36,125,-20.36,0
e1-100,binary,100,bot_195,3009,w,21,21.02,25,112.64,81,-31.64,0
e1-100,binary,100,bot_195,3009,w,23,16.13,25,137.34,114,-23.34,0
e1-100,binary,100,bot_195,3009,w,25,60.32,25,122.17,90,-32.17,0
e1-100,binary,100,bot_195,3009,w,27,41.03,25,75.53,64,-11.53,0
e1-100,binary,100,bot_195,3009,w,29,47.04,25,96.72,81,-15.72,0
e1-100,binary,100,bot_195,3009,w,31,37.46,25,80.51,72,-8.51,0
e1-100,binary,100,bot_195,3009,w,33,7.51,25,81.51,64,-17.51,0
e1-100,binary,100,bot_195,3009,w,35,33.62,25,77.88,58,-19.88,0
e1-100,binary,100,bot_196,3009,b,2,62.41,25,131.11,151,19.89,0
e1-100,binary,100,bot_196,3009,b,4,54.75,25,108.12,126,17.88,0
e1-100,binary,100,bot_196,3009,b,6,51.15,25,125.08,126,0.92,0
e1-100,binary,100,bot_196,3009,b,8,60.02,25,139.04,147,7.96,0
e1-100,binary,100,bot_196,3009,b,10,49.17,25,128.92,136,7.08,0
e1-100,binary,100,bot_196,3009,b,12,51.61,25,148.59,137,-11.59,0
e1-100,binary,100,bot_196,3009,b,14,42.86,25,98.14,78,-20.14,0
e1-100,binary,100,bot_196,3009,b,16,41.59,25,139.37,115,-24.37,0
e1-100,binary,100,bot_196,3009,b,18,27.49,25,133.05,113,-20.05,0
e1-100,binary,100,bot_196,3009,b,20,16.43,25,124.11,94,-30.11,0
e1-100,binary,100,bot_196,3009,b,22,25.61,25,134.38,100,-34.38,0
e1-100,binary,100,bot_196,3009,b,24,15.6,25,147.42,109,-38.42,0
e1-100,binary,100,bot_196,3009,b,26,35.97,25,88.05,93,4.95,0
e1-100,binary,100,bot_196,3009,b,28,31.65,25,88.2,72,-16.2,0
e1-100,binary,100,bot_196,3009,b,30,39.76,25,84.15,76,-8.15,0
e1-100,binary,100,bot_196,3009,b,32,29.83,25,87.68,69,-18.68,0
e1-100,binary,100,bot_196,3009,b,34,27.71,25,109.98,61,-48.98,0
e1-100,binary,100,bot_196,3009,b,36,4.59,25,58.96,36,-22.96,0
e1-100,binary,100,bot_197,3010,w,1,66.59,25,127.67,181,53.33,0
e1-100,binary,100,bot_197,3010,w,3,59.37,25,103.13,141,37.87,0
e1-100,binary,100,bot_197,3010,w,5,52.23,25,123.9,142,18.1,0
e1-100,binary,100,bot_197,3010,w,7,61.59,25,137.63,164,26.37,0
e1-100,binary,100,bot_197,3010,w,9,50.07,25,128.01,154,25.99,0
e1-100,binary,100,bot_197,3010,w,11,52.39,25,147.83,154,6.17,0
e1-100,binary,100,bot_197,3010,w,13,43.59,25,97.23,91,-6.23,0
e1-100,binary,100,bot_197,3010,w,15,42.54,25,138.49,129,-9.49,0
e1-100,binary,100,bot_197,3010,w,17,29.54,25,130.97,125,-5.97,0
e1-100,binary,100,bot_197,3010,w,19,17.9,25,122.82,107,-15.82,0
e1-100,binary,100,bot_197,3010,w,21,28.58,25,131.53,112,-19.53,0
e1-100,binary,100,bot_197,3010,w,23,18.84,25,144.24,121,-23.24,0
e1-100,binary,100,bot_197,3010,w,25,42.98,25,131.97,101,-30.97,0
e1-100,binary,100,bot_197,3010,w,27,33.58,25,86.06,86,-0.06,0
e1-100,binary,100,bot_197,3010,w,29,41.81,25,81.99,88,6.01,0
e1-100,binary,100,bot_197,3010,w,31,30.83,25,86.76,81,-5.76,0
e1-100,binary,100,bot_197,3010,w,33,7.44,25,107.44,73,-34.44,0
e1-100,binary,100,bot_197,3010,w,35,7.87,25,55.46,51,-4.46,0
e1-100,binary,100,bot_197,3010,w,37,14.86,25,58.65,40,-18.65,0
e1-100,binary,100,bot_197,3010,w,39,18.97,25,63.95,44,-19.95,0
e1-100,binary,100,bot_197,3010,w,41,15.26,25,65.25,38,-27.25,0
e1-100,binary,100,bot_197,3010,w,43,11.93,25,90.48,62,-28.48,0
e1-100,binary,100,bot_197,3010,w,45,9.71,25,60.34,30,-30.34,0
e1-100,binary,100,bot_197,3010,w,47,28.23,25,69.74,41,-28.74,0
e1-100,binary,100,bot_197,3010,w,49,19.94,25,72.1,50,-22.1,0
e1-100,binary,100,bot_197,3010,w,51,10.41,25,63.71,36,-27.71,0
e1-100,binary,100,bot_197,3010,w,53,6.24,25,57.42,21,-36.42,0
e1-100,binary,100,bot_197,3010,w,55,1.47,25,60.45,19,-41.45,0
e1-100,binary,100,bot_197,3010,w,57,1.41,25,60.83,30,-30.83,0
e1-100,binary,100,bot_197,3010,w,59,1.59,25,69.97,39,-30.97,0
e1-100,binary,100,bot_198,3010,b,2,83.02,25,95.65,109,13.35,0
e1-100,binary,100,bot_198,3010,b,4,63.5,25,142.29,148,5.71,0
e1-100,binary,100,bot_198,3010,b,6,70.91,25,135.56,134,-1.56,0
e1-100,binary,100,bot_198,3010,b,8,70.93,25,144.73,152,7.27,0
e1-100,binary,100,bot_198,3010,b,10,51.55,25,141.22,138,-3.22,0
e1-100,binary,100,bot_198,3010,b,12,37.23,25,141.11,144,2.89,0
e1-100,binary,100,bot_198,3010,b,14,32.91,25,119.96,115,-4.96,0
e1-100,binary,100,bot_198,3010,b,16,36.16,25,127.03,120,-7.03,0
e1-100,binary,100,bot_198,3010,b,18,28.39,25,143,123,-20,0
e1-100,binary,100,bot_198,3010,b,20,23.7,25,109.89,79,-30.89,0
e1-100,binary,100,bot_198,3010,b,22,19.65,25,133.8,112,-21.8,0
e1-100,binary,100,bot_198,3010,b,24,11.98,25,119.6,88,-31.6,0
e1-100,binary,100,bot_198,3010,b,26,43.47,25,73.17,67,-6.17,0
e1-100,binary,100,bot_198,3010,b,28,49.97,25,93.77,78,-15.77,0
e1-100,binary,100,bot_198,3010,b,30,38.37,25,79.67,71,-8.67,0
e1-100,binary,100,bot_198,3010,b,32,10.4,25,78.59,61,-17.59,0
e1-100,binary,100,bot_198,3010,b,34,39.42,25,95.12,52,-43.12,0
e1-100,binary,100,bot_198,3010,b,36,25.15,25,87.9,46,-41.9,0
e1-100,binary,100,bot_198,3010,b,38,21.83,25,65.73,31,-34.73,0
e1-100,binary,100,bot_198,3010,b,40,15.78,25,74.89,44,-30.89,0
e1-100,binary,100,bot_198,3010,b,42,13.39,25,79.33,44,-35.33,0
e1-100,binary,100,bot_198,3010,b,44,11.97,25,73.16,35,-38.16,0
e1-100,binary,100,bot_198,3010,b,46,14.48,25,59.89,21,-38.89,0
e1-100,binary,100,bot_198,3010,b,48,21.23,25,69.14,46,-23.14,0
e1-100,binary,100,bot_198,3010,b,50,15.34,25,72.48,42,-30.48,0
e1-100,binary,100,bot_198,3010,b,52,6.16,25,65.31,26,-39.31,0
e1-100,binary,100,bot_198,3010,b,54,2.2,25,57.7,15,-42.7,0
e1-100,binary,100,bot_198,3010,b,56,1.48,25,54.47,19,-35.47,0
e1-100,binary,100,bot_198,3010,b,58,2.34,25,63.81,27,-36.81,0
e1-100,binary,100,bot_198,3010,b,60,1.98,25,57.92,21,-36.92,0
e1-100,binary,100,bot_199,3011,w,1,88.71,25,89.66,123,33.34,0
e1-100,binary,100,bot_199,3011,w,3,67.77,25,138.01,155,16.99,0
e1-100,binary,100,bot_199,3011,w,5,74.08,25,132.88,143,10.12,0
e1-100,binary,100,bot_199,3011,w,7,74.18,25,141.21,161,19.79,0
e1-100,binary,100,bot_199,3011,w,9,54.93,25,137.89,145,7.11,0
e1-100,binary,100,bot_199,3011,w,11,40.14,25,138.85,152,13.15,0
e1-100,binary,100,bot_199,3011,w,13,33.94,25,119.04,119,-0.04,0
e1-100,binary,100,bot_199,3011,w,15,37.31,25,125.96,124,-1.96,0
e1-100,binary,100,bot_199,3011,w,17,31.79,25,139.72,127,-12.72,0
e1-100,binary,100,bot_199,3011,w,19,29.38,25,104.42,81,-23.42,0
e1-100,binary,100,bot_199,3011,w,21,24.9,25,128.51,115,-13.51,0
e1-100,binary,100,bot_199,3011,w,23,16.01,25,115.61,92,-23.61,0
e1-100,binary,100,bot_199,3011,w,25,51.6,25,102.2,66,-36.2,0
e1-100,binary,100,bot_199,3011,w,27,54.98,25,88.74,78,-10.74,0
e1-100,binary,100,bot_199,3011,w,29,44.31,25,73.71,71,-2.71,0
e1-100,binary,100,bot_199,3011,w,31,17.05,25,71.92,60,-11.92,0
e1-100,binary,100,bot_199,3011,w,33,11.36,25,89.61,56,-33.61,0
e1-100,binary,100,bot_199,3011,w,35,31.17,25,81.55,54,-27.55,0
e1-100,binary,100,bot_199,3011,w,37,24.6,25,62.59,34,-28.59,0
e1-100,binary,100,bot_199,3011,w,39,19.96,25,69.85,47,-22.85,0
e1-100,binary,100,bot_199,3011,w,41,17.06,25,75.09,47,-28.09,0
e1-100,binary,100,bot_199,3011,w,43,15.02,25,69.87,41,-28.87,0
e1-100,binary,100,bot_199,3011,w,45,8.31,25,53.23,19,-34.23,0
e1-100,binary,100,bot_199,3011,w,47,26.91,25,63.3,49,-14.3,0
e1-100,binary,100,bot_199,3011,w,49,22.05,25,65.73,44,-21.73,0
e1-100,binary,100,bot_199,3011,w,51,9.26,25,62.23,32,-30.23,0
e1-100,binary,100,bot_199,3011,w,53,7.78,25,51,14,-37,0
e1-100,binary,100,bot_199,3011,w,55,1.25,25,54.9,27,-27.9,0
e1-100,binary,100,bot_199,3011,w,57,9.52,25,56.81,26,-30.81,0
e1-100,binary,100,bot_199,3011,w,59,7.51,25,51.46,24,-27.46,0
e1-100,binary,100,bot_200,3011,b,2,65.71,25,96.9,130,33.1,0
e1-100,binary,100,bot_200,3011,b,4,57.55,25,118.62,130,11.38,0
e1-100,binary,100,bot_200,3011,b,6,67.13,25,132.24,150,17.76,0
e1-100,binary,100,bot_200,3011,b,8,55.5,25,122.57,140,17.43,0
e1-100,binary,100,bot_200,3011,b,10,58.27,25,141.91,139,-2.91,0
e1-100,binary,100,bot_200,3011,b,12,45.78,25,94.98,83,-11.98,0
e1-100,binary,100,bot_200,3011,b,14,44.39,25,136.64,120,-16.64,0
e1-100,binary,100,bot_200,3011,b,16,32.85,25,127.57,114,-13.57,0
e1-100,binary,100,bot_200,3011,b,18,21.92,25,118.39,98,-20.39,0
e1-100,binary,100,bot_200,3011,b,20,32.61,25,127.54,106,-21.54,0
e1-100,binary,100,bot_200,3011,b,22,22.63,25,140.49,114,-26.49,0
e1-100,binary,100,bot_200,3011,b,24,8.79,25,129.19,94,-35.19,0
e1-100,binary,100,bot_200,3011,b,26,35.83,25,83.77,84,0.23,0
e1-100,binary,100,bot_200,3011,b,28,44.29,25,79.54,83,3.46,0
e1-100,binary,100,bot_200,3011,b,30,34.1,25,83.52,76,-7.52,0
e1-100,binary,100,bot_200,3011,b,32,12.32,25,102.62,68,-34.62,0
e1-100,binary,100,bot_200,3011,b,34,17.79,25,79.24,39,-40.24,0
e1-100,binary,100,bot_200,3011,b,36,16.64,25,57.02,36,-21.02,0
e1-100,binary,100,bot_200,3011,b,38,22.57,25,60.48,33,-27.48,0
e1-100,binary,100,bot_200,3011,b,40,19.09,25,61.43,30,-31.43,0
e1-100,binary,100,bot_200,3011,b,42,16.77,25,85.73,52,-33.73,0
e1-100,binary,100,bot_200,3011,b,44,12.34,25,57.83,21,-36.83,0
e1-100,binary,100,bot_200,3011,b,46,32.45,25,77.69,35,-42.69,0
e1-100,binary,100,bot_200,3011,b,48,24.53,25,67.57,44,-23.57,0
e1-100,binary,100,bot_200,3011,b,50,15.72,25,58.4,29,-29.4,0
e1-100,binary,100,bot_200,3011,b,52,9.63,25,54.05,11,-43.05,0
e1-100,binary,100,bot_200,3011,b,54,5.87,25,56.66,13,-43.66,0
e1-100,binary,100,bot_200,3011,b,56,4.93,25,57.53,19,-38.53,0
e1-100,binary,100,bot_200,3011,b,58,6.61,25,65.01,36,-29.01,0
e1-100,binary,100,bot_200,3011,b,60,1.94,25,56.13,24,-32.13,0
