label,format,games,username,game_id,color,ply,rtt_ms,applied_bytes,warmup
e1-50,binary,50,bot_1,2762,w,1,25.3,25,60.93,62,1.07,0
e1-50,binary,50,bot_1,2762,w,3,15.92,25,63.37,62,-1.37,0
e1-50,binary,50,bot_1,2762,w,5,6.3,25,51.73,68,16.27,0
e1-50,binary,50,bot_1,2762,w,7,3.09,25,61.77,58,-3.77,0
e1-50,binary,50,bot_1,2762,w,9,3.1,25,53.29,50,-3.29,0
e1-50,binary,50,bot_1,2762,w,11,16.41,25,59.11,66,6.89,0
e1-50,binary,50,bot_1,2762,w,13,13.31,25,60.67,80,19.33,0
e1-50,binary,50,bot_1,2762,w,15,10.99,25,65.67,69,3.33,0
e1-50,binary,50,bot_1,2762,w,17,7.07,25,71.48,75,3.52,0
e1-50,binary,50,bot_1,2762,w,19,9.67,25,78.88,80,1.12,0
e1-50,binary,50,bot_1,2762,w,21,9.44,25,73.98,78,4.02,0
e1-50,binary,50,bot_1,2762,w,23,5.05,25,75.21,78,2.79,0
e1-50,binary,50,bot_1,2762,w,25,32.89,25,58.53,75,16.47,0
e1-50,binary,50,bot_1,2762,w,27,11.76,25,83.36,112,28.64,0
e1-50,binary,50,bot_1,2762,w,29,64.07,25,91.49,105,13.51,0
e1-50,binary,50,bot_1,2762,w,31,3.14,25,54.48,101,46.52,0
e1-50,binary,50,bot_1,2762,w,33,42.98,25,113.51,114,0.49,0
e1-50,binary,50,bot_1,2762,w,35,37.61,25,87.88,120,32.12,0
e1-50,binary,50,bot_1,2762,w,37,28.77,25,89.13,111,21.87,0
e1-50,binary,50,bot_1,2762,w,39,32.67,25,80.56,105,24.44,0
e1-50,binary,50,bot_1,2762,w,41,25.57,25,120.15,143,22.85,0
e1-50,binary,50,bot_1,2762,w,43,13.22,25,123.33,148,24.67,0
e1-50,binary,50,bot_1,2762,w,45,13.26,25,156.98,177,20.02,0
e1-50,binary,50,bot_1,2762,w,47,11.6,25,164.85,167,2.15,0
e1-50,binary,50,bot_1,2762,w,49,89.76,25,87.15,173,85.85,0
e1-50,binary,50,bot_1,2762,w,51,75.88,25,76.56,149,72.44,0
e1-50,binary,50,bot_1,2762,w,53,36.12,25,127.29,205,77.71,0
e1-50,binary,50,bot_1,2762,w,55,19.7,25,125.27,153,27.73,0
e1-50,binary,50,bot_1,2762,w,57,17.51,25,141.84,171,29.16,0
e1-50,binary,50,bot_1,2762,w,59,43.52,25,121.58,186,64.42,0
e1-50,binary,50,bot_2,2762,b,2,55.25,25,63.55,112,48.45,0
e1-50,binary,50,bot_2,2762,b,4,25.18,25,63.25,70,6.75,0
e1-50,binary,50,bot_2,2762,b,6,3.97,25,55.62,53,-2.62,0
e1-50,binary,50,bot_2,2762,b,8,3.96,25,51.37,52,0.63,0
e1-50,binary,50,bot_2,2762,b,10,13.33,25,66.12,59,-7.12,0
e1-50,binary,50,bot_2,2762,b,12,27.69,25,75.81,82,6.19,0
e1-50,binary,50,bot_2,2762,b,14,10.25,25,66.25,69,2.75,0
e1-50,binary,50,bot_2,2762,b,16,11.3,25,76.86,78,1.14,0
e1-50,binary,50,bot_2,2762,b,18,9.1,25,80.48,78,-2.48,0
e1-50,binary,50,bot_2,2762,b,20,11.64,25,76.18,77,0.82,0
e1-50,binary,50,bot_2,2762,b,22,8.96,25,97.11,96,-1.11,0
e1-50,binary,50,bot_2,2762,b,24,24.3,25,75.12,71,-4.12,0
e1-50,binary,50,bot_2,2762,b,26,34.95,25,71.11,94,22.89,0
e1-50,binary,50,bot_2,2762,b,28,21.24,25,106.97,109,2.03,0
e1-50,binary,50,bot_2,2762,b,30,53.89,25,62.62,117,54.38,0
e1-50,binary,50,bot_2,2762,b,32,7.52,25,96.75,91,-5.75,0
e1-50,binary,50,bot_2,2762,b,34,38.95,25,68.88,102,33.12,0
e1-50,binary,50,bot_2,2762,b,36,29.87,25,87.44,116,28.56,0
e1-50,binary,50,bot_2,2762,b,38,31.83,25,92.27,112,19.73,0
e1-50,binary,50,bot_2,2762,b,40,30.37,25,108.12,130,21.88,0
e1-50,binary,50,bot_2,2762,b,42,31.41,25,117.92,134,16.08,0
e1-50,binary,50,bot_2,2762,b,44,27.17,25,116.09,120,3.91,0
e1-50,binary,50,bot_2,2762,b,46,9.61,25,121.56,124,2.44,0
e1-50,binary,50,bot_2,2762,b,48,93.69,25,136.77,139,2.23,0
e1-50,binary,50,bot_2,2762,b,50,79.23,25,88.88,169,80.12,0
e1-50,binary,50,bot_2,2762,b,52,85.23,25,78.52,147,68.48,0
e1-50,binary,50,bot_2,2762,b,54,34.56,25,117.56,146,28.44,0
e1-50,binary,50,bot_2,2762,b,56,34.99,25,142.35,153,10.65,0
e1-50,binary,50,bot_2,2762,b,58,70.63,25,139.65,149,9.35,0
e1-50,binary,50,bot_2,2762,b,60,61.54,25,83.34,118,34.66,0
e1-50,binary,50,bot_3,2763,w,1,18.74,25,56.02,52,-4.02,0
e1-50,binary,50,bot_3,2763,w,3,12.5,25,67.22,59,-8.22,0
e1-50,binary,50,bot_3,2763,w,5,11.46,25,54.99,62,7.01,0
e1-50,binary,50,bot_3,2763,w,7,5.57,25,56.55,51,-5.55,0
e1-50,binary,50,bot_3,2763,w,9,5.62,25,53.88,47,-6.88,0
e1-50,binary,50,bot_3,2763,w,11,7.66,25,68.41,66,-2.41,0
e1-50,binary,50,bot_3,2763,w,13,8.22,25,65.99,72,6.01,0
e1-50,binary,50,bot_3,2763,w,15,31.14,25,73.37,69,-4.37,0
e1-50,binary,50,bot_3,2763,w,17,36.07,25,67.76,88,20.24,0
e1-50,binary,50,bot_3,2763,w,19,3.24,25,54.3,61,6.7,0
e1-50,binary,50,bot_3,2763,w,21,25.57,25,65.64,80,14.36,0
e1-50,binary,50,bot_3,2763,w,23,15.1,25,63.4,74,10.6,0
e1-50,binary,50,bot_3,2763,w,25,6.32,25,84.48,81,-3.48,0
e1-50,binary,50,bot_3,2763,w,27,9.78,25,69.66,109,39.34,0
e1-50,binary,50,bot_3,2763,w,29,37.16,25,77.39,100,22.61,0
e1-50,binary,50,bot_3,2763,w,31,16.88,25,68.87,87,18.13,0
e1-50,binary,50,bot_3,2763,w,33,21.64,25,93.57,107,13.43,0
e1-50,binary,50,bot_3,2763,w,35,19.34,25,105.4,117,11.6,0
e1-50,binary,50,bot_3,2763,w,37,12.04,25,104.16,107,2.84,0
e1-50,binary,50,bot_3,2763,w,39,70.2,25,104.45,105,0.55,0
e1-50,binary,50,bot_3,2763,w,41,62.29,25,85.65,138,52.35,0
e1-50,binary,50,bot_3,2763,w,43,38.28,25,77.77,127,49.23,0
e1-50,binary,50,bot_3,2763,w,45,38.64,25,91.76,146,54.24,0
e1-50,binary,50,bot_3,2763,w,47,43.34,25,101.03,156,54.97,0
e1-50,binary,50,bot_3,2763,w,49,49.85,25,125.79,165,39.21,0
e1-50,binary,50,bot_3,2763,w,51,38.88,25,112.44,139,26.56,0
e1-50,binary,50,bot_3,2763,w,53,24.1,25,139.06,166,26.94,0
e1-50,binary,50,bot_3,2763,w,55,11.46,25,132.62,143,10.38,0
e1-50,binary,50,bot_3,2763,w,57,49.98,25,150.51,155,4.49,0
e1-50,binary,50,bot_3,2763,w,59,33.89,25,130.25,180,49.75,0
e1-50,binary,50,bot_4,2763,b,2,57.64,25,62.46,116,53.54,0
e1-50,binary,50,bot_4,2763,b,4,20.24,25,69.44,77,7.56,0
e1-50,binary,50,bot_4,2763,b,6,5.83,25,53.26,59,5.74,0
e1-50,binary,50,bot_4,2763,b,8,5.18,25,56.09,56,-0.09,0
e1-50,binary,50,bot_4,2763,b,10,7.05,25,63.63,62,-1.63,0
e1-50,binary,50,bot_4,2763,b,12,16.06,25,86.95,87,0.05,0
e1-50,binary,50,bot_4,2763,b,14,5.04,25,70.58,72,1.42,0
e1-50,binary,50,bot_4,2763,b,16,30.7,25,61.89,87,25.11,0
e1-50,binary,50,bot_4,2763,b,18,17.3,25,55.55,85,29.45,0
e1-50,binary,50,bot_4,2763,b,20,24.54,25,83.51,81,-2.51,0
e1-50,binary,50,bot_4,2763,b,22,19.6,25,79.01,98,18.99,0
e1-50,binary,50,bot_4,2763,b,24,7.25,25,64.92,74,9.08,0
e1-50,binary,50,bot_4,2763,b,26,50.88,25,97.72,98,0.28,0
e1-50,binary,50,bot_4,2763,b,28,34.6,25,109.28,112,2.72,0
e1-50,binary,50,bot_4,2763,b,30,28.87,25,86.42,117,30.58,0
e1-50,binary,50,bot_4,2763,b,32,24.42,25,93.74,103,9.26,0
e1-50,binary,50,bot_4,2763,b,34,22.3,25,85.85,100,14.15,0
e1-50,binary,50,bot_4,2763,b,36,14.73,25,103.17,115,11.83,0
e1-50,binary,50,bot_4,2763,b,38,10.79,25,113.57,119,5.43,0
e1-50,binary,50,bot_4,2763,b,40,62.28,25,82.2,145,62.8,0
e1-50,binary,50,bot_4,2763,b,42,60.23,25,96.43,152,55.57,0
e1-50,binary,50,bot_4,2763,b,44,64.71,25,118.25,150,31.75,0
e1-50,binary,50,bot_4,2763,b,46,65.02,25,113.69,145,31.31,0
e1-50,binary,50,bot_4,2763,b,48,48.4,25,113.24,150,36.76,0
e1-50,binary,50,bot_4,2763,b,50,36.91,25,131.58,175,43.42,0
e1-50,binary,50,bot_4,2763,b,52,35.99,25,125.36,157,31.64,0
e1-50,binary,50,bot_4,2763,b,54,19.72,25,133.46,152,18.54,0
e1-50,binary,50,bot_4,2763,b,56,13.39,25,164.22,170,5.78,0
e1-50,binary,50,bot_4,2763,b,58,58.95,25,110.75,155,44.25,0
e1-50,binary,50,bot_4,2763,b,60,47.91,25,97.77,126,28.23,0
e1-50,binary,50,bot_5,2764,w,1,13.6,25,55.75,55,-0.75,0
e1-50,binary,50,bot_5,2764,w,3,14.06,25,65.58,65,-0.58,0
e1-50,binary,50,bot_5,2764,w,5,5.12,25,52.22,68,15.78,0
e1-50,binary,50,bot_5,2764,w,7,8.53,25,60.44,59,-1.44,0
e1-50,binary,50,bot_5,2764,w,9,6.59,25,52.22,51,-1.22,0
e1-50,binary,50,bot_5,2764,w,11,13.86,25,62,68,6,0
e1-50,binary,50,bot_5,2764,w,13,12.12,25,61.83,78,16.17,0
e1-50,binary,50,bot_5,2764,w,15,9.18,25,67.61,70,2.39,0
e1-50,binary,50,bot_5,2764,w,17,4.35,25,74.37,77,2.63,0
e1-50,binary,50,bot_5,2764,w,19,6.89,25,81.73,80,-1.73,0
e1-50,binary,50,bot_5,2764,w,21,6.88,25,76.48,79,2.52,0
e1-50,binary,50,bot_5,2764,w,23,8.98,25,75.98,78,2.02,0
e1-50,binary,50,bot_5,2764,w,25,29.77,25,60.94,72,11.06,0
e1-50,binary,50,bot_5,2764,w,27,10.43,25,84.65,109,24.35,0
e1-50,binary,50,bot_5,2764,w,29,55.92,25,99.98,111,11.02,0
e1-50,binary,50,bot_5,2764,w,31,29.54,25,55.65,98,42.35,0
e1-50,binary,50,bot_5,2764,w,33,41.14,25,74.26,106,31.74,0
e1-50,binary,50,bot_5,2764,w,35,34.98,25,90.29,119,28.71,0
e1-50,binary,50,bot_5,2764,w,37,26.66,25,90.8,111,20.2,0
e1-50,binary,50,bot_5,2764,w,39,28.56,25,84.94,104,19.06,0
e1-50,binary,50,bot_5,2764,w,41,19.19,25,126.14,144,17.86,0
e1-50,binary,50,bot_5,2764,w,43,9.46,25,126.55,143,16.45,0
e1-50,binary,50,bot_5,2764,w,45,7.4,25,162.51,176,13.49,0
e1-50,binary,50,bot_5,2764,w,47,64.25,25,81.23,182,100.77,0
e1-50,binary,50,bot_5,2764,w,49,83.79,25,92.65,167,74.35,0
e1-50,binary,50,bot_5,2764,w,51,72.95,25,79.38,144,64.62,0
e1-50,binary,50,bot_5,2764,w,53,34.6,25,128.73,200,71.27,0
e1-50,binary,50,bot_5,2764,w,55,18.85,25,125.85,151,25.15,0
e1-50,binary,50,bot_5,2764,w,57,16.86,25,142.43,166,23.57,0
e1-50,binary,50,bot_5,2764,w,59,41.81,25,122.99,186,63.01,0
e1-50,binary,50,bot_6,2764,b,2,60.03,25,60.06,116,55.94,0
e1-50,binary,50,bot_6,2764,b,4,22.88,25,66.52,75,8.48,0
e1-50,binary,50,bot_6,2764,b,6,11.28,25,57.4,57,-0.4,0
e1-50,binary,50,bot_6,2764,b,8,3.98,25,53.76,58,4.24,0
e1-50,binary,50,bot_6,2764,b,10,11.19,25,63.33,64,0.67,0
e1-50,binary,50,bot_6,2764,b,12,23.29,25,79.85,87,7.15,0
e1-50,binary,50,bot_6,2764,b,14,8.14,25,68.22,74,5.78,0
e1-50,binary,50,bot_6,2764,b,16,8.45,25,79.86,82,2.14,0
e1-50,binary,50,bot_6,2764,b,18,5.45,25,83.95,83,-0.95,0
e1-50,binary,50,bot_6,2764,b,20,8.76,25,79.02,81,1.98,0
e1-50,binary,50,bot_6,2764,b,22,6.88,25,99.17,99,-0.17,0
e1-50,binary,50,bot_6,2764,b,24,16.95,25,78.14,81,2.86,0
e1-50,binary,50,bot_6,2764,b,26,30.77,25,75.51,99,23.49,0
e1-50,binary,50,bot_6,2764,b,28,17.18,25,111.05,115,3.95,0
e1-50,binary,50,bot_6,2764,b,30,48.33,25,68.39,119,50.61,0
e1-50,binary,50,bot_6,2764,b,32,39.01,25,78.68,103,24.32,0
e1-50,binary,50,bot_6,2764,b,34,35.28,25,72.8,107,34.2,0
e1-50,binary,50,bot_6,2764,b,36,26.11,25,91.44,120,28.56,0
e1-50,binary,50,bot_6,2764,b,38,25.36,25,98.86,120,21.14,0
e1-50,binary,50,bot_6,2764,b,40,25,25,113.65,137,23.35,0
e1-50,binary,50,bot_6,2764,b,42,23.19,25,126.6,140,13.4,0
e1-50,binary,50,bot_6,2764,b,44,19.39,25,124.29,128,3.71,0
e1-50,binary,50,bot_6,2764,b,46,104.96,25,125.61,127,1.39,0
e1-50,binary,50,bot_6,2764,b,48,81.07,25,81.22,139,57.78,0
e1-50,binary,50,bot_6,2764,b,50,71.03,25,97.09,174,76.91,0
e1-50,binary,50,bot_6,2764,b,52,76.57,25,86.98,153,66.02,0
e1-50,binary,50,bot_6,2764,b,54,30.56,25,121.83,152,30.17,0
e1-50,binary,50,bot_6,2764,b,56,30.21,25,147.24,161,13.76,0
e1-50,binary,50,bot_6,2764,b,58,68.46,25,142.11,153,10.89,0
e1-50,binary,50,bot_6,2764,b,60,57.63,25,87.51,123,35.49,0
e1-50,binary,50,bot_7,2765,w,1,12.64,25,54.88,51,-3.87,0
e1-50,binary,50,bot_7,2765,w,3,11.04,25,68.43,65,-3.43,0
e1-50,binary,50,bot_7,2765,w,5,7.06,25,59.52,70,10.48,0
e1-50,binary,50,bot_7,2765,w,7,7.59,25,59.87,58,-1.87,0
e1-50,binary,50,bot_7,2765,w,9,2.67,25,56.59,53,-3.59,0
e1-50,binary,50,bot_7,2765,w,11,9.06,25,71.7,71,-0.7,0
e1-50,binary,50,bot_7,2765,w,13,6.66,25,67.59,73,5.41,0
e1-50,binary,50,bot_7,2765,w,15,24.4,25,61.11,77,15.89,0
e1-50,binary,50,bot_7,2765,w,17,33.63,25,70.14,92,21.86,0
e1-50,binary,50,bot_7,2765,w,19,11.71,25,55.32,64,8.68,0
e1-50,binary,50,bot_7,2765,w,21,22.64,25,68.59,84,15.41,0
e1-50,binary,50,bot_7,2765,w,23,13.85,25,64.71,75,10.29,0
e1-50,binary,50,bot_7,2765,w,25,35,25,86.41,85,-1.41,0
e1-50,binary,50,bot_7,2765,w,27,5.32,25,73.8,106,32.2,0
e1-50,binary,50,bot_7,2765,w,29,35.61,25,79.02,105,25.98,0
e1-50,binary,50,bot_7,2765,w,31,15.58,25,70.15,90,19.85,0
e1-50,binary,50,bot_7,2765,w,33,18.82,25,96.71,112,15.29,0
e1-50,binary,50,bot_7,2765,w,35,15.69,25,109.17,122,12.83,0
e1-50,binary,50,bot_7,2765,w,37,10.13,25,105.52,112,6.48,0
e1-50,binary,50,bot_7,2765,w,39,56.74,25,74.11,121,46.89,0
e1-50,binary,50,bot_7,2765,w,41,60.04,25,87.7,139,51.3,0
e1-50,binary,50,bot_7,2765,w,43,36.52,25,79.49,129,49.51,0
e1-50,binary,50,bot_7,2765,w,45,36.66,25,93.55,149,55.45,0
e1-50,binary,50,bot_7,2765,w,47,41.23,25,102.59,156,53.41,0
e1-50,binary,50,bot_7,2765,w,49,47,25,128.78,165,36.22,0
e1-50,binary,50,bot_7,2765,w,51,34.55,25,116.55,144,27.45,0
e1-50,binary,50,bot_7,2765,w,53,20.79,25,142.5,166,23.5,0
e1-50,binary,50,bot_7,2765,w,55,9.16,25,134.65,145,10.35,0
e1-50,binary,50,bot_7,2765,w,57,39.63,25,101.45,164,62.55,0
e1-50,binary,50,bot_7,2765,w,59,31.73,25,132.22,182,49.78,0
e1-50,binary,50,bot_8,2765,b,2,47.24,25,70.55,116,45.45,0
e1-50,binary,50,bot_8,2765,b,4,17.19,25,72.7,80,7.3,0
e1-50,binary,50,bot_8,2765,b,6,4.32,25,54.61,57,2.39,0
e1-50,binary,50,bot_8,2765,b,8,3.18,25,52.49,56,3.51,0
e1-50,binary,50,bot_8,2765,b,10,5.61,25,65.06,63,-2.06,0
e1-50,binary,50,bot_8,2765,b,12,12.83,25,85.55,88,2.45,0
e1-50,binary,50,bot_8,2765,b,14,23.04,25,72.1,74,1.9,0
e1-50,binary,50,bot_8,2765,b,16,29.83,25,62.61,81,18.39,0
e1-50,binary,50,bot_8,2765,b,18,15.31,25,57.5,87,29.5,0
e1-50,binary,50,bot_8,2765,b,20,22.05,25,76.49,83,6.51,0
e1-50,binary,50,bot_8,2765,b,22,17.52,25,81.12,99,17.88,0
e1-50,binary,50,bot_8,2765,b,24,5.93,25,66.03,75,8.97,0
e1-50,binary,50,bot_8,2765,b,26,39.53,25,78.93,110,31.07,0
e1-50,binary,50,bot_8,2765,b,28,32.94,25,111,111,0,0
e1-50,binary,50,bot_8,2765,b,30,27.24,25,87.89,118,30.11,0
e1-50,binary,50,bot_8,2765,b,32,22.49,25,95.88,107,11.12,0
e1-50,binary,50,bot_8,2765,b,34,19.36,25,88.61,103,14.39,0
e1-50,binary,50,bot_8,2765,b,36,12.82,25,105.06,115,9.94,0
e1-50,binary,50,bot_8,2765,b,38,53.08,25,116.08,121,4.92,0
e1-50,binary,50,bot_8,2765,b,40,59.18,25,84.54,137,52.46,0
e1-50,binary,50,bot_8,2765,b,42,56.86,25,99.74,155,55.26,0
e1-50,binary,50,bot_8,2765,b,44,62.7,25,120.48,152,31.52,0
e1-50,binary,50,bot_8,2765,b,46,61.03,25,118.26,151,32.74,0
e1-50,binary,50,bot_8,2765,b,48,44.02,25,117.55,155,37.45,0
e1-50,binary,50,bot_8,2765,b,50,34.79,25,133.75,176,42.25,0
e1-50,binary,50,bot_8,2765,b,52,31,25,130.2,160,29.8,0
e1-50,binary,50,bot_8,2765,b,54,18.16,25,135.05,151,15.95,0
e1-50,binary,50,bot_8,2765,b,56,69.99,25,167.38,172,4.63,0
e1-50,binary,50,bot_8,2765,b,58,57.16,25,112.38,148,35.62,0
e1-50,binary,50,bot_8,2765,b,60,46.44,25,99.35,127,27.65,0
e1-50,binary,50,bot_9,2766,w,1,7.47,25,53.9,54,0.1,0
e1-50,binary,50,bot_9,2766,w,3,7.5,25,70.3,70,-0.3,0
e1-50,binary,50,bot_9,2766,w,5,12.52,25,62.35,69,6.65,0
e1-50,binary,50,bot_9,2766,w,7,11.68,25,56.18,63,6.82,0
e1-50,binary,50,bot_9,2766,w,9,13.92,25,58.19,69,10.81,0
e1-50,binary,50,bot_9,2766,w,11,22.53,25,68.35,69,0.65,0
e1-50,binary,50,bot_9,2766,w,13,13.74,25,68.01,70,1.99,0
e1-50,binary,50,bot_9,2766,w,15,13.84,25,70.77,79,8.23,0
e1-50,binary,50,bot_9,2766,w,17,21.8,25,82.7,100,17.3,0
e1-50,binary,50,bot_9,2766,w,19,3.98,25,64.83,65,0.17,0
e1-50,binary,50,bot_9,2766,w,21,8.8,25,81.93,86,4.07,0
e1-50,binary,50,bot_9,2766,w,23,15.57,25,66.48,80,13.52,0
e1-50,binary,50,bot_9,2766,w,25,21.03,25,82.65,88,5.35,0
e1-50,binary,50,bot_9,2766,w,27,22.64,25,90.51,110,19.49,0
e1-50,binary,50,bot_9,2766,w,29,21.56,25,93.83,108,14.17,0
e1-50,binary,50,bot_9,2766,w,31,6.12,25,79.68,86,6.32,0
e1-50,binary,50,bot_9,2766,w,33,57.34,25,105.87,110,4.13,0
e1-50,binary,50,bot_9,2766,w,35,46.69,25,82.39,125,42.61,0
e1-50,binary,50,bot_9,2766,w,37,44.5,25,74.06,118,43.94,0
e1-50,binary,50,bot_9,2766,w,39,35.36,25,97.14,126,28.86,0
e1-50,binary,50,bot_9,2766,w,41,33.73,25,112.35,145,32.65,0
e1-50,binary,50,bot_9,2766,w,43,19.23,25,96.82,121,24.18,0
e1-50,binary,50,bot_9,2766,w,45,16.86,25,111.78,147,35.22,0
e1-50,binary,50,bot_9,2766,w,47,21.96,25,124.64,145,20.36,0
e1-50,binary,50,bot_9,2766,w,49,14.02,25,164.57,173,8.43,0
e1-50,binary,50,bot_9,2766,w,51,46.74,25,98.84,158,59.16,0
e1-50,binary,50,bot_9,2766,w,53,51.03,25,119.28,164,44.72,0
e1-50,binary,50,bot_9,2766,w,55,33.86,25,101.28,142,40.72,0
e1-50,binary,50,bot_9,2766,w,57,28.83,25,110.55,156,45.45,0
e1-50,binary,50,bot_9,2766,w,59,19.17,25,144.02,185,40.98,0
e1-50,binary,50,bot_10,2766,b,2,56.19,25,65.3,117,51.7,0
e1-50,binary,50,bot_10,2766,b,4,12.07,25,78.93,83,4.07,0
e1-50,binary,50,bot_10,2766,b,6,11.71,25,51.9,62,10.1,0
e1-50,binary,50,bot_10,2766,b,8,15.66,25,64.05,73,8.95,0
e1-50,binary,50,bot_10,2766,b,10,6.59,25,52.48,61,8.52,0
e1-50,binary,50,bot_10,2766,b,12,8.1,25,54.97,74,19.03,0
e1-50,binary,50,bot_10,2766,b,14,13.87,25,61.37,71,9.63,0
e1-50,binary,50,bot_10,2766,b,16,22.67,25,69.49,79,9.51,0
e1-50,binary,50,bot_10,2766,b,18,5.35,25,67.4,84,16.6,0
e1-50,binary,50,bot_10,2766,b,20,10.07,25,87.55,88,0.45,0
e1-50,binary,50,bot_10,2766,b,22,19.2,25,93,97,4,0
e1-50,binary,50,bot_10,2766,b,24,10.98,25,62.68,74,11.32,0
e1-50,binary,50,bot_10,2766,b,26,23.97,25,93.85,110,16.15,0
e1-50,binary,50,bot_10,2766,b,28,20.44,25,89.69,108,18.31,0
e1-50,binary,50,bot_10,2766,b,30,12.39,25,100.89,119,18.11,0
e1-50,binary,50,bot_10,2766,b,32,9.39,25,109.94,113,3.06,0
e1-50,binary,50,bot_10,2766,b,34,48.26,25,62.89,117,54.11,0
e1-50,binary,50,bot_10,2766,b,36,49.32,25,73.53,116,42.47,0
e1-50,binary,50,bot_10,2766,b,38,34.9,25,71.58,112,40.42,0
e1-50,binary,50,bot_10,2766,b,40,36.93,25,106.79,139,32.21,0
e1-50,binary,50,bot_10,2766,b,42,29.3,25,127.26,157,29.74,0
e1-50,binary,50,bot_10,2766,b,44,41.04,25,144.44,161,16.56,0
e1-50,binary,50,bot_10,2766,b,46,26.22,25,152.54,166,13.46,0
e1-50,binary,50,bot_10,2766,b,48,13.56,25,145.08,164,18.92,0
e1-50,binary,50,bot_10,2766,b,50,64.05,25,155.54,166,10.46,0
e1-50,binary,50,bot_10,2766,b,52,47.79,25,115.13,157,41.87,0
e1-50,binary,50,bot_10,2766,b,54,43.62,25,108.88,156,47.12,0
e1-50,binary,50,bot_10,2766,b,56,49.9,25,140.7,171,30.3,0
e1-50,binary,50,bot_10,2766,b,58,46.27,25,123.16,150,26.84,0
e1-50,binary,50,bot_10,2766,b,60,36.49,25,110,126,16,0
e1-50,binary,50,bot_11,2767,w,1,52.25,25,68.38,118,49.62,0
e1-50,binary,50,bot_11,2767,w,3,14.18,25,75.86,83,7.14,0
e1-50,binary,50,bot_11,2767,w,5,3.51,25,56.62,60,3.38,0
e1-50,binary,50,bot_11,2767,w,7,20.31,25,60.95,76,15.05,0
e1-50,binary,50,bot_11,2767,w,9,4.89,25,54.13,61,6.87,0
e1-50,binary,50,bot_11,2767,w,11,4.16,25,58.91,75,16.09,0
e1-50,binary,50,bot_11,2767,w,13,11.99,25,63.19,72,8.81,0
e1-50,binary,50,bot_11,2767,w,15,21.36,25,70.83,77,6.17,0
e1-50,binary,50,bot_11,2767,w,17,19.92,25,68.68,84,15.32,0
e1-50,binary,50,bot_11,2767,w,19,8.72,25,74.72,86,11.28,0
e1-50,binary,50,bot_11,2767,w,21,13.12,25,78.12,101,22.88,0
e1-50,binary,50,bot_11,2767,w,23,9.98,25,63.68,73,9.32,0
e1-50,binary,50,bot_11,2767,w,25,22.66,25,95.06,109,13.94,0
e1-50,binary,50,bot_11,2767,w,27,19.7,25,90.32,106,15.68,0
e1-50,binary,50,bot_11,2767,w,29,10.29,25,102.9,116,13.1,0
e1-50,binary,50,bot_11,2767,w,31,52.05,25,110.97,113,2.03,0
e1-50,binary,50,bot_11,2767,w,33,46.37,25,64.5,106,41.5,0
e1-50,binary,50,bot_11,2767,w,35,44.89,25,77.82,119,41.18,0
e1-50,binary,50,bot_11,2767,w,37,29.33,25,77.11,113,35.89,0
e1-50,binary,50,bot_11,2767,w,39,31.88,25,111.89,140,28.11,0
e1-50,binary,50,bot_11,2767,w,41,25.04,25,131.52,157,25.48,0
e1-50,binary,50,bot_11,2767,w,43,35.31,25,149.89,163,13.11,0
e1-50,binary,50,bot_11,2767,w,45,21.54,25,157.23,168,10.77,0
e1-50,binary,50,bot_11,2767,w,47,77.2,25,148.73,160,11.27,0
e1-50,binary,50,bot_11,2767,w,49,46.79,25,107.29,167,59.71,0
e1-50,binary,50,bot_11,2767,w,51,45.21,25,117.7,159,41.3,0
e1-50,binary,50,bot_11,2767,w,53,39.22,25,113.22,155,41.78,0
e1-50,binary,50,bot_11,2767,w,55,45.58,25,145.19,171,25.81,0
e1-50,binary,50,bot_11,2767,w,57,41.78,25,127.61,152,24.39,0
e1-50,binary,50,bot_11,2767,w,59,31.2,25,115.49,128,12.51,0
e1-50,binary,50,bot_12,2767,b,2,9.08,25,68.57,69,0.43,0
e1-50,binary,50,bot_12,2767,b,4,5.37,25,60.85,72,11.15,0
e1-50,binary,50,bot_12,2767,b,6,16.64,25,60.55,64,3.45,0
e1-50,binary,50,bot_12,2767,b,8,12.39,25,59.55,74,14.45,0
e1-50,binary,50,bot_12,2767,b,10,19.59,25,72.03,73,0.97,0
e1-50,binary,50,bot_12,2767,b,12,12.95,25,68.45,67,-1.45,0
e1-50,binary,50,bot_12,2767,b,14,10.77,25,73.67,80,6.33,0
e1-50,binary,50,bot_12,2767,b,16,20.01,25,84.73,102,17.27,0
e1-50,binary,50,bot_12,2767,b,18,15,25,51.82,66,14.18,0
e1-50,binary,50,bot_12,2767,b,20,27.07,25,84.78,88,3.22,0
e1-50,binary,50,bot_12,2767,b,22,14.28,25,67.59,77,9.41,0
e1-50,binary,50,bot_12,2767,b,24,18.09,25,85.75,89,3.25,0
e1-50,binary,50,bot_12,2767,b,26,19.16,25,94.14,113,18.86,0
e1-50,binary,50,bot_12,2767,b,28,17.5,25,97.98,113,15.02,0
e1-50,binary,50,bot_12,2767,b,30,5.53,25,81.04,86,4.96,0
e1-50,binary,50,bot_12,2767,b,32,45.01,25,74.35,121,46.65,0
e1-50,binary,50,bot_12,2767,b,34,43.68,25,85.24,126,40.76,0
e1-50,binary,50,bot_12,2767,b,36,40.87,25,77.77,119,41.23,0
e1-50,binary,50,bot_12,2767,b,38,32.99,25,99.91,123,23.09,0
e1-50,binary,50,bot_12,2767,b,40,29.26,25,116.44,144,27.56,0
e1-50,binary,50,bot_12,2767,b,42,16.95,25,99.79,120,20.21,0
e1-50,binary,50,bot_12,2767,b,44,13.84,25,114.5,145,30.5,0
e1-50,binary,50,bot_12,2767,b,46,15,25,131.87,148,16.13,0
e1-50,binary,50,bot_12,2767,b,48,63.43,25,113.2,185,71.8,0
e1-50,binary,50,bot_12,2767,b,50,44.95,25,100.62,143,42.38,0
e1-50,binary,50,bot_12,2767,b,52,45.76,25,124.54,167,42.46,0
e1-50,binary,50,bot_12,2767,b,54,28.63,25,106.55,142,35.45,0
e1-50,binary,50,bot_12,2767,b,56,26.47,25,113.15,155,41.85,0
e1-50,binary,50,bot_12,2767,b,58,15.2,25,147.67,185,37.33,0
e1-50,binary,50,bot_12,2767,b,60,15.5,25,133.43,162,28.57,0
e1-50,binary,50,bot_13,2768,w,1,5.55,25,67.35,69,1.65,0
e1-50,binary,50,bot_13,2768,w,3,8.19,25,60.85,74,13.15,0
e1-50,binary,50,bot_13,2768,w,5,10.43,25,57.16,65,7.84,0
e1-50,binary,50,bot_13,2768,w,7,11.53,25,60.41,72,11.59,0
e1-50,binary,50,bot_13,2768,w,9,15.02,25,76.81,77,0.19,0
e1-50,binary,50,bot_13,2768,w,11,8.36,25,62.66,72,9.34,0
e1-50,binary,50,bot_13,2768,w,13,6.09,25,78.16,83,4.84,0
e1-50,binary,50,bot_13,2768,w,15,15.51,25,89.46,103,13.54,0
e1-50,binary,50,bot_13,2768,w,17,7.48,25,59.52,70,10.48,0
e1-50,binary,50,bot_13,2768,w,19,12.3,25,87.34,96,8.66,0
e1-50,binary,50,bot_13,2768,w,21,7,25,74.66,79,4.34,0
e1-50,binary,50,bot_13,2768,w,23,13.67,25,89.07,91,1.93,0
e1-50,binary,50,bot_13,2768,w,25,12.96,25,100.23,111,10.77,0
e1-50,binary,50,bot_13,2768,w,27,57.79,25,104.68,116,11.32,0
e1-50,binary,50,bot_13,2768,w,29,13.14,25,58.28,90,31.72,0
e1-50,binary,50,bot_13,2768,w,31,39.42,25,79.42,115,35.58,0
e1-50,binary,50,bot_13,2768,w,33,36.5,25,92.35,130,37.65,0
e1-50,binary,50,bot_13,2768,w,35,33.75,25,84.86,121,36.14,0
e1-50,binary,50,bot_13,2768,w,37,27.59,25,106.26,125,18.74,0
e1-50,binary,50,bot_13,2768,w,39,22.35,25,123,148,25,0
e1-50,binary,50,bot_13,2768,w,41,11.5,25,105.29,118,12.71,0
e1-50,binary,50,bot_13,2768,w,43,10.8,25,117.07,138,20.93,0
e1-50,binary,50,bot_13,2768,w,45,52.78,25,93.02,158,64.98,0
e1-50,binary,50,bot_13,2768,w,47,60.11,25,116.13,171,54.87,0
e1-50,binary,50,bot_13,2768,w,49,42.78,25,102.6,139,36.4,0
e1-50,binary,50,bot_13,2768,w,51,41.67,25,128.29,164,35.71,0
e1-50,binary,50,bot_13,2768,w,53,22.96,25,112.14,139,26.86,0
e1-50,binary,50,bot_13,2768,w,55,23.69,25,115.8,149,33.2,0
e1-50,binary,50,bot_13,2768,w,57,13.17,25,149.33,180,30.67,0
e1-50,binary,50,bot_13,2768,w,59,13.13,25,135.63,155,19.37,0
e1-50,binary,50,bot_14,2768,b,2,15.29,25,81.46,84,2.54,0
e1-50,binary,50,bot_14,2768,b,4,11.24,25,52.25,55,2.75,0
e1-50,binary,50,bot_14,2768,b,6,15.66,25,64.71,71,6.29,0
e1-50,binary,50,bot_14,2768,b,8,4.37,25,54.47,60,5.53,0
e1-50,binary,50,bot_14,2768,b,10,13.18,25,59.7,69,9.3,0
e1-50,binary,50,bot_14,2768,b,12,9.29,25,65.84,68,2.16,0
e1-50,binary,50,bot_14,2768,b,14,17.39,25,74.87,75,0.13,0
e1-50,binary,50,bot_14,2768,b,16,13.89,25,74.62,83,8.38,0
e1-50,binary,50,bot_14,2768,b,18,11.89,25,84.43,85,0.57,0
e1-50,binary,50,bot_14,2768,b,20,8.96,25,81.13,87,5.87,0
e1-50,binary,50,bot_14,2768,b,22,6.64,25,68.37,70,1.63,0
e1-50,binary,50,bot_14,2768,b,24,15.51,25,102.09,109,6.91,0
e1-50,binary,50,bot_14,2768,b,26,15.33,25,94.59,103,8.41,0
e1-50,binary,50,bot_14,2768,b,28,35.18,25,67.39,119,51.61,0
e1-50,binary,50,bot_14,2768,b,30,40.46,25,101.43,109,7.57,0
e1-50,binary,50,bot_14,2768,b,32,41.79,25,69.36,104,34.64,0
e1-50,binary,50,bot_14,2768,b,34,40.96,25,81.3,111,29.7,0
e1-50,binary,50,bot_14,2768,b,36,22.58,25,83.91,111,27.09,0
e1-50,binary,50,bot_14,2768,b,38,28.88,25,113.9,135,21.1,0
e1-50,binary,50,bot_14,2768,b,40,17.11,25,139.48,156,16.52,0
e1-50,binary,50,bot_14,2768,b,42,24.97,25,160.6,166,5.4,0
e1-50,binary,50,bot_14,2768,b,44,69.04,25,166.98,173,6.02,0
e1-50,binary,50,bot_14,2768,b,46,60.01,25,110.52,157,46.48,0
e1-50,binary,50,bot_14,2768,b,48,40.2,25,113.99,169,55.01,0
e1-50,binary,50,bot_14,2768,b,50,39.36,25,123.85,161,37.15,0
e1-50,binary,50,bot_14,2768,b,52,30.77,25,121.75,159,37.25,0
e1-50,binary,50,bot_14,2768,b,54,37.98,25,153.36,171,17.64,0
e1-50,binary,50,bot_14,2768,b,56,36.05,25,133.48,154,20.52,0
e1-50,binary,50,bot_14,2768,b,58,23.54,25,123.64,133,9.36,0
e1-50,binary,50,bot_14,2768,b,60,84.55,25,133.85,142,8.15,0
e1-50,binary,50,bot_15,2769,w,1,2.81,25,68.32,69,0.68,0
e1-50,binary,50,bot_15,2769,w,3,7.31,25,61.61,68,6.39,0
e1-50,binary,50,bot_15,2769,w,5,8.78,25,58.73,62,3.27,0
e1-50,binary,50,bot_15,2769,w,7,10.12,25,61.76,69,7.24,0
e1-50,binary,50,bot_15,2769,w,9,12.22,25,72.61,76,3.39,0
e1-50,binary,50,bot_15,2769,w,11,5.57,25,65.12,66,0.88,0
e1-50,binary,50,bot_15,2769,w,13,8.77,25,79.94,80,0.06,0
e1-50,binary,50,bot_15,2769,w,15,12.89,25,92.35,98,5.65,0
e1-50,binary,50,bot_15,2769,w,17,5.12,25,61.65,65,3.35,0
e1-50,binary,50,bot_15,2769,w,19,8.75,25,91.11,94,2.89,0
e1-50,binary,50,bot_15,2769,w,21,27.6,25,78.33,78,-0.33,0
e1-50,binary,50,bot_15,2769,w,23,11.71,25,82.62,84,1.38,0
e1-50,binary,50,bot_15,2769,w,25,9.29,25,104.01,109,4.99,0
e1-50,binary,50,bot_15,2769,w,27,44.06,25,76.98,122,45.02,0
e1-50,binary,50,bot_15,2769,w,29,8.35,25,62.85,89,26.15,0
e1-50,binary,50,bot_15,2769,w,31,37.69,25,80.79,110,29.21,0
e1-50,binary,50,bot_15,2769,w,33,33.03,25,95.75,125,29.25,0
e1-50,binary,50,bot_15,2769,w,35,31.07,25,87.67,118,30.33,0
e1-50,binary,50,bot_15,2769,w,37,26.08,25,107.8,120,12.2,0
e1-50,binary,50,bot_15,2769,w,39,17.66,25,127.31,142,14.69,0
e1-50,binary,50,bot_15,2769,w,41,9.04,25,107.75,114,6.25,0
e1-50,binary,50,bot_15,2769,w,43,62.24,25,69.99,139,69.01,0
e1-50,binary,50,bot_15,2769,w,45,48.73,25,96.66,144,47.34,0
e1-50,binary,50,bot_15,2769,w,47,55.67,25,120.44,168,47.56,0
e1-50,binary,50,bot_15,2769,w,49,41.47,25,104.01,134,29.99,0
e1-50,binary,50,bot_15,2769,w,51,37.7,25,131.53,164,32.47,0
e1-50,binary,50,bot_15,2769,w,53,18.57,25,116.54,136,19.46,0
e1-50,binary,50,bot_15,2769,w,55,20.57,25,118.92,146,27.08,0
e1-50,binary,50,bot_15,2769,w,57,9.86,25,152.29,176,23.71,0
e1-50,binary,50,bot_15,2769,w,59,9.79,25,139.19,152,12.81,0
e1-50,binary,50,bot_16,2769,b,2,13.32,25,78.47,78,-0.47,0
e1-50,binary,50,bot_16,2769,b,4,9.8,25,54.05,58,3.95,0
e1-50,binary,50,bot_16,2769,b,6,14.57,25,66.16,71,4.84,0
e1-50,binary,50,bot_16,2769,b,8,9.83,25,56.8,61,4.2,0
e1-50,binary,50,bot_16,2769,b,10,7.36,25,65.72,72,6.28,0
e1-50,binary,50,bot_16,2769,b,12,8.98,25,68.82,69,0.18,0
e1-50,binary,50,bot_16,2769,b,14,12.14,25,75.44,79,3.56,0
e1-50,binary,50,bot_16,2769,b,16,9.44,25,79.1,87,7.9,0
e1-50,binary,50,bot_16,2769,b,18,8.49,25,88.08,87,-1.08,0
e1-50,binary,50,bot_16,2769,b,20,5.84,25,84.17,89,4.83,0
e1-50,binary,50,bot_16,2769,b,22,7.36,25,51.92,75,23.08,0
e1-50,binary,50,bot_16,2769,b,24,11.84,25,105.75,113,7.25,0
e1-50,binary,50,bot_16,2769,b,26,51.43,25,100.29,105,4.71,0
e1-50,binary,50,bot_16,2769,b,28,31.65,25,70.89,110,39.11,0
e1-50,binary,50,bot_16,2769,b,30,36.88,25,105.48,110,4.52,0
e1-50,binary,50,bot_16,2769,b,32,35.72,25,75.88,108,32.12,0
e1-50,binary,50,bot_16,2769,b,34,35.81,25,86.22,114,27.78,0
e1-50,binary,50,bot_16,2769,b,36,18.06,25,88.65,114,25.35,0
e1-50,binary,50,bot_16,2769,b,38,20.92,25,122.35,143,20.65,0
e1-50,binary,50,bot_16,2769,b,40,12.84,25,143.79,157,13.21,0
e1-50,binary,50,bot_16,2769,b,42,74.13,25,169.9,174,4.1,0
e1-50,binary,50,bot_16,2769,b,44,53.21,25,120.47,177,56.53,0
e1-50,binary,50,bot_16,2769,b,46,54.18,25,116.6,161,44.4,0
e1-50,binary,50,bot_16,2769,b,48,36.1,25,118.08,170,51.92,0
e1-50,binary,50,bot_16,2769,b,50,37.14,25,126.48,163,36.52,0
e1-50,binary,50,bot_16,2769,b,52,24.56,25,128.03,162,33.97,0
e1-50,binary,50,bot_16,2769,b,54,32.49,25,159.16,173,13.84,0
e1-50,binary,50,bot_16,2769,b,56,29.77,25,139.91,157,17.09,0
e1-50,binary,50,bot_16,2769,b,58,18.15,25,129.37,136,6.63,0
e1-50,binary,50,bot_16,2769,b,60,83.04,25,133.91,140,6.09,0
e1-50,binary,50,bot_17,2770,w,1,2.96,25,53.43,53,-0.43,0
e1-50,binary,50,bot_17,2770,w,3,5.46,25,63.14,64,0.86,0
e1-50,binary,50,bot_17,2770,w,5,6.82,25,60.37,65,4.63,0
e1-50,binary,50,bot_17,2770,w,7,9.13,25,62.59,70,7.41,0
e1-50,binary,50,bot_17,2770,w,9,9.09,25,76.06,77,0.94,0
e1-50,binary,50,bot_17,2770,w,11,3.98,25,66.02,64,-2.02,0
e1-50,binary,50,bot_17,2770,w,13,3.44,25,82.07,79,-3.07,0
e1-50,binary,50,bot_17,2770,w,15,9.96,25,95.52,98,2.48,0
e1-50,binary,50,bot_17,2770,w,17,2.79,25,64.05,63,-1.05,0
e1-50,binary,50,bot_17,2770,w,19,38.57,25,95.8,94,-1.8,0
e1-50,binary,50,bot_17,2770,w,21,21.11,25,58.76,77,18.24,0
e1-50,binary,50,bot_17,2770,w,23,8.34,25,86.26,87,0.74,0
e1-50,binary,50,bot_17,2770,w,25,44.46,25,78.13,119,40.87,0
e1-50,binary,50,bot_17,2770,w,27,36.73,25,83.55,115,31.45,0
e1-50,binary,50,bot_17,2770,w,29,44.03,25,69.09,90,20.91,0
e1-50,binary,50,bot_17,2770,w,31,31.81,25,86.1,112,25.9,0
e1-50,binary,50,bot_17,2770,w,33,27.52,25,101.31,126,24.69,0
e1-50,binary,50,bot_17,2770,w,35,23.3,25,95.45,120,24.55,0
e1-50,binary,50,bot_17,2770,w,37,18.58,25,115.25,124,8.75,0
e1-50,binary,50,bot_17,2770,w,39,10.06,25,134.51,145,10.49,0
e1-50,binary,50,bot_17,2770,w,41,69.36,25,71.76,121,49.24,0
e1-50,binary,50,bot_17,2770,w,43,60.47,25,70.77,118,47.23,0
e1-50,binary,50,bot_17,2770,w,45,43.27,25,101.59,145,43.41,0
e1-50,binary,50,bot_17,2770,w,47,49.99,25,125.84,168,42.16,0
e1-50,binary,50,bot_17,2770,w,49,39.91,25,105.9,133,27.1,0
e1-50,binary,50,bot_17,2770,w,51,32.61,25,136.1,166,29.9,0
e1-50,binary,50,bot_17,2770,w,53,15.32,25,119.62,139,19.38,0
e1-50,binary,50,bot_17,2770,w,55,16.59,25,122.58,140,17.42,0
e1-50,binary,50,bot_17,2770,w,57,7.32,25,154.25,170,15.75,0
e1-50,binary,50,bot_17,2770,w,59,78.85,25,71.25,158,86.75,0
e1-50,binary,50,bot_18,2770,b,2,5.59,25,79.05,79,-0.05,0
e1-50,binary,50,bot_18,2770,b,4,8.09,25,55.52,58,2.48,0
e1-50,binary,50,bot_18,2770,b,6,13.59,25,67.3,73,5.7,0
e1-50,binary,50,bot_18,2770,b,8,6.16,25,60.52,66,5.48,0
e1-50,binary,50,bot_18,2770,b,10,4.21,25,70.62,74,3.38,0
e1-50,binary,50,bot_18,2770,b,12,2,25,75.91,74,-1.91,0
e1-50,binary,50,bot_18,2770,b,14,7.28,25,79.78,78,-1.78,0
e1-50,binary,50,bot_18,2770,b,16,5.15,25,83.22,90,6.78,0
e1-50,binary,50,bot_18,2770,b,18,4.28,25,92.44,91,-1.44,0
e1-50,binary,50,bot_18,2770,b,20,24.33,25,57.66,93,35.34,0
e1-50,binary,50,bot_18,2770,b,22,4.71,25,53.68,70,16.32,0
e1-50,binary,50,bot_18,2770,b,24,45.47,25,110.68,113,2.32,0
e1-50,binary,50,bot_18,2770,b,26,36.22,25,67.71,107,39.29,0
e1-50,binary,50,bot_18,2770,b,28,25.45,25,77.14,109,31.86,0
e1-50,binary,50,bot_18,2770,b,30,32,25,68.5,108,39.5,0
e1-50,binary,50,bot_18,2770,b,32,29.93,25,81.92,109,27.08,0
e1-50,binary,50,bot_18,2770,b,34,29.36,25,92.16,115,22.84,0
e1-50,binary,50,bot_18,2770,b,36,13.59,25,93.08,112,18.92,0
e1-50,binary,50,bot_18,2770,b,38,15.91,25,127.8,141,13.2,0
e1-50,binary,50,bot_18,2770,b,40,55.68,25,148.26,154,5.74,0
e1-50,binary,50,bot_18,2770,b,42,52.23,25,120.68,185,64.32,0
e1-50,binary,50,bot_18,2770,b,44,48.05,25,126.09,182,55.91,0
e1-50,binary,50,bot_18,2770,b,46,47.97,25,123.18,162,38.82,0
e1-50,binary,50,bot_18,2770,b,48,33.31,25,120.82,166,45.18,0
e1-50,binary,50,bot_18,2770,b,50,33.69,25,130,166,36,0
e1-50,binary,50,bot_18,2770,b,52,23.03,25,129.56,159,29.44,0
e1-50,binary,50,bot_18,2770,b,54,21.42,25,170.82,183,12.18,0
e1-50,binary,50,bot_18,2770,b,56,20.08,25,149.99,162,12.01,0
e1-50,binary,50,bot_18,2770,b,58,90.74,25,137.18,141,3.82,0
e1-50,binary,50,bot_18,2770,b,60,72.7,25,64.39,139,74.61,0
e1-50,binary,50,bot_19,2771,w,1,3.22,25,62.41,63,0.59,0
e1-50,binary,50,bot_19,2771,w,3,6.31,25,57.31,60,2.69,0
e1-50,binary,50,bot_19,2771,w,5,10.6,25,70.36,75,4.64,0
e1-50,binary,50,bot_19,2771,w,7,4.15,25,62.6,67,4.4,0
e1-50,binary,50,bot_19,2771,w,9,18.66,25,55.38,97,41.62,0
e1-50,binary,50,bot_19,2771,w,11,15.83,25,60.43,74,13.57,0
e1-50,binary,50,bot_19,2771,w,13,12.52,25,66.5,87,20.5,0
e1-50,binary,50,bot_19,2771,w,15,18.36,25,69.62,86,16.38,0
e1-50,binary,50,bot_19,2771,w,17,22.66,25,60.28,77,16.72,0
e1-50,binary,50,bot_19,2771,w,19,12.93,25,67.79,82,14.21,0
e1-50,binary,50,bot_19,2771,w,21,10.14,25,64.64,74,9.36,0
e1-50,binary,50,bot_19,2771,w,23,26,25,108.33,113,4.67,0
e1-50,binary,50,bot_19,2771,w,25,22.85,25,78.32,106,27.68,0
e1-50,binary,50,bot_19,2771,w,27,11.07,25,91.48,105,13.52,0
e1-50,binary,50,bot_19,2771,w,29,15.64,25,85.92,108,22.08,0
e1-50,binary,50,bot_19,2771,w,31,11.05,25,101.76,109,7.24,0
e1-50,binary,50,bot_19,2771,w,33,42.31,25,76.07,128,51.93,0
e1-50,binary,50,bot_19,2771,w,35,48.34,25,63.75,105,41.25,0
e1-50,binary,50,bot_19,2771,w,37,47.78,25,99.28,142,42.72,0
e1-50,binary,50,bot_19,2771,w,39,31.42,25,106.19,151,44.81,0
e1-50,binary,50,bot_19,2771,w,41,36.94,25,134.75,180,45.25,0
e1-50,binary,50,bot_19,2771,w,43,35.77,25,139.02,168,28.98,0
e1-50,binary,50,bot_19,2771,w,45,28.68,25,143.18,162,18.82,0
e1-50,binary,50,bot_19,2771,w,47,14.13,25,139.42,161,21.58,0
e1-50,binary,50,bot_19,2771,w,49,13.34,25,150.75,163,12.25,0
e1-50,binary,50,bot_19,2771,w,51,79.22,25,147.1,152,4.9,0
e1-50,binary,50,bot_19,2771,w,53,76.71,25,83.19,189,105.81,0
e1-50,binary,50,bot_19,2771,w,55,78.68,25,105.58,167,61.42,0
e1-50,binary,50,bot_19,2771,w,57,57.56,25,111.02,158,46.98,0
e1-50,binary,50,bot_19,2771,w,59,50.29,25,86.58,142,55.42,0
e1-50,binary,50,bot_20,2771,b,2,4.06,25,64.58,66,1.42,0
e1-50,binary,50,bot_20,2771,b,4,5.94,25,61.21,65,3.79,0
e1-50,binary,50,bot_20,2771,b,6,7.47,25,63.83,70,6.17,0
e1-50,binary,50,bot_20,2771,b,8,46.35,25,79.02,79,-0.02,0
e1-50,binary,50,bot_20,2771,b,10,16.97,25,59.9,74,14.1,0
e1-50,binary,50,bot_20,2771,b,12,26.02,25,61.76,74,12.24,0
e1-50,binary,50,bot_20,2771,b,14,19.81,25,70.06,78,7.94,0
e1-50,binary,50,bot_20,2771,b,16,21.28,25,66.84,82,15.16,0
e1-50,binary,50,bot_20,2771,b,18,18.78,25,87.31,106,18.69,0
e1-50,binary,50,bot_20,2771,b,20,13.14,25,68.18,77,8.82,0
e1-50,binary,50,bot_20,2771,b,22,9.33,25,91.52,98,6.48,0
e1-50,binary,50,bot_20,2771,b,24,31.77,25,94.22,116,21.78,0
e1-50,binary,50,bot_20,2771,b,26,17.61,25,102.1,121,18.9,0
e1-50,binary,50,bot_20,2771,b,28,25.82,25,87.07,95,7.93,0
e1-50,binary,50,bot_20,2771,b,30,10.48,25,106.53,117,10.47,0
e1-50,binary,50,bot_20,2771,b,32,55.63,25,119.31,128,8.69,0
e1-50,binary,50,bot_20,2771,b,34,45.24,25,79.12,118,38.88,0
e1-50,binary,50,bot_20,2771,b,36,46.35,25,92.36,137,44.64,0
e1-50,binary,50,bot_20,2771,b,38,50.06,25,98.09,143,44.91,0
e1-50,binary,50,bot_20,2771,b,40,50.88,25,91.04,120,28.96,0
e1-50,binary,50,bot_20,2771,b,42,33.81,25,97.68,131,33.32,0
e1-50,binary,50,bot_20,2771,b,44,23.06,25,121.04,152,30.96,0
e1-50,binary,50,bot_20,2771,b,46,26.38,25,148.92,174,25.08,0
e1-50,binary,50,bot_20,2771,b,48,17.79,25,129.49,140,10.51,0
e1-50,binary,50,bot_20,2771,b,50,9.59,25,157.38,166,8.62,0
e1-50,binary,50,bot_20,2771,b,52,110.13,25,66.55,142,75.45,0
e1-50,binary,50,bot_20,2771,b,54,66.23,25,68.7,142,73.3,0
e1-50,binary,50,bot_20,2771,b,56,50.72,25,77.38,152,74.62,0
e1-50,binary,50,bot_20,2771,b,58,60.07,25,90.01,142,51.99,0
e1-50,binary,50,bot_20,2771,b,60,10.4,25,77.75,124,46.25,0
e1-50,binary,50,bot_21,2772,w,1,2.74,25,62.13,57,-5.13,0
e1-50,binary,50,bot_21,2772,w,3,6.4,25,61.57,60,-1.57,0
e1-50,binary,50,bot_21,2772,w,5,6.17,25,65.36,65,-0.36,0
e1-50,binary,50,bot_21,2772,w,7,37.53,25,66.23,82,15.77,0
e1-50,binary,50,bot_21,2772,w,9,15.61,25,61.08,69,7.92,0
e1-50,binary,50,bot_21,2772,w,11,22.44,25,65.46,72,6.54,0
e1-50,binary,50,bot_21,2772,w,13,18.32,25,71.47,75,3.53,0
e1-50,binary,50,bot_21,2772,w,15,18.25,25,69.81,79,9.19,0
e1-50,binary,50,bot_21,2772,w,17,15.25,25,90.89,102,11.11,0
e1-50,binary,50,bot_21,2772,w,19,10.63,25,70.85,74,3.15,0
e1-50,binary,50,bot_21,2772,w,21,7.05,25,93.97,95,1.03,0
e1-50,binary,50,bot_21,2772,w,23,29.94,25,96.52,112,15.48,0
e1-50,binary,50,bot_21,2772,w,25,14.59,25,105.03,117,11.97,0
e1-50,binary,50,bot_21,2772,w,27,22.43,25,90.49,94,3.51,0
e1-50,binary,50,bot_21,2772,w,29,8.56,25,108.36,114,5.64,0
e1-50,binary,50,bot_21,2772,w,31,43.3,25,74.59,132,57.41,0
e1-50,binary,50,bot_21,2772,w,33,43.78,25,80.61,114,33.39,0
e1-50,binary,50,bot_21,2772,w,35,43.73,25,94.98,134,39.02,0
e1-50,binary,50,bot_21,2772,w,37,47.59,25,100.63,139,38.37,0
e1-50,binary,50,bot_21,2772,w,39,48.27,25,93.72,114,20.28,0
e1-50,binary,50,bot_21,2772,w,41,30.76,25,100.72,128,27.28,0
e1-50,binary,50,bot_21,2772,w,43,20.4,25,123.63,148,24.37,0
e1-50,binary,50,bot_21,2772,w,45,20.91,25,154.34,173,18.66,0
e1-50,binary,50,bot_21,2772,w,47,12.06,25,135.29,139,3.71,0
e1-50,binary,50,bot_21,2772,w,49,81.17,25,161.41,166,4.59,0
e1-50,binary,50,bot_21,2772,w,51,106.85,25,69.9,134,64.1,0
e1-50,binary,50,bot_21,2772,w,53,63.86,25,71.08,138,66.92,0
e1-50,binary,50,bot_21,2772,w,55,47.38,25,80.64,148,67.36,0
e1-50,binary,50,bot_21,2772,w,57,52.86,25,97.4,145,47.6,0
e1-50,binary,50,bot_21,2772,w,59,49.88,25,82.61,122,39.39,0
e1-50,binary,50,bot_22,2772,b,2,6.06,25,59.1,63,3.9,0
e1-50,binary,50,bot_22,2772,b,4,8.29,25,70.64,76,5.36,0
e1-50,binary,50,bot_22,2772,b,6,24.06,25,64.51,68,3.49,0
e1-50,binary,50,bot_22,2772,b,8,17.07,25,56.98,90,33.02,0
e1-50,binary,50,bot_22,2772,b,10,14.78,25,61.81,74,12.19,0
e1-50,binary,50,bot_22,2772,b,12,11.71,25,67.06,85,17.94,0
e1-50,binary,50,bot_22,2772,b,14,16.74,25,71.39,86,14.61,0
e1-50,binary,50,bot_22,2772,b,16,20.52,25,62.56,76,13.44,0
e1-50,binary,50,bot_22,2772,b,18,11.68,25,68.58,80,11.42,0
e1-50,binary,50,bot_22,2772,b,20,9.93,25,64.37,72,7.63,0
e1-50,binary,50,bot_22,2772,b,22,24.05,25,109.96,113,3.04,0
e1-50,binary,50,bot_22,2772,b,24,21.11,25,78.94,106,27.06,0
e1-50,binary,50,bot_22,2772,b,26,10.07,25,92.38,103,10.62,0
e1-50,binary,50,bot_22,2772,b,28,13.61,25,88.1,106,17.9,0
e1-50,binary,50,bot_22,2772,b,30,66.95,25,103.4,108,4.6,0
e1-50,binary,50,bot_22,2772,b,32,40.97,25,77.15,117,39.85,0
e1-50,binary,50,bot_22,2772,b,34,48.5,25,63.48,104,40.52,0
e1-50,binary,50,bot_22,2772,b,36,45.98,25,100.82,141,40.18,0
e1-50,binary,50,bot_22,2772,b,38,28.31,25,108.97,153,44.03,0
e1-50,binary,50,bot_22,2772,b,40,34.8,25,136.62,181,44.38,0
e1-50,binary,50,bot_22,2772,b,42,32.57,25,142.43,169,26.57,0
e1-50,binary,50,bot_22,2772,b,44,25.7,25,146.43,164,17.57,0
e1-50,binary,50,bot_22,2772,b,46,10.95,25,142.44,159,16.56,0
e1-50,binary,50,bot_22,2772,b,48,10.87,25,153.32,160,6.68,0
e1-50,binary,50,bot_22,2772,b,50,71,25,79.44,157,77.56,0
e1-50,binary,50,bot_22,2772,b,52,73.69,25,85.83,189,103.17,0
e1-50,binary,50,bot_22,2772,b,54,74.93,25,109.48,170,60.52,0
e1-50,binary,50,bot_22,2772,b,56,55.09,25,113.38,157,43.62,0
e1-50,binary,50,bot_22,2772,b,58,46.57,25,89.81,139,49.19,0
e1-50,binary,50,bot_22,2772,b,60,41.6,25,92.37,139,46.63,0
e1-50,binary,50,bot_23,2773,w,1,4.79,25,59.65,60,0.35,0
e1-50,binary,50,bot_23,2773,w,3,5.69,25,71.29,72,0.71,0
e1-50,binary,50,bot_23,2773,w,5,20.07,25,55.7,69,13.3,0
e1-50,binary,50,bot_23,2773,w,7,16.24,25,57.81,89,31.19,0
e1-50,binary,50,bot_23,2773,w,9,13.73,25,62.89,73,10.11,0
e1-50,binary,50,bot_23,2773,w,11,10.11,25,68.63,84,15.37,0
e1-50,binary,50,bot_23,2773,w,13,13.7,25,74.5,86,11.5,0
e1-50,binary,50,bot_23,2773,w,15,16.98,25,66.18,76,9.82,0
e1-50,binary,50,bot_23,2773,w,17,9.17,25,71.25,80,8.75,0
e1-50,binary,50,bot_23,2773,w,19,5.34,25,69.19,74,4.81,0
e1-50,binary,50,bot_23,2773,w,21,19.48,25,75.63,116,40.37,0
e1-50,binary,50,bot_23,2773,w,23,17.4,25,82.9,108,25.1,0
e1-50,binary,50,bot_23,2773,w,25,8.11,25,94.31,102,7.69,0
e1-50,binary,50,bot_23,2773,w,27,10.61,25,91.18,105,13.82,0
e1-50,binary,50,bot_23,2773,w,29,54.12,25,71.56,120,48.44,0
e1-50,binary,50,bot_23,2773,w,31,38.82,25,79.25,115,35.75,0
e1-50,binary,50,bot_23,2773,w,33,46.3,25,65.62,103,37.38,0
e1-50,binary,50,bot_23,2773,w,35,42.85,25,103.82,140,36.18,0
e1-50,binary,50,bot_23,2773,w,37,24.4,25,112.79,155,42.21,0
e1-50,binary,50,bot_23,2773,w,39,31.55,25,139.75,178,38.25,0
e1-50,binary,50,bot_23,2773,w,41,29.26,25,145.99,169,23.01,0
e1-50,binary,50,bot_23,2773,w,43,22.39,25,149.81,164,14.19,0
e1-50,binary,50,bot_23,2773,w,45,9.15,25,144.23,158,13.77,0
e1-50,binary,50,bot_23,2773,w,47,102.99,25,154.69,160,5.31,0
e1-50,binary,50,bot_23,2773,w,49,68.73,25,81.7,153,71.3,0
e1-50,binary,50,bot_23,2773,w,51,71.67,25,87.75,187,99.25,0
e1-50,binary,50,bot_23,2773,w,53,71.79,25,112.68,171,58.32,0
e1-50,binary,50,bot_23,2773,w,55,53.16,25,115.3,158,42.7,0
e1-50,binary,50,bot_23,2773,w,57,42.92,25,93.36,141,47.64,0
e1-50,binary,50,bot_23,2773,w,59,39.09,25,94.91,134,39.09,0
e1-50,binary,50,bot_24,2773,b,2,2.97,25,66.93,67,0.07,0
e1-50,binary,50,bot_24,2773,b,4,17.88,25,66.58,64,-2.58,0
e1-50,binary,50,bot_24,2773,b,6,35.82,25,67.64,81,13.36,0
e1-50,binary,50,bot_24,2773,b,8,13.75,25,62.71,72,9.29,0
e1-50,binary,50,bot_24,2773,b,10,19.18,25,69.12,75,5.88,0
e1-50,binary,50,bot_24,2773,b,12,16.55,25,72.99,77,4.01,0
e1-50,binary,50,bot_24,2773,b,14,14.97,25,72.94,80,7.06,0
e1-50,binary,50,bot_24,2773,b,16,12.92,25,93.28,103,9.72,0
e1-50,binary,50,bot_24,2773,b,18,9.2,25,72.28,74,1.72,0
e1-50,binary,50,bot_24,2773,b,20,44.28,25,95.71,94,-1.71,0
e1-50,binary,50,bot_24,2773,b,22,28.44,25,98.46,111,12.54,0
e1-50,binary,50,bot_24,2773,b,24,11.08,25,107.81,118,10.19,0
e1-50,binary,50,bot_24,2773,b,26,18,25,94.97,97,2.03,0
e1-50,binary,50,bot_24,2773,b,28,51.25,25,110.74,113,2.26,0
e1-50,binary,50,bot_24,2773,b,30,39.42,25,77.9,124,46.1,0
e1-50,binary,50,bot_24,2773,b,32,41.92,25,82.8,115,32.2,0
e1-50,binary,50,bot_24,2773,b,34,41.03,25,97.82,137,39.18,0
e1-50,binary,50,bot_24,2773,b,36,47.52,25,100.88,137,36.12,0
e1-50,binary,50,bot_24,2773,b,38,43.42,25,99,116,17,0
e1-50,binary,50,bot_24,2773,b,40,27.24,25,104.22,130,25.78,0
e1-50,binary,50,bot_24,2773,b,42,18.47,25,125.16,147,21.84,0
e1-50,binary,50,bot_24,2773,b,44,17.44,25,157.52,172,14.48,0
e1-50,binary,50,bot_24,2773,b,46,10.15,25,138,142,4,0
e1-50,binary,50,bot_24,2773,b,48,76.13,25,72.34,170,97.66,0
e1-50,binary,50,bot_24,2773,b,50,103.48,25,73.51,136,62.49,0
e1-50,binary,50,bot_24,2773,b,52,61.87,25,73.16,139,65.84,0
e1-50,binary,50,bot_24,2773,b,54,45.84,25,81.98,147,65.02,0
e1-50,binary,50,bot_24,2773,b,56,51.14,25,99.48,145,45.52,0
e1-50,binary,50,bot_24,2773,b,58,43.71,25,89.34,125,35.66,0
e1-50,binary,50,bot_24,2773,b,60,37.5,25,101.88,134,32.12,0
e1-50,binary,50,bot_25,2774,w,1,15.05,25,62.14,65,2.86,0
e1-50,binary,50,bot_25,2774,w,3,17.08,25,67.37,85,17.63,0
e1-50,binary,50,bot_25,2774,w,5,31.91,25,71.54,84,12.46,0
e1-50,binary,50,bot_25,2774,w,7,12.24,25,64.24,75,10.76,0
e1-50,binary,50,bot_25,2774,w,9,15.82,25,72.44,81,8.56,0
e1-50,binary,50,bot_25,2774,w,11,13.14,25,76.42,82,5.58,0
e1-50,binary,50,bot_25,2774,w,13,14.46,25,73.32,81,7.68,0
e1-50,binary,50,bot_25,2774,w,15,11.77,25,94.36,101,6.64,0
e1-50,binary,50,bot_25,2774,w,17,8.15,25,73.34,75,1.66,0
e1-50,binary,50,bot_25,2774,w,19,39.5,25,67.05,100,32.95,0
e1-50,binary,50,bot_25,2774,w,21,26.06,25,101.26,113,11.74,0
e1-50,binary,50,bot_25,2774,w,23,7.74,25,110.96,121,10.04,0
e1-50,binary,50,bot_25,2774,w,25,13.41,25,98.73,102,3.27,0
e1-50,binary,50,bot_25,2774,w,27,43.28,25,64.9,111,46.1,0
e1-50,binary,50,bot_25,2774,w,29,35.27,25,82.12,128,45.88,0
e1-50,binary,50,bot_25,2774,w,31,37.31,25,87.35,119,31.65,0
e1-50,binary,50,bot_25,2774,w,33,36.46,25,102.4,140,37.6,0
e1-50,binary,50,bot_25,2774,w,35,41.26,25,107.45,141,33.55,0
e1-50,binary,50,bot_25,2774,w,37,36.75,25,105.99,123,17.01,0
e1-50,binary,50,bot_25,2774,w,39,20.41,25,111.04,134,22.96,0
e1-50,binary,50,bot_25,2774,w,41,13.82,25,129.56,149,19.44,0
e1-50,binary,50,bot_25,2774,w,43,10.2,25,164.89,177,12.11,0
e1-50,binary,50,bot_25,2774,w,45,95.84,25,69.18,154,84.82,0
e1-50,binary,50,bot_25,2774,w,47,38.46,25,113.21,149,35.79,0
e1-50,binary,50,bot_25,2774,w,49,38.79,25,138.52,156,17.48,0
e1-50,binary,50,bot_25,2774,w,51,71.68,25,138.13,153,14.88,0
e1-50,binary,50,bot_25,2774,w,53,63.93,25,80.55,121,40.45,0
e1-50,binary,50,bot_25,2774,w,55,38.21,25,106.22,147,40.78,0
e1-50,binary,50,bot_25,2774,w,57,50.56,25,121.54,149,27.46,0
e1-50,binary,50,bot_25,2774,w,59,37.39,25,70.7,128,57.3,0
e1-50,binary,50,bot_26,2774,b,2,22.18,25,62.02,73,10.98,0
e1-50,binary,50,bot_26,2774,b,4,18.42,25,57.38,67,9.62,0
e1-50,binary,50,bot_26,2774,b,6,15.48,25,58.52,81,22.48,0
e1-50,binary,50,bot_26,2774,b,8,12.66,25,64,70,6,0
e1-50,binary,50,bot_26,2774,b,10,9.2,25,69.35,77,7.65,0
e1-50,binary,50,bot_26,2774,b,12,11.88,25,76.63,81,4.37,0
e1-50,binary,50,bot_26,2774,b,14,12.15,25,71.3,77,5.7,0
e1-50,binary,50,bot_26,2774,b,16,6.78,25,73.57,78,4.43,0
e1-50,binary,50,bot_26,2774,b,18,37.08,25,71.33,72,0.67,0
e1-50,binary,50,bot_26,2774,b,20,16.58,25,78.5,110,31.5,0
e1-50,binary,50,bot_26,2774,b,22,14.54,25,84.8,103,18.2,0
e1-50,binary,50,bot_26,2774,b,24,6.78,25,96.39,96,-0.39,0
e1-50,binary,50,bot_26,2774,b,26,51.39,25,105,112,7,0
e1-50,binary,50,bot_26,2774,b,28,50.6,25,74.65,111,36.35,0
e1-50,binary,50,bot_26,2774,b,30,35.55,25,82.27,110,27.73,0
e1-50,binary,50,bot_26,2774,b,32,41.1,25,71.31,101,29.69,0
e1-50,binary,50,bot_26,2774,b,34,37.9,25,108.27,137,28.73,0
e1-50,binary,50,bot_26,2774,b,36,20.85,25,115.95,150,34.05,0
e1-50,binary,50,bot_26,2774,b,38,26.58,25,144.07,173,28.93,0
e1-50,binary,50,bot_26,2774,b,40,23.81,25,151.93,164,12.07,0
e1-50,binary,50,bot_26,2774,b,42,17.05,25,155.52,162,6.48,0
e1-50,binary,50,bot_26,2774,b,44,89.53,25,147.37,149,1.63,0
e1-50,binary,50,bot_26,2774,b,46,39.19,25,124.25,213,88.75,0
e1-50,binary,50,bot_26,2774,b,48,21.8,25,123.32,154,30.68,0
e1-50,binary,50,bot_26,2774,b,50,19.42,25,139.93,173,33.07,0
e1-50,binary,50,bot_26,2774,b,52,44.42,25,120.83,186,65.17,0
e1-50,binary,50,bot_26,2774,b,54,44.48,25,105.05,163,57.95,0
e1-50,binary,50,bot_26,2774,b,56,32.43,25,97.11,128,30.89,0
e1-50,binary,50,bot_26,2774,b,58,61.39,25,81.86,125,43.14,0
e1-50,binary,50,bot_26,2774,b,60,27.07,25,77.24,108,30.76,0
e1-50,binary,50,bot_27,2775,w,1,1.89,25,53.76,59,5.24,0
e1-50,binary,50,bot_27,2775,w,3,4.86,25,66.55,64,-2.55,0
e1-50,binary,50,bot_27,2775,w,5,7.14,25,90.97,91,0.03,0
e1-50,binary,50,bot_27,2775,w,7,18.59,25,66.85,71,4.15,0
e1-50,binary,50,bot_27,2775,w,9,27.12,25,65.04,82,16.96,0
e1-50,binary,50,bot_27,2775,w,11,10.88,25,61.94,85,23.06,0
e1-50,binary,50,bot_27,2775,w,13,18.35,25,80.42,80,-0.42,0
e1-50,binary,50,bot_27,2775,w,15,13.85,25,84.91,96,11.09,0
e1-50,binary,50,bot_27,2775,w,17,23.48,25,66.87,73,6.13,0
e1-50,binary,50,bot_27,2775,w,19,34.5,25,83.23,105,21.77,0
e1-50,binary,50,bot_27,2775,w,21,28.29,25,81.75,108,26.25,0
e1-50,binary,50,bot_27,2775,w,23,21.39,25,93.24,116,22.76,0
e1-50,binary,50,bot_27,2775,w,25,16.7,25,101.93,109,7.07,0
e1-50,binary,50,bot_27,2775,w,27,14.29,25,93.21,103,9.79,0
e1-50,binary,50,bot_27,2775,w,29,67.95,25,108.35,116,7.65,0
e1-50,binary,50,bot_27,2775,w,31,41.06,25,66.12,119,52.88,0
e1-50,binary,50,bot_27,2775,w,33,49.15,25,94.59,136,41.41,0
e1-50,binary,50,bot_27,2775,w,35,43.2,25,113.31,156,42.69,0
e1-50,binary,50,bot_27,2775,w,37,54.92,25,128.93,152,23.07,0
e1-50,binary,50,bot_27,2775,w,39,47.5,25,131.54,154,22.46,0
e1-50,binary,50,bot_27,2775,w,41,30.19,25,129.94,157,27.06,0
e1-50,binary,50,bot_27,2775,w,43,27.31,25,141.2,165,23.8,0
e1-50,binary,50,bot_27,2775,w,45,21.18,25,138.44,155,16.56,0
e1-50,binary,50,bot_27,2775,w,47,71.97,25,138.33,147,8.67,0
e1-50,binary,50,bot_27,2775,w,49,57.38,25,131.09,174,42.91,0
e1-50,binary,50,bot_27,2775,w,51,54,25,115.56,147,31.44,0
e1-50,binary,50,bot_27,2775,w,53,44.09,25,101.85,121,19.15,0
e1-50,binary,50,bot_27,2775,w,55,27.57,25,115.21,138,22.79,0
e1-50,binary,50,bot_27,2775,w,57,40.48,25,130.83,149,18.17,0
e1-50,binary,50,bot_27,2775,w,59,30.31,25,77.93,115,37.07,0
e1-50,binary,50,bot_28,2775,b,2,1.78,25,57.75,53,-4.75,0
e1-50,binary,50,bot_28,2775,b,4,4.22,25,76.02,73,-3.02,0
e1-50,binary,50,bot_28,2775,b,6,9.43,25,75.33,76,0.67,0
e1-50,binary,50,bot_28,2775,b,8,21,25,63.82,75,11.18,0
e1-50,binary,50,bot_28,2775,b,10,28.56,25,75.55,97,21.45,0
e1-50,binary,50,bot_28,2775,b,12,5.62,25,61.16,65,3.84,0
e1-50,binary,50,bot_28,2775,b,14,15.55,25,75.82,86,10.18,0
e1-50,binary,50,bot_28,2775,b,16,10.38,25,68.68,76,7.32,0
e1-50,binary,50,bot_28,2775,b,18,27.16,25,76.7,92,15.3,0
e1-50,binary,50,bot_28,2775,b,20,30.51,25,82.77,111,28.23,0
e1-50,binary,50,bot_28,2775,b,22,27.54,25,87.23,108,20.77,0
e1-50,binary,50,bot_28,2775,b,24,10.94,25,74.84,89,14.16,0
e1-50,binary,50,bot_28,2775,b,26,14.68,25,101.63,112,10.37,0
e1-50,binary,50,bot_28,2775,b,28,11.74,25,113.12,121,7.88,0
e1-50,binary,50,bot_28,2775,b,30,56.96,25,62.34,123,60.66,0
e1-50,binary,50,bot_28,2775,b,32,45.54,25,85.99,120,34.01,0
e1-50,binary,50,bot_28,2775,b,34,46.59,25,100.32,144,43.68,0
e1-50,binary,50,bot_28,2775,b,36,27.5,25,88.64,126,37.36,0
e1-50,binary,50,bot_28,2775,b,38,25.89,25,103.69,153,49.31,0
e1-50,binary,50,bot_28,2775,b,40,32.33,25,113.2,153,39.8,0
e1-50,binary,50,bot_28,2775,b,42,28,25,148.83,173,24.17,0
e1-50,binary,50,bot_28,2775,b,44,20.82,25,130.31,152,21.69,0
e1-50,binary,50,bot_28,2775,b,46,12.51,25,150.87,165,14.13,0
e1-50,binary,50,bot_28,2775,b,48,46.6,25,89.17,155,65.83,0
e1-50,binary,50,bot_28,2775,b,50,34.73,25,106.48,157,50.52,0
e1-50,binary,50,bot_28,2775,b,52,24.12,25,139.59,187,47.41,0
e1-50,binary,50,bot_28,2775,b,54,26.8,25,122.04,159,36.96,0
e1-50,binary,50,bot_28,2775,b,56,22.14,25,108.54,129,20.46,0
e1-50,binary,50,bot_28,2775,b,58,41.79,25,101.76,136,34.24,0
e1-50,binary,50,bot_28,2775,b,60,11.68,25,92.58,116,23.42,0
e1-50,binary,50,bot_29,2776,w,1,3.82,25,51.94,54,2.06,0
e1-50,binary,50,bot_29,2776,w,3,10.39,25,65.63,70,4.37,0
e1-50,binary,50,bot_29,2776,w,5,10.22,25,63.78,79,15.22,0
e1-50,binary,50,bot_29,2776,w,7,6.52,25,70.55,72,1.45,0
e1-50,binary,50,bot_29,2776,w,9,39.71,25,64,98,34,0
e1-50,binary,50,bot_29,2776,w,11,6.15,25,51.64,68,16.36,0
e1-50,binary,50,bot_29,2776,w,13,33.15,25,58.09,83,24.91,0
e1-50,binary,50,bot_29,2776,w,15,19.11,25,59.28,79,19.72,0
e1-50,binary,50,bot_29,2776,w,17,13.79,25,76.95,82,5.05,0
e1-50,binary,50,bot_29,2776,w,19,16.81,25,103.95,114,10.05,0
e1-50,binary,50,bot_29,2776,w,21,44.6,25,70.16,100,29.84,0
e1-50,binary,50,bot_29,2776,w,23,20.91,25,64.67,94,29.33,0
e1-50,binary,50,bot_29,2776,w,25,28.31,25,86.83,111,24.17,0
e1-50,binary,50,bot_29,2776,w,27,26.57,25,98.47,121,22.53,0
e1-50,binary,50,bot_29,2776,w,29,15.58,25,100.78,113,12.22,0
e1-50,binary,50,bot_29,2776,w,31,15.02,25,99.25,110,10.75,0
e1-50,binary,50,bot_29,2776,w,33,67.56,25,81.91,152,70.09,0
e1-50,binary,50,bot_29,2776,w,35,44.32,25,71.81,135,63.19,0
e1-50,binary,50,bot_29,2776,w,37,42.96,25,87.77,155,67.23,0
e1-50,binary,50,bot_29,2776,w,39,47.51,25,96.81,165,68.19,0
e1-50,binary,50,bot_29,2776,w,41,57.3,25,118.15,169,50.85,0
e1-50,binary,50,bot_29,2776,w,43,44.76,25,107.22,143,35.78,0
e1-50,binary,50,bot_29,2776,w,45,29.62,25,133.62,175,41.38,0
e1-50,binary,50,bot_29,2776,w,47,13.62,25,130.66,149,18.34,0
e1-50,binary,50,bot_29,2776,w,49,11.92,25,147.26,163,15.74,0
e1-50,binary,50,bot_29,2776,w,51,36.71,25,127.65,188,60.35,0
e1-50,binary,50,bot_29,2776,w,53,36.87,25,113.07,159,45.93,0
e1-50,binary,50,bot_29,2776,w,55,26.74,25,103.1,131,27.9,0
e1-50,binary,50,bot_29,2776,w,57,51.36,25,92.03,132,39.97,0
e1-50,binary,50,bot_29,2776,w,59,18.87,25,85.48,114,28.52,0
e1-50,binary,50,bot_30,2776,b,2,8.61,25,65.92,64,-1.92,0
e1-50,binary,50,bot_30,2776,b,4,19.54,25,83.54,88,4.46,0
e1-50,binary,50,bot_30,2776,b,6,6.27,25,69.71,74,4.29,0
e1-50,binary,50,bot_30,2776,b,8,36.51,25,83.2,84,0.8,0
e1-50,binary,50,bot_30,2776,b,10,20.79,25,51.97,85,33.03,0
e1-50,binary,50,bot_30,2776,b,12,28.44,25,79.5,80,0.5,0
e1-50,binary,50,bot_30,2776,b,14,23.71,25,74.89,102,27.11,0
e1-50,binary,50,bot_30,2776,b,16,9.52,25,62.94,76,13.06,0
e1-50,binary,50,bot_30,2776,b,18,14.1,25,92.82,101,8.18,0
e1-50,binary,50,bot_30,2776,b,20,34.48,25,109.46,121,11.54,0
e1-50,binary,50,bot_30,2776,b,22,34.22,25,81.35,120,38.65,0
e1-50,binary,50,bot_30,2776,b,24,28.5,25,89.62,106,16.38,0
e1-50,binary,50,bot_30,2776,b,26,25.83,25,82.65,106,23.35,0
e1-50,binary,50,bot_30,2776,b,28,16.45,25,101.24,122,20.76,0
e1-50,binary,50,bot_30,2776,b,30,13.91,25,110.43,120,9.57,0
e1-50,binary,50,bot_30,2776,b,32,74.88,25,128.37,138,9.63,0
e1-50,binary,50,bot_30,2776,b,34,67.21,25,89.43,150,60.57,0
e1-50,binary,50,bot_30,2776,b,36,71.58,25,110.77,150,39.23,0
e1-50,binary,50,bot_30,2776,b,38,72.58,25,105.96,144,38.04,0
e1-50,binary,50,bot_30,2776,b,40,56.53,25,105.4,148,42.6,0
e1-50,binary,50,bot_30,2776,b,42,40.8,25,127.42,180,52.58,0
e1-50,binary,50,bot_30,2776,b,44,45.26,25,116.25,156,39.75,0
e1-50,binary,50,bot_30,2776,b,46,23.45,25,129.42,154,24.58,0
e1-50,binary,50,bot_30,2776,b,48,20,25,157.56,165,7.44,0
e1-50,binary,50,bot_30,2776,b,50,64.78,25,146.19,152,5.81,0
e1-50,binary,50,bot_30,2776,b,52,50.89,25,94.56,126,31.44,0
e1-50,binary,50,bot_30,2776,b,54,32.29,25,110.57,142,31.43,0
e1-50,binary,50,bot_30,2776,b,56,44.96,25,126.66,147,20.34,0
e1-50,binary,50,bot_30,2776,b,58,32.49,25,75.61,122,46.39,0
e1-50,binary,50,bot_30,2776,b,60,14.79,25,123.5,135,11.5,0
e1-50,binary,50,bot_31,2777,w,1,9.84,25,64.63,65,0.37,0
e1-50,binary,50,bot_31,2777,w,3,21.52,25,81.61,88,6.39,0
e1-50,binary,50,bot_31,2777,w,5,6.85,25,69.41,75,5.59,0
e1-50,binary,50,bot_31,2777,w,7,6.39,25,81.91,86,4.09,0
e1-50,binary,50,bot_31,2777,w,9,4.56,25,85.17,84,-1.17,0
e1-50,binary,50,bot_31,2777,w,11,7.72,25,79.68,81,1.32,0
e1-50,binary,50,bot_31,2777,w,13,27.08,25,72.21,109,36.79,0
e1-50,binary,50,bot_31,2777,w,15,13.01,25,81.77,80,-1.77,0
e1-50,binary,50,bot_31,2777,w,17,21.18,25,85.5,104,18.5,0
e1-50,binary,50,bot_31,2777,w,19,38.7,25,105.3,123,17.7,0
e1-50,binary,50,bot_31,2777,w,21,40.97,25,75.43,123,47.57,0
e1-50,binary,50,bot_31,2777,w,23,32.34,25,85.75,108,22.25,0
e1-50,binary,50,bot_31,2777,w,25,31.95,25,76.24,109,32.76,0
e1-50,binary,50,bot_31,2777,w,27,20.72,25,96.99,124,27.01,0
e1-50,binary,50,bot_31,2777,w,29,19.07,25,105.25,122,16.75,0
e1-50,binary,50,bot_31,2777,w,31,18.75,25,120.13,140,19.88,0
e1-50,binary,50,bot_31,2777,w,33,14.11,25,135.92,145,9.08,0
e1-50,binary,50,bot_31,2777,w,35,86.99,25,92.55,150,57.45,0
e1-50,binary,50,bot_31,2777,w,37,90.21,25,87.37,134,46.63,0
e1-50,binary,50,bot_31,2777,w,39,67.14,25,95.37,147,51.63,0
e1-50,binary,50,bot_31,2777,w,41,56.23,25,111.97,181,69.03,0
e1-50,binary,50,bot_31,2777,w,43,64.25,25,98.55,157,58.45,0
e1-50,binary,50,bot_31,2777,w,45,26.89,25,125.57,153,27.43,0
e1-50,binary,50,bot_31,2777,w,47,25.98,25,151.49,164,12.51,0
e1-50,binary,50,bot_31,2777,w,49,65.93,25,144.73,151,6.27,0
e1-50,binary,50,bot_31,2777,w,51,53.09,25,92.14,126,33.86,0
e1-50,binary,50,bot_31,2777,w,53,35.06,25,108.65,145,36.35,0
e1-50,binary,50,bot_31,2777,w,55,48.35,25,123.62,148,24.38,0
e1-50,binary,50,bot_31,2777,w,57,33.28,25,74.84,128,53.16,0
e1-50,binary,50,bot_31,2777,w,59,16.62,25,121.58,141,19.42,0
e1-50,binary,50,bot_32,2777,b,2,12.54,25,63.45,72,8.55,0
e1-50,binary,50,bot_32,2777,b,4,11.71,25,62.25,82,19.75,0
e1-50,binary,50,bot_32,2777,b,6,8.91,25,68.06,73,4.94,0
e1-50,binary,50,bot_32,2777,b,8,3.72,25,74.7,80,5.3,0
e1-50,binary,50,bot_32,2777,b,10,6.26,25,82.47,84,1.53,0
e1-50,binary,50,bot_32,2777,b,12,42.01,25,77.48,83,5.52,0
e1-50,binary,50,bot_32,2777,b,14,3.81,25,52.57,78,25.43,0
e1-50,binary,50,bot_32,2777,b,16,23.04,25,67.5,79,11.5,0
e1-50,binary,50,bot_32,2777,b,18,24.29,25,96.25,115,18.75,0
e1-50,binary,50,bot_32,2777,b,20,52.52,25,62.09,98,35.91,0
e1-50,binary,50,bot_32,2777,b,22,26.13,25,59.11,99,39.89,0
e1-50,binary,50,bot_32,2777,b,24,36.89,25,78.07,108,29.93,0
e1-50,binary,50,bot_32,2777,b,26,32.14,25,92.85,123,30.15,0
e1-50,binary,50,bot_32,2777,b,28,22.75,25,93.98,113,19.02,0
e1-50,binary,50,bot_32,2777,b,30,24.09,25,89.74,107,17.26,0
e1-50,binary,50,bot_32,2777,b,32,14.09,25,130.86,148,17.14,0
e1-50,binary,50,bot_32,2777,b,34,61.66,25,128.88,141,12.12,0
e1-50,binary,50,bot_32,2777,b,36,52.07,25,80.34,165,84.66,0
e1-50,binary,50,bot_32,2777,b,38,57.27,25,87.34,176,88.66,0
e1-50,binary,50,bot_32,2777,b,40,74.37,25,101.24,167,65.76,0
e1-50,binary,50,bot_32,2777,b,42,64.15,25,88.22,143,54.78,0
e1-50,binary,50,bot_32,2777,b,44,31.75,25,131.55,193,61.45,0
e1-50,binary,50,bot_32,2777,b,46,16.7,25,127.71,151,23.29,0
e1-50,binary,50,bot_32,2777,b,48,12.44,25,146.82,170,23.18,0
e1-50,binary,50,bot_32,2777,b,50,38.89,25,125.61,189,63.39,0
e1-50,binary,50,bot_32,2777,b,52,40.49,25,108.81,158,49.19,0
e1-50,binary,50,bot_32,2777,b,54,29.66,25,100.05,131,30.95,0
e1-50,binary,50,bot_32,2777,b,56,57.78,25,85.56,132,46.44,0
e1-50,binary,50,bot_32,2777,b,58,23.68,25,80.64,111,30.36,0
e1-50,binary,50,bot_32,2777,b,60,6.92,25,123.88,137,13.12,0
e1-50,binary,50,bot_33,2778,w,1,2.28,25,77.27,80,2.73,0
e1-50,binary,50,bot_33,2778,w,3,16.1,25,68.2,77,8.8,0
e1-50,binary,50,bot_33,2778,w,5,23.36,25,61.44,80,18.56,0
e1-50,binary,50,bot_33,2778,w,7,32.26,25,71.58,98,26.42,0
e1-50,binary,50,bot_33,2778,w,9,11.1,25,55.82,67,11.18,0
e1-50,binary,50,bot_33,2778,w,11,19.87,25,71.32,90,18.68,0
e1-50,binary,50,bot_33,2778,w,13,12.07,25,66.32,81,14.68,0
e1-50,binary,50,bot_33,2778,w,15,30.2,25,73.55,96,22.45,0
e1-50,binary,50,bot_33,2778,w,17,37.57,25,75.12,110,34.88,0
e1-50,binary,50,bot_33,2778,w,19,33.27,25,81.36,111,29.64,0
e1-50,binary,50,bot_33,2778,w,21,14.34,25,71.4,97,25.6,0
e1-50,binary,50,bot_33,2778,w,23,17.87,25,97.81,117,19.19,0
e1-50,binary,50,bot_33,2778,w,25,13.39,25,111.51,128,16.49,0
e1-50,binary,50,bot_33,2778,w,27,8.32,25,107.18,118,10.82,0
e1-50,binary,50,bot_33,2778,w,29,53.94,25,77.19,129,51.81,0
e1-50,binary,50,bot_33,2778,w,31,57.44,25,90.19,145,54.81,0
e1-50,binary,50,bot_33,2778,w,33,34.68,25,81.33,134,52.67,0
e1-50,binary,50,bot_33,2778,w,35,35.01,25,95.05,156,60.95,0
e1-50,binary,50,bot_33,2778,w,37,39.87,25,103.94,161,57.06,0
e1-50,binary,50,bot_33,2778,w,39,44.73,25,131.12,171,39.88,0
e1-50,binary,50,bot_33,2778,w,41,32.34,25,118.75,151,32.25,0
e1-50,binary,50,bot_33,2778,w,43,17.57,25,145.73,173,27.27,0
e1-50,binary,50,bot_33,2778,w,45,56.89,25,135.82,150,14.18,0
e1-50,binary,50,bot_33,2778,w,47,39,25,102.08,157,54.92,0
e1-50,binary,50,bot_33,2778,w,49,29.37,25,134.39,186,51.61,0
e1-50,binary,50,bot_33,2778,w,51,33.42,25,115.47,159,43.53,0
e1-50,binary,50,bot_33,2778,w,53,26.06,25,103.91,130,26.09,0
e1-50,binary,50,bot_33,2778,w,55,49.54,25,93.87,134,40.13,0
e1-50,binary,50,bot_33,2778,w,57,17.21,25,87.05,116,28.95,0
e1-50,binary,50,bot_33,2778,w,59,5.02,25,125.12,134,8.88,0
e1-50,binary,50,bot_34,2778,b,2,10.96,25,87.14,81,-6.14,0
e1-50,binary,50,bot_34,2778,b,4,19.48,25,66.3,74,7.7,0
e1-50,binary,50,bot_34,2778,b,6,28.18,25,64.11,78,13.89,0
e1-50,binary,50,bot_34,2778,b,8,12.52,25,60.37,84,23.63,0
e1-50,binary,50,bot_34,2778,b,10,19.25,25,79.52,80,0.48,0
e1-50,binary,50,bot_34,2778,b,12,15.52,25,83.33,95,11.67,0
e1-50,binary,50,bot_34,2778,b,14,23.55,25,66.93,71,4.07,0
e1-50,binary,50,bot_34,2778,b,16,36.26,25,81.57,101,19.43,0
e1-50,binary,50,bot_34,2778,b,18,30.85,25,79.33,108,28.67,0
e1-50,binary,50,bot_34,2778,b,20,26.08,25,88.83,113,24.17,0
e1-50,binary,50,bot_34,2778,b,22,20.87,25,97.58,103,5.42,0
e1-50,binary,50,bot_34,2778,b,24,17.6,25,90.05,100,9.95,0
e1-50,binary,50,bot_34,2778,b,26,12.24,25,105.58,111,5.42,0
e1-50,binary,50,bot_34,2778,b,28,52.17,25,116.48,116,-0.48,0
e1-50,binary,50,bot_34,2778,b,30,56.14,25,87.46,133,45.54,0
e1-50,binary,50,bot_34,2778,b,32,54.12,25,102.4,151,48.6,0
e1-50,binary,50,bot_34,2778,b,34,61.34,25,122.04,149,26.96,0
e1-50,binary,50,bot_34,2778,b,36,58.04,25,121.29,148,26.71,0
e1-50,binary,50,bot_34,2778,b,38,40.89,25,120.6,152,31.4,0
e1-50,binary,50,bot_34,2778,b,40,33.17,25,135.42,172,36.58,0
e1-50,binary,50,bot_34,2778,b,42,29.09,25,131.99,157,25.01,0
e1-50,binary,50,bot_34,2778,b,44,16.64,25,136.76,147,10.24,0
e1-50,binary,50,bot_34,2778,b,46,58.62,25,129.84,180,50.16,0
e1-50,binary,50,bot_34,2778,b,48,54.82,25,114.85,147,32.15,0
e1-50,binary,50,bot_34,2778,b,50,44.76,25,101.24,123,21.76,0
e1-50,binary,50,bot_34,2778,b,52,28.78,25,114.11,139,24.89,0
e1-50,binary,50,bot_34,2778,b,54,42.32,25,129.22,147,17.78,0
e1-50,binary,50,bot_34,2778,b,56,31.08,25,77.18,118,40.82,0
e1-50,binary,50,bot_34,2778,b,58,12.02,25,126.74,136,9.26,0
e1-50,binary,50,bot_34,2778,b,60,40.74,25,104.77,102,-2.77,0
e1-50,binary,50,bot_35,2779,w,1,2.77,25,50.58,51,0.42,0
e1-50,binary,50,bot_35,2779,w,3,7.58,25,75.12,81,5.88,0
e1-50,binary,50,bot_35,2779,w,5,17.67,25,67.14,82,14.86,0
e1-50,binary,50,bot_35,2779,w,7,25.94,25,78.28,103,24.72,0
e1-50,binary,50,bot_35,2779,w,9,4.24,25,62.48,70,7.52,0
e1-50,binary,50,bot_35,2779,w,11,13.87,25,77.5,92,14.5,0
e1-50,binary,50,bot_35,2779,w,13,7.45,25,71.57,82,10.43,0
e1-50,binary,50,bot_35,2779,w,15,24.52,25,79.14,95,15.86,0
e1-50,binary,50,bot_35,2779,w,17,26.68,25,86.65,119,32.35,0
e1-50,binary,50,bot_35,2779,w,19,24.89,25,89.89,114,24.11,0
e1-50,binary,50,bot_35,2779,w,21,9.39,25,76.42,95,18.58,0
e1-50,binary,50,bot_35,2779,w,23,12.39,25,103.97,118,14.03,0
e1-50,binary,50,bot_35,2779,w,25,62.73,25,115.44,127,11.56,0
e1-50,binary,50,bot_35,2779,w,27,53.22,25,65.35,121,55.65,0
e1-50,binary,50,bot_35,2779,w,29,41.92,25,89.84,127,37.16,0
e1-50,binary,50,bot_35,2779,w,31,42.49,25,104.15,147,42.85,0
e1-50,binary,50,bot_35,2779,w,33,25.5,25,90.6,125,34.4,0
e1-50,binary,50,bot_35,2779,w,35,23.07,25,106.19,154,47.81,0
e1-50,binary,50,bot_35,2779,w,37,29.59,25,116.5,155,38.5,0
e1-50,binary,50,bot_35,2779,w,39,22.71,25,154.32,177,22.68,0
e1-50,binary,50,bot_35,2779,w,41,16.35,25,134.22,157,22.78,0
e1-50,binary,50,bot_35,2779,w,43,68.16,25,153.28,168,14.72,0
e1-50,binary,50,bot_35,2779,w,45,43.1,25,92.24,144,51.76,0
e1-50,binary,50,bot_35,2779,w,47,32.06,25,109.16,163,53.84,0
e1-50,binary,50,bot_35,2779,w,49,22.19,25,141.47,190,48.53,0
e1-50,binary,50,bot_35,2779,w,51,22.92,25,125.88,167,41.13,0
e1-50,binary,50,bot_35,2779,w,53,17.99,25,112.85,133,20.15,0
e1-50,binary,50,bot_35,2779,w,55,35.19,25,108.41,143,34.59,0
e1-50,binary,50,bot_35,2779,w,57,6.62,25,97.56,122,24.44,0
e1-50,binary,50,bot_35,2779,w,59,22.26,25,57.02,145,87.98,0
e1-50,binary,50,bot_36,2779,b,2,8.07,25,88.94,90,1.06,0
e1-50,binary,50,bot_36,2779,b,4,17.39,25,67.5,74,6.5,0
e1-50,binary,50,bot_36,2779,b,6,26.57,25,65.45,80,14.55,0
e1-50,binary,50,bot_36,2779,b,8,9.88,25,62.83,86,23.17,0
e1-50,binary,50,bot_36,2779,b,10,17.33,25,81.99,84,2.01,0
e1-50,binary,50,bot_36,2779,b,12,12.18,25,86.44,99,12.56,0
e1-50,binary,50,bot_36,2779,b,14,18.27,25,71.88,78,6.12,0
e1-50,binary,50,bot_36,2779,b,16,33.02,25,84.6,107,22.4,0
e1-50,binary,50,bot_36,2779,b,18,26.32,25,83.57,108,24.43,0
e1-50,binary,50,bot_36,2779,b,20,19.91,25,94.39,118,23.61,0
e1-50,binary,50,bot_36,2779,b,22,15.35,25,103.43,111,7.57,0
e1-50,binary,50,bot_36,2779,b,24,12.99,25,94.41,105,10.59,0
e1-50,binary,50,bot_36,2779,b,26,57.62,25,66.41,128,61.59,0
e1-50,binary,50,bot_36,2779,b,28,39.18,25,67.73,120,52.27,0
e1-50,binary,50,bot_36,2779,b,30,44.95,25,98.86,139,40.14,0
e1-50,binary,50,bot_36,2779,b,32,37.95,25,118.61,160,41.39,0
e1-50,binary,50,bot_36,2779,b,34,50.2,25,134.24,158,23.76,0
e1-50,binary,50,bot_36,2779,b,36,41.16,25,137.86,159,21.14,0
e1-50,binary,50,bot_36,2779,b,38,23.84,25,135.34,163,27.66,0
e1-50,binary,50,bot_36,2779,b,40,23.99,25,144.19,166,21.81,0
e1-50,binary,50,bot_36,2779,b,42,17.11,25,142.15,156,13.85,0
e1-50,binary,50,bot_36,2779,b,44,55.58,25,97.04,163,65.96,0
e1-50,binary,50,bot_36,2779,b,46,56.6,25,132.02,173,40.98,0
e1-50,binary,50,bot_36,2779,b,48,52.23,25,117.21,148,30.79,0
e1-50,binary,50,bot_36,2779,b,50,42.88,25,103.16,122,18.84,0
e1-50,binary,50,bot_36,2779,b,52,24.25,25,118.41,139,20.59,0
e1-50,binary,50,bot_36,2779,b,54,37.71,25,132.91,149,16.09,0
e1-50,binary,50,bot_36,2779,b,56,28.35,25,79.95,112,32.05,0
e1-50,binary,50,bot_36,2779,b,58,92.5,25,131.27,136,4.73,0
e1-50,binary,50,bot_36,2779,b,60,29.23,25,81.71,101,19.29,0
e1-50,binary,50,bot_37,2780,w,1,1.71,25,95.25,93,-2.25,0
e1-50,binary,50,bot_37,2780,w,3,15.99,25,68.84,70,1.16,0
e1-50,binary,50,bot_37,2780,w,5,25.63,25,66.4,78,11.6,0
e1-50,binary,50,bot_37,2780,w,7,8.35,25,64.38,85,20.62,0
e1-50,binary,50,bot_37,2780,w,9,14.75,25,84.86,84,-0.86,0
e1-50,binary,50,bot_37,2780,w,11,9.19,25,89.5,98,8.5,0
e1-50,binary,50,bot_37,2780,w,13,15.56,25,57.93,75,17.07,0
e1-50,binary,50,bot_37,2780,w,15,27.67,25,89.97,108,18.03,0
e1-50,binary,50,bot_37,2780,w,17,23.16,25,86.78,108,21.22,0
e1-50,binary,50,bot_37,2780,w,19,15.93,25,98.31,118,19.69,0
e1-50,binary,50,bot_37,2780,w,21,11.5,25,107.43,112,4.57,0
e1-50,binary,50,bot_37,2780,w,23,59.11,25,97.57,106,8.43,0
e1-50,binary,50,bot_37,2780,w,25,52.86,25,70.29,117,46.71,0
e1-50,binary,50,bot_37,2780,w,27,38.14,25,68.65,115,46.35,0
e1-50,binary,50,bot_37,2780,w,29,39.9,25,103.93,138,34.07,0
e1-50,binary,50,bot_37,2780,w,31,32.93,25,123.64,158,34.36,0
e1-50,binary,50,bot_37,2780,w,33,44.43,25,140.63,159,18.37,0
e1-50,binary,50,bot_37,2780,w,35,31.76,25,147.2,163,15.8,0
e1-50,binary,50,bot_37,2780,w,37,17.33,25,141.58,164,22.42,0
e1-50,binary,50,bot_37,2780,w,39,19.1,25,148.8,161,12.2,0
e1-50,binary,50,bot_37,2780,w,41,62.23,25,147.95,154,6.05,0
e1-50,binary,50,bot_37,2780,w,43,51.07,25,101.5,151,49.5,0
e1-50,binary,50,bot_37,2780,w,45,54.9,25,133.88,169,35.12,0
e1-50,binary,50,bot_38,2780,b,2,6.41,25,76.39,76,-0.39,0
e1-50,binary,50,bot_38,2780,b,4,16.46,25,68.21,83,14.79,0
e1-50,binary,50,bot_38,2780,b,6,24.81,25,79.62,104,24.38,0
e1-50,binary,50,bot_38,2780,b,8,3.44,25,63.09,70,6.91,0
e1-50,binary,50,bot_38,2780,b,10,13.22,25,77.49,90,12.51,0
e1-50,binary,50,bot_38,2780,b,12,21.76,25,73.82,82,8.18,0
e1-50,binary,50,bot_38,2780,b,14,22.35,25,81.4,95,13.6,0
e1-50,binary,50,bot_38,2780,b,16,24.75,25,88.47,114,25.53,0
e1-50,binary,50,bot_38,2780,b,18,23.8,25,91.51,112,20.49,0
e1-50,binary,50,bot_38,2780,b,20,7.98,25,77.84,92,14.16,0
e1-50,binary,50,bot_38,2780,b,22,12.47,25,103.65,114,10.35,0
e1-50,binary,50,bot_38,2780,b,24,51.18,25,78.75,137,58.25,0
e1-50,binary,50,bot_38,2780,b,26,49.99,25,68.37,118,49.63,0
e1-50,binary,50,bot_38,2780,b,28,37.78,25,94.44,130,35.56,0
e1-50,binary,50,bot_38,2780,b,30,38.32,25,107.95,146,38.05,0
e1-50,binary,50,bot_38,2780,b,32,22.48,25,93.57,124,30.43,0
e1-50,binary,50,bot_38,2780,b,34,19.52,25,109.08,152,42.92,0
e1-50,binary,50,bot_38,2780,b,36,25.31,25,121.19,150,28.81,0
e1-50,binary,50,bot_38,2780,b,38,16.68,25,161.74,177,15.26,0
e1-50,binary,50,bot_38,2780,b,40,10.86,25,139.12,157,17.88,0
e1-50,binary,50,bot_38,2780,b,42,56.54,25,113.89,174,60.11,0
e1-50,binary,50,bot_38,2780,b,44,39.51,25,95.79,144,48.21,0
e1-50,binary,50,bot_39,2781,w,1,7.13,25,63.79,56,-7.79,0
e1-50,binary,50,bot_39,2781,w,3,9.79,25,78.93,67,-11.93,0
e1-50,binary,50,bot_39,2781,w,5,14.91,25,90.23,86,-4.23,0
e1-50,binary,50,bot_39,2781,w,7,6.05,25,60.91,54,-6.91,0
e1-50,binary,50,bot_39,2781,w,9,11.32,25,88.49,80,-8.49,0
e1-50,binary,50,bot_39,2781,w,11,5.48,25,76.16,63,-13.16,0
e1-50,binary,50,bot_39,2781,w,13,12.58,25,90.35,75,-15.35,0
e1-50,binary,50,bot_39,2781,w,15,10.98,25,102.32,97,-5.32,0
e1-50,binary,50,bot_39,2781,w,17,45.31,25,117.53,112,-5.53,0
e1-50,binary,50,bot_39,2781,w,19,9.74,25,61.7,76,14.3,0
e1-50,binary,50,bot_39,2781,w,21,37.86,25,80.87,99,18.13,0
e1-50,binary,50,bot_39,2781,w,23,34.46,25,94.41,113,18.59,0
e1-50,binary,50,bot_39,2781,w,25,31.85,25,86.94,106,19.06,0
e1-50,binary,50,bot_39,2781,w,27,27.37,25,106.6,107,0.4,0
e1-50,binary,50,bot_39,2781,w,29,19.63,25,125.59,130,4.41,0
e1-50,binary,50,bot_39,2781,w,31,9.97,25,106.85,102,-4.85,0
e1-50,binary,50,bot_39,2781,w,33,71.98,25,118.47,118,-0.47,0
e1-50,binary,50,bot_39,2781,w,35,49.9,25,95.64,131,35.36,0
e1-50,binary,50,bot_39,2781,w,37,57.01,25,119.24,156,36.76,0
e1-50,binary,50,bot_39,2781,w,39,42.64,25,102.8,120,17.2,0
e1-50,binary,50,bot_39,2781,w,41,39.04,25,130.52,155,24.48,0
e1-50,binary,50,bot_39,2781,w,43,19.61,25,115.49,128,12.51,0
e1-50,binary,50,bot_39,2781,w,45,21.27,25,118.25,137,18.75,0
e1-50,binary,50,bot_39,2781,w,47,10.47,25,151.87,169,17.13,0
e1-50,binary,50,bot_39,2781,w,49,10.41,25,138.43,145,6.57,0
e1-50,binary,50,bot_39,2781,w,51,30.5,25,56.79,124,67.21,0
e1-50,binary,50,bot_39,2781,w,53,19.87,25,123.68,133,9.32,0
e1-50,binary,50,bot_39,2781,w,55,60.7,25,111.99,114,2.01,0
e1-50,binary,50,bot_39,2781,w,57,12.32,25,65.96,118,52.04,0
e1-50,binary,50,bot_39,2781,w,59,8.63,25,76.21,71,-5.21,0
e1-50,binary,50,bot_40,2781,b,2,8.18,25,66.92,68,1.08,0
e1-50,binary,50,bot_40,2781,b,4,15.15,25,72.54,74,1.46,0
e1-50,binary,50,bot_40,2781,b,6,12.03,25,76.58,85,8.42,0
e1-50,binary,50,bot_40,2781,b,8,10.24,25,86.21,85,-1.21,0
e1-50,binary,50,bot_40,2781,b,10,7.47,25,82.59,88,5.41,0
e1-50,binary,50,bot_40,2781,b,12,5.28,25,69.76,71,1.24,0
e1-50,binary,50,bot_40,2781,b,14,14.03,25,103.53,110,6.47,0
e1-50,binary,50,bot_40,2781,b,16,13.9,25,96,101,5,0
e1-50,binary,50,bot_40,2781,b,18,33.76,25,68.56,108,39.44,0
e1-50,binary,50,bot_40,2781,b,20,38.79,25,103.21,108,4.79,0
e1-50,binary,50,bot_40,2781,b,22,39.4,25,71.92,104,32.08,0
e1-50,binary,50,bot_40,2781,b,24,39.01,25,83.11,112,28.89,0
e1-50,binary,50,bot_40,2781,b,26,20.87,25,85.75,111,25.25,0
e1-50,binary,50,bot_40,2781,b,28,24.89,25,118.11,140,21.89,0
e1-50,binary,50,bot_40,2781,b,30,15.19,25,141.37,156,14.63,0
e1-50,binary,50,bot_40,2781,b,32,20.55,25,165.22,170,4.78,0
e1-50,binary,50,bot_40,2781,b,34,55.58,25,117.86,185,67.14,0
e1-50,binary,50,bot_40,2781,b,36,57.19,25,113.42,158,44.58,0
e1-50,binary,50,bot_40,2781,b,38,37.96,25,116.18,168,51.82,0
e1-50,binary,50,bot_40,2781,b,40,38.33,25,125.06,162,36.94,0
e1-50,binary,50,bot_40,2781,b,42,27.95,25,124.56,158,33.44,0
e1-50,binary,50,bot_40,2781,b,44,35.51,25,155.96,171,15.04,0
e1-50,binary,50,bot_40,2781,b,46,33.47,25,136,154,18,0
e1-50,binary,50,bot_40,2781,b,48,20.95,25,126.34,132,5.66,0
e1-50,binary,50,bot_40,2781,b,50,84.21,25,134.03,140,5.97,0
e1-50,binary,50,bot_40,2781,b,52,25.23,25,111.32,138,26.68,0
e1-50,binary,50,bot_40,2781,b,54,18.41,25,89.99,105,15.01,0
e1-50,binary,50,bot_40,2781,b,56,67.41,25,88.43,145,56.57,0
e1-50,binary,50,bot_40,2781,b,58,10.95,25,100.24,108,7.76,0
e1-50,binary,50,bot_40,2781,b,60,7.1,25,98.17,102,3.83,0
e1-50,binary,50,bot_41,2782,w,1,10.3,25,64.84,76,11.16,0
e1-50,binary,50,bot_41,2782,w,3,19.78,25,72.52,79,6.48,0
e1-50,binary,50,bot_41,2782,w,5,15.39,25,73.22,89,15.78,0
e1-50,binary,50,bot_41,2782,w,7,19.1,25,76.96,86,9.04,0
e1-50,binary,50,bot_41,2782,w,9,10.16,25,80.38,96,15.62,0
e1-50,binary,50,bot_41,2782,w,11,5.45,25,68.36,78,9.64,0
e1-50,binary,50,bot_41,2782,w,13,18.16,25,99.43,114,14.57,0
e1-50,binary,50,bot_41,2782,w,15,17.14,25,92.82,108,15.18,0
e1-50,binary,50,bot_41,2782,w,17,42.79,25,106.85,120,13.15,0
e1-50,binary,50,bot_41,2782,w,19,41.5,25,100.26,119,18.74,0
e1-50,binary,50,bot_41,2782,w,21,43.98,25,66.93,109,42.07,0
e1-50,binary,50,bot_41,2782,w,23,41.93,25,80.67,121,40.33,0
e1-50,binary,50,bot_41,2782,w,25,24.24,25,82.2,120,37.8,0
e1-50,binary,50,bot_41,2782,w,27,31.28,25,112.42,142,29.58,0
e1-50,binary,50,bot_41,2782,w,29,19.1,25,137.5,163,25.5,0
e1-50,binary,50,bot_41,2782,w,31,28.29,25,157.01,170,12.99,0
e1-50,binary,50,bot_41,2782,w,33,16.12,25,162.75,173,10.25,0
e1-50,binary,50,bot_41,2782,w,35,64.3,25,105.82,174,68.18,0
e1-50,binary,50,bot_41,2782,w,37,42.35,25,111.82,172,60.18,0
e1-50,binary,50,bot_41,2782,w,39,41.2,25,121.65,163,41.35,0
e1-50,binary,50,bot_41,2782,w,41,33.55,25,118.91,161,42.09,0
e1-50,binary,50,bot_41,2782,w,43,40.87,25,150.08,174,23.92,0
e1-50,binary,50,bot_41,2782,w,45,38.98,25,130.49,155,24.51,0
e1-50,binary,50,bot_41,2782,w,47,27.77,25,119.09,132,12.91,0
e1-50,binary,50,bot_41,2782,w,49,12.9,25,128.93,141,12.07,0
e1-50,binary,50,bot_41,2782,w,51,27.33,25,110.12,149,38.88,0
e1-50,binary,50,bot_41,2782,w,53,18.57,25,89.93,114,24.07,0
e1-50,binary,50,bot_41,2782,w,55,71.44,25,84.52,147,62.48,0
e1-50,binary,50,bot_41,2782,w,57,14.64,25,96.48,110,13.52,0
e1-50,binary,50,bot_41,2782,w,59,12.47,25,92.5,102,9.5,0
e1-50,binary,50,bot_42,2782,b,2,9.49,25,74.79,81,6.21,0
e1-50,binary,50,bot_42,2782,b,4,18.79,25,86.04,101,14.96,0
e1-50,binary,50,bot_42,2782,b,6,12.43,25,54.52,65,10.48,0
e1-50,binary,50,bot_42,2782,b,8,18.54,25,81.16,96,14.84,0
e1-50,binary,50,bot_42,2782,b,10,12.09,25,69.58,76,6.42,0
e1-50,binary,50,bot_42,2782,b,12,16.78,25,87.02,87,-0.02,0
e1-50,binary,50,bot_42,2782,b,14,17.84,25,95.3,109,13.7,0
e1-50,binary,50,bot_42,2782,b,16,15.65,25,99.73,111,11.27,0
e1-50,binary,50,bot_42,2782,b,18,20.42,25,51.29,89,37.71,0
e1-50,binary,50,bot_42,2782,b,20,43,25,75.88,111,35.12,0
e1-50,binary,50,bot_42,2782,b,22,42.1,25,86.69,126,39.31,0
e1-50,binary,50,bot_42,2782,b,24,39.24,25,79.35,117,37.65,0
e1-50,binary,50,bot_42,2782,b,26,31.84,25,101.37,119,17.63,0
e1-50,binary,50,bot_42,2782,b,28,27.88,25,117.53,145,27.47,0
e1-50,binary,50,bot_42,2782,b,30,15.28,25,101.45,116,14.55,0
e1-50,binary,50,bot_42,2782,b,32,12.52,25,115.45,139,23.55,0
e1-50,binary,50,bot_42,2782,b,34,69.51,25,133.25,144,10.75,0
e1-50,binary,50,bot_42,2782,b,36,63.21,25,113.08,172,58.92,0
e1-50,binary,50,bot_42,2782,b,38,44.25,25,101.12,139,37.88,0
e1-50,binary,50,bot_42,2782,b,40,44.09,25,126.01,164,37.99,0
e1-50,binary,50,bot_42,2782,b,42,25.91,25,109.2,139,29.8,0
e1-50,binary,50,bot_42,2782,b,44,25.39,25,114.11,151,36.89,0
e1-50,binary,50,bot_42,2782,b,46,14.47,25,148.1,183,34.9,0
e1-50,binary,50,bot_42,2782,b,48,14.67,25,134.15,158,23.85,0
e1-50,binary,50,bot_42,2782,b,50,40.37,25,123.2,132,8.8,0
e1-50,binary,50,bot_42,2782,b,52,25.29,25,118.25,141,22.75,0
e1-50,binary,50,bot_42,2782,b,54,65.12,25,106.98,121,14.02,0
e1-50,binary,50,bot_42,2782,b,56,15.48,25,62.85,131,68.15,0
e1-50,binary,50,bot_42,2782,b,58,11.14,25,73.71,85,11.29,0
e1-50,binary,50,bot_42,2782,b,60,43.24,25,94.89,104,9.11,0
e1-50,binary,50,bot_43,2783,w,1,4.71,25,81.58,87,5.42,0
e1-50,binary,50,bot_43,2783,w,3,11.24,25,94.12,103,8.88,0
e1-50,binary,50,bot_43,2783,w,5,4.18,25,62.62,70,7.38,0
e1-50,binary,50,bot_43,2783,w,7,7.09,25,92.87,98,5.13,0
e1-50,binary,50,bot_43,2783,w,9,23,25,56.65,85,28.35,0
e1-50,binary,50,bot_43,2783,w,11,9.79,25,84.64,91,6.36,0
e1-50,binary,50,bot_43,2783,w,13,53.16,25,106.71,115,8.29,0
e1-50,binary,50,bot_43,2783,w,15,40.15,25,80.36,118,37.64,0
e1-50,binary,50,bot_43,2783,w,17,4.42,25,66.75,93,26.25,0
e1-50,binary,50,bot_43,2783,w,19,35.3,25,82.89,117,34.11,0
e1-50,binary,50,bot_43,2783,w,21,31.65,25,97.07,129,31.93,0
e1-50,binary,50,bot_43,2783,w,23,29.83,25,88.85,120,31.15,0
e1-50,binary,50,bot_43,2783,w,25,24.03,25,109.8,125,15.2,0
e1-50,binary,50,bot_43,2783,w,27,14.68,25,130.04,149,18.96,0
e1-50,binary,50,bot_43,2783,w,29,79.63,25,108.51,117,8.49,0
e1-50,binary,50,bot_43,2783,w,31,60.97,25,70.43,124,53.57,0
e1-50,binary,50,bot_43,2783,w,33,47.18,25,97.92,147,49.08,0
e1-50,binary,50,bot_43,2783,w,35,54.2,25,121.75,172,50.25,0
e1-50,binary,50,bot_43,2783,w,37,40.2,25,105.44,138,32.56,0
e1-50,binary,50,bot_43,2783,w,39,35.92,25,133.01,167,33.99,0
e1-50,binary,50,bot_43,2783,w,41,16.54,25,118.43,139,20.57,0
e1-50,binary,50,bot_43,2783,w,43,19.42,25,119.92,147,27.08,0
e1-50,binary,50,bot_43,2783,w,45,8.5,25,153.37,177,23.63,0
e1-50,binary,50,bot_43,2783,w,47,89.79,25,140.46,153,12.54,0
e1-50,binary,50,bot_43,2783,w,49,28.61,25,58.83,133,74.17,0
e1-50,binary,50,bot_43,2783,w,51,16.8,25,126.78,147,20.22,0
e1-50,binary,50,bot_43,2783,w,53,56.56,25,116.46,130,13.54,0
e1-50,binary,50,bot_43,2783,w,55,9.74,25,68.34,132,63.66,0
e1-50,binary,50,bot_43,2783,w,57,6.71,25,78.1,84,5.9,0
e1-50,binary,50,bot_43,2783,w,59,37.25,25,68.3,102,33.7,0
e1-50,binary,50,bot_44,2783,b,2,10.31,25,76.85,69,-7.85,0
e1-50,binary,50,bot_44,2783,b,4,7.84,25,80.66,80,-0.66,0
e1-50,binary,50,bot_44,2783,b,6,6.61,25,89.95,82,-7.95,0
e1-50,binary,50,bot_44,2783,b,8,30.35,25,86.01,82,-4.01,0
e1-50,binary,50,bot_44,2783,b,10,6.34,25,52.59,64,11.41,0
e1-50,binary,50,bot_44,2783,b,12,9.01,25,108.68,106,-2.68,0
e1-50,binary,50,bot_44,2783,b,14,38.52,25,66.69,108,41.31,0
e1-50,binary,50,bot_44,2783,b,16,27.9,25,74.69,102,27.31,0
e1-50,binary,50,bot_44,2783,b,18,34.88,25,107.59,100,-7.59,0
e1-50,binary,50,bot_44,2783,b,20,32.77,25,79,103,24,0
e1-50,binary,50,bot_44,2783,b,22,32.36,25,89.5,110,20.5,0
e1-50,binary,50,bot_44,2783,b,24,16.02,25,90.71,109,18.29,0
e1-50,binary,50,bot_44,2783,b,26,19.36,25,124.13,136,11.87,0
e1-50,binary,50,bot_44,2783,b,28,10.61,25,146.03,149,2.97,0
e1-50,binary,50,bot_44,2783,b,30,54.92,25,118.35,187,68.65,0
e1-50,binary,50,bot_44,2783,b,32,50.2,25,123.86,173,49.14,0
e1-50,binary,50,bot_44,2783,b,34,51.58,25,119.39,154,34.61,0
e1-50,binary,50,bot_44,2783,b,36,33.52,25,120.64,165,44.36,0
e1-50,binary,50,bot_44,2783,b,38,35.84,25,127.77,158,30.23,0
e1-50,binary,50,bot_44,2783,b,40,23.23,25,129.46,156,26.54,0
e1-50,binary,50,bot_44,2783,b,42,29.08,25,162.82,169,6.18,0
e1-50,binary,50,bot_44,2783,b,44,25.89,25,143.98,154,10.02,0
e1-50,binary,50,bot_44,2783,b,46,14.81,25,132.93,132,-0.93,0
e1-50,binary,50,bot_44,2783,b,48,75.48,25,61.48,141,79.52,0
e1-50,binary,50,bot_44,2783,b,50,23.17,25,112.87,132,19.13,0
e1-50,binary,50,bot_44,2783,b,52,15.73,25,92.67,101,8.33,0
e1-50,binary,50,bot_44,2783,b,54,66.36,25,89.28,136,46.72,0
e1-50,binary,50,bot_44,2783,b,56,8.37,25,102.85,104,1.15,0
e1-50,binary,50,bot_44,2783,b,58,35.11,25,102.58,100,-2.58,0
e1-50,binary,50,bot_44,2783,b,60,29.3,25,83.16,110,26.84,0
e1-50,binary,50,bot_45,2784,w,1,3.21,25,66.04,66,-0.04,0
e1-50,binary,50,bot_45,2784,w,3,8.62,25,95.2,100,4.8,0
e1-50,binary,50,bot_45,2784,w,5,26.84,25,61.14,86,24.86,0
e1-50,binary,50,bot_45,2784,w,7,26.62,25,79.16,105,25.84,0
e1-50,binary,50,bot_45,2784,w,9,17.96,25,62.55,80,17.45,0
e1-50,binary,50,bot_45,2784,w,11,16.23,25,83.56,97,13.44,0
e1-50,binary,50,bot_45,2784,w,13,39.46,25,84.32,114,29.68,0
e1-50,binary,50,bot_45,2784,w,15,29.35,25,90.88,116,25.12,0
e1-50,binary,50,bot_45,2784,w,17,36.05,25,77.09,91,13.91,0
e1-50,binary,50,bot_45,2784,w,19,21.14,25,96.06,117,20.94,0
e1-50,binary,50,bot_45,2784,w,21,19.63,25,109.18,123,13.82,0
e1-50,binary,50,bot_45,2784,w,23,11.86,25,106.9,120,13.1,0
e1-50,binary,50,bot_45,2784,w,25,56.79,25,82.63,141,58.37,0
e1-50,binary,50,bot_45,2784,w,27,57.16,25,90.26,147,56.74,0
e1-50,binary,50,bot_45,2784,w,29,62.26,25,79.03,118,38.97,0
e1-50,binary,50,bot_45,2784,w,31,46.99,25,84.3,130,45.7,0
e1-50,binary,50,bot_45,2784,w,33,33.61,25,110.98,154,43.02,0
e1-50,binary,50,bot_45,2784,w,35,40.03,25,135.63,170,34.37,0
e1-50,binary,50,bot_45,2784,w,37,32.34,25,114.32,135,20.68,0
e1-50,binary,50,bot_45,2784,w,39,22.38,25,145.12,165,19.88,0
e1-50,binary,50,bot_45,2784,w,41,10.21,25,124.78,133,8.22,0
e1-50,binary,50,bot_45,2784,w,43,85.27,25,131.16,140,8.84,0
e1-50,binary,50,bot_45,2784,w,45,57.19,25,71.11,157,85.89,0
e1-50,binary,50,bot_45,2784,w,47,72.06,25,77.89,140,62.11,0
e1-50,binary,50,bot_45,2784,w,49,22.2,25,65.39,120,54.61,0
e1-50,binary,50,bot_45,2784,w,51,8.71,25,134.71,144,9.29,0
e1-50,binary,50,bot_45,2784,w,53,44.51,25,85.89,131,45.11,0
e1-50,binary,50,bot_45,2784,w,55,24.79,25,78.41,125,46.59,0
e1-50,binary,50,bot_45,2784,w,57,30.64,25,62.92,81,18.08,0
e1-50,binary,50,bot_45,2784,w,59,24.86,25,80.45,100,19.55,0
e1-50,binary,50,bot_46,2784,b,2,7.04,25,81.49,83,1.51,0
e1-50,binary,50,bot_46,2784,b,4,26.25,25,84.22,92,7.78,0
e1-50,binary,50,bot_46,2784,b,6,28.42,25,54.71,80,25.29,0
e1-50,binary,50,bot_46,2784,b,8,20.21,25,60.81,86,25.19,0
e1-50,binary,50,bot_46,2784,b,10,15.91,25,59.46,77,17.54,0
e1-50,binary,50,bot_46,2784,b,12,31.8,25,102.84,119,16.16,0
e1-50,binary,50,bot_46,2784,b,14,27.6,25,74.9,114,39.1,0
e1-50,binary,50,bot_46,2784,b,16,15.64,25,86.8,115,28.2,0
e1-50,binary,50,bot_46,2784,b,18,23.64,25,77.49,113,35.51,0
e1-50,binary,50,bot_46,2784,b,20,16.43,25,96.34,117,20.66,0
e1-50,binary,50,bot_46,2784,b,22,14.6,25,106.2,124,17.8,0
e1-50,binary,50,bot_46,2784,b,24,60.55,25,100.1,110,9.9,0
e1-50,binary,50,bot_46,2784,b,26,57.57,25,89.96,145,55.04,0
e1-50,binary,50,bot_46,2784,b,28,41.57,25,96.62,153,56.38,0
e1-50,binary,50,bot_46,2784,b,30,46.48,25,125.65,188,62.35,0
e1-50,binary,50,bot_46,2784,b,32,44.94,25,129.52,176,46.48,0
e1-50,binary,50,bot_46,2784,b,34,37.41,25,134.14,167,32.86,0
e1-50,binary,50,bot_46,2784,b,36,22.27,25,131.49,171,39.51,0
e1-50,binary,50,bot_46,2784,b,38,22.28,25,141.85,173,31.15,0
e1-50,binary,50,bot_46,2784,b,40,10.81,25,141.89,163,21.11,0
e1-50,binary,50,bot_46,2784,b,42,12.65,25,180.32,188,7.68,0
e1-50,binary,50,bot_46,2784,b,44,88.62,25,95.77,179,83.23,0
e1-50,binary,50,bot_46,2784,b,46,66.18,25,102.73,159,56.27,0
e1-50,binary,50,bot_46,2784,b,48,58.41,25,78.66,149,70.34,0
e1-50,binary,50,bot_46,2784,b,50,11.25,25,124.39,145,20.61,0
e1-50,binary,50,bot_46,2784,b,52,48.14,25,103.71,111,7.29,0
e1-50,binary,50,bot_46,2784,b,54,50.13,25,105.34,148,42.66,0
e1-50,binary,50,bot_46,2784,b,56,21.32,25,90.64,114,23.36,0
e1-50,binary,50,bot_46,2784,b,58,22.67,25,80.87,110,29.13,0
e1-50,binary,50,bot_46,2784,b,60,18.98,25,95.45,118,22.55,0
e1-50,binary,50,bot_47,2785,w,1,1.66,25,83.98,81,-2.98,0
e1-50,binary,50,bot_47,2785,w,3,21.3,25,66.75,93,26.25,0
e1-50,binary,50,bot_47,2785,w,5,25.93,25,57.14,77,19.86,0
e1-50,binary,50,bot_47,2785,w,7,17.3,25,63.69,85,21.31,0
e1-50,binary,50,bot_47,2785,w,9,13.97,25,61.22,74,12.78,0
e1-50,binary,50,bot_47,2785,w,11,30.51,25,104.16,114,9.84,0
e1-50,binary,50,bot_47,2785,w,13,26.69,25,75.42,106,30.58,0
e1-50,binary,50,bot_47,2785,w,15,14.12,25,88.36,109,20.64,0
e1-50,binary,50,bot_47,2785,w,17,21.15,25,80.05,107,26.95,0
e1-50,binary,50,bot_47,2785,w,19,13.61,25,99.22,110,10.78,0
e1-50,binary,50,bot_47,2785,w,21,10.07,25,110.61,121,10.39,0
e1-50,binary,50,bot_47,2785,w,23,52.05,25,60.52,112,51.48,0
e1-50,binary,50,bot_47,2785,w,25,54.15,25,93.25,141,47.75,0
e1-50,binary,50,bot_47,2785,w,27,38.06,25,99.99,150,50.01,0
e1-50,binary,50,bot_47,2785,w,29,43.63,25,128.38,182,53.62,0
e1-50,binary,50,bot_47,2785,w,31,42.28,25,132.21,169,36.79,0
e1-50,binary,50,bot_47,2785,w,33,35.1,25,136.46,160,23.54,0
e1-50,binary,50,bot_47,2785,w,35,20.28,25,133.44,164,30.56,0
e1-50,binary,50,bot_47,2785,w,37,20.27,25,143.84,168,24.16,0
e1-50,binary,50,bot_47,2785,w,39,9.32,25,143.35,158,14.65,0
e1-50,binary,50,bot_47,2785,w,41,91.73,25,183.27,186,2.73,0
e1-50,binary,50,bot_47,2785,w,43,85.29,25,99.11,168,68.89,0
e1-50,binary,50,bot_47,2785,w,45,62.93,25,105.58,157,51.42,0
e1-50,binary,50,bot_47,2785,w,47,55.07,25,81.97,145,63.03,0
e1-50,binary,50,bot_47,2785,w,49,9.44,25,126.2,141,14.8,0
e1-50,binary,50,bot_47,2785,w,51,41.87,25,70.57,111,40.43,0
e1-50,binary,50,bot_47,2785,w,53,46.38,25,109,146,37,0
e1-50,binary,50,bot_47,2785,w,55,19.26,25,92.63,112,19.37,0
e1-50,binary,50,bot_47,2785,w,57,19.57,25,83.6,108,24.4,0
e1-50,binary,50,bot_47,2785,w,59,16.74,25,97.68,117,19.32,0
e1-50,binary,50,bot_48,2785,b,2,30.78,25,95.64,96,0.36,0
e1-50,binary,50,bot_48,2785,b,4,25.12,25,63.06,83,19.94,0
e1-50,binary,50,bot_48,2785,b,6,25.22,25,80.64,105,24.36,0
e1-50,binary,50,bot_48,2785,b,8,16.45,25,64.46,79,14.54,0
e1-50,binary,50,bot_48,2785,b,10,13.86,25,86.15,98,11.85,0
e1-50,binary,50,bot_48,2785,b,12,36.2,25,88.59,118,29.41,0
e1-50,binary,50,bot_48,2785,b,14,24.87,25,95.2,120,24.8,0
e1-50,binary,50,bot_48,2785,b,16,32.03,25,80.95,95,14.05,0
e1-50,binary,50,bot_48,2785,b,18,15.52,25,101.83,119,17.17,0
e1-50,binary,50,bot_48,2785,b,20,14.83,25,114.05,126,11.95,0
e1-50,binary,50,bot_48,2785,b,22,55.74,25,111.98,121,9.02,0
e1-50,binary,50,bot_48,2785,b,24,52.1,25,86.59,135,48.41,0
e1-50,binary,50,bot_48,2785,b,26,54.72,25,93.02,145,51.98,0
e1-50,binary,50,bot_48,2785,b,28,57.7,25,83.9,121,37.1,0
e1-50,binary,50,bot_48,2785,b,30,41.19,25,90.3,132,41.7,0
e1-50,binary,50,bot_48,2785,b,32,27.43,25,116.98,157,40.02,0
e1-50,binary,50,bot_48,2785,b,34,35.41,25,140.12,173,32.88,0
e1-50,binary,50,bot_48,2785,b,36,28.16,25,118.67,138,19.33,0
e1-50,binary,50,bot_48,2785,b,38,18.24,25,148.99,167,18.01,0
e1-50,binary,50,bot_48,2785,b,40,7.68,25,127.35,135,7.65,0
e1-50,binary,50,bot_48,2785,b,42,74.7,25,59.71,150,90.29,0
e1-50,binary,50,bot_48,2785,b,44,55.44,25,72.92,155,82.08,0
e1-50,binary,50,bot_48,2785,b,46,67.49,25,82.45,144,61.55,0
e1-50,binary,50,bot_48,2785,b,48,19.11,25,68.73,121,52.27,0
e1-50,binary,50,bot_48,2785,b,50,46.27,25,136.46,145,8.54,0
e1-50,binary,50,bot_48,2785,b,52,41.42,25,89.16,129,39.84,0
e1-50,binary,50,bot_48,2785,b,54,22.79,25,80.59,126,45.41,0
e1-50,binary,50,bot_48,2785,b,56,29.05,25,64.94,82,17.06,0
e1-50,binary,50,bot_48,2785,b,58,22.86,25,82.38,101,18.62,0
e1-50,binary,50,bot_48,2785,b,60,13.07,25,80.89,97,16.11,0
e1-50,binary,50,bot_49,2786,w,1,21.94,25,100.89,87,-13.89,0
e1-50,binary,50,bot_49,2786,w,3,23.44,25,64.77,69,4.23,0
e1-50,binary,50,bot_49,2786,w,5,23.27,25,82.59,92,9.41,0
e1-50,binary,50,bot_49,2786,w,7,14.54,25,66.46,66,-0.46,0
e1-50,binary,50,bot_49,2786,w,9,11.06,25,89.04,84,-5.04,0
e1-50,binary,50,bot_49,2786,w,11,33.32,25,91.67,103,11.33,0
e1-50,binary,50,bot_49,2786,w,13,21.83,25,98.14,106,7.86,0
e1-50,binary,50,bot_49,2786,w,15,29.36,25,83.5,80,-3.5,0
e1-50,binary,50,bot_49,2786,w,17,12.94,25,104.32,105,0.68,0
e1-50,binary,50,bot_49,2786,w,19,11.84,25,117.03,113,-4.03,0
e1-50,binary,50,bot_49,2786,w,21,47.3,25,77.36,113,35.64,0
e1-50,binary,50,bot_49,2786,w,23,48.45,25,90.2,124,33.8,0
e1-50,binary,50,bot_49,2786,w,25,52.44,25,95.37,130,34.63,0
e1-50,binary,50,bot_49,2786,w,27,54.54,25,87.1,105,17.9,0
e1-50,binary,50,bot_49,2786,w,29,37.5,25,93.99,117,23.01,0
e1-50,binary,50,bot_49,2786,w,31,25.45,25,118.86,141,22.14,0
e1-50,binary,50,bot_49,2786,w,33,31.85,25,143.56,158,14.44,0
e1-50,binary,50,bot_49,2786,w,35,23.74,25,123.14,123,-0.14,0
e1-50,binary,50,bot_49,2786,w,37,14.87,25,152.23,155,2.77,0
e1-50,binary,50,bot_49,2786,w,39,119.31,25,130.11,124,-6.11,0
e1-50,binary,50,bot_49,2786,w,41,71.79,25,62.99,128,65.01,0
e1-50,binary,50,bot_49,2786,w,43,53.36,25,74.86,141,66.14,0
e1-50,binary,50,bot_49,2786,w,45,63.72,25,86.15,131,44.85,0
e1-50,binary,50,bot_49,2786,w,47,15.57,25,72.37,110,37.63,0
e1-50,binary,50,bot_49,2786,w,49,37.62,25,102.74,140,37.26,0
e1-50,binary,50,bot_49,2786,w,51,37.43,25,92.95,121,28.05,0
e1-50,binary,50,bot_49,2786,w,53,21.35,25,82.56,114,31.44,0
e1-50,binary,50,bot_49,2786,w,55,27.03,25,66.98,72,5.02,0
e1-50,binary,50,bot_49,2786,w,57,18.79,25,86.48,90,3.52,0
e1-50,binary,50,bot_49,2786,w,59,10.44,25,83.45,86,2.55,0
e1-50,binary,50,bot_50,2786,b,2,20.62,25,67.4,88,20.6,0
e1-50,binary,50,bot_50,2786,b,4,25.07,25,57.83,79,21.17,0
e1-50,binary,50,bot_50,2786,b,6,14.96,25,65.91,87,21.09,0
e1-50,binary,50,bot_50,2786,b,8,11.66,25,63.28,77,13.72,0
e1-50,binary,50,bot_50,2786,b,10,27.81,25,106.82,116,9.18,0
e1-50,binary,50,bot_50,2786,b,12,24.32,25,77.05,109,31.95,0
e1-50,binary,50,bot_50,2786,b,14,12.16,25,90.43,110,19.57,0
e1-50,binary,50,bot_50,2786,b,16,17.48,25,84.04,112,27.96,0
e1-50,binary,50,bot_50,2786,b,18,12.23,25,100.51,112,11.49,0
e1-50,binary,50,bot_50,2786,b,20,50.77,25,113.32,124,10.68,0
e1-50,binary,50,bot_50,2786,b,22,49.71,25,62.36,108,45.64,0
e1-50,binary,50,bot_50,2786,b,24,49.71,25,97.47,144,46.53,0
e1-50,binary,50,bot_50,2786,b,26,33.45,25,104.31,154,49.69,0
e1-50,binary,50,bot_50,2786,b,28,39.38,25,132.41,185,52.59,0
e1-50,binary,50,bot_50,2786,b,30,38.22,25,136.53,172,35.47,0
e1-50,binary,50,bot_50,2786,b,32,30.7,25,141.14,164,22.86,0
e1-50,binary,50,bot_50,2786,b,34,15.53,25,138.13,168,29.87,0
e1-50,binary,50,bot_50,2786,b,36,15.71,25,148.45,170,21.55,0
e1-50,binary,50,bot_50,2786,b,38,6.99,25,145.7,159,13.3,0
e1-50,binary,50,bot_50,2786,b,40,77.7,25,82.93,200,117.07,0
e1-50,binary,50,bot_50,2786,b,42,80.4,25,103.89,174,70.11,0
e1-50,binary,50,bot_50,2786,b,44,58.43,25,110.21,162,51.79,0
e1-50,binary,50,bot_50,2786,b,46,51.5,25,85.53,148,62.47,0
e1-50,binary,50,bot_50,2786,b,48,50.38,25,127.82,142,14.18,0
e1-50,binary,50,bot_50,2786,b,50,40.64,25,71.64,106,34.36,0
e1-50,binary,50,bot_50,2786,b,52,44.14,25,110.96,146,35.04,0
e1-50,binary,50,bot_50,2786,b,54,17.88,25,93.38,114,20.62,0
e1-50,binary,50,bot_50,2786,b,56,17.12,25,86.27,112,25.73,0
e1-50,binary,50,bot_50,2786,b,58,15.73,25,98.73,116,17.27,0
e1-50,binary,50,bot_50,2786,b,60,5.79,25,75.52,84,8.48,0
e1-50,binary,50,bot_51,2787,w,1,5.69,25,80.17,81,0.83,0
e1-50,binary,50,bot_51,2787,w,3,34.69,25,85.48,92,6.52,0
e1-50,binary,50,bot_51,2787,w,5,23.55,25,54.41,79,24.59,0
e1-50,binary,50,bot_51,2787,w,7,19.71,25,70.86,81,10.14,0
e1-50,binary,50,bot_51,2787,w,9,20.87,25,99.77,117,17.23,0
e1-50,binary,50,bot_51,2787,w,11,49.63,25,64.98,102,37.02,0
e1-50,binary,50,bot_51,2787,w,13,24.14,25,61.13,99,37.87,0
e1-50,binary,50,bot_51,2787,w,15,33.11,25,81.92,111,29.08,0
e1-50,binary,50,bot_51,2787,w,17,30.35,25,94.66,123,28.34,0
e1-50,binary,50,bot_51,2787,w,19,18.21,25,98.45,116,17.55,0
e1-50,binary,50,bot_51,2787,w,21,18.36,25,95.61,111,15.39,0
e1-50,binary,50,bot_51,2787,w,23,8.99,25,135.73,150,14.27,0
e1-50,binary,50,bot_51,2787,w,25,52.5,25,64.49,147,82.51,0
e1-50,binary,50,bot_51,2787,w,27,48.49,25,83.34,164,80.66,0
e1-50,binary,50,bot_51,2787,w,29,54.99,25,89.51,173,83.49,0
e1-50,binary,50,bot_51,2787,w,31,67.36,25,108.13,170,61.87,0
e1-50,binary,50,bot_51,2787,w,33,57.5,25,94.91,146,51.09,0
e1-50,binary,50,bot_51,2787,w,35,90.13,25,74.79,113,38.21,0
e1-50,binary,50,bot_51,2787,w,37,66.56,25,83.72,144,60.28,0
e1-50,binary,50,bot_51,2787,w,39,69.4,25,89.9,178,88.1,0
e1-50,binary,50,bot_51,2787,w,41,68.02,25,116.52,163,46.48,0
e1-50,binary,50,bot_51,2787,w,43,50.02,25,118.47,150,31.53,0
e1-50,binary,50,bot_51,2787,w,45,37.15,25,98.99,136,37.01,0
e1-50,binary,50,bot_51,2787,w,47,35.49,25,98.54,126,27.46,0
e1-50,binary,50,bot_51,2787,w,49,36.53,25,75.11,95,19.89,0
e1-50,binary,50,bot_51,2787,w,51,37.92,25,117.16,139,21.84,0
e1-50,binary,50,bot_51,2787,w,53,13.96,25,97.36,105,7.64,0
e1-50,binary,50,bot_51,2787,w,55,13.39,25,90.19,100,9.81,0
e1-50,binary,50,bot_51,2787,w,57,14.22,25,100.45,105,4.55,0
e1-50,binary,50,bot_51,2787,w,59,2.2,25,79.11,73,-6.11,0
e1-50,binary,50,bot_52,2787,b,2,6.8,25,79.83,85,5.17,0
e1-50,binary,50,bot_52,2787,b,4,26.22,25,72.33,104,31.67,0
e1-50,binary,50,bot_52,2787,b,6,11.99,25,61.07,83,21.93,0
e1-50,binary,50,bot_52,2787,b,8,19.12,25,87.71,105,17.29,0
e1-50,binary,50,bot_52,2787,b,10,37.65,25,106.3,126,19.7,0
e1-50,binary,50,bot_52,2787,b,12,39.47,25,76.54,124,47.46,0
e1-50,binary,50,bot_52,2787,b,14,30.53,25,87.64,111,23.36,0
e1-50,binary,50,bot_52,2787,b,16,29.46,25,78.68,109,30.32,0
e1-50,binary,50,bot_52,2787,b,18,18.83,25,98.88,127,28.12,0
e1-50,binary,50,bot_52,2787,b,20,16.93,25,107.34,123,15.66,0
e1-50,binary,50,bot_52,2787,b,22,15.37,25,123.88,141,17.12,0
e1-50,binary,50,bot_52,2787,b,24,84.18,25,140.14,147,6.86,0
e1-50,binary,50,bot_52,2787,b,26,82.31,25,98.28,149,50.72,0
e1-50,binary,50,bot_52,2787,b,28,85.32,25,92.84,139,46.16,0
e1-50,binary,50,bot_52,2787,b,30,63.39,25,99.08,153,53.92,0
e1-50,binary,50,bot_52,2787,b,32,52.24,25,115.89,182,66.11,0
e1-50,binary,50,bot_52,2787,b,34,51.61,25,101.96,157,55.04,0
e1-50,binary,50,bot_52,2787,b,36,74.8,25,73.57,149,75.43,0
e1-50,binary,50,bot_52,2787,b,38,103.14,25,73.78,126,52.22,0
e1-50,binary,50,bot_52,2787,b,40,60.64,25,74.35,129,54.65,0
e1-50,binary,50,bot_52,2787,b,42,44.77,25,82.81,136,53.19,0
e1-50,binary,50,bot_52,2787,b,44,50.36,25,100.32,135,34.68,0
e1-50,binary,50,bot_52,2787,b,46,41.57,25,91.69,113,21.31,0
e1-50,binary,50,bot_52,2787,b,48,35.1,25,104.27,125,20.73,0
e1-50,binary,50,bot_52,2787,b,50,36.29,25,94.07,116,21.93,0
e1-50,binary,50,bot_52,2787,b,52,20.34,25,83.48,106,22.52,0
e1-50,binary,50,bot_52,2787,b,54,23.86,25,70.08,69,-1.08,0
e1-50,binary,50,bot_52,2787,b,56,18.8,25,86.2,85,-1.2,0
e1-50,binary,50,bot_52,2787,b,58,7.44,25,86.13,86,-0.12,0
e1-50,binary,50,bot_52,2787,b,60,5.41,25,95.01,82,-13.01,0
e1-50,binary,50,bot_53,2788,w,1,34.09,25,81.52,76,-5.52,0
e1-50,binary,50,bot_53,2788,w,3,24.8,25,73.82,96,22.18,0
e1-50,binary,50,bot_53,2788,w,5,10.09,25,62.64,73,10.36,0
e1-50,binary,50,bot_53,2788,w,7,16.07,25,90.78,96,5.22,0
e1-50,binary,50,bot_53,2788,w,9,35.93,25,108.02,117,8.98,0
e1-50,binary,50,bot_53,2788,w,11,36.44,25,79.4,115,35.6,0
e1-50,binary,50,bot_53,2788,w,13,30.2,25,87.94,99,11.06,0
e1-50,binary,50,bot_53,2788,w,15,27.11,25,81.04,101,19.96,0
e1-50,binary,50,bot_53,2788,w,17,17,25,100.7,118,17.3,0
e1-50,binary,50,bot_53,2788,w,19,15.03,25,109.26,116,6.74,0
e1-50,binary,50,bot_53,2788,w,21,13.74,25,125.61,132,6.39,0
e1-50,binary,50,bot_53,2788,w,23,72.06,25,85.34,148,62.66,0
e1-50,binary,50,bot_53,2788,w,25,77.39,25,103.41,141,37.59,0
e1-50,binary,50,bot_53,2788,w,27,80.89,25,97.53,132,34.47,0
e1-50,binary,50,bot_53,2788,w,29,62.39,25,100.01,140,39.99,0
e1-50,binary,50,bot_53,2788,w,31,46.2,25,121.94,174,52.06,0
e1-50,binary,50,bot_53,2788,w,33,47.28,25,106.29,147,40.71,0
e1-50,binary,50,bot_53,2788,w,35,71.73,25,76.72,146,69.28,0
e1-50,binary,50,bot_53,2788,w,37,102.61,25,74.36,120,45.64,0
e1-50,binary,50,bot_53,2788,w,39,58.05,25,77,124,47,0
e1-50,binary,50,bot_53,2788,w,41,42.15,25,85.37,130,44.63,0
e1-50,binary,50,bot_53,2788,w,43,47.82,25,102.92,130,27.08,0
e1-50,binary,50,bot_53,2788,w,45,40.02,25,93.39,108,14.61,0
e1-50,binary,50,bot_53,2788,w,47,32.92,25,106.49,122,15.51,0
e1-50,binary,50,bot_53,2788,w,49,31.91,25,98.54,113,14.46,0
e1-50,binary,50,bot_53,2788,w,51,17.73,25,86.13,101,14.87,0
e1-50,binary,50,bot_53,2788,w,53,20.07,25,73.92,66,-7.92,0
e1-50,binary,50,bot_53,2788,w,55,14.87,25,90.13,81,-9.13,0
e1-50,binary,50,bot_53,2788,w,57,43.67,25,88.54,79,-9.54,0
e1-50,binary,50,bot_53,2788,w,59,22.93,25,56.39,74,17.61,0
e1-50,binary,50,bot_54,2788,b,2,34.36,25,56.91,81,24.09,0
e1-50,binary,50,bot_54,2788,b,4,21.59,25,56.71,70,13.29,0
e1-50,binary,50,bot_54,2788,b,6,16.88,25,73.83,72,-1.83,0
e1-50,binary,50,bot_54,2788,b,8,19.15,25,101.57,106,4.43,0
e1-50,binary,50,bot_54,2788,b,10,47.34,25,67.42,91,23.58,0
e1-50,binary,50,bot_54,2788,b,12,22.19,25,63.35,88,24.65,0
e1-50,binary,50,bot_54,2788,b,14,29.93,25,85.21,102,16.79,0
e1-50,binary,50,bot_54,2788,b,16,29.05,25,95.98,111,15.02,0
e1-50,binary,50,bot_54,2788,b,18,17.08,25,99.37,104,4.63,0
e1-50,binary,50,bot_54,2788,b,20,17.18,25,97.03,101,3.97,0
e1-50,binary,50,bot_54,2788,b,22,74.31,25,137.5,139,1.5,0
e1-50,binary,50,bot_54,2788,b,24,48.65,25,67.88,127,59.12,0
e1-50,binary,50,bot_54,2788,b,26,45.95,25,85.23,151,65.77,0
e1-50,binary,50,bot_54,2788,b,28,51.34,25,93.14,162,68.86,0
e1-50,binary,50,bot_54,2788,b,30,62.93,25,112.25,163,50.75,0
e1-50,binary,50,bot_54,2788,b,32,51.6,25,100.86,135,34.14,0
e1-50,binary,50,bot_54,2788,b,34,90.11,25,74.45,100,25.55,0
e1-50,binary,50,bot_54,2788,b,36,65.77,25,84.29,133,48.71,0
e1-50,binary,50,bot_54,2788,b,38,68.07,25,91.12,172,80.88,0
e1-50,binary,50,bot_54,2788,b,40,65.88,25,118.8,155,36.2,0
e1-50,binary,50,bot_54,2788,b,42,48.75,25,119.71,140,20.29,0
e1-50,binary,50,bot_54,2788,b,44,35.81,25,100.2,126,25.8,0
e1-50,binary,50,bot_54,2788,b,46,34.55,25,99.4,118,18.6,0
e1-50,binary,50,bot_54,2788,b,48,35.05,25,76.42,87,10.58,0
e1-50,binary,50,bot_54,2788,b,50,36.09,25,118.72,129,10.28,0
e1-50,binary,50,bot_54,2788,b,52,12.85,25,98.29,95,-3.29,0
e1-50,binary,50,bot_54,2788,b,54,12.11,25,91.83,90,-1.83,0
e1-50,binary,50,bot_54,2788,b,56,12.07,25,102.59,96,-6.59,0
e1-50,binary,50,bot_54,2788,b,58,39.28,25,64.12,86,21.88,0
e1-50,binary,50,bot_54,2788,b,60,23.99,25,59.3,61,1.7,0
e1-50,binary,50,bot_55,2789,w,1,32.18,25,93.64,95,1.36,0
e1-50,binary,50,bot_55,2789,w,3,22.94,25,58.68,92,33.32,0
e1-50,binary,50,bot_55,2789,w,5,3.66,25,54.74,75,20.26,0
e1-50,binary,50,bot_55,2789,w,7,37.57,25,97.59,125,27.41,0
e1-50,binary,50,bot_55,2789,w,9,35.03,25,68.75,112,43.25,0
e1-50,binary,50,bot_55,2789,w,11,24.01,25,78.49,112,33.51,0
e1-50,binary,50,bot_55,2789,w,13,30.84,25,69.67,111,41.33,0
e1-50,binary,50,bot_55,2789,w,15,28.51,25,83.37,113,29.63,0
e1-50,binary,50,bot_55,2789,w,17,28.2,25,93.18,120,26.82,0
e1-50,binary,50,bot_55,2789,w,19,12.08,25,94.56,113,18.44,0
e1-50,binary,50,bot_55,2789,w,21,13.9,25,129.87,144,14.13,0
e1-50,binary,50,bot_55,2789,w,23,46.54,25,92.52,165,72.48,0
e1-50,binary,50,bot_55,2789,w,25,51.26,25,121.53,188,66.47,0
e1-50,binary,50,bot_55,2789,w,27,47.12,25,127.02,184,56.98,0
e1-50,binary,50,bot_55,2789,w,29,45.78,25,125.43,165,39.57,0
e1-50,binary,50,bot_55,2789,w,31,30.78,25,123.36,170,46.64,0
e1-50,binary,50,bot_55,2789,w,33,30.98,25,132.76,168,35.24,0
e1-50,binary,50,bot_55,2789,w,35,18.93,25,133.68,161,27.32,0
e1-50,binary,50,bot_55,2789,w,37,20.52,25,171.75,184,12.25,0
e1-50,binary,50,bot_55,2789,w,39,14.6,25,155.59,166,10.41,0
e1-50,binary,50,bot_55,2789,w,41,73.39,25,95.52,160,64.48,0
e1-50,binary,50,bot_55,2789,w,43,67.69,25,69.4,144,74.6,0
e1-50,binary,50,bot_55,2789,w,45,18.7,25,117.23,142,24.77,0
e1-50,binary,50,bot_55,2789,w,47,12.92,25,95.46,107,11.54,0
e1-50,binary,50,bot_55,2789,w,49,62.2,25,93.38,142,48.62,0
e1-50,binary,50,bot_55,2789,w,51,5.56,25,105.63,110,4.38,0
e1-50,binary,50,bot_55,2789,w,53,30.98,25,71.8,108,36.2,0
e1-50,binary,50,bot_55,2789,w,55,27.91,25,85.23,115,29.77,0
e1-50,binary,50,bot_55,2789,w,57,5.75,25,65.17,82,16.83,0
e1-50,binary,50,bot_55,2789,w,59,11.07,25,85.39,97,11.61,0
e1-50,binary,50,bot_56,2789,b,2,33.84,25,71.72,96,24.28,0
e1-50,binary,50,bot_56,2789,b,4,20.98,25,59.27,74,14.73,0
e1-50,binary,50,bot_56,2789,b,6,29.06,25,86.59,83,-3.59,0
e1-50,binary,50,bot_56,2789,b,8,44.18,25,78.95,108,29.05,0
e1-50,binary,50,bot_56,2789,b,10,35.59,25,84.83,113,28.17,0
e1-50,binary,50,bot_56,2789,b,12,41.64,25,71.64,89,17.36,0
e1-50,binary,50,bot_56,2789,b,14,30.03,25,87.7,110,22.3,0
e1-50,binary,50,bot_56,2789,b,16,26.28,25,102.76,124,21.24,0
e1-50,binary,50,bot_56,2789,b,18,19.75,25,99.16,120,20.84,0
e1-50,binary,50,bot_56,2789,b,20,15.53,25,118.43,123,4.57,0
e1-50,binary,50,bot_56,2789,b,22,73.72,25,136.08,142,5.92,0
e1-50,binary,50,bot_56,2789,b,24,67.67,25,73.41,112,38.59,0
e1-50,binary,50,bot_56,2789,b,26,57.74,25,73.48,117,43.52,0
e1-50,binary,50,bot_56,2789,b,28,40.76,25,103.92,144,40.08,0
e1-50,binary,50,bot_56,2789,b,30,47.35,25,128.35,166,37.65,0
e1-50,binary,50,bot_56,2789,b,32,38.03,25,107.96,131,23.04,0
e1-50,binary,50,bot_56,2789,b,34,30.03,25,138.34,163,24.66,0
e1-50,binary,50,bot_56,2789,b,36,14.14,25,120.92,133,12.08,0
e1-50,binary,50,bot_56,2789,b,38,13.84,25,125.16,139,13.84,0
e1-50,binary,50,bot_56,2789,b,40,66.3,25,153.82,162,8.18,0
e1-50,binary,50,bot_56,2789,b,42,78.7,25,71.15,137,65.85,0
e1-50,binary,50,bot_56,2789,b,44,25.89,25,61.39,122,60.61,0
e1-50,binary,50,bot_56,2789,b,46,13.39,25,130.2,142,11.8,0
e1-50,binary,50,bot_56,2789,b,48,51.87,25,121.57,128,6.43,0
e1-50,binary,50,bot_56,2789,b,50,6.01,25,71.98,128,56.02,0
e1-50,binary,50,bot_56,2789,b,52,38.16,25,81.71,80,-1.71,0
e1-50,binary,50,bot_56,2789,b,54,32.56,25,72.99,97,24.01,0
e1-50,binary,50,bot_56,2789,b,56,18.76,25,77.08,99,21.92,0
e1-50,binary,50,bot_56,2789,b,58,14.29,25,96.79,95,-1.79,0
e1-50,binary,50,bot_56,2789,b,60,6.98,25,84.53,89,4.47,0
e1-50,binary,50,bot_57,2790,w,1,32.27,25,73.31,104,30.69,0
e1-50,binary,50,bot_57,2790,w,3,20.09,25,60.21,81,20.79,0
e1-50,binary,50,bot_57,2790,w,5,21.34,25,78.09,97,18.91,0
e1-50,binary,50,bot_57,2790,w,7,42.46,25,80.74,113,32.26,0
e1-50,binary,50,bot_57,2790,w,9,33.28,25,87.13,119,31.87,0
e1-50,binary,50,bot_57,2790,w,11,40.13,25,73.14,94,20.86,0
e1-50,binary,50,bot_57,2790,w,13,27.9,25,89.73,116,26.27,0
e1-50,binary,50,bot_57,2790,w,15,23.99,25,105.1,130,24.9,0
e1-50,binary,50,bot_57,2790,w,17,17.9,25,100.99,126,25.01,0
e1-50,binary,50,bot_57,2790,w,19,13.65,25,120.33,130,9.67,0
e1-50,binary,50,bot_57,2790,w,21,63.42,25,84.2,158,73.8,0
e1-50,binary,50,bot_57,2790,w,23,66.58,25,74.5,119,44.5,0
e1-50,binary,50,bot_57,2790,w,25,56.08,25,75.11,124,48.89,0
e1-50,binary,50,bot_57,2790,w,27,38.88,25,105.69,151,45.31,0
e1-50,binary,50,bot_57,2790,w,29,45.5,25,130.16,173,42.84,0
e1-50,binary,50,bot_57,2790,w,31,37.1,25,109.01,137,27.99,0
e1-50,binary,50,bot_57,2790,w,33,28.03,25,140.07,167,26.93,0
e1-50,binary,50,bot_57,2790,w,35,12.9,25,122.14,137,14.86,0
e1-50,binary,50,bot_57,2790,w,37,12.07,25,126.92,144,17.08,0
e1-50,binary,50,bot_57,2790,w,39,65.4,25,154.64,166,11.36,0
e1-50,binary,50,bot_57,2790,w,41,77.1,25,72.77,142,69.23,0
e1-50,binary,50,bot_57,2790,w,43,24.99,25,62.33,123,60.67,0
e1-50,binary,50,bot_57,2790,w,45,12.37,25,131.15,145,13.85,0
e1-50,binary,50,bot_57,2790,w,47,50.45,25,122.99,131,8.01,0
e1-50,binary,50,bot_57,2790,w,49,5.01,25,72.71,128,55.29,0
e1-50,binary,50,bot_57,2790,w,51,34.71,25,58.87,85,26.13,0
e1-50,binary,50,bot_57,2790,w,53,31.15,25,74.3,101,26.7,0
e1-50,binary,50,bot_57,2790,w,55,18.01,25,77.59,100,22.41,0
e1-50,binary,50,bot_57,2790,w,57,13.66,25,87.27,98,10.73,0
e1-50,binary,50,bot_57,2790,w,59,31.69,25,85.79,92,6.21,0
e1-50,binary,50,bot_58,2790,b,2,21.46,25,59.95,86,26.05,0
e1-50,binary,50,bot_58,2790,b,4,19.03,25,56.36,70,13.64,0
e1-50,binary,50,bot_58,2790,b,6,34.71,25,99.84,113,13.16,0
e1-50,binary,50,bot_58,2790,b,8,32.61,25,70.87,106,35.13,0
e1-50,binary,50,bot_58,2790,b,10,21.32,25,80.89,106,25.11,0
e1-50,binary,50,bot_58,2790,b,12,27.97,25,72.76,106,33.24,0
e1-50,binary,50,bot_58,2790,b,14,26.49,25,85.68,107,21.32,0
e1-50,binary,50,bot_58,2790,b,16,25.91,25,95.09,112,16.91,0
e1-50,binary,50,bot_58,2790,b,18,10.95,25,95.68,106,10.32,0
e1-50,binary,50,bot_58,2790,b,20,74.51,25,131.95,140,8.05,0
e1-50,binary,50,bot_58,2790,b,22,45.84,25,92.7,149,56.3,0
e1-50,binary,50,bot_58,2790,b,24,49.89,25,122.69,183,60.31,0
e1-50,binary,50,bot_58,2790,b,26,45.91,25,128.48,178,49.52,0
e1-50,binary,50,bot_58,2790,b,28,43.48,25,128,160,32,0
e1-50,binary,50,bot_58,2790,b,30,28.63,25,125.31,164,38.69,0
e1-50,binary,50,bot_58,2790,b,32,29.16,25,134.83,166,31.17,0
e1-50,binary,50,bot_58,2790,b,34,16.54,25,136.13,159,22.87,0
e1-50,binary,50,bot_58,2790,b,36,18.76,25,173.78,180,6.22,0
e1-50,binary,50,bot_58,2790,b,38,13.14,25,157.18,164,6.82,0
e1-50,binary,50,bot_58,2790,b,40,71.12,25,97.82,158,60.18,0
e1-50,binary,50,bot_58,2790,b,42,63.66,25,73.41,145,71.59,0
e1-50,binary,50,bot_58,2790,b,44,16.39,25,119.47,140,20.53,0
e1-50,binary,50,bot_58,2790,b,46,10.1,25,98.37,105,6.63,0
e1-50,binary,50,bot_58,2790,b,48,57.82,25,97.92,143,45.08,0
e1-50,binary,50,bot_58,2790,b,50,29.05,25,108.49,109,0.51,0
e1-50,binary,50,bot_58,2790,b,52,28.61,25,74.54,103,28.46,0
e1-50,binary,50,bot_58,2790,b,54,24.5,25,89.25,115,25.75,0
e1-50,binary,50,bot_58,2790,b,56,13.07,25,68.22,81,12.78,0
e1-50,binary,50,bot_58,2790,b,58,8.36,25,88.53,96,7.47,0
e1-50,binary,50,bot_58,2790,b,60,38.53,25,69.23,96,26.77,0
e1-50,binary,50,bot_59,2791,w,1,4.4,25,52.35,69,16.65,0
e1-50,binary,50,bot_59,2791,w,3,25.05,25,65.63,63,-2.62,0
e1-50,binary,50,bot_59,2791,w,5,33.37,25,86.94,93,6.06,0
e1-50,binary,50,bot_59,2791,w,7,53.49,25,61.11,84,22.89,0
e1-50,binary,50,bot_59,2791,w,9,26.85,25,58.32,84,25.68,0
e1-50,binary,50,bot_59,2791,w,11,38.52,25,76.5,93,16.5,0
e1-50,binary,50,bot_59,2791,w,13,32.8,25,92.27,108,15.73,0
e1-50,binary,50,bot_59,2791,w,15,24.8,25,92.16,97,4.84,0
e1-50,binary,50,bot_59,2791,w,17,25.3,25,88.38,91,2.62,0
e1-50,binary,50,bot_59,2791,w,19,16.06,25,129.19,132,2.81,0
e1-50,binary,50,bot_59,2791,w,21,7.37,25,128.23,128,-0.23,0
e1-50,binary,50,bot_59,2791,w,23,54.65,25,79.43,161,81.57,0
e1-50,binary,50,bot_59,2791,w,25,59.34,25,85.54,162,76.46,0
e1-50,binary,50,bot_59,2791,w,27,77.04,25,98.94,152,53.06,0
e1-50,binary,50,bot_59,2791,w,29,67.32,25,85.12,128,42.88,0
e1-50,binary,50,bot_59,2791,w,31,87.94,25,76.64,108,31.36,0
e1-50,binary,50,bot_59,2791,w,33,63.91,25,86.02,130,43.98,0
e1-50,binary,50,bot_59,2791,w,35,65.25,25,93.92,164,70.08,0
e1-50,binary,50,bot_59,2791,w,37,61.66,25,123.07,151,27.93,0
e1-50,binary,50,bot_59,2791,w,39,46,25,122.46,134,11.54,0
e1-50,binary,50,bot_59,2791,w,41,33.75,25,102.22,121,18.78,0
e1-50,binary,50,bot_59,2791,w,43,32.97,25,100.86,111,10.14,0
e1-50,binary,50,bot_59,2791,w,45,32.36,25,79.01,82,2.99,0
e1-50,binary,50,bot_59,2791,w,47,32.15,25,122.5,123,0.5,0
e1-50,binary,50,bot_59,2791,w,49,12.44,25,98.58,87,-11.58,0
e1-50,binary,50,bot_59,2791,w,51,10.24,25,93.77,79,-14.77,0
e1-50,binary,50,bot_59,2791,w,53,41.33,25,104.43,87,-17.43,0
e1-50,binary,50,bot_59,2791,w,55,37.15,25,66.21,76,9.79,0
e1-50,binary,50,bot_59,2791,w,57,21.26,25,61.95,54,-7.95,0
e1-50,binary,50,bot_59,2791,w,59,33.27,25,73.9,63,-10.9,0
e1-50,binary,50,bot_60,2791,b,2,14.65,25,80.1,67,-13.1,0
e1-50,binary,50,bot_60,2791,b,4,24.05,25,82.55,90,7.45,0
e1-50,binary,50,bot_60,2791,b,6,40.73,25,103.51,117,13.49,0
e1-50,binary,50,bot_60,2791,b,8,43.84,25,72.63,108,35.37,0
e1-50,binary,50,bot_60,2791,b,10,34.89,25,83.15,92,8.85,0
e1-50,binary,50,bot_60,2791,b,12,33.55,25,74.63,94,19.37,0
e1-50,binary,50,bot_60,2791,b,14,23.21,25,94.49,108,13.51,0
e1-50,binary,50,bot_60,2791,b,16,21.17,25,103.14,110,6.86,0
e1-50,binary,50,bot_60,2791,b,18,21,25,117.82,125,7.18,0
e1-50,binary,50,bot_60,2791,b,20,17.57,25,132.31,129,-3.31,0
e1-50,binary,50,bot_60,2791,b,22,100.46,25,133.79,124,-9.79,0
e1-50,binary,50,bot_60,2791,b,24,94.96,25,82.51,118,35.49,0
e1-50,binary,50,bot_60,2791,b,26,71.32,25,91.2,131,39.8,0
e1-50,binary,50,bot_60,2791,b,28,60.34,25,107.86,166,58.14,0
e1-50,binary,50,bot_60,2791,b,30,59.84,25,95.65,143,47.35,0
e1-50,binary,50,bot_60,2791,b,32,71.98,25,76.65,139,62.35,0
e1-50,binary,50,bot_60,2791,b,34,97.48,25,79.57,116,36.43,0
e1-50,binary,50,bot_60,2791,b,36,55.13,25,80.09,118,37.91,0
e1-50,binary,50,bot_60,2791,b,38,38.41,25,88.9,124,35.1,0
e1-50,binary,50,bot_60,2791,b,40,45.2,25,105.56,124,18.44,0
e1-50,binary,50,bot_60,2791,b,42,37.09,25,96.83,104,7.17,0
e1-50,binary,50,bot_60,2791,b,44,30.09,25,109.48,116,6.52,0
e1-50,binary,50,bot_60,2791,b,46,27.81,25,103.02,109,5.98,0
e1-50,binary,50,bot_60,2791,b,48,14.81,25,89.45,94,4.55,0
e1-50,binary,50,bot_60,2791,b,50,13.69,25,80.45,66,-14.45,0
e1-50,binary,50,bot_60,2791,b,52,9.55,25,95.5,79,-16.5,0
e1-50,binary,50,bot_60,2791,b,54,36.72,25,64.67,79,14.33,0
e1-50,binary,50,bot_60,2791,b,56,18.38,25,61.06,72,10.94,0
e1-50,binary,50,bot_60,2791,b,58,16.2,25,74.56,70,-4.56,0
e1-50,binary,50,bot_60,2791,b,60,20.06,25,65.44,72,6.56,0
e1-50,binary,50,bot_61,2792,w,1,15.74,25,79.29,72,-7.29,0
e1-50,binary,50,bot_61,2792,w,3,26.26,25,80.11,92,11.89,0
e1-50,binary,50,bot_61,2792,w,5,55.46,25,113.97,108,-5.97,0
e1-50,binary,50,bot_61,2792,w,7,46.17,25,70.49,111,40.51,0
e1-50,binary,50,bot_61,2792,w,9,36.62,25,81.17,95,13.83,0
e1-50,binary,50,bot_61,2792,w,11,34.23,25,73.85,99,25.15,0
e1-50,binary,50,bot_61,2792,w,13,24.52,25,93.1,112,18.9,0
e1-50,binary,50,bot_61,2792,w,15,22.87,25,101.38,112,10.62,0
e1-50,binary,50,bot_61,2792,w,17,22.65,25,116.03,129,12.97,0
e1-50,binary,50,bot_61,2792,w,19,20.12,25,129.77,133,3.23,0
e1-50,binary,50,bot_61,2792,w,21,15.93,25,127.85,122,-5.85,0
e1-50,binary,50,bot_61,2792,w,23,98.23,25,78.13,124,45.87,0
e1-50,binary,50,bot_61,2792,w,25,78.05,25,84.28,131,46.72,0
e1-50,binary,50,bot_61,2792,w,27,67.92,25,100.2,167,66.8,0
e1-50,binary,50,bot_61,2792,w,29,66.15,25,90.08,146,55.92,0
e1-50,binary,50,bot_61,2792,w,31,70.44,25,78.32,139,60.68,0
e1-50,binary,50,bot_61,2792,w,33,95.41,25,81.62,120,38.38,0
e1-50,binary,50,bot_61,2792,w,35,53.19,25,82.02,122,39.98,0
e1-50,binary,50,bot_61,2792,w,37,35.37,25,91.87,127,35.13,0
e1-50,binary,50,bot_61,2792,w,39,43.79,25,106.97,128,21.03,0
e1-50,binary,50,bot_61,2792,w,41,36.54,25,97.48,105,7.52,0
e1-50,binary,50,bot_61,2792,w,43,28.32,25,111.32,121,9.68,0
e1-50,binary,50,bot_61,2792,w,45,24.42,25,106.47,114,7.53,0
e1-50,binary,50,bot_61,2792,w,47,12.73,25,91.55,98,6.45,0
e1-50,binary,50,bot_61,2792,w,49,9.62,25,84.54,72,-12.54,0
e1-50,binary,50,bot_61,2792,w,51,54.86,25,99.43,84,-15.43,0
e1-50,binary,50,bot_61,2792,w,53,32.75,25,68.75,74,5.25,0
e1-50,binary,50,bot_61,2792,w,55,13.82,25,65.7,78,12.3,0
e1-50,binary,50,bot_61,2792,w,57,10.97,25,79.77,75,-4.77,0
e1-50,binary,50,bot_61,2792,w,59,15.47,25,70.18,77,6.82,0
e1-50,binary,50,bot_62,2792,b,2,26.86,25,63.82,65,1.18,0
e1-50,binary,50,bot_62,2792,b,4,9.55,25,85.41,98,12.59,0
e1-50,binary,50,bot_62,2792,b,6,54.95,25,59.68,101,41.32,0
e1-50,binary,50,bot_62,2792,b,8,27.86,25,57.32,89,31.68,0
e1-50,binary,50,bot_62,2792,b,10,40.01,25,75.04,98,22.96,0
e1-50,binary,50,bot_62,2792,b,12,34.05,25,91.07,112,20.93,0
e1-50,binary,50,bot_62,2792,b,14,25.66,25,91.43,102,10.57,0
e1-50,binary,50,bot_62,2792,b,16,26.9,25,86.73,96,9.27,0
e1-50,binary,50,bot_62,2792,b,18,17.34,25,127.63,136,8.37,0
e1-50,binary,50,bot_62,2792,b,20,8.27,25,127.46,134,6.54,0
e1-50,binary,50,bot_62,2792,b,22,60.95,25,162.96,165,2.04,0
e1-50,binary,50,bot_62,2792,b,24,62.56,25,82.96,168,85.04,0
e1-50,binary,50,bot_62,2792,b,26,81.45,25,94.76,159,64.24,0
e1-50,binary,50,bot_62,2792,b,28,70.97,25,81.51,135,53.49,0
e1-50,binary,50,bot_62,2792,b,30,85.04,25,79.61,123,43.39,0
e1-50,binary,50,bot_62,2792,b,32,62.01,25,87.23,133,45.77,0
e1-50,binary,50,bot_62,2792,b,34,64.03,25,95.12,166,70.88,0
e1-50,binary,50,bot_62,2792,b,36,59.37,25,125.6,156,30.4,0
e1-50,binary,50,bot_62,2792,b,38,44.77,25,123.71,135,11.29,0
e1-50,binary,50,bot_62,2792,b,40,32.33,25,103.66,124,20.34,0
e1-50,binary,50,bot_62,2792,b,42,32.12,25,101.4,115,13.6,0
e1-50,binary,50,bot_62,2792,b,44,31.27,25,79.81,84,4.19,0
e1-50,binary,50,bot_62,2792,b,46,30.09,25,124.25,125,0.75,0
e1-50,binary,50,bot_62,2792,b,48,10.75,25,100.11,90,-10.11,0
e1-50,binary,50,bot_62,2792,b,50,8.47,25,95.76,81,-14.76,0
e1-50,binary,50,bot_62,2792,b,52,30.29,25,66.05,98,31.95,0
e1-50,binary,50,bot_62,2792,b,54,35.64,25,67.43,77,9.57,0
e1-50,binary,50,bot_62,2792,b,56,19.08,25,63.96,54,-9.96,0
e1-50,binary,50,bot_62,2792,b,58,30.8,25,76.45,63,-13.45,0
e1-50,binary,50,bot_62,2792,b,60,18.14,25,52.58,46,-6.58,0
e1-50,binary,50,bot_63,2793,w,1,31.68,25,58.98,71,12.02,0
e1-50,binary,50,bot_63,2793,w,3,14.69,25,80.4,107,26.6,0
e1-50,binary,50,bot_63,2793,w,5,12.17,25,87.19,102,14.81,0
e1-50,binary,50,bot_63,2793,w,7,5,25,52.95,101,48.05,0
e1-50,binary,50,bot_63,2793,w,9,44.73,25,111.68,110,-1.68,0
e1-50,binary,50,bot_63,2793,w,11,40.65,25,84.8,115,30.2,0
e1-50,binary,50,bot_63,2793,w,13,30.73,25,87.26,107,19.74,0
e1-50,binary,50,bot_63,2793,w,15,34.58,25,78.42,100,21.58,0
e1-50,binary,50,bot_63,2793,w,17,28.86,25,117.04,140,22.96,0
e1-50,binary,50,bot_63,2793,w,19,14.52,25,122.22,146,23.78,0
e1-50,binary,50,bot_63,2793,w,21,16.64,25,153.72,174,20.28,0
e1-50,binary,50,bot_63,2793,w,23,15.02,25,161.19,163,1.81,0
e1-50,binary,50,bot_63,2793,w,25,100.51,25,163.64,161,-2.64,0
e1-50,binary,50,bot_63,2793,w,27,77.73,25,74.59,146,71.41,0
e1-50,binary,50,bot_63,2793,w,29,81.23,25,83.5,145,61.5,0
e1-50,binary,50,bot_63,2793,w,31,61.77,25,87.37,135,47.63,0
e1-50,binary,50,bot_63,2793,w,33,58.12,25,101.17,167,65.83,0
e1-50,binary,50,bot_63,2793,w,35,50.68,25,134.65,159,24.35,0
e1-50,binary,50,bot_63,2793,w,37,35.07,25,133.42,143,9.58,0
e1-50,binary,50,bot_63,2793,w,39,27.38,25,108.64,128,19.36,0
e1-50,binary,50,bot_63,2793,w,41,27.27,25,106.28,117,10.72,0
e1-50,binary,50,bot_63,2793,w,43,21.55,25,89.21,90,0.79,0
e1-50,binary,50,bot_63,2793,w,45,21.76,25,132.43,129,-3.43,0
e1-50,binary,50,bot_63,2793,w,47,5.19,25,105.72,92,-13.72,0
e1-50,binary,50,bot_63,2793,w,49,31.08,25,75.89,92,16.11,0
e1-50,binary,50,bot_63,2793,w,51,28.69,25,67.57,89,21.43,0
e1-50,binary,50,bot_63,2793,w,53,29.97,25,72.84,80,7.16,0
e1-50,binary,50,bot_63,2793,w,55,11.87,25,71.16,59,-12.16,0
e1-50,binary,50,bot_63,2793,w,57,24.93,25,83.06,67,-16.06,0
e1-50,binary,50,bot_63,2793,w,59,11.62,25,59.19,50,-9.19,0
e1-50,binary,50,bot_64,2793,b,2,38.05,25,67.87,87,19.13,0
e1-50,binary,50,bot_64,2793,b,4,26.11,25,101.69,103,1.31,0
e1-50,binary,50,bot_64,2793,b,6,60.71,25,112.09,110,-2.09,0
e1-50,binary,50,bot_64,2793,b,8,10.47,25,93.59,84,-9.59,0
e1-50,binary,50,bot_64,2793,b,10,41.46,25,66.4,97,30.6,0
e1-50,binary,50,bot_64,2793,b,12,32.66,25,84.53,111,26.47,0
e1-50,binary,50,bot_64,2793,b,14,34.16,25,89.94,107,17.06,0
e1-50,binary,50,bot_64,2793,b,16,33.72,25,104.66,125,20.34,0
e1-50,binary,50,bot_64,2793,b,18,36.43,25,112.62,127,14.38,0
e1-50,binary,50,bot_64,2793,b,20,32,25,110.96,113,2.04,0
e1-50,binary,50,bot_64,2793,b,22,14.57,25,116.6,119,2.4,0
e1-50,binary,50,bot_64,2793,b,24,9.6,25,133.83,135,1.17,0
e1-50,binary,50,bot_64,2793,b,26,83.66,25,84.35,171,86.65,0
e1-50,binary,50,bot_64,2793,b,28,83.7,25,74.07,138,63.93,0
e1-50,binary,50,bot_64,2793,b,30,69.23,25,79.9,139,59.1,0
e1-50,binary,50,bot_64,2793,b,32,88.07,25,88.95,126,37.05,0
e1-50,binary,50,bot_64,2793,b,34,47.15,25,87.86,123,35.14,0
e1-50,binary,50,bot_64,2793,b,36,32.29,25,94.3,123,28.7,0
e1-50,binary,50,bot_64,2793,b,38,40.45,25,110.19,123,12.81,0
e1-50,binary,50,bot_64,2793,b,40,32.97,25,101.41,106,4.59,0
e1-50,binary,50,bot_64,2793,b,42,23.86,25,115.94,121,5.06,0
e1-50,binary,50,bot_64,2793,b,44,19.43,25,111.76,111,-0.76,0
e1-50,binary,50,bot_64,2793,b,46,8.25,25,95.96,94,-1.96,0
e1-50,binary,50,bot_64,2793,b,48,37.46,25,90.2,73,-17.2,0
e1-50,binary,50,bot_64,2793,b,50,44.16,25,74.5,83,8.5,0
e1-50,binary,50,bot_64,2793,b,52,28.8,25,72.61,78,5.39,0
e1-50,binary,50,bot_64,2793,b,54,10.13,25,69.71,77,7.29,0
e1-50,binary,50,bot_64,2793,b,56,6.28,25,84.01,74,-10.01,0
e1-50,binary,50,bot_64,2793,b,58,12.96,25,72.26,74,1.74,0
e1-50,binary,50,bot_64,2793,b,60,11.14,25,74.86,64,-10.86,0
e1-50,binary,50,bot_65,2794,w,1,20.39,25,79.14,88,8.86,0
e1-50,binary,50,bot_65,2794,w,3,41.47,25,81.86,107,25.14,0
e1-50,binary,50,bot_65,2794,w,5,32.08,25,88.31,110,21.69,0
e1-50,binary,50,bot_65,2794,w,7,38.88,25,74.36,83,8.64,0
e1-50,binary,50,bot_65,2794,w,9,25.6,25,91.81,107,15.19,0
e1-50,binary,50,bot_65,2794,w,11,23.06,25,105.86,116,10.14,0
e1-50,binary,50,bot_65,2794,w,13,15.52,25,103.3,113,9.7,0
e1-50,binary,50,bot_65,2794,w,15,68.94,25,123.27,122,-1.27,0
e1-50,binary,50,bot_65,2794,w,17,60.87,25,86.51,136,49.49,0
e1-50,binary,50,bot_65,2794,w,19,64.15,25,76.98,111,34.02,0
e1-50,binary,50,bot_65,2794,w,21,52.39,25,78.8,118,39.2,0
e1-50,binary,50,bot_65,2794,w,23,34.95,25,109.6,145,35.4,0
e1-50,binary,50,bot_65,2794,w,25,42.01,25,133.74,165,31.26,0
e1-50,binary,50,bot_65,2794,w,27,33.62,25,112.82,129,16.18,0
e1-50,binary,50,bot_65,2794,w,29,24.82,25,142.91,161,18.09,0
e1-50,binary,50,bot_65,2794,w,31,11.23,25,123.8,130,6.2,0
e1-50,binary,50,bot_65,2794,w,33,9.3,25,129.69,138,8.31,0
e1-50,binary,50,bot_65,2794,w,35,57.99,25,70.54,164,93.46,0
e1-50,binary,50,bot_65,2794,w,37,73.49,25,76.48,137,60.52,0
e1-50,binary,50,bot_65,2794,w,39,22.73,25,64.73,117,52.27,0
e1-50,binary,50,bot_65,2794,w,41,9.86,25,133.58,139,5.42,0
e1-50,binary,50,bot_65,2794,w,43,46.39,25,127.19,127,-0.19,0
e1-50,binary,50,bot_65,2794,w,45,27.76,25,75.27,122,46.73,0
e1-50,binary,50,bot_65,2794,w,47,31.62,25,61.86,79,17.14,0
e1-50,binary,50,bot_65,2794,w,49,26.51,25,78.84,96,17.16,0
e1-50,binary,50,bot_65,2794,w,51,15.35,25,79.95,92,12.05,0
e1-50,binary,50,bot_65,2794,w,53,9.15,25,91.64,91,-0.64,0
e1-50,binary,50,bot_65,2794,w,55,21.45,25,69.65,94,24.35,0
e1-50,binary,50,bot_65,2794,w,57,5.37,25,62.45,89,26.55,0
e1-50,binary,50,bot_65,2794,w,59,15.93,25,70.96,81,10.04,0
e1-50,binary,50,bot_66,2794,b,2,33.95,25,100.56,117,16.44,0
e1-50,binary,50,bot_66,2794,b,4,31.37,25,71.87,108,36.13,0
e1-50,binary,50,bot_66,2794,b,6,18.57,25,83.71,110,26.29,0
e1-50,binary,50,bot_66,2794,b,8,25.39,25,75.59,109,33.41,0
e1-50,binary,50,bot_66,2794,b,10,21.06,25,91.48,112,20.52,0
e1-50,binary,50,bot_66,2794,b,12,19.82,25,101.13,121,19.87,0
e1-50,binary,50,bot_66,2794,b,14,8.07,25,98.6,109,10.4,0
e1-50,binary,50,bot_66,2794,b,16,59.21,25,89.28,154,64.72,0
e1-50,binary,50,bot_66,2794,b,18,43.82,25,94.55,150,55.45,0
e1-50,binary,50,bot_66,2794,b,20,48.41,25,123.93,184,60.07,0
e1-50,binary,50,bot_66,2794,b,22,45.11,25,129.37,176,46.63,0
e1-50,binary,50,bot_66,2794,b,24,41.19,25,130.14,160,29.86,0
e1-50,binary,50,bot_66,2794,b,26,26.1,25,127.59,165,37.41,0
e1-50,binary,50,bot_66,2794,b,28,26.06,25,137.86,168,30.14,0
e1-50,binary,50,bot_66,2794,b,30,13.48,25,139.15,160,20.85,0
e1-50,binary,50,bot_66,2794,b,32,16.32,25,176.38,183,6.62,0
e1-50,binary,50,bot_66,2794,b,34,102.54,25,159.21,165,5.79,0
e1-50,binary,50,bot_66,2794,b,36,68.95,25,99.91,155,55.09,0
e1-50,binary,50,bot_66,2794,b,38,61.31,25,75.71,147,71.29,0
e1-50,binary,50,bot_66,2794,b,40,14.04,25,121.62,141,19.38,0
e1-50,binary,50,bot_66,2794,b,42,7.24,25,101.19,108,6.81,0
e1-50,binary,50,bot_66,2794,b,44,54.69,25,100.83,142,41.17,0
e1-50,binary,50,bot_66,2794,b,46,24.33,25,87.72,113,25.28,0
e1-50,binary,50,bot_66,2794,b,48,25.39,25,77.93,106,28.07,0
e1-50,binary,50,bot_66,2794,b,50,21.26,25,92.62,115,22.38,0
e1-50,binary,50,bot_66,2794,b,52,8.25,25,73.24,84,10.76,0
e1-50,binary,50,bot_66,2794,b,54,32.91,25,90.41,96,5.59,0
e1-50,binary,50,bot_66,2794,b,56,35.44,25,71.79,90,18.21,0
e1-50,binary,50,bot_66,2794,b,58,18.81,25,69.91,72,2.09,0
e1-50,binary,50,bot_66,2794,b,60,16.73,25,64.63,78,13.37,0
e1-50,binary,50,bot_67,2795,w,1,18.35,25,76.7,103,26.3,0
e1-50,binary,50,bot_67,2795,w,3,16.27,25,83.8,94,10.2,0
e1-50,binary,50,bot_67,2795,w,5,7.32,25,95.05,87,-8.05,0
e1-50,binary,50,bot_67,2795,w,7,8.92,25,93.06,91,-2.06,0
e1-50,binary,50,bot_67,2795,w,9,52.92,25,72.3,99,26.7,0
e1-50,binary,50,bot_67,2795,w,11,37.58,25,80.49,100,19.51,0
e1-50,binary,50,bot_67,2795,w,13,43.37,25,68.71,92,23.29,0
e1-50,binary,50,bot_67,2795,w,15,40.2,25,106.3,127,20.7,0
e1-50,binary,50,bot_67,2795,w,17,22.33,25,114.63,141,26.37,0
e1-50,binary,50,bot_67,2795,w,19,29.39,25,141.55,161,19.45,0
e1-50,binary,50,bot_67,2795,w,21,26.78,25,148.67,154,5.33,0
e1-50,binary,50,bot_67,2795,w,23,20.34,25,152.01,150,-2.01,0
e1-50,binary,50,bot_67,2795,w,25,7.64,25,145.58,139,-6.58,0
e1-50,binary,50,bot_67,2795,w,27,79.56,25,85.31,161,75.69,0
e1-50,binary,50,bot_67,2795,w,29,61.12,25,87.16,128,40.84,0
e1-50,binary,50,bot_67,2795,w,31,62.5,25,96.63,162,65.37,0
e1-50,binary,50,bot_67,2795,w,33,55.99,25,129.12,153,23.88,0
e1-50,binary,50,bot_67,2795,w,35,42.24,25,126.23,134,7.77,0
e1-50,binary,50,bot_67,2795,w,37,30.46,25,105.53,121,15.47,0
e1-50,binary,50,bot_67,2795,w,39,30.21,25,103.29,112,8.71,0
e1-50,binary,50,bot_67,2795,w,41,26.17,25,84.66,86,1.34,0
e1-50,binary,50,bot_67,2795,w,43,27.82,25,126.45,123,-3.45,0
e1-50,binary,50,bot_67,2795,w,45,7.72,25,103.14,88,-15.14,0
e1-50,binary,50,bot_67,2795,w,47,41.61,25,98.61,80,-18.61,0
e1-50,binary,50,bot_67,2795,w,49,28.64,25,67.73,89,21.27,0
e1-50,binary,50,bot_67,2795,w,51,34.92,25,68.04,72,3.96,0
e1-50,binary,50,bot_67,2795,w,53,17.58,25,65.4,51,-14.4,0
e1-50,binary,50,bot_67,2795,w,55,28.89,25,78.42,61,-17.42,0
e1-50,binary,50,bot_67,2795,w,57,16.46,25,54.27,43,-11.27,0
e1-50,binary,50,bot_67,2795,w,59,15.29,25,66.39,55,-11.39,0
e1-50,binary,50,bot_68,2795,b,2,27.91,25,99.24,106,6.76,0
e1-50,binary,50,bot_68,2795,b,4,9.69,25,109.08,113,3.92,0
e1-50,binary,50,bot_68,2795,b,6,15.82,25,97.16,93,-4.16,0
e1-50,binary,50,bot_68,2795,b,8,44.68,25,63.84,115,51.16,0
e1-50,binary,50,bot_68,2795,b,10,37.46,25,79.8,120,40.2,0
e1-50,binary,50,bot_68,2795,b,12,40.68,25,84,111,27,0
e1-50,binary,50,bot_68,2795,b,14,38.78,25,100.05,132,31.95,0
e1-50,binary,50,bot_68,2795,b,16,44.5,25,104.14,132,27.86,0
e1-50,binary,50,bot_68,2795,b,18,37.47,25,105.23,116,10.77,0
e1-50,binary,50,bot_68,2795,b,20,23.68,25,107.79,126,18.21,0
e1-50,binary,50,bot_68,2795,b,22,15.73,25,127.74,142,14.26,0
e1-50,binary,50,bot_68,2795,b,24,12.11,25,162.99,171,8.01,0
e1-50,binary,50,bot_68,2795,b,26,103.5,25,140.1,138,-2.1,0
e1-50,binary,50,bot_68,2795,b,28,67.61,25,81.53,140,58.47,0
e1-50,binary,50,bot_68,2795,b,30,91.6,25,85.48,125,39.52,0
e1-50,binary,50,bot_68,2795,b,32,49.66,25,85.61,126,40.39,0
e1-50,binary,50,bot_68,2795,b,34,33.77,25,93.14,127,33.86,0
e1-50,binary,50,bot_68,2795,b,36,42.04,25,108.68,129,20.32,0
e1-50,binary,50,bot_68,2795,b,38,34.14,25,100.15,110,9.85,0
e1-50,binary,50,bot_68,2795,b,40,26.96,25,112.92,121,8.08,0
e1-50,binary,50,bot_68,2795,b,42,22.27,25,108.81,113,4.19,0
e1-50,binary,50,bot_68,2795,b,44,10.96,25,93.31,99,5.69,0
e1-50,binary,50,bot_68,2795,b,46,7.57,25,86.57,73,-13.57,0
e1-50,binary,50,bot_68,2795,b,48,47.84,25,70.61,91,20.39,0
e1-50,binary,50,bot_68,2795,b,50,30.65,25,70.79,78,7.21,0
e1-50,binary,50,bot_68,2795,b,52,11.48,25,68.29,82,13.71,0
e1-50,binary,50,bot_68,2795,b,54,9.24,25,81.37,78,-3.37,0
e1-50,binary,50,bot_68,2795,b,56,14.66,25,71.15,78,6.85,0
e1-50,binary,50,bot_68,2795,b,58,13.59,25,72.51,67,-5.51,0
e1-50,binary,50,bot_68,2795,b,60,9.84,25,64.35,57,-7.35,0
e1-50,binary,50,bot_69,2796,w,1,29.55,25,80.56,97,16.44,0
e1-50,binary,50,bot_69,2796,w,3,25.29,25,89.54,100,10.46,0
e1-50,binary,50,bot_69,2796,w,5,19.59,25,98.91,91,-7.91,0
e1-50,binary,50,bot_69,2796,w,7,16.49,25,90.99,88,-2.99,0
e1-50,binary,50,bot_69,2796,w,9,11.52,25,106.29,97,-9.29,0
e1-50,binary,50,bot_69,2796,w,11,44.12,25,63.47,113,49.53,0
e1-50,binary,50,bot_69,2796,w,13,52.89,25,90.68,121,30.32,0
e1-50,binary,50,bot_69,2796,w,15,51.12,25,105.34,137,31.66,0
e1-50,binary,50,bot_69,2796,w,17,59.76,25,123.67,135,11.33,0
e1-50,binary,50,bot_69,2796,w,19,55.48,25,123.71,135,11.29,0
e1-50,binary,50,bot_69,2796,w,21,37.42,25,123.76,140,16.24,0
e1-50,binary,50,bot_69,2796,w,23,29.99,25,138.57,156,17.43,0
e1-50,binary,50,bot_69,2796,w,25,17.2,25,135.96,142,6.04,0
e1-50,binary,50,bot_69,2796,w,27,64.54,25,84.58,131,46.42,0
e1-50,binary,50,bot_69,2796,w,29,82.98,25,94.06,123,28.94,0
e1-50,binary,50,bot_69,2796,w,31,44.79,25,90.17,115,24.83,0
e1-50,binary,50,bot_69,2796,w,33,30.35,25,96.12,115,18.88,0
e1-50,binary,50,bot_69,2796,w,35,37.73,25,112.89,114,1.11,0
e1-50,binary,50,bot_69,2796,w,37,28.83,25,105.64,101,-4.64,0
e1-50,binary,50,bot_69,2796,w,39,19.43,25,120.36,115,-5.36,0
e1-50,binary,50,bot_69,2796,w,41,15.51,25,115.78,106,-9.78,0
e1-50,binary,50,bot_69,2796,w,43,5.82,25,98.44,89,-9.44,0
e1-50,binary,50,bot_69,2796,w,45,32.07,25,65.48,69,3.52,0
e1-50,binary,50,bot_69,2796,w,47,42.38,25,76.23,77,0.77,0
e1-50,binary,50,bot_69,2796,w,49,27.69,25,73.74,69,-4.74,0
e1-50,binary,50,bot_69,2796,w,51,8.84,25,71.01,68,-3.01,0
e1-50,binary,50,bot_69,2796,w,53,13.56,25,87.13,66,-21.13,0
e1-50,binary,50,bot_69,2796,w,55,12.75,25,72.32,62,-10.32,0
e1-50,binary,50,bot_69,2796,w,57,8.3,25,77.58,56,-21.58,0
e1-50,binary,50,bot_69,2796,w,59,7.29,25,67.21,49,-18.21,0
e1-50,binary,50,bot_70,2796,b,2,31.92,25,82.72,99,16.28,0
e1-50,binary,50,bot_70,2796,b,4,13.2,25,72.57,83,10.43,0
e1-50,binary,50,bot_70,2796,b,6,17.71,25,98.44,104,5.56,0
e1-50,binary,50,bot_70,2796,b,8,12,25,113.01,115,1.99,0
e1-50,binary,50,bot_70,2796,b,10,69.02,25,108.45,106,-2.45,0
e1-50,binary,50,bot_70,2796,b,12,50.62,25,80.53,111,30.47,0
e1-50,binary,50,bot_70,2796,b,14,53.22,25,94.16,133,38.84,0
e1-50,binary,50,bot_70,2796,b,16,31.76,25,84.41,119,34.59,0
e1-50,binary,50,bot_70,2796,b,18,32.14,25,97.75,144,46.25,0
e1-50,binary,50,bot_70,2796,b,20,38.05,25,106.6,149,42.4,0
e1-50,binary,50,bot_70,2796,b,22,38.79,25,137.55,162,24.45,0
e1-50,binary,50,bot_70,2796,b,24,27.39,25,123.75,140,16.25,0
e1-50,binary,50,bot_70,2796,b,26,76.72,25,88.68,83,-5.68,0
e1-50,binary,50,bot_70,2796,b,28,57.35,25,90.78,133,42.22,0
e1-50,binary,50,bot_70,2796,b,30,55.09,25,104.35,165,60.65,0
e1-50,binary,50,bot_70,2796,b,32,47.85,25,137.86,160,22.14,0
e1-50,binary,50,bot_70,2796,b,34,31.51,25,137.06,144,6.94,0
e1-50,binary,50,bot_70,2796,b,36,25.23,25,110.8,126,15.2,0
e1-50,binary,50,bot_70,2796,b,38,23.73,25,109.88,116,6.12,0
e1-50,binary,50,bot_70,2796,b,40,18.72,25,91.8,88,-3.8,0
e1-50,binary,50,bot_70,2796,b,42,19.45,25,134.49,125,-9.49,0
e1-50,binary,50,bot_70,2796,b,44,33.73,25,107.38,91,-16.38,0
e1-50,binary,50,bot_70,2796,b,46,28.57,25,78.62,88,9.38,0
e1-50,binary,50,bot_70,2796,b,48,25.33,25,70.75,90,19.25,0
e1-50,binary,50,bot_70,2796,b,50,26.31,25,76.43,82,5.57,0
e1-50,binary,50,bot_70,2796,b,52,8.07,25,75.18,61,-14.18,0
e1-50,binary,50,bot_70,2796,b,54,20.07,25,77.9,69,-8.9,0
e1-50,binary,50,bot_70,2796,b,56,7.92,25,63.1,53,-10.1,0
e1-50,binary,50,bot_70,2796,b,58,11.37,25,70.17,56,-14.17,0
e1-50,binary,50,bot_70,2796,b,60,12.83,25,68.25,53,-15.25,0
e1-50,binary,50,bot_71,2797,w,1,52.02,25,64.44,103,38.56,0
e1-50,binary,50,bot_71,2797,w,3,46.72,25,98.14,77,-21.14,0
e1-50,binary,50,bot_71,2797,w,5,37.08,25,70.74,89,18.26,0
e1-50,binary,50,bot_71,2797,w,7,28.23,25,89.11,102,12.89,0
e1-50,binary,50,bot_71,2797,w,9,29.87,25,94.23,98,3.77,0
e1-50,binary,50,bot_71,2797,w,11,27.72,25,110.81,117,6.19,0
e1-50,binary,50,bot_71,2797,w,13,27.56,25,121.84,118,-3.84,0
e1-50,binary,50,bot_71,2797,w,15,22.9,25,120.46,109,-11.46,0
e1-50,binary,50,bot_71,2797,w,17,7.36,25,123.77,109,-14.77,0
e1-50,binary,50,bot_71,2797,w,19,83.98,25,78.36,132,53.64,0
e1-50,binary,50,bot_71,2797,w,21,74.48,25,93.67,156,62.33,0
e1-50,binary,50,bot_71,2797,w,23,75.57,25,82.71,133,50.29,0
e1-50,binary,50,bot_71,2797,w,25,62.55,25,86.43,131,44.57,0
e1-50,binary,50,bot_71,2797,w,27,79.88,25,97.15,120,22.85,0
e1-50,binary,50,bot_71,2797,w,29,41.33,25,93.62,113,19.38,0
e1-50,binary,50,bot_71,2797,w,31,28.36,25,97.94,112,14.06,0
e1-50,binary,50,bot_71,2797,w,33,36.23,25,114.36,113,-1.36,0
e1-50,binary,50,bot_71,2797,w,35,27.03,25,107.56,98,-9.56,0
e1-50,binary,50,bot_71,2797,w,37,17.5,25,122.24,113,-9.24,0
e1-50,binary,50,bot_71,2797,w,39,13.77,25,117.62,100,-17.62,0
e1-50,binary,50,bot_71,2797,w,41,43.59,25,99.73,83,-16.73,0
e1-50,binary,50,bot_71,2797,w,43,31.02,25,66.27,63,-3.27,0
e1-50,binary,50,bot_71,2797,w,45,40.5,25,77.96,73,-4.96,0
e1-50,binary,50,bot_71,2797,w,47,26.4,25,75.08,66,-9.08,0
e1-50,binary,50,bot_71,2797,w,49,7.25,25,72.67,65,-7.67,0
e1-50,binary,50,bot_71,2797,w,51,9.11,25,73.34,65,-8.34,0
e1-50,binary,50,bot_71,2797,w,53,11.08,25,73.81,60,-13.81,0
e1-50,binary,50,bot_71,2797,w,55,5.81,25,70.7,51,-19.7,0
e1-50,binary,50,bot_71,2797,w,57,5.52,25,68.74,45,-23.74,0
e1-50,binary,50,bot_71,2797,w,59,4.96,25,65.73,45,-20.73,0
e1-50,binary,50,bot_72,2797,b,2,2.46,25,54.9,87,32.1,0
e1-50,binary,50,bot_72,2797,b,4,42.52,25,73.45,98,24.55,0
e1-50,binary,50,bot_72,2797,b,6,36.49,25,88.86,105,16.14,0
e1-50,binary,50,bot_72,2797,b,8,27.7,25,89.9,97,7.1,0
e1-50,binary,50,bot_72,2797,b,10,30.93,25,82.53,90,7.47,0
e1-50,binary,50,bot_72,2797,b,12,21.57,25,123.88,130,6.12,0
e1-50,binary,50,bot_72,2797,b,14,11.59,25,124.56,131,6.44,0
e1-50,binary,50,bot_72,2797,b,16,9.9,25,160.1,162,1.9,0
e1-50,binary,50,bot_72,2797,b,18,77.38,25,167.45,153,-14.45,0
e1-50,binary,50,bot_72,2797,b,20,86.99,25,89.52,151,61.48,0
e1-50,binary,50,bot_72,2797,b,22,74.4,25,77.94,130,52.06,0
e1-50,binary,50,bot_72,2797,b,24,74.75,25,90.49,136,45.51,0
e1-50,binary,50,bot_72,2797,b,26,52.76,25,95.16,127,31.84,0
e1-50,binary,50,bot_72,2797,b,28,49.99,25,109.53,160,50.47,0
e1-50,binary,50,bot_72,2797,b,30,44.86,25,141.01,151,9.99,0
e1-50,binary,50,bot_72,2797,b,32,31.32,25,137.18,136,-1.18,0
e1-50,binary,50,bot_72,2797,b,34,22,25,114.05,121,6.95,0
e1-50,binary,50,bot_72,2797,b,36,20.85,25,112.9,110,-2.9,0
e1-50,binary,50,bot_72,2797,b,38,13.71,25,96.6,84,-12.6,0
e1-50,binary,50,bot_72,2797,b,40,14.42,25,139.49,123,-16.49,0
e1-50,binary,50,bot_72,2797,b,42,28.74,25,73.47,89,15.53,0
e1-50,binary,50,bot_72,2797,b,44,26.27,25,81.18,83,1.82,0
e1-50,binary,50,bot_72,2797,b,46,22.68,25,73.33,83,9.67,0
e1-50,binary,50,bot_72,2797,b,48,23.3,25,79.37,76,-3.37,0
e1-50,binary,50,bot_72,2797,b,50,22.18,25,79.21,57,-22.21,0
e1-50,binary,50,bot_72,2797,b,52,17.61,25,80.49,61,-19.49,0
e1-50,binary,50,bot_72,2797,b,54,12.52,25,67.75,50,-17.75,0
e1-50,binary,50,bot_72,2797,b,56,8.07,25,73.72,50,-23.72,0
e1-50,binary,50,bot_72,2797,b,58,10.73,25,70.6,46,-24.6,0
e1-50,binary,50,bot_72,2797,b,60,6.86,25,59.54,36,-23.54,0
e1-50,binary,50,bot_73,2798,w,1,12.25,25,99.94,82,-17.94,0
e1-50,binary,50,bot_73,2798,w,3,42.8,25,65.29,91,25.71,0
e1-50,binary,50,bot_73,2798,w,5,34.75,25,82.69,107,24.31,0
e1-50,binary,50,bot_73,2798,w,7,36.6,25,87.93,99,11.07,0
e1-50,binary,50,bot_73,2798,w,9,35.86,25,102.85,118,15.15,0
e1-50,binary,50,bot_73,2798,w,11,40.06,25,108.77,121,12.23,0
e1-50,binary,50,bot_73,2798,w,13,34.64,25,108.23,103,-5.23,0
e1-50,binary,50,bot_73,2798,w,15,17.37,25,114.03,113,-1.03,0
e1-50,binary,50,bot_73,2798,w,17,12.17,25,131.08,129,-2.08,0
e1-50,binary,50,bot_73,2798,w,19,92.62,25,166.59,156,-10.59,0
e1-50,binary,50,bot_73,2798,w,21,89.15,25,70.95,129,58.05,0
e1-50,binary,50,bot_73,2798,w,23,60.57,25,88.63,129,40.37,0
e1-50,binary,50,bot_73,2798,w,25,76.35,25,100.69,121,20.31,0
e1-50,binary,50,bot_73,2798,w,27,37.65,25,97.28,114,16.72,0
e1-50,binary,50,bot_73,2798,w,29,25.7,25,100.53,111,10.47,0
e1-50,binary,50,bot_73,2798,w,31,33,25,117.59,115,-2.59,0
e1-50,binary,50,bot_73,2798,w,33,24.09,25,110.6,99,-11.6,0
e1-50,binary,50,bot_73,2798,w,35,15.64,25,124.19,112,-12.19,0
e1-50,binary,50,bot_73,2798,w,37,11.64,25,119.84,98,-21.84,0
e1-50,binary,50,bot_73,2798,w,39,38.12,25,72.25,82,9.75,0
e1-50,binary,50,bot_73,2798,w,41,29.38,25,67.73,63,-4.73,0
e1-50,binary,50,bot_73,2798,w,43,37.56,25,80.87,75,-5.87,0
e1-50,binary,50,bot_73,2798,w,45,24.74,25,76.88,66,-10.88,0
e1-50,binary,50,bot_73,2798,w,47,23.82,25,76.42,67,-9.42,0
e1-50,binary,50,bot_73,2798,w,49,8.8,25,73.55,57,-16.55,0
e1-50,binary,50,bot_73,2798,w,51,8.84,25,75.96,59,-16.96,0
e1-50,binary,50,bot_73,2798,w,53,2.72,25,73.49,48,-25.49,0
e1-50,binary,50,bot_73,2798,w,55,7,25,71.14,43,-28.14,0
e1-50,binary,50,bot_73,2798,w,57,12.42,25,68.73,43,-25.73,0
e1-50,binary,50,bot_73,2798,w,59,23.59,25,64.89,48,-16.89,0
e1-50,binary,50,bot_74,2798,b,2,50.24,25,106.16,98,-8.16,0
e1-50,binary,50,bot_74,2798,b,4,48.58,25,76.67,98,21.33,0
e1-50,binary,50,bot_74,2798,b,6,34.68,25,83.2,97,13.8,0
e1-50,binary,50,bot_74,2798,b,8,39.17,25,73.48,88,14.52,0
e1-50,binary,50,bot_74,2798,b,10,35.48,25,110.62,125,14.38,0
e1-50,binary,50,bot_74,2798,b,12,19.06,25,117.77,136,18.23,0
e1-50,binary,50,bot_74,2798,b,14,23.85,25,146.71,159,12.29,0
e1-50,binary,50,bot_74,2798,b,16,22.47,25,153.41,149,-4.41,0
e1-50,binary,50,bot_74,2798,b,18,14.41,25,158.31,149,-9.31,0
e1-50,binary,50,bot_74,2798,b,20,82.94,25,69.79,142,72.21,0
e1-50,binary,50,bot_74,2798,b,22,71.89,25,93.2,153,59.8,0
e1-50,binary,50,bot_74,2798,b,24,50.34,25,97.39,128,30.61,0
e1-50,binary,50,bot_74,2798,b,26,47.49,25,112.02,159,46.98,0
e1-50,binary,50,bot_74,2798,b,28,42.39,25,143.56,152,8.44,0
e1-50,binary,50,bot_74,2798,b,30,28.48,25,139.98,136,-3.98,0
e1-50,binary,50,bot_74,2798,b,32,19.38,25,116.67,119,2.33,0
e1-50,binary,50,bot_74,2798,b,34,18.59,25,115.18,109,-6.18,0
e1-50,binary,50,bot_74,2798,b,36,10.01,25,100.15,87,-13.15,0
e1-50,binary,50,bot_74,2798,b,38,41.05,25,145.9,127,-18.9,0
e1-50,binary,50,bot_74,2798,b,40,26.26,25,75.92,84,8.08,0
e1-50,binary,50,bot_74,2798,b,42,24.86,25,82.7,82,-0.7,0
e1-50,binary,50,bot_74,2798,b,44,20.59,25,75.23,83,7.77,0
e1-50,binary,50,bot_74,2798,b,46,21.4,25,81.03,76,-5.03,0
e1-50,binary,50,bot_74,2798,b,48,15.44,25,65.79,60,-5.79,0
e1-50,binary,50,bot_74,2798,b,50,14.79,25,83.44,63,-20.44,0
e1-50,binary,50,bot_74,2798,b,52,4.96,25,75.36,55,-20.36,0
e1-50,binary,50,bot_74,2798,b,54,3.56,25,78.48,51,-27.48,0
e1-50,binary,50,bot_74,2798,b,56,5.94,25,71.35,49,-22.35,0
e1-50,binary,50,bot_74,2798,b,58,14.16,25,54.79,39,-15.79,0
e1-50,binary,50,bot_74,2798,b,60,7.54,25,54.56,47,-7.56,0
e1-50,binary,50,bot_75,2799,w,1,11.17,25,92.62,97,4.38,0
e1-50,binary,50,bot_75,2799,w,3,42.33,25,65.74,113,47.26,0
e1-50,binary,50,bot_75,2799,w,5,34.06,25,83.33,126,42.67,0
e1-50,binary,50,bot_75,2799,w,7,35.42,25,88.97,120,31.03,0
e1-50,binary,50,bot_75,2799,w,9,34.48,25,104.15,138,33.85,0
e1-50,binary,50,bot_75,2799,w,11,38.19,25,110.77,141,30.23,0
e1-50,binary,50,bot_75,2799,w,13,33.34,25,109.55,124,14.45,0
e1-50,binary,50,bot_75,2799,w,15,15.86,25,115.45,135,19.55,0
e1-50,binary,50,bot_75,2799,w,17,10.64,25,132.47,151,18.53,0
e1-50,binary,50,bot_75,2799,w,19,92.32,25,167.48,177,9.52,0
e1-50,binary,50,bot_75,2799,w,21,87.25,25,72.91,151,78.09,0
e1-50,binary,50,bot_75,2799,w,23,58.89,25,90.5,144,53.5,0
e1-50,binary,50,bot_75,2799,w,25,73.22,25,103.84,137,33.16,0
e1-50,binary,50,bot_75,2799,w,27,34.61,25,100.37,131,30.63,0
e1-50,binary,50,bot_75,2799,w,29,24.28,25,101.81,127,25.19,0
e1-50,binary,50,bot_75,2799,w,31,30.37,25,120.23,130,9.77,0
e1-50,binary,50,bot_75,2799,w,33,22.17,25,112.67,114,1.33,0
e1-50,binary,50,bot_75,2799,w,35,14.36,25,125.39,127,1.61,0
e1-50,binary,50,bot_75,2799,w,37,64.28,25,122.21,114,-8.21,0
e1-50,binary,50,bot_75,2799,w,39,36.94,25,73.5,89,15.5,0
e1-50,binary,50,bot_75,2799,w,41,27.78,25,69.23,78,8.77,0
e1-50,binary,50,bot_75,2799,w,43,35.9,25,82.58,92,9.42,0
e1-50,binary,50,bot_75,2799,w,45,23.88,25,77.96,81,3.04,0
e1-50,binary,50,bot_75,2799,w,47,18.84,25,81.44,85,3.56,0
e1-50,binary,50,bot_75,2799,w,49,7.43,25,75.02,68,-7.02,0
e1-50,binary,50,bot_75,2799,w,51,6.24,25,78.61,76,-2.61,0
e1-50,binary,50,bot_75,2799,w,53,25.92,25,59.09,73,13.91,0
e1-50,binary,50,bot_75,2799,w,55,3.61,25,58.3,49,-9.3,0
e1-50,binary,50,bot_75,2799,w,57,9.31,25,60.51,59,-1.51,0
e1-50,binary,50,bot_75,2799,w,59,23.42,25,65.03,58,-7.03,0
e1-50,binary,50,bot_76,2799,b,2,49.05,25,107.28,118,10.72,0
e1-50,binary,50,bot_76,2799,b,4,46.19,25,79.16,121,41.84,0
e1-50,binary,50,bot_76,2799,b,6,33.64,25,84.32,118,33.68,0
e1-50,binary,50,bot_76,2799,b,8,37.45,25,75.39,110,34.61,0
e1-50,binary,50,bot_76,2799,b,10,33.64,25,112.3,147,34.7,0
e1-50,binary,50,bot_76,2799,b,12,17.4,25,119.37,156,36.63,0
e1-50,binary,50,bot_76,2799,b,14,22.06,25,148.32,180,31.68,0
e1-50,binary,50,bot_76,2799,b,16,21.41,25,154.61,170,15.39,0
e1-50,binary,50,bot_76,2799,b,18,13.55,25,159.13,170,10.87,0
e1-50,binary,50,bot_76,2799,b,20,81.95,25,70.2,163,92.8,0
e1-50,binary,50,bot_76,2799,b,22,69.41,25,95.53,170,74.47,0
e1-50,binary,50,bot_76,2799,b,24,48.55,25,98.97,144,45.03,0
e1-50,binary,50,bot_76,2799,b,26,45.58,25,113.91,174,60.09,0
e1-50,binary,50,bot_76,2799,b,28,40.54,25,145.62,165,19.38,0
e1-50,binary,50,bot_76,2799,b,30,26.04,25,142.39,153,10.61,0
e1-50,binary,50,bot_76,2799,b,32,17.56,25,118.5,135,16.5,0
e1-50,binary,50,bot_76,2799,b,34,17.09,25,116.72,125,8.28,0
e1-50,binary,50,bot_76,2799,b,36,7.98,25,102.03,103,0.97,0
e1-50,binary,50,bot_76,2799,b,38,32.12,25,99.8,150,50.2,0
e1-50,binary,50,bot_76,2799,b,40,24.93,25,77.21,101,23.79,0
e1-50,binary,50,bot_76,2799,b,42,24.75,25,82.79,97,14.21,0
e1-50,binary,50,bot_76,2799,b,44,18.91,25,76.76,99,22.24,0
e1-50,binary,50,bot_76,2799,b,46,19.57,25,82.7,93,10.3,0
e1-50,binary,50,bot_76,2799,b,48,9.83,25,71.46,77,5.54,0
e1-50,binary,50,bot_76,2799,b,50,13.02,25,85.3,79,-6.3,0
e1-50,binary,50,bot_76,2799,b,52,30.26,25,78.54,71,-7.54,0
e1-50,binary,50,bot_76,2799,b,54,6.85,25,54.12,67,12.88,0
e1-50,binary,50,bot_76,2799,b,56,15.05,25,73.48,63,-10.48,0
e1-50,binary,50,bot_76,2799,b,58,10,25,59.06,55,-4.06,0
e1-50,binary,50,bot_76,2799,b,60,7.09,25,54.83,63,8.17,0
e1-50,binary,50,bot_77,2800,w,1,43.51,25,75.1,124,48.9,0
e1-50,binary,50,bot_77,2800,w,3,45.4,25,83.64,129,45.36,0
e1-50,binary,50,bot_77,2800,w,5,43.02,25,75.53,121,45.47,0
e1-50,binary,50,bot_77,2800,w,7,34.34,25,98.3,126,27.7,0
e1-50,binary,50,bot_77,2800,w,9,31.72,25,114.17,145,30.83,0
e1-50,binary,50,bot_77,2800,w,11,18.78,25,97.68,122,24.32,0
e1-50,binary,50,bot_77,2800,w,13,15.6,25,112.96,148,35.04,0
e1-50,binary,50,bot_77,2800,w,15,17.83,25,128.83,148,19.17,0
e1-50,binary,50,bot_77,2800,w,17,76.31,25,167.35,178,10.65,0
e1-50,binary,50,bot_77,2800,w,19,45.16,25,100.52,148,47.48,0
e1-50,binary,50,bot_77,2800,w,21,48.12,25,122.12,154,31.88,0
e1-50,binary,50,bot_77,2800,w,23,31.01,25,104.15,131,26.85,0
e1-50,binary,50,bot_77,2800,w,25,27.16,25,112.36,144,31.64,0
e1-50,binary,50,bot_77,2800,w,27,16.48,25,146.57,174,27.43,0
e1-50,binary,50,bot_77,2800,w,29,16.35,25,132.52,150,17.48,0
e1-50,binary,50,bot_77,2800,w,31,10.3,25,120.36,122,1.64,0
e1-50,binary,50,bot_77,2800,w,33,27.24,25,116.38,131,14.62,0
e1-50,binary,50,bot_77,2800,w,35,65.59,25,106.38,115,8.62,0
e1-50,binary,50,bot_77,2800,w,37,16.27,25,62.72,124,61.28,0
e1-50,binary,50,bot_77,2800,w,39,12.13,25,72.84,79,6.16,0
e1-50,binary,50,bot_77,2800,w,41,6.62,25,91.37,92,0.63,0
e1-50,binary,50,bot_77,2800,w,43,21.55,25,75.95,94,18.05,0
e1-50,binary,50,bot_77,2800,w,45,16.93,25,93.72,88,-5.72,0
e1-50,binary,50,bot_77,2800,w,47,12.05,25,79.15,76,-3.15,0
e1-50,binary,50,bot_77,2800,w,49,10.23,25,57.54,89,31.46,0
e1-50,binary,50,bot_77,2800,w,51,21.39,25,83,73,-10,0
e1-50,binary,50,bot_77,2800,w,53,11.53,25,63.32,66,2.68,0
e1-50,binary,50,bot_77,2800,w,55,7.07,25,64.08,65,0.92,0
e1-50,binary,50,bot_77,2800,w,57,1.51,25,58.58,48,-10.58,0
e1-50,binary,50,bot_77,2800,w,59,8.68,25,78.61,68,-10.61,0
e1-50,binary,50,bot_78,2800,b,2,47.7,25,63.13,86,22.87,0
e1-50,binary,50,bot_78,2800,b,4,46.92,25,75.87,100,24.13,0
e1-50,binary,50,bot_78,2800,b,6,31.3,25,75.22,98,22.78,0
e1-50,binary,50,bot_78,2800,b,8,33.45,25,110.37,123,12.63,0
e1-50,binary,50,bot_78,2800,b,10,26.92,25,129.67,140,10.33,0
e1-50,binary,50,bot_78,2800,b,12,37.3,25,147.92,145,-2.92,0
e1-50,binary,50,bot_78,2800,b,14,22.74,25,156.02,149,-7.02,0
e1-50,binary,50,bot_78,2800,b,16,12.09,25,146.33,143,-3.33,0
e1-50,binary,50,bot_78,2800,b,18,49.22,25,105.02,160,54.98,0
e1-50,binary,50,bot_78,2800,b,20,46.16,25,116.76,143,26.24,0
e1-50,binary,50,bot_78,2800,b,22,40.88,25,111.61,142,30.39,0
e1-50,binary,50,bot_78,2800,b,24,47.69,25,143.05,156,12.95,0
e1-50,binary,50,bot_78,2800,b,26,43.78,25,125.6,136,10.4,0
e1-50,binary,50,bot_78,2800,b,28,32.56,25,114.1,113,-1.1,0
e1-50,binary,50,bot_78,2800,b,30,17.66,25,124.45,124,-0.45,0
e1-50,binary,50,bot_78,2800,b,32,30.38,25,140.12,133,-7.12,0
e1-50,binary,50,bot_78,2800,b,34,23.27,25,85.16,95,9.84,0
e1-50,binary,50,bot_78,2800,b,36,76.46,25,79.47,128,48.53,0
e1-50,binary,50,bot_78,2800,b,38,21.61,25,89.41,88,-1.41,0
e1-50,binary,50,bot_78,2800,b,40,17.42,25,87.5,83,-4.5,0
e1-50,binary,50,bot_78,2800,b,42,33.64,25,119.22,107,-12.22,0
e1-50,binary,50,bot_78,2800,b,44,8.97,25,61.97,65,3.03,0
e1-50,binary,50,bot_78,2800,b,46,12.88,25,83.66,82,-1.66,0
e1-50,binary,50,bot_78,2800,b,48,47.32,25,87.26,82,-5.26,0
e1-50,binary,50,bot_78,2800,b,50,5.8,25,65.52,58,-7.52,0
e1-50,binary,50,bot_78,2800,b,52,19.2,25,62.49,67,4.51,0
e1-50,binary,50,bot_78,2800,b,54,16.43,25,65.27,59,-6.27,0
e1-50,binary,50,bot_78,2800,b,56,4.39,25,56.56,45,-11.56,0
e1-50,binary,50,bot_78,2800,b,58,3.82,25,78.54,62,-16.54,0
e1-50,binary,50,bot_78,2800,b,60,19.01,25,66.41,58,-8.41,0
e1-50,binary,50,bot_79,2801,w,1,49.76,25,80.11,111,30.89,0
e1-50,binary,50,bot_79,2801,w,3,47.09,25,71.34,96,24.66,0
e1-50,binary,50,bot_79,2801,w,5,36.4,25,95.91,106,10.09,0
e1-50,binary,50,bot_79,2801,w,7,35.86,25,110.35,123,12.65,0
e1-50,binary,50,bot_79,2801,w,9,20.68,25,95.37,99,3.63,0
e1-50,binary,50,bot_79,2801,w,11,17.74,25,110.85,127,16.15,0
e1-50,binary,50,bot_79,2801,w,13,23.77,25,122.72,123,0.28,0
e1-50,binary,50,bot_79,2801,w,15,15.31,25,163.15,151,-12.15,0
e1-50,binary,50,bot_79,2801,w,17,56.97,25,140.4,127,-13.4,0
e1-50,binary,50,bot_79,2801,w,19,53.55,25,116.8,132,15.2,0
e1-50,binary,50,bot_79,2801,w,21,37.02,25,98.2,110,11.8,0
e1-50,binary,50,bot_79,2801,w,23,30.29,25,109.11,127,17.89,0
e1-50,binary,50,bot_79,2801,w,25,20.77,25,142.64,154,11.36,0
e1-50,binary,50,bot_79,2801,w,27,20.57,25,128.7,133,4.3,0
e1-50,binary,50,bot_79,2801,w,29,15.22,25,115.77,101,-14.77,0
e1-50,binary,50,bot_79,2801,w,31,31.74,25,111.88,110,-1.88,0
e1-50,binary,50,bot_79,2801,w,33,72.48,25,99.3,89,-10.3,0
e1-50,binary,50,bot_79,2801,w,35,19.88,25,59.26,104,44.74,0
e1-50,binary,50,bot_79,2801,w,37,15.05,25,69.73,58,-11.73,0
e1-50,binary,50,bot_79,2801,w,39,6.96,25,90.93,77,-13.93,0
e1-50,binary,50,bot_79,2801,w,41,25.71,25,71.73,73,1.27,0
e1-50,binary,50,bot_79,2801,w,43,20.51,25,90,66,-24,0
e1-50,binary,50,bot_79,2801,w,45,18.07,25,73.05,54,-19.05,0
e1-50,binary,50,bot_79,2801,w,47,1.38,25,84.71,58,-26.71,0
e1-50,binary,50,bot_79,2801,w,49,8.61,25,80.61,49,-31.61,0
e1-50,binary,50,bot_79,2801,w,51,15.19,25,59.2,47,-12.2,0
e1-50,binary,50,bot_79,2801,w,53,10.13,25,61.02,45,-16.02,0
e1-50,binary,50,bot_79,2801,w,55,3.73,25,56.23,29,-27.23,0
e1-50,binary,50,bot_79,2801,w,57,4.52,25,76.18,49,-27.18,0
e1-50,binary,50,bot_79,2801,w,59,13.21,25,78.68,66,-12.68,0
e1-50,binary,50,bot_80,2801,b,2,51.71,25,71.35,96,24.65,0
e1-50,binary,50,bot_80,2801,b,4,37.51,25,69.02,90,20.98,0
e1-50,binary,50,bot_80,2801,b,6,38.84,25,104.91,114,9.09,0
e1-50,binary,50,bot_80,2801,b,8,31.33,25,125.25,135,9.75,0
e1-50,binary,50,bot_80,2801,b,10,42.99,25,142.35,136,-6.35,0
e1-50,binary,50,bot_80,2801,b,12,28.2,25,150.61,142,-8.61,0
e1-50,binary,50,bot_80,2801,b,14,14.37,25,144.4,142,-2.4,0
e1-50,binary,50,bot_80,2801,b,16,14.08,25,154,143,-11,0
e1-50,binary,50,bot_80,2801,b,18,48.6,25,114.28,138,23.72,0
e1-50,binary,50,bot_80,2801,b,20,45.54,25,107.05,127,19.95,0
e1-50,binary,50,bot_80,2801,b,22,52.93,25,137.55,142,4.45,0
e1-50,binary,50,bot_80,2801,b,24,46.61,25,122.96,121,-1.96,0
e1-50,binary,50,bot_80,2801,b,26,38.74,25,107.59,96,-11.59,0
e1-50,binary,50,bot_80,2801,b,28,20.42,25,121.58,110,-11.58,0
e1-50,binary,50,bot_80,2801,b,30,32.43,25,138.18,121,-17.18,0
e1-50,binary,50,bot_80,2801,b,32,24.81,25,83.68,83,-0.68,0
e1-50,binary,50,bot_80,2801,b,34,79.08,25,77.01,118,40.99,0
e1-50,binary,50,bot_80,2801,b,36,23.44,25,87.58,75,-12.58,0
e1-50,binary,50,bot_80,2801,b,38,20.64,25,84.25,66,-18.25,0
e1-50,binary,50,bot_80,2801,b,40,35.59,25,116.54,90,-26.54,0
e1-50,binary,50,bot_80,2801,b,42,9.27,25,62.68,57,-5.68,0
e1-50,binary,50,bot_80,2801,b,44,14.83,25,81.91,69,-12.91,0
e1-50,binary,50,bot_80,2801,b,46,6.39,25,85.83,71,-14.83,0
e1-50,binary,50,bot_80,2801,b,48,3.69,25,88.49,58,-30.49,0
e1-50,binary,50,bot_80,2801,b,50,22.3,25,78.17,54,-24.17,0
e1-50,binary,50,bot_80,2801,b,52,17.56,25,64.27,47,-17.27,0
e1-50,binary,50,bot_80,2801,b,54,6.43,25,54.91,32,-22.91,0
e1-50,binary,50,bot_80,2801,b,56,6.47,25,76.17,46,-30.17,0
e1-50,binary,50,bot_80,2801,b,58,21.25,25,70.76,43,-27.76,0
e1-50,binary,50,bot_80,2801,b,60,12.68,25,60.42,40,-20.42,0
e1-50,binary,50,bot_81,2802,w,1,56.34,25,67.65,99,31.35,0
e1-50,binary,50,bot_81,2802,w,3,38.33,25,68.57,92,23.43,0
e1-50,binary,50,bot_81,2802,w,5,42.66,25,101.19,112,10.81,0
e1-50,binary,50,bot_81,2802,w,7,35.39,25,121.18,132,10.82,0
e1-50,binary,50,bot_81,2802,w,9,46.89,25,137.89,132,-5.89,0
e1-50,binary,50,bot_81,2802,w,11,35.78,25,143.21,135,-8.21,0
e1-50,binary,50,bot_81,2802,w,13,19.65,25,139.44,137,-2.44,0
e1-50,binary,50,bot_81,2802,w,15,20.71,25,147.32,135,-12.32,0
e1-50,binary,50,bot_81,2802,w,17,7.73,25,145.35,129,-16.35,0
e1-50,binary,50,bot_81,2802,w,19,55.5,25,94.1,123,28.9,0
e1-50,binary,50,bot_81,2802,w,21,66.68,25,110.45,118,7.55,0
e1-50,binary,50,bot_81,2802,w,23,29.46,25,105.54,110,4.46,0
e1-50,binary,50,bot_81,2802,w,25,21.16,25,104.78,106,1.22,0
e1-50,binary,50,bot_81,2802,w,27,25.75,25,124.86,111,-13.86,0
e1-50,binary,50,bot_81,2802,w,29,16.65,25,118.44,99,-19.44,0
e1-50,binary,50,bot_81,2802,w,31,10.34,25,129.45,108,-21.45,0
e1-50,binary,50,bot_81,2802,w,33,50.32,25,86.15,106,19.85,0
e1-50,binary,50,bot_81,2802,w,35,34.1,25,76.49,69,-7.49,0
e1-50,binary,50,bot_81,2802,w,37,25.52,25,71.43,59,-12.43,0
e1-50,binary,50,bot_81,2802,w,39,31.56,25,86.99,74,-12.99,0
e1-50,binary,50,bot_81,2802,w,41,21.82,25,80.22,60,-20.22,0
e1-50,binary,50,bot_81,2802,w,43,15.24,25,85.06,66,-19.06,0
e1-50,binary,50,bot_81,2802,w,45,5.16,25,77.41,47,-30.41,0
e1-50,binary,50,bot_81,2802,w,47,29.35,25,80.72,56,-24.72,0
e1-50,binary,50,bot_81,2802,w,49,23.12,25,61.77,51,-10.77,0
e1-50,binary,50,bot_81,2802,w,51,2.17,25,59.62,28,-31.62,0
e1-50,binary,50,bot_81,2802,w,53,6.84,25,62.78,42,-20.78,0
e1-50,binary,50,bot_81,2802,w,55,19.59,25,68.9,40,-28.9,0
e1-50,binary,50,bot_81,2802,w,57,5.55,25,55.08,26,-29.08,0
e1-50,binary,50,bot_81,2802,w,59,9.66,25,82.04,61,-21.04,0
e1-50,binary,50,bot_82,2802,b,2,52.1,25,66.37,89,22.63,0
e1-50,binary,50,bot_82,2802,b,4,40.84,25,91.14,94,2.86,0
e1-50,binary,50,bot_82,2802,b,6,41.4,25,105,115,10,0
e1-50,binary,50,bot_82,2802,b,8,24.68,25,91.35,93,1.65,0
e1-50,binary,50,bot_82,2802,b,10,21.2,25,107.56,121,13.44,0
e1-50,binary,50,bot_82,2802,b,12,26.97,25,119.37,120,0.63,0
e1-50,binary,50,bot_82,2802,b,14,19.92,25,158.31,144,-14.31,0
e1-50,binary,50,bot_82,2802,b,16,13.7,25,136.46,123,-13.46,0
e1-50,binary,50,bot_82,2802,b,18,65.68,25,99.01,69,-30.01,0
e1-50,binary,50,bot_82,2802,b,20,43.87,25,103.37,120,16.63,0
e1-50,binary,50,bot_82,2802,b,22,41.2,25,118.23,145,26.77,0
e1-50,binary,50,bot_82,2802,b,24,36.79,25,149.52,140,-9.52,0
e1-50,binary,50,bot_82,2802,b,26,22.68,25,145.68,127,-18.68,0
e1-50,binary,50,bot_82,2802,b,28,15.84,25,120.15,108,-12.15,0
e1-50,binary,50,bot_82,2802,b,30,14.46,25,119.23,97,-22.23,0
e1-50,binary,50,bot_82,2802,b,32,54.71,25,105.36,76,-29.36,0
e1-50,binary,50,bot_82,2802,b,34,28.83,25,102.96,113,10.04,0
e1-50,binary,50,bot_82,2802,b,36,22.78,25,79.25,74,-5.25,0
e1-50,binary,50,bot_82,2802,b,38,22.36,25,85.37,71,-14.37,0
e1-50,binary,50,bot_82,2802,b,40,15.84,25,79.54,72,-7.54,0
e1-50,binary,50,bot_82,2802,b,42,17.52,25,84.49,68,-16.49,0
e1-50,binary,50,bot_82,2802,b,44,7.08,25,74.18,51,-23.18,0
e1-50,binary,50,bot_82,2802,b,46,11.24,25,87.07,53,-34.07,0
e1-50,binary,50,bot_82,2802,b,48,26.05,25,57.58,48,-9.58,0
e1-50,binary,50,bot_82,2802,b,50,3.7,25,57.21,42,-15.21,0
e1-50,binary,50,bot_82,2802,b,52,14.66,25,73.91,37,-36.91,0
e1-50,binary,50,bot_82,2802,b,54,6.95,25,62.16,31,-31.16,0
e1-50,binary,50,bot_82,2802,b,56,5.58,25,56.16,37,-19.16,0
e1-50,binary,50,bot_82,2802,b,58,15.51,25,69.18,37,-32.18,0
e1-50,binary,50,bot_82,2802,b,60,9.98,25,62.95,33,-29.95,0
e1-50,binary,50,bot_83,2803,w,1,55.65,25,63.64,99,35.36,0
e1-50,binary,50,bot_83,2803,w,3,44.17,25,87.44,96,8.56,0
e1-50,binary,50,bot_83,2803,w,5,44.73,25,102.09,120,17.91,0
e1-50,binary,50,bot_83,2803,w,7,26.74,25,89.39,100,10.61,0
e1-50,binary,50,bot_83,2803,w,9,24.52,25,104.96,128,23.04,0
e1-50,binary,50,bot_83,2803,w,11,30.9,25,114.7,128,13.3,0
e1-50,binary,50,bot_83,2803,w,13,24.7,25,152.19,149,-3.19,0
e1-50,binary,50,bot_83,2803,w,15,18.47,25,132.54,125,-7.54,0
e1-50,binary,50,bot_83,2803,w,17,63.37,25,101.24,79,-22.24,0
e1-50,binary,50,bot_83,2803,w,19,40.96,25,106.18,124,17.82,0
e1-50,binary,50,bot_83,2803,w,21,37.82,25,121.61,149,27.39,0
e1-50,binary,50,bot_83,2803,w,23,33.29,25,153.1,143,-10.1,0
e1-50,binary,50,bot_83,2803,w,25,19.51,25,148.83,130,-18.83,0
e1-50,binary,50,bot_83,2803,w,27,13.57,25,122.37,106,-16.37,0
e1-50,binary,50,bot_83,2803,w,29,10.7,25,122.96,100,-22.96,0
e1-50,binary,50,bot_83,2803,w,31,48.18,25,90.92,83,-7.92,0
e1-50,binary,50,bot_83,2803,w,33,25.1,25,106.62,117,10.38,0
e1-50,binary,50,bot_83,2803,w,35,19.5,25,82.5,77,-5.5,0
e1-50,binary,50,bot_83,2803,w,37,18.42,25,88.93,76,-12.93,0
e1-50,binary,50,bot_83,2803,w,39,11.37,25,83.91,76,-7.91,0
e1-50,binary,50,bot_83,2803,w,41,12.54,25,89.42,74,-15.42,0
e1-50,binary,50,bot_83,2803,w,43,6.46,25,74.68,51,-23.68,0
e1-50,binary,50,bot_83,2803,w,45,29.67,25,91.33,61,-30.33,0
e1-50,binary,50,bot_83,2803,w,47,19.83,25,63.94,53,-10.94,0
e1-50,binary,50,bot_83,2803,w,49,8.16,25,59.8,46,-13.8,0
e1-50,binary,50,bot_83,2803,w,51,9.63,25,68.54,45,-23.54,0
e1-50,binary,50,bot_83,2803,w,53,3.75,25,65.46,36,-29.46,0
e1-50,binary,50,bot_83,2803,w,55,3.51,25,58.28,40,-18.28,0
e1-50,binary,50,bot_83,2803,w,57,11.02,25,73.73,43,-30.73,0
e1-50,binary,50,bot_83,2803,w,59,6.54,25,66.38,38,-28.38,0
e1-50,binary,50,bot_84,2803,b,2,40.31,25,66.67,95,28.33,0
e1-50,binary,50,bot_84,2803,b,4,48.19,25,95.58,111,15.42,0
e1-50,binary,50,bot_84,2803,b,6,41.45,25,115.09,130,14.91,0
e1-50,binary,50,bot_84,2803,b,8,53.6,25,130.58,128,-2.58,0
e1-50,binary,50,bot_84,2803,b,10,44.88,25,134.12,130,-4.12,0
e1-50,binary,50,bot_84,2803,b,12,26.88,25,132.51,135,2.49,0
e1-50,binary,50,bot_84,2803,b,14,25.49,25,143.26,139,-4.26,0
e1-50,binary,50,bot_84,2803,b,16,13.41,25,140.68,130,-10.68,0
e1-50,binary,50,bot_84,2803,b,18,54.06,25,95.8,124,28.2,0
e1-50,binary,50,bot_84,2803,b,20,63.61,25,113.57,120,6.43,0
e1-50,binary,50,bot_84,2803,b,22,25.48,25,109.55,112,2.45,0
e1-50,binary,50,bot_84,2803,b,24,18.6,25,107.12,105,-2.12,0
e1-50,binary,50,bot_84,2803,b,26,20.33,25,130.38,114,-16.38,0
e1-50,binary,50,bot_84,2803,b,28,12.61,25,122.88,102,-20.88,0
e1-50,binary,50,bot_84,2803,b,30,28.15,25,132.58,107,-25.58,0
e1-50,binary,50,bot_84,2803,b,32,46.21,25,90.56,103,12.44,0
e1-50,binary,50,bot_84,2803,b,34,31.54,25,79.31,69,-10.31,0
e1-50,binary,50,bot_84,2803,b,36,23.96,25,73.22,59,-14.22,0
e1-50,binary,50,bot_84,2803,b,38,27.71,25,90.84,74,-16.84,0
e1-50,binary,50,bot_84,2803,b,40,19.75,25,82.51,59,-23.51,0
e1-50,binary,50,bot_84,2803,b,42,12.44,25,88.16,66,-22.16,0
e1-50,binary,50,bot_84,2803,b,44,4.69,25,77.95,50,-27.95,0
e1-50,binary,50,bot_84,2803,b,46,24.4,25,62.8,57,-5.8,0
e1-50,binary,50,bot_84,2803,b,48,21.67,25,62.93,47,-15.93,0
e1-50,binary,50,bot_84,2803,b,50,12.1,25,53.13,28,-25.13,0
e1-50,binary,50,bot_84,2803,b,52,5.58,25,63.72,39,-24.72,0
e1-50,binary,50,bot_84,2803,b,54,18.52,25,69.98,39,-30.98,0
e1-50,binary,50,bot_84,2803,b,56,5.03,25,55.7,24,-31.7,0
e1-50,binary,50,bot_84,2803,b,58,7.76,25,83.71,59,-24.71,0
e1-50,binary,50,bot_84,2803,b,60,3.66,25,52.57,23,-29.57,0
e1-50,binary,50,bot_85,2804,w,1,42.29,25,65.24,101,35.76,0
e1-50,binary,50,bot_85,2804,w,3,50.43,25,93.19,108,14.81,0
e1-50,binary,50,bot_85,2804,w,5,45.86,25,110.63,126,15.38,0
e1-50,binary,50,bot_85,2804,w,7,56.58,25,127.03,122,-5.03,0
e1-50,binary,50,bot_85,2804,w,9,49.7,25,129.41,125,-4.41,0
e1-50,binary,50,bot_85,2804,w,11,31.47,25,128.98,130,1.02,0
e1-50,binary,50,bot_85,2804,w,13,27.66,25,140.85,139,-1.85,0
e1-50,binary,50,bot_85,2804,w,15,17.59,25,137.63,128,-9.63,0
e1-50,binary,50,bot_85,2804,w,17,51.76,25,98.16,118,19.84,0
e1-50,binary,50,bot_85,2804,w,19,60.34,25,116.8,114,-2.8,0
e1-50,binary,50,bot_85,2804,w,21,21.92,25,113.08,106,-7.08,0
e1-50,binary,50,bot_85,2804,w,23,18.27,25,107.21,98,-9.21,0
e1-50,binary,50,bot_85,2804,w,25,17.64,25,133.08,111,-22.08,0
e1-50,binary,50,bot_85,2804,w,27,10.31,25,125.27,99,-26.27,0
e1-50,binary,50,bot_85,2804,w,29,18.69,25,54.91,110,55.09,0
e1-50,binary,50,bot_85,2804,w,31,43.4,25,93.41,100,6.59,0
e1-50,binary,50,bot_85,2804,w,33,30.05,25,80.41,66,-14.41,0
e1-50,binary,50,bot_85,2804,w,35,20.15,25,76.99,57,-19.99,0
e1-50,binary,50,bot_85,2804,w,37,25.44,25,93.2,72,-21.2,0
e1-50,binary,50,bot_85,2804,w,39,18.44,25,83.89,54,-29.89,0
e1-50,binary,50,bot_85,2804,w,41,9.33,25,91.37,63,-28.37,0
e1-50,binary,50,bot_85,2804,w,43,2.44,25,80.32,46,-34.32,0
e1-50,binary,50,bot_85,2804,w,45,20.35,25,66.93,51,-15.93,0
e1-50,binary,50,bot_85,2804,w,47,18.42,25,66.19,45,-21.19,0
e1-50,binary,50,bot_85,2804,w,49,8.73,25,56.51,24,-32.51,0
e1-50,binary,50,bot_85,2804,w,51,1.37,25,67.93,35,-32.93,0
e1-50,binary,50,bot_85,2804,w,53,14.95,25,70.78,37,-33.78,0
e1-50,binary,50,bot_85,2804,w,55,5.83,25,56.07,22,-34.07,0
e1-50,binary,50,bot_85,2804,w,57,7.04,25,84.13,54,-30.12,0
e1-50,binary,50,bot_85,2804,w,59,1.57,25,54.7,20,-34.7,0
e1-50,binary,50,bot_86,2804,b,2,49.47,25,81.79,99,17.21,0
e1-50,binary,50,bot_86,2804,b,4,50.7,25,96.51,122,25.49,0
e1-50,binary,50,bot_86,2804,b,6,29.55,25,86.56,106,19.44,0
e1-50,binary,50,bot_86,2804,b,8,29.13,25,100.61,131,30.39,0
e1-50,binary,50,bot_86,2804,b,10,35.04,25,109.95,133,23.05,0
e1-50,binary,50,bot_86,2804,b,12,32.85,25,143.69,150,6.31,0
e1-50,binary,50,bot_86,2804,b,14,24.27,25,126.74,128,1.26,0
e1-50,binary,50,bot_86,2804,b,16,58.98,25,105.52,91,-14.52,0
e1-50,binary,50,bot_86,2804,b,18,36.75,25,110.11,128,17.89,0
e1-50,binary,50,bot_86,2804,b,20,32.28,25,127.19,155,27.81,0
e1-50,binary,50,bot_86,2804,b,22,29.37,25,157.55,146,-11.55,0
e1-50,binary,50,bot_86,2804,b,24,17.29,25,151.01,135,-16.01,0
e1-50,binary,50,bot_86,2804,b,26,12.07,25,123.83,109,-14.83,0
e1-50,binary,50,bot_86,2804,b,28,95.43,25,125.19,104,-21.19,0
e1-50,binary,50,bot_86,2804,b,30,46.19,25,92.92,79,-13.92,0
e1-50,binary,50,bot_86,2804,b,32,24.23,25,107.73,118,10.27,0
e1-50,binary,50,bot_86,2804,b,34,18.69,25,83.33,80,-3.33,0
e1-50,binary,50,bot_86,2804,b,36,17.35,25,90.2,78,-12.2,0
e1-50,binary,50,bot_86,2804,b,38,9.68,25,85.15,78,-7.15,0
e1-50,binary,50,bot_86,2804,b,40,11.14,25,90.65,77,-13.65,0
e1-50,binary,50,bot_86,2804,b,42,4.62,25,76.11,53,-23.11,0
e1-50,binary,50,bot_86,2804,b,44,23.22,25,97.98,68,-29.98,0
e1-50,binary,50,bot_86,2804,b,46,18.1,25,65.68,54,-11.68,0
e1-50,binary,50,bot_86,2804,b,48,5.8,25,62.08,48,-14.08,0
e1-50,binary,50,bot_86,2804,b,50,6.42,25,71.89,47,-24.89,0
e1-50,binary,50,bot_86,2804,b,52,4.69,25,67.36,36,-31.36,0
e1-50,binary,50,bot_86,2804,b,54,3.89,25,60.19,41,-19.19,0
e1-50,binary,50,bot_86,2804,b,56,9.22,25,72.5,46,-26.5,0
e1-50,binary,50,bot_86,2804,b,58,4.35,25,68.37,43,-25.37,0
e1-50,binary,50,bot_86,2804,b,60,2.78,25,60.44,36,-24.44,0
e1-50,binary,50,bot_87,2805,w,1,52.34,25,78.93,96,17.07,0
e1-50,binary,50,bot_87,2805,w,3,55.18,25,92.34,113,20.66,0
e1-50,binary,50,bot_87,2805,w,5,33.33,25,82.69,100,17.31,0
e1-50,binary,50,bot_87,2805,w,7,33.62,25,96.33,122,25.67,0
e1-50,binary,50,bot_87,2805,w,9,38.9,25,105.04,126,20.96,0
e1-50,binary,50,bot_87,2805,w,11,42.67,25,133.34,139,5.66,0
e1-50,binary,50,bot_87,2805,w,13,30.26,25,120.81,117,-3.81,0
e1-50,binary,50,bot_87,2805,w,15,57.31,25,107.09,90,-17.09,0
e1-50,binary,50,bot_87,2805,w,17,33.25,25,113.48,123,9.52,0
e1-50,binary,50,bot_87,2805,w,19,29.43,25,130.04,147,16.96,0
e1-50,binary,50,bot_87,2805,w,21,25.62,25,161.36,141,-20.36,0
e1-50,binary,50,bot_87,2805,w,23,13.97,25,154.29,130,-24.29,0
e1-50,binary,50,bot_87,2805,w,25,9.94,25,125.94,100,-25.94,0
e1-50,binary,50,bot_87,2805,w,27,84.49,25,59.48,104,44.52,0
e1-50,binary,50,bot_87,2805,w,29,43.82,25,95.28,72,-23.28,0
e1-50,binary,50,bot_87,2805,w,31,22.15,25,109.7,110,0.3,0
e1-50,binary,50,bot_87,2805,w,33,16.72,25,85.34,73,-12.34,0
e1-50,binary,50,bot_87,2805,w,35,13.63,25,94.02,71,-23.02,0
e1-50,binary,50,bot_87,2805,w,37,6.58,25,88.07,70,-18.07,0
e1-50,binary,50,bot_87,2805,w,39,8.04,25,93.65,70,-23.65,0
e1-50,binary,50,bot_87,2805,w,41,38.13,25,78.57,44,-34.57,0
e1-50,binary,50,bot_87,2805,w,43,19.63,25,55.95,42,-13.95,0
e1-50,binary,50,bot_87,2805,w,45,13.74,25,70.05,49,-21.05,0
e1-50,binary,50,bot_87,2805,w,47,3.19,25,64.67,38,-26.67,0
e1-50,binary,50,bot_87,2805,w,49,24.76,25,76.27,41,-35.27,0
e1-50,binary,50,bot_87,2805,w,51,2.98,25,51.97,20,-31.97,0
e1-50,binary,50,bot_87,2805,w,53,1.39,25,63.42,33,-30.42,0
e1-50,binary,50,bot_87,2805,w,55,4.3,25,76.91,39,-37.91,0
e1-50,binary,50,bot_87,2805,w,57,10.95,25,71,36,-35,0
e1-50,binary,50,bot_87,2805,w,59,6.06,25,62.6,45,-17.6,0
e1-50,binary,50,bot_88,2805,b,2,54.91,25,88.67,114,25.33,0
e1-50,binary,50,bot_88,2805,b,4,52.83,25,103.64,131,27.36,0
e1-50,binary,50,bot_88,2805,b,6,60.6,25,122.88,129,6.13,0
e1-50,binary,50,bot_88,2805,b,8,56.84,25,122.39,129,6.61,0
e1-50,binary,50,bot_88,2805,b,10,39.55,25,121.76,133,11.24,0
e1-50,binary,50,bot_88,2805,b,12,32.16,25,136.45,152,15.55,0
e1-50,binary,50,bot_88,2805,b,14,22.61,25,133.84,136,2.16,0
e1-50,binary,50,bot_88,2805,b,16,49.9,25,100.39,123,22.61,0
e1-50,binary,50,bot_88,2805,b,18,56.96,25,120.21,119,-1.21,0
e1-50,binary,50,bot_88,2805,b,20,19.31,25,115.73,110,-5.73,0
e1-50,binary,50,bot_88,2805,b,22,16.04,25,109.13,101,-8.12,0
e1-50,binary,50,bot_88,2805,b,24,14.34,25,136.43,115,-21.43,0
e1-50,binary,50,bot_88,2805,b,26,84.79,25,127.81,103,-24.81,0
e1-50,binary,50,bot_88,2805,b,28,16.97,25,56.57,106,49.43,0
e1-50,binary,50,bot_88,2805,b,30,40.05,25,97,106,9,0
e1-50,binary,50,bot_88,2805,b,32,28.48,25,82.22,69,-13.22,0
e1-50,binary,50,bot_88,2805,b,34,16.96,25,79.95,63,-16.95,0
e1-50,binary,50,bot_88,2805,b,36,22.69,25,96.22,75,-21.22,0
e1-50,binary,50,bot_88,2805,b,38,16.14,25,86.44,58,-28.44,0
e1-50,binary,50,bot_88,2805,b,40,6.08,25,94.75,68,-26.75,0
e1-50,binary,50,bot_88,2805,b,42,26.05,25,66.52,70,3.48,0
e1-50,binary,50,bot_88,2805,b,44,18.88,25,68.34,53,-15.34,0
e1-50,binary,50,bot_88,2805,b,46,14,25,70.48,49,-21.48,0
e1-50,binary,50,bot_88,2805,b,48,5.88,25,59.37,28,-31.37,0
e1-50,binary,50,bot_88,2805,b,50,9.19,25,54.65,45,-9.65,0
e1-50,binary,50,bot_88,2805,b,52,10.33,25,75.66,43,-32.66,0
e1-50,binary,50,bot_88,2805,b,54,1.98,25,59.89,27,-32.89,0
e1-50,binary,50,bot_88,2805,b,56,3.94,25,86.99,56,-30.99,0
e1-50,binary,50,bot_88,2805,b,58,14.99,25,64.65,40,-24.65,0
e1-50,binary,50,bot_88,2805,b,60,17.39,25,55.61,34,-21.61,0
e1-50,binary,50,bot_89,2806,w,1,60.45,25,83.04,126,42.96,0
e1-50,binary,50,bot_89,2806,w,3,65.89,25,90.74,130,39.26,0
e1-50,binary,50,bot_89,2806,w,5,68.71,25,113.75,131,17.25,0
e1-50,binary,50,bot_89,2806,w,7,70.26,25,108.27,124,15.73,0
e1-50,binary,50,bot_89,2806,w,9,53.83,25,108.03,128,19.97,0
e1-50,binary,50,bot_89,2806,w,11,39.14,25,129.15,160,30.85,0
e1-50,binary,50,bot_89,2806,w,13,38.5,25,119.6,137,17.4,0
e1-50,binary,50,bot_89,2806,w,15,46.94,25,103.57,125,21.43,0
e1-50,binary,50,bot_89,2806,w,17,53.2,25,124.04,124,-0.04,0
e1-50,binary,50,bot_89,2806,w,19,14.07,25,121.04,116,-5.04,0
e1-50,binary,50,bot_89,2806,w,21,12.16,25,112.94,103,-9.94,0
e1-50,binary,50,bot_89,2806,w,23,10.12,25,140.69,119,-21.69,0
e1-50,binary,50,bot_89,2806,w,25,70.57,25,102.82,117,14.18,0
e1-50,binary,50,bot_89,2806,w,27,13.04,25,60.52,108,47.48,0
e1-50,binary,50,bot_89,2806,w,29,32.77,25,104.42,114,9.58,0
e1-50,binary,50,bot_89,2806,w,31,23.49,25,87.42,74,-13.42,0
e1-50,binary,50,bot_89,2806,w,33,12.84,25,84.07,68,-16.07,0
e1-50,binary,50,bot_89,2806,w,35,14.24,25,104.86,85,-19.86,0
e1-50,binary,50,bot_89,2806,w,37,12.5,25,90.22,62,-28.22,0
e1-50,binary,50,bot_89,2806,w,39,28.04,25,98.42,71,-27.42,0
e1-50,binary,50,bot_89,2806,w,41,19.18,25,73.45,75,1.55,0
e1-50,binary,50,bot_89,2806,w,43,12.08,25,75.17,57,-18.17,0
e1-50,binary,50,bot_89,2806,w,45,5.3,25,79.16,57,-22.16,0
e1-50,binary,50,bot_89,2806,w,47,20.16,25,62.51,34,-28.51,0
e1-50,binary,50,bot_89,2806,w,49,4.12,25,59.91,46,-13.91,0
e1-50,binary,50,bot_89,2806,w,51,32.1,25,82.98,52,-30.98,0
e1-50,binary,50,bot_89,2806,w,53,12.55,25,63.24,45,-18.24,0
e1-50,binary,50,bot_89,2806,w,55,8.98,25,57.42,31,-26.42,0
e1-50,binary,50,bot_89,2806,w,57,7.77,25,72.02,44,-28.02,0
e1-50,binary,50,bot_89,2806,w,59,10.23,25,62.77,38,-24.77,0
e1-50,binary,50,bot_90,2806,b,2,65.48,25,82.67,113,30.33,0
e1-50,binary,50,bot_90,2806,b,4,42.91,25,73.16,109,35.84,0
e1-50,binary,50,bot_90,2806,b,6,42.37,25,88.2,126,37.8,0
e1-50,binary,50,bot_90,2806,b,8,46.08,25,98.3,138,39.7,0
e1-50,binary,50,bot_90,2806,b,10,55.85,25,119.71,143,23.29,0
e1-50,binary,50,bot_90,2806,b,12,43.11,25,108.38,116,7.62,0
e1-50,binary,50,bot_90,2806,b,14,55.97,25,108.24,110,1.76,0
e1-50,binary,50,bot_90,2806,b,16,33.09,25,113.08,122,8.92,0
e1-50,binary,50,bot_90,2806,b,18,28.22,25,131.13,147,15.87,0
e1-50,binary,50,bot_90,2806,b,20,23.59,25,163.85,141,-22.85,0
e1-50,binary,50,bot_90,2806,b,22,11.97,25,156.18,131,-25.18,0
e1-50,binary,50,bot_90,2806,b,24,47.66,25,127.76,101,-26.76,0
e1-50,binary,50,bot_90,2806,b,26,80.82,25,62.47,96,33.53,0
e1-50,binary,50,bot_90,2806,b,28,42.34,25,96.71,73,-23.71,0
e1-50,binary,50,bot_90,2806,b,30,19.81,25,111.66,106,-5.66,0
e1-50,binary,50,bot_90,2806,b,32,16.94,25,84.77,72,-12.77,0
e1-50,binary,50,bot_90,2806,b,34,12.6,25,95.14,70,-25.14,0
e1-50,binary,50,bot_90,2806,b,36,4.48,25,89.4,67,-22.4,0
e1-50,binary,50,bot_90,2806,b,38,6.07,25,95.25,71,-24.25,0
e1-50,binary,50,bot_90,2806,b,40,34.89,25,56.12,48,-8.12,0
e1-50,binary,50,bot_90,2806,b,42,15.89,25,59.59,43,-16.59,0
e1-50,binary,50,bot_90,2806,b,44,10.65,25,73.06,49,-24.06,0
e1-50,binary,50,bot_90,2806,b,46,2.79,25,66.46,34,-32.46,0
e1-50,binary,50,bot_90,2806,b,48,19.33,25,62.67,46,-16.67,0
e1-50,binary,50,bot_90,2806,b,50,1.27,25,53.3,21,-32.3,0
e1-50,binary,50,bot_90,2806,b,52,15.41,25,56.19,52,-4.19,0
e1-50,binary,50,bot_90,2806,b,54,6.34,25,65.43,41,-24.43,0
e1-50,binary,50,bot_90,2806,b,56,5.71,25,59.73,31,-28.73,0
e1-50,binary,50,bot_90,2806,b,58,2.28,25,66.27,44,-22.27,0
e1-50,binary,50,bot_90,2806,b,60,3.39,25,62.14,43,-19.14,0
e1-50,binary,50,bot_91,2807,w,1,66.45,25,82.32,123,40.68,0
e1-50,binary,50,bot_91,2807,w,3,45.75,25,70.56,106,35.44,0
e1-50,binary,50,bot_91,2807,w,5,43.75,25,87.42,128,40.58,0
e1-50,binary,50,bot_91,2807,w,7,48.89,25,95.42,138,42.58,0
e1-50,binary,50,bot_91,2807,w,9,58.86,25,116.46,143,26.54,0
e1-50,binary,50,bot_91,2807,w,11,46.39,25,105.92,116,10.08,0
e1-50,binary,50,bot_91,2807,w,13,54.38,25,109.8,118,8.2,0
e1-50,binary,50,bot_91,2807,w,15,31.56,25,114.54,122,7.46,0
e1-50,binary,50,bot_91,2807,w,17,27.09,25,132.25,145,12.75,0
e1-50,binary,50,bot_91,2807,w,19,21.68,25,166.18,141,-25.18,0
e1-50,binary,50,bot_91,2807,w,21,10.42,25,157.73,129,-28.73,0
e1-50,binary,50,bot_91,2807,w,23,38.04,25,91.35,107,15.65,0
e1-50,binary,50,bot_91,2807,w,25,77.68,25,65.54,95,29.46,0
e1-50,binary,50,bot_91,2807,w,27,40.41,25,98.65,71,-27.65,0
e1-50,binary,50,bot_91,2807,w,29,17.38,25,114.03,105,-9.03,0
e1-50,binary,50,bot_91,2807,w,31,15.38,25,86.27,67,-19.27,0
e1-50,binary,50,bot_91,2807,w,33,9.56,25,98.23,69,-29.23,0
e1-50,binary,50,bot_91,2807,w,35,4.21,25,89.24,61,-28.24,0
e1-50,binary,50,bot_91,2807,w,37,34.89,25,94.47,64,-30.47,0
e1-50,binary,50,bot_91,2807,w,39,33.17,25,57.76,43,-14.76,0
e1-50,binary,50,bot_91,2807,w,41,13.25,25,62.17,41,-21.17,0
e1-50,binary,50,bot_91,2807,w,43,8.12,25,75.48,44,-31.48,0
e1-50,binary,50,bot_91,2807,w,45,7.97,25,51.04,32,-19.04,0
e1-50,binary,50,bot_91,2807,w,47,17.05,25,64.76,41,-23.76,0
e1-50,binary,50,bot_91,2807,w,49,13.28,25,60.98,32,-28.98,0
e1-50,binary,50,bot_91,2807,w,51,11.81,25,59.69,47,-12.69,0
e1-50,binary,50,bot_91,2807,w,53,3.59,25,68.13,39,-29.13,0
e1-50,binary,50,bot_91,2807,w,55,3.07,25,62.79,30,-32.79,0
e1-50,binary,50,bot_91,2807,w,57,1.82,25,66.49,41,-25.49,0
e1-50,binary,50,bot_91,2807,w,59,21.52,25,64,38,-26,0
e1-50,binary,50,bot_92,2807,b,2,69.51,25,87.04,118,30.96,0
e1-50,binary,50,bot_92,2807,b,4,74.45,25,107.52,118,10.48,0
e1-50,binary,50,bot_92,2807,b,6,77.24,25,101.26,110,8.74,0
e1-50,binary,50,bot_92,2807,b,8,60.5,25,101.84,116,14.16,0
e1-50,binary,50,bot_92,2807,b,10,43.68,25,124.36,149,24.64,0
e1-50,binary,50,bot_92,2807,b,12,48.16,25,110.77,122,11.23,0
e1-50,binary,50,bot_92,2807,b,14,46.39,25,104.43,119,14.57,0
e1-50,binary,50,bot_92,2807,b,16,52.45,25,124.87,117,-7.87,0
e1-50,binary,50,bot_92,2807,b,18,13.19,25,121.99,108,-13.99,0
e1-50,binary,50,bot_92,2807,b,20,10.82,25,113.03,95,-18.03,0
e1-50,binary,50,bot_92,2807,b,22,54.63,25,142.73,113,-29.73,0
e1-50,binary,50,bot_92,2807,b,24,67.65,25,105.7,104,-1.7,0
e1-50,binary,50,bot_92,2807,b,26,11.72,25,61.84,99,37.16,0
e1-50,binary,50,bot_92,2807,b,28,29.92,25,107.6,108,0.4,0
e1-50,binary,50,bot_92,2807,b,30,19.89,25,91.49,69,-22.49,0
e1-50,binary,50,bot_92,2807,b,32,10.06,25,86.75,63,-23.75,0
e1-50,binary,50,bot_92,2807,b,34,10.96,25,108.99,79,-29.99,0
e1-50,binary,50,bot_92,2807,b,36,9.49,25,96.09,60,-36.09,0
e1-50,binary,50,bot_92,2807,b,38,23.82,25,72.66,67,-5.66,0
e1-50,binary,50,bot_92,2807,b,40,16.93,25,75.88,69,-6.88,0
e1-50,binary,50,bot_92,2807,b,42,6.92,25,80.51,54,-26.51,0
e1-50,binary,50,bot_92,2807,b,44,20.36,25,81.8,50,-31.8,0
e1-50,binary,50,bot_92,2807,b,46,15.97,25,59.73,29,-30.73,0
e1-50,binary,50,bot_92,2807,b,48,10.18,25,62.07,39,-23.07,0
e1-50,binary,50,bot_92,2807,b,50,26.17,25,61.74,34,-27.74,0
e1-50,binary,50,bot_92,2807,b,52,10.45,25,65.62,37,-28.62,0
e1-50,binary,50,bot_92,2807,b,54,5.4,25,61.29,25,-36.29,0
e1-50,binary,50,bot_92,2807,b,56,5.95,25,74.02,36,-38.02,0
e1-50,binary,50,bot_92,2807,b,58,4.57,25,68.69,38,-30.69,0
e1-50,binary,50,bot_92,2807,b,60,2.23,25,54.71,44,-10.71,0
e1-50,binary,50,bot_93,2808,w,1,70.98,25,86.4,123,36.6,0
e1-50,binary,50,bot_93,2808,w,3,75.06,25,106.12,117,10.88,0
e1-50,binary,50,bot_93,2808,w,5,78.76,25,99.82,108,8.18,0
e1-50,binary,50,bot_93,2808,w,7,61.51,25,100.74,114,13.26,0
e1-50,binary,50,bot_93,2808,w,9,44.4,25,123.71,148,24.29,0
e1-50,binary,50,bot_93,2808,w,11,50.2,25,109.25,122,12.75,0
e1-50,binary,50,bot_93,2808,w,13,44.71,25,106.17,116,9.83,0
e1-50,binary,50,bot_93,2808,w,15,50.62,25,126.7,115,-11.7,0
e1-50,binary,50,bot_93,2808,w,17,11.52,25,123.66,107,-16.66,0
e1-50,binary,50,bot_93,2808,w,19,9.16,25,114.53,91,-23.53,0
e1-50,binary,50,bot_93,2808,w,21,44.64,25,99.27,119,19.73,0
e1-50,binary,50,bot_93,2808,w,23,62.98,25,110.3,104,-6.3,0
e1-50,binary,50,bot_93,2808,w,25,9.51,25,63.98,94,30.02,0
e1-50,binary,50,bot_93,2808,w,27,26.24,25,111.3,108,-3.3,0
e1-50,binary,50,bot_93,2808,w,29,15.85,25,95.59,68,-27.59,0
e1-50,binary,50,bot_93,2808,w,31,8.31,25,88.4,60,-28.4,0
e1-50,binary,50,bot_93,2808,w,33,55.84,25,112.18,79,-33.18,0
e1-50,binary,50,bot_93,2808,w,35,20.09,25,51.48,42,-9.48,0
e1-50,binary,50,bot_93,2808,w,37,22.34,25,74.11,63,-11.11,0
e1-50,binary,50,bot_93,2808,w,39,15.47,25,76.82,66,-10.82,0
e1-50,binary,50,bot_93,2808,w,41,6.51,25,80.78,47,-33.78,0
e1-50,binary,50,bot_93,2808,w,43,16.28,25,65.57,47,-18.57,0
e1-50,binary,50,bot_93,2808,w,45,12.5,25,63.25,27,-36.25,0
e1-50,binary,50,bot_93,2808,w,47,10.02,25,62.27,33,-29.27,0
e1-50,binary,50,bot_93,2808,w,49,20.74,25,67.2,34,-33.2,0
e1-50,binary,50,bot_93,2808,w,51,5.82,25,70.35,36,-34.35,0
e1-50,binary,50,bot_93,2808,w,53,1.77,25,65.05,25,-40.05,0
e1-50,binary,50,bot_93,2808,w,55,2.78,25,77.32,38,-39.32,0
e1-50,binary,50,bot_93,2808,w,57,12.52,25,71.33,40,-31.33,0
e1-50,binary,50,bot_93,2808,w,59,7.33,25,56.21,39,-17.21,0
e1-50,binary,50,bot_94,2808,b,2,47.34,25,69.02,103,33.98,0
e1-50,binary,50,bot_94,2808,b,4,44.73,25,86.11,123,36.89,0
e1-50,binary,50,bot_94,2808,b,6,49.92,25,94.51,136,41.49,0
e1-50,binary,50,bot_94,2808,b,8,60.39,25,114.73,138,23.27,0
e1-50,binary,50,bot_94,2808,b,10,48.42,25,104.08,110,5.92,0
e1-50,binary,50,bot_94,2808,b,12,51.75,25,112.12,121,8.88,0
e1-50,binary,50,bot_94,2808,b,14,29.74,25,116.04,120,3.96,0
e1-50,binary,50,bot_94,2808,b,16,25.61,25,133.76,142,8.24,0
e1-50,binary,50,bot_94,2808,b,18,18.76,25,169.83,140,-29.83,0
e1-50,binary,50,bot_94,2808,b,20,61.06,25,160.77,128,-32.77,0
e1-50,binary,50,bot_94,2808,b,22,35.88,25,93.23,95,1.77,0
e1-50,binary,50,bot_94,2808,b,24,72.96,25,70.31,91,20.69,0
e1-50,binary,50,bot_94,2808,b,26,37.7,25,101.44,69,-32.44,0
e1-50,binary,50,bot_94,2808,b,28,14.71,25,116.52,100,-16.52,0
e1-50,binary,50,bot_94,2808,b,30,12.42,25,89.28,63,-26.28,0
e1-50,binary,50,bot_94,2808,b,32,9.49,25,98.47,65,-33.47,0
e1-50,binary,50,bot_94,2808,b,34,32.78,25,65.27,79,13.73,0
e1-50,binary,50,bot_94,2808,b,36,31.1,25,79.14,57,-22.14,0
e1-50,binary,50,bot_94,2808,b,38,30.94,25,60.5,41,-19.5,0
e1-50,binary,50,bot_94,2808,b,40,8.58,25,67.1,42,-25.1,0
e1-50,binary,50,bot_94,2808,b,42,24.71,25,79.79,45,-34.79,0
e1-50,binary,50,bot_94,2808,b,44,5.27,25,52.9,27,-25.9,0
e1-50,binary,50,bot_94,2808,b,46,12.34,25,69.35,40,-29.35,0
e1-50,binary,50,bot_94,2808,b,48,9,25,65.11,32,-33.11,0
e1-50,binary,50,bot_94,2808,b,50,8.29,25,62.89,41,-21.89,0
e1-50,binary,50,bot_94,2808,b,52,1.37,25,70.2,34,-36.2,0
e1-50,binary,50,bot_94,2808,b,54,2.01,25,63.55,24,-39.55,0
e1-50,binary,50,bot_94,2808,b,56,1.78,25,66.03,36,-30.03,0
e1-50,binary,50,bot_94,2808,b,58,16.59,25,58.39,39,-19.39,0
e1-50,binary,50,bot_94,2808,b,60,11.16,25,54.59,30,-24.59,0
e1-50,binary,50,bot_95,2809,w,1,51.41,25,65.48,112,46.52,0
e1-50,binary,50,bot_95,2809,w,3,47.65,25,83.91,129,45.09,0
e1-50,binary,50,bot_95,2809,w,5,53.47,25,90.93,140,49.07,0
e1-50,binary,50,bot_95,2809,w,7,64.8,25,110.59,137,26.41,0
e1-50,binary,50,bot_95,2809,w,9,53.97,25,98.5,113,14.5,0
e1-50,binary,50,bot_95,2809,w,11,46.77,25,117.03,133,15.97,0
e1-50,binary,50,bot_95,2809,w,13,26.91,25,118.87,123,4.13,0
e1-50,binary,50,bot_95,2809,w,15,23.9,25,135.48,143,7.52,0
e1-50,binary,50,bot_95,2809,w,17,14.25,25,174.41,145,-29.41,0
e1-50,binary,50,bot_95,2809,w,19,51.89,25,98.99,137,38.01,0
e1-50,binary,50,bot_95,2809,w,21,34.12,25,94.97,97,2.03,0
e1-50,binary,50,bot_95,2809,w,23,69.75,25,73.55,92,18.45,0
e1-50,binary,50,bot_95,2809,w,25,35,25,104.15,71,-33.15,0
e1-50,binary,50,bot_95,2809,w,27,13.15,25,118.03,101,-17.03,0
e1-50,binary,50,bot_95,2809,w,29,10.78,25,90.95,63,-27.95,0
e1-50,binary,50,bot_95,2809,w,31,22.16,25,101.76,68,-33.76,0
e1-50,binary,50,bot_95,2809,w,33,30.69,25,67.35,71,3.65,0
e1-50,binary,50,bot_95,2809,w,35,27.94,25,82.41,59,-23.41,0
e1-50,binary,50,bot_95,2809,w,37,27.53,25,63.95,45,-18.95,0
e1-50,binary,50,bot_95,2809,w,39,6.13,25,69.53,43,-26.53,0
e1-50,binary,50,bot_95,2809,w,41,19.09,25,70.11,48,-22.11,0
e1-50,binary,50,bot_95,2809,w,43,2.43,25,55.76,28,-27.76,0
e1-50,binary,50,bot_95,2809,w,45,8.76,25,72.93,42,-30.93,0
e1-50,binary,50,bot_95,2809,w,47,6.38,25,67.7,33,-34.7,0
e1-50,binary,50,bot_95,2809,w,49,4.95,25,66.16,42,-24.16,0
e1-50,binary,50,bot_95,2809,w,51,23.46,25,67.96,55,-12.96,0
e1-50,binary,50,bot_95,2809,w,53,4.3,25,59.21,22,-37.21,0
e1-50,binary,50,bot_95,2809,w,55,5.59,25,57.48,28,-29.48,0
e1-50,binary,50,bot_95,2809,w,57,12.11,25,63.12,37,-26.12,0
e1-50,binary,50,bot_95,2809,w,59,7.44,25,58.32,30,-28.32,0
e1-50,binary,50,bot_96,2809,b,2,81.02,25,99.68,115,15.32,0
e1-50,binary,50,bot_96,2809,b,4,84.13,25,94.16,104,9.84,0
e1-50,binary,50,bot_96,2809,b,6,62.77,25,99.7,115,15.3,0
e1-50,binary,50,bot_96,2809,b,8,50.26,25,117.86,144,26.14,0
e1-50,binary,50,bot_96,2809,b,10,57,25,103.39,118,14.61,0
e1-50,binary,50,bot_96,2809,b,12,43.91,25,107.29,111,3.71,0
e1-50,binary,50,bot_96,2809,b,14,49,25,128.25,114,-14.25,0
e1-50,binary,50,bot_96,2809,b,16,10.64,25,124.62,106,-18.62,0
e1-50,binary,50,bot_96,2809,b,18,79.02,25,115.41,88,-27.41,0
e1-50,binary,50,bot_96,2809,b,20,43.68,25,100.45,110,9.55,0
e1-50,binary,50,bot_96,2809,b,22,60.22,25,112.77,106,-6.77,0
e1-50,binary,50,bot_96,2809,b,24,7.88,25,65.46,94,28.54,0
e1-50,binary,50,bot_96,2809,b,26,24.39,25,113.32,107,-6.32,0
e1-50,binary,50,bot_96,2809,b,28,13.31,25,98.36,69,-29.36,0
e1-50,binary,50,bot_96,2809,b,30,6.8,25,89.61,59,-30.61,0
e1-50,binary,50,bot_96,2809,b,32,45.66,25,106.31,86,-20.31,0
e1-50,binary,50,bot_96,2809,b,34,17.32,25,54.22,43,-11.22,0
e1-50,binary,50,bot_96,2809,b,36,21.57,25,74.86,60,-14.86,0
e1-50,binary,50,bot_96,2809,b,38,14.06,25,78.08,63,-15.08,0
e1-50,binary,50,bot_96,2809,b,40,19.08,25,83.45,48,-35.45,0
e1-50,binary,50,bot_96,2809,b,42,13.7,25,68.1,45,-23.1,0
e1-50,binary,50,bot_96,2809,b,44,9.85,25,65.87,26,-39.87,0
e1-50,binary,50,bot_96,2809,b,46,6.46,25,65.74,33,-32.74,0
e1-50,binary,50,bot_96,2809,b,48,17.16,25,70.98,35,-35.98,0
e1-50,binary,50,bot_96,2809,b,50,27.72,25,74.16,37,-37.16,0
e1-50,binary,50,bot_96,2809,b,52,4.21,25,56.05,37,-19.05,0
e1-50,binary,50,bot_96,2809,b,54,3.67,25,59.58,29,-30.58,0
e1-50,binary,50,bot_96,2809,b,56,6.81,25,61.98,34,-27.98,0
e1-50,binary,50,bot_96,2809,b,58,4.48,25,58.5,37,-21.5,0
e1-50,binary,50,bot_96,2809,b,60,7.02,25,68.51,42,-26.51,0
e1-50,binary,50,bot_97,2810,w,1,86.67,25,93.74,114,20.26,0
e1-50,binary,50,bot_97,2810,w,3,89.09,25,88.66,98,9.34,0
e1-50,binary,50,bot_97,2810,w,5,65.98,25,96.57,111,14.43,0
e1-50,binary,50,bot_97,2810,w,7,54.73,25,113.49,146,32.51,0
e1-50,binary,50,bot_97,2810,w,9,61.71,25,99.45,121,21.55,0
e1-50,binary,50,bot_97,2810,w,11,42.05,25,109.24,109,-0.24,0
e1-50,binary,50,bot_97,2810,w,13,45.32,25,131.97,114,-17.97,0
e1-50,binary,50,bot_97,2810,w,15,8.78,25,126.5,103,-23.5,0
e1-50,binary,50,bot_97,2810,w,17,69.84,25,73.87,93,19.13,0
e1-50,binary,50,bot_97,2810,w,19,41.34,25,102.77,109,6.23,0
e1-50,binary,50,bot_97,2810,w,21,57.19,25,115.69,104,-11.69,0
e1-50,binary,50,bot_97,2810,w,23,6.2,25,67.14,90,22.86,0
e1-50,binary,50,bot_97,2810,w,25,21.17,25,116.65,106,-10.65,0
e1-50,binary,50,bot_97,2810,w,27,11.05,25,100.69,68,-32.69,0
e1-50,binary,50,bot_97,2810,w,29,31.42,25,91.51,57,-34.51,0
e1-50,binary,50,bot_97,2810,w,31,43.39,25,108.58,77,-31.58,0
e1-50,binary,50,bot_97,2810,w,33,14.68,25,56.88,42,-14.88,0
e1-50,binary,50,bot_97,2810,w,35,19.83,25,76.7,58,-18.7,0
e1-50,binary,50,bot_97,2810,w,37,12.18,25,80.01,61,-19.01,0
e1-50,binary,50,bot_97,2810,w,39,11.56,25,80.69,50,-30.69,0
e1-50,binary,50,bot_97,2810,w,41,11.36,25,70.36,42,-28.36,0
e1-50,binary,50,bot_97,2810,w,43,6.96,25,65.8,25,-40.8,0
e1-50,binary,50,bot_97,2810,w,45,4.39,25,67.72,29,-38.72,0
e1-50,binary,50,bot_97,2810,w,47,14.98,25,73.19,32,-41.19,0
e1-50,binary,50,bot_97,2810,w,49,23.96,25,68.83,34,-34.83,0
e1-50,binary,50,bot_97,2810,w,51,2.17,25,57.99,33,-24.99,0
e1-50,binary,50,bot_97,2810,w,53,7.16,25,61.78,27,-34.78,0
e1-50,binary,50,bot_97,2810,w,55,4.26,25,64.96,34,-30.96,0
e1-50,binary,50,bot_97,2810,w,57,2.59,25,60.29,33,-27.29,0
e1-50,binary,50,bot_97,2810,w,59,3.95,25,72.15,41,-31.15,0
e1-50,binary,50,bot_98,2810,b,2,51.35,25,80.66,141,60.34,0
e1-50,binary,50,bot_98,2810,b,4,55.85,25,88.75,150,61.25,0
e1-50,binary,50,bot_98,2810,b,6,72.86,25,102.66,141,38.34,0
e1-50,binary,50,bot_98,2810,b,8,62.92,25,89.45,117,27.55,0
e1-50,binary,50,bot_98,2810,b,10,45.4,25,118.21,146,27.79,0
e1-50,binary,50,bot_98,2810,b,12,25.83,25,119.71,127,7.29,0
e1-50,binary,50,bot_98,2810,b,14,22.72,25,136.65,147,10.35,0
e1-50,binary,50,bot_98,2810,b,16,63.93,25,175.76,150,-25.76,0
e1-50,binary,50,bot_98,2810,b,18,50.58,25,100.02,135,34.98,0
e1-50,binary,50,bot_98,2810,b,20,33.71,25,95.55,101,5.45,0
e1-50,binary,50,bot_98,2810,b,22,67.75,25,75.54,98,22.46,0
e1-50,binary,50,bot_98,2810,b,24,33.1,25,106.01,77,-29.01,0
e1-50,binary,50,bot_98,2810,b,26,11.8,25,119.13,106,-13.13,0
e1-50,binary,50,bot_98,2810,b,28,9.65,25,92.11,68,-24.11,0
e1-50,binary,50,bot_98,2810,b,30,14.23,25,83.37,81,-2.37,0
e1-50,binary,50,bot_98,2810,b,32,29.65,25,68.11,76,7.89,0
e1-50,binary,50,bot_98,2810,b,34,26.92,25,83.59,64,-19.59,0
e1-50,binary,50,bot_98,2810,b,36,26.47,25,64.78,51,-13.78,0
e1-50,binary,50,bot_98,2810,b,38,14.3,25,71.67,49,-22.67,0
e1-50,binary,50,bot_98,2810,b,40,16.72,25,72.47,48,-24.47,0
e1-50,binary,50,bot_98,2810,b,42,4.48,25,56.65,33,-23.65,0
e1-50,binary,50,bot_98,2810,b,44,6.6,25,75.01,48,-27.01,0
e1-50,binary,50,bot_98,2810,b,46,4.73,25,69.5,40,-29.5,0
e1-50,binary,50,bot_98,2810,b,48,11,25,69.2,50,-19.2,0
e1-50,binary,50,bot_98,2810,b,50,20.71,25,70.77,61,-9.77,0
e1-50,binary,50,bot_98,2810,b,52,3.62,25,62.64,31,-31.64,0
e1-50,binary,50,bot_98,2810,b,54,5.56,25,51.13,32,-19.13,0
e1-50,binary,50,bot_98,2810,b,56,8.92,25,66.17,43,-23.17,0
e1-50,binary,50,bot_98,2810,b,58,5.38,25,60.34,37,-23.34,0
e1-50,binary,50,bot_98,2810,b,60,7.43,25,53.91,31,-22.91,0
e1-50,binary,50,bot_99,2811,w,1,53.38,25,79.79,148,68.21,0
e1-50,binary,50,bot_99,2811,w,3,61.1,25,84.48,151,66.52,0
e1-50,binary,50,bot_99,2811,w,5,79.21,25,96.95,143,46.05,0
e1-50,binary,50,bot_99,2811,w,7,69.79,25,82.69,119,36.31,0
e1-50,binary,50,bot_99,2811,w,9,42.44,25,121.11,155,33.89,0
e1-50,binary,50,bot_99,2811,w,11,24.05,25,121.45,127,5.55,0
e1-50,binary,50,bot_99,2811,w,13,21.03,25,138.37,146,7.63,0
e1-50,binary,50,bot_99,2811,w,15,47.15,25,118.4,165,46.6,0
e1-50,binary,50,bot_99,2811,w,17,46.82,25,103.62,135,31.38,0
e1-50,binary,50,bot_99,2811,w,19,32.03,25,97.42,100,2.58,0
e1-50,binary,50,bot_99,2811,w,21,63.06,25,80.27,98,17.73,0
e1-50,binary,50,bot_99,2811,w,23,28.47,25,110.64,78,-32.64,0
e1-50,binary,50,bot_99,2811,w,25,9.02,25,121.5,104,-17.5,0
e1-50,binary,50,bot_99,2811,w,27,23.3,25,95.24,68,-27.24,0
e1-50,binary,50,bot_99,2811,w,29,9.93,25,87.79,76,-11.79,0
e1-50,binary,50,bot_99,2811,w,31,27.2,25,70.46,75,4.54,0
e1-50,binary,50,bot_99,2811,w,33,21.97,25,88.63,64,-24.63,0
e1-50,binary,50,bot_99,2811,w,35,20.82,25,70.42,52,-18.42,0
e1-50,binary,50,bot_99,2811,w,37,3.71,25,82.32,55,-27.32,0
e1-50,binary,50,bot_99,2811,w,39,11.02,25,78.2,48,-30.2,0
e1-50,binary,50,bot_99,2811,w,41,1.47,25,60.47,30,-30.47,0
e1-50,binary,50,bot_99,2811,w,43,2.28,25,79.24,44,-35.24,0
e1-50,binary,50,bot_99,2811,w,45,7.38,25,72.43,38,-34.43,0
e1-50,binary,50,bot_99,2811,w,47,6.25,25,73.87,47,-26.87,0
e1-50,binary,50,bot_99,2811,w,49,16.46,25,75.04,59,-16.04,0
e1-50,binary,50,bot_99,2811,w,51,5.04,25,51.82,30,-21.82,0
e1-50,binary,50,bot_99,2811,w,53,1.94,25,54.75,30,-24.75,0
e1-50,binary,50,bot_99,2811,w,55,3.02,25,72.68,45,-27.68,0
e1-50,binary,50,bot_99,2811,w,57,1.68,25,64.4,36,-28.4,0
e1-50,binary,50,bot_99,2811,w,59,1.7,25,59.92,32,-27.92,0
e1-50,binary,50,bot_100,2811,b,2,97.75,25,78.66,93,14.34,0
e1-50,binary,50,bot_100,2811,b,4,77.13,25,85.2,106,20.8,0
e1-50,binary,50,bot_100,2811,b,6,66.39,25,101.72,142,40.28,0
e1-50,binary,50,bot_100,2811,b,8,70.57,25,91.61,122,30.39,0
e1-50,binary,50,bot_100,2811,b,10,41.65,25,109.89,109,-0.89,0
e1-50,binary,50,bot_100,2811,b,12,43.87,25,133.41,113,-20.41,0
e1-50,binary,50,bot_100,2811,b,14,82.59,25,127.08,103,-24.08,0
e1-50,binary,50,bot_100,2811,b,16,68.54,25,75.79,79,3.21,0
e1-50,binary,50,bot_100,2811,b,18,40.52,25,103.78,107,3.22,0
e1-50,binary,50,bot_100,2811,b,20,54.92,25,117.23,105,-12.23,0
e1-50,binary,50,bot_100,2811,b,22,4.57,25,68.78,87,18.22,0
e1-50,binary,50,bot_100,2811,b,24,20.01,25,118.38,104,-14.38,0
e1-50,binary,50,bot_100,2811,b,26,9.75,25,102.55,67,-35.55,0
e1-50,binary,50,bot_100,2811,b,28,25.7,25,79.91,59,-20.91,0
e1-50,binary,50,bot_100,2811,b,30,41.06,25,110.91,77,-33.91,0
e1-50,binary,50,bot_100,2811,b,32,12.33,25,59.41,43,-16.41,0
e1-50,binary,50,bot_100,2811,b,34,18.26,25,78.36,56,-22.36,0
e1-50,binary,50,bot_100,2811,b,36,9.67,25,82.52,59,-23.52,0
e1-50,binary,50,bot_100,2811,b,38,7.22,25,84.92,45,-39.92,0
e1-50,binary,50,bot_100,2811,b,40,7.06,25,74.57,42,-32.57,0
e1-50,binary,50,bot_100,2811,b,42,3.08,25,68.9,27,-41.9,0
e1-50,binary,50,bot_100,2811,b,44,2.03,25,70.05,29,-41.05,0
e1-50,binary,50,bot_100,2811,b,46,11.3,25,71.22,35,-36.22,0
e1-50,binary,50,bot_100,2811,b,48,21.38,25,70.91,34,-36.91,0
e1-50,binary,50,bot_100,2811,b,50,14.7,25,58.94,31,-27.94,0
e1-50,binary,50,bot_100,2811,b,52,5.17,25,58.13,28,-30.13,0
e1-50,binary,50,bot_100,2811,b,54,1.86,25,66.61,33,-33.61,0
e1-50,binary,50,bot_100,2811,b,56,1.21,25,60.79,29,-31.79,0
e1-50,binary,50,bot_100,2811,b,58,2.25,25,73.55,40,-33.55,0
e1-50,binary,50,bot_100,2811,b,60,1.84,25,52.96,19,-33.96,0
