label,format,games,username,game_id,color,ply,rtt_ms,applied_bytes,warmup
e1-100,binary,100,bot_1,3012,w,1,20.95,25,56.95,59,2.05,0
e1-100,binary,100,bot_1,3012,w,3,15.07,25,55.44,56,0.56,0
e1-100,binary,100,bot_1,3012,w,5,10.08,25,54.03,58,3.97,0
e1-100,binary,100,bot_1,3012,w,7,17.36,25,60.63,65,4.37,0
e1-100,binary,100,bot_1,3012,w,9,9.05,25,65.46,73,7.54,0
e1-100,binary,100,bot_1,3012,w,11,12.19,25,73.76,82,8.24,0
e1-100,binary,100,bot_1,3012,w,13,9.55,25,79.66,79,-0.66,0
e1-100,binary,100,bot_1,3012,w,15,14.8,25,90.84,97,6.16,0
e1-100,binary,100,bot_1,3012,w,17,24.52,25,83.95,95,11.05,0
e1-100,binary,100,bot_1,3012,w,19,15.45,25,73.92,93,19.08,0
e1-100,binary,100,bot_1,3012,w,21,13.61,25,85.48,99,13.52,0
e1-100,binary,100,bot_1,3012,w,23,12.71,25,90.18,104,13.82,0
e1-100,binary,100,bot_1,3012,w,25,19.76,25,104.59,120,15.41,0
e1-100,binary,100,bot_1,3012,w,27,49.81,25,92.44,101,8.56,0
e1-100,binary,100,bot_1,3012,w,29,35.54,25,92.42,129,36.58,0
e1-100,binary,100,bot_1,3012,w,31,26.1,25,92.82,135,42.18,0
e1-100,binary,100,bot_1,3012,w,33,17.66,25,123.07,141,17.93,0
e1-100,binary,100,bot_1,3012,w,35,15.48,25,172.21,184,11.79,0
e1-100,binary,100,bot_1,3012,w,37,85.83,25,173.9,178,4.1,0
e1-100,binary,100,bot_1,3012,w,39,88.39,25,84.73,150,65.27,0
e1-100,binary,100,bot_1,3012,w,41,79.33,25,105.96,168,62.04,0
e1-100,binary,100,bot_1,3012,w,43,74.64,25,98.14,178,79.86,0
e1-100,binary,100,bot_1,3012,w,45,72.37,25,131.81,190,58.19,0
e1-100,binary,100,bot_1,3012,w,47,68.18,25,125.18,165,39.82,0
e1-100,binary,100,bot_1,3012,w,49,64.21,25,168.65,218,49.35,0
e1-100,binary,100,bot_1,3012,w,51,62.35,25,140.53,194,53.47,0
e1-100,binary,100,bot_1,3012,w,53,43.03,25,182.2,235,52.8,0
e1-100,binary,100,bot_1,3012,w,55,32.48,25,183.34,225,41.66,0
e1-100,binary,100,bot_1,3012,w,57,36.27,25,198.86,232,33.14,0
e1-100,binary,100,bot_1,3012,w,59,25.91,25,211.12,240,28.88,0
e1-100,binary,100,bot_2,3012,b,2,75.67,25,57.65,131,73.35,0
e1-100,binary,100,bot_2,3012,b,4,8.83,25,63.31,67,3.69,0
e1-100,binary,100,bot_2,3012,b,6,12.3,25,78.47,78,-0.47,0
e1-100,binary,100,bot_2,3012,b,8,15.02,25,62.96,74,11.04,0
e1-100,binary,100,bot_2,3012,b,10,12.79,25,68.01,70,1.99,0
e1-100,binary,100,bot_2,3012,b,12,5.4,25,58.51,63,4.49,0
e1-100,binary,100,bot_2,3012,b,14,13.55,25,87.88,90,2.12,0
e1-100,binary,100,bot_2,3012,b,16,17.4,25,93.84,102,8.16,0
e1-100,binary,100,bot_2,3012,b,18,24.85,25,85.33,103,17.67,0
e1-100,binary,100,bot_2,3012,b,20,20.14,25,77.26,85,7.74,0
e1-100,binary,100,bot_2,3012,b,22,18.74,25,121.99,129,7.01,0
e1-100,binary,100,bot_2,3012,b,24,22.03,25,134.3,139,4.7,0
e1-100,binary,100,bot_2,3012,b,26,14.26,25,126.14,141,14.86,0
e1-100,binary,100,bot_2,3012,b,28,42.63,25,93.72,136,42.28,0
e1-100,binary,100,bot_2,3012,b,30,48.64,25,91.58,120,28.42,0
e1-100,binary,100,bot_2,3012,b,32,23.54,25,166.07,186,19.93,0
e1-100,binary,100,bot_2,3012,b,34,18.51,25,157.06,169,11.94,0
e1-100,binary,100,bot_2,3012,b,36,9.83,25,172.22,181,8.78,0
e1-100,binary,100,bot_2,3012,b,38,71.44,25,82.9,162,79.1,0
e1-100,binary,100,bot_2,3012,b,40,69.01,25,127.68,208,80.32,0
e1-100,binary,100,bot_2,3012,b,42,86.55,25,97.64,169,71.36,0
e1-100,binary,100,bot_2,3012,b,44,62.59,25,138.74,207,68.26,0
e1-100,binary,100,bot_2,3012,b,46,45.06,25,138.14,205,66.86,0
e1-100,binary,100,bot_2,3012,b,48,54.84,25,126.67,189,62.33,0
e1-100,binary,100,bot_2,3012,b,50,58.29,25,171.11,230,58.89,0
e1-100,binary,100,bot_2,3012,b,52,57.62,25,174.19,231,56.81,0
e1-100,binary,100,bot_2,3012,b,54,46.67,25,188.03,224,35.97,0
e1-100,binary,100,bot_2,3012,b,56,37.93,25,180.02,207,26.98,0
e1-100,binary,100,bot_2,3012,b,58,33.5,25,210.89,242,31.11,0
e1-100,binary,100,bot_2,3012,b,60,33.1,25,232.35,253,20.65,0
e1-100,binary,100,bot_3,3013,w,1,27.47,25,53.99,51,-2.99,0
e1-100,binary,100,bot_3,3013,w,3,16.02,25,73.55,70,-3.55,0
e1-100,binary,100,bot_3,3013,w,5,3.34,25,59.66,61,1.34,0
e1-100,binary,100,bot_3,3013,w,7,7.08,25,71.27,70,-1.27,0
e1-100,binary,100,bot_3,3013,w,9,8.95,25,69.48,73,3.52,0
e1-100,binary,100,bot_3,3013,w,11,24.24,25,72.07,80,7.93,0
e1-100,binary,100,bot_3,3013,w,13,25.78,25,72.88,85,12.12,0
e1-100,binary,100,bot_3,3013,w,15,34.41,25,71.75,99,27.25,0
e1-100,binary,100,bot_3,3013,w,17,34.49,25,88.08,95,6.92,0
e1-100,binary,100,bot_3,3013,w,19,18.08,25,66.7,84,17.3,0
e1-100,binary,100,bot_3,3013,w,21,31.27,25,77.61,97,19.39,0
e1-100,binary,100,bot_3,3013,w,23,26.36,25,90.27,107,16.73,0
e1-100,binary,100,bot_3,3013,w,25,20.16,25,112.28,126,13.72,0
e1-100,binary,100,bot_3,3013,w,27,15.99,25,89.71,96,6.29,0
e1-100,binary,100,bot_3,3013,w,29,44.04,25,57.49,132,74.51,0
e1-100,binary,100,bot_3,3013,w,31,49.64,25,121.82,146,24.18,0
e1-100,binary,100,bot_3,3013,w,33,48.24,25,110.3,132,21.7,0
e1-100,binary,100,bot_3,3013,w,35,39.5,25,149.82,181,31.18,0
e1-100,binary,100,bot_3,3013,w,37,25.29,25,141.96,163,21.04,0
e1-100,binary,100,bot_3,3013,w,39,24.32,25,149.39,168,18.61,0
e1-100,binary,100,bot_3,3013,w,41,19.67,25,168.73,177,8.27,0
e1-100,binary,100,bot_3,3013,w,43,91.27,25,160.09,170,9.91,0
e1-100,binary,100,bot_3,3013,w,45,81.57,25,134.43,194,59.57,0
e1-100,binary,100,bot_3,3013,w,47,51.99,25,126.28,179,52.72,0
e1-100,binary,100,bot_3,3013,w,49,69.54,25,169.02,216,46.98,0
e1-100,binary,100,bot_3,3013,w,51,61.02,25,158.76,195,36.24,0
e1-100,binary,100,bot_3,3013,w,53,47.65,25,173.03,216,42.97,0
e1-100,binary,100,bot_3,3013,w,55,48.54,25,178.2,215,36.8,0
e1-100,binary,100,bot_3,3013,w,57,38.01,25,191.19,224,32.81,0
e1-100,binary,100,bot_3,3013,w,59,29.63,25,217.82,231,13.18,0
e1-100,binary,100,bot_4,3013,b,2,74.14,25,60.42,133,72.58,0
e1-100,binary,100,bot_4,3013,b,4,9.94,25,67.32,77,9.68,0
e1-100,binary,100,bot_4,3013,b,6,5.43,25,61.15,59,-2.15,0
e1-100,binary,100,bot_4,3013,b,8,10.73,25,72.45,75,2.55,0
e1-100,binary,100,bot_4,3013,b,10,15.13,25,75.72,79,3.28,0
e1-100,binary,100,bot_4,3013,b,12,20.01,25,66.68,87,20.32,0
e1-100,binary,100,bot_4,3013,b,14,34.44,25,73.89,95,21.11,0
e1-100,binary,100,bot_4,3013,b,16,14.63,25,60.84,92,31.16,0
e1-100,binary,100,bot_4,3013,b,18,24.06,25,79.74,110,30.26,0
e1-100,binary,100,bot_4,3013,b,20,27.41,25,91.09,106,14.91,0
e1-100,binary,100,bot_4,3013,b,22,23.88,25,94.89,121,26.11,0
e1-100,binary,100,bot_4,3013,b,24,20.53,25,124.34,147,22.66,0
e1-100,binary,100,bot_4,3013,b,26,12.36,25,114.32,130,15.68,0
e1-100,binary,100,bot_4,3013,b,28,82.71,25,126.17,138,11.83,0
e1-100,binary,100,bot_4,3013,b,30,31.67,25,101.02,142,40.98,0
e1-100,binary,100,bot_4,3013,b,32,29.41,25,131.45,177,45.55,0
e1-100,binary,100,bot_4,3013,b,34,37.99,25,146.43,191,44.57,0
e1-100,binary,100,bot_4,3013,b,36,29.16,25,157.32,193,35.68,0
e1-100,binary,100,bot_4,3013,b,38,25.24,25,127.63,149,21.38,0
e1-100,binary,100,bot_4,3013,b,40,15.1,25,178.68,198,19.32,0
e1-100,binary,100,bot_4,3013,b,42,15.91,25,164.59,180,15.41,0
e1-100,binary,100,bot_4,3013,b,44,76.3,25,124.45,201,76.55,0
e1-100,binary,100,bot_4,3013,b,46,70.8,25,99.4,167,67.6,0
e1-100,binary,100,bot_4,3013,b,48,63.75,25,139.16,177,37.84,0
e1-100,binary,100,bot_4,3013,b,50,54.07,25,157.75,214,56.25,0
e1-100,binary,100,bot_4,3013,b,52,60.12,25,171.34,218,46.66,0
e1-100,binary,100,bot_4,3013,b,54,53.84,25,179.61,213,33.39,0
e1-100,binary,100,bot_4,3013,b,56,48.58,25,163.41,198,34.59,0
e1-100,binary,100,bot_4,3013,b,58,29.87,25,205.14,229,23.86,0
e1-100,binary,100,bot_4,3013,b,60,29.38,25,240.2,257,16.8,0
e1-100,binary,100,bot_5,3014,w,1,21.34,25,54.21,54,-0.21,0
e1-100,binary,100,bot_5,3014,w,3,12.02,25,57.33,59,1.67,0
e1-100,binary,100,bot_5,3014,w,5,11.53,25,53.04,57,3.96,0
e1-100,binary,100,bot_5,3014,w,7,19.9,25,66.75,67,0.25,0
e1-100,binary,100,bot_5,3014,w,9,10.38,25,64.36,77,12.64,0
e1-100,binary,100,bot_5,3014,w,11,13.2,25,72.43,83,10.57,0
e1-100,binary,100,bot_5,3014,w,13,10.44,25,78.68,81,2.32,0
e1-100,binary,100,bot_5,3014,w,15,15.86,25,89.89,99,9.11,0
e1-100,binary,100,bot_5,3014,w,17,27.85,25,80.65,94,13.35,0
e1-100,binary,100,bot_5,3014,w,19,17.23,25,72.11,94,21.89,0
e1-100,binary,100,bot_5,3014,w,21,15.34,25,84.35,101,16.65,0
e1-100,binary,100,bot_5,3014,w,23,19.69,25,82.54,99,16.46,0
e1-100,binary,100,bot_5,3014,w,25,22.44,25,101.97,122,20.03,0
e1-100,binary,100,bot_5,3014,w,27,9.85,25,89.41,102,12.59,0
e1-100,binary,100,bot_5,3014,w,29,37.71,25,91.26,138,46.74,0
e1-100,binary,100,bot_5,3014,w,31,28.69,25,90.32,137,46.68,0
e1-100,binary,100,bot_5,3014,w,33,21.02,25,119.99,144,24.01,0
e1-100,binary,100,bot_5,3014,w,35,18.76,25,169.16,186,16.84,0
e1-100,binary,100,bot_5,3014,w,37,16.45,25,169.47,179,9.53,0
e1-100,binary,100,bot_5,3014,w,39,93.89,25,79.45,156,76.55,0
e1-100,binary,100,bot_5,3014,w,41,84.43,25,100.52,169,68.48,0
e1-100,binary,100,bot_5,3014,w,43,80.01,25,92.09,179,86.91,0
e1-100,binary,100,bot_5,3014,w,45,77.67,25,126.51,189,62.49,0
e1-100,binary,100,bot_5,3014,w,47,74.76,25,118.59,163,44.41,0
e1-100,binary,100,bot_5,3014,w,49,69.92,25,162.55,217,54.45,0
e1-100,binary,100,bot_5,3014,w,51,66.47,25,136.11,197,60.89,0
e1-100,binary,100,bot_5,3014,w,53,49.5,25,175.7,235,59.3,0
e1-100,binary,100,bot_5,3014,w,55,38.84,25,177.15,224,46.85,0
e1-100,binary,100,bot_5,3014,w,57,40.49,25,194.53,232,37.47,0
e1-100,binary,100,bot_5,3014,w,59,31.12,25,206.13,239,32.87,0
e1-100,binary,100,bot_6,3014,b,2,73.8,25,59.37,135,75.63,0
e1-100,binary,100,bot_6,3014,b,4,10.15,25,61.86,69,7.14,0
e1-100,binary,100,bot_6,3014,b,6,5.66,25,76.17,82,5.83,0
e1-100,binary,100,bot_6,3014,b,8,16.42,25,61.54,77,15.46,0
e1-100,binary,100,bot_6,3014,b,10,13.99,25,66.67,73,6.33,0
e1-100,binary,100,bot_6,3014,b,12,6.24,25,58.43,67,8.57,0
e1-100,binary,100,bot_6,3014,b,14,14,25,87.27,93,5.73,0
e1-100,binary,100,bot_6,3014,b,16,18.35,25,92.98,105,12.02,0
e1-100,binary,100,bot_6,3014,b,18,26.92,25,83.77,108,24.23,0
e1-100,binary,100,bot_6,3014,b,20,22.01,25,74.96,89,14.04,0
e1-100,binary,100,bot_6,3014,b,22,20.26,25,120.53,132,11.47,0
e1-100,binary,100,bot_6,3014,b,24,25,25,131.95,149,17.05,0
e1-100,binary,100,bot_6,3014,b,26,16.78,25,123.68,144,20.32,0
e1-100,binary,100,bot_6,3014,b,28,52.31,25,126.19,133,6.81,0
e1-100,binary,100,bot_6,3014,b,30,50.57,25,89.47,124,34.53,0
e1-100,binary,100,bot_6,3014,b,32,27.6,25,161.9,187,25.1,0
e1-100,binary,100,bot_6,3014,b,34,21.76,25,153.59,171,17.41,0
e1-100,binary,100,bot_6,3014,b,36,13,25,169.06,184,14.94,0
e1-100,binary,100,bot_6,3014,b,38,81.74,25,145.62,158,12.38,0
e1-100,binary,100,bot_6,3014,b,40,73.17,25,123.82,214,90.18,0
e1-100,binary,100,bot_6,3014,b,42,90.79,25,93.77,174,80.23,0
e1-100,binary,100,bot_6,3014,b,44,67.24,25,134.63,211,76.37,0
e1-100,binary,100,bot_6,3014,b,46,47.43,25,135.79,210,74.21,0
e1-100,binary,100,bot_6,3014,b,48,58.77,25,122.74,193,70.26,0
e1-100,binary,100,bot_6,3014,b,50,63.98,25,165.77,233,67.23,0
e1-100,binary,100,bot_6,3014,b,52,62.48,25,169.61,232,62.39,0
e1-100,binary,100,bot_6,3014,b,54,50.93,25,183.52,228,44.48,0
e1-100,binary,100,bot_6,3014,b,56,41.4,25,176.4,212,35.6,0
e1-100,binary,100,bot_6,3014,b,58,37.58,25,207.2,245,37.8,0
e1-100,binary,100,bot_6,3014,b,60,38.7,25,226.33,254,27.67,0
e1-100,binary,100,bot_7,3015,w,1,7.13,25,60.51,60,-0.51,0
e1-100,binary,100,bot_7,3015,w,3,10.81,25,76.73,77,0.27,0
e1-100,binary,100,bot_7,3015,w,5,17.36,25,65.95,85,19.05,0
e1-100,binary,100,bot_7,3015,w,7,14.47,25,63.21,72,8.79,0
e1-100,binary,100,bot_7,3015,w,9,7.83,25,52.47,62,9.53,0
e1-100,binary,100,bot_7,3015,w,11,14.63,25,72.83,76,3.17,0
e1-100,binary,100,bot_7,3015,w,13,12.51,25,86.08,95,8.92,0
e1-100,binary,100,bot_7,3015,w,15,14.99,25,92.19,108,15.81,0
e1-100,binary,100,bot_7,3015,w,17,13.26,25,110.05,113,2.95,0
e1-100,binary,100,bot_7,3015,w,19,8.29,25,79.68,85,5.32,0
e1-100,binary,100,bot_7,3015,w,21,10.27,25,99.99,107,7.01,0
e1-100,binary,100,bot_7,3015,w,23,76.29,25,91.35,128,36.65,0
e1-100,binary,100,bot_7,3015,w,25,55.77,25,84.38,136,51.63,0
e1-100,binary,100,bot_7,3015,w,27,51.06,25,108.28,119,10.72,0
e1-100,binary,100,bot_7,3015,w,29,17.69,25,84.07,132,47.93,0
e1-100,binary,100,bot_7,3015,w,31,19.71,25,150.26,166,15.74,0
e1-100,binary,100,bot_7,3015,w,33,21.15,25,137.63,151,13.38,0
e1-100,binary,100,bot_7,3015,w,35,87.08,25,175.19,187,11.81,0
e1-100,binary,100,bot_7,3015,w,37,53.66,25,103.4,166,62.6,0
e1-100,binary,100,bot_7,3015,w,39,80.48,25,129.59,174,44.41,0
e1-100,binary,100,bot_7,3015,w,41,50.38,25,130.63,182,51.37,0
e1-100,binary,100,bot_7,3015,w,43,56.83,25,137.12,173,35.88,0
e1-100,binary,100,bot_7,3015,w,45,78.49,25,137.52,197,59.48,0
e1-100,binary,100,bot_7,3015,w,47,50.51,25,128.1,181,52.9,0
e1-100,binary,100,bot_7,3015,w,49,66.84,25,171.64,218,46.36,0
e1-100,binary,100,bot_7,3015,w,51,58.05,25,161.76,196,34.24,0
e1-100,binary,100,bot_7,3015,w,53,47.63,25,173.17,213,39.83,0
e1-100,binary,100,bot_7,3015,w,55,42.83,25,184.02,221,36.98,0
e1-100,binary,100,bot_7,3015,w,57,31.57,25,197.67,229,31.33,0
e1-100,binary,100,bot_7,3015,w,59,25.15,25,222.37,237,14.63,0
e1-100,binary,100,bot_8,3015,b,2,74.64,25,61.95,124,62.05,0
e1-100,binary,100,bot_8,3015,b,4,25.02,25,71.7,77,5.3,0
e1-100,binary,100,bot_8,3015,b,6,15.66,25,59.84,73,13.16,0
e1-100,binary,100,bot_8,3015,b,8,13.67,25,62.96,73,10.04,0
e1-100,binary,100,bot_8,3015,b,10,9.23,25,69.07,73,3.93,0
e1-100,binary,100,bot_8,3015,b,12,12.94,25,73.73,84,10.27,0
e1-100,binary,100,bot_8,3015,b,14,19.61,25,88.47,96,7.53,0
e1-100,binary,100,bot_8,3015,b,16,7.09,25,67.12,77,9.88,0
e1-100,binary,100,bot_8,3015,b,18,10.27,25,93.69,103,9.31,0
e1-100,binary,100,bot_8,3015,b,20,10.18,25,104.5,110,5.5,0
e1-100,binary,100,bot_8,3015,b,22,39.74,25,110.78,116,5.22,0
e1-100,binary,100,bot_8,3015,b,24,54.75,25,70.82,143,72.18,0
e1-100,binary,100,bot_8,3015,b,26,15.27,25,61.58,114,52.42,0
e1-100,binary,100,bot_8,3015,b,28,52.69,25,81.2,129,47.8,0
e1-100,binary,100,bot_8,3015,b,30,19.11,25,113.47,128,14.53,0
e1-100,binary,100,bot_8,3015,b,32,16.81,25,145.31,160,14.69,0
e1-100,binary,100,bot_8,3015,b,34,16.56,25,168,186,18,0
e1-100,binary,100,bot_8,3015,b,36,66.87,25,115.88,199,83.12,0
e1-100,binary,100,bot_8,3015,b,38,48.98,25,100.18,150,49.82,0
e1-100,binary,100,bot_8,3015,b,40,55.93,25,112.46,189,76.54,0
e1-100,binary,100,bot_8,3015,b,42,40.34,25,135.77,183,47.23,0
e1-100,binary,100,bot_8,3015,b,44,74.3,25,126.53,170,43.47,0
e1-100,binary,100,bot_8,3015,b,46,66.58,25,103.43,168,64.57,0
e1-100,binary,100,bot_8,3015,b,48,61.12,25,141.73,179,37.27,0
e1-100,binary,100,bot_8,3015,b,50,48.48,25,163.25,217,53.75,0
e1-100,binary,100,bot_8,3015,b,52,53.8,25,177.69,222,44.31,0
e1-100,binary,100,bot_8,3015,b,54,52.16,25,181.24,214,32.76,0
e1-100,binary,100,bot_8,3015,b,56,45.26,25,166.62,195,28.38,0
e1-100,binary,100,bot_8,3015,b,58,27.7,25,206.97,224,17.03,0
e1-100,binary,100,bot_8,3015,b,60,27.15,25,242.3,253,10.7,0
e1-100,binary,100,bot_9,3016,w,1,10.53,25,59.63,59,-0.62,0
e1-100,binary,100,bot_9,3016,w,3,24.04,25,65.18,68,2.82,0
e1-100,binary,100,bot_9,3016,w,5,6.68,25,56.16,64,7.84,0
e1-100,binary,100,bot_9,3016,w,7,12.71,25,65.68,69,3.32,0
e1-100,binary,100,bot_9,3016,w,9,4.95,25,68.76,72,3.24,0
e1-100,binary,100,bot_9,3016,w,11,27.62,25,69.09,89,19.91,0
e1-100,binary,100,bot_9,3016,w,13,28.96,25,69.9,87,17.1,0
e1-100,binary,100,bot_9,3016,w,15,39.76,25,66.26,104,37.74,0
e1-100,binary,100,bot_9,3016,w,17,40.2,25,98.64,97,-1.64,0
e1-100,binary,100,bot_9,3016,w,19,23.46,25,61.23,88,26.77,0
e1-100,binary,100,bot_9,3016,w,21,35.72,25,72.6,106,33.4,0
e1-100,binary,100,bot_9,3016,w,23,36.42,25,78.89,105,26.11,0
e1-100,binary,100,bot_9,3016,w,25,28.5,25,103.49,126,22.51,0
e1-100,binary,100,bot_9,3016,w,27,24.73,25,79.98,92,12.02,0
e1-100,binary,100,bot_9,3016,w,29,14.62,25,113.28,129,15.72,0
e1-100,binary,100,bot_9,3016,w,31,64.65,25,145.92,163,17.08,0
e1-100,binary,100,bot_9,3016,w,33,57.12,25,101.46,136,34.54,0
e1-100,binary,100,bot_9,3016,w,35,50.98,25,138.79,183,44.21,0
e1-100,binary,100,bot_9,3016,w,37,32.36,25,135.24,171,35.76,0
e1-100,binary,100,bot_9,3016,w,39,36.29,25,138.48,166,27.52,0
e1-100,binary,100,bot_9,3016,w,41,27.58,25,160.44,176,15.56,0
e1-100,binary,100,bot_9,3016,w,43,29.38,25,147.4,166,18.6,0
e1-100,binary,100,bot_9,3016,w,45,15.19,25,188.8,197,8.2,0
e1-100,binary,100,bot_9,3016,w,47,59.27,25,118.27,200,81.73,0
e1-100,binary,100,bot_9,3016,w,49,77.79,25,160.8,228,67.2,0
e1-100,binary,100,bot_9,3016,w,51,72.5,25,146.89,205,58.11,0
e1-100,binary,100,bot_9,3016,w,53,58.53,25,161.37,229,67.63,0
e1-100,binary,100,bot_9,3016,w,55,59.08,25,167.55,224,56.45,0
e1-100,binary,100,bot_9,3016,w,57,44.13,25,185.09,235,49.91,0
e1-100,binary,100,bot_9,3016,w,59,38.97,25,207.86,240,32.14,0
e1-100,binary,100,bot_10,3016,b,2,67.65,25,57.83,121,63.17,0
e1-100,binary,100,bot_10,3016,b,4,14.31,25,62.3,80,17.7,0
e1-100,binary,100,bot_10,3016,b,6,7.58,25,60.29,63,2.71,0
e1-100,binary,100,bot_10,3016,b,8,8.18,25,69.8,78,8.2,0
e1-100,binary,100,bot_10,3016,b,10,23.78,25,76.29,78,1.71,0
e1-100,binary,100,bot_10,3016,b,12,22.04,25,64.54,87,22.46,0
e1-100,binary,100,bot_10,3016,b,14,41.82,25,66.41,91,24.59,0
e1-100,binary,100,bot_10,3016,b,16,3.75,25,55.57,91,35.43,0
e1-100,binary,100,bot_10,3016,b,18,31.35,25,73.19,109,35.81,0
e1-100,binary,100,bot_10,3016,b,20,37.46,25,81.42,102,20.58,0
e1-100,binary,100,bot_10,3016,b,22,30.1,25,89.26,120,30.74,0
e1-100,binary,100,bot_10,3016,b,24,27.02,25,118.61,152,33.39,0
e1-100,binary,100,bot_10,3016,b,26,16.07,25,111.69,135,23.31,0
e1-100,binary,100,bot_10,3016,b,28,20.13,25,116.36,137,20.64,0
e1-100,binary,100,bot_10,3016,b,30,22.84,25,117.51,129,11.49,0
e1-100,binary,100,bot_10,3016,b,32,39.54,25,120.66,181,60.34,0
e1-100,binary,100,bot_10,3016,b,34,48.55,25,135.82,189,53.18,0
e1-100,binary,100,bot_10,3016,b,36,39.74,25,146.42,194,47.58,0
e1-100,binary,100,bot_10,3016,b,38,32.5,25,119.58,148,28.42,0
e1-100,binary,100,bot_10,3016,b,40,21.16,25,173.45,206,32.55,0
e1-100,binary,100,bot_10,3016,b,42,22.71,25,158.23,181,22.77,0
e1-100,binary,100,bot_10,3016,b,44,13.05,25,184.41,209,24.59,0
e1-100,binary,100,bot_10,3016,b,46,86.49,25,173.53,184,10.47,0
e1-100,binary,100,bot_10,3016,b,48,71.08,25,132.32,187,54.68,0
e1-100,binary,100,bot_10,3016,b,50,62.32,25,149.91,222,72.09,0
e1-100,binary,100,bot_10,3016,b,52,71.67,25,160.34,228,67.66,0
e1-100,binary,100,bot_10,3016,b,54,60.54,25,173.25,227,53.75,0
e1-100,binary,100,bot_10,3016,b,56,54.83,25,157.36,212,54.64,0
e1-100,binary,100,bot_10,3016,b,58,36.68,25,198.79,238,39.21,0
e1-100,binary,100,bot_10,3016,b,60,37.3,25,232.87,267,34.13,0
e1-100,binary,100,bot_11,3017,w,1,134.06,25,55.87,178,122.13,0
e1-100,binary,100,bot_11,3017,w,3,26.56,25,70.49,78,7.51,0
e1-100,binary,100,bot_11,3017,w,5,15.87,25,59.07,74,14.93,0
e1-100,binary,100,bot_11,3017,w,7,14.78,25,61.33,74,12.67,0
e1-100,binary,100,bot_11,3017,w,9,5.63,25,69.61,68,-1.61,0
e1-100,binary,100,bot_11,3017,w,11,14.61,25,72.08,87,14.92,0
e1-100,binary,100,bot_11,3017,w,13,24.26,25,83.87,97,13.13,0
e1-100,binary,100,bot_11,3017,w,15,9.5,25,64.57,84,19.43,0
e1-100,binary,100,bot_11,3017,w,17,15.21,25,89.04,105,15.96,0
e1-100,binary,100,bot_11,3017,w,19,13.15,25,105.21,110,4.79,0
e1-100,binary,100,bot_11,3017,w,21,13.21,25,104.89,117,12.11,0
e1-100,binary,100,bot_11,3017,w,23,71.08,25,135.78,146,10.22,0
e1-100,binary,100,bot_11,3017,w,25,19.54,25,57.81,119,61.19,0
e1-100,binary,100,bot_11,3017,w,27,60.52,25,73.41,132,58.59,0
e1-100,binary,100,bot_11,3017,w,29,22.78,25,110.12,132,21.88,0
e1-100,binary,100,bot_11,3017,w,31,20.72,25,140.98,167,26.02,0
e1-100,binary,100,bot_11,3017,w,33,25.32,25,158.59,186,27.41,0
e1-100,binary,100,bot_11,3017,w,35,15.37,25,170.7,185,14.3,0
e1-100,binary,100,bot_11,3017,w,37,66.91,25,140.37,153,12.63,0
e1-100,binary,100,bot_11,3017,w,39,62.53,25,106.7,191,84.3,0
e1-100,binary,100,bot_11,3017,w,41,47.12,25,129.05,181,51.95,0
e1-100,binary,100,bot_11,3017,w,43,71.67,25,129.07,180,50.93,0
e1-100,binary,100,bot_11,3017,w,45,63.78,25,106.17,169,62.83,0
e1-100,binary,100,bot_11,3017,w,47,59.22,25,143.65,179,35.35,0
e1-100,binary,100,bot_11,3017,w,49,45.45,25,166.22,218,51.78,0
e1-100,binary,100,bot_11,3017,w,51,50.47,25,181,224,43,0
e1-100,binary,100,bot_11,3017,w,53,49.57,25,183.88,216,32.12,0
e1-100,binary,100,bot_11,3017,w,55,40.43,25,171.5,198,26.5,0
e1-100,binary,100,bot_11,3017,w,57,22.98,25,211.65,229,17.35,0
e1-100,binary,100,bot_11,3017,w,59,23.63,25,245.84,256,10.16,0
e1-100,binary,100,bot_12,3017,b,2,13.37,25,74.05,77,2.95,0
e1-100,binary,100,bot_12,3017,b,4,19.53,25,63.74,84,20.26,0
e1-100,binary,100,bot_12,3017,b,6,17.64,25,60.14,71,10.86,0
e1-100,binary,100,bot_12,3017,b,8,4.09,25,49.77,60,10.23,0
e1-100,binary,100,bot_12,3017,b,10,17.89,25,79.19,81,1.81,0
e1-100,binary,100,bot_12,3017,b,12,17.41,25,81.4,92,10.6,0
e1-100,binary,100,bot_12,3017,b,14,23.9,25,83.22,105,21.78,0
e1-100,binary,100,bot_12,3017,b,16,21.27,25,101.76,107,5.24,0
e1-100,binary,100,bot_12,3017,b,18,9.27,25,75.17,87,11.83,0
e1-100,binary,100,bot_12,3017,b,20,17.57,25,92.33,102,9.67,0
e1-100,binary,100,bot_12,3017,b,22,14.29,25,103.87,113,9.13,0
e1-100,binary,100,bot_12,3017,b,24,65.31,25,75.33,143,67.67,0
e1-100,binary,100,bot_12,3017,b,26,62.03,25,97.55,113,15.45,0
e1-100,binary,100,bot_12,3017,b,28,26.09,25,75.44,133,57.56,0
e1-100,binary,100,bot_12,3017,b,30,30.12,25,140.21,159,18.79,0
e1-100,binary,100,bot_12,3017,b,32,31.06,25,128,145,17,0
e1-100,binary,100,bot_12,3017,b,34,19.79,25,170.14,191,20.86,0
e1-100,binary,100,bot_12,3017,b,36,15.94,25,151.02,163,11.98,0
e1-100,binary,100,bot_12,3017,b,38,88.54,25,121.82,186,64.18,0
e1-100,binary,100,bot_12,3017,b,40,56.77,25,124.13,183,58.87,0
e1-100,binary,100,bot_12,3017,b,42,65.95,25,130.04,175,44.96,0
e1-100,binary,100,bot_12,3017,b,44,76.94,25,138.64,197,58.36,0
e1-100,binary,100,bot_12,3017,b,46,49.53,25,129.36,180,50.64,0
e1-100,binary,100,bot_12,3017,b,48,65.09,25,173.33,219,45.67,0
e1-100,binary,100,bot_12,3017,b,50,56.44,25,163.5,196,32.5,0
e1-100,binary,100,bot_12,3017,b,52,45.95,25,174.91,212,37.09,0
e1-100,binary,100,bot_12,3017,b,54,40.78,25,186.04,222,35.96,0
e1-100,binary,100,bot_12,3017,b,56,30.97,25,198.18,226,27.82,0
e1-100,binary,100,bot_12,3017,b,58,24.42,25,223.07,232,8.93,0
e1-100,binary,100,bot_12,3017,b,60,22.47,25,240.63,250,9.37,0
e1-100,binary,100,bot_13,3018,w,1,131.57,25,55.48,175,119.52,0
e1-100,binary,100,bot_13,3018,w,3,16.88,25,80.51,84,3.49,0
e1-100,binary,100,bot_13,3018,w,5,12.4,25,63.09,75,11.91,0
e1-100,binary,100,bot_13,3018,w,7,11.91,25,64.81,75,10.19,0
e1-100,binary,100,bot_13,3018,w,9,7.34,25,71,72,1,0
e1-100,binary,100,bot_13,3018,w,11,11.31,25,75.41,85,9.59,0
e1-100,binary,100,bot_13,3018,w,13,17.37,25,91.04,98,6.96,0
e1-100,binary,100,bot_13,3018,w,15,5.3,25,68.65,77,8.35,0
e1-100,binary,100,bot_13,3018,w,17,11.36,25,96.94,104,7.06,0
e1-100,binary,100,bot_13,3018,w,19,7.49,25,105.42,104,-1.42,0
e1-100,binary,100,bot_13,3018,w,21,31.78,25,58.01,113,54.99,0
e1-100,binary,100,bot_13,3018,w,23,49.74,25,75.94,142,66.06,0
e1-100,binary,100,bot_13,3018,w,25,10.87,25,65.75,113,47.25,0
e1-100,binary,100,bot_13,3018,w,27,46.16,25,87.6,124,36.4,0
e1-100,binary,100,bot_13,3018,w,29,15,25,117.71,127,9.29,0
e1-100,binary,100,bot_13,3018,w,31,72.01,25,150.12,157,6.88,0
e1-100,binary,100,bot_13,3018,w,33,71,25,117.88,188,70.12,0
e1-100,binary,100,bot_13,3018,w,35,61.9,25,121.06,182,60.94,0
e1-100,binary,100,bot_13,3018,w,37,42.77,25,106.96,148,41.04,0
e1-100,binary,100,bot_13,3018,w,39,49.76,25,118.18,188,69.82,0
e1-100,binary,100,bot_13,3018,w,41,29.96,25,146.29,187,40.71,0
e1-100,binary,100,bot_13,3018,w,43,69.75,25,130.93,165,34.07,0
e1-100,binary,100,bot_13,3018,w,45,60.45,25,109.41,169,59.59,0
e1-100,binary,100,bot_13,3018,w,47,57.45,25,145.36,179,33.64,0
e1-100,binary,100,bot_13,3018,w,49,42.26,25,169.35,218,48.65,0
e1-100,binary,100,bot_13,3018,w,51,46.52,25,184.88,225,40.12,0
e1-100,binary,100,bot_13,3018,w,53,46.79,25,186.77,217,30.23,0
e1-100,binary,100,bot_13,3018,w,55,37.4,25,174.59,198,23.41,0
e1-100,binary,100,bot_13,3018,w,57,20.15,25,214.41,230,15.59,0
e1-100,binary,100,bot_13,3018,w,59,19.56,25,249.97,257,7.03,0
e1-100,binary,100,bot_14,3018,b,2,9.23,25,78.46,78,-0.46,0
e1-100,binary,100,bot_14,3018,b,4,15.3,25,67.69,80,12.31,0
e1-100,binary,100,bot_14,3018,b,6,13.58,25,63.98,72,8.02,0
e1-100,binary,100,bot_14,3018,b,8,5.5,25,54.51,62,7.49,0
e1-100,binary,100,bot_14,3018,b,10,12.85,25,74.6,78,3.4,0
e1-100,binary,100,bot_14,3018,b,12,9.88,25,88.31,96,7.69,0
e1-100,binary,100,bot_14,3018,b,14,12.09,25,95.25,109,13.75,0
e1-100,binary,100,bot_14,3018,b,16,11.27,25,111.93,114,2.07,0
e1-100,binary,100,bot_14,3018,b,18,10.36,25,82.26,89,6.74,0
e1-100,binary,100,bot_14,3018,b,20,57.07,25,82.5,119,36.5,0
e1-100,binary,100,bot_14,3018,b,22,69.25,25,98.29,126,27.71,0
e1-100,binary,100,bot_14,3018,b,24,50.37,25,89.77,136,46.23,0
e1-100,binary,100,bot_14,3018,b,26,40.67,25,118.67,126,7.33,0
e1-100,binary,100,bot_14,3018,b,28,11.82,25,90.55,134,43.45,0
e1-100,binary,100,bot_14,3018,b,30,9.95,25,159.95,171,11.05,0
e1-100,binary,100,bot_14,3018,b,32,73.15,25,99.5,167,67.5,0
e1-100,binary,100,bot_14,3018,b,34,63.73,25,120.54,187,66.46,0
e1-100,binary,100,bot_14,3018,b,36,43.47,25,112.48,171,58.52,0
e1-100,binary,100,bot_14,3018,b,38,72.54,25,138.02,176,37.98,0
e1-100,binary,100,bot_14,3018,b,40,42.72,25,138.08,185,46.92,0
e1-100,binary,100,bot_14,3018,b,42,47.57,25,146.25,172,25.75,0
e1-100,binary,100,bot_14,3018,b,44,74.88,25,140.64,197,56.36,0
e1-100,binary,100,bot_14,3018,b,46,48.21,25,130.79,178,47.21,0
e1-100,binary,100,bot_14,3018,b,48,63.17,25,175.16,219,43.84,0
e1-100,binary,100,bot_14,3018,b,50,54.55,25,165.45,195,29.55,0
e1-100,binary,100,bot_14,3018,b,52,44.04,25,176.91,209,32.09,0
e1-100,binary,100,bot_14,3018,b,54,38.46,25,188.28,222,33.72,0
e1-100,binary,100,bot_14,3018,b,56,29.53,25,199.64,224,24.36,0
e1-100,binary,100,bot_14,3018,b,58,20.67,25,226.81,234,7.19,0
e1-100,binary,100,bot_14,3018,b,60,17.68,25,245.64,252,6.36,0
e1-100,binary,100,bot_15,3019,w,1,127.68,25,52.49,168,115.51,0
e1-100,binary,100,bot_15,3019,w,3,13.54,25,78.78,85,6.22,0
e1-100,binary,100,bot_15,3019,w,5,10.95,25,64.52,76,11.48,0
e1-100,binary,100,bot_15,3019,w,7,9.79,25,67.13,76,8.88,0
e1-100,binary,100,bot_15,3019,w,9,5.56,25,72.83,74,1.17,0
e1-100,binary,100,bot_15,3019,w,11,10.12,25,76.78,86,9.22,0
e1-100,binary,100,bot_15,3019,w,13,14.61,25,93.89,99,5.11,0
e1-100,binary,100,bot_15,3019,w,15,4.53,25,69.41,76,6.59,0
e1-100,binary,100,bot_15,3019,w,17,35.6,25,53.16,112,58.84,0
e1-100,binary,100,bot_15,3019,w,19,31.66,25,106.84,110,3.16,0
e1-100,binary,100,bot_15,3019,w,21,29.01,25,60.71,111,50.29,0
e1-100,binary,100,bot_15,3019,w,23,46.91,25,78.79,141,62.21,0
e1-100,binary,100,bot_15,3019,w,25,7.42,25,68.93,114,45.07,0
e1-100,binary,100,bot_15,3019,w,27,40.3,25,93.32,125,31.68,0
e1-100,binary,100,bot_15,3019,w,29,67.88,25,124.42,131,6.58,0
e1-100,binary,100,bot_15,3019,w,31,52,25,91.47,162,70.53,0
e1-100,binary,100,bot_15,3019,w,33,63.38,25,125.55,192,66.45,0
e1-100,binary,100,bot_15,3019,w,35,53.73,25,129.56,187,57.44,0
e1-100,binary,100,bot_15,3019,w,37,38.02,25,111.86,148,36.14,0
e1-100,binary,100,bot_15,3019,w,39,46.52,25,120.93,186,65.07,0
e1-100,binary,100,bot_15,3019,w,41,27.69,25,148.45,185,36.55,0
e1-100,binary,100,bot_15,3019,w,43,66.33,25,134.22,161,26.78,0
e1-100,binary,100,bot_15,3019,w,45,55.71,25,114.02,172,57.98,0
e1-100,binary,100,bot_15,3019,w,47,55.11,25,147.76,180,32.24,0
e1-100,binary,100,bot_15,3019,w,49,37.77,25,173.76,218,44.24,0
e1-100,binary,100,bot_15,3019,w,51,42.79,25,188.48,223,34.52,0
e1-100,binary,100,bot_15,3019,w,53,44.49,25,189.15,214,24.85,0
e1-100,binary,100,bot_15,3019,w,55,34.65,25,177.35,199,21.65,0
e1-100,binary,100,bot_15,3019,w,57,18.39,25,215.99,230,14.01,0
e1-100,binary,100,bot_15,3019,w,59,16.88,25,252.65,256,3.35,0
e1-100,binary,100,bot_16,3019,b,2,10.28,25,82.15,83,0.85,0
e1-100,binary,100,bot_16,3019,b,4,14.61,25,68.49,78,9.51,0
e1-100,binary,100,bot_16,3019,b,6,12.88,25,65.12,74,8.88,0
e1-100,binary,100,bot_16,3019,b,8,4.26,25,55.19,63,7.81,0
e1-100,binary,100,bot_16,3019,b,10,11.85,25,75.57,78,2.43,0
e1-100,binary,100,bot_16,3019,b,12,8.51,25,89.46,97,7.54,0
e1-100,binary,100,bot_16,3019,b,14,9.63,25,97.78,109,11.22,0
e1-100,binary,100,bot_16,3019,b,16,62.29,25,113.88,116,2.12,0
e1-100,binary,100,bot_16,3019,b,18,6.43,25,53.01,86,32.99,0
e1-100,binary,100,bot_16,3019,b,20,53.67,25,85.68,115,29.32,0
e1-100,binary,100,bot_16,3019,b,22,65.51,25,102,129,27,0
e1-100,binary,100,bot_16,3019,b,24,48.03,25,92.17,136,43.83,0
e1-100,binary,100,bot_16,3019,b,26,35.44,25,123.9,129,5.1,0
e1-100,binary,100,bot_16,3019,b,28,8.62,25,93.74,131,37.26,0
e1-100,binary,100,bot_16,3019,b,30,75.36,25,114.54,179,64.46,0
e1-100,binary,100,bot_16,3019,b,32,69.88,25,102.66,151,48.34,0
e1-100,binary,100,bot_16,3019,b,34,60.36,25,123.55,183,59.45,0
e1-100,binary,100,bot_16,3019,b,36,40.11,25,115.51,167,51.49,0
e1-100,binary,100,bot_16,3019,b,38,67.93,25,143.14,178,34.86,0
e1-100,binary,100,bot_16,3019,b,40,39.01,25,141.92,186,44.08,0
e1-100,binary,100,bot_16,3019,b,42,41.25,25,152.31,176,23.69,0
e1-100,binary,100,bot_16,3019,b,44,70.91,25,144.58,196,51.42,0
e1-100,binary,100,bot_16,3019,b,46,46.09,25,133.11,175,41.89,0
e1-100,binary,100,bot_16,3019,b,48,59.34,25,178.98,221,42.02,0
e1-100,binary,100,bot_16,3019,b,50,49.57,25,170.66,195,24.34,0
e1-100,binary,100,bot_16,3019,b,52,40.16,25,180.79,210,29.21,0
e1-100,binary,100,bot_16,3019,b,54,35.5,25,191.18,222,30.82,0
e1-100,binary,100,bot_16,3019,b,56,28.12,25,201.03,223,21.97,0
e1-100,binary,100,bot_16,3019,b,58,17.77,25,229.69,235,5.31,0
e1-100,binary,100,bot_16,3019,b,60,14.91,25,248.73,252,3.27,0
e1-100,binary,100,bot_17,3020,w,1,119.32,25,52.29,164,111.71,0
e1-100,binary,100,bot_17,3020,w,3,5.96,25,66.12,71,4.88,0
e1-100,binary,100,bot_17,3020,w,5,11.18,25,79.46,81,1.54,0
e1-100,binary,100,bot_17,3020,w,7,13.31,25,64.67,77,12.33,0
e1-100,binary,100,bot_17,3020,w,9,10.64,25,70.29,75,4.71,0
e1-100,binary,100,bot_17,3020,w,11,4.24,25,59.38,67,7.62,0
e1-100,binary,100,bot_17,3020,w,13,12.78,25,89.03,95,5.97,0
e1-100,binary,100,bot_17,3020,w,15,15.32,25,95.86,104,8.14,0
e1-100,binary,100,bot_17,3020,w,17,20.53,25,89.49,108,18.51,0
e1-100,binary,100,bot_17,3020,w,19,18.25,25,79.48,91,11.52,0
e1-100,binary,100,bot_17,3020,w,21,16.31,25,124.43,133,8.57,0
e1-100,binary,100,bot_17,3020,w,23,21.44,25,134.76,142,7.24,0
e1-100,binary,100,bot_17,3020,w,25,50.93,25,128.29,143,14.71,0
e1-100,binary,100,bot_17,3020,w,27,41.41,25,94.58,131,36.42,0
e1-100,binary,100,bot_17,3020,w,29,48.48,25,91.72,122,30.28,0
e1-100,binary,100,bot_17,3020,w,31,22.23,25,167.21,184,16.79,0
e1-100,binary,100,bot_17,3020,w,33,14.91,25,160.76,174,13.24,0
e1-100,binary,100,bot_17,3020,w,35,102.38,25,174.3,185,10.7,0
e1-100,binary,100,bot_17,3020,w,37,66.95,25,87.08,155,67.92,0
e1-100,binary,100,bot_17,3020,w,39,64.19,25,132.34,213,80.66,0
e1-100,binary,100,bot_17,3020,w,41,82.43,25,101.55,174,72.45,0
e1-100,binary,100,bot_17,3020,w,43,57.07,25,143.99,211,67.01,0
e1-100,binary,100,bot_17,3020,w,45,41.52,25,141.79,208,66.21,0
e1-100,binary,100,bot_17,3020,w,47,50.31,25,131.61,190,58.39,0
e1-100,binary,100,bot_17,3020,w,49,50.42,25,178.93,234,55.07,0
e1-100,binary,100,bot_17,3020,w,51,49.02,25,182.65,236,53.35,0
e1-100,binary,100,bot_17,3020,w,53,38.23,25,197,232,35,0
e1-100,binary,100,bot_17,3020,w,55,31.28,25,187.08,212,24.92,0
e1-100,binary,100,bot_17,3020,w,57,25.17,25,219.26,246,26.74,0
e1-100,binary,100,bot_17,3020,w,59,24.61,25,241.28,261,19.72,0
e1-100,binary,100,bot_18,3020,b,2,9.92,25,60.13,64,3.87,0
e1-100,binary,100,bot_18,3020,b,4,5.89,25,58.16,62,3.84,0
e1-100,binary,100,bot_18,3020,b,6,16.27,25,61.74,71,9.26,0
e1-100,binary,100,bot_18,3020,b,8,8.11,25,66.1,77,10.9,0
e1-100,binary,100,bot_18,3020,b,10,13.01,25,73.56,83,9.44,0
e1-100,binary,100,bot_18,3020,b,12,8.49,25,80.95,83,2.05,0
e1-100,binary,100,bot_18,3020,b,14,12.63,25,92.63,103,10.37,0
e1-100,binary,100,bot_18,3020,b,16,21.62,25,87.38,102,14.62,0
e1-100,binary,100,bot_18,3020,b,18,14.21,25,75.17,93,17.83,0
e1-100,binary,100,bot_18,3020,b,20,11.57,25,86.77,104,17.23,0
e1-100,binary,100,bot_18,3020,b,22,11.25,25,92.43,107,14.57,0
e1-100,binary,100,bot_18,3020,b,24,17.21,25,107.2,126,18.8,0
e1-100,binary,100,bot_18,3020,b,26,40.67,25,63.12,112,48.88,0
e1-100,binary,100,bot_18,3020,b,28,33.2,25,94.66,134,39.34,0
e1-100,binary,100,bot_18,3020,b,30,21.47,25,97.77,144,46.23,0
e1-100,binary,100,bot_18,3020,b,32,15.27,25,125.15,146,20.85,0
e1-100,binary,100,bot_18,3020,b,34,13.02,25,174.36,188,13.64,0
e1-100,binary,100,bot_18,3020,b,36,71.93,25,94.02,194,99.98,0
e1-100,binary,100,bot_18,3020,b,38,84.55,25,88.52,154,65.48,0
e1-100,binary,100,bot_18,3020,b,40,75.18,25,110.5,172,61.5,0
e1-100,binary,100,bot_18,3020,b,42,71,25,102.44,183,80.56,0
e1-100,binary,100,bot_18,3020,b,44,68.13,25,135.96,190,54.04,0
e1-100,binary,100,bot_18,3020,b,46,62.03,25,131.26,171,39.74,0
e1-100,binary,100,bot_18,3020,b,48,58.62,25,174.13,222,47.87,0
e1-100,binary,100,bot_18,3020,b,50,57.34,25,145.67,194,48.33,0
e1-100,binary,100,bot_18,3020,b,52,38.49,25,186.6,234,47.4,0
e1-100,binary,100,bot_18,3020,b,54,27.55,25,187.62,223,35.38,0
e1-100,binary,100,bot_18,3020,b,56,30.64,25,204.37,232,27.63,0
e1-100,binary,100,bot_18,3020,b,58,23.22,25,213.46,236,22.54,0
e1-100,binary,100,bot_18,3020,b,60,26.02,25,239.06,261,21.94,0
e1-100,binary,100,bot_19,3021,w,1,7.39,25,62.74,67,4.26,0
e1-100,binary,100,bot_19,3021,w,3,7.34,25,56.78,79,22.22,0
e1-100,binary,100,bot_19,3021,w,5,13.4,25,64.96,72,7.04,0
e1-100,binary,100,bot_19,3021,w,7,5.81,25,68.16,77,8.84,0
e1-100,binary,100,bot_19,3021,w,9,34.19,25,79.85,85,5.15,0
e1-100,binary,100,bot_19,3021,w,11,31.34,25,67.36,91,23.64,0
e1-100,binary,100,bot_19,3021,w,13,41.92,25,63.63,108,44.37,0
e1-100,binary,100,bot_19,3021,w,15,42.15,25,96.59,102,5.41,0
e1-100,binary,100,bot_19,3021,w,17,27.94,25,56.49,91,34.51,0
e1-100,binary,100,bot_19,3021,w,19,39.06,25,68.93,110,41.07,0
e1-100,binary,100,bot_19,3021,w,21,42.34,25,72.9,105,32.1,0
e1-100,binary,100,bot_19,3021,w,23,33.63,25,98.23,127,28.77,0
e1-100,binary,100,bot_19,3021,w,25,27.88,25,76.49,94,17.51,0
e1-100,binary,100,bot_19,3021,w,27,19.32,25,108.86,130,21.14,0
e1-100,binary,100,bot_19,3021,w,29,72.49,25,138.39,163,24.61,0
e1-100,binary,100,bot_19,3021,w,31,58.99,25,99.71,144,44.29,0
e1-100,binary,100,bot_19,3021,w,33,57.25,25,132.16,189,56.84,0
e1-100,binary,100,bot_19,3021,w,35,40.52,25,126.44,177,50.56,0
e1-100,binary,100,bot_19,3021,w,37,44.62,25,130.45,166,35.55,0
e1-100,binary,100,bot_19,3021,w,39,34.07,25,153.72,185,31.28,0
e1-100,binary,100,bot_19,3021,w,41,37.02,25,139.4,169,29.6,0
e1-100,binary,100,bot_19,3021,w,43,22.25,25,181.89,199,17.11,0
e1-100,binary,100,bot_19,3021,w,45,13.54,25,179.22,192,12.78,0
e1-100,binary,100,bot_19,3021,w,47,101.04,25,215.7,230,14.3,0
e1-100,binary,100,bot_19,3021,w,49,77.89,25,141.09,207,65.91,0
e1-100,binary,100,bot_19,3021,w,51,64.76,25,154.71,234,79.29,0
e1-100,binary,100,bot_19,3021,w,53,66.29,25,160.27,220,59.73,0
e1-100,binary,100,bot_19,3021,w,55,52.03,25,177.34,238,60.66,0
e1-100,binary,100,bot_19,3021,w,57,47.18,25,199.57,244,44.43,0
e1-100,binary,100,bot_19,3021,w,59,37.2,25,224.13,269,44.87,0
e1-100,binary,100,bot_20,3021,b,2,26.55,25,67.87,75,7.13,0
e1-100,binary,100,bot_20,3021,b,4,9.11,25,59.23,65,5.77,0
e1-100,binary,100,bot_20,3021,b,6,10.94,25,66.82,78,11.18,0
e1-100,binary,100,bot_20,3021,b,8,7.46,25,74.02,79,4.98,0
e1-100,binary,100,bot_20,3021,b,10,26.26,25,60.71,93,32.29,0
e1-100,binary,100,bot_20,3021,b,12,46.54,25,61.56,90,28.44,0
e1-100,binary,100,bot_20,3021,b,14,8.04,25,51.63,91,39.37,0
e1-100,binary,100,bot_20,3021,b,16,36.15,25,68.38,109,40.62,0
e1-100,binary,100,bot_20,3021,b,18,43.11,25,76.2,101,24.8,0
e1-100,binary,100,bot_20,3021,b,20,33.28,25,86.33,123,36.67,0
e1-100,binary,100,bot_20,3021,b,22,31.03,25,114.48,155,40.52,0
e1-100,binary,100,bot_20,3021,b,24,19.61,25,108.62,140,31.38,0
e1-100,binary,100,bot_20,3021,b,26,24.21,25,112.27,139,26.73,0
e1-100,binary,100,bot_20,3021,b,28,27.25,25,112.76,131,18.24,0
e1-100,binary,100,bot_20,3021,b,30,46.98,25,112.65,184,71.35,0
e1-100,binary,100,bot_20,3021,b,32,58.52,25,125.57,183,57.43,0
e1-100,binary,100,bot_20,3021,b,34,52.5,25,134.13,190,55.87,0
e1-100,binary,100,bot_20,3021,b,36,37.93,25,113.61,152,38.39,0
e1-100,binary,100,bot_20,3021,b,38,33.66,25,161.44,203,41.56,0
e1-100,binary,100,bot_20,3021,b,40,32.63,25,148.42,181,32.58,0
e1-100,binary,100,bot_20,3021,b,42,21.01,25,176.76,212,35.24,0
e1-100,binary,100,bot_20,3021,b,44,16.79,25,167.01,187,19.99,0
e1-100,binary,100,bot_20,3021,b,46,16.92,25,168.33,179,10.67,0
e1-100,binary,100,bot_20,3021,b,48,68.73,25,144.18,242,97.82,0
e1-100,binary,100,bot_20,3021,b,50,81.55,25,150.94,224,73.06,0
e1-100,binary,100,bot_20,3021,b,52,63.43,25,170.21,232,61.79,0
e1-100,binary,100,bot_20,3021,b,54,64.14,25,148.09,211,62.91,0
e1-100,binary,100,bot_20,3021,b,56,47.03,25,188.87,238,49.13,0
e1-100,binary,100,bot_20,3021,b,58,47.63,25,222.61,267,44.39,0
e1-100,binary,100,bot_20,3021,b,60,12.11,25,231.91,267,35.09,0
e1-100,binary,100,bot_21,3022,w,1,9.09,25,68.01,71,2.99,0
e1-100,binary,100,bot_21,3022,w,3,13.27,25,69.85,73,3.15,0
e1-100,binary,100,bot_21,3022,w,5,11.01,25,67.1,72,4.9,0
e1-100,binary,100,bot_21,3022,w,7,2.44,25,57.15,62,4.85,0
e1-100,binary,100,bot_21,3022,w,9,10.47,25,77.38,76,-1.38,0
e1-100,binary,100,bot_21,3022,w,11,6.96,25,90.9,96,5.1,0
e1-100,binary,100,bot_21,3022,w,13,30.01,25,82.42,112,29.58,0
e1-100,binary,100,bot_21,3022,w,15,52.31,25,57.37,98,40.63,0
e1-100,binary,100,bot_21,3022,w,17,3.29,25,55.27,81,25.73,0
e1-100,binary,100,bot_21,3022,w,19,47.46,25,91.84,117,25.16,0
e1-100,binary,100,bot_21,3022,w,21,58.56,25,109.25,130,20.75,0
e1-100,binary,100,bot_21,3022,w,23,43.69,25,96.62,133,36.38,0
e1-100,binary,100,bot_21,3022,w,25,30.8,25,105.51,129,23.49,0
e1-100,binary,100,bot_21,3022,w,27,70.67,25,105.8,135,29.2,0
e1-100,binary,100,bot_21,3022,w,29,65.48,25,123.71,171,47.29,0
e1-100,binary,100,bot_21,3022,w,31,59.89,25,112.9,152,39.1,0
e1-100,binary,100,bot_21,3022,w,33,51.18,25,132.02,179,46.98,0
e1-100,binary,100,bot_21,3022,w,35,32.59,25,122.24,161,38.76,0
e1-100,binary,100,bot_21,3022,w,37,59.41,25,153.62,180,26.38,0
e1-100,binary,100,bot_21,3022,w,39,32.17,25,148.51,179,30.49,0
e1-100,binary,100,bot_21,3022,w,41,25.33,25,166.82,182,15.18,0
e1-100,binary,100,bot_21,3022,w,43,68.53,25,146.94,197,50.06,0
e1-100,binary,100,bot_21,3022,w,45,44.64,25,134.71,173,38.29,0
e1-100,binary,100,bot_21,3022,w,47,55.43,25,182.93,222,39.07,0
e1-100,binary,100,bot_21,3022,w,49,46.38,25,173.93,195,21.07,0
e1-100,binary,100,bot_21,3022,w,51,37.11,25,183.59,208,24.41,0
e1-100,binary,100,bot_21,3022,w,53,32.74,25,193.92,221,27.08,0
e1-100,binary,100,bot_21,3022,w,55,25.55,25,203.57,219,15.43,0
e1-100,binary,100,bot_21,3022,w,57,15.07,25,232.37,234,1.63,0
e1-100,binary,100,bot_21,3022,w,59,178.72,25,251.31,250,-1.31,0
e1-100,binary,100,bot_22,3022,b,2,9.82,25,81.86,86,4.14,0
e1-100,binary,100,bot_22,3022,b,4,9.84,25,65.54,72,6.46,0
e1-100,binary,100,bot_22,3022,b,6,9.23,25,67.44,73,5.56,0
e1-100,binary,100,bot_22,3022,b,8,4.13,25,74.3,71,-3.3,0
e1-100,binary,100,bot_22,3022,b,10,9.07,25,77.39,83,5.61,0
e1-100,binary,100,bot_22,3022,b,12,34.79,25,100.29,103,2.71,0
e1-100,binary,100,bot_22,3022,b,14,46.85,25,62.81,87,24.19,0
e1-100,binary,100,bot_22,3022,b,16,32.77,25,56.73,106,49.27,0
e1-100,binary,100,bot_22,3022,b,18,29.67,25,108.87,107,-1.87,0
e1-100,binary,100,bot_22,3022,b,20,26.49,25,63.26,106,42.74,0
e1-100,binary,100,bot_22,3022,b,22,41.31,25,84.25,137,52.75,0
e1-100,binary,100,bot_22,3022,b,24,27.9,25,71.22,111,39.78,0
e1-100,binary,100,bot_22,3022,b,26,34.78,25,98.85,124,25.15,0
e1-100,binary,100,bot_22,3022,b,28,52.57,25,67.44,134,66.56,0
e1-100,binary,100,bot_22,3022,b,30,44.17,25,99.12,160,60.88,0
e1-100,binary,100,bot_22,3022,b,32,52.66,25,136.09,191,54.91,0
e1-100,binary,100,bot_22,3022,b,34,44.08,25,140.22,186,45.78,0
e1-100,binary,100,bot_22,3022,b,36,31.06,25,119.64,148,28.36,0
e1-100,binary,100,bot_22,3022,b,38,36.07,25,129.39,184,54.61,0
e1-100,binary,100,bot_22,3022,b,40,20.17,25,156.05,184,27.95,0
e1-100,binary,100,bot_22,3022,b,42,65.07,25,135.27,146,10.73,0
e1-100,binary,100,bot_22,3022,b,44,53,25,116.5,171,54.5,0
e1-100,binary,100,bot_22,3022,b,46,55.33,25,147.4,178,30.6,0
e1-100,binary,100,bot_22,3022,b,48,34.71,25,176.51,217,40.49,0
e1-100,binary,100,bot_22,3022,b,50,39.37,25,192.18,223,30.82,0
e1-100,binary,100,bot_22,3022,b,52,42.66,25,190.3,214,23.7,0
e1-100,binary,100,bot_22,3022,b,54,30.15,25,181.91,200,18.09,0
e1-100,binary,100,bot_22,3022,b,56,16.56,25,217.62,228,10.38,0
e1-100,binary,100,bot_22,3022,b,58,13.09,25,256.48,256,-0.48,0
e1-100,binary,100,bot_22,3022,b,60,145.61,25,77.18,242,164.82,0
e1-100,binary,100,bot_23,3023,w,1,4.32,25,62.1,64,1.9,0
e1-100,binary,100,bot_23,3023,w,3,10.32,25,72.89,74,1.11,0
e1-100,binary,100,bot_23,3023,w,5,8.43,25,69.89,72,2.11,0
e1-100,binary,100,bot_23,3023,w,7,22.96,25,57.28,76,18.72,0
e1-100,binary,100,bot_23,3023,w,9,7.91,25,63.31,67,3.69,0
e1-100,binary,100,bot_23,3023,w,11,26.7,25,74.68,91,16.32,0
e1-100,binary,100,bot_23,3023,w,13,26.51,25,85.29,104,18.71,0
e1-100,binary,100,bot_23,3023,w,15,46.16,25,64.14,98,33.86,0
e1-100,binary,100,bot_23,3023,w,17,30.63,25,62.6,84,21.4,0
e1-100,binary,100,bot_23,3023,w,19,36.66,25,103.23,124,20.77,0
e1-100,binary,100,bot_23,3023,w,21,46.69,25,121.89,140,18.11,0
e1-100,binary,100,bot_23,3023,w,23,38.46,25,102.1,130,27.9,0
e1-100,binary,100,bot_23,3023,w,25,23.41,25,111.86,127,15.14,0
e1-100,binary,100,bot_23,3023,w,27,63.4,25,113.75,133,19.25,0
e1-100,binary,100,bot_23,3023,w,29,53.78,25,135.48,175,39.52,0
e1-100,binary,100,bot_23,3023,w,31,46.86,25,126.54,157,30.46,0
e1-100,binary,100,bot_23,3023,w,33,40.88,25,141.33,179,37.67,0
e1-100,binary,100,bot_23,3023,w,35,23.15,25,131.23,160,28.77,0
e1-100,binary,100,bot_23,3023,w,37,48.98,25,165.77,182,16.23,0
e1-100,binary,100,bot_23,3023,w,39,23.98,25,156.69,179,22.31,0
e1-100,binary,100,bot_23,3023,w,41,9.18,25,181.96,191,9.04,0
e1-100,binary,100,bot_23,3023,w,43,63.95,25,151.59,198,46.41,0
e1-100,binary,100,bot_23,3023,w,45,42.33,25,137.28,171,33.72,0
e1-100,binary,100,bot_23,3023,w,47,50.52,25,187.96,226,38.04,0
e1-100,binary,100,bot_23,3023,w,49,40.71,25,179.84,198,18.16,0
e1-100,binary,100,bot_23,3023,w,51,33.28,25,188.29,209,20.71,0
e1-100,binary,100,bot_23,3023,w,53,26.68,25,199.94,224,24.06,0
e1-100,binary,100,bot_23,3023,w,55,21.43,25,207.63,219,11.37,0
e1-100,binary,100,bot_23,3023,w,57,11.04,25,236.37,235,-1.37,0
e1-100,binary,100,bot_23,3023,w,59,162.67,25,117.87,261,143.13,0
e1-100,binary,100,bot_24,3023,b,2,8.29,25,82.33,78,-4.33,0
e1-100,binary,100,bot_24,3023,b,4,8.41,25,66.76,71,4.24,0
e1-100,binary,100,bot_24,3023,b,6,26.37,25,70.27,71,0.73,0
e1-100,binary,100,bot_24,3023,b,8,10.51,25,54.52,70,15.48,0
e1-100,binary,100,bot_24,3023,b,10,22.26,25,80.81,80,-0.81,0
e1-100,binary,100,bot_24,3023,b,12,24.88,25,80.44,100,19.56,0
e1-100,binary,100,bot_24,3023,b,14,40.8,25,68.7,89,20.3,0
e1-100,binary,100,bot_24,3023,b,16,28.58,25,60.84,101,40.16,0
e1-100,binary,100,bot_24,3023,b,18,26.44,25,76.54,100,23.46,0
e1-100,binary,100,bot_24,3023,b,20,23.48,25,65.65,96,30.35,0
e1-100,binary,100,bot_24,3023,b,22,34.72,25,90.35,130,39.65,0
e1-100,binary,100,bot_24,3023,b,24,20.55,25,79.04,111,31.96,0
e1-100,binary,100,bot_24,3023,b,26,25.43,25,108.17,123,14.83,0
e1-100,binary,100,bot_24,3023,b,28,44.75,25,75.07,131,55.93,0
e1-100,binary,100,bot_24,3023,b,30,37.13,25,105.42,152,46.58,0
e1-100,binary,100,bot_24,3023,b,32,44.03,25,145.12,186,40.88,0
e1-100,binary,100,bot_24,3023,b,34,34.86,25,149.89,184,34.11,0
e1-100,binary,100,bot_24,3023,b,36,23.69,25,127.51,144,16.49,0
e1-100,binary,100,bot_24,3023,b,38,27.84,25,136.13,177,40.87,0
e1-100,binary,100,bot_24,3023,b,40,14.51,25,161.27,178,16.73,0
e1-100,binary,100,bot_24,3023,b,42,63.71,25,136.35,129,-7.35,0
e1-100,binary,100,bot_24,3023,b,44,49.56,25,119.66,167,47.34,0
e1-100,binary,100,bot_24,3023,b,46,54.02,25,148.62,175,26.38,0
e1-100,binary,100,bot_24,3023,b,48,33.21,25,177.74,211,33.26,0
e1-100,binary,100,bot_24,3023,b,50,36.65,25,194.76,218,23.24,0
e1-100,binary,100,bot_24,3023,b,52,40.03,25,192.76,209,16.24,0
e1-100,binary,100,bot_24,3023,b,54,26.77,25,184.98,195,10.02,0
e1-100,binary,100,bot_24,3023,b,56,13.63,25,220.39,224,3.61,0
e1-100,binary,100,bot_24,3023,b,58,159.23,25,261.15,254,-7.15,0
e1-100,binary,100,bot_24,3023,b,60,142.32,25,80.02,226,145.98,0
e1-100,binary,100,bot_25,3024,w,1,2.86,25,63.58,64,0.42,0
e1-100,binary,100,bot_25,3024,w,3,8.6,25,74.84,75,0.16,0
e1-100,binary,100,bot_25,3024,w,5,6.59,25,71.93,74,2.07,0
e1-100,binary,100,bot_25,3024,w,7,21.86,25,58.22,77,18.78,0
e1-100,binary,100,bot_25,3024,w,9,6.98,25,63.91,68,4.09,0
e1-100,binary,100,bot_25,3024,w,11,25.26,25,76.18,93,16.82,0
e1-100,binary,100,bot_25,3024,w,13,25.93,25,85.89,105,19.11,0
e1-100,binary,100,bot_25,3024,w,15,45.22,25,65.22,99,33.78,0
e1-100,binary,100,bot_25,3024,w,17,29.63,25,63.8,86,22.2,0
e1-100,binary,100,bot_25,3024,w,19,34.09,25,106.11,125,18.89,0
e1-100,binary,100,bot_25,3024,w,21,43.43,25,125.39,141,15.61,0
e1-100,binary,100,bot_25,3024,w,23,34.67,25,105.48,132,26.52,0
e1-100,binary,100,bot_25,3024,w,25,20.86,25,114.27,129,14.73,0
e1-100,binary,100,bot_25,3024,w,27,61.25,25,116.15,132,15.85,0
e1-100,binary,100,bot_25,3024,w,29,48.44,25,140.91,178,37.09,0
e1-100,binary,100,bot_25,3024,w,31,42.8,25,130.87,160,29.13,0
e1-100,binary,100,bot_25,3024,w,33,38.42,25,143.54,180,36.46,0
e1-100,binary,100,bot_25,3024,w,35,20.66,25,133.57,160,26.43,0
e1-100,binary,100,bot_25,3024,w,37,43.69,25,171.12,188,16.88,0
e1-100,binary,100,bot_25,3024,w,39,21.08,25,159.93,181,21.07,0
e1-100,binary,100,bot_25,3024,w,41,4.82,25,186.68,194,7.32,0
e1-100,binary,100,bot_25,3024,w,43,60.35,25,155.29,200,44.71,0
e1-100,binary,100,bot_25,3024,w,45,39.06,25,140.79,170,29.21,0
e1-100,binary,100,bot_25,3024,w,47,44.77,25,193.82,229,35.18,0
e1-100,binary,100,bot_25,3024,w,49,37,25,183.8,200,16.2,0
e1-100,binary,100,bot_25,3024,w,51,30.32,25,191.35,209,17.65,0
e1-100,binary,100,bot_25,3024,w,53,23.85,25,203.11,225,21.89,0
e1-100,binary,100,bot_25,3024,w,55,18.09,25,210.94,218,7.06,0
e1-100,binary,100,bot_25,3024,w,57,163.57,25,238.79,234,-4.79,0
e1-100,binary,100,bot_25,3024,w,59,159.47,25,120.82,253,132.18,0
e1-100,binary,100,bot_26,3024,b,2,6.81,25,83.57,83,-0.57,0
e1-100,binary,100,bot_26,3024,b,4,6.89,25,68.13,72,3.87,0
e1-100,binary,100,bot_26,3024,b,6,25.13,25,71.73,75,3.27,0
e1-100,binary,100,bot_26,3024,b,8,9.79,25,55.51,73,17.49,0
e1-100,binary,100,bot_26,3024,b,10,21.29,25,81.67,84,2.33,0
e1-100,binary,100,bot_26,3024,b,12,24.24,25,81.07,101,19.93,0
e1-100,binary,100,bot_26,3024,b,14,39.06,25,70.19,94,23.81,0
e1-100,binary,100,bot_26,3024,b,16,27.03,25,62.46,104,41.54,0
e1-100,binary,100,bot_26,3024,b,18,24.46,25,78.24,105,26.76,0
e1-100,binary,100,bot_26,3024,b,20,21.12,25,67.78,99,31.22,0
e1-100,binary,100,bot_26,3024,b,22,31.43,25,94.15,133,38.85,0
e1-100,binary,100,bot_26,3024,b,24,19.04,25,80.49,111,30.51,0
e1-100,binary,100,bot_26,3024,b,26,21.36,25,112.25,130,17.75,0
e1-100,binary,100,bot_26,3024,b,28,42.8,25,76.99,135,58.01,0
e1-100,binary,100,bot_26,3024,b,30,35.04,25,107.25,153,45.75,0
e1-100,binary,100,bot_26,3024,b,32,41.29,25,147.87,187,39.13,0
e1-100,binary,100,bot_26,3024,b,34,32.31,25,152.66,187,34.34,0
e1-100,binary,100,bot_26,3024,b,36,22.37,25,129.01,147,17.99,0
e1-100,binary,100,bot_26,3024,b,38,26.57,25,137.27,177,39.73,0
e1-100,binary,100,bot_26,3024,b,40,12.88,25,162.72,180,17.28,0
e1-100,binary,100,bot_26,3024,b,42,61.94,25,137.83,129,-8.83,0
e1-100,binary,100,bot_26,3024,b,44,45.99,25,122.98,169,46.02,0
e1-100,binary,100,bot_26,3024,b,46,51.67,25,150.87,175,24.13,0
e1-100,binary,100,bot_26,3024,b,48,31.17,25,179.54,210,30.46,0
e1-100,binary,100,bot_26,3024,b,50,33.95,25,197.4,220,22.6,0
e1-100,binary,100,bot_26,3024,b,52,37.14,25,195.65,211,15.35,0
e1-100,binary,100,bot_26,3024,b,54,22.93,25,188.82,198,9.18,0
e1-100,binary,100,bot_26,3024,b,56,11.09,25,222.77,225,2.23,0
e1-100,binary,100,bot_26,3024,b,58,148.84,25,117.46,266,148.54,0
e1-100,binary,100,bot_26,3024,b,60,139.83,25,82.53,226,143.47,0
e1-100,binary,100,bot_27,3025,w,1,2.38,25,51.19,52,0.81,0
e1-100,binary,100,bot_27,3025,w,3,6.98,25,76.57,77,0.43,0
e1-100,binary,100,bot_27,3025,w,5,26.38,25,73.36,75,1.64,0
e1-100,binary,100,bot_27,3025,w,7,18.85,25,61.07,73,11.93,0
e1-100,binary,100,bot_27,3025,w,9,4.18,25,66.7,69,2.3,0
e1-100,binary,100,bot_27,3025,w,11,22.17,25,79.29,94,14.71,0
e1-100,binary,100,bot_27,3025,w,13,24.81,25,87.33,105,17.67,0
e1-100,binary,100,bot_27,3025,w,15,43.38,25,67.16,99,31.84,0
e1-100,binary,100,bot_27,3025,w,17,28.03,25,65.73,86,20.27,0
e1-100,binary,100,bot_27,3025,w,19,30.61,25,109.8,128,18.2,0
e1-100,binary,100,bot_27,3025,w,21,40.5,25,128.51,143,14.49,0
e1-100,binary,100,bot_27,3025,w,23,32.07,25,108.06,132,23.94,0
e1-100,binary,100,bot_27,3025,w,25,18.43,25,116.62,130,13.38,0
e1-100,binary,100,bot_27,3025,w,27,59.92,25,117.63,133,15.37,0
e1-100,binary,100,bot_27,3025,w,29,46.02,25,143.31,179,35.69,0
e1-100,binary,100,bot_27,3025,w,31,38.8,25,135.22,162,26.78,0
e1-100,binary,100,bot_27,3025,w,33,34.34,25,147.55,181,33.45,0
e1-100,binary,100,bot_27,3025,w,35,17.67,25,136.34,162,25.66,0
e1-100,binary,100,bot_27,3025,w,37,36.57,25,178.37,193,14.63,0
e1-100,binary,100,bot_27,3025,w,39,16.21,25,164.92,184,19.08,0
e1-100,binary,100,bot_27,3025,w,41,91.47,25,111.62,204,92.38,0
e1-100,binary,100,bot_27,3025,w,43,66.04,25,117.08,204,86.92,0
e1-100,binary,100,bot_27,3025,w,45,80.97,25,99.25,177,77.75,0
e1-100,binary,100,bot_27,3025,w,47,92.56,25,138.93,225,86.07,0
e1-100,binary,100,bot_27,3025,w,49,90.37,25,143.79,215,71.21,0
e1-100,binary,100,bot_27,3025,w,51,77.82,25,154.69,220,65.31,0
e1-100,binary,100,bot_27,3025,w,53,62.81,25,153.18,199,45.82,0
e1-100,binary,100,bot_27,3025,w,55,75.39,25,169.32,218,48.68,0
e1-100,binary,100,bot_27,3025,w,57,68.48,25,193.41,241,47.59,0
e1-100,binary,100,bot_27,3025,w,59,58.37,25,222.78,272,49.22,0
e1-100,binary,100,bot_28,3025,b,2,5.67,25,80.49,79,-1.49,0
e1-100,binary,100,bot_28,3025,b,4,5.8,25,69.13,70,0.87,0
e1-100,binary,100,bot_28,3025,b,6,18.16,25,57.88,79,21.12,0
e1-100,binary,100,bot_28,3025,b,8,7.99,25,57.47,72,14.53,0
e1-100,binary,100,bot_28,3025,b,10,19.91,25,82.71,82,-0.71,0
e1-100,binary,100,bot_28,3025,b,12,22.97,25,82.36,98,15.64,0
e1-100,binary,100,bot_28,3025,b,14,36.86,25,71.98,93,21.02,0
e1-100,binary,100,bot_28,3025,b,16,25.98,25,63.47,102,38.53,0
e1-100,binary,100,bot_28,3025,b,18,22.94,25,79.16,102,22.84,0
e1-100,binary,100,bot_28,3025,b,20,19.08,25,69.63,95,25.37,0
e1-100,binary,100,bot_28,3025,b,22,28.05,25,97.53,132,34.47,0
e1-100,binary,100,bot_28,3025,b,24,18.11,25,81.29,108,26.71,0
e1-100,binary,100,bot_28,3025,b,26,21.04,25,112.47,126,13.53,0
e1-100,binary,100,bot_28,3025,b,28,40.66,25,78.7,135,56.3,0
e1-100,binary,100,bot_28,3025,b,30,32.15,25,110.03,152,41.97,0
e1-100,binary,100,bot_28,3025,b,32,38.32,25,150.44,185,34.56,0
e1-100,binary,100,bot_28,3025,b,34,30.37,25,154.85,184,29.15,0
e1-100,binary,100,bot_28,3025,b,36,20.57,25,130.83,144,13.17,0
e1-100,binary,100,bot_28,3025,b,38,24.21,25,139.49,171,31.51,0
e1-100,binary,100,bot_28,3025,b,40,107.41,25,164.66,175,10.34,0
e1-100,binary,100,bot_28,3025,b,42,101.39,25,104.19,181,76.81,0
e1-100,binary,100,bot_28,3025,b,44,92.81,25,100.6,150,49.4,0
e1-100,binary,100,bot_28,3025,b,46,100.87,25,130.91,196,65.09,0
e1-100,binary,100,bot_28,3025,b,48,86.4,25,114.28,191,76.72,0
e1-100,binary,100,bot_28,3025,b,50,81.25,25,143.89,218,74.11,0
e1-100,binary,100,bot_28,3025,b,52,60.65,25,156.95,219,62.05,0
e1-100,binary,100,bot_28,3025,b,54,64.42,25,170.58,218,47.42,0
e1-100,binary,100,bot_28,3025,b,56,61.88,25,177.21,236,58.79,0
e1-100,binary,100,bot_28,3025,b,58,64.39,25,201.17,254,52.83,0
e1-100,binary,100,bot_28,3025,b,60,58.19,25,163.47,206,42.53,0
e1-100,binary,100,bot_29,3026,w,1,11.71,25,60.66,67,6.34,0
e1-100,binary,100,bot_29,3026,w,3,8.78,25,73.59,77,3.41,0
e1-100,binary,100,bot_29,3026,w,5,19.42,25,58.58,73,14.42,0
e1-100,binary,100,bot_29,3026,w,7,16.84,25,63.44,70,6.56,0
e1-100,binary,100,bot_29,3026,w,9,4.08,25,54.49,70,15.51,0
e1-100,binary,100,bot_29,3026,w,11,18.9,25,82.52,92,9.48,0
e1-100,binary,100,bot_29,3026,w,13,22.4,25,89.41,104,14.59,0
e1-100,binary,100,bot_29,3026,w,15,34.21,25,76.43,103,26.57,0
e1-100,binary,100,bot_29,3026,w,17,26.22,25,68.73,83,14.27,0
e1-100,binary,100,bot_29,3026,w,19,26.63,25,114.04,128,13.96,0
e1-100,binary,100,bot_29,3026,w,21,32.97,25,136.49,141,4.51,0
e1-100,binary,100,bot_29,3026,w,23,25.96,25,114.25,134,19.75,0
e1-100,binary,100,bot_29,3026,w,25,15.17,25,119.61,127,7.39,0
e1-100,binary,100,bot_29,3026,w,27,57.55,25,121.24,129,7.76,0
e1-100,binary,100,bot_29,3026,w,29,39.46,25,149.89,180,30.11,0
e1-100,binary,100,bot_29,3026,w,31,32.96,25,141.55,163,21.45,0
e1-100,binary,100,bot_29,3026,w,33,27.05,25,154.96,180,25.04,0
e1-100,binary,100,bot_29,3026,w,35,13.17,25,140.65,161,20.35,0
e1-100,binary,100,bot_29,3026,w,37,27.8,25,188.23,199,10.77,0
e1-100,binary,100,bot_29,3026,w,39,113.31,25,169.44,179,9.56,0
e1-100,binary,100,bot_29,3026,w,41,82.86,25,119.93,198,78.07,0
e1-100,binary,100,bot_29,3026,w,43,61.2,25,122.03,200,77.97,0
e1-100,binary,100,bot_29,3026,w,45,75.11,25,105.23,177,71.77,0
e1-100,binary,100,bot_29,3026,w,47,85.68,25,145.2,221,75.8,0
e1-100,binary,100,bot_29,3026,w,49,82.46,25,151.11,214,62.89,0
e1-100,binary,100,bot_29,3026,w,51,69.13,25,163.93,221,57.07,0
e1-100,binary,100,bot_29,3026,w,53,58.01,25,158.37,194,35.63,0
e1-100,binary,100,bot_29,3026,w,55,63.5,25,180.86,222,41.14,0
e1-100,binary,100,bot_29,3026,w,57,62.82,25,200,239,39,0
e1-100,binary,100,bot_29,3026,w,59,50.06,25,230.39,268,37.61,0
e1-100,binary,100,bot_30,3026,b,2,11.66,25,52.05,58,5.95,0
e1-100,binary,100,bot_30,3026,b,4,22.18,25,64.5,67,2.5,0
e1-100,binary,100,bot_30,3026,b,6,13.99,25,61.04,75,13.96,0
e1-100,binary,100,bot_30,3026,b,8,22.5,25,61.99,73,11.01,0
e1-100,binary,100,bot_30,3026,b,10,15.76,25,80.86,79,-1.86,0
e1-100,binary,100,bot_30,3026,b,12,20.66,25,84.95,97,12.05,0
e1-100,binary,100,bot_30,3026,b,14,33.19,25,75.53,92,16.47,0
e1-100,binary,100,bot_30,3026,b,16,21.69,25,67.74,97,29.26,0
e1-100,binary,100,bot_30,3026,b,18,18.99,25,82.13,103,20.87,0
e1-100,binary,100,bot_30,3026,b,20,11.5,25,77.1,98,20.9,0
e1-100,binary,100,bot_30,3026,b,22,26.01,25,99.64,127,27.36,0
e1-100,binary,100,bot_30,3026,b,24,13.94,25,85.36,105,19.64,0
e1-100,binary,100,bot_30,3026,b,26,14.19,25,119.41,130,10.59,0
e1-100,binary,100,bot_30,3026,b,28,36.36,25,82.66,135,52.34,0
e1-100,binary,100,bot_30,3026,b,30,28.51,25,113.26,147,33.74,0
e1-100,binary,100,bot_30,3026,b,32,31.5,25,156.96,185,28.04,0
e1-100,binary,100,bot_30,3026,b,34,26.38,25,159.01,180,20.99,0
e1-100,binary,100,bot_30,3026,b,36,17.15,25,134.13,142,7.87,0
e1-100,binary,100,bot_30,3026,b,38,15.26,25,148.04,170,21.96,0
e1-100,binary,100,bot_30,3026,b,40,94.47,25,76.76,186,109.24,0
e1-100,binary,100,bot_30,3026,b,42,94.1,25,110.83,178,67.17,0
e1-100,binary,100,bot_30,3026,b,44,87.16,25,106.19,145,38.81,0
e1-100,binary,100,bot_30,3026,b,46,91.41,25,140.62,200,59.38,0
e1-100,binary,100,bot_30,3026,b,48,80.1,25,121.2,192,70.8,0
e1-100,binary,100,bot_30,3026,b,50,72.5,25,152.69,219,66.31,0
e1-100,binary,100,bot_30,3026,b,52,51.78,25,165.53,220,54.47,0
e1-100,binary,100,bot_30,3026,b,54,57.09,25,178.14,221,42.86,0
e1-100,binary,100,bot_30,3026,b,56,55.33,25,183.5,231,47.5,0
e1-100,binary,100,bot_30,3026,b,58,53.91,25,212.07,260,47.93,0
e1-100,binary,100,bot_30,3026,b,60,46.68,25,175.11,209,33.89,0
e1-100,binary,100,bot_31,3027,w,1,11.39,25,65.23,76,10.77,0
e1-100,binary,100,bot_31,3027,w,3,6.44,25,61.32,57,-4.32,0
e1-100,binary,100,bot_31,3027,w,5,6.62,25,71.36,72,0.64,0
e1-100,binary,100,bot_31,3027,w,7,17.36,25,74.09,78,3.91,0
e1-100,binary,100,bot_31,3027,w,9,21.17,25,65.44,82,16.56,0
e1-100,binary,100,bot_31,3027,w,11,37.86,25,70.41,88,17.59,0
e1-100,binary,100,bot_31,3027,w,13,19.85,25,56.51,86,29.49,0
e1-100,binary,100,bot_31,3027,w,15,29.94,25,74.58,105,30.42,0
e1-100,binary,100,bot_31,3027,w,17,34.3,25,84.51,99,14.49,0
e1-100,binary,100,bot_31,3027,w,19,27.94,25,91.33,116,24.67,0
e1-100,binary,100,bot_31,3027,w,21,25.63,25,119.88,145,25.12,0
e1-100,binary,100,bot_31,3027,w,23,14.93,25,112.71,129,16.29,0
e1-100,binary,100,bot_31,3027,w,25,19.04,25,117.43,132,14.57,0
e1-100,binary,100,bot_31,3027,w,27,19.88,25,120.57,125,4.43,0
e1-100,binary,100,bot_31,3027,w,29,36.1,25,124.2,177,52.8,0
e1-100,binary,100,bot_31,3027,w,31,44.78,25,139.69,187,47.31,0
e1-100,binary,100,bot_31,3027,w,33,46.14,25,140.16,181,40.84,0
e1-100,binary,100,bot_31,3027,w,35,35.4,25,116.39,142,25.61,0
e1-100,binary,100,bot_31,3027,w,37,27.68,25,167.03,194,26.97,0
e1-100,binary,100,bot_31,3027,w,39,29.4,25,151.46,172,20.54,0
e1-100,binary,100,bot_31,3027,w,41,16.82,25,180.76,203,22.24,0
e1-100,binary,100,bot_31,3027,w,43,13.05,25,170.75,179,8.25,0
e1-100,binary,100,bot_31,3027,w,45,75.73,25,128.02,190,61.98,0
e1-100,binary,100,bot_31,3027,w,47,65.31,25,147.1,218,70.9,0
e1-100,binary,100,bot_31,3027,w,49,74,25,158.24,222,63.76,0
e1-100,binary,100,bot_31,3027,w,51,61.8,25,171.93,223,51.07,0
e1-100,binary,100,bot_31,3027,w,53,56.73,25,155.47,209,53.53,0
e1-100,binary,100,bot_31,3027,w,55,39.63,25,196.13,235,38.88,0
e1-100,binary,100,bot_31,3027,w,57,40.31,25,229.97,263,33.03,0
e1-100,binary,100,bot_31,3027,w,59,8.87,25,234.63,258,23.37,0
e1-100,binary,100,bot_32,3027,b,2,6.11,25,56.53,58,1.47,0
e1-100,binary,100,bot_32,3027,b,4,10.68,25,67.66,65,-2.66,0
e1-100,binary,100,bot_32,3027,b,6,13.1,25,69.69,67,-2.69,0
e1-100,binary,100,bot_32,3027,b,8,27.13,25,68.98,77,8.02,0
e1-100,binary,100,bot_32,3027,b,10,27.41,25,71.31,83,11.69,0
e1-100,binary,100,bot_32,3027,b,12,39.26,25,66.58,96,29.42,0
e1-100,binary,100,bot_32,3027,b,14,39.39,25,82.36,93,10.64,0
e1-100,binary,100,bot_32,3027,b,16,22.95,25,61.85,82,20.15,0
e1-100,binary,100,bot_32,3027,b,18,35.15,25,73.39,99,25.61,0
e1-100,binary,100,bot_32,3027,b,20,34.24,25,81.59,101,19.41,0
e1-100,binary,100,bot_32,3027,b,22,25.47,25,106.6,124,17.4,0
e1-100,binary,100,bot_32,3027,b,24,23.86,25,81.17,88,6.83,0
e1-100,binary,100,bot_32,3027,b,26,13.6,25,114.08,124,9.92,0
e1-100,binary,100,bot_32,3027,b,28,62.08,25,148.04,159,10.96,0
e1-100,binary,100,bot_32,3027,b,30,56.29,25,102.1,129,26.9,0
e1-100,binary,100,bot_32,3027,b,32,50.25,25,138.45,175,36.55,0
e1-100,binary,100,bot_32,3027,b,34,35.2,25,132.38,170,37.62,0
e1-100,binary,100,bot_32,3027,b,36,36.65,25,138.33,165,26.67,0
e1-100,binary,100,bot_32,3027,b,38,29.11,25,158.97,178,19.03,0
e1-100,binary,100,bot_32,3027,b,40,31.88,25,144.88,166,21.12,0
e1-100,binary,100,bot_32,3027,b,42,17.09,25,186.93,196,9.07,0
e1-100,binary,100,bot_32,3027,b,44,70.76,25,182.46,187,4.54,0
e1-100,binary,100,bot_32,3027,b,46,80.09,25,158.56,227,68.44,0
e1-100,binary,100,bot_32,3027,b,48,73.74,25,145.61,204,58.39,0
e1-100,binary,100,bot_32,3027,b,50,60.4,25,159.39,226,66.61,0
e1-100,binary,100,bot_32,3027,b,52,62.12,25,164.5,219,54.5,0
e1-100,binary,100,bot_32,3027,b,54,47.84,25,181.34,230,48.66,0
e1-100,binary,100,bot_32,3027,b,56,42.27,25,204.5,236,31.5,0
e1-100,binary,100,bot_32,3027,b,58,32.68,25,229.26,262,32.74,0
e1-100,binary,100,bot_32,3027,b,60,14.52,25,232.65,233,0.35,0
e1-100,binary,100,bot_33,3028,w,1,4.12,25,81.89,80,-1.89,0
e1-100,binary,100,bot_33,3028,w,3,26.7,25,70.39,72,1.61,0
e1-100,binary,100,bot_33,3028,w,5,16.51,25,58.86,75,16.14,0
e1-100,binary,100,bot_33,3028,w,7,5.34,25,60.11,74,13.89,0
e1-100,binary,100,bot_33,3028,w,9,18.06,25,79.63,84,4.37,0
e1-100,binary,100,bot_33,3028,w,11,22,25,83.34,99,15.66,0
e1-100,binary,100,bot_33,3028,w,13,35.29,25,73.48,95,21.52,0
e1-100,binary,100,bot_33,3028,w,15,24.58,25,64.83,96,31.17,0
e1-100,binary,100,bot_33,3028,w,17,21.4,25,80.44,103,22.56,0
e1-100,binary,100,bot_33,3028,w,19,17.01,25,71.59,97,25.41,0
e1-100,binary,100,bot_33,3028,w,21,25.88,25,99.66,132,32.34,0
e1-100,binary,100,bot_33,3028,w,23,16.73,25,82.6,105,22.4,0
e1-100,binary,100,bot_33,3028,w,25,18.82,25,114.64,127,12.36,0
e1-100,binary,100,bot_33,3028,w,27,39.19,25,79.92,134,54.08,0
e1-100,binary,100,bot_33,3028,w,29,30.78,25,111.27,149,37.73,0
e1-100,binary,100,bot_33,3028,w,31,35.37,25,153.28,184,30.72,0
e1-100,binary,100,bot_33,3028,w,33,30.05,25,155.14,180,24.86,0
e1-100,binary,100,bot_33,3028,w,35,18.93,25,132.36,142,9.64,0
e1-100,binary,100,bot_33,3028,w,37,17.77,25,145.47,171,25.53,0
e1-100,binary,100,bot_33,3028,w,39,96.21,25,75.07,185,109.93,0
e1-100,binary,100,bot_33,3028,w,41,96.24,25,109.03,178,68.97,0
e1-100,binary,100,bot_33,3028,w,43,88.26,25,105.13,152,46.87,0
e1-100,binary,100,bot_33,3028,w,45,93.44,25,138.71,200,61.29,0
e1-100,binary,100,bot_33,3028,w,47,82.74,25,118.24,191,72.76,0
e1-100,binary,100,bot_33,3028,w,49,74.87,25,150.24,220,69.76,0
e1-100,binary,100,bot_33,3028,w,51,54.65,25,162.77,218,55.23,0
e1-100,binary,100,bot_33,3028,w,53,59.36,25,175.41,220,44.59,0
e1-100,binary,100,bot_33,3028,w,55,55.8,25,183.13,235,51.87,0
e1-100,binary,100,bot_33,3028,w,57,57.13,25,209.04,258,48.96,0
e1-100,binary,100,bot_33,3028,w,59,48.56,25,173.22,211,37.78,0
e1-100,binary,100,bot_34,3028,b,2,4.4,25,79.27,82,2.73,0
e1-100,binary,100,bot_34,3028,b,4,20.71,25,57.57,81,23.43,0
e1-100,binary,100,bot_34,3028,b,6,18.29,25,61.91,75,13.09,0
e1-100,binary,100,bot_34,3028,b,8,8.1,25,67.92,70,2.08,0
e1-100,binary,100,bot_34,3028,b,10,20.24,25,81.23,97,15.77,0
e1-100,binary,100,bot_34,3028,b,12,23.48,25,88.44,107,18.56,0
e1-100,binary,100,bot_34,3028,b,14,37.02,25,73.64,105,31.36,0
e1-100,binary,100,bot_34,3028,b,16,27.23,25,67.52,89,21.48,0
e1-100,binary,100,bot_34,3028,b,18,28.58,25,112.09,131,18.91,0
e1-100,binary,100,bot_34,3028,b,20,36.9,25,132.44,147,14.56,0
e1-100,binary,100,bot_34,3028,b,22,27.81,25,112.48,137,24.52,0
e1-100,binary,100,bot_34,3028,b,24,16.28,25,118.67,132,13.33,0
e1-100,binary,100,bot_34,3028,b,26,58.54,25,120.22,136,15.78,0
e1-100,binary,100,bot_34,3028,b,28,42.2,25,147.2,183,35.8,0
e1-100,binary,100,bot_34,3028,b,30,34.92,25,139.56,167,27.44,0
e1-100,binary,100,bot_34,3028,b,32,29.16,25,152.88,186,33.12,0
e1-100,binary,100,bot_34,3028,b,34,14.44,25,139.49,167,27.51,0
e1-100,binary,100,bot_34,3028,b,36,30.9,25,185.08,201,15.92,0
e1-100,binary,100,bot_34,3028,b,38,114.57,25,168.21,182,13.79,0
e1-100,binary,100,bot_34,3028,b,40,85.29,25,117.55,199,81.45,0
e1-100,binary,100,bot_34,3028,b,42,62.27,25,120.97,203,82.03,0
e1-100,binary,100,bot_34,3028,b,44,76.13,25,104.13,179,74.87,0
e1-100,binary,100,bot_34,3028,b,46,87.99,25,142.97,223,80.03,0
e1-100,binary,100,bot_34,3028,b,48,84.32,25,149.35,218,68.65,0
e1-100,binary,100,bot_34,3028,b,50,70.96,25,162.06,223,60.94,0
e1-100,binary,100,bot_34,3028,b,52,59.4,25,156.93,198,41.07,0
e1-100,binary,100,bot_34,3028,b,54,66.29,25,178.35,223,44.65,0
e1-100,binary,100,bot_34,3028,b,56,63.94,25,198.57,241,42.43,0
e1-100,binary,100,bot_34,3028,b,58,52.78,25,227.72,270,42.28,0
e1-100,binary,100,bot_34,3028,b,60,38.13,25,189.95,226,36.05,0
e1-100,binary,100,bot_35,3029,w,1,16.19,25,66.86,86,19.14,0
e1-100,binary,100,bot_35,3029,w,3,15.99,25,61.66,71,9.34,0
e1-100,binary,100,bot_35,3029,w,5,3.37,25,50.5,62,11.5,0
e1-100,binary,100,bot_35,3029,w,7,17.03,25,71.07,81,9.93,0
e1-100,binary,100,bot_35,3029,w,9,15.81,25,82.93,95,12.07,0
e1-100,binary,100,bot_35,3029,w,11,20.15,25,87,106,19,0
e1-100,binary,100,bot_35,3029,w,13,18.17,25,104.94,111,6.06,0
e1-100,binary,100,bot_35,3029,w,15,6.64,25,77.81,87,9.19,0
e1-100,binary,100,bot_35,3029,w,17,13.47,25,96.53,105,8.47,0
e1-100,binary,100,bot_35,3029,w,19,90.57,25,109.12,117,7.88,0
e1-100,binary,100,bot_35,3029,w,21,60.89,25,79.29,135,55.71,0
e1-100,binary,100,bot_35,3029,w,23,57.77,25,101.8,116,14.2,0
e1-100,binary,100,bot_35,3029,w,25,20.96,25,80.64,135,54.36,0
e1-100,binary,100,bot_35,3029,w,27,27.44,25,142.83,161,18.17,0
e1-100,binary,100,bot_35,3029,w,29,27.22,25,131.79,149,17.21,0
e1-100,binary,100,bot_35,3029,w,31,17.7,25,172.26,191,18.74,0
e1-100,binary,100,bot_35,3029,w,33,72.65,25,153.39,163,9.61,0
e1-100,binary,100,bot_35,3029,w,35,85.03,25,124.54,175,50.46,0
e1-100,binary,100,bot_35,3029,w,37,54.82,25,126.07,184,57.93,0
e1-100,binary,100,bot_35,3029,w,39,67.38,25,131.97,176,44.03,0
e1-100,binary,100,bot_35,3029,w,41,57.08,25,158.56,203,44.44,0
e1-100,binary,100,bot_35,3029,w,43,36.6,25,143.46,170,26.54,0
e1-100,binary,100,bot_35,3029,w,45,44.5,25,194.04,228,33.96,0
e1-100,binary,100,bot_35,3029,w,47,32.7,25,188.26,203,14.74,0
e1-100,binary,100,bot_35,3029,w,49,25.75,25,195.45,211,15.55,0
e1-100,binary,100,bot_35,3029,w,51,20.02,25,206.93,224,17.07,0
e1-100,binary,100,bot_35,3029,w,53,14.46,25,214.57,219,4.43,0
e1-100,binary,100,bot_35,3029,w,55,153.19,25,105.42,244,138.58,0
e1-100,binary,100,bot_35,3029,w,57,153.67,25,127.11,255,127.89,0
e1-100,binary,100,bot_35,3029,w,59,119.45,25,114.34,238,123.66,0
e1-100,binary,100,bot_36,3029,b,2,13.59,25,61.19,66,4.81,0
e1-100,binary,100,bot_36,3029,b,4,14.79,25,61.77,66,4.23,0
e1-100,binary,100,bot_36,3029,b,6,14.17,25,69.99,61,-8.99,0
e1-100,binary,100,bot_36,3029,b,8,14.11,25,72.59,78,5.41,0
e1-100,binary,100,bot_36,3029,b,10,22.03,25,86.08,89,2.92,0
e1-100,binary,100,bot_36,3029,b,12,8.08,25,65.85,74,8.15,0
e1-100,binary,100,bot_36,3029,b,14,13.26,25,90.81,97,6.19,0
e1-100,binary,100,bot_36,3029,b,16,11.61,25,106.69,102,-4.69,0
e1-100,binary,100,bot_36,3029,b,18,10.26,25,107.45,109,1.55,0
e1-100,binary,100,bot_36,3029,b,20,59.43,25,66.4,145,78.6,0
e1-100,binary,100,bot_36,3029,b,22,17.69,25,59.26,109,49.74,0
e1-100,binary,100,bot_36,3029,b,24,57.74,25,76.18,123,46.82,0
e1-100,binary,100,bot_36,3029,b,26,21.73,25,111.1,121,9.9,0
e1-100,binary,100,bot_36,3029,b,28,19.8,25,142.03,157,14.97,0
e1-100,binary,100,bot_36,3029,b,30,21.89,25,162.27,178,15.73,0
e1-100,binary,100,bot_36,3029,b,32,13.58,25,172.38,178,5.62,0
e1-100,binary,100,bot_36,3029,b,34,53.86,25,95.27,156,60.73,0
e1-100,binary,100,bot_36,3029,b,36,61.09,25,107.82,181,73.18,0
e1-100,binary,100,bot_36,3029,b,38,47.06,25,129.07,171,41.93,0
e1-100,binary,100,bot_36,3029,b,40,59.06,25,140.42,188,47.58,0
e1-100,binary,100,bot_36,3029,b,42,40.45,25,128.39,165,36.61,0
e1-100,binary,100,bot_36,3029,b,44,49.31,25,153.45,169,15.55,0
e1-100,binary,100,bot_36,3029,b,46,27.81,25,182.78,206,23.22,0
e1-100,binary,100,bot_36,3029,b,48,30.18,25,201.58,213,11.42,0
e1-100,binary,100,bot_36,3029,b,50,31.47,25,201.37,206,4.63,0
e1-100,binary,100,bot_36,3029,b,52,18.13,25,193.64,193,-0.64,0
e1-100,binary,100,bot_36,3029,b,54,152.43,25,225.84,218,-7.84,0
e1-100,binary,100,bot_36,3029,b,56,143.16,25,122.75,256,133.25,0
e1-100,binary,100,bot_36,3029,b,58,136.47,25,85.29,218,132.71,0
e1-100,binary,100,bot_36,3029,b,60,27.3,25,66.91,166,99.09,0
e1-100,binary,100,bot_37,3030,w,1,7.62,25,74.08,72,-2.08,0
e1-100,binary,100,bot_37,3030,w,3,17.7,25,60.25,70,9.75,0
e1-100,binary,100,bot_37,3030,w,5,15.69,25,64.74,67,2.26,0
e1-100,binary,100,bot_37,3030,w,7,9.81,25,54.85,62,7.15,0
e1-100,binary,100,bot_37,3030,w,9,16.27,25,85.01,89,3.99,0
e1-100,binary,100,bot_37,3030,w,11,20.72,25,90.79,99,8.21,0
e1-100,binary,100,bot_37,3030,w,13,30.27,25,80.39,101,20.61,0
e1-100,binary,100,bot_37,3030,w,15,23.53,25,72.36,82,9.64,0
e1-100,binary,100,bot_37,3030,w,17,23.2,25,117.52,125,7.48,0
e1-100,binary,100,bot_37,3030,w,19,27.38,25,143.16,141,-2.16,0
e1-100,binary,100,bot_37,3030,w,21,19.02,25,121.38,136,14.62,0
e1-100,binary,100,bot_37,3030,w,23,10.93,25,123.38,125,1.62,0
e1-100,binary,100,bot_37,3030,w,25,54.41,25,86.1,122,35.9,0
e1-100,binary,100,bot_37,3030,w,27,33.01,25,156.39,177,20.61,0
e1-100,binary,100,bot_37,3030,w,29,26.53,25,148.3,164,15.7,0
e1-100,binary,100,bot_37,3030,w,31,18.27,25,163.73,177,13.27,0
e1-100,binary,100,bot_37,3030,w,33,9.57,25,143.84,157,13.16,0
e1-100,binary,100,bot_37,3030,w,35,93.92,25,198.54,202,3.46,0
e1-100,binary,100,bot_37,3030,w,37,97.67,25,87.85,171,83.15,0
e1-100,binary,100,bot_37,3030,w,39,73.53,25,129.4,198,68.6,0
e1-100,binary,100,bot_37,3030,w,41,52.52,25,130.74,197,66.26,0
e1-100,binary,100,bot_37,3030,w,43,68.76,25,112.62,173,60.38,0
e1-100,binary,100,bot_37,3030,w,45,73.37,25,157.07,216,58.93,0
e1-100,binary,100,bot_37,3030,w,47,69.51,25,163.45,218,54.55,0
e1-100,binary,100,bot_37,3030,w,49,57.11,25,176.68,219,42.32,0
e1-100,binary,100,bot_37,3030,w,51,52.79,25,164.29,190,25.71,0
e1-100,binary,100,bot_37,3030,w,53,49.15,25,194.97,225,30.03,0
e1-100,binary,100,bot_37,3030,w,55,50.02,25,213.6,238,24.4,0
e1-100,binary,100,bot_37,3030,w,57,35.09,25,245.61,271,25.39,0
e1-100,binary,100,bot_37,3030,w,59,22,25,205.36,224,18.64,0
e1-100,binary,100,bot_38,3030,b,2,21.52,25,65.1,69,3.9,0
e1-100,binary,100,bot_38,3030,b,4,12.83,25,62,78,16,0
e1-100,binary,100,bot_38,3030,b,6,17.87,25,67.58,81,13.42,0
e1-100,binary,100,bot_38,3030,b,8,14.05,25,75.57,82,6.43,0
e1-100,binary,100,bot_38,3030,b,10,17.92,25,87.84,101,13.16,0
e1-100,binary,100,bot_38,3030,b,12,31.03,25,77.51,97,19.49,0
e1-100,binary,100,bot_38,3030,b,14,19.98,25,69.35,97,27.65,0
e1-100,binary,100,bot_38,3030,b,16,16.92,25,83.16,104,20.84,0
e1-100,binary,100,bot_38,3030,b,18,7.93,25,80.57,101,20.43,0
e1-100,binary,100,bot_38,3030,b,20,24.19,25,100.24,124,23.76,0
e1-100,binary,100,bot_38,3030,b,22,11.53,25,87.73,103,15.27,0
e1-100,binary,100,bot_38,3030,b,24,47.02,25,125.3,134,8.7,0
e1-100,binary,100,bot_38,3030,b,26,31.99,25,87.09,139,51.91,0
e1-100,binary,100,bot_38,3030,b,28,25.38,25,115.9,147,31.1,0
e1-100,binary,100,bot_38,3030,b,30,24.3,25,163.83,188,24.17,0
e1-100,binary,100,bot_38,3030,b,32,22.18,25,163.45,179,15.55,0
e1-100,binary,100,bot_38,3030,b,34,13.02,25,138.36,145,6.64,0
e1-100,binary,100,bot_38,3030,b,36,93.77,25,91.12,182,90.88,0
e1-100,binary,100,bot_38,3030,b,38,88.65,25,82.76,178,95.24,0
e1-100,binary,100,bot_38,3030,b,40,86.33,25,117.92,188,70.08,0
e1-100,binary,100,bot_38,3030,b,42,81.27,25,112.05,161,48.95,0
e1-100,binary,100,bot_38,3030,b,44,79.71,25,152.23,219,66.77,0
e1-100,binary,100,bot_38,3030,b,46,73.89,25,127.9,197,69.1,0
e1-100,binary,100,bot_38,3030,b,48,63.19,25,161.89,227,65.11,0
e1-100,binary,100,bot_38,3030,b,50,45.06,25,171.55,225,53.45,0
e1-100,binary,100,bot_38,3030,b,52,50.16,25,184.97,233,48.03,0
e1-100,binary,100,bot_38,3030,b,54,43.33,25,194.64,241,46.36,0
e1-100,binary,100,bot_38,3030,b,56,44.94,25,220.67,266,45.33,0
e1-100,binary,100,bot_38,3030,b,58,37.39,25,183.97,215,31.03,0
e1-100,binary,100,bot_38,3030,b,60,30.61,25,175.27,192,16.73,0
e1-100,binary,100,bot_39,3031,w,1,3.87,25,58.32,60,1.68,0
e1-100,binary,100,bot_39,3031,w,3,5.27,25,75.41,82,6.59,0
e1-100,binary,100,bot_39,3031,w,5,12.64,25,77.94,83,5.06,0
e1-100,binary,100,bot_39,3031,w,7,18.48,25,68.18,90,21.82,0
e1-100,binary,100,bot_39,3031,w,9,32.25,25,76.07,98,21.93,0
e1-100,binary,100,bot_39,3031,w,11,14.43,25,60.35,92,31.65,0
e1-100,binary,100,bot_39,3031,w,13,21.56,25,82.27,112,29.73,0
e1-100,binary,100,bot_39,3031,w,15,25.03,25,93.41,110,16.59,0
e1-100,binary,100,bot_39,3031,w,17,22.41,25,96.32,123,26.68,0
e1-100,binary,100,bot_39,3031,w,19,18.52,25,126.25,148,21.75,0
e1-100,binary,100,bot_39,3031,w,21,11.03,25,115.51,132,16.49,0
e1-100,binary,100,bot_39,3031,w,23,82.35,25,126.4,137,10.6,0
e1-100,binary,100,bot_39,3031,w,25,29.53,25,103.22,142,38.78,0
e1-100,binary,100,bot_39,3031,w,27,27.03,25,133.93,176,42.07,0
e1-100,binary,100,bot_39,3031,w,29,35.98,25,148.41,191,42.59,0
e1-100,binary,100,bot_39,3031,w,31,25.39,25,161.08,195,33.92,0
e1-100,binary,100,bot_39,3031,w,33,21.34,25,131.47,154,22.53,0
e1-100,binary,100,bot_39,3031,w,35,14.68,25,178.93,200,21.07,0
e1-100,binary,100,bot_39,3031,w,37,12.05,25,168.5,183,14.5,0
e1-100,binary,100,bot_39,3031,w,39,54.87,25,144.61,228,83.39,0
e1-100,binary,100,bot_39,3031,w,41,36.67,25,132.09,174,41.91,0
e1-100,binary,100,bot_39,3031,w,43,46.66,25,156.15,179,22.85,0
e1-100,binary,100,bot_40,3031,b,2,8.5,25,72.59,72,-0.59,0
e1-100,binary,100,bot_40,3031,b,4,6.58,25,71.87,75,3.13,0
e1-100,binary,100,bot_40,3031,b,6,22.57,25,74.15,84,9.85,0
e1-100,binary,100,bot_40,3031,b,8,23.3,25,75.38,91,15.62,0
e1-100,binary,100,bot_40,3031,b,10,33.72,25,73.75,104,30.25,0
e1-100,binary,100,bot_40,3031,b,12,31.38,25,91.27,102,10.73,0
e1-100,binary,100,bot_40,3031,b,14,16.9,25,68.08,87,18.92,0
e1-100,binary,100,bot_40,3031,b,16,28.7,25,80.46,103,22.54,0
e1-100,binary,100,bot_40,3031,b,18,23.62,25,93.31,114,20.69,0
e1-100,binary,100,bot_40,3031,b,20,17.43,25,115.17,131,15.83,0
e1-100,binary,100,bot_40,3031,b,22,11.88,25,94.32,103,8.68,0
e1-100,binary,100,bot_40,3031,b,24,40.32,25,61.16,140,78.84,0
e1-100,binary,100,bot_40,3031,b,26,43.7,25,127.46,155,27.54,0
e1-100,binary,100,bot_40,3031,b,28,44.91,25,113.59,139,25.41,0
e1-100,binary,100,bot_40,3031,b,30,35.46,25,154,187,33,0
e1-100,binary,100,bot_40,3031,b,32,23.38,25,143.77,166,22.23,0
e1-100,binary,100,bot_40,3031,b,34,22.74,25,151.29,169,17.71,0
e1-100,binary,100,bot_40,3031,b,36,17.31,25,171.13,183,11.87,0
e1-100,binary,100,bot_40,3031,b,38,96.42,25,160.31,170,9.69,0
e1-100,binary,100,bot_40,3031,b,40,54.18,25,161.37,201,39.63,0
e1-100,binary,100,bot_40,3031,b,42,35.46,25,144.78,168,23.22,0
e1-100,binary,100,bot_40,3031,b,44,42.5,25,197.12,229,31.88,0
e1-100,binary,100,bot_41,3032,w,1,14.98,25,63.11,71,7.89,0
e1-100,binary,100,bot_41,3032,w,3,7.3,25,66.81,76,9.19,0
e1-100,binary,100,bot_41,3032,w,5,10.06,25,76.5,83,6.5,0
e1-100,binary,100,bot_41,3032,w,7,6.93,25,81.68,83,1.32,0
e1-100,binary,100,bot_41,3032,w,9,9.61,25,95.57,102,6.43,0
e1-100,binary,100,bot_41,3032,w,11,15.07,25,93.62,102,8.38,0
e1-100,binary,100,bot_41,3032,w,13,9.82,25,79.81,88,8.19,0
e1-100,binary,100,bot_41,3032,w,15,6.49,25,91.9,105,13.1,0
e1-100,binary,100,bot_41,3032,w,17,5.62,25,98.42,106,7.58,0
e1-100,binary,100,bot_41,3032,w,19,47.25,25,85.08,140,54.92,0
e1-100,binary,100,bot_41,3032,w,21,36.09,25,67.72,97,29.28,0
e1-100,binary,100,bot_41,3032,w,23,26.79,25,101.32,135,33.68,0
e1-100,binary,100,bot_41,3032,w,25,12.6,25,107.13,143,35.87,0
e1-100,binary,100,bot_41,3032,w,27,78.02,25,81.46,152,70.54,0
e1-100,binary,100,bot_41,3032,w,29,75.26,25,114.04,192,77.96,0
e1-100,binary,100,bot_41,3032,w,31,53.39,25,112.3,190,77.7,0
e1-100,binary,100,bot_41,3032,w,33,68.63,25,105.1,157,51.9,0
e1-100,binary,100,bot_41,3032,w,35,57.94,25,127.88,175,47.13,0
e1-100,binary,100,bot_41,3032,w,37,54.38,25,120.61,177,56.39,0
e1-100,binary,100,bot_41,3032,w,39,46.45,25,157.72,194,36.28,0
e1-100,binary,100,bot_41,3032,w,41,39.04,25,154.4,184,29.6,0
e1-100,binary,100,bot_41,3032,w,43,37.66,25,194.66,233,38.34,0
e1-100,binary,100,bot_41,3032,w,45,37.24,25,166.98,195,28.02,0
e1-100,binary,100,bot_41,3032,w,47,18.01,25,206.98,235,28.02,0
e1-100,binary,100,bot_41,3032,w,49,86.98,25,139.76,235,95.24,0
e1-100,binary,100,bot_41,3032,w,51,69.94,25,159.2,237,77.8,0
e1-100,binary,100,bot_41,3032,w,53,65.7,25,181.49,242,60.51,0
e1-100,binary,100,bot_41,3032,w,55,59.31,25,200.65,266,65.35,0
e1-100,binary,100,bot_41,3032,w,57,36.96,25,207.96,232,24.04,0
e1-100,binary,100,bot_41,3032,w,59,64.83,25,200.99,221,20.01,0
e1-100,binary,100,bot_42,3032,b,2,12.16,25,65.63,75,9.37,0
e1-100,binary,100,bot_42,3032,b,4,8.87,25,72.54,75,2.46,0
e1-100,binary,100,bot_42,3032,b,6,3.15,25,61.19,64,2.81,0
e1-100,binary,100,bot_42,3032,b,8,8.2,25,93.83,95,1.17,0
e1-100,binary,100,bot_42,3032,b,10,11.21,25,99.68,104,4.32,0
e1-100,binary,100,bot_42,3032,b,12,10.89,25,99.45,109,9.55,0
e1-100,binary,100,bot_42,3032,b,14,15.39,25,83.35,87,3.65,0
e1-100,binary,100,bot_42,3032,b,16,10.18,25,129.83,131,1.17,0
e1-100,binary,100,bot_42,3032,b,18,56.7,25,141.96,142,0.04,0
e1-100,binary,100,bot_42,3032,b,20,31.94,25,97.54,138,40.46,0
e1-100,binary,100,bot_42,3032,b,22,35.29,25,100.68,130,29.32,0
e1-100,binary,100,bot_42,3032,b,24,38.29,25,101.74,124,22.26,0
e1-100,binary,100,bot_42,3032,b,26,72.74,25,176.95,183,6.05,0
e1-100,binary,100,bot_42,3032,b,28,80.42,25,103.56,176,72.44,0
e1-100,binary,100,bot_42,3032,b,30,80.09,25,107.99,179,71.01,0
e1-100,binary,100,bot_42,3032,b,32,54.17,25,98.87,146,47.13,0
e1-100,binary,100,bot_42,3032,b,34,49.67,25,146.79,210,63.21,0
e1-100,binary,100,bot_42,3032,b,36,60.43,25,122.24,175,52.76,0
e1-100,binary,100,bot_42,3032,b,38,38.08,25,161.29,210,48.71,0
e1-100,binary,100,bot_42,3032,b,40,30.33,25,152.85,195,42.15,0
e1-100,binary,100,bot_42,3032,b,42,40.17,25,143.5,178,34.5,0
e1-100,binary,100,bot_42,3032,b,44,30.29,25,198.17,230,31.83,0
e1-100,binary,100,bot_42,3032,b,46,29.47,25,201.04,234,32.96,0
e1-100,binary,100,bot_42,3032,b,48,97.3,25,216.23,229,12.77,0
e1-100,binary,100,bot_42,3032,b,50,79.89,25,132.69,215,82.31,0
e1-100,binary,100,bot_42,3032,b,52,62.67,25,174.22,240,65.78,0
e1-100,binary,100,bot_42,3032,b,54,67.18,25,203.17,264,60.83,0
e1-100,binary,100,bot_42,3032,b,56,26.78,25,218.59,273,54.41,0
e1-100,binary,100,bot_42,3032,b,58,21.8,25,171.34,204,32.66,0
e1-100,binary,100,bot_42,3032,b,60,59.14,25,138.48,195,56.52,0
e1-100,binary,100,bot_43,3033,w,1,0.91,25,59.57,61,1.43,0
e1-100,binary,100,bot_43,3033,w,3,5.66,25,72.46,76,3.54,0
e1-100,binary,100,bot_43,3033,w,5,21.59,25,75.18,84,8.82,0
e1-100,binary,100,bot_43,3033,w,7,21.48,25,77.62,93,15.38,0
e1-100,binary,100,bot_43,3033,w,9,32.95,25,74.31,104,29.69,0
e1-100,binary,100,bot_43,3033,w,11,29.9,25,92.75,104,11.25,0
e1-100,binary,100,bot_43,3033,w,13,15.82,25,69.08,86,16.92,0
e1-100,binary,100,bot_43,3033,w,15,26.92,25,82.25,101,18.75,0
e1-100,binary,100,bot_43,3033,w,17,22.3,25,94.72,111,16.28,0
e1-100,binary,100,bot_43,3033,w,19,16.4,25,116.12,129,12.88,0
e1-100,binary,100,bot_43,3033,w,21,83.85,25,97.12,103,5.88,0
e1-100,binary,100,bot_43,3033,w,23,38.35,25,62.61,128,65.39,0
e1-100,binary,100,bot_43,3033,w,25,40.61,25,130.4,157,26.6,0
e1-100,binary,100,bot_43,3033,w,27,40.89,25,117.63,141,23.37,0
e1-100,binary,100,bot_43,3033,w,29,30.96,25,158.55,192,33.45,0
e1-100,binary,100,bot_43,3033,w,31,21.43,25,145.76,168,22.24,0
e1-100,binary,100,bot_43,3033,w,33,20.97,25,153.14,173,19.86,0
e1-100,binary,100,bot_43,3033,w,35,15.38,25,173.06,185,11.94,0
e1-100,binary,100,bot_43,3033,w,37,77.46,25,125.53,188,62.47,0
e1-100,binary,100,bot_43,3033,w,39,50.67,25,164.92,205,40.08,0
e1-100,binary,100,bot_43,3033,w,41,33.51,25,146.9,170,23.1,0
e1-100,binary,100,bot_43,3033,w,43,41.34,25,198.47,232,33.53,0
e1-100,binary,100,bot_43,3033,w,45,30.43,25,190.63,204,13.37,0
e1-100,binary,100,bot_43,3033,w,47,23.29,25,198.01,211,12.99,0
e1-100,binary,100,bot_43,3033,w,49,17.36,25,209.54,225,15.46,0
e1-100,binary,100,bot_43,3033,w,51,150.88,25,216.72,219,2.28,0
e1-100,binary,100,bot_43,3033,w,53,148.24,25,109.85,240,130.15,0
e1-100,binary,100,bot_43,3033,w,55,146.98,25,133.87,257,123.13,0
e1-100,binary,100,bot_43,3033,w,57,112.6,25,120.7,240,119.3,0
e1-100,binary,100,bot_43,3033,w,59,16.44,25,208.62,217,8.38,0
e1-100,binary,100,bot_44,3033,b,2,4.74,25,75.92,75,-0.92,0
e1-100,binary,100,bot_44,3033,b,4,10.18,25,80.21,84,3.79,0
e1-100,binary,100,bot_44,3033,b,6,17.32,25,69.39,89,19.61,0
e1-100,binary,100,bot_44,3033,b,8,30.5,25,77.62,97,19.38,0
e1-100,binary,100,bot_44,3033,b,10,12.46,25,61.78,92,30.22,0
e1-100,binary,100,bot_44,3033,b,12,19.29,25,85,113,28,0
e1-100,binary,100,bot_44,3033,b,14,18.62,25,99.93,114,14.07,0
e1-100,binary,100,bot_44,3033,b,16,17.59,25,101.07,126,24.93,0
e1-100,binary,100,bot_44,3033,b,18,14.3,25,130.38,151,20.63,0
e1-100,binary,100,bot_44,3033,b,20,7.54,25,118.86,134,15.14,0
e1-100,binary,100,bot_44,3033,b,22,67.91,25,66.41,149,82.59,0
e1-100,binary,100,bot_44,3033,b,24,27.17,25,105.92,143,37.08,0
e1-100,binary,100,bot_44,3033,b,26,25.24,25,136.06,174,37.94,0
e1-100,binary,100,bot_44,3033,b,28,33.82,25,150.5,190,39.5,0
e1-100,binary,100,bot_44,3033,b,30,23.25,25,163.06,192,28.94,0
e1-100,binary,100,bot_44,3033,b,32,21.16,25,131.25,151,19.75,0
e1-100,binary,100,bot_44,3033,b,34,12.68,25,180.55,199,18.45,0
e1-100,binary,100,bot_44,3033,b,36,63.86,25,170.59,184,13.41,0
e1-100,binary,100,bot_44,3033,b,38,53.61,25,145.89,211,65.11,0
e1-100,binary,100,bot_44,3033,b,40,35.03,25,133.44,172,38.56,0
e1-100,binary,100,bot_44,3033,b,42,46.61,25,156.02,177,20.98,0
e1-100,binary,100,bot_44,3033,b,44,26.16,25,182.62,211,28.38,0
e1-100,binary,100,bot_44,3033,b,46,27.3,25,204.44,222,17.56,0
e1-100,binary,100,bot_44,3033,b,48,29.12,25,203.75,215,11.25,0
e1-100,binary,100,bot_44,3033,b,50,15.53,25,196.25,200,3.75,0
e1-100,binary,100,bot_44,3033,b,52,142.9,25,97.9,236,138.1,0
e1-100,binary,100,bot_44,3033,b,54,136.56,25,129.47,265,135.53,0
e1-100,binary,100,bot_44,3033,b,56,133.16,25,88.7,223,134.3,0
e1-100,binary,100,bot_44,3033,b,58,20.74,25,73.99,175,101.01,0
e1-100,binary,100,bot_44,3033,b,60,28.37,25,167.36,171,3.64,0
e1-100,binary,100,bot_45,3034,w,1,3.44,25,72.25,61,-11.25,0
e1-100,binary,100,bot_45,3034,w,3,8.51,25,81.81,74,-7.81,0
e1-100,binary,100,bot_45,3034,w,5,16.35,25,70.37,79,8.63,0
e1-100,binary,100,bot_45,3034,w,7,27.84,25,80.32,88,7.68,0
e1-100,binary,100,bot_45,3034,w,9,10.35,25,63.87,83,19.13,0
e1-100,binary,100,bot_45,3034,w,11,17.92,25,86.39,102,15.61,0
e1-100,binary,100,bot_45,3034,w,13,14.93,25,103.57,105,1.43,0
e1-100,binary,100,bot_45,3034,w,15,15.77,25,102.77,113,10.23,0
e1-100,binary,100,bot_45,3034,w,17,11.74,25,132.85,141,8.15,0
e1-100,binary,100,bot_45,3034,w,19,27.76,25,120.22,120,-0.22,0
e1-100,binary,100,bot_45,3034,w,21,63.08,25,70.95,129,58.05,0
e1-100,binary,100,bot_45,3034,w,23,25.03,25,108.03,129,20.97,0
e1-100,binary,100,bot_45,3034,w,25,23.16,25,138.3,162,23.7,0
e1-100,binary,100,bot_45,3034,w,27,30.21,25,153.69,179,25.31,0
e1-100,binary,100,bot_45,3034,w,29,19.76,25,166.35,177,10.65,0
e1-100,binary,100,bot_45,3034,w,31,17.55,25,134.66,143,8.34,0
e1-100,binary,100,bot_45,3034,w,33,75.92,25,183.27,189,5.73,0
e1-100,binary,100,bot_45,3034,w,35,50.88,25,124.55,170,45.45,0
e1-100,binary,100,bot_45,3034,w,37,50.59,25,148.93,203,54.07,0
e1-100,binary,100,bot_45,3034,w,39,32.27,25,136.15,163,26.85,0
e1-100,binary,100,bot_45,3034,w,41,43.88,25,158.78,171,12.22,0
e1-100,binary,100,bot_45,3034,w,43,24.54,25,184.2,204,19.8,0
e1-100,binary,100,bot_45,3034,w,45,24.38,25,207.42,216,8.58,0
e1-100,binary,100,bot_45,3034,w,47,25.81,25,207.12,208,0.88,0
e1-100,binary,100,bot_45,3034,w,49,134.84,25,199.47,195,-4.47,0
e1-100,binary,100,bot_45,3034,w,51,139.79,25,100.3,217,116.7,0
e1-100,binary,100,bot_45,3034,w,53,132.98,25,133.06,258,124.94,0
e1-100,binary,100,bot_45,3034,w,55,131.24,25,90.66,216,125.34,0
e1-100,binary,100,bot_45,3034,w,57,19.45,25,75.34,166,90.66,0
e1-100,binary,100,bot_45,3034,w,59,27.31,25,168.36,164,-4.36,0
e1-100,binary,100,bot_46,3034,b,2,4.25,25,73.83,78,4.17,0
e1-100,binary,100,bot_46,3034,b,4,20.8,25,76.16,83,6.84,0
e1-100,binary,100,bot_46,3034,b,6,20.51,25,78.57,93,14.43,0
e1-100,binary,100,bot_46,3034,b,8,30.94,25,76.04,103,26.96,0
e1-100,binary,100,bot_46,3034,b,10,27.91,25,94.86,103,8.14,0
e1-100,binary,100,bot_46,3034,b,12,13.49,25,70.94,87,16.06,0
e1-100,binary,100,bot_46,3034,b,14,23.54,25,85.88,100,14.12,0
e1-100,binary,100,bot_46,3034,b,16,20.4,25,97.04,112,14.96,0
e1-100,binary,100,bot_46,3034,b,18,12.68,25,119.85,130,10.15,0
e1-100,binary,100,bot_46,3034,b,20,70.41,25,89.31,116,26.69,0
e1-100,binary,100,bot_46,3034,b,22,33.8,25,67.38,128,60.62,0
e1-100,binary,100,bot_46,3034,b,24,35.37,25,135.21,159,23.79,0
e1-100,binary,100,bot_46,3034,b,26,37.21,25,121.88,144,22.12,0
e1-100,binary,100,bot_46,3034,b,28,24.31,25,165.53,195,29.47,0
e1-100,binary,100,bot_46,3034,b,30,20.01,25,147.16,166,18.84,0
e1-100,binary,100,bot_46,3034,b,32,17.82,25,156.79,173,16.21,0
e1-100,binary,100,bot_46,3034,b,34,57.88,25,123.8,198,74.2,0
e1-100,binary,100,bot_46,3034,b,36,75.22,25,127.09,177,49.91,0
e1-100,binary,100,bot_46,3034,b,38,48.09,25,167.54,203,35.46,0
e1-100,binary,100,bot_46,3034,b,40,32.74,25,147.88,167,19.12,0
e1-100,binary,100,bot_46,3034,b,42,40.46,25,199.32,229,29.68,0
e1-100,binary,100,bot_46,3034,b,44,29.04,25,192.09,203,10.91,0
e1-100,binary,100,bot_46,3034,b,46,22.33,25,198.86,210,11.14,0
e1-100,binary,100,bot_46,3034,b,48,16.17,25,210.59,223,12.41,0
e1-100,binary,100,bot_46,3034,b,50,137.4,25,108.35,229,120.65,0
e1-100,binary,100,bot_46,3034,b,52,146.17,25,111.78,237,125.22,0
e1-100,binary,100,bot_46,3034,b,54,145.68,25,135.04,253,117.96,0
e1-100,binary,100,bot_46,3034,b,56,111.27,25,121.7,239,117.3,0
e1-100,binary,100,bot_46,3034,b,58,15.93,25,209.13,215,5.88,0
e1-100,binary,100,bot_46,3034,b,60,34.5,25,136.25,148,11.75,0
e1-100,binary,100,bot_47,3035,w,1,7.79,25,70.56,80,9.44,0
e1-100,binary,100,bot_47,3035,w,3,23.57,25,72.91,86,13.09,0
e1-100,binary,100,bot_47,3035,w,5,24.7,25,73.72,92,18.28,0
e1-100,binary,100,bot_47,3035,w,7,36.44,25,69.73,105,35.27,0
e1-100,binary,100,bot_47,3035,w,9,36.19,25,86.34,102,15.66,0
e1-100,binary,100,bot_47,3035,w,11,19.21,25,65.63,92,26.37,0
e1-100,binary,100,bot_47,3035,w,13,33.04,25,75.74,105,29.26,0
e1-100,binary,100,bot_47,3035,w,15,28.36,25,87.98,114,26.02,0
e1-100,binary,100,bot_47,3035,w,17,21.87,25,110.47,132,21.53,0
e1-100,binary,100,bot_47,3035,w,19,21.81,25,83.37,96,12.63,0
e1-100,binary,100,bot_47,3035,w,21,11.34,25,116.27,132,15.73,0
e1-100,binary,100,bot_47,3035,w,23,57.31,25,114.93,167,52.07,0
e1-100,binary,100,bot_47,3035,w,25,52.41,25,106,137,31,0
e1-100,binary,100,bot_47,3035,w,27,46.47,25,142.67,184,41.33,0
e1-100,binary,100,bot_47,3035,w,29,29.77,25,137.55,172,34.45,0
e1-100,binary,100,bot_47,3035,w,31,31.67,25,142.91,171,28.09,0
e1-100,binary,100,bot_47,3035,w,33,24.96,25,163.27,182,18.73,0
e1-100,binary,100,bot_47,3035,w,35,24.12,25,152.81,172,19.19,0
e1-100,binary,100,bot_47,3035,w,37,98.36,25,194.68,204,9.32,0
e1-100,binary,100,bot_47,3035,w,39,56.84,25,121.07,193,71.93,0
e1-100,binary,100,bot_47,3035,w,41,73.17,25,165.45,231,65.55,0
e1-100,binary,100,bot_47,3035,w,43,67.7,25,151.86,211,59.14,0
e1-100,binary,100,bot_47,3035,w,45,54.59,25,165.67,233,67.33,0
e1-100,binary,100,bot_47,3035,w,47,55.28,25,171.44,227,55.56,0
e1-100,binary,100,bot_47,3035,w,49,40.52,25,188.79,238,49.21,0
e1-100,binary,100,bot_47,3035,w,51,35.08,25,212.2,244,31.8,0
e1-100,binary,100,bot_47,3035,w,53,27.58,25,234.56,267,32.44,0
e1-100,binary,100,bot_47,3035,w,55,144.28,25,237.4,242,4.6,0
e1-100,binary,100,bot_47,3035,w,57,37.45,25,192.03,227,34.97,0
e1-100,binary,100,bot_47,3035,w,59,31.58,25,139.39,156,16.61,0
e1-100,binary,100,bot_48,3035,b,2,13.97,25,76.72,74,-2.72,0
e1-100,binary,100,bot_48,3035,b,4,19.54,25,67.14,80,12.86,0
e1-100,binary,100,bot_48,3035,b,6,36.65,25,71.43,85,13.57,0
e1-100,binary,100,bot_48,3035,b,8,16.82,25,59.01,84,24.99,0
e1-100,binary,100,bot_48,3035,b,10,26.98,25,76.81,102,25.19,0
e1-100,binary,100,bot_48,3035,b,12,30.38,25,88.38,97,8.62,0
e1-100,binary,100,bot_48,3035,b,14,25.72,25,93.1,114,20.9,0
e1-100,binary,100,bot_48,3035,b,16,23.18,25,121.78,140,18.22,0
e1-100,binary,100,bot_48,3035,b,18,13.63,25,113.04,124,10.96,0
e1-100,binary,100,bot_48,3035,b,20,17.52,25,118.86,130,11.14,0
e1-100,binary,100,bot_48,3035,b,22,54.57,25,124.21,125,0.79,0
e1-100,binary,100,bot_48,3035,b,24,33.35,25,127.21,173,45.79,0
e1-100,binary,100,bot_48,3035,b,26,42.07,25,142.46,184,41.54,0
e1-100,binary,100,bot_48,3035,b,28,35.17,25,151.34,187,35.66,0
e1-100,binary,100,bot_48,3035,b,30,30.3,25,121.82,140,18.18,0
e1-100,binary,100,bot_48,3035,b,32,19.31,25,174.98,195,20.02,0
e1-100,binary,100,bot_48,3035,b,34,20.93,25,159.69,174,14.31,0
e1-100,binary,100,bot_48,3035,b,36,12.09,25,185.16,200,14.84,0
e1-100,binary,100,bot_48,3035,b,38,75.15,25,95.96,185,89.04,0
e1-100,binary,100,bot_48,3035,b,40,68.93,25,133.78,181,47.22,0
e1-100,binary,100,bot_48,3035,b,42,60.26,25,151.69,215,63.31,0
e1-100,binary,100,bot_48,3035,b,44,69.7,25,162.02,219,56.98,0
e1-100,binary,100,bot_48,3035,b,46,59.24,25,174.13,220,45.87,0
e1-100,binary,100,bot_48,3035,b,48,52.52,25,159.55,205,45.45,0
e1-100,binary,100,bot_48,3035,b,50,34.59,25,200.69,232,31.31,0
e1-100,binary,100,bot_48,3035,b,52,34.94,25,234.65,260,25.35,0
e1-100,binary,100,bot_48,3035,b,54,7.88,25,234.92,252,17.08,0
e1-100,binary,100,bot_48,3035,b,56,37.22,25,58.19,193,134.81,0
e1-100,binary,100,bot_48,3035,b,58,23.78,25,171.73,197,25.27,0
e1-100,binary,100,bot_48,3035,b,60,29.57,25,164.24,185,20.76,0
e1-100,binary,100,bot_49,3036,w,1,16.79,25,74.56,82,7.44,0
e1-100,binary,100,bot_49,3036,w,3,20.73,25,65.89,90,24.11,0
e1-100,binary,100,bot_49,3036,w,5,37.25,25,71.06,95,23.94,0
e1-100,binary,100,bot_49,3036,w,7,18.83,25,57.42,92,34.58,0
e1-100,binary,100,bot_49,3036,w,9,28.46,25,75.41,112,36.59,0
e1-100,binary,100,bot_49,3036,w,11,31.86,25,86.84,106,19.16,0
e1-100,binary,100,bot_49,3036,w,13,26.47,25,92.64,123,30.36,0
e1-100,binary,100,bot_49,3036,w,15,23.8,25,121.52,150,28.48,0
e1-100,binary,100,bot_49,3036,w,17,14.78,25,112.74,134,21.26,0
e1-100,binary,100,bot_49,3036,w,19,14.41,25,121.9,139,17.1,0
e1-100,binary,100,bot_49,3036,w,21,36.59,25,96.15,150,53.85,0
e1-100,binary,100,bot_49,3036,w,23,32.09,25,128.49,179,50.51,0
e1-100,binary,100,bot_49,3036,w,25,41.42,25,143.04,191,47.96,0
e1-100,binary,100,bot_49,3036,w,27,33.27,25,153.21,195,41.79,0
e1-100,binary,100,bot_49,3036,w,29,28.93,25,123.16,149,25.84,0
e1-100,binary,100,bot_49,3036,w,31,17.31,25,176.84,202,25.16,0
e1-100,binary,100,bot_49,3036,w,33,17.89,25,162.7,184,21.3,0
e1-100,binary,100,bot_49,3036,w,35,88.59,25,186.05,204,17.95,0
e1-100,binary,100,bot_49,3036,w,37,73.48,25,97.37,179,81.63,0
e1-100,binary,100,bot_49,3036,w,39,65.11,25,137.67,191,53.33,0
e1-100,binary,100,bot_49,3036,w,41,56.77,25,155.12,222,66.88,0
e1-100,binary,100,bot_49,3036,w,43,63.75,25,167.93,230,62.07,0
e1-100,binary,100,bot_49,3036,w,45,55.41,25,178.02,227,48.98,0
e1-100,binary,100,bot_49,3036,w,47,51,25,161.06,211,49.94,0
e1-100,binary,100,bot_49,3036,w,49,33.13,25,202.07,239,36.93,0
e1-100,binary,100,bot_49,3036,w,51,32.49,25,237.07,266,28.93,0
e1-100,binary,100,bot_49,3036,w,53,155.37,25,234.69,255,20.31,0
e1-100,binary,100,bot_49,3036,w,55,35.38,25,59.39,187,127.61,0
e1-100,binary,100,bot_49,3036,w,57,21.45,25,173.98,199,25.02,0
e1-100,binary,100,bot_49,3036,w,59,27.27,25,166.58,187,20.42,0
e1-100,binary,100,bot_50,3036,b,2,26.52,25,69.71,73,3.29,0
e1-100,binary,100,bot_50,3036,b,4,26.34,25,72.4,79,6.6,0
e1-100,binary,100,bot_50,3036,b,6,37.38,25,68.57,92,23.43,0
e1-100,binary,100,bot_50,3036,b,8,37.32,25,85.19,90,4.81,0
e1-100,binary,100,bot_50,3036,b,10,20.73,25,64.13,79,14.88,0
e1-100,binary,100,bot_50,3036,b,12,33.14,25,75.59,93,17.41,0
e1-100,binary,100,bot_50,3036,b,14,31.24,25,84.91,98,13.09,0
e1-100,binary,100,bot_50,3036,b,16,23.86,25,108.45,118,9.55,0
e1-100,binary,100,bot_50,3036,b,18,19.06,25,86.56,87,0.44,0
e1-100,binary,100,bot_50,3036,b,20,55.29,25,118.61,119,0.39,0
e1-100,binary,100,bot_50,3036,b,22,52.66,25,118.95,142,23.05,0
e1-100,binary,100,bot_50,3036,b,24,50.3,25,108.21,126,17.79,0
e1-100,binary,100,bot_50,3036,b,26,43.41,25,145.93,173,27.07,0
e1-100,binary,100,bot_50,3036,b,28,27.7,25,139.53,159,19.47,0
e1-100,binary,100,bot_50,3036,b,30,27.83,25,145.94,162,16.06,0
e1-100,binary,100,bot_50,3036,b,32,22.73,25,165.66,169,3.34,0
e1-100,binary,100,bot_50,3036,b,34,21.08,25,156.18,161,4.82,0
e1-100,binary,100,bot_50,3036,b,36,85.49,25,130.63,208,77.37,0
e1-100,binary,100,bot_50,3036,b,38,55.99,25,122.14,184,61.86,0
e1-100,binary,100,bot_50,3036,b,40,70.22,25,168.39,222,53.61,0
e1-100,binary,100,bot_50,3036,b,42,65.66,25,154.09,200,45.91,0
e1-100,binary,100,bot_50,3036,b,44,51.93,25,168.66,221,52.34,0
e1-100,binary,100,bot_50,3036,b,46,52.71,25,174,217,43,0
e1-100,binary,100,bot_50,3036,b,48,40.6,25,188.62,227,38.38,0
e1-100,binary,100,bot_50,3036,b,50,31.97,25,215.49,238,22.51,0
e1-100,binary,100,bot_50,3036,b,52,24.73,25,238.69,260,21.31,0
e1-100,binary,100,bot_50,3036,b,54,131.13,25,103.25,247,143.75,0
e1-100,binary,100,bot_50,3036,b,56,32.93,25,196.57,222,25.43,0
e1-100,binary,100,bot_50,3036,b,58,27.39,25,143.66,151,7.34,0
e1-100,binary,100,bot_50,3036,b,60,23.34,25,200.46,213,12.54,0
e1-100,binary,100,bot_51,3037,w,1,7.29,25,77.8,74,-3.8,0
e1-100,binary,100,bot_51,3037,w,3,15.91,25,70.83,86,15.17,0
e1-100,binary,100,bot_51,3037,w,5,26.53,25,81.59,96,14.41,0
e1-100,binary,100,bot_51,3037,w,7,9.67,25,64.51,87,22.49,0
e1-100,binary,100,bot_51,3037,w,9,16.73,25,87.55,109,21.45,0
e1-100,binary,100,bot_51,3037,w,11,14.38,25,104.05,111,6.95,0
e1-100,binary,100,bot_51,3037,w,13,14.59,25,103.75,121,17.25,0
e1-100,binary,100,bot_51,3037,w,15,9.77,25,134.68,149,14.32,0
e1-100,binary,100,bot_51,3037,w,17,20.51,25,57.98,132,74.02,0
e1-100,binary,100,bot_51,3037,w,19,62.15,25,71.83,133,61.17,0
e1-100,binary,100,bot_51,3037,w,21,23.52,25,109.42,135,25.58,0
e1-100,binary,100,bot_51,3037,w,23,21.87,25,139.7,166,26.3,0
e1-100,binary,100,bot_51,3037,w,25,27.98,25,155.9,184,28.1,0
e1-100,binary,100,bot_51,3037,w,27,16.99,25,168.98,185,16.02,0
e1-100,binary,100,bot_51,3037,w,29,13.8,25,138.29,151,12.71,0
e1-100,binary,100,bot_51,3037,w,31,64.25,25,105.5,204,98.5,0
e1-100,binary,100,bot_51,3037,w,33,49.02,25,127.04,178,50.96,0
e1-100,binary,100,bot_51,3037,w,35,48.22,25,151.33,208,56.67,0
e1-100,binary,100,bot_51,3037,w,37,29.72,25,138.51,166,27.49,0
e1-100,binary,100,bot_51,3037,w,39,40.92,25,161.74,175,13.26,0
e1-100,binary,100,bot_51,3037,w,41,21.73,25,186.91,208,21.09,0
e1-100,binary,100,bot_51,3037,w,43,20.52,25,211.39,222,10.61,0
e1-100,binary,100,bot_51,3037,w,45,21.18,25,211.87,216,4.13,0
e1-100,binary,100,bot_51,3037,w,47,118.31,25,118.54,214,95.46,0
e1-100,binary,100,bot_51,3037,w,49,135.7,25,104.35,222,117.65,0
e1-100,binary,100,bot_51,3037,w,51,129.1,25,136.98,264,127.02,0
e1-100,binary,100,bot_51,3037,w,53,128.85,25,93.09,219,125.91,0
e1-100,binary,100,bot_51,3037,w,55,16.19,25,78.87,170,91.13,0
e1-100,binary,100,bot_51,3037,w,57,19.26,25,176.01,175,-1.01,0
e1-100,binary,100,bot_51,3037,w,59,25.14,25,168.8,178,9.2,0
e1-100,binary,100,bot_52,3037,b,2,20.23,25,76.77,83,6.23,0
e1-100,binary,100,bot_52,3037,b,4,19.79,25,79.18,93,13.82,0
e1-100,binary,100,bot_52,3037,b,6,29.06,25,77.95,103,25.05,0
e1-100,binary,100,bot_52,3037,b,8,27.13,25,95.7,103,7.3,0
e1-100,binary,100,bot_52,3037,b,10,12.28,25,72.13,87,14.87,0
e1-100,binary,100,bot_52,3037,b,12,21.83,25,87.77,100,12.23,0
e1-100,binary,100,bot_52,3037,b,14,19.22,25,98.53,112,13.47,0
e1-100,binary,100,bot_52,3037,b,16,79.65,25,122.63,131,8.37,0
e1-100,binary,100,bot_52,3037,b,18,66.53,25,92.98,112,19.02,0
e1-100,binary,100,bot_52,3037,b,20,30.63,25,70.78,131,60.22,0
e1-100,binary,100,bot_52,3037,b,22,32.78,25,137.65,160,22.35,0
e1-100,binary,100,bot_52,3037,b,24,33.47,25,125.64,147,21.36,0
e1-100,binary,100,bot_52,3037,b,26,21.08,25,168.87,194,25.13,0
e1-100,binary,100,bot_52,3037,b,28,17.48,25,149.57,165,15.43,0
e1-100,binary,100,bot_52,3037,b,30,104.57,25,160.27,172,11.73,0
e1-100,binary,100,bot_52,3037,b,32,57.91,25,123.11,186,62.89,0
e1-100,binary,100,bot_52,3037,b,34,72.99,25,128.69,175,46.31,0
e1-100,binary,100,bot_52,3037,b,36,43.68,25,172.05,206,33.95,0
e1-100,binary,100,bot_52,3037,b,38,30.45,25,150.38,166,15.62,0
e1-100,binary,100,bot_52,3037,b,40,37.8,25,201.98,230,28.02,0
e1-100,binary,100,bot_52,3037,b,42,26.51,25,194.73,203,8.27,0
e1-100,binary,100,bot_52,3037,b,44,19.6,25,201.58,208,6.42,0
e1-100,binary,100,bot_52,3037,b,46,111.92,25,213.14,220,6.86,0
e1-100,binary,100,bot_52,3037,b,48,133.65,25,111.6,216,104.4,0
e1-100,binary,100,bot_52,3037,b,50,142.12,25,115.76,238,122.24,0
e1-100,binary,100,bot_52,3037,b,52,141.48,25,139.25,255,115.75,0
e1-100,binary,100,bot_52,3037,b,54,107.12,25,125.58,240,114.42,0
e1-100,binary,100,bot_52,3037,b,56,14.33,25,211.15,213,1.85,0
e1-100,binary,100,bot_52,3037,b,58,24.5,25,146.59,150,3.41,0
e1-100,binary,100,bot_52,3037,b,60,20.87,25,202.96,214,11.04,0
e1-100,binary,100,bot_53,3038,w,1,3.65,25,71.75,71,-0.75,0
e1-100,binary,100,bot_53,3038,w,3,33.59,25,79.21,86,6.79,0
e1-100,binary,100,bot_53,3038,w,5,25.59,25,79.82,106,26.18,0
e1-100,binary,100,bot_53,3038,w,7,43.39,25,66.22,94,27.78,0
e1-100,binary,100,bot_53,3038,w,9,29.66,25,59.74,106,46.26,0
e1-100,binary,100,bot_53,3038,w,11,27.41,25,76.4,107,30.6,0
e1-100,binary,100,bot_53,3038,w,13,24.74,25,64.81,103,38.19,0
e1-100,binary,100,bot_53,3038,w,15,37.36,25,87.9,139,51.1,0
e1-100,binary,100,bot_53,3038,w,17,21.74,25,77.88,117,39.12,0
e1-100,binary,100,bot_53,3038,w,19,29.08,25,104.52,128,23.48,0
e1-100,binary,100,bot_53,3038,w,21,47.37,25,72.52,138,65.48,0
e1-100,binary,100,bot_53,3038,w,23,39.41,25,103.49,162,58.51,0
e1-100,binary,100,bot_53,3038,w,25,47.02,25,142.1,195,52.9,0
e1-100,binary,100,bot_53,3038,w,27,37.72,25,146.92,191,44.08,0
e1-100,binary,100,bot_53,3038,w,29,25.95,25,125.08,152,26.92,0
e1-100,binary,100,bot_53,3038,w,31,29.93,25,134.11,187,52.89,0
e1-100,binary,100,bot_53,3038,w,33,14.44,25,161.72,187,25.28,0
e1-100,binary,100,bot_53,3038,w,35,43.47,25,156.09,161,4.91,0
e1-100,binary,100,bot_53,3038,w,37,25.1,25,142.94,171,28.06,0
e1-100,binary,100,bot_53,3038,w,39,36.74,25,165.91,182,16.09,0
e1-100,binary,100,bot_53,3038,w,41,18.66,25,189.85,211,21.15,0
e1-100,binary,100,bot_53,3038,w,43,17.75,25,214.07,224,9.93,0
e1-100,binary,100,bot_53,3038,w,45,17.37,25,215.81,220,4.19,0
e1-100,binary,100,bot_53,3038,w,47,113.77,25,123.45,222,98.55,0
e1-100,binary,100,bot_53,3038,w,49,131.42,25,108.61,226,117.39,0
e1-100,binary,100,bot_53,3038,w,51,125.73,25,140.37,266,125.63,0
e1-100,binary,100,bot_53,3038,w,53,126.93,25,94.98,221,126.02,0
e1-100,binary,100,bot_53,3038,w,55,11.12,25,84.12,177,92.88,0
e1-100,binary,100,bot_53,3038,w,57,15.27,25,179.88,178,-1.88,0
e1-100,binary,100,bot_53,3038,w,59,21.95,25,172.16,179,6.84,0
e1-100,binary,100,bot_54,3038,b,2,9.57,25,77.66,80,2.34,0
e1-100,binary,100,bot_54,3038,b,4,29.74,25,72.03,105,32.97,0
e1-100,binary,100,bot_54,3038,b,6,28.95,25,82.86,107,24.14,0
e1-100,binary,100,bot_54,3038,b,8,48.77,25,61.44,103,41.56,0
e1-100,binary,100,bot_54,3038,b,10,33.2,25,59.85,87,27.15,0
e1-100,binary,100,bot_54,3038,b,12,41.41,25,98.29,125,26.71,0
e1-100,binary,100,bot_54,3038,b,14,52.89,25,115.55,139,23.45,0
e1-100,binary,100,bot_54,3038,b,16,41.17,25,99.35,135,35.65,0
e1-100,binary,100,bot_54,3038,b,18,26.61,25,108.73,130,21.27,0
e1-100,binary,100,bot_54,3038,b,20,67.39,25,109.63,137,27.37,0
e1-100,binary,100,bot_54,3038,b,22,59.98,25,129.23,175,45.77,0
e1-100,binary,100,bot_54,3038,b,24,53.92,25,119.33,156,36.67,0
e1-100,binary,100,bot_54,3038,b,26,45.77,25,136.51,182,45.49,0
e1-100,binary,100,bot_54,3038,b,28,27.59,25,126.81,163,36.19,0
e1-100,binary,100,bot_54,3038,b,30,55.57,25,159.12,183,23.88,0
e1-100,binary,100,bot_54,3038,b,32,27.02,25,153.54,182,28.46,0
e1-100,binary,100,bot_54,3038,b,34,18.12,25,176.96,191,14.04,0
e1-100,binary,100,bot_54,3038,b,36,41.33,25,174.3,204,29.7,0
e1-100,binary,100,bot_54,3038,b,38,28.91,25,152.05,163,10.95,0
e1-100,binary,100,bot_54,3038,b,40,35.2,25,204.58,227,22.42,0
e1-100,binary,100,bot_54,3038,b,42,22.85,25,198.54,205,6.46,0
e1-100,binary,100,bot_54,3038,b,44,16.75,25,204.56,209,4.44,0
e1-100,binary,100,bot_54,3038,b,46,111.6,25,213.21,218,4.79,0
e1-100,binary,100,bot_54,3038,b,48,130.84,25,114.2,216,101.8,0
e1-100,binary,100,bot_54,3038,b,50,139.34,25,118.39,238,119.61,0
e1-100,binary,100,bot_54,3038,b,52,138.81,25,141.87,255,113.13,0
e1-100,binary,100,bot_54,3038,b,54,104.93,25,127.59,241,113.41,0
e1-100,binary,100,bot_54,3038,b,56,12.92,25,212.41,210,-2.41,0
e1-100,binary,100,bot_54,3038,b,58,21.91,25,149.16,149,-0.16,0
e1-100,binary,100,bot_54,3038,b,60,17.63,25,206.23,214,7.77,0
e1-100,binary,100,bot_55,3039,w,1,17.63,25,78.97,70,-8.97,0
e1-100,binary,100,bot_55,3039,w,3,28.29,25,72.53,87,14.47,0
e1-100,binary,100,bot_55,3039,w,5,29.39,25,82.61,96,13.39,0
e1-100,binary,100,bot_55,3039,w,7,50.27,25,59.58,93,33.42,0
e1-100,binary,100,bot_55,3039,w,9,35.33,25,56.62,74,17.38,0
e1-100,binary,100,bot_55,3039,w,11,44.31,25,95.08,113,17.92,0
e1-100,binary,100,bot_55,3039,w,13,55.06,25,113,127,14,0
e1-100,binary,100,bot_55,3039,w,15,41.94,25,98.48,127,28.52,0
e1-100,binary,100,bot_55,3039,w,17,27.84,25,107.77,120,12.23,0
e1-100,binary,100,bot_55,3039,w,19,67.98,25,108.8,129,20.2,0
e1-100,binary,100,bot_55,3039,w,21,61.13,25,128.11,166,37.89,0
e1-100,binary,100,bot_55,3039,w,23,55.43,25,117.59,147,29.41,0
e1-100,binary,100,bot_55,3039,w,25,46.98,25,135.98,174,38.02,0
e1-100,binary,100,bot_55,3039,w,27,29.27,25,125.28,153,27.72,0
e1-100,binary,100,bot_55,3039,w,29,57.05,25,157.12,173,15.88,0
e1-100,binary,100,bot_55,3039,w,31,28.16,25,152.5,172,19.5,0
e1-100,binary,100,bot_55,3039,w,33,21.88,25,174.09,180,5.91,0
e1-100,binary,100,bot_55,3039,w,35,37.27,25,178.39,198,19.61,0
e1-100,binary,100,bot_55,3039,w,37,26.5,25,154.58,156,1.42,0
e1-100,binary,100,bot_55,3039,w,39,31.66,25,208.18,220,11.82,0
e1-100,binary,100,bot_55,3039,w,41,20.25,25,201.2,196,-5.2,0
e1-100,binary,100,bot_55,3039,w,43,14.45,25,206.9,200,-6.9,0
e1-100,binary,100,bot_55,3039,w,45,95.46,25,118.3,223,104.7,0
e1-100,binary,100,bot_55,3039,w,47,123.95,25,121.08,205,83.92,0
e1-100,binary,100,bot_55,3039,w,49,132.9,25,125.05,229,103.95,0
e1-100,binary,100,bot_55,3039,w,51,133.68,25,146.91,243,96.09,0
e1-100,binary,100,bot_55,3039,w,53,98.52,25,133.59,233,99.41,0
e1-100,binary,100,bot_55,3039,w,55,86.35,25,128.17,210,81.83,0
e1-100,binary,100,bot_55,3039,w,57,76.46,25,109.43,152,42.57,0
e1-100,binary,100,bot_55,3039,w,59,83.58,25,139,205,66,0
e1-100,binary,100,bot_56,3039,b,2,25.85,25,77.63,92,14.37,0
e1-100,binary,100,bot_56,3039,b,4,26.41,25,79,104,25,0
e1-100,binary,100,bot_56,3039,b,6,45.13,25,64.49,89,24.51,0
e1-100,binary,100,bot_56,3039,b,8,31.33,25,58.15,103,44.85,0
e1-100,binary,100,bot_56,3039,b,10,28.84,25,75.97,106,30.03,0
e1-100,binary,100,bot_56,3039,b,12,25.84,25,63.77,103,39.23,0
e1-100,binary,100,bot_56,3039,b,14,39.27,25,86.09,136,49.91,0
e1-100,binary,100,bot_56,3039,b,16,23.19,25,76.41,113,36.59,0
e1-100,binary,100,bot_56,3039,b,18,32.1,25,101.47,125,23.53,0
e1-100,binary,100,bot_56,3039,b,20,50.02,25,69.84,133,63.16,0
e1-100,binary,100,bot_56,3039,b,22,41.62,25,101.33,157,55.67,0
e1-100,binary,100,bot_56,3039,b,24,50.12,25,138.93,190,51.07,0
e1-100,binary,100,bot_56,3039,b,26,40.41,25,144.14,187,42.86,0
e1-100,binary,100,bot_56,3039,b,28,28.33,25,122.66,147,24.34,0
e1-100,binary,100,bot_56,3039,b,30,32.27,25,132.15,185,52.85,0
e1-100,binary,100,bot_56,3039,b,32,17.65,25,158.46,182,23.54,0
e1-100,binary,100,bot_56,3039,b,34,41.17,25,158.37,165,6.63,0
e1-100,binary,100,bot_56,3039,b,36,22.24,25,145.54,167,21.46,0
e1-100,binary,100,bot_56,3039,b,38,32.77,25,169.67,181,11.33,0
e1-100,binary,100,bot_56,3039,b,40,16.41,25,191.88,207,15.13,0
e1-100,binary,100,bot_56,3039,b,42,14.58,25,217.02,222,4.98,0
e1-100,binary,100,bot_56,3039,b,44,124.96,25,220.29,219,-1.29,0
e1-100,binary,100,bot_56,3039,b,46,105.15,25,131.35,211,79.65,0
e1-100,binary,100,bot_56,3039,b,48,124.95,25,115.19,223,107.81,0
e1-100,binary,100,bot_56,3039,b,50,118,25,148.24,266,117.76,0
e1-100,binary,100,bot_56,3039,b,52,120.87,25,101.16,219,117.84,0
e1-100,binary,100,bot_56,3039,b,54,101.92,25,99.51,183,83.49,0
e1-100,binary,100,bot_56,3039,b,56,62.47,25,110.57,180,69.43,0
e1-100,binary,100,bot_56,3039,b,58,86.88,25,131.32,191,59.68,0
e1-100,binary,100,bot_56,3039,b,60,60.57,25,134.47,201,66.53,0
e1-100,binary,100,bot_57,3040,w,1,24.95,25,61.91,94,32.09,0
e1-100,binary,100,bot_57,3040,w,3,45.11,25,63,93,30,0
e1-100,binary,100,bot_57,3040,w,5,7.27,25,52.09,92,39.91,0
e1-100,binary,100,bot_57,3040,w,7,34.74,25,69.73,110,40.27,0
e1-100,binary,100,bot_57,3040,w,9,41.32,25,77.76,102,24.24,0
e1-100,binary,100,bot_57,3040,w,11,32.08,25,87.47,125,37.53,0
e1-100,binary,100,bot_57,3040,w,13,29.3,25,116.29,156,39.71,0
e1-100,binary,100,bot_57,3040,w,15,18.36,25,109.77,140,30.23,0
e1-100,binary,100,bot_57,3040,w,17,22.66,25,113.82,140,26.18,0
e1-100,binary,100,bot_57,3040,w,19,25.78,25,114.29,132,17.71,0
e1-100,binary,100,bot_57,3040,w,21,43.69,25,116.02,185,68.98,0
e1-100,binary,100,bot_57,3040,w,23,54.42,25,129.73,186,56.27,0
e1-100,binary,100,bot_57,3040,w,25,47.95,25,138.57,190,51.43,0
e1-100,binary,100,bot_57,3040,w,27,36,25,115.62,151,35.38,0
e1-100,binary,100,bot_57,3040,w,29,30.02,25,164.93,203,38.07,0
e1-100,binary,100,bot_57,3040,w,31,31.9,25,149.06,178,28.94,0
e1-100,binary,100,bot_57,3040,w,33,18.06,25,179.63,209,29.37,0
e1-100,binary,100,bot_57,3040,w,35,14.44,25,169.36,184,14.64,0
e1-100,binary,100,bot_57,3040,w,37,93.05,25,170.28,175,4.72,0
e1-100,binary,100,bot_57,3040,w,39,66.52,25,145.94,221,75.06,0
e1-100,binary,100,bot_57,3040,w,41,77.21,25,155.22,224,68.78,0
e1-100,binary,100,bot_57,3040,w,43,63.12,25,170.48,226,55.52,0
e1-100,binary,100,bot_57,3040,w,45,59.95,25,152.2,209,56.8,0
e1-100,binary,100,bot_57,3040,w,47,42.69,25,193.16,236,42.84,0
e1-100,binary,100,bot_57,3040,w,49,43.34,25,226.92,264,37.08,0
e1-100,binary,100,bot_57,3040,w,51,10.59,25,233.35,261,27.65,0
e1-100,binary,100,bot_57,3040,w,53,43.96,25,185.6,195,9.4,0
e1-100,binary,100,bot_57,3040,w,55,33.3,25,163.3,196,32.7,0
e1-100,binary,100,bot_57,3040,w,57,35.49,25,158.35,187,28.65,0
e1-100,binary,100,bot_57,3040,w,59,19.06,25,193.55,213,19.45,0
e1-100,binary,100,bot_58,3040,b,2,30.95,25,67.95,81,13.05,0
e1-100,binary,100,bot_58,3040,b,4,42,25,64.07,96,31.93,0
e1-100,binary,100,bot_58,3040,b,6,42,25,96.91,92,-4.91,0
e1-100,binary,100,bot_58,3040,b,8,25.6,25,59.06,82,22.94,0
e1-100,binary,100,bot_58,3040,b,10,38.18,25,70.08,100,29.92,0
e1-100,binary,100,bot_58,3040,b,12,39.91,25,75.39,97,21.61,0
e1-100,binary,100,bot_58,3040,b,14,31.53,25,100.34,118,17.66,0
e1-100,binary,100,bot_58,3040,b,16,26.87,25,77.77,85,7.23,0
e1-100,binary,100,bot_58,3040,b,18,17.46,25,110.55,122,11.45,0
e1-100,binary,100,bot_58,3040,b,20,69.74,25,140.94,155,14.06,0
e1-100,binary,100,bot_58,3040,b,22,57.4,25,101.34,133,31.66,0
e1-100,binary,100,bot_58,3040,b,24,52.77,25,136.68,179,42.32,0
e1-100,binary,100,bot_58,3040,b,26,37.57,25,129.78,167,37.22,0
e1-100,binary,100,bot_58,3040,b,28,39.68,25,135.31,160,24.69,0
e1-100,binary,100,bot_58,3040,b,30,30.77,25,157.28,175,17.72,0
e1-100,binary,100,bot_58,3040,b,32,35.09,25,141.52,162,20.48,0
e1-100,binary,100,bot_58,3040,b,34,19.74,25,184.28,192,7.72,0
e1-100,binary,100,bot_58,3040,b,36,11.94,25,180.81,185,4.19,0
e1-100,binary,100,bot_58,3040,b,38,82.72,25,156.47,241,84.53,0
e1-100,binary,100,bot_58,3040,b,40,76.02,25,143.17,201,57.83,0
e1-100,binary,100,bot_58,3040,b,42,63.03,25,156.76,225,68.24,0
e1-100,binary,100,bot_58,3040,b,44,64.61,25,162.03,214,51.97,0
e1-100,binary,100,bot_58,3040,b,46,50.33,25,178.91,229,50.09,0
e1-100,binary,100,bot_58,3040,b,48,45.08,25,201.63,235,33.37,0
e1-100,binary,100,bot_58,3040,b,50,34.96,25,226.54,261,34.46,0
e1-100,binary,100,bot_58,3040,b,52,16.47,25,230.38,231,0.62,0
e1-100,binary,100,bot_58,3040,b,54,42.58,25,186.07,220,33.93,0
e1-100,binary,100,bot_58,3040,b,56,38.38,25,132.09,154,21.91,0
e1-100,binary,100,bot_58,3040,b,58,30.39,25,193.73,218,24.27,0
e1-100,binary,100,bot_58,3040,b,60,12.44,25,173.56,181,7.44,0
e1-100,binary,100,bot_59,3041,w,1,11.99,25,76.85,71,-5.85,0
e1-100,binary,100,bot_59,3041,w,3,19.28,25,86.36,89,2.64,0
e1-100,binary,100,bot_59,3041,w,5,32.06,25,76.59,83,6.41,0
e1-100,binary,100,bot_59,3041,w,7,20.28,25,69.14,87,17.86,0
e1-100,binary,100,bot_59,3041,w,9,17.96,25,82.95,93,10.05,0
e1-100,binary,100,bot_59,3041,w,11,9.57,25,79.02,90,10.98,0
e1-100,binary,100,bot_59,3041,w,13,24.83,25,99.49,117,17.51,0
e1-100,binary,100,bot_59,3041,w,15,12.43,25,86.9,97,10.1,0
e1-100,binary,100,bot_59,3041,w,17,11.05,25,122.6,123,0.4,0
e1-100,binary,100,bot_59,3041,w,19,34.42,25,84.59,126,41.41,0
e1-100,binary,100,bot_59,3041,w,21,26.51,25,115.19,137,21.81,0
e1-100,binary,100,bot_59,3041,w,23,27.42,25,160.96,176,15.04,0
e1-100,binary,100,bot_59,3041,w,25,22.39,25,163.08,170,6.92,0
e1-100,binary,100,bot_59,3041,w,27,14.93,25,136.39,132,-4.39,0
e1-100,binary,100,bot_59,3041,w,29,109.1,25,151.58,156,4.42,0
e1-100,binary,100,bot_59,3041,w,31,92.03,25,78.95,164,85.05,0
e1-100,binary,100,bot_59,3041,w,33,90.51,25,113.81,168,54.19,0
e1-100,binary,100,bot_59,3041,w,35,83.99,25,109.34,140,30.66,0
e1-100,binary,100,bot_59,3041,w,37,85.55,25,146.21,194,47.79,0
e1-100,binary,100,bot_59,3041,w,39,78.57,25,122.91,179,56.09,0
e1-100,binary,100,bot_59,3041,w,41,67.12,25,158.04,209,50.96,0
e1-100,binary,100,bot_59,3041,w,43,47.45,25,169.62,208,38.38,0
e1-100,binary,100,bot_59,3041,w,45,53.45,25,181.81,212,30.19,0
e1-100,binary,100,bot_59,3041,w,47,46.42,25,192.35,223,30.65,0
e1-100,binary,100,bot_59,3041,w,49,48.21,25,217.62,248,30.38,0
e1-100,binary,100,bot_59,3041,w,51,40.44,25,181.27,196,14.73,0
e1-100,binary,100,bot_59,3041,w,53,35.3,25,170.25,174,3.75,0
e1-100,binary,100,bot_59,3041,w,55,17.21,25,150.89,163,12.11,0
e1-100,binary,100,bot_59,3041,w,57,22,25,199.77,194,-5.77,0
e1-100,binary,100,bot_59,3041,w,59,86.53,25,179.89,175,-4.89,0
e1-100,binary,100,bot_60,3041,b,2,17.99,25,83.35,92,8.65,0
e1-100,binary,100,bot_60,3041,b,4,21.87,25,89.72,104,14.28,0
e1-100,binary,100,bot_60,3041,b,6,32.61,25,78.02,105,26.98,0
e1-100,binary,100,bot_60,3041,b,8,25.92,25,69.71,85,15.29,0
e1-100,binary,100,bot_60,3041,b,10,25.44,25,115.27,129,13.73,0
e1-100,binary,100,bot_60,3041,b,12,31.89,25,138.49,143,4.51,0
e1-100,binary,100,bot_60,3041,b,14,24.94,25,115.6,137,21.4,0
e1-100,binary,100,bot_60,3041,b,16,14.53,25,119.82,127,7.18,0
e1-100,binary,100,bot_60,3041,b,18,56.63,25,122.32,129,6.68,0
e1-100,binary,100,bot_60,3041,b,20,36.87,25,152.43,182,29.57,0
e1-100,binary,100,bot_60,3041,b,22,29.71,25,145.01,166,20.99,0
e1-100,binary,100,bot_60,3041,b,24,22.69,25,159.26,182,22.74,0
e1-100,binary,100,bot_60,3041,b,26,10.6,25,142.93,161,18.07,0
e1-100,binary,100,bot_60,3041,b,28,20.49,25,195.79,206,10.21,0
e1-100,binary,100,bot_60,3041,b,30,99.58,25,86.37,191,104.63,0
e1-100,binary,100,bot_60,3041,b,32,77.93,25,125.2,201,75.8,0
e1-100,binary,100,bot_60,3041,b,34,56.17,25,127.07,205,77.93,0
e1-100,binary,100,bot_60,3041,b,36,72.19,25,108.98,176,67.02,0
e1-100,binary,100,bot_60,3041,b,38,80.01,25,150.62,221,70.38,0
e1-100,binary,100,bot_60,3041,b,40,75.26,25,157.86,220,62.14,0
e1-100,binary,100,bot_60,3041,b,42,62.66,25,170.8,221,50.2,0
e1-100,binary,100,bot_60,3041,b,44,54.21,25,162.6,194,31.4,0
e1-100,binary,100,bot_60,3041,b,46,55.03,25,188.98,225,36.02,0
e1-100,binary,100,bot_60,3041,b,48,55.48,25,207.84,239,31.16,0
e1-100,binary,100,bot_60,3041,b,50,40.43,25,240.15,273,32.85,0
e1-100,binary,100,bot_60,3041,b,52,27.87,25,199.66,224,24.34,0
e1-100,binary,100,bot_60,3041,b,54,34.95,25,179.27,197,17.73,0
e1-100,binary,100,bot_60,3041,b,56,16.91,25,168.79,169,0.21,0
e1-100,binary,100,bot_60,3041,b,58,17.98,25,205.09,210,4.91,0
e1-100,binary,100,bot_60,3041,b,60,71.96,25,133.72,203,69.28,0
e1-100,binary,100,bot_61,3042,w,1,6.2,25,79,76,-3,0
e1-100,binary,100,bot_61,3042,w,3,11.85,25,93.41,100,6.59,0
e1-100,binary,100,bot_61,3042,w,5,18.04,25,90.97,100,9.03,0
e1-100,binary,100,bot_61,3042,w,7,11.34,25,78.07,90,11.93,0
e1-100,binary,100,bot_61,3042,w,9,7.71,25,90.42,102,11.58,0
e1-100,binary,100,bot_61,3042,w,11,7.15,25,96.68,106,9.32,0
e1-100,binary,100,bot_61,3042,w,13,61,25,112.86,126,13.14,0
e1-100,binary,100,bot_61,3042,w,15,36.34,25,67.38,98,30.62,0
e1-100,binary,100,bot_61,3042,w,17,28.8,25,99.01,132,32.99,0
e1-100,binary,100,bot_61,3042,w,19,14.08,25,105.22,143,37.78,0
e1-100,binary,100,bot_61,3042,w,21,86.73,25,132.62,144,11.38,0
e1-100,binary,100,bot_61,3042,w,23,80.93,25,108.28,190,81.72,0
e1-100,binary,100,bot_61,3042,w,25,57.84,25,107.81,188,80.19,0
e1-100,binary,100,bot_61,3042,w,27,73.38,25,100.22,152,51.78,0
e1-100,binary,100,bot_61,3042,w,29,62.79,25,123.03,171,47.97,0
e1-100,binary,100,bot_61,3042,w,31,57.8,25,117.02,179,61.98,0
e1-100,binary,100,bot_61,3042,w,33,50.95,25,153.24,190,36.76,0
e1-100,binary,100,bot_61,3042,w,35,44.78,25,148.75,179,30.25,0
e1-100,binary,100,bot_61,3042,w,37,41.78,25,190.84,229,38.16,0
e1-100,binary,100,bot_61,3042,w,39,42.41,25,161.48,191,29.52,0
e1-100,binary,100,bot_61,3042,w,41,23.47,25,201.22,231,29.78,0
e1-100,binary,100,bot_61,3042,w,43,14.7,25,200.26,219,18.74,0
e1-100,binary,100,bot_61,3042,w,45,72.98,25,157.16,254,96.84,0
e1-100,binary,100,bot_61,3042,w,47,71.81,25,175.21,236,60.79,0
e1-100,binary,100,bot_61,3042,w,49,65.9,25,193.67,262,68.33,0
e1-100,binary,100,bot_61,3042,w,51,44.5,25,200.16,226,25.84,0
e1-100,binary,100,bot_61,3042,w,53,71.5,25,193.98,214,20.02,0
e1-100,binary,100,bot_61,3042,w,55,60.22,25,108.4,167,58.6,0
e1-100,binary,100,bot_61,3042,w,57,52.16,25,171.6,223,51.4,0
e1-100,binary,100,bot_61,3042,w,59,39.98,25,145.97,181,35.03,0
e1-100,binary,100,bot_62,3042,b,2,12.35,25,89.29,96,6.71,0
e1-100,binary,100,bot_62,3042,b,4,14.3,25,96.98,107,10.02,0
e1-100,binary,100,bot_62,3042,b,6,17.37,25,92.64,110,17.36,0
e1-100,binary,100,bot_62,3042,b,8,17.13,25,80.97,91,10.03,0
e1-100,binary,100,bot_62,3042,b,10,14.25,25,126.37,133,6.63,0
e1-100,binary,100,bot_62,3042,b,12,18.22,25,137.86,144,6.14,0
e1-100,binary,100,bot_62,3042,b,14,35.93,25,94.39,155,60.61,0
e1-100,binary,100,bot_62,3042,b,16,38.46,25,97.38,133,35.62,0
e1-100,binary,100,bot_62,3042,b,18,42.65,25,97.44,126,28.56,0
e1-100,binary,100,bot_62,3042,b,20,17.13,25,172.16,185,12.84,0
e1-100,binary,100,bot_62,3042,b,22,87.2,25,97.27,184,86.73,0
e1-100,binary,100,bot_62,3042,b,24,85.78,25,102.59,183,80.41,0
e1-100,binary,100,bot_62,3042,b,26,57.55,25,95.82,153,57.18,0
e1-100,binary,100,bot_62,3042,b,28,53.6,25,142.96,216,73.04,0
e1-100,binary,100,bot_62,3042,b,30,67.7,25,115.31,178,62.69,0
e1-100,binary,100,bot_62,3042,b,32,42.47,25,157.02,214,56.98,0
e1-100,binary,100,bot_62,3042,b,34,33.7,25,149.45,198,48.55,0
e1-100,binary,100,bot_62,3042,b,36,43.55,25,139.72,184,44.28,0
e1-100,binary,100,bot_62,3042,b,38,35.36,25,193.1,232,38.9,0
e1-100,binary,100,bot_62,3042,b,40,34.82,25,196.08,237,40.92,0
e1-100,binary,100,bot_62,3042,b,42,23.74,25,212.57,233,20.43,0
e1-100,binary,100,bot_62,3042,b,44,101.93,25,199,211,12,0
e1-100,binary,100,bot_62,3042,b,46,66.6,25,170.82,242,71.18,0
e1-100,binary,100,bot_62,3042,b,48,72.81,25,197.63,268,70.37,0
e1-100,binary,100,bot_62,3042,b,50,30.49,25,215.27,280,64.73,0
e1-100,binary,100,bot_62,3042,b,52,25.56,25,167.96,211,43.04,0
e1-100,binary,100,bot_62,3042,b,54,64.1,25,133.78,201,67.22,0
e1-100,binary,100,bot_62,3042,b,56,58.99,25,135.62,191,55.38,0
e1-100,binary,100,bot_62,3042,b,58,42.39,25,170.49,217,46.51,0
e1-100,binary,100,bot_62,3042,b,60,38.98,25,166.76,203,36.24,0
e1-100,binary,100,bot_63,3043,w,1,7.88,25,90.69,75,-15.69,0
e1-100,binary,100,bot_63,3043,w,3,9.46,25,101.37,93,-8.37,0
e1-100,binary,100,bot_63,3043,w,5,8.87,25,101.55,99,-2.55,0
e1-100,binary,100,bot_63,3043,w,7,65.93,25,86.06,79,-7.06,0
e1-100,binary,100,bot_63,3043,w,9,39.31,25,80.61,107,26.39,0
e1-100,binary,100,bot_63,3043,w,11,38.07,25,107.42,143,35.58,0
e1-100,binary,100,bot_63,3043,w,13,27.89,25,101.41,128,26.59,0
e1-100,binary,100,bot_63,3043,w,15,31.2,25,104.96,122,17.04,0
e1-100,binary,100,bot_63,3043,w,17,34.83,25,105.21,114,8.79,0
e1-100,binary,100,bot_63,3043,w,19,55.99,25,103.55,174,70.45,0
e1-100,binary,100,bot_63,3043,w,21,72.36,25,111.69,165,53.31,0
e1-100,binary,100,bot_63,3043,w,23,68.12,25,119.64,172,52.36,0
e1-100,binary,100,bot_63,3043,w,25,46.16,25,106.47,139,32.53,0
e1-100,binary,100,bot_63,3043,w,27,41.51,25,154.64,198,43.36,0
e1-100,binary,100,bot_63,3043,w,29,47.58,25,134.68,167,32.32,0
e1-100,binary,100,bot_63,3043,w,31,30.09,25,168.9,200,31.1,0
e1-100,binary,100,bot_63,3043,w,33,23.81,25,159.27,181,21.73,0
e1-100,binary,100,bot_63,3043,w,35,28.06,25,156.1,170,13.9,0
e1-100,binary,100,bot_63,3043,w,37,17.61,25,210.88,225,14.12,0
e1-100,binary,100,bot_63,3043,w,39,16.89,25,213.4,229,15.6,0
e1-100,binary,100,bot_63,3043,w,41,70.99,25,162.44,243,80.56,0
e1-100,binary,100,bot_63,3043,w,43,71.67,25,140.66,203,62.34,0
e1-100,binary,100,bot_63,3043,w,45,56.93,25,179.82,231,51.18,0
e1-100,binary,100,bot_63,3043,w,47,60.61,25,209.69,257,47.31,0
e1-100,binary,100,bot_63,3043,w,49,21.17,25,223.81,260,36.19,0
e1-100,binary,100,bot_63,3043,w,51,14.49,25,178.36,192,13.64,0
e1-100,binary,100,bot_63,3043,w,53,47.18,25,149.89,190,40.11,0
e1-100,binary,100,bot_63,3043,w,55,49.54,25,144.53,180,35.47,0
e1-100,binary,100,bot_63,3043,w,57,28.06,25,184.96,211,26.04,0
e1-100,binary,100,bot_63,3043,w,59,23.38,25,182.61,198,15.39,0
e1-100,binary,100,bot_64,3043,b,2,9.09,25,95.48,103,7.52,0
e1-100,binary,100,bot_64,3043,b,4,13.88,25,94.56,103,8.44,0
e1-100,binary,100,bot_64,3043,b,6,8.44,25,80.89,87,6.11,0
e1-100,binary,100,bot_64,3043,b,8,44.31,25,63.92,129,65.08,0
e1-100,binary,100,bot_64,3043,b,10,52.18,25,62.64,100,37.36,0
e1-100,binary,100,bot_64,3043,b,12,44.44,25,87.23,125,37.77,0
e1-100,binary,100,bot_64,3043,b,14,34.54,25,69.33,95,25.67,0
e1-100,binary,100,bot_64,3043,b,16,25.18,25,102.85,132,29.15,0
e1-100,binary,100,bot_64,3043,b,18,87.94,25,122.99,157,34.01,0
e1-100,binary,100,bot_64,3043,b,20,71.19,25,87.57,141,53.43,0
e1-100,binary,100,bot_64,3043,b,22,69.45,25,119.8,191,71.2,0
e1-100,binary,100,bot_64,3043,b,24,49.36,25,116.86,182,65.14,0
e1-100,binary,100,bot_64,3043,b,26,60.91,25,113.28,157,43.72,0
e1-100,binary,100,bot_64,3043,b,28,50.14,25,136.23,176,39.77,0
e1-100,binary,100,bot_64,3043,b,30,44.78,25,130.66,176,45.34,0
e1-100,binary,100,bot_64,3043,b,32,36.21,25,167.92,195,27.08,0
e1-100,binary,100,bot_64,3043,b,34,27.89,25,165.51,186,20.49,0
e1-100,binary,100,bot_64,3043,b,36,29.79,25,201.75,227,25.25,0
e1-100,binary,100,bot_64,3043,b,38,29.52,25,175.23,190,14.77,0
e1-100,binary,100,bot_64,3043,b,40,94.95,25,211.06,225,13.94,0
e1-100,binary,100,bot_64,3043,b,42,76.93,25,149.47,218,68.53,0
e1-100,binary,100,bot_64,3043,b,44,64.41,25,164.96,233,68.04,0
e1-100,binary,100,bot_64,3043,b,46,61.59,25,185.04,239,53.96,0
e1-100,binary,100,bot_64,3043,b,48,50.46,25,210.18,268,57.82,0
e1-100,binary,100,bot_64,3043,b,50,27.63,25,217.9,236,18.1,0
e1-100,binary,100,bot_64,3043,b,52,54.38,25,212.09,224,11.91,0
e1-100,binary,100,bot_64,3043,b,54,48.05,25,121.6,162,40.4,0
e1-100,binary,100,bot_64,3043,b,56,40.27,25,183.52,228,44.48,0
e1-100,binary,100,bot_64,3043,b,58,29.43,25,156.22,179,22.78,0
e1-100,binary,100,bot_64,3043,b,60,19.11,25,193.12,210,16.88,0
e1-100,binary,100,bot_65,3044,w,1,8.75,25,96.75,104,7.25,0
e1-100,binary,100,bot_65,3044,w,3,11.2,25,96.88,105,8.12,0
e1-100,binary,100,bot_65,3044,w,5,14.23,25,82.02,89,6.98,0
e1-100,binary,100,bot_65,3044,w,7,42.71,25,64.77,115,50.23,0
e1-100,binary,100,bot_65,3044,w,9,48.94,25,65.99,104,38.01,0
e1-100,binary,100,bot_65,3044,w,11,42.56,25,89.09,125,35.91,0
e1-100,binary,100,bot_65,3044,w,13,32.91,25,71.04,96,24.96,0
e1-100,binary,100,bot_65,3044,w,15,23.85,25,104.12,133,28.88,0
e1-100,binary,100,bot_65,3044,w,17,84.82,25,126.13,158,31.87,0
e1-100,binary,100,bot_65,3044,w,19,68.23,25,90.5,141,50.5,0
e1-100,binary,100,bot_65,3044,w,21,67.08,25,122.16,190,67.84,0
e1-100,binary,100,bot_65,3044,w,23,47.71,25,118.54,181,62.46,0
e1-100,binary,100,bot_65,3044,w,25,58.79,25,115.45,158,42.55,0
e1-100,binary,100,bot_65,3044,w,27,47.1,25,139.35,178,38.65,0
e1-100,binary,100,bot_65,3044,w,29,44.48,25,130.86,172,41.14,0
e1-100,binary,100,bot_65,3044,w,31,35.72,25,168.34,193,24.66,0
e1-100,binary,100,bot_65,3044,w,33,25.57,25,167.81,188,20.19,0
e1-100,binary,100,bot_65,3044,w,35,29.38,25,202.03,225,22.97,0
e1-100,binary,100,bot_65,3044,w,37,25.77,25,179.09,193,13.91,0
e1-100,binary,100,bot_65,3044,w,39,77.39,25,142.96,239,96.04,0
e1-100,binary,100,bot_65,3044,w,41,74.79,25,151.66,218,66.34,0
e1-100,binary,100,bot_65,3044,w,43,62.95,25,166.44,235,68.56,0
e1-100,binary,100,bot_65,3044,w,45,59.32,25,187.31,241,53.69,0
e1-100,binary,100,bot_65,3044,w,47,48.37,25,212.36,266,53.64,0
e1-100,binary,100,bot_65,3044,w,49,25.51,25,220.09,238,17.91,0
e1-100,binary,100,bot_65,3044,w,51,51.94,25,214.59,225,10.41,0
e1-100,binary,100,bot_65,3044,w,53,46.13,25,123.61,160,36.39,0
e1-100,binary,100,bot_65,3044,w,55,38.43,25,185.44,226,40.56,0
e1-100,binary,100,bot_65,3044,w,57,26.43,25,159.26,182,22.74,0
e1-100,binary,100,bot_65,3044,w,59,16.69,25,195.57,211,15.43,0
e1-100,binary,100,bot_66,3044,b,2,8.57,25,101.95,96,-5.95,0
e1-100,binary,100,bot_66,3044,b,4,8.31,25,102.29,100,-2.29,0
e1-100,binary,100,bot_66,3044,b,6,51.95,25,94,95,1,0
e1-100,binary,100,bot_66,3044,b,8,38.62,25,81.14,109,27.86,0
e1-100,binary,100,bot_66,3044,b,10,36.7,25,108.81,143,34.19,0
e1-100,binary,100,bot_66,3044,b,12,26.5,25,102.63,131,28.37,0
e1-100,binary,100,bot_66,3044,b,14,29.5,25,106.78,124,17.22,0
e1-100,binary,100,bot_66,3044,b,16,32.9,25,107.27,116,8.73,0
e1-100,binary,100,bot_66,3044,b,18,53.05,25,106.48,176,69.52,0
e1-100,binary,100,bot_66,3044,b,20,68.57,25,115.5,169,53.5,0
e1-100,binary,100,bot_66,3044,b,22,64.25,25,123.34,175,51.66,0
e1-100,binary,100,bot_66,3044,b,24,44.28,25,108.21,141,32.79,0
e1-100,binary,100,bot_66,3044,b,26,39.34,25,156.68,201,44.32,0
e1-100,binary,100,bot_66,3044,b,28,42.81,25,139.42,172,32.58,0
e1-100,binary,100,bot_66,3044,b,30,27.49,25,171.45,202,30.55,0
e1-100,binary,100,bot_66,3044,b,32,21.98,25,161.2,184,22.8,0
e1-100,binary,100,bot_66,3044,b,34,24.93,25,159.77,172,12.23,0
e1-100,binary,100,bot_66,3044,b,36,14.37,25,214.18,229,14.82,0
e1-100,binary,100,bot_66,3044,b,38,98.72,25,217.5,231,13.5,0
e1-100,binary,100,bot_66,3044,b,40,68.78,25,164.59,229,64.41,0
e1-100,binary,100,bot_66,3044,b,42,71.85,25,140.33,203,62.67,0
e1-100,binary,100,bot_66,3044,b,44,55.03,25,181.57,232,50.43,0
e1-100,binary,100,bot_66,3044,b,46,57.12,25,213.17,260,46.83,0
e1-100,binary,100,bot_66,3044,b,48,19.21,25,225.52,262,36.48,0
e1-100,binary,100,bot_66,3044,b,50,12.44,25,180.15,194,13.85,0
e1-100,binary,100,bot_66,3044,b,52,44.12,25,152.79,191,38.21,0
e1-100,binary,100,bot_66,3044,b,54,47.03,25,146.93,181,34.07,0
e1-100,binary,100,bot_66,3044,b,56,27.95,25,184.83,210,25.17,0
e1-100,binary,100,bot_66,3044,b,58,21.36,25,184.53,198,13.47,0
e1-100,binary,100,bot_66,3044,b,60,17.81,25,187.2,190,2.8,0
e1-100,binary,100,bot_67,3045,w,1,8.44,25,103.15,111,7.85,0
e1-100,binary,100,bot_67,3045,w,3,44.48,25,103.45,112,8.55,0
e1-100,binary,100,bot_67,3045,w,5,48.31,25,97.47,102,4.53,0
e1-100,binary,100,bot_67,3045,w,7,36.16,25,83.55,123,39.45,0
e1-100,binary,100,bot_67,3045,w,9,34.18,25,111.36,158,46.64,0
e1-100,binary,100,bot_67,3045,w,11,23.33,25,105.66,144,38.34,0
e1-100,binary,100,bot_67,3045,w,13,27.08,25,109.26,139,29.74,0
e1-100,binary,100,bot_67,3045,w,15,30.63,25,109.61,131,21.39,0
e1-100,binary,100,bot_67,3045,w,17,50.32,25,108.98,188,79.02,0
e1-100,binary,100,bot_67,3045,w,19,64.75,25,119.32,183,63.68,0
e1-100,binary,100,bot_67,3045,w,21,60.72,25,126.75,189,62.25,0
e1-100,binary,100,bot_67,3045,w,23,41.37,25,111.01,155,43.99,0
e1-100,binary,100,bot_67,3045,w,25,38.31,25,157.54,211,53.46,0
e1-100,binary,100,bot_67,3045,w,27,40.31,25,141.78,183,41.22,0
e1-100,binary,100,bot_67,3045,w,29,25.61,25,173.23,213,39.77,0
e1-100,binary,100,bot_67,3045,w,31,20.7,25,162.42,191,28.58,0
e1-100,binary,100,bot_67,3045,w,33,22.7,25,162.04,179,16.96,0
e1-100,binary,100,bot_67,3045,w,35,13.18,25,215.33,236,20.67,0
e1-100,binary,100,bot_67,3045,w,37,84.31,25,148.82,250,101.18,0
e1-100,binary,100,bot_67,3045,w,39,66.6,25,166.74,237,70.26,0
e1-100,binary,100,bot_67,3045,w,41,69.73,25,142.41,212,69.59,0
e1-100,binary,100,bot_67,3045,w,43,53.6,25,182.87,241,58.13,0
e1-100,binary,100,bot_67,3045,w,45,54.18,25,216.09,270,53.91,0
e1-100,binary,100,bot_67,3045,w,47,16.56,25,228.04,271,42.96,0
e1-100,binary,100,bot_67,3045,w,49,9.46,25,183.04,202,18.96,0
e1-100,binary,100,bot_67,3045,w,51,40.04,25,156.87,200,43.13,0
e1-100,binary,100,bot_67,3045,w,53,43.2,25,150.76,191,40.24,0
e1-100,binary,100,bot_67,3045,w,55,27.27,25,185.41,215,29.59,0
e1-100,binary,100,bot_67,3045,w,57,16.38,25,189.49,205,15.51,0
e1-100,binary,100,bot_67,3045,w,59,13.91,25,191.09,199,7.91,0
e1-100,binary,100,bot_68,3045,b,2,8.79,25,97.73,93,-4.73,0
e1-100,binary,100,bot_68,3045,b,4,5.85,25,53.1,84,30.9,0
e1-100,binary,100,bot_68,3045,b,6,41.86,25,65.83,101,35.17,0
e1-100,binary,100,bot_68,3045,b,8,47.42,25,67.77,91,23.23,0
e1-100,binary,100,bot_68,3045,b,10,39.87,25,91.81,112,20.19,0
e1-100,binary,100,bot_68,3045,b,12,31.65,25,72.47,82,9.53,0
e1-100,binary,100,bot_68,3045,b,14,22.47,25,105.39,119,13.61,0
e1-100,binary,100,bot_68,3045,b,16,80.04,25,131.14,148,16.86,0
e1-100,binary,100,bot_68,3045,b,18,64.57,25,94.13,130,35.87,0
e1-100,binary,100,bot_68,3045,b,20,63.81,25,125.47,177,51.53,0
e1-100,binary,100,bot_68,3045,b,22,45.57,25,120.92,168,47.08,0
e1-100,binary,100,bot_68,3045,b,24,54.85,25,119.71,147,27.29,0
e1-100,binary,100,bot_68,3045,b,26,43.07,25,143.87,168,24.13,0
e1-100,binary,100,bot_68,3045,b,28,42.1,25,133.34,160,26.66,0
e1-100,binary,100,bot_68,3045,b,30,30.87,25,173.25,187,13.75,0
e1-100,binary,100,bot_68,3045,b,32,19.87,25,173.01,182,8.99,0
e1-100,binary,100,bot_68,3045,b,34,24.48,25,206.67,218,11.33,0
e1-100,binary,100,bot_68,3045,b,36,103.65,25,185.04,186,0.96,0
e1-100,binary,100,bot_68,3045,b,38,73.1,25,146.79,220,73.21,0
e1-100,binary,100,bot_68,3045,b,40,72.41,25,154.19,209,54.81,0
e1-100,binary,100,bot_68,3045,b,42,60.27,25,169.2,226,56.8,0
e1-100,binary,100,bot_68,3045,b,44,55.62,25,191.12,234,42.88,0
e1-100,binary,100,bot_68,3045,b,46,44.53,25,216.49,258,41.51,0
e1-100,binary,100,bot_68,3045,b,48,21.8,25,224.09,229,4.91,0
e1-100,binary,100,bot_68,3045,b,50,49.14,25,217.51,216,-1.51,0
e1-100,binary,100,bot_68,3045,b,52,44.69,25,125.25,152,26.75,0
e1-100,binary,100,bot_68,3045,b,54,36.25,25,187.87,218,30.13,0
e1-100,binary,100,bot_68,3045,b,56,21.68,25,164.25,179,14.75,0
e1-100,binary,100,bot_68,3045,b,58,13.91,25,198.39,201,2.61,0
e1-100,binary,100,bot_68,3045,b,60,124.44,25,171.93,173,1.07,0
e1-100,binary,100,bot_69,3046,w,1,49.34,25,100.57,108,7.43,0
e1-100,binary,100,bot_69,3046,w,3,4.23,25,53.91,90,36.09,0
e1-100,binary,100,bot_69,3046,w,5,40.43,25,67.42,112,44.58,0
e1-100,binary,100,bot_69,3046,w,7,44.93,25,70.39,104,33.61,0
e1-100,binary,100,bot_69,3046,w,9,36.27,25,95.53,126,30.47,0
e1-100,binary,100,bot_69,3046,w,11,29.91,25,74.36,94,19.64,0
e1-100,binary,100,bot_69,3046,w,13,20.79,25,107.31,131,23.69,0
e1-100,binary,100,bot_69,3046,w,15,75.3,25,135.72,162,26.28,0
e1-100,binary,100,bot_69,3046,w,17,60.31,25,98.38,146,47.62,0
e1-100,binary,100,bot_69,3046,w,19,60.1,25,129.24,188,58.76,0
e1-100,binary,100,bot_69,3046,w,21,42.59,25,124.19,180,55.81,0
e1-100,binary,100,bot_69,3046,w,23,47.84,25,127.01,165,37.99,0
e1-100,binary,100,bot_69,3046,w,25,36.48,25,150.89,185,34.11,0
e1-100,binary,100,bot_69,3046,w,27,37.89,25,138.32,172,33.68,0
e1-100,binary,100,bot_69,3046,w,29,24.08,25,180.07,200,19.93,0
e1-100,binary,100,bot_69,3046,w,31,15.45,25,177.29,193,15.71,0
e1-100,binary,100,bot_69,3046,w,33,18.18,25,212.81,228,15.19,0
e1-100,binary,100,bot_69,3046,w,35,81.24,25,137.82,219,81.18,0
e1-100,binary,100,bot_69,3046,w,37,69.21,25,150.34,230,79.66,0
e1-100,binary,100,bot_69,3046,w,39,69.17,25,157.38,219,61.62,0
e1-100,binary,100,bot_69,3046,w,41,55.15,25,174.28,239,64.72,0
e1-100,binary,100,bot_69,3046,w,43,50.52,25,196.24,246,49.76,0
e1-100,binary,100,bot_69,3046,w,45,40.75,25,220.45,269,48.55,0
e1-100,binary,100,bot_69,3046,w,47,18.06,25,228.53,241,12.47,0
e1-100,binary,100,bot_69,3046,w,49,44.72,25,222.08,229,6.92,0
e1-100,binary,100,bot_69,3046,w,51,40.91,25,129.42,159,29.58,0
e1-100,binary,100,bot_69,3046,w,53,32.71,25,191.47,225,33.53,0
e1-100,binary,100,bot_69,3046,w,55,15.62,25,170.41,187,16.59,0
e1-100,binary,100,bot_69,3046,w,57,126.96,25,202.75,208,5.25,0
e1-100,binary,100,bot_69,3046,w,59,107.34,25,92.16,181,88.84,0
e1-100,binary,100,bot_70,3046,b,2,37.14,25,68.46,102,33.54,0
e1-100,binary,100,bot_70,3046,b,4,45.07,25,100.74,89,-11.74,0
e1-100,binary,100,bot_70,3046,b,6,34.39,25,85.4,110,24.6,0
e1-100,binary,100,bot_70,3046,b,8,31.76,25,113.76,143,29.24,0
e1-100,binary,100,bot_70,3046,b,10,20.53,25,107.92,128,20.08,0
e1-100,binary,100,bot_70,3046,b,12,25.19,25,111.31,125,13.69,0
e1-100,binary,100,bot_70,3046,b,14,28.23,25,111.72,118,6.28,0
e1-100,binary,100,bot_70,3046,b,16,48.27,25,111.26,171,59.74,0
e1-100,binary,100,bot_70,3046,b,18,60.26,25,123.86,168,44.14,0
e1-100,binary,100,bot_70,3046,b,20,55.72,25,131.14,175,43.86,0
e1-100,binary,100,bot_70,3046,b,22,39.05,25,112.8,139,26.2,0
e1-100,binary,100,bot_70,3046,b,24,35.17,25,160.14,192,31.86,0
e1-100,binary,100,bot_70,3046,b,26,35.17,25,146.17,168,21.83,0
e1-100,binary,100,bot_70,3046,b,28,22.52,25,175.27,200,24.73,0
e1-100,binary,100,bot_70,3046,b,30,18.34,25,165.44,176,10.56,0
e1-100,binary,100,bot_70,3046,b,32,17.07,25,168.11,170,1.89,0
e1-100,binary,100,bot_70,3046,b,34,82.12,25,216.38,221,4.62,0
e1-100,binary,100,bot_70,3046,b,36,81.66,25,151.15,217,65.85,0
e1-100,binary,100,bot_70,3046,b,38,64.6,25,169.12,224,54.88,0
e1-100,binary,100,bot_70,3046,b,40,66.92,25,145.32,200,54.68,0
e1-100,binary,100,bot_70,3046,b,42,51.34,25,184.69,226,41.31,0
e1-100,binary,100,bot_70,3046,b,44,50.25,25,219.97,257,37.03,0
e1-100,binary,100,bot_70,3046,b,46,13.63,25,230.58,257,26.42,0
e1-100,binary,100,bot_70,3046,b,48,7.42,25,184.07,189,4.93,0
e1-100,binary,100,bot_70,3046,b,50,35.4,25,161.23,192,30.77,0
e1-100,binary,100,bot_70,3046,b,52,39.55,25,154.27,181,26.73,0
e1-100,binary,100,bot_70,3046,b,54,22.48,25,190.09,207,16.91,0
e1-100,binary,100,bot_70,3046,b,56,12.26,25,193.79,195,1.21,0
e1-100,binary,100,bot_70,3046,b,58,95.55,25,89.95,202,112.05,0
e1-100,binary,100,bot_70,3046,b,60,112.26,25,92.73,185,92.27,0
e1-100,binary,100,bot_71,3047,w,1,61.06,25,112.4,113,0.6,0
e1-100,binary,100,bot_71,3047,w,3,5.84,25,53.74,88,34.26,0
e1-100,binary,100,bot_71,3047,w,5,50.34,25,88.94,119,30.06,0
e1-100,binary,100,bot_71,3047,w,7,62.14,25,105.55,132,26.45,0
e1-100,binary,100,bot_71,3047,w,9,45.35,25,94.94,138,43.06,0
e1-100,binary,100,bot_71,3047,w,11,32.61,25,126.8,132,5.2,0
e1-100,binary,100,bot_71,3047,w,13,72.77,25,103.5,139,35.5,0
e1-100,binary,100,bot_71,3047,w,15,68.4,25,120.81,174,53.19,0
e1-100,binary,100,bot_71,3047,w,17,62.19,25,110.53,155,44.47,0
e1-100,binary,100,bot_71,3047,w,19,52.79,25,130.58,184,53.42,0
e1-100,binary,100,bot_71,3047,w,21,34.15,25,120.85,166,45.15,0
e1-100,binary,100,bot_71,3047,w,23,60.5,25,152.3,183,30.7,0
e1-100,binary,100,bot_71,3047,w,25,33.27,25,147.44,185,37.56,0
e1-100,binary,100,bot_71,3047,w,27,32.84,25,164.68,185,20.32,0
e1-100,binary,100,bot_71,3047,w,29,32.71,25,183,209,26,0
e1-100,binary,100,bot_71,3047,w,31,23.88,25,157.42,164,6.58,0
e1-100,binary,100,bot_71,3047,w,33,26.83,25,213.21,227,13.79,0
e1-100,binary,100,bot_71,3047,w,35,17.29,25,203.89,205,1.11,0
e1-100,binary,100,bot_71,3047,w,37,136.43,25,209.77,208,-1.77,0
e1-100,binary,100,bot_71,3047,w,39,92.45,25,121.02,215,93.98,0
e1-100,binary,100,bot_71,3047,w,41,119.98,25,125,211,86,0
e1-100,binary,100,bot_71,3047,w,43,129.56,25,128.53,236,107.47,0
e1-100,binary,100,bot_71,3047,w,45,128.88,25,151.7,251,99.3,0
e1-100,binary,100,bot_71,3047,w,47,94.97,25,136.95,242,105.05,0
e1-100,binary,100,bot_71,3047,w,49,84.25,25,130.3,214,83.7,0
e1-100,binary,100,bot_71,3047,w,51,74.92,25,110.82,156,45.18,0
e1-100,binary,100,bot_71,3047,w,53,81.47,25,141.1,210,68.9,0
e1-100,binary,100,bot_71,3047,w,55,80.23,25,124.83,168,43.17,0
e1-100,binary,100,bot_71,3047,w,57,80.86,25,130.33,200,69.67,0
e1-100,binary,100,bot_71,3047,w,59,60.72,25,135.95,178,42.05,0
e1-100,binary,100,bot_72,3047,b,2,35.08,25,53.86,114,60.14,0
e1-100,binary,100,bot_72,3047,b,4,30.61,25,107.97,112,4.03,0
e1-100,binary,100,bot_72,3047,b,6,27.53,25,62.2,112,49.8,0
e1-100,binary,100,bot_72,3047,b,8,43.39,25,82.27,143,60.73,0
e1-100,binary,100,bot_72,3047,b,10,5.88,25,70.07,114,43.93,0
e1-100,binary,100,bot_72,3047,b,12,36.86,25,96.72,129,32.28,0
e1-100,binary,100,bot_72,3047,b,14,54.46,25,65.59,137,71.41,0
e1-100,binary,100,bot_72,3047,b,16,45.39,25,97.96,166,68.04,0
e1-100,binary,100,bot_72,3047,b,18,54.74,25,134.04,196,61.96,0
e1-100,binary,100,bot_72,3047,b,20,45.85,25,138.28,190,51.72,0
e1-100,binary,100,bot_72,3047,b,22,31.97,25,118.6,153,34.4,0
e1-100,binary,100,bot_72,3047,b,24,38.24,25,127.41,188,60.59,0
e1-100,binary,100,bot_72,3047,b,26,21.44,25,154.76,189,34.24,0
e1-100,binary,100,bot_72,3047,b,28,38.49,25,161,182,21,0
e1-100,binary,100,bot_72,3047,b,30,19.67,25,147.93,167,19.07,0
e1-100,binary,100,bot_72,3047,b,32,27.19,25,175.11,187,11.89,0
e1-100,binary,100,bot_72,3047,b,34,13.74,25,194.84,209,14.16,0
e1-100,binary,100,bot_72,3047,b,36,11.52,25,219.85,225,5.15,0
e1-100,binary,100,bot_72,3047,b,38,107.01,25,113.86,239,125.14,0
e1-100,binary,100,bot_72,3047,b,40,98.42,25,137.91,217,79.09,0
e1-100,binary,100,bot_72,3047,b,42,121.16,25,119,226,107,0
e1-100,binary,100,bot_72,3047,b,44,113.58,25,152.66,269,116.34,0
e1-100,binary,100,bot_72,3047,b,46,118.14,25,103.73,220,116.27,0
e1-100,binary,100,bot_72,3047,b,48,99.31,25,102.3,184,81.7,0
e1-100,binary,100,bot_72,3047,b,50,60.78,25,112.09,182,69.91,0
e1-100,binary,100,bot_72,3047,b,52,84.34,25,134.05,194,59.95,0
e1-100,binary,100,bot_72,3047,b,54,57.98,25,136.88,205,68.12,0
e1-100,binary,100,bot_72,3047,b,56,84.46,25,131.42,197,65.58,0
e1-100,binary,100,bot_72,3047,b,58,56.87,25,128.48,194,65.52,0
e1-100,binary,100,bot_72,3047,b,60,66.49,25,141.68,187,45.32,0
e1-100,binary,100,bot_73,3048,w,1,5.1,25,53.74,72,18.26,0
e1-100,binary,100,bot_73,3048,w,3,41.01,25,66.74,90,23.26,0
e1-100,binary,100,bot_73,3048,w,5,46.21,25,69.06,80,10.94,0
e1-100,binary,100,bot_73,3048,w,7,37.72,25,93.97,103,9.03,0
e1-100,binary,100,bot_73,3048,w,9,30.92,25,73.26,72,-1.26,0
e1-100,binary,100,bot_73,3048,w,11,21.82,25,106.09,109,2.91,0
e1-100,binary,100,bot_73,3048,w,13,78.4,25,132.75,138,5.25,0
e1-100,binary,100,bot_73,3048,w,15,62.57,25,96.13,121,24.87,0
e1-100,binary,100,bot_73,3048,w,17,62.78,25,126.49,165,38.51,0
e1-100,binary,100,bot_73,3048,w,19,44.44,25,122.12,157,34.88,0
e1-100,binary,100,bot_73,3048,w,21,51.93,25,122.73,139,16.27,0
e1-100,binary,100,bot_73,3048,w,23,40.21,25,146.87,158,11.13,0
e1-100,binary,100,bot_73,3048,w,25,39.27,25,136.28,148,11.72,0
e1-100,binary,100,bot_73,3048,w,27,27.34,25,176.79,181,4.21,0
e1-100,binary,100,bot_73,3048,w,29,16.91,25,175.87,175,-0.87,0
e1-100,binary,100,bot_73,3048,w,31,21.23,25,209.87,210,0.13,0
e1-100,binary,100,bot_73,3048,w,33,102.32,25,186.42,180,-6.42,0
e1-100,binary,100,bot_73,3048,w,35,71.86,25,147.93,212,64.07,0
e1-100,binary,100,bot_73,3048,w,37,71.74,25,154.85,200,45.15,0
e1-100,binary,100,bot_73,3048,w,39,57.5,25,171.96,220,48.04,0
e1-100,binary,100,bot_73,3048,w,41,53.08,25,193.66,227,33.34,0
e1-100,binary,100,bot_73,3048,w,43,42.66,25,218.42,251,32.58,0
e1-100,binary,100,bot_73,3048,w,45,19.64,25,226.32,222,-4.32,0
e1-100,binary,100,bot_73,3048,w,47,46.82,25,219.86,209,-10.86,0
e1-100,binary,100,bot_73,3048,w,49,43.53,25,126.64,144,17.36,0
e1-100,binary,100,bot_73,3048,w,51,34.29,25,189.85,212,22.15,0
e1-100,binary,100,bot_73,3048,w,53,17.63,25,168.35,175,6.65,0
e1-100,binary,100,bot_73,3048,w,55,11.19,25,201.17,196,-5.17,0
e1-100,binary,100,bot_73,3048,w,57,111,25,88.16,177,88.84,0
e1-100,binary,100,bot_73,3048,w,59,96.7,25,104.34,201,96.66,0
e1-100,binary,100,bot_74,3048,b,2,47.18,25,98.57,73,-25.57,0
e1-100,binary,100,bot_74,3048,b,4,35.62,25,84.01,93,8.99,0
e1-100,binary,100,bot_74,3048,b,6,33.78,25,111.62,127,15.38,0
e1-100,binary,100,bot_74,3048,b,8,22.7,25,105.89,113,7.11,0
e1-100,binary,100,bot_74,3048,b,10,26.67,25,109.71,109,-0.71,0
e1-100,binary,100,bot_74,3048,b,12,30.23,25,109.98,102,-7.98,0
e1-100,binary,100,bot_74,3048,b,14,49.85,25,109.52,158,48.48,0
e1-100,binary,100,bot_74,3048,b,16,63.11,25,121.01,152,30.99,0
e1-100,binary,100,bot_74,3048,b,18,58.98,25,128.13,160,31.87,0
e1-100,binary,100,bot_74,3048,b,20,40.32,25,111.78,125,13.22,0
e1-100,binary,100,bot_74,3048,b,22,36.89,25,158.65,180,21.35,0
e1-100,binary,100,bot_74,3048,b,24,37.31,25,144.34,155,10.66,0
e1-100,binary,100,bot_74,3048,b,26,24,25,174.5,189,14.5,0
e1-100,binary,100,bot_74,3048,b,28,19.68,25,164.11,167,2.89,0
e1-100,binary,100,bot_74,3048,b,30,19.83,25,165.15,158,-7.15,0
e1-100,binary,100,bot_74,3048,b,32,13.2,25,215.18,211,-4.18,0
e1-100,binary,100,bot_74,3048,b,34,83.77,25,149.35,227,77.65,0
e1-100,binary,100,bot_74,3048,b,36,65.9,25,167.63,215,47.37,0
e1-100,binary,100,bot_74,3048,b,38,68.67,25,143.5,190,46.5,0
e1-100,binary,100,bot_74,3048,b,40,52.87,25,183.31,217,33.69,0
e1-100,binary,100,bot_74,3048,b,42,52.4,25,217.83,246,28.17,0
e1-100,binary,100,bot_74,3048,b,44,14.89,25,229.47,247,17.53,0
e1-100,binary,100,bot_74,3048,b,46,8.3,25,183.98,179,-4.98,0
e1-100,binary,100,bot_74,3048,b,48,37.19,25,159.59,184,24.41,0
e1-100,binary,100,bot_74,3048,b,50,41.14,25,152.63,174,21.37,0
e1-100,binary,100,bot_74,3048,b,52,25.28,25,187.26,198,10.74,0
e1-100,binary,100,bot_74,3048,b,54,14.24,25,191.45,186,-5.45,0
e1-100,binary,100,bot_74,3048,b,56,108.35,25,194.31,183,-11.31,0
e1-100,binary,100,bot_74,3048,b,58,115.92,25,89.64,178,88.36,0
e1-100,binary,100,bot_74,3048,b,60,100.09,25,113.17,188,74.83,0
e1-100,binary,100,bot_75,3049,w,1,4.8,25,54.14,64,9.86,0
e1-100,binary,100,bot_75,3049,w,3,52.04,25,87.26,97,9.74,0
e1-100,binary,100,bot_75,3049,w,5,63.26,25,104.34,110,5.66,0
e1-100,binary,100,bot_75,3049,w,7,46.57,25,93.68,118,24.32,0
e1-100,binary,100,bot_75,3049,w,9,33.78,25,125.57,111,-14.57,0
e1-100,binary,100,bot_75,3049,w,11,79.7,25,95.8,113,17.2,0
e1-100,binary,100,bot_75,3049,w,13,71.78,25,117.82,154,36.18,0
e1-100,binary,100,bot_75,3049,w,15,65.56,25,107.17,133,25.83,0
e1-100,binary,100,bot_75,3049,w,17,56.02,25,127.73,165,37.27,0
e1-100,binary,100,bot_75,3049,w,19,36.59,25,118.81,147,28.19,0
e1-100,binary,100,bot_75,3049,w,21,63.22,25,148.36,162,13.64,0
e1-100,binary,100,bot_75,3049,w,23,34.88,25,146.12,168,21.88,0
e1-100,binary,100,bot_75,3049,w,25,38.35,25,160.38,164,3.62,0
e1-100,binary,100,bot_75,3049,w,27,29.51,25,186.24,194,7.76,0
e1-100,binary,100,bot_75,3049,w,29,22.67,25,158.79,150,-8.79,0
e1-100,binary,100,bot_75,3049,w,31,25.08,25,215.15,212,-3.15,0
e1-100,binary,100,bot_75,3049,w,33,14.95,25,206.38,191,-15.38,0
e1-100,binary,100,bot_75,3049,w,35,122.63,25,109.08,207,97.92,0
e1-100,binary,100,bot_75,3049,w,37,90.06,25,123.24,199,75.76,0
e1-100,binary,100,bot_75,3049,w,39,113.32,25,131.75,198,66.25,0
e1-100,binary,100,bot_75,3049,w,41,125.02,25,133.47,223,89.53,0
e1-100,binary,100,bot_75,3049,w,43,121,25,159.77,242,82.23,0
e1-100,binary,100,bot_75,3049,w,45,87.35,25,144.3,231,86.7,0
e1-100,binary,100,bot_75,3049,w,47,80.23,25,134.23,201,66.77,0
e1-100,binary,100,bot_75,3049,w,49,70.94,25,114.85,146,31.15,0
e1-100,binary,100,bot_75,3049,w,51,78.92,25,143.52,196,52.48,0
e1-100,binary,100,bot_75,3049,w,53,73.06,25,132.1,161,28.9,0
e1-100,binary,100,bot_75,3049,w,55,73.16,25,138.29,192,53.71,0
e1-100,binary,100,bot_75,3049,w,57,55.29,25,141.13,171,29.87,0
e1-100,binary,100,bot_75,3049,w,59,44.54,25,156.77,192,35.23,0
e1-100,binary,100,bot_76,3049,b,2,31.32,25,107.24,107,-0.24,0
e1-100,binary,100,bot_76,3049,b,4,28.49,25,61.22,108,46.78,0
e1-100,binary,100,bot_76,3049,b,6,45.57,25,80.05,138,57.95,0
e1-100,binary,100,bot_76,3049,b,8,6.95,25,69.13,111,41.87,0
e1-100,binary,100,bot_76,3049,b,10,38.59,25,95.01,123,27.99,0
e1-100,binary,100,bot_76,3049,b,12,57.69,25,62.38,136,73.62,0
e1-100,binary,100,bot_76,3049,b,14,48.03,25,95.35,161,65.65,0
e1-100,binary,100,bot_76,3049,b,16,59.79,25,128.89,189,60.11,0
e1-100,binary,100,bot_76,3049,b,18,49.7,25,133.99,184,50.01,0
e1-100,binary,100,bot_76,3049,b,20,35.69,25,114.52,146,31.48,0
e1-100,binary,100,bot_76,3049,b,22,44.44,25,121.77,180,58.23,0
e1-100,binary,100,bot_76,3049,b,24,26.05,25,149.98,179,29.02,0
e1-100,binary,100,bot_76,3049,b,26,36.1,25,163.37,184,20.63,0
e1-100,binary,100,bot_76,3049,b,28,18.67,25,148.71,161,12.29,0
e1-100,binary,100,bot_76,3049,b,30,24.95,25,177.2,184,6.8,0
e1-100,binary,100,bot_76,3049,b,32,12.5,25,195.94,204,8.06,0
e1-100,binary,100,bot_76,3049,b,34,125.95,25,221.1,221,-0.1,0
e1-100,binary,100,bot_76,3049,b,36,104.02,25,116.39,223,106.61,0
e1-100,binary,100,bot_76,3049,b,38,94.76,25,141.32,214,72.68,0
e1-100,binary,100,bot_76,3049,b,40,116.31,25,123.63,220,96.37,0
e1-100,binary,100,bot_76,3049,b,42,111.43,25,154.52,263,108.48,0
e1-100,binary,100,bot_76,3049,b,44,114.24,25,107.54,212,104.46,0
e1-100,binary,100,bot_76,3049,b,46,94.63,25,107.5,178,70.5,0
e1-100,binary,100,bot_76,3049,b,48,57.4,25,115.02,179,63.98,0
e1-100,binary,100,bot_76,3049,b,50,79.65,25,139.15,194,54.85,0
e1-100,binary,100,bot_76,3049,b,52,54.59,25,139.93,202,62.07,0
e1-100,binary,100,bot_76,3049,b,54,79.17,25,136.94,193,56.06,0
e1-100,binary,100,bot_76,3049,b,56,55.32,25,129.58,185,55.42,0
e1-100,binary,100,bot_76,3049,b,58,60.97,25,147.56,186,38.44,0
e1-100,binary,100,bot_76,3049,b,60,43.89,25,168.9,197,28.1,0
e1-100,binary,100,bot_77,3050,w,1,8.72,25,105.92,97,-8.92,0
e1-100,binary,100,bot_77,3050,w,3,39.04,25,111.48,103,-8.48,0
e1-100,binary,100,bot_77,3050,w,5,53.15,25,72.46,131,58.54,0
e1-100,binary,100,bot_77,3050,w,7,13.71,25,63.1,101,37.9,0
e1-100,binary,100,bot_77,3050,w,9,50.32,25,83.6,115,31.4,0
e1-100,binary,100,bot_77,3050,w,11,17.68,25,114.9,115,0.1,0
e1-100,binary,100,bot_77,3050,w,13,15,25,147.2,147,-0.2,0
e1-100,binary,100,bot_77,3050,w,15,91.13,25,171,171,0,0
e1-100,binary,100,bot_77,3050,w,17,65.05,25,117.45,169,51.55,0
e1-100,binary,100,bot_77,3050,w,19,46.72,25,102.51,137,34.49,0
e1-100,binary,100,bot_77,3050,w,21,53.53,25,114.76,177,62.24,0
e1-100,binary,100,bot_77,3050,w,23,35.93,25,140.24,174,33.76,0
e1-100,binary,100,bot_77,3050,w,25,31.13,25,168.4,207,38.6,0
e1-100,binary,100,bot_77,3050,w,27,15.61,25,151.72,154,2.28,0
e1-100,binary,100,bot_77,3050,w,29,22.63,25,179.41,176,-3.41,0
e1-100,binary,100,bot_77,3050,w,31,10.76,25,197.57,193,-4.57,0
e1-100,binary,100,bot_77,3050,w,33,115.04,25,109.8,220,110.2,0
e1-100,binary,100,bot_77,3050,w,35,100.86,25,119.13,211,91.87,0
e1-100,binary,100,bot_77,3050,w,37,91.62,25,144.08,205,60.92,0
e1-100,binary,100,bot_77,3050,w,39,110.4,25,129.1,209,79.9,0
e1-100,binary,100,bot_77,3050,w,41,103.29,25,162.71,257,94.29,0
e1-100,binary,100,bot_77,3050,w,43,106.51,25,115.24,204,88.76,0
e1-100,binary,100,bot_77,3050,w,45,88.63,25,114.31,169,54.69,0
e1-100,binary,100,bot_77,3050,w,47,53.74,25,118.24,170,51.76,0
e1-100,binary,100,bot_77,3050,w,49,73.02,25,146.06,189,42.94,0
e1-100,binary,100,bot_77,3050,w,51,50.65,25,143.3,189,45.7,0
e1-100,binary,100,bot_77,3050,w,53,72.32,25,144.05,182,37.95,0
e1-100,binary,100,bot_77,3050,w,55,50.62,25,133.64,174,40.36,0
e1-100,binary,100,bot_77,3050,w,57,55.57,25,153.17,175,21.83,0
e1-100,binary,100,bot_77,3050,w,59,39.79,25,172.72,184,11.28,0
e1-100,binary,100,bot_78,3050,b,2,9.39,25,101.16,96,-5.16,0
e1-100,binary,100,bot_78,3050,b,4,74.91,25,92.87,116,23.13,0
e1-100,binary,100,bot_78,3050,b,6,54.13,25,85.95,124,38.05,0
e1-100,binary,100,bot_78,3050,b,8,49.24,25,110.04,110,-0.04,0
e1-100,binary,100,bot_78,3050,b,10,16.63,25,85.66,121,35.34,0
e1-100,binary,100,bot_78,3050,b,12,16.93,25,152.85,156,3.15,0
e1-100,binary,100,bot_78,3050,b,14,17.82,25,140.69,141,0.31,0
e1-100,binary,100,bot_78,3050,b,16,68.63,25,116.35,192,75.65,0
e1-100,binary,100,bot_78,3050,b,18,50.78,25,105.85,156,50.15,0
e1-100,binary,100,bot_78,3050,b,20,78.43,25,131.85,163,31.15,0
e1-100,binary,100,bot_78,3050,b,22,49.37,25,131.52,169,37.48,0
e1-100,binary,100,bot_78,3050,b,24,62.68,25,138.8,159,20.2,0
e1-100,binary,100,bot_78,3050,b,26,26.78,25,188.9,197,8.1,0
e1-100,binary,100,bot_78,3050,b,28,20.85,25,160.82,153,-7.82,0
e1-100,binary,100,bot_78,3050,b,30,20.56,25,220,220,0,0
e1-100,binary,100,bot_78,3050,b,32,135.21,25,209.81,198,-11.81,0
e1-100,binary,100,bot_78,3050,b,34,116.84,25,114.36,207,92.64,0
e1-100,binary,100,bot_78,3050,b,36,86.87,25,127,206,79,0
e1-100,binary,100,bot_78,3050,b,38,106.21,25,139.47,209,69.53,0
e1-100,binary,100,bot_78,3050,b,40,119.03,25,140.12,228,87.88,0
e1-100,binary,100,bot_78,3050,b,42,113.28,25,167.58,248,80.42,0
e1-100,binary,100,bot_78,3050,b,44,78.98,25,152.14,235,82.86,0
e1-100,binary,100,bot_78,3050,b,46,75.46,25,138.7,206,67.3,0
e1-100,binary,100,bot_78,3050,b,48,65.5,25,120.42,152,31.58,0
e1-100,binary,100,bot_78,3050,b,50,68.74,25,153.78,205,51.22,0
e1-100,binary,100,bot_78,3050,b,52,61.2,25,144.1,174,29.9,0
e1-100,binary,100,bot_78,3050,b,54,63.31,25,148.53,200,51.47,0
e1-100,binary,100,bot_78,3050,b,56,44.19,25,152.3,181,28.7,0
e1-100,binary,100,bot_78,3050,b,58,34.62,25,167.05,201,33.95,0
e1-100,binary,100,bot_78,3050,b,60,31.95,25,166.23,183,16.77,0
e1-100,binary,100,bot_79,3051,w,1,55.73,25,83.82,115,31.18,0
e1-100,binary,100,bot_79,3051,w,3,67.84,25,99.59,126,26.41,0
e1-100,binary,100,bot_79,3051,w,5,48.88,25,91.34,136,44.66,0
e1-100,binary,100,bot_79,3051,w,7,37.57,25,121.73,126,4.27,0
e1-100,binary,100,bot_79,3051,w,9,10.28,25,92.1,131,38.9,0
e1-100,binary,100,bot_79,3051,w,11,86.37,25,161.6,170,8.4,0
e1-100,binary,100,bot_79,3051,w,13,71.66,25,100.63,153,52.37,0
e1-100,binary,100,bot_79,3051,w,15,62.35,25,121.91,186,64.09,0
e1-100,binary,100,bot_79,3051,w,17,42.28,25,113.53,168,54.47,0
e1-100,binary,100,bot_79,3051,w,19,70.15,25,140.57,177,36.43,0
e1-100,binary,100,bot_79,3051,w,21,40.57,25,140.31,183,42.69,0
e1-100,binary,100,bot_79,3051,w,23,50.88,25,149.75,173,23.25,0
e1-100,binary,100,bot_79,3051,w,25,23.7,25,191.96,203,11.04,0
e1-100,binary,100,bot_79,3051,w,27,19.34,25,162.41,161,-1.41,0
e1-100,binary,100,bot_79,3051,w,29,17.91,25,222.71,226,3.29,0
e1-100,binary,100,bot_79,3051,w,31,120.68,25,116.1,217,100.9,0
e1-100,binary,100,bot_79,3051,w,33,112.99,25,118.13,214,95.87,0
e1-100,binary,100,bot_79,3051,w,35,84.21,25,129.82,207,77.18,0
e1-100,binary,100,bot_79,3051,w,37,100.86,25,144.47,217,72.53,0
e1-100,binary,100,bot_79,3051,w,39,115.2,25,144.05,229,84.95,0
e1-100,binary,100,bot_79,3051,w,41,109.36,25,171.31,253,81.69,0
e1-100,binary,100,bot_79,3051,w,43,74.67,25,156.39,241,84.61,0
e1-100,binary,100,bot_79,3051,w,45,72.02,25,142.12,207,64.88,0
e1-100,binary,100,bot_79,3051,w,47,62.1,25,123.74,155,31.26,0
e1-100,binary,100,bot_79,3051,w,49,63.93,25,158.53,209,50.47,0
e1-100,binary,100,bot_79,3051,w,51,55.05,25,150.28,184,33.72,0
e1-100,binary,100,bot_79,3051,w,53,55.25,25,156.71,206,49.29,0
e1-100,binary,100,bot_79,3051,w,55,39.91,25,156.55,187,30.45,0
e1-100,binary,100,bot_79,3051,w,57,32.12,25,169.6,204,34.4,0
e1-100,binary,100,bot_79,3051,w,59,26.37,25,171.61,188,16.39,0
e1-100,binary,100,bot_80,3051,b,2,31.5,25,58.28,89,30.72,0
e1-100,binary,100,bot_80,3051,b,4,49.04,25,76.66,116,39.34,0
e1-100,binary,100,bot_80,3051,b,6,9.37,25,67.04,89,21.96,0
e1-100,binary,100,bot_80,3051,b,8,44.32,25,89.29,99,9.71,0
e1-100,binary,100,bot_80,3051,b,10,13.46,25,119.5,102,-17.5,0
e1-100,binary,100,bot_80,3051,b,12,58.12,25,86.32,144,57.68,0
e1-100,binary,100,bot_80,3051,b,14,68.54,25,120.38,165,44.62,0
e1-100,binary,100,bot_80,3051,b,16,59.63,25,123.57,158,34.43,0
e1-100,binary,100,bot_80,3051,b,18,41.62,25,108.25,123,14.75,0
e1-100,binary,100,bot_80,3051,b,20,48.7,25,118.88,162,43.12,0
e1-100,binary,100,bot_80,3051,b,22,29.93,25,146.2,160,13.8,0
e1-100,binary,100,bot_80,3051,b,24,27.29,25,172.38,190,17.62,0
e1-100,binary,100,bot_80,3051,b,26,14.04,25,153.06,144,-9.06,0
e1-100,binary,100,bot_80,3051,b,28,19.95,25,181.84,170,-11.84,0
e1-100,binary,100,bot_80,3051,b,30,117.18,25,200.02,185,-15.02,0
e1-100,binary,100,bot_80,3051,b,32,112.19,25,112.46,200,87.54,0
e1-100,binary,100,bot_80,3051,b,34,93.29,25,126.3,206,79.7,0
e1-100,binary,100,bot_80,3051,b,36,88.33,25,147.73,198,50.27,0
e1-100,binary,100,bot_80,3051,b,38,102.07,25,137.32,205,67.68,0
e1-100,binary,100,bot_80,3051,b,40,97.6,25,168.64,250,81.36,0
e1-100,binary,100,bot_80,3051,b,42,100.95,25,121.02,197,75.98,0
e1-100,binary,100,bot_80,3051,b,44,82.29,25,120.81,163,42.19,0
e1-100,binary,100,bot_80,3051,b,46,49.27,25,122.42,165,42.58,0
e1-100,binary,100,bot_80,3051,b,48,68.08,25,151.53,185,33.47,0
e1-100,binary,100,bot_80,3051,b,50,49.35,25,144.01,178,33.99,0
e1-100,binary,100,bot_80,3051,b,52,66.29,25,150.51,176,25.49,0
e1-100,binary,100,bot_80,3051,b,54,47.69,25,135.91,161,25.09,0
e1-100,binary,100,bot_80,3051,b,56,51.36,25,157.73,168,10.27,0
e1-100,binary,100,bot_80,3051,b,58,34.67,25,177.87,181,3.13,0
e1-100,binary,100,bot_80,3051,b,60,23.91,25,118.53,116,-2.53,0
e1-100,binary,100,bot_81,3052,w,1,9.24,25,126.88,112,-14.88,0
e1-100,binary,100,bot_81,3052,w,3,55.36,25,143.32,131,-12.32,0
e1-100,binary,100,bot_81,3052,w,5,30.5,25,98.94,127,28.06,0
e1-100,binary,100,bot_81,3052,w,7,33.42,25,102.62,121,18.38,0
e1-100,binary,100,bot_81,3052,w,9,36.6,25,103.45,113,9.55,0
e1-100,binary,100,bot_81,3052,w,11,58.11,25,100.86,186,85.14,0
e1-100,binary,100,bot_81,3052,w,13,76.02,25,107.98,165,57.02,0
e1-100,binary,100,bot_81,3052,w,15,73.92,25,113.87,169,55.13,0
e1-100,binary,100,bot_81,3052,w,17,50.19,25,102.56,136,33.44,0
e1-100,binary,100,bot_81,3052,w,19,45.05,25,151.21,198,46.79,0
e1-100,binary,100,bot_81,3052,w,21,53.32,25,129.06,165,35.94,0
e1-100,binary,100,bot_81,3052,w,23,34.31,25,164.81,197,32.19,0
e1-100,binary,100,bot_81,3052,w,25,27.39,25,155.65,180,24.35,0
e1-100,binary,100,bot_81,3052,w,27,34.69,25,149.17,167,17.83,0
e1-100,binary,100,bot_81,3052,w,29,24.09,25,204.36,223,18.64,0
e1-100,binary,100,bot_81,3052,w,31,22.07,25,208.28,228,19.72,0
e1-100,binary,100,bot_81,3052,w,33,75.43,25,157.77,238,80.23,0
e1-100,binary,100,bot_81,3052,w,35,75.32,25,136.98,202,65.02,0
e1-100,binary,100,bot_81,3052,w,37,60.03,25,176.6,229,52.4,0
e1-100,binary,100,bot_81,3052,w,39,63.78,25,206.5,254,47.5,0
e1-100,binary,100,bot_81,3052,w,41,22.52,25,222.6,264,41.4,0
e1-100,binary,100,bot_81,3052,w,43,16.49,25,176.5,193,16.5,0
e1-100,binary,100,bot_81,3052,w,45,49.03,25,148.42,193,44.58,0
e1-100,binary,100,bot_81,3052,w,47,51.51,25,142.65,179,36.35,0
e1-100,binary,100,bot_81,3052,w,49,29.41,25,183.61,212,28.39,0
e1-100,binary,100,bot_81,3052,w,51,24.68,25,181.36,200,18.64,0
e1-100,binary,100,bot_81,3052,w,53,19.52,25,185.91,193,7.09,0
e1-100,binary,100,bot_81,3052,w,55,128.97,25,190.94,193,2.06,0
e1-100,binary,100,bot_81,3052,w,57,104.91,25,108.38,198,89.63,0
e1-100,binary,100,bot_81,3052,w,59,72.55,25,74.8,153,78.2,0
e1-100,binary,100,bot_82,3052,b,2,4.87,25,99.09,107,7.91,0
e1-100,binary,100,bot_82,3052,b,4,46.21,25,86.08,142,55.92,0
e1-100,binary,100,bot_82,3052,b,6,35.47,25,68.36,98,29.64,0
e1-100,binary,100,bot_82,3052,b,8,26.52,25,101.55,135,33.45,0
e1-100,binary,100,bot_82,3052,b,10,102.8,25,108.02,144,35.98,0
e1-100,binary,100,bot_82,3052,b,12,75.07,25,84.21,141,56.79,0
e1-100,binary,100,bot_82,3052,b,14,71.92,25,117.39,193,75.61,0
e1-100,binary,100,bot_82,3052,b,16,50.41,25,115.78,188,72.22,0
e1-100,binary,100,bot_82,3052,b,18,63.39,25,110.74,159,48.26,0
e1-100,binary,100,bot_82,3052,b,20,52.7,25,133.56,179,45.44,0
e1-100,binary,100,bot_82,3052,b,22,46.24,25,129.05,181,51.95,0
e1-100,binary,100,bot_82,3052,b,24,38.85,25,165.36,198,32.64,0
e1-100,binary,100,bot_82,3052,b,26,30.99,25,162.51,189,26.49,0
e1-100,binary,100,bot_82,3052,b,28,33.24,25,198.63,231,32.37,0
e1-100,binary,100,bot_82,3052,b,30,32.57,25,172.07,195,22.93,0
e1-100,binary,100,bot_82,3052,b,32,95.29,25,210.9,231,20.1,0
e1-100,binary,100,bot_82,3052,b,34,79.29,25,147.25,220,72.75,0
e1-100,binary,100,bot_82,3052,b,36,66.33,25,163.13,236,72.87,0
e1-100,binary,100,bot_82,3052,b,38,61.77,25,185.2,243,57.8,0
e1-100,binary,100,bot_82,3052,b,40,53.75,25,206.71,268,61.29,0
e1-100,binary,100,bot_82,3052,b,42,30.21,25,215.15,235,19.85,0
e1-100,binary,100,bot_82,3052,b,44,59.08,25,207.16,223,15.84,0
e1-100,binary,100,bot_82,3052,b,46,50.13,25,119.29,162,42.71,0
e1-100,binary,100,bot_82,3052,b,48,42.39,25,181.39,228,46.61,0
e1-100,binary,100,bot_82,3052,b,50,31.93,25,153.71,177,23.29,0
e1-100,binary,100,bot_82,3052,b,52,21.63,25,190.49,210,19.51,0
e1-100,binary,100,bot_82,3052,b,54,15.16,25,167.05,182,14.95,0
e1-100,binary,100,bot_82,3052,b,56,102.72,25,98.82,223,124.18,0
e1-100,binary,100,bot_82,3052,b,58,91.96,25,105.96,206,100.04,0
e1-100,binary,100,bot_82,3052,b,60,82.75,25,83.52,152,68.48,0
e1-100,binary,100,bot_83,3053,w,1,73.23,25,94.54,103,8.46,0
e1-100,binary,100,bot_83,3053,w,3,52.18,25,87.94,109,21.06,0
e1-100,binary,100,bot_83,3053,w,5,43.52,25,115.81,99,-16.81,0
e1-100,binary,100,bot_83,3053,w,7,13.67,25,88.68,107,18.32,0
e1-100,binary,100,bot_83,3053,w,9,11.92,25,157.97,145,-12.97,0
e1-100,binary,100,bot_83,3053,w,11,85.87,25,146.09,129,-17.09,0
e1-100,binary,100,bot_83,3053,w,13,64.92,25,119.5,163,43.5,0
e1-100,binary,100,bot_83,3053,w,15,44.88,25,111.2,145,33.8,0
e1-100,binary,100,bot_83,3053,w,17,74.03,25,136.15,149,12.85,0
e1-100,binary,100,bot_83,3053,w,19,45.13,25,135.77,156,20.23,0
e1-100,binary,100,bot_83,3053,w,21,57.54,25,144.32,145,0.68,0
e1-100,binary,100,bot_83,3053,w,23,19.67,25,195.94,184,-11.94,0
e1-100,binary,100,bot_83,3053,w,25,16.49,25,165.44,141,-24.44,0
e1-100,binary,100,bot_83,3053,w,27,131.33,25,227.98,206,-21.98,0
e1-100,binary,100,bot_83,3053,w,29,114.18,25,121.89,191,69.11,0
e1-100,binary,100,bot_83,3053,w,31,106.06,25,124.98,197,72.02,0
e1-100,binary,100,bot_83,3053,w,33,80.57,25,133.82,186,52.18,0
e1-100,binary,100,bot_83,3053,w,35,95.42,25,149.7,200,50.3,0
e1-100,binary,100,bot_83,3053,w,37,109.43,25,150.01,208,57.99,0
e1-100,binary,100,bot_83,3053,w,39,101.36,25,179.37,237,57.63,0
e1-100,binary,100,bot_83,3053,w,41,68.81,25,161.94,223,61.06,0
e1-100,binary,100,bot_83,3053,w,43,68.22,25,145.88,193,47.12,0
e1-100,binary,100,bot_83,3053,w,45,57.26,25,128.56,143,14.44,0
e1-100,binary,100,bot_83,3053,w,47,57.37,25,165.05,197,31.95,0
e1-100,binary,100,bot_83,3053,w,49,49.9,25,155.4,170,14.6,0
e1-100,binary,100,bot_83,3053,w,51,51.01,25,160.86,189,28.14,0
e1-100,binary,100,bot_83,3053,w,53,34.66,25,161.71,173,11.29,0
e1-100,binary,100,bot_83,3053,w,55,28.54,25,172.93,186,13.07,0
e1-100,binary,100,bot_83,3053,w,57,22.43,25,175.05,171,-4.05,0
e1-100,binary,100,bot_83,3053,w,59,14.77,25,151.99,141,-10.99,0
e1-100,binary,100,bot_84,3053,b,2,52.43,25,73.23,125,51.77,0
e1-100,binary,100,bot_84,3053,b,4,13.1,25,63.5,94,30.5,0
e1-100,binary,100,bot_84,3053,b,6,48.93,25,84.82,106,21.18,0
e1-100,binary,100,bot_84,3053,b,8,17.37,25,115.27,106,-9.27,0
e1-100,binary,100,bot_84,3053,b,10,13.93,25,148.18,138,-10.18,0
e1-100,binary,100,bot_84,3053,b,12,75.16,25,114.27,178,63.73,0
e1-100,binary,100,bot_84,3053,b,14,64.38,25,118.6,161,42.4,0
e1-100,binary,100,bot_84,3053,b,16,45.01,25,104.63,127,22.37,0
e1-100,binary,100,bot_84,3053,b,18,51.91,25,116.14,169,52.86,0
e1-100,binary,100,bot_84,3053,b,20,32.42,25,143.82,167,23.18,0
e1-100,binary,100,bot_84,3053,b,22,23.02,25,176.71,205,28.29,0
e1-100,binary,100,bot_84,3053,b,24,11.37,25,155.52,146,-9.52,0
e1-100,binary,100,bot_84,3053,b,26,14.26,25,187.93,176,-11.93,0
e1-100,binary,100,bot_84,3053,b,28,106.81,25,92.94,195,102.06,0
e1-100,binary,100,bot_84,3053,b,30,107.64,25,117.06,203,85.94,0
e1-100,binary,100,bot_84,3053,b,32,86.4,25,132.8,210,77.2,0
e1-100,binary,100,bot_84,3053,b,34,85.05,25,150.92,203,52.08,0
e1-100,binary,100,bot_84,3053,b,36,94.57,25,144.79,211,66.21,0
e1-100,binary,100,bot_84,3053,b,38,93.47,25,172.72,254,81.28,0
e1-100,binary,100,bot_84,3053,b,40,97.59,25,124.04,197,72.96,0
e1-100,binary,100,bot_84,3053,b,42,78.74,25,124.57,164,39.43,0
e1-100,binary,100,bot_84,3053,b,44,46,25,125.29,168,42.71,0
e1-100,binary,100,bot_84,3053,b,46,63.67,25,156.34,188,31.66,0
e1-100,binary,100,bot_84,3053,b,48,44.76,25,148.28,179,30.72,0
e1-100,binary,100,bot_84,3053,b,50,58.8,25,158.51,182,23.49,0
e1-100,binary,100,bot_84,3053,b,52,42.46,25,140.95,167,26.05,0
e1-100,binary,100,bot_84,3053,b,54,44.34,25,165.37,174,8.63,0
e1-100,binary,100,bot_84,3053,b,56,27.23,25,185.46,188,2.54,0
e1-100,binary,100,bot_84,3053,b,58,19.14,25,123.4,121,-2.4,0
e1-100,binary,100,bot_84,3053,b,60,22.4,25,169.32,158,-11.32,0
e1-100,binary,100,bot_85,3054,w,1,57.77,25,68.03,150,81.97,0
e1-100,binary,100,bot_85,3054,w,3,17.08,25,59.87,112,52.13,0
e1-100,binary,100,bot_85,3054,w,5,56.25,25,77.67,125,47.33,0
e1-100,binary,100,bot_85,3054,w,7,20.94,25,111.91,124,12.09,0
e1-100,binary,100,bot_85,3054,w,9,19,25,142.89,161,18.11,0
e1-100,binary,100,bot_85,3054,w,11,19.45,25,164.8,180,15.2,0
e1-100,binary,100,bot_85,3054,w,13,80.41,25,174.15,181,6.85,0
e1-100,binary,100,bot_85,3054,w,15,51.21,25,97.68,145,47.32,0
e1-100,binary,100,bot_85,3054,w,17,58.13,25,110.65,184,73.35,0
e1-100,binary,100,bot_85,3054,w,19,44.37,25,131.77,175,43.23,0
e1-100,binary,100,bot_85,3054,w,21,20.9,25,178.82,228,49.18,0
e1-100,binary,100,bot_85,3054,w,23,9.99,25,156.81,155,-1.81,0
e1-100,binary,100,bot_85,3054,w,25,138.27,25,190.91,188,-2.91,0
e1-100,binary,100,bot_85,3054,w,27,104.23,25,94.66,192,97.34,0
e1-100,binary,100,bot_85,3054,w,29,105.98,25,118.82,213,94.18,0
e1-100,binary,100,bot_85,3054,w,31,82.34,25,136.81,222,85.19,0
e1-100,binary,100,bot_85,3054,w,33,82.23,25,153.77,214,60.23,0
e1-100,binary,100,bot_85,3054,w,35,89.87,25,149.52,224,74.48,0
e1-100,binary,100,bot_85,3054,w,37,86.75,25,179.54,268,88.46,0
e1-100,binary,100,bot_85,3054,w,39,88.58,25,133.21,214,80.79,0
e1-100,binary,100,bot_85,3054,w,41,74.53,25,128.96,178,49.04,0
e1-100,binary,100,bot_85,3054,w,43,42.49,25,128.75,176,47.25,0
e1-100,binary,100,bot_85,3054,w,45,59.55,25,160.64,198,37.36,0
e1-100,binary,100,bot_85,3054,w,47,41.43,25,151.58,188,36.42,0
e1-100,binary,100,bot_85,3054,w,49,52.3,25,165.17,194,28.83,0
e1-100,binary,100,bot_85,3054,w,51,39.53,25,143.83,174,30.17,0
e1-100,binary,100,bot_85,3054,w,53,39.63,25,170.24,185,14.76,0
e1-100,binary,100,bot_85,3054,w,55,26.79,25,185.89,195,9.11,0
e1-100,binary,100,bot_85,3054,w,57,16,25,126.58,129,2.42,0
e1-100,binary,100,bot_85,3054,w,59,22.22,25,169.44,164,-5.44,0
e1-100,binary,100,bot_86,3054,b,2,59.85,25,80.31,110,29.69,0
e1-100,binary,100,bot_86,3054,b,4,56.52,25,102.81,91,-11.81,0
e1-100,binary,100,bot_86,3054,b,6,20.29,25,81.45,111,29.55,0
e1-100,binary,100,bot_86,3054,b,8,26.23,25,143.83,136,-7.83,0
e1-100,binary,100,bot_86,3054,b,10,24.93,25,133.92,125,-8.92,0
e1-100,binary,100,bot_86,3054,b,12,16.73,25,173.25,165,-8.25,0
e1-100,binary,100,bot_86,3054,b,14,56.43,25,101.12,155,53.88,0
e1-100,binary,100,bot_86,3054,b,16,82.75,25,127.19,150,22.81,0
e1-100,binary,100,bot_86,3054,b,18,53.52,25,127.5,158,30.5,0
e1-100,binary,100,bot_86,3054,b,20,69.44,25,134.23,151,16.77,0
e1-100,binary,100,bot_86,3054,b,22,17.42,25,198.26,187,-11.26,0
e1-100,binary,100,bot_86,3054,b,24,15.43,25,166.79,145,-21.79,0
e1-100,binary,100,bot_86,3054,b,26,116.45,25,116.1,222,105.9,0
e1-100,binary,100,bot_86,3054,b,28,113.08,25,122.67,194,71.33,0
e1-100,binary,100,bot_86,3054,b,30,104.26,25,126.62,199,72.38,0
e1-100,binary,100,bot_86,3054,b,32,79.74,25,134.89,185,50.11,0
e1-100,binary,100,bot_86,3054,b,34,93.32,25,151.44,201,49.56,0
e1-100,binary,100,bot_86,3054,b,36,106.93,25,152.68,209,56.32,0
e1-100,binary,100,bot_86,3054,b,38,98.94,25,181.76,235,53.24,0
e1-100,binary,100,bot_86,3054,b,40,68.56,25,161.66,218,56.34,0
e1-100,binary,100,bot_86,3054,b,42,67.15,25,146.89,192,45.11,0
e1-100,binary,100,bot_86,3054,b,44,55.93,25,129.82,143,13.18,0
e1-100,binary,100,bot_86,3054,b,46,55.72,25,166.4,196,29.6,0
e1-100,binary,100,bot_86,3054,b,48,48.2,25,156.98,169,12.02,0
e1-100,binary,100,bot_86,3054,b,50,49.48,25,162.14,185,22.86,0
e1-100,binary,100,bot_86,3054,b,52,33.22,25,163.01,173,9.99,0
e1-100,binary,100,bot_86,3054,b,54,27.91,25,173.52,183,9.48,0
e1-100,binary,100,bot_86,3054,b,56,21.12,25,175.92,172,-3.92,0
e1-100,binary,100,bot_86,3054,b,58,14.16,25,152.98,140,-12.98,0
e1-100,binary,100,bot_86,3054,b,60,74.59,25,179.96,173,-6.96,0
e1-100,binary,100,bot_87,3055,w,1,34.26,25,95.43,128,32.57,0
e1-100,binary,100,bot_87,3055,w,3,40.3,25,95.6,107,11.4,0
e1-100,binary,100,bot_87,3055,w,5,45.74,25,94.53,98,3.47,0
e1-100,binary,100,bot_87,3055,w,7,19.63,25,169.68,160,-9.68,0
e1-100,binary,100,bot_87,3055,w,9,98.28,25,164.2,147,-17.2,0
e1-100,binary,100,bot_87,3055,w,11,90.73,25,98.19,156,57.81,0
e1-100,binary,100,bot_87,3055,w,13,61.05,25,92.63,129,36.37,0
e1-100,binary,100,bot_87,3055,w,15,57.52,25,138.47,188,49.53,0
e1-100,binary,100,bot_87,3055,w,17,74.08,25,109.36,147,37.64,0
e1-100,binary,100,bot_87,3055,w,19,48.22,25,151.75,191,39.25,0
e1-100,binary,100,bot_87,3055,w,21,36.72,25,146.57,182,35.43,0
e1-100,binary,100,bot_87,3055,w,23,46.1,25,136.87,165,28.13,0
e1-100,binary,100,bot_87,3055,w,25,41.21,25,187.7,210,22.3,0
e1-100,binary,100,bot_87,3055,w,27,39.94,25,191.1,217,25.9,0
e1-100,binary,100,bot_87,3055,w,29,29.83,25,205.95,210,4.05,0
e1-100,binary,100,bot_87,3055,w,31,23.11,25,195.63,190,-5.63,0
e1-100,binary,100,bot_87,3055,w,33,87.78,25,226.73,226,-0.73,0
e1-100,binary,100,bot_87,3055,w,35,77.16,25,193.48,248,54.52,0
e1-100,binary,100,bot_87,3055,w,37,34.8,25,211.35,260,48.65,0
e1-100,binary,100,bot_87,3055,w,39,28.18,25,165.69,193,27.31,0
e1-100,binary,100,bot_87,3055,w,41,66.53,25,131.84,188,56.16,0
e1-100,binary,100,bot_87,3055,w,43,63.76,25,130.81,177,46.19,0
e1-100,binary,100,bot_87,3055,w,45,46.9,25,166.31,203,36.69,0
e1-100,binary,100,bot_87,3055,w,47,43.62,25,162.07,186,23.93,0
e1-100,binary,100,bot_87,3055,w,49,29.75,25,175.21,183,7.79,0
e1-100,binary,100,bot_87,3055,w,51,20.71,25,179.91,183,3.09,0
e1-100,binary,100,bot_87,3055,w,53,15.88,25,187.49,184,-3.49,0
e1-100,binary,100,bot_87,3055,w,55,87.71,25,158.83,149,-9.83,0
e1-100,binary,100,bot_87,3055,w,57,103.75,25,82.72,162,79.28,0
e1-100,binary,100,bot_87,3055,w,59,84.69,25,89.68,158,68.32,0
e1-100,binary,100,bot_88,3055,b,2,39.28,25,64.36,64,-0.36,0
e1-100,binary,100,bot_88,3055,b,4,31.15,25,96.68,102,5.32,0
e1-100,binary,100,bot_88,3055,b,6,18.75,25,100.52,111,10.48,0
e1-100,binary,100,bot_88,3055,b,8,11.2,25,128.94,114,-14.94,0
e1-100,binary,100,bot_88,3055,b,10,87.4,25,102.35,165,62.65,0
e1-100,binary,100,bot_88,3055,b,12,64.41,25,101.31,156,54.69,0
e1-100,binary,100,bot_88,3055,b,14,77.16,25,96.31,122,25.69,0
e1-100,binary,100,bot_88,3055,b,16,65.69,25,120.41,143,22.59,0
e1-100,binary,100,bot_88,3055,b,18,61.27,25,113.29,151,37.71,0
e1-100,binary,100,bot_88,3055,b,20,57.37,25,146.76,167,20.24,0
e1-100,binary,100,bot_88,3055,b,22,50.95,25,142.54,152,9.46,0
e1-100,binary,100,bot_88,3055,b,24,46,25,186.71,204,17.29,0
e1-100,binary,100,bot_88,3055,b,26,47.63,25,156.01,169,12.99,0
e1-100,binary,100,bot_88,3055,b,28,26.78,25,198.2,211,12.8,0
e1-100,binary,100,bot_88,3055,b,30,16.71,25,198.42,202,3.58,0
e1-100,binary,100,bot_88,3055,b,32,20.73,25,214.27,210,-4.27,0
e1-100,binary,100,bot_88,3055,b,34,76.5,25,170.91,231,60.09,0
e1-100,binary,100,bot_88,3055,b,36,71.11,25,188.52,238,49.48,0
e1-100,binary,100,bot_88,3055,b,38,49.71,25,194.73,201,6.27,0
e1-100,binary,100,bot_88,3055,b,40,77.07,25,188.17,189,0.83,0
e1-100,binary,100,bot_88,3055,b,42,65.58,25,102.78,145,42.22,0
e1-100,binary,100,bot_88,3055,b,44,57.33,25,166.25,205,38.75,0
e1-100,binary,100,bot_88,3055,b,46,43.59,25,142.45,165,22.55,0
e1-100,binary,100,bot_88,3055,b,48,26.72,25,185.71,205,19.29,0
e1-100,binary,100,bot_88,3055,b,50,23.19,25,159.6,165,5.4,0
e1-100,binary,100,bot_88,3055,b,52,16.26,25,199.86,195,-4.86,0
e1-100,binary,100,bot_88,3055,b,54,8.61,25,204.39,196,-8.39,0
e1-100,binary,100,bot_88,3055,b,56,99.11,25,67.56,132,64.44,0
e1-100,binary,100,bot_88,3055,b,58,88.91,25,107.1,187,79.9,0
e1-100,binary,100,bot_88,3055,b,60,96.46,25,105.12,165,59.88,0
e1-100,binary,100,bot_89,3056,w,1,39.94,25,63.89,84,20.11,0
e1-100,binary,100,bot_89,3056,w,3,31.63,25,96.2,107,10.8,0
e1-100,binary,100,bot_89,3056,w,5,19.7,25,99.55,117,17.45,0
e1-100,binary,100,bot_89,3056,w,7,13.32,25,127.04,119,-8.04,0
e1-100,binary,100,bot_89,3056,w,9,98.11,25,177.07,160,-17.07,0
e1-100,binary,100,bot_89,3056,w,11,68.02,25,97.73,162,64.27,0
e1-100,binary,100,bot_89,3056,w,13,81.17,25,91.96,127,35.04,0
e1-100,binary,100,bot_89,3056,w,15,69.82,25,116.26,146,29.74,0
e1-100,binary,100,bot_89,3056,w,17,65.56,25,108.31,156,47.69,0
e1-100,binary,100,bot_89,3056,w,19,62.4,25,141.74,171,29.26,0
e1-100,binary,100,bot_89,3056,w,21,56.92,25,136.39,152,15.61,0
e1-100,binary,100,bot_89,3056,w,23,53.54,25,179.18,204,24.82,0
e1-100,binary,100,bot_89,3056,w,25,52.44,25,150.67,174,23.33,0
e1-100,binary,100,bot_89,3056,w,27,32.93,25,192.17,213,20.83,0
e1-100,binary,100,bot_89,3056,w,29,21.93,25,193.13,204,10.87,0
e1-100,binary,100,bot_89,3056,w,31,27.23,25,207.68,211,3.32,0
e1-100,binary,100,bot_89,3056,w,33,17.15,25,219.62,217,-2.62,0
e1-100,binary,100,bot_89,3056,w,35,76.76,25,183.94,268,84.06,0
e1-100,binary,100,bot_89,3056,w,37,56.43,25,187.69,205,17.31,0
e1-100,binary,100,bot_89,3056,w,39,83.81,25,181.23,191,9.77,0
e1-100,binary,100,bot_89,3056,w,41,69.66,25,98.15,147,48.85,0
e1-100,binary,100,bot_89,3056,w,43,63.4,25,159.91,209,49.09,0
e1-100,binary,100,bot_89,3056,w,45,51.49,25,134.07,166,31.93,0
e1-100,binary,100,bot_89,3056,w,47,33.2,25,179.04,208,28.96,0
e1-100,binary,100,bot_89,3056,w,49,25.17,25,157.73,170,12.27,0
e1-100,binary,100,bot_89,3056,w,51,22.44,25,193.62,199,5.38,0
e1-100,binary,100,bot_89,3056,w,53,15.45,25,197.94,199,1.06,0
e1-100,binary,100,bot_89,3056,w,55,13.33,25,133.32,123,-10.32,0
e1-100,binary,100,bot_89,3056,w,57,90.6,25,106.44,200,93.56,0
e1-100,binary,100,bot_89,3056,w,59,98.47,25,103.29,170,66.71,0
e1-100,binary,100,bot_90,3056,b,2,41.02,25,94.88,95,0.12,0
e1-100,binary,100,bot_90,3056,b,4,47.55,25,92.73,84,-8.73,0
e1-100,binary,100,bot_90,3056,b,6,21.29,25,167.96,148,-19.96,0
e1-100,binary,100,bot_90,3056,b,8,13.57,25,162.32,136,-26.32,0
e1-100,binary,100,bot_90,3056,b,10,93.49,25,95.91,153,57.09,0
e1-100,binary,100,bot_90,3056,b,12,64.51,25,89.35,117,27.65,0
e1-100,binary,100,bot_90,3056,b,14,60.09,25,136.04,177,40.96,0
e1-100,binary,100,bot_90,3056,b,16,77.68,25,105.77,136,30.23,0
e1-100,binary,100,bot_90,3056,b,18,53.74,25,146.48,182,35.52,0
e1-100,binary,100,bot_90,3056,b,20,39.6,25,143.65,174,30.35,0
e1-100,binary,100,bot_90,3056,b,22,47.93,25,134.44,162,27.56,0
e1-100,binary,100,bot_90,3056,b,24,46.67,25,182.52,205,22.48,0
e1-100,binary,100,bot_90,3056,b,26,44.93,25,186.3,208,21.7,0
e1-100,binary,100,bot_90,3056,b,28,34.83,25,200.7,202,1.3,0
e1-100,binary,100,bot_90,3056,b,30,27.51,25,191.23,183,-8.23,0
e1-100,binary,100,bot_90,3056,b,32,21.32,25,222.75,219,-3.75,0
e1-100,binary,100,bot_90,3056,b,34,107.18,25,243.27,230,-13.27,0
e1-100,binary,100,bot_90,3056,b,36,41.24,25,205.13,252,46.87,0
e1-100,binary,100,bot_90,3056,b,38,32.81,25,161.19,185,23.81,0
e1-100,binary,100,bot_90,3056,b,40,69.7,25,128.89,185,56.11,0
e1-100,binary,100,bot_90,3056,b,42,69.77,25,124.94,167,42.06,0
e1-100,binary,100,bot_90,3056,b,44,52.78,25,160.52,196,35.48,0
e1-100,binary,100,bot_90,3056,b,46,49.97,25,156,182,26,0
e1-100,binary,100,bot_90,3056,b,48,32.97,25,172.02,179,6.98,0
e1-100,binary,100,bot_90,3056,b,50,26.09,25,174.51,172,-2.51,0
e1-100,binary,100,bot_90,3056,b,52,21.77,25,181.68,176,-5.68,0
e1-100,binary,100,bot_90,3056,b,54,10.71,25,154.58,143,-11.58,0
e1-100,binary,100,bot_90,3056,b,56,114.86,25,172,159,-13,0
e1-100,binary,100,bot_90,3056,b,58,87.35,25,87.04,150,62.96,0
e1-100,binary,100,bot_90,3056,b,60,97.36,25,86.07,158,71.93,0
e1-100,binary,100,bot_91,3057,w,1,30.11,25,105.86,109,3.14,0
e1-100,binary,100,bot_91,3057,w,3,70.13,25,106.45,115,8.55,0
e1-100,binary,100,bot_91,3057,w,5,64.23,25,124.96,152,27.04,0
e1-100,binary,100,bot_91,3057,w,7,58.79,25,114.06,132,17.94,0
e1-100,binary,100,bot_91,3057,w,9,50.21,25,132.84,159,26.16,0
e1-100,binary,100,bot_91,3057,w,11,31.93,25,122.74,140,17.26,0
e1-100,binary,100,bot_91,3057,w,13,58.3,25,154.95,160,5.05,0
e1-100,binary,100,bot_91,3057,w,15,30.12,25,150.53,158,7.47,0
e1-100,binary,100,bot_91,3057,w,17,28.74,25,170.92,165,-5.92,0
e1-100,binary,100,bot_91,3057,w,19,14.72,25,201.03,188,-13.03,0
e1-100,binary,100,bot_91,3057,w,21,110.81,25,169.81,148,-21.81,0
e1-100,binary,100,bot_91,3057,w,23,110.57,25,121.46,214,92.54,0
e1-100,binary,100,bot_91,3057,w,25,108.32,25,127.23,198,70.77,0
e1-100,binary,100,bot_91,3057,w,27,98.64,25,132.39,205,72.61,0
e1-100,binary,100,bot_91,3057,w,29,75.98,25,138.95,187,48.05,0
e1-100,binary,100,bot_91,3057,w,31,88.55,25,156.08,205,48.92,0
e1-100,binary,100,bot_91,3057,w,33,99.18,25,160.71,213,52.29,0
e1-100,binary,100,bot_91,3057,w,35,91.28,25,189.47,241,51.53,0
e1-100,binary,100,bot_91,3057,w,37,63.3,25,166.64,220,53.36,0
e1-100,binary,100,bot_91,3057,w,39,63.38,25,150.8,194,43.2,0
e1-100,binary,100,bot_91,3057,w,41,51.6,25,134.27,146,11.73,0
e1-100,binary,100,bot_91,3057,w,43,52.42,25,169.69,198,28.31,0
e1-100,binary,100,bot_91,3057,w,45,39.1,25,166.18,177,10.82,0
e1-100,binary,100,bot_91,3057,w,47,42.36,25,169.99,191,21.01,0
e1-100,binary,100,bot_91,3057,w,49,25.75,25,170.57,180,9.43,0
e1-100,binary,100,bot_91,3057,w,51,24.15,25,177.48,187,9.52,0
e1-100,binary,100,bot_91,3057,w,53,18.92,25,178.09,176,-2.09,0
e1-100,binary,100,bot_91,3057,w,55,11.9,25,155.33,141,-14.33,0
e1-100,binary,100,bot_91,3057,w,57,57.08,25,119.96,186,66.04,0
e1-100,binary,100,bot_91,3057,w,59,42.45,25,136.78,175,38.22,0
e1-100,binary,100,bot_92,3057,b,2,34.02,25,99.62,115,15.38,0
e1-100,binary,100,bot_92,3057,b,4,51.54,25,68.46,124,55.54,0
e1-100,binary,100,bot_92,3057,b,6,43.47,25,99.71,149,49.29,0
e1-100,binary,100,bot_92,3057,b,8,51.51,25,137.25,182,44.75,0
e1-100,binary,100,bot_92,3057,b,10,42.94,25,141.5,176,34.5,0
e1-100,binary,100,bot_92,3057,b,12,30.05,25,120.81,138,17.19,0
e1-100,binary,100,bot_92,3057,b,14,33.78,25,131.27,176,44.73,0
e1-100,binary,100,bot_92,3057,b,16,19.1,25,157.05,173,15.95,0
e1-100,binary,100,bot_92,3057,b,18,18.93,25,180.3,186,5.7,0
e1-100,binary,100,bot_92,3057,b,20,8.88,25,157.39,148,-9.39,0
e1-100,binary,100,bot_92,3057,b,22,124.02,25,107.63,195,87.37,0
e1-100,binary,100,bot_92,3057,b,24,101.84,25,97.33,183,85.67,0
e1-100,binary,100,bot_92,3057,b,26,104.04,25,121.04,206,84.96,0
e1-100,binary,100,bot_92,3057,b,28,77.42,25,141.31,216,74.69,0
e1-100,binary,100,bot_92,3057,b,30,79.88,25,156.27,207,50.73,0
e1-100,binary,100,bot_92,3057,b,32,84.44,25,154.88,220,65.12,0
e1-100,binary,100,bot_92,3057,b,34,82.06,25,184.21,261,76.79,0
e1-100,binary,100,bot_92,3057,b,36,84.17,25,137.67,205,67.33,0
e1-100,binary,100,bot_92,3057,b,38,71.05,25,132.84,172,39.16,0
e1-100,binary,100,bot_92,3057,b,40,40.21,25,130.46,171,40.54,0
e1-100,binary,100,bot_92,3057,b,42,56.71,25,164.08,193,28.92,0
e1-100,binary,100,bot_92,3057,b,44,39,25,153.56,183,29.44,0
e1-100,binary,100,bot_92,3057,b,46,48.43,25,169.37,186,16.63,0
e1-100,binary,100,bot_92,3057,b,48,36.84,25,145.36,165,19.64,0
e1-100,binary,100,bot_92,3057,b,50,36.58,25,173.56,176,2.44,0
e1-100,binary,100,bot_92,3057,b,52,25.42,25,186.62,188,1.38,0
e1-100,binary,100,bot_92,3057,b,54,13.38,25,129.25,126,-3.25,0
e1-100,binary,100,bot_92,3057,b,56,94.44,25,174.71,164,-10.71,0
e1-100,binary,100,bot_92,3057,b,58,66.5,25,119.27,154,34.73,0
e1-100,binary,100,bot_92,3057,b,60,54.96,25,147.37,167,19.63,0
e1-100,binary,100,bot_93,3058,w,1,66.49,25,67.78,137,69.22,0
e1-100,binary,100,bot_93,3058,w,3,26.16,25,106.99,132,25.01,0
e1-100,binary,100,bot_93,3058,w,5,24.32,25,137.03,163,25.97,0
e1-100,binary,100,bot_93,3058,w,7,32.15,25,152.16,178,25.84,0
e1-100,binary,100,bot_93,3058,w,9,22.14,25,164.1,179,14.9,0
e1-100,binary,100,bot_93,3058,w,11,19.86,25,132.48,141,8.52,0
e1-100,binary,100,bot_93,3058,w,13,12.34,25,180.75,187,6.25,0
e1-100,binary,100,bot_93,3058,w,15,52.18,25,123.83,183,59.17,0
e1-100,binary,100,bot_93,3058,w,17,16.89,25,182.33,242,59.67,0
e1-100,binary,100,bot_93,3058,w,19,106.91,25,159.38,150,-9.38,0
e1-100,binary,100,bot_93,3058,w,21,119.94,25,111.59,185,73.41,0
e1-100,binary,100,bot_93,3058,w,23,99.11,25,100.24,186,85.76,0
e1-100,binary,100,bot_93,3058,w,25,99.84,25,125.28,208,82.72,0
e1-100,binary,100,bot_93,3058,w,27,73.4,25,145.11,218,72.89,0
e1-100,binary,100,bot_93,3058,w,29,77.25,25,158.87,210,51.13,0
e1-100,binary,100,bot_93,3058,w,31,80.59,25,158.69,222,63.31,0
e1-100,binary,100,bot_93,3058,w,33,79.18,25,186.97,258,71.03,0
e1-100,binary,100,bot_93,3058,w,35,78.04,25,143.87,207,63.13,0
e1-100,binary,100,bot_93,3058,w,37,64.16,25,140.06,172,31.94,0
e1-100,binary,100,bot_93,3058,w,39,38.01,25,132.29,171,38.71,0
e1-100,binary,100,bot_93,3058,w,41,50.85,25,170.32,197,26.68,0
e1-100,binary,100,bot_93,3058,w,43,35.66,25,156.68,182,25.32,0
e1-100,binary,100,bot_93,3058,w,45,40.97,25,177.15,189,11.85,0
e1-100,binary,100,bot_93,3058,w,47,30.49,25,151.51,169,17.49,0
e1-100,binary,100,bot_93,3058,w,49,29.67,25,180.85,181,0.15,0
e1-100,binary,100,bot_93,3058,w,51,20.57,25,191.81,191,-0.81,0
e1-100,binary,100,bot_93,3058,w,53,46.75,25,98.07,139,40.93,0
e1-100,binary,100,bot_93,3058,w,55,69.35,25,138.5,176,37.5,0
e1-100,binary,100,bot_93,3058,w,57,58.62,25,127.46,159,31.54,0
e1-100,binary,100,bot_93,3058,w,59,49.4,25,153.42,170,16.58,0
e1-100,binary,100,bot_94,3058,b,2,37.53,25,63.42,108,44.58,0
e1-100,binary,100,bot_94,3058,b,4,39.21,25,131.48,135,3.52,0
e1-100,binary,100,bot_94,3058,b,6,39.98,25,119.02,121,1.98,0
e1-100,binary,100,bot_94,3058,b,8,29.32,25,160.36,170,9.64,0
e1-100,binary,100,bot_94,3058,b,10,20.85,25,146.42,146,-0.42,0
e1-100,binary,100,bot_94,3058,b,12,19.25,25,155.23,151,-4.23,0
e1-100,binary,100,bot_94,3058,b,14,72.9,25,174.65,164,-10.65,0
e1-100,binary,100,bot_94,3058,b,16,81.41,25,126.24,156,29.76,0
e1-100,binary,100,bot_94,3058,b,18,13.14,25,202.91,191,-11.91,0
e1-100,binary,100,bot_94,3058,b,20,96.27,25,84.71,163,78.29,0
e1-100,binary,100,bot_94,3058,b,22,107,25,124.71,215,90.29,0
e1-100,binary,100,bot_94,3058,b,24,105.05,25,130.13,200,69.87,0
e1-100,binary,100,bot_94,3058,b,26,94.44,25,136.94,207,70.06,0
e1-100,binary,100,bot_94,3058,b,28,73.97,25,141.38,184,42.63,0
e1-100,binary,100,bot_94,3058,b,30,85.48,25,158.86,207,48.14,0
e1-100,binary,100,bot_94,3058,b,32,92.91,25,167.55,219,51.45,0
e1-100,binary,100,bot_94,3058,b,34,85.3,25,195.6,245,49.4,0
e1-100,binary,100,bot_94,3058,b,36,55.27,25,174.28,223,48.72,0
e1-100,binary,100,bot_94,3058,b,38,60.32,25,154.6,193,38.4,0
e1-100,binary,100,bot_94,3058,b,40,48.32,25,137.52,149,11.48,0
e1-100,binary,100,bot_94,3058,b,42,46.44,25,175.47,199,23.53,0
e1-100,binary,100,bot_94,3058,b,44,32.38,25,172.98,182,9.02,0
e1-100,binary,100,bot_94,3058,b,46,38.51,25,173.77,188,14.23,0
e1-100,binary,100,bot_94,3058,b,48,21.52,25,174.77,179,4.23,0
e1-100,binary,100,bot_94,3058,b,50,20.91,25,180.79,184,3.21,0
e1-100,binary,100,bot_94,3058,b,52,61.24,25,180.91,175,-5.91,0
e1-100,binary,100,bot_94,3058,b,54,58.25,25,123.07,144,20.93,0
e1-100,binary,100,bot_94,3058,b,56,51.08,25,125.45,168,42.55,0
e1-100,binary,100,bot_94,3058,b,58,37.8,25,140.88,172,31.12,0
e1-100,binary,100,bot_94,3058,b,60,39.52,25,133.62,156,22.38,0
e1-100,binary,100,bot_95,3059,w,1,53.56,25,86.84,105,18.16,0
e1-100,binary,100,bot_95,3059,w,3,31.7,25,157.66,161,3.34,0
e1-100,binary,100,bot_95,3059,w,5,25.62,25,149.41,146,-3.41,0
e1-100,binary,100,bot_95,3059,w,7,17.08,25,164.93,160,-4.93,0
e1-100,binary,100,bot_95,3059,w,9,8.62,25,144.51,136,-8.51,0
e1-100,binary,100,bot_95,3059,w,11,75.52,25,122.3,202,79.7,0
e1-100,binary,100,bot_95,3059,w,13,95.29,25,90.02,153,62.98,0
e1-100,binary,100,bot_95,3059,w,15,68.94,25,133.64,186,52.36,0
e1-100,binary,100,bot_95,3059,w,17,49.27,25,133.96,184,50.04,0
e1-100,binary,100,bot_95,3059,w,19,62.03,25,119.42,164,44.58,0
e1-100,binary,100,bot_95,3059,w,21,65.82,25,164.36,206,41.64,0
e1-100,binary,100,bot_95,3059,w,23,65.81,25,166.73,203,36.27,0
e1-100,binary,100,bot_95,3059,w,25,53.04,25,181.13,204,22.87,0
e1-100,binary,100,bot_95,3059,w,27,46.12,25,171.29,180,8.71,0
e1-100,binary,100,bot_95,3059,w,29,41.91,25,202.65,213,10.35,0
e1-100,binary,100,bot_95,3059,w,31,43.01,25,221.05,225,3.95,0
e1-100,binary,100,bot_95,3059,w,33,30.78,25,250.46,257,6.54,0
e1-100,binary,100,bot_95,3059,w,35,19.19,25,207.77,205,-2.77,0
e1-100,binary,100,bot_95,3059,w,37,24.55,25,189.7,184,-5.7,0
e1-100,binary,100,bot_95,3059,w,39,96.32,25,176.76,158,-18.76,0
e1-100,binary,100,bot_95,3059,w,41,71.54,25,141.37,198,56.63,0
e1-100,binary,100,bot_95,3059,w,43,66.04,25,139.57,181,41.43,0
e1-100,binary,100,bot_95,3059,w,45,46.41,25,157.98,183,25.02,0
e1-100,binary,100,bot_95,3059,w,47,44.71,25,155.8,170,14.2,0
e1-100,binary,100,bot_95,3059,w,49,42.28,25,161.21,178,16.79,0
e1-100,binary,100,bot_95,3059,w,51,24.82,25,140.38,152,11.62,0
e1-100,binary,100,bot_95,3059,w,53,30.66,25,148.64,147,-1.64,0
e1-100,binary,100,bot_95,3059,w,55,23.44,25,151.15,153,1.85,0
e1-100,binary,100,bot_95,3059,w,57,12.79,25,165.35,164,-1.35,0
e1-100,binary,100,bot_95,3059,w,59,6.79,25,164.57,153,-11.57,0
e1-100,binary,100,bot_96,3059,b,2,30.77,25,88.31,102,13.69,0
e1-100,binary,100,bot_96,3059,b,4,23.81,25,117.33,109,-8.33,0
e1-100,binary,100,bot_96,3059,b,6,21.64,25,166.42,151,-15.42,0
e1-100,binary,100,bot_96,3059,b,8,18.7,25,167.2,144,-23.2,0
e1-100,binary,100,bot_96,3059,b,10,106.18,25,140.8,109,-31.8,0
e1-100,binary,100,bot_96,3059,b,12,90.5,25,94.34,129,34.66,0
e1-100,binary,100,bot_96,3059,b,14,85.63,25,86.09,141,54.91,0
e1-100,binary,100,bot_96,3059,b,16,81.97,25,122.18,148,25.82,0
e1-100,binary,100,bot_96,3059,b,18,78.34,25,114.99,120,5.01,0
e1-100,binary,100,bot_96,3059,b,20,75.15,25,156.93,176,19.07,0
e1-100,binary,100,bot_96,3059,b,22,70.12,25,132.13,152,19.87,0
e1-100,binary,100,bot_96,3059,b,24,56.77,25,168.33,191,22.67,0
e1-100,binary,100,bot_96,3059,b,26,41.6,25,174.59,184,9.41,0
e1-100,binary,100,bot_96,3059,b,28,43.99,25,191.1,193,1.9,0
e1-100,binary,100,bot_96,3059,b,30,36.58,25,200.94,199,-1.94,0
e1-100,binary,100,bot_96,3059,b,32,39.48,25,226.11,225,-1.11,0
e1-100,binary,100,bot_96,3059,b,34,30.8,25,190.43,177,-13.43,0
e1-100,binary,100,bot_96,3059,b,36,23.94,25,182.27,158,-24.27,0
e1-100,binary,100,bot_96,3059,b,38,10.71,25,156.3,143,-13.3,0
e1-100,binary,100,bot_96,3059,b,40,85.61,25,138.78,197,58.22,0
e1-100,binary,100,bot_96,3059,b,42,70.77,25,115.94,150,34.06,0
e1-100,binary,100,bot_96,3059,b,44,54.17,25,158.34,187,28.66,0
e1-100,binary,100,bot_96,3059,b,46,43.22,25,139.97,148,8.03,0
e1-100,binary,100,bot_96,3059,b,48,45.7,25,170.24,178,7.76,0
e1-100,binary,100,bot_96,3059,b,50,41.18,25,173.21,178,4.79,0
e1-100,binary,100,bot_96,3059,b,52,27.14,25,118.44,105,-13.44,0
e1-100,binary,100,bot_96,3059,b,54,31.65,25,178.44,172,-6.44,0
e1-100,binary,100,bot_96,3059,b,56,28.1,25,159.86,146,-13.86,0
e1-100,binary,100,bot_96,3059,b,58,17.84,25,185.31,161,-24.31,0
e1-100,binary,100,bot_96,3059,b,60,125.28,25,181.92,151,-30.92,0
e1-100,binary,100,bot_97,3060,w,1,56.49,25,63.68,119,55.32,0
e1-100,binary,100,bot_97,3060,w,3,46.82,25,96.56,145,48.44,0
e1-100,binary,100,bot_97,3060,w,5,56.54,25,132.17,173,40.83,0
e1-100,binary,100,bot_97,3060,w,7,47.31,25,136.51,169,32.49,0
e1-100,binary,100,bot_97,3060,w,9,33.17,25,117.16,131,13.84,0
e1-100,binary,100,bot_97,3060,w,11,39.97,25,126.04,165,38.96,0
e1-100,binary,100,bot_97,3060,w,13,22.23,25,153.9,166,12.1,0
e1-100,binary,100,bot_97,3060,w,15,12.47,25,186.7,197,10.3,0
e1-100,binary,100,bot_97,3060,w,17,98.29,25,95.49,151,55.51,0
e1-100,binary,100,bot_97,3060,w,19,112.61,25,119.03,182,62.97,0
e1-100,binary,100,bot_97,3060,w,21,93.93,25,105.86,177,71.14,0
e1-100,binary,100,bot_97,3060,w,23,92.35,25,132.73,198,65.27,0
e1-100,binary,100,bot_97,3060,w,25,66.77,25,151.26,209,57.74,0
e1-100,binary,100,bot_97,3060,w,27,71.24,25,164.45,203,38.55,0
e1-100,binary,100,bot_97,3060,w,29,74.93,25,164.51,215,50.49,0
e1-100,binary,100,bot_97,3060,w,31,73.49,25,192.6,248,55.4,0
e1-100,binary,100,bot_97,3060,w,33,67.09,25,154.84,202,47.16,0
e1-100,binary,100,bot_97,3060,w,35,51.42,25,153.45,174,20.55,0
e1-100,binary,100,bot_97,3060,w,37,30.27,25,138.95,167,28.05,0
e1-100,binary,100,bot_97,3060,w,39,43.08,25,178.65,191,12.35,0
e1-100,binary,100,bot_97,3060,w,41,30.1,25,161.67,175,13.33,0
e1-100,binary,100,bot_97,3060,w,43,26.5,25,192.3,189,-3.3,0
e1-100,binary,100,bot_97,3060,w,45,16.35,25,165.27,169,3.73,0
e1-100,binary,100,bot_97,3060,w,47,88.84,25,194.96,183,-11.96,0
e1-100,binary,100,bot_97,3060,w,49,66.82,25,148.91,195,46.09,0
e1-100,binary,100,bot_97,3060,w,51,40.59,25,103.96,119,15.04,0
e1-100,binary,100,bot_97,3060,w,53,56.7,25,151.78,174,22.22,0
e1-100,binary,100,bot_97,3060,w,55,51.91,25,134.79,148,13.21,0
e1-100,binary,100,bot_97,3060,w,57,37.99,25,164.92,169,4.08,0
e1-100,binary,100,bot_97,3060,w,59,29.38,25,159.6,161,1.4,0
e1-100,binary,100,bot_98,3060,b,2,70.72,25,118.52,147,28.48,0
e1-100,binary,100,bot_98,3060,b,4,64.57,25,108.17,127,18.83,0
e1-100,binary,100,bot_98,3060,b,6,54.71,25,128.77,157,28.23,0
e1-100,binary,100,bot_98,3060,b,8,35.63,25,119.45,138,18.55,0
e1-100,binary,100,bot_98,3060,b,10,62.43,25,150.25,154,3.75,0
e1-100,binary,100,bot_98,3060,b,12,34.99,25,145.72,157,11.28,0
e1-100,binary,100,bot_98,3060,b,14,39.81,25,161.68,154,-7.68,0
e1-100,binary,100,bot_98,3060,b,16,85.33,25,204.01,182,-22.01,0
e1-100,binary,100,bot_98,3060,b,18,91.83,25,88.31,152,63.69,0
e1-100,binary,100,bot_98,3060,b,20,100.31,25,131.34,209,77.66,0
e1-100,binary,100,bot_98,3060,b,22,97.33,25,137.53,197,59.47,0
e1-100,binary,100,bot_98,3060,b,24,87.37,25,144.58,202,57.42,0
e1-100,binary,100,bot_98,3060,b,26,69.6,25,146.01,180,33.99,0
e1-100,binary,100,bot_98,3060,b,28,81.57,25,162.78,201,38.22,0
e1-100,binary,100,bot_98,3060,b,30,85.58,25,175.47,217,41.53,0
e1-100,binary,100,bot_98,3060,b,32,77.48,25,203.41,243,39.59,0
e1-100,binary,100,bot_98,3060,b,34,50.55,25,178.28,212,33.72,0
e1-100,binary,100,bot_98,3060,b,36,54.41,25,160.36,181,20.64,0
e1-100,binary,100,bot_98,3060,b,38,39.12,25,146.63,145,-1.63,0
e1-100,binary,100,bot_98,3060,b,40,40.35,25,181.69,194,12.31,0
e1-100,binary,100,bot_98,3060,b,42,24.22,25,181.04,180,-1.04,0
e1-100,binary,100,bot_98,3060,b,44,30.35,25,181.59,178,-3.59,0
e1-100,binary,100,bot_98,3060,b,46,14.76,25,181.32,166,-15.32,0
e1-100,binary,100,bot_98,3060,b,48,72.32,25,130.76,188,57.24,0
e1-100,binary,100,bot_98,3060,b,50,42.05,25,123.18,159,35.82,0
e1-100,binary,100,bot_98,3060,b,52,48.97,25,131.64,141,9.36,0
e1-100,binary,100,bot_98,3060,b,54,40.18,25,135.62,161,25.38,0
e1-100,binary,100,bot_98,3060,b,56,30.28,25,148.19,170,21.81,0
e1-100,binary,100,bot_98,3060,b,58,27.91,25,144.52,152,7.48,0
e1-100,binary,100,bot_98,3060,b,60,26.76,25,152.3,151,-1.3,0
e1-100,binary,100,bot_99,3061,w,1,73.97,25,115.95,143,27.05,0
e1-100,binary,100,bot_99,3061,w,3,68.66,25,103.97,116,12.03,0
e1-100,binary,100,bot_99,3061,w,5,58.67,25,125.19,148,22.81,0
e1-100,binary,100,bot_99,3061,w,7,38.17,25,117.36,131,13.64,0
e1-100,binary,100,bot_99,3061,w,9,65.96,25,145.34,143,-2.34,0
e1-100,binary,100,bot_99,3061,w,11,37.18,25,143.78,150,6.22,0
e1-100,binary,100,bot_99,3061,w,13,46.52,25,156.16,143,-13.16,0
e1-100,binary,100,bot_99,3061,w,15,72.37,25,111.35,187,75.65,0
e1-100,binary,100,bot_99,3061,w,17,88.28,25,91.89,146,54.11,0
e1-100,binary,100,bot_99,3061,w,19,96.57,25,134.94,201,66.06,0
e1-100,binary,100,bot_99,3061,w,21,92.12,25,142.54,190,47.46,0
e1-100,binary,100,bot_99,3061,w,23,82.45,25,149.82,194,44.18,0
e1-100,binary,100,bot_99,3061,w,25,65.48,25,150.26,173,22.74,0
e1-100,binary,100,bot_99,3061,w,27,77.92,25,166.85,194,27.15,0
e1-100,binary,100,bot_99,3061,w,29,72.62,25,188.97,213,24.03,0
e1-100,binary,100,bot_99,3061,w,31,63.2,25,217.82,241,23.18,0
e1-100,binary,100,bot_99,3061,w,33,44.45,25,184.24,203,18.76,0
e1-100,binary,100,bot_99,3061,w,35,47.3,25,167.31,173,5.69,0
e1-100,binary,100,bot_99,3061,w,37,27.72,25,158.1,147,-11.1,0
e1-100,binary,100,bot_99,3061,w,39,27.39,25,195.22,192,-3.22,0
e1-100,binary,100,bot_99,3061,w,41,11.75,25,193.75,178,-15.75,0
e1-100,binary,100,bot_99,3061,w,43,77.58,25,195.62,178,-17.62,0
e1-100,binary,100,bot_99,3061,w,45,56.39,25,143.76,166,22.24,0
e1-100,binary,100,bot_99,3061,w,47,56.61,25,146.85,173,26.15,0
e1-100,binary,100,bot_99,3061,w,49,32.4,25,132.76,155,22.24,0
e1-100,binary,100,bot_99,3061,w,51,40.84,25,139.62,140,0.38,0
e1-100,binary,100,bot_99,3061,w,53,32.84,25,142.77,157,14.23,0
e1-100,binary,100,bot_99,3061,w,55,21.87,25,156.7,167,10.3,0
e1-100,binary,100,bot_99,3061,w,57,19.42,25,152.88,150,-2.88,0
e1-100,binary,100,bot_99,3061,w,59,18.22,25,161.02,149,-12.02,0
e1-100,binary,100,bot_100,3061,b,2,50.94,25,92.42,147,54.58,0
e1-100,binary,100,bot_100,3061,b,4,62.47,25,126.21,176,49.79,0
e1-100,binary,100,bot_100,3061,b,6,52.2,25,131.34,170,38.66,0
e1-100,binary,100,bot_100,3061,b,8,37.09,25,112.99,132,19.01,0
e1-100,binary,100,bot_100,3061,b,10,45.72,25,121.24,167,45.76,0
e1-100,binary,100,bot_100,3061,b,12,26.85,25,149.26,168,18.74,0
e1-100,binary,100,bot_100,3061,b,14,117.89,25,187.61,207,19.39,0
e1-100,binary,100,bot_100,3061,b,16,95.74,25,97.59,142,44.41,0
e1-100,binary,100,bot_100,3061,b,18,107.83,25,123.96,185,61.04,0
e1-100,binary,100,bot_100,3061,b,20,89.74,25,110.43,180,69.57,0
e1-100,binary,100,bot_100,3061,b,22,86.92,25,138.15,203,64.85,0
e1-100,binary,100,bot_100,3061,b,24,63.77,25,154.09,209,54.91,0
e1-100,binary,100,bot_100,3061,b,26,68.27,25,166.96,204,37.04,0
e1-100,binary,100,bot_100,3061,b,28,66.09,25,172.98,222,49.02,0
e1-100,binary,100,bot_100,3061,b,30,64.61,25,201.21,246,44.79,0
e1-100,binary,100,bot_100,3061,b,32,60.74,25,161.02,196,34.98,0
e1-100,binary,100,bot_100,3061,b,34,43.44,25,161.85,178,16.15,0
e1-100,binary,100,bot_100,3061,b,36,25.9,25,142.61,165,22.39,0
e1-100,binary,100,bot_100,3061,b,38,35.09,25,186.62,189,2.38,0
e1-100,binary,100,bot_100,3061,b,40,21.74,25,169.11,171,1.89,0
e1-100,binary,100,bot_100,3061,b,42,19.44,25,199.83,186,-13.83,0
e1-100,binary,100,bot_100,3061,b,44,59.93,25,123.69,176,52.31,0
e1-100,binary,100,bot_100,3061,b,46,63.3,25,152.57,184,31.43,0
e1-100,binary,100,bot_100,3061,b,48,59.71,25,155.47,186,30.53,0
e1-100,binary,100,bot_100,3061,b,50,37.09,25,107.44,115,7.56,0
e1-100,binary,100,bot_100,3061,b,52,51.82,25,157.05,172,14.95,0
e1-100,binary,100,bot_100,3061,b,54,47.34,25,139.7,147,7.3,0
e1-100,binary,100,bot_100,3061,b,56,34.21,25,168.65,164,-4.65,0
e1-100,binary,100,bot_100,3061,b,58,24.95,25,164.42,158,-6.42,0
e1-100,binary,100,bot_100,3061,b,60,12.59,25,152.24,145,-7.24,0
e1-100,binary,100,bot_101,3062,w,1,76.67,25,82.9,125,42.1,0
e1-100,binary,100,bot_101,3062,w,3,73.3,25,116.02,167,50.98,0
e1-100,binary,100,bot_101,3062,w,5,51.27,25,114.67,164,49.33,0
e1-100,binary,100,bot_101,3062,w,7,66.36,25,107.56,132,24.44,0
e1-100,binary,100,bot_101,3062,w,9,55.56,25,130.44,149,18.56,0
e1-100,binary,100,bot_101,3062,w,11,48.79,25,126.31,155,28.69,0
e1-100,binary,100,bot_101,3062,w,13,41.13,25,163.04,177,13.96,0
e1-100,binary,100,bot_101,3062,w,15,32.96,25,160.51,167,6.49,0
e1-100,binary,100,bot_101,3062,w,17,34.55,25,197.59,213,15.41,0
e1-100,binary,100,bot_101,3062,w,19,33.72,25,170.71,174,3.29,0
e1-100,binary,100,bot_101,3062,w,21,16.14,25,209.39,212,2.61,0
e1-100,binary,100,bot_101,3062,w,23,81.98,25,144.85,219,74.15,0
e1-100,binary,100,bot_101,3062,w,25,67.61,25,161.74,215,53.26,0
e1-100,binary,100,bot_101,3062,w,27,61.91,25,185.36,224,38.64,0
e1-100,binary,100,bot_101,3062,w,29,54.98,25,205.26,249,43.74,0
e1-100,binary,100,bot_101,3062,w,31,32.14,25,212.99,215,2.01,0
e1-100,binary,100,bot_101,3062,w,33,60.56,25,205.41,202,-3.41,0
e1-100,binary,100,bot_101,3062,w,35,53.07,25,115.99,147,31.01,0
e1-100,binary,100,bot_101,3062,w,37,45.48,25,178.33,210,31.67,0
e1-100,binary,100,bot_101,3062,w,39,35.56,25,150.12,161,10.88,0
e1-100,binary,100,bot_101,3062,w,41,22.56,25,189.71,197,7.29,0
e1-100,binary,100,bot_101,3062,w,43,16.23,25,166.14,167,0.86,0
e1-100,binary,100,bot_101,3062,w,45,112.72,25,207.7,199,-8.7,0
e1-100,binary,100,bot_101,3062,w,47,94.48,25,103.47,191,87.53,0
e1-100,binary,100,bot_101,3062,w,49,85.96,25,80.32,134,53.68,0
e1-100,binary,100,bot_101,3062,w,51,73.96,25,121.18,192,70.82,0
e1-100,binary,100,bot_101,3062,w,53,81.19,25,119.57,172,52.43,0
e1-100,binary,100,bot_101,3062,w,55,69.98,25,117.9,179,61.1,0
e1-100,binary,100,bot_101,3062,w,57,75.07,25,124.55,177,52.45,0
e1-100,binary,100,bot_101,3062,w,59,67.68,25,108.64,159,50.36,0
e1-100,binary,100,bot_102,3062,b,2,79.24,25,104.73,138,33.27,0
e1-100,binary,100,bot_102,3062,b,4,78.49,25,109.35,138,28.65,0
e1-100,binary,100,bot_102,3062,b,6,52.86,25,100.01,107,6.99,0
e1-100,binary,100,bot_102,3062,b,8,47.67,25,148.66,170,21.34,0
e1-100,binary,100,bot_102,3062,b,10,57.22,25,125.27,137,11.73,0
e1-100,binary,100,bot_102,3062,b,12,36.41,25,162.79,176,13.21,0
e1-100,binary,100,bot_102,3062,b,14,29.09,25,153.96,160,6.04,0
e1-100,binary,100,bot_102,3062,b,16,38.34,25,145.41,143,-2.41,0
e1-100,binary,100,bot_102,3062,b,18,27.04,25,201.41,200,-1.41,0
e1-100,binary,100,bot_102,3062,b,20,25.75,25,204.64,204,-0.64,0
e1-100,binary,100,bot_102,3062,b,22,97,25,216.16,197,-19.16,0
e1-100,binary,100,bot_102,3062,b,24,77.07,25,135.3,182,46.7,0
e1-100,binary,100,bot_102,3062,b,26,61.66,25,174.98,208,33.02,0
e1-100,binary,100,bot_102,3062,b,28,65.41,25,204.85,232,27.15,0
e1-100,binary,100,bot_102,3062,b,30,24.35,25,220.81,242,21.19,0
e1-100,binary,100,bot_102,3062,b,32,18.76,25,174.24,171,-3.24,0
e1-100,binary,100,bot_102,3062,b,34,52.81,25,144.69,174,29.31,0
e1-100,binary,100,bot_102,3062,b,36,53.68,25,140.5,165,24.5,0
e1-100,binary,100,bot_102,3062,b,38,32.33,25,180.69,197,16.31,0
e1-100,binary,100,bot_102,3062,b,40,28.3,25,177.75,184,6.25,0
e1-100,binary,100,bot_102,3062,b,42,21.13,25,183.87,176,-7.87,0
e1-100,binary,100,bot_102,3062,b,44,12.21,25,188.74,174,-14.74,0
e1-100,binary,100,bot_102,3062,b,46,109.25,25,104.21,187,82.79,0
e1-100,binary,100,bot_102,3062,b,48,74.5,25,72.99,138,65.01,0
e1-100,binary,100,bot_102,3062,b,50,91.96,25,95.84,152,56.16,0
e1-100,binary,100,bot_102,3062,b,52,74.52,25,100.48,145,44.52,0
e1-100,binary,100,bot_102,3062,b,54,82.72,25,101.5,153,51.5,0
e1-100,binary,100,bot_102,3062,b,56,75.32,25,103.88,145,41.12,0
e1-100,binary,100,bot_102,3062,b,58,70.8,25,94.75,141,46.25,0
e1-100,binary,100,bot_102,3062,b,60,92.33,25,77.59,110,32.41,0
e1-100,binary,100,bot_103,3063,w,1,85.67,25,98.76,152,53.24,0
e1-100,binary,100,bot_103,3063,w,3,84.23,25,104.12,150,45.88,0
e1-100,binary,100,bot_103,3063,w,5,56.53,25,96.79,119,22.21,0
e1-100,binary,100,bot_103,3063,w,7,52.4,25,144.2,181,36.8,0
e1-100,binary,100,bot_103,3063,w,9,64.9,25,118.04,145,26.96,0
e1-100,binary,100,bot_103,3063,w,11,40.63,25,158.8,189,30.2,0
e1-100,binary,100,bot_103,3063,w,13,32.42,25,150.74,174,23.26,0
e1-100,binary,100,bot_103,3063,w,15,41.61,25,141.77,158,16.23,0
e1-100,binary,100,bot_103,3063,w,17,33.45,25,195.01,208,12.99,0
e1-100,binary,100,bot_103,3063,w,19,33.2,25,197.59,212,14.41,0
e1-100,binary,100,bot_103,3063,w,21,22.21,25,214.09,208,-6.09,0
e1-100,binary,100,bot_103,3063,w,23,81.5,25,131.66,206,74.34,0
e1-100,binary,100,bot_103,3063,w,25,63.93,25,173.41,219,45.59,0
e1-100,binary,100,bot_103,3063,w,27,69.6,25,200.83,244,43.17,0
e1-100,binary,100,bot_103,3063,w,29,28.77,25,216.94,254,37.06,0
e1-100,binary,100,bot_103,3063,w,31,23.77,25,169.67,185,15.33,0
e1-100,binary,100,bot_103,3063,w,33,62.34,25,135.44,182,46.56,0
e1-100,binary,100,bot_103,3063,w,35,56.51,25,137.71,171,33.29,0
e1-100,binary,100,bot_103,3063,w,37,38.92,25,173.99,200,26.01,0
e1-100,binary,100,bot_103,3063,w,39,34.48,25,171.35,189,17.65,0
e1-100,binary,100,bot_103,3063,w,41,25.33,25,179.47,180,0.53,0
e1-100,binary,100,bot_103,3063,w,43,15.49,25,185.29,181,-4.29,0
e1-100,binary,100,bot_103,3063,w,45,123.02,25,194.43,183,-11.43,0
e1-100,binary,100,bot_103,3063,w,47,77.9,25,70.66,145,74.34,0
e1-100,binary,100,bot_103,3063,w,49,98.28,25,88.73,157,68.27,0
e1-100,binary,100,bot_103,3063,w,51,78.64,25,95.87,155,59.13,0
e1-100,binary,100,bot_103,3063,w,53,91.3,25,92.29,158,65.71,0
e1-100,binary,100,bot_103,3063,w,55,85.71,25,92.34,146,53.66,0
e1-100,binary,100,bot_103,3063,w,57,76.19,25,89.17,145,55.83,0
e1-100,binary,100,bot_103,3063,w,59,90.88,25,78.95,123,44.05,0
e1-100,binary,100,bot_104,3063,b,2,79.72,25,109.61,161,51.39,0
e1-100,binary,100,bot_104,3063,b,4,56.92,25,108.71,157,48.29,0
e1-100,binary,100,bot_104,3063,b,6,72.47,25,101.19,123,21.81,0
e1-100,binary,100,bot_104,3063,b,8,61.31,25,124.42,143,18.58,0
e1-100,binary,100,bot_104,3063,b,10,56.91,25,118.04,148,29.96,0
e1-100,binary,100,bot_104,3063,b,12,50.1,25,154.09,168,13.91,0
e1-100,binary,100,bot_104,3063,b,14,42.84,25,150.62,156,5.38,0
e1-100,binary,100,bot_104,3063,b,16,40.94,25,191.46,206,14.54,0
e1-100,binary,100,bot_104,3063,b,18,40.41,25,163.73,171,7.27,0
e1-100,binary,100,bot_104,3063,b,20,20.91,25,203.95,212,8.05,0
e1-100,binary,100,bot_104,3063,b,22,102.11,25,201.56,198,-3.56,0
e1-100,binary,100,bot_104,3063,b,24,72.48,25,156.61,211,54.39,0
e1-100,binary,100,bot_104,3063,b,26,70.14,25,177,214,37,0
e1-100,binary,100,bot_104,3063,b,28,64.41,25,195.35,238,42.65,0
e1-100,binary,100,bot_104,3063,b,30,41.84,25,202.99,205,2.01,0
e1-100,binary,100,bot_104,3063,b,32,69.52,25,196.23,194,-2.23,0
e1-100,binary,100,bot_104,3063,b,34,57.78,25,111.48,151,39.52,0
e1-100,binary,100,bot_104,3063,b,36,50.47,25,173.36,206,32.64,0
e1-100,binary,100,bot_104,3063,b,38,40.18,25,145.53,160,14.47,0
e1-100,binary,100,bot_104,3063,b,40,24.71,25,187.63,199,11.37,0
e1-100,binary,100,bot_104,3063,b,42,19.83,25,162.62,164,1.38,0
e1-100,binary,100,bot_104,3063,b,44,12.13,25,203.72,196,-7.72,0
e1-100,binary,100,bot_104,3063,b,46,97.6,25,99.68,199,99.32,0
e1-100,binary,100,bot_104,3063,b,48,92.43,25,73.91,129,55.09,0
e1-100,binary,100,bot_104,3063,b,50,82.86,25,112.9,189,76.1,0
e1-100,binary,100,bot_104,3063,b,52,88.83,25,112.26,167,54.74,0
e1-100,binary,100,bot_104,3063,b,54,77.61,25,110.75,179,68.25,0
e1-100,binary,100,bot_104,3063,b,56,79.9,25,120.31,182,61.69,0
e1-100,binary,100,bot_104,3063,b,58,76.82,25,100.95,154,53.05,0
e1-100,binary,100,bot_104,3063,b,60,112.44,25,63.83,123,59.17,0
e1-100,binary,100,bot_105,3064,w,1,85.93,25,103.82,157,53.18,0
e1-100,binary,100,bot_105,3064,w,3,62.96,25,102.76,148,45.24,0
e1-100,binary,100,bot_105,3064,w,5,75.71,25,97.8,114,16.2,0
e1-100,binary,100,bot_105,3064,w,7,64.55,25,121.55,135,13.45,0
e1-100,binary,100,bot_105,3064,w,9,60.23,25,114.48,143,28.52,0
e1-100,binary,100,bot_105,3064,w,11,54.92,25,149.26,162,12.74,0
e1-100,binary,100,bot_105,3064,w,13,47.83,25,145.69,148,2.31,0
e1-100,binary,100,bot_105,3064,w,15,44.16,25,188.56,199,10.44,0
e1-100,binary,100,bot_105,3064,w,17,45.06,25,158.68,164,5.32,0
e1-100,binary,100,bot_105,3064,w,19,23.98,25,200.95,207,6.05,0
e1-100,binary,100,bot_105,3064,w,21,14.71,25,200.41,196,-4.41,0
e1-100,binary,100,bot_105,3064,w,23,95.01,25,216.18,203,-13.18,0
e1-100,binary,100,bot_105,3064,w,25,74.36,25,172.52,207,34.48,0
e1-100,binary,100,bot_105,3064,w,27,68.62,25,190.96,232,41.04,0
e1-100,binary,100,bot_105,3064,w,29,47.24,25,197.26,196,-1.26,0
e1-100,binary,100,bot_105,3064,w,31,74.71,25,190.57,184,-6.57,0
e1-100,binary,100,bot_105,3064,w,33,63.06,25,105.38,141,35.62,0
e1-100,binary,100,bot_105,3064,w,35,55.02,25,168.73,201,32.27,0
e1-100,binary,100,bot_105,3064,w,37,41.48,25,144.5,160,15.5,0
e1-100,binary,100,bot_105,3064,w,39,25.62,25,187.21,198,10.79,0
e1-100,binary,100,bot_105,3064,w,41,20.88,25,161.86,159,-2.86,0
e1-100,binary,100,bot_105,3064,w,43,14.09,25,201.98,190,-11.98,0
e1-100,binary,100,bot_105,3064,w,45,104.18,25,206.89,191,-15.89,0
e1-100,binary,100,bot_105,3064,w,47,94.78,25,71.88,122,50.12,0
e1-100,binary,100,bot_105,3064,w,49,84.53,25,111.35,182,70.65,0
e1-100,binary,100,bot_105,3064,w,51,91.78,25,109.61,160,50.39,0
e1-100,binary,100,bot_105,3064,w,53,81.98,25,106.67,170,63.33,0
e1-100,binary,100,bot_105,3064,w,55,84.02,25,116.58,176,59.42,0
e1-100,binary,100,bot_105,3064,w,57,80.45,25,98.16,150,51.84,0
e1-100,binary,100,bot_105,3064,w,59,107.11,25,69.36,123,53.64,0
e1-100,binary,100,bot_106,3064,b,2,89.81,25,98.63,144,45.37,0
e1-100,binary,100,bot_106,3064,b,4,60.11,25,93.4,114,20.6,0
e1-100,binary,100,bot_106,3064,b,6,57.21,25,139.08,173,33.92,0
e1-100,binary,100,bot_106,3064,b,8,72.61,25,110.52,132,21.48,0
e1-100,binary,100,bot_106,3064,b,10,46.58,25,153.01,180,26.99,0
e1-100,binary,100,bot_106,3064,b,12,35.97,25,147.21,170,22.79,0
e1-100,binary,100,bot_106,3064,b,14,45.24,25,137.86,153,15.14,0
e1-100,binary,100,bot_106,3064,b,16,39.28,25,189.15,200,10.85,0
e1-100,binary,100,bot_106,3064,b,18,37.97,25,192.76,204,11.24,0
e1-100,binary,100,bot_106,3064,b,20,28.13,25,207.84,198,-9.84,0
e1-100,binary,100,bot_106,3064,b,22,21.3,25,197.37,178,-19.37,0
e1-100,binary,100,bot_106,3064,b,24,69.29,25,169.42,231,61.58,0
e1-100,binary,100,bot_106,3064,b,26,75.15,25,195.32,237,41.68,0
e1-100,binary,100,bot_106,3064,b,28,32.06,25,213.84,250,36.16,0
e1-100,binary,100,bot_106,3064,b,30,26.9,25,166.75,181,14.25,0
e1-100,binary,100,bot_106,3064,b,32,65.42,25,132.71,179,46.29,0
e1-100,binary,100,bot_106,3064,b,34,61.53,25,133.1,168,34.9,0
e1-100,binary,100,bot_106,3064,b,36,44.36,25,168.56,195,26.44,0
e1-100,binary,100,bot_106,3064,b,38,40.99,25,164.78,179,14.22,0
e1-100,binary,100,bot_106,3064,b,40,27.61,25,177.07,174,-3.07,0
e1-100,binary,100,bot_106,3064,b,42,18.04,25,182.65,174,-8.65,0
e1-100,binary,100,bot_106,3064,b,44,13.22,25,190.21,176,-14.21,0
e1-100,binary,100,bot_106,3064,b,46,80.7,25,67.95,144,76.05,0
e1-100,binary,100,bot_106,3064,b,48,100.15,25,86.66,152,65.34,0
e1-100,binary,100,bot_106,3064,b,50,81.44,25,93.08,149,55.92,0
e1-100,binary,100,bot_106,3064,b,52,93.53,25,89.87,153,63.13,0
e1-100,binary,100,bot_106,3064,b,54,90.57,25,87.22,141,53.78,0
e1-100,binary,100,bot_106,3064,b,56,80.9,25,84.46,140,55.54,0
e1-100,binary,100,bot_106,3064,b,58,88.51,25,80.91,124,43.09,0
e1-100,binary,100,bot_106,3064,b,60,71.13,25,79.86,151,71.14,0
e1-100,binary,100,bot_107,3065,w,1,92.53,25,96.86,145,48.14,0
e1-100,binary,100,bot_107,3065,w,3,62.97,25,90.84,109,18.16,0
e1-100,binary,100,bot_107,3065,w,5,58.88,25,137.21,168,30.79,0
e1-100,binary,100,bot_107,3065,w,7,75.74,25,107.7,127,19.3,0
e1-100,binary,100,bot_107,3065,w,9,50.24,25,149.89,176,26.11,0
e1-100,binary,100,bot_107,3065,w,11,37.71,25,145.57,168,22.43,0
e1-100,binary,100,bot_107,3065,w,13,46.25,25,136.63,154,17.37,0
e1-100,binary,100,bot_107,3065,w,15,43.24,25,185.94,200,14.06,0
e1-100,binary,100,bot_107,3065,w,17,40.97,25,190.27,203,12.73,0
e1-100,binary,100,bot_107,3065,w,19,31,25,204.64,196,-8.64,0
e1-100,binary,100,bot_107,3065,w,21,24.46,25,194.28,177,-17.28,0
e1-100,binary,100,bot_107,3065,w,23,18.57,25,225.56,213,-12.56,0
e1-100,binary,100,bot_107,3065,w,25,79.59,25,191.44,249,57.56,0
e1-100,binary,100,bot_107,3065,w,27,37.99,25,208.33,245,36.67,0
e1-100,binary,100,bot_107,3065,w,29,30.55,25,163.44,178,14.56,0
e1-100,binary,100,bot_107,3065,w,31,68.14,25,130.38,177,46.62,0
e1-100,binary,100,bot_107,3065,w,33,67.56,25,127.08,163,35.92,0
e1-100,binary,100,bot_107,3065,w,35,50.59,25,162.65,189,26.35,0
e1-100,binary,100,bot_107,3065,w,37,48.13,25,157.64,173,15.36,0
e1-100,binary,100,bot_107,3065,w,39,31.37,25,173.56,169,-4.56,0
e1-100,binary,100,bot_107,3065,w,41,24.13,25,176.44,169,-7.44,0
e1-100,binary,100,bot_107,3065,w,43,19.17,25,184.24,170,-14.24,0
e1-100,binary,100,bot_107,3065,w,45,8.27,25,156.96,135,-21.96,0
e1-100,binary,100,bot_107,3065,w,47,105.95,25,79.91,158,78.09,0
e1-100,binary,100,bot_108,3065,b,2,67.01,25,98.75,146,47.25,0
e1-100,binary,100,bot_108,3065,b,4,80.16,25,93.14,110,16.86,0
e1-100,binary,100,bot_108,3065,b,6,68.46,25,117.67,130,12.33,0
e1-100,binary,100,bot_108,3065,b,8,64.16,25,110.11,140,29.89,0
e1-100,binary,100,bot_108,3065,b,10,61.19,25,142.89,158,15.11,0
e1-100,binary,100,bot_108,3065,b,12,54.93,25,138.38,141,2.62,0
e1-100,binary,100,bot_108,3065,b,14,52.05,25,180.18,190,9.82,0
e1-100,binary,100,bot_108,3065,b,16,51.22,25,152.04,160,7.96,0
e1-100,binary,100,bot_108,3065,b,18,30.44,25,194.49,199,4.51,0
e1-100,binary,100,bot_108,3065,b,20,20.18,25,194.84,191,-3.84,0
e1-100,binary,100,bot_108,3065,b,22,24.88,25,209.94,198,-11.94,0
e1-100,binary,100,bot_108,3065,b,24,95.27,25,221.94,204,-17.94,0
e1-100,binary,100,bot_108,3065,b,26,74.62,25,184.99,228,43.01,0
e1-100,binary,100,bot_108,3065,b,28,52.51,25,191.78,194,2.22,0
e1-100,binary,100,bot_108,3065,b,30,79.34,25,185.8,181,-4.8,0
e1-100,binary,100,bot_108,3065,b,32,67.59,25,100.59,139,38.41,0
e1-100,binary,100,bot_108,3065,b,34,59.08,25,164.38,201,36.63,0
e1-100,binary,100,bot_108,3065,b,36,47.16,25,138.92,160,21.08,0
e1-100,binary,100,bot_108,3065,b,38,28.61,25,183.9,201,17.1,0
e1-100,binary,100,bot_108,3065,b,40,25.05,25,157.74,158,0.26,0
e1-100,binary,100,bot_108,3065,b,42,18.51,25,197.7,191,-6.7,0
e1-100,binary,100,bot_108,3065,b,44,10.68,25,202.53,191,-11.53,0
e1-100,binary,100,bot_108,3065,b,46,110.12,25,137.87,116,-21.87,0
e1-100,binary,100,bot_109,3066,w,1,70.59,25,95.32,149,53.68,0
e1-100,binary,100,bot_109,3066,w,3,83.15,25,89.92,107,17.08,0
e1-100,binary,100,bot_109,3066,w,5,73.43,25,112.29,125,12.71,0
e1-100,binary,100,bot_109,3066,w,7,68.67,25,104.93,137,32.07,0
e1-100,binary,100,bot_109,3066,w,9,66.03,25,138.08,155,16.92,0
e1-100,binary,100,bot_109,3066,w,11,59.96,25,133.32,136,2.68,0
e1-100,binary,100,bot_109,3066,w,13,56.22,25,176.51,188,11.49,0
e1-100,binary,100,bot_109,3066,w,15,54.61,25,148.43,159,10.57,0
e1-100,binary,100,bot_109,3066,w,17,35.87,25,189.21,198,8.79,0
e1-100,binary,100,bot_109,3066,w,19,24.32,25,190.79,190,-0.79,0
e1-100,binary,100,bot_109,3066,w,21,27.39,25,207.61,197,-10.61,0
e1-100,binary,100,bot_109,3066,w,23,20.09,25,216.62,200,-16.62,0
e1-100,binary,100,bot_109,3066,w,25,101.4,25,242.62,229,-13.62,0
e1-100,binary,100,bot_109,3066,w,27,60.79,25,183.33,189,5.67,0
e1-100,binary,100,bot_109,3066,w,29,87.16,25,177.7,175,-2.7,0
e1-100,binary,100,bot_109,3066,w,31,71.71,25,95.85,135,39.15,0
e1-100,binary,100,bot_109,3066,w,33,67.15,25,156.04,196,39.96,0
e1-100,binary,100,bot_109,3066,w,35,56.63,25,128.58,153,24.42,0
e1-100,binary,100,bot_109,3066,w,37,36.38,25,175.79,195,19.21,0
e1-100,binary,100,bot_109,3066,w,39,28.49,25,154.33,156,1.67,0
e1-100,binary,100,bot_109,3066,w,41,25.89,25,190.14,189,-1.14,0
e1-100,binary,100,bot_109,3066,w,43,19.56,25,194.07,190,-4.07,0
e1-100,binary,100,bot_109,3066,w,45,16.99,25,129.55,112,-17.55,0
e1-100,binary,100,bot_109,3066,w,47,103.35,25,202.06,181,-21.06,0
e1-100,binary,100,bot_109,3066,w,49,104.16,25,97.87,158,60.13,0
e1-100,binary,100,bot_109,3066,w,51,87.39,25,101.65,172,70.35,0
e1-100,binary,100,bot_109,3066,w,53,91.39,25,109.49,171,61.51,0
e1-100,binary,100,bot_109,3066,w,55,87.84,25,91.71,146,54.29,0
e1-100,binary,100,bot_109,3066,w,57,102.63,25,74.15,125,50.85,0
e1-100,binary,100,bot_109,3066,w,59,74.76,25,72.41,100,27.59,0
e1-100,binary,100,bot_110,3066,b,2,65.95,25,88.05,116,27.95,0
e1-100,binary,100,bot_110,3066,b,4,61.77,25,134.59,174,39.41,0
e1-100,binary,100,bot_110,3066,b,6,80.94,25,102.79,133,30.21,0
e1-100,binary,100,bot_110,3066,b,8,55.47,25,145.11,178,32.89,0
e1-100,binary,100,bot_110,3066,b,10,40.44,25,142.89,176,33.11,0
e1-100,binary,100,bot_110,3066,b,12,49.2,25,133.03,158,24.97,0
e1-100,binary,100,bot_110,3066,b,14,48.63,25,180.65,202,21.35,0
e1-100,binary,100,bot_110,3066,b,16,46.75,25,184.65,205,20.35,0
e1-100,binary,100,bot_110,3066,b,18,36.31,25,199.14,200,0.86,0
e1-100,binary,100,bot_110,3066,b,20,28.77,25,189.8,180,-9.8,0
e1-100,binary,100,bot_110,3066,b,22,22.09,25,222.14,216,-6.14,0
e1-100,binary,100,bot_110,3066,b,24,24.71,25,241.3,227,-14.3,0
e1-100,binary,100,bot_110,3066,b,26,43.7,25,203.5,272,68.5,0
e1-100,binary,100,bot_110,3066,b,28,34.27,25,159.94,186,26.06,0
e1-100,binary,100,bot_110,3066,b,30,71.3,25,127.46,186,58.54,0
e1-100,binary,100,bot_110,3066,b,32,72.32,25,122.47,165,42.53,0
e1-100,binary,100,bot_110,3066,b,34,55.37,25,158,196,38,0
e1-100,binary,100,bot_110,3066,b,36,52.19,25,154.45,181,26.55,0
e1-100,binary,100,bot_110,3066,b,38,34.22,25,170.85,179,8.15,0
e1-100,binary,100,bot_110,3066,b,40,29.63,25,170.99,171,0.01,0
e1-100,binary,100,bot_110,3066,b,42,27.22,25,176.13,173,-3.13,0
e1-100,binary,100,bot_110,3066,b,44,14.34,25,150.89,141,-9.89,0
e1-100,binary,100,bot_110,3066,b,46,11.05,25,167.1,156,-11.1,0
e1-100,binary,100,bot_110,3066,b,48,92.61,25,81.76,156,74.24,0
e1-100,binary,100,bot_110,3066,b,50,102.55,25,80.39,156,75.61,0
e1-100,binary,100,bot_110,3066,b,52,93.44,25,84.8,143,58.2,0
e1-100,binary,100,bot_110,3066,b,54,87.36,25,78.09,141,62.91,0
e1-100,binary,100,bot_110,3066,b,56,88.06,25,81.13,133,51.87,0
e1-100,binary,100,bot_110,3066,b,58,66.6,25,84.32,151,66.68,0
e1-100,binary,100,bot_110,3066,b,60,32.92,25,77.73,118,40.27,0
e1-100,binary,100,bot_111,3067,w,1,70.15,25,84.16,118,33.84,0
e1-100,binary,100,bot_111,3067,w,3,66.77,25,129.87,166,36.13,0
e1-100,binary,100,bot_111,3067,w,5,84.68,25,99.46,126,26.54,0
e1-100,binary,100,bot_111,3067,w,7,59.84,25,141.36,163,21.64,0
e1-100,binary,100,bot_111,3067,w,9,42.91,25,140.32,161,20.68,0
e1-100,binary,100,bot_111,3067,w,11,51.65,25,129.9,144,14.1,0
e1-100,binary,100,bot_111,3067,w,13,53.28,25,176.11,186,9.89,0
e1-100,binary,100,bot_111,3067,w,15,51.56,25,180.23,189,8.77,0
e1-100,binary,100,bot_111,3067,w,17,40.77,25,194.11,184,-10.11,0
e1-100,binary,100,bot_111,3067,w,19,33.51,25,184.62,165,-19.62,0
e1-100,binary,100,bot_111,3067,w,21,27.33,25,217.03,201,-16.03,0
e1-100,binary,100,bot_111,3067,w,23,26.54,25,239.08,211,-28.08,0
e1-100,binary,100,bot_111,3067,w,25,68.63,25,257.2,235,-22.2,0
e1-100,binary,100,bot_111,3067,w,27,35.25,25,159.31,174,14.69,0
e1-100,binary,100,bot_111,3067,w,29,73.43,25,125.8,176,50.2,0
e1-100,binary,100,bot_111,3067,w,31,74.98,25,119.81,152,32.19,0
e1-100,binary,100,bot_111,3067,w,33,55.49,25,158.05,188,29.95,0
e1-100,binary,100,bot_111,3067,w,35,54.11,25,152.23,170,17.77,0
e1-100,binary,100,bot_111,3067,w,37,34.91,25,170.19,170,-0.19,0
e1-100,binary,100,bot_111,3067,w,39,32.98,25,167.66,158,-9.66,0
e1-100,binary,100,bot_111,3067,w,41,30.01,25,173.34,161,-12.34,0
e1-100,binary,100,bot_111,3067,w,43,16.28,25,148.81,129,-19.81,0
e1-100,binary,100,bot_111,3067,w,45,15.09,25,163.22,138,-25.22,0
e1-100,binary,100,bot_111,3067,w,47,101.14,25,167.36,138,-29.36,0
e1-100,binary,100,bot_111,3067,w,49,108,25,74.56,140,65.44,0
e1-100,binary,100,bot_111,3067,w,51,96.37,25,82.11,129,46.89,0
e1-100,binary,100,bot_111,3067,w,53,92.71,25,72.73,125,52.27,0
e1-100,binary,100,bot_111,3067,w,55,85.05,25,84.06,128,43.94,0
e1-100,binary,100,bot_111,3067,w,57,64.11,25,86.71,141,54.29,0
e1-100,binary,100,bot_111,3067,w,59,30.5,25,80.07,108,27.93,0
e1-100,binary,100,bot_112,3067,b,2,87.41,25,85.69,116,30.31,0
e1-100,binary,100,bot_112,3067,b,4,78.25,25,107.21,134,26.79,0
e1-100,binary,100,bot_112,3067,b,6,73.91,25,99.24,144,44.76,0
e1-100,binary,100,bot_112,3067,b,8,70.86,25,133.25,149,15.75,0
e1-100,binary,100,bot_112,3067,b,10,65.56,25,127.74,127,-0.74,0
e1-100,binary,100,bot_112,3067,b,12,62,25,170.92,179,8.08,0
e1-100,binary,100,bot_112,3067,b,14,60.3,25,142.63,152,9.37,0
e1-100,binary,100,bot_112,3067,b,16,41.39,25,183.68,192,8.32,0
e1-100,binary,100,bot_112,3067,b,18,30.87,25,184.45,181,-3.45,0
e1-100,binary,100,bot_112,3067,b,20,34.25,25,200.71,190,-10.71,0
e1-100,binary,100,bot_112,3067,b,22,23.53,25,213.26,197,-16.26,0
e1-100,binary,100,bot_112,3067,b,24,28.59,25,236.49,219,-17.49,0
e1-100,binary,100,bot_112,3067,b,26,65.72,25,178.89,203,24.11,0
e1-100,binary,100,bot_112,3067,b,28,92.4,25,172.2,164,-8.2,0
e1-100,binary,100,bot_112,3067,b,30,74.75,25,92.7,130,37.3,0
e1-100,binary,100,bot_112,3067,b,32,72.32,25,150.78,190,39.22,0
e1-100,binary,100,bot_112,3067,b,34,60.66,25,124.61,146,21.39,0
e1-100,binary,100,bot_112,3067,b,36,41.39,25,170.74,188,17.26,0
e1-100,binary,100,bot_112,3067,b,38,32.13,25,150.67,151,0.33,0
e1-100,binary,100,bot_112,3067,b,40,29.57,25,186.43,184,-2.43,0
e1-100,binary,100,bot_112,3067,b,42,23.16,25,190.56,185,-5.56,0
e1-100,binary,100,bot_112,3067,b,44,17.13,25,129.38,111,-18.38,0
e1-100,binary,100,bot_112,3067,b,46,12.74,25,198.47,178,-20.47,0
e1-100,binary,100,bot_112,3067,b,48,106.88,25,95.29,160,64.71,0
e1-100,binary,100,bot_112,3067,b,50,89.57,25,99.18,171,71.82,0
e1-100,binary,100,bot_112,3067,b,52,93.92,25,107.1,168,60.9,0
e1-100,binary,100,bot_112,3067,b,54,90.89,25,89.44,146,56.56,0
e1-100,binary,100,bot_112,3067,b,56,100.8,25,76.24,121,44.76,0
e1-100,binary,100,bot_112,3067,b,58,73.21,25,74.09,97,22.91,0
e1-100,binary,100,bot_112,3067,b,60,33.96,25,132.28,122,-10.28,0
e1-100,binary,100,bot_113,3068,w,1,92.53,25,80.93,119,38.07,0
e1-100,binary,100,bot_113,3068,w,3,83.31,25,101.82,132,30.18,0
e1-100,binary,100,bot_113,3068,w,5,77.83,25,94.72,143,48.28,0
e1-100,binary,100,bot_113,3068,w,7,75.57,25,128.61,150,21.39,0
e1-100,binary,100,bot_113,3068,w,9,72.46,25,120.88,125,4.12,0
e1-100,binary,100,bot_113,3068,w,11,67.81,25,164.84,177,12.16,0
e1-100,binary,100,bot_113,3068,w,13,64.42,25,138.31,158,19.69,0
e1-100,binary,100,bot_113,3068,w,15,46.23,25,178.99,198,19.01,0
e1-100,binary,100,bot_113,3068,w,17,36.1,25,179.8,185,5.2,0
e1-100,binary,100,bot_113,3068,w,19,38.16,25,196.91,191,-5.91,0
e1-100,binary,100,bot_113,3068,w,21,28.2,25,208.84,199,-9.84,0
e1-100,binary,100,bot_113,3068,w,23,31.46,25,234.09,227,-7.09,0
e1-100,binary,100,bot_113,3068,w,25,91.07,25,198.52,183,-15.52,0
e1-100,binary,100,bot_113,3068,w,27,15.91,25,153.64,146,-7.64,0
e1-100,binary,100,bot_113,3068,w,29,76.92,25,90.45,150,59.55,0
e1-100,binary,100,bot_113,3068,w,31,76.42,25,146.77,193,46.23,0
e1-100,binary,100,bot_113,3068,w,33,64.68,25,121.01,147,25.99,0
e1-100,binary,100,bot_113,3068,w,35,46,25,166.2,189,22.8,0
e1-100,binary,100,bot_113,3068,w,37,37.66,25,145.4,147,1.6,0
e1-100,binary,100,bot_113,3068,w,39,35.22,25,180.82,183,2.18,0
e1-100,binary,100,bot_113,3068,w,41,26.51,25,187.75,188,0.25,0
e1-100,binary,100,bot_113,3068,w,43,18.53,25,127.76,111,-16.76,0
e1-100,binary,100,bot_113,3068,w,45,17.19,25,193.65,179,-14.65,0
e1-100,binary,100,bot_113,3068,w,47,12.67,25,175.82,152,-23.82,0
e1-100,binary,100,bot_113,3068,w,49,94.63,25,94.17,177,82.83,0
e1-100,binary,100,bot_113,3068,w,51,102.03,25,99.17,165,65.83,0
e1-100,binary,100,bot_113,3068,w,53,98.34,25,82.78,139,56.22,0
e1-100,binary,100,bot_113,3068,w,55,98.31,25,78.82,120,41.18,0
e1-100,binary,100,bot_113,3068,w,57,71.64,25,75.76,93,17.24,0
e1-100,binary,100,bot_113,3068,w,59,30.55,25,135.79,120,-15.79,0
e1-100,binary,100,bot_114,3068,b,2,71.83,25,125.07,182,56.93,0
e1-100,binary,100,bot_114,3068,b,4,89.62,25,94.8,141,46.2,0
e1-100,binary,100,bot_114,3068,b,6,66.06,25,135.57,172,36.43,0
e1-100,binary,100,bot_114,3068,b,8,46.77,25,136.42,172,35.58,0
e1-100,binary,100,bot_114,3068,b,10,56.97,25,124.5,155,30.5,0
e1-100,binary,100,bot_114,3068,b,12,62.69,25,166.85,193,26.15,0
e1-100,binary,100,bot_114,3068,b,14,61.41,25,170.49,194,23.51,0
e1-100,binary,100,bot_114,3068,b,16,49.44,25,185.08,189,3.92,0
e1-100,binary,100,bot_114,3068,b,18,39.34,25,178.54,174,-4.54,0
e1-100,binary,100,bot_114,3068,b,20,35.23,25,209.34,208,-1.34,0
e1-100,binary,100,bot_114,3068,b,22,36.75,25,228.46,216,-12.46,0
e1-100,binary,100,bot_114,3068,b,24,29.4,25,250.88,242,-8.88,0
e1-100,binary,100,bot_114,3068,b,26,35.52,25,159.55,210,50.45,0
e1-100,binary,100,bot_114,3068,b,28,97.6,25,196.15,178,-18.15,0
e1-100,binary,100,bot_114,3068,b,30,83.18,25,111.54,154,42.46,0
e1-100,binary,100,bot_114,3068,b,32,63.93,25,149.55,191,41.45,0
e1-100,binary,100,bot_114,3068,b,34,61.61,25,144.43,174,29.57,0
e1-100,binary,100,bot_114,3068,b,36,40.34,25,164.64,177,12.36,0
e1-100,binary,100,bot_114,3068,b,38,40.02,25,160.52,164,3.48,0
e1-100,binary,100,bot_114,3068,b,40,37.28,25,166.03,167,0.97,0
e1-100,binary,100,bot_114,3068,b,42,20.98,25,144.03,136,-8.03,0
e1-100,binary,100,bot_114,3068,b,44,23.61,25,154.79,138,-16.79,0
e1-100,binary,100,bot_114,3068,b,46,14.22,25,159.7,141,-18.7,0
e1-100,binary,100,bot_114,3068,b,48,120.54,25,170.22,148,-22.22,0
e1-100,binary,100,bot_114,3068,b,50,101.97,25,76.44,136,59.56,0
e1-100,binary,100,bot_114,3068,b,52,94.39,25,71.1,138,66.9,0
e1-100,binary,100,bot_114,3068,b,54,83.21,25,85.63,142,56.37,0
e1-100,binary,100,bot_114,3068,b,56,61,25,89.61,147,57.39,0
e1-100,binary,100,bot_114,3068,b,58,27.69,25,82.66,114,31.34,0
e1-100,binary,100,bot_114,3068,b,60,24.75,25,136.64,128,-8.64,0
e1-100,binary,100,bot_115,3069,w,1,74.36,25,123.24,188,64.76,0
e1-100,binary,100,bot_115,3069,w,3,92.8,25,92.11,139,46.89,0
e1-100,binary,100,bot_115,3069,w,5,67.39,25,135.07,174,38.93,0
e1-100,binary,100,bot_115,3069,w,7,48.42,25,134.78,170,35.22,0
e1-100,binary,100,bot_115,3069,w,9,60.58,25,120.9,153,32.1,0
e1-100,binary,100,bot_115,3069,w,11,65.56,25,164.45,193,28.55,0
e1-100,binary,100,bot_115,3069,w,13,63.98,25,168.38,191,22.62,0
e1-100,binary,100,bot_115,3069,w,15,53.05,25,181.2,189,7.8,0
e1-100,binary,100,bot_115,3069,w,17,42.9,25,174.72,171,-3.72,0
e1-100,binary,100,bot_115,3069,w,19,38.14,25,206.5,205,-1.5,0
e1-100,binary,100,bot_115,3069,w,21,38.8,25,225.47,215,-10.47,0
e1-100,binary,100,bot_115,3069,w,23,29.21,25,252.06,243,-9.06,0
e1-100,binary,100,bot_115,3069,w,25,51.35,25,211.86,194,-17.86,0
e1-100,binary,100,bot_115,3069,w,27,20.35,25,193.94,176,-17.94,0
e1-100,binary,100,bot_115,3069,w,29,85.96,25,109.52,159,49.48,0
e1-100,binary,100,bot_115,3069,w,31,66.05,25,147.53,190,42.47,0
e1-100,binary,100,bot_115,3069,w,33,62.65,25,143.32,173,29.68,0
e1-100,binary,100,bot_115,3069,w,35,42.48,25,162.29,175,12.71,0
e1-100,binary,100,bot_115,3069,w,37,41.07,25,159.5,160,0.5,0
e1-100,binary,100,bot_115,3069,w,39,38.06,25,165.34,166,0.66,0
e1-100,binary,100,bot_115,3069,w,41,22.01,25,143.03,135,-8.03,0
e1-100,binary,100,bot_115,3069,w,43,24.42,25,154.39,137,-17.39,0
e1-100,binary,100,bot_115,3069,w,45,16.28,25,158.03,141,-17.03,0
e1-100,binary,100,bot_115,3069,w,47,8.46,25,169.46,147,-22.46,0
e1-100,binary,100,bot_115,3069,w,49,104.31,25,74.53,144,69.47,0
e1-100,binary,100,bot_115,3069,w,51,96.51,25,69.02,136,66.98,0
e1-100,binary,100,bot_115,3069,w,53,80.38,25,88.36,147,58.64,0
e1-100,binary,100,bot_115,3069,w,55,58.44,25,92.03,141,48.97,0
e1-100,binary,100,bot_115,3069,w,57,25.25,25,84.94,111,26.06,0
e1-100,binary,100,bot_115,3069,w,59,21.51,25,139.84,121,-18.84,0
e1-100,binary,100,bot_116,3069,b,2,88.36,25,96.51,139,42.49,0
e1-100,binary,100,bot_116,3069,b,4,83.17,25,88.77,149,60.23,0
e1-100,binary,100,bot_116,3069,b,6,78.93,25,125.26,155,29.74,0
e1-100,binary,100,bot_116,3069,b,8,76.06,25,117.3,129,11.7,0
e1-100,binary,100,bot_116,3069,b,10,72.51,25,159.91,184,24.09,0
e1-100,binary,100,bot_116,3069,b,12,68.05,25,134.42,162,27.58,0
e1-100,binary,100,bot_116,3069,b,14,52.05,25,173.18,200,26.82,0
e1-100,binary,100,bot_116,3069,b,16,39.92,25,176.14,191,14.86,0
e1-100,binary,100,bot_116,3069,b,18,41.73,25,193.29,198,4.71,0
e1-100,binary,100,bot_116,3069,b,20,33.45,25,203.84,203,-0.84,0
e1-100,binary,100,bot_116,3069,b,22,34.87,25,230.7,232,1.3,0
e1-100,binary,100,bot_116,3069,b,24,26.86,25,194.37,185,-9.37,0
e1-100,binary,100,bot_116,3069,b,26,20.31,25,149.5,163,13.5,0
e1-100,binary,100,bot_116,3069,b,28,88.41,25,157.93,145,-12.93,0
e1-100,binary,100,bot_116,3069,b,30,80.96,25,142.17,196,53.83,0
e1-100,binary,100,bot_116,3069,b,32,68.24,25,117.48,151,33.52,0
e1-100,binary,100,bot_116,3069,b,34,49.8,25,162.39,192,29.61,0
e1-100,binary,100,bot_116,3069,b,36,38.31,25,144.84,154,9.16,0
e1-100,binary,100,bot_116,3069,b,38,38.4,25,177.61,186,8.39,0
e1-100,binary,100,bot_116,3069,b,40,30.28,25,184.03,189,4.97,0
e1-100,binary,100,bot_116,3069,b,42,21.07,25,125.1,115,-10.1,0
e1-100,binary,100,bot_116,3069,b,44,21.25,25,189.42,181,-8.42,0
e1-100,binary,100,bot_116,3069,b,46,16.66,25,171.7,155,-16.7,0
e1-100,binary,100,bot_116,3069,b,48,107.67,25,193.98,170,-23.98,0
e1-100,binary,100,bot_116,3069,b,50,105.66,25,95.5,168,72.5,0
e1-100,binary,100,bot_116,3069,b,52,102.84,25,79.02,143,63.98,0
e1-100,binary,100,bot_116,3069,b,54,93.08,25,84.47,126,41.53,0
e1-100,binary,100,bot_116,3069,b,56,68.64,25,79.13,99,19.88,0
e1-100,binary,100,bot_116,3069,b,58,25.03,25,141.68,129,-12.68,0
e1-100,binary,100,bot_116,3069,b,60,12.45,25,156.12,138,-18.12,0
e1-100,binary,100,bot_117,3070,w,1,92.36,25,92.52,132,39.48,0
e1-100,binary,100,bot_117,3070,w,3,87.2,25,84.29,129,44.71,0
e1-100,binary,100,bot_117,3070,w,5,84.62,25,119.63,140,20.38,0
e1-100,binary,100,bot_117,3070,w,7,79.91,25,113.43,112,-1.43,0
e1-100,binary,100,bot_117,3070,w,9,77.54,25,154.45,169,14.55,0
e1-100,binary,100,bot_117,3070,w,11,71.33,25,130.52,147,16.48,0
e1-100,binary,100,bot_117,3070,w,13,61.34,25,163.72,178,14.28,0
e1-100,binary,100,bot_117,3070,w,15,43.7,25,172.8,174,1.2,0
e1-100,binary,100,bot_117,3070,w,17,47.34,25,187.8,185,-2.8,0
e1-100,binary,100,bot_117,3070,w,19,40.76,25,197.1,190,-7.1,0
e1-100,binary,100,bot_117,3070,w,21,42.35,25,223.27,217,-6.27,0
e1-100,binary,100,bot_117,3070,w,23,34.42,25,186.71,167,-19.71,0
e1-100,binary,100,bot_117,3070,w,25,27.44,25,178.53,146,-32.53,0
e1-100,binary,100,bot_117,3070,w,27,12.74,25,154.64,142,-12.64,0
e1-100,binary,100,bot_117,3070,w,29,103.18,25,207.65,176,-31.65,0
e1-100,binary,100,bot_117,3070,w,31,72.3,25,114.66,148,33.34,0
e1-100,binary,100,bot_117,3070,w,33,57.36,25,155.4,181,25.6,0
e1-100,binary,100,bot_117,3070,w,35,46.11,25,137.13,143,5.87,0
e1-100,binary,100,bot_117,3070,w,37,49.4,25,166.45,170,3.55,0
e1-100,binary,100,bot_117,3070,w,39,45.91,25,168.8,172,3.2,0
e1-100,binary,100,bot_117,3070,w,41,29.92,25,115.47,99,-16.47,0
e1-100,binary,100,bot_117,3070,w,43,35.32,25,174.45,163,-11.45,0
e1-100,binary,100,bot_117,3070,w,45,31.39,25,156.46,138,-18.46,0
e1-100,binary,100,bot_117,3070,w,47,20.67,25,182.44,153,-29.44,0
e1-100,binary,100,bot_117,3070,w,49,12.11,25,178.05,144,-34.05,0
e1-100,binary,100,bot_117,3070,w,51,115.23,25,68.27,135,66.73,0
e1-100,binary,100,bot_117,3070,w,53,88.78,25,88.87,118,29.13,0
e1-100,binary,100,bot_117,3070,w,55,66.55,25,81.28,86,4.72,0
e1-100,binary,100,bot_117,3070,w,57,21.76,25,145,117,-28,0
e1-100,binary,100,bot_117,3070,w,59,10.54,25,157.99,128,-29.99,0
e1-100,binary,100,bot_118,3070,b,2,97.12,25,88.26,130,41.74,0
e1-100,binary,100,bot_118,3070,b,4,72.84,25,129.81,166,36.19,0
e1-100,binary,100,bot_118,3070,b,6,51.8,25,131.43,164,32.57,0
e1-100,binary,100,bot_118,3070,b,8,66.34,25,115.07,143,27.93,0
e1-100,binary,100,bot_118,3070,b,10,70.38,25,159.83,186,26.17,0
e1-100,binary,100,bot_118,3070,b,12,66.58,25,166.15,186,19.85,0
e1-100,binary,100,bot_118,3070,b,14,53.67,25,180.46,189,8.54,0
e1-100,binary,100,bot_118,3070,b,16,51.16,25,166.12,159,-7.12,0
e1-100,binary,100,bot_118,3070,b,18,46.3,25,198.24,193,-5.24,0
e1-100,binary,100,bot_118,3070,b,20,47.62,25,216.3,205,-11.3,0
e1-100,binary,100,bot_118,3070,b,22,33.74,25,247.48,239,-8.48,0
e1-100,binary,100,bot_118,3070,b,24,19.79,25,207.38,191,-16.38,0
e1-100,binary,100,bot_118,3070,b,26,30.45,25,183.75,168,-15.75,0
e1-100,binary,100,bot_118,3070,b,28,12.19,25,173.47,142,-31.47,0
e1-100,binary,100,bot_118,3070,b,30,77.37,25,136.33,196,59.67,0
e1-100,binary,100,bot_118,3070,b,32,69.42,25,136.06,164,27.94,0
e1-100,binary,100,bot_118,3070,b,34,50.67,25,153.6,167,13.4,0
e1-100,binary,100,bot_118,3070,b,36,47.64,25,152.81,156,3.19,0
e1-100,binary,100,bot_118,3070,b,38,46.53,25,156.95,163,6.05,0
e1-100,binary,100,bot_118,3070,b,40,26.9,25,138.28,140,1.72,0
e1-100,binary,100,bot_118,3070,b,42,33.35,25,146.05,132,-14.05,0
e1-100,binary,100,bot_118,3070,b,44,25.33,25,149.3,141,-8.3,0
e1-100,binary,100,bot_118,3070,b,46,14.7,25,163.49,150,-13.49,0
e1-100,binary,100,bot_118,3070,b,48,9.16,25,162.25,139,-23.25,0
e1-100,binary,100,bot_118,3070,b,50,111.09,25,171.22,141,-30.22,0
e1-100,binary,100,bot_118,3070,b,52,76.3,25,92.02,160,67.98,0
e1-100,binary,100,bot_118,3070,b,54,52.98,25,97.1,140,42.9,0
e1-100,binary,100,bot_118,3070,b,56,19.72,25,90.2,111,20.8,0
e1-100,binary,100,bot_118,3070,b,58,17.67,25,143.69,118,-25.69,0
e1-100,binary,100,bot_118,3070,b,60,10.22,25,167.52,131,-36.52,0
e1-100,binary,100,bot_119,3071,w,1,98.29,25,87.38,150,62.62,0
e1-100,binary,100,bot_119,3071,w,3,75.08,25,128.02,172,43.98,0
e1-100,binary,100,bot_119,3071,w,5,54.02,25,129.24,172,42.76,0
e1-100,binary,100,bot_119,3071,w,7,70.35,25,110.92,147,36.08,0
e1-100,binary,100,bot_119,3071,w,9,76.33,25,154.27,191,36.73,0
e1-100,binary,100,bot_119,3071,w,11,72.14,25,160.96,191,30.04,0
e1-100,binary,100,bot_119,3071,w,13,59.65,25,173.92,192,18.08,0
e1-100,binary,100,bot_119,3071,w,15,52.83,25,164.09,165,0.91,0
e1-100,binary,100,bot_119,3071,w,17,51.76,25,192.26,197,4.74,0
e1-100,binary,100,bot_119,3071,w,19,53.35,25,210.05,209,-1.05,0
e1-100,binary,100,bot_119,3071,w,21,37.6,25,243,243,0,0
e1-100,binary,100,bot_119,3071,w,23,25.14,25,202.31,195,-7.31,0
e1-100,binary,100,bot_119,3071,w,25,33,25,181.62,174,-7.62,0
e1-100,binary,100,bot_119,3071,w,27,14.45,25,171.24,146,-25.24,0
e1-100,binary,100,bot_119,3071,w,29,94.51,25,207.83,186,-21.83,0
e1-100,binary,100,bot_119,3071,w,31,70,25,135.52,169,33.48,0
e1-100,binary,100,bot_119,3071,w,33,53.1,25,151.04,173,21.96,0
e1-100,binary,100,bot_119,3071,w,35,48.31,25,152.24,163,10.76,0
e1-100,binary,100,bot_119,3071,w,37,48.41,25,155.22,169,13.78,0
e1-100,binary,100,bot_119,3071,w,39,28.05,25,137.06,146,8.94,0
e1-100,binary,100,bot_119,3071,w,41,35.14,25,144.69,136,-8.69,0
e1-100,binary,100,bot_119,3071,w,43,26.78,25,148.09,146,-2.09,0
e1-100,binary,100,bot_119,3071,w,45,17.14,25,161.11,157,-4.11,0
e1-100,binary,100,bot_119,3071,w,47,11.24,25,160.46,145,-15.46,0
e1-100,binary,100,bot_119,3071,w,49,11.73,25,167.85,145,-22.85,0
e1-100,binary,100,bot_119,3071,w,51,93.35,25,77.24,157,79.76,0
e1-100,binary,100,bot_119,3071,w,53,71.5,25,80.23,149,68.77,0
e1-100,binary,100,bot_119,3071,w,55,34.52,25,76.37,108,31.63,0
e1-100,binary,100,bot_119,3071,w,57,27.97,25,133.69,126,-7.69,0
e1-100,binary,100,bot_119,3071,w,59,13.95,25,164.45,138,-26.45,0
e1-100,binary,100,bot_120,3071,b,2,91.64,25,79.51,141,61.49,0
e1-100,binary,100,bot_120,3071,b,4,89.2,25,115,148,33,0
e1-100,binary,100,bot_120,3071,b,6,83.29,25,109.99,124,14.01,0
e1-100,binary,100,bot_120,3071,b,8,83.85,25,147.85,177,29.15,0
e1-100,binary,100,bot_120,3071,b,10,77.51,25,124.08,161,36.92,0
e1-100,binary,100,bot_120,3071,b,12,65.51,25,159.59,191,31.41,0
e1-100,binary,100,bot_120,3071,b,14,46.84,25,169.86,189,19.14,0
e1-100,binary,100,bot_120,3071,b,16,53.32,25,181.84,195,13.16,0
e1-100,binary,100,bot_120,3071,b,18,45.27,25,193.31,205,11.69,0
e1-100,binary,100,bot_120,3071,b,20,46.49,25,219.24,231,11.76,0
e1-100,binary,100,bot_120,3071,b,22,38.64,25,183.03,180,-3.03,0
e1-100,binary,100,bot_120,3071,b,24,33.09,25,172.68,157,-15.68,0
e1-100,binary,100,bot_120,3071,b,26,15.22,25,152.21,150,-2.21,0
e1-100,binary,100,bot_120,3071,b,28,18.57,25,203.22,182,-21.22,0
e1-100,binary,100,bot_120,3071,b,30,74.44,25,112.81,172,59.19,0
e1-100,binary,100,bot_120,3071,b,32,61.66,25,151.06,186,34.94,0
e1-100,binary,100,bot_120,3071,b,34,50.6,25,132.61,149,16.39,0
e1-100,binary,100,bot_120,3071,b,36,53.92,25,161.88,174,12.12,0
e1-100,binary,100,bot_120,3071,b,38,49.75,25,165.02,178,12.98,0
e1-100,binary,100,bot_120,3071,b,40,31.52,25,113.81,106,-7.81,0
e1-100,binary,100,bot_120,3071,b,42,38.79,25,170.91,171,0.09,0
e1-100,binary,100,bot_120,3071,b,44,35.38,25,152.38,143,-9.38,0
e1-100,binary,100,bot_120,3071,b,46,24.24,25,178.87,160,-18.87,0
e1-100,binary,100,bot_120,3071,b,48,16.65,25,173.38,149,-24.38,0
e1-100,binary,100,bot_120,3071,b,50,124.21,25,158.58,133,-25.58,0
e1-100,binary,100,bot_120,3071,b,52,112.55,25,63.93,117,53.07,0
e1-100,binary,100,bot_120,3071,b,54,74.92,25,72.45,103,30.55,0
e1-100,binary,100,bot_120,3071,b,56,36.7,25,129.62,123,-6.62,0
e1-100,binary,100,bot_120,3071,b,58,17.76,25,151.03,138,-13.03,0
e1-100,binary,100,bot_120,3071,b,60,18.57,25,132.4,105,-27.4,0
e1-100,binary,100,bot_121,3072,w,1,93.71,25,77.52,136,58.48,0
e1-100,binary,100,bot_121,3072,w,3,92.87,25,112.02,140,27.98,0
e1-100,binary,100,bot_121,3072,w,5,86.2,25,107.16,107,-0.16,0
e1-100,binary,100,bot_121,3072,w,7,90.19,25,141.67,162,20.33,0
e1-100,binary,100,bot_121,3072,w,9,78.77,25,122.59,153,30.41,0
e1-100,binary,100,bot_121,3072,w,11,71.57,25,153.62,180,26.38,0
e1-100,binary,100,bot_121,3072,w,13,51.1,25,166.14,180,13.86,0
e1-100,binary,100,bot_121,3072,w,15,56.06,25,179.19,183,3.81,0
e1-100,binary,100,bot_121,3072,w,17,52.91,25,185.89,194,8.11,0
e1-100,binary,100,bot_121,3072,w,19,52.28,25,213.64,219,5.36,0
e1-100,binary,100,bot_121,3072,w,21,44.02,25,177.74,170,-7.74,0
e1-100,binary,100,bot_121,3072,w,23,35.98,25,169.47,148,-21.47,0
e1-100,binary,100,bot_121,3072,w,25,20.57,25,147.82,144,-3.82,0
e1-100,binary,100,bot_121,3072,w,27,26.15,25,195.63,174,-21.63,0
e1-100,binary,100,bot_121,3072,w,29,14.48,25,176.29,155,-21.29,0
e1-100,binary,100,bot_121,3072,w,31,65.46,25,148.25,189,40.75,0
e1-100,binary,100,bot_121,3072,w,33,52.63,25,130.62,143,12.38,0
e1-100,binary,100,bot_121,3072,w,35,56.49,25,159.25,165,5.75,0
e1-100,binary,100,bot_121,3072,w,37,52.88,25,162.1,169,6.9,0
e1-100,binary,100,bot_121,3072,w,39,33.44,25,111.4,96,-15.4,0
e1-100,binary,100,bot_121,3072,w,41,43.52,25,165.77,156,-9.77,0
e1-100,binary,100,bot_121,3072,w,43,39.55,25,147.83,133,-14.83,0
e1-100,binary,100,bot_121,3072,w,45,27.12,25,175.94,150,-25.94,0
e1-100,binary,100,bot_121,3072,w,47,18.16,25,171.55,141,-30.55,0
e1-100,binary,100,bot_121,3072,w,49,7.85,25,156.65,125,-31.65,0
e1-100,binary,100,bot_121,3072,w,51,114,25,62.09,116,53.91,0
e1-100,binary,100,bot_121,3072,w,53,75.23,25,71.99,99,27.01,0
e1-100,binary,100,bot_121,3072,w,55,38.03,25,127.83,117,-10.83,0
e1-100,binary,100,bot_121,3072,w,57,19.25,25,149.73,135,-14.73,0
e1-100,binary,100,bot_121,3072,w,59,5.33,25,131.65,101,-30.65,0
e1-100,binary,100,bot_122,3072,b,2,81.85,25,120.89,175,54.11,0
e1-100,binary,100,bot_122,3072,b,4,60.46,25,122.73,176,53.27,0
e1-100,binary,100,bot_122,3072,b,6,74.7,25,106.21,153,46.79,0
e1-100,binary,100,bot_122,3072,b,8,84.23,25,146.46,197,50.54,0
e1-100,binary,100,bot_122,3072,b,10,81.02,25,152.32,191,38.68,0
e1-100,binary,100,bot_122,3072,b,12,67.95,25,165.27,197,31.73,0
e1-100,binary,100,bot_122,3072,b,14,57.57,25,159.02,170,10.98,0
e1-100,binary,100,bot_122,3072,b,16,61.62,25,182.52,199,16.48,0
e1-100,binary,100,bot_122,3072,b,18,59.97,25,203.11,217,13.89,0
e1-100,binary,100,bot_122,3072,b,20,46.68,25,233.86,247,13.14,0
e1-100,binary,100,bot_122,3072,b,22,33.26,25,194.34,200,5.66,0
e1-100,binary,100,bot_122,3072,b,24,41.59,25,172.53,173,0.47,0
e1-100,binary,100,bot_122,3072,b,26,23.13,25,162.57,148,-14.57,0
e1-100,binary,100,bot_122,3072,b,28,24,25,198.81,190,-8.81,0
e1-100,binary,100,bot_122,3072,b,30,84.8,25,196.1,175,-21.1,0
e1-100,binary,100,bot_122,3072,b,32,56.76,25,147.32,177,29.68,0
e1-100,binary,100,bot_122,3072,b,34,51.48,25,149.05,167,17.95,0
e1-100,binary,100,bot_122,3072,b,36,51.33,25,152.33,174,21.67,0
e1-100,binary,100,bot_122,3072,b,38,29.79,25,135.33,153,17.67,0
e1-100,binary,100,bot_122,3072,b,40,35.59,25,144.44,144,-0.44,0
e1-100,binary,100,bot_122,3072,b,42,28.8,25,146.2,154,7.8,0
e1-100,binary,100,bot_122,3072,b,44,19.23,25,159.08,163,3.92,0
e1-100,binary,100,bot_122,3072,b,46,14.09,25,157.7,150,-7.7,0
e1-100,binary,100,bot_122,3072,b,48,14.41,25,165.2,150,-15.2,0
e1-100,binary,100,bot_122,3072,b,50,101.78,25,186.96,154,-32.96,0
e1-100,binary,100,bot_122,3072,b,52,74.45,25,77.48,151,73.52,0
e1-100,binary,100,bot_122,3072,b,54,37.81,25,73.43,109,35.57,0
e1-100,binary,100,bot_122,3072,b,56,32.47,25,129.11,126,-3.11,0
e1-100,binary,100,bot_122,3072,b,58,18.12,25,160.06,139,-21.06,0
e1-100,binary,100,bot_122,3072,b,60,21.36,25,162.27,127,-35.27,0
e1-100,binary,100,bot_123,3073,w,1,90.49,25,112.66,163,50.34,0
e1-100,binary,100,bot_123,3073,w,3,65.36,25,117.78,162,44.22,0
e1-100,binary,100,bot_123,3073,w,5,79.69,25,100.44,137,36.56,0
e1-100,binary,100,bot_123,3073,w,7,91.04,25,140.37,184,43.63,0
e1-100,binary,100,bot_123,3073,w,9,88.33,25,145.61,176,30.39,0
e1-100,binary,100,bot_123,3073,w,11,74.71,25,158.05,181,22.95,0
e1-100,binary,100,bot_123,3073,w,13,61.22,25,154.86,158,3.14,0
e1-100,binary,100,bot_123,3073,w,15,71.1,25,173.7,181,7.3,0
e1-100,binary,100,bot_123,3073,w,17,66.7,25,195.47,201,5.53,0
e1-100,binary,100,bot_123,3073,w,19,57.07,25,224.1,229,4.9,0
e1-100,binary,100,bot_123,3073,w,21,43.05,25,185.06,184,-1.06,0
e1-100,binary,100,bot_123,3073,w,23,45.72,25,168.42,158,-10.42,0
e1-100,binary,100,bot_123,3073,w,25,25.42,25,160.37,137,-23.37,0
e1-100,binary,100,bot_123,3073,w,27,25.38,25,197.35,180,-17.35,0
e1-100,binary,100,bot_123,3073,w,29,10.26,25,195.21,165,-30.21,0
e1-100,binary,100,bot_123,3073,w,31,58.2,25,146.24,182,35.76,0
e1-100,binary,100,bot_123,3073,w,33,54.11,25,146.51,155,8.49,0
e1-100,binary,100,bot_123,3073,w,35,54.37,25,149.28,161,11.72,0
e1-100,binary,100,bot_123,3073,w,37,31.59,25,133.55,141,7.45,0
e1-100,binary,100,bot_123,3073,w,39,38.82,25,141.47,130,-11.47,0
e1-100,binary,100,bot_123,3073,w,41,30.48,25,144.94,145,0.06,0
e1-100,binary,100,bot_123,3073,w,43,20.74,25,157.77,154,-3.77,0
e1-100,binary,100,bot_123,3073,w,45,18.06,25,154.03,138,-16.03,0
e1-100,binary,100,bot_123,3073,w,47,17.1,25,162.2,137,-25.2,0
e1-100,binary,100,bot_123,3073,w,49,10.42,25,183.53,144,-39.53,0
e1-100,binary,100,bot_123,3073,w,51,78.05,25,74.15,144,69.85,0
e1-100,binary,100,bot_123,3073,w,53,42.06,25,69.36,99,29.64,0
e1-100,binary,100,bot_123,3073,w,55,36.91,25,124.62,117,-7.62,0
e1-100,binary,100,bot_123,3073,w,57,22.9,25,154.98,128,-26.98,0
e1-100,binary,100,bot_123,3073,w,59,26.47,25,156.78,115,-41.78,0
e1-100,binary,100,bot_124,3073,b,2,100.05,25,105.4,160,54.6,0
e1-100,binary,100,bot_124,3073,b,4,91.91,25,101.5,129,27.5,0
e1-100,binary,100,bot_124,3073,b,6,98.73,25,133.15,176,42.85,0
e1-100,binary,100,bot_124,3073,b,8,85.48,25,115.4,171,55.6,0
e1-100,binary,100,bot_124,3073,b,10,79.34,25,145.75,197,51.25,0
e1-100,binary,100,bot_124,3073,b,12,58.82,25,158.66,196,37.34,0
e1-100,binary,100,bot_124,3073,b,14,63.14,25,171.64,196,24.36,0
e1-100,binary,100,bot_124,3073,b,16,61.47,25,177.48,211,33.52,0
e1-100,binary,100,bot_124,3073,b,18,61.42,25,204.75,235,30.25,0
e1-100,binary,100,bot_124,3073,b,20,54.83,25,166.95,188,21.05,0
e1-100,binary,100,bot_124,3073,b,22,38.33,25,167.68,174,6.32,0
e1-100,binary,100,bot_124,3073,b,24,22.91,25,145.59,160,14.41,0
e1-100,binary,100,bot_124,3073,b,26,29.83,25,191.96,185,-6.96,0
e1-100,binary,100,bot_124,3073,b,28,17.85,25,172.92,165,-7.92,0
e1-100,binary,100,bot_124,3073,b,30,84.72,25,203.89,182,-21.89,0
e1-100,binary,100,bot_124,3073,b,32,56.27,25,126.95,152,25.05,0
e1-100,binary,100,bot_124,3073,b,34,60.07,25,155.62,178,22.38,0
e1-100,binary,100,bot_124,3073,b,36,56.23,25,158.84,180,21.16,0
e1-100,binary,100,bot_124,3073,b,38,35.21,25,109.55,108,-1.55,0
e1-100,binary,100,bot_124,3073,b,40,48.57,25,160.55,167,6.45,0
e1-100,binary,100,bot_124,3073,b,42,42.68,25,144.6,143,-1.6,0
e1-100,binary,100,bot_124,3073,b,44,30.3,25,172.72,160,-12.72,0
e1-100,binary,100,bot_124,3073,b,46,21.6,25,168.02,154,-14.02,0
e1-100,binary,100,bot_124,3073,b,48,10.29,25,154.34,139,-15.34,0
e1-100,binary,100,bot_124,3073,b,50,119.57,25,151.36,124,-27.36,0
e1-100,binary,100,bot_124,3073,b,52,78.21,25,68.93,107,38.07,0
e1-100,binary,100,bot_124,3073,b,54,42.01,25,123.76,127,3.24,0
e1-100,binary,100,bot_124,3073,b,56,23.49,25,145.58,144,-1.58,0
e1-100,binary,100,bot_124,3073,b,58,9.16,25,127.91,112,-15.91,0
e1-100,binary,100,bot_124,3073,b,60,12.45,25,110.6,99,-11.6,0
e1-100,binary,100,bot_125,3074,w,1,104.98,25,101.21,198,96.79,0
e1-100,binary,100,bot_125,3074,w,3,94.93,25,98.4,169,70.6,0
e1-100,binary,100,bot_125,3074,w,5,104.75,25,127.07,213,85.93,0
e1-100,binary,100,bot_125,3074,w,7,88.08,25,112.18,207,94.82,0
e1-100,binary,100,bot_125,3074,w,9,83.81,25,141.32,232,90.68,0
e1-100,binary,100,bot_125,3074,w,11,62.77,25,155.04,236,80.96,0
e1-100,binary,100,bot_125,3074,w,13,66.55,25,168.64,232,63.36,0
e1-100,binary,100,bot_125,3074,w,15,69.03,25,170.27,246,75.73,0
e1-100,binary,100,bot_125,3074,w,17,66.96,25,198.99,275,76.01,0
e1-100,binary,100,bot_125,3074,w,19,62.28,25,159.58,227,67.42,0
e1-100,binary,100,bot_125,3074,w,21,45.81,25,159.51,205,45.49,0
e1-100,binary,100,bot_125,3074,w,23,27.8,25,141,172,31,0
e1-100,binary,100,bot_125,3074,w,25,39.73,25,181.99,192,10.01,0
e1-100,binary,100,bot_125,3074,w,27,25.85,25,165.32,175,9.68,0
e1-100,binary,100,bot_125,3074,w,29,22.77,25,196.26,191,-5.26,0
e1-100,binary,100,bot_125,3074,w,31,74.86,25,168.64,170,1.36,0
e1-100,binary,100,bot_125,3074,w,33,67.87,25,149.02,190,40.98,0
e1-100,binary,100,bot_125,3074,w,35,62.92,25,152.56,194,41.44,0
e1-100,binary,100,bot_125,3074,w,37,38.29,25,106.09,120,13.91,0
e1-100,binary,100,bot_125,3074,w,39,54.37,25,154.29,179,24.71,0
e1-100,binary,100,bot_125,3074,w,41,50,25,136.87,153,16.13,0
e1-100,binary,100,bot_125,3074,w,43,36.41,25,166.54,172,5.46,0
e1-100,binary,100,bot_125,3074,w,45,27.66,25,161.51,163,1.49,0
e1-100,binary,100,bot_125,3074,w,47,13.86,25,151.04,151,-0.04,0
e1-100,binary,100,bot_125,3074,w,49,119.47,25,151.35,135,-16.35,0
e1-100,binary,100,bot_125,3074,w,51,79.91,25,67.07,117,49.93,0
e1-100,binary,100,bot_125,3074,w,53,41.99,25,123.86,138,14.14,0
e1-100,binary,100,bot_125,3074,w,55,26.29,25,143.02,153,9.98,0
e1-100,binary,100,bot_125,3074,w,57,9.17,25,128.37,122,-6.37,0
e1-100,binary,100,bot_125,3074,w,59,14.39,25,107.9,107,-0.9,0
e1-100,binary,100,bot_126,3074,b,2,70.86,25,112.22,170,57.78,0
e1-100,binary,100,bot_126,3074,b,4,87.03,25,93.18,140,46.82,0
e1-100,binary,100,bot_126,3074,b,6,95.95,25,135.52,192,56.48,0
e1-100,binary,100,bot_126,3074,b,8,91.43,25,142.92,182,39.08,0
e1-100,binary,100,bot_126,3074,b,10,81.54,25,150.87,186,35.13,0
e1-100,binary,100,bot_126,3074,b,12,64.37,25,151.56,166,14.44,0
e1-100,binary,100,bot_126,3074,b,14,77.58,25,166.98,186,19.02,0
e1-100,binary,100,bot_126,3074,b,16,77.64,25,183.83,204,20.17,0
e1-100,binary,100,bot_126,3074,b,18,68.27,25,212.68,231,18.32,0
e1-100,binary,100,bot_126,3074,b,20,46.73,25,181.66,196,14.34,0
e1-100,binary,100,bot_126,3074,b,22,51.11,25,163.48,167,3.52,0
e1-100,binary,100,bot_126,3074,b,24,32.2,25,153.62,139,-14.62,0
e1-100,binary,100,bot_126,3074,b,26,31.13,25,191.39,190,-1.39,0
e1-100,binary,100,bot_126,3074,b,28,15.63,25,189.88,174,-15.88,0
e1-100,binary,100,bot_126,3074,b,30,21.85,25,190.36,172,-18.36,0
e1-100,binary,100,bot_126,3074,b,32,62.28,25,138.94,172,33.06,0
e1-100,binary,100,bot_126,3074,b,34,61.84,25,141.49,167,25.51,0
e1-100,binary,100,bot_126,3074,b,36,36.23,25,128.94,150,21.06,0
e1-100,binary,100,bot_126,3074,b,38,44.98,25,135.53,132,-3.53,0
e1-100,binary,100,bot_126,3074,b,40,36.69,25,139,152,13,0
e1-100,binary,100,bot_126,3074,b,42,26.25,25,152.32,160,7.68,0
e1-100,binary,100,bot_126,3074,b,44,23.31,25,149.05,143,-6.05,0
e1-100,binary,100,bot_126,3074,b,46,21.18,25,158.06,144,-14.06,0
e1-100,binary,100,bot_126,3074,b,48,13.57,25,180.81,150,-30.81,0
e1-100,binary,100,bot_126,3074,b,50,81.01,25,71.29,146,74.71,0
e1-100,binary,100,bot_126,3074,b,52,44.84,25,66.62,102,35.38,0
e1-100,binary,100,bot_126,3074,b,54,39.49,25,122.03,118,-4.03,0
e1-100,binary,100,bot_126,3074,b,56,25.23,25,152.52,133,-19.52,0
e1-100,binary,100,bot_126,3074,b,58,28.88,25,154.39,118,-36.39,0
e1-100,binary,100,bot_126,3074,b,60,8.35,25,133.66,102,-31.66,0
e1-100,binary,100,bot_127,3075,w,1,71.28,25,111.95,179,67.05,0
e1-100,binary,100,bot_127,3075,w,3,90.42,25,89.74,137,47.26,0
e1-100,binary,100,bot_127,3075,w,5,98.23,25,133.35,194,60.65,0
e1-100,binary,100,bot_127,3075,w,7,94.5,25,140.29,181,40.71,0
e1-100,binary,100,bot_127,3075,w,9,84.05,25,148.01,189,40.99,0
e1-100,binary,100,bot_127,3075,w,11,67.65,25,147.97,164,16.03,0
e1-100,binary,100,bot_127,3075,w,13,79.36,25,165.02,186,20.98,0
e1-100,binary,100,bot_127,3075,w,15,80.41,25,180.78,204,23.22,0
e1-100,binary,100,bot_127,3075,w,17,72.66,25,208.29,229,20.71,0
e1-100,binary,100,bot_127,3075,w,19,47.03,25,181.76,197,15.24,0
e1-100,binary,100,bot_127,3075,w,21,51.04,25,163.79,171,7.21,0
e1-100,binary,100,bot_127,3075,w,23,35.25,25,150.5,136,-14.5,0
e1-100,binary,100,bot_127,3075,w,25,34.68,25,187.47,187,-0.47,0
e1-100,binary,100,bot_127,3075,w,27,20.8,25,184.48,171,-13.48,0
e1-100,binary,100,bot_127,3075,w,29,26.01,25,186.01,169,-17.01,0
e1-100,binary,100,bot_127,3075,w,31,77.04,25,185.79,158,-27.79,0
e1-100,binary,100,bot_127,3075,w,33,67.75,25,135.17,162,26.83,0
e1-100,binary,100,bot_127,3075,w,35,38.53,25,126.77,150,23.23,0
e1-100,binary,100,bot_127,3075,w,37,51.2,25,129.68,127,-2.68,0
e1-100,binary,100,bot_127,3075,w,39,42.04,25,134.12,153,18.88,0
e1-100,binary,100,bot_127,3075,w,41,31.89,25,146.73,160,13.27,0
e1-100,binary,100,bot_127,3075,w,43,30.46,25,142.26,143,0.74,0
e1-100,binary,100,bot_127,3075,w,45,29.13,25,150.04,143,-7.04,0
e1-100,binary,100,bot_127,3075,w,47,17.76,25,176.68,147,-29.68,0
e1-100,binary,100,bot_127,3075,w,49,90.59,25,176.55,136,-40.55,0
e1-100,binary,100,bot_127,3075,w,51,50.09,25,61.42,97,35.58,0
e1-100,binary,100,bot_127,3075,w,53,45.32,25,115.91,114,-1.91,0
e1-100,binary,100,bot_127,3075,w,55,31.31,25,145.96,128,-17.96,0
e1-100,binary,100,bot_127,3075,w,57,35.63,25,147.46,114,-33.46,0
e1-100,binary,100,bot_127,3075,w,59,11.5,25,130.27,100,-30.27,0
e1-100,binary,100,bot_128,3075,b,2,96.9,25,96.48,123,26.52,0
e1-100,binary,100,bot_128,3075,b,4,110.71,25,121.08,167,45.92,0
e1-100,binary,100,bot_128,3075,b,6,91.37,25,108.62,162,53.38,0
e1-100,binary,100,bot_128,3075,b,8,90.23,25,134.83,185,50.17,0
e1-100,binary,100,bot_128,3075,b,10,65.84,25,152.11,192,39.89,0
e1-100,binary,100,bot_128,3075,b,12,70.35,25,165.04,187,21.96,0
e1-100,binary,100,bot_128,3075,b,14,73.25,25,166.09,200,33.91,0
e1-100,binary,100,bot_128,3075,b,16,71.27,25,194.64,230,35.36,0
e1-100,binary,100,bot_128,3075,b,18,64.88,25,156.94,184,27.06,0
e1-100,binary,100,bot_128,3075,b,20,49.38,25,155.75,157,1.25,0
e1-100,binary,100,bot_128,3075,b,22,28.98,25,139.9,153,13.1,0
e1-100,binary,100,bot_128,3075,b,24,41.8,25,179.93,177,-2.93,0
e1-100,binary,100,bot_128,3075,b,26,27.87,25,163.44,160,-3.44,0
e1-100,binary,100,bot_128,3075,b,28,24.83,25,194.21,177,-17.21,0
e1-100,binary,100,bot_128,3075,b,30,14.32,25,166.96,155,-11.96,0
e1-100,binary,100,bot_128,3075,b,32,69.9,25,147.46,186,38.54,0
e1-100,binary,100,bot_128,3075,b,34,65.12,25,150.42,180,29.58,0
e1-100,binary,100,bot_128,3075,b,36,40.09,25,103.79,103,-0.79,0
e1-100,binary,100,bot_128,3075,b,38,61.27,25,147.09,159,11.91,0
e1-100,binary,100,bot_128,3075,b,40,54.63,25,131.93,135,3.07,0
e1-100,binary,100,bot_128,3075,b,42,42.76,25,160.06,154,-6.06,0
e1-100,binary,100,bot_128,3075,b,44,35,25,153.84,146,-7.84,0
e1-100,binary,100,bot_128,3075,b,46,16.34,25,149.03,139,-10.03,0
e1-100,binary,100,bot_128,3075,b,48,6.43,25,149.75,123,-26.75,0
e1-100,binary,100,bot_128,3075,b,50,81.15,25,65.81,113,47.19,0
e1-100,binary,100,bot_128,3075,b,52,44.27,25,121.57,127,5.43,0
e1-100,binary,100,bot_128,3075,b,54,28.24,25,141.25,143,1.75,0
e1-100,binary,100,bot_128,3075,b,56,11.63,25,126.09,114,-12.09,0
e1-100,binary,100,bot_128,3075,b,58,16.45,25,105.8,98,-7.8,0
e1-100,binary,100,bot_128,3075,b,60,4.78,25,108.12,76,-32.12,0
e1-100,binary,100,bot_129,3076,w,1,96.98,25,96.21,122,25.79,0
e1-100,binary,100,bot_129,3076,w,3,117.34,25,114.22,150,35.78,0
e1-100,binary,100,bot_129,3076,w,5,96.95,25,102.66,146,43.34,0
e1-100,binary,100,bot_129,3076,w,7,97.37,25,127.74,169,41.26,0
e1-100,binary,100,bot_129,3076,w,9,69.92,25,148.22,179,30.78,0
e1-100,binary,100,bot_129,3076,w,11,73.61,25,162.24,173,10.76,0
e1-100,binary,100,bot_129,3076,w,13,75.28,25,164.2,188,23.8,0
e1-100,binary,100,bot_129,3076,w,15,73.91,25,192.3,223,30.7,0
e1-100,binary,100,bot_129,3076,w,17,71.26,25,150.58,172,21.42,0
e1-100,binary,100,bot_129,3076,w,19,55.88,25,148.75,142,-6.75,0
e1-100,binary,100,bot_129,3076,w,21,33.05,25,136.32,144,7.68,0
e1-100,binary,100,bot_129,3076,w,23,46.62,25,175.07,170,-5.07,0
e1-100,binary,100,bot_129,3076,w,25,30.54,25,161.45,156,-5.45,0
e1-100,binary,100,bot_129,3076,w,27,33.63,25,184.85,163,-21.85,0
e1-100,binary,100,bot_129,3076,w,29,21.71,25,159.98,143,-16.98,0
e1-100,binary,100,bot_129,3076,w,31,21.63,25,189.3,156,-33.3,0
e1-100,binary,100,bot_129,3076,w,33,73.85,25,142.29,183,40.71,0
e1-100,binary,100,bot_129,3076,w,35,42.68,25,101.41,96,-5.41,0
e1-100,binary,100,bot_129,3076,w,37,63.02,25,145.14,150,4.86,0
e1-100,binary,100,bot_129,3076,w,39,55.33,25,131.07,127,-4.07,0
e1-100,binary,100,bot_129,3076,w,41,44.02,25,158.85,143,-15.85,0
e1-100,binary,100,bot_129,3076,w,43,36.33,25,152.21,137,-15.21,0
e1-100,binary,100,bot_129,3076,w,45,17.11,25,148.08,129,-19.08,0
e1-100,binary,100,bot_129,3076,w,47,7.74,25,148.56,118,-30.56,0
e1-100,binary,100,bot_129,3076,w,49,5.25,25,126.97,86,-40.97,0
e1-100,binary,100,bot_129,3076,w,51,46.56,25,119.06,128,8.94,0
e1-100,binary,100,bot_129,3076,w,53,30.33,25,139.5,138,-1.5,0
e1-100,binary,100,bot_129,3076,w,55,13.12,25,124.96,111,-13.96,0
e1-100,binary,100,bot_129,3076,w,57,16.35,25,105.87,95,-10.87,0
e1-100,binary,100,bot_129,3076,w,59,6,25,106.58,71,-35.58,0
e1-100,binary,100,bot_130,3076,b,2,93.66,25,86.65,136,49.35,0
e1-100,binary,100,bot_130,3076,b,4,102.76,25,128.96,198,69.04,0
e1-100,binary,100,bot_130,3076,b,6,99.71,25,135.3,184,48.7,0
e1-100,binary,100,bot_130,3076,b,8,89.77,25,142.04,190,47.96,0
e1-100,binary,100,bot_130,3076,b,10,71.34,25,144.25,167,22.75,0
e1-100,binary,100,bot_130,3076,b,12,83.51,25,160.74,187,26.26,0
e1-100,binary,100,bot_130,3076,b,14,89.24,25,171.42,199,27.58,0
e1-100,binary,100,bot_130,3076,b,16,81.39,25,199.46,223,23.54,0
e1-100,binary,100,bot_130,3076,b,18,52.6,25,176.47,199,22.53,0
e1-100,binary,100,bot_130,3076,b,20,56.75,25,158.05,172,13.95,0
e1-100,binary,100,bot_130,3076,b,22,43.45,25,142.33,133,-9.33,0
e1-100,binary,100,bot_130,3076,b,24,43.95,25,177.76,183,5.24,0
e1-100,binary,100,bot_130,3076,b,26,26.57,25,178.73,168,-10.73,0
e1-100,binary,100,bot_130,3076,b,28,32.69,25,179.48,172,-7.48,0
e1-100,binary,100,bot_130,3076,b,30,16.33,25,179.86,160,-19.86,0
e1-100,binary,100,bot_130,3076,b,32,90.76,25,184.6,164,-20.6,0
e1-100,binary,100,bot_130,3076,b,34,43.22,25,122.13,155,32.87,0
e1-100,binary,100,bot_130,3076,b,36,54.08,25,126.82,129,2.18,0
e1-100,binary,100,bot_130,3076,b,38,45.24,25,130.97,153,22.03,0
e1-100,binary,100,bot_130,3076,b,40,34.14,25,144.46,158,13.54,0
e1-100,binary,100,bot_130,3076,b,42,33.61,25,139.16,141,1.84,0
e1-100,binary,100,bot_130,3076,b,44,29.51,25,149.71,145,-4.71,0
e1-100,binary,100,bot_130,3076,b,46,21.36,25,173.24,146,-27.24,0
e1-100,binary,100,bot_130,3076,b,48,9.96,25,172.56,134,-38.56,0
e1-100,binary,100,bot_130,3076,b,50,58.72,25,152,112,-40,0
e1-100,binary,100,bot_130,3076,b,52,49.97,25,111.2,112,0.8,0
e1-100,binary,100,bot_130,3076,b,54,36.86,25,140.28,125,-15.28,0
e1-100,binary,100,bot_130,3076,b,56,40.02,25,143.01,110,-33.01,0
e1-100,binary,100,bot_130,3076,b,58,15.3,25,126.48,97,-29.48,0
e1-100,binary,100,bot_130,3076,b,60,52.57,25,132.88,92,-40.88,0
e1-100,binary,100,bot_131,3077,w,1,94.86,25,85.95,151,65.05,0
e1-100,binary,100,bot_131,3077,w,3,103.94,25,127.79,205,77.21,0
e1-100,binary,100,bot_131,3077,w,5,102.17,25,132.95,190,57.05,0
e1-100,binary,100,bot_131,3077,w,7,91.63,25,139.83,196,56.17,0
e1-100,binary,100,bot_131,3077,w,9,72.56,25,142.85,173,30.15,0
e1-100,binary,100,bot_131,3077,w,11,84.62,25,159.69,193,33.31,0
e1-100,binary,100,bot_131,3077,w,13,91.15,25,169.34,205,35.66,0
e1-100,binary,100,bot_131,3077,w,15,83.56,25,197.32,233,35.68,0
e1-100,binary,100,bot_131,3077,w,17,53.81,25,175.64,210,34.36,0
e1-100,binary,100,bot_131,3077,w,19,58.71,25,156.22,180,23.78,0
e1-100,binary,100,bot_131,3077,w,21,45.79,25,140.04,138,-2.04,0
e1-100,binary,100,bot_131,3077,w,23,46.06,25,175.57,189,13.43,0
e1-100,binary,100,bot_131,3077,w,25,29.15,25,176.21,174,-2.21,0
e1-100,binary,100,bot_131,3077,w,27,35.3,25,176.98,178,1.02,0
e1-100,binary,100,bot_131,3077,w,29,18.97,25,177.3,167,-10.3,0
e1-100,binary,100,bot_131,3077,w,31,19.38,25,182.29,172,-10.29,0
e1-100,binary,100,bot_131,3077,w,33,45.06,25,120.84,178,57.16,0
e1-100,binary,100,bot_131,3077,w,35,56.1,25,125.1,134,8.9,0
e1-100,binary,100,bot_131,3077,w,37,48.04,25,128.39,157,28.61,0
e1-100,binary,100,bot_131,3077,w,39,35.74,25,142.9,162,19.1,0
e1-100,binary,100,bot_131,3077,w,41,36.65,25,136.39,146,9.61,0
e1-100,binary,100,bot_131,3077,w,43,30.92,25,148.31,150,1.69,0
e1-100,binary,100,bot_131,3077,w,45,24.09,25,170.27,148,-22.27,0
e1-100,binary,100,bot_131,3077,w,47,12.26,25,170.05,139,-31.05,0
e1-100,binary,100,bot_131,3077,w,49,5.67,25,150.63,115,-35.63,0
e1-100,binary,100,bot_131,3077,w,51,51.97,25,109.46,131,21.54,0
e1-100,binary,100,bot_131,3077,w,53,39.22,25,137.75,130,-7.75,0
e1-100,binary,100,bot_131,3077,w,55,41.94,25,140.79,116,-24.79,0
e1-100,binary,100,bot_131,3077,w,57,18.49,25,123.63,98,-25.63,0
e1-100,binary,100,bot_131,3077,w,59,13.73,25,129.25,95,-34.25,0
e1-100,binary,100,bot_132,3077,b,2,118.79,25,112.77,165,52.23,0
e1-100,binary,100,bot_132,3077,b,4,98.53,25,101,163,62,0
e1-100,binary,100,bot_132,3077,b,6,98.46,25,126.68,186,59.32,0
e1-100,binary,100,bot_132,3077,b,8,71.48,25,146.77,196,49.23,0
e1-100,binary,100,bot_132,3077,b,10,75.35,25,160.57,190,29.43,0
e1-100,binary,100,bot_132,3077,b,12,77.34,25,162.13,202,39.87,0
e1-100,binary,100,bot_132,3077,b,14,77.33,25,188.87,237,48.13,0
e1-100,binary,100,bot_132,3077,b,16,75.64,25,146.17,186,39.83,0
e1-100,binary,100,bot_132,3077,b,18,60.87,25,143.61,154,10.39,0
e1-100,binary,100,bot_132,3077,b,20,35.92,25,133.51,156,22.49,0
e1-100,binary,100,bot_132,3077,b,22,49.46,25,172.2,182,9.8,0
e1-100,binary,100,bot_132,3077,b,24,34.29,25,157.74,166,8.26,0
e1-100,binary,100,bot_132,3077,b,26,38.29,25,180.07,173,-7.07,0
e1-100,binary,100,bot_132,3077,b,28,27.14,25,154.6,153,-1.6,0
e1-100,binary,100,bot_132,3077,b,30,25.82,25,185.01,167,-18.01,0
e1-100,binary,100,bot_132,3077,b,32,93.73,25,195.82,178,-17.82,0
e1-100,binary,100,bot_132,3077,b,34,44.54,25,99.45,107,7.55,0
e1-100,binary,100,bot_132,3077,b,36,65.99,25,142.12,161,18.88,0
e1-100,binary,100,bot_132,3077,b,38,57.02,25,129.34,140,10.66,0
e1-100,binary,100,bot_132,3077,b,40,46.78,25,156.07,155,-1.07,0
e1-100,binary,100,bot_132,3077,b,42,38.82,25,149.65,150,0.35,0
e1-100,binary,100,bot_132,3077,b,44,19.57,25,145.72,140,-5.72,0
e1-100,binary,100,bot_132,3077,b,46,10.73,25,145.66,128,-17.66,0
e1-100,binary,100,bot_132,3077,b,48,7.79,25,124.48,95,-29.48,0
e1-100,binary,100,bot_132,3077,b,50,63.94,25,156.09,119,-37.09,0
e1-100,binary,100,bot_132,3077,b,52,34.55,25,135.31,146,10.69,0
e1-100,binary,100,bot_132,3077,b,54,16.93,25,121.21,119,-2.21,0
e1-100,binary,100,bot_132,3077,b,56,16.93,25,105.32,105,-0.32,0
e1-100,binary,100,bot_132,3077,b,58,9.23,25,103.33,81,-22.33,0
e1-100,binary,100,bot_132,3077,b,60,49.33,25,106.49,79,-27.49,0
e1-100,binary,100,bot_133,3078,w,1,122.72,25,108.97,165,56.03,0
e1-100,binary,100,bot_133,3078,w,3,100.59,25,98.64,155,56.36,0
e1-100,binary,100,bot_133,3078,w,5,102.97,25,122.12,176,53.88,0
e1-100,binary,100,bot_133,3078,w,7,75.96,25,142.72,186,43.28,0
e1-100,binary,100,bot_133,3078,w,9,78.85,25,157.37,179,21.63,0
e1-100,binary,100,bot_133,3078,w,11,83.1,25,156.21,189,32.79,0
e1-100,binary,100,bot_133,3078,w,13,80.35,25,185.92,230,44.08,0
e1-100,binary,100,bot_133,3078,w,15,79.85,25,142.07,177,34.93,0
e1-100,binary,100,bot_133,3078,w,17,66.38,25,137.65,144,6.35,0
e1-100,binary,100,bot_133,3078,w,19,39.91,25,130.64,146,15.36,0
e1-100,binary,100,bot_133,3078,w,21,53.08,25,167.88,173,5.12,0
e1-100,binary,100,bot_133,3078,w,23,37.2,25,155.31,161,5.69,0
e1-100,binary,100,bot_133,3078,w,25,43.74,25,174.2,165,-9.2,0
e1-100,binary,100,bot_133,3078,w,27,32.37,25,149.78,145,-4.78,0
e1-100,binary,100,bot_133,3078,w,29,31.36,25,178.93,157,-21.93,0
e1-100,binary,100,bot_133,3078,w,31,21.74,25,190.64,167,-23.64,0
e1-100,binary,100,bot_133,3078,w,33,57.25,25,132.9,103,-29.9,0
e1-100,binary,100,bot_133,3078,w,35,71.17,25,136.53,149,12.47,0
e1-100,binary,100,bot_133,3078,w,37,59.69,25,126.19,134,7.81,0
e1-100,binary,100,bot_133,3078,w,39,50.24,25,152.36,147,-5.36,0
e1-100,binary,100,bot_133,3078,w,41,41.97,25,146.34,145,-1.34,0
e1-100,binary,100,bot_133,3078,w,43,23.59,25,141.78,130,-11.78,0
e1-100,binary,100,bot_133,3078,w,45,14.9,25,141.67,118,-23.67,0
e1-100,binary,100,bot_133,3078,w,47,10.71,25,121.65,88,-33.65,0
e1-100,binary,100,bot_133,3078,w,49,17.05,25,151.79,111,-40.79,0
e1-100,binary,100,bot_133,3078,w,51,37.93,25,131.96,150,18.04,0
e1-100,binary,100,bot_133,3078,w,53,21.1,25,117.16,111,-6.16,0
e1-100,binary,100,bot_133,3078,w,55,19.4,25,102.9,99,-3.9,0
e1-100,binary,100,bot_133,3078,w,57,11.87,25,100.59,75,-25.59,0
e1-100,binary,100,bot_133,3078,w,59,49.01,25,106.86,77,-29.86,0
e1-100,binary,100,bot_134,3078,b,2,109.35,25,122.45,211,88.55,0
e1-100,binary,100,bot_134,3078,b,4,107.25,25,128.12,194,65.88,0
e1-100,binary,100,bot_134,3078,b,6,97.53,25,133.69,201,67.31,0
e1-100,binary,100,bot_134,3078,b,8,75.63,25,139.52,181,41.48,0
e1-100,binary,100,bot_134,3078,b,10,87.76,25,156.56,201,44.44,0
e1-100,binary,100,bot_134,3078,b,12,97.77,25,162.49,210,47.51,0
e1-100,binary,100,bot_134,3078,b,14,89.59,25,191.17,237,45.83,0
e1-100,binary,100,bot_134,3078,b,16,60.37,25,169.25,214,44.75,0
e1-100,binary,100,bot_134,3078,b,18,62.67,25,151.54,187,35.46,0
e1-100,binary,100,bot_134,3078,b,20,51.01,25,134.78,143,8.22,0
e1-100,binary,100,bot_134,3078,b,22,51.2,25,170.61,193,22.39,0
e1-100,binary,100,bot_134,3078,b,24,36.66,25,168.66,175,6.34,0
e1-100,binary,100,bot_134,3078,b,26,40.61,25,171.71,184,12.29,0
e1-100,binary,100,bot_134,3078,b,28,24.05,25,172.21,174,1.79,0
e1-100,binary,100,bot_134,3078,b,30,22.82,25,178.83,180,1.17,0
e1-100,binary,100,bot_134,3078,b,32,16.83,25,179.78,171,-8.78,0
e1-100,binary,100,bot_134,3078,b,34,59.25,25,122.21,149,26.79,0
e1-100,binary,100,bot_134,3078,b,36,53.66,25,123,164,41,0
e1-100,binary,100,bot_134,3078,b,38,39.73,25,138.99,169,30.01,0
e1-100,binary,100,bot_134,3078,b,40,43.6,25,129.63,149,19.38,0
e1-100,binary,100,bot_134,3078,b,42,32.97,25,146.31,158,11.69,0
e1-100,binary,100,bot_134,3078,b,44,25.74,25,168.53,154,-14.53,0
e1-100,binary,100,bot_134,3078,b,46,14.39,25,167.88,145,-22.88,0
e1-100,binary,100,bot_134,3078,b,48,7.21,25,149.11,121,-28.11,0
e1-100,binary,100,bot_134,3078,b,50,67.04,25,145.15,124,-21.15,0
e1-100,binary,100,bot_134,3078,b,52,42.32,25,134.66,135,0.34,0
e1-100,binary,100,bot_134,3078,b,54,45.34,25,137.24,120,-17.24,0
e1-100,binary,100,bot_134,3078,b,56,21.84,25,120.4,102,-18.4,0
e1-100,binary,100,bot_134,3078,b,58,17.89,25,124.93,99,-25.93,0
e1-100,binary,100,bot_134,3078,b,60,39.11,25,70.64,82,11.36,0
e1-100,binary,100,bot_135,3079,w,1,115.09,25,117.39,199,81.61,0
e1-100,binary,100,bot_135,3079,w,3,112,25,123.7,172,48.3,0
e1-100,binary,100,bot_135,3079,w,5,101.84,25,129.05,179,49.95,0
e1-100,binary,100,bot_135,3079,w,7,78.06,25,136.66,162,25.34,0
e1-100,binary,100,bot_135,3079,w,9,90.02,25,154.68,181,26.32,0
e1-100,binary,100,bot_135,3079,w,11,104.02,25,155.65,187,31.35,0
e1-100,binary,100,bot_135,3079,w,13,95.22,25,185.49,215,29.51,0
e1-100,binary,100,bot_135,3079,w,15,66.89,25,163.24,195,31.76,0
e1-100,binary,100,bot_135,3079,w,17,65.5,25,148.6,176,27.4,0
e1-100,binary,100,bot_135,3079,w,19,53.65,25,132.15,128,-4.15,0
e1-100,binary,100,bot_135,3079,w,21,52.55,25,169.6,183,13.4,0
e1-100,binary,100,bot_135,3079,w,23,44.64,25,160.57,156,-4.57,0
e1-100,binary,100,bot_135,3079,w,25,46.2,25,165.45,170,4.55,0
e1-100,binary,100,bot_135,3079,w,27,30.11,25,166.15,158,-8.15,0
e1-100,binary,100,bot_135,3079,w,29,26.33,25,175.14,168,-7.14,0
e1-100,binary,100,bot_135,3079,w,31,17.89,25,179.04,159,-20.04,0
e1-100,binary,100,bot_135,3079,w,33,71.6,25,156.82,124,-32.82,0
e1-100,binary,100,bot_135,3079,w,35,55.3,25,121.71,152,30.29,0
e1-100,binary,100,bot_135,3079,w,37,40.87,25,138.18,156,17.82,0
e1-100,binary,100,bot_135,3079,w,39,44.86,25,128.76,135,6.24,0
e1-100,binary,100,bot_135,3079,w,41,34.03,25,145.76,146,0.24,0
e1-100,binary,100,bot_135,3079,w,43,27.26,25,166.86,146,-20.86,0
e1-100,binary,100,bot_135,3079,w,45,15.36,25,166.82,139,-27.82,0
e1-100,binary,100,bot_135,3079,w,47,8.14,25,148.36,115,-33.36,0
e1-100,binary,100,bot_135,3079,w,49,14.5,25,144.4,120,-24.4,0
e1-100,binary,100,bot_135,3079,w,51,44.7,25,132.36,141,8.64,0
e1-100,binary,100,bot_135,3079,w,53,45.16,25,137.35,117,-20.35,0
e1-100,binary,100,bot_135,3079,w,55,23.13,25,119.49,93,-26.49,0
e1-100,binary,100,bot_135,3079,w,57,18.86,25,124.05,92,-32.05,0
e1-100,binary,100,bot_135,3079,w,59,39.85,25,70.13,76,5.87,0
e1-100,binary,100,bot_136,3079,b,2,103.78,25,95.29,164,68.71,0
e1-100,binary,100,bot_136,3079,b,4,105.35,25,119.76,184,64.24,0
e1-100,binary,100,bot_136,3079,b,6,79.71,25,139.2,193,53.8,0
e1-100,binary,100,bot_136,3079,b,8,81.04,25,155.06,185,29.94,0
e1-100,binary,100,bot_136,3079,b,10,86.97,25,152.43,194,41.57,0
e1-100,binary,100,bot_136,3079,b,12,84.39,25,182.03,239,56.97,0
e1-100,binary,100,bot_136,3079,b,14,86.48,25,135.45,183,47.55,0
e1-100,binary,100,bot_136,3079,b,16,74.23,25,129.53,149,19.47,0
e1-100,binary,100,bot_136,3079,b,18,42.16,25,128.76,154,25.24,0
e1-100,binary,100,bot_136,3079,b,20,59.3,25,161.14,174,12.86,0
e1-100,binary,100,bot_136,3079,b,22,40.45,25,152.33,164,11.67,0
e1-100,binary,100,bot_136,3079,b,24,50.61,25,167.12,170,2.88,0
e1-100,binary,100,bot_136,3079,b,26,38.56,25,143.96,150,6.04,0
e1-100,binary,100,bot_136,3079,b,28,38.81,25,171.26,161,-10.26,0
e1-100,binary,100,bot_136,3079,b,30,26.12,25,186.79,172,-14.79,0
e1-100,binary,100,bot_136,3079,b,32,12.28,25,130.37,107,-23.37,0
e1-100,binary,100,bot_136,3079,b,34,76.78,25,131.33,162,30.67,0
e1-100,binary,100,bot_136,3079,b,36,64.79,25,120.97,137,16.03,0
e1-100,binary,100,bot_136,3079,b,38,52.77,25,149.69,150,0.31,0
e1-100,binary,100,bot_136,3079,b,40,46.59,25,141.25,145,3.75,0
e1-100,binary,100,bot_136,3079,b,42,28.47,25,136.9,130,-6.9,0
e1-100,binary,100,bot_136,3079,b,44,20.27,25,136.32,119,-17.32,0
e1-100,binary,100,bot_136,3079,b,46,15.06,25,117.24,88,-29.24,0
e1-100,binary,100,bot_136,3079,b,48,24.25,25,144.42,107,-37.42,0
e1-100,binary,100,bot_136,3079,b,50,57.67,25,165.74,135,-30.74,0
e1-100,binary,100,bot_136,3079,b,52,28.09,25,110.15,110,-0.15,0
e1-100,binary,100,bot_136,3079,b,54,22.12,25,100.13,101,0.88,0
e1-100,binary,100,bot_136,3079,b,56,17.41,25,94.9,74,-20.9,0
e1-100,binary,100,bot_136,3079,b,58,54.39,25,101.04,76,-25.04,0
e1-100,binary,100,bot_136,3079,b,60,16.52,25,59.82,55,-4.82,0
e1-100,binary,100,bot_137,3080,w,1,105.21,25,93.73,155,61.27,0
e1-100,binary,100,bot_137,3080,w,3,110.53,25,113.94,162,48.06,0
e1-100,binary,100,bot_137,3080,w,5,91.58,25,127.92,169,41.08,0
e1-100,binary,100,bot_137,3080,w,7,87.64,25,148.43,163,14.57,0
e1-100,binary,100,bot_137,3080,w,9,99.35,25,140.01,171,30.99,0
e1-100,binary,100,bot_137,3080,w,11,95.84,25,170.43,215,44.57,0
e1-100,binary,100,bot_137,3080,w,13,97.68,25,124.32,163,38.68,0
e1-100,binary,100,bot_137,3080,w,15,80.48,25,122.66,127,4.34,0
e1-100,binary,100,bot_137,3080,w,17,47.07,25,124.57,140,15.43,0
e1-100,binary,100,bot_137,3080,w,19,66.58,25,153.12,157,3.88,0
e1-100,binary,100,bot_137,3080,w,21,47.12,25,146.14,148,1.86,0
e1-100,binary,100,bot_137,3080,w,23,63.91,25,152.98,148,-4.98,0
e1-100,binary,100,bot_137,3080,w,25,45.55,25,137.98,134,-3.98,0
e1-100,binary,100,bot_137,3080,w,27,48.83,25,160.35,140,-20.35,0
e1-100,binary,100,bot_137,3080,w,29,31.6,25,180.95,155,-25.95,0
e1-100,binary,100,bot_137,3080,w,31,21.71,25,120.74,88,-32.74,0
e1-100,binary,100,bot_137,3080,w,33,25.15,25,166.57,126,-40.57,0
e1-100,binary,100,bot_137,3080,w,35,72.9,25,112.96,130,17.04,0
e1-100,binary,100,bot_137,3080,w,37,58.68,25,143.34,133,-10.34,0
e1-100,binary,100,bot_137,3080,w,39,47.5,25,140.24,130,-10.24,0
e1-100,binary,100,bot_137,3080,w,41,29.9,25,135.72,115,-20.72,0
e1-100,binary,100,bot_137,3080,w,43,22.13,25,134.69,108,-26.69,0
e1-100,binary,100,bot_137,3080,w,45,16.34,25,116.13,78,-38.12,0
e1-100,binary,100,bot_137,3080,w,47,26.24,25,142.12,97,-45.12,0
e1-100,binary,100,bot_137,3080,w,49,15.91,25,163.24,123,-40.24,0
e1-100,binary,100,bot_137,3080,w,51,30.28,25,108.09,98,-10.09,0
e1-100,binary,100,bot_137,3080,w,53,23.95,25,98.16,88,-10.16,0
e1-100,binary,100,bot_137,3080,w,55,25.37,25,86.85,55,-31.85,0
e1-100,binary,100,bot_137,3080,w,57,62.75,25,92.48,56,-36.48,0
e1-100,binary,100,bot_137,3080,w,59,16.76,25,59.33,43,-16.33,0
e1-100,binary,100,bot_138,3080,b,2,117.83,25,118.34,174,55.66,0
e1-100,binary,100,bot_138,3080,b,4,110.95,25,120.12,180,59.88,0
e1-100,binary,100,bot_138,3080,b,6,83.78,25,130.46,172,41.54,0
e1-100,binary,100,bot_138,3080,b,8,99.98,25,145.22,182,36.78,0
e1-100,binary,100,bot_138,3080,b,10,114.05,25,145.29,193,47.71,0
e1-100,binary,100,bot_138,3080,b,12,107.58,25,173.03,218,44.97,0
e1-100,binary,100,bot_138,3080,b,14,72.92,25,157.85,205,47.15,0
e1-100,binary,100,bot_138,3080,b,16,71.27,25,142.79,181,38.21,0
e1-100,binary,100,bot_138,3080,b,18,60.22,25,125.55,129,3.45,0
e1-100,binary,100,bot_138,3080,b,20,60.94,25,161.52,185,23.48,0
e1-100,binary,100,bot_138,3080,b,22,52.99,25,152.33,158,5.67,0
e1-100,binary,100,bot_138,3080,b,24,53.3,25,158.68,180,21.32,0
e1-100,binary,100,bot_138,3080,b,26,37.93,25,158.5,161,2.5,0
e1-100,binary,100,bot_138,3080,b,28,30.59,25,171.06,177,5.94,0
e1-100,binary,100,bot_138,3080,b,30,24.18,25,173.44,162,-11.44,0
e1-100,binary,100,bot_138,3080,b,32,16.2,25,150.49,130,-20.49,0
e1-100,binary,100,bot_138,3080,b,34,75.2,25,179.96,163,-16.96,0
e1-100,binary,100,bot_138,3080,b,36,46.74,25,132.66,162,29.34,0
e1-100,binary,100,bot_138,3080,b,38,47.74,25,126.39,143,16.61,0
e1-100,binary,100,bot_138,3080,b,40,36.28,25,143.49,148,4.51,0
e1-100,binary,100,bot_138,3080,b,42,29.53,25,164.49,148,-16.49,0
e1-100,binary,100,bot_138,3080,b,44,18.99,25,163.11,138,-25.11,0
e1-100,binary,100,bot_138,3080,b,46,12.04,25,144.5,114,-30.5,0
e1-100,binary,100,bot_138,3080,b,48,16.96,25,141.95,121,-20.95,0
e1-100,binary,100,bot_138,3080,b,50,46.51,25,174.75,144,-30.75,0
e1-100,binary,100,bot_138,3080,b,52,46.96,25,135.58,118,-17.58,0
e1-100,binary,100,bot_138,3080,b,54,25.11,25,117.59,95,-22.59,0
e1-100,binary,100,bot_138,3080,b,56,20.54,25,122.35,102,-20.35,0
e1-100,binary,100,bot_138,3080,b,58,41.5,25,68.52,85,16.48,0
e1-100,binary,100,bot_138,3080,b,60,21.33,25,89.22,59,-30.22,0
e1-100,binary,100,bot_139,3081,w,1,118.85,25,117.72,169,51.28,0
e1-100,binary,100,bot_139,3081,w,3,115.21,25,115.97,163,47.03,0
e1-100,binary,100,bot_139,3081,w,5,85.97,25,127.96,164,36.04,0
e1-100,binary,100,bot_139,3081,w,7,103.84,25,141.86,168,26.14,0
e1-100,binary,100,bot_139,3081,w,9,117.55,25,141.63,185,43.37,0
e1-100,binary,100,bot_139,3081,w,11,111.74,25,169.06,205,35.94,0
e1-100,binary,100,bot_139,3081,w,13,76.74,25,154.39,194,39.61,0
e1-100,binary,100,bot_139,3081,w,15,73.44,25,140.74,174,33.26,0
e1-100,binary,100,bot_139,3081,w,17,63.63,25,122.27,121,-1.27,0
e1-100,binary,100,bot_139,3081,w,19,66.66,25,155.83,173,17.17,0
e1-100,binary,100,bot_139,3081,w,21,58.45,25,146.87,143,-3.87,0
e1-100,binary,100,bot_139,3081,w,23,59.61,25,152.27,169,16.73,0
e1-100,binary,100,bot_139,3081,w,25,41.25,25,155.23,149,-6.23,0
e1-100,binary,100,bot_139,3081,w,27,32.65,25,169.09,170,0.91,0
e1-100,binary,100,bot_139,3081,w,29,28.5,25,169.64,154,-15.64,0
e1-100,binary,100,bot_139,3081,w,31,17.77,25,148.84,123,-25.84,0
e1-100,binary,100,bot_139,3081,w,33,16.27,25,178.36,153,-25.36,0
e1-100,binary,100,bot_139,3081,w,35,49.21,25,130.84,162,31.16,0
e1-100,binary,100,bot_139,3081,w,37,49.76,25,124.79,133,8.21,0
e1-100,binary,100,bot_139,3081,w,39,38.68,25,141.11,137,-4.11,0
e1-100,binary,100,bot_139,3081,w,41,30.84,25,162.9,142,-20.9,0
e1-100,binary,100,bot_139,3081,w,43,21.51,25,160.3,132,-28.3,0
e1-100,binary,100,bot_139,3081,w,45,14.16,25,142.42,107,-35.42,0
e1-100,binary,100,bot_139,3081,w,47,19.23,25,139.67,115,-24.67,0
e1-100,binary,100,bot_139,3081,w,49,48.85,25,172.39,137,-35.39,0
e1-100,binary,100,bot_139,3081,w,51,48.89,25,133.49,113,-20.49,0
e1-100,binary,100,bot_139,3081,w,53,27.87,25,115.01,87,-28.01,0
e1-100,binary,100,bot_139,3081,w,55,23.43,25,138.83,93,-45.83,0
e1-100,binary,100,bot_139,3081,w,57,7.2,25,116.6,70,-46.6,0
e1-100,binary,100,bot_139,3081,w,59,24.73,25,85.66,58,-27.66,0
e1-100,binary,100,bot_140,3081,b,2,110.77,25,113.14,192,78.86,0
e1-100,binary,100,bot_140,3081,b,4,99.39,25,120.28,194,73.72,0
e1-100,binary,100,bot_140,3081,b,6,90.92,25,144.64,189,44.36,0
e1-100,binary,100,bot_140,3081,b,8,107.65,25,131.86,195,63.14,0
e1-100,binary,100,bot_140,3081,b,10,100.78,25,165.33,242,76.67,0
e1-100,binary,100,bot_140,3081,b,12,105.26,25,116.48,188,71.52,0
e1-100,binary,100,bot_140,3081,b,14,87.17,25,115.75,151,35.25,0
e1-100,binary,100,bot_140,3081,b,16,52.78,25,118.97,156,37.03,0
e1-100,binary,100,bot_140,3081,b,18,71.54,25,147.71,176,28.29,0
e1-100,binary,100,bot_140,3081,b,20,49.73,25,143.96,175,31.04,0
e1-100,binary,100,bot_140,3081,b,22,70.85,25,145.71,168,22.29,0
e1-100,binary,100,bot_140,3081,b,24,47.89,25,136.09,160,23.91,0
e1-100,binary,100,bot_140,3081,b,26,54.27,25,154.61,159,4.39,0
e1-100,binary,100,bot_140,3081,b,28,38.52,25,173.82,171,-2.82,0
e1-100,binary,100,bot_140,3081,b,30,27.67,25,114.62,108,-6.62,0
e1-100,binary,100,bot_140,3081,b,32,29.21,25,162.55,143,-19.55,0
e1-100,binary,100,bot_140,3081,b,34,85.48,25,160.53,141,-19.53,0
e1-100,binary,100,bot_140,3081,b,36,62.06,25,139.26,152,12.74,0
e1-100,binary,100,bot_140,3081,b,38,50.6,25,137.4,151,13.6,0
e1-100,binary,100,bot_140,3081,b,40,33.64,25,132.08,135,2.92,0
e1-100,binary,100,bot_140,3081,b,42,26.34,25,130.55,121,-9.55,0
e1-100,binary,100,bot_140,3081,b,44,18.97,25,113.55,94,-19.55,0
e1-100,binary,100,bot_140,3081,b,46,30.16,25,138.07,111,-27.07,0
e1-100,binary,100,bot_140,3081,b,48,19.68,25,159.45,138,-21.45,0
e1-100,binary,100,bot_140,3081,b,50,33.9,25,104.53,112,7.47,0
e1-100,binary,100,bot_140,3081,b,52,26.97,25,95.14,104,8.86,0
e1-100,binary,100,bot_140,3081,b,54,8.64,25,83.95,71,-12.95,0
e1-100,binary,100,bot_140,3081,b,56,8.77,25,89.78,72,-17.78,0
e1-100,binary,100,bot_140,3081,b,58,26.96,25,91.94,59,-32.94,0
e1-100,binary,100,bot_140,3081,b,60,16.62,25,67.56,51,-16.56,0
e1-100,binary,100,bot_141,3082,w,1,113.71,25,110.26,185,74.74,0
e1-100,binary,100,bot_141,3082,w,3,101.19,25,119.05,182,62.95,0
e1-100,binary,100,bot_141,3082,w,5,92.63,25,143.21,172,28.79,0
e1-100,binary,100,bot_141,3082,w,7,112.68,25,126.96,176,49.04,0
e1-100,binary,100,bot_141,3082,w,9,105.24,25,160.72,223,62.28,0
e1-100,binary,100,bot_141,3082,w,11,108.95,25,112.78,171,58.22,0
e1-100,binary,100,bot_141,3082,w,13,89.77,25,112.6,137,24.4,0
e1-100,binary,100,bot_141,3082,w,15,54.68,25,117.52,146,28.48,0
e1-100,binary,100,bot_141,3082,w,17,75.08,25,143.85,162,18.15,0
e1-100,binary,100,bot_141,3082,w,19,52.05,25,142.15,165,22.85,0
e1-100,binary,100,bot_141,3082,w,21,74.71,25,141.56,156,14.44,0
e1-100,binary,100,bot_141,3082,w,23,52.94,25,131.52,149,17.48,0
e1-100,binary,100,bot_141,3082,w,25,57.68,25,151,150,-1,0
e1-100,binary,100,bot_141,3082,w,27,41.48,25,171.14,159,-12.14,0
e1-100,binary,100,bot_141,3082,w,29,28.78,25,113.86,101,-12.86,0
e1-100,binary,100,bot_141,3082,w,31,30.38,25,161.61,132,-29.61,0
e1-100,binary,100,bot_141,3082,w,33,16.43,25,155.99,126,-29.99,0
e1-100,binary,100,bot_141,3082,w,35,65.06,25,136.58,149,12.42,0
e1-100,binary,100,bot_141,3082,w,37,53.5,25,134.21,141,6.79,0
e1-100,binary,100,bot_141,3082,w,39,35.17,25,130.94,121,-9.94,0
e1-100,binary,100,bot_141,3082,w,41,27.67,25,129.64,114,-15.64,0
e1-100,binary,100,bot_141,3082,w,43,19.74,25,113.21,89,-24.21,0
e1-100,binary,100,bot_141,3082,w,45,31.3,25,136.77,102,-34.77,0
e1-100,binary,100,bot_141,3082,w,47,20.77,25,158.5,131,-27.5,0
e1-100,binary,100,bot_141,3082,w,49,35.5,25,103.19,106,2.81,0
e1-100,binary,100,bot_141,3082,w,51,28.53,25,93.65,98,4.35,0
e1-100,binary,100,bot_141,3082,w,53,8.5,25,84.04,64,-20.04,0
e1-100,binary,100,bot_141,3082,w,55,9.38,25,90.19,66,-24.19,0
e1-100,binary,100,bot_141,3082,w,57,19.55,25,56.49,55,-1.49,0
e1-100,binary,100,bot_141,3082,w,59,14.15,25,70.46,43,-27.46,0
e1-100,binary,100,bot_142,3082,b,2,120.41,25,110.69,174,63.31,0
e1-100,binary,100,bot_142,3082,b,4,88.22,25,125.49,176,50.51,0
e1-100,binary,100,bot_142,3082,b,6,108.15,25,137.41,180,42.59,0
e1-100,binary,100,bot_142,3082,b,8,120.66,25,138.4,199,60.6,0
e1-100,binary,100,bot_142,3082,b,10,116.23,25,164.56,219,54.44,0
e1-100,binary,100,bot_142,3082,b,12,82.38,25,148.86,206,57.14,0
e1-100,binary,100,bot_142,3082,b,14,77.53,25,136.96,183,46.04,0
e1-100,binary,100,bot_142,3082,b,16,67.44,25,118.37,129,10.63,0
e1-100,binary,100,bot_142,3082,b,18,71.75,25,150.77,182,31.23,0
e1-100,binary,100,bot_142,3082,b,20,63.67,25,141.63,150,8.37,0
e1-100,binary,100,bot_142,3082,b,22,66.21,25,145.59,176,30.41,0
e1-100,binary,100,bot_142,3082,b,24,47.97,25,148.47,157,8.53,0
e1-100,binary,100,bot_142,3082,b,26,36.8,25,164.77,180,15.23,0
e1-100,binary,100,bot_142,3082,b,28,36.3,25,161.99,161,-0.99,0
e1-100,binary,100,bot_142,3082,b,30,20.13,25,146.07,132,-14.07,0
e1-100,binary,100,bot_142,3082,b,32,18.5,25,176.1,163,-13.1,0
e1-100,binary,100,bot_142,3082,b,34,62.44,25,190.87,165,-25.87,0
e1-100,binary,100,bot_142,3082,b,36,54.08,25,120.53,142,21.47,0
e1-100,binary,100,bot_142,3082,b,38,38.87,25,141,151,10,0
e1-100,binary,100,bot_142,3082,b,40,35.05,25,158.52,147,-11.52,0
e1-100,binary,100,bot_142,3082,b,42,26.31,25,155.3,136,-19.3,0
e1-100,binary,100,bot_142,3082,b,44,16.41,25,140.13,113,-27.13,0
e1-100,binary,100,bot_142,3082,b,46,22.76,25,136.06,121,-15.06,0
e1-100,binary,100,bot_142,3082,b,48,53.57,25,167.58,141,-26.58,0
e1-100,binary,100,bot_142,3082,b,50,54.48,25,127.83,116,-11.83,0
e1-100,binary,100,bot_142,3082,b,52,30.57,25,112.33,94,-18.33,0
e1-100,binary,100,bot_142,3082,b,54,27.48,25,134.65,97,-37.65,0
e1-100,binary,100,bot_142,3082,b,56,48.41,25,118.01,80,-38.01,0
e1-100,binary,100,bot_142,3082,b,58,22.91,25,87.4,60,-27.4,0
e1-100,binary,100,bot_142,3082,b,60,11.92,25,84.38,51,-33.38,0
e1-100,binary,100,bot_143,3083,w,1,121.43,25,110.12,168,57.88,0
e1-100,binary,100,bot_143,3083,w,3,88.57,25,124.9,161,36.1,0
e1-100,binary,100,bot_143,3083,w,5,110.41,25,134.89,163,28.11,0
e1-100,binary,100,bot_143,3083,w,7,123.02,25,135.77,185,49.23,0
e1-100,binary,100,bot_143,3083,w,9,118.31,25,162.5,204,41.5,0
e1-100,binary,100,bot_143,3083,w,11,84.79,25,146.68,192,45.32,0
e1-100,binary,100,bot_143,3083,w,13,79.31,25,135.11,172,36.89,0
e1-100,binary,100,bot_143,3083,w,15,69.9,25,115.87,116,0.13,0
e1-100,binary,100,bot_143,3083,w,17,76.46,25,145.93,167,21.07,0
e1-100,binary,100,bot_143,3083,w,19,69.59,25,135.6,134,-1.6,0
e1-100,binary,100,bot_143,3083,w,21,70.84,25,140.75,163,22.25,0
e1-100,binary,100,bot_143,3083,w,23,52.57,25,143.83,142,-1.83,0
e1-100,binary,100,bot_143,3083,w,25,41.04,25,160.29,164,3.71,0
e1-100,binary,100,bot_143,3083,w,27,40.83,25,157.54,145,-12.54,0
e1-100,binary,100,bot_143,3083,w,29,20.99,25,145.53,120,-25.53,0
e1-100,binary,100,bot_143,3083,w,31,19.81,25,174.86,151,-23.86,0
e1-100,binary,100,bot_143,3083,w,33,10.22,25,189.81,152,-37.81,0
e1-100,binary,100,bot_143,3083,w,35,56.04,25,118.86,145,26.14,0
e1-100,binary,100,bot_143,3083,w,37,40.2,25,139.64,138,-1.64,0
e1-100,binary,100,bot_143,3083,w,39,36.81,25,156.53,137,-19.53,0
e1-100,binary,100,bot_143,3083,w,41,28.34,25,153.02,126,-27.02,0
e1-100,binary,100,bot_143,3083,w,43,17.63,25,138.92,103,-35.92,0
e1-100,binary,100,bot_143,3083,w,45,24.59,25,134.24,114,-20.24,0
e1-100,binary,100,bot_143,3083,w,47,69.85,25,151.26,120,-31.26,0
e1-100,binary,100,bot_143,3083,w,49,57.5,25,124.6,108,-16.6,0
e1-100,binary,100,bot_143,3083,w,51,32.45,25,110.71,87,-23.71,0
e1-100,binary,100,bot_143,3083,w,53,30.74,25,131.27,88,-43.27,0
e1-100,binary,100,bot_143,3083,w,55,8.48,25,115.36,72,-43.36,0
e1-100,binary,100,bot_143,3083,w,57,28.83,25,104.41,55,-49.41,0
e1-100,binary,100,bot_143,3083,w,59,17.65,25,79.27,42,-37.27,0
e1-100,binary,100,bot_144,3083,b,2,102.67,25,117.63,191,73.37,0
e1-100,binary,100,bot_144,3083,b,4,94.15,25,141.71,180,38.29,0
e1-100,binary,100,bot_144,3083,b,6,114.97,25,124.74,184,59.26,0
e1-100,binary,100,bot_144,3083,b,8,108.91,25,157.03,230,72.97,0
e1-100,binary,100,bot_144,3083,b,10,111.86,25,109.86,178,68.14,0
e1-100,binary,100,bot_144,3083,b,12,92.51,25,109.8,146,36.2,0
e1-100,binary,100,bot_144,3083,b,14,55.96,25,116.34,154,37.66,0
e1-100,binary,100,bot_144,3083,b,16,77.37,25,141.56,170,28.44,0
e1-100,binary,100,bot_144,3083,b,18,53.1,25,141.25,177,35.75,0
e1-100,binary,100,bot_144,3083,b,20,76.96,25,139.28,167,27.72,0
e1-100,binary,100,bot_144,3083,b,22,54.84,25,129.77,158,28.23,0
e1-100,binary,100,bot_144,3083,b,24,59.41,25,149.25,160,10.75,0
e1-100,binary,100,bot_144,3083,b,26,42.59,25,170.12,170,-0.12,0
e1-100,binary,100,bot_144,3083,b,28,29.66,25,112.68,111,-1.68,0
e1-100,binary,100,bot_144,3083,b,30,32.44,25,159.46,137,-22.46,0
e1-100,binary,100,bot_144,3083,b,32,18.26,25,154.24,132,-22.24,0
e1-100,binary,100,bot_144,3083,b,34,81.85,25,172.76,141,-31.76,0
e1-100,binary,100,bot_144,3083,b,36,55.08,25,132.57,146,13.43,0
e1-100,binary,100,bot_144,3083,b,38,35.99,25,130.19,128,-2.19,0
e1-100,binary,100,bot_144,3083,b,40,29.39,25,128.01,119,-9.01,0
e1-100,binary,100,bot_144,3083,b,42,21.05,25,111.97,95,-16.97,0
e1-100,binary,100,bot_144,3083,b,44,34.28,25,133.69,106,-27.69,0
e1-100,binary,100,bot_144,3083,b,46,24.05,25,155.22,133,-22.22,0
e1-100,binary,100,bot_144,3083,b,48,39.53,25,99.24,124,24.76,0
e1-100,binary,100,bot_144,3083,b,50,32.83,25,89.32,102,12.68,0
e1-100,binary,100,bot_144,3083,b,52,10.84,25,81.64,68,-13.64,0
e1-100,binary,100,bot_144,3083,b,54,13.4,25,85.92,71,-14.92,0
e1-100,binary,100,bot_144,3083,b,56,5.84,25,90.06,53,-37.06,0
e1-100,binary,100,bot_144,3083,b,58,17.99,25,66.01,50,-16.01,0
e1-100,binary,100,bot_144,3083,b,60,14.82,25,63.74,35,-28.74,0
e1-100,binary,100,bot_145,3084,w,1,105.64,25,115.05,190,74.95,0
e1-100,binary,100,bot_145,3084,w,3,96.17,25,140.13,171,30.87,0
e1-100,binary,100,bot_145,3084,w,5,118.09,25,122.09,179,56.91,0
e1-100,binary,100,bot_145,3084,w,7,111.55,25,154.69,222,67.31,0
e1-100,binary,100,bot_145,3084,w,9,115.97,25,105.85,169,63.15,0
e1-100,binary,100,bot_145,3084,w,11,97.21,25,104.51,134,29.49,0
e1-100,binary,100,bot_145,3084,w,13,59.18,25,113.57,145,31.43,0
e1-100,binary,100,bot_145,3084,w,15,82.41,25,136.07,158,21.93,0
e1-100,binary,100,bot_145,3084,w,17,56.35,25,138.42,166,27.58,0
e1-100,binary,100,bot_145,3084,w,19,82.24,25,133.68,160,26.32,0
e1-100,binary,100,bot_145,3084,w,21,55.23,25,130.07,155,24.93,0
e1-100,binary,100,bot_145,3084,w,23,63.48,25,144.78,151,6.22,0
e1-100,binary,100,bot_145,3084,w,25,47.29,25,165.48,161,-4.48,0
e1-100,binary,100,bot_145,3084,w,27,31.12,25,111.2,104,-7.2,0
e1-100,binary,100,bot_145,3084,w,29,33.82,25,157.79,128,-29.79,0
e1-100,binary,100,bot_145,3084,w,31,20.1,25,152.65,123,-29.65,0
e1-100,binary,100,bot_145,3084,w,33,17.53,25,170.41,130,-40.41,0
e1-100,binary,100,bot_145,3084,w,35,58.87,25,128.55,145,16.45,0
e1-100,binary,100,bot_145,3084,w,37,38.36,25,127.9,119,-8.9,0
e1-100,binary,100,bot_145,3084,w,39,32.15,25,125.51,113,-12.51,0
e1-100,binary,100,bot_145,3084,w,41,22.65,25,110.63,89,-21.62,0
e1-100,binary,100,bot_145,3084,w,43,36.1,25,131.63,98,-33.63,0
e1-100,binary,100,bot_145,3084,w,45,27.18,25,152.01,125,-27.01,0
e1-100,binary,100,bot_145,3084,w,47,47.56,25,148.48,110,-38.48,0
e1-100,binary,100,bot_145,3084,w,49,34.33,25,87.8,95,7.2,0
e1-100,binary,100,bot_145,3084,w,51,11.32,25,81.03,62,-19.03,0
e1-100,binary,100,bot_145,3084,w,53,13.47,25,86.1,67,-19.1,0
e1-100,binary,100,bot_145,3084,w,55,6.36,25,89.47,47,-42.47,0
e1-100,binary,100,bot_145,3084,w,57,20.68,25,88.61,42,-46.61,0
e1-100,binary,100,bot_145,3084,w,59,17.12,25,75.26,28,-47.26,0
e1-100,binary,100,bot_146,3084,b,2,92.14,25,121.48,181,59.52,0
e1-100,binary,100,bot_146,3084,b,4,118.03,25,126.9,176,49.1,0
e1-100,binary,100,bot_146,3084,b,6,128.78,25,129.5,200,70.5,0
e1-100,binary,100,bot_146,3084,b,8,125.71,25,155,220,65,0
e1-100,binary,100,bot_146,3084,b,10,91.36,25,140.37,210,69.63,0
e1-100,binary,100,bot_146,3084,b,12,82.93,25,131.64,187,55.36,0
e1-100,binary,100,bot_146,3084,b,14,73.41,25,112.38,131,18.62,0
e1-100,binary,100,bot_146,3084,b,16,79.4,25,143.1,184,40.9,0
e1-100,binary,100,bot_146,3084,b,18,77.22,25,127.91,145,17.09,0
e1-100,binary,100,bot_146,3084,b,20,77.86,25,133.48,175,41.52,0
e1-100,binary,100,bot_146,3084,b,22,57.72,25,138.71,153,14.29,0
e1-100,binary,100,bot_146,3084,b,24,46.8,25,154.45,177,22.55,0
e1-100,binary,100,bot_146,3084,b,26,44.55,25,154.3,161,6.7,0
e1-100,binary,100,bot_146,3084,b,28,22.79,25,143.73,134,-9.73,0
e1-100,binary,100,bot_146,3084,b,30,21.53,25,173.16,167,-6.16,0
e1-100,binary,100,bot_146,3084,b,32,12.15,25,187.68,168,-19.68,0
e1-100,binary,100,bot_146,3084,b,34,68.2,25,173.79,150,-23.79,0
e1-100,binary,100,bot_146,3084,b,36,42.41,25,137.45,156,18.55,0
e1-100,binary,100,bot_146,3084,b,38,40.62,25,152.68,146,-6.68,0
e1-100,binary,100,bot_146,3084,b,40,31.24,25,150.08,138,-12.08,0
e1-100,binary,100,bot_146,3084,b,42,19.18,25,137.38,115,-22.38,0
e1-100,binary,100,bot_146,3084,b,44,26.53,25,132.33,123,-9.33,0
e1-100,binary,100,bot_146,3084,b,46,14.81,25,149.28,132,-17.28,0
e1-100,binary,100,bot_146,3084,b,48,60.71,25,121.37,124,2.63,0
e1-100,binary,100,bot_146,3084,b,50,34.92,25,108.31,98,-10.31,0
e1-100,binary,100,bot_146,3084,b,52,34.09,25,127.85,95,-32.85,0
e1-100,binary,100,bot_146,3084,b,54,10.99,25,112.84,82,-30.84,0
e1-100,binary,100,bot_146,3084,b,56,7.4,25,100.5,63,-37.5,0
e1-100,binary,100,bot_146,3084,b,58,6.13,25,76.56,52,-24.56,0
e1-100,binary,100,bot_146,3084,b,60,8.56,25,87,59,-28,0
e1-100,binary,100,bot_147,3085,w,1,94.21,25,118.84,176,57.16,0
e1-100,binary,100,bot_147,3085,w,3,128.2,25,116.84,162,45.16,0
e1-100,binary,100,bot_147,3085,w,5,136.37,25,121.5,184,62.5,0
e1-100,binary,100,bot_147,3085,w,7,135.74,25,144.9,202,57.1,0
e1-100,binary,100,bot_147,3085,w,9,101.87,25,130.44,189,58.56,0
e1-100,binary,100,bot_147,3085,w,11,88.64,25,126.13,183,56.87,0
e1-100,binary,100,bot_147,3085,w,13,78.99,25,106.93,117,10.07,0
e1-100,binary,100,bot_147,3085,w,15,87.65,25,134.97,171,36.03,0
e1-100,binary,100,bot_147,3085,w,17,82.45,25,122.65,132,9.35,0
e1-100,binary,100,bot_147,3085,w,19,82.13,25,129.02,159,29.98,0
e1-100,binary,100,bot_147,3085,w,21,63.62,25,133.2,136,2.8,0
e1-100,binary,100,bot_147,3085,w,23,49.51,25,152.05,165,12.95,0
e1-100,binary,100,bot_147,3085,w,25,46.23,25,152.61,148,-4.61,0
e1-100,binary,100,bot_147,3085,w,27,25.63,25,140.91,119,-21.91,0
e1-100,binary,100,bot_147,3085,w,29,24.49,25,170.32,150,-20.32,0
e1-100,binary,100,bot_147,3085,w,31,15.09,25,184.34,151,-33.34,0
e1-100,binary,100,bot_147,3085,w,33,12.53,25,171.58,135,-36.58,0
e1-100,binary,100,bot_147,3085,w,35,43.73,25,136.08,157,20.92,0
e1-100,binary,100,bot_147,3085,w,37,44.12,25,148.76,135,-13.76,0
e1-100,binary,100,bot_147,3085,w,39,35.66,25,145.29,125,-20.29,0
e1-100,binary,100,bot_147,3085,w,41,22.46,25,134.07,103,-31.07,0
e1-100,binary,100,bot_147,3085,w,43,28.9,25,129.86,114,-15.86,0
e1-100,binary,100,bot_147,3085,w,45,19.81,25,144.33,121,-23.33,0
e1-100,binary,100,bot_147,3085,w,47,75.59,25,146.57,101,-45.57,0
e1-100,binary,100,bot_147,3085,w,49,41.47,25,101.99,84,-17.99,0
e1-100,binary,100,bot_147,3085,w,51,39.16,25,122.65,81,-41.65,0
e1-100,binary,100,bot_147,3085,w,53,14.25,25,109.83,72,-37.83,0
e1-100,binary,100,bot_147,3085,w,55,13.69,25,94.43,48,-46.43,0
e1-100,binary,100,bot_147,3085,w,57,9.33,25,90.99,40,-50.99,0
e1-100,binary,100,bot_147,3085,w,59,14.92,25,94.9,44,-50.9,0
e1-100,binary,100,bot_148,3085,b,2,111.21,25,125.5,171,45.5,0
e1-100,binary,100,bot_148,3085,b,4,129.15,25,110.96,190,79.04,0
e1-100,binary,100,bot_148,3085,b,6,123.1,25,143.06,231,87.94,0
e1-100,binary,100,bot_148,3085,b,8,125.5,25,96.44,184,87.56,0
e1-100,binary,100,bot_148,3085,b,10,113.36,25,87.63,141,53.37,0
e1-100,binary,100,bot_148,3085,b,12,65.7,25,107.41,154,46.59,0
e1-100,binary,100,bot_148,3085,b,14,92.15,25,125.83,163,37.17,0
e1-100,binary,100,bot_148,3085,b,16,65.33,25,129.87,175,45.13,0
e1-100,binary,100,bot_148,3085,b,18,86.65,25,129.34,170,40.66,0
e1-100,binary,100,bot_148,3085,b,20,58.38,25,127.01,167,39.99,0
e1-100,binary,100,bot_148,3085,b,22,68.46,25,139.6,161,21.4,0
e1-100,binary,100,bot_148,3085,b,24,51.98,25,160.76,169,8.24,0
e1-100,binary,100,bot_148,3085,b,26,34.49,25,108.16,112,3.84,0
e1-100,binary,100,bot_148,3085,b,28,36.37,25,155.15,139,-16.15,0
e1-100,binary,100,bot_148,3085,b,30,21.79,25,151.08,134,-17.08,0
e1-100,binary,100,bot_148,3085,b,32,20.85,25,167.09,140,-27.09,0
e1-100,binary,100,bot_148,3085,b,34,76.56,25,168.83,140,-28.83,0
e1-100,binary,100,bot_148,3085,b,36,41.33,25,125.02,126,0.98,0
e1-100,binary,100,bot_148,3085,b,38,35.82,25,121.97,122,0.03,0
e1-100,binary,100,bot_148,3085,b,40,24.86,25,108.53,99,-9.53,0
e1-100,binary,100,bot_148,3085,b,42,40.21,25,127.44,104,-23.44,0
e1-100,binary,100,bot_148,3085,b,44,31.87,25,147.32,130,-17.32,0
e1-100,binary,100,bot_148,3085,b,46,10.54,25,145.08,120,-25.08,0
e1-100,binary,100,bot_148,3085,b,48,38.43,25,83.73,114,30.27,0
e1-100,binary,100,bot_148,3085,b,50,14.6,25,77.67,72,-5.67,0
e1-100,binary,100,bot_148,3085,b,52,17.43,25,82.18,75,-7.18,0
e1-100,binary,100,bot_148,3085,b,54,9.63,25,86.13,55,-31.13,0
e1-100,binary,100,bot_148,3085,b,56,5.38,25,86.37,54,-32.37,0
e1-100,binary,100,bot_148,3085,b,58,5.28,25,72.62,37,-35.62,0
e1-100,binary,100,bot_148,3085,b,60,32.06,25,87.02,57,-30.02,0
e1-100,binary,100,bot_149,3086,w,1,112.35,25,124.86,174,49.14,0
e1-100,binary,100,bot_149,3086,w,3,129.9,25,110.18,178,67.82,0
e1-100,binary,100,bot_149,3086,w,5,124.36,25,141.79,218,76.21,0
e1-100,binary,100,bot_149,3086,w,7,126.25,25,95.68,171,75.32,0
e1-100,binary,100,bot_149,3086,w,9,9.78,25,85.66,127,41.34,0
e1-100,binary,100,bot_149,3086,w,11,12.31,25,179.35,144,-35.35,0
e1-100,binary,100,bot_149,3086,w,13,19.13,25,175.16,144,-31.16,0
e1-100,binary,100,bot_149,3086,w,15,101.18,25,199.8,165,-34.8,0
e1-100,binary,100,bot_149,3086,w,17,112.28,25,101.88,161,59.12,0
e1-100,binary,100,bot_149,3086,w,19,83.3,25,102.09,160,57.91,0
e1-100,binary,100,bot_149,3086,w,21,100.47,25,105.3,150,44.7,0
e1-100,binary,100,bot_149,3086,w,23,87.88,25,124.97,159,34.03,0
e1-100,binary,100,bot_149,3086,w,25,62.26,25,80.81,107,26.19,0
e1-100,binary,100,bot_149,3086,w,27,70.79,25,118.16,129,10.84,0
e1-100,binary,100,bot_149,3086,w,29,52.14,25,122.86,124,1.14,0
e1-100,binary,100,bot_149,3086,w,31,59.02,25,126.59,134,7.41,0
e1-100,binary,100,bot_149,3086,w,33,52.9,25,127.81,125,-2.81,0
e1-100,binary,100,bot_149,3086,w,35,44.01,25,121.6,117,-4.6,0
e1-100,binary,100,bot_149,3086,w,37,73.3,25,93.16,85,-8.16,0
e1-100,binary,100,bot_149,3086,w,39,50.17,25,99.83,133,33.17,0
e1-100,binary,100,bot_149,3086,w,41,16.2,25,93.67,106,12.33,0
e1-100,binary,100,bot_149,3086,w,43,15.34,25,146.05,113,-33.05,0
e1-100,binary,100,bot_149,3086,w,45,91.67,25,171.05,127,-44.05,0
e1-100,binary,100,bot_149,3086,w,47,15.98,25,152.81,113,-39.81,0
e1-100,binary,100,bot_149,3086,w,49,46.33,25,135.22,92,-43.22,0
e1-100,binary,100,bot_149,3086,w,51,38.5,25,93.5,96,2.5,0
e1-100,binary,100,bot_149,3086,w,53,36.12,25,73.17,66,-7.17,0
e1-100,binary,100,bot_149,3086,w,55,17.69,25,92.29,53,-39.29,0
e1-100,binary,100,bot_149,3086,w,57,9.05,25,87.21,46,-41.21,0
e1-100,binary,100,bot_149,3086,w,59,4.61,25,90.29,48,-42.29,0
e1-100,binary,100,bot_150,3086,b,2,129.6,25,115.43,178,62.57,0
e1-100,binary,100,bot_150,3086,b,4,137.93,25,119.88,200,80.12,0
e1-100,binary,100,bot_150,3086,b,6,137.4,25,143.24,217,73.76,0
e1-100,binary,100,bot_150,3086,b,8,103.66,25,128.72,203,74.28,0
e1-100,binary,100,bot_150,3086,b,10,15.36,25,213.38,172,-41.38,0
e1-100,binary,100,bot_150,3086,b,12,19.91,25,151.14,120,-31.14,0
e1-100,binary,100,bot_150,3086,b,14,15.88,25,207.96,183,-24.96,0
e1-100,binary,100,bot_150,3086,b,16,108.94,25,98.19,155,56.81,0
e1-100,binary,100,bot_150,3086,b,18,109.05,25,102.03,170,67.97,0
e1-100,binary,100,bot_150,3086,b,20,95.59,25,103,143,40,0
e1-100,binary,100,bot_150,3086,b,22,85.04,25,116.17,173,56.83,0
e1-100,binary,100,bot_150,3086,b,24,76.85,25,123.78,167,43.22,0
e1-100,binary,100,bot_150,3086,b,26,61.88,25,104.49,123,18.51,0
e1-100,binary,100,bot_150,3086,b,28,52.16,25,143.14,170,26.86,0
e1-100,binary,100,bot_150,3086,b,30,58.36,25,140.94,149,8.06,0
e1-100,binary,100,bot_150,3086,b,32,48.59,25,137.71,153,15.29,0
e1-100,binary,100,bot_150,3086,b,34,47.33,25,150.24,161,10.76,0
e1-100,binary,100,bot_150,3086,b,36,44.38,25,135.61,136,0.39,0
e1-100,binary,100,bot_150,3086,b,38,86.64,25,91.27,118,26.73,0
e1-100,binary,100,bot_150,3086,b,40,65.41,25,82.64,86,3.36,0
e1-100,binary,100,bot_150,3086,b,42,19.9,25,146.98,116,-30.98,0
e1-100,binary,100,bot_150,3086,b,44,8.84,25,159.6,128,-31.6,0
e1-100,binary,100,bot_150,3086,b,46,13.87,25,51.72,96,44.28,0
e1-100,binary,100,bot_150,3086,b,48,10.43,25,111.96,81,-30.96,0
e1-100,binary,100,bot_150,3086,b,50,55.55,25,69.35,70,0.65,0
e1-100,binary,100,bot_150,3086,b,52,46.04,25,67.11,59,-8.11,0
e1-100,binary,100,bot_150,3086,b,54,13.48,25,62.19,52,-10.19,0
e1-100,binary,100,bot_150,3086,b,56,12.69,25,71.59,43,-28.59,0
e1-100,binary,100,bot_150,3086,b,58,11.14,25,67.11,31,-36.11,0
e1-100,binary,100,bot_150,3086,b,60,28.32,25,90.19,47,-43.19,0
e1-100,binary,100,bot_151,3087,w,1,136.1,25,109.55,188,78.45,0
e1-100,binary,100,bot_151,3087,w,3,144.84,25,113.11,196,82.89,0
e1-100,binary,100,bot_151,3087,w,5,144.6,25,136.12,212,75.88,0
e1-100,binary,100,bot_151,3087,w,7,110.17,25,122.72,198,75.28,0
e1-100,binary,100,bot_151,3087,w,9,20.3,25,209.84,173,-36.84,0
e1-100,binary,100,bot_151,3087,w,11,17.25,25,153.81,118,-35.81,0
e1-100,binary,100,bot_151,3087,w,13,119.49,25,210.21,181,-29.21,0
e1-100,binary,100,bot_151,3087,w,15,104.8,25,101.94,142,40.06,0
e1-100,binary,100,bot_151,3087,w,17,103.66,25,107.44,170,62.56,0
e1-100,binary,100,bot_151,3087,w,19,88.23,25,110.21,143,32.79,0
e1-100,binary,100,bot_151,3087,w,21,76.46,25,124.94,175,50.06,0
e1-100,binary,100,bot_151,3087,w,23,71.72,25,129,164,35,0
e1-100,binary,100,bot_151,3087,w,25,54.26,25,112.11,125,12.89,0
e1-100,binary,100,bot_151,3087,w,27,44.55,25,150.8,168,17.2,0
e1-100,binary,100,bot_151,3087,w,29,49.11,25,150.24,150,-0.24,0
e1-100,binary,100,bot_151,3087,w,31,41.71,25,144.37,150,5.63,0
e1-100,binary,100,bot_151,3087,w,33,36.45,25,160.81,161,0.19,0
e1-100,binary,100,bot_151,3087,w,35,33.81,25,146.18,137,-9.18,0
e1-100,binary,100,bot_151,3087,w,37,78.78,25,99.3,118,18.7,0
e1-100,binary,100,bot_151,3087,w,39,60.74,25,87.48,84,-3.48,0
e1-100,binary,100,bot_151,3087,w,41,12.29,25,154.77,118,-36.77,0
e1-100,binary,100,bot_151,3087,w,43,106.83,25,163.61,127,-36.61,0
e1-100,binary,100,bot_151,3087,w,45,8.67,25,57.05,89,31.95,0
e1-100,binary,100,bot_151,3087,w,47,69.58,25,115.27,78,-37.27,0
e1-100,binary,100,bot_151,3087,w,49,50.36,25,73.9,64,-9.9,0
e1-100,binary,100,bot_151,3087,w,51,42.88,25,70.26,55,-15.26,0
e1-100,binary,100,bot_151,3087,w,53,11.64,25,64.03,50,-14.03,0
e1-100,binary,100,bot_151,3087,w,55,10.22,25,74.16,39,-35.16,0
e1-100,binary,100,bot_151,3087,w,57,6.76,25,71.61,30,-41.61,0
e1-100,binary,100,bot_151,3087,w,59,24.81,25,93.71,47,-46.71,0
e1-100,binary,100,bot_152,3087,b,2,138.86,25,101.2,186,84.8,0
e1-100,binary,100,bot_152,3087,b,4,131.93,25,134.15,228,93.85,0
e1-100,binary,100,bot_152,3087,b,6,130.71,25,91.26,185,93.74,0
e1-100,binary,100,bot_152,3087,b,8,17.97,25,77.05,136,58.95,0
e1-100,binary,100,bot_152,3087,b,10,11.51,25,180,157,-23,0
e1-100,binary,100,bot_152,3087,b,12,16.57,25,177.99,151,-26.99,0
e1-100,binary,100,bot_152,3087,b,14,87.38,25,108.33,184,75.67,0
e1-100,binary,100,bot_152,3087,b,16,109.56,25,104.84,167,62.16,0
e1-100,binary,100,bot_152,3087,b,18,80.25,25,105.04,165,59.96,0
e1-100,binary,100,bot_152,3087,b,20,97.08,25,108.96,154,45.04,0
e1-100,binary,100,bot_152,3087,b,22,83.37,25,129.28,162,32.72,0
e1-100,binary,100,bot_152,3087,b,24,59.12,25,83.52,112,28.48,0
e1-100,binary,100,bot_152,3087,b,26,64.73,25,124.58,135,10.42,0
e1-100,binary,100,bot_152,3087,b,28,46.64,25,127.93,129,1.07,0
e1-100,binary,100,bot_152,3087,b,30,51.75,25,134.22,139,4.78,0
e1-100,binary,100,bot_152,3087,b,32,46.72,25,134.42,131,-3.42,0
e1-100,binary,100,bot_152,3087,b,34,37.43,25,128.1,120,-8.1,0
e1-100,binary,100,bot_152,3087,b,36,69.6,25,96.21,82,-14.21,0
e1-100,binary,100,bot_152,3087,b,38,46.88,25,102.67,134,31.33,0
e1-100,binary,100,bot_152,3087,b,40,13.81,25,95.47,109,13.53,0
e1-100,binary,100,bot_152,3087,b,42,12.54,25,148.72,113,-35.72,0
e1-100,binary,100,bot_152,3087,b,44,81.86,25,78.6,138,59.4,0
e1-100,binary,100,bot_152,3087,b,46,12.72,25,155.87,117,-38.87,0
e1-100,binary,100,bot_152,3087,b,48,40.25,25,79.34,100,20.66,0
e1-100,binary,100,bot_152,3087,b,50,35.36,25,96.75,99,2.25,0
e1-100,binary,100,bot_152,3087,b,52,34.55,25,74.5,70,-4.5,0
e1-100,binary,100,bot_152,3087,b,54,15.18,25,94.75,59,-35.75,0
e1-100,binary,100,bot_152,3087,b,56,7.62,25,88.31,51,-37.31,0
e1-100,binary,100,bot_152,3087,b,58,3.57,25,91.02,50,-41.02,0
e1-100,binary,100,bot_152,3087,b,60,29.16,25,67.1,44,-23.1,0
e1-100,binary,100,bot_153,3088,w,1,141.4,25,98.61,181,82.39,0
e1-100,binary,100,bot_153,3088,w,3,140.63,25,125.29,210,84.71,0
e1-100,binary,100,bot_153,3088,w,5,134.09,25,87.69,171,83.31,0
e1-100,binary,100,bot_153,3088,w,7,22.46,25,72.03,120,47.97,0
e1-100,binary,100,bot_153,3088,w,9,9.64,25,181.83,151,-30.83,0
e1-100,binary,100,bot_153,3088,w,11,120.95,25,181.29,142,-39.29,0
e1-100,binary,100,bot_153,3088,w,13,84.08,25,111.45,161,49.55,0
e1-100,binary,100,bot_153,3088,w,15,105.48,25,109.13,157,47.87,0
e1-100,binary,100,bot_153,3088,w,17,76.08,25,109.22,156,46.78,0
e1-100,binary,100,bot_153,3088,w,19,94.01,25,112.27,143,30.73,0
e1-100,binary,100,bot_153,3088,w,21,78.25,25,134.41,151,16.59,0
e1-100,binary,100,bot_153,3088,w,23,54.66,25,87.96,103,15.04,0
e1-100,binary,100,bot_153,3088,w,25,58.94,25,130.6,124,-6.6,0
e1-100,binary,100,bot_153,3088,w,27,41.53,25,132.78,119,-13.78,0
e1-100,binary,100,bot_153,3088,w,29,47.1,25,139.06,127,-12.06,0
e1-100,binary,100,bot_153,3088,w,31,40.28,25,141.16,124,-17.16,0
e1-100,binary,100,bot_153,3088,w,33,29.93,25,135.62,112,-23.62,0
e1-100,binary,100,bot_153,3088,w,35,65.04,25,100.66,75,-25.66,0
e1-100,binary,100,bot_153,3088,w,37,44.09,25,105.43,127,21.57,0
e1-100,binary,100,bot_153,3088,w,39,10.57,25,98.51,102,3.49,0
e1-100,binary,100,bot_153,3088,w,41,112.97,25,155.05,108,-47.05,0
e1-100,binary,100,bot_153,3088,w,43,75.16,25,85.22,128,42.78,0
e1-100,binary,100,bot_153,3088,w,45,70.84,25,161.78,111,-50.78,0
e1-100,binary,100,bot_153,3088,w,47,37.13,25,82.52,85,2.48,0
e1-100,binary,100,bot_153,3088,w,49,32.71,25,99.37,93,-6.37,0
e1-100,binary,100,bot_153,3088,w,51,31.24,25,77.69,60,-17.69,0
e1-100,binary,100,bot_153,3088,w,53,10.82,25,99.11,52,-47.11,0
e1-100,binary,100,bot_153,3088,w,55,4.21,25,91.62,41,-50.62,0
e1-100,binary,100,bot_153,3088,w,57,21.64,25,60.55,40,-20.55,0
e1-100,binary,100,bot_153,3088,w,59,27.47,25,68.31,33,-35.31,0
e1-100,binary,100,bot_154,3088,b,2,150.72,25,107.44,202,94.56,0
e1-100,binary,100,bot_154,3088,b,4,150.15,25,130.77,222,91.23,0
e1-100,binary,100,bot_154,3088,b,6,114.66,25,118.73,204,85.27,0
e1-100,binary,100,bot_154,3088,b,8,24.06,25,207.28,182,-25.28,0
e1-100,binary,100,bot_154,3088,b,10,15.21,25,155.83,125,-30.83,0
e1-100,binary,100,bot_154,3088,b,12,104.14,25,118.4,199,80.6,0
e1-100,binary,100,bot_154,3088,b,14,102.11,25,104.25,148,43.75,0
e1-100,binary,100,bot_154,3088,b,16,101.46,25,109.71,175,65.29,0
e1-100,binary,100,bot_154,3088,b,18,85.46,25,112.62,148,35.38,0
e1-100,binary,100,bot_154,3088,b,20,72.46,25,129.03,183,53.97,0
e1-100,binary,100,bot_154,3088,b,22,69.12,25,131.21,168,36.79,0
e1-100,binary,100,bot_154,3088,b,24,49.3,25,117.11,131,13.89,0
e1-100,binary,100,bot_154,3088,b,26,40.33,25,155,173,18,0
e1-100,binary,100,bot_154,3088,b,28,43.78,25,155.67,157,1.33,0
e1-100,binary,100,bot_154,3088,b,30,38.63,25,147.08,154,6.92,0
e1-100,binary,100,bot_154,3088,b,32,31.93,25,164.85,165,0.15,0
e1-100,binary,100,bot_154,3088,b,34,29.67,25,150.58,140,-10.58,0
e1-100,binary,100,bot_154,3088,b,36,77.12,25,101.15,121,19.85,0
e1-100,binary,100,bot_154,3088,b,38,59.85,25,89.06,87,-2.06,0
e1-100,binary,100,bot_154,3088,b,40,8.95,25,158.46,123,-35.46,0
e1-100,binary,100,bot_154,3088,b,42,99.18,25,64.57,132,67.43,0
e1-100,binary,100,bot_154,3088,b,44,5.3,25,60.69,91,30.31,0
e1-100,binary,100,bot_154,3088,b,46,59.56,25,61.46,87,25.54,0
e1-100,binary,100,bot_154,3088,b,48,50.12,25,73.89,66,-7.89,0
e1-100,binary,100,bot_154,3088,b,50,37.78,25,75.34,63,-12.34,0
e1-100,binary,100,bot_154,3088,b,52,9.03,25,66.63,52,-14.63,0
e1-100,binary,100,bot_154,3088,b,54,5.86,25,78.83,44,-34.83,0
e1-100,binary,100,bot_154,3088,b,56,35.2,25,75.95,34,-41.95,0
e1-100,binary,100,bot_154,3088,b,58,20.79,25,78.23,54,-24.23,0
e1-100,binary,100,bot_154,3088,b,60,26.9,25,89.44,72,-17.44,0
e1-100,binary,100,bot_155,3089,w,1,151.88,25,106.65,184,77.35,0
e1-100,binary,100,bot_155,3089,w,3,151.33,25,129.53,197,67.47,0
e1-100,binary,100,bot_155,3089,w,5,116.11,25,117.58,178,60.42,0
e1-100,binary,100,bot_155,3089,w,7,25.48,25,206.61,157,-49.61,0
e1-100,binary,100,bot_155,3089,w,9,98.13,25,158.68,107,-51.68,0
e1-100,binary,100,bot_155,3089,w,11,99.68,25,122.63,167,44.37,0
e1-100,binary,100,bot_155,3089,w,13,97.85,25,108.4,126,17.6,0
e1-100,binary,100,bot_155,3089,w,15,96.84,25,114.21,154,39.79,0
e1-100,binary,100,bot_155,3089,w,17,81.01,25,116.81,127,10.19,0
e1-100,binary,100,bot_155,3089,w,19,68.36,25,132.96,160,27.04,0
e1-100,binary,100,bot_155,3089,w,21,65.46,25,134.56,143,8.44,0
e1-100,binary,100,bot_155,3089,w,23,42.32,25,124.1,112,-12.1,0
e1-100,binary,100,bot_155,3089,w,25,38,25,157.21,152,-5.21,0
e1-100,binary,100,bot_155,3089,w,27,35.85,25,163.59,137,-26.59,0
e1-100,binary,100,bot_155,3089,w,29,34.26,25,151.15,131,-20.15,0
e1-100,binary,100,bot_155,3089,w,31,24.99,25,171.57,144,-27.57,0
e1-100,binary,100,bot_155,3089,w,33,22.3,25,157.72,119,-38.72,0
e1-100,binary,100,bot_155,3089,w,35,74.32,25,103.97,103,-0.97,0
e1-100,binary,100,bot_155,3089,w,37,58.37,25,90.54,69,-21.54,0
e1-100,binary,100,bot_155,3089,w,39,95.16,25,160.83,106,-54.83,0
e1-100,binary,100,bot_155,3089,w,41,97.01,25,66.55,103,36.45,0
e1-100,binary,100,bot_155,3089,w,43,89.02,25,63.59,73,9.41,0
e1-100,binary,100,bot_155,3089,w,45,56.67,25,63.6,64,0.4,0
e1-100,binary,100,bot_155,3089,w,47,47.82,25,76.13,50,-26.13,0
e1-100,binary,100,bot_155,3089,w,49,34.77,25,78.37,48,-30.37,0
e1-100,binary,100,bot_155,3089,w,51,6.55,25,69.15,39,-30.15,0
e1-100,binary,100,bot_155,3089,w,53,3.46,25,81.28,27,-54.28,0
e1-100,binary,100,bot_155,3089,w,55,31.17,25,54.37,21,-33.37,0
e1-100,binary,100,bot_155,3089,w,57,18.5,25,80.48,36,-44.48,0
e1-100,binary,100,bot_155,3089,w,59,25.34,25,90.93,55,-35.93,0
e1-100,binary,100,bot_156,3089,b,2,141.97,25,123.93,233,109.07,0
e1-100,binary,100,bot_156,3089,b,4,135.68,25,86.02,194,107.98,0
e1-100,binary,100,bot_156,3089,b,6,25.01,25,69.37,142,72.63,0
e1-100,binary,100,bot_156,3089,b,8,8.52,25,182.99,171,-11.99,0
e1-100,binary,100,bot_156,3089,b,10,105.45,25,111.79,172,60.21,0
e1-100,binary,100,bot_156,3089,b,12,79.15,25,116.28,178,61.72,0
e1-100,binary,100,bot_156,3089,b,14,100.28,25,114.75,174,59.25,0
e1-100,binary,100,bot_156,3089,b,16,71.55,25,113.84,173,59.16,0
e1-100,binary,100,bot_156,3089,b,18,88.33,25,118.57,162,43.43,0
e1-100,binary,100,bot_156,3089,b,20,70.96,25,141.94,172,30.06,0
e1-100,binary,100,bot_156,3089,b,22,48.38,25,94.3,122,27.7,0
e1-100,binary,100,bot_156,3089,b,24,55.52,25,134.64,138,3.36,0
e1-100,binary,100,bot_156,3089,b,26,35.72,25,138.22,138,-0.22,0
e1-100,binary,100,bot_156,3089,b,28,40.28,25,146.31,145,-1.31,0
e1-100,binary,100,bot_156,3089,b,30,32.77,25,149.2,145,-4.2,0
e1-100,binary,100,bot_156,3089,b,32,22.7,25,143.06,130,-13.06,0
e1-100,binary,100,bot_156,3089,b,34,59.5,25,105.91,86,-19.91,0
e1-100,binary,100,bot_156,3089,b,36,39.45,25,110.01,141,30.99,0
e1-100,binary,100,bot_156,3089,b,38,6.24,25,102.76,119,16.24,0
e1-100,binary,100,bot_156,3089,b,40,99.06,25,80.66,133,52.34,0
e1-100,binary,100,bot_156,3089,b,42,71.22,25,89.24,143,53.76,0
e1-100,binary,100,bot_156,3089,b,44,61.59,25,85.15,132,46.85,0
e1-100,binary,100,bot_156,3089,b,46,34.74,25,85.08,99,13.92,0
e1-100,binary,100,bot_156,3089,b,48,31.03,25,101.35,107,5.65,0
e1-100,binary,100,bot_156,3089,b,50,31.05,25,77.4,70,-7.4,0
e1-100,binary,100,bot_156,3089,b,52,6.49,25,103.46,67,-36.46,0
e1-100,binary,100,bot_156,3089,b,54,27.72,25,93.77,55,-38.77,0
e1-100,binary,100,bot_156,3089,b,56,17.88,25,63.75,53,-10.75,0
e1-100,binary,100,bot_156,3089,b,58,24.52,25,71.54,48,-23.54,0
e1-100,binary,100,bot_156,3089,b,60,28.63,25,70.35,54,-16.35,0
e1-100,binary,100,bot_157,3090,w,1,147.62,25,118.3,205,86.7,0
e1-100,binary,100,bot_157,3090,w,3,139.15,25,83.21,166,82.79,0
e1-100,binary,100,bot_157,3090,w,5,31.88,25,62.1,110,47.9,0
e1-100,binary,100,bot_157,3090,w,7,69.95,25,104.67,148,43.33,0
e1-100,binary,100,bot_157,3090,w,9,102.03,25,115.07,126,10.93,0
e1-100,binary,100,bot_157,3090,w,11,74.94,25,121.06,144,22.94,0
e1-100,binary,100,bot_157,3090,w,13,95.97,25,119.26,139,19.74,0
e1-100,binary,100,bot_157,3090,w,15,66.78,25,118.6,138,19.4,0
e1-100,binary,100,bot_157,3090,w,17,82.46,25,124.68,128,3.32,0
e1-100,binary,100,bot_157,3090,w,19,68.02,25,144.86,134,-10.86,0
e1-100,binary,100,bot_157,3090,w,21,44.93,25,97.72,84,-13.72,0
e1-100,binary,100,bot_157,3090,w,23,50.79,25,139.61,102,-37.61,0
e1-100,binary,100,bot_157,3090,w,25,31.1,25,142.56,102,-40.56,0
e1-100,binary,100,bot_157,3090,w,27,35.01,25,151.88,109,-42.88,0
e1-100,binary,100,bot_157,3090,w,29,26.17,25,156.03,112,-44.03,0
e1-100,binary,100,bot_157,3090,w,31,15.23,25,150.55,95,-55.55,0
e1-100,binary,100,bot_157,3090,w,33,59.04,25,106.26,50,-56.26,0
e1-100,binary,100,bot_157,3090,w,35,39.17,25,110.1,109,-1.1,0
e1-100,binary,100,bot_157,3090,w,37,102.16,25,104.59,91,-13.59,0
e1-100,binary,100,bot_157,3090,w,39,97.22,25,82.51,99,16.49,0
e1-100,binary,100,bot_157,3090,w,41,69.08,25,91.3,116,24.7,0
e1-100,binary,100,bot_157,3090,w,43,58.86,25,87.91,103,15.09,0
e1-100,binary,100,bot_157,3090,w,45,32.17,25,87.7,72,-15.7,0
e1-100,binary,100,bot_157,3090,w,47,28.06,25,104.41,79,-25.41,0
e1-100,binary,100,bot_157,3090,w,49,26.65,25,81.78,46,-35.78,0
e1-100,binary,100,bot_157,3090,w,51,38.82,25,107.37,42,-65.37,0
e1-100,binary,100,bot_157,3090,w,53,23.47,25,55.06,13,-42.06,0
e1-100,binary,100,bot_157,3090,w,55,15.41,25,66.02,26,-40.02,0
e1-100,binary,100,bot_157,3090,w,57,22.63,25,73.54,21,-52.54,0
e1-100,binary,100,bot_157,3090,w,59,26.62,25,72.38,27,-45.38,0
e1-100,binary,100,bot_158,3090,b,2,158.48,25,121.75,223,101.25,0
e1-100,binary,100,bot_158,3090,b,4,124.51,25,109.36,201,91.64,0
e1-100,binary,100,bot_158,3090,b,6,116.98,25,204.58,189,-15.58,0
e1-100,binary,100,bot_158,3090,b,8,83.5,25,102.47,121,18.53,0
e1-100,binary,100,bot_158,3090,b,10,96.33,25,125.99,176,50.01,0
e1-100,binary,100,bot_158,3090,b,12,93.02,25,112.31,135,22.69,0
e1-100,binary,100,bot_158,3090,b,14,92.82,25,118.26,163,44.74,0
e1-100,binary,100,bot_158,3090,b,16,76.87,25,120.58,136,15.42,0
e1-100,binary,100,bot_158,3090,b,18,61.73,25,139.6,169,29.4,0
e1-100,binary,100,bot_158,3090,b,20,59.29,25,140.34,157,16.66,0
e1-100,binary,100,bot_158,3090,b,22,35.97,25,130.5,123,-7.5,0
e1-100,binary,100,bot_158,3090,b,24,31.86,25,163.31,163,-0.31,0
e1-100,binary,100,bot_158,3090,b,26,29.18,25,170.32,150,-20.32,0
e1-100,binary,100,bot_158,3090,b,28,29.58,25,155.33,138,-17.33,0
e1-100,binary,100,bot_158,3090,b,30,17.24,25,178.89,153,-25.89,0
e1-100,binary,100,bot_158,3090,b,32,14.35,25,165.68,129,-36.68,0
e1-100,binary,100,bot_158,3090,b,34,68.65,25,110.07,114,3.93,0
e1-100,binary,100,bot_158,3090,b,36,56.32,25,92.72,77,-15.72,0
e1-100,binary,100,bot_158,3090,b,38,86.72,25,71.48,120,48.52,0
e1-100,binary,100,bot_158,3090,b,40,93.74,25,69.67,113,43.33,0
e1-100,binary,100,bot_158,3090,b,42,84.46,25,68.32,83,14.68,0
e1-100,binary,100,bot_158,3090,b,44,54.65,25,65.38,71,5.63,0
e1-100,binary,100,bot_158,3090,b,46,44.71,25,79.05,58,-21.05,0
e1-100,binary,100,bot_158,3090,b,48,33.05,25,79.89,54,-25.89,0
e1-100,binary,100,bot_158,3090,b,50,5.24,25,70.4,44,-26.4,0
e1-100,binary,100,bot_158,3090,b,52,27.02,25,64.36,49,-15.36,0
e1-100,binary,100,bot_158,3090,b,54,29.71,25,56.23,25,-31.23,0
e1-100,binary,100,bot_158,3090,b,56,16.63,25,82.23,43,-39.23,0
e1-100,binary,100,bot_158,3090,b,58,23.88,25,92.23,61,-31.23,0
e1-100,binary,100,bot_158,3090,b,60,25.28,25,81.19,55,-26.19,0
e1-100,binary,100,bot_159,3091,w,1,161.79,25,118.88,197,78.12,0
e1-100,binary,100,bot_159,3091,w,3,127.29,25,107.03,169,61.97,0
e1-100,binary,100,bot_159,3091,w,5,121.09,25,201.29,155,-46.29,0
e1-100,binary,100,bot_159,3091,w,7,81.97,25,104.01,96,-8.01,0
e1-100,binary,100,bot_159,3091,w,9,93.59,25,129.26,153,23.74,0
e1-100,binary,100,bot_159,3091,w,11,88.39,25,116.9,113,-3.9,0
e1-100,binary,100,bot_159,3091,w,13,88.88,25,122.25,140,17.75,0
e1-100,binary,100,bot_159,3091,w,15,71.89,25,125.53,115,-10.53,0
e1-100,binary,100,bot_159,3091,w,17,55.77,25,145.63,149,3.37,0
e1-100,binary,100,bot_159,3091,w,19,53.52,25,146.05,136,-10.05,0
e1-100,binary,100,bot_159,3091,w,21,30.97,25,135.52,100,-35.52,0
e1-100,binary,100,bot_159,3091,w,23,26.43,25,168.76,139,-29.76,0
e1-100,binary,100,bot_159,3091,w,25,23.42,25,176.1,128,-48.1,0
e1-100,binary,100,bot_159,3091,w,27,25,25,159.83,113,-46.83,0
e1-100,binary,100,bot_159,3091,w,29,11.61,25,184.41,132,-52.41,0
e1-100,binary,100,bot_159,3091,w,31,9.63,25,170.33,108,-62.33,0
e1-100,binary,100,bot_159,3091,w,33,63.76,25,115.08,98,-17.08,0
e1-100,binary,100,bot_159,3091,w,35,53.67,25,95.48,59,-36.48,0
e1-100,binary,100,bot_159,3091,w,37,81.68,25,76.51,99,22.49,0
e1-100,binary,100,bot_159,3091,w,39,89.15,25,74.26,96,21.74,0
e1-100,binary,100,bot_159,3091,w,41,80.14,25,72.74,67,-5.74,0
e1-100,binary,100,bot_159,3091,w,43,50.38,25,69.61,50,-19.61,0
e1-100,binary,100,bot_159,3091,w,45,41.5,25,82.32,38,-44.32,0
e1-100,binary,100,bot_159,3091,w,47,30.25,25,82.65,38,-44.65,0
e1-100,binary,100,bot_159,3091,w,49,38.65,25,72.71,19,-53.71,0
e1-100,binary,100,bot_159,3091,w,51,26.71,25,64.43,27,-37.43,0
e1-100,binary,100,bot_159,3091,w,53,27.8,25,58.21,8,-50.21,0
e1-100,binary,100,bot_159,3091,w,55,14.89,25,83.96,24,-59.96,0
e1-100,binary,100,bot_159,3091,w,57,21.87,25,94.22,41,-53.22,0
e1-100,binary,100,bot_159,3091,w,59,23.35,25,83.07,34,-49.07,0
e1-100,binary,100,bot_160,3091,b,2,141.74,25,80.57,188,107.43,0
e1-100,binary,100,bot_160,3091,b,4,33.36,25,60.57,133,72.43,0
e1-100,binary,100,bot_160,3091,b,6,69.27,25,104.71,168,63.29,0
e1-100,binary,100,bot_160,3091,b,8,100.7,25,116.62,143,26.38,0
e1-100,binary,100,bot_160,3091,b,10,73.73,25,121.73,160,38.27,0
e1-100,binary,100,bot_160,3091,b,12,94.27,25,121.12,152,30.88,0
e1-100,binary,100,bot_160,3091,b,14,66.07,25,119.15,152,32.85,0
e1-100,binary,100,bot_160,3091,b,16,80.74,25,126.59,143,16.41,0
e1-100,binary,100,bot_160,3091,b,18,65.84,25,146.89,146,-0.89,0
e1-100,binary,100,bot_160,3091,b,20,41.95,25,100.63,96,-4.63,0
e1-100,binary,100,bot_160,3091,b,22,47.21,25,143.42,117,-26.42,0
e1-100,binary,100,bot_160,3091,b,24,28.88,25,144.4,114,-30.4,0
e1-100,binary,100,bot_160,3091,b,26,31.67,25,155.48,123,-32.48,0
e1-100,binary,100,bot_160,3091,b,28,24.54,25,157.96,127,-30.96,0
e1-100,binary,100,bot_160,3091,b,30,13.72,25,152.35,107,-45.35,0
e1-100,binary,100,bot_160,3091,b,32,56.53,25,108.45,60,-48.45,0
e1-100,binary,100,bot_160,3091,b,34,37.51,25,111.27,117,5.73,0
e1-100,binary,100,bot_160,3091,b,36,96.33,25,110.47,106,-4.47,0
e1-100,binary,100,bot_160,3091,b,38,95.52,25,84.17,108,23.83,0
e1-100,binary,100,bot_160,3091,b,40,66.99,25,93.11,125,31.89,0
e1-100,binary,100,bot_160,3091,b,42,53.31,25,93.59,116,22.41,0
e1-100,binary,100,bot_160,3091,b,44,28.82,25,91.18,84,-7.18,0
e1-100,binary,100,bot_160,3091,b,46,28.25,25,104.09,88,-16.09,0
e1-100,binary,100,bot_160,3091,b,48,19.66,25,88.68,61,-27.68,0
e1-100,binary,100,bot_160,3091,b,50,33.87,25,77.11,57,-20.11,0
e1-100,binary,100,bot_160,3091,b,52,21.42,25,57.18,27,-30.18,0
e1-100,binary,100,bot_160,3091,b,54,13.24,25,68.01,39,-29.01,0
e1-100,binary,100,bot_160,3091,b,56,20.04,25,76.42,34,-42.42,0
e1-100,binary,100,bot_160,3091,b,58,23.63,25,75.52,40,-35.52,0
e1-100,binary,100,bot_160,3091,b,60,21.71,25,73.49,39,-34.49,0
e1-100,binary,100,bot_161,3092,w,1,144.35,25,78.43,178,99.57,0
e1-100,binary,100,bot_161,3092,w,3,33.99,25,60.65,110,49.35,0
e1-100,binary,100,bot_161,3092,w,5,67.57,25,106.27,156,49.73,0
e1-100,binary,100,bot_161,3092,w,7,98.17,25,119.27,126,6.73,0
e1-100,binary,100,bot_161,3092,w,9,71.26,25,124.17,142,17.83,0
e1-100,binary,100,bot_161,3092,w,11,91.71,25,123.77,135,11.23,0
e1-100,binary,100,bot_161,3092,w,13,63.64,25,121.56,132,10.44,0
e1-100,binary,100,bot_161,3092,w,15,77.11,25,130.33,125,-5.33,0
e1-100,binary,100,bot_161,3092,w,17,61.21,25,151.56,130,-21.56,0
e1-100,binary,100,bot_161,3092,w,19,39.41,25,103.16,77,-26.16,0
e1-100,binary,100,bot_161,3092,w,21,41.09,25,149.72,102,-47.72,0
e1-100,binary,100,bot_161,3092,w,23,25.54,25,147.7,100,-47.7,0
e1-100,binary,100,bot_161,3092,w,25,26.53,25,160.75,106,-54.75,0
e1-100,binary,100,bot_161,3092,w,27,20.04,25,162.59,109,-53.59,0
e1-100,binary,100,bot_161,3092,w,29,56.6,25,156.53,92,-64.53,0
e1-100,binary,100,bot_161,3092,w,31,43.3,25,114.99,96,-18.99,0
e1-100,binary,100,bot_161,3092,w,33,27.84,25,105.32,78,-27.32,0
e1-100,binary,100,bot_161,3092,w,35,47.42,25,119.74,77,-42.74,0
e1-100,binary,100,bot_161,3092,w,37,38.49,25,140.55,103,-37.55,0
e1-100,binary,100,bot_161,3092,w,39,18.03,25,137.6,94,-43.6,0
e1-100,binary,100,bot_161,3092,w,41,13.54,25,132.91,81,-51.91,0
e1-100,binary,100,bot_161,3092,w,43,17.97,25,73.91,52,-21.91,0
e1-100,binary,100,bot_161,3092,w,45,19.66,25,80.23,55,-25.23,0
e1-100,binary,100,bot_161,3092,w,47,14.41,25,80.92,27,-53.92,0
e1-100,binary,100,bot_161,3092,w,49,8.49,25,83.3,32,-51.3,0
e1-100,binary,100,bot_161,3092,w,51,6.78,25,71.21,15,-56.21,0
e1-100,binary,100,bot_161,3092,w,53,4.83,25,92.49,31,-61.49,0
e1-100,binary,100,bot_161,3092,w,55,31.67,25,86.03,49,-37.03,0
e1-100,binary,100,bot_161,3092,w,57,27.48,25,79.49,43,-36.49,0
e1-100,binary,100,bot_161,3092,w,59,10.24,25,70.37,30,-40.37,0
e1-100,binary,100,bot_162,3092,b,2,129.28,25,104.72,199,94.28,0
e1-100,binary,100,bot_162,3092,b,4,124.96,25,198.44,183,-15.44,0
e1-100,binary,100,bot_162,3092,b,6,81.5,25,104.43,117,12.57,0
e1-100,binary,100,bot_162,3092,b,8,92.79,25,129.97,174,44.03,0
e1-100,binary,100,bot_162,3092,b,10,86.38,25,118.84,135,16.16,0
e1-100,binary,100,bot_162,3092,b,12,86.14,25,125.11,163,37.89,0
e1-100,binary,100,bot_162,3092,b,14,68.79,25,128.41,138,9.59,0
e1-100,binary,100,bot_162,3092,b,16,53.4,25,148.05,171,22.95,0
e1-100,binary,100,bot_162,3092,b,18,49.15,25,150.14,157,6.86,0
e1-100,binary,100,bot_162,3092,b,20,28.45,25,138.14,124,-14.14,0
e1-100,binary,100,bot_162,3092,b,22,26.51,25,168.42,154,-14.42,0
e1-100,binary,100,bot_162,3092,b,24,20.81,25,178.67,149,-29.67,0
e1-100,binary,100,bot_162,3092,b,26,21.29,25,163.23,135,-28.23,0
e1-100,binary,100,bot_162,3092,b,28,9.96,25,185.72,151,-34.72,0
e1-100,binary,100,bot_162,3092,b,30,51.38,25,141.27,141,-0.27,0
e1-100,binary,100,bot_162,3092,b,32,44.42,25,136.3,124,-12.3,0
e1-100,binary,100,bot_162,3092,b,34,28.04,25,129.12,100,-29.12,0
e1-100,binary,100,bot_162,3092,b,36,33.07,25,125.78,117,-8.78,0
e1-100,binary,100,bot_162,3092,b,38,27.42,25,137.1,120,-17.1,0
e1-100,binary,100,bot_162,3092,b,40,17.77,25,138.95,101,-37.95,0
e1-100,binary,100,bot_162,3092,b,42,49.55,25,135.14,93,-42.14,0
e1-100,binary,100,bot_162,3092,b,44,46.63,25,115.04,77,-38.04,0
e1-100,binary,100,bot_162,3092,b,46,17.73,25,106.51,71,-35.51,0
e1-100,binary,100,bot_162,3092,b,48,19.92,25,88.39,47,-41.39,0
e1-100,binary,100,bot_162,3092,b,50,14.01,25,86.24,38,-48.24,0
e1-100,binary,100,bot_162,3092,b,52,10.12,25,88.73,40,-48.73,0
e1-100,binary,100,bot_162,3092,b,54,34.43,25,93.42,43,-50.42,0
e1-100,binary,100,bot_162,3092,b,56,33.26,25,65.93,42,-23.93,0
e1-100,binary,100,bot_162,3092,b,58,30.79,25,64.42,35,-29.42,0
e1-100,binary,100,bot_162,3092,b,60,19.6,25,71.11,26,-45.11,0
e1-100,binary,100,bot_163,3093,w,1,129.78,25,104.58,169,64.42,0
e1-100,binary,100,bot_163,3093,w,3,126.67,25,197.99,145,-52.99,0
e1-100,binary,100,bot_163,3093,w,5,80.51,25,105.4,89,-16.4,0
e1-100,binary,100,bot_163,3093,w,7,91.09,25,131.63,143,11.37,0
e1-100,binary,100,bot_163,3093,w,9,84.97,25,120.17,104,-16.17,0
e1-100,binary,100,bot_163,3093,w,11,84.68,25,126.52,133,6.48,0
e1-100,binary,100,bot_163,3093,w,13,67.59,25,129.46,105,-24.46,0
e1-100,binary,100,bot_163,3093,w,15,52.31,25,149,137,-12,0
e1-100,binary,100,bot_163,3093,w,17,48.29,25,150.83,122,-28.83,0
e1-100,binary,100,bot_163,3093,w,19,27.72,25,138.86,93,-45.86,0
e1-100,binary,100,bot_163,3093,w,21,24.78,25,170.11,125,-45.11,0
e1-100,binary,100,bot_163,3093,w,23,18.55,25,180.89,120,-60.89,0
e1-100,binary,100,bot_163,3093,w,25,18.21,25,166.07,104,-62.07,0
e1-100,binary,100,bot_163,3093,w,27,54.92,25,187.14,120,-67.14,0
e1-100,binary,100,bot_163,3093,w,29,49.3,25,143.39,109,-34.39,0
e1-100,binary,100,bot_163,3093,w,31,40.97,25,139.79,101,-38.79,0
e1-100,binary,100,bot_163,3093,w,33,27.74,25,129.1,78,-51.1,0
e1-100,binary,100,bot_163,3093,w,35,31.36,25,127.4,91,-36.4,0
e1-100,binary,100,bot_163,3093,w,37,24.4,25,139.95,97,-42.95,0
e1-100,binary,100,bot_163,3093,w,39,15.17,25,141.58,76,-65.58,0
e1-100,binary,100,bot_163,3093,w,41,45.53,25,98.18,71,-27.18,0
e1-100,binary,100,bot_163,3093,w,43,42.55,25,119.12,58,-61.12,0
e1-100,binary,100,bot_163,3093,w,45,15.25,25,108.96,50,-58.96,0
e1-100,binary,100,bot_163,3093,w,47,15.64,25,92.63,28,-64.63,0
e1-100,binary,100,bot_163,3093,w,49,11.67,25,88.6,18,-70.6,0
e1-100,binary,100,bot_163,3093,w,51,6.12,25,92.77,21,-71.77,0
e1-100,binary,100,bot_163,3093,w,53,30.66,25,65.59,25,-40.59,0
e1-100,binary,100,bot_163,3093,w,55,31.52,25,68.05,21,-47.05,0
e1-100,binary,100,bot_163,3093,w,57,25.53,25,69.78,18,-51.78,0
e1-100,binary,100,bot_163,3093,w,59,16.56,25,74.17,6,-68.17,0
e1-100,binary,100,bot_164,3093,b,2,34.88,25,59.75,156,96.25,0
e1-100,binary,100,bot_164,3093,b,4,66.99,25,106.41,190,83.59,0
e1-100,binary,100,bot_164,3093,b,6,95.84,25,121.92,160,38.08,0
e1-100,binary,100,bot_164,3093,b,8,67.93,25,127.43,177,49.57,0
e1-100,binary,100,bot_164,3093,b,10,89.28,25,126.54,169,42.46,0
e1-100,binary,100,bot_164,3093,b,12,60.19,25,125.19,168,42.81,0
e1-100,binary,100,bot_164,3093,b,14,71.3,25,136.6,163,26.4,0
e1-100,binary,100,bot_164,3093,b,16,55.78,25,157.27,166,8.73,0
e1-100,binary,100,bot_164,3093,b,18,36.8,25,105.84,111,5.16,0
e1-100,binary,100,bot_164,3093,b,20,38.75,25,152.41,137,-15.41,0
e1-100,binary,100,bot_164,3093,b,22,23.43,25,149.71,132,-17.71,0
e1-100,binary,100,bot_164,3093,b,24,22.77,25,165.05,141,-24.05,0
e1-100,binary,100,bot_164,3093,b,26,16.04,25,166.92,143,-23.92,0
e1-100,binary,100,bot_164,3093,b,28,43.78,25,122.89,135,12.11,0
e1-100,binary,100,bot_164,3093,b,30,39.44,25,118.75,122,3.25,0
e1-100,binary,100,bot_164,3093,b,32,26.21,25,107.41,102,-5.41,0
e1-100,binary,100,bot_164,3093,b,34,42.12,25,125.49,106,-19.49,0
e1-100,binary,100,bot_164,3093,b,36,34.44,25,144.83,129,-15.83,0
e1-100,binary,100,bot_164,3093,b,38,12.23,25,143.47,121,-22.47,0
e1-100,binary,100,bot_164,3093,b,40,52,25,135.51,105,-30.51,0
e1-100,binary,100,bot_164,3093,b,42,16.27,25,75.88,75,-0.88,0
e1-100,binary,100,bot_164,3093,b,44,17.58,25,82.24,79,-3.24,0
e1-100,binary,100,bot_164,3093,b,46,12.84,25,82.72,52,-30.72,0
e1-100,binary,100,bot_164,3093,b,48,7.01,25,84.74,54,-30.74,0
e1-100,binary,100,bot_164,3093,b,50,6.32,25,71.62,36,-35.62,0
e1-100,binary,100,bot_164,3093,b,52,36.66,25,93.05,53,-40.05,0
e1-100,binary,100,bot_164,3093,b,54,30.93,25,85.95,69,-16.95,0
e1-100,binary,100,bot_164,3093,b,56,27.17,25,79.68,66,-13.68,0
e1-100,binary,100,bot_164,3093,b,58,10.19,25,69.67,49,-20.67,0
e1-100,binary,100,bot_164,3093,b,60,15.52,25,89.46,59,-30.46,0
e1-100,binary,100,bot_165,3094,w,1,35.85,25,58.87,125,66.13,0
e1-100,binary,100,bot_165,3094,w,3,30.05,25,166.32,145,-21.32,0
e1-100,binary,100,bot_165,3094,w,5,31.97,25,162.49,136,-26.49,0
e1-100,binary,100,bot_165,3094,w,7,16.23,25,196.81,160,-36.81,0
e1-100,binary,100,bot_165,3094,w,9,115.74,25,98.38,157,58.62,0
e1-100,binary,100,bot_165,3094,w,11,87.86,25,97.41,147,49.59,0
e1-100,binary,100,bot_165,3094,w,13,104.63,25,100.82,138,37.18,0
e1-100,binary,100,bot_165,3094,w,15,91.93,25,121.04,147,25.96,0
e1-100,binary,100,bot_165,3094,w,17,64.54,25,79.06,98,18.94,0
e1-100,binary,100,bot_165,3094,w,19,75.16,25,113.49,119,5.51,0
e1-100,binary,100,bot_165,3094,w,21,58.08,25,116.96,113,-3.96,0
e1-100,binary,100,bot_165,3094,w,23,64.24,25,121.02,122,0.98,0
e1-100,binary,100,bot_165,3094,w,25,58.2,25,122.16,111,-11.16,0
e1-100,binary,100,bot_165,3094,w,27,50.73,25,114.84,104,-10.84,0
e1-100,binary,100,bot_165,3094,w,29,53.16,25,111.38,103,-8.38,0
e1-100,binary,100,bot_165,3094,w,31,34.62,25,114.12,115,0.88,0
e1-100,binary,100,bot_165,3094,w,33,91.68,25,115.17,106,-9.17,0
e1-100,binary,100,bot_165,3094,w,35,95.23,25,84.39,101,16.61,0
e1-100,binary,100,bot_165,3094,w,37,63.86,25,96.07,119,22.93,0
e1-100,binary,100,bot_165,3094,w,39,48.09,25,98.83,114,15.17,0
e1-100,binary,100,bot_165,3094,w,41,25.82,25,94.17,78,-16.17,0
e1-100,binary,100,bot_165,3094,w,43,24.91,25,107.4,82,-25.4,0
e1-100,binary,100,bot_165,3094,w,45,15.65,25,92.59,58,-34.59,0
e1-100,binary,100,bot_165,3094,w,47,31.44,25,79.58,50,-29.58,0
e1-100,binary,100,bot_165,3094,w,49,21.19,25,57.43,20,-37.43,0
e1-100,binary,100,bot_165,3094,w,51,10.09,25,71.14,35,-36.14,0
e1-100,binary,100,bot_165,3094,w,53,15.27,25,81.27,34,-47.27,0
e1-100,binary,100,bot_165,3094,w,55,17.73,25,81.59,41,-40.59,0
e1-100,binary,100,bot_165,3094,w,57,15.48,25,79.84,39,-40.84,0
e1-100,binary,100,bot_165,3094,w,59,12.66,25,78.17,26,-52.17,0
e1-100,binary,100,bot_166,3094,b,2,40.55,25,187.87,179,-8.87,0
e1-100,binary,100,bot_166,3094,b,4,35.74,25,134.73,127,-7.73,0
e1-100,binary,100,bot_166,3094,b,6,27.09,25,197.05,189,-8.05,0
e1-100,binary,100,bot_166,3094,b,8,120.97,25,175.1,153,-22.1,0
e1-100,binary,100,bot_166,3094,b,10,112.28,25,98.87,176,77.13,0
e1-100,binary,100,bot_166,3094,b,12,99.75,25,99.2,149,49.8,0
e1-100,binary,100,bot_166,3094,b,14,88.87,25,112.27,179,66.73,0
e1-100,binary,100,bot_166,3094,b,16,82.28,25,118.3,170,51.7,0
e1-100,binary,100,bot_166,3094,b,18,68.28,25,98,124,26,0
e1-100,binary,100,bot_166,3094,b,20,58.88,25,136.29,172,35.71,0
e1-100,binary,100,bot_166,3094,b,22,63.93,25,135.62,155,19.38,0
e1-100,binary,100,bot_166,3094,b,24,51.65,25,134.98,160,25.02,0
e1-100,binary,100,bot_166,3094,b,26,52.15,25,145.82,166,20.18,0
e1-100,binary,100,bot_166,3094,b,28,53.64,25,130.37,142,11.63,0
e1-100,binary,100,bot_166,3094,b,30,61.81,25,117.24,127,9.76,0
e1-100,binary,100,bot_166,3094,b,32,52.08,25,97.27,88,-9.27,0
e1-100,binary,100,bot_166,3094,b,34,79.16,25,79.14,127,47.86,0
e1-100,binary,100,bot_166,3094,b,36,84.82,25,78.8,130,51.2,0
e1-100,binary,100,bot_166,3094,b,38,76.68,25,76.49,97,20.51,0
e1-100,binary,100,bot_166,3094,b,40,46.22,25,73.68,77,3.32,0
e1-100,binary,100,bot_166,3094,b,42,37.44,25,86.46,69,-17.46,0
e1-100,binary,100,bot_166,3094,b,44,26.75,25,86.11,68,-18.11,0
e1-100,binary,100,bot_166,3094,b,46,33.36,25,77.98,51,-26.98,0
e1-100,binary,100,bot_166,3094,b,48,24.23,25,66.6,55,-11.6,0
e1-100,binary,100,bot_166,3094,b,50,26.03,25,60.02,38,-22.02,0
e1-100,binary,100,bot_166,3094,b,52,14.11,25,84.68,50,-34.68,0
e1-100,binary,100,bot_166,3094,b,54,20.43,25,95.44,67,-28.44,0
e1-100,binary,100,bot_166,3094,b,56,21.8,25,84.17,58,-26.17,0
e1-100,binary,100,bot_166,3094,b,58,8.5,25,70.6,43,-27.6,0
e1-100,binary,100,bot_166,3094,b,60,14.37,25,90.58,60,-30.58,0
e1-100,binary,100,bot_167,3095,w,1,40.97,25,187.66,160,-27.66,0
e1-100,binary,100,bot_167,3095,w,3,36.98,25,133.51,109,-24.51,0
e1-100,binary,100,bot_167,3095,w,5,28.8,25,195.34,171,-24.34,0
e1-100,binary,100,bot_167,3095,w,7,10.99,25,175.08,135,-40.08,0
e1-100,binary,100,bot_167,3095,w,9,115.91,25,95.58,168,72.42,0
e1-100,binary,100,bot_167,3095,w,11,103.55,25,95.74,129,33.26,0
e1-100,binary,100,bot_167,3095,w,13,91.66,25,109.4,159,49.6,0
e1-100,binary,100,bot_167,3095,w,15,84.58,25,114.01,150,35.99,0
e1-100,binary,100,bot_167,3095,w,17,72.5,25,93.83,103,9.17,0
e1-100,binary,100,bot_167,3095,w,19,61.93,25,133.23,156,22.77,0
e1-100,binary,100,bot_167,3095,w,21,67.58,25,132.56,141,8.44,0
e1-100,binary,100,bot_167,3095,w,23,55.93,25,131.18,143,11.82,0
e1-100,binary,100,bot_167,3095,w,25,57.5,25,140.89,147,6.11,0
e1-100,binary,100,bot_167,3095,w,27,59.78,25,125.1,123,-2.1,0
e1-100,binary,100,bot_167,3095,w,29,61.2,25,117.95,108,-9.95,0
e1-100,binary,100,bot_167,3095,w,31,45.69,25,103.86,79,-24.86,0
e1-100,binary,100,bot_167,3095,w,33,71.9,25,86.49,119,32.51,0
e1-100,binary,100,bot_167,3095,w,35,80.34,25,83.42,120,36.58,0
e1-100,binary,100,bot_167,3095,w,37,72.06,25,81.3,87,5.7,0
e1-100,binary,100,bot_167,3095,w,39,41.62,25,78.37,67,-11.37,0
e1-100,binary,100,bot_167,3095,w,41,34.89,25,89.03,57,-32.03,0
e1-100,binary,100,bot_167,3095,w,43,23.36,25,89.52,55,-34.52,0
e1-100,binary,100,bot_167,3095,w,45,31.48,25,79.8,36,-43.8,0
e1-100,binary,100,bot_167,3095,w,47,21.77,25,69.02,42,-27.02,0
e1-100,binary,100,bot_167,3095,w,49,22.45,25,63.69,25,-38.69,0
e1-100,binary,100,bot_167,3095,w,51,11.94,25,86.89,36,-50.89,0
e1-100,binary,100,bot_167,3095,w,53,16.76,25,99.14,55,-44.14,0
e1-100,binary,100,bot_167,3095,w,55,17.73,25,88.24,46,-42.24,0
e1-100,binary,100,bot_167,3095,w,57,6.36,25,72.68,28,-44.68,0
e1-100,binary,100,bot_167,3095,w,59,11.38,25,93.66,46,-47.66,0
e1-100,binary,100,bot_168,3095,b,2,32.76,25,163.64,183,19.36,0
e1-100,binary,100,bot_168,3095,b,4,34.16,25,159.82,172,12.18,0
e1-100,binary,100,bot_168,3095,b,6,18.18,25,194.44,199,4.56,0
e1-100,binary,100,bot_168,3095,b,8,129.47,25,194.96,182,-12.96,0
e1-100,binary,100,bot_168,3095,b,10,91.55,25,93.71,185,91.29,0
e1-100,binary,100,bot_168,3095,b,12,108.61,25,96.64,177,80.36,0
e1-100,binary,100,bot_168,3095,b,14,94.68,25,118.28,188,69.72,0
e1-100,binary,100,bot_168,3095,b,16,67.17,25,76.71,139,62.29,0
e1-100,binary,100,bot_168,3095,b,18,81.31,25,106.98,156,49.02,0
e1-100,binary,100,bot_168,3095,b,20,66.52,25,108.32,147,38.68,0
e1-100,binary,100,bot_168,3095,b,22,69.44,25,115.55,159,43.45,0
e1-100,binary,100,bot_168,3095,b,24,63.75,25,116.32,149,32.68,0
e1-100,binary,100,bot_168,3095,b,26,55.82,25,109.76,144,34.24,0
e1-100,binary,100,bot_168,3095,b,28,49.21,25,115.01,142,26.99,0
e1-100,binary,100,bot_168,3095,b,30,33.8,25,114.56,144,29.44,0
e1-100,binary,100,bot_168,3095,b,32,90.24,25,116.43,129,12.57,0
e1-100,binary,100,bot_168,3095,b,34,93.89,25,85.35,125,39.65,0
e1-100,binary,100,bot_168,3095,b,36,62.84,25,96.52,144,47.48,0
e1-100,binary,100,bot_168,3095,b,38,46.6,25,100.16,141,40.84,0
e1-100,binary,100,bot_168,3095,b,40,25.06,25,94.74,104,9.26,0
e1-100,binary,100,bot_168,3095,b,42,23.25,25,109.04,112,2.96,0
e1-100,binary,100,bot_168,3095,b,44,14.05,25,94.15,85,-9.15,0
e1-100,binary,100,bot_168,3095,b,46,30.54,25,80.66,79,-1.66,0
e1-100,binary,100,bot_168,3095,b,48,19.84,25,58.68,48,-10.68,0
e1-100,binary,100,bot_168,3095,b,50,8.88,25,72.1,63,-9.1,0
e1-100,binary,100,bot_168,3095,b,52,13.65,25,83.14,62,-21.14,0
e1-100,binary,100,bot_168,3095,b,54,15.35,25,84.04,68,-16.04,0
e1-100,binary,100,bot_168,3095,b,56,12.87,25,82.67,68,-14.67,0
e1-100,binary,100,bot_168,3095,b,58,10.15,25,80.69,54,-26.69,0
e1-100,binary,100,bot_168,3095,b,60,6.34,25,72.49,51,-21.49,0
e1-100,binary,100,bot_169,3096,w,1,78.74,25,120.84,211,90.16,0
e1-100,binary,100,bot_169,3096,w,3,81.8,25,112.9,169,56.1,0
e1-100,binary,100,bot_169,3096,w,5,62.27,25,151.22,206,54.78,0
e1-100,binary,100,bot_169,3096,w,7,60.51,25,145.59,189,43.41,0
e1-100,binary,100,bot_169,3096,w,9,37.68,25,167.32,191,23.68,0
e1-100,binary,100,bot_169,3096,w,11,37.21,25,163.38,180,16.63,0
e1-100,binary,100,bot_169,3096,w,13,34.57,25,168.73,182,13.27,0
e1-100,binary,100,bot_169,3096,w,15,18.56,25,146.47,152,5.53,0
e1-100,binary,100,bot_169,3096,w,17,19.24,25,159.12,158,-1.12,0
e1-100,binary,100,bot_169,3096,w,19,10.68,25,163.15,158,-5.15,0
e1-100,binary,100,bot_169,3096,w,21,111,25,71.38,170,98.62,0
e1-100,binary,100,bot_169,3096,w,23,99.04,25,79.39,151,71.61,0
e1-100,binary,100,bot_169,3096,w,25,92.83,25,72.66,152,79.34,0
e1-100,binary,100,bot_169,3096,w,27,46.57,25,117.56,190,72.44,0
e1-100,binary,100,bot_169,3096,w,29,31.74,25,116.54,146,29.46,0
e1-100,binary,100,bot_169,3096,w,31,87.1,25,119.59,133,13.41,0
e1-100,binary,100,bot_169,3096,w,33,90.41,25,88.81,129,40.19,0
e1-100,binary,100,bot_169,3096,w,35,60.5,25,98.77,146,47.23,0
e1-100,binary,100,bot_169,3096,w,37,43.19,25,103.57,143,39.43,0
e1-100,binary,100,bot_169,3096,w,39,21.59,25,98.22,109,10.78,0
e1-100,binary,100,bot_169,3096,w,41,20.74,25,111.61,114,2.39,0
e1-100,binary,100,bot_169,3096,w,43,9.81,25,98.4,89,-9.4,0
e1-100,binary,100,bot_169,3096,w,45,28.39,25,83.39,82,-1.39,0
e1-100,binary,100,bot_169,3096,w,47,17.93,25,61.13,53,-8.13,0
e1-100,binary,100,bot_169,3096,w,49,6.66,25,74.25,65,-9.25,0
e1-100,binary,100,bot_169,3096,w,51,9.6,25,87.29,69,-18.29,0
e1-100,binary,100,bot_169,3096,w,53,11.05,25,88.38,72,-16.38,0
e1-100,binary,100,bot_169,3096,w,55,9.92,25,85.72,70,-15.72,0
e1-100,binary,100,bot_169,3096,w,57,6.14,25,84.69,60,-24.69,0
e1-100,binary,100,bot_169,3096,w,59,2.46,25,76.3,54,-22.3,0
e1-100,binary,100,bot_170,3096,b,2,76.63,25,90.72,124,33.28,0
e1-100,binary,100,bot_170,3096,b,4,75.44,25,147.83,184,36.17,0
e1-100,binary,100,bot_170,3096,b,6,63.3,25,122.32,140,17.68,0
e1-100,binary,100,bot_170,3096,b,8,44.44,25,167.83,183,15.17,0
e1-100,binary,100,bot_170,3096,b,10,36.21,25,146.72,139,-7.72,0
e1-100,binary,100,bot_170,3096,b,12,33.3,25,182.74,174,-8.74,0
e1-100,binary,100,bot_170,3096,b,14,25.05,25,188.98,178,-10.98,0
e1-100,binary,100,bot_170,3096,b,16,17.89,25,128.6,103,-25.6,0
e1-100,binary,100,bot_170,3096,b,18,14.58,25,196.54,170,-26.54,0
e1-100,binary,100,bot_170,3096,b,20,117.99,25,179.12,143,-36.12,0
e1-100,binary,100,bot_170,3096,b,22,92.23,25,96.55,162,65.45,0
e1-100,binary,100,bot_170,3096,b,24,98.59,25,102.46,156,53.54,0
e1-100,binary,100,bot_170,3096,b,26,103.07,25,85.63,133,47.37,0
e1-100,binary,100,bot_170,3096,b,28,58.82,25,120.55,118,-2.55,0
e1-100,binary,100,bot_170,3096,b,30,43.25,25,106.65,89,-17.65,0
e1-100,binary,100,bot_170,3096,b,32,69.66,25,88.93,127,38.07,0
e1-100,binary,100,bot_170,3096,b,34,77.49,25,86.35,128,41.65,0
e1-100,binary,100,bot_170,3096,b,36,69.44,25,84.22,96,11.78,0
e1-100,binary,100,bot_170,3096,b,38,40.24,25,79.87,74,-5.87,0
e1-100,binary,100,bot_170,3096,b,40,32.33,25,91.55,65,-26.55,0
e1-100,binary,100,bot_170,3096,b,42,20.38,25,92.48,65,-27.48,0
e1-100,binary,100,bot_170,3096,b,44,29.15,25,81.91,43,-38.91,0
e1-100,binary,100,bot_170,3096,b,46,20.42,25,69.74,50,-19.74,0
e1-100,binary,100,bot_170,3096,b,48,20.1,25,65.73,34,-31.73,0
e1-100,binary,100,bot_170,3096,b,50,10.12,25,88.71,46,-42.71,0
e1-100,binary,100,bot_170,3096,b,52,14.42,25,101.46,62,-39.46,0
e1-100,binary,100,bot_170,3096,b,54,14.56,25,91.14,54,-37.14,0
e1-100,binary,100,bot_170,3096,b,56,4.25,25,74.43,35,-39.43,0
e1-100,binary,100,bot_170,3096,b,58,8.26,25,97.03,54,-43.03,0
e1-100,binary,100,bot_170,3096,b,60,4.26,25,87.95,42,-45.95,0
e1-100,binary,100,bot_171,3097,w,1,84.9,25,101.19,164,62.81,0
e1-100,binary,100,bot_171,3097,w,3,98.39,25,123.95,214,90.05,0
e1-100,binary,100,bot_171,3097,w,5,95.69,25,110.44,173,62.56,0
e1-100,binary,100,bot_171,3097,w,7,95.45,25,115.61,200,84.39,0
e1-100,binary,100,bot_171,3097,w,9,79.52,25,118.14,173,54.86,0
e1-100,binary,100,bot_171,3097,w,11,66.58,25,134.68,205,70.32,0
e1-100,binary,100,bot_171,3097,w,13,64.24,25,135.57,190,54.43,0
e1-100,binary,100,bot_171,3097,w,15,39.95,25,126.49,159,32.51,0
e1-100,binary,100,bot_171,3097,w,17,36.04,25,159.08,198,38.92,0
e1-100,binary,100,bot_171,3097,w,19,33.25,25,166.23,185,18.77,0
e1-100,binary,100,bot_171,3097,w,21,32.4,25,152.84,177,24.16,0
e1-100,binary,100,bot_171,3097,w,23,22.3,25,174.08,190,15.92,0
e1-100,binary,100,bot_171,3097,w,25,22.23,25,160.69,167,6.31,0
e1-100,binary,100,bot_171,3097,w,27,55.76,25,123.7,141,17.3,0
e1-100,binary,100,bot_171,3097,w,29,40.46,25,109.47,113,3.53,0
e1-100,binary,100,bot_171,3097,w,31,66.59,25,91.96,149,57.04,0
e1-100,binary,100,bot_171,3097,w,33,73.17,25,90.69,153,62.31,0
e1-100,binary,100,bot_171,3097,w,35,64.04,25,89.75,121,31.25,0
e1-100,binary,100,bot_171,3097,w,37,36.88,25,83.28,97,13.72,0
e1-100,binary,100,bot_171,3097,w,39,26,25,97.98,92,-5.98,0
e1-100,binary,100,bot_171,3097,w,41,17.63,25,95.25,90,-5.25,0
e1-100,binary,100,bot_171,3097,w,43,26.8,25,84.26,65,-19.26,0
e1-100,binary,100,bot_171,3097,w,45,17.74,25,72.45,74,1.55,0
e1-100,binary,100,bot_171,3097,w,47,16.74,25,69.2,58,-11.2,0
e1-100,binary,100,bot_171,3097,w,49,8.17,25,90.66,69,-21.66,0
e1-100,binary,100,bot_171,3097,w,51,11.61,25,104.21,84,-20.21,0
e1-100,binary,100,bot_171,3097,w,53,11.03,25,94.59,76,-18.59,0
e1-100,binary,100,bot_171,3097,w,55,1.91,25,76.69,57,-19.69,0
e1-100,binary,100,bot_171,3097,w,57,42.07,25,100.49,78,-22.49,0
e1-100,binary,100,bot_171,3097,w,59,31.32,25,60.81,66,5.19,0
e1-100,binary,100,bot_172,3097,b,2,104.27,25,112.77,151,38.23,0
e1-100,binary,100,bot_172,3097,b,4,77.77,25,117.67,168,50.33,0
e1-100,binary,100,bot_172,3097,b,6,98.87,25,116.25,164,47.75,0
e1-100,binary,100,bot_172,3097,b,8,69.73,25,115.65,164,48.35,0
e1-100,binary,100,bot_172,3097,b,10,85.37,25,121.7,153,31.3,0
e1-100,binary,100,bot_172,3097,b,12,69.99,25,142.93,163,20.07,0
e1-100,binary,100,bot_172,3097,b,14,47.17,25,95.5,113,17.5,0
e1-100,binary,100,bot_172,3097,b,16,54.39,25,135.91,128,-7.91,0
e1-100,binary,100,bot_172,3097,b,18,33.71,25,140.07,128,-12.07,0
e1-100,binary,100,bot_172,3097,b,20,38.54,25,148.2,133,-15.2,0
e1-100,binary,100,bot_172,3097,b,22,30.94,25,151.17,136,-15.17,0
e1-100,binary,100,bot_172,3097,b,24,20.62,25,145.12,119,-26.12,0
e1-100,binary,100,bot_172,3097,b,26,43.71,25,120.19,92,-28.19,0
e1-100,binary,100,bot_172,3097,b,28,29.05,25,119,124,5,0
e1-100,binary,100,bot_172,3097,b,30,83.26,25,123.66,113,-10.66,0
e1-100,binary,100,bot_172,3097,b,32,87.67,25,91.58,107,15.42,0
e1-100,binary,100,bot_172,3097,b,34,57.38,25,101.62,123,21.38,0
e1-100,binary,100,bot_172,3097,b,36,39.8,25,106.9,120,13.1,0
e1-100,binary,100,bot_172,3097,b,38,20.71,25,98.96,85,-13.96,0
e1-100,binary,100,bot_172,3097,b,40,20.25,25,111.94,88,-23.94,0
e1-100,binary,100,bot_172,3097,b,42,7.09,25,100.91,68,-32.91,0
e1-100,binary,100,bot_172,3097,b,44,26.82,25,84.64,60,-24.64,0
e1-100,binary,100,bot_172,3097,b,46,14.82,25,64.28,33,-31.28,0
e1-100,binary,100,bot_172,3097,b,48,4.68,25,75.83,42,-33.83,0
e1-100,binary,100,bot_172,3097,b,50,6.58,25,90.66,49,-41.66,0
e1-100,binary,100,bot_172,3097,b,52,8.41,25,91.11,53,-38.11,0
e1-100,binary,100,bot_172,3097,b,54,6.8,25,89.2,48,-41.2,0
e1-100,binary,100,bot_172,3097,b,56,2.98,25,87.86,39,-48.86,0
e1-100,binary,100,bot_172,3097,b,58,32.3,25,65.04,55,-10.04,0
e1-100,binary,100,bot_172,3097,b,60,26.68,25,60.67,41,-19.67,0
e1-100,binary,100,bot_173,3098,w,1,84.65,25,109.91,156,46.09,0
e1-100,binary,100,bot_173,3098,w,3,70.33,25,142.59,186,43.41,0
e1-100,binary,100,bot_173,3098,w,5,64.92,25,140.9,170,29.1,0
e1-100,binary,100,bot_173,3098,w,7,45.15,25,159.46,172,12.54,0
e1-100,binary,100,bot_173,3098,w,9,43.17,25,157.38,158,0.62,0
e1-100,binary,100,bot_173,3098,w,11,40.9,25,162.58,164,1.42,0
e1-100,binary,100,bot_173,3098,w,13,23.81,25,141.34,136,-5.34,0
e1-100,binary,100,bot_173,3098,w,15,28.23,25,150.85,134,-16.85,0
e1-100,binary,100,bot_173,3098,w,17,20.57,25,153.91,140,-13.91,0
e1-100,binary,100,bot_173,3098,w,19,10.5,25,167.5,148,-19.5,0
e1-100,binary,100,bot_173,3098,w,21,111.27,25,166.11,137,-29.11,0
e1-100,binary,100,bot_173,3098,w,23,100.18,25,65.23,135,69.77,0
e1-100,binary,100,bot_173,3098,w,25,40.35,25,123.49,194,70.51,0
e1-100,binary,100,bot_173,3098,w,27,27.36,25,120.54,123,2.46,0
e1-100,binary,100,bot_173,3098,w,29,82.98,25,123.73,114,-9.73,0
e1-100,binary,100,bot_173,3098,w,31,85.65,25,93.47,107,13.53,0
e1-100,binary,100,bot_173,3098,w,33,56.14,25,102.68,124,21.32,0
e1-100,binary,100,bot_173,3098,w,35,37.67,25,108.91,120,11.09,0
e1-100,binary,100,bot_173,3098,w,37,19.23,25,100.33,87,-13.33,0
e1-100,binary,100,bot_173,3098,w,39,18.13,25,113.93,85,-28.93,0
e1-100,binary,100,bot_173,3098,w,41,26.36,25,103.12,67,-36.12,0
e1-100,binary,100,bot_173,3098,w,43,24.46,25,86.59,64,-22.59,0
e1-100,binary,100,bot_173,3098,w,45,13.24,25,65.8,32,-33.8,0
e1-100,binary,100,bot_173,3098,w,47,2.27,25,78.08,43,-35.08,0
e1-100,binary,100,bot_173,3098,w,49,6.21,25,90.98,49,-41.98,0
e1-100,binary,100,bot_173,3098,w,51,5.67,25,93.78,54,-39.78,0
e1-100,binary,100,bot_173,3098,w,53,37.54,25,91.9,51,-40.9,0
e1-100,binary,100,bot_173,3098,w,55,20.62,25,61.99,44,-17.99,0
e1-100,binary,100,bot_173,3098,w,57,27.87,25,69.43,53,-16.43,0
e1-100,binary,100,bot_173,3098,w,59,22.26,25,65.09,47,-18.09,0
e1-100,binary,100,bot_174,3098,b,2,84.39,25,138.8,188,49.2,0
e1-100,binary,100,bot_174,3098,b,4,70.08,25,116.49,151,34.51,0
e1-100,binary,100,bot_174,3098,b,6,52.89,25,159.44,189,29.56,0
e1-100,binary,100,bot_174,3098,b,8,41.21,25,141.96,150,8.04,0
e1-100,binary,100,bot_174,3098,b,10,42.21,25,173.78,181,7.22,0
e1-100,binary,100,bot_174,3098,b,12,35.85,25,178.52,183,4.48,0
e1-100,binary,100,bot_174,3098,b,14,24.47,25,121.39,111,-10.39,0
e1-100,binary,100,bot_174,3098,b,16,26.91,25,183.51,176,-7.51,0
e1-100,binary,100,bot_174,3098,b,18,22.26,25,165.91,151,-14.91,0
e1-100,binary,100,bot_174,3098,b,20,12.47,25,190.8,166,-24.8,0
e1-100,binary,100,bot_174,3098,b,22,110.68,25,90.38,166,75.62,0
e1-100,binary,100,bot_174,3098,b,24,116.87,25,73.64,138,64.36,0
e1-100,binary,100,bot_174,3098,b,26,49.43,25,130.34,129,-1.34,0
e1-100,binary,100,bot_174,3098,b,28,36.92,25,113.57,99,-14.57,0
e1-100,binary,100,bot_174,3098,b,30,59.96,25,98.72,139,40.28,0
e1-100,binary,100,bot_174,3098,b,32,66.86,25,97.23,142,44.77,0
e1-100,binary,100,bot_174,3098,b,34,56.89,25,97.39,112,14.61,0
e1-100,binary,100,bot_174,3098,b,36,33.02,25,87.39,83,-4.39,0
e1-100,binary,100,bot_174,3098,b,38,18.23,25,106.14,84,-22.14,0
e1-100,binary,100,bot_174,3098,b,40,10.11,25,102.99,80,-22.99,0
e1-100,binary,100,bot_174,3098,b,42,23.16,25,67.26,51,-16.26,0
e1-100,binary,100,bot_174,3098,b,44,12.86,25,77.48,61,-16.48,0
e1-100,binary,100,bot_174,3098,b,46,10.34,25,76.15,47,-29.15,0
e1-100,binary,100,bot_174,3098,b,48,4.23,25,94.79,55,-39.79,0
e1-100,binary,100,bot_174,3098,b,50,5.33,25,110.7,74,-36.7,0
e1-100,binary,100,bot_174,3098,b,52,5.29,25,100.08,64,-36.08,0
e1-100,binary,100,bot_174,3098,b,54,28.9,25,65.23,61,-4.23,0
e1-100,binary,100,bot_174,3098,b,56,31.32,25,70.83,50,-20.83,0
e1-100,binary,100,bot_174,3098,b,58,27.71,25,64.29,50,-14.29,0
e1-100,binary,100,bot_174,3098,b,60,19.14,25,66.86,47,-19.86,0
e1-100,binary,100,bot_175,3099,w,1,102.87,25,119.68,191,71.32,0
e1-100,binary,100,bot_175,3099,w,3,101,25,105.31,140,34.69,0
e1-100,binary,100,bot_175,3099,w,5,100.11,25,111.02,166,54.98,0
e1-100,binary,100,bot_175,3099,w,7,84.25,25,113.75,139,25.25,0
e1-100,binary,100,bot_175,3099,w,9,71.16,25,130.29,175,44.71,0
e1-100,binary,100,bot_175,3099,w,11,68.13,25,132.1,158,25.9,0
e1-100,binary,100,bot_175,3099,w,13,47.31,25,119.09,122,2.91,0
e1-100,binary,100,bot_175,3099,w,15,38.25,25,157.06,165,7.94,0
e1-100,binary,100,bot_175,3099,w,17,40.74,25,158.71,149,-9.71,0
e1-100,binary,100,bot_175,3099,w,19,36.82,25,148.78,144,-4.78,0
e1-100,binary,100,bot_175,3099,w,21,29.24,25,167.49,156,-11.49,0
e1-100,binary,100,bot_175,3099,w,23,31.46,25,152.86,130,-22.86,0
e1-100,binary,100,bot_175,3099,w,25,45.8,25,134.04,120,-14.04,0
e1-100,binary,100,bot_175,3099,w,27,34.38,25,116.21,90,-26.21,0
e1-100,binary,100,bot_175,3099,w,29,55.57,25,103.12,132,28.88,0
e1-100,binary,100,bot_175,3099,w,31,63.26,25,100.82,131,30.18,0
e1-100,binary,100,bot_175,3099,w,33,52.87,25,101.48,103,1.52,0
e1-100,binary,100,bot_175,3099,w,35,29.75,25,90.71,75,-15.71,0
e1-100,binary,100,bot_175,3099,w,37,16.32,25,108.01,74,-34.01,0
e1-100,binary,100,bot_175,3099,w,39,62.29,25,105.73,70,-35.73,0
e1-100,binary,100,bot_175,3099,w,41,20.94,25,69.56,37,-32.56,0
e1-100,binary,100,bot_175,3099,w,43,10.87,25,79.47,50,-29.47,0
e1-100,binary,100,bot_175,3099,w,45,46.72,25,81.8,41,-40.8,0
e1-100,binary,100,bot_175,3099,w,47,40.32,25,57.35,43,-14.35,0
e1-100,binary,100,bot_175,3099,w,49,29.19,25,66.29,55,-11.29,0
e1-100,binary,100,bot_175,3099,w,51,22.35,25,53.9,40,-13.9,0
e1-100,binary,100,bot_175,3099,w,53,25.13,25,68.49,47,-21.49,0
e1-100,binary,100,bot_175,3099,w,55,28.22,25,73.89,39,-34.89,0
e1-100,binary,100,bot_175,3099,w,57,24.16,25,67.8,39,-28.8,0
e1-100,binary,100,bot_175,3099,w,59,15.71,25,70.37,36,-34.37,0
e1-100,binary,100,bot_176,3099,b,2,83.08,25,112.38,167,54.62,0
e1-100,binary,100,bot_176,3099,b,4,103.7,25,111.27,163,51.73,0
e1-100,binary,100,bot_176,3099,b,6,74.13,25,111.24,163,51.76,0
e1-100,binary,100,bot_176,3099,b,8,93.06,25,113.56,149,35.44,0
e1-100,binary,100,bot_176,3099,b,10,75.71,25,137.09,159,21.91,0
e1-100,binary,100,bot_176,3099,b,12,51.52,25,91.15,111,19.85,0
e1-100,binary,100,bot_176,3099,b,14,57.3,25,132.52,131,-1.52,0
e1-100,binary,100,bot_176,3099,b,16,39.14,25,135.01,125,-10.01,0
e1-100,binary,100,bot_176,3099,b,18,44.17,25,142.28,134,-8.28,0
e1-100,binary,100,bot_176,3099,b,20,37.56,25,144.2,132,-12.2,0
e1-100,binary,100,bot_176,3099,b,22,27.18,25,138.54,119,-19.54,0
e1-100,binary,100,bot_176,3099,b,24,37.42,25,126.45,106,-20.45,0
e1-100,binary,100,bot_176,3099,b,26,25.87,25,121.63,116,-5.63,0
e1-100,binary,100,bot_176,3099,b,28,80.41,25,126.11,109,-17.11,0
e1-100,binary,100,bot_176,3099,b,30,82.13,25,96.86,100,3.14,0
e1-100,binary,100,bot_176,3099,b,32,53.72,25,104.8,116,11.2,0
e1-100,binary,100,bot_176,3099,b,34,36.2,25,110.21,111,0.79,0
e1-100,binary,100,bot_176,3099,b,36,17.59,25,101.84,80,-21.84,0
e1-100,binary,100,bot_176,3099,b,38,16.07,25,115.91,81,-34.91,0
e1-100,binary,100,bot_176,3099,b,40,20,25,54.3,65,10.7,0
e1-100,binary,100,bot_176,3099,b,42,21.98,25,88.59,59,-29.59,0
e1-100,binary,100,bot_176,3099,b,44,10.46,25,68.55,27,-41.55,0
e1-100,binary,100,bot_176,3099,b,46,37.6,25,59.33,53,-6.33,0
e1-100,binary,100,bot_176,3099,b,48,40.36,25,69.38,58,-11.38,0
e1-100,binary,100,bot_176,3099,b,50,38.85,25,66.89,45,-21.89,0
e1-100,binary,100,bot_176,3099,b,52,29.56,25,74.5,44,-30.5,0
e1-100,binary,100,bot_176,3099,b,54,16.84,25,65.74,39,-26.74,0
e1-100,binary,100,bot_176,3099,b,56,22.89,25,74.44,51,-23.44,0
e1-100,binary,100,bot_176,3099,b,58,17.55,25,69.83,43,-26.83,0
e1-100,binary,100,bot_176,3099,b,60,11.4,25,55.79,21,-34.79,0
e1-100,binary,100,bot_177,3100,w,1,86.19,25,109.54,167,57.46,0
e1-100,binary,100,bot_177,3100,w,3,108.31,25,106.15,149,42.85,0
e1-100,binary,100,bot_177,3100,w,5,78.97,25,106.33,148,41.67,0
e1-100,binary,100,bot_177,3100,w,7,96.3,25,109.79,137,27.21,0
e1-100,binary,100,bot_177,3100,w,9,81.83,25,130.8,145,14.2,0
e1-100,binary,100,bot_177,3100,w,11,58.27,25,84.35,94,9.65,0
e1-100,binary,100,bot_177,3100,w,13,62.18,25,127.18,117,-10.18,0
e1-100,binary,100,bot_177,3100,w,15,44.58,25,129.88,112,-17.88,0
e1-100,binary,100,bot_177,3100,w,17,49.55,25,136.45,121,-15.45,0
e1-100,binary,100,bot_177,3100,w,19,43.31,25,137.92,117,-20.92,0
e1-100,binary,100,bot_177,3100,w,21,34.02,25,131.52,104,-27.52,0
e1-100,binary,100,bot_177,3100,w,23,34.53,25,129.31,105,-24.31,0
e1-100,binary,100,bot_177,3100,w,25,24.16,25,123.25,105,-18.25,0
e1-100,binary,100,bot_177,3100,w,27,77.55,25,129.02,101,-28.02,0
e1-100,binary,100,bot_177,3100,w,29,76.78,25,102.29,95,-7.29,0
e1-100,binary,100,bot_177,3100,w,31,51.48,25,106.93,109,2.07,0
e1-100,binary,100,bot_177,3100,w,33,34.26,25,112.16,102,-10.16,0
e1-100,binary,100,bot_177,3100,w,35,15.4,25,104.05,72,-32.05,0
e1-100,binary,100,bot_177,3100,w,37,14.16,25,117.75,71,-46.75,0
e1-100,binary,100,bot_177,3100,w,39,17.69,25,56.6,49,-7.6,0
e1-100,binary,100,bot_177,3100,w,41,19.35,25,91.19,51,-40.19,0
e1-100,binary,100,bot_177,3100,w,43,8.3,25,70.76,19,-51.76,0
e1-100,binary,100,bot_177,3100,w,45,34.95,25,62.01,43,-19.01,0
e1-100,binary,100,bot_177,3100,w,47,37.07,25,72.69,50,-22.69,0
e1-100,binary,100,bot_177,3100,w,49,37,25,68.73,36,-32.73,0
e1-100,binary,100,bot_177,3100,w,51,26.34,25,77.68,36,-41.68,0
e1-100,binary,100,bot_177,3100,w,53,15,25,67.55,29,-38.55,0
e1-100,binary,100,bot_177,3100,w,55,19.92,25,77.4,41,-36.4,0
e1-100,binary,100,bot_177,3100,w,57,12.87,25,74.55,34,-40.55,0
e1-100,binary,100,bot_177,3100,w,59,6.71,25,61.13,13,-48.13,0
e1-100,binary,100,bot_178,3100,b,2,103.68,25,102.88,138,35.12,0
e1-100,binary,100,bot_178,3100,b,4,102.8,25,108.38,165,56.62,0
e1-100,binary,100,bot_178,3100,b,6,87.08,25,111.25,139,27.75,0
e1-100,binary,100,bot_178,3100,b,8,75.14,25,126.39,171,44.61,0
e1-100,binary,100,bot_178,3100,b,10,70.57,25,130.01,161,30.99,0
e1-100,binary,100,bot_178,3100,b,12,51.78,25,114.68,121,6.32,0
e1-100,binary,100,bot_178,3100,b,14,42.17,25,153.24,164,10.76,0
e1-100,binary,100,bot_178,3100,b,16,46.19,25,153.28,146,-7.28,0
e1-100,binary,100,bot_178,3100,b,18,40.35,25,145.53,144,-1.53,0
e1-100,binary,100,bot_178,3100,b,20,33.94,25,163.07,155,-8.07,0
e1-100,binary,100,bot_178,3100,b,22,36.57,25,148.8,132,-16.8,0
e1-100,binary,100,bot_178,3100,b,24,43.61,25,136.25,118,-18.25,0
e1-100,binary,100,bot_178,3100,b,26,33.29,25,117.54,88,-29.54,0
e1-100,binary,100,bot_178,3100,b,28,53.83,25,104.84,130,25.16,0
e1-100,binary,100,bot_178,3100,b,30,61.68,25,102.3,126,23.7,0
e1-100,binary,100,bot_178,3100,b,32,50.41,25,104.18,102,-2.18,0
e1-100,binary,100,bot_178,3100,b,34,28.8,25,91.59,73,-18.59,0
e1-100,binary,100,bot_178,3100,b,36,14.89,25,109.33,72,-37.33,0
e1-100,binary,100,bot_178,3100,b,38,52.8,25,115.28,76,-39.28,0
e1-100,binary,100,bot_178,3100,b,40,20.01,25,70.64,35,-35.64,0
e1-100,binary,100,bot_178,3100,b,42,9.9,25,80.38,46,-34.38,0
e1-100,binary,100,bot_178,3100,b,44,42.05,25,86.36,42,-44.36,0
e1-100,binary,100,bot_178,3100,b,46,38.45,25,59.34,40,-19.34,0
e1-100,binary,100,bot_178,3100,b,48,27.51,25,67.27,51,-16.27,0
e1-100,binary,100,bot_178,3100,b,50,19.33,25,56.25,40,-16.25,0
e1-100,binary,100,bot_178,3100,b,52,22.53,25,71.36,45,-26.36,0
e1-100,binary,100,bot_178,3100,b,54,25.28,25,76.85,38,-38.85,0
e1-100,binary,100,bot_178,3100,b,56,21.02,25,70.99,38,-32.99,0
e1-100,binary,100,bot_178,3100,b,58,13.41,25,72.62,32,-40.62,0
e1-100,binary,100,bot_178,3100,b,60,10.69,25,57.91,11,-46.91,0
e1-100,binary,100,bot_179,3101,w,1,107.63,25,99.45,142,42.55,0
e1-100,binary,100,bot_179,3101,w,3,107.89,25,103.17,155,51.83,0
e1-100,binary,100,bot_179,3101,w,5,94.33,25,104.19,128,23.81,0
e1-100,binary,100,bot_179,3101,w,7,82.94,25,118.3,158,39.7,0
e1-100,binary,100,bot_179,3101,w,9,75.17,25,125.49,153,27.51,0
e1-100,binary,100,bot_179,3101,w,11,59.48,25,106.89,109,2.11,0
e1-100,binary,100,bot_179,3101,w,13,49.25,25,146.05,156,9.95,0
e1-100,binary,100,bot_179,3101,w,15,53.66,25,145.63,136,-9.63,0
e1-100,binary,100,bot_179,3101,w,17,45.39,25,140.85,137,-3.85,0
e1-100,binary,100,bot_179,3101,w,19,42.97,25,154.48,145,-9.48,0
e1-100,binary,100,bot_179,3101,w,21,47.55,25,138.56,120,-18.56,0
e1-100,binary,100,bot_179,3101,w,23,39.93,25,140.02,113,-27.02,0
e1-100,binary,100,bot_179,3101,w,25,30.75,25,120.18,83,-37.18,0
e1-100,binary,100,bot_179,3101,w,27,49.3,25,109.35,124,14.65,0
e1-100,binary,100,bot_179,3101,w,29,58.38,25,105.73,117,11.27,0
e1-100,binary,100,bot_179,3101,w,31,46.87,25,107.77,96,-11.77,0
e1-100,binary,100,bot_179,3101,w,33,26.55,25,93.84,67,-26.84,0
e1-100,binary,100,bot_179,3101,w,35,12.27,25,111.96,66,-45.96,0
e1-100,binary,100,bot_179,3101,w,37,52.46,25,115.66,66,-49.66,0
e1-100,binary,100,bot_179,3101,w,39,17.89,25,72.89,28,-44.89,0
e1-100,binary,100,bot_179,3101,w,41,8.19,25,82.25,39,-43.25,0
e1-100,binary,100,bot_179,3101,w,43,39.52,25,88.87,36,-52.87,0
e1-100,binary,100,bot_179,3101,w,45,35.06,25,62.71,37,-25.71,0
e1-100,binary,100,bot_179,3101,w,47,24.79,25,69.94,43,-26.94,0
e1-100,binary,100,bot_179,3101,w,49,18.65,25,56.73,30,-26.73,0
e1-100,binary,100,bot_179,3101,w,51,19.49,25,74.5,40,-34.5,0
e1-100,binary,100,bot_179,3101,w,53,21.58,25,80.58,35,-45.58,0
e1-100,binary,100,bot_179,3101,w,55,17.7,25,74.35,33,-41.35,0
e1-100,binary,100,bot_179,3101,w,57,9.56,25,76.52,28,-48.52,0
e1-100,binary,100,bot_179,3101,w,59,6.89,25,61.68,7,-54.68,0
e1-100,binary,100,bot_180,3101,b,2,111.34,25,103.04,165,61.96,0
e1-100,binary,100,bot_180,3101,b,4,82.1,25,103.33,165,61.67,0
e1-100,binary,100,bot_180,3101,b,6,98.64,25,107.34,155,47.66,0
e1-100,binary,100,bot_180,3101,b,8,86.52,25,126.22,163,36.78,0
e1-100,binary,100,bot_180,3101,b,10,61.3,25,81.49,110,28.51,0
e1-100,binary,100,bot_180,3101,b,12,68.52,25,120.65,133,12.35,0
e1-100,binary,100,bot_180,3101,b,14,49.27,25,125.55,128,2.45,0
e1-100,binary,100,bot_180,3101,b,16,55.25,25,130.59,137,6.41,0
e1-100,binary,100,bot_180,3101,b,18,50.03,25,130.97,130,-0.97,0
e1-100,binary,100,bot_180,3101,b,20,40.69,25,124.93,121,-3.93,0
e1-100,binary,100,bot_180,3101,b,22,32.09,25,131.61,129,-2.61,0
e1-100,binary,100,bot_180,3101,b,24,22.12,25,125.05,114,-11.05,0
e1-100,binary,100,bot_180,3101,b,26,73.38,25,133.21,113,-20.21,0
e1-100,binary,100,bot_180,3101,b,28,72.75,25,106.41,105,-1.41,0
e1-100,binary,100,bot_180,3101,b,30,48,25,109.85,119,9.15,0
e1-100,binary,100,bot_180,3101,b,32,32.89,25,113.58,110,-3.58,0
e1-100,binary,100,bot_180,3101,b,34,13.95,25,105.55,81,-24.55,0
e1-100,binary,100,bot_180,3101,b,36,11.37,25,120.37,82,-38.37,0
e1-100,binary,100,bot_180,3101,b,38,15.59,25,58.5,61,2.5,0
e1-100,binary,100,bot_180,3101,b,40,16.9,25,93.35,61,-32.35,0
e1-100,binary,100,bot_180,3101,b,42,6.08,25,72.83,30,-42.83,0
e1-100,binary,100,bot_180,3101,b,44,32.83,25,64.41,53,-11.41,0
e1-100,binary,100,bot_180,3101,b,46,33.92,25,76.54,61,-15.54,0
e1-100,binary,100,bot_180,3101,b,48,33.14,25,72.8,48,-24.8,0
e1-100,binary,100,bot_180,3101,b,50,23.89,25,80.09,47,-33.09,0
e1-100,binary,100,bot_180,3101,b,52,13.85,25,68.64,38,-30.64,0
e1-100,binary,100,bot_180,3101,b,54,17.97,25,79.23,49,-30.23,0
e1-100,binary,100,bot_180,3101,b,56,11.02,25,76.39,43,-33.39,0
e1-100,binary,100,bot_180,3101,b,58,4.85,25,62.94,22,-40.94,0
e1-100,binary,100,bot_180,3101,b,60,4.95,25,70.23,26,-44.23,0
e1-100,binary,100,bot_181,3102,w,1,114.65,25,99.61,170,70.39,0
e1-100,binary,100,bot_181,3102,w,3,85.37,25,99.94,161,61.06,0
e1-100,binary,100,bot_181,3102,w,5,102.53,25,103.09,151,47.91,0
e1-100,binary,100,bot_181,3102,w,7,89.95,25,122.94,160,37.06,0
e1-100,binary,100,bot_181,3102,w,9,63.52,25,79.73,110,30.27,0
e1-100,binary,100,bot_181,3102,w,11,73.28,25,115.52,130,14.48,0
e1-100,binary,100,bot_181,3102,w,13,54.41,25,120.63,125,4.37,0
e1-100,binary,100,bot_181,3102,w,15,61.06,25,124.39,136,11.61,0
e1-100,binary,100,bot_181,3102,w,17,55.12,25,125.42,124,-1.42,0
e1-100,binary,100,bot_181,3102,w,19,47.42,25,118.16,117,-1.16,0
e1-100,binary,100,bot_181,3102,w,21,29.55,25,134.1,135,0.9,0
e1-100,binary,100,bot_181,3102,w,23,19.57,25,127.52,111,-16.52,0
e1-100,binary,100,bot_181,3102,w,25,69.6,25,137,112,-25,0
e1-100,binary,100,bot_181,3102,w,27,68.85,25,110.33,106,-4.33,0
e1-100,binary,100,bot_181,3102,w,29,44.56,25,113.08,115,1.92,0
e1-100,binary,100,bot_181,3102,w,31,31.03,25,115.43,106,-9.43,0
e1-100,binary,100,bot_181,3102,w,33,12,25,107.49,77,-30.49,0
e1-100,binary,100,bot_181,3102,w,35,8.89,25,122.74,79,-43.74,0
e1-100,binary,100,bot_181,3102,w,37,13,25,61.03,57,-4.03,0
e1-100,binary,100,bot_181,3102,w,39,14.09,25,96.05,59,-37.05,0
e1-100,binary,100,bot_181,3102,w,41,4.7,25,75.07,28,-47.07,0
e1-100,binary,100,bot_181,3102,w,43,30.59,25,66.62,49,-17.62,0
e1-100,binary,100,bot_181,3102,w,45,29.82,25,80.84,60,-20.84,0
e1-100,binary,100,bot_181,3102,w,47,28.19,25,77.8,47,-30.8,0
e1-100,binary,100,bot_181,3102,w,49,19.73,25,84.3,47,-37.3,0
e1-100,binary,100,bot_181,3102,w,51,12.21,25,70.3,36,-34.3,0
e1-100,binary,100,bot_181,3102,w,53,15.75,25,81.4,47,-34.4,0
e1-100,binary,100,bot_181,3102,w,55,7.87,25,79.49,39,-40.49,0
e1-100,binary,100,bot_181,3102,w,57,2.62,25,65.13,16,-49.13,0
e1-100,binary,100,bot_181,3102,w,59,2.37,25,72.79,21,-51.79,0
e1-100,binary,100,bot_182,3102,b,2,110.53,25,100.61,173,72.39,0
e1-100,binary,100,bot_182,3102,b,4,98.53,25,100.17,143,42.83,0
e1-100,binary,100,bot_182,3102,b,6,87,25,114.14,175,60.86,0
e1-100,binary,100,bot_182,3102,b,8,80.29,25,120.29,167,46.71,0
e1-100,binary,100,bot_182,3102,b,10,65.8,25,100.5,122,21.5,0
e1-100,binary,100,bot_182,3102,b,12,56.16,25,139.04,170,30.96,0
e1-100,binary,100,bot_182,3102,b,14,61.71,25,137.73,149,11.27,0
e1-100,binary,100,bot_182,3102,b,16,50.13,25,136.33,155,18.67,0
e1-100,binary,100,bot_182,3102,b,18,49.61,25,148.17,161,12.83,0
e1-100,binary,100,bot_182,3102,b,20,54.05,25,132.92,137,4.08,0
e1-100,binary,100,bot_182,3102,b,22,37,25,143.18,125,-18.18,0
e1-100,binary,100,bot_182,3102,b,24,27.9,25,123.34,95,-28.34,0
e1-100,binary,100,bot_182,3102,b,26,47.5,25,111.06,133,21.94,0
e1-100,binary,100,bot_182,3102,b,28,55.58,25,108.83,131,22.17,0
e1-100,binary,100,bot_182,3102,b,30,43.74,25,111.14,108,-3.14,0
e1-100,binary,100,bot_182,3102,b,32,22.55,25,97.87,81,-16.87,0
e1-100,binary,100,bot_182,3102,b,34,9.68,25,114.63,79,-35.63,0
e1-100,binary,100,bot_182,3102,b,36,48.83,25,119.43,80,-39.43,0
e1-100,binary,100,bot_182,3102,b,38,15.77,25,75.28,40,-35.28,0
e1-100,binary,100,bot_182,3102,b,40,6.52,25,84.25,51,-33.25,0
e1-100,binary,100,bot_182,3102,b,42,35.88,25,91.68,48,-43.68,0
e1-100,binary,100,bot_182,3102,b,44,31.88,25,65.82,49,-16.82,0
e1-100,binary,100,bot_182,3102,b,46,22.38,25,71.95,53,-18.95,0
e1-100,binary,100,bot_182,3102,b,48,15.84,25,59.1,40,-19.1,0
e1-100,binary,100,bot_182,3102,b,50,19.59,25,74.48,48,-26.48,0
e1-100,binary,100,bot_182,3102,b,52,18.48,25,83.79,49,-34.79,0
e1-100,binary,100,bot_182,3102,b,54,13.38,25,78.79,48,-30.79,0
e1-100,binary,100,bot_182,3102,b,56,4.48,25,81.76,43,-38.76,0
e1-100,binary,100,bot_182,3102,b,58,1.69,25,66.86,22,-44.86,0
e1-100,binary,100,bot_182,3102,b,60,2.41,25,89.75,44,-45.75,0
e1-100,binary,100,bot_183,3103,w,1,114.73,25,96.74,166,69.26,0
e1-100,binary,100,bot_183,3103,w,3,102.31,25,96.84,128,31.16,0
e1-100,binary,100,bot_183,3103,w,5,90.65,25,110.37,157,46.63,0
e1-100,binary,100,bot_183,3103,w,7,84.67,25,115.68,148,32.32,0
e1-100,binary,100,bot_183,3103,w,9,70.74,25,95.58,102,6.42,0
e1-100,binary,100,bot_183,3103,w,11,60.53,25,134.77,152,17.23,0
e1-100,binary,100,bot_183,3103,w,13,66.06,25,133.84,136,2.16,0
e1-100,binary,100,bot_183,3103,w,15,53.79,25,133.14,141,7.86,0
e1-100,binary,100,bot_183,3103,w,17,55.22,25,143.02,144,0.98,0
e1-100,binary,100,bot_183,3103,w,19,60.6,25,127.06,121,-6.06,0
e1-100,binary,100,bot_183,3103,w,21,35.42,25,144.81,112,-32.81,0
e1-100,binary,100,bot_183,3103,w,23,26.76,25,124.54,82,-42.54,0
e1-100,binary,100,bot_183,3103,w,25,46.26,25,112.28,118,5.72,0
e1-100,binary,100,bot_183,3103,w,27,53.19,25,111.2,117,5.8,0
e1-100,binary,100,bot_183,3103,w,29,41.22,25,113.73,96,-17.73,0
e1-100,binary,100,bot_183,3103,w,31,20.13,25,100.25,69,-31.25,0
e1-100,binary,100,bot_183,3103,w,33,8.34,25,116.01,67,-49.01,0
e1-100,binary,100,bot_183,3103,w,35,46.63,25,79.02,69,-10.02,0
e1-100,binary,100,bot_183,3103,w,37,14.5,25,76.65,27,-49.65,0
e1-100,binary,100,bot_183,3103,w,39,5.09,25,85.81,38,-47.81,0
e1-100,binary,100,bot_183,3103,w,41,32.86,25,94.18,35,-59.18,0
e1-100,binary,100,bot_183,3103,w,43,27.51,25,70.24,39,-31.24,0
e1-100,binary,100,bot_183,3103,w,45,18.3,25,76.11,45,-31.11,0
e1-100,binary,100,bot_183,3103,w,47,13.62,25,61.31,28,-33.31,0
e1-100,binary,100,bot_183,3103,w,49,14.69,25,79.52,39,-40.52,0
e1-100,binary,100,bot_183,3103,w,51,13.16,25,89.26,41,-48.26,0
e1-100,binary,100,bot_183,3103,w,53,11.14,25,81.14,36,-45.14,0
e1-100,binary,100,bot_183,3103,w,55,34.11,25,83.34,31,-52.34,0
e1-100,binary,100,bot_183,3103,w,57,18.41,25,61.77,32,-29.77,0
e1-100,binary,100,bot_183,3103,w,59,19.46,25,62.67,33,-29.67,0
e1-100,binary,100,bot_184,3103,b,2,90.34,25,94.93,168,73.07,0
e1-100,binary,100,bot_184,3103,b,4,107.36,25,98.02,159,60.98,0
e1-100,binary,100,bot_184,3103,b,6,92.44,25,120.62,169,48.38,0
e1-100,binary,100,bot_184,3103,b,8,65.81,25,77.88,120,42.12,0
e1-100,binary,100,bot_184,3103,b,10,77.68,25,110.86,139,28.14,0
e1-100,binary,100,bot_184,3103,b,12,62.03,25,112.97,131,18.03,0
e1-100,binary,100,bot_184,3103,b,14,67.23,25,117.94,142,24.06,0
e1-100,binary,100,bot_184,3103,b,16,61.23,25,119.03,129,9.97,0
e1-100,binary,100,bot_184,3103,b,18,53.5,25,112.08,125,12.92,0
e1-100,binary,100,bot_184,3103,b,20,28.11,25,135.44,149,13.56,0
e1-100,binary,100,bot_184,3103,b,22,18.4,25,128.5,115,-13.5,0
e1-100,binary,100,bot_184,3103,b,24,66.26,25,140.39,120,-20.39,0
e1-100,binary,100,bot_184,3103,b,26,66.6,25,112.69,112,-0.69,0
e1-100,binary,100,bot_184,3103,b,28,42.78,25,114.64,120,5.36,0
e1-100,binary,100,bot_184,3103,b,30,29.77,25,116.73,110,-6.73,0
e1-100,binary,100,bot_184,3103,b,32,11.48,25,107.96,81,-26.96,0
e1-100,binary,100,bot_184,3103,b,34,50.29,25,123.84,84,-39.84,0
e1-100,binary,100,bot_184,3103,b,36,12.2,25,61.61,61,-0.61,0
e1-100,binary,100,bot_184,3103,b,38,12.78,25,97.04,65,-32.04,0
e1-100,binary,100,bot_184,3103,b,40,7.52,25,78.84,36,-42.84,0
e1-100,binary,100,bot_184,3103,b,42,29.95,25,67,52,-15,0
e1-100,binary,100,bot_184,3103,b,44,29.23,25,81.68,63,-18.68,0
e1-100,binary,100,bot_184,3103,b,46,26.89,25,78.99,49,-29.99,0
e1-100,binary,100,bot_184,3103,b,48,19.65,25,84.27,50,-34.27,0
e1-100,binary,100,bot_184,3103,b,50,11.73,25,70.61,37,-33.61,0
e1-100,binary,100,bot_184,3103,b,52,15.79,25,81.03,46,-35.03,0
e1-100,binary,100,bot_184,3103,b,54,7.96,25,79.17,42,-37.17,0
e1-100,binary,100,bot_184,3103,b,56,31.05,25,55.89,42,-13.89,0
e1-100,binary,100,bot_184,3103,b,58,31.7,25,59.69,31,-28.69,0
e1-100,binary,100,bot_184,3103,b,60,9.94,25,60.22,32,-28.22,0
e1-100,binary,100,bot_185,3104,w,1,94.23,25,91.29,153,61.71,0
e1-100,binary,100,bot_185,3104,w,3,110.7,25,94.35,135,40.65,0
e1-100,binary,100,bot_185,3104,w,5,96.8,25,116.12,145,28.88,0
e1-100,binary,100,bot_185,3104,w,7,68.49,25,77.46,98,20.54,0
e1-100,binary,100,bot_185,3104,w,9,84.04,25,104,114,10,0
e1-100,binary,100,bot_185,3104,w,11,68.66,25,106.63,106,-0.63,0
e1-100,binary,100,bot_185,3104,w,13,73.57,25,111.14,116,4.86,0
e1-100,binary,100,bot_185,3104,w,15,67.46,25,112.4,107,-5.4,0
e1-100,binary,100,bot_185,3104,w,17,60.03,25,105.56,103,-2.56,0
e1-100,binary,100,bot_185,3104,w,19,25.42,25,138.11,142,3.89,0
e1-100,binary,100,bot_185,3104,w,21,16.75,25,130.13,99,-31.13,0
e1-100,binary,100,bot_185,3104,w,23,64.32,25,142.37,104,-38.37,0
e1-100,binary,100,bot_185,3104,w,25,63.15,25,116.2,98,-18.2,0
e1-100,binary,100,bot_185,3104,w,27,40.79,25,116.6,104,-12.6,0
e1-100,binary,100,bot_185,3104,w,29,27.59,25,118.95,94,-24.95,0
e1-100,binary,100,bot_185,3104,w,31,9.3,25,110.16,64,-46.16,0
e1-100,binary,100,bot_185,3104,w,33,39.62,25,61.17,76,14.83,0
e1-100,binary,100,bot_185,3104,w,35,9.91,25,63.84,44,-19.84,0
e1-100,binary,100,bot_185,3104,w,37,7.49,25,102.29,51,-51.29,0
e1-100,binary,100,bot_185,3104,w,39,3.68,25,52.75,22,-30.75,0
e1-100,binary,100,bot_185,3104,w,41,25.72,25,71.29,38,-33.29,0
e1-100,binary,100,bot_185,3104,w,43,24.14,25,86.82,49,-37.82,0
e1-100,binary,100,bot_185,3104,w,45,22.91,25,83.03,35,-48.03,0
e1-100,binary,100,bot_185,3104,w,47,19.09,25,84.75,31,-53.75,0
e1-100,binary,100,bot_185,3104,w,49,8.17,25,74.2,23,-51.2,0
e1-100,binary,100,bot_185,3104,w,51,9.85,25,87.07,33,-54.07,0
e1-100,binary,100,bot_185,3104,w,53,31.83,25,83.79,29,-54.79,0
e1-100,binary,100,bot_185,3104,w,55,27.45,25,59.54,23,-36.54,0
e1-100,binary,100,bot_185,3104,w,57,26.9,25,64.56,17,-47.56,0
e1-100,binary,100,bot_185,3104,w,59,4.78,25,65.59,19,-46.59,0
e1-100,binary,100,bot_186,3104,b,2,106.19,25,93.18,146,52.82,0
e1-100,binary,100,bot_186,3104,b,4,93.5,25,107.56,176,68.44,0
e1-100,binary,100,bot_186,3104,b,6,86.53,25,112.01,167,54.99,0
e1-100,binary,100,bot_186,3104,b,8,74.97,25,91.37,118,26.63,0
e1-100,binary,100,bot_186,3104,b,10,65.34,25,129.62,171,41.38,0
e1-100,binary,100,bot_186,3104,b,12,72,25,128.23,156,27.77,0
e1-100,binary,100,bot_186,3104,b,14,60.23,25,126.92,159,32.08,0
e1-100,binary,100,bot_186,3104,b,16,62.94,25,135.53,161,25.47,0
e1-100,binary,100,bot_186,3104,b,18,68.28,25,120.11,138,17.89,0
e1-100,binary,100,bot_186,3104,b,20,34.72,25,145.55,124,-21.55,0
e1-100,binary,100,bot_186,3104,b,22,26.2,25,125.27,95,-30.27,0
e1-100,binary,100,bot_186,3104,b,24,45.83,25,112.61,131,18.39,0
e1-100,binary,100,bot_186,3104,b,26,52.13,25,112.12,129,16.88,0
e1-100,binary,100,bot_186,3104,b,28,39.82,25,115.32,110,-5.32,0
e1-100,binary,100,bot_186,3104,b,30,18.55,25,101.72,82,-19.72,0
e1-100,binary,100,bot_186,3104,b,32,81.47,25,116.9,80,-36.9,0
e1-100,binary,100,bot_186,3104,b,34,44.78,25,80.7,74,-6.7,0
e1-100,binary,100,bot_186,3104,b,36,13.15,25,78.2,41,-37.2,0
e1-100,binary,100,bot_186,3104,b,38,34.05,25,86.91,49,-37.91,0
e1-100,binary,100,bot_186,3104,b,40,31.29,25,89.42,46,-43.42,0
e1-100,binary,100,bot_186,3104,b,42,27.07,25,70.62,49,-21.62,0
e1-100,binary,100,bot_186,3104,b,44,16.84,25,77.81,55,-22.81,0
e1-100,binary,100,bot_186,3104,b,46,11.23,25,63.65,39,-24.65,0
e1-100,binary,100,bot_186,3104,b,48,13.53,25,80.96,55,-25.96,0
e1-100,binary,100,bot_186,3104,b,50,12.05,25,90.37,52,-38.37,0
e1-100,binary,100,bot_186,3104,b,52,9.59,25,82.76,46,-36.76,0
e1-100,binary,100,bot_186,3104,b,54,29.47,25,59.19,46,-13.19,0
e1-100,binary,100,bot_186,3104,b,56,16.86,25,63.13,44,-19.13,0
e1-100,binary,100,bot_186,3104,b,58,17.11,25,64.65,45,-19.65,0
e1-100,binary,100,bot_186,3104,b,60,12.16,25,50.72,8,-42.72,0
e1-100,binary,100,bot_187,3105,w,1,109.88,25,89.27,134,44.73,0
e1-100,binary,100,bot_187,3105,w,3,95.02,25,106.37,158,51.63,0
e1-100,binary,100,bot_187,3105,w,5,88.63,25,109.62,145,35.38,0
e1-100,binary,100,bot_187,3105,w,7,76.45,25,89.88,97,7.12,0
e1-100,binary,100,bot_187,3105,w,9,66.34,25,128.49,151,22.51,0
e1-100,binary,100,bot_187,3105,w,11,73.17,25,127.29,135,7.71,0
e1-100,binary,100,bot_187,3105,w,13,61.13,25,126.28,139,12.72,0
e1-100,binary,100,bot_187,3105,w,15,63.72,25,135.03,141,5.97,0
e1-100,binary,100,bot_187,3105,w,17,70.02,25,118.88,118,-0.88,0
e1-100,binary,100,bot_187,3105,w,19,28.36,25,152.05,111,-41.05,0
e1-100,binary,100,bot_187,3105,w,21,20.97,25,130.62,84,-46.62,0
e1-100,binary,100,bot_187,3105,w,23,42.59,25,115.92,116,0.08,0
e1-100,binary,100,bot_187,3105,w,25,45.4,25,118.95,119,0.05,0
e1-100,binary,100,bot_187,3105,w,27,34.4,25,120.91,97,-23.91,0
e1-100,binary,100,bot_187,3105,w,29,13.17,25,107.19,71,-36.19,0
e1-100,binary,100,bot_187,3105,w,31,69.09,25,92.34,75,-17.34,0
e1-100,binary,100,bot_187,3105,w,33,40.06,25,85.4,61,-24.4,0
e1-100,binary,100,bot_187,3105,w,35,10.79,25,80.69,27,-53.69,0
e1-100,binary,100,bot_187,3105,w,37,28.07,25,72.51,35,-37.51,0
e1-100,binary,100,bot_187,3105,w,39,27.61,25,93.12,33,-60.12,0
e1-100,binary,100,bot_187,3105,w,41,26.25,25,71.38,33,-38.38,0
e1-100,binary,100,bot_187,3105,w,43,14.23,25,80.5,39,-41.5,0
e1-100,binary,100,bot_187,3105,w,45,8.37,25,66.46,23,-43.46,0
e1-100,binary,100,bot_187,3105,w,47,8.96,25,85.66,41,-44.66,0
e1-100,binary,100,bot_187,3105,w,49,7.92,25,94.54,38,-56.54,0
e1-100,binary,100,bot_187,3105,w,51,23.21,25,88.31,34,-54.31,0
e1-100,binary,100,bot_187,3105,w,53,23.8,25,64.88,27,-37.88,0
e1-100,binary,100,bot_187,3105,w,55,11.36,25,68.66,30,-38.66,0
e1-100,binary,100,bot_187,3105,w,57,10.52,25,71.18,30,-41.18,0
e1-100,binary,100,bot_187,3105,w,59,5.76,25,57.08,0,-57.08,0
e1-100,binary,100,bot_188,3105,b,2,114.76,25,90.79,161,70.21,0
e1-100,binary,100,bot_188,3105,b,4,98.49,25,114.42,170,55.58,0
e1-100,binary,100,bot_188,3105,b,6,69.39,25,76.74,126,49.26,0
e1-100,binary,100,bot_188,3105,b,8,85.64,25,102.34,139,36.66,0
e1-100,binary,100,bot_188,3105,b,10,69.81,25,105.53,131,25.47,0
e1-100,binary,100,bot_188,3105,b,12,75.35,25,109.29,142,32.71,0
e1-100,binary,100,bot_188,3105,b,14,69.38,25,110.39,131,20.61,0
e1-100,binary,100,bot_188,3105,b,16,62.24,25,103.34,128,24.66,0
e1-100,binary,100,bot_188,3105,b,18,22.04,25,141.37,166,24.63,0
e1-100,binary,100,bot_188,3105,b,20,15.01,25,131.57,113,-18.57,0
e1-100,binary,100,bot_188,3105,b,22,62.83,25,143.72,119,-24.72,0
e1-100,binary,100,bot_188,3105,b,24,61.59,25,117.66,115,-2.66,0
e1-100,binary,100,bot_188,3105,b,26,39.14,25,117.68,117,-0.68,0
e1-100,binary,100,bot_188,3105,b,28,26.93,25,119.45,108,-11.45,0
e1-100,binary,100,bot_188,3105,b,30,45.27,25,111.16,79,-32.16,0
e1-100,binary,100,bot_188,3105,b,32,38.85,25,61.17,85,23.83,0
e1-100,binary,100,bot_188,3105,b,34,9,25,64.58,60,-4.58,0
e1-100,binary,100,bot_188,3105,b,36,26.02,25,103.91,69,-34.91,0
e1-100,binary,100,bot_188,3105,b,38,2.85,25,53.53,36,-17.53,0
e1-100,binary,100,bot_188,3105,b,40,24.33,25,72.84,54,-18.84,0
e1-100,binary,100,bot_188,3105,b,42,21.43,25,89.61,70,-19.61,0
e1-100,binary,100,bot_188,3105,b,44,19.78,25,86.18,55,-31.18,0
e1-100,binary,100,bot_188,3105,b,46,16.49,25,87.21,49,-38.21,0
e1-100,binary,100,bot_188,3105,b,48,6.91,25,75.4,39,-36.4,0
e1-100,binary,100,bot_188,3105,b,50,7.4,25,89.51,52,-37.51,0
e1-100,binary,100,bot_188,3105,b,52,25.39,25,71.32,50,-21.32,0
e1-100,binary,100,bot_188,3105,b,54,24.8,25,62.18,39,-23.18,0
e1-100,binary,100,bot_188,3105,b,56,21.94,25,69.53,36,-33.53,0
e1-100,binary,100,bot_188,3105,b,58,4.41,25,66.25,31,-35.25,0
e1-100,binary,100,bot_188,3105,b,60,1.68,25,68.05,38,-30.05,0
e1-100,binary,100,bot_189,3106,w,1,118.19,25,87.68,159,71.32,0
e1-100,binary,100,bot_189,3106,w,3,102.45,25,110.83,159,48.17,0
e1-100,binary,100,bot_189,3106,w,5,71.04,25,75.63,114,38.37,0
e1-100,binary,100,bot_189,3106,w,7,87.73,25,100.04,126,25.96,0
e1-100,binary,100,bot_189,3106,w,9,72.27,25,102.84,120,17.16,0
e1-100,binary,100,bot_189,3106,w,11,78.9,25,105.52,128,22.48,0
e1-100,binary,100,bot_189,3106,w,13,72.14,25,107.31,119,11.69,0
e1-100,binary,100,bot_189,3106,w,15,65.43,25,100.13,117,16.87,0
e1-100,binary,100,bot_189,3106,w,17,19.27,25,144.08,164,19.92,0
e1-100,binary,100,bot_189,3106,w,19,13.28,25,133.21,102,-31.21,0
e1-100,binary,100,bot_189,3106,w,21,60.48,25,146.08,110,-36.08,0
e1-100,binary,100,bot_189,3106,w,23,57.86,25,121.4,108,-13.4,0
e1-100,binary,100,bot_189,3106,w,25,35.31,25,121.4,108,-13.4,0
e1-100,binary,100,bot_189,3106,w,27,24.99,25,121.37,98,-23.37,0
e1-100,binary,100,bot_189,3106,w,29,33.11,25,58.08,75,16.92,0
e1-100,binary,100,bot_189,3106,w,31,36.64,25,63.3,71,7.7,0
e1-100,binary,100,bot_189,3106,w,33,6.74,25,66.79,45,-21.79,0
e1-100,binary,100,bot_189,3106,w,35,25.47,25,104.22,55,-49.22,0
e1-100,binary,100,bot_189,3106,w,37,22.43,25,55.53,24,-31.53,0
e1-100,binary,100,bot_189,3106,w,39,20.88,25,76.34,46,-30.34,0
e1-100,binary,100,bot_189,3106,w,41,18.69,25,92.38,62,-30.38,0
e1-100,binary,100,bot_189,3106,w,43,15.37,25,90.7,47,-43.7,0
e1-100,binary,100,bot_189,3106,w,45,11.05,25,92.69,45,-47.69,0
e1-100,binary,100,bot_189,3106,w,47,3.53,25,78.8,30,-48.8,0
e1-100,binary,100,bot_189,3106,w,49,32.82,25,92.77,41,-51.77,0
e1-100,binary,100,bot_189,3106,w,51,22.5,25,74.14,37,-37.14,0
e1-100,binary,100,bot_189,3106,w,53,22.44,25,64.58,29,-35.58,0
e1-100,binary,100,bot_189,3106,w,55,18.53,25,72.86,28,-44.86,0
e1-100,binary,100,bot_189,3106,w,57,4.05,25,66.56,18,-48.56,0
e1-100,binary,100,bot_189,3106,w,59,1.38,25,67.84,27,-40.84,0
e1-100,binary,100,bot_190,3106,b,2,100.41,25,100.61,181,80.39,0
e1-100,binary,100,bot_190,3106,b,4,90.77,25,107.63,172,64.37,0
e1-100,binary,100,bot_190,3106,b,6,78.8,25,87.53,120,32.47,0
e1-100,binary,100,bot_190,3106,b,8,69.3,25,125.59,175,49.41,0
e1-100,binary,100,bot_190,3106,b,10,76.46,25,124.08,157,32.92,0
e1-100,binary,100,bot_190,3106,b,12,65.07,25,122.44,163,40.56,0
e1-100,binary,100,bot_190,3106,b,14,69.1,25,129.74,163,33.26,0
e1-100,binary,100,bot_190,3106,b,16,75.68,25,113.88,140,26.12,0
e1-100,binary,100,bot_190,3106,b,18,25.79,25,154.93,130,-24.93,0
e1-100,binary,100,bot_190,3106,b,20,18.64,25,133.27,103,-30.27,0
e1-100,binary,100,bot_190,3106,b,22,41.94,25,116.68,133,16.32,0
e1-100,binary,100,bot_190,3106,b,24,42.59,25,122.1,135,12.9,0
e1-100,binary,100,bot_190,3106,b,26,32.29,25,123.38,114,-9.38,0
e1-100,binary,100,bot_190,3106,b,28,73.82,25,111.82,92,-19.82,0
e1-100,binary,100,bot_190,3106,b,30,64.51,25,97.07,86,-11.07,0
e1-100,binary,100,bot_190,3106,b,32,34.91,25,90.42,82,-8.42,0
e1-100,binary,100,bot_190,3106,b,34,8.05,25,84,46,-38,0
e1-100,binary,100,bot_190,3106,b,36,24.81,25,75.82,56,-19.82,0
e1-100,binary,100,bot_190,3106,b,38,25.54,25,73.59,52,-21.59,0
e1-100,binary,100,bot_190,3106,b,40,25.46,25,71.97,49,-22.97,0
e1-100,binary,100,bot_190,3106,b,42,12.05,25,82.88,56,-26.88,0
e1-100,binary,100,bot_190,3106,b,44,8.15,25,66.22,36,-30.22,0
e1-100,binary,100,bot_190,3106,b,46,5.96,25,88.92,56,-32.92,0
e1-100,binary,100,bot_190,3106,b,48,4.73,25,97.8,57,-40.8,0
e1-100,binary,100,bot_190,3106,b,50,17.56,25,65.41,54,-11.41,0
e1-100,binary,100,bot_190,3106,b,52,20.71,25,68.07,46,-22.07,0
e1-100,binary,100,bot_190,3106,b,54,11.29,25,68.74,46,-22.74,0
e1-100,binary,100,bot_190,3106,b,56,7.61,25,74.1,49,-25.1,0
e1-100,binary,100,bot_190,3106,b,58,2.24,25,61.46,21,-40.46,0
e1-100,binary,100,bot_190,3106,b,60,1.39,25,58.12,25,-33.12,0
e1-100,binary,100,bot_191,3107,w,1,101.42,25,100.13,165,64.88,0
e1-100,binary,100,bot_191,3107,w,3,91.3,25,106.69,148,41.31,0
e1-100,binary,100,bot_191,3107,w,5,81.34,25,84.94,96,11.06,0
e1-100,binary,100,bot_191,3107,w,7,71.63,25,123.4,151,27.6,0
e1-100,binary,100,bot_191,3107,w,9,79.34,25,121.32,133,11.68,0
e1-100,binary,100,bot_191,3107,w,11,67.53,25,120.21,139,18.79,0
e1-100,binary,100,bot_191,3107,w,13,72.54,25,126.55,138,11.45,0
e1-100,binary,100,bot_191,3107,w,15,79.64,25,110.39,117,6.61,0
e1-100,binary,100,bot_191,3107,w,17,22.69,25,158.15,114,-44.15,0
e1-100,binary,100,bot_191,3107,w,19,16.63,25,135.37,86,-49.37,0
e1-100,binary,100,bot_191,3107,w,21,40.93,25,117.69,115,-2.69,0
e1-100,binary,100,bot_191,3107,w,23,40.29,25,124.39,119,-5.39,0
e1-100,binary,100,bot_191,3107,w,25,30.96,25,124.77,96,-28.77,0
e1-100,binary,100,bot_191,3107,w,27,73.38,25,112.18,74,-38.18,0
e1-100,binary,100,bot_191,3107,w,29,62.54,25,99.02,70,-29.02,0
e1-100,binary,100,bot_191,3107,w,31,32.76,25,92.5,66,-26.5,0
e1-100,binary,100,bot_191,3107,w,33,43.61,25,85.73,30,-55.73,0
e1-100,binary,100,bot_191,3107,w,35,24,25,76.66,34,-42.66,0
e1-100,binary,100,bot_191,3107,w,37,24.67,25,74.45,33,-41.45,0
e1-100,binary,100,bot_191,3107,w,39,22.8,25,74.63,33,-41.63,0
e1-100,binary,100,bot_191,3107,w,41,10.24,25,84.74,41,-43.74,0
e1-100,binary,100,bot_191,3107,w,43,7.16,25,67.13,19,-48.13,0
e1-100,binary,100,bot_191,3107,w,45,39.53,25,90.78,38,-52.78,0
e1-100,binary,100,bot_191,3107,w,47,23.59,25,57.06,31,-26.06,0
e1-100,binary,100,bot_191,3107,w,49,16.88,25,65.59,33,-32.59,0
e1-100,binary,100,bot_191,3107,w,51,19.59,25,69.14,28,-41.14,0
e1-100,binary,100,bot_191,3107,w,53,9.97,25,70.04,30,-40.04,0
e1-100,binary,100,bot_191,3107,w,55,5.59,25,76.02,29,-47.02,0
e1-100,binary,100,bot_191,3107,w,57,12.02,25,61.51,23,-38.51,0
e1-100,binary,100,bot_191,3107,w,59,16.95,25,62.1,30,-32.1,0
e1-100,binary,100,bot_192,3107,b,2,103.93,25,109.35,174,64.65,0
e1-100,binary,100,bot_192,3107,b,4,71.96,25,75.05,128,52.95,0
e1-100,binary,100,bot_192,3107,b,6,89.68,25,98.03,142,43.97,0
e1-100,binary,100,bot_192,3107,b,8,73.94,25,101.13,134,32.87,0
e1-100,binary,100,bot_192,3107,b,10,81.23,25,103.09,144,40.91,0
e1-100,binary,100,bot_192,3107,b,12,74.25,25,105.1,134,28.9,0
e1-100,binary,100,bot_192,3107,b,14,68.83,25,96.74,130,33.26,0
e1-100,binary,100,bot_192,3107,b,16,17.32,25,145.89,181,35.11,0
e1-100,binary,100,bot_192,3107,b,18,11.97,25,134.2,112,-22.2,0
e1-100,binary,100,bot_192,3107,b,20,59.48,25,147.09,120,-27.09,0
e1-100,binary,100,bot_192,3107,b,22,55.63,25,123.53,121,-2.53,0
e1-100,binary,100,bot_192,3107,b,24,33.46,25,123.02,119,-4.02,0
e1-100,binary,100,bot_192,3107,b,26,23.3,25,123.18,111,-12.18,0
e1-100,binary,100,bot_192,3107,b,28,31.31,25,60.05,88,27.95,0
e1-100,binary,100,bot_192,3107,b,30,35.57,25,64.32,82,17.68,0
e1-100,binary,100,bot_192,3107,b,32,5.55,25,67.97,56,-11.97,0
e1-100,binary,100,bot_192,3107,b,34,19.58,25,71.79,72,0.21,0
e1-100,binary,100,bot_192,3107,b,36,20.97,25,56.96,36,-20.96,0
e1-100,binary,100,bot_192,3107,b,38,19.65,25,77.64,57,-20.64,0
e1-100,binary,100,bot_192,3107,b,40,17.77,25,93.29,71,-22.29,0
e1-100,binary,100,bot_192,3107,b,42,13.99,25,92.18,58,-34.18,0
e1-100,binary,100,bot_192,3107,b,44,8.81,25,95.02,57,-38.02,0
e1-100,binary,100,bot_192,3107,b,46,36.33,25,67.19,62,-5.19,0
e1-100,binary,100,bot_192,3107,b,48,28.09,25,63.51,42,-21.51,0
e1-100,binary,100,bot_192,3107,b,50,20.98,25,75.6,49,-26.6,0
e1-100,binary,100,bot_192,3107,b,52,21.79,25,65.36,41,-24.36,0
e1-100,binary,100,bot_192,3107,b,54,15.64,25,75.88,42,-33.88,0
e1-100,binary,100,bot_192,3107,b,56,22.56,25,68.39,29,-39.39,0
e1-100,binary,100,bot_192,3107,b,58,16.15,25,65.21,43,-22.21,0
e1-100,binary,100,bot_192,3107,b,60,16.12,25,61.51,44,-17.51,0
e1-100,binary,100,bot_193,3108,w,1,107.93,25,105.56,153,47.44,0
e1-100,binary,100,bot_193,3108,w,3,76.57,25,71.53,101,29.47,0
e1-100,binary,100,bot_193,3108,w,5,95.68,25,91.59,118,26.41,0
e1-100,binary,100,bot_193,3108,w,7,76.52,25,98.29,114,15.71,0
e1-100,binary,100,bot_193,3108,w,9,86.54,25,97.47,119,21.53,0
e1-100,binary,100,bot_193,3108,w,11,79.91,25,98.6,109,10.4,0
e1-100,binary,100,bot_193,3108,w,13,73.21,25,92.43,104,11.57,0
e1-100,binary,100,bot_193,3108,w,15,15.66,25,147.49,170,22.51,0
e1-100,binary,100,bot_193,3108,w,17,10.17,25,135.91,91,-44.91,0
e1-100,binary,100,bot_193,3108,w,19,57.5,25,109.26,99,-10.26,0
e1-100,binary,100,bot_193,3108,w,21,52.42,25,126.8,104,-22.8,0
e1-100,binary,100,bot_193,3108,w,23,31.04,25,125.42,101,-24.42,0
e1-100,binary,100,bot_193,3108,w,25,20.76,25,125.77,91,-34.77,0
e1-100,binary,100,bot_193,3108,w,27,27.79,25,63.66,61,-2.66,0
e1-100,binary,100,bot_193,3108,w,29,32.83,25,67.07,61,-6.07,0
e1-100,binary,100,bot_193,3108,w,31,23.67,25,70.92,36,-34.92,0
e1-100,binary,100,bot_193,3108,w,33,16.59,25,74.82,45,-29.82,0
e1-100,binary,100,bot_193,3108,w,35,17.87,25,60,18,-42,0
e1-100,binary,100,bot_193,3108,w,37,16.48,25,80.8,39,-41.8,0
e1-100,binary,100,bot_193,3108,w,39,13.99,25,97.01,51,-46.01,0
e1-100,binary,100,bot_193,3108,w,41,9.47,25,96.74,44,-52.74,0
e1-100,binary,100,bot_193,3108,w,43,10.42,25,100.28,39,-61.28,0
e1-100,binary,100,bot_193,3108,w,45,30.11,25,73.98,40,-33.98,0
e1-100,binary,100,bot_193,3108,w,47,19.98,25,71.67,26,-45.67,0
e1-100,binary,100,bot_193,3108,w,49,13.73,25,82.91,33,-49.91,0
e1-100,binary,100,bot_193,3108,w,51,18.66,25,68.6,19,-49.6,0
e1-100,binary,100,bot_193,3108,w,53,9.58,25,81.95,28,-53.95,0
e1-100,binary,100,bot_193,3108,w,55,15.47,25,66.96,13,-53.96,0
e1-100,binary,100,bot_193,3108,w,57,8.94,25,72.4,31,-41.4,0
e1-100,binary,100,bot_193,3108,w,59,11.15,25,66.44,31,-35.44,0
e1-100,binary,100,bot_194,3108,b,2,93.26,25,103.81,167,63.19,0
e1-100,binary,100,bot_194,3108,b,4,90.68,25,75.6,107,31.4,0
e1-100,binary,100,bot_194,3108,b,6,80.14,25,115.38,165,49.63,0
e1-100,binary,100,bot_194,3108,b,8,85.81,25,115.02,146,30.98,0
e1-100,binary,100,bot_194,3108,b,10,74.23,25,113.74,155,41.26,0
e1-100,binary,100,bot_194,3108,b,12,75.67,25,124.14,158,33.86,0
e1-100,binary,100,bot_194,3108,b,14,86.62,25,104.16,132,27.84,0
e1-100,binary,100,bot_194,3108,b,16,19.66,25,161.5,129,-32.5,0
e1-100,binary,100,bot_194,3108,b,18,53.5,25,138.47,98,-40.47,0
e1-100,binary,100,bot_194,3108,b,20,39.82,25,118.93,126,7.07,0
e1-100,binary,100,bot_194,3108,b,22,40.12,25,124.34,127,2.66,0
e1-100,binary,100,bot_194,3108,b,24,29.25,25,126.69,108,-18.69,0
e1-100,binary,100,bot_194,3108,b,26,62.11,25,123.16,96,-27.16,0
e1-100,binary,100,bot_194,3108,b,28,59.13,25,102.41,81,-21.41,0
e1-100,binary,100,bot_194,3108,b,30,29.48,25,95.48,79,-16.48,0
e1-100,binary,100,bot_194,3108,b,32,34.27,25,74.69,49,-25.69,0
e1-100,binary,100,bot_194,3108,b,34,22.21,25,78.35,45,-33.35,0
e1-100,binary,100,bot_194,3108,b,36,22.07,25,76.91,44,-32.91,0
e1-100,binary,100,bot_194,3108,b,38,18.48,25,79.18,46,-33.18,0
e1-100,binary,100,bot_194,3108,b,40,10.04,25,85,49,-36,0
e1-100,binary,100,bot_194,3108,b,42,3.84,25,70.24,30,-40.24,0
e1-100,binary,100,bot_194,3108,b,44,30.72,25,92.72,53,-39.72,0
e1-100,binary,100,bot_194,3108,b,46,19.23,25,60.78,41,-19.78,0
e1-100,binary,100,bot_194,3108,b,48,14.4,25,67.95,39,-28.95,0
e1-100,binary,100,bot_194,3108,b,50,13.94,25,74.68,39,-35.68,0
e1-100,binary,100,bot_194,3108,b,52,9.49,25,70.23,39,-31.23,0
e1-100,binary,100,bot_194,3108,b,54,10.7,25,79.41,38,-41.41,0
e1-100,binary,100,bot_194,3108,b,56,8.48,25,64.88,30,-34.88,0
e1-100,binary,100,bot_194,3108,b,58,13.82,25,65.52,34,-31.52,0
e1-100,binary,100,bot_194,3108,b,60,17.32,25,65.54,38,-27.54,0
e1-100,binary,100,bot_195,3109,w,1,96.83,25,100.41,166,65.59,0
e1-100,binary,100,bot_195,3109,w,3,91.6,25,74.7,97,22.3,0
e1-100,binary,100,bot_195,3109,w,5,81.54,25,114.17,157,42.83,0
e1-100,binary,100,bot_195,3109,w,7,87.66,25,113.37,134,20.63,0
e1-100,binary,100,bot_195,3109,w,9,76.38,25,111.84,143,31.16,0
e1-100,binary,100,bot_195,3109,w,11,78.39,25,121.67,148,26.33,0
e1-100,binary,100,bot_195,3109,w,13,89.37,25,101.86,121,19.14,0
e1-100,binary,100,bot_195,3109,w,15,18.19,25,163.02,121,-42.02,0
e1-100,binary,100,bot_195,3109,w,17,37.5,25,120.23,105,-15.23,0
e1-100,binary,100,bot_195,3109,w,19,38.56,25,120.16,117,-3.16,0
e1-100,binary,100,bot_195,3109,w,21,37.31,25,127.12,119,-8.12,0
e1-100,binary,100,bot_195,3109,w,23,27.38,25,128.69,101,-27.69,0
e1-100,binary,100,bot_195,3109,w,25,58.92,25,126.3,89,-37.3,0
e1-100,binary,100,bot_195,3109,w,27,55.69,25,105.89,74,-31.89,0
e1-100,binary,100,bot_195,3109,w,29,25.16,25,99.74,74,-25.74,0
e1-100,binary,100,bot_195,3109,w,31,31.51,25,77.4,42,-35.4,0
e1-100,binary,100,bot_195,3109,w,33,20.28,25,80.18,39,-41.18,0
e1-100,binary,100,bot_195,3109,w,35,20.01,25,78.96,37,-41.96,0
e1-100,binary,100,bot_195,3109,w,37,14.93,25,82.75,41,-41.75,0
e1-100,binary,100,bot_195,3109,w,39,7.46,25,87.63,42,-45.63,0
e1-100,binary,100,bot_195,3109,w,41,11.01,25,55.67,45,-10.67,0
e1-100,binary,100,bot_195,3109,w,43,29.1,25,94.29,42,-52.29,0
e1-100,binary,100,bot_195,3109,w,45,17.07,25,62.8,30,-32.8,0
e1-100,binary,100,bot_195,3109,w,47,11.79,25,70.49,28,-42.49,0
e1-100,binary,100,bot_195,3109,w,49,12.08,25,76.43,28,-48.43,0
e1-100,binary,100,bot_195,3109,w,51,8.27,25,71.33,26,-45.33,0
e1-100,binary,100,bot_195,3109,w,53,8.29,25,72.7,28,-44.7,0
e1-100,binary,100,bot_195,3109,w,55,7.44,25,65.79,19,-46.79,0
e1-100,binary,100,bot_195,3109,w,57,12.71,25,66.66,28,-38.66,0
e1-100,binary,100,bot_195,3109,w,59,15.28,25,67.54,31,-36.54,0
e1-100,binary,100,bot_196,3109,b,2,77.49,25,71.22,125,53.78,0
e1-100,binary,100,bot_196,3109,b,4,97.28,25,89.92,137,47.08,0
e1-100,binary,100,bot_196,3109,b,6,77.42,25,97.33,134,36.67,0
e1-100,binary,100,bot_196,3109,b,8,87.69,25,96.25,139,42.75,0
e1-100,binary,100,bot_196,3109,b,10,82.01,25,96.45,129,32.55,0
e1-100,binary,100,bot_196,3109,b,12,74.43,25,91.21,126,34.79,0
e1-100,binary,100,bot_196,3109,b,14,14.42,25,148.6,187,38.4,0
e1-100,binary,100,bot_196,3109,b,16,43.17,25,137.29,106,-31.29,0
e1-100,binary,100,bot_196,3109,b,18,54.67,25,112.3,101,-11.3,0
e1-100,binary,100,bot_196,3109,b,20,48.87,25,130.44,121,-9.44,0
e1-100,binary,100,bot_196,3109,b,22,29.19,25,127.03,114,-13.03,0
e1-100,binary,100,bot_196,3109,b,24,20.08,25,126.41,103,-23.41,0
e1-100,binary,100,bot_196,3109,b,26,25.12,25,66.48,76,9.52,0
e1-100,binary,100,bot_196,3109,b,28,30.98,25,68.9,75,6.1,0
e1-100,binary,100,bot_196,3109,b,30,21.01,25,73.88,49,-24.87,0
e1-100,binary,100,bot_196,3109,b,32,15.95,25,75.69,57,-18.69,0
e1-100,binary,100,bot_196,3109,b,34,15.33,25,62.62,33,-29.62,0
e1-100,binary,100,bot_196,3109,b,36,14.75,25,82.53,53,-29.53,0
e1-100,binary,100,bot_196,3109,b,38,11.87,25,99.12,65,-34.12,0
e1-100,binary,100,bot_196,3109,b,40,46.47,25,100.63,59,-41.63,0
e1-100,binary,100,bot_196,3109,b,42,5.01,25,72.16,33,-39.16,0
e1-100,binary,100,bot_196,3109,b,44,23.5,25,81.07,60,-21.07,0
e1-100,binary,100,bot_196,3109,b,46,14.69,25,77.35,45,-32.35,0
e1-100,binary,100,bot_196,3109,b,48,8.87,25,87.99,50,-37.99,0
e1-100,binary,100,bot_196,3109,b,50,11.87,25,75.75,38,-37.75,0
e1-100,binary,100,bot_196,3109,b,52,12.44,25,88.41,47,-41.41,0
e1-100,binary,100,bot_196,3109,b,54,9.94,25,72.67,31,-41.67,0
e1-100,binary,100,bot_196,3109,b,56,6.18,25,75.09,45,-30.09,0
e1-100,binary,100,bot_196,3109,b,58,7.89,25,69.82,44,-25.82,0
e1-100,binary,100,bot_196,3109,b,60,6.33,25,57.65,34,-23.65,0
e1-100,binary,100,bot_197,3110,w,1,80,25,68.73,112,43.27,0
e1-100,binary,100,bot_197,3110,w,3,98.78,25,88.1,121,32.9,0
e1-100,binary,100,bot_197,3110,w,5,80.16,25,94.33,117,22.67,0
e1-100,binary,100,bot_197,3110,w,7,92.48,25,90.96,120,29.04,0
e1-100,binary,100,bot_197,3110,w,9,88.66,25,89.22,109,19.78,0
e1-100,binary,100,bot_197,3110,w,11,78.72,25,86.62,108,21.38,0
e1-100,binary,100,bot_197,3110,w,13,12.37,25,150.58,180,29.42,0
e1-100,binary,100,bot_197,3110,w,15,33.78,25,99.37,100,0.63,0
e1-100,binary,100,bot_197,3110,w,17,54.25,25,112.55,84,-28.55,0
e1-100,binary,100,bot_197,3110,w,19,46.78,25,132.34,107,-25.34,0
e1-100,binary,100,bot_197,3110,w,21,26.7,25,129.41,101,-28.41,0
e1-100,binary,100,bot_197,3110,w,23,18.38,25,128.07,90,-38.07,0
e1-100,binary,100,bot_197,3110,w,25,22.14,25,69.51,62,-7.51,0
e1-100,binary,100,bot_197,3110,w,27,28.39,25,71.47,62,-9.47,0
e1-100,binary,100,bot_197,3110,w,29,19.01,25,75.94,35,-40.94,0
e1-100,binary,100,bot_197,3110,w,31,14.3,25,77.38,43,-34.38,0
e1-100,binary,100,bot_197,3110,w,33,12.4,25,65.53,22,-43.53,0
e1-100,binary,100,bot_197,3110,w,35,11.65,25,85.64,41,-44.64,0
e1-100,binary,100,bot_197,3110,w,37,9.7,25,101.3,50,-51.3,0
e1-100,binary,100,bot_197,3110,w,39,37.51,25,69.38,54,-15.38,0
e1-100,binary,100,bot_197,3110,w,41,3.44,25,73.63,20,-53.63,0
e1-100,binary,100,bot_197,3110,w,43,21.06,25,83.55,46,-37.55,0
e1-100,binary,100,bot_197,3110,w,45,12.9,25,79.16,28,-51.16,0
e1-100,binary,100,bot_197,3110,w,47,6.72,25,90.08,34,-56.08,0
e1-100,binary,100,bot_197,3110,w,49,9.04,25,78.52,22,-56.52,0
e1-100,binary,100,bot_197,3110,w,51,7.06,25,85.74,36,-49.74,0
e1-100,binary,100,bot_197,3110,w,53,7.06,25,75.47,19,-56.47,0
e1-100,binary,100,bot_197,3110,w,55,4.17,25,77.05,34,-43.05,0
e1-100,binary,100,bot_197,3110,w,57,5.22,25,72.43,32,-40.43,0
e1-100,binary,100,bot_197,3110,w,59,4.32,25,59.59,21,-38.59,0
e1-100,binary,100,bot_198,3110,b,2,93.63,25,72.85,107,34.15,0
e1-100,binary,100,bot_198,3110,b,4,83.57,25,112.33,165,52.67,0
e1-100,binary,100,bot_198,3110,b,6,90.1,25,111.18,144,32.82,0
e1-100,binary,100,bot_198,3110,b,8,79.7,25,108.85,155,46.15,0
e1-100,binary,100,bot_198,3110,b,10,81.35,25,119.08,161,41.92,0
e1-100,binary,100,bot_198,3110,b,12,92.39,25,99.84,133,33.16,0
e1-100,binary,100,bot_198,3110,b,14,62.58,25,166.22,129,-37.22,0
e1-100,binary,100,bot_198,3110,b,16,33.65,25,124.02,106,-18.02,0
e1-100,binary,100,bot_198,3110,b,18,36.67,25,122.26,125,2.74,0
e1-100,binary,100,bot_198,3110,b,20,33.61,25,130.92,127,-3.92,0
e1-100,binary,100,bot_198,3110,b,22,23.34,25,133.03,109,-24.03,0
e1-100,binary,100,bot_198,3110,b,24,55.13,25,129.95,98,-31.95,0
e1-100,binary,100,bot_198,3110,b,26,51.99,25,109.66,81,-28.66,0
e1-100,binary,100,bot_198,3110,b,28,22.09,25,102.64,81,-21.64,0
e1-100,binary,100,bot_198,3110,b,30,27.16,25,81.58,50,-31.58,0
e1-100,binary,100,bot_198,3110,b,32,18.27,25,82.06,47,-35.06,0
e1-100,binary,100,bot_198,3110,b,34,17.92,25,81.01,43,-38.01,0
e1-100,binary,100,bot_198,3110,b,36,11.33,25,86.39,47,-39.39,0
e1-100,binary,100,bot_198,3110,b,38,45.2,25,90.28,49,-41.28,0
e1-100,binary,100,bot_198,3110,b,40,8.19,25,58.35,45,-13.35,0
e1-100,binary,100,bot_198,3110,b,42,23.94,25,99.49,52,-47.49,0
e1-100,binary,100,bot_198,3110,b,44,11.43,25,68.19,38,-30.19,0
e1-100,binary,100,bot_198,3110,b,46,5.99,25,76.39,39,-37.39,0
e1-100,binary,100,bot_198,3110,b,48,6.4,25,82.15,38,-44.15,0
e1-100,binary,100,bot_198,3110,b,50,11.44,25,76.17,35,-41.17,0
e1-100,binary,100,bot_198,3110,b,52,5.15,25,75.82,32,-43.82,0
e1-100,binary,100,bot_198,3110,b,54,4.19,25,69.02,26,-43.02,0
e1-100,binary,100,bot_198,3110,b,56,8.01,25,71.54,35,-36.54,0
e1-100,binary,100,bot_198,3110,b,58,9.89,25,72.97,39,-33.97,0
e1-100,binary,100,bot_198,3110,b,60,8.02,25,57.44,22,-35.44,0
e1-100,binary,100,bot_199,3111,w,1,97.73,25,68.92,104,35.08,0
e1-100,binary,100,bot_199,3111,w,3,87.44,25,108.53,160,51.47,0
e1-100,binary,100,bot_199,3111,w,5,95.17,25,106.35,139,32.65,0
e1-100,binary,100,bot_199,3111,w,7,85.28,25,102.82,147,44.18,0
e1-100,binary,100,bot_199,3111,w,9,88.85,25,111.8,152,40.2,0
e1-100,binary,100,bot_199,3111,w,11,99.87,25,93.11,124,30.89,0
e1-100,binary,100,bot_199,3111,w,13,47.22,25,133.62,137,3.38,0
e1-100,binary,100,bot_199,3111,w,15,30.68,25,126.84,102,-24.84,0
e1-100,binary,100,bot_199,3111,w,17,34.14,25,124.78,120,-4.78,0
e1-100,binary,100,bot_199,3111,w,19,30.78,25,133.69,121,-12.69,0
e1-100,binary,100,bot_199,3111,w,21,20.3,25,136.19,102,-34.19,0
e1-100,binary,100,bot_199,3111,w,23,52.77,25,132.21,92,-40.21,0
e1-100,binary,100,bot_199,3111,w,25,49.51,25,112.18,79,-33.18,0
e1-100,binary,100,bot_199,3111,w,27,19.78,25,104.83,75,-29.83,0
e1-100,binary,100,bot_199,3111,w,29,23.63,25,85.01,47,-38.01,0
e1-100,binary,100,bot_199,3111,w,31,15.21,25,85.09,43,-42.09,0
e1-100,binary,100,bot_199,3111,w,33,13.86,25,85.07,41,-44.07,0
e1-100,binary,100,bot_199,3111,w,35,8.26,25,89.44,43,-46.44,0
e1-100,binary,100,bot_199,3111,w,37,38.04,25,61.21,47,-14.21,0
e1-100,binary,100,bot_199,3111,w,39,5.34,25,61.16,39,-22.16,0
e1-100,binary,100,bot_199,3111,w,41,21.94,25,101.05,48,-53.05,0
e1-100,binary,100,bot_199,3111,w,43,9.34,25,70.29,32,-38.29,0
e1-100,binary,100,bot_199,3111,w,45,3.71,25,78.76,33,-45.76,0
e1-100,binary,100,bot_199,3111,w,47,3.61,25,84.9,33,-51.9,0
e1-100,binary,100,bot_199,3111,w,49,7.13,25,68.59,31,-37.59,0
e1-100,binary,100,bot_199,3111,w,51,2.37,25,78.61,30,-48.61,0
e1-100,binary,100,bot_199,3111,w,53,2.09,25,71.1,18,-53.1,0
e1-100,binary,100,bot_199,3111,w,55,2.43,25,77.47,36,-41.47,0
e1-100,binary,100,bot_199,3111,w,57,2.47,25,80.77,41,-39.77,0
e1-100,binary,100,bot_199,3111,w,59,1.99,25,64.05,23,-41.05,0
e1-100,binary,100,bot_200,3111,b,2,102.67,25,83.98,151,67.02,0
e1-100,binary,100,bot_200,3111,b,4,83.66,25,90.81,147,56.19,0
e1-100,binary,100,bot_200,3111,b,6,95.38,25,87.97,153,65.03,0
e1-100,binary,100,bot_200,3111,b,8,92.04,25,86.24,141,54.76,0
e1-100,binary,100,bot_200,3111,b,10,82.83,25,82.65,140,57.35,0
e1-100,binary,100,bot_200,3111,b,12,57.45,25,153.55,214,60.45,0
e1-100,binary,100,bot_200,3111,b,14,30.88,25,102.27,110,7.73,0
e1-100,binary,100,bot_200,3111,b,16,50.97,25,116.08,108,-8.08,0
e1-100,binary,100,bot_200,3111,b,18,42.28,25,136.76,133,-3.76,0
e1-100,binary,100,bot_200,3111,b,20,21.57,25,134.09,126,-8.09,0
e1-100,binary,100,bot_200,3111,b,22,15.83,25,130.62,113,-17.62,0
e1-100,binary,100,bot_200,3111,b,24,21.91,25,69.88,84,14.13,0
e1-100,binary,100,bot_200,3111,b,26,24.83,25,75.05,86,10.95,0
e1-100,binary,100,bot_200,3111,b,28,17.25,25,77.97,59,-18.97,0
e1-100,binary,100,bot_200,3111,b,30,11.9,25,79.85,65,-14.85,0
e1-100,binary,100,bot_200,3111,b,32,10.52,25,67.43,43,-24.43,0
e1-100,binary,100,bot_200,3111,b,34,8.86,25,88.44,63,-25.44,0
e1-100,binary,100,bot_200,3111,b,36,42.09,25,105.48,75,-30.48,0
e1-100,binary,100,bot_200,3111,b,38,32.74,25,74.24,74,-0.24,0
e1-100,binary,100,bot_200,3111,b,40,1.59,25,75.69,43,-32.69,0
e1-100,binary,100,bot_200,3111,b,42,16.84,25,88.39,72,-16.39,0
e1-100,binary,100,bot_200,3111,b,44,8.52,25,83.68,54,-29.68,0
e1-100,binary,100,bot_200,3111,b,46,4.04,25,92.3,57,-35.3,0
e1-100,binary,100,bot_200,3111,b,48,17.17,25,83.04,48,-35.04,0
e1-100,binary,100,bot_200,3111,b,50,7.32,25,84.81,54,-30.81,0
e1-100,binary,100,bot_200,3111,b,52,2.43,25,79.69,44,-35.69,0
e1-100,binary,100,bot_200,3111,b,54,1.59,25,79.42,50,-29.42,0
e1-100,binary,100,bot_200,3111,b,56,2.18,25,75,47,-28,0
e1-100,binary,100,bot_200,3111,b,58,1.68,25,61.88,33,-28.88,0
e1-100,binary,100,bot_200,3111,b,60,1.42,25,64.77,36,-28.77,0
