label,format,games,username,game_id,color,ply,rtt_ms,applied_bytes,warmup
e1-100,binary,100,bot_1,3112,w,1,44.05,25,62.31,68,5.69,0
e1-100,binary,100,bot_1,3112,w,3,31.18,25,76.33,79,2.67,0
e1-100,binary,100,bot_1,3112,w,5,16.63,25,64.36,75,10.64,0
e1-100,binary,100,bot_1,3112,w,7,7.61,25,75.69,74,-1.69,0
e1-100,binary,100,bot_1,3112,w,9,16.35,25,63.88,76,12.12,0
e1-100,binary,100,bot_1,3112,w,11,15.88,25,78.01,81,2.99,0
e1-100,binary,100,bot_1,3112,w,13,23.02,25,93.82,89,-4.82,0
e1-100,binary,100,bot_1,3112,w,15,28.66,25,70.68,90,19.32,0
e1-100,binary,100,bot_1,3112,w,17,66.7,25,90.16,105,14.84,0
e1-100,binary,100,bot_1,3112,w,19,26.42,25,131.07,159,27.93,0
e1-100,binary,100,bot_1,3112,w,21,12.75,25,102.69,117,14.31,0
e1-100,binary,100,bot_1,3112,w,23,25,25,167.21,191,23.79,0
e1-100,binary,100,bot_1,3112,w,25,16.59,25,110.22,128,17.78,0
e1-100,binary,100,bot_1,3112,w,27,17.39,25,101.02,107,5.98,0
e1-100,binary,100,bot_1,3112,w,29,15.49,25,138.09,141,2.91,0
e1-100,binary,100,bot_1,3112,w,31,51.58,25,112.15,183,70.85,0
e1-100,binary,100,bot_1,3112,w,33,69.41,25,94.38,160,65.62,0
e1-100,binary,100,bot_1,3112,w,35,76.93,25,136.31,197,60.69,0
e1-100,binary,100,bot_1,3112,w,37,87.86,25,109.65,166,56.35,0
e1-100,binary,100,bot_1,3112,w,39,58.72,25,92.47,135,42.53,0
e1-100,binary,100,bot_1,3112,w,41,55.98,25,146.8,186,39.2,0
e1-100,binary,100,bot_1,3112,w,43,47.35,25,110.75,142,31.25,0
e1-100,binary,100,bot_1,3112,w,45,63.84,25,118.3,155,36.7,0
e1-100,binary,100,bot_1,3112,w,47,46.43,25,158.12,198,39.88,0
e1-100,binary,100,bot_1,3112,w,49,40.11,25,161.25,192,30.75,0
e1-100,binary,100,bot_1,3112,w,51,30.46,25,184.69,215,30.31,0
e1-100,binary,100,bot_1,3112,w,53,25,25,205.51,224,18.49,0
e1-100,binary,100,bot_1,3112,w,55,22.63,25,199.05,217,17.95,0
e1-100,binary,100,bot_1,3112,w,57,12.6,25,188.4,195,6.6,0
e1-100,binary,100,bot_1,3112,w,59,114.2,25,136.45,228,91.55,0
e1-100,binary,100,bot_2,3112,b,2,112.75,25,56.93,160,103.07,0
e1-100,binary,100,bot_2,3112,b,4,22.32,25,64.81,81,16.19,0
e1-100,binary,100,bot_2,3112,b,6,6.99,25,58.22,63,4.78,0
e1-100,binary,100,bot_2,3112,b,8,20.99,25,73.65,70,-3.65,0
e1-100,binary,100,bot_2,3112,b,10,11.98,25,79.75,83,3.25,0
e1-100,binary,100,bot_2,3112,b,12,5.92,25,85.56,91,5.44,0
e1-100,binary,100,bot_2,3112,b,14,30.6,25,58.48,71,12.52,0
e1-100,binary,100,bot_2,3112,b,16,24.86,25,69.25,86,16.75,0
e1-100,binary,100,bot_2,3112,b,18,37.69,25,101.27,158,56.73,0
e1-100,binary,100,bot_2,3112,b,20,24.11,25,90.72,106,15.28,0
e1-100,binary,100,bot_2,3112,b,22,32.84,25,90.3,93,2.7,0
e1-100,binary,100,bot_2,3112,b,24,27.22,25,125.56,140,14.44,0
e1-100,binary,100,bot_2,3112,b,26,14.87,25,120.64,126,5.36,0
e1-100,binary,100,bot_2,3112,b,28,11.13,25,110.14,117,6.86,0
e1-100,binary,100,bot_2,3112,b,30,80.73,25,150.84,154,3.16,0
e1-100,binary,100,bot_2,3112,b,32,75.68,25,76.71,117,40.29,0
e1-100,binary,100,bot_2,3112,b,34,68.63,25,90.13,150,59.87,0
e1-100,binary,100,bot_2,3112,b,36,64.96,25,87.71,153,65.29,0
e1-100,binary,100,bot_2,3112,b,38,52.25,25,121,199,78,0
e1-100,binary,100,bot_2,3112,b,40,49.01,25,126.98,175,48.02,0
e1-100,binary,100,bot_2,3112,b,42,41.98,25,144.84,188,43.16,0
e1-100,binary,100,bot_2,3112,b,44,48.17,25,144.69,179,34.31,0
e1-100,binary,100,bot_2,3112,b,46,52.85,25,154.16,205,50.84,0
e1-100,binary,100,bot_2,3112,b,48,41.8,25,164.01,198,33.99,0
e1-100,binary,100,bot_2,3112,b,50,41.97,25,198.8,227,28.2,0
e1-100,binary,100,bot_2,3112,b,52,28.35,25,181.25,199,17.75,0
e1-100,binary,100,bot_2,3112,b,54,30.05,25,179.97,192,12.03,0
e1-100,binary,100,bot_2,3112,b,56,17.65,25,224.19,234,9.81,0
e1-100,binary,100,bot_2,3112,b,58,103.32,25,217.02,218,0.98,0
e1-100,binary,100,bot_2,3112,b,60,107.33,25,164.63,267,102.37,0
e1-100,binary,100,bot_3,3113,w,1,37.62,25,59.82,58,-1.82,0
e1-100,binary,100,bot_3,3113,w,3,22.32,25,85.07,82,-3.07,0
e1-100,binary,100,bot_3,3113,w,5,11.6,25,70.43,72,1.57,0
e1-100,binary,100,bot_3,3113,w,7,13.96,25,77.74,73,-4.74,0
e1-100,binary,100,bot_3,3113,w,9,10.24,25,70,66,-4,0
e1-100,binary,100,bot_3,3113,w,11,50.71,25,85.72,81,-4.72,0
e1-100,binary,100,bot_3,3113,w,13,18.27,25,87.95,79,-8.95,0
e1-100,binary,100,bot_3,3113,w,15,20.13,25,78.59,89,10.41,0
e1-100,binary,100,bot_3,3113,w,17,60.02,25,97.29,102,4.71,0
e1-100,binary,100,bot_3,3113,w,19,17.71,25,139.16,157,17.84,0
e1-100,binary,100,bot_3,3113,w,21,8.42,25,106.88,111,4.12,0
e1-100,binary,100,bot_3,3113,w,23,17.81,25,173.82,189,15.18,0
e1-100,binary,100,bot_3,3113,w,25,9.65,25,116.94,123,6.06,0
e1-100,binary,100,bot_3,3113,w,27,51.2,25,70.27,117,46.73,0
e1-100,binary,100,bot_3,3113,w,29,60.17,25,102,148,46,0
e1-100,binary,100,bot_3,3113,w,31,36.64,25,126.29,172,45.71,0
e1-100,binary,100,bot_3,3113,w,33,48.47,25,117.33,164,46.67,0
e1-100,binary,100,bot_3,3113,w,35,49.24,25,164.08,203,38.92,0
e1-100,binary,100,bot_3,3113,w,37,55.95,25,143.36,178,34.64,0
e1-100,binary,100,bot_3,3113,w,39,38,25,113.46,132,18.54,0
e1-100,binary,100,bot_3,3113,w,41,35.44,25,165.35,185,19.65,0
e1-100,binary,100,bot_3,3113,w,43,34.61,25,124.63,141,16.38,0
e1-100,binary,100,bot_3,3113,w,45,40.92,25,142.23,163,20.77,0
e1-100,binary,100,bot_3,3113,w,47,30.96,25,173.28,194,20.72,0
e1-100,binary,100,bot_3,3113,w,49,22.75,25,177.84,194,16.16,0
e1-100,binary,100,bot_3,3113,w,51,13.6,25,200.67,217,16.33,0
e1-100,binary,100,bot_3,3113,w,53,87.1,25,144.14,231,86.86,0
e1-100,binary,100,bot_3,3113,w,55,104.65,25,130,212,82,0
e1-100,binary,100,bot_3,3113,w,57,93.1,25,135.66,191,55.34,0
e1-100,binary,100,bot_3,3113,w,59,94.16,25,158.12,213,54.88,0
e1-100,binary,100,bot_4,3113,b,2,117.82,25,54.25,168,113.75,0
e1-100,binary,100,bot_4,3113,b,4,15.27,25,71.77,86,14.23,0
e1-100,binary,100,bot_4,3113,b,6,7.73,25,65.54,70,4.46,0
e1-100,binary,100,bot_4,3113,b,8,9.44,25,67.48,73,5.52,0
e1-100,binary,100,bot_4,3113,b,10,7.46,25,84.31,87,2.69,0
e1-100,binary,100,bot_4,3113,b,12,4.99,25,55.08,99,43.92,0
e1-100,binary,100,bot_4,3113,b,14,22.44,25,66.98,77,10.02,0
e1-100,binary,100,bot_4,3113,b,16,18.74,25,74.65,88,13.35,0
e1-100,binary,100,bot_4,3113,b,18,30.18,25,109.8,162,52.2,0
e1-100,binary,100,bot_4,3113,b,20,17.13,25,97.48,107,9.52,0
e1-100,binary,100,bot_4,3113,b,22,27.35,25,96.77,98,1.23,0
e1-100,binary,100,bot_4,3113,b,24,19.19,25,133.25,144,10.75,0
e1-100,binary,100,bot_4,3113,b,26,59.61,25,128.53,131,2.47,0
e1-100,binary,100,bot_4,3113,b,28,57.92,25,73.11,118,44.89,0
e1-100,binary,100,bot_4,3113,b,30,59.6,25,101.84,155,53.16,0
e1-100,binary,100,bot_4,3113,b,32,59.4,25,91.91,122,30.09,0
e1-100,binary,100,bot_4,3113,b,34,50.53,25,106.36,149,42.64,0
e1-100,binary,100,bot_4,3113,b,36,47.8,25,104.54,146,41.46,0
e1-100,binary,100,bot_4,3113,b,38,30.96,25,140.57,190,49.43,0
e1-100,binary,100,bot_4,3113,b,40,37.11,25,139.89,173,33.11,0
e1-100,binary,100,bot_4,3113,b,42,29.73,25,156.93,182,25.07,0
e1-100,binary,100,bot_4,3113,b,44,34.9,25,156.87,181,24.13,0
e1-100,binary,100,bot_4,3113,b,46,35.13,25,171.61,202,30.39,0
e1-100,binary,100,bot_4,3113,b,48,29.9,25,177.07,197,19.93,0
e1-100,binary,100,bot_4,3113,b,50,29.05,25,211.66,225,13.34,0
e1-100,binary,100,bot_4,3113,b,52,100.64,25,198.89,202,3.11,0
e1-100,binary,100,bot_4,3113,b,54,96.82,25,129.28,206,76.72,0
e1-100,binary,100,bot_4,3113,b,56,69.86,25,135.61,230,94.39,0
e1-100,binary,100,bot_4,3113,b,58,68.6,25,142.11,227,84.89,0
e1-100,binary,100,bot_4,3113,b,60,69.98,25,199.95,284,84.05,0
e1-100,binary,100,bot_5,3114,w,1,34.4,25,59.3,73,13.7,0
e1-100,binary,100,bot_5,3114,w,3,22.77,25,55.44,55,-0.44,0
e1-100,binary,100,bot_5,3114,w,5,19.71,25,81.54,86,4.46,0
e1-100,binary,100,bot_5,3114,w,7,12.99,25,66.04,73,6.96,0
e1-100,binary,100,bot_5,3114,w,9,5.59,25,58.25,59,0.75,0
e1-100,binary,100,bot_5,3114,w,11,13.98,25,78.21,88,9.79,0
e1-100,binary,100,bot_5,3114,w,13,12.74,25,75.04,77,1.96,0
e1-100,binary,100,bot_5,3114,w,15,18.59,25,91.66,90,-1.66,0
e1-100,binary,100,bot_5,3114,w,17,19.84,25,76.7,87,10.3,0
e1-100,binary,100,bot_5,3114,w,19,47.93,25,123.92,163,39.08,0
e1-100,binary,100,bot_5,3114,w,21,41.12,25,93.3,119,25.7,0
e1-100,binary,100,bot_5,3114,w,23,58.53,25,118.01,133,14.99,0
e1-100,binary,100,bot_5,3114,w,25,17,25,126.14,146,19.86,0
e1-100,binary,100,bot_5,3114,w,27,12.81,25,122.21,136,13.79,0
e1-100,binary,100,bot_5,3114,w,29,80.66,25,121.29,124,2.71,0
e1-100,binary,100,bot_5,3114,w,31,68.64,25,102.06,161,58.94,0
e1-100,binary,100,bot_5,3114,w,33,44.26,25,107.06,150,42.94,0
e1-100,binary,100,bot_5,3114,w,35,60.44,25,122.25,159,36.75,0
e1-100,binary,100,bot_5,3114,w,37,38.71,25,132.2,161,28.8,0
e1-100,binary,100,bot_5,3114,w,39,26.94,25,129.45,163,33.55,0
e1-100,binary,100,bot_5,3114,w,41,29.73,25,165.05,192,26.95,0
e1-100,binary,100,bot_5,3114,w,43,26.52,25,139.33,165,25.67,0
e1-100,binary,100,bot_5,3114,w,45,18.82,25,163.84,179,15.16,0
e1-100,binary,100,bot_5,3114,w,47,22.45,25,182.11,200,17.89,0
e1-100,binary,100,bot_5,3114,w,49,10.29,25,194.3,199,4.7,0
e1-100,binary,100,bot_5,3114,w,51,122.41,25,218.8,225,6.2,0
e1-100,binary,100,bot_5,3114,w,53,111.17,25,118.52,214,95.48,0
e1-100,binary,100,bot_5,3114,w,55,86.51,25,138.52,215,76.48,0
e1-100,binary,100,bot_5,3114,w,57,80.38,25,122.84,200,77.16,0
e1-100,binary,100,bot_5,3114,w,59,93.17,25,128.05,197,68.95,0
e1-100,binary,100,bot_6,3114,b,2,98.07,25,58.76,159,100.24,0
e1-100,binary,100,bot_6,3114,b,4,13.5,25,56.84,73,16.16,0
e1-100,binary,100,bot_6,3114,b,6,12.87,25,65.39,78,12.61,0
e1-100,binary,100,bot_6,3114,b,8,8.18,25,76.53,84,7.47,0
e1-100,binary,100,bot_6,3114,b,10,17.1,25,78.06,77,-1.06,0
e1-100,binary,100,bot_6,3114,b,12,9.55,25,94.3,102,7.7,0
e1-100,binary,100,bot_6,3114,b,14,4.21,25,80.29,87,6.71,0
e1-100,binary,100,bot_6,3114,b,16,17.89,25,82.48,95,12.52,0
e1-100,binary,100,bot_6,3114,b,18,45.34,25,143.78,157,13.22,0
e1-100,binary,100,bot_6,3114,b,20,31.83,25,79.81,122,42.19,0
e1-100,binary,100,bot_6,3114,b,22,20.75,25,80.2,115,34.8,0
e1-100,binary,100,bot_6,3114,b,24,26.24,25,122.63,175,52.37,0
e1-100,binary,100,bot_6,3114,b,26,20.8,25,104.86,116,11.14,0
e1-100,binary,100,bot_6,3114,b,28,10.02,25,108.9,117,8.1,0
e1-100,binary,100,bot_6,3114,b,30,65.82,25,96.93,173,76.07,0
e1-100,binary,100,bot_6,3114,b,32,49.31,25,85.6,148,62.4,0
e1-100,binary,100,bot_6,3114,b,34,43.63,25,125.53,164,38.47,0
e1-100,binary,100,bot_6,3114,b,36,35.59,25,139.78,194,54.22,0
e1-100,binary,100,bot_6,3114,b,38,38.77,25,156.11,188,31.89,0
e1-100,binary,100,bot_6,3114,b,40,36.93,25,128.52,149,20.48,0
e1-100,binary,100,bot_6,3114,b,42,37.05,25,163.94,185,21.06,0
e1-100,binary,100,bot_6,3114,b,44,25.25,25,137.99,156,18.01,0
e1-100,binary,100,bot_6,3114,b,46,27.8,25,186.28,196,9.72,0
e1-100,binary,100,bot_6,3114,b,48,14.51,25,181.89,195,13.11,0
e1-100,binary,100,bot_6,3114,b,50,16.41,25,213.55,214,0.45,0
e1-100,binary,100,bot_6,3114,b,52,105.6,25,105.33,220,114.67,0
e1-100,binary,100,bot_6,3114,b,54,86.99,25,117.74,220,102.26,0
e1-100,binary,100,bot_6,3114,b,56,88.59,25,154.03,232,77.97,0
e1-100,binary,100,bot_6,3114,b,58,79.98,25,148.77,220,71.23,0
e1-100,binary,100,bot_6,3114,b,60,101.88,25,174.93,260,85.07,0
e1-100,binary,100,bot_7,3115,w,1,22.91,25,58.18,62,3.82,0
e1-100,binary,100,bot_7,3115,w,3,18.98,25,90.81,89,-1.81,0
e1-100,binary,100,bot_7,3115,w,5,8.37,25,73.89,77,3.11,0
e1-100,binary,100,bot_7,3115,w,7,8.53,25,82.84,79,-3.84,0
e1-100,binary,100,bot_7,3115,w,9,34.45,25,76.18,74,-2.18,0
e1-100,binary,100,bot_7,3115,w,11,33.45,25,71.28,94,22.72,0
e1-100,binary,100,bot_7,3115,w,13,14.58,25,69.47,86,16.53,0
e1-100,binary,100,bot_7,3115,w,15,15.42,25,83.3,94,10.7,0
e1-100,binary,100,bot_7,3115,w,17,47.69,25,110.15,118,7.85,0
e1-100,binary,100,bot_7,3115,w,19,12.09,25,144.09,156,11.91,0
e1-100,binary,100,bot_7,3115,w,21,3.86,25,53.49,122,68.51,0
e1-100,binary,100,bot_7,3115,w,23,61.42,25,88.56,201,112.44,0
e1-100,binary,100,bot_7,3115,w,25,47.86,25,76.64,118,41.36,0
e1-100,binary,100,bot_7,3115,w,27,40.08,25,79.44,111,31.56,0
e1-100,binary,100,bot_7,3115,w,29,45.27,25,116.65,153,36.35,0
e1-100,binary,100,bot_7,3115,w,31,27.39,25,133.49,161,27.51,0
e1-100,binary,100,bot_7,3115,w,33,34.96,25,132.28,160,27.72,0
e1-100,binary,100,bot_7,3115,w,35,28.91,25,183.23,202,18.77,0
e1-100,binary,100,bot_7,3115,w,37,30.37,25,168.4,188,19.6,0
e1-100,binary,100,bot_7,3115,w,39,15.3,25,138.17,146,7.83,0
e1-100,binary,100,bot_7,3115,w,41,32.76,25,167.62,174,6.38,0
e1-100,binary,100,bot_7,3115,w,43,31.79,25,127.75,145,17.25,0
e1-100,binary,100,bot_7,3115,w,45,36.94,25,146.54,168,21.46,0
e1-100,binary,100,bot_7,3115,w,47,27.44,25,176.78,200,23.22,0
e1-100,binary,100,bot_7,3115,w,49,19.91,25,180.77,199,18.23,0
e1-100,binary,100,bot_7,3115,w,51,93.97,25,202.74,217,14.26,0
e1-100,binary,100,bot_7,3115,w,53,80.42,25,150.19,226,75.81,0
e1-100,binary,100,bot_7,3115,w,55,98.49,25,136.81,216,79.19,0
e1-100,binary,100,bot_7,3115,w,57,87.28,25,141.52,198,56.48,0
e1-100,binary,100,bot_7,3115,w,59,90.79,25,161.88,215,53.12,0
e1-100,binary,100,bot_8,3115,b,2,110.2,25,60.45,164,103.55,0
e1-100,binary,100,bot_8,3115,b,4,11.18,25,73.55,86,12.45,0
e1-100,binary,100,bot_8,3115,b,6,5.69,25,67.32,70,2.68,0
e1-100,binary,100,bot_8,3115,b,8,4.48,25,72.02,73,0.98,0
e1-100,binary,100,bot_8,3115,b,10,30.31,25,63.8,92,28.2,0
e1-100,binary,100,bot_8,3115,b,12,24.25,25,56.78,85,28.22,0
e1-100,binary,100,bot_8,3115,b,14,18.88,25,71.08,80,8.92,0
e1-100,binary,100,bot_8,3115,b,16,14.55,25,78.36,88,9.64,0
e1-100,binary,100,bot_8,3115,b,18,19.69,25,120.95,162,41.05,0
e1-100,binary,100,bot_8,3115,b,20,75.58,25,107.57,113,5.43,0
e1-100,binary,100,bot_8,3115,b,22,120.72,25,98.34,97,-1.34,0
e1-100,binary,100,bot_8,3115,b,24,48.24,25,96.8,151,54.2,0
e1-100,binary,100,bot_8,3115,b,26,40.14,25,95.61,138,42.39,0
e1-100,binary,100,bot_8,3115,b,28,44.39,25,87.71,122,34.29,0
e1-100,binary,100,bot_8,3115,b,30,35.76,25,126.65,166,39.35,0
e1-100,binary,100,bot_8,3115,b,32,35.07,25,116.4,137,20.6,0
e1-100,binary,100,bot_8,3115,b,34,26.14,25,130.37,159,28.63,0
e1-100,binary,100,bot_8,3115,b,36,27.66,25,127.17,150,22.83,0
e1-100,binary,100,bot_8,3115,b,38,14.71,25,155.19,179,23.81,0
e1-100,binary,100,bot_8,3115,b,40,18.38,25,155.57,165,9.43,0
e1-100,binary,100,bot_8,3115,b,42,28.11,25,158.52,182,23.48,0
e1-100,binary,100,bot_8,3115,b,44,33.07,25,158.42,180,21.58,0
e1-100,binary,100,bot_8,3115,b,46,32.86,25,173.78,201,27.22,0
e1-100,binary,100,bot_8,3115,b,48,28.81,25,178.32,195,16.68,0
e1-100,binary,100,bot_8,3115,b,50,26.28,25,214.45,225,10.55,0
e1-100,binary,100,bot_8,3115,b,52,87.85,25,130.58,215,84.42,0
e1-100,binary,100,bot_8,3115,b,54,90.94,25,134.73,206,71.27,0
e1-100,binary,100,bot_8,3115,b,56,66.45,25,138.84,228,89.16,0
e1-100,binary,100,bot_8,3115,b,58,63.85,25,146.46,224,77.54,0
e1-100,binary,100,bot_8,3115,b,60,62.62,25,206.96,289,82.04,0
e1-100,binary,100,bot_9,3116,w,1,163.8,25,67.63,221,153.37,0
e1-100,binary,100,bot_9,3116,w,3,8.62,25,61.11,67,5.89,0
e1-100,binary,100,bot_9,3116,w,5,6.52,25,71.96,75,3.04,0
e1-100,binary,100,bot_9,3116,w,7,21.12,25,58.23,81,22.77,0
e1-100,binary,100,bot_9,3116,w,9,22.85,25,73.11,89,15.89,0
e1-100,binary,100,bot_9,3116,w,11,25.13,25,85.65,98,12.35,0
e1-100,binary,100,bot_9,3116,w,13,20.22,25,57.33,74,16.67,0
e1-100,binary,100,bot_9,3116,w,15,7.94,25,92.34,95,2.66,0
e1-100,binary,100,bot_9,3116,w,17,34.29,25,123.53,157,33.47,0
e1-100,binary,100,bot_9,3116,w,19,23.4,25,87.93,115,27.07,0
e1-100,binary,100,bot_9,3116,w,21,11.68,25,89.28,114,24.72,0
e1-100,binary,100,bot_9,3116,w,23,79.38,25,137.41,149,11.59,0
e1-100,binary,100,bot_9,3116,w,25,62.47,25,73.71,122,48.29,0
e1-100,binary,100,bot_9,3116,w,27,43.2,25,79.62,118,38.38,0
e1-100,binary,100,bot_9,3116,w,29,51.19,25,110.33,164,53.67,0
e1-100,binary,100,bot_9,3116,w,31,36.32,25,97.63,146,48.37,0
e1-100,binary,100,bot_9,3116,w,33,31.88,25,136.5,165,28.5,0
e1-100,binary,100,bot_9,3116,w,35,28.5,25,145.98,185,39.02,0
e1-100,binary,100,bot_9,3116,w,37,25.56,25,168.76,190,21.24,0
e1-100,binary,100,bot_9,3116,w,39,27.11,25,138.75,152,13.25,0
e1-100,binary,100,bot_9,3116,w,41,19.96,25,181.87,189,7.13,0
e1-100,binary,100,bot_9,3116,w,43,11.13,25,151.82,161,9.18,0
e1-100,binary,100,bot_9,3116,w,45,118.17,25,203.94,204,0.06,0
e1-100,binary,100,bot_9,3116,w,47,105.93,25,97.2,195,97.8,0
e1-100,binary,100,bot_9,3116,w,49,108.72,25,128.13,231,102.87,0
e1-100,binary,100,bot_9,3116,w,51,91.59,25,118.3,211,92.7,0
e1-100,binary,100,bot_9,3116,w,53,75.81,25,129.67,219,89.33,0
e1-100,binary,100,bot_9,3116,w,55,76.91,25,165.96,236,70.04,0
e1-100,binary,100,bot_9,3116,w,57,67.71,25,161.99,223,61.01,0
e1-100,binary,100,bot_9,3116,w,59,85.72,25,190.46,267,76.54,0
e1-100,binary,100,bot_10,3116,b,2,20.12,25,59.18,68,8.82,0
e1-100,binary,100,bot_10,3116,b,4,8.58,25,90.53,92,1.47,0
e1-100,binary,100,bot_10,3116,b,6,29.05,25,73.21,73,-0.21,0
e1-100,binary,100,bot_10,3116,b,8,22.22,25,53.61,68,14.39,0
e1-100,binary,100,bot_10,3116,b,10,18.88,25,65.62,80,14.38,0
e1-100,binary,100,bot_10,3116,b,12,23.11,25,71.56,89,17.44,0
e1-100,binary,100,bot_10,3116,b,14,8.32,25,72.5,86,13.5,0
e1-100,binary,100,bot_10,3116,b,16,39.21,25,90.01,91,0.99,0
e1-100,binary,100,bot_10,3116,b,18,32.88,25,138.61,166,27.39,0
e1-100,binary,100,bot_10,3116,b,20,29.4,25,104.44,121,16.56,0
e1-100,binary,100,bot_10,3116,b,22,16.9,25,161.55,166,4.45,0
e1-100,binary,100,bot_10,3116,b,24,53.55,25,76.07,148,71.93,0
e1-100,binary,100,bot_10,3116,b,26,43.41,25,72.79,128,55.21,0
e1-100,binary,100,bot_10,3116,b,28,58.37,25,93.14,130,36.86,0
e1-100,binary,100,bot_10,3116,b,30,54.36,25,117.57,163,45.43,0
e1-100,binary,100,bot_10,3116,b,32,34.56,25,117.63,147,29.38,0
e1-100,binary,100,bot_10,3116,b,34,42.08,25,142.41,168,25.59,0
e1-100,binary,100,bot_10,3116,b,36,25.5,25,145.86,168,22.14,0
e1-100,binary,100,bot_10,3116,b,38,18.32,25,137.53,156,18.47,0
e1-100,binary,100,bot_10,3116,b,40,15.05,25,178.8,196,17.2,0
e1-100,binary,100,bot_10,3116,b,42,18.24,25,146.91,157,10.09,0
e1-100,binary,100,bot_10,3116,b,44,9.3,25,173.24,174,0.76,0
e1-100,binary,100,bot_10,3116,b,46,106.34,25,99.38,208,108.62,0
e1-100,binary,100,bot_10,3116,b,48,110.97,25,92.75,189,96.25,0
e1-100,binary,100,bot_10,3116,b,50,101.67,25,118.8,218,99.2,0
e1-100,binary,100,bot_10,3116,b,52,98.44,25,131.04,211,79.96,0
e1-100,binary,100,bot_10,3116,b,54,77.23,25,147.5,214,66.5,0
e1-100,binary,100,bot_10,3116,b,56,70.46,25,131.89,198,66.11,0
e1-100,binary,100,bot_10,3116,b,58,85.33,25,135.47,194,58.53,0
e1-100,binary,100,bot_10,3116,b,60,84.59,25,177.28,253,75.72,0
e1-100,binary,100,bot_11,3117,w,1,167.57,25,67.47,215,147.53,0
e1-100,binary,100,bot_11,3117,w,3,46.49,25,76.24,85,8.76,0
e1-100,binary,100,bot_11,3117,w,5,23.3,25,55.44,73,17.56,0
e1-100,binary,100,bot_11,3117,w,7,5.87,25,56.67,71,14.33,0
e1-100,binary,100,bot_11,3117,w,9,25.3,25,67.91,87,19.09,0
e1-100,binary,100,bot_11,3117,w,11,16.46,25,63.87,85,21.13,0
e1-100,binary,100,bot_11,3117,w,13,13.01,25,77.82,81,3.18,0
e1-100,binary,100,bot_11,3117,w,15,8.45,25,84,87,3,0
e1-100,binary,100,bot_11,3117,w,17,87.74,25,84.1,151,66.9,0
e1-100,binary,100,bot_11,3117,w,19,59.8,25,74.21,111,36.79,0
e1-100,binary,100,bot_11,3117,w,21,82.8,25,92.19,120,27.81,0
e1-100,binary,100,bot_11,3117,w,23,36.74,25,107.33,150,42.67,0
e1-100,binary,100,bot_11,3117,w,25,28.99,25,106.07,139,32.93,0
e1-100,binary,100,bot_11,3117,w,27,34.23,25,98.38,118,19.62,0
e1-100,binary,100,bot_11,3117,w,29,23.3,25,138.92,161,22.08,0
e1-100,binary,100,bot_11,3117,w,31,17.82,25,133.67,145,11.33,0
e1-100,binary,100,bot_11,3117,w,33,15.73,25,140.6,155,14.4,0
e1-100,binary,100,bot_11,3117,w,35,73.32,25,141.24,150,8.76,0
e1-100,binary,100,bot_11,3117,w,37,40.18,25,116.83,164,47.17,0
e1-100,binary,100,bot_11,3117,w,39,50.31,25,144.85,181,36.15,0
e1-100,binary,100,bot_11,3117,w,41,41.5,25,123.7,172,48.3,0
e1-100,binary,100,bot_11,3117,w,43,35.45,25,147.08,179,31.92,0
e1-100,binary,100,bot_11,3117,w,45,39.12,25,165.04,197,31.96,0
e1-100,binary,100,bot_11,3117,w,47,34.56,25,169.64,186,16.36,0
e1-100,binary,100,bot_11,3117,w,49,31.87,25,200.19,226,25.81,0
e1-100,binary,100,bot_11,3117,w,51,34.11,25,187.77,199,11.23,0
e1-100,binary,100,bot_11,3117,w,53,25.59,25,197.53,212,14.47,0
e1-100,binary,100,bot_11,3117,w,55,21.22,25,185.41,199,13.59,0
e1-100,binary,100,bot_11,3117,w,57,117.71,25,196.09,205,8.91,0
e1-100,binary,100,bot_11,3117,w,59,115.46,25,144.61,260,115.39,0
e1-100,binary,100,bot_12,3117,b,2,16.68,25,91.8,90,-1.8,0
e1-100,binary,100,bot_12,3117,b,4,24.72,25,52.78,91,38.22,0
e1-100,binary,100,bot_12,3117,b,6,20.38,25,54.64,70,15.36,0
e1-100,binary,100,bot_12,3117,b,8,26.91,25,77.15,75,-2.15,0
e1-100,binary,100,bot_12,3117,b,10,27.91,25,76.93,96,19.07,0
e1-100,binary,100,bot_12,3117,b,12,10.97,25,73.35,82,8.65,0
e1-100,binary,100,bot_12,3117,b,14,10.3,25,87.99,94,6.01,0
e1-100,binary,100,bot_12,3117,b,16,75.37,25,145.94,148,2.06,0
e1-100,binary,100,bot_12,3117,b,18,43.76,25,68.78,149,80.22,0
e1-100,binary,100,bot_12,3117,b,20,35.33,25,66.95,120,53.05,0
e1-100,binary,100,bot_12,3117,b,22,49.71,25,99.12,172,72.88,0
e1-100,binary,100,bot_12,3117,b,24,40.57,25,84.81,114,29.19,0
e1-100,binary,100,bot_12,3117,b,26,27,25,92.81,115,22.19,0
e1-100,binary,100,bot_12,3117,b,28,29.33,25,132.87,161,28.13,0
e1-100,binary,100,bot_12,3117,b,30,18.34,25,141.31,157,15.69,0
e1-100,binary,100,bot_12,3117,b,32,22.03,25,146.65,158,11.35,0
e1-100,binary,100,bot_12,3117,b,34,15.61,25,195.74,204,8.26,0
e1-100,binary,100,bot_12,3117,b,36,55.3,25,140.32,207,66.68,0
e1-100,binary,100,bot_12,3117,b,38,47.72,25,117,150,33,0
e1-100,binary,100,bot_12,3117,b,40,58.92,25,142.09,183,40.91,0
e1-100,binary,100,bot_12,3117,b,42,41.66,25,122.82,153,30.18,0
e1-100,binary,100,bot_12,3117,b,44,43.05,25,170.11,195,24.89,0
e1-100,binary,100,bot_12,3117,b,46,27.79,25,170.12,199,28.88,0
e1-100,binary,100,bot_12,3117,b,48,34.97,25,194,218,24,0
e1-100,binary,100,bot_12,3117,b,50,21.83,25,191.34,212,20.66,0
e1-100,binary,100,bot_12,3117,b,52,26.25,25,201.41,225,23.59,0
e1-100,binary,100,bot_12,3117,b,54,24.66,25,213.55,230,16.45,0
e1-100,binary,100,bot_12,3117,b,56,18.93,25,210.68,222,11.32,0
e1-100,binary,100,bot_12,3117,b,58,126.69,25,152.68,261,108.32,0
e1-100,binary,100,bot_12,3117,b,60,89.52,25,142.22,248,105.78,0
e1-100,binary,100,bot_13,3118,w,1,161.27,25,66.35,212,145.65,0
e1-100,binary,100,bot_13,3118,w,3,13.07,25,73.7,85,11.3,0
e1-100,binary,100,bot_13,3118,w,5,6.24,25,66.81,70,3.19,0
e1-100,binary,100,bot_13,3118,w,7,7.82,25,69.03,76,6.97,0
e1-100,binary,100,bot_13,3118,w,9,38.11,25,85.6,86,0.4,0
e1-100,binary,100,bot_13,3118,w,11,4.06,25,55.61,85,29.39,0
e1-100,binary,100,bot_13,3118,w,13,21.39,25,68.12,79,10.88,0
e1-100,binary,100,bot_13,3118,w,15,17.15,25,76.11,88,11.89,0
e1-100,binary,100,bot_13,3118,w,17,25.62,25,114.55,165,50.45,0
e1-100,binary,100,bot_13,3118,w,19,12.27,25,102.31,112,9.69,0
e1-100,binary,100,bot_13,3118,w,21,24.1,25,100.3,101,0.7,0
e1-100,binary,100,bot_13,3118,w,23,14.65,25,137.79,147,9.21,0
e1-100,binary,100,bot_13,3118,w,25,49.68,25,87.18,142,54.82,0
e1-100,binary,100,bot_13,3118,w,27,53.79,25,77.34,119,41.66,0
e1-100,binary,100,bot_13,3118,w,29,51.99,25,109.62,159,49.38,0
e1-100,binary,100,bot_13,3118,w,31,52.24,25,99.13,127,27.87,0
e1-100,binary,100,bot_13,3118,w,33,40.87,25,115.83,155,39.17,0
e1-100,binary,100,bot_13,3118,w,35,41.47,25,110.89,150,39.11,0
e1-100,binary,100,bot_13,3118,w,37,26.41,25,144.85,188,43.15,0
e1-100,binary,100,bot_13,3118,w,39,33.92,25,143.27,173,29.73,0
e1-100,binary,100,bot_13,3118,w,41,24.96,25,161.7,183,21.3,0
e1-100,binary,100,bot_13,3118,w,43,27.91,25,163.49,183,19.51,0
e1-100,binary,100,bot_13,3118,w,45,27.76,25,178.88,203,24.12,0
e1-100,binary,100,bot_13,3118,w,47,23.17,25,184.12,199,14.88,0
e1-100,binary,100,bot_13,3118,w,49,99.31,25,222.27,229,6.73,0
e1-100,binary,100,bot_13,3118,w,51,82.22,25,136.09,206,69.91,0
e1-100,binary,100,bot_13,3118,w,53,87.69,25,137.89,206,68.11,0
e1-100,binary,100,bot_13,3118,w,55,63.31,25,142.08,227,84.92,0
e1-100,binary,100,bot_13,3118,w,57,60.8,25,149.44,221,71.56,0
e1-100,binary,100,bot_13,3118,w,59,58.28,25,211.24,291,79.76,0
e1-100,binary,100,bot_14,3118,b,2,22.13,25,87.65,88,0.35,0
e1-100,binary,100,bot_14,3118,b,4,9.72,25,72.34,77,4.66,0
e1-100,binary,100,bot_14,3118,b,6,12.32,25,79.34,79,-0.34,0
e1-100,binary,100,bot_14,3118,b,8,8.2,25,72.28,74,1.72,0
e1-100,binary,100,bot_14,3118,b,10,35.81,25,69.04,101,31.96,0
e1-100,binary,100,bot_14,3118,b,12,17.42,25,88.44,86,-2.44,0
e1-100,binary,100,bot_14,3118,b,14,17.83,25,80.94,97,16.06,0
e1-100,binary,100,bot_14,3118,b,16,57.03,25,100.46,112,11.54,0
e1-100,binary,100,bot_14,3118,b,18,15.72,25,140.47,160,19.53,0
e1-100,binary,100,bot_14,3118,b,20,6.83,25,107.96,114,6.04,0
e1-100,binary,100,bot_14,3118,b,22,15.02,25,176.21,196,19.79,0
e1-100,binary,100,bot_14,3118,b,24,60.44,25,118.67,127,8.33,0
e1-100,binary,100,bot_14,3118,b,26,47.56,25,72.72,115,42.28,0
e1-100,binary,100,bot_14,3118,b,28,55.91,25,106.14,154,47.86,0
e1-100,binary,100,bot_14,3118,b,30,33.96,25,128.22,173,44.78,0
e1-100,binary,100,bot_14,3118,b,32,45.79,25,120.34,166,45.66,0
e1-100,binary,100,bot_14,3118,b,34,44.74,25,168.49,203,34.51,0
e1-100,binary,100,bot_14,3118,b,36,49.79,25,149.92,186,36.08,0
e1-100,binary,100,bot_14,3118,b,38,35.63,25,117.1,138,20.9,0
e1-100,binary,100,bot_14,3118,b,40,31.06,25,168.44,192,23.56,0
e1-100,binary,100,bot_14,3118,b,42,29.8,25,130.06,144,13.94,0
e1-100,binary,100,bot_14,3118,b,44,33.27,25,150.51,168,17.49,0
e1-100,binary,100,bot_14,3118,b,46,23.62,25,180.36,198,17.64,0
e1-100,binary,100,bot_14,3118,b,48,17.26,25,183.28,196,12.72,0
e1-100,binary,100,bot_14,3118,b,50,79.9,25,136.76,225,88.24,0
e1-100,binary,100,bot_14,3118,b,52,77.3,25,152.49,225,72.51,0
e1-100,binary,100,bot_14,3118,b,54,93.97,25,141.38,219,77.62,0
e1-100,binary,100,bot_14,3118,b,56,82.57,25,146.26,200,53.74,0
e1-100,binary,100,bot_14,3118,b,58,90.98,25,161.78,213,51.22,0
e1-100,binary,100,bot_14,3118,b,60,68.63,25,190.27,239,48.73,0
e1-100,binary,100,bot_15,3119,w,1,124.6,25,57.09,174,116.91,0
e1-100,binary,100,bot_15,3119,w,3,10.77,25,59.84,66,6.16,0
e1-100,binary,100,bot_15,3119,w,5,8.01,25,70.41,75,4.59,0
e1-100,binary,100,bot_15,3119,w,7,4.17,25,80.46,83,2.54,0
e1-100,binary,100,bot_15,3119,w,9,13.31,25,81.83,79,-2.83,0
e1-100,binary,100,bot_15,3119,w,11,27.9,25,83.46,107,23.54,0
e1-100,binary,100,bot_15,3119,w,13,23.86,25,53.37,78,24.63,0
e1-100,binary,100,bot_15,3119,w,15,13.87,25,86.45,92,5.55,0
e1-100,binary,100,bot_15,3119,w,17,40.14,25,149.29,156,6.71,0
e1-100,binary,100,bot_15,3119,w,19,26.75,25,84.7,117,32.3,0
e1-100,binary,100,bot_15,3119,w,21,15.31,25,85.64,115,29.36,0
e1-100,binary,100,bot_15,3119,w,23,16.94,25,131.36,157,25.64,0
e1-100,binary,100,bot_15,3119,w,25,77.45,25,114.16,120,5.84,0
e1-100,binary,100,bot_15,3119,w,27,47.39,25,75.52,116,40.48,0
e1-100,binary,100,bot_15,3119,w,29,56.12,25,105.73,163,57.27,0
e1-100,binary,100,bot_15,3119,w,31,41.84,25,92.29,146,53.71,0
e1-100,binary,100,bot_15,3119,w,33,36.43,25,132.14,165,32.86,0
e1-100,binary,100,bot_15,3119,w,35,31.46,25,143.07,187,43.93,0
e1-100,binary,100,bot_15,3119,w,37,29.64,25,165.06,190,24.94,0
e1-100,binary,100,bot_15,3119,w,39,30.97,25,134.78,150,15.22,0
e1-100,binary,100,bot_15,3119,w,41,27.34,25,174.04,182,7.96,0
e1-100,binary,100,bot_15,3119,w,43,18.18,25,145.01,158,12.99,0
e1-100,binary,100,bot_15,3119,w,45,18.06,25,196.04,201,4.96,0
e1-100,binary,100,bot_15,3119,w,47,122.55,25,188.48,195,6.52,0
e1-100,binary,100,bot_15,3119,w,49,117.95,25,118.74,224,105.26,0
e1-100,binary,100,bot_15,3119,w,51,100.22,25,110.24,208,97.76,0
e1-100,binary,100,bot_15,3119,w,53,80.52,25,124.64,220,95.36,0
e1-100,binary,100,bot_15,3119,w,55,81.77,25,160.85,234,73.15,0
e1-100,binary,100,bot_15,3119,w,57,71.56,25,157.53,224,66.47,0
e1-100,binary,100,bot_15,3119,w,59,92.69,25,183.75,263,79.25,0
e1-100,binary,100,bot_16,3119,b,2,15.53,25,61.16,56,-5.16,0
e1-100,binary,100,bot_16,3119,b,4,11.2,25,88,83,-5,0
e1-100,binary,100,bot_16,3119,b,6,8.73,25,70.29,63,-7.29,0
e1-100,binary,100,bot_16,3119,b,8,3.5,25,61.04,50,-11.04,0
e1-100,binary,100,bot_16,3119,b,10,29.64,25,83.25,81,-2.25,0
e1-100,binary,100,bot_16,3119,b,12,30.56,25,64.37,77,12.63,0
e1-100,binary,100,bot_16,3119,b,14,11.11,25,70.02,79,8.98,0
e1-100,binary,100,bot_16,3119,b,16,11.76,25,85.48,84,-1.48,0
e1-100,binary,100,bot_16,3119,b,18,38.08,25,133.54,159,25.46,0
e1-100,binary,100,bot_16,3119,b,20,34.15,25,99.92,112,12.08,0
e1-100,binary,100,bot_16,3119,b,22,30.29,25,147.78,148,0.22,0
e1-100,binary,100,bot_16,3119,b,24,10.88,25,132,133,1,0
e1-100,binary,100,bot_16,3119,b,26,46.21,25,70.17,132,61.83,0
e1-100,binary,100,bot_16,3119,b,28,61.66,25,89.6,122,32.4,0
e1-100,binary,100,bot_16,3119,b,30,59.14,25,112.63,154,41.38,0
e1-100,binary,100,bot_16,3119,b,32,37.78,25,114.04,142,27.96,0
e1-100,binary,100,bot_16,3119,b,34,48.93,25,135.28,157,21.72,0
e1-100,binary,100,bot_16,3119,b,36,29.99,25,141.01,158,16.99,0
e1-100,binary,100,bot_16,3119,b,38,21.58,25,134.34,148,13.66,0
e1-100,binary,100,bot_16,3119,b,40,18.15,25,176.16,192,15.84,0
e1-100,binary,100,bot_16,3119,b,42,21.19,25,144.15,156,11.85,0
e1-100,binary,100,bot_16,3119,b,44,13.05,25,169.57,173,3.43,0
e1-100,binary,100,bot_16,3119,b,46,15.57,25,189.41,191,1.59,0
e1-100,binary,100,bot_16,3119,b,48,114.34,25,90.01,197,106.99,0
e1-100,binary,100,bot_16,3119,b,50,106.03,25,114.43,217,102.57,0
e1-100,binary,100,bot_16,3119,b,52,105.06,25,124.47,209,84.53,0
e1-100,binary,100,bot_16,3119,b,54,80.95,25,143.93,208,64.07,0
e1-100,binary,100,bot_16,3119,b,56,74.79,25,128.02,194,65.98,0
e1-100,binary,100,bot_16,3119,b,58,89.25,25,131.69,188,56.31,0
e1-100,binary,100,bot_16,3119,b,60,90.88,25,170.7,247,76.3,0
e1-100,binary,100,bot_17,3121,w,1,112.82,25,53.64,155,101.36,0
e1-100,binary,100,bot_17,3121,w,3,9.9,25,53.22,75,21.78,0
e1-100,binary,100,bot_17,3121,w,5,4.72,25,70.96,64,-6.96,0
e1-100,binary,100,bot_17,3121,w,7,14.08,25,65.34,69,3.66,0
e1-100,binary,100,bot_17,3121,w,9,11.83,25,83.79,82,-1.79,0
e1-100,binary,100,bot_17,3121,w,11,18.63,25,91.32,87,-4.32,0
e1-100,binary,100,bot_17,3121,w,13,13.91,25,63.46,60,-3.46,0
e1-100,binary,100,bot_17,3121,w,15,14.1,25,83.82,86,2.18,0
e1-100,binary,100,bot_17,3121,w,17,24.28,25,133.92,139,5.08,0
e1-100,binary,100,bot_17,3121,w,19,14.2,25,96.71,102,5.29,0
e1-100,binary,100,bot_17,3121,w,21,49.5,25,101.27,102,0.73,0
e1-100,binary,100,bot_17,3121,w,23,55.87,25,97.29,137,39.71,0
e1-100,binary,100,bot_17,3121,w,25,49.46,25,86.6,118,31.4,0
e1-100,binary,100,bot_17,3121,w,27,35.45,25,87.83,109,21.17,0
e1-100,binary,100,bot_17,3121,w,29,38.99,25,122.43,156,33.57,0
e1-100,binary,100,bot_17,3121,w,31,27.14,25,105.86,137,31.14,0
e1-100,binary,100,bot_17,3121,w,33,24.23,25,143.51,156,12.49,0
e1-100,binary,100,bot_17,3121,w,35,21.75,25,151.56,167,15.44,0
e1-100,binary,100,bot_17,3121,w,37,18.07,25,175.57,179,3.43,0
e1-100,binary,100,bot_17,3121,w,39,17.74,25,148.71,145,-3.71,0
e1-100,binary,100,bot_17,3121,w,41,103.61,25,193.22,185,-8.22,0
e1-100,binary,100,bot_17,3121,w,43,111.6,25,83.04,153,69.96,0
e1-100,binary,100,bot_17,3121,w,45,100.26,25,108.39,203,94.61,0
e1-100,binary,100,bot_17,3121,w,47,95.95,25,107.04,186,78.96,0
e1-100,binary,100,bot_17,3121,w,49,98.98,25,138.23,222,83.77,0
e1-100,binary,100,bot_17,3121,w,51,80.86,25,129.03,202,72.97,0
e1-100,binary,100,bot_17,3121,w,53,68.24,25,137.74,208,70.26,0
e1-100,binary,100,bot_17,3121,w,55,69.62,25,173.01,225,51.99,0
e1-100,binary,100,bot_17,3121,w,57,60.48,25,170.06,213,42.94,0
e1-100,binary,100,bot_17,3121,w,59,73.36,25,202.09,264,61.91,0
e1-100,binary,100,bot_18,3120,w,1,124.84,25,58.83,169,110.17,0
e1-100,binary,100,bot_18,3120,w,3,6.87,25,63.68,61,-2.68,0
e1-100,binary,100,bot_18,3120,w,5,12.64,25,73.66,67,-6.66,0
e1-100,binary,100,bot_18,3120,w,7,16.96,25,62.51,70,7.49,0
e1-100,binary,100,bot_18,3120,w,9,16.12,25,79.72,85,5.28,0
e1-100,binary,100,bot_18,3120,w,11,21.87,25,88.41,93,4.59,0
e1-100,binary,100,bot_18,3120,w,13,17.51,25,60.02,65,4.98,0
e1-100,binary,100,bot_18,3120,w,15,22.37,25,95.53,90,-5.53,0
e1-100,binary,100,bot_18,3120,w,17,30.89,25,126.78,143,16.22,0
e1-100,binary,100,bot_18,3120,w,19,19.43,25,91.71,108,16.29,0
e1-100,binary,100,bot_18,3120,w,21,9.82,25,91.55,103,11.45,0
e1-100,binary,100,bot_18,3120,w,23,63.02,25,90.13,155,64.87,0
e1-100,binary,100,bot_18,3120,w,25,57.12,25,78.89,115,36.11,0
e1-100,binary,100,bot_18,3120,w,27,39.77,25,83.07,111,27.93,0
e1-100,binary,100,bot_18,3120,w,29,45.45,25,116.03,157,40.97,0
e1-100,binary,100,bot_18,3120,w,31,32.28,25,101.25,139,37.75,0
e1-100,binary,100,bot_18,3120,w,33,28.08,25,140,158,18,0
e1-100,binary,100,bot_18,3120,w,35,24.57,25,149.53,175,25.47,0
e1-100,binary,100,bot_18,3120,w,37,21.57,25,172.66,184,11.34,0
e1-100,binary,100,bot_18,3120,w,39,23.5,25,142.67,146,3.33,0
e1-100,binary,100,bot_18,3120,w,41,15.3,25,186.89,185,-1.89,0
e1-100,binary,100,bot_18,3120,w,43,124.06,25,155.08,152,-3.08,0
e1-100,binary,100,bot_18,3120,w,45,105,25,103.64,203,99.36,0
e1-100,binary,100,bot_18,3120,w,47,101.74,25,101.53,189,87.47,0
e1-100,binary,100,bot_18,3120,w,49,103.94,25,133.18,226,92.82,0
e1-100,binary,100,bot_18,3120,w,51,87.4,25,122.51,205,82.49,0
e1-100,binary,100,bot_18,3120,w,53,73.06,25,132.69,213,80.31,0
e1-100,binary,100,bot_18,3120,w,55,73.57,25,169.32,231,61.68,0
e1-100,binary,100,bot_18,3120,w,57,66.12,25,164,216,52,0
e1-100,binary,100,bot_18,3120,w,59,83.33,25,192.43,262,69.57,0
e1-100,binary,100,bot_19,3120,b,2,13.92,25,62.39,64,1.61,0
e1-100,binary,100,bot_19,3120,b,4,16.06,25,91.86,86,-5.86,0
e1-100,binary,100,bot_19,3120,b,6,22.18,25,72.6,74,1.4,0
e1-100,binary,100,bot_19,3120,b,8,17.84,25,57.62,63,5.38,0
e1-100,binary,100,bot_19,3120,b,10,17.45,25,67.52,72,4.48,0
e1-100,binary,100,bot_19,3120,b,12,17.62,25,76.93,87,10.07,0
e1-100,binary,100,bot_19,3120,b,14,5.55,25,75.38,81,5.62,0
e1-100,binary,100,bot_19,3120,b,16,29.86,25,82.09,93,10.91,0
e1-100,binary,100,bot_19,3120,b,18,28.44,25,142.78,162,19.22,0
e1-100,binary,100,bot_19,3120,b,20,23.08,25,110.66,118,7.34,0
e1-100,binary,100,bot_19,3120,b,22,76.6,25,166.14,164,-2.14,0
e1-100,binary,100,bot_19,3120,b,24,49.61,25,79.08,130,50.92,0
e1-100,binary,100,bot_19,3120,b,26,39.15,25,77.09,122,44.91,0
e1-100,binary,100,bot_19,3120,b,28,53.57,25,98.12,126,27.88,0
e1-100,binary,100,bot_19,3120,b,30,51.42,25,120.58,153,32.42,0
e1-100,binary,100,bot_19,3120,b,32,31.03,25,121.46,142,20.54,0
e1-100,binary,100,bot_19,3120,b,34,37.41,25,147.45,163,15.55,0
e1-100,binary,100,bot_19,3120,b,36,22.32,25,149.34,162,12.66,0
e1-100,binary,100,bot_19,3120,b,38,15.2,25,140.25,151,10.75,0
e1-100,binary,100,bot_19,3120,b,40,12.02,25,181.44,192,10.56,0
e1-100,binary,100,bot_19,3120,b,42,12,25,152.92,155,2.08,0
e1-100,binary,100,bot_19,3120,b,44,113.72,25,66.98,178,111.02,0
e1-100,binary,100,bot_19,3120,b,46,101.52,25,103.72,195,91.28,0
e1-100,binary,100,bot_19,3120,b,48,107.04,25,96.46,183,86.54,0
e1-100,binary,100,bot_19,3120,b,50,96.26,25,124.14,214,89.86,0
e1-100,binary,100,bot_19,3120,b,52,93.86,25,135.51,209,73.49,0
e1-100,binary,100,bot_19,3120,b,54,74.47,25,150.33,209,58.67,0
e1-100,binary,100,bot_19,3120,b,56,67.3,25,134.77,195,60.23,0
e1-100,binary,100,bot_19,3120,b,58,82.4,25,138.32,191,52.68,0
e1-100,binary,100,bot_19,3120,b,60,80.41,25,183.34,252,68.66,0
e1-100,binary,100,bot_20,3121,b,2,42.76,25,64.3,71,6.7,0
e1-100,binary,100,bot_20,3121,b,4,8.38,25,77.18,73,-4.18,0
e1-100,binary,100,bot_20,3121,b,6,18.54,25,76.17,68,-8.17,0
e1-100,binary,100,bot_20,3121,b,8,13.15,25,62.52,63,0.48,0
e1-100,binary,100,bot_20,3121,b,10,10.19,25,74.6,74,-0.6,0
e1-100,binary,100,bot_20,3121,b,12,11.04,25,83.65,90,6.35,0
e1-100,binary,100,bot_20,3121,b,14,16.91,25,84.59,85,0.41,0
e1-100,binary,100,bot_20,3121,b,16,20.31,25,91.56,93,1.44,0
e1-100,binary,100,bot_20,3121,b,18,19.66,25,151.62,163,11.38,0
e1-100,binary,100,bot_20,3121,b,20,14.8,25,119.03,120,0.97,0
e1-100,binary,100,bot_20,3121,b,22,53.79,25,140.27,175,34.73,0
e1-100,binary,100,bot_20,3121,b,24,45.31,25,82.37,126,43.63,0
e1-100,binary,100,bot_20,3121,b,26,35.11,25,81.13,117,35.87,0
e1-100,binary,100,bot_20,3121,b,28,48.83,25,102.81,126,23.19,0
e1-100,binary,100,bot_20,3121,b,30,46.18,25,126.16,152,25.84,0
e1-100,binary,100,bot_20,3121,b,32,26.76,25,126.11,141,14.89,0
e1-100,binary,100,bot_20,3121,b,34,29.7,25,156.06,167,10.94,0
e1-100,binary,100,bot_20,3121,b,36,18.34,25,154.28,163,8.72,0
e1-100,binary,100,bot_20,3121,b,38,10.47,25,144.71,150,5.29,0
e1-100,binary,100,bot_20,3121,b,40,8.38,25,184.8,188,3.2,0
e1-100,binary,100,bot_20,3121,b,42,84.66,25,71.04,160,88.96,0
e1-100,binary,100,bot_20,3121,b,44,110.61,25,69.49,166,96.51,0
e1-100,binary,100,bot_20,3121,b,46,95.49,25,109.99,195,85.01,0
e1-100,binary,100,bot_20,3121,b,48,99.75,25,103.7,184,80.3,0
e1-100,binary,100,bot_20,3121,b,50,89.76,25,130.31,214,83.69,0
e1-100,binary,100,bot_20,3121,b,52,85.72,25,143.73,210,66.27,0
e1-100,binary,100,bot_20,3121,b,54,69.36,25,155.66,210,54.34,0
e1-100,binary,100,bot_20,3121,b,56,59.41,25,142.26,196,53.74,0
e1-100,binary,100,bot_20,3121,b,58,77.42,25,143.15,189,45.85,0
e1-100,binary,100,bot_20,3121,b,60,73.53,25,190.49,250,59.51,0
e1-100,binary,100,bot_21,3122,w,1,99.83,25,63.27,154,90.73,0
e1-100,binary,100,bot_21,3122,w,3,5.43,25,58.34,78,19.66,0
e1-100,binary,100,bot_21,3122,w,5,11.75,25,54.57,66,11.43,0
e1-100,binary,100,bot_21,3122,w,7,10.36,25,68.71,70,1.29,0
e1-100,binary,100,bot_21,3122,w,9,8.11,25,87.78,82,-5.78,0
e1-100,binary,100,bot_21,3122,w,11,15.78,25,71.34,86,14.66,0
e1-100,binary,100,bot_21,3122,w,13,8.67,25,68.32,64,-4.32,0
e1-100,binary,100,bot_21,3122,w,15,8.79,25,88.94,88,-0.94,0
e1-100,binary,100,bot_21,3122,w,17,16.99,25,141.1,141,-0.1,0
e1-100,binary,100,bot_21,3122,w,19,58.8,25,100.83,101,0.17,0
e1-100,binary,100,bot_21,3122,w,21,45.74,25,74.77,91,16.23,0
e1-100,binary,100,bot_21,3122,w,23,48.35,25,105.06,137,31.94,0
e1-100,binary,100,bot_21,3122,w,25,39.7,25,96.25,122,25.75,0
e1-100,binary,100,bot_21,3122,w,27,26.86,25,96.28,116,19.72,0
e1-100,binary,100,bot_21,3122,w,29,27.57,25,133.34,162,28.66,0
e1-100,binary,100,bot_21,3122,w,31,20.69,25,111.79,137,25.21,0
e1-100,binary,100,bot_21,3122,w,33,18.12,25,149.17,159,9.83,0
e1-100,binary,100,bot_21,3122,w,35,13.57,25,157.42,168,10.58,0
e1-100,binary,100,bot_21,3122,w,37,103.57,25,184.72,184,-0.72,0
e1-100,binary,100,bot_21,3122,w,39,86.04,25,84.78,162,77.22,0
e1-100,binary,100,bot_21,3122,w,41,77.56,25,109.58,198,88.42,0
e1-100,binary,100,bot_21,3122,w,43,98.14,25,97.15,158,60.85,0
e1-100,binary,100,bot_21,3122,w,45,90.55,25,118.26,208,89.74,0
e1-100,binary,100,bot_21,3122,w,47,87.67,25,115.88,186,70.12,0
e1-100,binary,100,bot_21,3122,w,49,82.72,25,155.45,226,70.55,0
e1-100,binary,100,bot_21,3122,w,51,68.66,25,141.45,200,58.55,0
e1-100,binary,100,bot_21,3122,w,53,56.61,25,150.7,203,52.3,0
e1-100,binary,100,bot_21,3122,w,55,58.27,25,185.15,229,43.85,0
e1-100,binary,100,bot_21,3122,w,57,47.22,25,185.21,218,32.79,0
e1-100,binary,100,bot_21,3122,w,59,47.95,25,226.7,278,51.3,0
e1-100,binary,100,bot_22,3122,b,2,42.17,25,66.13,70,3.87,0
e1-100,binary,100,bot_22,3122,b,4,24.45,25,81.02,75,-6.02,0
e1-100,binary,100,bot_22,3122,b,6,14.17,25,68.82,70,1.18,0
e1-100,binary,100,bot_22,3122,b,8,8.32,25,67.65,66,-1.65,0
e1-100,binary,100,bot_22,3122,b,10,27.78,25,79.07,75,-4.07,0
e1-100,binary,100,bot_22,3122,b,12,8.37,25,86.9,92,5.1,0
e1-100,binary,100,bot_22,3122,b,14,11.81,25,90.1,87,-3.1,0
e1-100,binary,100,bot_22,3122,b,16,12.63,25,99.22,97,-2.22,0
e1-100,binary,100,bot_22,3122,b,18,13.69,25,157.41,162,4.59,0
e1-100,binary,100,bot_22,3122,b,20,29.5,25,86.23,135,48.77,0
e1-100,binary,100,bot_22,3122,b,22,45.61,25,148.18,183,34.82,0
e1-100,binary,100,bot_22,3122,b,24,38.9,25,88.02,126,37.98,0
e1-100,binary,100,bot_22,3122,b,26,31.75,25,85.16,114,28.84,0
e1-100,binary,100,bot_22,3122,b,28,42.07,25,109.66,126,16.34,0
e1-100,binary,100,bot_22,3122,b,30,38.91,25,133.82,151,17.18,0
e1-100,binary,100,bot_22,3122,b,32,22.97,25,130.4,139,8.6,0
e1-100,binary,100,bot_22,3122,b,34,23.98,25,164.42,172,7.58,0
e1-100,binary,100,bot_22,3122,b,36,12.59,25,160.51,164,3.49,0
e1-100,binary,100,bot_22,3122,b,38,89.01,25,62.86,155,92.14,0
e1-100,binary,100,bot_22,3122,b,40,101.98,25,106.15,180,73.85,0
e1-100,binary,100,bot_22,3122,b,42,75.92,25,79.58,146,66.42,0
e1-100,binary,100,bot_22,3122,b,44,102.99,25,77.24,164,86.76,0
e1-100,binary,100,bot_22,3122,b,46,83.45,25,121.67,202,80.33,0
e1-100,binary,100,bot_22,3122,b,48,84.73,25,117.59,195,77.41,0
e1-100,binary,100,bot_22,3122,b,50,71.97,25,147.09,218,70.91,0
e1-100,binary,100,bot_22,3122,b,52,65.75,25,163.61,222,58.39,0
e1-100,binary,100,bot_22,3122,b,54,57.39,25,166.75,213,46.25,0
e1-100,binary,100,bot_22,3122,b,56,46.31,25,154.45,201,46.55,0
e1-100,binary,100,bot_22,3122,b,58,65.03,25,154.87,192,37.13,0
e1-100,binary,100,bot_22,3122,b,60,63.75,25,201.12,238,36.88,0
e1-100,binary,100,bot_23,3123,b,2,9.53,25,54.49,86,31.51,0
e1-100,binary,100,bot_23,3123,b,4,13.97,25,72.99,75,2.01,0
e1-100,binary,100,bot_23,3123,b,6,11.66,25,67.45,80,12.55,0
e1-100,binary,100,bot_23,3123,b,8,9.43,25,86.52,92,5.48,0
e1-100,binary,100,bot_23,3123,b,10,16.67,25,70.68,95,24.32,0
e1-100,binary,100,bot_23,3123,b,12,10.58,25,66.46,73,6.54,0
e1-100,binary,100,bot_23,3123,b,14,11.14,25,86.42,98,11.58,0
e1-100,binary,100,bot_23,3123,b,16,19.56,25,138.5,150,11.5,0
e1-100,binary,100,bot_23,3123,b,18,11.6,25,99.14,111,11.86,0
e1-100,binary,100,bot_23,3123,b,20,47.68,25,73.1,111,37.9,0
e1-100,binary,100,bot_23,3123,b,22,51.69,25,101.67,145,43.33,0
e1-100,binary,100,bot_23,3123,b,24,42.83,25,93.12,130,36.88,0
e1-100,binary,100,bot_23,3123,b,26,29.39,25,93.83,124,30.17,0
e1-100,binary,100,bot_23,3123,b,28,30.29,25,130.7,171,40.3,0
e1-100,binary,100,bot_23,3123,b,30,22.29,25,110.28,149,38.72,0
e1-100,binary,100,bot_23,3123,b,32,19.83,25,147.59,170,22.41,0
e1-100,binary,100,bot_23,3123,b,34,15.72,25,156.58,179,22.42,0
e1-100,binary,100,bot_23,3123,b,36,12.22,25,181.57,194,12.43,0
e1-100,binary,100,bot_23,3123,b,38,91.69,25,79.48,175,95.52,0
e1-100,binary,100,bot_23,3123,b,40,80.34,25,106.83,207,100.17,0
e1-100,binary,100,bot_23,3123,b,42,100.7,25,94.7,169,74.3,0
e1-100,binary,100,bot_23,3123,b,44,91.95,25,117.01,218,100.99,0
e1-100,binary,100,bot_23,3123,b,46,88.79,25,114.64,196,81.36,0
e1-100,binary,100,bot_23,3123,b,48,84.94,25,153.1,239,85.9,0
e1-100,binary,100,bot_23,3123,b,50,70.47,25,139.69,212,72.31,0
e1-100,binary,100,bot_23,3123,b,52,57.85,25,149.44,215,65.56,0
e1-100,binary,100,bot_23,3123,b,54,59.72,25,183.79,239,55.21,0
e1-100,binary,100,bot_23,3123,b,56,48.34,25,184.01,227,42.99,0
e1-100,binary,100,bot_23,3123,b,58,49.66,25,225.13,287,61.87,0
e1-100,binary,100,bot_23,3123,b,60,35.82,25,192.38,253,60.62,0
e1-100,binary,100,bot_24,3124,w,1,26.53,25,81.87,87,5.13,0
e1-100,binary,100,bot_24,3124,w,3,15.02,25,66.02,80,13.98,0
e1-100,binary,100,bot_24,3124,w,5,22.52,25,77.58,78,0.42,0
e1-100,binary,100,bot_24,3124,w,7,12.78,25,67.13,78,10.87,0
e1-100,binary,100,bot_24,3124,w,9,13.63,25,80.47,87,6.53,0
e1-100,binary,100,bot_24,3124,w,11,22.29,25,94.64,94,-0.64,0
e1-100,binary,100,bot_24,3124,w,13,26.56,25,72.29,96,23.71,0
e1-100,binary,100,bot_24,3124,w,15,65.97,25,90.99,111,20.01,0
e1-100,binary,100,bot_24,3124,w,17,24.27,25,132.9,164,31.1,0
e1-100,binary,100,bot_24,3124,w,19,11.32,25,103.96,123,19.04,0
e1-100,binary,100,bot_24,3124,w,21,22.04,25,170.11,198,27.89,0
e1-100,binary,100,bot_24,3124,w,23,14.45,25,112.32,132,19.68,0
e1-100,binary,100,bot_24,3124,w,25,13.2,25,105.48,114,8.52,0
e1-100,binary,100,bot_24,3124,w,27,82.11,25,142.64,148,5.36,0
e1-100,binary,100,bot_24,3124,w,29,47.27,25,117.12,183,65.88,0
e1-100,binary,100,bot_24,3124,w,31,64.56,25,99.68,170,70.32,0
e1-100,binary,100,bot_24,3124,w,33,71.1,25,142.19,205,62.81,0
e1-100,binary,100,bot_24,3124,w,35,83.65,25,114.15,171,56.85,0
e1-100,binary,100,bot_24,3124,w,37,54.57,25,96.72,139,42.28,0
e1-100,binary,100,bot_24,3124,w,39,49.85,25,152.3,190,37.7,0
e1-100,binary,100,bot_24,3124,w,41,44.01,25,114.46,144,29.54,0
e1-100,binary,100,bot_24,3124,w,43,58.21,25,124.25,158,33.75,0
e1-100,binary,100,bot_24,3124,w,45,42.46,25,162.17,201,38.83,0
e1-100,binary,100,bot_24,3124,w,47,33.48,25,167.85,197,29.15,0
e1-100,binary,100,bot_24,3124,w,49,23.32,25,191.66,222,30.34,0
e1-100,binary,100,bot_24,3124,w,51,18.4,25,212.15,227,14.85,0
e1-100,binary,100,bot_24,3124,w,53,16.83,25,204.99,220,15.01,0
e1-100,binary,100,bot_24,3124,w,55,106.89,25,122.53,208,85.47,0
e1-100,binary,100,bot_24,3124,w,57,104.93,25,146.42,218,71.58,0
e1-100,binary,100,bot_24,3124,w,59,83.68,25,174.56,258,83.44,0
e1-100,binary,100,bot_25,3123,w,1,37.73,25,68.13,83,14.87,0
e1-100,binary,100,bot_25,3123,w,3,5.25,25,79.54,85,5.46,0
e1-100,binary,100,bot_25,3123,w,5,15.17,25,68.67,80,11.33,0
e1-100,binary,100,bot_25,3123,w,7,9.14,25,66.71,76,9.29,0
e1-100,binary,100,bot_25,3123,w,9,27.91,25,78.47,85,6.53,0
e1-100,binary,100,bot_25,3123,w,11,9.54,25,85.56,101,15.44,0
e1-100,binary,100,bot_25,3123,w,13,14.36,25,87.32,96,8.68,0
e1-100,binary,100,bot_25,3123,w,15,14.45,25,97.73,106,8.27,0
e1-100,binary,100,bot_25,3123,w,17,15.66,25,155.54,173,17.46,0
e1-100,binary,100,bot_25,3123,w,19,40.63,25,123.62,133,9.38,0
e1-100,binary,100,bot_25,3123,w,21,46.57,25,147.45,192,44.55,0
e1-100,binary,100,bot_25,3123,w,23,40.13,25,87.11,136,48.89,0
e1-100,binary,100,bot_25,3123,w,25,32.22,25,83.97,123,39.03,0
e1-100,binary,100,bot_25,3123,w,27,43.68,25,107.99,134,26.01,0
e1-100,binary,100,bot_25,3123,w,29,41.72,25,130.78,159,28.22,0
e1-100,binary,100,bot_25,3123,w,31,24.35,25,128.69,149,20.31,0
e1-100,binary,100,bot_25,3123,w,33,25.13,25,160.97,179,18.03,0
e1-100,binary,100,bot_25,3123,w,35,14.27,25,158.47,172,13.53,0
e1-100,binary,100,bot_25,3123,w,37,97.52,25,147.89,157,9.11,0
e1-100,binary,100,bot_25,3123,w,39,106,25,102.95,189,86.05,0
e1-100,binary,100,bot_25,3123,w,41,79.58,25,75.45,151,75.55,0
e1-100,binary,100,bot_25,3123,w,43,105.73,25,74.18,170,95.82,0
e1-100,binary,100,bot_25,3123,w,45,88.7,25,116.36,204,87.64,0
e1-100,binary,100,bot_25,3123,w,47,89.62,25,113.17,197,83.83,0
e1-100,binary,100,bot_25,3123,w,49,78.59,25,140.8,221,80.2,0
e1-100,binary,100,bot_25,3123,w,51,72.04,25,157.21,224,66.79,0
e1-100,binary,100,bot_25,3123,w,53,60.84,25,163.4,216,52.6,0
e1-100,binary,100,bot_25,3123,w,55,49.57,25,151.12,206,54.88,0
e1-100,binary,100,bot_25,3123,w,57,67.84,25,152.1,195,42.9,0
e1-100,binary,100,bot_25,3123,w,59,66.57,25,197.95,243,45.05,0
e1-100,binary,100,bot_26,3124,b,2,17.77,25,68.74,87,18.26,0
e1-100,binary,100,bot_26,3124,b,4,6.16,25,58.21,66,7.79,0
e1-100,binary,100,bot_26,3124,b,6,14.93,25,63.34,77,13.66,0
e1-100,binary,100,bot_26,3124,b,8,11.25,25,80.54,85,4.46,0
e1-100,binary,100,bot_26,3124,b,10,4.6,25,86.48,93,6.52,0
e1-100,binary,100,bot_26,3124,b,12,28.31,25,60.92,76,15.08,0
e1-100,binary,100,bot_26,3124,b,14,23.61,25,70.46,89,18.54,0
e1-100,binary,100,bot_26,3124,b,16,35.78,25,103.48,162,58.52,0
e1-100,binary,100,bot_26,3124,b,18,22.77,25,91.96,109,17.04,0
e1-100,binary,100,bot_26,3124,b,20,31.77,25,91.59,96,4.41,0
e1-100,binary,100,bot_26,3124,b,22,24.8,25,127.81,141,13.19,0
e1-100,binary,100,bot_26,3124,b,24,11.89,25,123.56,130,6.44,0
e1-100,binary,100,bot_26,3124,b,26,9.64,25,111.37,117,5.63,0
e1-100,binary,100,bot_26,3124,b,28,70.88,25,90.06,164,73.94,0
e1-100,binary,100,bot_26,3124,b,30,73.69,25,77.81,117,39.19,0
e1-100,binary,100,bot_26,3124,b,32,66.27,25,92.19,150,57.81,0
e1-100,binary,100,bot_26,3124,b,34,60.89,25,91.72,154,62.28,0
e1-100,binary,100,bot_26,3124,b,36,46.86,25,126.2,201,74.8,0
e1-100,binary,100,bot_26,3124,b,38,46.2,25,130.36,177,46.64,0
e1-100,binary,100,bot_26,3124,b,40,37.64,25,149.16,188,38.84,0
e1-100,binary,100,bot_26,3124,b,42,42.54,25,150.02,183,32.98,0
e1-100,binary,100,bot_26,3124,b,44,47.56,25,159.42,207,47.58,0
e1-100,binary,100,bot_26,3124,b,46,36.7,25,169.11,200,30.89,0
e1-100,binary,100,bot_26,3124,b,48,38.28,25,202.47,225,22.53,0
e1-100,binary,100,bot_26,3124,b,50,21.85,25,187.65,200,12.35,0
e1-100,binary,100,bot_26,3124,b,52,22.87,25,187.43,195,7.57,0
e1-100,binary,100,bot_26,3124,b,54,94.75,25,227.94,235,7.06,0
e1-100,binary,100,bot_26,3124,b,56,79.32,25,132.22,228,95.78,0
e1-100,binary,100,bot_26,3124,b,58,91.65,25,179.16,273,93.84,0
e1-100,binary,100,bot_26,3124,b,60,68.29,25,138.35,211,72.65,0
e1-100,binary,100,bot_27,3125,w,1,19,25,82.82,82,-0.82,0
e1-100,binary,100,bot_27,3125,w,3,21.37,25,56,84,28,0
e1-100,binary,100,bot_27,3125,w,5,14.77,25,60.31,76,15.69,0
e1-100,binary,100,bot_27,3125,w,7,23.93,25,80.31,79,-1.31,0
e1-100,binary,100,bot_27,3125,w,9,22.24,25,82.54,101,18.46,0
e1-100,binary,100,bot_27,3125,w,11,9.17,25,75.09,84,8.91,0
e1-100,binary,100,bot_27,3125,w,13,9.02,25,89.37,94,4.63,0
e1-100,binary,100,bot_27,3125,w,15,60.86,25,128.51,161,32.49,0
e1-100,binary,100,bot_27,3125,w,17,40.45,25,71.98,148,76.02,0
e1-100,binary,100,bot_27,3125,w,19,32.01,25,70.32,123,52.68,0
e1-100,binary,100,bot_27,3125,w,21,44.57,25,104.26,176,71.74,0
e1-100,binary,100,bot_27,3125,w,23,38.45,25,87.01,115,27.99,0
e1-100,binary,100,bot_27,3125,w,25,22.55,25,97.35,119,21.65,0
e1-100,binary,100,bot_27,3125,w,27,24.94,25,137.27,162,24.73,0
e1-100,binary,100,bot_27,3125,w,29,15.86,25,143.73,160,16.27,0
e1-100,binary,100,bot_27,3125,w,31,19.66,25,149.09,157,7.91,0
e1-100,binary,100,bot_27,3125,w,33,55.24,25,199.53,209,9.47,0
e1-100,binary,100,bot_27,3125,w,35,50.87,25,144.54,195,50.46,0
e1-100,binary,100,bot_27,3125,w,37,45.43,25,119.39,154,34.61,0
e1-100,binary,100,bot_27,3125,w,39,55.01,25,146.03,184,37.97,0
e1-100,binary,100,bot_27,3125,w,41,38.91,25,125.49,155,29.51,0
e1-100,binary,100,bot_27,3125,w,43,41.49,25,171.71,195,23.29,0
e1-100,binary,100,bot_27,3125,w,45,26.12,25,171.66,198,26.34,0
e1-100,binary,100,bot_27,3125,w,47,32.2,25,196.88,219,22.12,0
e1-100,binary,100,bot_27,3125,w,49,20.04,25,193.02,212,18.98,0
e1-100,binary,100,bot_27,3125,w,51,23.44,25,204.22,226,21.78,0
e1-100,binary,100,bot_27,3125,w,53,22.92,25,215.36,227,11.64,0
e1-100,binary,100,bot_27,3125,w,55,109.54,25,213.69,221,7.31,0
e1-100,binary,100,bot_27,3125,w,57,123.05,25,155.27,251,95.73,0
e1-100,binary,100,bot_27,3125,w,59,86.55,25,145.14,247,101.86,0
e1-100,binary,100,bot_28,3125,b,2,35.7,25,81.49,95,13.51,0
e1-100,binary,100,bot_28,3125,b,4,22.53,25,56.11,73,16.89,0
e1-100,binary,100,bot_28,3125,b,6,4.93,25,57.46,68,10.54,0
e1-100,binary,100,bot_28,3125,b,8,24.96,25,67.81,87,19.19,0
e1-100,binary,100,bot_28,3125,b,10,15.72,25,64.51,82,17.49,0
e1-100,binary,100,bot_28,3125,b,12,11.09,25,79.71,84,4.29,0
e1-100,binary,100,bot_28,3125,b,14,38.67,25,85.75,90,4.25,0
e1-100,binary,100,bot_28,3125,b,16,83.72,25,88.09,144,55.91,0
e1-100,binary,100,bot_28,3125,b,18,57.98,25,75.89,111,35.11,0
e1-100,binary,100,bot_28,3125,b,20,80.28,25,94.89,121,26.11,0
e1-100,binary,100,bot_28,3125,b,22,34.74,25,109.12,148,38.88,0
e1-100,binary,100,bot_28,3125,b,24,27.66,25,107.12,140,32.88,0
e1-100,binary,100,bot_28,3125,b,26,32,25,100.22,119,18.78,0
e1-100,binary,100,bot_28,3125,b,28,22.32,25,139.81,160,20.19,0
e1-100,binary,100,bot_28,3125,b,30,14.33,25,137.22,149,11.78,0
e1-100,binary,100,bot_28,3125,b,32,14.99,25,141.22,157,15.78,0
e1-100,binary,100,bot_28,3125,b,34,57.65,25,113.57,164,50.43,0
e1-100,binary,100,bot_28,3125,b,36,39.62,25,117.14,163,45.86,0
e1-100,binary,100,bot_28,3125,b,38,47.63,25,147.33,184,36.67,0
e1-100,binary,100,bot_28,3125,b,40,40.04,25,125.39,171,45.61,0
e1-100,binary,100,bot_28,3125,b,42,33.34,25,149.23,179,29.77,0
e1-100,binary,100,bot_28,3125,b,44,36.41,25,167.89,201,33.11,0
e1-100,binary,100,bot_28,3125,b,46,31.5,25,172.74,190,17.26,0
e1-100,binary,100,bot_28,3125,b,48,29.57,25,202.39,226,23.61,0
e1-100,binary,100,bot_28,3125,b,50,32.63,25,189.19,200,10.81,0
e1-100,binary,100,bot_28,3125,b,52,21.94,25,201.23,216,14.77,0
e1-100,binary,100,bot_28,3125,b,54,18.73,25,187.63,202,14.37,0
e1-100,binary,100,bot_28,3125,b,56,106.37,25,114.93,216,101.07,0
e1-100,binary,100,bot_28,3125,b,58,112.54,25,147.71,262,114.29,0
e1-100,binary,100,bot_28,3125,b,60,82.2,25,120.6,197,76.4,0
e1-100,binary,100,bot_29,3126,w,1,18.88,25,82.62,85,2.38,0
e1-100,binary,100,bot_29,3126,w,3,17.07,25,60.83,83,22.17,0
e1-100,binary,100,bot_29,3126,w,5,6.01,25,68.98,82,13.02,0
e1-100,binary,100,bot_29,3126,w,7,21.55,25,72.24,81,8.76,0
e1-100,binary,100,bot_29,3126,w,9,17.36,25,86.89,101,14.11,0
e1-100,binary,100,bot_29,3126,w,11,14.52,25,76.82,84,7.18,0
e1-100,binary,100,bot_29,3126,w,13,25.06,25,75.37,94,18.63,0
e1-100,binary,100,bot_29,3126,w,15,52.75,25,136.34,157,20.66,0
e1-100,binary,100,bot_29,3126,w,17,36.42,25,75.97,141,65.03,0
e1-100,binary,100,bot_29,3126,w,19,25.47,25,75.73,118,42.27,0
e1-100,binary,100,bot_29,3126,w,21,34.1,25,114.71,176,61.29,0
e1-100,binary,100,bot_29,3126,w,23,28.62,25,97.31,116,18.69,0
e1-100,binary,100,bot_29,3126,w,25,15.57,25,104.29,118,13.71,0
e1-100,binary,100,bot_29,3126,w,27,15.9,25,146.15,160,13.85,0
e1-100,binary,100,bot_29,3126,w,29,62.88,25,149.3,159,9.7,0
e1-100,binary,100,bot_29,3126,w,31,49.97,25,119.99,164,44.01,0
e1-100,binary,100,bot_29,3126,w,33,38.68,25,136.57,200,63.43,0
e1-100,binary,100,bot_29,3126,w,35,41.79,25,153.82,194,40.18,0
e1-100,binary,100,bot_29,3126,w,37,39.81,25,125.24,152,26.76,0
e1-100,binary,100,bot_29,3126,w,39,42.94,25,158.47,184,25.53,0
e1-100,binary,100,bot_29,3126,w,41,30.42,25,132.92,155,22.08,0
e1-100,binary,100,bot_29,3126,w,43,32.66,25,181.27,196,14.73,0
e1-100,binary,100,bot_29,3126,w,45,18.26,25,178.83,197,18.17,0
e1-100,binary,100,bot_29,3126,w,47,22.97,25,207.03,213,5.97,0
e1-100,binary,100,bot_29,3126,w,49,12.34,25,200.78,209,8.22,0
e1-100,binary,100,bot_29,3126,w,51,103.71,25,215.5,224,8.5,0
e1-100,binary,100,bot_29,3126,w,53,92.97,25,150.77,232,81.23,0
e1-100,binary,100,bot_29,3126,w,55,85.81,25,142.39,221,78.61,0
e1-100,binary,100,bot_29,3126,w,57,112,25,165.35,253,87.65,0
e1-100,binary,100,bot_29,3126,w,59,72.61,25,158.35,245,86.65,0
e1-100,binary,100,bot_30,3126,b,2,29.38,25,72.63,84,11.37,0
e1-100,binary,100,bot_30,3126,b,4,19.72,25,59.12,70,10.88,0
e1-100,binary,100,bot_30,3126,b,6,14.5,25,58.86,59,0.14,0
e1-100,binary,100,bot_30,3126,b,8,20.07,25,72.35,87,14.65,0
e1-100,binary,100,bot_30,3126,b,10,13.08,25,67.52,79,11.48,0
e1-100,binary,100,bot_30,3126,b,12,26.24,25,85.14,93,7.86,0
e1-100,binary,100,bot_30,3126,b,14,27.44,25,68.53,88,19.47,0
e1-100,binary,100,bot_30,3126,b,16,71.22,25,100.26,146,45.74,0
e1-100,binary,100,bot_30,3126,b,18,48.39,25,86.22,116,29.78,0
e1-100,binary,100,bot_30,3126,b,20,68.31,25,107.66,128,20.34,0
e1-100,binary,100,bot_30,3126,b,22,24.85,25,118.33,147,28.67,0
e1-100,binary,100,bot_30,3126,b,24,19.38,25,114.78,137,22.22,0
e1-100,binary,100,bot_30,3126,b,26,21.13,25,111.79,122,10.21,0
e1-100,binary,100,bot_30,3126,b,28,15.85,25,146.37,157,10.63,0
e1-100,binary,100,bot_30,3126,b,30,50.96,25,100.52,158,57.48,0
e1-100,binary,100,bot_30,3126,b,32,70.08,25,112.25,155,42.75,0
e1-100,binary,100,bot_30,3126,b,34,47.32,25,123.44,156,32.56,0
e1-100,binary,100,bot_30,3126,b,36,32.35,25,124.24,160,35.76,0
e1-100,binary,100,bot_30,3126,b,38,35.91,25,158.43,188,29.57,0
e1-100,binary,100,bot_30,3126,b,40,31.54,25,134.55,168,33.45,0
e1-100,binary,100,bot_30,3126,b,42,24.65,25,157.96,179,21.04,0
e1-100,binary,100,bot_30,3126,b,44,27.91,25,176.32,200,23.68,0
e1-100,binary,100,bot_30,3126,b,46,15.94,25,188.52,196,7.48,0
e1-100,binary,100,bot_30,3126,b,48,18.34,25,212.68,225,12.32,0
e1-100,binary,100,bot_30,3126,b,50,18.95,25,203.33,206,2.67,0
e1-100,binary,100,bot_30,3126,b,52,91.12,25,133.53,228,94.47,0
e1-100,binary,100,bot_30,3126,b,54,87.84,25,115.73,200,84.27,0
e1-100,binary,100,bot_30,3126,b,56,98.04,25,123.16,199,75.84,0
e1-100,binary,100,bot_30,3126,b,58,96.42,25,164.58,267,102.42,0
e1-100,binary,100,bot_30,3126,b,60,67.84,25,136.04,198,61.96,0
e1-100,binary,100,bot_31,3127,w,1,17.78,25,78.2,76,-2.2,0
e1-100,binary,100,bot_31,3127,w,3,14.78,25,63.33,81,17.67,0
e1-100,binary,100,bot_31,3127,w,5,13.4,25,71.04,79,7.96,0
e1-100,binary,100,bot_31,3127,w,7,19.64,25,74.83,77,2.17,0
e1-100,binary,100,bot_31,3127,w,9,13.67,25,90.3,100,9.7,0
e1-100,binary,100,bot_31,3127,w,11,5.53,25,86.29,86,-0.29,0
e1-100,binary,100,bot_31,3127,w,13,21.48,25,78.93,92,13.07,0
e1-100,binary,100,bot_31,3127,w,15,47.74,25,141.35,156,14.65,0
e1-100,binary,100,bot_31,3127,w,17,33.4,25,78.79,123,44.21,0
e1-100,binary,100,bot_31,3127,w,19,22.7,25,78.35,115,36.65,0
e1-100,binary,100,bot_31,3127,w,21,29.37,25,119.39,173,53.61,0
e1-100,binary,100,bot_31,3127,w,23,24.24,25,101.93,114,12.07,0
e1-100,binary,100,bot_31,3127,w,25,12.44,25,106.76,115,8.24,0
e1-100,binary,100,bot_31,3127,w,27,80.85,25,149.98,159,9.02,0
e1-100,binary,100,bot_31,3127,w,29,51.77,25,83.31,148,64.69,0
e1-100,binary,100,bot_31,3127,w,31,46.01,25,123.41,164,40.59,0
e1-100,binary,100,bot_31,3127,w,33,37.77,25,137.55,195,57.45,0
e1-100,binary,100,bot_31,3127,w,35,39.12,25,156.48,192,35.52,0
e1-100,binary,100,bot_31,3127,w,37,38.45,25,126.74,149,22.26,0
e1-100,binary,100,bot_31,3127,w,39,39.96,25,161.01,182,20.99,0
e1-100,binary,100,bot_31,3127,w,41,28.27,25,134.97,153,18.03,0
e1-100,binary,100,bot_31,3127,w,43,30.29,25,183.73,195,11.27,0
e1-100,binary,100,bot_31,3127,w,45,16.14,25,180.52,194,13.48,0
e1-100,binary,100,bot_31,3127,w,47,19.35,25,210.6,214,3.4,0
e1-100,binary,100,bot_31,3127,w,49,117.25,25,203.34,209,5.66,0
e1-100,binary,100,bot_31,3127,w,51,89.23,25,115.39,218,102.61,0
e1-100,binary,100,bot_31,3127,w,53,88.65,25,154.95,232,77.05,0
e1-100,binary,100,bot_31,3127,w,55,82.52,25,145.93,218,72.07,0
e1-100,binary,100,bot_31,3127,w,57,106.83,25,170.19,255,84.81,0
e1-100,binary,100,bot_31,3127,w,59,69.13,25,161.47,247,85.53,0
e1-100,binary,100,bot_32,3127,b,2,26.09,25,75.58,86,10.42,0
e1-100,binary,100,bot_32,3127,b,4,16.69,25,62.26,69,6.74,0
e1-100,binary,100,bot_32,3127,b,6,9.58,25,54.65,61,6.35,0
e1-100,binary,100,bot_32,3127,b,8,17.58,25,74.77,87,12.23,0
e1-100,binary,100,bot_32,3127,b,10,8.13,25,71.88,78,6.12,0
e1-100,binary,100,bot_32,3127,b,12,21.21,25,89.73,89,-0.73,0
e1-100,binary,100,bot_32,3127,b,14,23.38,25,73.09,87,13.91,0
e1-100,binary,100,bot_32,3127,b,16,51.04,25,120.42,161,40.58,0
e1-100,binary,100,bot_32,3127,b,18,42.8,25,91.69,118,26.31,0
e1-100,binary,100,bot_32,3127,b,20,61.55,25,114.91,131,16.09,0
e1-100,binary,100,bot_32,3127,b,22,19.13,25,123.68,146,22.32,0
e1-100,binary,100,bot_32,3127,b,24,15.89,25,119.1,136,16.9,0
e1-100,binary,100,bot_32,3127,b,26,16.93,25,116.39,123,6.61,0
e1-100,binary,100,bot_32,3127,b,28,73.32,25,97.75,172,74.25,0
e1-100,binary,100,bot_32,3127,b,30,47.61,25,103.71,149,45.29,0
e1-100,binary,100,bot_32,3127,b,32,64.61,25,117.97,156,38.03,0
e1-100,binary,100,bot_32,3127,b,34,42.78,25,127.83,158,30.17,0
e1-100,binary,100,bot_32,3127,b,36,29.52,25,126.92,159,32.08,0
e1-100,binary,100,bot_32,3127,b,38,31.76,25,163.05,191,27.95,0
e1-100,binary,100,bot_32,3127,b,40,28.75,25,137.18,167,29.82,0
e1-100,binary,100,bot_32,3127,b,42,20.75,25,161.92,181,19.08,0
e1-100,binary,100,bot_32,3127,b,44,24.35,25,180.16,201,20.84,0
e1-100,binary,100,bot_32,3127,b,46,12.38,25,192.2,200,7.8,0
e1-100,binary,100,bot_32,3127,b,48,14.03,25,216.99,226,9.01,0
e1-100,binary,100,bot_32,3127,b,50,113.41,25,116.62,225,108.38,0
e1-100,binary,100,bot_32,3127,b,52,87.34,25,136.99,217,80.01,0
e1-100,binary,100,bot_32,3127,b,54,83.04,25,120.25,199,78.75,0
e1-100,binary,100,bot_32,3127,b,56,95.2,25,126.03,199,72.97,0
e1-100,binary,100,bot_32,3127,b,58,95.2,25,166.23,263,96.77,0
e1-100,binary,100,bot_32,3127,b,60,64.46,25,139.63,198,58.37,0
e1-100,binary,100,bot_33,3128,w,1,12.22,25,57.7,68,10.3,0
e1-100,binary,100,bot_33,3128,w,3,10.97,25,67.35,77,9.65,0
e1-100,binary,100,bot_33,3128,w,5,6.52,25,78.16,85,6.84,0
e1-100,binary,100,bot_33,3128,w,7,15.53,25,79.84,79,-0.84,0
e1-100,binary,100,bot_33,3128,w,9,35.81,25,96.81,103,6.19,0
e1-100,binary,100,bot_33,3128,w,11,3.46,25,51.06,84,32.94,0
e1-100,binary,100,bot_33,3128,w,13,16.47,25,83.89,97,13.11,0
e1-100,binary,100,bot_33,3128,w,15,43.6,25,145.52,157,11.48,0
e1-100,binary,100,bot_33,3128,w,17,29.83,25,81.77,120,38.23,0
e1-100,binary,100,bot_33,3128,w,19,18.92,25,82.03,118,35.97,0
e1-100,binary,100,bot_33,3128,w,21,22.91,25,125.78,168,42.22,0
e1-100,binary,100,bot_33,3128,w,23,17.86,25,107.69,115,7.31,0
e1-100,binary,100,bot_33,3128,w,25,59.43,25,110.53,117,6.47,0
e1-100,binary,100,bot_33,3128,w,27,62.88,25,99.35,160,60.65,0
e1-100,binary,100,bot_33,3128,w,29,46.88,25,87.99,147,59.01,0
e1-100,binary,100,bot_33,3128,w,31,41.13,25,127.88,163,35.12,0
e1-100,binary,100,bot_33,3128,w,33,34.12,25,141.27,192,50.73,0
e1-100,binary,100,bot_33,3128,w,35,35.95,25,158.83,188,29.17,0
e1-100,binary,100,bot_33,3128,w,37,34.73,25,130.79,151,20.21,0
e1-100,binary,100,bot_33,3128,w,39,34.34,25,166.7,182,15.3,0
e1-100,binary,100,bot_33,3128,w,41,23.13,25,140.07,155,14.93,0
e1-100,binary,100,bot_33,3128,w,43,24.93,25,189.13,197,7.87,0
e1-100,binary,100,bot_33,3128,w,45,11.66,25,184.7,197,12.3,0
e1-100,binary,100,bot_33,3128,w,47,134.15,25,216.2,217,0.8,0
e1-100,binary,100,bot_33,3128,w,49,103.91,25,106.66,205,98.34,0
e1-100,binary,100,bot_33,3128,w,51,84.2,25,120.6,222,101.4,0
e1-100,binary,100,bot_33,3128,w,53,86.66,25,155.93,232,76.07,0
e1-100,binary,100,bot_33,3128,w,55,76.98,25,151.82,222,70.18,0
e1-100,binary,100,bot_33,3128,w,57,99.63,25,177.13,261,83.87,0
e1-100,binary,100,bot_33,3128,w,59,67.59,25,162.86,247,84.14,0
e1-100,binary,100,bot_34,3129,w,1,6.98,25,55.85,80,24.15,0
e1-100,binary,100,bot_34,3129,w,3,4.03,25,71.44,68,-3.44,0
e1-100,binary,100,bot_34,3129,w,5,12.87,25,66.4,74,7.6,0
e1-100,binary,100,bot_34,3129,w,7,10.31,25,85.36,86,0.64,0
e1-100,binary,100,bot_34,3129,w,9,17.91,25,91.92,91,-0.92,0
e1-100,binary,100,bot_34,3129,w,11,12.75,25,64.58,65,0.42,0
e1-100,binary,100,bot_34,3129,w,13,13.01,25,84.67,91,6.33,0
e1-100,binary,100,bot_34,3129,w,15,22.14,25,135.92,144,8.08,0
e1-100,binary,100,bot_34,3129,w,17,12.92,25,97.89,106,8.11,0
e1-100,binary,100,bot_34,3129,w,19,48.61,25,102.37,107,4.63,0
e1-100,binary,100,bot_34,3129,w,21,52.91,25,100.34,140,39.66,0
e1-100,binary,100,bot_34,3129,w,23,45.53,25,90.52,124,33.48,0
e1-100,binary,100,bot_34,3129,w,25,31.85,25,91.68,117,25.32,0
e1-100,binary,100,bot_34,3129,w,27,33.13,25,128.13,165,36.88,0
e1-100,binary,100,bot_34,3129,w,29,24.06,25,108.72,144,35.28,0
e1-100,binary,100,bot_34,3129,w,31,21.04,25,146.59,163,16.41,0
e1-100,binary,100,bot_34,3129,w,33,17.41,25,155.56,174,18.44,0
e1-100,binary,100,bot_34,3129,w,35,14.12,25,179.59,187,7.41,0
e1-100,binary,100,bot_34,3129,w,37,105.1,25,155.32,156,0.68,0
e1-100,binary,100,bot_34,3129,w,39,86.17,25,100.89,201,100.11,0
e1-100,binary,100,bot_34,3129,w,41,105.53,25,89.49,161,71.51,0
e1-100,binary,100,bot_34,3129,w,43,95.78,25,113.19,212,98.81,0
e1-100,binary,100,bot_34,3129,w,45,91.63,25,111.33,194,82.67,0
e1-100,binary,100,bot_34,3129,w,47,91.01,25,146.4,231,84.6,0
e1-100,binary,100,bot_34,3129,w,49,74.36,25,135.73,212,76.27,0
e1-100,binary,100,bot_34,3129,w,51,61.33,25,145.4,215,69.6,0
e1-100,binary,100,bot_34,3129,w,53,63.24,25,180.15,235,54.85,0
e1-100,binary,100,bot_34,3129,w,55,52.33,25,179.37,225,45.63,0
e1-100,binary,100,bot_34,3129,w,57,57.99,25,217.3,279,61.7,0
e1-100,binary,100,bot_34,3129,w,59,44.35,25,183.91,245,61.09,0
e1-100,binary,100,bot_35,3128,b,2,16.38,25,83.63,89,5.37,0
e1-100,binary,100,bot_35,3128,b,4,11.89,25,67.2,71,3.8,0
e1-100,binary,100,bot_35,3128,b,6,4.43,25,59.33,60,0.67,0
e1-100,binary,100,bot_35,3128,b,8,11.44,25,80.1,89,8.9,0
e1-100,binary,100,bot_35,3128,b,10,39.33,25,55.99,85,29.01,0
e1-100,binary,100,bot_35,3128,b,12,17.27,25,86.72,83,-3.72,0
e1-100,binary,100,bot_35,3128,b,14,16.96,25,79.84,90,10.16,0
e1-100,binary,100,bot_35,3128,b,16,44.09,25,127.8,165,37.2,0
e1-100,binary,100,bot_35,3128,b,18,39.74,25,94.51,118,23.49,0
e1-100,binary,100,bot_35,3128,b,20,49.57,25,127.57,142,14.43,0
e1-100,binary,100,bot_35,3128,b,22,13.37,25,129.83,148,18.17,0
e1-100,binary,100,bot_35,3128,b,24,11.4,25,123.61,135,11.39,0
e1-100,binary,100,bot_35,3128,b,26,65.7,25,85.98,140,54.02,0
e1-100,binary,100,bot_35,3128,b,28,64.02,25,106.96,164,57.04,0
e1-100,binary,100,bot_35,3128,b,30,41.88,25,109.66,151,41.34,0
e1-100,binary,100,bot_35,3128,b,32,55.69,25,127.68,163,35.32,0
e1-100,binary,100,bot_35,3128,b,34,33.8,25,137.36,166,28.64,0
e1-100,binary,100,bot_35,3128,b,36,25.13,25,131.16,162,30.84,0
e1-100,binary,100,bot_35,3128,b,38,24.46,25,170.2,196,25.8,0
e1-100,binary,100,bot_35,3128,b,40,24.28,25,141.36,165,23.64,0
e1-100,binary,100,bot_35,3128,b,42,16.5,25,166.21,180,13.79,0
e1-100,binary,100,bot_35,3128,b,44,21,25,183.72,199,15.28,0
e1-100,binary,100,bot_35,3128,b,46,9.56,25,195.04,197,1.96,0
e1-100,binary,100,bot_35,3128,b,48,109.01,25,112.13,237,124.87,0
e1-100,binary,100,bot_35,3128,b,50,109.37,25,120.15,216,95.85,0
e1-100,binary,100,bot_35,3128,b,52,85.39,25,139.63,214,74.37,0
e1-100,binary,100,bot_35,3128,b,54,79.28,25,123.97,201,77.03,0
e1-100,binary,100,bot_35,3128,b,56,92.34,25,128.77,196,67.23,0
e1-100,binary,100,bot_35,3128,b,58,94.01,25,167.31,258,90.69,0
e1-100,binary,100,bot_35,3128,b,60,63.65,25,140.41,198,57.59,0
e1-100,binary,100,bot_36,3130,w,1,27.19,25,58.98,71,12.02,0
e1-100,binary,100,bot_36,3130,w,3,9.52,25,56.34,62,5.66,0
e1-100,binary,100,bot_36,3130,w,5,7.54,25,71.54,67,-4.54,0
e1-100,binary,100,bot_36,3130,w,7,14.69,25,77.51,89,11.49,0
e1-100,binary,100,bot_36,3130,w,9,13.19,25,78.96,84,5.04,0
e1-100,binary,100,bot_36,3130,w,11,4.51,25,51.5,62,10.5,0
e1-100,binary,100,bot_36,3130,w,13,31.03,25,63.67,89,25.33,0
e1-100,binary,100,bot_36,3130,w,15,48.85,25,88.78,144,55.22,0
e1-100,binary,100,bot_36,3130,w,17,35.79,25,79.27,97,17.73,0
e1-100,binary,100,bot_36,3130,w,19,39.46,25,82.42,87,4.58,0
e1-100,binary,100,bot_36,3130,w,21,37.04,25,116.14,133,16.86,0
e1-100,binary,100,bot_36,3130,w,23,24.93,25,110.46,121,10.54,0
e1-100,binary,100,bot_36,3130,w,25,16.41,25,105.77,113,7.23,0
e1-100,binary,100,bot_36,3130,w,27,15.29,25,144.88,158,13.12,0
e1-100,binary,100,bot_36,3130,w,29,90.23,25,124.08,124,-0.08,0
e1-100,binary,100,bot_36,3130,w,31,76.49,25,83.54,156,72.46,0
e1-100,binary,100,bot_36,3130,w,33,75.35,25,77,157,80,0
e1-100,binary,100,bot_36,3130,w,35,64.61,25,109.24,191,81.76,0
e1-100,binary,100,bot_36,3130,w,37,62.95,25,111.12,167,55.88,0
e1-100,binary,100,bot_36,3130,w,39,51.23,25,135.65,195,59.35,0
e1-100,binary,100,bot_36,3130,w,41,65.73,25,127.36,170,42.64,0
e1-100,binary,100,bot_36,3130,w,43,69.5,25,137.23,202,64.77,0
e1-100,binary,100,bot_36,3130,w,45,60.4,25,144.69,187,42.31,0
e1-100,binary,100,bot_36,3130,w,47,53.81,25,186.47,229,42.53,0
e1-100,binary,100,bot_36,3130,w,49,42.92,25,167,197,30,0
e1-100,binary,100,bot_36,3130,w,51,39.92,25,169.49,190,20.51,0
e1-100,binary,100,bot_36,3130,w,53,24.11,25,218.74,235,16.26,0
e1-100,binary,100,bot_36,3130,w,55,30.31,25,204.59,210,5.41,0
e1-100,binary,100,bot_36,3130,w,57,15.16,25,257.33,270,12.67,0
e1-100,binary,100,bot_36,3130,w,59,96.39,25,213.87,219,5.13,0
e1-100,binary,100,bot_37,3129,b,2,7.05,25,77.84,74,-3.84,0
e1-100,binary,100,bot_37,3129,b,4,17.31,25,77.54,71,-6.54,0
e1-100,binary,100,bot_37,3129,b,6,10.52,25,65.31,68,2.69,0
e1-100,binary,100,bot_37,3129,b,8,8.07,25,76.59,76,-0.59,0
e1-100,binary,100,bot_37,3129,b,10,10.41,25,84.67,92,7.33,0
e1-100,binary,100,bot_37,3129,b,12,16.03,25,85.61,88,2.39,0
e1-100,binary,100,bot_37,3129,b,14,17.79,25,94.32,97,2.68,0
e1-100,binary,100,bot_37,3129,b,16,17.83,25,153.4,164,10.6,0
e1-100,binary,100,bot_37,3129,b,18,12.69,25,121.11,123,1.89,0
e1-100,binary,100,bot_37,3129,b,20,49.21,25,144.87,182,37.13,0
e1-100,binary,100,bot_37,3129,b,22,42.82,25,84.48,127,42.52,0
e1-100,binary,100,bot_37,3129,b,24,33.86,25,82.33,116,33.67,0
e1-100,binary,100,bot_37,3129,b,26,46.24,25,105.38,128,22.62,0
e1-100,binary,100,bot_37,3129,b,28,43.9,25,128.5,151,22.5,0
e1-100,binary,100,bot_37,3129,b,30,25.82,25,127.14,140,12.86,0
e1-100,binary,100,bot_37,3129,b,32,27.85,25,158.04,168,9.96,0
e1-100,binary,100,bot_37,3129,b,34,16.49,25,156.14,163,6.86,0
e1-100,binary,100,bot_37,3129,b,36,9.01,25,145.84,150,4.16,0
e1-100,binary,100,bot_37,3129,b,38,109.41,25,100.44,193,92.56,0
e1-100,binary,100,bot_37,3129,b,40,81.85,25,73.18,148,74.82,0
e1-100,binary,100,bot_37,3129,b,42,108.08,25,71.82,166,94.18,0
e1-100,binary,100,bot_37,3129,b,44,93.3,25,111.93,196,84.07,0
e1-100,binary,100,bot_37,3129,b,46,94.97,25,107.93,188,80.07,0
e1-100,binary,100,bot_37,3129,b,48,84.77,25,134.94,214,79.06,0
e1-100,binary,100,bot_37,3129,b,50,80.17,25,149.05,212,62.95,0
e1-100,binary,100,bot_37,3129,b,52,64.96,25,159.44,211,51.56,0
e1-100,binary,100,bot_37,3129,b,54,54.88,25,145.83,198,52.17,0
e1-100,binary,100,bot_37,3129,b,56,72.46,25,147.42,189,41.58,0
e1-100,binary,100,bot_37,3129,b,58,71.07,25,193.1,240,46.9,0
e1-100,binary,100,bot_37,3129,b,60,53.21,25,150.34,185,34.66,0
e1-100,binary,100,bot_38,3131,b,2,13.64,25,67.89,74,6.11,0
e1-100,binary,100,bot_38,3131,b,4,15.12,25,76.64,78,1.36,0
e1-100,binary,100,bot_38,3131,b,6,11.52,25,68.67,67,-1.67,0
e1-100,binary,100,bot_38,3131,b,8,12.43,25,82.4,78,-4.4,0
e1-100,binary,100,bot_38,3131,b,10,21.64,25,95.4,85,-10.4,0
e1-100,binary,100,bot_38,3131,b,12,24.94,25,73.71,88,14.29,0
e1-100,binary,100,bot_38,3131,b,14,64.89,25,92.21,101,8.79,0
e1-100,binary,100,bot_38,3131,b,16,21.72,25,135.43,156,20.57,0
e1-100,binary,100,bot_38,3131,b,18,11.19,25,104.07,111,6.93,0
e1-100,binary,100,bot_38,3131,b,20,21.99,25,169.8,187,17.2,0
e1-100,binary,100,bot_38,3131,b,22,12.27,25,114.46,124,9.54,0
e1-100,binary,100,bot_38,3131,b,24,11.66,25,107.44,106,-1.44,0
e1-100,binary,100,bot_38,3131,b,26,68.29,25,94.75,153,58.25,0
e1-100,binary,100,bot_38,3131,b,28,41.84,25,122.5,177,54.5,0
e1-100,binary,100,bot_38,3131,b,30,58.84,25,106.14,164,57.86,0
e1-100,binary,100,bot_38,3131,b,32,63.69,25,149.61,200,50.39,0
e1-100,binary,100,bot_38,3131,b,34,77.49,25,120.88,163,42.12,0
e1-100,binary,100,bot_38,3131,b,36,50.67,25,100.64,130,29.36,0
e1-100,binary,100,bot_38,3131,b,38,43.35,25,157.86,186,28.14,0
e1-100,binary,100,bot_38,3131,b,40,41.08,25,117.79,138,20.21,0
e1-100,binary,100,bot_38,3131,b,42,51.43,25,131.37,155,23.63,0
e1-100,binary,100,bot_38,3131,b,44,37.47,25,166.96,194,27.04,0
e1-100,binary,100,bot_38,3131,b,46,30.18,25,170.31,189,18.69,0
e1-100,binary,100,bot_38,3131,b,48,20.14,25,194.36,216,21.64,0
e1-100,binary,100,bot_38,3131,b,50,14.12,25,216.49,220,3.51,0
e1-100,binary,100,bot_38,3131,b,52,114.69,25,120.37,229,108.63,0
e1-100,binary,100,bot_38,3131,b,54,102.93,25,125.99,189,63.01,0
e1-100,binary,100,bot_38,3131,b,56,101.42,25,150.38,212,61.62,0
e1-100,binary,100,bot_38,3131,b,58,79.96,25,178.26,248,69.74,0
e1-100,binary,100,bot_38,3131,b,60,68.4,25,152.33,202,49.67,0
e1-100,binary,100,bot_39,3131,w,1,20.79,25,66.81,82,15.19,0
e1-100,binary,100,bot_39,3131,w,3,14.09,25,59.56,62,2.44,0
e1-100,binary,100,bot_39,3131,w,5,11.99,25,65.52,67,1.48,0
e1-100,binary,100,bot_39,3131,w,7,9.52,25,82.32,83,0.68,0
e1-100,binary,100,bot_39,3131,w,9,3.35,25,87.74,88,0.26,0
e1-100,binary,100,bot_39,3131,w,11,26.53,25,62.7,72,9.3,0
e1-100,binary,100,bot_39,3131,w,13,21.88,25,72.11,86,13.89,0
e1-100,binary,100,bot_39,3131,w,15,33.93,25,105.45,159,53.55,0
e1-100,binary,100,bot_39,3131,w,17,20.55,25,94.14,104,9.86,0
e1-100,binary,100,bot_39,3131,w,19,29.72,25,93.83,94,0.17,0
e1-100,binary,100,bot_39,3131,w,21,23.48,25,129.1,139,9.9,0
e1-100,binary,100,bot_39,3131,w,23,10.23,25,125.17,127,1.83,0
e1-100,binary,100,bot_39,3131,w,25,70.88,25,112.85,113,0.15,0
e1-100,binary,100,bot_39,3131,w,27,67.38,25,92.92,149,56.08,0
e1-100,binary,100,bot_39,3131,w,29,69.8,25,81.65,112,30.35,0
e1-100,binary,100,bot_39,3131,w,31,63.25,25,94.73,142,47.27,0
e1-100,binary,100,bot_39,3131,w,33,55.27,25,97.3,149,51.7,0
e1-100,binary,100,bot_39,3131,w,35,41.36,25,131.39,198,66.61,0
e1-100,binary,100,bot_39,3131,w,37,42.69,25,134.42,175,40.58,0
e1-100,binary,100,bot_39,3131,w,39,33.71,25,153.1,183,29.9,0
e1-100,binary,100,bot_39,3131,w,41,38.6,25,153.79,181,27.21,0
e1-100,binary,100,bot_39,3131,w,43,40.13,25,166.86,205,38.14,0
e1-100,binary,100,bot_39,3131,w,45,31.98,25,174.7,200,25.3,0
e1-100,binary,100,bot_39,3131,w,47,35.11,25,205.79,223,17.21,0
e1-100,binary,100,bot_39,3131,w,49,16.54,25,192.9,201,8.1,0
e1-100,binary,100,bot_39,3131,w,51,122.47,25,192.85,194,1.15,0
e1-100,binary,100,bot_39,3131,w,53,77.39,25,128.21,229,100.79,0
e1-100,binary,100,bot_39,3131,w,55,75.84,25,135.41,225,89.59,0
e1-100,binary,100,bot_39,3131,w,57,83.7,25,186.86,275,88.14,0
e1-100,binary,100,bot_39,3131,w,59,63.69,25,143.45,211,67.55,0
e1-100,binary,100,bot_40,3130,b,2,21.6,25,60.42,81,20.58,0
e1-100,binary,100,bot_40,3130,b,4,11.05,25,72.09,74,1.91,0
e1-100,binary,100,bot_40,3130,b,6,25.23,25,69.81,70,0.19,0
e1-100,binary,100,bot_40,3130,b,8,20.85,25,72.53,78,5.47,0
e1-100,binary,100,bot_40,3130,b,10,27.37,25,89.47,95,5.53,0
e1-100,binary,100,bot_40,3130,b,12,41.16,25,90.39,87,-3.39,0
e1-100,binary,100,bot_40,3130,b,14,72.92,25,83.81,107,23.19,0
e1-100,binary,100,bot_40,3130,b,16,33.99,25,124.5,166,41.5,0
e1-100,binary,100,bot_40,3130,b,18,19.71,25,95.9,125,29.1,0
e1-100,binary,100,bot_40,3130,b,20,32.27,25,160.46,193,32.54,0
e1-100,binary,100,bot_40,3130,b,22,25.34,25,101.6,131,29.4,0
e1-100,binary,100,bot_40,3130,b,24,22.55,25,95.39,112,16.61,0
e1-100,binary,100,bot_40,3130,b,26,28.69,25,124.12,134,9.88,0
e1-100,binary,100,bot_40,3130,b,28,16.5,25,157.16,166,8.84,0
e1-100,binary,100,bot_40,3130,b,30,88.38,25,74.73,158,83.27,0
e1-100,binary,100,bot_40,3130,b,32,95.62,25,117.56,187,69.44,0
e1-100,binary,100,bot_40,3130,b,34,97.29,25,99.79,167,67.21,0
e1-100,binary,100,bot_40,3130,b,36,70.31,25,81.1,136,54.9,0
e1-100,binary,100,bot_40,3130,b,38,73.96,25,130.57,184,53.43,0
e1-100,binary,100,bot_40,3130,b,40,57.22,25,100.12,141,40.88,0
e1-100,binary,100,bot_40,3130,b,42,79.76,25,102.32,158,55.68,0
e1-100,binary,100,bot_40,3130,b,44,57.24,25,147.9,207,59.1,0
e1-100,binary,100,bot_40,3130,b,46,56.92,25,144.06,194,49.94,0
e1-100,binary,100,bot_40,3130,b,48,46.24,25,170.41,214,43.59,0
e1-100,binary,100,bot_40,3130,b,50,34.95,25,195.53,229,33.47,0
e1-100,binary,100,bot_40,3130,b,52,31.61,25,189.87,220,30.13,0
e1-100,binary,100,bot_40,3130,b,54,19.77,25,181.33,195,13.67,0
e1-100,binary,100,bot_40,3130,b,56,27.06,25,192.6,213,20.4,0
e1-100,binary,100,bot_40,3130,b,58,20.43,25,247.06,252,4.94,0
e1-100,binary,100,bot_40,3130,b,60,95.51,25,125.81,211,85.19,0
e1-100,binary,100,bot_41,3132,w,1,32.38,25,84.17,80,-4.17,0
e1-100,binary,100,bot_41,3132,w,3,20.53,25,58.29,60,1.71,0
e1-100,binary,100,bot_41,3132,w,5,14.61,25,59.09,53,-6.09,0
e1-100,binary,100,bot_41,3132,w,7,22.88,25,69.76,74,4.24,0
e1-100,binary,100,bot_41,3132,w,9,14.05,25,66.41,68,1.59,0
e1-100,binary,100,bot_41,3132,w,11,9.46,25,81.34,71,-10.34,0
e1-100,binary,100,bot_41,3132,w,13,31.33,25,65.45,83,17.55,0
e1-100,binary,100,bot_41,3132,w,15,75.92,25,95.72,134,38.28,0
e1-100,binary,100,bot_41,3132,w,17,53.53,25,80.36,101,20.64,0
e1-100,binary,100,bot_41,3132,w,19,74.82,25,100.59,112,11.41,0
e1-100,binary,100,bot_41,3132,w,21,29.74,25,113.87,134,20.13,0
e1-100,binary,100,bot_41,3132,w,23,22.61,25,111.96,128,16.04,0
e1-100,binary,100,bot_41,3132,w,25,26.54,25,105.9,107,1.1,0
e1-100,binary,100,bot_41,3132,w,27,18.5,25,143.73,147,3.27,0
e1-100,binary,100,bot_41,3132,w,29,10.13,25,141.35,135,-6.35,0
e1-100,binary,100,bot_41,3132,w,31,75.16,25,108.04,159,50.96,0
e1-100,binary,100,bot_41,3132,w,33,51.62,25,119.06,142,22.94,0
e1-100,binary,100,bot_41,3132,w,35,35.49,25,121.46,150,28.54,0
e1-100,binary,100,bot_41,3132,w,37,41.46,25,153.28,176,22.72,0
e1-100,binary,100,bot_41,3132,w,39,35.95,25,130.01,160,29.99,0
e1-100,binary,100,bot_41,3132,w,41,29.11,25,153.45,171,17.55,0
e1-100,binary,100,bot_41,3132,w,43,31.6,25,172.66,190,17.34,0
e1-100,binary,100,bot_41,3132,w,45,22.32,25,181.95,185,3.05,0
e1-100,binary,100,bot_41,3132,w,47,24.17,25,207.41,214,6.59,0
e1-100,binary,100,bot_41,3132,w,49,23.9,25,198.19,195,-3.19,0
e1-100,binary,100,bot_41,3132,w,51,11.74,25,211.43,209,-2.43,0
e1-100,binary,100,bot_41,3132,w,53,90.88,25,113.05,206,92.95,0
e1-100,binary,100,bot_41,3132,w,55,100.53,25,120.49,190,69.51,0
e1-100,binary,100,bot_41,3132,w,57,101.7,25,158.83,256,97.17,0
e1-100,binary,100,bot_41,3132,w,59,72.23,25,131.14,189,57.86,0
e1-100,binary,100,bot_42,3132,b,2,20.28,25,57.49,73,15.51,0
e1-100,binary,100,bot_42,3132,b,4,12.14,25,62.75,65,2.25,0
e1-100,binary,100,bot_42,3132,b,6,23.2,25,70.4,69,-1.4,0
e1-100,binary,100,bot_42,3132,b,8,20.42,25,84.01,90,5.99,0
e1-100,binary,100,bot_42,3132,b,10,8.57,25,75.24,72,-3.24,0
e1-100,binary,100,bot_42,3132,b,12,36.3,25,90.95,83,-7.95,0
e1-100,binary,100,bot_42,3132,b,14,57.24,25,131.76,146,14.24,0
e1-100,binary,100,bot_42,3132,b,16,37.73,25,74.82,134,59.18,0
e1-100,binary,100,bot_42,3132,b,18,28.36,25,73.65,110,36.35,0
e1-100,binary,100,bot_42,3132,b,20,38.8,25,110.13,167,56.87,0
e1-100,binary,100,bot_42,3132,b,22,34.25,25,91.48,104,12.52,0
e1-100,binary,100,bot_42,3132,b,24,19.02,25,100.92,106,5.08,0
e1-100,binary,100,bot_42,3132,b,26,21.13,25,140.96,150,9.04,0
e1-100,binary,100,bot_42,3132,b,28,13.27,25,146.04,148,1.96,0
e1-100,binary,100,bot_42,3132,b,30,69.03,25,152.96,147,-5.96,0
e1-100,binary,100,bot_42,3132,b,32,41.31,25,134.05,193,58.95,0
e1-100,binary,100,bot_42,3132,b,34,46.69,25,148.95,183,34.05,0
e1-100,binary,100,bot_42,3132,b,36,42.76,25,122.03,140,17.97,0
e1-100,binary,100,bot_42,3132,b,38,48.98,25,152.14,176,23.86,0
e1-100,binary,100,bot_42,3132,b,40,34.44,25,129.12,147,17.88,0
e1-100,binary,100,bot_42,3132,b,42,36.3,25,177.37,188,10.63,0
e1-100,binary,100,bot_42,3132,b,44,22,25,175.32,189,13.68,0
e1-100,binary,100,bot_42,3132,b,46,25.73,25,203.95,208,4.05,0
e1-100,binary,100,bot_42,3132,b,48,15.95,25,197.16,203,5.84,0
e1-100,binary,100,bot_42,3132,b,50,16.82,25,210.43,215,4.57,0
e1-100,binary,100,bot_42,3132,b,52,111.51,25,224.58,218,-6.58,0
e1-100,binary,100,bot_42,3132,b,54,87.68,25,140.57,214,73.43,0
e1-100,binary,100,bot_42,3132,b,56,116.4,25,161.23,244,82.77,0
e1-100,binary,100,bot_42,3132,b,58,77.79,25,153.42,238,84.58,0
e1-100,binary,100,bot_42,3132,b,60,51.21,25,155.13,205,49.87,0
e1-100,binary,100,bot_43,3133,w,1,14.39,25,93.17,95,1.83,0
e1-100,binary,100,bot_43,3133,w,3,20.74,25,73.84,76,2.16,0
e1-100,binary,100,bot_43,3133,w,5,16.39,25,59.06,72,12.94,0
e1-100,binary,100,bot_43,3133,w,7,15.39,25,69.59,81,11.41,0
e1-100,binary,100,bot_43,3133,w,9,14.11,25,80.44,98,17.56,0
e1-100,binary,100,bot_43,3133,w,11,23.86,25,76.8,90,13.2,0
e1-100,binary,100,bot_43,3133,w,13,26.9,25,84.74,98,13.26,0
e1-100,binary,100,bot_43,3133,w,15,25,25,146.22,172,25.78,0
e1-100,binary,100,bot_43,3133,w,17,18.62,25,115.08,129,13.92,0
e1-100,binary,100,bot_43,3133,w,19,60.05,25,134.55,187,52.45,0
e1-100,binary,100,bot_43,3133,w,21,49.31,25,79.03,135,55.97,0
e1-100,binary,100,bot_43,3133,w,23,37.69,25,78.54,129,50.46,0
e1-100,binary,100,bot_43,3133,w,25,51.83,25,99.8,135,35.2,0
e1-100,binary,100,bot_43,3133,w,27,49.26,25,122.77,162,39.23,0
e1-100,binary,100,bot_43,3133,w,29,28.37,25,124.21,151,26.79,0
e1-100,binary,100,bot_43,3133,w,31,33.32,25,151.72,175,23.28,0
e1-100,binary,100,bot_43,3133,w,33,19.97,25,151.89,172,20.11,0
e1-100,binary,100,bot_43,3133,w,35,12.85,25,142.56,160,17.44,0
e1-100,binary,100,bot_43,3133,w,37,10.17,25,183.24,197,13.76,0
e1-100,binary,100,bot_43,3133,w,39,94.04,25,155.7,161,5.3,0
e1-100,binary,100,bot_43,3133,w,41,112.13,25,68.07,175,106.93,0
e1-100,binary,100,bot_43,3133,w,43,97.96,25,107.24,202,94.76,0
e1-100,binary,100,bot_43,3133,w,45,104.92,25,98.55,191,92.45,0
e1-100,binary,100,bot_43,3133,w,47,94.17,25,126.23,220,93.77,0
e1-100,binary,100,bot_43,3133,w,49,90.27,25,139.14,216,76.86,0
e1-100,binary,100,bot_43,3133,w,51,71.52,25,153.41,216,62.59,0
e1-100,binary,100,bot_43,3133,w,53,63.11,25,138.91,205,66.09,0
e1-100,binary,100,bot_43,3133,w,55,79.61,25,141.1,197,55.9,0
e1-100,binary,100,bot_43,3133,w,57,76.68,25,187.18,257,69.82,0
e1-100,binary,100,bot_43,3133,w,59,57.8,25,145.36,197,51.64,0
e1-100,binary,100,bot_44,3133,b,2,6.12,25,70.06,77,6.94,0
e1-100,binary,100,bot_44,3133,b,4,16.1,25,63.48,77,13.52,0
e1-100,binary,100,bot_44,3133,b,6,14.79,25,80.93,89,8.07,0
e1-100,binary,100,bot_44,3133,b,8,21.02,25,89,97,8,0
e1-100,binary,100,bot_44,3133,b,10,16.26,25,61.17,67,5.83,0
e1-100,binary,100,bot_44,3133,b,12,16.14,25,82.28,98,15.72,0
e1-100,binary,100,bot_44,3133,b,14,28.15,25,130,148,18,0
e1-100,binary,100,bot_44,3133,b,16,16.82,25,94.2,111,16.8,0
e1-100,binary,100,bot_44,3133,b,18,56.19,25,94.21,104,9.79,0
e1-100,binary,100,bot_44,3133,b,20,59.73,25,93.43,146,52.57,0
e1-100,binary,100,bot_44,3133,b,22,53.46,25,82.59,123,40.41,0
e1-100,binary,100,bot_44,3133,b,24,37.27,25,85.93,116,30.07,0
e1-100,binary,100,bot_44,3133,b,26,42.44,25,119.06,163,43.94,0
e1-100,binary,100,bot_44,3133,b,28,30.12,25,103.12,144,40.88,0
e1-100,binary,100,bot_44,3133,b,30,26.08,25,141.77,161,19.23,0
e1-100,binary,100,bot_44,3133,b,32,23.48,25,149.98,176,26.02,0
e1-100,binary,100,bot_44,3133,b,34,20.62,25,173.35,186,12.65,0
e1-100,binary,100,bot_44,3133,b,36,22.09,25,144.28,149,4.72,0
e1-100,binary,100,bot_44,3133,b,38,13.3,25,189.05,188,-1.05,0
e1-100,binary,100,bot_44,3133,b,40,114.79,25,80.18,163,82.82,0
e1-100,binary,100,bot_44,3133,b,42,103.31,25,105.31,207,101.69,0
e1-100,binary,100,bot_44,3133,b,44,100.3,25,102.9,191,88.1,0
e1-100,binary,100,bot_44,3133,b,46,102.24,25,134.82,228,93.18,0
e1-100,binary,100,bot_44,3133,b,48,84.8,25,125.08,209,83.92,0
e1-100,binary,100,bot_44,3133,b,50,71.54,25,134.33,214,79.67,0
e1-100,binary,100,bot_44,3133,b,52,73.55,25,169.05,230,60.95,0
e1-100,binary,100,bot_44,3133,b,54,64.04,25,166.37,220,53.63,0
e1-100,binary,100,bot_44,3133,b,56,79.5,25,195.95,265,69.05,0
e1-100,binary,100,bot_44,3133,b,58,60.56,25,168.2,234,65.8,0
e1-100,binary,100,bot_44,3133,b,60,38.38,25,166.41,207,40.59,0
e1-100,binary,100,bot_45,3134,w,1,19.61,25,60.89,85,24.11,0
e1-100,binary,100,bot_45,3134,w,3,12.32,25,70.64,79,8.36,0
e1-100,binary,100,bot_45,3134,w,5,7.04,25,68.93,75,6.07,0
e1-100,binary,100,bot_45,3134,w,7,23.3,25,70.54,89,18.46,0
e1-100,binary,100,bot_45,3134,w,9,7.12,25,88.31,96,7.69,0
e1-100,binary,100,bot_45,3134,w,11,9.24,25,92.22,95,2.78,0
e1-100,binary,100,bot_45,3134,w,13,7.54,25,104.26,109,4.74,0
e1-100,binary,100,bot_45,3134,w,15,41.95,25,117.89,183,65.11,0
e1-100,binary,100,bot_45,3134,w,17,27.05,25,88.24,130,41.76,0
e1-100,binary,100,bot_45,3134,w,19,42.79,25,150.77,192,41.23,0
e1-100,binary,100,bot_45,3134,w,21,35.02,25,91.64,134,42.36,0
e1-100,binary,100,bot_45,3134,w,23,29.37,25,87.86,120,32.14,0
e1-100,binary,100,bot_45,3134,w,25,37.88,25,114.12,136,21.88,0
e1-100,binary,100,bot_45,3134,w,27,31.17,25,141.95,163,21.05,0
e1-100,binary,100,bot_45,3134,w,29,19.61,25,134.06,148,13.94,0
e1-100,binary,100,bot_45,3134,w,31,16.49,25,172.29,183,10.71,0
e1-100,binary,100,bot_45,3134,w,33,110.64,25,86.69,184,97.31,0
e1-100,binary,100,bot_45,3134,w,35,80.96,25,70.35,154,83.65,0
e1-100,binary,100,bot_45,3134,w,37,93.91,25,113.32,187,73.68,0
e1-100,binary,100,bot_45,3134,w,39,68.86,25,87.28,149,61.72,0
e1-100,binary,100,bot_45,3134,w,41,95.33,25,85.41,167,81.59,0
e1-100,binary,100,bot_45,3134,w,43,73.78,25,131.41,211,79.59,0
e1-100,binary,100,bot_45,3134,w,45,76.26,25,125.51,202,76.49,0
e1-100,binary,100,bot_45,3134,w,47,65.28,25,153.04,222,68.96,0
e1-100,binary,100,bot_45,3134,w,49,54.13,25,175.87,234,58.13,0
e1-100,binary,100,bot_45,3134,w,51,46.38,25,176.75,224,47.25,0
e1-100,binary,100,bot_45,3134,w,53,38.32,25,162.54,207,44.46,0
e1-100,binary,100,bot_45,3134,w,55,50.73,25,168.82,205,36.18,0
e1-100,binary,100,bot_45,3134,w,57,45.59,25,219.94,251,31.06,0
e1-100,binary,100,bot_45,3134,w,59,38.68,25,165.69,187,21.31,0
e1-100,binary,100,bot_46,3134,b,2,10.94,25,54.95,69,14.05,0
e1-100,binary,100,bot_46,3134,b,4,9.3,25,69.76,75,5.24,0
e1-100,binary,100,bot_46,3134,b,6,20.25,25,89.79,90,0.21,0
e1-100,binary,100,bot_46,3134,b,8,10.29,25,75.66,93,17.34,0
e1-100,binary,100,bot_46,3134,b,10,5.93,25,71.64,74,2.36,0
e1-100,binary,100,bot_46,3134,b,12,6.41,25,91.57,95,3.43,0
e1-100,binary,100,bot_46,3134,b,14,67.01,25,146.56,147,0.44,0
e1-100,binary,100,bot_46,3134,b,16,44.45,25,71.3,105,33.7,0
e1-100,binary,100,bot_46,3134,b,18,43.75,25,77.52,99,21.48,0
e1-100,binary,100,bot_46,3134,b,20,45.49,25,108.06,145,36.94,0
e1-100,binary,100,bot_46,3134,b,22,34.63,25,101.43,131,29.57,0
e1-100,binary,100,bot_46,3134,b,24,23.38,25,99.42,123,23.58,0
e1-100,binary,100,bot_46,3134,b,26,23.84,25,136.65,168,31.35,0
e1-100,binary,100,bot_46,3134,b,28,16.24,25,115.73,142,26.27,0
e1-100,binary,100,bot_46,3134,b,30,12.55,25,154.48,168,13.52,0
e1-100,binary,100,bot_46,3134,b,32,99.04,25,161.05,170,8.95,0
e1-100,binary,100,bot_46,3134,b,34,85.65,25,89.23,195,105.77,0
e1-100,binary,100,bot_46,3134,b,36,78.54,25,93.47,169,75.53,0
e1-100,binary,100,bot_46,3134,b,38,67.01,25,119.89,206,86.11,0
e1-100,binary,100,bot_46,3134,b,40,86.75,25,107.44,169,61.56,0
e1-100,binary,100,bot_46,3134,b,42,84.58,25,123.54,212,88.46,0
e1-100,binary,100,bot_46,3134,b,44,81.52,25,122.55,190,67.45,0
e1-100,binary,100,bot_46,3134,b,46,74.09,25,165.03,234,68.97,0
e1-100,binary,100,bot_46,3134,b,48,62.24,25,147.85,206,58.15,0
e1-100,binary,100,bot_46,3134,b,50,52.71,25,155.52,201,45.48,0
e1-100,binary,100,bot_46,3134,b,52,50.52,25,192.39,232,39.61,0
e1-100,binary,100,bot_46,3134,b,54,41.8,25,191.93,223,31.07,0
e1-100,binary,100,bot_46,3134,b,56,35.67,25,238.32,281,42.68,0
e1-100,binary,100,bot_46,3134,b,58,26.74,25,200.14,238,37.86,0
e1-100,binary,100,bot_46,3134,b,60,21.91,25,180.85,204,23.15,0
e1-100,binary,100,bot_47,3135,w,1,3.25,25,68.54,56,-12.54,0
e1-100,binary,100,bot_47,3135,w,3,6.43,25,70.29,61,-9.29,0
e1-100,binary,100,bot_47,3135,w,5,37.69,25,86.25,74,-12.25,0
e1-100,binary,100,bot_47,3135,w,7,25.15,25,56,72,16,0
e1-100,binary,100,bot_47,3135,w,9,20.95,25,68.8,65,-3.8,0
e1-100,binary,100,bot_47,3135,w,11,16.14,25,76.97,74,-2.97,0
e1-100,binary,100,bot_47,3135,w,13,23.28,25,117.35,151,33.65,0
e1-100,binary,100,bot_47,3135,w,15,9.16,25,105.06,99,-6.06,0
e1-100,binary,100,bot_47,3135,w,17,21.74,25,102.18,90,-12.18,0
e1-100,binary,100,bot_47,3135,w,19,67.24,25,140.63,135,-5.63,0
e1-100,binary,100,bot_47,3135,w,21,46.68,25,88.98,122,33.02,0
e1-100,binary,100,bot_47,3135,w,23,51.62,25,79.62,108,28.38,0
e1-100,binary,100,bot_47,3135,w,25,48.68,25,113.09,148,34.91,0
e1-100,binary,100,bot_47,3135,w,27,49.55,25,101.86,115,13.14,0
e1-100,binary,100,bot_47,3135,w,29,38.32,25,118.23,143,24.77,0
e1-100,binary,100,bot_47,3135,w,31,38.72,25,113.97,135,21.03,0
e1-100,binary,100,bot_47,3135,w,33,21.34,25,149.79,178,28.21,0
e1-100,binary,100,bot_47,3135,w,35,33.21,25,145.46,158,12.54,0
e1-100,binary,100,bot_47,3135,w,37,22.77,25,163.82,172,8.18,0
e1-100,binary,100,bot_47,3135,w,39,23.78,25,167.41,174,6.59,0
e1-100,binary,100,bot_47,3135,w,41,24.06,25,182.58,190,7.42,0
e1-100,binary,100,bot_47,3135,w,43,19.42,25,187.97,186,-1.97,0
e1-100,binary,100,bot_47,3135,w,45,77.66,25,156.02,239,82.98,0
e1-100,binary,100,bot_47,3135,w,47,79.13,25,139.61,196,56.39,0
e1-100,binary,100,bot_47,3135,w,49,82.81,25,142.43,196,53.57,0
e1-100,binary,100,bot_47,3135,w,51,61.17,25,144.5,210,65.5,0
e1-100,binary,100,bot_47,3135,w,53,58.58,25,151.28,206,54.72,0
e1-100,binary,100,bot_47,3135,w,55,54.26,25,215.22,280,64.78,0
e1-100,binary,100,bot_47,3135,w,57,50.94,25,156.62,197,40.38,0
e1-100,binary,100,bot_47,3135,w,59,47.66,25,116.25,149,32.75,0
e1-100,binary,100,bot_48,3135,b,2,10.74,25,81,74,-7,0
e1-100,binary,100,bot_48,3135,b,4,6.1,25,74.54,69,-5.54,0
e1-100,binary,100,bot_48,3135,b,6,34.9,25,70.02,95,24.98,0
e1-100,binary,100,bot_48,3135,b,8,15.79,25,68.38,81,12.62,0
e1-100,binary,100,bot_48,3135,b,10,16.67,25,82.12,92,9.88,0
e1-100,binary,100,bot_48,3135,b,12,53.39,25,104.22,107,2.78,0
e1-100,binary,100,bot_48,3135,b,14,13.89,25,142.41,154,11.59,0
e1-100,binary,100,bot_48,3135,b,16,6.9,25,108.79,106,-2.79,0
e1-100,binary,100,bot_48,3135,b,18,13.79,25,177.14,188,10.86,0
e1-100,binary,100,bot_48,3135,b,20,52.77,25,71.87,128,56.13,0
e1-100,binary,100,bot_48,3135,b,22,46.08,25,73.99,107,33.01,0
e1-100,binary,100,bot_48,3135,b,24,54.6,25,107.33,147,39.67,0
e1-100,binary,100,bot_48,3135,b,26,32.29,25,129.55,166,36.45,0
e1-100,binary,100,bot_48,3135,b,28,43.37,25,122.93,160,37.07,0
e1-100,binary,100,bot_48,3135,b,30,40.74,25,172.5,199,26.5,0
e1-100,binary,100,bot_48,3135,b,32,46.85,25,152.77,180,27.23,0
e1-100,binary,100,bot_48,3135,b,34,32.23,25,120.66,129,8.34,0
e1-100,binary,100,bot_48,3135,b,36,27.71,25,170.08,188,17.92,0
e1-100,binary,100,bot_48,3135,b,38,27.37,25,132.7,140,7.3,0
e1-100,binary,100,bot_48,3135,b,40,27.45,25,156.56,164,7.44,0
e1-100,binary,100,bot_48,3135,b,42,17.97,25,185.83,195,9.17,0
e1-100,binary,100,bot_48,3135,b,44,102.54,25,187,192,5,0
e1-100,binary,100,bot_48,3135,b,46,75.93,25,139.76,202,62.24,0
e1-100,binary,100,bot_48,3135,b,48,72.64,25,157.17,221,63.83,0
e1-100,binary,100,bot_48,3135,b,50,86.56,25,148.87,216,67.13,0
e1-100,binary,100,bot_48,3135,b,52,75.44,25,153.5,200,46.5,0
e1-100,binary,100,bot_48,3135,b,54,83.81,25,169.55,213,43.45,0
e1-100,binary,100,bot_48,3135,b,56,60.75,25,198.04,236,37.96,0
e1-100,binary,100,bot_48,3135,b,58,57.28,25,161.26,198,36.74,0
e1-100,binary,100,bot_48,3135,b,60,45.56,25,170.47,197,26.53,0
e1-100,binary,100,bot_49,3136,w,1,4.13,25,60.69,61,0.31,0
e1-100,binary,100,bot_49,3136,w,3,10.23,25,73.77,78,4.23,0
e1-100,binary,100,bot_49,3136,w,5,28.54,25,65.22,91,25.78,0
e1-100,binary,100,bot_49,3136,w,7,21.01,25,59.88,91,31.12,0
e1-100,binary,100,bot_49,3136,w,9,15.04,25,75.02,87,11.98,0
e1-100,binary,100,bot_49,3136,w,11,12.17,25,80.66,93,12.34,0
e1-100,binary,100,bot_49,3136,w,13,13.5,25,127.39,167,39.61,0
e1-100,binary,100,bot_49,3136,w,15,67.27,25,67.67,123,55.33,0
e1-100,binary,100,bot_49,3136,w,17,88.05,25,85.53,125,39.47,0
e1-100,binary,100,bot_49,3136,w,19,42.29,25,102.34,157,54.66,0
e1-100,binary,100,bot_49,3136,w,21,34.54,25,101.06,143,41.94,0
e1-100,binary,100,bot_49,3136,w,23,40.23,25,92.16,122,29.84,0
e1-100,binary,100,bot_49,3136,w,25,27.34,25,134.97,170,35.03,0
e1-100,binary,100,bot_49,3136,w,27,26.94,25,124.45,144,19.55,0
e1-100,binary,100,bot_49,3136,w,29,20.78,25,135.62,162,26.38,0
e1-100,binary,100,bot_49,3136,w,31,21.06,25,134.2,155,20.8,0
e1-100,binary,100,bot_49,3136,w,33,54.71,25,158.22,178,19.78,0
e1-100,binary,100,bot_49,3136,w,35,58.85,25,136.6,181,44.4,0
e1-100,binary,100,bot_49,3136,w,37,46.16,25,119.18,177,57.82,0
e1-100,binary,100,bot_49,3136,w,39,40.63,25,142.15,180,37.85,0
e1-100,binary,100,bot_49,3136,w,41,48.44,25,155.6,195,39.4,0
e1-100,binary,100,bot_49,3136,w,43,42.47,25,161.7,188,26.3,0
e1-100,binary,100,bot_49,3136,w,45,39.07,25,192.82,226,33.18,0
e1-100,binary,100,bot_49,3136,w,47,41.56,25,180.33,199,18.67,0
e1-100,binary,100,bot_49,3136,w,49,32.32,25,190.77,217,26.23,0
e1-100,binary,100,bot_49,3136,w,51,28.87,25,177.28,202,24.72,0
e1-100,binary,100,bot_49,3136,w,53,15.86,25,190.49,209,18.51,0
e1-100,binary,100,bot_49,3136,w,55,14.89,25,252.65,270,17.35,0
e1-100,binary,100,bot_49,3136,w,57,89.69,25,113.05,215,101.95,0
e1-100,binary,100,bot_49,3136,w,59,71.11,25,120.59,169,48.41,0
e1-100,binary,100,bot_50,3136,b,2,6.48,25,83.54,85,1.46,0
e1-100,binary,100,bot_50,3136,b,4,30.11,25,73.96,83,9.04,0
e1-100,binary,100,bot_50,3136,b,6,32.63,25,72.03,99,26.97,0
e1-100,binary,100,bot_50,3136,b,8,14.24,25,70.03,88,17.97,0
e1-100,binary,100,bot_50,3136,b,10,13.86,25,84.05,98,13.95,0
e1-100,binary,100,bot_50,3136,b,12,42.32,25,115.77,125,9.23,0
e1-100,binary,100,bot_50,3136,b,14,58.01,25,146.6,159,12.4,0
e1-100,binary,100,bot_50,3136,b,16,42.22,25,60.53,126,65.47,0
e1-100,binary,100,bot_50,3136,b,18,56.82,25,92.88,176,83.12,0
e1-100,binary,100,bot_50,3136,b,20,44.2,25,80.56,121,40.44,0
e1-100,binary,100,bot_50,3136,b,22,32.93,25,86.31,118,31.69,0
e1-100,binary,100,bot_50,3136,b,24,38.01,25,123.86,162,38.14,0
e1-100,binary,100,bot_50,3136,b,26,22.82,25,137.44,163,25.56,0
e1-100,binary,100,bot_50,3136,b,28,28.8,25,139.25,165,25.75,0
e1-100,binary,100,bot_50,3136,b,30,24.21,25,187.43,208,20.57,0
e1-100,binary,100,bot_50,3136,b,32,22.94,25,175.8,196,20.2,0
e1-100,binary,100,bot_50,3136,b,34,52.29,25,112.69,165,52.31,0
e1-100,binary,100,bot_50,3136,b,36,65.5,25,135.02,187,51.98,0
e1-100,binary,100,bot_50,3136,b,38,45.82,25,119.05,158,38.95,0
e1-100,binary,100,bot_50,3136,b,40,47.52,25,165.27,200,34.73,0
e1-100,binary,100,bot_50,3136,b,42,34.05,25,164.53,207,42.47,0
e1-100,binary,100,bot_50,3136,b,44,40.85,25,187.55,223,35.45,0
e1-100,binary,100,bot_50,3136,b,46,26.97,25,187,219,32,0
e1-100,binary,100,bot_50,3136,b,48,32.92,25,194.79,229,34.21,0
e1-100,binary,100,bot_50,3136,b,50,32.32,25,205.58,231,25.42,0
e1-100,binary,100,bot_50,3136,b,52,26.13,25,203.62,226,22.38,0
e1-100,binary,100,bot_50,3136,b,54,24.34,25,233.76,243,9.24,0
e1-100,binary,100,bot_50,3136,b,56,110.17,25,243.19,252,8.81,0
e1-100,binary,100,bot_50,3136,b,58,63.01,25,144.83,220,75.17,0
e1-100,binary,100,bot_50,3136,b,60,69.34,25,145.41,202,56.59,0
e1-100,binary,100,bot_51,3137,w,1,25.44,25,85.55,81,-4.55,0
e1-100,binary,100,bot_51,3137,w,3,27.32,25,76.63,78,1.37,0
e1-100,binary,100,bot_51,3137,w,5,28.79,25,76.02,97,20.98,0
e1-100,binary,100,bot_51,3137,w,7,12.32,25,71.99,83,11.01,0
e1-100,binary,100,bot_51,3137,w,9,11.52,25,86.42,94,7.58,0
e1-100,binary,100,bot_51,3137,w,11,30.26,25,127.85,132,4.15,0
e1-100,binary,100,bot_51,3137,w,13,46.49,25,66.56,164,97.44,0
e1-100,binary,100,bot_51,3137,w,15,38.48,25,64.22,122,57.78,0
e1-100,binary,100,bot_51,3137,w,17,53.41,25,96.04,169,72.96,0
e1-100,binary,100,bot_51,3137,w,19,42.34,25,82.54,116,33.46,0
e1-100,binary,100,bot_51,3137,w,21,29.98,25,89.3,115,25.7,0
e1-100,binary,100,bot_51,3137,w,23,34.99,25,126.94,160,33.06,0
e1-100,binary,100,bot_51,3137,w,25,20.99,25,139.12,158,18.88,0
e1-100,binary,100,bot_51,3137,w,27,25.61,25,142.59,161,18.41,0
e1-100,binary,100,bot_51,3137,w,29,19.19,25,192.41,205,12.59,0
e1-100,binary,100,bot_51,3137,w,31,18.18,25,180.65,194,13.35,0
e1-100,binary,100,bot_51,3137,w,33,49.1,25,115.97,164,48.03,0
e1-100,binary,100,bot_51,3137,w,35,61.94,25,138.76,185,46.24,0
e1-100,binary,100,bot_51,3137,w,37,43.92,25,121.03,154,32.97,0
e1-100,binary,100,bot_51,3137,w,39,45.02,25,167.87,198,30.13,0
e1-100,binary,100,bot_51,3137,w,41,31.19,25,167.31,202,34.69,0
e1-100,binary,100,bot_51,3137,w,43,37.74,25,190.78,220,29.22,0
e1-100,binary,100,bot_51,3137,w,45,24.88,25,188.98,214,25.02,0
e1-100,binary,100,bot_51,3137,w,47,30.36,25,197.32,224,26.68,0
e1-100,binary,100,bot_51,3137,w,49,29.26,25,208.6,228,19.4,0
e1-100,binary,100,bot_51,3137,w,51,23.55,25,206.17,219,12.83,0
e1-100,binary,100,bot_51,3137,w,53,21.09,25,237.12,240,2.88,0
e1-100,binary,100,bot_51,3137,w,55,94.03,25,139.01,262,122.99,0
e1-100,binary,100,bot_51,3137,w,57,59.95,25,147.8,216,68.2,0
e1-100,binary,100,bot_51,3137,w,59,66.94,25,147.69,193,45.31,0
e1-100,binary,100,bot_52,3137,b,2,7.21,25,55.78,78,22.22,0
e1-100,binary,100,bot_52,3137,b,4,27.65,25,65.49,87,21.51,0
e1-100,binary,100,bot_52,3137,b,6,19.43,25,60.95,83,22.05,0
e1-100,binary,100,bot_52,3137,b,8,14.88,25,75.98,83,7.02,0
e1-100,binary,100,bot_52,3137,b,10,11.43,25,81.13,88,6.87,0
e1-100,binary,100,bot_52,3137,b,12,105.18,25,128.71,153,24.29,0
e1-100,binary,100,bot_52,3137,b,14,65.43,25,68.59,110,41.41,0
e1-100,binary,100,bot_52,3137,b,16,87.53,25,87.01,118,30.99,0
e1-100,binary,100,bot_52,3137,b,18,41.23,25,103.11,151,47.89,0
e1-100,binary,100,bot_52,3137,b,20,33.22,25,101.98,140,38.02,0
e1-100,binary,100,bot_52,3137,b,22,39.84,25,92.71,117,24.29,0
e1-100,binary,100,bot_52,3137,b,24,26.33,25,136.06,166,29.94,0
e1-100,binary,100,bot_52,3137,b,26,25.62,25,125.75,141,15.25,0
e1-100,binary,100,bot_52,3137,b,28,20.21,25,136.04,154,17.96,0
e1-100,binary,100,bot_52,3137,b,30,20.25,25,135.01,147,11.99,0
e1-100,binary,100,bot_52,3137,b,32,54.07,25,158.55,170,11.45,0
e1-100,binary,100,bot_52,3137,b,34,56.99,25,138.29,178,39.71,0
e1-100,binary,100,bot_52,3137,b,36,45.64,25,119.39,172,52.61,0
e1-100,binary,100,bot_52,3137,b,38,40.57,25,141.88,177,35.12,0
e1-100,binary,100,bot_52,3137,b,40,46.02,25,157.96,192,34.04,0
e1-100,binary,100,bot_52,3137,b,42,40.52,25,163.6,185,21.4,0
e1-100,binary,100,bot_52,3137,b,44,36.72,25,195.2,223,27.8,0
e1-100,binary,100,bot_52,3137,b,46,37.56,25,184.3,199,14.7,0
e1-100,binary,100,bot_52,3137,b,48,29.29,25,193.79,215,21.21,0
e1-100,binary,100,bot_52,3137,b,50,25.23,25,181.12,201,19.88,0
e1-100,binary,100,bot_52,3137,b,52,13.92,25,192.13,206,13.87,0
e1-100,binary,100,bot_52,3137,b,54,134.05,25,253.77,265,11.23,0
e1-100,binary,100,bot_52,3137,b,56,86.32,25,116.35,200,83.65,0
e1-100,binary,100,bot_52,3137,b,58,65.22,25,127.15,171,43.85,0
e1-100,binary,100,bot_52,3137,b,60,58.54,25,156.13,207,50.87,0
e1-100,binary,100,bot_53,3138,w,1,13.37,25,64.28,84,19.72,0
e1-100,binary,100,bot_53,3138,w,3,14.05,25,77.83,91,13.17,0
e1-100,binary,100,bot_53,3138,w,5,12.37,25,79.46,98,18.54,0
e1-100,binary,100,bot_53,3138,w,7,34.01,25,54.1,79,24.9,0
e1-100,binary,100,bot_53,3138,w,9,29.15,25,65.25,98,32.75,0
e1-100,binary,100,bot_53,3138,w,11,43.21,25,94.67,163,68.33,0
e1-100,binary,100,bot_53,3138,w,13,30.19,25,84.69,115,30.31,0
e1-100,binary,100,bot_53,3138,w,15,36.34,25,86.02,102,15.98,0
e1-100,binary,100,bot_53,3138,w,17,31.39,25,121.71,152,30.29,0
e1-100,binary,100,bot_53,3138,w,19,20.23,25,115.26,135,19.74,0
e1-100,binary,100,bot_53,3138,w,21,14.31,25,107.63,129,21.37,0
e1-100,binary,100,bot_53,3138,w,23,12.37,25,147.68,172,24.32,0
e1-100,binary,100,bot_53,3138,w,25,81.04,25,72.29,144,71.71,0
e1-100,binary,100,bot_53,3138,w,27,72.41,25,87.21,166,78.79,0
e1-100,binary,100,bot_53,3138,w,29,68.94,25,83.86,168,84.14,0
e1-100,binary,100,bot_53,3138,w,31,57.23,25,116.54,208,91.46,0
e1-100,binary,100,bot_53,3138,w,33,51.84,25,123.31,188,64.69,0
e1-100,binary,100,bot_53,3138,w,35,45.36,25,141.58,199,57.42,0
e1-100,binary,100,bot_53,3138,w,37,52.98,25,140.15,186,45.85,0
e1-100,binary,100,bot_53,3138,w,39,57.81,25,149.28,214,64.72,0
e1-100,binary,100,bot_53,3138,w,41,47,25,158.84,204,45.16,0
e1-100,binary,100,bot_53,3138,w,43,44.81,25,195.45,237,41.55,0
e1-100,binary,100,bot_53,3138,w,45,34.99,25,174.9,208,33.1,0
e1-100,binary,100,bot_53,3138,w,47,32.61,25,177.25,201,23.75,0
e1-100,binary,100,bot_53,3138,w,49,19.75,25,222.76,244,21.24,0
e1-100,binary,100,bot_53,3138,w,51,25.47,25,209.89,220,10.11,0
e1-100,binary,100,bot_53,3138,w,53,126.31,25,260.94,276,15.06,0
e1-100,binary,100,bot_53,3138,w,55,79.74,25,126.05,221,94.95,0
e1-100,binary,100,bot_53,3138,w,57,56.43,25,109.92,183,73.08,0
e1-100,binary,100,bot_53,3138,w,59,61.65,25,154.65,205,50.35,0
e1-100,binary,100,bot_54,3138,b,2,13.94,25,65.26,68,2.74,0
e1-100,binary,100,bot_54,3138,b,4,19.89,25,73.84,74,0.16,0
e1-100,binary,100,bot_54,3138,b,6,26,25,91.02,92,0.98,0
e1-100,binary,100,bot_54,3138,b,8,34.15,25,65.42,88,22.58,0
e1-100,binary,100,bot_54,3138,b,10,70.51,25,86.21,103,16.79,0
e1-100,binary,100,bot_54,3138,b,12,31.98,25,126.06,158,31.94,0
e1-100,binary,100,bot_54,3138,b,14,17.68,25,97.87,116,18.13,0
e1-100,binary,100,bot_54,3138,b,16,31.91,25,160.36,185,24.64,0
e1-100,binary,100,bot_54,3138,b,18,21.9,25,104.95,124,19.05,0
e1-100,binary,100,bot_54,3138,b,20,22.52,25,95.51,104,8.49,0
e1-100,binary,100,bot_54,3138,b,22,25.88,25,127.19,130,2.81,0
e1-100,binary,100,bot_54,3138,b,24,72.82,25,162.57,163,0.43,0
e1-100,binary,100,bot_54,3138,b,26,80.2,25,83.11,152,68.89,0
e1-100,binary,100,bot_54,3138,b,28,86.46,25,126.66,187,60.34,0
e1-100,binary,100,bot_54,3138,b,30,92.59,25,104.52,162,57.48,0
e1-100,binary,100,bot_54,3138,b,32,64.9,25,86.28,132,45.72,0
e1-100,binary,100,bot_54,3138,b,34,64.59,25,138.7,177,38.3,0
e1-100,binary,100,bot_54,3138,b,36,51.99,25,105.86,136,30.14,0
e1-100,binary,100,bot_54,3138,b,38,70.65,25,111.42,151,39.58,0
e1-100,binary,100,bot_54,3138,b,40,50.54,25,153.98,198,44.02,0
e1-100,binary,100,bot_54,3138,b,42,46.21,25,155.13,188,32.87,0
e1-100,binary,100,bot_54,3138,b,44,38.45,25,177.5,208,30.5,0
e1-100,binary,100,bot_54,3138,b,46,30.05,25,200.36,221,20.64,0
e1-100,binary,100,bot_54,3138,b,48,26.58,25,194.85,213,18.15,0
e1-100,binary,100,bot_54,3138,b,50,14.84,25,186.26,192,5.74,0
e1-100,binary,100,bot_54,3138,b,52,20.37,25,199.46,212,12.54,0
e1-100,binary,100,bot_54,3138,b,54,100.02,25,157.78,271,113.22,0
e1-100,binary,100,bot_54,3138,b,56,86.86,25,134.64,200,65.36,0
e1-100,binary,100,bot_54,3138,b,58,63.89,25,153.38,192,38.63,0
e1-100,binary,100,bot_54,3138,b,60,72.71,25,161.21,204,42.79,0
e1-100,binary,100,bot_55,3139,w,1,20.74,25,54.76,62,7.24,0
e1-100,binary,100,bot_55,3139,w,3,17.97,25,66.63,75,8.37,0
e1-100,binary,100,bot_55,3139,w,5,20.93,25,73.65,84,10.35,0
e1-100,binary,100,bot_55,3139,w,7,7,25,73.81,80,6.19,0
e1-100,binary,100,bot_55,3139,w,9,38.24,25,90.99,84,-6.99,0
e1-100,binary,100,bot_55,3139,w,11,30.43,25,141.11,161,19.89,0
e1-100,binary,100,bot_55,3139,w,13,26.75,25,107.08,116,8.92,0
e1-100,binary,100,bot_55,3139,w,15,76.61,25,166.08,164,-2.08,0
e1-100,binary,100,bot_55,3139,w,17,51.58,25,77.45,132,54.55,0
e1-100,binary,100,bot_55,3139,w,19,41.38,25,74.88,123,48.12,0
e1-100,binary,100,bot_55,3139,w,21,56.19,25,95.38,125,29.62,0
e1-100,binary,100,bot_55,3139,w,23,52.29,25,119.7,156,36.3,0
e1-100,binary,100,bot_55,3139,w,25,31.99,25,120.3,142,21.7,0
e1-100,binary,100,bot_55,3139,w,27,39.5,25,145.04,163,17.96,0
e1-100,binary,100,bot_55,3139,w,29,23.37,25,148.08,163,14.92,0
e1-100,binary,100,bot_55,3139,w,31,16.48,25,139.29,150,10.71,0
e1-100,binary,100,bot_55,3139,w,33,13.4,25,180.35,191,10.65,0
e1-100,binary,100,bot_55,3139,w,35,16.16,25,148.89,150,1.11,0
e1-100,binary,100,bot_55,3139,w,37,121.62,25,174.66,169,-5.66,0
e1-100,binary,100,bot_55,3139,w,39,103.89,25,101.5,192,90.5,0
e1-100,binary,100,bot_55,3139,w,41,108.94,25,94.68,181,86.32,0
e1-100,binary,100,bot_55,3139,w,43,98.92,25,121.44,212,90.56,0
e1-100,binary,100,bot_55,3139,w,45,95.51,25,133.98,207,73.02,0
e1-100,binary,100,bot_55,3139,w,47,75.63,25,149.11,208,58.89,0
e1-100,binary,100,bot_55,3139,w,49,68.56,25,133.72,194,60.28,0
e1-100,binary,100,bot_55,3139,w,51,83.33,25,137.44,188,50.56,0
e1-100,binary,100,bot_55,3139,w,53,82.41,25,180.94,250,69.06,0
e1-100,binary,100,bot_55,3139,w,55,60.22,25,142.93,190,47.07,0
e1-100,binary,100,bot_55,3139,w,57,40.48,25,152.59,173,20.41,0
e1-100,binary,100,bot_55,3139,w,59,41.31,25,173.64,196,22.36,0
e1-100,binary,100,bot_56,3139,b,2,20.99,25,74.86,90,15.14,0
e1-100,binary,100,bot_56,3139,b,4,23.45,25,87.06,98,10.94,0
e1-100,binary,100,bot_56,3139,b,6,19.01,25,58.6,71,12.4,0
e1-100,binary,100,bot_56,3139,b,8,6.7,25,93.57,94,0.43,0
e1-100,binary,100,bot_56,3139,b,10,33.04,25,124.9,156,31.1,0
e1-100,binary,100,bot_56,3139,b,12,21.91,25,89.24,112,22.76,0
e1-100,binary,100,bot_56,3139,b,14,11.38,25,89.94,110,20.06,0
e1-100,binary,100,bot_56,3139,b,16,67.11,25,86.03,154,67.97,0
e1-100,binary,100,bot_56,3139,b,18,61.1,25,74.97,119,44.03,0
e1-100,binary,100,bot_56,3139,b,20,42.11,25,80.71,115,34.29,0
e1-100,binary,100,bot_56,3139,b,22,49.32,25,112.15,162,49.85,0
e1-100,binary,100,bot_56,3139,b,24,34.54,25,99.07,144,44.93,0
e1-100,binary,100,bot_56,3139,b,26,30.38,25,137.76,164,26.24,0
e1-100,binary,100,bot_56,3139,b,28,27.16,25,147.05,180,32.95,0
e1-100,binary,100,bot_56,3139,b,30,24.23,25,169.97,187,17.03,0
e1-100,binary,100,bot_56,3139,b,32,25.59,25,140.48,150,9.52,0
e1-100,binary,100,bot_56,3139,b,34,16.99,25,185.17,189,3.83,0
e1-100,binary,100,bot_56,3139,b,36,9.26,25,153.87,160,6.13,0
e1-100,binary,100,bot_56,3139,b,38,105.98,25,102.97,214,111.03,0
e1-100,binary,100,bot_56,3139,b,40,103.03,25,100.29,193,92.71,0
e1-100,binary,100,bot_56,3139,b,42,105.22,25,131.92,231,99.08,0
e1-100,binary,100,bot_56,3139,b,44,87.92,25,121.96,209,87.04,0
e1-100,binary,100,bot_56,3139,b,46,74.01,25,131.7,216,84.3,0
e1-100,binary,100,bot_56,3139,b,48,75.5,25,167.41,232,64.59,0
e1-100,binary,100,bot_56,3139,b,50,66.91,25,163.12,221,57.88,0
e1-100,binary,100,bot_56,3139,b,52,84.31,25,191.55,265,73.45,0
e1-100,binary,100,bot_56,3139,b,54,62.74,25,166.42,238,71.58,0
e1-100,binary,100,bot_56,3139,b,56,41.39,25,163.62,207,43.38,0
e1-100,binary,100,bot_56,3139,b,58,43.84,25,169.84,193,23.16,0
e1-100,binary,100,bot_56,3139,b,60,23.23,25,194.55,218,23.45,0
e1-100,binary,100,bot_57,3140,w,1,20.81,25,73.42,76,2.58,0
e1-100,binary,100,bot_57,3140,w,3,15.96,25,87.82,98,10.18,0
e1-100,binary,100,bot_57,3140,w,5,7.54,25,84.28,84,-0.28,0
e1-100,binary,100,bot_57,3140,w,7,24.03,25,76.4,90,13.6,0
e1-100,binary,100,bot_57,3140,w,9,50.3,25,138.83,156,17.17,0
e1-100,binary,100,bot_57,3140,w,11,35.29,25,76.98,134,57.02,0
e1-100,binary,100,bot_57,3140,w,13,24.62,25,76.49,112,35.51,0
e1-100,binary,100,bot_57,3140,w,15,32.82,25,116.02,171,54.98,0
e1-100,binary,100,bot_57,3140,w,17,26.85,25,99.29,112,12.71,0
e1-100,binary,100,bot_57,3140,w,19,13.47,25,106.42,114,7.58,0
e1-100,binary,100,bot_57,3140,w,21,13.8,25,148.41,158,9.59,0
e1-100,binary,100,bot_57,3140,w,23,51.85,25,83.61,164,80.39,0
e1-100,binary,100,bot_57,3140,w,25,47.97,25,121.58,161,39.42,0
e1-100,binary,100,bot_57,3140,w,27,38.22,25,137.02,194,56.98,0
e1-100,binary,100,bot_57,3140,w,29,40.5,25,155.06,190,34.94,0
e1-100,binary,100,bot_57,3140,w,31,39.34,25,125.76,147,21.24,0
e1-100,binary,100,bot_57,3140,w,33,41.82,25,159.51,180,20.49,0
e1-100,binary,100,bot_57,3140,w,35,29.51,25,133.76,152,18.24,0
e1-100,binary,100,bot_57,3140,w,37,31.87,25,182.1,191,8.9,0
e1-100,binary,100,bot_57,3140,w,39,17.39,25,179.48,193,13.52,0
e1-100,binary,100,bot_57,3140,w,41,21.96,25,207.99,210,2.01,0
e1-100,binary,100,bot_57,3140,w,43,12,25,201.01,204,2.99,0
e1-100,binary,100,bot_57,3140,w,45,90.88,25,114.07,231,116.93,0
e1-100,binary,100,bot_57,3140,w,47,91.42,25,152.23,228,75.77,0
e1-100,binary,100,bot_57,3140,w,49,84.46,25,143.84,217,73.16,0
e1-100,binary,100,bot_57,3140,w,51,110.07,25,167.09,250,82.91,0
e1-100,binary,100,bot_57,3140,w,53,71.05,25,159.76,242,82.24,0
e1-100,binary,100,bot_57,3140,w,55,47.38,25,158.87,206,47.13,0
e1-100,binary,100,bot_57,3140,w,57,52.01,25,161.77,193,31.23,0
e1-100,binary,100,bot_57,3140,w,59,35.44,25,182.96,212,29.04,0
e1-100,binary,100,bot_58,3140,b,2,19.7,25,72.84,89,16.16,0
e1-100,binary,100,bot_58,3140,b,4,10.91,25,69.53,79,9.47,0
e1-100,binary,100,bot_58,3140,b,6,23.7,25,87.26,89,1.74,0
e1-100,binary,100,bot_58,3140,b,8,26.57,25,69.57,88,18.43,0
e1-100,binary,100,bot_58,3140,b,10,67.31,25,104.07,149,44.93,0
e1-100,binary,100,bot_58,3140,b,12,45.55,25,89.02,119,29.98,0
e1-100,binary,100,bot_58,3140,b,14,65.63,25,110.6,130,19.4,0
e1-100,binary,100,bot_58,3140,b,16,22.78,25,120.23,147,26.77,0
e1-100,binary,100,bot_58,3140,b,18,18.06,25,116.2,137,20.8,0
e1-100,binary,100,bot_58,3140,b,20,19.54,25,113.52,122,8.48,0
e1-100,binary,100,bot_58,3140,b,22,91.23,25,148.17,156,7.83,0
e1-100,binary,100,bot_58,3140,b,24,49.25,25,102.02,148,45.98,0
e1-100,binary,100,bot_58,3140,b,26,67.05,25,115.47,159,43.53,0
e1-100,binary,100,bot_58,3140,b,28,44.9,25,125.68,158,32.32,0
e1-100,binary,100,bot_58,3140,b,30,30.78,25,125.78,161,35.22,0
e1-100,binary,100,bot_58,3140,b,32,33.97,25,160.85,190,29.15,0
e1-100,binary,100,bot_58,3140,b,34,30.19,25,135.84,167,31.16,0
e1-100,binary,100,bot_58,3140,b,36,22.22,25,160.45,180,19.55,0
e1-100,binary,100,bot_58,3140,b,38,26.27,25,178.09,200,21.91,0
e1-100,binary,100,bot_58,3140,b,40,13.77,25,190.77,199,8.23,0
e1-100,binary,100,bot_58,3140,b,42,15.98,25,215.06,226,10.94,0
e1-100,binary,100,bot_58,3140,b,44,130.11,25,207.08,210,2.92,0
e1-100,binary,100,bot_58,3140,b,46,88.51,25,135.86,217,81.14,0
e1-100,binary,100,bot_58,3140,b,48,85.37,25,118.06,200,81.94,0
e1-100,binary,100,bot_58,3140,b,50,96.34,25,124.91,200,75.09,0
e1-100,binary,100,bot_58,3140,b,52,95.01,25,166.21,267,100.79,0
e1-100,binary,100,bot_58,3140,b,54,65.62,25,138.42,199,60.58,0
e1-100,binary,100,bot_58,3140,b,56,49.76,25,142.78,172,29.22,0
e1-100,binary,100,bot_58,3140,b,58,47.64,25,167.31,202,34.69,0
e1-100,binary,100,bot_58,3140,b,60,28.85,25,116.63,136,19.37,0
e1-100,binary,100,bot_59,3141,w,1,39.86,25,79.98,75,-4.98,0
e1-100,binary,100,bot_59,3141,w,3,27.26,25,83.58,96,12.42,0
e1-100,binary,100,bot_59,3141,w,5,22.07,25,55.32,74,18.68,0
e1-100,binary,100,bot_59,3141,w,7,11.18,25,89.07,92,2.93,0
e1-100,binary,100,bot_59,3141,w,9,37.11,25,152.32,154,1.68,0
e1-100,binary,100,bot_59,3141,w,11,24.7,25,86.66,114,27.34,0
e1-100,binary,100,bot_59,3141,w,13,13.62,25,87.33,112,24.67,0
e1-100,binary,100,bot_59,3141,w,15,13.43,25,134.62,150,15.38,0
e1-100,binary,100,bot_59,3141,w,17,64.74,25,71.93,129,57.07,0
e1-100,binary,100,bot_59,3141,w,19,46.04,25,76.89,114,37.11,0
e1-100,binary,100,bot_59,3141,w,21,53.55,25,108.14,161,52.86,0
e1-100,binary,100,bot_59,3141,w,23,38.86,25,95.09,143,47.91,0
e1-100,binary,100,bot_59,3141,w,25,33.53,25,134.85,163,28.15,0
e1-100,binary,100,bot_59,3141,w,27,30.01,25,144.45,183,38.55,0
e1-100,binary,100,bot_59,3141,w,29,27.02,25,167.59,187,19.41,0
e1-100,binary,100,bot_59,3141,w,31,28.67,25,137.1,149,11.9,0
e1-100,binary,100,bot_59,3141,w,33,23.47,25,178.12,184,5.88,0
e1-100,binary,100,bot_59,3141,w,35,13.97,25,149.11,157,7.89,0
e1-100,binary,100,bot_59,3141,w,37,14.57,25,199.57,199,-0.57,0
e1-100,binary,100,bot_59,3141,w,39,111.55,25,91.7,200,108.3,0
e1-100,binary,100,bot_59,3141,w,41,113.76,25,122.99,225,102.01,0
e1-100,binary,100,bot_59,3141,w,43,97.05,25,113.21,206,92.79,0
e1-100,binary,100,bot_59,3141,w,45,78.02,25,127.26,218,90.74,0
e1-100,binary,100,bot_59,3141,w,47,79.2,25,163.58,232,68.42,0
e1-100,binary,100,bot_59,3141,w,49,69.51,25,159.9,221,61.1,0
e1-100,binary,100,bot_59,3141,w,51,89.53,25,186.82,263,76.18,0
e1-100,binary,100,bot_59,3141,w,53,63.93,25,166.85,245,78.15,0
e1-100,binary,100,bot_59,3141,w,55,42.82,25,162.44,208,45.56,0
e1-100,binary,100,bot_59,3141,w,57,45.14,25,168.73,195,26.27,0
e1-100,binary,100,bot_59,3141,w,59,25.23,25,192.89,220,27.11,0
e1-100,binary,100,bot_60,3141,b,2,21.13,25,63.61,102,38.39,0
e1-100,binary,100,bot_60,3141,b,4,26.79,25,68.09,94,25.91,0
e1-100,binary,100,bot_60,3141,b,6,9.5,25,71.5,91,19.5,0
e1-100,binary,100,bot_60,3141,b,8,9.54,25,87.85,97,9.15,0
e1-100,binary,100,bot_60,3141,b,10,34.82,25,136.72,172,35.28,0
e1-100,binary,100,bot_60,3141,b,12,31.55,25,102.39,125,22.61,0
e1-100,binary,100,bot_60,3141,b,14,23.19,25,155.13,167,11.87,0
e1-100,binary,100,bot_60,3141,b,16,64.22,25,133.88,146,12.12,0
e1-100,binary,100,bot_60,3141,b,18,44.23,25,71.96,135,63.04,0
e1-100,binary,100,bot_60,3141,b,20,59.41,25,92.05,136,43.95,0
e1-100,binary,100,bot_60,3141,b,22,55.87,25,115.98,168,52.02,0
e1-100,binary,100,bot_60,3141,b,24,35.8,25,116.22,153,36.78,0
e1-100,binary,100,bot_60,3141,b,26,44.35,25,140.02,171,30.98,0
e1-100,binary,100,bot_60,3141,b,28,27.01,25,144.07,173,28.93,0
e1-100,binary,100,bot_60,3141,b,30,19.48,25,136.43,162,25.57,0
e1-100,binary,100,bot_60,3141,b,32,16.02,25,178.05,201,22.95,0
e1-100,binary,100,bot_60,3141,b,34,19.24,25,146.11,162,15.89,0
e1-100,binary,100,bot_60,3141,b,36,10.3,25,172.32,179,6.68,0
e1-100,binary,100,bot_60,3141,b,38,119.92,25,193.46,201,7.54,0
e1-100,binary,100,bot_60,3141,b,40,112.45,25,91.46,195,103.54,0
e1-100,binary,100,bot_60,3141,b,42,104.21,25,116.13,223,106.87,0
e1-100,binary,100,bot_60,3141,b,44,101.58,25,127.97,218,90.03,0
e1-100,binary,100,bot_60,3141,b,46,78.88,25,145.9,217,71.1,0
e1-100,binary,100,bot_60,3141,b,48,72.94,25,129.6,203,73.4,0
e1-100,binary,100,bot_60,3141,b,50,87.6,25,133.23,196,62.77,0
e1-100,binary,100,bot_60,3141,b,52,88.81,25,172.91,255,82.09,0
e1-100,binary,100,bot_60,3141,b,54,62.29,25,141.11,198,56.89,0
e1-100,binary,100,bot_60,3141,b,56,43.88,25,148.87,176,27.13,0
e1-100,binary,100,bot_60,3141,b,58,44.86,25,170.05,200,29.95,0
e1-100,binary,100,bot_60,3141,b,60,25.9,25,120.39,130,9.61,0
e1-100,binary,100,bot_61,3142,w,1,22.17,25,71.22,80,8.78,0
e1-100,binary,100,bot_61,3142,w,3,33.64,25,89.4,89,-0.4,0
e1-100,binary,100,bot_61,3142,w,5,7.8,25,87.21,83,-4.21,0
e1-100,binary,100,bot_61,3142,w,7,78.23,25,105.8,101,-4.8,0
e1-100,binary,100,bot_61,3142,w,9,38.13,25,120.52,165,44.48,0
e1-100,binary,100,bot_61,3142,w,11,22.86,25,92.56,124,31.44,0
e1-100,binary,100,bot_61,3142,w,13,37.09,25,156.02,188,31.98,0
e1-100,binary,100,bot_61,3142,w,15,31.7,25,95.31,130,34.69,0
e1-100,binary,100,bot_61,3142,w,17,26.37,25,91.19,114,22.81,0
e1-100,binary,100,bot_61,3142,w,19,32.62,25,119.67,131,11.33,0
e1-100,binary,100,bot_61,3142,w,21,21.94,25,151.53,164,12.47,0
e1-100,binary,100,bot_61,3142,w,23,14.6,25,139.58,143,3.42,0
e1-100,binary,100,bot_61,3142,w,25,104.14,25,109.47,192,82.53,0
e1-100,binary,100,bot_61,3142,w,27,103.72,25,93.15,171,77.85,0
e1-100,binary,100,bot_61,3142,w,29,73.01,25,78.24,146,67.76,0
e1-100,binary,100,bot_61,3142,w,31,82.83,25,122.87,184,61.13,0
e1-100,binary,100,bot_61,3142,w,33,62.76,25,94,142,48,0
e1-100,binary,100,bot_61,3142,w,35,88.75,25,92.72,158,65.28,0
e1-100,binary,100,bot_61,3142,w,37,65.39,25,139.88,205,65.12,0
e1-100,binary,100,bot_61,3142,w,39,65.75,25,135.34,194,58.66,0
e1-100,binary,100,bot_61,3142,w,41,55.38,25,161.97,214,52.03,0
e1-100,binary,100,bot_61,3142,w,43,45.81,25,184.47,223,38.53,0
e1-100,binary,100,bot_61,3142,w,45,39.18,25,182.75,217,34.25,0
e1-100,binary,100,bot_61,3142,w,47,28.64,25,172.24,196,23.76,0
e1-100,binary,100,bot_61,3142,w,49,36.2,25,183.37,208,24.63,0
e1-100,binary,100,bot_61,3142,w,51,28.94,25,237.82,249,11.18,0
e1-100,binary,100,bot_61,3142,w,53,22.91,25,182.56,189,6.44,0
e1-100,binary,100,bot_61,3142,w,55,83.49,25,134.22,193,58.78,0
e1-100,binary,100,bot_61,3142,w,57,96.5,25,137.21,199,61.79,0
e1-100,binary,100,bot_61,3142,w,59,59.31,25,103.68,140,36.32,0
e1-100,binary,100,bot_62,3142,b,2,8.77,25,76.71,84,7.29,0
e1-100,binary,100,bot_62,3142,b,4,5.97,25,50.45,70,19.55,0
e1-100,binary,100,bot_62,3142,b,6,37.1,25,92.87,85,-7.87,0
e1-100,binary,100,bot_62,3142,b,8,55.11,25,86.57,152,65.43,0
e1-100,binary,100,bot_62,3142,b,10,41.13,25,74.1,96,21.9,0
e1-100,binary,100,bot_62,3142,b,12,42.1,25,79.32,88,8.68,0
e1-100,binary,100,bot_62,3142,b,14,43.75,25,109.57,133,23.43,0
e1-100,binary,100,bot_62,3142,b,16,32.03,25,103.27,121,17.73,0
e1-100,binary,100,bot_62,3142,b,18,20.5,25,101.93,113,11.07,0
e1-100,binary,100,bot_62,3142,b,20,22.05,25,138.18,156,17.82,0
e1-100,binary,100,bot_62,3142,b,22,12.94,25,118.53,125,6.47,0
e1-100,binary,100,bot_62,3142,b,24,92.12,25,158.36,157,-1.36,0
e1-100,binary,100,bot_62,3142,b,26,87.9,25,64.99,153,88.01,0
e1-100,binary,100,bot_62,3142,b,28,77.25,25,96.84,186,89.16,0
e1-100,binary,100,bot_62,3142,b,30,72.55,25,100.84,159,58.16,0
e1-100,binary,100,bot_62,3142,b,32,59.43,25,127.5,196,68.5,0
e1-100,binary,100,bot_62,3142,b,34,75.55,25,117.99,167,49.01,0
e1-100,binary,100,bot_62,3142,b,36,76.57,25,130.76,205,74.24,0
e1-100,binary,100,bot_62,3142,b,38,70.52,25,134.24,186,51.76,0
e1-100,binary,100,bot_62,3142,b,40,63.46,25,176.74,228,51.26,0
e1-100,binary,100,bot_62,3142,b,42,50.79,25,159.35,199,39.65,0
e1-100,binary,100,bot_62,3142,b,44,45.45,25,163.67,196,32.33,0
e1-100,binary,100,bot_62,3142,b,46,34.38,25,208.6,233,24.4,0
e1-100,binary,100,bot_62,3142,b,48,34.21,25,200.43,215,14.57,0
e1-100,binary,100,bot_62,3142,b,50,22.76,25,250.23,271,20.77,0
e1-100,binary,100,bot_62,3142,b,52,17.86,25,207.86,222,14.14,0
e1-100,binary,100,bot_62,3142,b,54,76.98,25,189.22,191,1.78,0
e1-100,binary,100,bot_62,3142,b,56,79.78,25,136.45,199,62.55,0
e1-100,binary,100,bot_62,3142,b,58,55.04,25,118.15,194,75.85,0
e1-100,binary,100,bot_62,3142,b,60,57.08,25,115.1,154,38.9,0
e1-100,binary,100,bot_63,3143,w,1,14.77,25,72.01,91,18.99,0
e1-100,binary,100,bot_63,3143,w,3,7.83,25,69.1,70,0.9,0
e1-100,binary,100,bot_63,3143,w,5,8.39,25,89.47,93,3.53,0
e1-100,binary,100,bot_63,3143,w,7,15.48,25,142.59,145,2.41,0
e1-100,binary,100,bot_63,3143,w,9,47.47,25,68.86,117,48.14,0
e1-100,binary,100,bot_63,3143,w,11,45.28,25,75.36,98,22.64,0
e1-100,binary,100,bot_63,3143,w,13,47.14,25,106.26,143,36.74,0
e1-100,binary,100,bot_63,3143,w,15,37.92,25,98.1,128,29.9,0
e1-100,binary,100,bot_63,3143,w,17,24.95,25,98.07,122,23.93,0
e1-100,binary,100,bot_63,3143,w,19,25.02,25,135.69,167,31.31,0
e1-100,binary,100,bot_63,3143,w,21,18.58,25,113.66,141,27.34,0
e1-100,binary,100,bot_63,3143,w,23,15.74,25,151.32,164,12.68,0
e1-100,binary,100,bot_63,3143,w,25,10.52,25,159.62,172,12.38,0
e1-100,binary,100,bot_63,3143,w,27,90.25,25,85.03,203,117.97,0
e1-100,binary,100,bot_63,3143,w,29,81.27,25,90.18,168,77.82,0
e1-100,binary,100,bot_63,3143,w,31,71.61,25,115.43,203,87.57,0
e1-100,binary,100,bot_63,3143,w,33,93.33,25,101.21,163,61.79,0
e1-100,binary,100,bot_63,3143,w,35,86.97,25,121.52,211,89.48,0
e1-100,binary,100,bot_63,3143,w,37,85.99,25,117.75,187,69.25,0
e1-100,binary,100,bot_63,3143,w,39,78.29,25,160.26,232,71.74,0
e1-100,binary,100,bot_63,3143,w,41,65.71,25,144.35,204,59.65,0
e1-100,binary,100,bot_63,3143,w,43,55.06,25,152.3,203,50.7,0
e1-100,binary,100,bot_63,3143,w,45,54.44,25,188.8,231,42.2,0
e1-100,binary,100,bot_63,3143,w,47,44.34,25,188.62,222,33.38,0
e1-100,binary,100,bot_63,3143,w,49,41.85,25,232.6,280,47.4,0
e1-100,binary,100,bot_63,3143,w,51,30.22,25,197.18,241,43.82,0
e1-100,binary,100,bot_63,3143,w,53,24.95,25,178.47,205,26.53,0
e1-100,binary,100,bot_63,3143,w,55,25.91,25,187.94,201,13.06,0
e1-100,binary,100,bot_63,3143,w,57,12.17,25,204.44,213,8.56,0
e1-100,binary,100,bot_63,3143,w,59,89.15,25,160.79,160,-0.79,0
e1-100,binary,100,bot_64,3143,b,2,7.81,25,87.6,89,1.4,0
e1-100,binary,100,bot_64,3143,b,4,11.03,25,90.96,83,-7.96,0
e1-100,binary,100,bot_64,3143,b,6,10.12,25,101.77,95,-6.77,0
e1-100,binary,100,bot_64,3143,b,8,55.41,25,159.5,159,-0.5,0
e1-100,binary,100,bot_64,3143,b,10,28.19,25,87.27,120,32.73,0
e1-100,binary,100,bot_64,3143,b,12,43.05,25,150.74,180,29.26,0
e1-100,binary,100,bot_64,3143,b,14,36.57,25,90.29,124,33.71,0
e1-100,binary,100,bot_64,3143,b,16,30.16,25,87.02,111,23.98,0
e1-100,binary,100,bot_64,3143,b,18,38.8,25,113.15,123,9.85,0
e1-100,binary,100,bot_64,3143,b,20,34.09,25,138.95,149,10.05,0
e1-100,binary,100,bot_64,3143,b,22,20.88,25,132.72,136,3.28,0
e1-100,binary,100,bot_64,3143,b,24,19.87,25,168.93,170,1.07,0
e1-100,binary,100,bot_64,3143,b,26,124.28,25,162.44,157,-5.44,0
e1-100,binary,100,bot_64,3143,b,28,84.9,25,66.38,142,75.62,0
e1-100,binary,100,bot_64,3143,b,30,98.05,25,109.59,177,67.41,0
e1-100,binary,100,bot_64,3143,b,32,71.94,25,83.99,140,56.01,0
e1-100,binary,100,bot_64,3143,b,34,97.9,25,82.67,161,78.33,0
e1-100,binary,100,bot_64,3143,b,36,77.88,25,127.29,199,71.71,0
e1-100,binary,100,bot_64,3143,b,38,80.2,25,121.77,193,71.23,0
e1-100,binary,100,bot_64,3143,b,40,68.21,25,150.41,214,63.59,0
e1-100,binary,100,bot_64,3143,b,42,60.24,25,169.43,221,51.57,0
e1-100,binary,100,bot_64,3143,b,44,50.84,25,173.15,213,39.85,0
e1-100,binary,100,bot_64,3143,b,46,41.53,25,159.28,199,39.72,0
e1-100,binary,100,bot_64,3143,b,48,56.71,25,163.03,193,29.97,0
e1-100,binary,100,bot_64,3143,b,50,52.77,25,212.43,239,26.57,0
e1-100,binary,100,bot_64,3143,b,52,44.04,25,159.97,176,16.03,0
e1-100,binary,100,bot_64,3143,b,54,29.96,25,163.56,167,3.44,0
e1-100,binary,100,bot_64,3143,b,56,25.34,25,189.89,195,5.11,0
e1-100,binary,100,bot_64,3143,b,58,15.63,25,131.44,123,-8.44,0
e1-100,binary,100,bot_64,3143,b,60,68.79,25,116.73,184,67.27,0
e1-100,binary,100,bot_65,3144,w,1,37.65,25,57.61,79,21.39,0
e1-100,binary,100,bot_65,3144,w,3,15.94,25,88.02,78,-10.02,0
e1-100,binary,100,bot_65,3144,w,5,15.62,25,81.25,84,2.75,0
e1-100,binary,100,bot_65,3144,w,7,41.27,25,130.38,158,27.62,0
e1-100,binary,100,bot_65,3144,w,9,37.54,25,96.66,112,15.34,0
e1-100,binary,100,bot_65,3144,w,11,40.88,25,136.41,141,4.59,0
e1-100,binary,100,bot_65,3144,w,13,12.89,25,130.2,138,7.8,0
e1-100,binary,100,bot_65,3144,w,15,57.75,25,124.69,127,2.31,0
e1-100,binary,100,bot_65,3144,w,17,63.29,25,87.91,124,36.09,0
e1-100,binary,100,bot_65,3144,w,19,62.09,25,109.31,157,47.69,0
e1-100,binary,100,bot_65,3144,w,21,39.83,25,111.75,143,31.25,0
e1-100,binary,100,bot_65,3144,w,23,52.45,25,131.13,157,25.87,0
e1-100,binary,100,bot_65,3144,w,25,32.53,25,138.6,157,18.4,0
e1-100,binary,100,bot_65,3144,w,27,23.95,25,132.22,152,19.78,0
e1-100,binary,100,bot_65,3144,w,29,22.15,25,172.43,191,18.57,0
e1-100,binary,100,bot_65,3144,w,31,23.12,25,142.44,159,16.56,0
e1-100,binary,100,bot_65,3144,w,33,15.06,25,167.62,175,7.38,0
e1-100,binary,100,bot_65,3144,w,35,18.31,25,186.48,194,7.52,0
e1-100,binary,100,bot_65,3144,w,37,122.46,25,196.61,192,-4.61,0
e1-100,binary,100,bot_65,3144,w,39,108.08,25,112.24,217,104.76,0
e1-100,binary,100,bot_65,3144,w,41,107.17,25,122.3,210,87.7,0
e1-100,binary,100,bot_65,3144,w,43,83.13,25,141.88,210,68.12,0
e1-100,binary,100,bot_65,3144,w,45,76.21,25,127.03,196,68.97,0
e1-100,binary,100,bot_65,3144,w,47,90.35,25,130.79,191,60.21,0
e1-100,binary,100,bot_65,3144,w,49,91.74,25,169.69,251,81.31,0
e1-100,binary,100,bot_65,3144,w,51,63.42,25,140.22,191,50.78,0
e1-100,binary,100,bot_65,3144,w,53,46.21,25,146.43,170,23.57,0
e1-100,binary,100,bot_65,3144,w,55,46.03,25,168.93,198,29.07,0
e1-100,binary,100,bot_65,3144,w,57,26.7,25,118.85,127,8.15,0
e1-100,binary,100,bot_65,3144,w,59,17.17,25,173.5,177,3.5,0
e1-100,binary,100,bot_66,3144,b,2,2.95,25,51.58,68,16.42,0
e1-100,binary,100,bot_66,3144,b,4,15.42,25,84.96,80,-4.96,0
e1-100,binary,100,bot_66,3144,b,6,41.68,25,147.79,141,-6.79,0
e1-100,binary,100,bot_66,3144,b,8,28.64,25,82.86,102,19.14,0
e1-100,binary,100,bot_66,3144,b,10,17.53,25,83.43,100,16.57,0
e1-100,binary,100,bot_66,3144,b,12,20.71,25,127.75,146,18.25,0
e1-100,binary,100,bot_66,3144,b,14,15.27,25,109.95,101,-8.95,0
e1-100,binary,100,bot_66,3144,b,16,49.94,25,73.31,109,35.69,0
e1-100,binary,100,bot_66,3144,b,18,60.83,25,101.09,143,41.91,0
e1-100,binary,100,bot_66,3144,b,20,44.64,25,89.63,130,40.37,0
e1-100,binary,100,bot_66,3144,b,22,38.83,25,129.85,148,18.15,0
e1-100,binary,100,bot_66,3144,b,24,31.87,25,142.8,174,31.2,0
e1-100,binary,100,bot_66,3144,b,26,32.79,25,161.91,173,11.09,0
e1-100,binary,100,bot_66,3144,b,28,33.47,25,132.21,134,1.79,0
e1-100,binary,100,bot_66,3144,b,30,31.76,25,169.52,170,0.48,0
e1-100,binary,100,bot_66,3144,b,32,21.46,25,141.73,143,1.27,0
e1-100,binary,100,bot_66,3144,b,34,22.77,25,191.29,185,-6.29,0
e1-100,binary,100,bot_66,3144,b,36,10.08,25,186.2,182,-4.2,0
e1-100,binary,100,bot_66,3144,b,38,119.73,25,117.23,219,101.77,0
e1-100,binary,100,bot_66,3144,b,40,102.3,25,108.28,195,86.72,0
e1-100,binary,100,bot_66,3144,b,42,82.94,25,122.16,207,84.84,0
e1-100,binary,100,bot_66,3144,b,44,84.95,25,157.59,219,61.41,0
e1-100,binary,100,bot_66,3144,b,46,75.4,25,153.5,208,54.5,0
e1-100,binary,100,bot_66,3144,b,48,97.04,25,179.43,249,69.57,0
e1-100,binary,100,bot_66,3144,b,50,66.45,25,164.43,235,70.57,0
e1-100,binary,100,bot_66,3144,b,52,45.48,25,159.83,198,38.17,0
e1-100,binary,100,bot_66,3144,b,54,49.79,25,164,185,21,0
e1-100,binary,100,bot_66,3144,b,56,30.35,25,187.83,209,21.17,0
e1-100,binary,100,bot_66,3144,b,58,25.17,25,149.22,151,1.78,0
e1-100,binary,100,bot_66,3144,b,60,18.47,25,153.58,145,-8.58,0
e1-100,binary,100,bot_67,3145,w,1,20.42,25,93.82,90,-3.82,0
e1-100,binary,100,bot_67,3145,w,3,23.59,25,75.08,94,18.92,0
e1-100,binary,100,bot_67,3145,w,5,63.45,25,93.71,107,13.29,0
e1-100,binary,100,bot_67,3145,w,7,20.13,25,136.95,164,27.05,0
e1-100,binary,100,bot_67,3145,w,9,9.99,25,105.27,119,13.73,0
e1-100,binary,100,bot_67,3145,w,11,20.39,25,171.33,195,23.67,0
e1-100,binary,100,bot_67,3145,w,13,11.19,25,115.49,130,14.51,0
e1-100,binary,100,bot_67,3145,w,15,63.65,25,109.3,111,1.7,0
e1-100,binary,100,bot_67,3145,w,17,64.77,25,97.5,154,56.5,0
e1-100,binary,100,bot_67,3145,w,19,38.77,25,125.42,184,58.58,0
e1-100,binary,100,bot_67,3145,w,21,54.94,25,110.27,170,59.73,0
e1-100,binary,100,bot_67,3145,w,23,59.49,25,153.76,206,52.24,0
e1-100,binary,100,bot_67,3145,w,25,71.96,25,126.67,172,45.33,0
e1-100,binary,100,bot_67,3145,w,27,47.05,25,104.28,135,30.72,0
e1-100,binary,100,bot_67,3145,w,29,25.44,25,171.2,207,35.8,0
e1-100,binary,100,bot_67,3145,w,31,24.09,25,136.06,148,11.94,0
e1-100,binary,100,bot_67,3145,w,33,24.61,25,159.49,171,11.51,0
e1-100,binary,100,bot_67,3145,w,35,15.1,25,188.66,201,12.34,0
e1-100,binary,100,bot_67,3145,w,37,86.28,25,138.77,210,71.23,0
e1-100,binary,100,bot_67,3145,w,39,71.7,25,144.02,209,64.98,0
e1-100,binary,100,bot_67,3145,w,41,71.13,25,158.57,224,65.43,0
e1-100,binary,100,bot_67,3145,w,43,83.8,25,151.55,219,67.45,0
e1-100,binary,100,bot_67,3145,w,45,73.87,25,154.95,204,49.05,0
e1-100,binary,100,bot_67,3145,w,47,80.51,25,172.99,216,43.01,0
e1-100,binary,100,bot_67,3145,w,49,57.54,25,201.23,241,39.77,0
e1-100,binary,100,bot_67,3145,w,51,56.67,25,162.9,199,36.1,0
e1-100,binary,100,bot_67,3145,w,53,43.3,25,172.68,200,27.32,0
e1-100,binary,100,bot_67,3145,w,55,52.42,25,181.48,213,31.52,0
e1-100,binary,100,bot_67,3145,w,57,35.43,25,126.6,143,16.4,0
e1-100,binary,100,bot_67,3145,w,59,22.52,25,158.14,174,15.86,0
e1-100,binary,100,bot_68,3145,b,2,25.5,25,63.76,84,20.24,0
e1-100,binary,100,bot_68,3145,b,4,20.68,25,73.02,95,21.98,0
e1-100,binary,100,bot_68,3145,b,6,33.11,25,106.57,169,62.43,0
e1-100,binary,100,bot_68,3145,b,8,19.33,25,94.93,114,19.07,0
e1-100,binary,100,bot_68,3145,b,10,29.19,25,94.76,104,9.24,0
e1-100,binary,100,bot_68,3145,b,12,21.1,25,131.42,151,19.58,0
e1-100,binary,100,bot_68,3145,b,14,8.41,25,126.97,138,11.03,0
e1-100,binary,100,bot_68,3145,b,16,61.92,25,69.17,132,62.83,0
e1-100,binary,100,bot_68,3145,b,18,64.87,25,95.52,158,62.48,0
e1-100,binary,100,bot_68,3145,b,20,65.52,25,85.77,125,39.23,0
e1-100,binary,100,bot_68,3145,b,22,57.66,25,99.83,154,54.17,0
e1-100,binary,100,bot_68,3145,b,24,51.69,25,100.87,158,57.13,0
e1-100,binary,100,bot_68,3145,b,26,36.65,25,135.59,206,70.41,0
e1-100,binary,100,bot_68,3145,b,28,45.68,25,137.58,184,46.42,0
e1-100,binary,100,bot_68,3145,b,30,21.44,25,165.04,184,18.96,0
e1-100,binary,100,bot_68,3145,b,32,21.38,25,168.96,187,18.04,0
e1-100,binary,100,bot_68,3145,b,34,22.43,25,184.12,202,17.88,0
e1-100,binary,100,bot_68,3145,b,36,82.58,25,189.98,199,9.02,0
e1-100,binary,100,bot_68,3145,b,38,74.39,25,158.63,238,79.37,0
e1-100,binary,100,bot_68,3145,b,40,76.35,25,142.82,208,65.18,0
e1-100,binary,100,bot_68,3145,b,42,77.9,25,147.09,212,64.91,0
e1-100,binary,100,bot_68,3145,b,44,58.05,25,148.05,226,77.95,0
e1-100,binary,100,bot_68,3145,b,46,53.33,25,156.26,223,66.74,0
e1-100,binary,100,bot_68,3145,b,48,49.91,25,219.23,292,72.77,0
e1-100,binary,100,bot_68,3145,b,50,46.66,25,161.38,213,51.62,0
e1-100,binary,100,bot_68,3145,b,52,45.27,25,116.92,160,43.08,0
e1-100,binary,100,bot_68,3145,b,54,46.63,25,170.68,199,28.32,0
e1-100,binary,100,bot_68,3145,b,56,33.21,25,137.81,175,37.19,0
e1-100,binary,100,bot_68,3145,b,58,33.16,25,141.5,161,19.5,0
e1-100,binary,100,bot_68,3145,b,60,22.63,25,140.6,147,6.4,0
e1-100,binary,100,bot_69,3146,w,1,24.87,25,85.82,95,9.18,0
e1-100,binary,100,bot_69,3146,w,3,29.17,25,66.66,90,23.34,0
e1-100,binary,100,bot_69,3146,w,5,74.59,25,96.99,148,51.01,0
e1-100,binary,100,bot_69,3146,w,7,51.67,25,82.25,115,32.75,0
e1-100,binary,100,bot_69,3146,w,9,71.97,25,103.68,127,23.32,0
e1-100,binary,100,bot_69,3146,w,11,27.4,25,116.04,149,32.96,0
e1-100,binary,100,bot_69,3146,w,13,20.69,25,113.75,143,29.25,0
e1-100,binary,100,bot_69,3146,w,15,23.33,25,109.36,123,13.64,0
e1-100,binary,100,bot_69,3146,w,17,17.84,25,144.58,161,16.42,0
e1-100,binary,100,bot_69,3146,w,19,60.12,25,142.72,152,9.28,0
e1-100,binary,100,bot_69,3146,w,21,73.42,25,108.75,157,48.25,0
e1-100,binary,100,bot_69,3146,w,23,49.67,25,121.08,158,36.92,0
e1-100,binary,100,bot_69,3146,w,25,34.47,25,122.34,164,41.66,0
e1-100,binary,100,bot_69,3146,w,27,39.58,25,154.96,187,32.04,0
e1-100,binary,100,bot_69,3146,w,29,34.63,25,131.48,167,35.52,0
e1-100,binary,100,bot_69,3146,w,31,27.76,25,154.79,177,22.21,0
e1-100,binary,100,bot_69,3146,w,33,29.85,25,174.33,199,24.67,0
e1-100,binary,100,bot_69,3146,w,35,18.98,25,185.27,196,10.73,0
e1-100,binary,100,bot_69,3146,w,37,22.09,25,209.21,222,12.79,0
e1-100,binary,100,bot_69,3146,w,39,22.83,25,199.35,204,4.65,0
e1-100,binary,100,bot_69,3146,w,41,102.21,25,213.69,218,4.31,0
e1-100,binary,100,bot_69,3146,w,43,89.17,25,114.55,200,85.45,0
e1-100,binary,100,bot_69,3146,w,45,98.63,25,122.51,201,78.49,0
e1-100,binary,100,bot_69,3146,w,47,97.01,25,163.73,268,104.27,0
e1-100,binary,100,bot_69,3146,w,49,69.13,25,134.44,200,65.56,0
e1-100,binary,100,bot_69,3146,w,51,52.15,25,140.51,173,32.49,0
e1-100,binary,100,bot_69,3146,w,53,50.06,25,164.81,202,37.19,0
e1-100,binary,100,bot_69,3146,w,55,30.93,25,114.22,136,21.78,0
e1-100,binary,100,bot_69,3146,w,57,20.69,25,170.34,184,13.66,0
e1-100,binary,100,bot_69,3146,w,59,13.66,25,139.63,145,5.37,0
e1-100,binary,100,bot_70,3146,b,2,27.23,25,73.17,84,10.83,0
e1-100,binary,100,bot_70,3146,b,4,55.85,25,133.21,148,14.79,0
e1-100,binary,100,bot_70,3146,b,6,36.76,25,75.75,135,59.25,0
e1-100,binary,100,bot_70,3146,b,8,27.54,25,73.85,112,38.15,0
e1-100,binary,100,bot_70,3146,b,10,37.53,25,111.3,169,57.7,0
e1-100,binary,100,bot_70,3146,b,12,32.82,25,92.98,106,13.02,0
e1-100,binary,100,bot_70,3146,b,14,18.39,25,101.48,108,6.52,0
e1-100,binary,100,bot_70,3146,b,16,19.89,25,142.08,150,7.92,0
e1-100,binary,100,bot_70,3146,b,18,12.59,25,146.65,149,2.35,0
e1-100,binary,100,bot_70,3146,b,20,52.49,25,118.92,165,46.08,0
e1-100,binary,100,bot_70,3146,b,22,40.62,25,134.61,194,59.39,0
e1-100,binary,100,bot_70,3146,b,24,44.68,25,150.98,186,35.02,0
e1-100,binary,100,bot_70,3146,b,26,40.8,25,124.22,143,18.78,0
e1-100,binary,100,bot_70,3146,b,28,45.64,25,155.74,178,22.26,0
e1-100,binary,100,bot_70,3146,b,30,31.48,25,131.95,150,18.05,0
e1-100,binary,100,bot_70,3146,b,32,33.5,25,180.43,192,11.57,0
e1-100,binary,100,bot_70,3146,b,34,19.23,25,177.98,191,13.02,0
e1-100,binary,100,bot_70,3146,b,36,23.09,25,206.88,208,1.12,0
e1-100,binary,100,bot_70,3146,b,38,13.19,25,199.98,205,5.02,0
e1-100,binary,100,bot_70,3146,b,40,13.21,25,214.08,219,4.92,0
e1-100,binary,100,bot_70,3146,b,42,94.85,25,149.37,236,86.63,0
e1-100,binary,100,bot_70,3146,b,44,86.62,25,141.61,214,72.39,0
e1-100,binary,100,bot_70,3146,b,46,113.44,25,163.98,246,82.02,0
e1-100,binary,100,bot_70,3146,b,48,75.01,25,156,237,81,0
e1-100,binary,100,bot_70,3146,b,50,48.93,25,157.46,206,48.54,0
e1-100,binary,100,bot_70,3146,b,52,53.73,25,160.06,190,29.94,0
e1-100,binary,100,bot_70,3146,b,54,37.59,25,180.93,209,28.07,0
e1-100,binary,100,bot_70,3146,b,56,29.93,25,144.53,154,9.47,0
e1-100,binary,100,bot_70,3146,b,58,21.79,25,150.23,150,-0.23,0
e1-100,binary,100,bot_70,3146,b,60,15,25,157.61,149,-8.61,0
e1-100,binary,100,bot_71,3147,w,1,32.09,25,67.37,101,33.63,0
e1-100,binary,100,bot_71,3147,w,3,69.12,25,87.65,115,27.35,0
e1-100,binary,100,bot_71,3147,w,5,29.71,25,128.15,168,39.85,0
e1-100,binary,100,bot_71,3147,w,7,15.21,25,100.31,126,25.69,0
e1-100,binary,100,bot_71,3147,w,9,28.34,25,163.9,196,32.1,0
e1-100,binary,100,bot_71,3147,w,11,19,25,107.82,136,28.18,0
e1-100,binary,100,bot_71,3147,w,13,20.21,25,97.93,114,16.07,0
e1-100,binary,100,bot_71,3147,w,15,19.59,25,133.61,146,12.39,0
e1-100,binary,100,bot_71,3147,w,17,56.09,25,107.58,188,80.42,0
e1-100,binary,100,bot_71,3147,w,19,75.47,25,87.97,164,76.03,0
e1-100,binary,100,bot_71,3147,w,21,82.28,25,130.87,200,69.13,0
e1-100,binary,100,bot_71,3147,w,23,89.91,25,107.33,173,65.67,0
e1-100,binary,100,bot_71,3147,w,25,61.59,25,89.58,143,53.42,0
e1-100,binary,100,bot_71,3147,w,27,60.61,25,142.5,186,43.5,0
e1-100,binary,100,bot_71,3147,w,29,49.53,25,108.38,146,37.62,0
e1-100,binary,100,bot_71,3147,w,31,67.53,25,114.58,159,44.42,0
e1-100,binary,100,bot_71,3147,w,33,48.26,25,156.19,205,48.81,0
e1-100,binary,100,bot_71,3147,w,35,43.06,25,158.29,196,37.71,0
e1-100,binary,100,bot_71,3147,w,37,33.71,25,182.19,218,35.81,0
e1-100,binary,100,bot_71,3147,w,39,27.83,25,202.61,228,25.39,0
e1-100,binary,100,bot_71,3147,w,41,24.31,25,197.21,223,25.79,0
e1-100,binary,100,bot_71,3147,w,43,14.63,25,186.41,198,11.59,0
e1-100,binary,100,bot_71,3147,w,45,132.94,25,201.75,216,14.25,0
e1-100,binary,100,bot_71,3147,w,47,96,25,161.71,267,105.29,0
e1-100,binary,100,bot_71,3147,w,49,82.9,25,138.44,209,70.56,0
e1-100,binary,100,bot_71,3147,w,51,57.51,25,159.6,200,40.4,0
e1-100,binary,100,bot_71,3147,w,53,67.78,25,166.22,209,42.78,0
e1-100,binary,100,bot_71,3147,w,55,45.15,25,116.75,144,27.25,0
e1-100,binary,100,bot_71,3147,w,57,31.88,25,149.53,177,27.47,0
e1-100,binary,100,bot_71,3147,w,59,29.33,25,142.8,159,16.2,0
e1-100,binary,100,bot_72,3147,b,2,28.28,25,65.89,95,29.11,0
e1-100,binary,100,bot_72,3147,b,4,41.41,25,97.15,162,64.85,0
e1-100,binary,100,bot_72,3147,b,6,27.05,25,87.69,114,26.31,0
e1-100,binary,100,bot_72,3147,b,8,34.59,25,88.26,101,12.74,0
e1-100,binary,100,bot_72,3147,b,10,29.57,25,123.37,148,24.63,0
e1-100,binary,100,bot_72,3147,b,12,17.22,25,118.33,132,13.67,0
e1-100,binary,100,bot_72,3147,b,14,12.8,25,108.75,125,16.25,0
e1-100,binary,100,bot_72,3147,b,16,81.06,25,150.93,166,15.07,0
e1-100,binary,100,bot_72,3147,b,18,78.15,25,74.46,126,51.54,0
e1-100,binary,100,bot_72,3147,b,20,70.41,25,88.72,159,70.28,0
e1-100,binary,100,bot_72,3147,b,22,66.91,25,85.81,162,76.19,0
e1-100,binary,100,bot_72,3147,b,24,54.68,25,118.75,204,85.25,0
e1-100,binary,100,bot_72,3147,b,26,50.13,25,125.58,184,58.42,0
e1-100,binary,100,bot_72,3147,b,28,43.3,25,143.61,198,54.39,0
e1-100,binary,100,bot_72,3147,b,30,50.22,25,142.77,186,43.23,0
e1-100,binary,100,bot_72,3147,b,32,54.87,25,152.22,212,59.78,0
e1-100,binary,100,bot_72,3147,b,34,43.9,25,162.03,204,41.97,0
e1-100,binary,100,bot_72,3147,b,36,43.16,25,197.72,235,37.28,0
e1-100,binary,100,bot_72,3147,b,38,30.43,25,179.26,205,25.74,0
e1-100,binary,100,bot_72,3147,b,40,32.29,25,177.62,200,22.38,0
e1-100,binary,100,bot_72,3147,b,42,17.96,25,224.23,243,18.77,0
e1-100,binary,100,bot_72,3147,b,44,21.03,25,214.61,222,7.39,0
e1-100,binary,100,bot_72,3147,b,46,111.28,25,161.26,288,126.74,0
e1-100,binary,100,bot_72,3147,b,48,76.56,25,129.55,219,89.45,0
e1-100,binary,100,bot_72,3147,b,50,53.46,25,112.8,181,68.2,0
e1-100,binary,100,bot_72,3147,b,52,57.19,25,159.19,202,42.81,0
e1-100,binary,100,bot_72,3147,b,54,40.54,25,131.56,185,53.44,0
e1-100,binary,100,bot_72,3147,b,56,40.6,25,133.35,164,30.65,0
e1-100,binary,100,bot_72,3147,b,58,29.07,25,134.28,152,17.72,0
e1-100,binary,100,bot_72,3147,b,60,35.16,25,139.19,155,15.81,0
e1-100,binary,100,bot_73,3148,w,1,29.56,25,66.35,88,21.65,0
e1-100,binary,100,bot_73,3148,w,3,80.71,25,90.97,137,46.03,0
e1-100,binary,100,bot_73,3148,w,5,56.3,25,77.54,103,25.46,0
e1-100,binary,100,bot_73,3148,w,7,78.54,25,96.69,112,15.31,0
e1-100,binary,100,bot_73,3148,w,9,32.79,25,111.02,139,27.98,0
e1-100,binary,100,bot_73,3148,w,11,25.5,25,109.24,133,23.76,0
e1-100,binary,100,bot_73,3148,w,13,30.66,25,101.63,110,8.37,0
e1-100,binary,100,bot_73,3148,w,15,20.54,25,141.64,152,10.36,0
e1-100,binary,100,bot_73,3148,w,17,12.49,25,139.11,141,1.89,0
e1-100,binary,100,bot_73,3148,w,19,91.52,25,143.87,149,5.13,0
e1-100,binary,100,bot_73,3148,w,21,55.12,25,115.57,145,29.43,0
e1-100,binary,100,bot_73,3148,w,23,38.04,25,118.79,154,35.21,0
e1-100,binary,100,bot_73,3148,w,25,44.96,25,149.92,179,29.08,0
e1-100,binary,100,bot_73,3148,w,27,38.46,25,127.02,164,36.98,0
e1-100,binary,100,bot_73,3148,w,29,31.54,25,151.02,172,20.98,0
e1-100,binary,100,bot_73,3148,w,31,33.71,25,170.58,193,22.42,0
e1-100,binary,100,bot_73,3148,w,33,25.92,25,178.33,189,10.67,0
e1-100,binary,100,bot_73,3148,w,35,26.8,25,205.03,216,10.97,0
e1-100,binary,100,bot_73,3148,w,37,28.57,25,193.28,195,1.72,0
e1-100,binary,100,bot_73,3148,w,39,17.09,25,206.06,210,3.94,0
e1-100,binary,100,bot_73,3148,w,41,109.47,25,191.69,192,0.31,0
e1-100,binary,100,bot_73,3148,w,43,102.6,25,118.28,191,72.72,0
e1-100,binary,100,bot_73,3148,w,45,106.22,25,154.07,254,99.93,0
e1-100,binary,100,bot_73,3148,w,47,76.37,25,126.64,191,64.36,0
e1-100,binary,100,bot_73,3148,w,49,54.83,25,138.04,170,31.96,0
e1-100,binary,100,bot_73,3148,w,51,51.8,25,162.95,197,34.05,0
e1-100,binary,100,bot_73,3148,w,53,32.63,25,112.39,129,16.61,0
e1-100,binary,100,bot_73,3148,w,55,26.05,25,165.42,174,8.58,0
e1-100,binary,100,bot_73,3148,w,57,18.69,25,134.23,134,-0.23,0
e1-100,binary,100,bot_73,3148,w,59,69.59,25,142.66,137,-5.66,0
e1-100,binary,100,bot_74,3148,b,2,59.53,25,129.42,139,9.58,0
e1-100,binary,100,bot_74,3148,b,4,39.74,25,72.85,132,59.15,0
e1-100,binary,100,bot_74,3148,b,6,30.16,25,72.04,108,35.96,0
e1-100,binary,100,bot_74,3148,b,8,43.03,25,105.81,163,57.19,0
e1-100,binary,100,bot_74,3148,b,10,37.18,25,88.38,100,11.63,0
e1-100,binary,100,bot_74,3148,b,12,21.31,25,98.66,103,4.34,0
e1-100,binary,100,bot_74,3148,b,14,24.04,25,138.11,148,9.89,0
e1-100,binary,100,bot_74,3148,b,16,15.17,25,144.16,144,-0.16,0
e1-100,binary,100,bot_74,3148,b,18,18.82,25,150.12,141,-9.12,0
e1-100,binary,100,bot_74,3148,b,20,42.76,25,133.32,204,70.68,0
e1-100,binary,100,bot_74,3148,b,22,49.7,25,145.86,181,35.14,0
e1-100,binary,100,bot_74,3148,b,24,44.74,25,120.04,137,16.96,0
e1-100,binary,100,bot_74,3148,b,26,52.44,25,148.66,174,25.34,0
e1-100,binary,100,bot_74,3148,b,28,36.82,25,127.37,144,16.63,0
e1-100,binary,100,bot_74,3148,b,30,38.85,25,174.62,184,9.38,0
e1-100,binary,100,bot_74,3148,b,32,24.5,25,172.98,185,12.02,0
e1-100,binary,100,bot_74,3148,b,34,28.19,25,201.27,206,4.73,0
e1-100,binary,100,bot_74,3148,b,36,18.06,25,195.06,200,4.94,0
e1-100,binary,100,bot_74,3148,b,38,19.98,25,207.5,216,8.5,0
e1-100,binary,100,bot_74,3148,b,40,17.14,25,221.51,217,-4.51,0
e1-100,binary,100,bot_74,3148,b,42,89.09,25,139.86,228,88.14,0
e1-100,binary,100,bot_74,3148,b,44,117.1,25,160.93,243,82.07,0
e1-100,binary,100,bot_74,3148,b,46,80.7,25,150.75,237,86.25,0
e1-100,binary,100,bot_74,3148,b,48,54.04,25,152.57,203,50.43,0
e1-100,binary,100,bot_74,3148,b,50,56.02,25,157.82,186,28.18,0
e1-100,binary,100,bot_74,3148,b,52,39.23,25,179.5,206,26.5,0
e1-100,binary,100,bot_74,3148,b,54,30.59,25,143.54,151,7.46,0
e1-100,binary,100,bot_74,3148,b,56,22.84,25,149.29,150,0.71,0
e1-100,binary,100,bot_74,3148,b,58,16.53,25,156.55,149,-7.55,0
e1-100,binary,100,bot_74,3148,b,60,75.34,25,87.97,131,43.03,0
e1-100,binary,100,bot_75,3149,w,1,76.34,25,81.29,99,17.71,0
e1-100,binary,100,bot_75,3149,w,3,37.36,25,121.2,155,33.8,0
e1-100,binary,100,bot_75,3149,w,5,22.34,25,93.28,114,20.72,0
e1-100,binary,100,bot_75,3149,w,7,35.75,25,157.26,180,22.74,0
e1-100,binary,100,bot_75,3149,w,9,28.72,25,98.28,122,23.72,0
e1-100,binary,100,bot_75,3149,w,11,24.59,25,93.2,105,11.8,0
e1-100,binary,100,bot_75,3149,w,13,30.36,25,122.21,122,-0.21,0
e1-100,binary,100,bot_75,3149,w,15,19.14,25,154.38,156,1.62,0
e1-100,binary,100,bot_75,3149,w,17,102.46,25,142.53,135,-7.53,0
e1-100,binary,100,bot_75,3149,w,19,101.09,25,112.35,175,62.65,0
e1-100,binary,100,bot_75,3149,w,21,100.24,25,96.67,160,63.33,0
e1-100,binary,100,bot_75,3149,w,23,70.25,25,81.2,134,52.8,0
e1-100,binary,100,bot_75,3149,w,25,77.89,25,127.24,179,51.76,0
e1-100,binary,100,bot_75,3149,w,27,59.41,25,97.66,136,38.34,0
e1-100,binary,100,bot_75,3149,w,29,79.93,25,102.01,156,53.99,0
e1-100,binary,100,bot_75,3149,w,31,59.07,25,146.31,202,55.69,0
e1-100,binary,100,bot_75,3149,w,33,60.09,25,140.92,189,48.08,0
e1-100,binary,100,bot_75,3149,w,35,48.74,25,168.08,208,39.92,0
e1-100,binary,100,bot_75,3149,w,37,38,25,192.43,221,28.57,0
e1-100,binary,100,bot_75,3149,w,39,34.15,25,187.56,213,25.44,0
e1-100,binary,100,bot_75,3149,w,41,23.01,25,177.98,186,8.02,0
e1-100,binary,100,bot_75,3149,w,43,30.89,25,188.68,205,16.32,0
e1-100,binary,100,bot_75,3149,w,45,24.43,25,242.67,244,1.33,0
e1-100,binary,100,bot_75,3149,w,47,113.69,25,190.44,187,-3.44,0
e1-100,binary,100,bot_75,3149,w,49,73.12,25,143.86,185,41.14,0
e1-100,binary,100,bot_75,3149,w,51,88.1,25,145.58,195,49.42,0
e1-100,binary,100,bot_75,3149,w,53,56.23,25,106.48,134,27.52,0
e1-100,binary,100,bot_75,3149,w,55,44.19,25,138.07,167,28.93,0
e1-100,binary,100,bot_75,3149,w,57,44.88,25,127.05,145,17.95,0
e1-100,binary,100,bot_75,3149,w,59,27.35,25,101.65,127,25.35,0
e1-100,binary,100,bot_76,3149,b,2,51.98,25,85.62,152,66.38,0
e1-100,binary,100,bot_76,3149,b,4,38.96,25,76.23,102,25.77,0
e1-100,binary,100,bot_76,3149,b,6,41.11,25,80.61,93,12.39,0
e1-100,binary,100,bot_76,3149,b,8,41.93,25,111.36,137,25.64,0
e1-100,binary,100,bot_76,3149,b,10,29.97,25,105.42,122,16.58,0
e1-100,binary,100,bot_76,3149,b,12,18.48,25,103.77,117,13.23,0
e1-100,binary,100,bot_76,3149,b,14,19.46,25,140.77,159,18.23,0
e1-100,binary,100,bot_76,3149,b,16,10.2,25,121.22,129,7.78,0
e1-100,binary,100,bot_76,3149,b,18,81.13,25,79.73,171,91.27,0
e1-100,binary,100,bot_76,3149,b,20,82.33,25,70.02,160,89.98,0
e1-100,binary,100,bot_76,3149,b,22,70.79,25,103.06,192,88.94,0
e1-100,binary,100,bot_76,3149,b,24,68.47,25,105.44,164,58.56,0
e1-100,binary,100,bot_76,3149,b,26,55.31,25,131.56,197,65.44,0
e1-100,binary,100,bot_76,3149,b,28,70.92,25,122.21,170,47.79,0
e1-100,binary,100,bot_76,3149,b,30,73.64,25,133.12,200,66.88,0
e1-100,binary,100,bot_76,3149,b,32,65.32,25,139.65,188,48.35,0
e1-100,binary,100,bot_76,3149,b,34,58.15,25,182.11,231,48.89,0
e1-100,binary,100,bot_76,3149,b,36,45.37,25,164.64,202,37.36,0
e1-100,binary,100,bot_76,3149,b,38,42,25,167.31,194,26.69,0
e1-100,binary,100,bot_76,3149,b,40,26.92,25,215.94,239,23.06,0
e1-100,binary,100,bot_76,3149,b,42,33.08,25,201.72,212,10.28,0
e1-100,binary,100,bot_76,3149,b,44,18.34,25,254.29,274,19.71,0
e1-100,binary,100,bot_76,3149,b,46,13.63,25,211.84,224,12.16,0
e1-100,binary,100,bot_76,3149,b,48,62.34,25,106.09,203,96.91,0
e1-100,binary,100,bot_76,3149,b,50,71.07,25,145.5,203,57.5,0
e1-100,binary,100,bot_76,3149,b,52,48.85,25,123.99,195,71.01,0
e1-100,binary,100,bot_76,3149,b,54,50.98,25,122.05,162,39.95,0
e1-100,binary,100,bot_76,3149,b,56,38.39,25,125.12,152,26.88,0
e1-100,binary,100,bot_76,3149,b,58,47.07,25,127.56,156,28.44,0
e1-100,binary,100,bot_76,3149,b,60,27.23,25,138.39,149,10.61,0
e1-100,binary,100,bot_77,3150,w,1,52.6,25,86.95,151,64.05,0
e1-100,binary,100,bot_77,3150,w,3,42.32,25,73.36,98,24.64,0
e1-100,binary,100,bot_77,3150,w,5,42.73,25,78.68,89,10.32,0
e1-100,binary,100,bot_77,3150,w,7,44.76,25,108.76,134,25.24,0
e1-100,binary,100,bot_77,3150,w,9,33.25,25,102.77,120,17.23,0
e1-100,binary,100,bot_77,3150,w,11,21.63,25,101.14,114,12.86,0
e1-100,binary,100,bot_77,3150,w,13,22.95,25,137.47,158,20.53,0
e1-100,binary,100,bot_77,3150,w,15,14.61,25,117.27,130,12.73,0
e1-100,binary,100,bot_77,3150,w,17,10.97,25,155.87,158,2.13,0
e1-100,binary,100,bot_77,3150,w,19,89.64,25,64.52,170,105.48,0
e1-100,binary,100,bot_77,3150,w,21,82.68,25,91.85,183,91.15,0
e1-100,binary,100,bot_77,3150,w,23,76.86,25,95.54,156,60.46,0
e1-100,binary,100,bot_77,3150,w,25,63.43,25,123.44,198,74.56,0
e1-100,binary,100,bot_77,3150,w,27,82.35,25,111.64,162,50.36,0
e1-100,binary,100,bot_77,3150,w,29,81.58,25,126.29,202,75.71,0
e1-100,binary,100,bot_77,3150,w,31,76.96,25,127.31,181,53.69,0
e1-100,binary,100,bot_77,3150,w,33,69.55,25,169.83,224,54.17,0
e1-100,binary,100,bot_77,3150,w,35,59.74,25,150.32,196,45.68,0
e1-100,binary,100,bot_77,3150,w,37,50.46,25,158.05,192,33.95,0
e1-100,binary,100,bot_77,3150,w,39,45,25,197.87,225,27.13,0
e1-100,binary,100,bot_77,3150,w,41,38.68,25,195.33,213,17.67,0
e1-100,binary,100,bot_77,3150,w,43,30.81,25,242.84,272,29.16,0
e1-100,binary,100,bot_77,3150,w,45,24.7,25,201.72,223,21.28,0
e1-100,binary,100,bot_77,3150,w,47,19.5,25,182.85,194,11.15,0
e1-100,binary,100,bot_77,3150,w,49,17.73,25,195.68,195,-0.68,0
e1-100,binary,100,bot_77,3150,w,51,64.34,25,110.47,212,101.53,0
e1-100,binary,100,bot_77,3150,w,53,65.71,25,105.38,155,49.62,0
e1-100,binary,100,bot_77,3150,w,55,54.01,25,110.35,146,35.65,0
e1-100,binary,100,bot_77,3150,w,57,65.45,25,109,149,40,0
e1-100,binary,100,bot_77,3150,w,59,51.06,25,114.48,130,15.52,0
e1-100,binary,100,bot_78,3150,b,2,40.96,25,117.56,151,33.44,0
e1-100,binary,100,bot_78,3150,b,4,25.86,25,89.37,112,22.63,0
e1-100,binary,100,bot_78,3150,b,6,41.71,25,151.4,174,22.6,0
e1-100,binary,100,bot_78,3150,b,8,33.62,25,92.85,118,25.15,0
e1-100,binary,100,bot_78,3150,b,10,28.9,25,88.51,102,13.49,0
e1-100,binary,100,bot_78,3150,b,12,36.88,25,115.22,117,1.78,0
e1-100,binary,100,bot_78,3150,b,14,28.48,25,144.91,148,3.09,0
e1-100,binary,100,bot_78,3150,b,16,18.48,25,135.55,129,-6.55,0
e1-100,binary,100,bot_78,3150,b,18,121.36,25,174.35,166,-8.35,0
e1-100,binary,100,bot_78,3150,b,20,108.14,25,88.76,159,70.24,0
e1-100,binary,100,bot_78,3150,b,22,77.02,25,74.3,138,63.7,0
e1-100,binary,100,bot_78,3150,b,24,89.6,25,116.85,175,58.15,0
e1-100,binary,100,bot_78,3150,b,26,66.19,25,90.36,135,44.64,0
e1-100,binary,100,bot_78,3150,b,28,92.45,25,88.67,153,64.33,0
e1-100,binary,100,bot_78,3150,b,30,69.65,25,135.58,198,62.42,0
e1-100,binary,100,bot_78,3150,b,32,70.66,25,130.77,188,57.23,0
e1-100,binary,100,bot_78,3150,b,34,61.38,25,156.48,207,50.52,0
e1-100,binary,100,bot_78,3150,b,36,50.58,25,179.66,221,41.34,0
e1-100,binary,100,bot_78,3150,b,38,42.78,25,179.73,212,32.27,0
e1-100,binary,100,bot_78,3150,b,40,34.44,25,166.47,193,26.53,0
e1-100,binary,100,bot_78,3150,b,42,46.21,25,173.37,194,20.63,0
e1-100,binary,100,bot_78,3150,b,44,37.34,25,228.9,241,12.1,0
e1-100,binary,100,bot_78,3150,b,46,33.09,25,171.91,178,6.09,0
e1-100,binary,100,bot_78,3150,b,48,21.54,25,172.79,168,-4.79,0
e1-100,binary,100,bot_78,3150,b,50,123.23,25,199.19,192,-7.19,0
e1-100,binary,100,bot_78,3150,b,52,71.05,25,92,133,41,0
e1-100,binary,100,bot_78,3150,b,54,57.74,25,125.47,167,41.53,0
e1-100,binary,100,bot_78,3150,b,56,61.29,25,110.74,141,30.26,0
e1-100,binary,100,bot_78,3150,b,58,38.9,25,88.78,132,43.22,0
e1-100,binary,100,bot_78,3150,b,60,52.95,25,149.47,178,28.53,0
e1-100,binary,100,bot_79,3151,w,1,45.45,25,67.59,134,66.41,0
e1-100,binary,100,bot_79,3151,w,3,36.99,25,65.61,91,25.39,0
e1-100,binary,100,bot_79,3151,w,5,52.2,25,96.75,137,40.25,0
e1-100,binary,100,bot_79,3151,w,7,41.63,25,83.41,84,0.59,0
e1-100,binary,100,bot_79,3151,w,9,28.41,25,90.96,83,-7.96,0
e1-100,binary,100,bot_79,3151,w,11,31.89,25,130.18,128,-2.18,0
e1-100,binary,100,bot_79,3151,w,13,20.32,25,139.62,127,-12.62,0
e1-100,binary,100,bot_79,3151,w,15,24.12,25,144.3,126,-18.3,0
e1-100,binary,100,bot_79,3151,w,17,17.63,25,193.86,174,-19.86,0
e1-100,binary,100,bot_79,3151,w,19,71.84,25,182.71,163,-19.71,0
e1-100,binary,100,bot_79,3151,w,21,48.29,25,116.44,121,4.56,0
e1-100,binary,100,bot_79,3151,w,23,60.38,25,140.58,160,19.42,0
e1-100,binary,100,bot_79,3151,w,25,42.8,25,122.08,131,8.92,0
e1-100,binary,100,bot_79,3151,w,27,44.03,25,168.99,172,3.01,0
e1-100,binary,100,bot_79,3151,w,29,29.09,25,169.2,176,6.8,0
e1-100,binary,100,bot_79,3151,w,31,36.28,25,192.43,194,1.57,0
e1-100,binary,100,bot_79,3151,w,33,23.09,25,190.43,190,-0.43,0
e1-100,binary,100,bot_79,3151,w,35,28.63,25,199.02,199,-0.02,0
e1-100,binary,100,bot_79,3151,w,37,26.08,25,211.77,204,-7.77,0
e1-100,binary,100,bot_79,3151,w,39,20.26,25,209.43,197,-12.43,0
e1-100,binary,100,bot_79,3151,w,41,146.45,25,240.23,216,-24.23,0
e1-100,binary,100,bot_79,3151,w,43,91.51,25,140.45,224,83.55,0
e1-100,binary,100,bot_79,3151,w,45,55.78,25,151.71,197,45.29,0
e1-100,binary,100,bot_79,3151,w,47,62.47,25,151.76,176,24.24,0
e1-100,binary,100,bot_79,3151,w,49,39.66,25,179.47,198,18.53,0
e1-100,binary,100,bot_79,3151,w,51,35.4,25,138.98,138,-0.98,0
e1-100,binary,100,bot_79,3151,w,53,25.71,25,146.39,140,-6.39,0
e1-100,binary,100,bot_79,3151,w,55,19.44,25,153.26,140,-13.26,0
e1-100,binary,100,bot_79,3151,w,57,76.03,25,86.96,121,34.04,0
e1-100,binary,100,bot_79,3151,w,59,68.5,25,73.24,123,49.76,0
e1-100,binary,100,bot_80,3151,b,2,64.15,25,69.81,82,12.19,0
e1-100,binary,100,bot_80,3151,b,4,85.73,25,89.08,92,2.92,0
e1-100,binary,100,bot_80,3151,b,6,40.07,25,104.13,123,18.87,0
e1-100,binary,100,bot_80,3151,b,8,31.37,25,103.71,112,8.29,0
e1-100,binary,100,bot_80,3151,b,10,37.75,25,94.82,90,-4.82,0
e1-100,binary,100,bot_80,3151,b,12,26.16,25,136.06,133,-3.06,0
e1-100,binary,100,bot_80,3151,b,14,20.69,25,130.8,118,-12.8,0
e1-100,binary,100,bot_80,3151,b,16,17.65,25,138.68,129,-9.68,0
e1-100,binary,100,bot_80,3151,b,18,18.65,25,136.64,119,-17.64,0
e1-100,binary,100,bot_80,3151,b,20,42.08,25,115.32,153,37.68,0
e1-100,binary,100,bot_80,3151,b,22,54.11,25,141.07,158,16.93,0
e1-100,binary,100,bot_80,3151,b,24,43.89,25,121.24,149,27.76,0
e1-100,binary,100,bot_80,3151,b,26,37.83,25,144.68,156,11.32,0
e1-100,binary,100,bot_80,3151,b,28,42.33,25,161.79,174,12.21,0
e1-100,binary,100,bot_80,3151,b,30,37.16,25,167.03,164,-3.03,0
e1-100,binary,100,bot_80,3151,b,32,34.6,25,197.45,202,4.55,0
e1-100,binary,100,bot_80,3151,b,34,35.2,25,186.69,178,-8.69,0
e1-100,binary,100,bot_80,3151,b,36,26.94,25,196.18,194,-2.18,0
e1-100,binary,100,bot_80,3151,b,38,23.09,25,183.46,178,-5.46,0
e1-100,binary,100,bot_80,3151,b,40,11.14,25,194.78,183,-11.78,0
e1-100,binary,100,bot_80,3151,b,42,117.55,25,143.16,257,113.84,0
e1-100,binary,100,bot_80,3151,b,44,82.75,25,120.41,180,59.59,0
e1-100,binary,100,bot_80,3151,b,46,61.2,25,131.13,153,21.87,0
e1-100,binary,100,bot_80,3151,b,48,55.68,25,159,188,29,0
e1-100,binary,100,bot_80,3151,b,50,34.75,25,110.24,116,5.76,0
e1-100,binary,100,bot_80,3151,b,52,29.55,25,161.92,163,1.08,0
e1-100,binary,100,bot_80,3151,b,54,22.08,25,130.87,122,-8.87,0
e1-100,binary,100,bot_80,3151,b,56,69.97,25,142.49,128,-14.49,0
e1-100,binary,100,bot_80,3151,b,58,86.51,25,118.96,161,42.04,0
e1-100,binary,100,bot_80,3151,b,60,69.11,25,104.65,139,34.35,0
e1-100,binary,100,bot_81,3152,w,1,65.91,25,68.24,72,3.76,0
e1-100,binary,100,bot_81,3152,w,3,103,25,70.48,66,-4.48,0
e1-100,binary,100,bot_81,3152,w,5,45.43,25,99.23,104,4.77,0
e1-100,binary,100,bot_81,3152,w,7,38.08,25,97.63,92,-5.63,0
e1-100,binary,100,bot_81,3152,w,9,42.76,25,89.47,73,-16.47,0
e1-100,binary,100,bot_81,3152,w,11,33,25,129.3,117,-12.3,0
e1-100,binary,100,bot_81,3152,w,13,32.19,25,119.18,90,-29.18,0
e1-100,binary,100,bot_81,3152,w,15,23.06,25,133.3,111,-22.3,0
e1-100,binary,100,bot_81,3152,w,17,23.54,25,131.46,104,-27.46,0
e1-100,binary,100,bot_81,3152,w,19,13.09,25,156.45,129,-27.45,0
e1-100,binary,100,bot_81,3152,w,21,61.24,25,133.7,143,9.3,0
e1-100,binary,100,bot_81,3152,w,23,47.23,25,118.05,139,20.95,0
e1-100,binary,100,bot_81,3152,w,25,42.03,25,140.93,143,2.07,0
e1-100,binary,100,bot_81,3152,w,27,51.03,25,153.08,159,5.92,0
e1-100,binary,100,bot_81,3152,w,29,44.05,25,160.14,155,-5.14,0
e1-100,binary,100,bot_81,3152,w,31,40.67,25,191.26,192,0.74,0
e1-100,binary,100,bot_81,3152,w,33,44.39,25,177.45,162,-15.45,0
e1-100,binary,100,bot_81,3152,w,35,34.03,25,189.1,182,-7.1,0
e1-100,binary,100,bot_81,3152,w,37,30.76,25,175.27,168,-7.27,0
e1-100,binary,100,bot_81,3152,w,39,17.22,25,189.33,176,-13.33,0
e1-100,binary,100,bot_81,3152,w,41,15.97,25,251.74,237,-14.74,0
e1-100,binary,100,bot_81,3152,w,43,106.32,25,192.04,164,-28.04,0
e1-100,binary,100,bot_81,3152,w,45,72.48,25,119.09,143,23.91,0
e1-100,binary,100,bot_81,3152,w,47,62.96,25,152.13,183,30.87,0
e1-100,binary,100,bot_81,3152,w,49,37.12,25,107.8,108,0.2,0
e1-100,binary,100,bot_81,3152,w,51,33.99,25,157.49,152,-5.49,0
e1-100,binary,100,bot_81,3152,w,53,27.17,25,125.85,111,-14.85,0
e1-100,binary,100,bot_81,3152,w,55,9.77,25,140.9,120,-20.9,0
e1-100,binary,100,bot_81,3152,w,57,90.31,25,114.57,156,41.43,0
e1-100,binary,100,bot_81,3152,w,59,70.34,25,103.66,128,24.34,0
e1-100,binary,100,bot_82,3152,b,2,47.61,25,55.31,95,39.69,0
e1-100,binary,100,bot_82,3152,b,4,58.58,25,91.15,167,75.85,0
e1-100,binary,100,bot_82,3152,b,6,46.49,25,78.21,97,18.79,0
e1-100,binary,100,bot_82,3152,b,8,36.28,25,83,94,11,0
e1-100,binary,100,bot_82,3152,b,10,40.93,25,121,137,16,0
e1-100,binary,100,bot_82,3152,b,12,24.83,25,135.7,142,6.3,0
e1-100,binary,100,bot_82,3152,b,14,31.09,25,136.76,142,5.24,0
e1-100,binary,100,bot_82,3152,b,16,26.27,25,185.52,182,-3.52,0
e1-100,binary,100,bot_82,3152,b,18,25.37,25,173.49,171,-2.49,0
e1-100,binary,100,bot_82,3152,b,20,54.14,25,153.6,140,-13.6,0
e1-100,binary,100,bot_82,3152,b,22,65.6,25,135.57,171,35.43,0
e1-100,binary,100,bot_82,3152,b,24,48.02,25,116.74,138,21.26,0
e1-100,binary,100,bot_82,3152,b,26,51.99,25,160.52,179,18.48,0
e1-100,binary,100,bot_82,3152,b,28,39.16,25,159.5,186,26.5,0
e1-100,binary,100,bot_82,3152,b,30,45.41,25,182.62,201,18.38,0
e1-100,binary,100,bot_82,3152,b,32,30.96,25,183.08,198,14.92,0
e1-100,binary,100,bot_82,3152,b,34,37.1,25,190.67,210,19.33,0
e1-100,binary,100,bot_82,3152,b,36,37.85,25,199.93,208,8.07,0
e1-100,binary,100,bot_82,3152,b,38,32.29,25,197.2,202,4.8,0
e1-100,binary,100,bot_82,3152,b,40,30.05,25,227.69,219,-8.69,0
e1-100,binary,100,bot_82,3152,b,42,17.42,25,239.76,230,-9.76,0
e1-100,binary,100,bot_82,3152,b,44,67.77,25,140.53,218,77.47,0
e1-100,binary,100,bot_82,3152,b,46,74.57,25,139.94,182,42.06,0
e1-100,binary,100,bot_82,3152,b,48,43.91,25,175.77,208,32.23,0
e1-100,binary,100,bot_82,3152,b,50,39.93,25,134.53,143,8.47,0
e1-100,binary,100,bot_82,3152,b,52,29.48,25,142.63,147,4.37,0
e1-100,binary,100,bot_82,3152,b,54,22.69,25,149.89,147,-2.89,0
e1-100,binary,100,bot_82,3152,b,56,86.54,25,137.94,119,-18.94,0
e1-100,binary,100,bot_82,3152,b,58,69.92,25,73.02,134,60.98,0
e1-100,binary,100,bot_82,3152,b,60,68.98,25,94.49,135,40.51,0
e1-100,binary,100,bot_83,3153,w,1,2.81,25,54.58,102,47.42,0
e1-100,binary,100,bot_83,3153,w,3,59.53,25,90.4,181,90.6,0
e1-100,binary,100,bot_83,3153,w,5,46.97,25,77.62,96,18.38,0
e1-100,binary,100,bot_83,3153,w,7,38.3,25,81,91,10,0
e1-100,binary,100,bot_83,3153,w,9,43.05,25,118.77,135,16.23,0
e1-100,binary,100,bot_83,3153,w,11,25.97,25,134.68,142,7.32,0
e1-100,binary,100,bot_83,3153,w,13,32.34,25,135.2,142,6.8,0
e1-100,binary,100,bot_83,3153,w,15,26.77,25,185.21,183,-2.21,0
e1-100,binary,100,bot_83,3153,w,17,26.46,25,172.38,170,-2.38,0
e1-100,binary,100,bot_83,3153,w,19,66.85,25,140.79,128,-12.79,0
e1-100,binary,100,bot_83,3153,w,21,66.71,25,134.34,170,35.66,0
e1-100,binary,100,bot_83,3153,w,23,47.95,25,116.92,140,23.08,0
e1-100,binary,100,bot_83,3153,w,25,53.93,25,158.45,176,17.55,0
e1-100,binary,100,bot_83,3153,w,27,42.08,25,156.75,183,26.25,0
e1-100,binary,100,bot_83,3153,w,29,47.98,25,179.63,200,20.37,0
e1-100,binary,100,bot_83,3153,w,31,34.48,25,179.18,196,16.82,0
e1-100,binary,100,bot_83,3153,w,33,39.39,25,188.73,211,22.27,0
e1-100,binary,100,bot_83,3153,w,35,40.71,25,197.09,210,12.91,0
e1-100,binary,100,bot_83,3153,w,37,35.41,25,194.14,201,6.86,0
e1-100,binary,100,bot_83,3153,w,39,33.77,25,223.65,219,-4.65,0
e1-100,binary,100,bot_83,3153,w,41,19.47,25,238.1,230,-8.1,0
e1-100,binary,100,bot_83,3153,w,43,13.55,25,203.61,194,-9.61,0
e1-100,binary,100,bot_83,3153,w,45,41.27,25,174.54,186,11.46,0
e1-100,binary,100,bot_83,3153,w,47,48.97,25,184.99,199,14.01,0
e1-100,binary,100,bot_83,3153,w,49,31.23,25,130.82,132,1.18,0
e1-100,binary,100,bot_83,3153,w,51,19.05,25,161.51,163,1.49,0
e1-100,binary,100,bot_83,3153,w,53,20.53,25,151.82,143,-8.82,0
e1-100,binary,100,bot_83,3153,w,55,77.14,25,117.68,108,-9.68,0
e1-100,binary,100,bot_83,3153,w,57,47.84,25,116.94,168,51.06,0
e1-100,binary,100,bot_83,3153,w,59,58.62,25,109.21,140,30.79,0
e1-100,binary,100,bot_84,3153,b,2,119.35,25,99.72,75,-24.72,0
e1-100,binary,100,bot_84,3153,b,4,46.96,25,97.79,128,30.21,0
e1-100,binary,100,bot_84,3153,b,6,39.34,25,96.4,115,18.6,0
e1-100,binary,100,bot_84,3153,b,8,43.73,25,88.45,98,9.55,0
e1-100,binary,100,bot_84,3153,b,10,34.57,25,127.77,141,13.23,0
e1-100,binary,100,bot_84,3153,b,12,34.54,25,116.84,114,-2.84,0
e1-100,binary,100,bot_84,3153,b,14,24.58,25,131.76,135,3.24,0
e1-100,binary,100,bot_84,3153,b,16,25.63,25,129.3,127,-2.3,0
e1-100,binary,100,bot_84,3153,b,18,14.6,25,154.95,152,-2.95,0
e1-100,binary,100,bot_84,3153,b,20,64.25,25,131.18,170,38.82,0
e1-100,binary,100,bot_84,3153,b,22,49.51,25,115.68,154,38.32,0
e1-100,binary,100,bot_84,3153,b,24,43.83,25,139.17,158,18.83,0
e1-100,binary,100,bot_84,3153,b,26,53.09,25,151.01,177,25.99,0
e1-100,binary,100,bot_84,3153,b,28,46.57,25,157.62,172,14.38,0
e1-100,binary,100,bot_84,3153,b,30,44.27,25,187.66,207,19.34,0
e1-100,binary,100,bot_84,3153,b,32,49.1,25,173.14,180,6.86,0
e1-100,binary,100,bot_84,3153,b,34,39.26,25,183.82,194,10.18,0
e1-100,binary,100,bot_84,3153,b,36,35.35,25,170.64,183,12.36,0
e1-100,binary,100,bot_84,3153,b,38,21.05,25,185.56,192,6.44,0
e1-100,binary,100,bot_84,3153,b,40,18.8,25,248.96,254,5.04,0
e1-100,binary,100,bot_84,3153,b,42,17.82,25,189.56,181,-8.56,0
e1-100,binary,100,bot_84,3153,b,44,42.64,25,118.56,102,-16.56,0
e1-100,binary,100,bot_84,3153,b,46,44.36,25,173.12,184,10.88,0
e1-100,binary,100,bot_84,3153,b,48,31.36,25,139.48,157,17.52,0
e1-100,binary,100,bot_84,3153,b,50,30.84,25,143.87,144,0.13,0
e1-100,binary,100,bot_84,3153,b,52,20.65,25,142.53,130,-12.53,0
e1-100,binary,100,bot_84,3153,b,54,21.03,25,152.84,144,-8.84,0
e1-100,binary,100,bot_84,3153,b,56,81.77,25,104.5,151,46.5,0
e1-100,binary,100,bot_84,3153,b,58,60.92,25,104.83,122,17.17,0
e1-100,binary,100,bot_84,3153,b,60,62.46,25,110.6,139,28.4,0
e1-100,binary,100,bot_85,3154,w,1,20.75,25,103.32,72,-31.32,0
e1-100,binary,100,bot_85,3154,w,3,66.8,25,141.51,117,-24.51,0
e1-100,binary,100,bot_85,3154,w,5,45.83,25,89.83,105,15.17,0
e1-100,binary,100,bot_85,3154,w,7,50.11,25,81.29,90,8.71,0
e1-100,binary,100,bot_85,3154,w,9,44.77,25,117.38,131,13.62,0
e1-100,binary,100,bot_85,3154,w,11,44.84,25,106.58,102,-4.58,0
e1-100,binary,100,bot_85,3154,w,13,35.11,25,121.24,126,4.76,0
e1-100,binary,100,bot_85,3154,w,15,36.69,25,116.24,117,0.76,0
e1-100,binary,100,bot_85,3154,w,17,19.35,25,151.57,157,5.43,0
e1-100,binary,100,bot_85,3154,w,19,34.82,25,146.28,137,-9.28,0
e1-100,binary,100,bot_85,3154,w,21,19.04,25,167.45,156,-11.45,0
e1-100,binary,100,bot_85,3154,w,23,18.7,25,171.55,161,-10.55,0
e1-100,binary,100,bot_85,3154,w,25,18.26,25,188.39,177,-11.39,0
e1-100,binary,100,bot_85,3154,w,27,63.52,25,141.87,189,47.13,0
e1-100,binary,100,bot_85,3154,w,29,68.33,25,164.71,212,47.29,0
e1-100,binary,100,bot_85,3154,w,31,71.36,25,148.93,182,33.07,0
e1-100,binary,100,bot_85,3154,w,33,68.64,25,156.08,187,30.92,0
e1-100,binary,100,bot_85,3154,w,35,51.14,25,155.47,200,44.53,0
e1-100,binary,100,bot_85,3154,w,37,43.53,25,165.75,202,36.25,0
e1-100,binary,100,bot_85,3154,w,39,35.98,25,232.97,276,43.03,0
e1-100,binary,100,bot_85,3154,w,41,36.01,25,172.19,189,16.81,0
e1-100,binary,100,bot_85,3154,w,43,37.27,25,123.89,141,17.11,0
e1-100,binary,100,bot_85,3154,w,45,39.97,25,177.65,182,4.35,0
e1-100,binary,100,bot_85,3154,w,47,27.96,25,142.78,152,9.22,0
e1-100,binary,100,bot_85,3154,w,49,28.38,25,146.56,138,-8.56,0
e1-100,binary,100,bot_85,3154,w,51,17.69,25,145.55,129,-16.55,0
e1-100,binary,100,bot_85,3154,w,53,15.83,25,158.04,142,-16.04,0
e1-100,binary,100,bot_85,3154,w,55,79.1,25,107.22,149,41.78,0
e1-100,binary,100,bot_85,3154,w,57,58.36,25,107.37,118,10.63,0
e1-100,binary,100,bot_85,3154,w,59,59.6,25,113.48,134,20.52,0
e1-100,binary,100,bot_86,3154,b,2,12.61,25,178.28,179,0.72,0
e1-100,binary,100,bot_86,3154,b,4,51.91,25,72.63,119,46.37,0
e1-100,binary,100,bot_86,3154,b,6,45.09,25,74.86,100,25.14,0
e1-100,binary,100,bot_86,3154,b,8,51.59,25,110.42,140,29.58,0
e1-100,binary,100,bot_86,3154,b,10,31.83,25,129.52,153,23.48,0
e1-100,binary,100,bot_86,3154,b,12,41.63,25,124.84,149,24.16,0
e1-100,binary,100,bot_86,3154,b,14,37.66,25,175.61,190,14.39,0
e1-100,binary,100,bot_86,3154,b,16,42.7,25,156.91,173,16.09,0
e1-100,binary,100,bot_86,3154,b,18,28.11,25,125.13,123,-2.12,0
e1-100,binary,100,bot_86,3154,b,20,23.06,25,172.29,186,13.71,0
e1-100,binary,100,bot_86,3154,b,22,23.71,25,137.32,136,-1.32,0
e1-100,binary,100,bot_86,3154,b,24,22.65,25,161.7,159,-2.7,0
e1-100,binary,100,bot_86,3154,b,26,80.81,25,191.03,189,-2.03,0
e1-100,binary,100,bot_86,3154,b,28,81.32,25,143.3,186,42.7,0
e1-100,binary,100,bot_86,3154,b,30,66.5,25,148.81,196,47.19,0
e1-100,binary,100,bot_86,3154,b,32,66.05,25,162.88,214,51.12,0
e1-100,binary,100,bot_86,3154,b,34,77.33,25,157.95,206,48.05,0
e1-100,binary,100,bot_86,3154,b,36,70.03,25,158.54,189,30.46,0
e1-100,binary,100,bot_86,3154,b,38,76.36,25,177.48,200,22.52,0
e1-100,binary,100,bot_86,3154,b,40,51.17,25,207.45,223,15.55,0
e1-100,binary,100,bot_86,3154,b,42,51.78,25,169.02,184,14.98,0
e1-100,binary,100,bot_86,3154,b,44,38.44,25,177.02,187,9.98,0
e1-100,binary,100,bot_86,3154,b,46,45.12,25,188.79,203,14.21,0
e1-100,binary,100,bot_86,3154,b,48,27.81,25,134.84,137,2.16,0
e1-100,binary,100,bot_86,3154,b,50,19.18,25,161.2,164,2.8,0
e1-100,binary,100,bot_86,3154,b,52,18.2,25,154.15,146,-8.15,0
e1-100,binary,100,bot_86,3154,b,54,77.03,25,117.68,107,-10.68,0
e1-100,binary,100,bot_86,3154,b,56,45.72,25,118.87,172,53.13,0
e1-100,binary,100,bot_86,3154,b,58,55.25,25,112.59,145,32.41,0
e1-100,binary,100,bot_86,3154,b,60,49.03,25,143.13,177,33.87,0
e1-100,binary,100,bot_87,3155,w,1,19.11,25,100.66,97,-3.66,0
e1-100,binary,100,bot_87,3155,w,3,55.26,25,90.75,161,70.25,0
e1-100,binary,100,bot_87,3155,w,5,43.99,25,91.56,138,46.44,0
e1-100,binary,100,bot_87,3155,w,7,48.31,25,83.3,122,38.7,0
e1-100,binary,100,bot_87,3155,w,9,41.8,25,120.41,165,44.59,0
e1-100,binary,100,bot_87,3155,w,11,39.94,25,111.51,137,25.49,0
e1-100,binary,100,bot_87,3155,w,13,30.54,25,126.04,161,34.96,0
e1-100,binary,100,bot_87,3155,w,15,31.25,25,122.13,151,28.87,0
e1-100,binary,100,bot_87,3155,w,17,16.42,25,154.14,187,32.86,0
e1-100,binary,100,bot_87,3155,w,19,29.25,25,151.62,171,19.38,0
e1-100,binary,100,bot_87,3155,w,21,16.29,25,170.22,183,12.78,0
e1-100,binary,100,bot_87,3155,w,23,15.14,25,175.01,189,13.99,0
e1-100,binary,100,bot_87,3155,w,25,86.45,25,192.33,203,10.67,0
e1-100,binary,100,bot_87,3155,w,27,60.03,25,144.25,201,56.75,0
e1-100,binary,100,bot_87,3155,w,29,64.71,25,168.18,237,68.82,0
e1-100,binary,100,bot_87,3155,w,31,67,25,153.29,207,53.71,0
e1-100,binary,100,bot_87,3155,w,33,65.5,25,158.99,211,52.01,0
e1-100,binary,100,bot_87,3155,w,35,48.95,25,157.85,219,61.15,0
e1-100,binary,100,bot_87,3155,w,37,43.19,25,165.84,223,57.16,0
e1-100,binary,100,bot_87,3155,w,39,32.6,25,236.2,297,60.8,0
e1-100,binary,100,bot_87,3155,w,41,33.58,25,174.64,210,35.36,0
e1-100,binary,100,bot_87,3155,w,43,36.84,25,124.05,153,28.95,0
e1-100,binary,100,bot_87,3155,w,45,35.63,25,182.2,199,16.8,0
e1-100,binary,100,bot_87,3155,w,47,23.69,25,146.89,171,24.11,0
e1-100,binary,100,bot_87,3155,w,49,25.47,25,149.12,156,6.88,0
e1-100,binary,100,bot_87,3155,w,51,14.88,25,148.28,148,-0.28,0
e1-100,binary,100,bot_87,3155,w,53,60.18,25,163.06,160,-3.06,0
e1-100,binary,100,bot_87,3155,w,55,73.72,25,112.49,158,45.51,0
e1-100,binary,100,bot_87,3155,w,57,55.83,25,109.43,137,27.57,0
e1-100,binary,100,bot_87,3155,w,59,54.23,25,119.03,156,36.97,0
e1-100,binary,100,bot_88,3155,b,2,74.34,25,179.57,199,19.43,0
e1-100,binary,100,bot_88,3155,b,4,49.73,25,74.69,128,53.31,0
e1-100,binary,100,bot_88,3155,b,6,42.16,25,77.62,119,41.38,0
e1-100,binary,100,bot_88,3155,b,8,48.12,25,113.93,162,48.07,0
e1-100,binary,100,bot_88,3155,b,10,29.84,25,131.29,171,39.71,0
e1-100,binary,100,bot_88,3155,b,12,38.65,25,128.23,167,38.77,0
e1-100,binary,100,bot_88,3155,b,14,33.4,25,179.02,209,29.98,0
e1-100,binary,100,bot_88,3155,b,16,37.42,25,161.14,191,29.86,0
e1-100,binary,100,bot_88,3155,b,18,22.28,25,131.11,147,15.89,0
e1-100,binary,100,bot_88,3155,b,20,21.7,25,173.23,196,22.77,0
e1-100,binary,100,bot_88,3155,b,22,22.19,25,138.95,149,10.05,0
e1-100,binary,100,bot_88,3155,b,24,20.29,25,164.17,172,7.83,0
e1-100,binary,100,bot_88,3155,b,26,66.67,25,133.99,214,80.01,0
e1-100,binary,100,bot_88,3155,b,28,77.65,25,147.24,200,52.76,0
e1-100,binary,100,bot_88,3155,b,30,64,25,151.15,209,57.85,0
e1-100,binary,100,bot_88,3155,b,32,61.39,25,167.77,228,60.23,0
e1-100,binary,100,bot_88,3155,b,34,72.09,25,163.57,224,60.43,0
e1-100,binary,100,bot_88,3155,b,36,66.98,25,161.82,204,42.18,0
e1-100,binary,100,bot_88,3155,b,38,70.16,25,183.97,220,36.03,0
e1-100,binary,100,bot_88,3155,b,40,45.19,25,213.48,238,24.52,0
e1-100,binary,100,bot_88,3155,b,42,46.43,25,174.98,203,28.02,0
e1-100,binary,100,bot_88,3155,b,44,33.04,25,182.27,204,21.73,0
e1-100,binary,100,bot_88,3155,b,46,41.14,25,192.71,213,20.29,0
e1-100,binary,100,bot_88,3155,b,48,25.04,25,137.58,147,9.42,0
e1-100,binary,100,bot_88,3155,b,50,17.68,25,162.57,173,10.43,0
e1-100,binary,100,bot_88,3155,b,52,14.03,25,158.08,158,-0.08,0
e1-100,binary,100,bot_88,3155,b,54,62.73,25,82.73,128,45.27,0
e1-100,binary,100,bot_88,3155,b,56,44.56,25,120.25,179,58.75,0
e1-100,binary,100,bot_88,3155,b,58,53.05,25,114.71,155,40.29,0
e1-100,binary,100,bot_88,3155,b,60,46.99,25,145,184,39,0
e1-100,binary,100,bot_89,3156,w,1,53.65,25,91.99,139,47.01,0
e1-100,binary,100,bot_89,3156,w,3,42.7,25,92.9,118,25.1,0
e1-100,binary,100,bot_89,3156,w,5,47.56,25,84.12,101,16.88,0
e1-100,binary,100,bot_89,3156,w,7,40.48,25,121.69,143,21.31,0
e1-100,binary,100,bot_89,3156,w,9,38.3,25,113.12,117,3.88,0
e1-100,binary,100,bot_89,3156,w,11,28.56,25,128.09,141,12.91,0
e1-100,binary,100,bot_89,3156,w,13,29.56,25,124.97,131,6.03,0
e1-100,binary,100,bot_89,3156,w,15,16.35,25,153.92,162,8.08,0
e1-100,binary,100,bot_89,3156,w,17,27.48,25,153.78,145,-8.78,0
e1-100,binary,100,bot_89,3156,w,19,14.51,25,171.98,166,-5.98,0
e1-100,binary,100,bot_89,3156,w,21,14.22,25,175.88,170,-5.88,0
e1-100,binary,100,bot_89,3156,w,23,70.81,25,133.89,201,67.11,0
e1-100,binary,100,bot_89,3156,w,25,58.64,25,145.58,183,37.42,0
e1-100,binary,100,bot_89,3156,w,27,62.11,25,170.48,216,45.52,0
e1-100,binary,100,bot_89,3156,w,29,64.31,25,155.97,191,35.03,0
e1-100,binary,100,bot_89,3156,w,31,62.82,25,161.19,192,30.81,0
e1-100,binary,100,bot_89,3156,w,33,47.67,25,158.34,198,39.66,0
e1-100,binary,100,bot_89,3156,w,35,39.5,25,168.77,204,35.23,0
e1-100,binary,100,bot_89,3156,w,37,30.17,25,238.01,272,33.99,0
e1-100,binary,100,bot_89,3156,w,39,30.96,25,177.26,190,12.74,0
e1-100,binary,100,bot_89,3156,w,41,34.38,25,126.18,138,11.82,0
e1-100,binary,100,bot_89,3156,w,43,33.37,25,184.6,184,-0.6,0
e1-100,binary,100,bot_89,3156,w,45,22.35,25,148.05,156,7.95,0
e1-100,binary,100,bot_89,3156,w,47,23.58,25,151.46,144,-7.46,0
e1-100,binary,100,bot_89,3156,w,49,13.27,25,149.87,135,-14.87,0
e1-100,binary,100,bot_89,3156,w,51,60.21,25,163.22,146,-17.22,0
e1-100,binary,100,bot_89,3156,w,53,71.16,25,115.21,148,32.79,0
e1-100,binary,100,bot_89,3156,w,55,53.44,25,111.86,127,15.14,0
e1-100,binary,100,bot_89,3156,w,57,51.25,25,122.28,146,23.72,0
e1-100,binary,100,bot_89,3156,w,59,37.17,25,111.96,128,16.04,0
e1-100,binary,100,bot_90,3156,b,2,48.96,25,75.55,90,14.45,0
e1-100,binary,100,bot_90,3156,b,4,41.41,25,78.28,82,3.72,0
e1-100,binary,100,bot_90,3156,b,6,46.86,25,115.2,125,9.8,0
e1-100,binary,100,bot_90,3156,b,8,28.91,25,132.12,134,1.88,0
e1-100,binary,100,bot_90,3156,b,10,37.39,25,129.77,129,-0.77,0
e1-100,binary,100,bot_90,3156,b,12,31.03,25,181.21,170,-11.21,0
e1-100,binary,100,bot_90,3156,b,14,33.64,25,165.13,156,-9.13,0
e1-100,binary,100,bot_90,3156,b,16,17.61,25,135.87,112,-23.87,0
e1-100,binary,100,bot_90,3156,b,18,18.62,25,176.01,168,-8.01,0
e1-100,binary,100,bot_90,3156,b,20,19.35,25,141.86,123,-18.86,0
e1-100,binary,100,bot_90,3156,b,22,91.25,25,168.26,147,-21.26,0
e1-100,binary,100,bot_90,3156,b,24,63.35,25,136.75,171,34.25,0
e1-100,binary,100,bot_90,3156,b,26,71.34,25,154.22,178,23.78,0
e1-100,binary,100,bot_90,3156,b,28,60.26,25,154.74,182,27.26,0
e1-100,binary,100,bot_90,3156,b,30,56.08,25,173.46,203,29.54,0
e1-100,binary,100,bot_90,3156,b,32,65.4,25,171.08,199,27.92,0
e1-100,binary,100,bot_90,3156,b,34,60.6,25,168.63,181,12.37,0
e1-100,binary,100,bot_90,3156,b,36,60.02,25,194.73,199,4.27,0
e1-100,binary,100,bot_90,3156,b,38,36.53,25,221.63,219,-2.63,0
e1-100,binary,100,bot_90,3156,b,40,40.98,25,180.4,176,-4.4,0
e1-100,binary,100,bot_90,3156,b,42,29.36,25,185.82,184,-1.82,0
e1-100,binary,100,bot_90,3156,b,44,36.29,25,197.68,195,-2.68,0
e1-100,binary,100,bot_90,3156,b,46,21.61,25,141.03,127,-14.03,0
e1-100,binary,100,bot_90,3156,b,48,14.87,25,165.24,152,-13.24,0
e1-100,binary,100,bot_90,3156,b,50,11.43,25,160.49,138,-22.49,0
e1-100,binary,100,bot_90,3156,b,52,61.81,25,83.62,106,22.38,0
e1-100,binary,100,bot_90,3156,b,54,43.67,25,120.96,155,34.04,0
e1-100,binary,100,bot_90,3156,b,56,52.67,25,114.97,132,17.03,0
e1-100,binary,100,bot_90,3156,b,58,44.84,25,147.11,161,13.89,0
e1-100,binary,100,bot_90,3156,b,60,36.62,25,99.75,100,0.25,0
e1-100,binary,100,bot_91,3157,w,1,50.88,25,73.69,102,28.31,0
e1-100,binary,100,bot_91,3157,w,3,43.38,25,76.55,85,8.45,0
e1-100,binary,100,bot_91,3157,w,5,49.94,25,112.04,125,12.96,0
e1-100,binary,100,bot_91,3157,w,7,31,25,130.28,136,5.72,0
e1-100,binary,100,bot_91,3157,w,9,40.02,25,126.54,132,5.46,0
e1-100,binary,100,bot_91,3157,w,11,33.94,25,179.31,175,-4.31,0
e1-100,binary,100,bot_91,3157,w,13,38.78,25,160.79,159,-1.79,0
e1-100,binary,100,bot_91,3157,w,15,24.63,25,128.75,110,-18.75,0
e1-100,binary,100,bot_91,3157,w,17,16.21,25,178.24,178,-0.24,0
e1-100,binary,100,bot_91,3157,w,19,17.8,25,143.39,122,-21.39,0
e1-100,binary,100,bot_91,3157,w,21,71.73,25,141.44,166,24.56,0
e1-100,binary,100,bot_91,3157,w,23,57.99,25,141.77,172,30.23,0
e1-100,binary,100,bot_91,3157,w,25,64.94,25,161.2,183,21.8,0
e1-100,binary,100,bot_91,3157,w,27,55.21,25,159.35,181,21.65,0
e1-100,binary,100,bot_91,3157,w,29,50.73,25,178.37,203,24.63,0
e1-100,binary,100,bot_91,3157,w,31,57.77,25,179.06,199,19.94,0
e1-100,binary,100,bot_91,3157,w,33,53.63,25,175.65,186,10.35,0
e1-100,binary,100,bot_91,3157,w,35,49.68,25,205.54,204,-1.54,0
e1-100,binary,100,bot_91,3157,w,37,29.8,25,227.78,219,-8.78,0
e1-100,binary,100,bot_91,3157,w,39,30.28,25,190.95,185,-5.95,0
e1-100,binary,100,bot_91,3157,w,41,25.39,25,189.79,188,-1.79,0
e1-100,binary,100,bot_91,3157,w,43,33.48,25,200.48,196,-4.48,0
e1-100,binary,100,bot_91,3157,w,45,18.76,25,143.88,129,-14.88,0
e1-100,binary,100,bot_91,3157,w,47,13.07,25,166.93,154,-12.93,0
e1-100,binary,100,bot_91,3157,w,49,76.93,25,162.22,139,-23.22,0
e1-100,binary,100,bot_91,3157,w,51,61.51,25,83.32,94,10.68,0
e1-100,binary,100,bot_91,3157,w,53,41.84,25,122.75,153,30.25,0
e1-100,binary,100,bot_91,3157,w,55,50.32,25,117.24,132,14.76,0
e1-100,binary,100,bot_91,3157,w,57,43.66,25,148.23,161,12.77,0
e1-100,binary,100,bot_91,3157,w,59,34.75,25,101.56,100,-1.56,0
e1-100,binary,100,bot_92,3157,b,2,44.87,25,90.7,102,11.3,0
e1-100,binary,100,bot_92,3157,b,4,49.03,25,82.56,87,4.44,0
e1-100,binary,100,bot_92,3157,b,6,43.2,25,119.05,127,7.95,0
e1-100,binary,100,bot_92,3157,b,8,41.9,25,109.59,101,-8.59,0
e1-100,binary,100,bot_92,3157,b,10,32.86,25,123.45,124,0.55,0
e1-100,binary,100,bot_92,3157,b,12,34.36,25,118.89,113,-5.89,0
e1-100,binary,100,bot_92,3157,b,14,18.16,25,152.46,151,-1.46,0
e1-100,binary,100,bot_92,3157,b,16,34.52,25,147.96,132,-15.96,0
e1-100,binary,100,bot_92,3157,b,18,12.6,25,173.85,153,-20.85,0
e1-100,binary,100,bot_92,3157,b,20,59.39,25,178.13,159,-19.13,0
e1-100,binary,100,bot_92,3157,b,22,65.05,25,139.18,175,35.82,0
e1-100,binary,100,bot_92,3157,b,24,55.64,25,148.51,170,21.49,0
e1-100,binary,100,bot_92,3157,b,26,56.99,25,175.39,205,29.61,0
e1-100,binary,100,bot_92,3157,b,28,60.01,25,161.55,182,20.45,0
e1-100,binary,100,bot_92,3157,b,30,54.72,25,168.74,184,15.26,0
e1-100,binary,100,bot_92,3157,b,32,44.12,25,161.85,184,22.15,0
e1-100,binary,100,bot_92,3157,b,34,32.38,25,175.22,194,18.78,0
e1-100,binary,100,bot_92,3157,b,36,26.33,25,242.68,257,14.32,0
e1-100,binary,100,bot_92,3157,b,38,27.54,25,180.59,175,-5.59,0
e1-100,binary,100,bot_92,3157,b,40,32.95,25,127.15,120,-7.15,0
e1-100,binary,100,bot_92,3157,b,42,30.42,25,187.74,176,-11.74,0
e1-100,binary,100,bot_92,3157,b,44,20.37,25,149.68,146,-3.68,0
e1-100,binary,100,bot_92,3157,b,46,22.12,25,153.25,135,-18.25,0
e1-100,binary,100,bot_92,3157,b,48,11.77,25,151.74,128,-23.74,0
e1-100,binary,100,bot_92,3157,b,50,47.32,25,109.25,151,41.75,0
e1-100,binary,100,bot_92,3157,b,52,66.61,25,119.9,145,25.1,0
e1-100,binary,100,bot_92,3157,b,54,50.69,25,114.76,120,5.24,0
e1-100,binary,100,bot_92,3157,b,56,48.02,25,125.85,140,14.15,0
e1-100,binary,100,bot_92,3157,b,58,34.08,25,114.99,123,8.01,0
e1-100,binary,100,bot_92,3157,b,60,34.65,25,107.7,106,-1.7,0
e1-100,binary,100,bot_93,3158,w,1,48.24,25,87.56,116,28.44,0
e1-100,binary,100,bot_93,3158,w,3,57.14,25,73.93,92,18.07,0
e1-100,binary,100,bot_93,3158,w,5,57,25,104.5,132,27.5,0
e1-100,binary,100,bot_93,3158,w,7,57.14,25,94.17,98,3.83,0
e1-100,binary,100,bot_93,3158,w,9,47.59,25,109.24,125,15.76,0
e1-100,binary,100,bot_93,3158,w,11,46.41,25,105.93,122,16.07,0
e1-100,binary,100,bot_93,3158,w,13,29.78,25,141.65,161,19.35,0
e1-100,binary,100,bot_93,3158,w,15,44.66,25,140.39,146,5.61,0
e1-100,binary,100,bot_93,3158,w,17,10.89,25,175.55,160,-15.55,0
e1-100,binary,100,bot_93,3158,w,19,47.43,25,135.95,177,41.05,0
e1-100,binary,100,bot_93,3158,w,21,61.11,25,143.17,179,35.83,0
e1-100,binary,100,bot_93,3158,w,23,53.39,25,150.75,174,23.25,0
e1-100,binary,100,bot_93,3158,w,25,51.39,25,180.92,211,30.08,0
e1-100,binary,100,bot_93,3158,w,27,55.89,25,165.98,186,20.02,0
e1-100,binary,100,bot_93,3158,w,29,49.88,25,173.27,191,17.73,0
e1-100,binary,100,bot_93,3158,w,31,42.69,25,163.02,187,23.98,0
e1-100,binary,100,bot_93,3158,w,33,28.23,25,179.1,197,17.9,0
e1-100,binary,100,bot_93,3158,w,35,23.56,25,244.51,261,16.49,0
e1-100,binary,100,bot_93,3158,w,37,24.69,25,183.44,180,-3.44,0
e1-100,binary,100,bot_93,3158,w,39,30.54,25,129.45,122,-7.45,0
e1-100,binary,100,bot_93,3158,w,41,27.25,25,190.98,181,-9.98,0
e1-100,binary,100,bot_93,3158,w,43,18.53,25,151.44,149,-2.44,0
e1-100,binary,100,bot_93,3158,w,45,20.97,25,154.5,138,-16.5,0
e1-100,binary,100,bot_93,3158,w,47,81.23,25,153.39,132,-21.39,0
e1-100,binary,100,bot_93,3158,w,49,47.04,25,108.93,142,33.07,0
e1-100,binary,100,bot_93,3158,w,51,64.17,25,122.36,150,27.64,0
e1-100,binary,100,bot_93,3158,w,53,48.29,25,117.19,124,6.81,0
e1-100,binary,100,bot_93,3158,w,55,46.26,25,127.7,142,14.3,0
e1-100,binary,100,bot_93,3158,w,57,31.43,25,117.58,128,10.42,0
e1-100,binary,100,bot_93,3158,w,59,34.19,25,108.17,109,0.83,0
e1-100,binary,100,bot_94,3158,b,2,49.29,25,71.04,87,15.96,0
e1-100,binary,100,bot_94,3158,b,4,58.88,25,103.25,127,23.75,0
e1-100,binary,100,bot_94,3158,b,6,35.67,25,126.79,151,24.21,0
e1-100,binary,100,bot_94,3158,b,8,47.3,25,118.75,144,25.25,0
e1-100,binary,100,bot_94,3158,b,10,47.83,25,165.51,181,15.49,0
e1-100,binary,100,bot_94,3158,b,12,52.54,25,147.15,162,14.85,0
e1-100,binary,100,bot_94,3158,b,14,37.14,25,115.2,114,-1.2,0
e1-100,binary,100,bot_94,3158,b,16,14.65,25,179.35,194,14.65,0
e1-100,binary,100,bot_94,3158,b,18,71.25,25,145.19,127,-18.19,0
e1-100,binary,100,bot_94,3158,b,20,66.76,25,145.98,164,18.02,0
e1-100,binary,100,bot_94,3158,b,22,53.17,25,146.15,178,31.85,0
e1-100,binary,100,bot_94,3158,b,24,60.06,25,166.73,190,23.27,0
e1-100,binary,100,bot_94,3158,b,26,49.53,25,164.51,186,21.49,0
e1-100,binary,100,bot_94,3158,b,28,47.57,25,181.11,207,25.89,0
e1-100,binary,100,bot_94,3158,b,30,53.44,25,184.25,204,19.75,0
e1-100,binary,100,bot_94,3158,b,32,48.46,25,180.93,193,12.07,0
e1-100,binary,100,bot_94,3158,b,34,45.83,25,210.76,211,0.24,0
e1-100,binary,100,bot_94,3158,b,36,26.19,25,231.07,226,-5.07,0
e1-100,binary,100,bot_94,3158,b,38,25.71,25,195.92,191,-4.92,0
e1-100,binary,100,bot_94,3158,b,40,23.44,25,191.57,189,-2.57,0
e1-100,binary,100,bot_94,3158,b,42,30.8,25,203.18,198,-5.18,0
e1-100,binary,100,bot_94,3158,b,44,17.26,25,145.35,131,-14.35,0
e1-100,binary,100,bot_94,3158,b,46,12.15,25,167.69,157,-10.69,0
e1-100,binary,100,bot_94,3158,b,48,66.07,25,102.57,152,49.43,0
e1-100,binary,100,bot_94,3158,b,50,60.15,25,84.58,98,13.42,0
e1-100,binary,100,bot_94,3158,b,52,39.91,25,124.6,156,31.4,0
e1-100,binary,100,bot_94,3158,b,54,47.18,25,120.33,136,15.67,0
e1-100,binary,100,bot_94,3158,b,56,42.12,25,149.68,163,13.32,0
e1-100,binary,100,bot_94,3158,b,58,33.5,25,102.77,102,-0.77,0
e1-100,binary,100,bot_94,3158,b,60,33.81,25,129.45,132,2.55,0
e1-100,binary,100,bot_95,3159,w,1,49.65,25,70.88,98,27.12,0
e1-100,binary,100,bot_95,3159,w,3,62.41,25,99.89,128,28.11,0
e1-100,binary,100,bot_95,3159,w,5,37.02,25,126.7,157,30.3,0
e1-100,binary,100,bot_95,3159,w,7,51.44,25,114.14,144,29.86,0
e1-100,binary,100,bot_95,3159,w,9,52.58,25,160.66,183,22.34,0
e1-100,binary,100,bot_95,3159,w,11,64.18,25,134.82,153,18.18,0
e1-100,binary,100,bot_95,3159,w,13,42.27,25,109.1,111,1.9,0
e1-100,binary,100,bot_95,3159,w,15,11.74,25,182.14,197,14.86,0
e1-100,binary,100,bot_95,3159,w,17,53.66,25,111.79,144,32.21,0
e1-100,binary,100,bot_95,3159,w,19,61.3,25,151.49,167,15.51,0
e1-100,binary,100,bot_95,3159,w,21,49.56,25,149.59,180,30.41,0
e1-100,binary,100,bot_95,3159,w,23,55.61,25,171.55,193,21.45,0
e1-100,binary,100,bot_95,3159,w,25,45.13,25,168.67,188,19.33,0
e1-100,binary,100,bot_95,3159,w,27,44.76,25,183.7,207,23.3,0
e1-100,binary,100,bot_95,3159,w,29,47.75,25,190.02,207,16.98,0
e1-100,binary,100,bot_95,3159,w,31,43.25,25,186.26,199,12.74,0
e1-100,binary,100,bot_95,3159,w,33,40.8,25,216.14,212,-4.14,0
e1-100,binary,100,bot_95,3159,w,35,23.24,25,233.97,227,-6.97,0
e1-100,binary,100,bot_95,3159,w,37,22.92,25,198.66,191,-7.66,0
e1-100,binary,100,bot_95,3159,w,39,22.47,25,192.45,189,-3.45,0
e1-100,binary,100,bot_95,3159,w,41,29.36,25,203.94,197,-6.94,0
e1-100,binary,100,bot_95,3159,w,43,16.41,25,146.17,131,-15.17,0
e1-100,binary,100,bot_95,3159,w,45,88.83,25,168.79,156,-12.79,0
e1-100,binary,100,bot_95,3159,w,47,64.35,25,103.96,142,38.04,0
e1-100,binary,100,bot_95,3159,w,49,58.04,25,86.75,100,13.25,0
e1-100,binary,100,bot_95,3159,w,51,38.13,25,126.27,154,27.73,0
e1-100,binary,100,bot_95,3159,w,53,42.57,25,124.92,136,11.08,0
e1-100,binary,100,bot_95,3159,w,55,39.22,25,152.55,162,9.45,0
e1-100,binary,100,bot_95,3159,w,57,31.29,25,104.92,98,-6.92,0
e1-100,binary,100,bot_95,3159,w,59,31.17,25,131.89,130,-1.89,0
e1-100,binary,100,bot_96,3159,b,2,59.73,25,71.07,84,12.93,0
e1-100,binary,100,bot_96,3159,b,4,62.6,25,97.99,123,25.01,0
e1-100,binary,100,bot_96,3159,b,6,61.42,25,89.96,90,0.04,0
e1-100,binary,100,bot_96,3159,b,8,52.96,25,104.15,118,13.85,0
e1-100,binary,100,bot_96,3159,b,10,48.15,25,104.33,118,13.67,0
e1-100,binary,100,bot_96,3159,b,12,32.2,25,139.65,166,26.35,0
e1-100,binary,100,bot_96,3159,b,14,46.93,25,139.99,146,6.01,0
e1-100,binary,100,bot_96,3159,b,16,61.99,25,176.32,152,-24.32,0
e1-100,binary,100,bot_96,3159,b,18,45.02,25,137.52,156,18.48,0
e1-100,binary,100,bot_96,3159,b,20,58.69,25,145.47,171,25.53,0
e1-100,binary,100,bot_96,3159,b,22,50.82,25,153.38,168,14.62,0
e1-100,binary,100,bot_96,3159,b,24,48.48,25,183.66,205,21.34,0
e1-100,binary,100,bot_96,3159,b,26,52.11,25,170.18,181,10.82,0
e1-100,binary,100,bot_96,3159,b,28,45.48,25,177.61,187,9.39,0
e1-100,binary,100,bot_96,3159,b,30,41.02,25,164.65,177,12.35,0
e1-100,binary,100,bot_96,3159,b,32,24.97,25,181.92,190,8.08,0
e1-100,binary,100,bot_96,3159,b,34,21.6,25,246.31,253,6.69,0
e1-100,binary,100,bot_96,3159,b,36,21.64,25,186.38,176,-10.38,0
e1-100,binary,100,bot_96,3159,b,38,28.72,25,130.99,119,-11.99,0
e1-100,binary,100,bot_96,3159,b,40,25.44,25,193.75,180,-13.75,0
e1-100,binary,100,bot_96,3159,b,42,16.68,25,153.2,147,-6.2,0
e1-100,binary,100,bot_96,3159,b,44,18.96,25,156.66,138,-18.66,0
e1-100,binary,100,bot_96,3159,b,46,69.22,25,88.18,141,52.82,0
e1-100,binary,100,bot_96,3159,b,48,44.93,25,110.79,140,29.21,0
e1-100,binary,100,bot_96,3159,b,50,60.6,25,126.06,149,22.94,0
e1-100,binary,100,bot_96,3159,b,52,43.14,25,122.41,125,2.59,0
e1-100,binary,100,bot_96,3159,b,54,42.51,25,131.82,139,7.18,0
e1-100,binary,100,bot_96,3159,b,56,25.91,25,122.91,127,4.09,0
e1-100,binary,100,bot_96,3159,b,58,29.86,25,112.9,108,-4.9,0
e1-100,binary,100,bot_96,3159,b,60,27.76,25,110.97,107,-3.97,0
e1-100,binary,100,bot_97,3160,w,1,60.61,25,70.5,105,34.5,0
e1-100,binary,100,bot_97,3160,w,3,63.5,25,96.89,132,35.11,0
e1-100,binary,100,bot_97,3160,w,5,64.05,25,87.26,97,9.74,0
e1-100,binary,100,bot_97,3160,w,7,55.67,25,101.72,126,24.28,0
e1-100,binary,100,bot_97,3160,w,9,49.83,25,102.72,131,28.28,0
e1-100,binary,100,bot_97,3160,w,11,34.08,25,138.08,179,40.92,0
e1-100,binary,100,bot_97,3160,w,13,48.43,25,139.16,159,19.84,0
e1-100,binary,100,bot_97,3160,w,15,50.1,25,115.4,171,55.6,0
e1-100,binary,100,bot_97,3160,w,17,43.07,25,139.41,161,21.59,0
e1-100,binary,100,bot_97,3160,w,19,55.54,25,148.62,178,29.38,0
e1-100,binary,100,bot_97,3160,w,21,48.44,25,155.78,173,17.22,0
e1-100,binary,100,bot_97,3160,w,23,45.86,25,186.27,210,23.73,0
e1-100,binary,100,bot_97,3160,w,25,49.09,25,173.25,186,12.75,0
e1-100,binary,100,bot_97,3160,w,27,42.94,25,180.13,193,12.87,0
e1-100,binary,100,bot_97,3160,w,29,38.13,25,167.58,182,14.42,0
e1-100,binary,100,bot_97,3160,w,31,22.68,25,184.09,193,8.91,0
e1-100,binary,100,bot_97,3160,w,33,21.3,25,246.49,252,5.51,0
e1-100,binary,100,bot_97,3160,w,35,19.83,25,187.56,180,-7.56,0
e1-100,binary,100,bot_97,3160,w,37,25.92,25,133.66,123,-10.66,0
e1-100,binary,100,bot_97,3160,w,39,23,25,196.27,185,-11.27,0
e1-100,binary,100,bot_97,3160,w,41,14.6,25,155.24,147,-8.24,0
e1-100,binary,100,bot_97,3160,w,43,105.53,25,159.36,141,-18.36,0
e1-100,binary,100,bot_97,3160,w,45,67.62,25,88.69,132,43.31,0
e1-100,binary,100,bot_97,3160,w,47,42.89,25,112.71,143,30.29,0
e1-100,binary,100,bot_97,3160,w,49,57.98,25,128.75,154,25.25,0
e1-100,binary,100,bot_97,3160,w,51,38.53,25,126.98,131,4.02,0
e1-100,binary,100,bot_97,3160,w,53,42.22,25,132.12,139,6.88,0
e1-100,binary,100,bot_97,3160,w,55,25.45,25,123.22,129,5.78,0
e1-100,binary,100,bot_97,3160,w,57,27.15,25,115.64,112,-3.64,0
e1-100,binary,100,bot_97,3160,w,59,27.05,25,111.61,108,-3.61,0
e1-100,binary,100,bot_98,3160,b,2,63.72,25,98.57,130,31.43,0
e1-100,binary,100,bot_98,3160,b,4,37.81,25,126.05,158,31.95,0
e1-100,binary,100,bot_98,3160,b,6,53.67,25,111.81,146,34.19,0
e1-100,binary,100,bot_98,3160,b,8,56.38,25,156.86,183,26.14,0
e1-100,binary,100,bot_98,3160,b,10,69.69,25,129.17,149,19.83,0
e1-100,binary,100,bot_98,3160,b,12,45.58,25,105.75,110,4.25,0
e1-100,binary,100,bot_98,3160,b,14,83.99,25,183.11,199,15.89,0
e1-100,binary,100,bot_98,3160,b,16,50.7,25,114.03,135,20.97,0
e1-100,binary,100,bot_98,3160,b,18,57.58,25,155.44,171,15.56,0
e1-100,binary,100,bot_98,3160,b,20,46.18,25,152.71,180,27.29,0
e1-100,binary,100,bot_98,3160,b,22,52.55,25,174.89,195,20.11,0
e1-100,binary,100,bot_98,3160,b,24,40.69,25,172.91,189,16.09,0
e1-100,binary,100,bot_98,3160,b,26,41.58,25,186.63,207,20.37,0
e1-100,binary,100,bot_98,3160,b,28,42.94,25,194.89,210,15.11,0
e1-100,binary,100,bot_98,3160,b,30,37.73,25,191.84,201,9.16,0
e1-100,binary,100,bot_98,3160,b,32,34.16,25,223.26,218,-5.26,0
e1-100,binary,100,bot_98,3160,b,34,21.02,25,236.64,229,-7.64,0
e1-100,binary,100,bot_98,3160,b,36,20.23,25,201.86,193,-8.86,0
e1-100,binary,100,bot_98,3160,b,38,20.14,25,194.57,189,-5.57,0
e1-100,binary,100,bot_98,3160,b,40,23.66,25,209.42,200,-9.42,0
e1-100,binary,100,bot_98,3160,b,42,13.55,25,149.04,132,-17.04,0
e1-100,binary,100,bot_98,3160,b,44,75.27,25,94.32,168,73.68,0
e1-100,binary,100,bot_98,3160,b,46,61.37,25,107.12,143,35.88,0
e1-100,binary,100,bot_98,3160,b,48,55.97,25,88.89,100,11.11,0
e1-100,binary,100,bot_98,3160,b,50,35.5,25,128.62,155,26.38,0
e1-100,binary,100,bot_98,3160,b,52,38.14,25,129.48,135,5.52,0
e1-100,binary,100,bot_98,3160,b,54,37.78,25,154.07,164,9.93,0
e1-100,binary,100,bot_98,3160,b,56,28.33,25,107.87,101,-6.87,0
e1-100,binary,100,bot_98,3160,b,58,28.88,25,133.89,130,-3.89,0
e1-100,binary,100,bot_98,3160,b,60,28.33,25,124.17,119,-5.17,0
e1-100,binary,100,bot_99,3161,w,1,66.91,25,96.13,135,38.87,0
e1-100,binary,100,bot_99,3161,w,3,40.2,25,124.09,158,33.91,0
e1-100,binary,100,bot_99,3161,w,5,57.34,25,107.7,142,34.3,0
e1-100,binary,100,bot_99,3161,w,7,61.25,25,152.04,182,29.96,0
e1-100,binary,100,bot_99,3161,w,9,73.95,25,124.53,146,21.47,0
e1-100,binary,100,bot_99,3161,w,11,48.9,25,102.42,109,6.58,0
e1-100,binary,100,bot_99,3161,w,13,40.88,25,160.18,172,11.82,0
e1-100,binary,100,bot_99,3161,w,15,38.67,25,120.3,123,2.7,0
e1-100,binary,100,bot_99,3161,w,17,48.39,25,134.47,143,8.53,0
e1-100,binary,100,bot_99,3161,w,19,35.09,25,169.23,176,6.77,0
e1-100,binary,100,bot_99,3161,w,21,27.13,25,173.34,175,1.66,0
e1-100,binary,100,bot_99,3161,w,23,18.21,25,196.16,197,0.84,0
e1-100,binary,100,bot_99,3161,w,25,101.42,25,219.05,201,-18.05,0
e1-100,binary,100,bot_99,3161,w,27,109.5,25,124.86,195,70.14,0
e1-100,binary,100,bot_99,3161,w,29,98.7,25,130.14,174,43.86,0
e1-100,binary,100,bot_99,3161,w,31,97.63,25,154.32,196,41.68,0
e1-100,binary,100,bot_99,3161,w,33,76.58,25,181.66,229,47.34,0
e1-100,binary,100,bot_99,3161,w,35,73.84,25,155.83,185,29.17,0
e1-100,binary,100,bot_99,3161,w,37,17.8,25,196.78,186,-10.78,0
e1-100,binary,100,bot_99,3161,w,39,18.14,25,214.86,203,-11.86,0
e1-100,binary,100,bot_99,3161,w,41,81.28,25,152.29,133,-19.29,0
e1-100,binary,100,bot_99,3161,w,43,71.75,25,97.67,149,51.33,0
e1-100,binary,100,bot_99,3161,w,45,58.82,25,109.85,141,31.15,0
e1-100,binary,100,bot_99,3161,w,47,52.55,25,92.33,101,8.67,0
e1-100,binary,100,bot_99,3161,w,49,35.22,25,128.65,151,22.35,0
e1-100,binary,100,bot_99,3161,w,51,34.98,25,132.71,137,4.29,0
e1-100,binary,100,bot_99,3161,w,53,34.18,25,157.76,167,9.24,0
e1-100,binary,100,bot_99,3161,w,55,27.41,25,108.76,102,-6.76,0
e1-100,binary,100,bot_99,3161,w,57,26.26,25,136.48,131,-5.48,0
e1-100,binary,100,bot_99,3161,w,59,27.76,25,124.84,117,-7.84,0
e1-100,binary,100,bot_100,3161,b,2,66.36,25,93.92,129,35.08,0
e1-100,binary,100,bot_100,3161,b,4,67.34,25,84.06,92,7.94,0
e1-100,binary,100,bot_100,3161,b,6,60.91,25,96.8,123,26.2,0
e1-100,binary,100,bot_100,3161,b,8,53.49,25,99.05,126,26.95,0
e1-100,binary,100,bot_100,3161,b,10,39.18,25,133.17,175,41.83,0
e1-100,binary,100,bot_100,3161,b,12,41.4,25,136.18,155,18.82,0
e1-100,binary,100,bot_100,3161,b,14,31.06,25,155.74,168,12.26,0
e1-100,binary,100,bot_100,3161,b,16,36.72,25,155.44,165,9.56,0
e1-100,binary,100,bot_100,3161,b,18,36.37,25,170.69,190,19.31,0
e1-100,binary,100,bot_100,3161,b,20,29.89,25,177.14,184,6.86,0
e1-100,binary,100,bot_100,3161,b,22,30.52,25,210.45,208,-2.45,0
e1-100,binary,100,bot_100,3161,b,24,11.66,25,197.87,187,-10.87,0
e1-100,binary,100,bot_100,3161,b,26,100.52,25,126.26,198,71.74,0
e1-100,binary,100,bot_100,3161,b,28,72.95,25,132.58,213,80.42,0
e1-100,binary,100,bot_100,3161,b,30,70.98,25,140.02,209,68.98,0
e1-100,binary,100,bot_100,3161,b,32,77.27,25,192.93,262,69.07,0
e1-100,binary,100,bot_100,3161,b,34,58.52,25,149.25,196,46.75,0
e1-100,binary,100,bot_100,3161,b,36,21.57,25,137.77,180,42.23,0
e1-100,binary,100,bot_100,3161,b,38,19.93,25,199.64,186,-13.64,0
e1-100,binary,100,bot_100,3161,b,40,12.44,25,157.87,143,-14.87,0
e1-100,binary,100,bot_100,3161,b,42,83.17,25,111.07,161,49.93,0
e1-100,binary,100,bot_100,3161,b,44,62.82,25,93.13,132,38.88,0
e1-100,binary,100,bot_100,3161,b,46,40.06,25,114.98,142,27.02,0
e1-100,binary,100,bot_100,3161,b,48,55.04,25,132.15,154,21.85,0
e1-100,binary,100,bot_100,3161,b,50,36.91,25,128.49,132,3.51,0
e1-100,binary,100,bot_100,3161,b,52,41.15,25,133.2,136,2.8,0
e1-100,binary,100,bot_100,3161,b,54,24.54,25,123.84,126,2.16,0
e1-100,binary,100,bot_100,3161,b,56,26.07,25,116.91,112,-4.91,0
e1-100,binary,100,bot_100,3161,b,58,24.87,25,113.8,108,-5.8,0
e1-100,binary,100,bot_100,3161,b,60,13.77,25,140.11,137,-3.11,0
e1-100,binary,100,bot_101,3162,w,1,69.46,25,91.35,138,46.65,0
e1-100,binary,100,bot_101,3162,w,3,72.18,25,79.3,91,11.7,0
e1-100,binary,100,bot_101,3162,w,5,65.2,25,93.13,121,27.87,0
e1-100,binary,100,bot_101,3162,w,7,58.41,25,94.2,128,33.8,0
e1-100,binary,100,bot_101,3162,w,9,43.96,25,129.01,176,46.99,0
e1-100,binary,100,bot_101,3162,w,11,44.36,25,132.39,152,19.61,0
e1-100,binary,100,bot_101,3162,w,13,35.82,25,150.99,166,15.01,0
e1-100,binary,100,bot_101,3162,w,15,40.87,25,151.62,163,11.38,0
e1-100,binary,100,bot_101,3162,w,17,44.38,25,162.62,188,25.38,0
e1-100,binary,100,bot_101,3162,w,19,34.25,25,172.21,182,9.79,0
e1-100,binary,100,bot_101,3162,w,21,37.15,25,203.63,205,1.37,0
e1-100,binary,100,bot_101,3162,w,23,19.88,25,189.6,181,-8.6,0
e1-100,binary,100,bot_101,3162,w,25,20.83,25,189.53,174,-15.53,0
e1-100,binary,100,bot_101,3162,w,27,80.03,25,125.97,228,102.03,0
e1-100,binary,100,bot_101,3162,w,29,77.05,25,134.27,207,72.73,0
e1-100,binary,100,bot_101,3162,w,31,86.04,25,184.66,257,72.34,0
e1-100,binary,100,bot_101,3162,w,33,65.14,25,141.82,192,50.18,0
e1-100,binary,100,bot_101,3162,w,35,19.26,25,140.07,186,45.93,0
e1-100,binary,100,bot_101,3162,w,37,17.81,25,201.87,185,-16.87,0
e1-100,binary,100,bot_101,3162,w,39,69.87,25,159.75,142,-17.75,0
e1-100,binary,100,bot_101,3162,w,41,80.75,25,112.94,149,36.06,0
e1-100,binary,100,bot_101,3162,w,43,61.52,25,94.46,132,37.54,0
e1-100,binary,100,bot_101,3162,w,45,38.49,25,116.49,141,24.51,0
e1-100,binary,100,bot_101,3162,w,47,52.44,25,134.77,152,17.23,0
e1-100,binary,100,bot_101,3162,w,49,34.1,25,131.28,131,-0.28,0
e1-100,binary,100,bot_101,3162,w,51,38.48,25,135.99,136,0.01,0
e1-100,binary,100,bot_101,3162,w,53,22.5,25,125.86,127,1.14,0
e1-100,binary,100,bot_101,3162,w,55,22.78,25,120.33,113,-7.33,0
e1-100,binary,100,bot_101,3162,w,57,20.05,25,118.68,110,-8.68,0
e1-100,binary,100,bot_101,3162,w,59,9.82,25,143.99,135,-8.99,0
e1-100,binary,100,bot_102,3162,b,2,46.06,25,118.39,147,28.61,0
e1-100,binary,100,bot_102,3162,b,4,62.85,25,101.74,134,32.26,0
e1-100,binary,100,bot_102,3162,b,6,68.71,25,144.54,170,25.46,0
e1-100,binary,100,bot_102,3162,b,8,81.5,25,116.55,134,17.45,0
e1-100,binary,100,bot_102,3162,b,10,53.03,25,98.25,102,3.75,0
e1-100,binary,100,bot_102,3162,b,12,47.07,25,154.5,165,10.5,0
e1-100,binary,100,bot_102,3162,b,14,42.56,25,116.14,117,0.86,0
e1-100,binary,100,bot_102,3162,b,16,56.35,25,126.27,132,5.73,0
e1-100,binary,100,bot_102,3162,b,18,40.38,25,164.26,174,9.74,0
e1-100,binary,100,bot_102,3162,b,20,33.31,25,167.23,167,-0.23,0
e1-100,binary,100,bot_102,3162,b,22,22,25,192.69,195,2.31,0
e1-100,binary,100,bot_102,3162,b,24,16.04,25,214.57,201,-13.57,0
e1-100,binary,100,bot_102,3162,b,26,132.81,25,206.27,191,-15.27,0
e1-100,binary,100,bot_102,3162,b,28,104.33,25,124.95,171,46.05,0
e1-100,binary,100,bot_102,3162,b,30,102.74,25,148.89,192,43.11,0
e1-100,binary,100,bot_102,3162,b,32,81.23,25,176.99,228,51.01,0
e1-100,binary,100,bot_102,3162,b,34,82.2,25,149.32,181,31.68,0
e1-100,binary,100,bot_102,3162,b,36,17.42,25,196.79,180,-16.79,0
e1-100,binary,100,bot_102,3162,b,38,16.65,25,216.04,197,-19.04,0
e1-100,binary,100,bot_102,3162,b,40,70.62,25,103.72,137,33.28,0
e1-100,binary,100,bot_102,3162,b,42,71.03,25,98.63,143,44.37,0
e1-100,binary,100,bot_102,3162,b,44,58.35,25,110.4,136,25.6,0
e1-100,binary,100,bot_102,3162,b,46,51.68,25,93.42,95,1.58,0
e1-100,binary,100,bot_102,3162,b,48,34.87,25,128.7,145,16.3,0
e1-100,binary,100,bot_102,3162,b,50,33.98,25,133.69,131,-2.69,0
e1-100,binary,100,bot_102,3162,b,52,33.98,25,157.91,159,1.09,0
e1-100,binary,100,bot_102,3162,b,54,26.45,25,109.65,96,-13.65,0
e1-100,binary,100,bot_102,3162,b,56,25.39,25,137.09,123,-14.09,0
e1-100,binary,100,bot_102,3162,b,58,26.43,25,126.39,109,-17.39,0
e1-100,binary,100,bot_102,3162,b,60,11.16,25,122.93,97,-25.93,0
e1-100,binary,100,bot_103,3163,w,1,50.52,25,113.42,152,38.58,0
e1-100,binary,100,bot_103,3163,w,3,68.18,25,95.85,130,34.15,0
e1-100,binary,100,bot_103,3163,w,5,75.23,25,138.05,165,26.95,0
e1-100,binary,100,bot_103,3163,w,7,86.51,25,111.14,133,21.86,0
e1-100,binary,100,bot_103,3163,w,9,57.15,25,94.09,102,7.91,0
e1-100,binary,100,bot_103,3163,w,11,53.41,25,149.1,163,13.9,0
e1-100,binary,100,bot_103,3163,w,13,46.25,25,112.07,118,5.93,0
e1-100,binary,100,bot_103,3163,w,15,61.7,25,120.62,132,11.38,0
e1-100,binary,100,bot_103,3163,w,17,45.2,25,159.39,176,16.61,0
e1-100,binary,100,bot_103,3163,w,19,38.22,25,163.14,168,4.86,0
e1-100,binary,100,bot_103,3163,w,21,28.25,25,186.86,191,4.14,0
e1-100,binary,100,bot_103,3163,w,23,22.91,25,207.62,198,-9.62,0
e1-100,binary,100,bot_103,3163,w,25,21.2,25,200.57,195,-5.57,0
e1-100,binary,100,bot_103,3163,w,27,119.35,25,190.09,171,-19.09,0
e1-100,binary,100,bot_103,3163,w,29,110.85,25,140.23,188,47.77,0
e1-100,binary,100,bot_103,3163,w,31,90.92,25,167,234,67,0
e1-100,binary,100,bot_103,3163,w,33,75.69,25,145.55,185,39.45,0
e1-100,binary,100,bot_103,3163,w,35,48.93,25,167.85,184,16.15,0
e1-100,binary,100,bot_103,3163,w,37,57.63,25,176.75,192,15.25,0
e1-100,binary,100,bot_103,3163,w,39,39.51,25,122.54,124,1.46,0
e1-100,binary,100,bot_103,3163,w,41,26.4,25,154.65,155,0.35,0
e1-100,binary,100,bot_103,3163,w,43,24.3,25,147.96,139,-8.96,0
e1-100,binary,100,bot_103,3163,w,45,14.57,25,115.15,107,-8.15,0
e1-100,binary,100,bot_103,3163,w,47,60.7,25,189.22,171,-18.22,0
e1-100,binary,100,bot_103,3163,w,49,62.9,25,105.13,138,32.87,0
e1-100,binary,100,bot_103,3163,w,51,52.73,25,139.1,173,33.9,0
e1-100,binary,100,bot_103,3163,w,53,41.66,25,95.21,102,6.79,0
e1-100,binary,100,bot_103,3163,w,55,39.28,25,124.82,130,5.18,0
e1-100,binary,100,bot_103,3163,w,57,31.79,25,120.61,123,2.39,0
e1-100,binary,100,bot_103,3163,w,59,14.13,25,119.84,102,-17.84,0
e1-100,binary,100,bot_104,3163,b,2,74.37,25,77.85,89,11.15,0
e1-100,binary,100,bot_104,3163,b,4,67.89,25,90.72,118,27.28,0
e1-100,binary,100,bot_104,3163,b,6,63.36,25,89.29,124,34.71,0
e1-100,binary,100,bot_104,3163,b,8,49.71,25,123.5,169,45.5,0
e1-100,binary,100,bot_104,3163,b,10,48.33,25,127.81,146,18.19,0
e1-100,binary,100,bot_104,3163,b,12,41.16,25,145.61,164,18.39,0
e1-100,binary,100,bot_104,3163,b,14,46.6,25,146.1,157,10.9,0
e1-100,binary,100,bot_104,3163,b,16,51.61,25,155.34,183,27.66,0
e1-100,binary,100,bot_104,3163,b,18,39.83,25,166.06,176,9.94,0
e1-100,binary,100,bot_104,3163,b,20,40.31,25,200.49,205,4.51,0
e1-100,binary,100,bot_104,3163,b,22,25.33,25,184.24,179,-5.24,0
e1-100,binary,100,bot_104,3163,b,24,28,25,182.15,170,-12.15,0
e1-100,binary,100,bot_104,3163,b,26,16.2,25,225.5,212,-13.5,0
e1-100,binary,100,bot_104,3163,b,28,81.88,25,130.54,214,83.46,0
e1-100,binary,100,bot_104,3163,b,30,102.4,25,168.74,245,76.26,0
e1-100,binary,100,bot_104,3163,b,32,73.95,25,132.38,189,56.62,0
e1-100,binary,100,bot_104,3163,b,34,50.44,25,115.78,156,40.22,0
e1-100,binary,100,bot_104,3163,b,36,50.67,25,166.09,180,13.91,0
e1-100,binary,100,bot_104,3163,b,38,36.19,25,135.11,158,22.89,0
e1-100,binary,100,bot_104,3163,b,40,36.36,25,137.89,143,5.11,0
e1-100,binary,100,bot_104,3163,b,42,25.65,25,137.58,129,-8.58,0
e1-100,binary,100,bot_104,3163,b,44,27.13,25,147.16,136,-11.16,0
e1-100,binary,100,bot_104,3163,b,46,16.58,25,149.18,129,-20.18,0
e1-100,binary,100,bot_104,3163,b,48,68.18,25,97.59,124,26.41,0
e1-100,binary,100,bot_104,3163,b,50,68.99,25,103.67,131,27.33,0
e1-100,binary,100,bot_104,3163,b,52,42.09,25,108.34,127,18.66,0
e1-100,binary,100,bot_104,3163,b,54,40.33,25,101.46,108,6.54,0
e1-100,binary,100,bot_104,3163,b,56,36.5,25,102.25,106,3.75,0
e1-100,binary,100,bot_104,3163,b,58,17.68,25,137.12,134,-3.12,0
e1-100,binary,100,bot_104,3163,b,60,9.12,25,146.1,125,-21.1,0
e1-100,binary,100,bot_105,3164,w,1,79.84,25,72.9,105,32.1,0
e1-100,binary,100,bot_105,3164,w,3,74.62,25,85.25,130,44.75,0
e1-100,binary,100,bot_105,3164,w,5,72.26,25,80.4,132,51.6,0
e1-100,binary,100,bot_105,3164,w,7,60.6,25,113.31,169,55.69,0
e1-100,binary,100,bot_105,3164,w,9,55.7,25,119.13,148,28.87,0
e1-100,binary,100,bot_105,3164,w,11,47.73,25,139.26,178,38.74,0
e1-100,binary,100,bot_105,3164,w,13,57.06,25,136.18,157,20.82,0
e1-100,binary,100,bot_105,3164,w,15,61.3,25,145.78,187,41.22,0
e1-100,binary,100,bot_105,3164,w,17,50.68,25,154.96,174,19.04,0
e1-100,binary,100,bot_105,3164,w,19,47.57,25,192.58,212,19.42,0
e1-100,binary,100,bot_105,3164,w,21,35.46,25,174.43,184,9.57,0
e1-100,binary,100,bot_105,3164,w,23,34.32,25,175.39,175,-0.39,0
e1-100,binary,100,bot_105,3164,w,25,20.53,25,222.14,218,-4.14,0
e1-100,binary,100,bot_105,3164,w,27,26.82,25,208.45,193,-15.45,0
e1-100,binary,100,bot_105,3164,w,29,126.93,25,260.46,250,-10.46,0
e1-100,binary,100,bot_105,3164,w,31,80.34,25,125.7,195,69.3,0
e1-100,binary,100,bot_105,3164,w,33,56.92,25,109.53,166,56.47,0
e1-100,binary,100,bot_105,3164,w,35,63,25,153.52,187,33.48,0
e1-100,binary,100,bot_105,3164,w,37,44.22,25,128.74,173,44.26,0
e1-100,binary,100,bot_105,3164,w,39,43.97,25,129.69,144,14.31,0
e1-100,binary,100,bot_105,3164,w,41,32.58,25,130.88,134,3.12,0
e1-100,binary,100,bot_105,3164,w,43,42.46,25,132.01,133,0.99,0
e1-100,binary,100,bot_105,3164,w,45,21.16,25,144.54,130,-14.54,0
e1-100,binary,100,bot_105,3164,w,47,20.22,25,125.25,112,-13.25,0
e1-100,binary,100,bot_105,3164,w,49,16.41,25,150.42,128,-22.42,0
e1-100,binary,100,bot_105,3164,w,51,49.3,25,101.96,144,42.04,0
e1-100,binary,100,bot_105,3164,w,53,45.74,25,95.05,110,14.95,0
e1-100,binary,100,bot_105,3164,w,55,41.69,25,96.99,114,17.01,0
e1-100,binary,100,bot_105,3164,w,57,28.56,25,126.2,133,6.8,0
e1-100,binary,100,bot_105,3164,w,59,17.73,25,136.93,123,-13.93,0
e1-100,binary,100,bot_106,3164,b,2,85.97,25,76.98,111,34.02,0
e1-100,binary,100,bot_106,3164,b,4,92.07,25,121.02,148,26.98,0
e1-100,binary,100,bot_106,3164,b,6,95.54,25,101.46,127,25.54,0
e1-100,binary,100,bot_106,3164,b,8,68.66,25,82.47,97,14.53,0
e1-100,binary,100,bot_106,3164,b,10,72.24,25,131.39,147,15.61,0
e1-100,binary,100,bot_106,3164,b,12,55.61,25,101.89,111,9.11,0
e1-100,binary,100,bot_106,3164,b,14,76.04,25,105.9,124,18.1,0
e1-100,binary,100,bot_106,3164,b,16,53.87,25,150.75,172,21.25,0
e1-100,binary,100,bot_106,3164,b,18,52.66,25,148.56,159,10.44,0
e1-100,binary,100,bot_106,3164,b,20,42.66,25,173.29,181,7.71,0
e1-100,binary,100,bot_106,3164,b,22,32.32,25,198.01,194,-4.01,0
e1-100,binary,100,bot_106,3164,b,24,28.77,25,192.55,188,-4.55,0
e1-100,binary,100,bot_106,3164,b,26,17.35,25,183.66,164,-19.66,0
e1-100,binary,100,bot_106,3164,b,28,24.19,25,195.49,182,-13.49,0
e1-100,binary,100,bot_106,3164,b,30,104.31,25,153.2,241,87.8,0
e1-100,binary,100,bot_106,3164,b,32,90.45,25,130.98,171,40.02,0
e1-100,binary,100,bot_106,3164,b,34,68.43,25,148.51,167,18.49,0
e1-100,binary,100,bot_106,3164,b,36,78.82,25,154.89,179,24.11,0
e1-100,binary,100,bot_106,3164,b,38,48.28,25,113.7,119,5.3,0
e1-100,binary,100,bot_106,3164,b,40,36.95,25,144.59,150,5.41,0
e1-100,binary,100,bot_106,3164,b,42,35.37,25,136.71,131,-5.71,0
e1-100,binary,100,bot_106,3164,b,44,20.08,25,109.29,113,3.71,0
e1-100,binary,100,bot_106,3164,b,46,21.06,25,179.54,162,-17.54,0
e1-100,binary,100,bot_106,3164,b,48,12.74,25,156.73,138,-18.73,0
e1-100,binary,100,bot_106,3164,b,50,76.12,25,189.67,168,-21.67,0
e1-100,binary,100,bot_106,3164,b,52,50.61,25,86.19,98,11.81,0
e1-100,binary,100,bot_106,3164,b,54,50.41,25,114.77,122,7.23,0
e1-100,binary,100,bot_106,3164,b,56,39.99,25,112.51,115,2.49,0
e1-100,binary,100,bot_106,3164,b,58,20.26,25,113.81,105,-8.81,0
e1-100,binary,100,bot_106,3164,b,60,20.43,25,158.08,137,-21.08,0
e1-100,binary,100,bot_107,3165,w,1,86.94,25,76.19,131,54.81,0
e1-100,binary,100,bot_107,3165,w,3,93.34,25,119.78,160,40.22,0
e1-100,binary,100,bot_107,3165,w,5,96.48,25,100.54,140,39.46,0
e1-100,binary,100,bot_107,3165,w,7,69.63,25,81.66,108,26.34,0
e1-100,binary,100,bot_107,3165,w,9,72.42,25,131.86,158,26.14,0
e1-100,binary,100,bot_107,3165,w,11,56.43,25,100.9,118,17.1,0
e1-100,binary,100,bot_107,3165,w,13,77.8,25,104.29,133,28.71,0
e1-100,binary,100,bot_107,3165,w,15,55.1,25,149.89,184,34.11,0
e1-100,binary,100,bot_107,3165,w,17,54.1,25,146.77,170,23.23,0
e1-100,binary,100,bot_107,3165,w,19,44.35,25,172.13,191,18.87,0
e1-100,binary,100,bot_107,3165,w,21,33.32,25,197.18,205,7.82,0
e1-100,binary,100,bot_107,3165,w,23,29.78,25,191.68,198,6.32,0
e1-100,binary,100,bot_107,3165,w,25,18.83,25,182.25,174,-8.25,0
e1-100,binary,100,bot_107,3165,w,27,25.49,25,194.18,193,-1.18,0
e1-100,binary,100,bot_107,3165,w,29,123.27,25,248.55,232,-16.55,0
e1-100,binary,100,bot_107,3165,w,31,92.92,25,128.07,180,51.93,0
e1-100,binary,100,bot_107,3165,w,33,70.4,25,146.28,174,27.72,0
e1-100,binary,100,bot_107,3165,w,35,83.58,25,150.13,186,35.87,0
e1-100,binary,100,bot_107,3165,w,37,52.12,25,110.42,125,14.58,0
e1-100,binary,100,bot_107,3165,w,39,40.17,25,141.74,156,14.26,0
e1-100,binary,100,bot_107,3165,w,41,39.49,25,132.43,136,3.57,0
e1-100,binary,100,bot_107,3165,w,43,22.33,25,106.64,119,12.36,0
e1-100,binary,100,bot_107,3165,w,45,25.74,25,175.12,167,-8.12,0
e1-100,binary,100,bot_107,3165,w,47,17.27,25,152.43,146,-6.43,0
e1-100,binary,100,bot_107,3165,w,49,21.65,25,182.51,170,-12.51,0
e1-100,binary,100,bot_107,3165,w,51,63.29,25,123.62,102,-21.62,0
e1-100,binary,100,bot_107,3165,w,53,56.76,25,108.22,126,17.78,0
e1-100,binary,100,bot_107,3165,w,55,44.79,25,107.51,120,12.49,0
e1-100,binary,100,bot_107,3165,w,57,25.96,25,107.95,108,0.05,0
e1-100,binary,100,bot_107,3165,w,59,28.17,25,150.21,138,-12.21,0
e1-100,binary,100,bot_108,3165,b,2,75.54,25,84.4,139,54.6,0
e1-100,binary,100,bot_108,3165,b,4,73.62,25,79.01,139,59.99,0
e1-100,binary,100,bot_108,3165,b,6,62.54,25,111.37,174,62.63,0
e1-100,binary,100,bot_108,3165,b,8,57.77,25,116.86,154,37.14,0
e1-100,binary,100,bot_108,3165,b,10,48.54,25,138.48,182,43.52,0
e1-100,binary,100,bot_108,3165,b,12,61.09,25,132.06,160,27.94,0
e1-100,binary,100,bot_108,3165,b,14,64.92,25,142.14,191,48.86,0
e1-100,binary,100,bot_108,3165,b,16,54.95,25,150.57,177,26.43,0
e1-100,binary,100,bot_108,3165,b,18,50.25,25,189.85,216,26.15,0
e1-100,binary,100,bot_108,3165,b,20,40.33,25,169.49,185,15.51,0
e1-100,binary,100,bot_108,3165,b,22,38.84,25,170.76,174,3.24,0
e1-100,binary,100,bot_108,3165,b,24,22.98,25,219.7,220,0.3,0
e1-100,binary,100,bot_108,3165,b,26,29.65,25,205.55,195,-10.55,0
e1-100,binary,100,bot_108,3165,b,28,13.86,25,258.35,256,-2.35,0
e1-100,binary,100,bot_108,3165,b,30,82.67,25,123.68,217,93.32,0
e1-100,binary,100,bot_108,3165,b,32,59.37,25,107.3,171,63.7,0
e1-100,binary,100,bot_108,3165,b,34,67.91,25,148.61,189,40.39,0
e1-100,binary,100,bot_108,3165,b,36,46.03,25,126.6,180,53.4,0
e1-100,binary,100,bot_108,3165,b,38,46.68,25,126.75,150,23.25,0
e1-100,binary,100,bot_108,3165,b,40,34.78,25,128.69,138,9.31,0
e1-100,binary,100,bot_108,3165,b,42,43.81,25,130.75,140,9.25,0
e1-100,binary,100,bot_108,3165,b,44,23.81,25,141.73,135,-6.73,0
e1-100,binary,100,bot_108,3165,b,46,24.76,25,120.58,117,-3.58,0
e1-100,binary,100,bot_108,3165,b,48,20.6,25,146.05,132,-14.05,0
e1-100,binary,100,bot_108,3165,b,50,10.28,25,152.64,145,-7.64,0
e1-100,binary,100,bot_108,3165,b,52,48.28,25,92.67,126,33.33,0
e1-100,binary,100,bot_108,3165,b,54,44.76,25,93.98,121,27.02,0
e1-100,binary,100,bot_108,3165,b,56,32.61,25,122.25,138,15.75,0
e1-100,binary,100,bot_108,3165,b,58,20.92,25,133.56,130,-3.56,0
e1-100,binary,100,bot_108,3165,b,60,16.61,25,146.07,145,-1.07,0
e1-100,binary,100,bot_109,3166,w,1,79.45,25,80.5,138,57.5,0
e1-100,binary,100,bot_109,3166,w,3,86.69,25,66.15,124,57.85,0
e1-100,binary,100,bot_109,3166,w,5,75.81,25,98.22,156,57.78,0
e1-100,binary,100,bot_109,3166,w,7,71.52,25,101.96,130,28.04,0
e1-100,binary,100,bot_109,3166,w,9,58.22,25,128.69,173,44.31,0
e1-100,binary,100,bot_109,3166,w,11,74.48,25,118.98,144,25.02,0
e1-100,binary,100,bot_109,3166,w,13,75.73,25,131.47,179,47.53,0
e1-100,binary,100,bot_109,3166,w,15,69,25,135.77,161,25.23,0
e1-100,binary,100,bot_109,3166,w,17,61.8,25,178.47,206,27.53,0
e1-100,binary,100,bot_109,3166,w,19,48.84,25,161.27,178,16.73,0
e1-100,binary,100,bot_109,3166,w,21,44.51,25,164.63,170,5.37,0
e1-100,binary,100,bot_109,3166,w,23,32.07,25,210.86,211,0.14,0
e1-100,binary,100,bot_109,3166,w,25,32.96,25,201.74,191,-10.74,0
e1-100,binary,100,bot_109,3166,w,27,20.62,25,252.29,250,-2.29,0
e1-100,binary,100,bot_109,3166,w,29,16.52,25,209.15,200,-9.15,0
e1-100,binary,100,bot_109,3166,w,31,76.68,25,189.47,173,-16.47,0
e1-100,binary,100,bot_109,3166,w,33,77.9,25,138.31,179,40.69,0
e1-100,binary,100,bot_109,3166,w,35,52.53,25,120.58,175,54.42,0
e1-100,binary,100,bot_109,3166,w,37,55.21,25,117.1,137,19.9,0
e1-100,binary,100,bot_109,3166,w,39,44.64,25,119.12,131,11.88,0
e1-100,binary,100,bot_109,3166,w,41,55.09,25,119.35,131,11.65,0
e1-100,binary,100,bot_109,3166,w,43,34.16,25,130.87,122,-8.87,0
e1-100,binary,100,bot_109,3166,w,45,32.92,25,112.08,112,-0.08,0
e1-100,binary,100,bot_109,3166,w,47,31.56,25,134.32,121,-13.32,0
e1-100,binary,100,bot_109,3166,w,49,16.68,25,146.56,144,-2.56,0
e1-100,binary,100,bot_109,3166,w,51,15.75,25,130.63,112,-18.63,0
e1-100,binary,100,bot_109,3166,w,53,65.85,25,139.03,115,-24.03,0
e1-100,binary,100,bot_109,3166,w,55,44.81,25,110.21,128,17.79,0
e1-100,binary,100,bot_109,3166,w,57,28.42,25,125.55,129,3.45,0
e1-100,binary,100,bot_109,3166,w,59,26.13,25,136.52,148,11.48,0
e1-100,binary,100,bot_110,3166,b,2,102.63,25,110.43,160,49.57,0
e1-100,binary,100,bot_110,3166,b,4,102.71,25,94.18,152,57.82,0
e1-100,binary,100,bot_110,3166,b,6,72.49,25,78.95,125,46.05,0
e1-100,binary,100,bot_110,3166,b,8,80.95,25,124.39,169,44.61,0
e1-100,binary,100,bot_110,3166,b,10,62.08,25,94.86,125,30.14,0
e1-100,binary,100,bot_110,3166,b,12,85.79,25,96.02,143,46.98,0
e1-100,binary,100,bot_110,3166,b,14,62.37,25,142.99,191,48.01,0
e1-100,binary,100,bot_110,3166,b,16,63.77,25,137.18,179,41.82,0
e1-100,binary,100,bot_110,3166,b,18,53.28,25,163.65,198,34.35,0
e1-100,binary,100,bot_110,3166,b,20,42.99,25,187.39,209,21.61,0
e1-100,binary,100,bot_110,3166,b,22,36.85,25,184.94,202,17.06,0
e1-100,binary,100,bot_110,3166,b,24,26.27,25,174.65,180,5.35,0
e1-100,binary,100,bot_110,3166,b,26,34.21,25,185.34,193,7.66,0
e1-100,binary,100,bot_110,3166,b,28,27.89,25,239.1,233,-6.1,0
e1-100,binary,100,bot_110,3166,b,30,20.76,25,185.05,175,-10.05,0
e1-100,binary,100,bot_110,3166,b,32,80.62,25,137,184,47,0
e1-100,binary,100,bot_110,3166,b,34,94.24,25,139.41,187,47.59,0
e1-100,binary,100,bot_110,3166,b,36,58.24,25,104.72,127,22.28,0
e1-100,binary,100,bot_110,3166,b,38,50.61,25,131.71,156,24.29,0
e1-100,binary,100,bot_110,3166,b,40,50.29,25,121.66,136,14.34,0
e1-100,binary,100,bot_110,3166,b,42,29.63,25,99.5,125,25.5,0
e1-100,binary,100,bot_110,3166,b,44,37.09,25,164.41,168,3.59,0
e1-100,binary,100,bot_110,3166,b,46,25.4,25,144.8,148,3.2,0
e1-100,binary,100,bot_110,3166,b,48,35.82,25,168.41,169,0.59,0
e1-100,binary,100,bot_110,3166,b,50,19.16,25,113.1,99,-14.1,0
e1-100,binary,100,bot_110,3166,b,52,15.05,25,133.29,118,-15.29,0
e1-100,binary,100,bot_110,3166,b,54,55.39,25,96.94,132,35.06,0
e1-100,binary,100,bot_110,3166,b,56,41.58,25,92.28,107,14.72,0
e1-100,binary,100,bot_110,3166,b,58,58.46,25,120.13,118,-2.13,0
e1-100,binary,100,bot_110,3166,b,60,15.16,25,130.82,132,1.18,0
e1-100,binary,100,bot_111,3167,w,1,102.51,25,110.05,151,40.95,0
e1-100,binary,100,bot_111,3167,w,3,106.56,25,90.29,127,36.71,0
e1-100,binary,100,bot_111,3167,w,5,75.45,25,75.87,106,30.13,0
e1-100,binary,100,bot_111,3167,w,7,85.71,25,120.29,153,32.71,0
e1-100,binary,100,bot_111,3167,w,9,64.14,25,92.57,110,17.43,0
e1-100,binary,100,bot_111,3167,w,11,89.92,25,91.45,129,37.55,0
e1-100,binary,100,bot_111,3167,w,13,66.77,25,138.5,175,36.5,0
e1-100,binary,100,bot_111,3167,w,15,67.28,25,133.96,165,31.04,0
e1-100,binary,100,bot_111,3167,w,17,57.4,25,160.2,184,23.8,0
e1-100,binary,100,bot_111,3167,w,19,47.2,25,183.12,195,11.88,0
e1-100,binary,100,bot_111,3167,w,21,41.16,25,180.97,186,5.03,0
e1-100,binary,100,bot_111,3167,w,23,30.25,25,170.7,166,-4.7,0
e1-100,binary,100,bot_111,3167,w,25,38.64,25,180.94,175,-5.94,0
e1-100,binary,100,bot_111,3167,w,27,31.11,25,235.45,218,-17.45,0
e1-100,binary,100,bot_111,3167,w,29,25.75,25,179.57,158,-21.57,0
e1-100,binary,100,bot_111,3167,w,31,101.99,25,179.33,152,-27.33,0
e1-100,binary,100,bot_111,3167,w,33,99.77,25,133.95,179,45.05,0
e1-100,binary,100,bot_111,3167,w,35,61.97,25,101.04,119,17.96,0
e1-100,binary,100,bot_111,3167,w,37,50.98,25,131.89,151,19.11,0
e1-100,binary,100,bot_111,3167,w,39,53.88,25,118.16,125,6.84,0
e1-100,binary,100,bot_111,3167,w,41,32.62,25,95.96,115,19.04,0
e1-100,binary,100,bot_111,3167,w,43,41.84,25,160.09,157,-3.09,0
e1-100,binary,100,bot_111,3167,w,45,26.73,25,144.14,140,-4.14,0
e1-100,binary,100,bot_111,3167,w,47,40.91,25,163.28,155,-8.28,0
e1-100,binary,100,bot_111,3167,w,49,22.86,25,109.34,87,-22.34,0
e1-100,binary,100,bot_111,3167,w,51,22.5,25,125.23,103,-22.23,0
e1-100,binary,100,bot_111,3167,w,53,73.92,25,133.61,105,-28.61,0
e1-100,binary,100,bot_111,3167,w,55,47.08,25,86.61,92,5.39,0
e1-100,binary,100,bot_111,3167,w,57,68.13,25,109.67,99,-10.67,0
e1-100,binary,100,bot_111,3167,w,59,22.39,25,123.76,122,-1.76,0
e1-100,binary,100,bot_112,3167,b,2,87.89,25,65.33,132,66.67,0
e1-100,binary,100,bot_112,3167,b,4,80.2,25,93.97,163,69.03,0
e1-100,binary,100,bot_112,3167,b,6,75.35,25,97.82,137,39.18,0
e1-100,binary,100,bot_112,3167,b,8,60,25,126.93,182,55.07,0
e1-100,binary,100,bot_112,3167,b,10,78.88,25,114.76,149,34.24,0
e1-100,binary,100,bot_112,3167,b,12,78.62,25,128.83,188,59.17,0
e1-100,binary,100,bot_112,3167,b,14,73.58,25,130.94,167,36.06,0
e1-100,binary,100,bot_112,3167,b,16,66.5,25,173.25,210,36.75,0
e1-100,binary,100,bot_112,3167,b,18,54.65,25,155.45,182,26.55,0
e1-100,binary,100,bot_112,3167,b,20,47.57,25,161.33,178,16.67,0
e1-100,binary,100,bot_112,3167,b,22,37.54,25,205.36,216,10.64,0
e1-100,binary,100,bot_112,3167,b,24,35.68,25,198.76,198,-0.76,0
e1-100,binary,100,bot_112,3167,b,26,24.88,25,248.25,256,7.75,0
e1-100,binary,100,bot_112,3167,b,28,20.25,25,205.61,206,0.39,0
e1-100,binary,100,bot_112,3167,b,30,15.61,25,186.1,179,-7.1,0
e1-100,binary,100,bot_112,3167,b,32,87.44,25,129.02,197,67.98,0
e1-100,binary,100,bot_112,3167,b,34,59.76,25,113.63,179,65.37,0
e1-100,binary,100,bot_112,3167,b,36,61.44,25,110.12,138,27.88,0
e1-100,binary,100,bot_112,3167,b,38,47.91,25,116.42,134,17.58,0
e1-100,binary,100,bot_112,3167,b,40,60.11,25,114.27,134,19.73,0
e1-100,binary,100,bot_112,3167,b,42,38.88,25,126.23,124,-2.23,0
e1-100,binary,100,bot_112,3167,b,44,38,25,106.58,116,9.42,0
e1-100,binary,100,bot_112,3167,b,46,34.09,25,131.5,124,-7.5,0
e1-100,binary,100,bot_112,3167,b,48,19.66,25,143.87,151,7.13,0
e1-100,binary,100,bot_112,3167,b,50,19.21,25,127.24,116,-11.24,0
e1-100,binary,100,bot_112,3167,b,52,12.99,25,136.39,124,-12.39,0
e1-100,binary,100,bot_112,3167,b,54,48.56,25,106.9,148,41.1,0
e1-100,binary,100,bot_112,3167,b,56,30.69,25,123.24,138,14.76,0
e1-100,binary,100,bot_112,3167,b,58,31.84,25,131.25,165,33.75,0
e1-100,binary,100,bot_112,3167,b,60,17.06,25,112.35,109,-3.35,0
e1-100,binary,100,bot_113,3168,w,1,88.61,25,65.51,140,74.49,0
e1-100,binary,100,bot_113,3168,w,3,81.54,25,92.84,155,62.16,0
e1-100,binary,100,bot_113,3168,w,5,76.35,25,96.32,128,31.68,0
e1-100,binary,100,bot_113,3168,w,7,62.04,25,124.8,175,50.2,0
e1-100,binary,100,bot_113,3168,w,9,80.21,25,113.61,142,28.39,0
e1-100,binary,100,bot_113,3168,w,11,80.2,25,127.47,182,54.53,0
e1-100,binary,100,bot_113,3168,w,13,74.95,25,129.41,162,32.59,0
e1-100,binary,100,bot_113,3168,w,15,67.94,25,171.61,204,32.39,0
e1-100,binary,100,bot_113,3168,w,17,57.4,25,152.65,176,23.35,0
e1-100,binary,100,bot_113,3168,w,19,49.3,25,159.32,170,10.68,0
e1-100,binary,100,bot_113,3168,w,21,41.46,25,201.38,206,4.62,0
e1-100,binary,100,bot_113,3168,w,23,37.12,25,197.04,192,-5.04,0
e1-100,binary,100,bot_113,3168,w,25,27.79,25,245.59,250,4.41,0
e1-100,binary,100,bot_113,3168,w,27,22.7,25,203.44,200,-3.44,0
e1-100,binary,100,bot_113,3168,w,29,17.05,25,185.02,175,-10.02,0
e1-100,binary,100,bot_113,3168,w,31,103.25,25,199.03,178,-21.03,0
e1-100,binary,100,bot_113,3168,w,33,61.52,25,112.53,180,67.47,0
e1-100,binary,100,bot_113,3168,w,35,63.06,25,108.22,137,28.78,0
e1-100,binary,100,bot_113,3168,w,37,50.21,25,114.14,130,15.86,0
e1-100,binary,100,bot_113,3168,w,39,62.57,25,111.85,131,19.15,0
e1-100,binary,100,bot_113,3168,w,41,44.96,25,120.36,118,-2.36,0
e1-100,binary,100,bot_113,3168,w,43,43.77,25,100.41,110,9.59,0
e1-100,binary,100,bot_113,3168,w,45,37.92,25,127.2,119,-8.2,0
e1-100,binary,100,bot_113,3168,w,47,25.65,25,138.18,147,8.82,0
e1-100,binary,100,bot_113,3168,w,49,25.42,25,121.04,108,-13.04,0
e1-100,binary,100,bot_113,3168,w,51,19.27,25,130.57,123,-7.57,0
e1-100,binary,100,bot_113,3168,w,53,13.55,25,152.11,134,-18.11,0
e1-100,binary,100,bot_113,3168,w,55,36.61,25,116.8,138,21.2,0
e1-100,binary,100,bot_113,3168,w,57,38.16,25,125.02,162,36.98,0
e1-100,binary,100,bot_113,3168,w,59,25.6,25,103.73,103,-0.73,0
e1-100,binary,100,bot_114,3168,b,2,107.52,25,89.35,134,44.65,0
e1-100,binary,100,bot_114,3168,b,4,76.22,25,75.11,111,35.89,0
e1-100,binary,100,bot_114,3168,b,6,87.13,25,119.1,156,36.9,0
e1-100,binary,100,bot_114,3168,b,8,65.05,25,91.63,115,23.37,0
e1-100,binary,100,bot_114,3168,b,10,90.87,25,90.44,132,41.56,0
e1-100,binary,100,bot_114,3168,b,12,68.18,25,137.08,178,40.92,0
e1-100,binary,100,bot_114,3168,b,14,68.71,25,132.57,168,35.43,0
e1-100,binary,100,bot_114,3168,b,16,59.98,25,157.71,187,29.29,0
e1-100,binary,100,bot_114,3168,b,18,48.58,25,181.74,200,18.26,0
e1-100,binary,100,bot_114,3168,b,20,42.54,25,179.69,190,10.31,0
e1-100,binary,100,bot_114,3168,b,22,32.21,25,168.74,171,2.26,0
e1-100,binary,100,bot_114,3168,b,24,42.14,25,177.45,176,-1.45,0
e1-100,binary,100,bot_114,3168,b,26,34.08,25,232.36,220,-12.36,0
e1-100,binary,100,bot_114,3168,b,28,29.36,25,175.89,160,-15.89,0
e1-100,binary,100,bot_114,3168,b,30,18.47,25,176.04,153,-23.04,0
e1-100,binary,100,bot_114,3168,b,32,106.66,25,127.36,190,62.64,0
e1-100,binary,100,bot_114,3168,b,34,67.06,25,95.94,116,20.06,0
e1-100,binary,100,bot_114,3168,b,36,53.89,25,129.17,152,22.83,0
e1-100,binary,100,bot_114,3168,b,38,58.47,25,113.51,124,10.49,0
e1-100,binary,100,bot_114,3168,b,40,37.21,25,91,114,23,0
e1-100,binary,100,bot_114,3168,b,42,48.28,25,153.89,159,5.11,0
e1-100,binary,100,bot_114,3168,b,44,31.01,25,140.13,143,2.87,0
e1-100,binary,100,bot_114,3168,b,46,47.9,25,156.25,155,-1.25,0
e1-100,binary,100,bot_114,3168,b,48,25.79,25,106.57,92,-14.57,0
e1-100,binary,100,bot_114,3168,b,50,30.11,25,117.28,103,-14.28,0
e1-100,binary,100,bot_114,3168,b,52,19.27,25,127.02,106,-21.02,0
e1-100,binary,100,bot_114,3168,b,54,59.6,25,125.22,98,-27.22,0
e1-100,binary,100,bot_114,3168,b,56,75.86,25,101.95,99,-2.95,0
e1-100,binary,100,bot_114,3168,b,58,28.56,25,117.71,125,7.29,0
e1-100,binary,100,bot_114,3168,b,60,23.02,25,111.59,107,-4.59,0
e1-100,binary,100,bot_115,3169,w,1,109.54,25,87.72,127,39.28,0
e1-100,binary,100,bot_115,3169,w,3,79.46,25,71.82,96,24.18,0
e1-100,binary,100,bot_115,3169,w,5,92.28,25,114.55,143,28.45,0
e1-100,binary,100,bot_115,3169,w,7,67.95,25,88.3,105,16.7,0
e1-100,binary,100,bot_115,3169,w,9,94.45,25,86.39,121,34.61,0
e1-100,binary,100,bot_115,3169,w,11,71.95,25,133.23,167,33.77,0
e1-100,binary,100,bot_115,3169,w,13,72.89,25,128.72,158,29.28,0
e1-100,binary,100,bot_115,3169,w,15,63.36,25,154.69,177,22.31,0
e1-100,binary,100,bot_115,3169,w,17,52.84,25,177.28,190,12.72,0
e1-100,binary,100,bot_115,3169,w,19,44.76,25,177.95,180,2.05,0
e1-100,binary,100,bot_115,3169,w,21,36.62,25,164.2,162,-2.2,0
e1-100,binary,100,bot_115,3169,w,23,48.41,25,171.05,162,-9.05,0
e1-100,binary,100,bot_115,3169,w,25,42.11,25,223.6,207,-16.6,0
e1-100,binary,100,bot_115,3169,w,27,36.4,25,168.17,145,-23.17,0
e1-100,binary,100,bot_115,3169,w,29,25,25,168.91,142,-26.91,0
e1-100,binary,100,bot_115,3169,w,31,19.13,25,196.01,167,-29.01,0
e1-100,binary,100,bot_115,3169,w,33,76.18,25,87.32,114,26.68,0
e1-100,binary,100,bot_115,3169,w,35,63.57,25,120.22,142,21.78,0
e1-100,binary,100,bot_115,3169,w,37,64.88,25,107.07,116,8.93,0
e1-100,binary,100,bot_115,3169,w,39,44.71,25,82.69,105,22.31,0
e1-100,binary,100,bot_115,3169,w,41,59.4,25,143.58,152,8.42,0
e1-100,binary,100,bot_115,3169,w,43,34.73,25,137.37,141,3.63,0
e1-100,binary,100,bot_115,3169,w,45,53.59,25,150.53,146,-4.53,0
e1-100,binary,100,bot_115,3169,w,47,29.78,25,102.54,85,-17.54,0
e1-100,binary,100,bot_115,3169,w,49,38.58,25,108.18,93,-15.18,0
e1-100,binary,100,bot_115,3169,w,51,24.38,25,121.87,103,-18.87,0
e1-100,binary,100,bot_115,3169,w,53,15.52,25,118.08,93,-25.08,0
e1-100,binary,100,bot_115,3169,w,55,82.48,25,135.85,107,-28.85,0
e1-100,binary,100,bot_115,3169,w,57,35.84,25,111.1,121,9.9,0
e1-100,binary,100,bot_115,3169,w,59,27.81,25,106.1,102,-4.1,0
e1-100,binary,100,bot_116,3169,b,2,84.3,25,90.35,172,81.65,0
e1-100,binary,100,bot_116,3169,b,4,78.08,25,94.17,146,51.83,0
e1-100,binary,100,bot_116,3169,b,6,65.56,25,121.32,189,67.68,0
e1-100,binary,100,bot_116,3169,b,8,84.68,25,109.42,153,43.58,0
e1-100,binary,100,bot_116,3169,b,10,82.95,25,125.04,196,70.96,0
e1-100,binary,100,bot_116,3169,b,12,78.75,25,125.5,172,46.5,0
e1-100,binary,100,bot_116,3169,b,14,71.36,25,167.94,217,49.06,0
e1-100,binary,100,bot_116,3169,b,16,60.73,25,149.36,189,39.64,0
e1-100,binary,100,bot_116,3169,b,18,51.36,25,157.17,185,27.83,0
e1-100,binary,100,bot_116,3169,b,20,46.68,25,196.23,216,19.77,0
e1-100,binary,100,bot_116,3169,b,22,39.63,25,194.36,206,11.64,0
e1-100,binary,100,bot_116,3169,b,24,32.74,25,241.06,266,24.94,0
e1-100,binary,100,bot_116,3169,b,26,25.62,25,201.02,219,17.98,0
e1-100,binary,100,bot_116,3169,b,28,20.37,25,182.14,190,7.86,0
e1-100,binary,100,bot_116,3169,b,30,19.75,25,193.65,190,-3.65,0
e1-100,binary,100,bot_116,3169,b,32,73.98,25,207.1,198,-9.1,0
e1-100,binary,100,bot_116,3169,b,34,69.98,25,100.98,149,48.02,0
e1-100,binary,100,bot_116,3169,b,36,56.84,25,107.58,142,34.42,0
e1-100,binary,100,bot_116,3169,b,38,68.85,25,105.64,141,35.36,0
e1-100,binary,100,bot_116,3169,b,40,55.05,25,110.15,126,15.85,0
e1-100,binary,100,bot_116,3169,b,42,50.13,25,93.51,123,29.49,0
e1-100,binary,100,bot_116,3169,b,44,42.99,25,121.77,127,5.23,0
e1-100,binary,100,bot_116,3169,b,46,29.8,25,134.4,159,24.6,0
e1-100,binary,100,bot_116,3169,b,48,30.39,25,116.07,117,0.93,0
e1-100,binary,100,bot_116,3169,b,50,27.43,25,122.8,132,9.2,0
e1-100,binary,100,bot_116,3169,b,52,22.91,25,142.83,140,-2.83,0
e1-100,binary,100,bot_116,3169,b,54,19.52,25,144.32,132,-12.32,0
e1-100,binary,100,bot_116,3169,b,56,46.79,25,116.43,170,53.57,0
e1-100,binary,100,bot_116,3169,b,58,32.99,25,96.31,110,13.69,0
e1-100,binary,100,bot_116,3169,b,60,28.37,25,133.08,138,4.92,0
e1-100,binary,100,bot_117,3170,w,1,89.14,25,86.11,161,74.89,0
e1-100,binary,100,bot_117,3170,w,3,80.87,25,90.75,125,34.25,0
e1-100,binary,100,bot_117,3170,w,5,70.2,25,116.67,172,55.33,0
e1-100,binary,100,bot_117,3170,w,7,90.98,25,103.39,133,29.61,0
e1-100,binary,100,bot_117,3170,w,9,86.35,25,121.97,178,56.03,0
e1-100,binary,100,bot_117,3170,w,11,84.08,25,119.75,154,34.25,0
e1-100,binary,100,bot_117,3170,w,13,76.7,25,162.06,199,36.94,0
e1-100,binary,100,bot_117,3170,w,15,64.44,25,145.61,171,25.39,0
e1-100,binary,100,bot_117,3170,w,17,53.51,25,153.85,169,15.15,0
e1-100,binary,100,bot_117,3170,w,19,53.5,25,189.61,197,7.39,0
e1-100,binary,100,bot_117,3170,w,21,43.49,25,189.74,189,-0.74,0
e1-100,binary,100,bot_117,3170,w,23,38.69,25,235.53,248,12.47,0
e1-100,binary,100,bot_117,3170,w,25,28.53,25,198.59,205,6.41,0
e1-100,binary,100,bot_117,3170,w,27,23.62,25,179.48,180,0.52,0
e1-100,binary,100,bot_117,3170,w,29,22.15,25,191.31,180,-11.31,0
e1-100,binary,100,bot_117,3170,w,31,10.52,25,205.83,188,-17.83,0
e1-100,binary,100,bot_117,3170,w,33,72.52,25,98.37,151,52.63,0
e1-100,binary,100,bot_117,3170,w,35,58.52,25,105.51,132,26.49,0
e1-100,binary,100,bot_117,3170,w,37,70.66,25,103.61,132,28.39,0
e1-100,binary,100,bot_117,3170,w,39,56.64,25,108.24,116,7.76,0
e1-100,binary,100,bot_117,3170,w,41,52.02,25,91.34,115,23.66,0
e1-100,binary,100,bot_117,3170,w,43,46.34,25,118.14,119,0.86,0
e1-100,binary,100,bot_117,3170,w,45,32.67,25,132.09,152,19.91,0
e1-100,binary,100,bot_117,3170,w,47,33.94,25,112.61,107,-5.61,0
e1-100,binary,100,bot_117,3170,w,49,32.25,25,118.28,124,5.72,0
e1-100,binary,100,bot_117,3170,w,51,28.21,25,137.88,125,-12.87,0
e1-100,binary,100,bot_117,3170,w,53,28.43,25,135,117,-18,0
e1-100,binary,100,bot_117,3170,w,55,53.42,25,109.24,157,47.76,0
e1-100,binary,100,bot_117,3170,w,57,37.48,25,91.84,107,15.16,0
e1-100,binary,100,bot_117,3170,w,59,33.89,25,127.53,130,2.47,0
e1-100,binary,100,bot_118,3170,b,2,83.69,25,67.64,121,53.36,0
e1-100,binary,100,bot_118,3170,b,4,96.87,25,110.57,161,50.43,0
e1-100,binary,100,bot_118,3170,b,6,70.48,25,85.63,124,38.37,0
e1-100,binary,100,bot_118,3170,b,8,96.58,25,84.13,143,58.87,0
e1-100,binary,100,bot_118,3170,b,10,74.87,25,130.35,185,54.65,0
e1-100,binary,100,bot_118,3170,b,12,78.01,25,123.84,177,53.16,0
e1-100,binary,100,bot_118,3170,b,14,66.49,25,151.99,196,44.01,0
e1-100,binary,100,bot_118,3170,b,16,56.41,25,173.5,207,33.5,0
e1-100,binary,100,bot_118,3170,b,18,47.85,25,175.44,197,21.56,0
e1-100,binary,100,bot_118,3170,b,20,39.83,25,161.04,184,22.96,0
e1-100,binary,100,bot_118,3170,b,22,53.74,25,165.88,179,13.12,0
e1-100,binary,100,bot_118,3170,b,24,48.46,25,217.01,224,6.99,0
e1-100,binary,100,bot_118,3170,b,26,40.66,25,163.66,160,-3.66,0
e1-100,binary,100,bot_118,3170,b,28,29.22,25,164.78,153,-11.78,0
e1-100,binary,100,bot_118,3170,b,30,23.14,25,192.02,180,-12.02,0
e1-100,binary,100,bot_118,3170,b,32,93.32,25,133.89,109,-24.89,0
e1-100,binary,100,bot_118,3170,b,34,67.11,25,117.48,155,37.52,0
e1-100,binary,100,bot_118,3170,b,36,69.07,25,103.24,127,23.76,0
e1-100,binary,100,bot_118,3170,b,38,48.25,25,79.32,116,36.68,0
e1-100,binary,100,bot_118,3170,b,40,64.96,25,138.16,161,22.84,0
e1-100,binary,100,bot_118,3170,b,42,41.43,25,130.8,149,18.2,0
e1-100,binary,100,bot_118,3170,b,44,61.16,25,142.81,154,11.19,0
e1-100,binary,100,bot_118,3170,b,46,35.01,25,97.25,95,-2.25,0
e1-100,binary,100,bot_118,3170,b,48,46.99,25,99.47,99,-0.47,0
e1-100,binary,100,bot_118,3170,b,50,26.44,25,119.6,117,-2.6,0
e1-100,binary,100,bot_118,3170,b,52,23.57,25,110,103,-7,0
e1-100,binary,100,bot_118,3170,b,54,87.81,25,130.48,124,-6.48,0
e1-100,binary,100,bot_118,3170,b,56,45.39,25,102.12,129,26.88,0
e1-100,binary,100,bot_118,3170,b,58,34.02,25,99.77,110,10.23,0
e1-100,binary,100,bot_118,3170,b,60,19.1,25,104.19,112,7.81,0
e1-100,binary,100,bot_119,3171,w,1,87.29,25,63.8,105,41.2,0
e1-100,binary,100,bot_119,3171,w,3,100.45,25,107.57,142,34.43,0
e1-100,binary,100,bot_119,3171,w,5,74.34,25,81.32,109,27.68,0
e1-100,binary,100,bot_119,3171,w,7,100.54,25,79.75,128,48.25,0
e1-100,binary,100,bot_119,3171,w,9,81.66,25,123.45,164,40.55,0
e1-100,binary,100,bot_119,3171,w,11,82.75,25,119.51,158,38.49,0
e1-100,binary,100,bot_119,3171,w,13,70.57,25,148.38,181,32.62,0
e1-100,binary,100,bot_119,3171,w,15,63.93,25,165.48,183,17.52,0
e1-100,binary,100,bot_119,3171,w,17,54.25,25,169.82,175,5.18,0
e1-100,binary,100,bot_119,3171,w,19,44.57,25,156.19,162,5.81,0
e1-100,binary,100,bot_119,3171,w,21,61.99,25,157.84,154,-3.84,0
e1-100,binary,100,bot_119,3171,w,23,58.37,25,206.55,201,-5.55,0
e1-100,binary,100,bot_119,3171,w,25,47.29,25,156.3,140,-16.3,0
e1-100,binary,100,bot_119,3171,w,27,32.91,25,160.19,138,-22.19,0
e1-100,binary,100,bot_119,3171,w,29,30.81,25,184.29,164,-20.29,0
e1-100,binary,100,bot_119,3171,w,31,18.04,25,128.71,94,-34.71,0
e1-100,binary,100,bot_119,3171,w,33,79.97,25,180.97,148,-32.97,0
e1-100,binary,100,bot_119,3171,w,35,72.95,25,99.7,114,14.3,0
e1-100,binary,100,bot_119,3171,w,37,49.97,25,78.15,104,25.85,0
e1-100,binary,100,bot_119,3171,w,39,67,25,136.56,147,10.44,0
e1-100,binary,100,bot_119,3171,w,41,45.22,25,127.5,135,7.5,0
e1-100,binary,100,bot_119,3171,w,43,66.41,25,137.53,143,5.47,0
e1-100,binary,100,bot_119,3171,w,45,40.15,25,92.16,80,-12.16,0
e1-100,binary,100,bot_119,3171,w,47,50.07,25,96.04,86,-10.04,0
e1-100,binary,100,bot_119,3171,w,49,28.68,25,116.72,104,-12.72,0
e1-100,binary,100,bot_119,3171,w,51,29.44,25,104.45,89,-15.45,0
e1-100,binary,100,bot_119,3171,w,53,91.84,25,126.39,111,-15.39,0
e1-100,binary,100,bot_119,3171,w,55,49.31,25,99.23,121,21.77,0
e1-100,binary,100,bot_119,3171,w,57,38.05,25,95.92,101,5.08,0
e1-100,binary,100,bot_119,3171,w,59,23.29,25,100.54,108,7.46,0
e1-100,binary,100,bot_120,3171,b,2,90.38,25,81.42,139,57.58,0
e1-100,binary,100,bot_120,3171,b,4,76.28,25,110.77,180,69.23,0
e1-100,binary,100,bot_120,3171,b,6,96.85,25,97.82,141,43.18,0
e1-100,binary,100,bot_120,3171,b,8,89.36,25,119.18,190,70.82,0
e1-100,binary,100,bot_120,3171,b,10,86.37,25,117.33,167,49.67,0
e1-100,binary,100,bot_120,3171,b,12,82.06,25,156.36,209,52.64,0
e1-100,binary,100,bot_120,3171,b,14,67.45,25,142.59,183,40.41,0
e1-100,binary,100,bot_120,3171,b,16,55.31,25,152.13,185,32.87,0
e1-100,binary,100,bot_120,3171,b,18,55.95,25,187.34,211,23.66,0
e1-100,binary,100,bot_120,3171,b,20,45.7,25,187.14,201,13.86,0
e1-100,binary,100,bot_120,3171,b,22,44.08,25,230.46,262,31.54,0
e1-100,binary,100,bot_120,3171,b,24,32.2,25,195.36,223,27.64,0
e1-100,binary,100,bot_120,3171,b,26,26.49,25,177.08,190,12.92,0
e1-100,binary,100,bot_120,3171,b,28,28.78,25,185.15,185,-0.15,0
e1-100,binary,100,bot_120,3171,b,30,13.88,25,202.91,201,-1.91,0
e1-100,binary,100,bot_120,3171,b,32,14.92,25,159.09,145,-14.09,0
e1-100,binary,100,bot_120,3171,b,34,62.13,25,102.81,150,47.19,0
e1-100,binary,100,bot_120,3171,b,36,73.34,25,100.67,139,38.33,0
e1-100,binary,100,bot_120,3171,b,38,59.52,25,105.06,122,16.94,0
e1-100,binary,100,bot_120,3171,b,40,54.9,25,88.13,122,33.88,0
e1-100,binary,100,bot_120,3171,b,42,52.23,25,111.92,123,11.08,0
e1-100,binary,100,bot_120,3171,b,44,36.18,25,128.79,160,31.21,0
e1-100,binary,100,bot_120,3171,b,46,37.89,25,108.77,115,6.23,0
e1-100,binary,100,bot_120,3171,b,48,35.69,25,115.08,132,16.92,0
e1-100,binary,100,bot_120,3171,b,50,31.94,25,134.39,130,-4.39,0
e1-100,binary,100,bot_120,3171,b,52,33.51,25,129.63,124,-5.63,0
e1-100,binary,100,bot_120,3171,b,54,58.4,25,103.94,162,58.06,0
e1-100,binary,100,bot_120,3171,b,56,41.35,25,88.01,112,23.99,0
e1-100,binary,100,bot_120,3171,b,58,42.6,25,118.43,129,10.57,0
e1-100,binary,100,bot_120,3171,b,60,18.13,25,98.25,96,-2.25,0
e1-100,binary,100,bot_121,3172,w,1,90.51,25,80.73,126,45.27,0
e1-100,binary,100,bot_121,3172,w,3,85.02,25,101.98,166,64.02,0
e1-100,binary,100,bot_121,3172,w,5,104.08,25,91.18,131,39.82,0
e1-100,binary,100,bot_121,3172,w,7,94.36,25,114.72,180,65.28,0
e1-100,binary,100,bot_121,3172,w,9,90.65,25,112.36,161,48.64,0
e1-100,binary,100,bot_121,3172,w,11,88.95,25,148.7,200,51.3,0
e1-100,binary,100,bot_121,3172,w,13,73.09,25,137.05,176,38.95,0
e1-100,binary,100,bot_121,3172,w,15,60.7,25,146.21,179,32.79,0
e1-100,binary,100,bot_121,3172,w,17,62.55,25,180.99,202,21.01,0
e1-100,binary,100,bot_121,3172,w,19,51.3,25,180.66,192,11.34,0
e1-100,binary,100,bot_121,3172,w,21,56.47,25,218.62,246,27.38,0
e1-100,binary,100,bot_121,3172,w,23,42.11,25,185.97,213,27.03,0
e1-100,binary,100,bot_121,3172,w,25,29.36,25,174.55,184,9.45,0
e1-100,binary,100,bot_121,3172,w,27,33.06,25,180.83,175,-5.83,0
e1-100,binary,100,bot_121,3172,w,29,15.94,25,201.11,193,-8.11,0
e1-100,binary,100,bot_121,3172,w,31,16.91,25,156.83,136,-20.83,0
e1-100,binary,100,bot_121,3172,w,33,75.95,25,160.03,129,-31.03,0
e1-100,binary,100,bot_121,3172,w,35,77.01,25,96.51,133,36.49,0
e1-100,binary,100,bot_121,3172,w,37,63.87,25,100.09,112,11.91,0
e1-100,binary,100,bot_121,3172,w,39,58.71,25,83.71,113,29.29,0
e1-100,binary,100,bot_121,3172,w,41,59.8,25,103.67,114,10.33,0
e1-100,binary,100,bot_121,3172,w,43,43.55,25,121.67,153,31.33,0
e1-100,binary,100,bot_121,3172,w,45,46.05,25,100.46,102,1.54,0
e1-100,binary,100,bot_121,3172,w,47,40.35,25,110.75,123,12.25,0
e1-100,binary,100,bot_121,3172,w,49,40.62,25,126.12,116,-10.12,0
e1-100,binary,100,bot_121,3172,w,51,42.15,25,120.14,115,-5.14,0
e1-100,binary,100,bot_121,3172,w,53,14.11,25,176.11,147,-29.11,0
e1-100,binary,100,bot_121,3172,w,55,47.34,25,81.67,121,39.33,0
e1-100,binary,100,bot_121,3172,w,57,49.51,25,110.82,123,12.18,0
e1-100,binary,100,bot_121,3172,w,59,23.25,25,93.11,92,-1.11,0
e1-100,binary,100,bot_122,3172,b,2,105.01,25,103.32,170,66.68,0
e1-100,binary,100,bot_122,3172,b,4,81.05,25,73.95,135,61.05,0
e1-100,binary,100,bot_122,3172,b,6,107.11,25,72.79,154,81.21,0
e1-100,binary,100,bot_122,3172,b,8,91.48,25,113.65,185,71.35,0
e1-100,binary,100,bot_122,3172,b,10,92.37,25,110.53,177,66.47,0
e1-100,binary,100,bot_122,3172,b,12,81.61,25,137.94,204,66.06,0
e1-100,binary,100,bot_122,3172,b,14,75.66,25,153.6,203,49.4,0
e1-100,binary,100,bot_122,3172,b,16,62.69,25,161.69,198,36.31,0
e1-100,binary,100,bot_122,3172,b,18,52.21,25,148.48,186,37.52,0
e1-100,binary,100,bot_122,3172,b,20,70.08,25,149.92,178,28.08,0
e1-100,binary,100,bot_122,3172,b,22,69.07,25,195.37,228,32.63,0
e1-100,binary,100,bot_122,3172,b,24,51.74,25,152.43,171,18.57,0
e1-100,binary,100,bot_122,3172,b,26,35.34,25,157.68,158,0.32,0
e1-100,binary,100,bot_122,3172,b,28,34.34,25,180.9,185,4.1,0
e1-100,binary,100,bot_122,3172,b,30,20.15,25,126.52,113,-13.52,0
e1-100,binary,100,bot_122,3172,b,32,10.62,25,178.93,166,-12.93,0
e1-100,binary,100,bot_122,3172,b,34,79.15,25,93.75,141,47.25,0
e1-100,binary,100,bot_122,3172,b,36,54.31,25,74.11,123,48.89,0
e1-100,binary,100,bot_122,3172,b,38,71.78,25,132.16,167,34.84,0
e1-100,binary,100,bot_122,3172,b,40,52.47,25,120.72,151,30.28,0
e1-100,binary,100,bot_122,3172,b,42,73.27,25,130.82,162,31.18,0
e1-100,binary,100,bot_122,3172,b,44,43.85,25,88.6,103,14.4,0
e1-100,binary,100,bot_122,3172,b,46,54.14,25,91.7,108,16.3,0
e1-100,binary,100,bot_122,3172,b,48,32.27,25,112.85,125,12.15,0
e1-100,binary,100,bot_122,3172,b,50,37.41,25,96.64,109,12.36,0
e1-100,binary,100,bot_122,3172,b,52,14.24,25,110.99,124,13.01,0
e1-100,binary,100,bot_122,3172,b,54,72.92,25,141.03,133,-8.03,0
e1-100,binary,100,bot_122,3172,b,56,45.91,25,88.18,114,25.82,0
e1-100,binary,100,bot_122,3172,b,58,32.31,25,92.07,119,26.93,0
e1-100,binary,100,bot_122,3172,b,60,22.51,25,87.52,88,0.48,0
e1-100,binary,100,bot_123,3173,w,1,108.05,25,101.16,165,63.84,0
e1-100,binary,100,bot_123,3173,w,3,83.14,25,72.18,125,52.82,0
e1-100,binary,100,bot_123,3173,w,5,109.05,25,71.08,142,70.92,0
e1-100,binary,100,bot_123,3173,w,7,94.28,25,111.14,171,59.86,0
e1-100,binary,100,bot_123,3173,w,9,96.91,25,106.3,162,55.7,0
e1-100,binary,100,bot_123,3173,w,11,86.56,25,133.45,191,57.55,0
e1-100,binary,100,bot_123,3173,w,13,82.69,25,146.72,184,37.28,0
e1-100,binary,100,bot_123,3173,w,15,65.9,25,158.96,184,25.04,0
e1-100,binary,100,bot_123,3173,w,17,57.06,25,144.2,170,25.8,0
e1-100,binary,100,bot_123,3173,w,19,74.3,25,145.98,162,16.02,0
e1-100,binary,100,bot_123,3173,w,21,72.34,25,191.68,217,25.32,0
e1-100,binary,100,bot_123,3173,w,23,55.04,25,148.42,158,9.58,0
e1-100,binary,100,bot_123,3173,w,25,37.02,25,155.78,146,-9.78,0
e1-100,binary,100,bot_123,3173,w,27,37.05,25,177.88,173,-4.87,0
e1-100,binary,100,bot_123,3173,w,29,21.95,25,124.51,103,-21.51,0
e1-100,binary,100,bot_123,3173,w,31,12.98,25,177.04,157,-20.04,0
e1-100,binary,100,bot_123,3173,w,33,91.66,25,144.62,119,-25.62,0
e1-100,binary,100,bot_123,3173,w,35,56.71,25,72.2,111,38.8,0
e1-100,binary,100,bot_123,3173,w,37,74.37,25,129.85,155,25.15,0
e1-100,binary,100,bot_123,3173,w,39,54.4,25,119.08,139,19.92,0
e1-100,binary,100,bot_123,3173,w,41,76.88,25,127.24,150,22.76,0
e1-100,binary,100,bot_123,3173,w,43,47.19,25,85.41,92,6.59,0
e1-100,binary,100,bot_123,3173,w,45,56.82,25,88.73,100,11.27,0
e1-100,binary,100,bot_123,3173,w,47,35.37,25,109.63,114,4.37,0
e1-100,binary,100,bot_123,3173,w,49,37.42,25,96.78,100,3.22,0
e1-100,binary,100,bot_123,3173,w,51,18.1,25,107.34,113,5.66,0
e1-100,binary,100,bot_123,3173,w,53,14.81,25,139.63,122,-17.63,0
e1-100,binary,100,bot_123,3173,w,55,46.02,25,88.36,112,23.64,0
e1-100,binary,100,bot_123,3173,w,57,33.26,25,91.6,114,22.4,0
e1-100,binary,100,bot_123,3173,w,59,23.21,25,86.86,83,-3.86,0
e1-100,binary,100,bot_124,3173,b,2,91.89,25,95.02,176,80.98,0
e1-100,binary,100,bot_124,3173,b,4,110.15,25,84.7,141,56.3,0
e1-100,binary,100,bot_124,3173,b,6,98.71,25,110.15,192,81.85,0
e1-100,binary,100,bot_124,3173,b,8,94.98,25,107.92,174,66.08,0
e1-100,binary,100,bot_124,3173,b,10,95.61,25,141.69,211,69.31,0
e1-100,binary,100,bot_124,3173,b,12,77.16,25,132.82,191,58.18,0
e1-100,binary,100,bot_124,3173,b,14,64.29,25,142.29,197,54.71,0
e1-100,binary,100,bot_124,3173,b,16,65.79,25,177.44,216,38.56,0
e1-100,binary,100,bot_124,3173,b,18,55.01,25,176.48,206,29.52,0
e1-100,binary,100,bot_124,3173,b,20,63.62,25,211.69,258,46.31,0
e1-100,binary,100,bot_124,3173,b,22,50.15,25,178.13,223,44.87,0
e1-100,binary,100,bot_124,3173,b,24,31.79,25,173.07,197,23.93,0
e1-100,binary,100,bot_124,3173,b,26,35.85,25,178.03,184,5.97,0
e1-100,binary,100,bot_124,3173,b,28,18.3,25,198.89,205,6.11,0
e1-100,binary,100,bot_124,3173,b,30,19.79,25,153.9,145,-8.9,0
e1-100,binary,100,bot_124,3173,b,32,13.73,25,158.34,140,-18.34,0
e1-100,binary,100,bot_124,3173,b,34,79.29,25,94.4,155,60.6,0
e1-100,binary,100,bot_124,3173,b,36,65.77,25,98.17,123,24.83,0
e1-100,binary,100,bot_124,3173,b,38,60.43,25,81.91,125,43.09,0
e1-100,binary,100,bot_124,3173,b,40,62.43,25,100.95,123,22.05,0
e1-100,binary,100,bot_124,3173,b,42,46.49,25,118.81,164,45.19,0
e1-100,binary,100,bot_124,3173,b,44,51.34,25,95.15,111,15.85,0
e1-100,binary,100,bot_124,3173,b,46,44.51,25,106.59,131,24.41,0
e1-100,binary,100,bot_124,3173,b,48,44.12,25,122.65,127,4.35,0
e1-100,binary,100,bot_124,3173,b,50,46.18,25,115.97,122,6.03,0
e1-100,binary,100,bot_124,3173,b,52,14.58,25,175.68,162,-13.68,0
e1-100,binary,100,bot_124,3173,b,54,56.25,25,132.41,123,-9.41,0
e1-100,binary,100,bot_124,3173,b,56,54.69,25,105.44,127,21.56,0
e1-100,binary,100,bot_124,3173,b,58,26.8,25,89.51,98,8.49,0
e1-100,binary,100,bot_124,3173,b,60,24.82,25,85.26,84,-1.26,0
e1-100,binary,100,bot_125,3174,w,1,92.9,25,94.1,197,102.9,0
e1-100,binary,100,bot_125,3174,w,3,110.96,25,83.72,155,71.28,0
e1-100,binary,100,bot_125,3174,w,5,99.78,25,109.05,205,95.95,0
e1-100,binary,100,bot_125,3174,w,7,95.37,25,107.44,188,80.56,0
e1-100,binary,100,bot_125,3174,w,9,98.31,25,138.91,223,84.09,0
e1-100,binary,100,bot_125,3174,w,11,79.31,25,130.58,206,75.42,0
e1-100,binary,100,bot_125,3174,w,13,67.37,25,138.77,209,70.23,0
e1-100,binary,100,bot_125,3174,w,15,68.45,25,174.34,229,54.66,0
e1-100,binary,100,bot_125,3174,w,17,58.61,25,172.27,217,44.73,0
e1-100,binary,100,bot_125,3174,w,19,69.67,25,205.71,268,62.29,0
e1-100,binary,100,bot_125,3174,w,21,55.99,25,172.32,230,57.68,0
e1-100,binary,100,bot_125,3174,w,23,35.57,25,169.14,205,35.86,0
e1-100,binary,100,bot_125,3174,w,25,40.19,25,173.5,191,17.5,0
e1-100,binary,100,bot_125,3174,w,27,20.65,25,197.03,216,18.97,0
e1-100,binary,100,bot_125,3174,w,29,22.64,25,150.79,154,3.21,0
e1-100,binary,100,bot_125,3174,w,31,16.16,25,155.86,150,-5.86,0
e1-100,binary,100,bot_125,3174,w,33,96.43,25,159.33,149,-10.33,0
e1-100,binary,100,bot_125,3174,w,35,71.79,25,91.69,130,38.31,0
e1-100,binary,100,bot_125,3174,w,37,65.42,25,76.55,134,57.45,0
e1-100,binary,100,bot_125,3174,w,39,66.15,25,96.83,136,39.17,0
e1-100,binary,100,bot_125,3174,w,41,51.4,25,114.1,175,60.9,0
e1-100,binary,100,bot_125,3174,w,43,57.35,25,89.13,118,28.88,0
e1-100,binary,100,bot_125,3174,w,45,47.54,25,103.8,143,39.2,0
e1-100,binary,100,bot_125,3174,w,47,45.56,25,121.54,143,21.46,0
e1-100,binary,100,bot_125,3174,w,49,52.23,25,109.26,131,21.74,0
e1-100,binary,100,bot_125,3174,w,51,21.83,25,168.02,171,2.98,0
e1-100,binary,100,bot_125,3174,w,53,10.61,25,128.52,131,2.48,0
e1-100,binary,100,bot_125,3174,w,55,68.25,25,139.62,131,-8.62,0
e1-100,binary,100,bot_125,3174,w,57,30.13,25,86.32,113,26.68,0
e1-100,binary,100,bot_125,3174,w,59,28.29,25,81.41,94,12.59,0
e1-100,binary,100,bot_126,3174,b,2,83.99,25,71.39,130,58.61,0
e1-100,binary,100,bot_126,3174,b,4,109.92,25,70.22,147,76.78,0
e1-100,binary,100,bot_126,3174,b,6,94.85,25,110.6,177,66.4,0
e1-100,binary,100,bot_126,3174,b,8,98.29,25,105.01,166,60.99,0
e1-100,binary,100,bot_126,3174,b,10,88.25,25,131.81,195,63.19,0
e1-100,binary,100,bot_126,3174,b,12,84.55,25,144.9,190,45.1,0
e1-100,binary,100,bot_126,3174,b,14,68.05,25,156.92,191,34.08,0
e1-100,binary,100,bot_126,3174,b,16,57.61,25,143.87,178,34.13,0
e1-100,binary,100,bot_126,3174,b,18,75.97,25,144.49,169,24.51,0
e1-100,binary,100,bot_126,3174,b,20,73.37,25,190.62,227,36.38,0
e1-100,binary,100,bot_126,3174,b,22,56.4,25,147.05,169,21.95,0
e1-100,binary,100,bot_126,3174,b,24,38.12,25,154.93,154,-0.93,0
e1-100,binary,100,bot_126,3174,b,26,39.96,25,174.98,179,4.02,0
e1-100,binary,100,bot_126,3174,b,28,23.38,25,123.01,107,-16.01,0
e1-100,binary,100,bot_126,3174,b,30,14.7,25,175.5,162,-13.5,0
e1-100,binary,100,bot_126,3174,b,32,10.38,25,143.31,123,-20.31,0
e1-100,binary,100,bot_126,3174,b,34,60.08,25,69.53,131,61.47,0
e1-100,binary,100,bot_126,3174,b,36,78.47,25,125.97,162,36.03,0
e1-100,binary,100,bot_126,3174,b,38,60.73,25,113.01,143,29.99,0
e1-100,binary,100,bot_126,3174,b,40,81.94,25,122.29,152,29.71,0
e1-100,binary,100,bot_126,3174,b,42,49.46,25,83.26,99,15.74,0
e1-100,binary,100,bot_126,3174,b,44,61.25,25,84.15,106,21.85,0
e1-100,binary,100,bot_126,3174,b,46,41.11,25,103.57,116,12.43,0
e1-100,binary,100,bot_126,3174,b,48,41.86,25,92.43,102,9.57,0
e1-100,binary,100,bot_126,3174,b,50,24.06,25,101.64,119,17.36,0
e1-100,binary,100,bot_126,3174,b,52,18.66,25,135.86,128,-7.86,0
e1-100,binary,100,bot_126,3174,b,54,8.47,25,127.35,109,-18.35,0
e1-100,binary,100,bot_126,3174,b,56,43.61,25,81.57,122,40.43,0
e1-100,binary,100,bot_126,3174,b,58,29.92,25,80.09,82,1.91,0
e1-100,binary,100,bot_126,3174,b,60,11.1,25,90.05,90,-0.05,0
e1-100,binary,100,bot_127,3175,w,1,52.35,25,112.5,118,5.5,0
e1-100,binary,100,bot_127,3175,w,3,65.25,25,147.51,139,-8.51,0
e1-100,binary,100,bot_127,3175,w,5,51.52,25,147.74,153,5.26,0
e1-100,binary,100,bot_127,3175,w,7,57.66,25,169.28,166,-3.28,0
e1-100,binary,100,bot_127,3175,w,9,46.79,25,167.17,161,-6.17,0
e1-100,binary,100,bot_127,3175,w,11,45.53,25,183.07,182,-1.07,0
e1-100,binary,100,bot_127,3175,w,13,49.8,25,187.95,181,-6.95,0
e1-100,binary,100,bot_127,3175,w,15,44.67,25,184.78,171,-13.78,0
e1-100,binary,100,bot_127,3175,w,17,42.32,25,214.43,187,-27.43,0
e1-100,binary,100,bot_127,3175,w,19,24.47,25,232.82,199,-33.82,0
e1-100,binary,100,bot_127,3175,w,21,28.35,25,197.46,165,-32.46,0
e1-100,binary,100,bot_127,3175,w,23,15,25,199.17,164,-35.17,0
e1-100,binary,100,bot_127,3175,w,25,100.81,25,218.66,182,-36.66,0
e1-100,binary,100,bot_127,3175,w,27,69.08,25,104.87,110,5.13,0
e1-100,binary,100,bot_127,3175,w,29,68.46,25,101.28,124,22.72,0
e1-100,binary,100,bot_127,3175,w,31,56.13,25,112.65,120,7.35,0
e1-100,binary,100,bot_127,3175,w,33,49.4,25,95.74,79,-16.74,0
e1-100,binary,100,bot_127,3175,w,35,32.81,25,130.77,129,-1.77,0
e1-100,binary,100,bot_127,3175,w,37,31.04,25,136.62,114,-22.62,0
e1-100,binary,100,bot_127,3175,w,39,31.78,25,160.08,142,-18.08,0
e1-100,binary,100,bot_127,3175,w,41,23.19,25,112.92,83,-29.92,0
e1-100,binary,100,bot_127,3175,w,43,23.39,25,139.02,107,-32.02,0
e1-100,binary,100,bot_127,3175,w,45,22.06,25,130.99,96,-34.99,0
e1-100,binary,100,bot_127,3175,w,47,9.33,25,124.84,82,-42.84,0
e1-100,binary,100,bot_127,3175,w,49,70.92,25,116.14,138,21.86,0
e1-100,binary,100,bot_127,3175,w,51,54.07,25,89.77,110,20.23,0
e1-100,binary,100,bot_127,3175,w,53,64.3,25,82.9,95,12.1,0
e1-100,binary,100,bot_127,3175,w,55,46.62,25,84.95,89,4.05,0
e1-100,binary,100,bot_127,3175,w,57,21.66,25,89.6,68,-21.6,0
e1-100,binary,100,bot_127,3175,w,59,16.82,25,103.29,73,-30.29,0
e1-100,binary,100,bot_128,3175,b,2,45.96,25,136.63,136,-0.63,0
e1-100,binary,100,bot_128,3175,b,4,59.94,25,144.34,157,12.66,0
e1-100,binary,100,bot_128,3175,b,6,52.7,25,151.45,150,-1.45,0
e1-100,binary,100,bot_128,3175,b,8,50.12,25,182.05,187,4.95,0
e1-100,binary,100,bot_128,3175,b,10,54.99,25,167.08,160,-7.08,0
e1-100,binary,100,bot_128,3175,b,12,48.7,25,174.35,166,-8.35,0
e1-100,binary,100,bot_128,3175,b,14,42.2,25,163.34,160,-3.34,0
e1-100,binary,100,bot_128,3175,b,16,26.94,25,180.05,172,-8.05,0
e1-100,binary,100,bot_128,3175,b,18,22.78,25,245.11,234,-11.11,0
e1-100,binary,100,bot_128,3175,b,20,23.86,25,184.1,156,-28.1,0
e1-100,binary,100,bot_128,3175,b,22,17.98,25,139.34,118,-21.34,0
e1-100,binary,100,bot_128,3175,b,24,16.75,25,203.14,168,-35.14,0
e1-100,binary,100,bot_128,3175,b,26,57.43,25,86.05,136,49.95,0
e1-100,binary,100,bot_128,3175,b,28,76.42,25,117.11,136,18.89,0
e1-100,binary,100,bot_128,3175,b,30,59.9,25,95.87,113,17.13,0
e1-100,binary,100,bot_128,3175,b,32,36.7,25,118.03,124,5.97,0
e1-100,binary,100,bot_128,3175,b,34,50.92,25,136.23,135,-1.23,0
e1-100,binary,100,bot_128,3175,b,36,31.2,25,134.06,115,-19.06,0
e1-100,binary,100,bot_128,3175,b,38,35.7,25,139.11,119,-20.11,0
e1-100,binary,100,bot_128,3175,b,40,21.54,25,126.58,108,-18.58,0
e1-100,binary,100,bot_128,3175,b,42,21.64,25,121.71,94,-27.71,0
e1-100,binary,100,bot_128,3175,b,44,18.11,25,120.66,94,-26.66,0
e1-100,binary,100,bot_128,3175,b,46,8.78,25,144.58,115,-29.58,0
e1-100,binary,100,bot_128,3175,b,48,75.06,25,147.26,106,-41.26,0
e1-100,binary,100,bot_128,3175,b,50,61.48,25,92.77,124,31.23,0
e1-100,binary,100,bot_128,3175,b,52,55.25,25,80.66,96,15.34,0
e1-100,binary,100,bot_128,3175,b,54,44.13,25,91.56,116,24.44,0
e1-100,binary,100,bot_128,3175,b,56,19.63,25,73.02,79,5.98,0
e1-100,binary,100,bot_128,3175,b,58,10.93,25,94.41,76,-18.41,0
e1-100,binary,100,bot_128,3175,b,60,7.92,25,112.24,89,-23.24,0
e1-100,binary,100,bot_129,3176,w,1,46.25,25,136.36,177,40.64,0
e1-100,binary,100,bot_129,3176,w,3,63.67,25,140.57,179,38.43,0
e1-100,binary,100,bot_129,3176,w,5,54.96,25,149.19,176,26.81,0
e1-100,binary,100,bot_129,3176,w,7,54.79,25,177.56,210,32.44,0
e1-100,binary,100,bot_129,3176,w,9,58.34,25,163.34,188,24.66,0
e1-100,binary,100,bot_129,3176,w,11,52.93,25,170.45,190,19.55,0
e1-100,binary,100,bot_129,3176,w,13,42.69,25,163.26,190,26.74,0
e1-100,binary,100,bot_129,3176,w,15,30.53,25,176.94,198,21.06,0
e1-100,binary,100,bot_129,3176,w,17,25.35,25,243.66,262,18.34,0
e1-100,binary,100,bot_129,3176,w,19,26.1,25,182.03,180,-2.03,0
e1-100,binary,100,bot_129,3176,w,21,15.99,25,141.18,139,-2.18,0
e1-100,binary,100,bot_129,3176,w,23,111.38,25,205.11,183,-22.11,0
e1-100,binary,100,bot_129,3176,w,25,56.5,25,86.73,139,52.27,0
e1-100,binary,100,bot_129,3176,w,27,73.58,25,119.72,152,32.28,0
e1-100,binary,100,bot_129,3176,w,29,57.84,25,97.78,130,32.22,0
e1-100,binary,100,bot_129,3176,w,31,34.6,25,119.98,140,20.02,0
e1-100,binary,100,bot_129,3176,w,33,48.7,25,138.42,150,11.58,0
e1-100,binary,100,bot_129,3176,w,35,29.22,25,135.97,131,-4.97,0
e1-100,binary,100,bot_129,3176,w,37,33.27,25,141.57,136,-5.57,0
e1-100,binary,100,bot_129,3176,w,39,20.23,25,127.75,123,-4.75,0
e1-100,binary,100,bot_129,3176,w,41,20.39,25,122.95,108,-14.95,0
e1-100,binary,100,bot_129,3176,w,43,15.94,25,122.76,107,-15.76,0
e1-100,binary,100,bot_129,3176,w,45,7.37,25,145.79,127,-18.79,0
e1-100,binary,100,bot_129,3176,w,47,65.44,25,62.43,128,65.57,0
e1-100,binary,100,bot_129,3176,w,49,58.83,25,95.39,136,40.61,0
e1-100,binary,100,bot_129,3176,w,51,52.28,25,83.58,105,21.42,0
e1-100,binary,100,bot_129,3176,w,53,42.67,25,92.96,124,31.04,0
e1-100,binary,100,bot_129,3176,w,55,17.55,25,75.03,88,12.97,0
e1-100,binary,100,bot_129,3176,w,57,9.41,25,95.88,84,-11.88,0
e1-100,binary,100,bot_129,3176,w,59,5.86,25,114.2,100,-14.2,0
e1-100,binary,100,bot_130,3176,b,2,69.17,25,143.5,144,0.5,0
e1-100,binary,100,bot_130,3176,b,4,56.72,25,142.77,160,17.23,0
e1-100,binary,100,bot_130,3176,b,6,63.05,25,163.45,171,7.55,0
e1-100,binary,100,bot_130,3176,b,8,53.68,25,160.6,168,7.4,0
e1-100,binary,100,bot_130,3176,b,10,49.99,25,178.69,191,12.31,0
e1-100,binary,100,bot_130,3176,b,12,56.16,25,181.01,186,4.99,0
e1-100,binary,100,bot_130,3176,b,14,51.77,25,177.54,174,-3.54,0
e1-100,binary,100,bot_130,3176,b,16,48.62,25,207.68,191,-16.68,0
e1-100,binary,100,bot_130,3176,b,18,28.25,25,229.11,208,-21.11,0
e1-100,binary,100,bot_130,3176,b,20,33.35,25,193.72,174,-19.72,0
e1-100,binary,100,bot_130,3176,b,22,12.44,25,201.6,172,-29.6,0
e1-100,binary,100,bot_130,3176,b,24,86.23,25,136.74,201,64.26,0
e1-100,binary,100,bot_130,3176,b,26,66.42,25,107.86,118,10.14,0
e1-100,binary,100,bot_130,3176,b,28,65.93,25,104.22,132,27.78,0
e1-100,binary,100,bot_130,3176,b,30,53.44,25,115.65,128,12.35,0
e1-100,binary,100,bot_130,3176,b,32,46.39,25,98.86,87,-11.86,0
e1-100,binary,100,bot_130,3176,b,34,29.09,25,134.64,137,2.36,0
e1-100,binary,100,bot_130,3176,b,36,27.84,25,139.91,124,-15.91,0
e1-100,binary,100,bot_130,3176,b,38,29.28,25,162.66,150,-12.66,0
e1-100,binary,100,bot_130,3176,b,40,19.74,25,116.5,92,-24.5,0
e1-100,binary,100,bot_130,3176,b,42,19.06,25,143.28,118,-25.28,0
e1-100,binary,100,bot_130,3176,b,44,15.93,25,137.64,107,-30.64,0
e1-100,binary,100,bot_130,3176,b,46,100.58,25,128.48,90,-38.48,0
e1-100,binary,100,bot_130,3176,b,48,67.68,25,119.56,139,19.44,0
e1-100,binary,100,bot_130,3176,b,50,47.66,25,95.77,120,24.23,0
e1-100,binary,100,bot_130,3176,b,52,58.99,25,88.48,104,15.52,0
e1-100,binary,100,bot_130,3176,b,54,39.93,25,91.54,99,7.46,0
e1-100,binary,100,bot_130,3176,b,56,15.13,25,96.23,78,-18.23,0
e1-100,binary,100,bot_130,3176,b,58,13.55,25,106.87,81,-25.87,0
e1-100,binary,100,bot_130,3176,b,60,60.92,25,109.63,80,-29.62,0
e1-100,binary,100,bot_131,3177,w,1,69.83,25,142.7,166,23.3,0
e1-100,binary,100,bot_131,3177,w,3,61.41,25,138.52,171,32.48,0
e1-100,binary,100,bot_131,3177,w,5,67.51,25,158.43,181,22.57,0
e1-100,binary,100,bot_131,3177,w,7,57.22,25,157.54,181,23.46,0
e1-100,binary,100,bot_131,3177,w,9,52.75,25,176.51,204,27.49,0
e1-100,binary,100,bot_131,3177,w,11,61.77,25,174.9,200,25.1,0
e1-100,binary,100,bot_131,3177,w,13,57.9,25,171.34,183,11.66,0
e1-100,binary,100,bot_131,3177,w,15,55.05,25,199.94,200,0.06,0
e1-100,binary,100,bot_131,3177,w,17,33.28,25,224.42,218,-6.42,0
e1-100,binary,100,bot_131,3177,w,19,42.21,25,185.67,180,-5.67,0
e1-100,binary,100,bot_131,3177,w,21,112.93,25,203.97,183,-20.97,0
e1-100,binary,100,bot_131,3177,w,23,84.17,25,138.8,196,57.2,0
e1-100,binary,100,bot_131,3177,w,25,63.93,25,110.4,129,18.6,0
e1-100,binary,100,bot_131,3177,w,27,63.88,25,106.29,141,34.71,0
e1-100,binary,100,bot_131,3177,w,29,51.63,25,117.49,135,17.51,0
e1-100,binary,100,bot_131,3177,w,31,43.97,25,101.3,96,-5.3,0
e1-100,binary,100,bot_131,3177,w,33,26.54,25,137.22,146,8.78,0
e1-100,binary,100,bot_131,3177,w,35,25.37,25,142.44,133,-9.44,0
e1-100,binary,100,bot_131,3177,w,37,25.26,25,166.7,160,-6.7,0
e1-100,binary,100,bot_131,3177,w,39,16.25,25,120,100,-20,0
e1-100,binary,100,bot_131,3177,w,41,14.92,25,147.36,130,-17.36,0
e1-100,binary,100,bot_131,3177,w,43,11.92,25,141.74,119,-22.74,0
e1-100,binary,100,bot_131,3177,w,45,92.84,25,66.71,106,39.29,0
e1-100,binary,100,bot_131,3177,w,47,63.58,25,123.65,148,24.35,0
e1-100,binary,100,bot_131,3177,w,49,42.37,25,100.32,130,29.68,0
e1-100,binary,100,bot_131,3177,w,51,54.13,25,93.4,115,21.6,0
e1-100,binary,100,bot_131,3177,w,53,39.06,25,92.24,103,10.76,0
e1-100,binary,100,bot_131,3177,w,55,10.02,25,101.4,88,-13.4,0
e1-100,binary,100,bot_131,3177,w,57,9.15,25,111.41,90,-21.41,0
e1-100,binary,100,bot_131,3177,w,59,53.05,25,60.32,93,32.68,0
e1-100,binary,100,bot_132,3177,b,2,67.91,25,136.28,144,7.72,0
e1-100,binary,100,bot_132,3177,b,4,57.04,25,147.1,146,-1.1,0
e1-100,binary,100,bot_132,3177,b,6,59.42,25,172.95,177,4.05,0
e1-100,binary,100,bot_132,3177,b,8,62.68,25,158.21,153,-5.21,0
e1-100,binary,100,bot_132,3177,b,10,58.81,25,164.74,155,-9.74,0
e1-100,binary,100,bot_132,3177,b,12,45.78,25,160.21,159,-1.21,0
e1-100,binary,100,bot_132,3177,b,14,35.54,25,172.28,167,-5.28,0
e1-100,binary,100,bot_132,3177,b,16,29.1,25,239.92,232,-7.92,0
e1-100,binary,100,bot_132,3177,b,18,29.11,25,179.11,150,-29.11,0
e1-100,binary,100,bot_132,3177,b,20,15.3,25,141.41,125,-16.41,0
e1-100,binary,100,bot_132,3177,b,22,94.75,25,119.39,174,54.61,0
e1-100,binary,100,bot_132,3177,b,24,55.74,25,87.26,114,26.74,0
e1-100,binary,100,bot_132,3177,b,26,72.43,25,120.59,127,6.41,0
e1-100,binary,100,bot_132,3177,b,28,56.29,25,99.23,104,4.77,0
e1-100,binary,100,bot_132,3177,b,30,32.52,25,121.71,116,-5.71,0
e1-100,binary,100,bot_132,3177,b,32,45.89,25,141.3,128,-13.3,0
e1-100,binary,100,bot_132,3177,b,34,27.77,25,137.23,106,-31.23,0
e1-100,binary,100,bot_132,3177,b,36,30.64,25,144.29,112,-32.29,0
e1-100,binary,100,bot_132,3177,b,38,17.41,25,130.21,97,-33.21,0
e1-100,binary,100,bot_132,3177,b,40,18.98,25,124.48,83,-41.48,0
e1-100,binary,100,bot_132,3177,b,42,14.13,25,124.47,82,-42.47,0
e1-100,binary,100,bot_132,3177,b,44,75.16,25,147.42,102,-45.42,0
e1-100,binary,100,bot_132,3177,b,46,61.95,25,65.79,100,34.21,0
e1-100,binary,100,bot_132,3177,b,48,58.89,25,96.46,115,18.54,0
e1-100,binary,100,bot_132,3177,b,50,50.89,25,84.88,82,-2.88,0
e1-100,binary,100,bot_132,3177,b,52,41.5,25,94.48,103,8.52,0
e1-100,binary,100,bot_132,3177,b,54,16.71,25,75.72,70,-5.72,0
e1-100,binary,100,bot_132,3177,b,56,8.19,25,96.93,62,-34.93,0
e1-100,binary,100,bot_132,3177,b,58,62.16,25,115.1,79,-36.1,0
e1-100,binary,100,bot_132,3177,b,60,61.36,25,82.02,91,8.98,0
e1-100,binary,100,bot_133,3178,w,1,69.37,25,135.22,197,61.78,0
e1-100,binary,100,bot_133,3178,w,3,57.71,25,146.44,180,33.56,0
e1-100,binary,100,bot_133,3178,w,5,60.6,25,171.81,211,39.19,0
e1-100,binary,100,bot_133,3178,w,7,63.08,25,157.29,187,29.71,0
e1-100,binary,100,bot_133,3178,w,9,60.88,25,162.92,189,26.08,0
e1-100,binary,100,bot_133,3178,w,11,46.57,25,159.39,194,34.61,0
e1-100,binary,100,bot_133,3178,w,13,37.54,25,170.53,201,30.47,0
e1-100,binary,100,bot_133,3178,w,15,29.56,25,239.41,268,28.59,0
e1-100,binary,100,bot_133,3178,w,17,29.69,25,178.6,185,6.4,0
e1-100,binary,100,bot_133,3178,w,19,115.71,25,143.58,155,11.42,0
e1-100,binary,100,bot_133,3178,w,21,90.9,25,122.83,190,67.17,0
e1-100,binary,100,bot_133,3178,w,23,53.31,25,89.97,138,48.03,0
e1-100,binary,100,bot_133,3178,w,25,68.24,25,124.79,155,30.21,0
e1-100,binary,100,bot_133,3178,w,27,52.24,25,103.22,130,26.78,0
e1-100,binary,100,bot_133,3178,w,29,29.16,25,125.02,143,17.98,0
e1-100,binary,100,bot_133,3178,w,31,41.53,25,145.8,155,9.2,0
e1-100,binary,100,bot_133,3178,w,33,24.96,25,140.06,130,-10.06,0
e1-100,binary,100,bot_133,3178,w,35,26.37,25,148.64,138,-10.64,0
e1-100,binary,100,bot_133,3178,w,37,14.05,25,133.49,123,-10.49,0
e1-100,binary,100,bot_133,3178,w,39,16.59,25,126.96,107,-19.96,0
e1-100,binary,100,bot_133,3178,w,41,8.18,25,130.46,111,-19.46,0
e1-100,binary,100,bot_133,3178,w,43,66.71,25,69,130,61,0
e1-100,binary,100,bot_133,3178,w,45,56.75,25,71.06,128,56.94,0
e1-100,binary,100,bot_133,3178,w,47,55.61,25,100.07,133,32.93,0
e1-100,binary,100,bot_133,3178,w,49,47.01,25,88.77,105,16.23,0
e1-100,binary,100,bot_133,3178,w,51,38.6,25,97.48,120,22.52,0
e1-100,binary,100,bot_133,3178,w,53,14.87,25,77.51,85,7.49,0
e1-100,binary,100,bot_133,3178,w,55,5.99,25,99.12,82,-17.12,0
e1-100,binary,100,bot_133,3178,w,57,55.4,25,83.38,104,20.62,0
e1-100,binary,100,bot_133,3178,w,59,58.43,25,84.86,112,27.14,0
e1-100,binary,100,bot_134,3178,b,2,62.62,25,137.36,145,7.64,0
e1-100,binary,100,bot_134,3178,b,4,68.91,25,156.93,153,-3.93,0
e1-100,binary,100,bot_134,3178,b,6,58.83,25,156,155,-1,0
e1-100,binary,100,bot_134,3178,b,8,54.74,25,174.51,175,0.49,0
e1-100,binary,100,bot_134,3178,b,10,63.71,25,172.89,172,-0.89,0
e1-100,binary,100,bot_134,3178,b,12,59.62,25,169.6,155,-14.6,0
e1-100,binary,100,bot_134,3178,b,14,57.87,25,197.04,173,-24.04,0
e1-100,binary,100,bot_134,3178,b,16,35.22,25,222.57,190,-32.57,0
e1-100,binary,100,bot_134,3178,b,18,45.18,25,183.67,152,-31.67,0
e1-100,binary,100,bot_134,3178,b,20,100.73,25,114.04,173,58.96,0
e1-100,binary,100,bot_134,3178,b,22,81.2,25,141.54,176,34.46,0
e1-100,binary,100,bot_134,3178,b,24,62.47,25,111.72,108,-3.72,0
e1-100,binary,100,bot_134,3178,b,26,60.77,25,109.35,121,11.65,0
e1-100,binary,100,bot_134,3178,b,28,50.07,25,119.12,115,-4.12,0
e1-100,binary,100,bot_134,3178,b,30,41.61,25,103.64,75,-28.64,0
e1-100,binary,100,bot_134,3178,b,32,23.65,25,139.83,126,-13.83,0
e1-100,binary,100,bot_134,3178,b,34,22.88,25,144.98,113,-31.98,0
e1-100,binary,100,bot_134,3178,b,36,23.21,25,168.73,138,-30.73,0
e1-100,binary,100,bot_134,3178,b,38,13.85,25,122.4,80,-42.4,0
e1-100,binary,100,bot_134,3178,b,40,12.63,25,149.37,109,-40.37,0
e1-100,binary,100,bot_134,3178,b,42,95.44,25,145.47,96,-49.47,0
e1-100,binary,100,bot_134,3178,b,44,90.71,25,68.62,79,10.38,0
e1-100,binary,100,bot_134,3178,b,46,58.95,25,128.29,128,-0.29,0
e1-100,binary,100,bot_134,3178,b,48,42.15,25,99.3,111,11.7,0
e1-100,binary,100,bot_134,3178,b,50,48.58,25,99.09,100,0.91,0
e1-100,binary,100,bot_134,3178,b,52,34.04,25,96.8,91,-5.8,0
e1-100,binary,100,bot_134,3178,b,54,8.21,25,103.24,73,-30.24,0
e1-100,binary,100,bot_134,3178,b,56,46.08,25,113.36,75,-38.36,0
e1-100,binary,100,bot_134,3178,b,58,51.76,25,61.95,71,9.05,0
e1-100,binary,100,bot_134,3178,b,60,59.56,25,74.37,88,13.63,0
e1-100,binary,100,bot_135,3179,w,1,65.11,25,134.79,173,38.21,0
e1-100,binary,100,bot_135,3179,w,3,75.05,25,149.98,165,15.02,0
e1-100,binary,100,bot_135,3179,w,5,62.42,25,152.67,171,18.33,0
e1-100,binary,100,bot_135,3179,w,7,59.08,25,170.18,189,18.82,0
e1-100,binary,100,bot_135,3179,w,9,69.15,25,166.88,186,19.12,0
e1-100,binary,100,bot_135,3179,w,11,62.96,25,165.99,169,3.01,0
e1-100,binary,100,bot_135,3179,w,13,64.07,25,190.24,187,-3.24,0
e1-100,binary,100,bot_135,3179,w,15,39.08,25,219.67,206,-13.67,0
e1-100,binary,100,bot_135,3179,w,17,49.73,25,180.16,167,-13.16,0
e1-100,binary,100,bot_135,3179,w,19,96.57,25,117.92,172,54.08,0
e1-100,binary,100,bot_135,3179,w,21,76.12,25,146.58,189,42.42,0
e1-100,binary,100,bot_135,3179,w,23,60.23,25,114.09,122,7.91,0
e1-100,binary,100,bot_135,3179,w,25,56.91,25,113.36,134,20.64,0
e1-100,binary,100,bot_135,3179,w,27,46.76,25,122.54,128,5.46,0
e1-100,binary,100,bot_135,3179,w,29,38.16,25,107.1,90,-17.1,0
e1-100,binary,100,bot_135,3179,w,31,23.36,25,139.97,134,-5.97,0
e1-100,binary,100,bot_135,3179,w,33,20.16,25,147.68,126,-21.68,0
e1-100,binary,100,bot_135,3179,w,35,20.1,25,171.94,152,-19.94,0
e1-100,binary,100,bot_135,3179,w,37,10.79,25,125.5,94,-31.5,0
e1-100,binary,100,bot_135,3179,w,39,8.26,25,153.71,124,-29.71,0
e1-100,binary,100,bot_135,3179,w,41,84.06,25,84.49,118,33.51,0
e1-100,binary,100,bot_135,3179,w,43,88.09,25,71.35,93,21.65,0
e1-100,binary,100,bot_135,3179,w,45,54.18,25,133.19,144,10.81,0
e1-100,binary,100,bot_135,3179,w,47,37.74,25,103.67,124,20.33,0
e1-100,binary,100,bot_135,3179,w,49,44.25,25,103.45,110,6.55,0
e1-100,binary,100,bot_135,3179,w,51,30.17,25,100.52,101,0.48,0
e1-100,binary,100,bot_135,3179,w,53,5.9,25,105.56,83,-22.56,0
e1-100,binary,100,bot_135,3179,w,55,36.44,25,76.92,92,15.08,0
e1-100,binary,100,bot_135,3179,w,57,51.97,25,61.75,77,15.25,0
e1-100,binary,100,bot_135,3179,w,59,53.13,25,80.28,102,21.72,0
e1-100,binary,100,bot_136,3179,b,2,59.37,25,144.94,152,7.06,0
e1-100,binary,100,bot_136,3179,b,4,63.75,25,168.95,184,15.05,0
e1-100,binary,100,bot_136,3179,b,6,65.64,25,154.63,157,2.37,0
e1-100,binary,100,bot_136,3179,b,8,64.4,25,159.74,159,-0.74,0
e1-100,binary,100,bot_136,3179,b,10,48.66,25,157.46,167,9.54,0
e1-100,binary,100,bot_136,3179,b,12,41.92,25,166.47,170,3.53,0
e1-100,binary,100,bot_136,3179,b,14,31.87,25,236.42,241,4.58,0
e1-100,binary,100,bot_136,3179,b,16,32.31,25,175.88,155,-20.88,0
e1-100,binary,100,bot_136,3179,b,18,100.19,25,91.66,144,52.34,0
e1-100,binary,100,bot_136,3179,b,20,88.3,25,125.29,157,31.71,0
e1-100,binary,100,bot_136,3179,b,22,52.04,25,91.52,102,10.48,0
e1-100,binary,100,bot_136,3179,b,24,66.14,25,126.45,122,-4.45,0
e1-100,binary,100,bot_136,3179,b,26,50.9,25,104.22,97,-7.22,0
e1-100,binary,100,bot_136,3179,b,28,28.22,25,125.49,108,-17.49,0
e1-100,binary,100,bot_136,3179,b,30,39.49,25,148.25,121,-27.25,0
e1-100,binary,100,bot_136,3179,b,32,23.88,25,141.41,100,-41.41,0
e1-100,binary,100,bot_136,3179,b,34,25.23,25,149.84,105,-44.84,0
e1-100,binary,100,bot_136,3179,b,36,13.2,25,133.93,89,-44.93,0
e1-100,binary,100,bot_136,3179,b,38,15.34,25,128.37,74,-54.37,0
e1-100,binary,100,bot_136,3179,b,40,78.6,25,132.67,76,-56.67,0
e1-100,binary,100,bot_136,3179,b,42,66.9,25,68.6,87,18.4,0
e1-100,binary,100,bot_136,3179,b,44,55.84,25,71.74,95,23.26,0
e1-100,binary,100,bot_136,3179,b,46,55.15,25,100.69,104,3.31,0
e1-100,binary,100,bot_136,3179,b,48,43.72,25,92.01,80,-12.01,0
e1-100,binary,100,bot_136,3179,b,50,36.38,25,100.1,95,-5.1,0
e1-100,binary,100,bot_136,3179,b,52,13.41,25,78.89,59,-19.89,0
e1-100,binary,100,bot_136,3179,b,54,50.97,25,99.92,56,-43.92,0
e1-100,binary,100,bot_136,3179,b,56,52.67,25,86.48,74,-12.48,0
e1-100,binary,100,bot_136,3179,b,58,57.63,25,85.53,89,3.47,0
e1-100,binary,100,bot_136,3179,b,60,39.91,25,59.54,63,3.46,0
e1-100,binary,100,bot_137,3180,w,1,62.39,25,142.49,179,36.51,0
e1-100,binary,100,bot_137,3180,w,3,71.28,25,161.74,204,42.26,0
e1-100,binary,100,bot_137,3180,w,5,73.05,25,146.9,172,25.1,0
e1-100,binary,100,bot_137,3180,w,7,72.1,25,152.74,179,26.26,0
e1-100,binary,100,bot_137,3180,w,9,54.04,25,152.34,190,37.66,0
e1-100,binary,100,bot_137,3180,w,11,47.47,25,161.93,191,29.07,0
e1-100,binary,100,bot_137,3180,w,13,41.84,25,227.17,263,35.83,0
e1-100,binary,100,bot_137,3180,w,15,39.4,25,168.72,179,10.28,0
e1-100,binary,100,bot_137,3180,w,17,95.89,25,95.93,177,81.07,0
e1-100,binary,100,bot_137,3180,w,19,83.95,25,129.72,170,40.28,0
e1-100,binary,100,bot_137,3180,w,21,50.22,25,93.45,114,20.55,0
e1-100,binary,100,bot_137,3180,w,23,62.96,25,129.56,137,7.44,0
e1-100,binary,100,bot_137,3180,w,25,48.8,25,106.35,108,1.65,0
e1-100,binary,100,bot_137,3180,w,27,25.77,25,127.65,122,-5.65,0
e1-100,binary,100,bot_137,3180,w,29,36.96,25,150.97,132,-18.97,0
e1-100,binary,100,bot_137,3180,w,31,21.69,25,143.64,113,-30.64,0
e1-100,binary,100,bot_137,3180,w,33,21.44,25,153.72,119,-34.72,0
e1-100,binary,100,bot_137,3180,w,35,10.56,25,136.49,103,-33.49,0
e1-100,binary,100,bot_137,3180,w,37,11.64,25,132.19,88,-44.19,0
e1-100,binary,100,bot_137,3180,w,39,70.43,25,73.22,96,22.78,0
e1-100,binary,100,bot_137,3180,w,41,64.37,25,70.67,99,28.33,0
e1-100,binary,100,bot_137,3180,w,43,53.62,25,73.95,108,34.05,0
e1-100,binary,100,bot_137,3180,w,45,53.4,25,102.5,112,9.5,0
e1-100,binary,100,bot_137,3180,w,47,39.36,25,96.36,91,-5.36,0
e1-100,binary,100,bot_137,3180,w,49,36.16,25,100.34,101,0.66,0
e1-100,binary,100,bot_137,3180,w,51,10.94,25,81.35,69,-12.35,0
e1-100,binary,100,bot_137,3180,w,53,44.86,25,56.26,71,14.74,0
e1-100,binary,100,bot_137,3180,w,55,49.12,25,89.98,82,-7.98,0
e1-100,binary,100,bot_137,3180,w,57,54.69,25,88.32,98,9.68,0
e1-100,binary,100,bot_137,3180,w,59,39.36,25,60.03,68,7.97,0
e1-100,binary,100,bot_138,3180,b,2,83.99,25,140.41,143,2.59,0
e1-100,binary,100,bot_138,3180,b,4,68.09,25,147.44,160,12.56,0
e1-100,binary,100,bot_138,3180,b,6,69.17,25,159.71,174,14.29,0
e1-100,binary,100,bot_138,3180,b,8,80.23,25,155.06,167,11.94,0
e1-100,binary,100,bot_138,3180,b,10,71.05,25,157.62,152,-5.62,0
e1-100,binary,100,bot_138,3180,b,12,77.64,25,176.13,164,-12.13,0
e1-100,binary,100,bot_138,3180,b,14,54.06,25,204.6,186,-18.6,0
e1-100,binary,100,bot_138,3180,b,16,132.82,25,166.14,145,-21.14,0
e1-100,binary,100,bot_138,3180,b,18,92.6,25,121.91,153,31.09,0
e1-100,binary,100,bot_138,3180,b,20,73.48,25,148.85,168,19.15,0
e1-100,binary,100,bot_138,3180,b,22,58.94,25,115.92,101,-14.92,0
e1-100,binary,100,bot_138,3180,b,24,54.22,25,116.41,115,-1.41,0
e1-100,binary,100,bot_138,3180,b,26,45.54,25,124.37,108,-16.37,0
e1-100,binary,100,bot_138,3180,b,28,33.93,25,111.36,71,-40.36,0
e1-100,binary,100,bot_138,3180,b,30,21.48,25,141.3,114,-27.3,0
e1-100,binary,100,bot_138,3180,b,32,17.49,25,150.25,107,-43.25,0
e1-100,binary,100,bot_138,3180,b,34,18.46,25,173.63,130,-43.63,0
e1-100,binary,100,bot_138,3180,b,36,8.84,25,127.5,73,-54.5,0
e1-100,binary,100,bot_138,3180,b,38,73.87,25,155.63,103,-52.63,0
e1-100,binary,100,bot_138,3180,b,40,81.01,25,88.04,93,4.96,0
e1-100,binary,100,bot_138,3180,b,42,86.13,25,73.45,74,0.55,0
e1-100,binary,100,bot_138,3180,b,44,50.62,25,136.82,126,-10.82,0
e1-100,binary,100,bot_138,3180,b,46,35.42,25,105.73,110,4.27,0
e1-100,binary,100,bot_138,3180,b,48,40.84,25,107.02,96,-11.02,0
e1-100,binary,100,bot_138,3180,b,50,28.59,25,101.75,88,-13.75,0
e1-100,binary,100,bot_138,3180,b,52,54.87,25,106.94,69,-37.94,0
e1-100,binary,100,bot_138,3180,b,54,33.05,25,80.49,75,-5.49,0
e1-100,binary,100,bot_138,3180,b,56,49.87,25,64.07,63,-1.07,0
e1-100,binary,100,bot_138,3180,b,58,49.88,25,83.63,88,4.37,0
e1-100,binary,100,bot_138,3180,b,60,39.28,25,68.81,58,-10.81,0
e1-100,binary,100,bot_139,3181,w,1,85.03,25,140.03,180,39.97,0
e1-100,binary,100,bot_139,3181,w,3,69.88,25,145.87,179,33.13,0
e1-100,binary,100,bot_139,3181,w,5,70.14,25,158.95,192,33.05,0
e1-100,binary,100,bot_139,3181,w,7,82.09,25,153.23,188,34.77,0
e1-100,binary,100,bot_139,3181,w,9,71.84,25,156.92,173,16.08,0
e1-100,binary,100,bot_139,3181,w,11,78.97,25,174.65,185,10.35,0
e1-100,binary,100,bot_139,3181,w,13,55.9,25,202.86,210,7.14,0
e1-100,binary,100,bot_139,3181,w,15,134.72,25,164.88,166,1.12,0
e1-100,binary,100,bot_139,3181,w,17,90.22,25,124.24,166,41.76,0
e1-100,binary,100,bot_139,3181,w,19,70.36,25,151.85,183,31.15,0
e1-100,binary,100,bot_139,3181,w,21,56.61,25,118.5,116,-2.5,0
e1-100,binary,100,bot_139,3181,w,23,50.41,25,120.33,128,7.67,0
e1-100,binary,100,bot_139,3181,w,25,43.64,25,126.33,122,-4.33,0
e1-100,binary,100,bot_139,3181,w,27,31.23,25,114.03,86,-28.03,0
e1-100,binary,100,bot_139,3181,w,29,20.1,25,142.34,126,-16.34,0
e1-100,binary,100,bot_139,3181,w,31,15.8,25,151.9,119,-32.9,0
e1-100,binary,100,bot_139,3181,w,33,16.42,25,175.61,142,-33.61,0
e1-100,binary,100,bot_139,3181,w,35,6.7,25,129.64,89,-40.64,0
e1-100,binary,100,bot_139,3181,w,37,65.67,25,86.34,123,36.66,0
e1-100,binary,100,bot_139,3181,w,39,76.52,25,92.44,110,17.56,0
e1-100,binary,100,bot_139,3181,w,41,81.83,25,77.86,90,12.14,0
e1-100,binary,100,bot_139,3181,w,43,48.01,25,139.38,141,1.62,0
e1-100,binary,100,bot_139,3181,w,45,31.21,25,109.82,122,12.18,0
e1-100,binary,100,bot_139,3181,w,47,36.12,25,111.75,107,-4.75,0
e1-100,binary,100,bot_139,3181,w,49,25.56,25,104.61,99,-5.61,0
e1-100,binary,100,bot_139,3181,w,51,47.9,25,61.48,81,19.52,0
e1-100,binary,100,bot_139,3181,w,53,30.44,25,83.17,84,0.83,0
e1-100,binary,100,bot_139,3181,w,55,45.63,25,68.4,75,6.6,0
e1-100,binary,100,bot_139,3181,w,57,44.79,25,88.71,99,10.29,0
e1-100,binary,100,bot_139,3181,w,59,34.37,25,73.76,68,-5.76,0
e1-100,binary,100,bot_140,3181,b,2,73.02,25,159.97,186,26.03,0
e1-100,binary,100,bot_140,3181,b,4,74.99,25,144.86,154,9.14,0
e1-100,binary,100,bot_140,3181,b,6,75.6,25,149.28,158,8.72,0
e1-100,binary,100,bot_140,3181,b,8,56.72,25,149.55,172,22.45,0
e1-100,binary,100,bot_140,3181,b,10,50.19,25,159.26,171,11.74,0
e1-100,binary,100,bot_140,3181,b,12,47.23,25,221.81,241,19.19,0
e1-100,binary,100,bot_140,3181,b,14,43.17,25,164.92,160,-4.92,0
e1-100,binary,100,bot_140,3181,b,16,91.78,25,100.01,170,69.99,0
e1-100,binary,100,bot_140,3181,b,18,81.51,25,133.16,157,23.84,0
e1-100,binary,100,bot_140,3181,b,20,47.78,25,96.3,100,3.7,0
e1-100,binary,100,bot_140,3181,b,22,58.11,25,133.23,124,-9.23,0
e1-100,binary,100,bot_140,3181,b,24,46.28,25,108.54,93,-15.54,0
e1-100,binary,100,bot_140,3181,b,26,23.06,25,129.99,109,-20.99,0
e1-100,binary,100,bot_140,3181,b,28,32.69,25,155.92,122,-33.92,0
e1-100,binary,100,bot_140,3181,b,30,17.67,25,147.77,103,-44.77,0
e1-100,binary,100,bot_140,3181,b,32,17.2,25,158.29,109,-49.29,0
e1-100,binary,100,bot_140,3181,b,34,8.36,25,138.48,89,-49.48,0
e1-100,binary,100,bot_140,3181,b,36,87.07,25,133.89,76,-57.89,0
e1-100,binary,100,bot_140,3181,b,38,67.53,25,76.15,76,-0.15,0
e1-100,binary,100,bot_140,3181,b,40,61.85,25,73.1,83,9.9,0
e1-100,binary,100,bot_140,3181,b,42,51.49,25,76.07,92,15.93,0
e1-100,binary,100,bot_140,3181,b,44,51.68,25,104.19,100,-4.19,0
e1-100,binary,100,bot_140,3181,b,46,34.97,25,100.76,82,-18.76,0
e1-100,binary,100,bot_140,3181,b,48,33.37,25,103.49,89,-14.49,0
e1-100,binary,100,bot_140,3181,b,50,59.15,25,85.7,60,-25.7,0
e1-100,binary,100,bot_140,3181,b,52,40.75,25,60.41,58,-2.41,0
e1-100,binary,100,bot_140,3181,b,54,44.85,25,93.96,75,-18.96,0
e1-100,binary,100,bot_140,3181,b,56,49.97,25,92.82,87,-5.82,0
e1-100,binary,100,bot_140,3181,b,58,32.68,25,66.69,60,-6.69,0
e1-100,binary,100,bot_140,3181,b,60,27.4,25,64.59,48,-16.59,0
e1-100,binary,100,bot_141,3182,w,1,76.36,25,157.22,219,61.78,0
e1-100,binary,100,bot_141,3182,w,3,77.95,25,140.95,174,33.05,0
e1-100,binary,100,bot_141,3182,w,5,80.14,25,144.96,176,31.04,0
e1-100,binary,100,bot_141,3182,w,7,59.29,25,146.51,192,45.49,0
e1-100,binary,100,bot_141,3182,w,9,56.3,25,153.37,185,31.63,0
e1-100,binary,100,bot_141,3182,w,11,52.14,25,217.16,258,40.84,0
e1-100,binary,100,bot_141,3182,w,13,48.98,25,158.82,177,18.18,0
e1-100,binary,100,bot_141,3182,w,15,89.56,25,102.22,190,87.78,0
e1-100,binary,100,bot_141,3182,w,17,79.66,25,135.01,174,38.99,0
e1-100,binary,100,bot_141,3182,w,19,47.09,25,97.01,113,15.99,0
e1-100,binary,100,bot_141,3182,w,21,56.3,25,134.76,141,6.24,0
e1-100,binary,100,bot_141,3182,w,23,45.59,25,109.09,107,-2.09,0
e1-100,binary,100,bot_141,3182,w,25,22.28,25,130.63,123,-7.63,0
e1-100,binary,100,bot_141,3182,w,27,31.21,25,157.44,136,-21.44,0
e1-100,binary,100,bot_141,3182,w,29,16.94,25,148.5,118,-30.5,0
e1-100,binary,100,bot_141,3182,w,31,15.56,25,159.98,126,-33.98,0
e1-100,binary,100,bot_141,3182,w,33,7.38,25,139.43,105,-34.43,0
e1-100,binary,100,bot_141,3182,w,35,76.16,25,67.44,102,34.56,0
e1-100,binary,100,bot_141,3182,w,37,66.25,25,77.42,93,15.58,0
e1-100,binary,100,bot_141,3182,w,39,60.61,25,74.36,100,25.64,0
e1-100,binary,100,bot_141,3182,w,41,50.24,25,77.3,109,31.7,0
e1-100,binary,100,bot_141,3182,w,43,50.4,25,105.52,114,8.48,0
e1-100,binary,100,bot_141,3182,w,45,32.23,25,103.53,94,-9.53,0
e1-100,binary,100,bot_141,3182,w,47,31.8,25,105.18,100,-5.18,0
e1-100,binary,100,bot_141,3182,w,49,51.11,25,93.78,79,-14.78,0
e1-100,binary,100,bot_141,3182,w,51,36.74,25,64.51,74,9.49,0
e1-100,binary,100,bot_141,3182,w,53,42.63,25,96.13,87,-9.13,0
e1-100,binary,100,bot_141,3182,w,55,46.76,25,96.06,100,3.94,0
e1-100,binary,100,bot_141,3182,w,57,29.92,25,69.46,72,2.54,0
e1-100,binary,100,bot_141,3182,w,59,24.9,25,67.24,60,-7.24,0
e1-100,binary,100,bot_142,3182,b,2,75.03,25,140.66,155,14.34,0
e1-100,binary,100,bot_142,3182,b,4,71.88,25,157.86,173,15.14,0
e1-100,binary,100,bot_142,3182,b,6,85.18,25,150.19,168,17.81,0
e1-100,binary,100,bot_142,3182,b,8,74.57,25,154.29,152,-2.29,0
e1-100,binary,100,bot_142,3182,b,10,81.89,25,171.57,166,-5.57,0
e1-100,binary,100,bot_142,3182,b,12,58.57,25,200.21,190,-10.21,0
e1-100,binary,100,bot_142,3182,b,14,138.45,25,162.18,149,-13.18,0
e1-100,binary,100,bot_142,3182,b,16,89.36,25,125.08,150,24.92,0
e1-100,binary,100,bot_142,3182,b,18,66.63,25,154.45,169,14.55,0
e1-100,binary,100,bot_142,3182,b,20,54.87,25,120.63,102,-18.63,0
e1-100,binary,100,bot_142,3182,b,22,47.65,25,123.46,115,-8.46,0
e1-100,binary,100,bot_142,3182,b,24,41.29,25,129.04,108,-21.04,0
e1-100,binary,100,bot_142,3182,b,26,28.59,25,116.67,72,-44.67,0
e1-100,binary,100,bot_142,3182,b,28,19.26,25,142.92,108,-34.92,0
e1-100,binary,100,bot_142,3182,b,30,15,25,152.65,104,-48.65,0
e1-100,binary,100,bot_142,3182,b,32,15.8,25,176.13,125,-51.12,0
e1-100,binary,100,bot_142,3182,b,34,84.23,25,130.3,73,-57.3,0
e1-100,binary,100,bot_142,3182,b,36,65.19,25,86.8,97,10.2,0
e1-100,binary,100,bot_142,3182,b,38,75.59,25,93.08,94,0.92,0
e1-100,binary,100,bot_142,3182,b,40,81.14,25,78.71,74,-4.71,0
e1-100,binary,100,bot_142,3182,b,42,47.51,25,140,125,-15,0
e1-100,binary,100,bot_142,3182,b,44,29.48,25,111.27,111,-0.27,0
e1-100,binary,100,bot_142,3182,b,46,34.67,25,113.15,94,-19.15,0
e1-100,binary,100,bot_142,3182,b,48,24.79,25,104.95,86,-18.95,0
e1-100,binary,100,bot_142,3182,b,50,47,25,62.38,63,0.62,0
e1-100,binary,100,bot_142,3182,b,52,29.4,25,84.14,69,-15.14,0
e1-100,binary,100,bot_142,3182,b,54,43.86,25,70.38,63,-7.38,0
e1-100,binary,100,bot_142,3182,b,56,42.15,25,91.1,87,-4.1,0
e1-100,binary,100,bot_142,3182,b,58,30.96,25,77.14,57,-20.14,0
e1-100,binary,100,bot_142,3182,b,60,27.71,25,78.53,54,-24.53,0
e1-100,binary,100,bot_143,3183,w,1,78.42,25,137.6,183,45.4,0
e1-100,binary,100,bot_143,3183,w,3,76.41,25,153.37,181,27.63,0
e1-100,binary,100,bot_143,3183,w,5,92.48,25,142.89,178,35.11,0
e1-100,binary,100,bot_143,3183,w,7,80.96,25,147.86,159,11.14,0
e1-100,binary,100,bot_143,3183,w,9,89.27,25,163.58,172,8.42,0
e1-100,binary,100,bot_143,3183,w,11,65.45,25,193.43,199,5.57,0
e1-100,binary,100,bot_143,3183,w,13,142.71,25,159.3,160,0.7,0
e1-100,binary,100,bot_143,3183,w,15,87.25,25,127.25,158,30.75,0
e1-100,binary,100,bot_143,3183,w,17,63.26,25,157.78,178,20.22,0
e1-100,binary,100,bot_143,3183,w,19,52.94,25,122.53,111,-11.53,0
e1-100,binary,100,bot_143,3183,w,21,44.64,25,126.6,123,-3.6,0
e1-100,binary,100,bot_143,3183,w,23,38.53,25,131.89,117,-14.89,0
e1-100,binary,100,bot_143,3183,w,25,25.98,25,119.27,82,-37.27,0
e1-100,binary,100,bot_143,3183,w,27,19.07,25,142.94,112,-30.94,0
e1-100,binary,100,bot_143,3183,w,29,12.69,25,154.98,112,-42.98,0
e1-100,binary,100,bot_143,3183,w,31,13,25,178.94,135,-43.94,0
e1-100,binary,100,bot_143,3183,w,33,76.73,25,70.2,86,15.8,0
e1-100,binary,100,bot_143,3183,w,35,63.49,25,88.38,104,15.62,0
e1-100,binary,100,bot_143,3183,w,37,72.63,25,95.96,103,7.04,0
e1-100,binary,100,bot_143,3183,w,39,78.48,25,81.44,82,0.56,0
e1-100,binary,100,bot_143,3183,w,41,45.72,25,141.84,132,-9.84,0
e1-100,binary,100,bot_143,3183,w,43,26.55,25,114.09,118,3.91,0
e1-100,binary,100,bot_143,3183,w,45,32.15,25,115.67,100,-15.67,0
e1-100,binary,100,bot_143,3183,w,47,22.67,25,106.97,92,-14.97,0
e1-100,binary,100,bot_143,3183,w,49,45.38,25,64.05,67,2.95,0
e1-100,binary,100,bot_143,3183,w,51,27.25,25,86.28,76,-10.28,0
e1-100,binary,100,bot_143,3183,w,53,40.99,25,73.35,70,-3.35,0
e1-100,binary,100,bot_143,3183,w,55,39.06,25,94.17,96,1.83,0
e1-100,binary,100,bot_143,3183,w,57,29.05,25,79.07,64,-15.07,0
e1-100,binary,100,bot_143,3183,w,59,24.84,25,81.39,60,-21.39,0
e1-100,binary,100,bot_144,3183,b,2,81.74,25,137.11,150,12.89,0
e1-100,binary,100,bot_144,3183,b,4,86.92,25,138.44,148,9.56,0
e1-100,binary,100,bot_144,3183,b,6,62.85,25,142.79,170,27.21,0
e1-100,binary,100,bot_144,3183,b,8,60.25,25,149.77,164,14.23,0
e1-100,binary,100,bot_144,3183,b,10,57.01,25,212.57,236,23.43,0
e1-100,binary,100,bot_144,3183,b,12,52.94,25,154.56,153,-1.56,0
e1-100,binary,100,bot_144,3183,b,14,88.23,25,103.42,177,73.58,0
e1-100,binary,100,bot_144,3183,b,16,78.33,25,136.23,154,17.77,0
e1-100,binary,100,bot_144,3183,b,18,46.24,25,97.98,91,-6.98,0
e1-100,binary,100,bot_144,3183,b,20,54.05,25,136.88,120,-16.88,0
e1-100,binary,100,bot_144,3183,b,22,44.06,25,110.19,85,-25.19,0
e1-100,binary,100,bot_144,3183,b,24,20.37,25,132.23,102,-30.23,0
e1-100,binary,100,bot_144,3183,b,26,28.4,25,160.63,118,-42.63,0
e1-100,binary,100,bot_144,3183,b,28,15.17,25,150.21,100,-50.21,0
e1-100,binary,100,bot_144,3183,b,30,14.19,25,161.52,105,-56.52,0
e1-100,binary,100,bot_144,3183,b,32,74,25,140.33,84,-56.33,0
e1-100,binary,100,bot_144,3183,b,34,73.94,25,69.81,77,7.19,0
e1-100,binary,100,bot_144,3183,b,36,65.01,25,78.71,73,-5.71,0
e1-100,binary,100,bot_144,3183,b,38,58.42,25,76.61,80,3.39,0
e1-100,binary,100,bot_144,3183,b,40,47.96,25,79.46,89,9.54,0
e1-100,binary,100,bot_144,3183,b,42,48.47,25,107.53,99,-8.53,0
e1-100,binary,100,bot_144,3183,b,44,30.61,25,105.17,79,-26.17,0
e1-100,binary,100,bot_144,3183,b,46,30.79,25,106.53,85,-21.53,0
e1-100,binary,100,bot_144,3183,b,48,49.28,25,95.62,64,-31.62,0
e1-100,binary,100,bot_144,3183,b,50,35.16,25,66.27,59,-7.27,0
e1-100,binary,100,bot_144,3183,b,52,41.01,25,97.55,71,-26.55,0
e1-100,binary,100,bot_144,3183,b,54,45.55,25,97.12,84,-13.12,0
e1-100,binary,100,bot_144,3183,b,56,29.13,25,70.2,55,-15.2,0
e1-100,binary,100,bot_144,3183,b,58,23.89,25,68.41,44,-24.41,0
e1-100,binary,100,bot_144,3183,b,60,17.84,25,80.49,51,-29.49,0
e1-100,binary,100,bot_145,3184,w,1,86.16,25,131.39,176,44.61,0
e1-100,binary,100,bot_145,3184,w,3,94.12,25,131.76,168,36.24,0
e1-100,binary,100,bot_145,3184,w,5,68.14,25,137.26,190,52.74,0
e1-100,binary,100,bot_145,3184,w,7,66.68,25,143.84,186,42.16,0
e1-100,binary,100,bot_145,3184,w,9,66.6,25,203.16,246,42.84,0
e1-100,binary,100,bot_145,3184,w,11,54.37,25,153.16,177,23.84,0
e1-100,binary,100,bot_145,3184,w,13,85.67,25,105.91,195,89.09,0
e1-100,binary,100,bot_145,3184,w,15,75.02,25,139.59,169,29.41,0
e1-100,binary,100,bot_145,3184,w,17,44.24,25,100.08,104,3.92,0
e1-100,binary,100,bot_145,3184,w,19,49.94,25,141.05,137,-4.05,0
e1-100,binary,100,bot_145,3184,w,21,42.96,25,111.22,99,-12.22,0
e1-100,binary,100,bot_145,3184,w,23,19.39,25,133.13,113,-20.13,0
e1-100,binary,100,bot_145,3184,w,25,26.81,25,162.29,129,-33.29,0
e1-100,binary,100,bot_145,3184,w,27,13.41,25,151.91,115,-36.91,0
e1-100,binary,100,bot_145,3184,w,29,12.36,25,163.39,119,-44.39,0
e1-100,binary,100,bot_145,3184,w,31,66.79,25,65.3,101,35.7,0
e1-100,binary,100,bot_145,3184,w,33,72,25,71.78,90,18.22,0
e1-100,binary,100,bot_145,3184,w,35,63.81,25,79.91,87,7.09,0
e1-100,binary,100,bot_145,3184,w,37,57.65,25,77.36,90,12.64,0
e1-100,binary,100,bot_145,3184,w,39,47.23,25,80.09,99,18.91,0
e1-100,binary,100,bot_145,3184,w,41,47.06,25,108.9,110,1.1,0
e1-100,binary,100,bot_145,3184,w,43,29.09,25,106.67,86,-20.67,0
e1-100,binary,100,bot_145,3184,w,45,29.78,25,107.53,92,-15.53,0
e1-100,binary,100,bot_145,3184,w,47,47.75,25,97.09,72,-25.09,0
e1-100,binary,100,bot_145,3184,w,49,33.62,25,67.75,69,1.25,0
e1-100,binary,100,bot_145,3184,w,51,39.89,25,98.61,81,-17.61,0
e1-100,binary,100,bot_145,3184,w,53,43.43,25,99.16,93,-6.16,0
e1-100,binary,100,bot_145,3184,w,55,27.38,25,71.88,64,-7.88,0
e1-100,binary,100,bot_145,3184,w,57,22.96,25,69.36,52,-17.36,0
e1-100,binary,100,bot_145,3184,w,59,16.35,25,82,60,-22,0
e1-100,binary,100,bot_146,3184,b,2,84.63,25,146.04,172,25.96,0
e1-100,binary,100,bot_146,3184,b,4,101.21,25,133.88,168,34.12,0
e1-100,binary,100,bot_146,3184,b,6,90.55,25,138.25,146,7.75,0
e1-100,binary,100,bot_146,3184,b,8,92.64,25,159.95,166,6.05,0
e1-100,binary,100,bot_146,3184,b,10,73.69,25,185.57,191,5.43,0
e1-100,binary,100,bot_146,3184,b,12,145.38,25,157.44,151,-6.44,0
e1-100,binary,100,bot_146,3184,b,14,86.74,25,127.77,148,20.23,0
e1-100,binary,100,bot_146,3184,b,16,61.91,25,158.84,168,9.16,0
e1-100,binary,100,bot_146,3184,b,18,52.36,25,122.87,102,-20.87,0
e1-100,binary,100,bot_146,3184,b,20,44.88,25,126.5,110,-16.5,0
e1-100,binary,100,bot_146,3184,b,22,37.1,25,134.12,111,-23.12,0
e1-100,binary,100,bot_146,3184,b,24,24.35,25,120.91,75,-45.91,0
e1-100,binary,100,bot_146,3184,b,26,18.23,25,143.6,104,-39.6,0
e1-100,binary,100,bot_146,3184,b,28,11.46,25,156.25,104,-52.25,0
e1-100,binary,100,bot_146,3184,b,30,93.16,25,180.97,128,-52.97,0
e1-100,binary,100,bot_146,3184,b,32,75.97,25,71.14,72,0.86,0
e1-100,binary,100,bot_146,3184,b,34,63.51,25,88.19,94,5.81,0
e1-100,binary,100,bot_146,3184,b,36,70.56,25,97.88,96,-1.87,0
e1-100,binary,100,bot_146,3184,b,38,76.25,25,83.92,76,-7.92,0
e1-100,binary,100,bot_146,3184,b,40,44.81,25,143.08,125,-18.08,0
e1-100,binary,100,bot_146,3184,b,42,23.53,25,116.92,113,-3.92,0
e1-100,binary,100,bot_146,3184,b,44,28.43,25,119.48,98,-21.48,0
e1-100,binary,100,bot_146,3184,b,46,19.54,25,110.06,89,-21.06,0
e1-100,binary,100,bot_146,3184,b,48,43.7,25,65.87,62,-3.87,0
e1-100,binary,100,bot_146,3184,b,50,26.25,25,87.44,70,-17.44,0
e1-100,binary,100,bot_146,3184,b,52,38.13,25,76.57,66,-10.57,0
e1-100,binary,100,bot_146,3184,b,54,36.5,25,96.7,89,-7.7,0
e1-100,binary,100,bot_146,3184,b,56,26.69,25,81.55,58,-23.55,0
e1-100,binary,100,bot_146,3184,b,58,21.41,25,84.72,57,-27.72,0
e1-100,binary,100,bot_146,3184,b,60,14.98,25,89.23,56,-33.23,0
e1-100,binary,100,bot_147,3185,w,1,85.8,25,145.39,199,53.61,0
e1-100,binary,100,bot_147,3185,w,3,103.58,25,131.29,179,47.71,0
e1-100,binary,100,bot_147,3185,w,5,91.73,25,137.06,159,21.94,0
e1-100,binary,100,bot_147,3185,w,7,93.26,25,159.16,180,20.84,0
e1-100,binary,100,bot_147,3185,w,9,74.63,25,184.26,206,21.74,0
e1-100,binary,100,bot_147,3185,w,11,146.71,25,157.56,167,9.44,0
e1-100,binary,100,bot_147,3185,w,13,85.7,25,128.82,159,30.18,0
e1-100,binary,100,bot_147,3185,w,15,60.32,25,160.33,179,18.67,0
e1-100,binary,100,bot_147,3185,w,17,50.82,25,124.33,113,-11.33,0
e1-100,binary,100,bot_147,3185,w,19,42.77,25,128.72,121,-7.72,0
e1-100,binary,100,bot_147,3185,w,21,34.03,25,137.33,123,-14.33,0
e1-100,binary,100,bot_147,3185,w,23,21.4,25,123.86,87,-36.86,0
e1-100,binary,100,bot_147,3185,w,25,16.17,25,145.62,115,-30.62,0
e1-100,binary,100,bot_147,3185,w,27,9.38,25,158.35,116,-42.35,0
e1-100,binary,100,bot_147,3185,w,29,78.49,25,89.62,151,61.38,0
e1-100,binary,100,bot_147,3185,w,31,73.31,25,73.85,85,11.15,0
e1-100,binary,100,bot_147,3185,w,33,61.43,25,90.32,106,15.68,0
e1-100,binary,100,bot_147,3185,w,35,67.42,25,100.96,108,7.04,0
e1-100,binary,100,bot_147,3185,w,37,73.29,25,86.96,89,2.04,0
e1-100,binary,100,bot_147,3185,w,39,42.93,25,145.04,136,-9.04,0
e1-100,binary,100,bot_147,3185,w,41,21.05,25,119.32,122,2.68,0
e1-100,binary,100,bot_147,3185,w,43,25.69,25,122.23,106,-16.23,0
e1-100,binary,100,bot_147,3185,w,45,15.89,25,113.62,100,-13.62,0
e1-100,binary,100,bot_147,3185,w,47,41.18,25,68.42,71,2.58,0
e1-100,binary,100,bot_147,3185,w,49,23.66,25,90.1,78,-12.1,0
e1-100,binary,100,bot_147,3185,w,51,34.19,25,80.55,75,-5.55,0
e1-100,binary,100,bot_147,3185,w,53,31.01,25,102.19,99,-3.19,0
e1-100,binary,100,bot_147,3185,w,55,20.02,25,88.27,70,-18.27,0
e1-100,binary,100,bot_147,3185,w,57,16.51,25,89.74,69,-20.74,0
e1-100,binary,100,bot_147,3185,w,59,10.18,25,94.07,66,-28.07,0
e1-100,binary,100,bot_148,3185,b,2,95.54,25,130.44,158,27.56,0
e1-100,binary,100,bot_148,3185,b,4,69.16,25,136.22,181,44.78,0
e1-100,binary,100,bot_148,3185,b,6,67.73,25,142.84,176,33.16,0
e1-100,binary,100,bot_148,3185,b,8,68.56,25,201.25,235,33.75,0
e1-100,binary,100,bot_148,3185,b,10,56.52,25,150.63,166,15.37,0
e1-100,binary,100,bot_148,3185,b,12,84.36,25,107.2,190,82.8,0
e1-100,binary,100,bot_148,3185,b,14,73.37,25,141.32,163,21.68,0
e1-100,binary,100,bot_148,3185,b,16,43.64,25,100.96,97,-3.96,0
e1-100,binary,100,bot_148,3185,b,18,47.74,25,143.3,131,-12.3,0
e1-100,binary,100,bot_148,3185,b,20,41.17,25,112.72,92,-20.72,0
e1-100,binary,100,bot_148,3185,b,22,18.48,25,133.17,103,-30.17,0
e1-100,binary,100,bot_148,3185,b,24,24.96,25,164.3,122,-42.3,0
e1-100,binary,100,bot_148,3185,b,26,12.34,25,152.82,106,-46.82,0
e1-100,binary,100,bot_148,3185,b,28,116.68,25,165.24,111,-54.24,0
e1-100,binary,100,bot_148,3185,b,30,65.86,25,66.11,80,13.89,0
e1-100,binary,100,bot_148,3185,b,32,70.76,25,73.13,82,8.87,0
e1-100,binary,100,bot_148,3185,b,34,61.96,25,81.67,80,-1.67,0
e1-100,binary,100,bot_148,3185,b,36,56.17,25,78.82,82,3.18,0
e1-100,binary,100,bot_148,3185,b,38,45.63,25,81.41,91,9.59,0
e1-100,binary,100,bot_148,3185,b,40,44.88,25,111,103,-8,0
e1-100,binary,100,bot_148,3185,b,42,26.19,25,109.58,81,-28.58,0
e1-100,binary,100,bot_148,3185,b,44,28.03,25,109.48,85,-24.48,0
e1-100,binary,100,bot_148,3185,b,46,45.8,25,98.99,65,-33.99,0
e1-100,binary,100,bot_148,3185,b,48,31.33,25,69.9,62,-7.9,0
e1-100,binary,100,bot_148,3185,b,50,37.68,25,100.77,74,-26.77,0
e1-100,binary,100,bot_148,3185,b,52,39.63,25,102.62,87,-15.62,0
e1-100,binary,100,bot_148,3185,b,54,25.02,25,74.15,56,-18.15,0
e1-100,binary,100,bot_148,3185,b,56,22.06,25,70.2,40,-30.2,0
e1-100,binary,100,bot_148,3185,b,58,15.02,25,83.2,50,-33.2,0
e1-100,binary,100,bot_148,3185,b,60,18.49,25,85.47,46,-39.47,0
e1-100,binary,100,bot_149,3186,w,1,99.12,25,127.57,178,50.43,0
e1-100,binary,100,bot_149,3186,w,3,71.48,25,134.04,192,57.96,0
e1-100,binary,100,bot_149,3186,w,5,70.22,25,140.73,188,47.27,0
e1-100,binary,100,bot_149,3186,w,7,74.85,25,195.27,242,46.73,0
e1-100,binary,100,bot_149,3186,w,9,57.66,25,149.31,175,25.69,0
e1-100,binary,100,bot_149,3186,w,11,81.44,25,110.14,201,90.86,0
e1-100,binary,100,bot_149,3186,w,13,70.07,25,144.64,170,25.36,0
e1-100,binary,100,bot_149,3186,w,15,42.28,25,102.43,102,-0.43,0
e1-100,binary,100,bot_149,3186,w,17,43.68,25,147.39,140,-7.39,0
e1-100,binary,100,bot_149,3186,w,19,34.91,25,118.9,102,-16.9,0
e1-100,binary,100,bot_149,3186,w,21,16.23,25,135.32,108,-27.32,0
e1-100,binary,100,bot_149,3186,w,23,19.27,25,170.15,131,-39.15,0
e1-100,binary,100,bot_149,3186,w,25,9.41,25,155.75,111,-44.75,0
e1-100,binary,100,bot_149,3186,w,27,102.71,25,102.2,128,25.8,0
e1-100,binary,100,bot_149,3186,w,29,63.14,25,69.28,86,16.72,0
e1-100,binary,100,bot_149,3186,w,31,70.59,25,73.36,87,13.64,0
e1-100,binary,100,bot_149,3186,w,33,56.71,25,87.03,91,3.97,0
e1-100,binary,100,bot_149,3186,w,35,52.88,25,82.17,89,6.83,0
e1-100,binary,100,bot_149,3186,w,37,40.82,25,86.22,99,12.78,0
e1-100,binary,100,bot_149,3186,w,39,38,25,117.96,114,-3.96,0
e1-100,binary,100,bot_149,3186,w,41,20.41,25,115.42,89,-26.42,0
e1-100,binary,100,bot_149,3186,w,43,23.36,25,114.38,94,-20.38,0
e1-100,binary,100,bot_149,3186,w,45,41.14,25,103.71,72,-31.71,0
e1-100,binary,100,bot_149,3186,w,47,24.6,25,76.66,73,-3.66,0
e1-100,binary,100,bot_149,3186,w,49,34.13,25,104.39,81,-23.39,0
e1-100,binary,100,bot_149,3186,w,51,33.92,25,108.3,95,-13.3,0
e1-100,binary,100,bot_149,3186,w,53,21.29,25,77.92,62,-15.92,0
e1-100,binary,100,bot_149,3186,w,55,18.85,25,73.46,44,-29.46,0
e1-100,binary,100,bot_149,3186,w,57,10.31,25,87.93,58,-29.93,0
e1-100,binary,100,bot_149,3186,w,59,13.75,25,90.33,54,-36.33,0
e1-100,binary,100,bot_150,3186,b,2,108.54,25,126.01,161,34.99,0
e1-100,binary,100,bot_150,3186,b,4,97.09,25,131.66,139,7.34,0
e1-100,binary,100,bot_150,3186,b,6,96.7,25,155.5,162,6.5,0
e1-100,binary,100,bot_150,3186,b,8,76.15,25,183,193,10,0
e1-100,binary,100,bot_150,3186,b,10,148.3,25,156.66,150,-6.66,0
e1-100,binary,100,bot_150,3186,b,12,84.46,25,130.1,143,12.9,0
e1-100,binary,100,bot_150,3186,b,14,57.7,25,162.65,164,1.35,0
e1-100,binary,100,bot_150,3186,b,16,49.97,25,124.94,99,-25.94,0
e1-100,binary,100,bot_150,3186,b,18,40.51,25,131.24,106,-25.24,0
e1-100,binary,100,bot_150,3186,b,20,30.46,25,141.19,107,-34.19,0
e1-100,binary,100,bot_150,3186,b,22,18.44,25,126.81,74,-52.81,0
e1-100,binary,100,bot_150,3186,b,24,12.69,25,148.88,99,-49.88,0
e1-100,binary,100,bot_150,3186,b,26,84.42,25,160.59,101,-59.59,0
e1-100,binary,100,bot_150,3186,b,28,74.68,25,93.17,127,33.83,0
e1-100,binary,100,bot_150,3186,b,30,71.85,25,74.96,69,-5.96,0
e1-100,binary,100,bot_150,3186,b,32,61.16,25,90.41,93,2.59,0
e1-100,binary,100,bot_150,3186,b,34,65.52,25,102.34,90,-12.34,0
e1-100,binary,100,bot_150,3186,b,36,71.19,25,89.21,74,-15.21,0
e1-100,binary,100,bot_150,3186,b,38,41.55,25,146.52,119,-27.52,0
e1-100,binary,100,bot_150,3186,b,40,19.8,25,120.15,105,-15.15,0
e1-100,binary,100,bot_150,3186,b,42,24.13,25,123.68,90,-33.68,0
e1-100,binary,100,bot_150,3186,b,44,14.12,25,114.84,86,-28.84,0
e1-100,binary,100,bot_150,3186,b,46,39.97,25,69.59,57,-12.59,0
e1-100,binary,100,bot_150,3186,b,48,22.12,25,91.81,64,-27.81,0
e1-100,binary,100,bot_150,3186,b,50,31.41,25,83.26,66,-17.26,0
e1-100,binary,100,bot_150,3186,b,52,28.84,25,104.29,85,-19.29,0
e1-100,binary,100,bot_150,3186,b,54,16.3,25,91.97,61,-30.97,0
e1-100,binary,100,bot_150,3186,b,56,15.17,25,91.12,57,-34.12,0
e1-100,binary,100,bot_150,3186,b,58,8.32,25,95.81,54,-41.81,0
e1-100,binary,100,bot_150,3186,b,60,14.6,25,96.02,57,-39.02,0
e1-100,binary,100,bot_151,3187,w,1,113.67,25,121.52,194,72.48,0
e1-100,binary,100,bot_151,3187,w,3,102,25,126.91,155,28.09,0
e1-100,binary,100,bot_151,3187,w,5,100.07,25,151.78,178,26.22,0
e1-100,binary,100,bot_151,3187,w,7,78.39,25,179.86,213,33.14,0
e1-100,binary,100,bot_151,3187,w,9,152.36,25,153.95,165,11.05,0
e1-100,binary,100,bot_151,3187,w,11,81.1,25,133.45,156,22.55,0
e1-100,binary,100,bot_151,3187,w,13,53.23,25,167.09,178,10.91,0
e1-100,binary,100,bot_151,3187,w,15,47.86,25,127.02,111,-16.02,0
e1-100,binary,100,bot_151,3187,w,17,37.72,25,134.09,119,-15.09,0
e1-100,binary,100,bot_151,3187,w,19,27.23,25,144.59,119,-25.59,0
e1-100,binary,100,bot_151,3187,w,21,14.51,25,130.77,88,-42.77,0
e1-100,binary,100,bot_151,3187,w,23,8.67,25,152.86,113,-39.86,0
e1-100,binary,100,bot_151,3187,w,25,75.99,25,87.16,119,31.84,0
e1-100,binary,100,bot_151,3187,w,27,69.6,25,98.16,139,40.84,0
e1-100,binary,100,bot_151,3187,w,29,69.67,25,77.12,79,1.88,0
e1-100,binary,100,bot_151,3187,w,31,56.83,25,94.82,109,14.18,0
e1-100,binary,100,bot_151,3187,w,33,59.16,25,108.61,106,-2.61,0
e1-100,binary,100,bot_151,3187,w,35,67.93,25,92.57,88,-4.57,0
e1-100,binary,100,bot_151,3187,w,37,39.6,25,148.61,130,-18.61,0
e1-100,binary,100,bot_151,3187,w,39,19.48,25,120.28,112,-8.28,0
e1-100,binary,100,bot_151,3187,w,41,21.11,25,126.71,100,-26.71,0
e1-100,binary,100,bot_151,3187,w,43,12.15,25,116.67,95,-21.67,0
e1-100,binary,100,bot_151,3187,w,45,37.96,25,71.62,66,-5.62,0
e1-100,binary,100,bot_151,3187,w,47,19.7,25,94.36,71,-23.36,0
e1-100,binary,100,bot_151,3187,w,49,27.16,25,87.59,76,-11.59,0
e1-100,binary,100,bot_151,3187,w,51,25.83,25,107.29,92,-15.29,0
e1-100,binary,100,bot_151,3187,w,53,13.04,25,95.22,70,-25.22,0
e1-100,binary,100,bot_151,3187,w,55,13.27,25,92.96,64,-28.96,0
e1-100,binary,100,bot_151,3187,w,57,6.6,25,97.53,62,-35.53,0
e1-100,binary,100,bot_151,3187,w,59,12.05,25,98.59,65,-33.59,0
e1-100,binary,100,bot_152,3187,b,2,76.98,25,128.41,189,60.59,0
e1-100,binary,100,bot_152,3187,b,4,75.34,25,135.78,184,48.22,0
e1-100,binary,100,bot_152,3187,b,6,83.04,25,187.28,233,45.72,0
e1-100,binary,100,bot_152,3187,b,8,62.18,25,145.22,170,24.78,0
e1-100,binary,100,bot_152,3187,b,10,80.71,25,110.95,203,92.05,0
e1-100,binary,100,bot_152,3187,b,12,69.21,25,145.39,167,21.61,0
e1-100,binary,100,bot_152,3187,b,14,41.74,25,103.1,96,-7.1,0
e1-100,binary,100,bot_152,3187,b,16,42.69,25,148.7,136,-12.7,0
e1-100,binary,100,bot_152,3187,b,18,33.57,25,119.78,98,-21.78,0
e1-100,binary,100,bot_152,3187,b,20,15.48,25,135.62,104,-31.62,0
e1-100,binary,100,bot_152,3187,b,22,18.23,25,171.47,127,-44.47,0
e1-100,binary,100,bot_152,3187,b,24,90.23,25,157.88,106,-51.88,0
e1-100,binary,100,bot_152,3187,b,26,99.45,25,104.49,121,16.51,0
e1-100,binary,100,bot_152,3187,b,28,60.55,25,71.97,81,9.03,0
e1-100,binary,100,bot_152,3187,b,30,70.81,25,73.21,83,9.79,0
e1-100,binary,100,bot_152,3187,b,32,55.18,25,88.82,86,-2.82,0
e1-100,binary,100,bot_152,3187,b,34,52.92,25,81.98,80,-1.98,0
e1-100,binary,100,bot_152,3187,b,36,38.69,25,88.17,96,7.83,0
e1-100,binary,100,bot_152,3187,b,38,36.27,25,119.97,112,-7.97,0
e1-100,binary,100,bot_152,3187,b,40,18.27,25,117.57,90,-27.57,0
e1-100,binary,100,bot_152,3187,b,42,22.36,25,115.79,89,-26.79,0
e1-100,binary,100,bot_152,3187,b,44,39.63,25,105.28,70,-35.28,0
e1-100,binary,100,bot_152,3187,b,46,21.43,25,79.84,72,-7.84,0
e1-100,binary,100,bot_152,3187,b,48,32.61,25,105.74,78,-27.74,0
e1-100,binary,100,bot_152,3187,b,50,30.47,25,111.5,92,-19.5,0
e1-100,binary,100,bot_152,3187,b,52,18.91,25,80.36,59,-21.36,0
e1-100,binary,100,bot_152,3187,b,54,17.59,25,74.86,41,-33.86,0
e1-100,binary,100,bot_152,3187,b,56,8.75,25,89.54,55,-34.54,0
e1-100,binary,100,bot_152,3187,b,58,12.18,25,92.12,52,-40.12,0
e1-100,binary,100,bot_152,3187,b,60,6.53,25,89.78,55,-34.78,0
e1-100,binary,100,bot_153,3188,w,1,78.91,25,126.51,197,70.49,0
e1-100,binary,100,bot_153,3188,w,3,78.35,25,133.11,178,44.89,0
e1-100,binary,100,bot_153,3188,w,5,88.54,25,182.24,225,42.76,0
e1-100,binary,100,bot_153,3188,w,7,66.52,25,140.24,161,20.76,0
e1-100,binary,100,bot_153,3188,w,9,78.54,25,113.15,204,90.85,0
e1-100,binary,100,bot_153,3188,w,11,67.14,25,147.47,163,15.53,0
e1-100,binary,100,bot_153,3188,w,13,40.54,25,104.37,88,-16.37,0
e1-100,binary,100,bot_153,3188,w,15,40.48,25,150.96,132,-18.96,0
e1-100,binary,100,bot_153,3188,w,17,29.95,25,123.34,94,-29.34,0
e1-100,binary,100,bot_153,3188,w,19,12.99,25,138.1,99,-39.1,0
e1-100,binary,100,bot_153,3188,w,21,13.95,25,175.9,124,-51.9,0
e1-100,binary,100,bot_153,3188,w,23,79.93,25,93.89,111,17.11,0
e1-100,binary,100,bot_153,3188,w,25,95.48,25,108.5,118,9.5,0
e1-100,binary,100,bot_153,3188,w,27,58.21,25,74.34,74,-0.34,0
e1-100,binary,100,bot_153,3188,w,29,69.46,25,74.62,77,2.38,0
e1-100,binary,100,bot_153,3188,w,31,53.75,25,90.23,79,-11.23,0
e1-100,binary,100,bot_153,3188,w,33,52.71,25,82.12,72,-10.12,0
e1-100,binary,100,bot_153,3188,w,35,36.6,25,90.17,90,-0.17,0
e1-100,binary,100,bot_153,3188,w,37,34.34,25,121.88,109,-12.88,0
e1-100,binary,100,bot_153,3188,w,39,16.95,25,118.87,85,-33.87,0
e1-100,binary,100,bot_153,3188,w,41,21.22,25,117.14,85,-32.14,0
e1-100,binary,100,bot_153,3188,w,43,38.35,25,106.55,65,-41.55,0
e1-100,binary,100,bot_153,3188,w,45,19.7,25,81.53,65,-16.53,0
e1-100,binary,100,bot_153,3188,w,47,29.75,25,108.57,73,-35.57,0
e1-100,binary,100,bot_153,3188,w,49,27.19,25,114.67,87,-27.67,0
e1-100,binary,100,bot_153,3188,w,51,15.91,25,83.36,55,-28.36,0
e1-100,binary,100,bot_153,3188,w,53,15.31,25,77.15,36,-41.15,0
e1-100,binary,100,bot_153,3188,w,55,7.16,25,91.16,50,-41.16,0
e1-100,binary,100,bot_153,3188,w,57,10.31,25,94.04,50,-44.04,0
e1-100,binary,100,bot_153,3188,w,59,43.39,25,91.49,49,-42.49,0
e1-100,binary,100,bot_154,3188,b,2,105.54,25,123.81,153,29.19,0
e1-100,binary,100,bot_154,3188,b,4,104.33,25,147.22,175,27.78,0
e1-100,binary,100,bot_154,3188,b,6,82.55,25,175.65,214,38.35,0
e1-100,binary,100,bot_154,3188,b,8,159.12,25,148.68,167,18.32,0
e1-100,binary,100,bot_154,3188,b,10,80.45,25,134.09,154,19.91,0
e1-100,binary,100,bot_154,3188,b,12,51.02,25,169.09,178,8.91,0
e1-100,binary,100,bot_154,3188,b,14,47.06,25,127.63,110,-17.63,0
e1-100,binary,100,bot_154,3188,b,16,36.77,25,135.12,118,-17.12,0
e1-100,binary,100,bot_154,3188,b,18,26.62,25,145.43,118,-27.43,0
e1-100,binary,100,bot_154,3188,b,20,13.64,25,131.56,86,-45.56,0
e1-100,binary,100,bot_154,3188,b,22,82.65,25,153.28,109,-44.28,0
e1-100,binary,100,bot_154,3188,b,24,75.08,25,87.7,109,21.3,0
e1-100,binary,100,bot_154,3188,b,26,66.94,25,100.43,139,38.57,0
e1-100,binary,100,bot_154,3188,b,28,68.26,25,78.45,79,0.55,0
e1-100,binary,100,bot_154,3188,b,30,55.14,25,96.63,108,11.37,0
e1-100,binary,100,bot_154,3188,b,32,56.82,25,110.93,107,-3.93,0
e1-100,binary,100,bot_154,3188,b,34,66.44,25,94.38,90,-4.38,0
e1-100,binary,100,bot_154,3188,b,36,37.98,25,150.47,129,-21.47,0
e1-100,binary,100,bot_154,3188,b,38,17.74,25,121.75,112,-9.75,0
e1-100,binary,100,bot_154,3188,b,40,19.03,25,128.92,101,-27.92,0
e1-100,binary,100,bot_154,3188,b,42,10.5,25,117.79,95,-22.79,0
e1-100,binary,100,bot_154,3188,b,44,35.26,25,74.44,69,-5.44,0
e1-100,binary,100,bot_154,3188,b,46,16.59,25,97.84,74,-23.84,0
e1-100,binary,100,bot_154,3188,b,48,23.08,25,91.85,78,-13.85,0
e1-100,binary,100,bot_154,3188,b,50,22.11,25,111.02,93,-18.02,0
e1-100,binary,100,bot_154,3188,b,52,10.11,25,98.12,69,-29.12,0
e1-100,binary,100,bot_154,3188,b,54,10.47,25,95.61,68,-27.61,0
e1-100,binary,100,bot_154,3188,b,56,6.53,25,97.49,59,-38.49,0
e1-100,binary,100,bot_154,3188,b,58,8.82,25,101.95,67,-34.95,0
e1-100,binary,100,bot_154,3188,b,60,14.59,25,58.78,57,-1.78,0
e1-100,binary,100,bot_155,3189,w,1,105.41,25,123.31,150,26.69,0
e1-100,binary,100,bot_155,3189,w,3,108.43,25,142.77,155,12.23,0
e1-100,binary,100,bot_155,3189,w,5,87.77,25,170.42,201,30.58,0
e1-100,binary,100,bot_155,3189,w,7,161.42,25,147.63,153,5.38,0
e1-100,binary,100,bot_155,3189,w,9,78.1,25,136.46,144,7.54,0
e1-100,binary,100,bot_155,3189,w,11,47.32,25,172.71,169,-3.71,0
e1-100,binary,100,bot_155,3189,w,13,44.35,25,130.29,100,-30.29,0
e1-100,binary,100,bot_155,3189,w,15,34.19,25,137.77,106,-31.77,0
e1-100,binary,100,bot_155,3189,w,17,25.29,25,146.89,105,-41.89,0
e1-100,binary,100,bot_155,3189,w,19,11.19,25,134,75,-59,0
e1-100,binary,100,bot_155,3189,w,21,73.2,25,69.68,105,35.32,0
e1-100,binary,100,bot_155,3189,w,23,71.89,25,90.84,96,5.16,0
e1-100,binary,100,bot_155,3189,w,25,60.95,25,105.74,127,21.26,0
e1-100,binary,100,bot_155,3189,w,27,65.41,25,81.21,66,-15.21,0
e1-100,binary,100,bot_155,3189,w,29,53.26,25,98.4,95,-3.4,0
e1-100,binary,100,bot_155,3189,w,31,53.55,25,113.8,94,-19.8,0
e1-100,binary,100,bot_155,3189,w,33,63.44,25,97.51,75,-22.51,0
e1-100,binary,100,bot_155,3189,w,35,34.45,25,154.68,118,-36.68,0
e1-100,binary,100,bot_155,3189,w,37,16.43,25,122.92,96,-26.92,0
e1-100,binary,100,bot_155,3189,w,39,17.23,25,130.68,90,-40.68,0
e1-100,binary,100,bot_155,3189,w,41,9.25,25,118.69,83,-35.69,0
e1-100,binary,100,bot_155,3189,w,43,34.43,25,75.19,55,-20.19,0
e1-100,binary,100,bot_155,3189,w,45,14.89,25,99.56,62,-37.56,0
e1-100,binary,100,bot_155,3189,w,47,22.16,25,92.7,65,-27.7,0
e1-100,binary,100,bot_155,3189,w,49,19.72,25,113.35,83,-30.35,0
e1-100,binary,100,bot_155,3189,w,51,8.57,25,99.64,59,-40.64,0
e1-100,binary,100,bot_155,3189,w,53,8.73,25,97.31,54,-43.31,0
e1-100,binary,100,bot_155,3189,w,55,4.26,25,99.75,51,-48.75,0
e1-100,binary,100,bot_155,3189,w,57,45.86,25,104.5,57,-47.5,0
e1-100,binary,100,bot_155,3189,w,59,11.55,25,61.66,44,-17.66,0
e1-100,binary,100,bot_156,3189,b,2,79.63,25,132.27,183,50.73,0
e1-100,binary,100,bot_156,3189,b,4,97.24,25,173.72,226,52.28,0
e1-100,binary,100,bot_156,3189,b,6,71.18,25,135.24,167,31.76,0
e1-100,binary,100,bot_156,3189,b,8,77.4,25,114.34,213,98.66,0
e1-100,binary,100,bot_156,3189,b,10,65.91,25,148.74,165,16.26,0
e1-100,binary,100,bot_156,3189,b,12,39.28,25,105.84,90,-15.84,0
e1-100,binary,100,bot_156,3189,b,14,37.72,25,153.75,135,-18.75,0
e1-100,binary,100,bot_156,3189,b,16,27.75,25,125.35,97,-28.35,0
e1-100,binary,100,bot_156,3189,b,18,11.7,25,139.11,103,-36.11,0
e1-100,binary,100,bot_156,3189,b,20,105.19,25,178.3,127,-51.3,0
e1-100,binary,100,bot_156,3189,b,22,75.24,25,98.69,110,11.31,0
e1-100,binary,100,bot_156,3189,b,24,92.11,25,112.56,122,9.44,0
e1-100,binary,100,bot_156,3189,b,26,54.99,25,77.73,76,-1.73,0
e1-100,binary,100,bot_156,3189,b,28,66.63,25,78.04,81,2.96,0
e1-100,binary,100,bot_156,3189,b,30,50.38,25,93.83,85,-8.83,0
e1-100,binary,100,bot_156,3189,b,32,47.12,25,87.75,78,-9.75,0
e1-100,binary,100,bot_156,3189,b,34,32.49,25,93.92,94,0.08,0
e1-100,binary,100,bot_156,3189,b,36,28.07,25,127.42,114,-13.42,0
e1-100,binary,100,bot_156,3189,b,38,13.52,25,122.37,90,-32.37,0
e1-100,binary,100,bot_156,3189,b,40,17.69,25,121.36,90,-31.36,0
e1-100,binary,100,bot_156,3189,b,42,35.27,25,109.78,71,-38.78,0
e1-100,binary,100,bot_156,3189,b,44,16.94,25,84.32,70,-14.32,0
e1-100,binary,100,bot_156,3189,b,46,26.12,25,112.29,79,-33.29,0
e1-100,binary,100,bot_156,3189,b,48,24.04,25,117.71,92,-25.71,0
e1-100,binary,100,bot_156,3189,b,50,12.99,25,86.34,57,-29.34,0
e1-100,binary,100,bot_156,3189,b,52,11.68,25,81.05,41,-40.05,0
e1-100,binary,100,bot_156,3189,b,54,4.53,25,93.9,53,-40.9,0
e1-100,binary,100,bot_156,3189,b,56,6.89,25,97.71,53,-44.71,0
e1-100,binary,100,bot_156,3189,b,58,36.32,25,59.29,56,-3.29,0
e1-100,binary,100,bot_156,3189,b,60,5.63,25,64.26,27,-37.26,0
e1-100,binary,100,bot_157,3190,w,1,81.08,25,131.3,203,71.7,0
e1-100,binary,100,bot_157,3190,w,3,98.69,25,172.42,237,64.58,0
e1-100,binary,100,bot_157,3190,w,5,72.45,25,133.96,176,42.04,0
e1-100,binary,100,bot_157,3190,w,7,49.6,25,117,148,31,0
e1-100,binary,100,bot_157,3190,w,9,48.81,25,168.5,172,3.5,0
e1-100,binary,100,bot_157,3190,w,11,34.77,25,136.46,148,11.54,0
e1-100,binary,100,bot_157,3190,w,13,34.52,25,139.86,134,-5.86,0
e1-100,binary,100,bot_157,3190,w,15,24.14,25,139.11,121,-18.11,0
e1-100,binary,100,bot_157,3190,w,17,24.34,25,149.6,129,-20.6,0
e1-100,binary,100,bot_157,3190,w,19,99.79,25,150.96,120,-30.96,0
e1-100,binary,100,bot_157,3190,w,21,65.25,25,100.23,105,4.77,0
e1-100,binary,100,bot_157,3190,w,23,66.38,25,106.36,122,15.64,0
e1-100,binary,100,bot_157,3190,w,25,40.75,25,109.7,118,8.3,0
e1-100,binary,100,bot_157,3190,w,27,39.46,25,102.75,97,-5.75,0
e1-100,binary,100,bot_157,3190,w,29,34.76,25,104.04,98,-6.04,0
e1-100,binary,100,bot_157,3190,w,31,15.09,25,139.52,126,-13.52,0
e1-100,binary,100,bot_157,3190,w,33,75.18,25,147.36,116,-31.36,0
e1-100,binary,100,bot_157,3190,w,35,62.51,25,91.82,131,39.18,0
e1-100,binary,100,bot_157,3190,w,37,57.82,25,78.14,104,25.86,0
e1-100,binary,100,bot_157,3190,w,39,45.93,25,89.51,124,34.49,0
e1-100,binary,100,bot_157,3190,w,41,21.26,25,71.42,87,15.58,0
e1-100,binary,100,bot_157,3190,w,43,12.72,25,92.66,85,-7.66,0
e1-100,binary,100,bot_157,3190,w,45,8.03,25,112.35,99,-13.35,0
e1-100,binary,100,bot_157,3190,w,47,72.02,25,127.34,103,-24.34,0
e1-100,binary,100,bot_157,3190,w,49,7.66,25,56.13,84,27.87,0
e1-100,binary,100,bot_157,3190,w,51,31.9,25,60.44,67,6.56,0
e1-100,binary,100,bot_157,3190,w,53,20.09,25,78.74,73,-5.74,0
e1-100,binary,100,bot_157,3190,w,55,22.11,25,82.02,64,-18.02,0
e1-100,binary,100,bot_157,3190,w,57,8.28,25,88.54,70,-18.54,0
e1-100,binary,100,bot_157,3190,w,59,9.06,25,61.48,44,-17.48,0
e1-100,binary,100,bot_158,3190,b,2,109.79,25,141.34,168,26.66,0
e1-100,binary,100,bot_158,3190,b,4,89.19,25,168.87,212,43.13,0
e1-100,binary,100,bot_158,3190,b,6,74.8,25,146.23,163,16.77,0
e1-100,binary,100,bot_158,3190,b,8,47.95,25,168.21,167,-1.21,0
e1-100,binary,100,bot_158,3190,b,10,55.71,25,178.17,176,-2.17,0
e1-100,binary,100,bot_158,3190,b,12,38.61,25,123.42,108,-15.42,0
e1-100,binary,100,bot_158,3190,b,14,25.47,25,155.25,139,-16.25,0
e1-100,binary,100,bot_158,3190,b,16,23.78,25,148.8,123,-25.8,0
e1-100,binary,100,bot_158,3190,b,18,13.84,25,115.83,90,-25.83,0
e1-100,binary,100,bot_158,3190,b,20,49.54,25,115.68,166,50.32,0
e1-100,binary,100,bot_158,3190,b,22,60.45,25,107.51,123,15.49,0
e1-100,binary,100,bot_158,3190,b,24,51.37,25,140.79,156,15.21,0
e1-100,binary,100,bot_158,3190,b,26,39.22,25,97.21,87,-10.21,0
e1-100,binary,100,bot_158,3190,b,28,37.72,25,126.08,116,-10.08,0
e1-100,binary,100,bot_158,3190,b,30,30.21,25,122.47,107,-15.47,0
e1-100,binary,100,bot_158,3190,b,32,12.83,25,121.58,86,-35.58,0
e1-100,binary,100,bot_158,3190,b,34,73.72,25,113.29,138,24.71,0
e1-100,binary,100,bot_158,3190,b,36,59.29,25,84.6,108,23.4,0
e1-100,binary,100,bot_158,3190,b,38,68.53,25,78.65,96,17.35,0
e1-100,binary,100,bot_158,3190,b,40,51.88,25,79.78,86,6.22,0
e1-100,binary,100,bot_158,3190,b,42,27.45,25,83.79,65,-18.79,0
e1-100,binary,100,bot_158,3190,b,44,20.85,25,99.2,72,-27.2,0
e1-100,binary,100,bot_158,3190,b,46,9.19,25,105.78,75,-30.78,0
e1-100,binary,100,bot_158,3190,b,48,63.8,25,70.63,103,32.37,0
e1-100,binary,100,bot_158,3190,b,50,41.4,25,103.28,72,-31.28,0
e1-100,binary,100,bot_158,3190,b,52,30.18,25,76.57,69,-7.57,0
e1-100,binary,100,bot_158,3190,b,54,16.89,25,87.61,68,-19.61,0
e1-100,binary,100,bot_158,3190,b,56,17.24,25,93.89,76,-17.89,0
e1-100,binary,100,bot_158,3190,b,58,18.18,25,94.1,63,-31.1,0
e1-100,binary,100,bot_158,3190,b,60,8.8,25,88.3,58,-30.3,0
e1-100,binary,100,bot_159,3191,w,1,113.66,25,137.57,181,43.43,0
e1-100,binary,100,bot_159,3191,w,3,93.38,25,164.51,211,46.49,0
e1-100,binary,100,bot_159,3191,w,5,78.1,25,143.22,160,16.78,0
e1-100,binary,100,bot_159,3191,w,7,51.7,25,165.22,165,-0.22,0
e1-100,binary,100,bot_159,3191,w,9,60.89,25,173.46,174,0.54,0
e1-100,binary,100,bot_159,3191,w,11,40.91,25,121.1,107,-14.1,0
e1-100,binary,100,bot_159,3191,w,13,28.11,25,153.12,137,-16.12,0
e1-100,binary,100,bot_159,3191,w,15,25.72,25,146.54,121,-25.54,0
e1-100,binary,100,bot_159,3191,w,17,15.51,25,114.19,92,-22.19,0
e1-100,binary,100,bot_159,3191,w,19,13.61,25,186.65,150,-36.65,0
e1-100,binary,100,bot_159,3191,w,21,65.93,25,102.01,133,30.99,0
e1-100,binary,100,bot_159,3191,w,23,54.28,25,137.51,155,17.49,0
e1-100,binary,100,bot_159,3191,w,25,43.7,25,93.13,85,-8.13,0
e1-100,binary,100,bot_159,3191,w,27,42.85,25,121.46,111,-10.46,0
e1-100,binary,100,bot_159,3191,w,29,33.52,25,118.97,105,-13.97,0
e1-100,binary,100,bot_159,3191,w,31,15.92,25,118.08,86,-32.08,0
e1-100,binary,100,bot_159,3191,w,33,86.48,25,168.72,128,-40.72,0
e1-100,binary,100,bot_159,3191,w,35,61.35,25,82.83,104,21.17,0
e1-100,binary,100,bot_159,3191,w,37,70.75,25,76.29,94,17.71,0
e1-100,binary,100,bot_159,3191,w,39,54.28,25,77.64,83,5.36,0
e1-100,binary,100,bot_159,3191,w,41,30.06,25,81.18,62,-19.18,0
e1-100,binary,100,bot_159,3191,w,43,22.65,25,97.41,70,-27.41,0
e1-100,binary,100,bot_159,3191,w,45,12.93,25,101.65,70,-31.65,0
e1-100,binary,100,bot_159,3191,w,47,74.16,25,124.48,92,-32.48,0
e1-100,binary,100,bot_159,3191,w,49,43.24,25,102.41,70,-32.41,0
e1-100,binary,100,bot_159,3191,w,51,32.92,25,73.91,64,-9.91,0
e1-100,binary,100,bot_159,3191,w,53,18.8,25,85.63,66,-19.63,0
e1-100,binary,100,bot_159,3191,w,55,20.92,25,90.08,72,-18.08,0
e1-100,binary,100,bot_159,3191,w,57,24.55,25,87.49,54,-33.49,0
e1-100,binary,100,bot_159,3191,w,59,11.89,25,85,53,-32,0
e1-100,binary,100,bot_160,3191,b,2,105.8,25,165.5,226,60.5,0
e1-100,binary,100,bot_160,3191,b,4,75.6,25,130.49,169,38.51,0
e1-100,binary,100,bot_160,3191,b,6,52.12,25,114.03,142,27.97,0
e1-100,binary,100,bot_160,3191,b,8,53.83,25,162.74,164,1.26,0
e1-100,binary,100,bot_160,3191,b,10,38.24,25,133.23,144,10.77,0
e1-100,binary,100,bot_160,3191,b,12,37.97,25,136.09,127,-9.09,0
e1-100,binary,100,bot_160,3191,b,14,27.38,25,135.83,114,-21.83,0
e1-100,binary,100,bot_160,3191,b,16,30.25,25,144.01,120,-24.01,0
e1-100,binary,100,bot_160,3191,b,18,17.62,25,148,114,-34,0
e1-100,binary,100,bot_160,3191,b,20,84.12,25,131.53,95,-36.53,0
e1-100,binary,100,bot_160,3191,b,22,70.68,25,101.93,118,16.07,0
e1-100,binary,100,bot_160,3191,b,24,44.76,25,105.79,110,4.21,0
e1-100,binary,100,bot_160,3191,b,26,42.65,25,98.95,92,-6.95,0
e1-100,binary,100,bot_160,3191,b,28,38.18,25,100.49,94,-6.49,0
e1-100,binary,100,bot_160,3191,b,30,21.27,25,133.5,117,-16.5,0
e1-100,binary,100,bot_160,3191,b,32,12.31,25,142.94,108,-34.94,0
e1-100,binary,100,bot_160,3191,b,34,64.59,25,89.72,138,48.28,0
e1-100,binary,100,bot_160,3191,b,36,60.11,25,75.85,99,23.15,0
e1-100,binary,100,bot_160,3191,b,38,47.57,25,87.81,120,32.19,0
e1-100,binary,100,bot_160,3191,b,40,22.71,25,69.97,84,14.03,0
e1-100,binary,100,bot_160,3191,b,42,14.32,25,91.05,82,-9.05,0
e1-100,binary,100,bot_160,3191,b,44,10.99,25,109.4,94,-15.4,0
e1-100,binary,100,bot_160,3191,b,46,10,25,124.97,100,-24.97,0
e1-100,binary,100,bot_160,3191,b,48,9.7,25,53.95,90,36.05,0
e1-100,binary,100,bot_160,3191,b,50,32.29,25,60.03,64,3.97,0
e1-100,binary,100,bot_160,3191,b,52,21.66,25,77.24,71,-6.24,0
e1-100,binary,100,bot_160,3191,b,54,23.16,25,80.91,61,-19.91,0
e1-100,binary,100,bot_160,3191,b,56,9.27,25,87.61,70,-17.61,0
e1-100,binary,100,bot_160,3191,b,58,10.56,25,60.21,45,-15.21,0
e1-100,binary,100,bot_160,3191,b,60,6.17,25,77.17,51,-26.17,0
e1-100,binary,100,bot_161,3192,w,1,109.76,25,162.71,244,81.29,0
e1-100,binary,100,bot_161,3192,w,3,75.83,25,130.03,174,43.97,0
e1-100,binary,100,bot_161,3192,w,5,52.56,25,113.65,146,32.35,0
e1-100,binary,100,bot_161,3192,w,7,54.73,25,161.68,168,6.32,0
e1-100,binary,100,bot_161,3192,w,9,38.96,25,132.96,149,16.04,0
e1-100,binary,100,bot_161,3192,w,11,39.33,25,134.64,129,-5.64,0
e1-100,binary,100,bot_161,3192,w,13,28.38,25,134.9,118,-16.9,0
e1-100,binary,100,bot_161,3192,w,15,32.38,25,141.94,123,-18.94,0
e1-100,binary,100,bot_161,3192,w,17,18.83,25,146.7,116,-30.7,0
e1-100,binary,100,bot_161,3192,w,19,15.98,25,129.78,99,-30.78,0
e1-100,binary,100,bot_161,3192,w,21,72.33,25,100.25,131,30.75,0
e1-100,binary,100,bot_161,3192,w,23,46.8,25,104.06,115,10.94,0
e1-100,binary,100,bot_161,3192,w,25,43.69,25,97.53,97,-0.53,0
e1-100,binary,100,bot_161,3192,w,27,39.43,25,99.24,99,-0.24,0
e1-100,binary,100,bot_161,3192,w,29,23.84,25,130.88,120,-10.88,0
e1-100,binary,100,bot_161,3192,w,31,13.49,25,141.54,113,-28.54,0
e1-100,binary,100,bot_161,3192,w,33,12.23,25,152.15,118,-34.15,0
e1-100,binary,100,bot_161,3192,w,35,79.98,25,122.85,94,-28.85,0
e1-100,binary,100,bot_161,3192,w,37,55.58,25,79.35,126,46.65,0
e1-100,binary,100,bot_161,3192,w,39,29.59,25,62.57,88,25.43,0
e1-100,binary,100,bot_161,3192,w,41,22.53,25,82.84,91,8.16,0
e1-100,binary,100,bot_161,3192,w,43,24.25,25,96,93,-3,0
e1-100,binary,100,bot_161,3192,w,45,24.51,25,109.64,99,-10.64,0
e1-100,binary,100,bot_161,3192,w,47,12.64,25,107.48,96,-11.48,0
e1-100,binary,100,bot_161,3192,w,49,9.79,25,97.95,76,-21.95,0
e1-100,binary,100,bot_161,3192,w,51,44.62,25,99.26,70,-29.26,0
e1-100,binary,100,bot_161,3192,w,53,33.98,25,69.47,66,-3.47,0
e1-100,binary,100,bot_161,3192,w,55,22.79,25,74.66,76,1.34,0
e1-100,binary,100,bot_161,3192,w,57,11.27,25,67.34,53,-14.34,0
e1-100,binary,100,bot_161,3192,w,59,19.13,25,64.14,54,-10.14,0
e1-100,binary,100,bot_162,3192,b,2,95.14,25,162.95,214,51.05,0
e1-100,binary,100,bot_162,3192,b,4,79.74,25,141.58,158,16.42,0
e1-100,binary,100,bot_162,3192,b,6,53.47,25,163.52,163,-0.52,0
e1-100,binary,100,bot_162,3192,b,8,63.73,25,170.56,172,1.44,0
e1-100,binary,100,bot_162,3192,b,10,42.78,25,119.19,105,-14.19,0
e1-100,binary,100,bot_162,3192,b,12,29.78,25,151.5,136,-15.5,0
e1-100,binary,100,bot_162,3192,b,14,27.46,25,144.79,120,-24.79,0
e1-100,binary,100,bot_162,3192,b,16,17.49,25,112.17,91,-21.17,0
e1-100,binary,100,bot_162,3192,b,18,16.81,25,183.47,149,-34.47,0
e1-100,binary,100,bot_162,3192,b,20,78.72,25,158.95,122,-36.95,0
e1-100,binary,100,bot_162,3192,b,22,58.44,25,133.29,152,18.71,0
e1-100,binary,100,bot_162,3192,b,24,46.84,25,89.99,83,-6.99,0
e1-100,binary,100,bot_162,3192,b,26,45.54,25,118.9,109,-9.9,0
e1-100,binary,100,bot_162,3192,b,28,36.09,25,116.41,101,-15.41,0
e1-100,binary,100,bot_162,3192,b,30,17.77,25,116.25,86,-30.25,0
e1-100,binary,100,bot_162,3192,b,32,12.75,25,165.74,125,-40.74,0
e1-100,binary,100,bot_162,3192,b,34,8.11,25,134.57,105,-29.57,0
e1-100,binary,100,bot_162,3192,b,36,84.21,25,62.74,101,38.26,0
e1-100,binary,100,bot_162,3192,b,38,62.92,25,69.91,85,15.09,0
e1-100,binary,100,bot_162,3192,b,40,44.83,25,66.79,56,-10.79,0
e1-100,binary,100,bot_162,3192,b,42,33.24,25,86.81,68,-18.81,0
e1-100,binary,100,bot_162,3192,b,44,27.15,25,87.5,69,-18.5,0
e1-100,binary,100,bot_162,3192,b,46,25.35,25,106.34,89,-17.34,0
e1-100,binary,100,bot_162,3192,b,48,14.66,25,89,60,-29,0
e1-100,binary,100,bot_162,3192,b,50,7.79,25,90.84,59,-31.84,0
e1-100,binary,100,bot_162,3192,b,52,34.12,25,70.18,73,2.82,0
e1-100,binary,100,bot_162,3192,b,54,37.92,25,73.13,66,-7.13,0
e1-100,binary,100,bot_162,3192,b,56,22.8,25,68.21,48,-20.21,0
e1-100,binary,100,bot_162,3192,b,58,27.37,25,83.11,53,-30.11,0
e1-100,binary,100,bot_162,3192,b,60,21.78,25,55.91,34,-21.91,0
e1-100,binary,100,bot_163,3193,w,1,98.71,25,159.11,218,58.89,0
e1-100,binary,100,bot_163,3193,w,3,85.71,25,135.78,148,12.22,0
e1-100,binary,100,bot_163,3193,w,5,62.4,25,154.83,153,-1.83,0
e1-100,binary,100,bot_163,3193,w,7,70.83,25,163.14,165,1.86,0
e1-100,binary,100,bot_163,3193,w,9,48.02,25,113.92,98,-15.92,0
e1-100,binary,100,bot_163,3193,w,11,35.52,25,146,131,-15,0
e1-100,binary,100,bot_163,3193,w,13,33.51,25,138.59,113,-25.59,0
e1-100,binary,100,bot_163,3193,w,15,19,25,110.75,94,-16.75,0
e1-100,binary,100,bot_163,3193,w,17,19.47,25,181.02,142,-39.02,0
e1-100,binary,100,bot_163,3193,w,19,11.9,25,157.47,117,-40.47,0
e1-100,binary,100,bot_163,3193,w,21,60.56,25,131.29,161,29.71,0
e1-100,binary,100,bot_163,3193,w,23,49.17,25,87.66,78,-9.66,0
e1-100,binary,100,bot_163,3193,w,25,48.23,25,116.95,103,-13.95,0
e1-100,binary,100,bot_163,3193,w,27,38.86,25,113.63,95,-18.63,0
e1-100,binary,100,bot_163,3193,w,29,19.17,25,114.87,83,-31.87,0
e1-100,binary,100,bot_163,3193,w,31,17.75,25,160.74,117,-43.74,0
e1-100,binary,100,bot_163,3193,w,33,73.29,25,136.63,106,-30.63,0
e1-100,binary,100,bot_163,3193,w,35,82.01,25,64.9,91,26.1,0
e1-100,binary,100,bot_163,3193,w,37,60.84,25,71.86,81,9.14,0
e1-100,binary,100,bot_163,3193,w,39,42.3,25,69.14,52,-17.14,0
e1-100,binary,100,bot_163,3193,w,41,30.9,25,89.14,63,-26.14,0
e1-100,binary,100,bot_163,3193,w,43,24.09,25,90.45,64,-26.45,0
e1-100,binary,100,bot_163,3193,w,45,22.35,25,109.33,83,-26.33,0
e1-100,binary,100,bot_163,3193,w,47,11.68,25,92.01,55,-37.01,0
e1-100,binary,100,bot_163,3193,w,49,48.75,25,94.55,56,-38.55,0
e1-100,binary,100,bot_163,3193,w,51,28.13,25,76.18,63,-13.18,0
e1-100,binary,100,bot_163,3193,w,53,31.47,25,79.6,65,-14.6,0
e1-100,binary,100,bot_163,3193,w,55,17.48,25,73.64,47,-26.64,0
e1-100,binary,100,bot_163,3193,w,57,22.56,25,87.95,53,-34.95,0
e1-100,binary,100,bot_163,3193,w,59,17.51,25,60.34,31,-29.34,0
e1-100,binary,100,bot_164,3193,b,2,79.36,25,126.48,152,25.52,0
e1-100,binary,100,bot_164,3193,b,4,55.69,25,110.57,132,21.43,0
e1-100,binary,100,bot_164,3193,b,6,60.38,25,155.86,154,-1.86,0
e1-100,binary,100,bot_164,3193,b,8,43.04,25,129.24,136,6.76,0
e1-100,binary,100,bot_164,3193,b,10,43.63,25,130.12,113,-17.12,0
e1-100,binary,100,bot_164,3193,b,12,32.09,25,131.29,103,-28.29,0
e1-100,binary,100,bot_164,3193,b,14,41.69,25,132.67,102,-30.67,0
e1-100,binary,100,bot_164,3193,b,16,19.78,25,145.8,101,-44.8,0
e1-100,binary,100,bot_164,3193,b,18,18.41,25,127.28,83,-44.28,0
e1-100,binary,100,bot_164,3193,b,20,89.07,25,151.92,100,-51.92,0
e1-100,binary,100,bot_164,3193,b,22,48.52,25,102.4,99,-3.4,0
e1-100,binary,100,bot_164,3193,b,24,44.9,25,95.72,80,-15.72,0
e1-100,binary,100,bot_164,3193,b,26,40.8,25,97.87,83,-14.87,0
e1-100,binary,100,bot_164,3193,b,28,26.03,25,128.7,104,-24.7,0
e1-100,binary,100,bot_164,3193,b,30,15.74,25,139.18,95,-44.18,0
e1-100,binary,100,bot_164,3193,b,32,15.86,25,149.37,104,-45.37,0
e1-100,binary,100,bot_164,3193,b,34,72.8,25,62.68,87,24.32,0
e1-100,binary,100,bot_164,3193,b,36,54.49,25,80.7,113,32.3,0
e1-100,binary,100,bot_164,3193,b,38,28.2,25,64.44,75,10.56,0
e1-100,binary,100,bot_164,3193,b,40,20.4,25,85.03,77,-8.03,0
e1-100,binary,100,bot_164,3193,b,42,20.11,25,100.32,82,-18.32,0
e1-100,binary,100,bot_164,3193,b,44,20.1,25,114.36,89,-25.36,0
e1-100,binary,100,bot_164,3193,b,46,8.95,25,111.04,84,-27.04,0
e1-100,binary,100,bot_164,3193,b,48,7.04,25,100.41,62,-38.41,0
e1-100,binary,100,bot_164,3193,b,50,32.64,25,66.5,65,-1.5,0
e1-100,binary,100,bot_164,3193,b,52,31.73,25,71.87,49,-22.87,0
e1-100,binary,100,bot_164,3193,b,54,20.11,25,77.09,60,-17.09,0
e1-100,binary,100,bot_164,3193,b,56,10.03,25,68.15,36,-32.15,0
e1-100,binary,100,bot_164,3193,b,58,15.83,25,67.37,40,-27.37,0
e1-100,binary,100,bot_164,3193,b,60,14.49,25,57.71,26,-31.71,0
e1-100,binary,100,bot_165,3194,w,1,81.54,25,124.87,184,59.13,0
e1-100,binary,100,bot_165,3194,w,3,58.46,25,108.04,145,36.96,0
e1-100,binary,100,bot_165,3194,w,5,65.59,25,150.98,165,14.02,0
e1-100,binary,100,bot_165,3194,w,7,44.76,25,127.89,155,27.11,0
e1-100,binary,100,bot_165,3194,w,9,45.37,25,128.14,123,-5.14,0
e1-100,binary,100,bot_165,3194,w,11,33.7,25,129.77,113,-16.77,0
e1-100,binary,100,bot_165,3194,w,13,42.69,25,131.86,114,-17.86,0
e1-100,binary,100,bot_165,3194,w,15,22.17,25,143.41,109,-34.41,0
e1-100,binary,100,bot_165,3194,w,17,21.69,25,123.7,92,-31.7,0
e1-100,binary,100,bot_165,3194,w,19,18.22,25,148.51,108,-40.51,0
e1-100,binary,100,bot_165,3194,w,21,58.81,25,153.86,119,-34.86,0
e1-100,binary,100,bot_165,3194,w,23,46.78,25,94.12,92,-2.12,0
e1-100,binary,100,bot_165,3194,w,25,43.46,25,95.29,95,-0.29,0
e1-100,binary,100,bot_165,3194,w,27,30.63,25,124.22,113,-11.22,0
e1-100,binary,100,bot_165,3194,w,29,19.57,25,134.97,103,-31.97,0
e1-100,binary,100,bot_165,3194,w,31,15.57,25,147.45,118,-29.45,0
e1-100,binary,100,bot_165,3194,w,33,8.59,25,120.23,87,-33.23,0
e1-100,binary,100,bot_165,3194,w,35,56.98,25,78.18,127,48.82,0
e1-100,binary,100,bot_165,3194,w,37,31.48,25,60.34,82,21.66,0
e1-100,binary,100,bot_165,3194,w,39,24.96,25,80.36,83,2.64,0
e1-100,binary,100,bot_165,3194,w,41,29.23,25,90.99,84,-6.99,0
e1-100,binary,100,bot_165,3194,w,43,26.8,25,107.15,93,-14.15,0
e1-100,binary,100,bot_165,3194,w,45,15.38,25,104.89,90,-14.89,0
e1-100,binary,100,bot_165,3194,w,47,11.92,25,95.91,69,-26.91,0
e1-100,binary,100,bot_165,3194,w,49,9.82,25,96.55,66,-30.55,0
e1-100,binary,100,bot_165,3194,w,51,35.17,25,68.14,69,0.86,0
e1-100,binary,100,bot_165,3194,w,53,24.97,25,72.53,72,-0.53,0
e1-100,binary,100,bot_165,3194,w,55,12.77,25,66.1,51,-15.1,0
e1-100,binary,100,bot_165,3194,w,57,3.46,25,62.46,49,-13.46,0
e1-100,binary,100,bot_165,3194,w,59,16.88,25,56.01,39,-17.01,0
e1-100,binary,100,bot_166,3194,b,2,92.61,25,128.74,144,15.26,0
e1-100,binary,100,bot_166,3194,b,4,70.19,25,146.6,146,-0.6,0
e1-100,binary,100,bot_166,3194,b,6,83.08,25,150.58,156,5.42,0
e1-100,binary,100,bot_166,3194,b,8,50.64,25,111.71,97,-14.71,0
e1-100,binary,100,bot_166,3194,b,10,39.07,25,142.56,128,-14.56,0
e1-100,binary,100,bot_166,3194,b,12,37.71,25,134.27,109,-25.27,0
e1-100,binary,100,bot_166,3194,b,14,21.44,25,107.89,92,-15.89,0
e1-100,binary,100,bot_166,3194,b,16,23.92,25,176.8,139,-37.8,0
e1-100,binary,100,bot_166,3194,b,18,15.98,25,153.53,116,-37.53,0
e1-100,binary,100,bot_166,3194,b,20,19.99,25,184.33,143,-41.33,0
e1-100,binary,100,bot_166,3194,b,22,54.42,25,82.18,82,-0.18,0
e1-100,binary,100,bot_166,3194,b,24,55.25,25,109.79,97,-12.79,0
e1-100,binary,100,bot_166,3194,b,26,43.27,25,109.07,93,-16.07,0
e1-100,binary,100,bot_166,3194,b,28,24.41,25,109.54,80,-29.54,0
e1-100,binary,100,bot_166,3194,b,30,26.38,25,152.06,112,-40.06,0
e1-100,binary,100,bot_166,3194,b,32,9.94,25,135.13,105,-30.12,0
e1-100,binary,100,bot_166,3194,b,34,92.12,25,128.34,91,-37.34,0
e1-100,binary,100,bot_166,3194,b,36,64.3,25,68.75,81,12.25,0
e1-100,binary,100,bot_166,3194,b,38,46.08,25,65.88,52,-13.88,0
e1-100,binary,100,bot_166,3194,b,40,35.76,25,84.34,63,-21.34,0
e1-100,binary,100,bot_166,3194,b,42,28.22,25,86.46,69,-17.46,0
e1-100,binary,100,bot_166,3194,b,44,27.87,25,103.81,84,-19.81,0
e1-100,binary,100,bot_166,3194,b,46,16.17,25,87.35,57,-30.35,0
e1-100,binary,100,bot_166,3194,b,48,12.46,25,86.14,53,-33.14,0
e1-100,binary,100,bot_166,3194,b,50,43.18,25,98.5,62,-36.5,0
e1-100,binary,100,bot_166,3194,b,52,41.98,25,68.95,58,-10.95,0
e1-100,binary,100,bot_166,3194,b,54,27.29,25,63.58,42,-21.58,0
e1-100,binary,100,bot_166,3194,b,56,29.4,25,81.05,49,-32.05,0
e1-100,binary,100,bot_166,3194,b,58,25.91,25,68.8,27,-41.8,0
e1-100,binary,100,bot_166,3194,b,60,5.82,25,56.38,27,-29.38,0
e1-100,binary,100,bot_167,3195,w,1,93.36,25,126.61,160,33.39,0
e1-100,binary,100,bot_167,3195,w,3,72.42,25,144.52,151,6.48,0
e1-100,binary,100,bot_167,3195,w,5,86.85,25,146.86,161,14.14,0
e1-100,binary,100,bot_167,3195,w,7,55.58,25,107.03,100,-7.03,0
e1-100,binary,100,bot_167,3195,w,9,42.43,25,139.63,132,-7.63,0
e1-100,binary,100,bot_167,3195,w,11,43.11,25,128.79,111,-17.79,0
e1-100,binary,100,bot_167,3195,w,13,25.53,25,103.37,95,-8.37,0
e1-100,binary,100,bot_167,3195,w,15,30.31,25,170.65,142,-28.65,0
e1-100,binary,100,bot_167,3195,w,17,20.52,25,149.28,122,-27.28,0
e1-100,binary,100,bot_167,3195,w,19,27.39,25,176.64,145,-31.64,0
e1-100,binary,100,bot_167,3195,w,21,13.55,25,118.66,74,-44.66,0
e1-100,binary,100,bot_167,3195,w,23,61.21,25,103.62,106,2.38,0
e1-100,binary,100,bot_167,3195,w,25,49.09,25,103.17,92,-11.17,0
e1-100,binary,100,bot_167,3195,w,27,32.32,25,101.51,83,-18.51,0
e1-100,binary,100,bot_167,3195,w,29,39.51,25,138.75,106,-32.75,0
e1-100,binary,100,bot_167,3195,w,31,10.97,25,135.41,113,-22.41,0
e1-100,binary,100,bot_167,3195,w,33,7.29,25,127.55,96,-31.55,0
e1-100,binary,100,bot_167,3195,w,35,65.01,25,68.29,85,16.71,0
e1-100,binary,100,bot_167,3195,w,37,46.96,25,65.6,58,-7.6,0
e1-100,binary,100,bot_167,3195,w,39,37.22,25,82.94,68,-14.94,0
e1-100,binary,100,bot_167,3195,w,41,29.76,25,84.97,74,-10.97,0
e1-100,binary,100,bot_167,3195,w,43,29.95,25,101.83,89,-12.83,0
e1-100,binary,100,bot_167,3195,w,45,17.36,25,85.98,63,-22.98,0
e1-100,binary,100,bot_167,3195,w,47,12.56,25,86.19,59,-27.19,0
e1-100,binary,100,bot_167,3195,w,49,7.55,25,96.83,68,-28.83,0
e1-100,binary,100,bot_167,3195,w,51,45.45,25,66.15,65,-1.15,0
e1-100,binary,100,bot_167,3195,w,53,31.59,25,59.3,46,-13.3,0
e1-100,binary,100,bot_167,3195,w,55,30.89,25,79.63,54,-25.63,0
e1-100,binary,100,bot_167,3195,w,57,4.4,25,66.75,31,-35.75,0
e1-100,binary,100,bot_167,3195,w,59,6.84,25,55.2,35,-20.2,0
e1-100,binary,100,bot_168,3195,b,2,60.1,25,107.57,152,44.43,0
e1-100,binary,100,bot_168,3195,b,4,69.72,25,146.88,170,23.12,0
e1-100,binary,100,bot_168,3195,b,6,47.28,25,125.46,163,37.54,0
e1-100,binary,100,bot_168,3195,b,8,48.46,25,124.79,131,6.21,0
e1-100,binary,100,bot_168,3195,b,10,36.36,25,127.15,120,-7.15,0
e1-100,binary,100,bot_168,3195,b,12,45.45,25,129.18,122,-7.18,0
e1-100,binary,100,bot_168,3195,b,14,25.81,25,139.89,116,-23.89,0
e1-100,binary,100,bot_168,3195,b,16,27.2,25,118.06,97,-21.06,0
e1-100,binary,100,bot_168,3195,b,18,23.14,25,143.4,114,-29.4,0
e1-100,binary,100,bot_168,3195,b,20,11.34,25,151.35,130,-21.35,0
e1-100,binary,100,bot_168,3195,b,22,57.48,25,138.23,102,-36.23,0
e1-100,binary,100,bot_168,3195,b,24,45.12,25,93.8,106,12.2,0
e1-100,binary,100,bot_168,3195,b,26,35.67,25,119.25,119,-0.25,0
e1-100,binary,100,bot_168,3195,b,28,22.99,25,131.45,114,-17.45,0
e1-100,binary,100,bot_168,3195,b,30,19.97,25,142.68,133,-9.68,0
e1-100,binary,100,bot_168,3195,b,32,10.52,25,118.3,90,-28.3,0
e1-100,binary,100,bot_168,3195,b,34,58.75,25,76.37,131,54.63,0
e1-100,binary,100,bot_168,3195,b,36,34.07,25,57.55,84,26.45,0
e1-100,binary,100,bot_168,3195,b,38,27.27,25,78.04,86,7.96,0
e1-100,binary,100,bot_168,3195,b,40,31.82,25,88.4,88,-0.4,0
e1-100,binary,100,bot_168,3195,b,42,30.73,25,103.12,95,-8.12,0
e1-100,binary,100,bot_168,3195,b,44,19.21,25,101.15,93,-8.15,0
e1-100,binary,100,bot_168,3195,b,46,14.86,25,92.99,71,-21.99,0
e1-100,binary,100,bot_168,3195,b,48,13.07,25,93.19,68,-25.19,0
e1-100,binary,100,bot_168,3195,b,50,41.45,25,99.31,67,-32.31,0
e1-100,binary,100,bot_168,3195,b,52,30.23,25,67.24,75,7.76,0
e1-100,binary,100,bot_168,3195,b,54,16.45,25,62.52,56,-6.52,0
e1-100,binary,100,bot_168,3195,b,56,5.9,25,59.92,53,-6.92,0
e1-100,binary,100,bot_168,3195,b,58,22.25,25,74,39,-35,0
e1-100,binary,100,bot_168,3195,b,60,4.66,25,77.51,45,-32.51,0
e1-100,binary,100,bot_169,3196,w,1,60.71,25,106.83,177,70.17,0
e1-100,binary,100,bot_169,3196,w,3,75.53,25,140.89,176,35.11,0
e1-100,binary,100,bot_169,3196,w,5,51.27,25,121.73,169,47.27,0
e1-100,binary,100,bot_169,3196,w,7,53.68,25,119.07,132,12.93,0
e1-100,binary,100,bot_169,3196,w,9,42.51,25,121.01,124,2.99,0
e1-100,binary,100,bot_169,3196,w,11,52.79,25,121.63,126,4.37,0
e1-100,binary,100,bot_169,3196,w,13,32.44,25,132.75,117,-15.75,0
e1-100,binary,100,bot_169,3196,w,15,28.91,25,116.19,106,-10.19,0
e1-100,binary,100,bot_169,3196,w,17,24.69,25,141.61,120,-21.61,0
e1-100,binary,100,bot_169,3196,w,19,12.22,25,150.75,139,-11.75,0
e1-100,binary,100,bot_169,3196,w,21,57.53,25,138.12,111,-27.12,0
e1-100,binary,100,bot_169,3196,w,23,48.4,25,90.59,111,20.41,0
e1-100,binary,100,bot_169,3196,w,25,37.94,25,117.02,126,8.98,0
e1-100,binary,100,bot_169,3196,w,27,24.69,25,129.48,121,-8.48,0
e1-100,binary,100,bot_169,3196,w,29,22.65,25,139.86,144,4.14,0
e1-100,binary,100,bot_169,3196,w,31,12.04,25,117.4,98,-19.4,0
e1-100,binary,100,bot_169,3196,w,33,67.09,25,153.22,129,-24.22,0
e1-100,binary,100,bot_169,3196,w,35,33.65,25,57.56,93,35.44,0
e1-100,binary,100,bot_169,3196,w,37,30.7,25,74.51,87,12.49,0
e1-100,binary,100,bot_169,3196,w,39,36.61,25,83.53,90,6.47,0
e1-100,binary,100,bot_169,3196,w,41,35.98,25,97.43,96,-1.43,0
e1-100,binary,100,bot_169,3196,w,43,21.91,25,98.65,97,-1.65,0
e1-100,binary,100,bot_169,3196,w,45,18.04,25,89.99,75,-14.99,0
e1-100,binary,100,bot_169,3196,w,47,15.91,25,89.97,71,-18.97,0
e1-100,binary,100,bot_169,3196,w,49,5.68,25,97.42,74,-23.42,0
e1-100,binary,100,bot_169,3196,w,51,33.91,25,63.46,85,21.54,0
e1-100,binary,100,bot_169,3196,w,53,20.23,25,58.99,61,2.01,0
e1-100,binary,100,bot_169,3196,w,55,8.28,25,57.48,56,-1.48,0
e1-100,binary,100,bot_169,3196,w,57,7.37,25,69.15,42,-27.15,0
e1-100,binary,100,bot_169,3196,w,59,7.35,25,74.54,52,-22.54,0
e1-100,binary,100,bot_170,3196,b,2,77.4,25,139.67,152,12.33,0
e1-100,binary,100,bot_170,3196,b,4,91.42,25,142.25,169,26.75,0
e1-100,binary,100,bot_170,3196,b,6,56.79,25,106,109,3,0
e1-100,binary,100,bot_170,3196,b,8,46.86,25,135.5,140,4.5,0
e1-100,binary,100,bot_170,3196,b,10,48.14,25,123.82,119,-4.82,0
e1-100,binary,100,bot_170,3196,b,12,27.8,25,101.33,106,4.67,0
e1-100,binary,100,bot_170,3196,b,14,33.69,25,167.91,153,-14.91,0
e1-100,binary,100,bot_170,3196,b,16,22.8,25,147.05,127,-20.05,0
e1-100,binary,100,bot_170,3196,b,18,31.38,25,172.6,147,-25.6,0
e1-100,binary,100,bot_170,3196,b,20,16.48,25,115.68,78,-37.68,0
e1-100,binary,100,bot_170,3196,b,22,64.12,25,100.63,110,9.37,0
e1-100,binary,100,bot_170,3196,b,24,52.22,25,100.03,98,-2.03,0
e1-100,binary,100,bot_170,3196,b,26,35.43,25,98.4,87,-11.4,0
e1-100,binary,100,bot_170,3196,b,28,48.26,25,129.99,105,-24.99,0
e1-100,binary,100,bot_170,3196,b,30,13.16,25,132.85,118,-14.85,0
e1-100,binary,100,bot_170,3196,b,32,10.37,25,124.42,99,-25.42,0
e1-100,binary,100,bot_170,3196,b,34,67.93,25,65.46,95,29.54,0
e1-100,binary,100,bot_170,3196,b,36,47.19,25,65.59,63,-2.59,0
e1-100,binary,100,bot_170,3196,b,38,39.79,25,80.41,73,-7.41,0
e1-100,binary,100,bot_170,3196,b,40,31.69,25,83.07,81,-2.07,0
e1-100,binary,100,bot_170,3196,b,42,32.6,25,99.25,96,-3.25,0
e1-100,binary,100,bot_170,3196,b,44,19.14,25,84.16,69,-15.16,0
e1-100,binary,100,bot_170,3196,b,46,14.64,25,84.14,64,-20.14,0
e1-100,binary,100,bot_170,3196,b,48,10.76,25,93.63,71,-22.63,0
e1-100,binary,100,bot_170,3196,b,50,55.52,25,93.18,61,-32.18,0
e1-100,binary,100,bot_170,3196,b,52,35.87,25,55.05,51,-4.05,0
e1-100,binary,100,bot_170,3196,b,54,32.57,25,78,61,-17,0
e1-100,binary,100,bot_170,3196,b,56,7.32,25,63.84,36,-27.84,0
e1-100,binary,100,bot_170,3196,b,58,11.69,25,69.96,40,-29.96,0
e1-100,binary,100,bot_170,3196,b,60,13.64,25,69.91,40,-29.91,0
e1-100,binary,100,bot_171,3197,w,1,78.83,25,138.73,176,37.27,0
e1-100,binary,100,bot_171,3197,w,3,93.1,25,140.57,183,42.43,0
e1-100,binary,100,bot_171,3197,w,5,57.55,25,105.38,123,17.62,0
e1-100,binary,100,bot_171,3197,w,7,48.03,25,134.29,154,19.71,0
e1-100,binary,100,bot_171,3197,w,9,49.37,25,122.6,132,9.4,0
e1-100,binary,100,bot_171,3197,w,11,28.76,25,100.37,121,20.63,0
e1-100,binary,100,bot_171,3197,w,13,35.34,25,166.11,165,-1.11,0
e1-100,binary,100,bot_171,3197,w,15,24.56,25,145.54,143,-2.54,0
e1-100,binary,100,bot_171,3197,w,17,33.29,25,170.91,165,-5.91,0
e1-100,binary,100,bot_171,3197,w,19,18.02,25,114.22,94,-20.22,0
e1-100,binary,100,bot_171,3197,w,21,78.66,25,135.49,116,-19.49,0
e1-100,binary,100,bot_171,3197,w,23,53.94,25,98.39,118,19.61,0
e1-100,binary,100,bot_171,3197,w,25,38.14,25,95.72,103,7.28,0
e1-100,binary,100,bot_171,3197,w,27,53.36,25,124.34,116,-8.34,0
e1-100,binary,100,bot_171,3197,w,29,17.71,25,128.31,129,0.69,0
e1-100,binary,100,bot_171,3197,w,31,14.49,25,120.28,105,-15.28,0
e1-100,binary,100,bot_171,3197,w,33,75,25,118.14,103,-15.14,0
e1-100,binary,100,bot_171,3197,w,35,47.3,25,66.01,74,7.99,0
e1-100,binary,100,bot_171,3197,w,37,43.55,25,76.71,83,6.29,0
e1-100,binary,100,bot_171,3197,w,39,35.63,25,79.13,94,14.87,0
e1-100,binary,100,bot_171,3197,w,41,36.96,25,94.93,109,14.07,0
e1-100,binary,100,bot_171,3197,w,43,22.53,25,80.41,79,-1.41,0
e1-100,binary,100,bot_171,3197,w,45,17.18,25,81.58,77,-4.58,0
e1-100,binary,100,bot_171,3197,w,47,14.27,25,90.25,82,-8.25,0
e1-100,binary,100,bot_171,3197,w,49,7.58,25,91.05,71,-20.05,0
e1-100,binary,100,bot_171,3197,w,51,6.81,25,91.01,67,-24.01,0
e1-100,binary,100,bot_171,3197,w,53,33.96,25,76.51,74,-2.51,0
e1-100,binary,100,bot_171,3197,w,55,9.18,25,61.91,46,-15.91,0
e1-100,binary,100,bot_171,3197,w,57,4.27,25,68.62,52,-16.62,0
e1-100,binary,100,bot_171,3197,w,59,6.14,25,67.06,52,-15.06,0
e1-100,binary,100,bot_172,3197,b,2,77.07,25,139.26,171,31.74,0
e1-100,binary,100,bot_172,3197,b,4,51.97,25,121.06,166,44.94,0
e1-100,binary,100,bot_172,3197,b,6,54.35,25,118.34,129,10.66,0
e1-100,binary,100,bot_172,3197,b,8,43.95,25,119.62,119,-0.62,0
e1-100,binary,100,bot_172,3197,b,10,54.36,25,120.06,122,1.94,0
e1-100,binary,100,bot_172,3197,b,12,33.51,25,131.62,112,-19.62,0
e1-100,binary,100,bot_172,3197,b,14,31.42,25,113.94,100,-13.94,0
e1-100,binary,100,bot_172,3197,b,16,29.36,25,136.74,113,-23.74,0
e1-100,binary,100,bot_172,3197,b,18,15.23,25,147.79,134,-13.79,0
e1-100,binary,100,bot_172,3197,b,20,13.71,25,132.63,103,-29.63,0
e1-100,binary,100,bot_172,3197,b,22,54.98,25,83.97,115,31.03,0
e1-100,binary,100,bot_172,3197,b,24,42.78,25,112.16,120,7.84,0
e1-100,binary,100,bot_172,3197,b,26,26.97,25,127.11,117,-10.11,0
e1-100,binary,100,bot_172,3197,b,28,27.91,25,134.84,136,1.16,0
e1-100,binary,100,bot_172,3197,b,30,12.72,25,117.01,99,-18.01,0
e1-100,binary,100,bot_172,3197,b,32,11.03,25,149.58,127,-22.58,0
e1-100,binary,100,bot_172,3197,b,34,35.23,25,55.82,94,38.18,0
e1-100,binary,100,bot_172,3197,b,36,33.71,25,71.47,82,10.53,0
e1-100,binary,100,bot_172,3197,b,38,41.61,25,78.53,85,6.47,0
e1-100,binary,100,bot_172,3197,b,40,42.11,25,91.18,91,-0.18,0
e1-100,binary,100,bot_172,3197,b,42,25.16,25,95.51,95,-0.51,0
e1-100,binary,100,bot_172,3197,b,44,22.1,25,86.07,72,-14.07,0
e1-100,binary,100,bot_172,3197,b,46,19.75,25,86.02,67,-19.02,0
e1-100,binary,100,bot_172,3197,b,48,6.06,25,97.11,74,-23.11,0
e1-100,binary,100,bot_172,3197,b,50,3.12,25,95.16,66,-29.16,0
e1-100,binary,100,bot_172,3197,b,52,25.33,25,95.97,66,-29.97,0
e1-100,binary,100,bot_172,3197,b,54,10.73,25,55.02,52,-3.02,0
e1-100,binary,100,bot_172,3197,b,56,10.53,25,65.98,38,-27.98,0
e1-100,binary,100,bot_172,3197,b,58,11.17,25,79.59,47,-32.59,0
e1-100,binary,100,bot_172,3197,b,60,20.58,25,76.29,45,-31.29,0
e1-100,binary,100,bot_173,3198,w,1,86.14,25,130.35,196,65.65,0
e1-100,binary,100,bot_173,3198,w,3,58.94,25,114.38,177,62.62,0
e1-100,binary,100,bot_173,3198,w,5,60.25,25,111.39,137,25.61,0
e1-100,binary,100,bot_173,3198,w,7,46.37,25,117.6,132,14.4,0
e1-100,binary,100,bot_173,3198,w,9,57.57,25,116.82,133,16.18,0
e1-100,binary,100,bot_173,3198,w,11,36.11,25,128.94,124,-4.94,0
e1-100,binary,100,bot_173,3198,w,13,35.17,25,109.54,115,5.46,0
e1-100,binary,100,bot_173,3198,w,15,32.09,25,133.62,124,-9.62,0
e1-100,binary,100,bot_173,3198,w,17,17.62,25,145.82,149,3.18,0
e1-100,binary,100,bot_173,3198,w,19,16.8,25,129.65,116,-13.65,0
e1-100,binary,100,bot_173,3198,w,21,66.61,25,138.5,121,-17.5,0
e1-100,binary,100,bot_173,3198,w,23,46.18,25,109.1,133,23.9,0
e1-100,binary,100,bot_173,3198,w,25,29.43,25,124.52,133,8.48,0
e1-100,binary,100,bot_173,3198,w,27,29.73,25,133.26,160,26.74,0
e1-100,binary,100,bot_173,3198,w,29,14.75,25,114.61,107,-7.61,0
e1-100,binary,100,bot_173,3198,w,31,13.19,25,147.49,137,-10.49,0
e1-100,binary,100,bot_173,3198,w,33,4.02,25,111.51,90,-21.51,0
e1-100,binary,100,bot_173,3198,w,35,37.65,25,67.39,94,26.61,0
e1-100,binary,100,bot_173,3198,w,37,44.24,25,75.84,95,19.16,0
e1-100,binary,100,bot_173,3198,w,39,45.82,25,87.15,97,9.85,0
e1-100,binary,100,bot_173,3198,w,41,27.32,25,93.63,107,13.37,0
e1-100,binary,100,bot_173,3198,w,43,26,25,82.47,79,-3.47,0
e1-100,binary,100,bot_173,3198,w,45,22.18,25,83.19,76,-7.19,0
e1-100,binary,100,bot_173,3198,w,47,10.71,25,92.64,83,-9.64,0
e1-100,binary,100,bot_173,3198,w,49,6.78,25,91.81,75,-16.81,0
e1-100,binary,100,bot_173,3198,w,51,5.22,25,93.97,76,-17.97,0
e1-100,binary,100,bot_173,3198,w,53,12.99,25,52.89,64,11.11,0
e1-100,binary,100,bot_173,3198,w,55,11.98,25,64.5,48,-16.5,0
e1-100,binary,100,bot_173,3198,w,57,14.07,25,77.36,56,-21.36,0
e1-100,binary,100,bot_173,3198,w,59,5.91,25,73.43,54,-19.43,0
e1-100,binary,100,bot_174,3198,b,2,98.7,25,135.08,164,28.92,0
e1-100,binary,100,bot_174,3198,b,4,60.92,25,102.14,102,-0.14,0
e1-100,binary,100,bot_174,3198,b,6,50.82,25,132.48,134,1.52,0
e1-100,binary,100,bot_174,3198,b,8,53.11,25,118.9,107,-11.9,0
e1-100,binary,100,bot_174,3198,b,10,31.83,25,97.09,96,-1.09,0
e1-100,binary,100,bot_174,3198,b,12,40.8,25,160.84,138,-22.84,0
e1-100,binary,100,bot_174,3198,b,14,25.63,25,144.9,122,-22.9,0
e1-100,binary,100,bot_174,3198,b,16,38.93,25,165.18,137,-28.18,0
e1-100,binary,100,bot_174,3198,b,18,21.74,25,110.43,69,-41.43,0
e1-100,binary,100,bot_174,3198,b,20,19.26,25,128.8,88,-40.8,0
e1-100,binary,100,bot_174,3198,b,22,59.67,25,92.48,101,8.52,0
e1-100,binary,100,bot_174,3198,b,24,44.72,25,89.04,76,-13.04,0
e1-100,binary,100,bot_174,3198,b,26,62.41,25,115.5,86,-29.5,0
e1-100,binary,100,bot_174,3198,b,28,19.79,25,126.25,111,-15.25,0
e1-100,binary,100,bot_174,3198,b,30,17.46,25,117.67,88,-29.67,0
e1-100,binary,100,bot_174,3198,b,32,7.03,25,116.02,85,-31.02,0
e1-100,binary,100,bot_174,3198,b,34,55.09,25,103.71,63,-40.71,0
e1-100,binary,100,bot_174,3198,b,36,46.66,25,73.68,67,-6.68,0
e1-100,binary,100,bot_174,3198,b,38,38.13,25,76.64,77,0.36,0
e1-100,binary,100,bot_174,3198,b,40,40.69,25,91.2,91,-0.2,0
e1-100,binary,100,bot_174,3198,b,42,25.63,25,77.22,60,-17.22,0
e1-100,binary,100,bot_174,3198,b,44,19.47,25,79.29,61,-18.29,0
e1-100,binary,100,bot_174,3198,b,46,19.27,25,85.25,62,-23.25,0
e1-100,binary,100,bot_174,3198,b,48,11.35,25,87.17,54,-33.17,0
e1-100,binary,100,bot_174,3198,b,50,10.18,25,87.55,49,-38.55,0
e1-100,binary,100,bot_174,3198,b,52,39.37,25,93.5,55,-38.5,0
e1-100,binary,100,bot_174,3198,b,54,12.67,25,58.39,27,-31.39,0
e1-100,binary,100,bot_174,3198,b,56,6.58,25,65.91,33,-32.91,0
e1-100,binary,100,bot_174,3198,b,58,9.67,25,63.51,33,-30.51,0
e1-100,binary,100,bot_174,3198,b,60,11.4,25,68.06,29,-39.06,0
e1-100,binary,100,bot_175,3199,w,1,104.49,25,129.55,180,50.45,0
e1-100,binary,100,bot_175,3199,w,3,65.77,25,97.23,107,9.77,0
e1-100,binary,100,bot_175,3199,w,5,52.87,25,130.13,141,10.87,0
e1-100,binary,100,bot_175,3199,w,7,56.59,25,115.41,114,-1.41,0
e1-100,binary,100,bot_175,3199,w,9,34.96,25,93.38,105,11.62,0
e1-100,binary,100,bot_175,3199,w,11,44.18,25,157.91,149,-8.91,0
e1-100,binary,100,bot_175,3199,w,13,28.96,25,142.09,132,-10.09,0
e1-100,binary,100,bot_175,3199,w,15,44.64,25,159.52,145,-14.52,0
e1-100,binary,100,bot_175,3199,w,17,25.46,25,106.82,80,-26.82,0
e1-100,binary,100,bot_175,3199,w,19,26.2,25,121.31,93,-28.31,0
e1-100,binary,100,bot_175,3199,w,21,16.46,25,129.83,95,-34.83,0
e1-100,binary,100,bot_175,3199,w,23,49.13,25,84.64,95,10.36,0
e1-100,binary,100,bot_175,3199,w,25,71.4,25,106.42,90,-16.42,0
e1-100,binary,100,bot_175,3199,w,27,23.79,25,122.46,119,-3.46,0
e1-100,binary,100,bot_175,3199,w,29,20.04,25,115.23,99,-16.23,0
e1-100,binary,100,bot_175,3199,w,31,8.92,25,114.1,93,-21.1,0
e1-100,binary,100,bot_175,3199,w,33,7.85,25,102.01,69,-33.01,0
e1-100,binary,100,bot_175,3199,w,35,49.45,25,71.04,81,9.96,0
e1-100,binary,100,bot_175,3199,w,37,40.22,25,74.55,83,8.45,0
e1-100,binary,100,bot_175,3199,w,39,43.54,25,88.36,98,9.64,0
e1-100,binary,100,bot_175,3199,w,41,28.54,25,74.02,65,-9.02,0
e1-100,binary,100,bot_175,3199,w,43,20.9,25,77.84,68,-9.84,0
e1-100,binary,100,bot_175,3199,w,45,19.19,25,85.77,70,-15.77,0
e1-100,binary,100,bot_175,3199,w,47,14.53,25,83.66,56,-27.66,0
e1-100,binary,100,bot_175,3199,w,49,12.7,25,84.56,53,-31.56,0
e1-100,binary,100,bot_175,3199,w,51,6.28,25,90.41,57,-33.41,0
e1-100,binary,100,bot_175,3199,w,53,17.82,25,77.29,41,-36.29,0
e1-100,binary,100,bot_175,3199,w,55,7.52,25,64.88,38,-26.88,0
e1-100,binary,100,bot_175,3199,w,57,11.07,25,62,38,-24,0
e1-100,binary,100,bot_175,3199,w,59,4.35,25,66.9,34,-32.9,0
e1-100,binary,100,bot_176,3199,b,2,60.86,25,112.91,162,49.09,0
e1-100,binary,100,bot_176,3199,b,4,62.57,25,108.91,119,10.09,0
e1-100,binary,100,bot_176,3199,b,6,49.42,25,114.92,111,-3.92,0
e1-100,binary,100,bot_176,3199,b,8,61.92,25,112.46,112,-0.46,0
e1-100,binary,100,bot_176,3199,b,10,42.28,25,122.88,100,-22.88,0
e1-100,binary,100,bot_176,3199,b,12,41.38,25,103.05,91,-12.05,0
e1-100,binary,100,bot_176,3199,b,14,36.9,25,128.47,101,-27.47,0
e1-100,binary,100,bot_176,3199,b,16,24.02,25,139.71,127,-12.71,0
e1-100,binary,100,bot_176,3199,b,18,23.02,25,123.44,91,-32.44,0
e1-100,binary,100,bot_176,3199,b,20,16.53,25,133.03,103,-30.03,0
e1-100,binary,100,bot_176,3199,b,22,61.49,25,155.31,115,-40.31,0
e1-100,binary,100,bot_176,3199,b,24,34.34,25,119.37,112,-7.37,0
e1-100,binary,100,bot_176,3199,b,26,36.7,25,126.38,141,14.62,0
e1-100,binary,100,bot_176,3199,b,28,24.16,25,105.17,85,-20.17,0
e1-100,binary,100,bot_176,3199,b,30,17.64,25,143.05,119,-24.05,0
e1-100,binary,100,bot_176,3199,b,32,6.78,25,108.73,73,-35.73,0
e1-100,binary,100,bot_176,3199,b,34,50.82,25,103.13,67,-36.13,0
e1-100,binary,100,bot_176,3199,b,36,49.19,25,70.86,77,6.14,0
e1-100,binary,100,bot_176,3199,b,38,50.5,25,82.37,79,-3.37,0
e1-100,binary,100,bot_176,3199,b,40,30.78,25,90.27,90,-0.27,0
e1-100,binary,100,bot_176,3199,b,42,29.21,25,79.37,64,-15.37,0
e1-100,binary,100,bot_176,3199,b,44,25.15,25,80.07,57,-23.07,0
e1-100,binary,100,bot_176,3199,b,46,12.66,25,90.7,65,-25.7,0
e1-100,binary,100,bot_176,3199,b,48,8.57,25,90.17,61,-29.17,0
e1-100,binary,100,bot_176,3199,b,50,5.81,25,93.58,63,-30.58,0
e1-100,binary,100,bot_176,3199,b,52,2.93,25,74.68,37,-37.68,0
e1-100,binary,100,bot_176,3199,b,54,12.65,25,63.83,37,-26.83,0
e1-100,binary,100,bot_176,3199,b,56,15.69,25,75.81,39,-36.81,0
e1-100,binary,100,bot_176,3199,b,58,6.75,25,71.99,40,-31.99,0
e1-100,binary,100,bot_176,3199,b,60,18.46,25,65.27,25,-40.27,0
e1-100,binary,100,bot_177,3200,w,1,63.18,25,110.91,183,72.09,0
e1-100,binary,100,bot_177,3200,w,3,68.11,25,102.84,126,23.16,0
e1-100,binary,100,bot_177,3200,w,5,55.25,25,109.19,120,10.81,0
e1-100,binary,100,bot_177,3200,w,7,66.72,25,107.75,118,10.25,0
e1-100,binary,100,bot_177,3200,w,9,52.76,25,112.69,104,-8.69,0
e1-100,binary,100,bot_177,3200,w,11,46.88,25,97.44,104,6.56,0
e1-100,binary,100,bot_177,3200,w,13,39.56,25,125.44,106,-19.44,0
e1-100,binary,100,bot_177,3200,w,15,27.6,25,136.36,134,-2.36,0
e1-100,binary,100,bot_177,3200,w,17,28.07,25,118.39,93,-25.39,0
e1-100,binary,100,bot_177,3200,w,19,22.6,25,127.39,107,-20.39,0
e1-100,binary,100,bot_177,3200,w,21,17.2,25,148.44,118,-30.44,0
e1-100,binary,100,bot_177,3200,w,23,53.49,25,150.92,109,-41.92,0
e1-100,binary,100,bot_177,3200,w,25,40.66,25,122.49,147,24.51,0
e1-100,binary,100,bot_177,3200,w,27,28.37,25,100.94,93,-7.94,0
e1-100,binary,100,bot_177,3200,w,29,19.68,25,142.08,127,-15.08,0
e1-100,binary,100,bot_177,3200,w,31,8.04,25,107.71,81,-26.71,0
e1-100,binary,100,bot_177,3200,w,33,9.65,25,101.74,73,-28.74,0
e1-100,binary,100,bot_177,3200,w,35,50.74,25,69.52,82,12.48,0
e1-100,binary,100,bot_177,3200,w,37,52.55,25,80.24,83,2.76,0
e1-100,binary,100,bot_177,3200,w,39,31.91,25,89.48,95,5.52,0
e1-100,binary,100,bot_177,3200,w,41,30.85,25,78.07,69,-9.07,0
e1-100,binary,100,bot_177,3200,w,43,27.68,25,77.02,61,-16.02,0
e1-100,binary,100,bot_177,3200,w,45,16.06,25,87.46,67,-20.46,0
e1-100,binary,100,bot_177,3200,w,47,10.88,25,88.18,67,-21.18,0
e1-100,binary,100,bot_177,3200,w,49,7.12,25,92.54,67,-25.54,0
e1-100,binary,100,bot_177,3200,w,51,4.13,25,73.55,43,-30.55,0
e1-100,binary,100,bot_177,3200,w,53,15.02,25,75.8,43,-32.8,0
e1-100,binary,100,bot_177,3200,w,55,17.4,25,74.42,44,-30.42,0
e1-100,binary,100,bot_177,3200,w,57,8.65,25,70.37,44,-26.37,0
e1-100,binary,100,bot_177,3200,w,59,2.68,25,64.22,31,-33.22,0
e1-100,binary,100,bot_178,3200,b,2,74.1,25,89.02,98,8.98,0
e1-100,binary,100,bot_178,3200,b,4,62.11,25,121.21,134,12.79,0
e1-100,binary,100,bot_178,3200,b,6,63.56,25,108.41,109,0.59,0
e1-100,binary,100,bot_178,3200,b,8,43.41,25,84.06,96,11.94,0
e1-100,binary,100,bot_178,3200,b,10,56.92,25,145.65,144,-1.65,0
e1-100,binary,100,bot_178,3200,b,12,32.47,25,138.88,130,-8.88,0
e1-100,binary,100,bot_178,3200,b,14,49.72,25,154.49,140,-14.49,0
e1-100,binary,100,bot_178,3200,b,16,27.02,25,105.37,78,-27.37,0
e1-100,binary,100,bot_178,3200,b,18,32.12,25,115.15,89,-26.15,0
e1-100,binary,100,bot_178,3200,b,20,20.62,25,125.7,93,-32.7,0
e1-100,binary,100,bot_178,3200,b,22,9.69,25,123.87,86,-37.87,0
e1-100,binary,100,bot_178,3200,b,24,76.26,25,101.84,101,-0.84,0
e1-100,binary,100,bot_178,3200,b,26,30.57,25,115.87,115,-0.87,0
e1-100,binary,100,bot_178,3200,b,28,24.37,25,110.16,97,-13.16,0
e1-100,binary,100,bot_178,3200,b,30,12.29,25,110.61,88,-22.61,0
e1-100,binary,100,bot_178,3200,b,32,10.76,25,99.07,66,-33.07,0
e1-100,binary,100,bot_178,3200,b,34,52.91,25,109.92,78,-31.92,0
e1-100,binary,100,bot_178,3200,b,36,42.28,25,72.41,82,9.59,0
e1-100,binary,100,bot_178,3200,b,38,45.51,25,86.35,97,10.65,0
e1-100,binary,100,bot_178,3200,b,40,30.98,25,71.47,62,-9.47,0
e1-100,binary,100,bot_178,3200,b,42,23.2,25,75.52,64,-11.52,0
e1-100,binary,100,bot_178,3200,b,44,20.1,25,85,71,-14,0
e1-100,binary,100,bot_178,3200,b,46,17.85,25,80.26,55,-25.26,0
e1-100,binary,100,bot_178,3200,b,48,14.9,25,82.26,51,-31.26,0
e1-100,binary,100,bot_178,3200,b,50,9.4,25,87.27,53,-34.27,0
e1-100,binary,100,bot_178,3200,b,52,7.15,25,73.51,36,-37.51,0
e1-100,binary,100,bot_178,3200,b,54,9.67,25,62.7,36,-26.7,0
e1-100,binary,100,bot_178,3200,b,56,12.67,25,59.86,35,-24.86,0
e1-100,binary,100,bot_178,3200,b,58,7.26,25,64.04,32,-32.04,0
e1-100,binary,100,bot_178,3200,b,60,1.76,25,59.36,20,-39.36,0
e1-100,binary,100,bot_179,3201,w,1,75.02,25,88.36,99,10.64,0
e1-100,binary,100,bot_179,3201,w,3,62.76,25,120.84,127,6.16,0
e1-100,binary,100,bot_179,3201,w,5,64.12,25,107.86,102,-5.86,0
e1-100,binary,100,bot_179,3201,w,7,43.88,25,83.54,90,6.46,0
e1-100,binary,100,bot_179,3201,w,9,58.33,25,144.46,136,-8.46,0
e1-100,binary,100,bot_179,3201,w,11,33.72,25,138.25,124,-14.25,0
e1-100,binary,100,bot_179,3201,w,13,51.72,25,152.45,131,-21.45,0
e1-100,binary,100,bot_179,3201,w,15,28.3,25,104.05,71,-33.05,0
e1-100,binary,100,bot_179,3201,w,17,34.93,25,112,80,-32,0
e1-100,binary,100,bot_179,3201,w,19,22.6,25,123.69,86,-37.69,0
e1-100,binary,100,bot_179,3201,w,21,12.36,25,121.23,79,-42.23,0
e1-100,binary,100,bot_179,3201,w,23,78.75,25,139.62,93,-46.62,0
e1-100,binary,100,bot_179,3201,w,25,33.16,25,113.45,110,-3.45,0
e1-100,binary,100,bot_179,3201,w,27,26.65,25,107.59,90,-17.59,0
e1-100,binary,100,bot_179,3201,w,29,14.28,25,109,84,-25,0
e1-100,binary,100,bot_179,3201,w,31,12.54,25,97.31,60,-37.31,0
e1-100,binary,100,bot_179,3201,w,33,55.8,25,107.19,71,-36.19,0
e1-100,binary,100,bot_179,3201,w,35,44.26,25,70.22,77,6.78,0
e1-100,binary,100,bot_179,3201,w,37,47.68,25,84.11,92,7.89,0
e1-100,binary,100,bot_179,3201,w,39,32.33,25,69.8,56,-13.8,0
e1-100,binary,100,bot_179,3201,w,41,24.87,25,73.85,59,-14.85,0
e1-100,binary,100,bot_179,3201,w,43,22.14,25,83.12,65,-18.12,0
e1-100,binary,100,bot_179,3201,w,45,20.2,25,77.63,50,-27.63,0
e1-100,binary,100,bot_179,3201,w,47,16.41,25,80.48,46,-34.48,0
e1-100,binary,100,bot_179,3201,w,49,11.61,25,84.99,48,-36.99,0
e1-100,binary,100,bot_179,3201,w,51,9.64,25,70.99,29,-41.99,0
e1-100,binary,100,bot_179,3201,w,53,12.26,25,73.13,30,-43.13,0
e1-100,binary,100,bot_179,3201,w,55,14.37,25,58.14,33,-25.14,0
e1-100,binary,100,bot_179,3201,w,57,10.2,25,61.2,27,-34.2,0
e1-100,binary,100,bot_179,3201,w,59,5.09,25,55.83,12,-43.83,0
e1-100,binary,100,bot_180,3201,b,2,68.89,25,102.07,127,24.93,0
e1-100,binary,100,bot_180,3201,b,4,56.1,25,108.32,121,12.68,0
e1-100,binary,100,bot_180,3201,b,6,68.09,25,106.38,120,13.63,0
e1-100,binary,100,bot_180,3201,b,8,53.54,25,111.84,105,-6.84,0
e1-100,binary,100,bot_180,3201,b,10,48.34,25,95.5,104,8.5,0
e1-100,binary,100,bot_180,3201,b,12,40.35,25,124.61,107,-17.61,0
e1-100,binary,100,bot_180,3201,b,14,28.4,25,135.65,136,0.35,0
e1-100,binary,100,bot_180,3201,b,16,28.99,25,117.49,95,-22.49,0
e1-100,binary,100,bot_180,3201,b,18,24.44,25,125.6,109,-16.6,0
e1-100,binary,100,bot_180,3201,b,20,19.79,25,145.87,119,-26.87,0
e1-100,binary,100,bot_180,3201,b,22,16.17,25,147.88,109,-38.88,0
e1-100,binary,100,bot_180,3201,b,24,43.62,25,119.56,147,27.44,0
e1-100,binary,100,bot_180,3201,b,26,30,25,99.33,95,-4.33,0
e1-100,binary,100,bot_180,3201,b,28,22.75,25,138.62,127,-11.62,0
e1-100,binary,100,bot_180,3201,b,30,9.98,25,105.87,82,-23.87,0
e1-100,binary,100,bot_180,3201,b,32,11.42,25,99.85,73,-26.85,0
e1-100,binary,100,bot_180,3201,b,34,54.05,25,66.33,84,17.67,0
e1-100,binary,100,bot_180,3201,b,36,55.51,25,77.27,83,5.73,0
e1-100,binary,100,bot_180,3201,b,38,33.63,25,87.86,97,9.14,0
e1-100,binary,100,bot_180,3201,b,40,32.76,25,76.27,70,-6.27,0
e1-100,binary,100,bot_180,3201,b,42,29.35,25,75.29,61,-14.29,0
e1-100,binary,100,bot_180,3201,b,44,17.83,25,85.7,69,-16.7,0
e1-100,binary,100,bot_180,3201,b,46,13.71,25,85.44,68,-17.44,0
e1-100,binary,100,bot_180,3201,b,48,9.6,25,90.13,68,-22.13,0
e1-100,binary,100,bot_180,3201,b,50,4.71,25,73.02,46,-27.02,0
e1-100,binary,100,bot_180,3201,b,52,4.48,25,73.33,44,-29.33,0
e1-100,binary,100,bot_180,3201,b,54,22.07,25,69.8,43,-26.8,0
e1-100,binary,100,bot_180,3201,b,56,12.7,25,66.25,43,-23.25,0
e1-100,binary,100,bot_180,3201,b,58,3.3,25,63.65,34,-29.65,0
e1-100,binary,100,bot_180,3201,b,60,1.77,25,60.27,27,-33.27,0
e1-100,binary,100,bot_181,3202,w,1,71.3,25,99.61,155,55.39,0
e1-100,binary,100,bot_181,3202,w,3,57.84,25,106.16,136,29.84,0
e1-100,binary,100,bot_181,3202,w,5,70.16,25,104.27,136,31.73,0
e1-100,binary,100,bot_181,3202,w,7,56.04,25,108.98,120,11.02,0
e1-100,binary,100,bot_181,3202,w,9,51.49,25,92.01,119,26.99,0
e1-100,binary,100,bot_181,3202,w,11,45.14,25,119.49,120,0.51,0
e1-100,binary,100,bot_181,3202,w,13,31.71,25,132.84,154,21.16,0
e1-100,binary,100,bot_181,3202,w,15,32.13,25,114.37,111,-3.37,0
e1-100,binary,100,bot_181,3202,w,17,30.23,25,120.15,127,6.85,0
e1-100,binary,100,bot_181,3202,w,19,26.14,25,139.83,128,-11.83,0
e1-100,binary,100,bot_181,3202,w,21,25.53,25,138.01,123,-15.01,0
e1-100,binary,100,bot_181,3202,w,23,51.58,25,111.35,162,50.65,0
e1-100,binary,100,bot_181,3202,w,25,35.74,25,93.62,109,15.38,0
e1-100,binary,100,bot_181,3202,w,27,31.01,25,130.62,133,2.38,0
e1-100,binary,100,bot_181,3202,w,29,12.61,25,103.42,92,-11.42,0
e1-100,binary,100,bot_181,3202,w,31,13.74,25,96.94,83,-13.94,0
e1-100,binary,100,bot_181,3202,w,33,5.18,25,63.24,93,29.76,0
e1-100,binary,100,bot_181,3202,w,35,59.65,25,72.97,97,24.03,0
e1-100,binary,100,bot_181,3202,w,37,36.06,25,85.75,107,21.25,0
e1-100,binary,100,bot_181,3202,w,39,35.68,25,73.61,80,6.39,0
e1-100,binary,100,bot_181,3202,w,41,32.12,25,72.17,72,-0.17,0
e1-100,binary,100,bot_181,3202,w,43,18.2,25,85.68,82,-3.68,0
e1-100,binary,100,bot_181,3202,w,45,18.54,25,80.88,77,-3.88,0
e1-100,binary,100,bot_181,3202,w,47,15.33,25,84.64,75,-9.64,0
e1-100,binary,100,bot_181,3202,w,49,7.68,25,69.4,55,-14.4,0
e1-100,binary,100,bot_181,3202,w,51,8.88,25,68.96,53,-15.96,0
e1-100,binary,100,bot_181,3202,w,53,29.91,25,72.59,49,-23.59,0
e1-100,binary,100,bot_181,3202,w,55,18.26,25,60.82,48,-12.82,0
e1-100,binary,100,bot_181,3202,w,57,6.38,25,61.09,43,-18.09,0
e1-100,binary,100,bot_181,3202,w,59,3.29,25,58.38,36,-22.38,0
e1-100,binary,100,bot_182,3202,b,2,66.52,25,117.97,155,37.03,0
e1-100,binary,100,bot_182,3202,b,4,67.74,25,104.62,129,24.38,0
e1-100,binary,100,bot_182,3202,b,6,47.4,25,80.06,116,35.94,0
e1-100,binary,100,bot_182,3202,b,8,63.9,25,139.12,161,21.88,0
e1-100,binary,100,bot_182,3202,b,10,39.18,25,132.95,150,17.05,0
e1-100,binary,100,bot_182,3202,b,12,58.45,25,145.61,156,10.39,0
e1-100,binary,100,bot_182,3202,b,14,33.36,25,98.94,96,-2.94,0
e1-100,binary,100,bot_182,3202,b,16,44.5,25,102.13,101,-1.13,0
e1-100,binary,100,bot_182,3202,b,18,24.58,25,121.64,117,-4.64,0
e1-100,binary,100,bot_182,3202,b,20,20.83,25,112.77,104,-8.77,0
e1-100,binary,100,bot_182,3202,b,22,86.61,25,131.66,122,-9.66,0
e1-100,binary,100,bot_182,3202,b,24,42.87,25,104.27,129,24.73,0
e1-100,binary,100,bot_182,3202,b,26,32.28,25,101.5,110,8.5,0
e1-100,binary,100,bot_182,3202,b,28,17.25,25,106.39,111,4.61,0
e1-100,binary,100,bot_182,3202,b,30,14.46,25,95.41,81,-14.41,0
e1-100,binary,100,bot_182,3202,b,32,58.49,25,104.63,91,-13.63,0
e1-100,binary,100,bot_182,3202,b,34,53.12,25,113.49,92,-21.49,0
e1-100,binary,100,bot_182,3202,b,36,50.46,25,81.31,115,33.69,0
e1-100,binary,100,bot_182,3202,b,38,35.52,25,66.51,76,9.49,0
e1-100,binary,100,bot_182,3202,b,40,28.49,25,70.23,79,8.77,0
e1-100,binary,100,bot_182,3202,b,42,25.53,25,79.63,85,5.37,0
e1-100,binary,100,bot_182,3202,b,44,24.26,25,73.48,65,-8.48,0
e1-100,binary,100,bot_182,3202,b,46,19.63,25,77.18,69,-8.18,0
e1-100,binary,100,bot_182,3202,b,48,15.66,25,80.95,71,-9.95,0
e1-100,binary,100,bot_182,3202,b,50,12.26,25,68.89,51,-17.89,0
e1-100,binary,100,bot_182,3202,b,52,5.56,25,69.23,51,-18.23,0
e1-100,binary,100,bot_182,3202,b,54,16.29,25,56.15,60,3.85,0
e1-100,binary,100,bot_182,3202,b,56,12.52,25,58.44,50,-8.44,0
e1-100,binary,100,bot_182,3202,b,58,5.11,25,55.81,35,-20.81,0
e1-100,binary,100,bot_182,3202,b,60,3.29,25,76.1,53,-23.1,0
e1-100,binary,100,bot_183,3203,w,1,67.86,25,117.67,159,41.33,0
e1-100,binary,100,bot_183,3203,w,3,71.57,25,100.82,116,15.18,0
e1-100,binary,100,bot_183,3203,w,5,49.45,25,78.46,105,26.54,0
e1-100,binary,100,bot_183,3203,w,7,66.1,25,137.28,149,11.72,0
e1-100,binary,100,bot_183,3203,w,9,43.06,25,129.47,138,8.53,0
e1-100,binary,100,bot_183,3203,w,11,63.36,25,140.59,145,4.41,0
e1-100,binary,100,bot_183,3203,w,13,36.52,25,95.62,84,-11.62,0
e1-100,binary,100,bot_183,3203,w,15,48.03,25,98.22,89,-9.22,0
e1-100,binary,100,bot_183,3203,w,17,26.93,25,118.66,107,-11.66,0
e1-100,binary,100,bot_183,3203,w,19,26.24,25,107.54,90,-17.54,0
e1-100,binary,100,bot_183,3203,w,21,89,25,129.28,114,-15.28,0
e1-100,binary,100,bot_183,3203,w,23,46.66,25,101.41,120,18.59,0
e1-100,binary,100,bot_183,3203,w,25,35.62,25,98.22,101,2.78,0
e1-100,binary,100,bot_183,3203,w,27,20.54,25,103.08,106,2.92,0
e1-100,binary,100,bot_183,3203,w,29,15.52,25,94.45,76,-18.45,0
e1-100,binary,100,bot_183,3203,w,31,60.11,25,103.18,84,-19.18,0
e1-100,binary,100,bot_183,3203,w,33,9.31,25,111.13,84,-27.13,0
e1-100,binary,100,bot_183,3203,w,35,51.64,25,80.31,118,37.69,0
e1-100,binary,100,bot_183,3203,w,37,36.76,25,65,69,4,0
e1-100,binary,100,bot_183,3203,w,39,29.74,25,69,72,3,0
e1-100,binary,100,bot_183,3203,w,41,28.19,25,77.04,78,0.96,0
e1-100,binary,100,bot_183,3203,w,43,26.93,25,70.51,57,-13.51,0
e1-100,binary,100,bot_183,3203,w,45,22.54,25,73.9,60,-13.9,0
e1-100,binary,100,bot_183,3203,w,47,18.6,25,77.88,62,-15.88,0
e1-100,binary,100,bot_183,3203,w,49,13.79,25,67.29,42,-25.29,0
e1-100,binary,100,bot_183,3203,w,51,6.9,25,67.89,44,-23.89,0
e1-100,binary,100,bot_183,3203,w,53,19.51,25,80.86,51,-29.86,0
e1-100,binary,100,bot_183,3203,w,55,15.24,25,55.53,41,-14.53,0
e1-100,binary,100,bot_183,3203,w,57,5.46,25,55.37,27,-28.37,0
e1-100,binary,100,bot_183,3203,w,59,4.5,25,74.34,44,-30.34,0
e1-100,binary,100,bot_184,3203,b,2,60.5,25,103.5,131,27.5,0
e1-100,binary,100,bot_184,3203,b,4,72.38,25,101.76,132,30.24,0
e1-100,binary,100,bot_184,3203,b,6,58.38,25,106.41,114,7.59,0
e1-100,binary,100,bot_184,3203,b,8,53.26,25,90.01,115,24.99,0
e1-100,binary,100,bot_184,3203,b,10,48.98,25,115.39,117,1.61,0
e1-100,binary,100,bot_184,3203,b,12,34.38,25,130.45,151,20.55,0
e1-100,binary,100,bot_184,3203,b,14,35.69,25,110.87,106,-4.87,0
e1-100,binary,100,bot_184,3203,b,16,34.05,25,116.56,123,6.44,0
e1-100,binary,100,bot_184,3203,b,18,29.18,25,137.02,124,-13.02,0
e1-100,binary,100,bot_184,3203,b,20,31.21,25,132.14,117,-15.14,0
e1-100,binary,100,bot_184,3203,b,22,55.5,25,107.05,156,48.95,0
e1-100,binary,100,bot_184,3203,b,24,39.11,25,90.21,105,14.79,0
e1-100,binary,100,bot_184,3203,b,26,37.15,25,124.15,128,3.85,0
e1-100,binary,100,bot_184,3203,b,28,15.8,25,100.83,89,-11.83,0
e1-100,binary,100,bot_184,3203,b,30,16.74,25,93.79,78,-15.79,0
e1-100,binary,100,bot_184,3203,b,32,8.27,25,60.21,89,28.79,0
e1-100,binary,100,bot_184,3203,b,34,72.39,25,106.23,84,-22.23,0
e1-100,binary,100,bot_184,3203,b,36,38.51,25,83.35,103,19.65,0
e1-100,binary,100,bot_184,3203,b,38,38.28,25,71.06,76,4.94,0
e1-100,binary,100,bot_184,3203,b,40,35.46,25,68.7,67,-1.7,0
e1-100,binary,100,bot_184,3203,b,42,20.63,25,83.25,79,-4.25,0
e1-100,binary,100,bot_184,3203,b,44,21.62,25,77.89,73,-4.89,0
e1-100,binary,100,bot_184,3203,b,46,18.33,25,81.73,72,-9.73,0
e1-100,binary,100,bot_184,3203,b,48,9.29,25,67.8,54,-13.8,0
e1-100,binary,100,bot_184,3203,b,50,10.9,25,66.94,49,-17.94,0
e1-100,binary,100,bot_184,3203,b,52,4.44,25,70.04,45,-25.04,0
e1-100,binary,100,bot_184,3203,b,54,20.79,25,58.3,46,-12.3,0
e1-100,binary,100,bot_184,3203,b,56,6.64,25,60.88,43,-17.88,0
e1-100,binary,100,bot_184,3203,b,58,5.32,25,56.24,31,-25.24,0
e1-100,binary,100,bot_184,3203,b,60,2.61,25,65.81,40,-25.81,0
e1-100,binary,100,bot_185,3204,w,1,60.9,25,103.57,138,34.43,0
e1-100,binary,100,bot_185,3204,w,3,75.45,25,98.28,130,31.72,0
e1-100,binary,100,bot_185,3204,w,5,60.86,25,103.43,110,6.57,0
e1-100,binary,100,bot_185,3204,w,7,56,25,86.75,111,24.25,0
e1-100,binary,100,bot_185,3204,w,9,54.88,25,109.01,114,4.99,0
e1-100,binary,100,bot_185,3204,w,11,39.9,25,125.14,149,23.86,0
e1-100,binary,100,bot_185,3204,w,13,41.18,25,105.43,102,-3.43,0
e1-100,binary,100,bot_185,3204,w,15,37.57,25,113.27,119,5.73,0
e1-100,binary,100,bot_185,3204,w,17,36.2,25,130.39,115,-15.39,0
e1-100,binary,100,bot_185,3204,w,19,37.53,25,125.23,113,-12.23,0
e1-100,binary,100,bot_185,3204,w,21,62.03,25,100.02,157,56.98,0
e1-100,binary,100,bot_185,3204,w,23,43.54,25,85.72,104,18.28,0
e1-100,binary,100,bot_185,3204,w,25,44.47,25,116.35,120,3.65,0
e1-100,binary,100,bot_185,3204,w,27,19.29,25,97.08,87,-10.08,0
e1-100,binary,100,bot_185,3204,w,29,18.09,25,91.94,76,-15.94,0
e1-100,binary,100,bot_185,3204,w,31,10.08,25,58.67,86,27.33,0
e1-100,binary,100,bot_185,3204,w,33,11.05,25,104.51,82,-22.51,0
e1-100,binary,100,bot_185,3204,w,35,40.19,25,81.96,109,27.04,0
e1-100,binary,100,bot_185,3204,w,37,39.26,25,70.48,77,6.52,0
e1-100,binary,100,bot_185,3204,w,39,37.97,25,66.16,65,-1.16,0
e1-100,binary,100,bot_185,3204,w,41,22.18,25,82.08,80,-2.08,0
e1-100,binary,100,bot_185,3204,w,43,23.53,25,76.35,72,-4.35,0
e1-100,binary,100,bot_185,3204,w,45,19.81,25,80.62,74,-6.62,0
e1-100,binary,100,bot_185,3204,w,47,10.25,25,66.94,57,-9.94,0
e1-100,binary,100,bot_185,3204,w,49,12.53,25,65.44,48,-17.44,0
e1-100,binary,100,bot_185,3204,w,51,6.24,25,68.16,45,-23.16,0
e1-100,binary,100,bot_185,3204,w,53,1.18,25,64.72,36,-28.72,0
e1-100,binary,100,bot_185,3204,w,55,1.02,25,57.62,25,-32.62,0
e1-100,binary,100,bot_185,3204,w,57,3.7,25,78.01,46,-32.01,0
e1-100,binary,100,bot_185,3204,w,59,3.57,25,65.56,44,-21.56,0
e1-100,binary,100,bot_186,3204,b,2,76.34,25,96.31,106,9.69,0
e1-100,binary,100,bot_186,3204,b,4,51.65,25,76.59,100,23.41,0
e1-100,binary,100,bot_186,3204,b,6,69.07,25,134.58,143,8.42,0
e1-100,binary,100,bot_186,3204,b,8,48.59,25,124.21,128,3.79,0
e1-100,binary,100,bot_186,3204,b,10,69.47,25,134.47,137,2.53,0
e1-100,binary,100,bot_186,3204,b,12,40.64,25,91.77,79,-12.77,0
e1-100,binary,100,bot_186,3204,b,14,51.18,25,94.91,83,-11.91,0
e1-100,binary,100,bot_186,3204,b,16,28.78,25,116.62,101,-15.62,0
e1-100,binary,100,bot_186,3204,b,18,32.48,25,101.45,84,-17.45,0
e1-100,binary,100,bot_186,3204,b,20,101.55,25,116.69,101,-15.69,0
e1-100,binary,100,bot_186,3204,b,22,52.68,25,96.07,118,21.93,0
e1-100,binary,100,bot_186,3204,b,24,38.56,25,95.5,100,4.5,0
e1-100,binary,100,bot_186,3204,b,26,24.56,25,99.37,104,4.63,0
e1-100,binary,100,bot_186,3204,b,28,17.6,25,92.85,73,-19.85,0
e1-100,binary,100,bot_186,3204,b,30,61.25,25,102.15,80,-22.15,0
e1-100,binary,100,bot_186,3204,b,32,11.23,25,109.22,80,-29.22,0
e1-100,binary,100,bot_186,3204,b,34,60.54,25,134.13,105,-29.13,0
e1-100,binary,100,bot_186,3204,b,36,40.16,25,61.43,61,-0.43,0
e1-100,binary,100,bot_186,3204,b,38,32.8,25,65.81,65,-0.81,0
e1-100,binary,100,bot_186,3204,b,40,31.76,25,73.34,71,-2.34,0
e1-100,binary,100,bot_186,3204,b,42,30.15,25,67.14,49,-18.14,0
e1-100,binary,100,bot_186,3204,b,44,26.74,25,69.56,54,-15.56,0
e1-100,binary,100,bot_186,3204,b,46,23.65,25,72.77,52,-20.77,0
e1-100,binary,100,bot_186,3204,b,48,16.46,25,64.5,35,-29.5,0
e1-100,binary,100,bot_186,3204,b,50,10.6,25,64.2,37,-27.2,0
e1-100,binary,100,bot_186,3204,b,52,5.63,25,76.91,43,-33.91,0
e1-100,binary,100,bot_186,3204,b,54,1.89,25,63.3,26,-37.3,0
e1-100,binary,100,bot_186,3204,b,56,1.74,25,70.95,33,-37.95,0
e1-100,binary,100,bot_186,3204,b,58,12.14,25,79.58,43,-36.58,0
e1-100,binary,100,bot_186,3204,b,60,2.15,25,82.73,45,-37.73,0
e1-100,binary,100,bot_187,3205,w,1,77.56,25,95.32,129,33.68,0
e1-100,binary,100,bot_187,3205,w,3,52.67,25,75.72,114,38.28,0
e1-100,binary,100,bot_187,3205,w,5,69.87,25,134.02,157,22.98,0
e1-100,binary,100,bot_187,3205,w,7,50.13,25,122.97,141,18.03,0
e1-100,binary,100,bot_187,3205,w,9,70.92,25,133.13,151,17.87,0
e1-100,binary,100,bot_187,3205,w,11,41.76,25,90.61,92,1.39,0
e1-100,binary,100,bot_187,3205,w,13,52.63,25,93.3,96,2.7,0
e1-100,binary,100,bot_187,3205,w,15,30.84,25,114.31,113,-1.31,0
e1-100,binary,100,bot_187,3205,w,17,35.38,25,98.64,98,-0.64,0
e1-100,binary,100,bot_187,3205,w,19,10.78,25,114.34,115,0.66,0
e1-100,binary,100,bot_187,3205,w,21,56.48,25,92.87,139,46.13,0
e1-100,binary,100,bot_187,3205,w,23,41.03,25,93.02,108,14.98,0
e1-100,binary,100,bot_187,3205,w,25,27.36,25,96.88,111,14.12,0
e1-100,binary,100,bot_187,3205,w,27,19.62,25,90.45,82,-8.45,0
e1-100,binary,100,bot_187,3205,w,29,67.75,25,95.86,84,-11.86,0
e1-100,binary,100,bot_187,3205,w,31,12.33,25,108.22,90,-18.22,0
e1-100,binary,100,bot_187,3205,w,33,8.84,25,132.43,116,-16.43,0
e1-100,binary,100,bot_187,3205,w,35,41.29,25,60.13,78,17.87,0
e1-100,binary,100,bot_187,3205,w,37,34.02,25,64.66,76,11.34,0
e1-100,binary,100,bot_187,3205,w,39,33.51,25,71.73,82,10.27,0
e1-100,binary,100,bot_187,3205,w,41,31.11,25,65.97,61,-4.97,0
e1-100,binary,100,bot_187,3205,w,43,28.49,25,67.6,64,-3.6,0
e1-100,binary,100,bot_187,3205,w,45,26.8,25,69.11,62,-7.11,0
e1-100,binary,100,bot_187,3205,w,47,17.77,25,62.47,46,-16.47,0
e1-100,binary,100,bot_187,3205,w,49,10.69,25,64.26,50,-14.26,0
e1-100,binary,100,bot_187,3205,w,51,9.66,25,72.63,51,-21.63,0
e1-100,binary,100,bot_187,3205,w,53,4.45,25,59.98,33,-26.98,0
e1-100,binary,100,bot_187,3205,w,55,5.06,25,67.56,40,-27.56,0
e1-100,binary,100,bot_187,3205,w,57,8.28,25,74.76,51,-23.76,0
e1-100,binary,100,bot_187,3205,w,59,8.29,25,75.6,52,-23.6,0
e1-100,binary,100,bot_188,3205,b,2,76.6,25,97.06,130,32.94,0
e1-100,binary,100,bot_188,3205,b,4,63.38,25,100.81,109,8.19,0
e1-100,binary,100,bot_188,3205,b,6,57.57,25,85.07,109,23.93,0
e1-100,binary,100,bot_188,3205,b,8,57.4,25,106.39,110,3.61,0
e1-100,binary,100,bot_188,3205,b,10,41.6,25,123.48,150,26.52,0
e1-100,binary,100,bot_188,3205,b,12,42.43,25,104.18,100,-4.18,0
e1-100,binary,100,bot_188,3205,b,14,39.18,25,111.72,118,6.28,0
e1-100,binary,100,bot_188,3205,b,16,39.51,25,127.17,113,-14.17,0
e1-100,binary,100,bot_188,3205,b,18,40.8,25,121.86,112,-9.86,0
e1-100,binary,100,bot_188,3205,b,20,76.71,25,178.35,143,-35.35,0
e1-100,binary,100,bot_188,3205,b,22,45.16,25,84.08,106,21.92,0
e1-100,binary,100,bot_188,3205,b,24,45.1,25,115.67,122,6.33,0
e1-100,binary,100,bot_188,3205,b,26,21.33,25,95.05,88,-7.05,0
e1-100,binary,100,bot_188,3205,b,28,20.83,25,89.36,74,-15.36,0
e1-100,binary,100,bot_188,3205,b,30,12.96,25,55.87,88,32.13,0
e1-100,binary,100,bot_188,3205,b,32,14.41,25,101.04,78,-23.04,0
e1-100,binary,100,bot_188,3205,b,34,48.85,25,126.92,102,-24.92,0
e1-100,binary,100,bot_188,3205,b,36,41.85,25,67.95,75,7.05,0
e1-100,binary,100,bot_188,3205,b,38,41.27,25,62.76,61,-1.76,0
e1-100,binary,100,bot_188,3205,b,40,25.4,25,78.89,77,-1.89,0
e1-100,binary,100,bot_188,3205,b,42,27.46,25,72.48,69,-3.48,0
e1-100,binary,100,bot_188,3205,b,44,23.88,25,76.6,71,-5.6,0
e1-100,binary,100,bot_188,3205,b,46,13.26,25,64.43,57,-7.43,0
e1-100,binary,100,bot_188,3205,b,48,16.83,25,61.76,46,-15.76,0
e1-100,binary,100,bot_188,3205,b,50,8.6,25,65.76,41,-24.76,0
e1-100,binary,100,bot_188,3205,b,52,3.52,25,62.51,37,-25.51,0
e1-100,binary,100,bot_188,3205,b,54,3.89,25,55.04,24,-31.04,0
e1-100,binary,100,bot_188,3205,b,56,7.81,25,74.06,45,-29.06,0
e1-100,binary,100,bot_188,3205,b,58,8.29,25,69.44,42,-27.44,0
e1-100,binary,100,bot_188,3205,b,60,2.07,25,67.4,40,-27.4,0
e1-100,binary,100,bot_189,3206,w,1,78.54,25,95.2,150,54.8,0
e1-100,binary,100,bot_189,3206,w,3,70.4,25,92.96,113,20.04,0
e1-100,binary,100,bot_189,3206,w,5,64.16,25,77.88,118,40.12,0
e1-100,binary,100,bot_189,3206,w,7,65.19,25,97.83,120,22.17,0
e1-100,binary,100,bot_189,3206,w,9,49.89,25,115.47,159,43.53,0
e1-100,binary,100,bot_189,3206,w,11,54.24,25,92.25,103,10.75,0
e1-100,binary,100,bot_189,3206,w,13,46.16,25,105.11,128,22.89,0
e1-100,binary,100,bot_189,3206,w,15,45.56,25,121.54,124,2.46,0
e1-100,binary,100,bot_189,3206,w,17,49.17,25,112.54,116,3.46,0
e1-100,binary,100,bot_189,3206,w,19,17.72,25,172.33,155,-17.33,0
e1-100,binary,100,bot_189,3206,w,21,8.86,25,130.14,120,-10.14,0
e1-100,binary,100,bot_189,3206,w,23,58.66,25,101.16,127,25.84,0
e1-100,binary,100,bot_189,3206,w,25,29.06,25,87.36,97,9.64,0
e1-100,binary,100,bot_189,3206,w,27,26.76,25,82.97,81,-1.97,0
e1-100,binary,100,bot_189,3206,w,29,23.63,25,108.15,88,-20.15,0
e1-100,binary,100,bot_189,3206,w,31,16.65,25,98.46,86,-12.46,0
e1-100,binary,100,bot_189,3206,w,33,10.46,25,122.53,107,-15.53,0
e1-100,binary,100,bot_189,3206,w,35,44.9,25,65.2,85,19.8,0
e1-100,binary,100,bot_189,3206,w,37,46.14,25,57.53,65,7.47,0
e1-100,binary,100,bot_189,3206,w,39,30.78,25,73.73,81,7.27,0
e1-100,binary,100,bot_189,3206,w,41,31.09,25,69.14,74,4.86,0
e1-100,binary,100,bot_189,3206,w,43,30.42,25,69.9,72,2.1,0
e1-100,binary,100,bot_189,3206,w,45,15.11,25,62.55,64,1.45,0
e1-100,binary,100,bot_189,3206,w,47,18.56,25,60.23,49,-11.23,0
e1-100,binary,100,bot_189,3206,w,49,10.89,25,63.27,50,-13.27,0
e1-100,binary,100,bot_189,3206,w,51,5.22,25,61.18,48,-13.18,0
e1-100,binary,100,bot_189,3206,w,53,2.53,25,53.62,34,-19.62,0
e1-100,binary,100,bot_189,3206,w,55,9.11,25,72.82,52,-20.82,0
e1-100,binary,100,bot_189,3206,w,57,12.97,25,64.51,48,-16.51,0
e1-100,binary,100,bot_189,3206,w,59,5.7,25,68.34,46,-22.34,0
e1-100,binary,100,bot_190,3206,b,2,55.86,25,72.75,110,37.25,0
e1-100,binary,100,bot_190,3206,b,4,76.76,25,127.59,155,27.41,0
e1-100,binary,100,bot_190,3206,b,6,59.01,25,114.57,137,22.43,0
e1-100,binary,100,bot_190,3206,b,8,80.51,25,123.66,148,24.34,0
e1-100,binary,100,bot_190,3206,b,10,47.79,25,84.88,93,8.12,0
e1-100,binary,100,bot_190,3206,b,12,60.21,25,85.24,97,11.76,0
e1-100,binary,100,bot_190,3206,b,14,39.79,25,105.13,109,3.87,0
e1-100,binary,100,bot_190,3206,b,16,40.07,25,94.11,97,2.89,0
e1-100,binary,100,bot_190,3206,b,18,20.55,25,104.93,113,8.07,0
e1-100,binary,100,bot_190,3206,b,20,17.34,25,137.08,122,-15.08,0
e1-100,binary,100,bot_190,3206,b,22,55.02,25,129.17,105,-24.17,0
e1-100,binary,100,bot_190,3206,b,24,39.22,25,85.76,110,24.24,0
e1-100,binary,100,bot_190,3206,b,26,27.42,25,82.62,79,-3.62,0
e1-100,binary,100,bot_190,3206,b,28,8.44,25,93.09,87,-6.09,0
e1-100,binary,100,bot_190,3206,b,30,15.98,25,104.6,96,-8.6,0
e1-100,binary,100,bot_190,3206,b,32,13.2,25,128.19,111,-17.19,0
e1-100,binary,100,bot_190,3206,b,34,48.35,25,95.75,73,-22.75,0
e1-100,binary,100,bot_190,3206,b,36,36.33,25,62.4,74,11.6,0
e1-100,binary,100,bot_190,3206,b,38,37.16,25,68.1,82,13.9,0
e1-100,binary,100,bot_190,3206,b,40,34.24,25,62.76,61,-1.76,0
e1-100,binary,100,bot_190,3206,b,42,31.01,25,65,64,-1,0
e1-100,binary,100,bot_190,3206,b,44,30.76,25,65.28,63,-2.28,0
e1-100,binary,100,bot_190,3206,b,46,18.15,25,62.13,45,-17.13,0
e1-100,binary,100,bot_190,3206,b,48,15.62,25,59.27,44,-15.27,0
e1-100,binary,100,bot_190,3206,b,50,16.91,25,65.31,44,-21.31,0
e1-100,binary,100,bot_190,3206,b,52,8.91,25,55.51,28,-27.51,0
e1-100,binary,100,bot_190,3206,b,54,7.93,25,67.28,37,-30.28,0
e1-100,binary,100,bot_190,3206,b,56,11.63,25,71.4,48,-23.4,0
e1-100,binary,100,bot_190,3206,b,58,6.2,25,72.37,53,-19.37,0
e1-100,binary,100,bot_190,3206,b,60,4.03,25,69,41,-28,0
e1-100,binary,100,bot_191,3207,w,1,58.73,25,70.29,120,49.71,0
e1-100,binary,100,bot_191,3207,w,3,82.37,25,122.04,149,26.96,0
e1-100,binary,100,bot_191,3207,w,5,64.91,25,108.94,130,21.06,0
e1-100,binary,100,bot_191,3207,w,7,83.96,25,120.15,142,21.85,0
e1-100,binary,100,bot_191,3207,w,9,50.89,25,81.78,89,7.22,0
e1-100,binary,100,bot_191,3207,w,11,62.14,25,83,98,15,0
e1-100,binary,100,bot_191,3207,w,13,42.51,25,102.02,106,3.98,0
e1-100,binary,100,bot_191,3207,w,15,41.9,25,92.92,94,1.08,0
e1-100,binary,100,bot_191,3207,w,17,26.32,25,99.62,108,8.38,0
e1-100,binary,100,bot_191,3207,w,19,20.32,25,134.26,122,-12.26,0
e1-100,binary,100,bot_191,3207,w,21,10.37,25,125.5,103,-22.5,0
e1-100,binary,100,bot_191,3207,w,23,59.09,25,126.21,101,-25.21,0
e1-100,binary,100,bot_191,3207,w,25,32.23,25,77.83,75,-2.83,0
e1-100,binary,100,bot_191,3207,w,27,13.26,25,87.95,83,-4.95,0
e1-100,binary,100,bot_191,3207,w,29,19.72,25,118.03,90,-28.03,0
e1-100,binary,100,bot_191,3207,w,31,17.06,25,124.48,107,-17.48,0
e1-100,binary,100,bot_191,3207,w,33,6.24,25,93.12,70,-23.12,0
e1-100,binary,100,bot_191,3207,w,35,37.86,25,61.47,77,15.53,0
e1-100,binary,100,bot_191,3207,w,37,40.08,25,65.28,77,11.72,0
e1-100,binary,100,bot_191,3207,w,39,36.01,25,60.76,59,-1.76,0
e1-100,binary,100,bot_191,3207,w,41,32.66,25,63.13,61,-2.13,0
e1-100,binary,100,bot_191,3207,w,43,1.82,25,67.81,38,-29.81,0
e1-100,binary,100,bot_191,3207,w,45,2.73,25,80.31,49,-31.31,0
e1-100,binary,100,bot_191,3207,w,47,0.91,25,74.56,43,-31.56,0
e1-100,binary,100,bot_191,3207,w,49,1.59,25,86.01,51,-35.01,0
e1-100,binary,100,bot_191,3207,w,51,12.56,25,84.66,51,-33.66,0
e1-100,binary,100,bot_191,3207,w,53,3.73,25,66.26,34,-32.26,0
e1-100,binary,100,bot_191,3207,w,55,12.87,25,70.22,45,-25.22,0
e1-100,binary,100,bot_191,3207,w,57,8.13,25,80.81,50,-30.81,0
e1-100,binary,100,bot_191,3207,w,59,4.44,25,71.64,40,-31.64,0
e1-100,binary,100,bot_192,3207,b,2,73.63,25,89.82,110,20.18,0
e1-100,binary,100,bot_192,3207,b,4,66.27,25,75.7,119,43.3,0
e1-100,binary,100,bot_192,3207,b,6,66.85,25,96.13,122,25.87,0
e1-100,binary,100,bot_192,3207,b,8,53.96,25,111.63,158,46.37,0
e1-100,binary,100,bot_192,3207,b,10,60.01,25,86.49,100,13.51,0
e1-100,binary,100,bot_192,3207,b,12,49.22,25,102.13,126,23.87,0
e1-100,binary,100,bot_192,3207,b,14,47.69,25,119.26,124,4.74,0
e1-100,binary,100,bot_192,3207,b,16,55.48,25,105.9,109,3.1,0
e1-100,binary,100,bot_192,3207,b,18,24.85,25,164.92,153,-11.92,0
e1-100,binary,100,bot_192,3207,b,20,12.69,25,126.5,117,-9.5,0
e1-100,binary,100,bot_192,3207,b,22,11.14,25,136.76,116,-20.76,0
e1-100,binary,100,bot_192,3207,b,24,32.95,25,83.49,112,28.51,0
e1-100,binary,100,bot_192,3207,b,26,30.76,25,78.9,80,1.1,0
e1-100,binary,100,bot_192,3207,b,28,9,25,106.26,89,-17.26,0
e1-100,binary,100,bot_192,3207,b,30,18.41,25,96.65,87,-9.65,0
e1-100,binary,100,bot_192,3207,b,32,12.91,25,120.11,108,-12.11,0
e1-100,binary,100,bot_192,3207,b,34,50.94,25,103.22,78,-25.22,0
e1-100,binary,100,bot_192,3207,b,36,49.05,25,54.55,62,7.45,0
e1-100,binary,100,bot_192,3207,b,38,33.71,25,70.8,80,9.2,0
e1-100,binary,100,bot_192,3207,b,40,33.26,25,67.06,73,5.94,0
e1-100,binary,100,bot_192,3207,b,42,5.8,25,67.41,70,2.59,0
e1-100,binary,100,bot_192,3207,b,44,4.61,25,92.31,63,-29.31,0
e1-100,binary,100,bot_192,3207,b,46,4.28,25,74.16,46,-28.16,0
e1-100,binary,100,bot_192,3207,b,48,1.26,25,61.05,32,-29.05,0
e1-100,binary,100,bot_192,3207,b,50,1.95,25,69.68,40,-29.68,0
e1-100,binary,100,bot_192,3207,b,52,3.81,25,52.33,34,-18.33,0
e1-100,binary,100,bot_192,3207,b,54,10.91,25,76.18,49,-27.18,0
e1-100,binary,100,bot_192,3207,b,56,4.45,25,62.71,45,-17.71,0
e1-100,binary,100,bot_192,3207,b,58,5.62,25,65.39,43,-22.39,0
e1-100,binary,100,bot_192,3207,b,60,2.9,25,78.1,51,-27.1,0
e1-100,binary,100,bot_193,3208,w,1,74.23,25,89.17,110,20.83,0
e1-100,binary,100,bot_193,3208,w,3,67.07,25,74.77,112,37.23,0
e1-100,binary,100,bot_193,3208,w,5,67.7,25,95.39,114,18.61,0
e1-100,binary,100,bot_193,3208,w,7,55.32,25,110.56,148,37.44,0
e1-100,binary,100,bot_193,3208,w,9,61.34,25,85.21,90,4.79,0
e1-100,binary,100,bot_193,3208,w,11,50.93,25,100.56,117,16.44,0
e1-100,binary,100,bot_193,3208,w,13,49.32,25,117.69,115,-2.69,0
e1-100,binary,100,bot_193,3208,w,15,57.84,25,103.36,98,-5.36,0
e1-100,binary,100,bot_193,3208,w,17,27.47,25,162.04,142,-20.04,0
e1-100,binary,100,bot_193,3208,w,19,14.57,25,124.58,108,-16.58,0
e1-100,binary,100,bot_193,3208,w,21,13.82,25,134.05,108,-26.05,0
e1-100,binary,100,bot_193,3208,w,23,42.03,25,120.5,98,-22.5,0
e1-100,binary,100,bot_193,3208,w,25,32.17,25,77.41,73,-4.41,0
e1-100,binary,100,bot_193,3208,w,27,11.01,25,103.54,80,-23.54,0
e1-100,binary,100,bot_193,3208,w,29,19.77,25,95.08,80,-15.08,0
e1-100,binary,100,bot_193,3208,w,31,15.15,25,117.9,100,-17.9,0
e1-100,binary,100,bot_193,3208,w,33,6.33,25,101.84,72,-29.84,0
e1-100,binary,100,bot_193,3208,w,35,55.37,25,100.53,68,-32.53,0
e1-100,binary,100,bot_193,3208,w,37,35.04,25,69.59,75,5.41,0
e1-100,binary,100,bot_193,3208,w,39,35.1,25,65.5,66,0.5,0
e1-100,binary,100,bot_193,3208,w,41,6.98,25,66.23,62,-4.23,0
e1-100,binary,100,bot_193,3208,w,43,5.71,25,91.15,57,-34.15,0
e1-100,binary,100,bot_193,3208,w,45,6.45,25,71.7,38,-33.7,0
e1-100,binary,100,bot_193,3208,w,47,3.17,25,59.21,24,-35.21,0
e1-100,binary,100,bot_193,3208,w,49,3.46,25,68.17,34,-34.17,0
e1-100,binary,100,bot_193,3208,w,51,6.69,25,59.47,26,-33.47,0
e1-100,binary,100,bot_193,3208,w,53,13.97,25,72.77,40,-32.77,0
e1-100,binary,100,bot_193,3208,w,55,8.08,25,58.98,36,-22.98,0
e1-100,binary,100,bot_193,3208,w,57,9.64,25,61.32,36,-25.32,0
e1-100,binary,100,bot_193,3208,w,59,7.04,25,74.45,42,-32.45,0
e1-100,binary,100,bot_194,3208,b,2,85.01,25,119.91,163,43.09,0
e1-100,binary,100,bot_194,3208,b,4,67.47,25,106.3,143,36.7,0
e1-100,binary,100,bot_194,3208,b,6,85.83,25,118.21,155,36.79,0
e1-100,binary,100,bot_194,3208,b,8,52.2,25,80.46,105,24.54,0
e1-100,binary,100,bot_194,3208,b,10,64.17,25,80.88,111,30.12,0
e1-100,binary,100,bot_194,3208,b,12,45.72,25,98.75,119,20.25,0
e1-100,binary,100,bot_194,3208,b,14,43.26,25,91.57,110,18.43,0
e1-100,binary,100,bot_194,3208,b,16,28.29,25,97.74,124,26.26,0
e1-100,binary,100,bot_194,3208,b,18,10.43,25,133.1,130,-3.1,0
e1-100,binary,100,bot_194,3208,b,20,12.07,25,123.8,106,-17.8,0
e1-100,binary,100,bot_194,3208,b,22,15.45,25,123.77,105,-18.77,0
e1-100,binary,100,bot_194,3208,b,24,33.37,25,76.74,86,9.26,0
e1-100,binary,100,bot_194,3208,b,26,14.58,25,86.65,86,-0.65,0
e1-100,binary,100,bot_194,3208,b,28,21.75,25,116.5,94,-22.5,0
e1-100,binary,100,bot_194,3208,b,30,20.15,25,121.44,108,-13.44,0
e1-100,binary,100,bot_194,3208,b,32,9.29,25,90.05,72,-18.05,0
e1-100,binary,100,bot_194,3208,b,34,6.01,25,86.77,61,-25.77,0
e1-100,binary,100,bot_194,3208,b,36,43.13,25,62.23,84,21.77,0
e1-100,binary,100,bot_194,3208,b,38,38.64,25,58.03,60,1.97,0
e1-100,binary,100,bot_194,3208,b,40,33.97,25,61.76,64,2.24,0
e1-100,binary,100,bot_194,3208,b,42,3.21,25,66.45,40,-26.45,0
e1-100,binary,100,bot_194,3208,b,44,3.97,25,79.07,52,-27.07,0
e1-100,binary,100,bot_194,3208,b,46,2.31,25,73.27,47,-26.27,0
e1-100,binary,100,bot_194,3208,b,48,3.08,25,84.51,54,-30.51,0
e1-100,binary,100,bot_194,3208,b,50,4.62,25,82.65,54,-28.65,0
e1-100,binary,100,bot_194,3208,b,52,5.24,25,64.77,38,-26.77,0
e1-100,binary,100,bot_194,3208,b,54,15.73,25,67.38,49,-18.38,0
e1-100,binary,100,bot_194,3208,b,56,12.3,25,76.7,52,-24.7,0
e1-100,binary,100,bot_194,3208,b,58,6.14,25,69.47,45,-24.47,0
e1-100,binary,100,bot_194,3208,b,60,2.61,25,73.59,49,-24.59,0
e1-100,binary,100,bot_195,3209,w,1,89.17,25,115.8,167,51.2,0
e1-100,binary,100,bot_195,3209,w,3,72.31,25,101.62,137,35.38,0
e1-100,binary,100,bot_195,3209,w,5,88.89,25,116.21,153,36.79,0
e1-100,binary,100,bot_195,3209,w,7,52.98,25,79.68,103,23.32,0
e1-100,binary,100,bot_195,3209,w,9,64.89,25,79.98,109,29.02,0
e1-100,binary,100,bot_195,3209,w,11,47.59,25,96.66,115,18.34,0
e1-100,binary,100,bot_195,3209,w,13,44.63,25,90.23,108,17.77,0
e1-100,binary,100,bot_195,3209,w,15,29.49,25,96.77,124,27.23,0
e1-100,binary,100,bot_195,3209,w,17,13.07,25,131.34,128,-3.34,0
e1-100,binary,100,bot_195,3209,w,19,70.35,25,65.24,96,30.76,0
e1-100,binary,100,bot_195,3209,w,21,52.99,25,82.2,125,42.8,0
e1-100,binary,100,bot_195,3209,w,23,27.15,25,65.54,89,23.46,0
e1-100,binary,100,bot_195,3209,w,25,19.05,25,86.38,89,2.62,0
e1-100,binary,100,bot_195,3209,w,27,17.26,25,103.19,98,-5.19,0
e1-100,binary,100,bot_195,3209,w,29,17.81,25,116.72,104,-12.72,0
e1-100,binary,100,bot_195,3209,w,31,7.3,25,112.64,97,-15.64,0
e1-100,binary,100,bot_195,3209,w,33,41.63,25,102.33,77,-25.33,0
e1-100,binary,100,bot_195,3209,w,35,30.64,25,68.5,76,7.5,0
e1-100,binary,100,bot_195,3209,w,37,31.56,25,72.04,61,-11.04,0
e1-100,binary,100,bot_195,3209,w,39,17.77,25,79.52,75,-4.52,0
e1-100,binary,100,bot_195,3209,w,41,7.39,25,70.8,51,-19.8,0
e1-100,binary,100,bot_195,3209,w,43,12.86,25,70.38,56,-14.38,0
e1-100,binary,100,bot_195,3209,w,45,10.49,25,61.68,42,-19.68,0
e1-100,binary,100,bot_195,3209,w,47,13.61,25,78.8,47,-31.8,0
e1-100,binary,100,bot_195,3209,w,49,14.64,25,72.05,46,-26.05,0
e1-100,binary,100,bot_195,3209,w,51,15.06,25,59.7,31,-28.7,0
e1-100,binary,100,bot_195,3209,w,53,24.58,25,58.52,41,-17.52,0
e1-100,binary,100,bot_195,3209,w,55,21.62,25,67.44,45,-22.44,0
e1-100,binary,100,bot_195,3209,w,57,11.92,25,62.89,44,-18.89,0
e1-100,binary,100,bot_195,3209,w,59,14,25,61.99,44,-17.99,0
e1-100,binary,100,bot_196,3209,b,2,68.78,25,73.64,125,51.36,0
e1-100,binary,100,bot_196,3209,b,4,70.59,25,92.12,125,32.88,0
e1-100,binary,100,bot_196,3209,b,6,57.32,25,108.67,158,49.33,0
e1-100,binary,100,bot_196,3209,b,8,62.41,25,84.13,99,14.87,0
e1-100,binary,100,bot_196,3209,b,10,51.91,25,99.6,126,26.4,0
e1-100,binary,100,bot_196,3209,b,12,51.63,25,115.47,125,9.53,0
e1-100,binary,100,bot_196,3209,b,14,60.3,25,100.85,107,6.15,0
e1-100,binary,100,bot_196,3209,b,16,30.13,25,159.29,150,-9.29,0
e1-100,binary,100,bot_196,3209,b,18,67.03,25,78.04,52,-26.04,0
e1-100,binary,100,bot_196,3209,b,20,80.2,25,66.72,99,32.28,0
e1-100,binary,100,bot_196,3209,b,22,59.62,25,72.8,87,14.2,0
e1-100,binary,100,bot_196,3209,b,24,38.84,25,72.36,60,-12.36,0
e1-100,binary,100,bot_196,3209,b,26,29.84,25,90.17,71,-19.17,0
e1-100,binary,100,bot_196,3209,b,28,22.95,25,91.53,70,-21.53,0
e1-100,binary,100,bot_196,3209,b,30,20.05,25,111.61,90,-21.61,0
e1-100,binary,100,bot_196,3209,b,32,10.49,25,93.44,62,-31.44,0
e1-100,binary,100,bot_196,3209,b,34,43.57,25,63.25,67,3.75,0
e1-100,binary,100,bot_196,3209,b,36,26.06,25,78.39,70,-8.39,0
e1-100,binary,100,bot_196,3209,b,38,30.44,25,80.58,73,-7.58,0
e1-100,binary,100,bot_196,3209,b,40,15.67,25,75.44,53,-22.44,0
e1-100,binary,100,bot_196,3209,b,42,22.33,25,88.05,57,-31.05,0
e1-100,binary,100,bot_196,3209,b,44,15.6,25,62.43,36,-26.43,0
e1-100,binary,100,bot_196,3209,b,46,4.08,25,57.73,30,-27.73,0
e1-100,binary,100,bot_196,3209,b,48,9.28,25,62.67,38,-24.67,0
e1-100,binary,100,bot_196,3209,b,50,7.37,25,53.97,29,-24.97,0
e1-100,binary,100,bot_196,3209,b,52,19.21,25,67.49,44,-23.49,0
e1-100,binary,100,bot_196,3209,b,54,13.71,25,53.31,40,-13.31,0
e1-100,binary,100,bot_196,3209,b,56,18.01,25,52.65,37,-15.65,0
e1-100,binary,100,bot_196,3209,b,58,18.02,25,64.2,38,-26.2,0
e1-100,binary,100,bot_196,3209,b,60,5.46,25,64.35,40,-24.35,0
e1-100,binary,100,bot_197,3210,w,1,72.18,25,70.72,132,61.28,0
e1-100,binary,100,bot_197,3210,w,3,71.2,25,91.51,122,30.49,0
e1-100,binary,100,bot_197,3210,w,5,58.71,25,107.83,155,47.17,0
e1-100,binary,100,bot_197,3210,w,7,63.66,25,82.92,94,11.08,0
e1-100,binary,100,bot_197,3210,w,9,52.28,25,99.29,123,23.71,0
e1-100,binary,100,bot_197,3210,w,11,52.69,25,114.55,121,6.45,0
e1-100,binary,100,bot_197,3210,w,13,62.04,25,98.92,101,2.08,0
e1-100,binary,100,bot_197,3210,w,15,32.16,25,157.05,144,-13.05,0
e1-100,binary,100,bot_197,3210,w,17,65.41,25,79.46,52,-27.46,0
e1-100,binary,100,bot_197,3210,w,19,78.32,25,68.55,94,25.45,0
e1-100,binary,100,bot_197,3210,w,21,58.19,25,74.13,84,9.88,0
e1-100,binary,100,bot_197,3210,w,23,36.93,25,74.24,57,-17.24,0
e1-100,binary,100,bot_197,3210,w,25,27.6,25,92.4,68,-24.4,0
e1-100,binary,100,bot_197,3210,w,27,21.03,25,93.46,66,-27.46,0
e1-100,binary,100,bot_197,3210,w,29,17,25,114.71,87,-27.71,0
e1-100,binary,100,bot_197,3210,w,31,59.41,25,96.47,61,-35.47,0
e1-100,binary,100,bot_197,3210,w,33,41.7,25,65.13,59,-6.13,0
e1-100,binary,100,bot_197,3210,w,35,24.17,25,80.25,67,-13.25,0
e1-100,binary,100,bot_197,3210,w,37,28.3,25,82.67,69,-13.67,0
e1-100,binary,100,bot_197,3210,w,39,12.46,25,78.68,51,-27.68,0
e1-100,binary,100,bot_197,3210,w,41,21.64,25,88.79,53,-35.79,0
e1-100,binary,100,bot_197,3210,w,43,10.94,25,67.21,36,-31.21,0
e1-100,binary,100,bot_197,3210,w,45,7,25,59.92,25,-34.92,0
e1-100,binary,100,bot_197,3210,w,47,6.98,25,64.96,33,-31.96,0
e1-100,binary,100,bot_197,3210,w,49,5.16,25,56.1,25,-31.1,0
e1-100,binary,100,bot_197,3210,w,51,16.77,25,69.94,41,-28.94,0
e1-100,binary,100,bot_197,3210,w,53,11.91,25,55.08,37,-18.08,0
e1-100,binary,100,bot_197,3210,w,55,15.32,25,55.36,34,-21.36,0
e1-100,binary,100,bot_197,3210,w,57,15.01,25,67.31,34,-33.31,0
e1-100,binary,100,bot_197,3210,w,59,3.4,25,66.43,36,-30.43,0
e1-100,binary,100,bot_198,3210,b,2,73.84,25,100.07,122,21.93,0
e1-100,binary,100,bot_198,3210,b,4,90.74,25,113.96,135,21.04,0
e1-100,binary,100,bot_198,3210,b,6,54.29,25,78.36,87,8.64,0
e1-100,binary,100,bot_198,3210,b,8,65.96,25,78.83,92,13.17,0
e1-100,binary,100,bot_198,3210,b,10,49.14,25,95.08,97,1.92,0
e1-100,binary,100,bot_198,3210,b,12,45.5,25,89.41,91,1.59,0
e1-100,binary,100,bot_198,3210,b,14,30.27,25,96.07,107,10.93,0
e1-100,binary,100,bot_198,3210,b,16,15.44,25,130.05,112,-18.05,0
e1-100,binary,100,bot_198,3210,b,18,67.12,25,68.71,86,17.29,0
e1-100,binary,100,bot_198,3210,b,20,51.82,25,83.61,114,30.39,0
e1-100,binary,100,bot_198,3210,b,22,25.69,25,67.01,77,9.99,0
e1-100,binary,100,bot_198,3210,b,24,17.49,25,87.99,78,-9.99,0
e1-100,binary,100,bot_198,3210,b,26,15.07,25,105.4,86,-19.4,0
e1-100,binary,100,bot_198,3210,b,28,15.55,25,119.2,93,-26.2,0
e1-100,binary,100,bot_198,3210,b,30,6.03,25,113.64,83,-30.64,0
e1-100,binary,100,bot_198,3210,b,32,35.48,25,56.63,68,11.37,0
e1-100,binary,100,bot_198,3210,b,34,27.71,25,71.29,66,-5.29,0
e1-100,binary,100,bot_198,3210,b,36,28.45,25,75.32,51,-24.32,0
e1-100,binary,100,bot_198,3210,b,38,14.98,25,82.35,64,-18.35,0
e1-100,binary,100,bot_198,3210,b,40,5.55,25,72.61,37,-35.61,0
e1-100,binary,100,bot_198,3210,b,42,10.5,25,72.67,47,-25.67,0
e1-100,binary,100,bot_198,3210,b,44,7.25,25,64.68,27,-37.68,0
e1-100,binary,100,bot_198,3210,b,46,9.28,25,78.05,37,-41.05,0
e1-100,binary,100,bot_198,3210,b,48,11.71,25,75.21,35,-40.21,0
e1-100,binary,100,bot_198,3210,b,50,12.58,25,62.38,20,-42.38,0
e1-100,binary,100,bot_198,3210,b,52,22.86,25,60.31,30,-30.31,0
e1-100,binary,100,bot_198,3210,b,54,19.26,25,69.87,34,-35.87,0
e1-100,binary,100,bot_198,3210,b,56,10.02,25,64.76,32,-32.76,0
e1-100,binary,100,bot_198,3210,b,58,11.89,25,63.78,32,-31.78,0
e1-100,binary,100,bot_198,3210,b,60,5.38,25,58.79,15,-43.79,0
e1-100,binary,100,bot_199,3211,w,1,78.75,25,95.14,125,29.86,0
e1-100,binary,100,bot_199,3211,w,3,94.26,25,109.9,133,23.1,0
e1-100,binary,100,bot_199,3211,w,5,57.03,25,75.64,89,13.36,0
e1-100,binary,100,bot_199,3211,w,7,68.22,25,76.01,91,14.99,0
e1-100,binary,100,bot_199,3211,w,9,52.67,25,91.26,93,1.74,0
e1-100,binary,100,bot_199,3211,w,11,51.67,25,83.08,86,2.92,0
e1-100,binary,100,bot_199,3211,w,13,35.3,25,91.33,105,13.67,0
e1-100,binary,100,bot_199,3211,w,15,23.42,25,123.23,109,-14.23,0
e1-100,binary,100,bot_199,3211,w,17,64.25,25,71.6,87,15.4,0
e1-100,binary,100,bot_199,3211,w,19,50.12,25,85.3,113,27.7,0
e1-100,binary,100,bot_199,3211,w,21,24.21,25,68.5,77,8.5,0
e1-100,binary,100,bot_199,3211,w,23,17.18,25,88.23,73,-15.23,0
e1-100,binary,100,bot_199,3211,w,25,13.59,25,106.84,83,-23.84,0
e1-100,binary,100,bot_199,3211,w,27,12.76,25,122.03,91,-31.03,0
e1-100,binary,100,bot_199,3211,w,29,14.8,25,114.97,77,-37.97,0
e1-100,binary,100,bot_199,3211,w,31,34.24,25,57.87,55,-2.87,0
e1-100,binary,100,bot_199,3211,w,33,25.22,25,73.69,59,-14.69,0
e1-100,binary,100,bot_199,3211,w,35,25.73,25,78.11,50,-28.11,0
e1-100,binary,100,bot_199,3211,w,37,12.26,25,84.94,61,-23.94,0
e1-100,binary,100,bot_199,3211,w,39,16.11,25,75.48,34,-41.48,0
e1-100,binary,100,bot_199,3211,w,41,8.04,25,75.13,42,-33.12,0
e1-100,binary,100,bot_199,3211,w,43,6.58,25,69.22,26,-43.22,0
e1-100,binary,100,bot_199,3211,w,45,7.32,25,80.01,34,-46.01,0
e1-100,binary,100,bot_199,3211,w,47,9.54,25,77.43,34,-43.43,0
e1-100,binary,100,bot_199,3211,w,49,10.77,25,64.32,19,-45.32,0
e1-100,binary,100,bot_199,3211,w,51,21.32,25,61.84,29,-32.84,0
e1-100,binary,100,bot_199,3211,w,53,17.05,25,72.01,33,-39.01,0
e1-100,binary,100,bot_199,3211,w,55,8.57,25,66.18,29,-37.18,0
e1-100,binary,100,bot_199,3211,w,57,7.05,25,68.59,31,-37.59,0
e1-100,binary,100,bot_199,3211,w,59,1.79,25,62.68,15,-47.68,0
e1-100,binary,100,bot_200,3211,b,2,74.1,25,88.66,139,50.34,0
e1-100,binary,100,bot_200,3211,b,4,65.2,25,102.03,166,63.97,0
e1-100,binary,100,bot_200,3211,b,6,66.89,25,79.77,108,28.23,0
e1-100,binary,100,bot_200,3211,b,8,53.61,25,98.18,137,38.82,0
e1-100,binary,100,bot_200,3211,b,10,55.58,25,111.94,136,24.06,0
e1-100,binary,100,bot_200,3211,b,12,65.76,25,95.16,117,21.84,0
e1-100,binary,100,bot_200,3211,b,14,37.23,25,151.84,158,6.16,0
e1-100,binary,100,bot_200,3211,b,16,63.84,25,80.45,72,-8.45,0
e1-100,binary,100,bot_200,3211,b,18,76.36,25,70.56,101,30.44,0
e1-100,binary,100,bot_200,3211,b,20,57.04,25,74.99,92,17.01,0
e1-100,binary,100,bot_200,3211,b,22,33.77,25,77.48,69,-8.48,0
e1-100,binary,100,bot_200,3211,b,24,25.08,25,94.99,79,-15.99,0
e1-100,binary,100,bot_200,3211,b,26,17.77,25,96.8,78,-18.8,0
e1-100,binary,100,bot_200,3211,b,28,12,25,119.9,99,-20.9,0
e1-100,binary,100,bot_200,3211,b,30,46.35,25,99.35,81,-18.35,0
e1-100,binary,100,bot_200,3211,b,32,35.24,25,71.71,74,2.29,0
e1-100,binary,100,bot_200,3211,b,34,21.3,25,83.13,76,-7.13,0
e1-100,binary,100,bot_200,3211,b,36,24.77,25,86.21,79,-7.21,0
e1-100,binary,100,bot_200,3211,b,38,8.18,25,83.25,63,-20.25,0
e1-100,binary,100,bot_200,3211,b,40,16.58,25,80.3,64,-16.3,0
e1-100,binary,100,bot_200,3211,b,42,7.43,25,71.58,48,-23.58,0
e1-100,binary,100,bot_200,3211,b,44,3.58,25,58.88,32,-26.88,0
e1-100,binary,100,bot_200,3211,b,46,5.44,25,66.34,42,-24.34,0
e1-100,binary,100,bot_200,3211,b,48,3.69,25,57.4,34,-23.4,0
e1-100,binary,100,bot_200,3211,b,50,16.71,25,69.95,48,-21.95,0
e1-100,binary,100,bot_200,3211,b,52,10.19,25,56.9,46,-10.9,0
e1-100,binary,100,bot_200,3211,b,54,13.24,25,57.7,43,-14.7,0
e1-100,binary,100,bot_200,3211,b,56,10.95,25,71.5,47,-24.5,0
e1-100,binary,100,bot_200,3211,b,58,1.48,25,68.47,43,-25.47,0
e1-100,binary,100,bot_200,3211,b,60,1.82,25,58.09,27,-31.09,0
